roothog_id,n_proteins,n_taxa,taxa_list
801468,2230,77,"3055, 3218, 3635, 3659, 3702"
792940,504,21,"6239, 7227, 7955, 8355, 9031"
801484,300,23,"3055, 3702, 5518, 5691, 6239"
793104,208,27,"5062, 6239, 7227, 7955, 7998"
801531,168,21,"3635, 3702, 5664, 6239, 7227"
990642,158,59,"34, 435, 623, 1061, 1085"
802109,156,23,"3469, 3702, 3847, 3880, 4081"
793066,137,18,"5061, 6239, 7091, 7165, 7227"
792933,136,25,"5599, 6239, 7227, 7955, 7998"
1028112,123,21,"3635, 3702, 5691, 5759, 6239"
1027819,121,23,"3702, 5664, 6239, 7227, 7955"
1027301,120,33,"1587, 3702, 4577, 5702, 6239"
794303,116,10,"7227, 7955, 8030, 9606, 9823"
801946,111,10,"3702, 6239, 7165, 7227, 7955"
807520,111,24,"3702, 4787, 6239, 7227, 7955"
136254,106,1,36329
801563,104,15,"3702, 6239, 7227, 7955, 9606"
802052,102,22,"3635, 3702, 5759, 6239, 7227"
1027981,97,20,"3702, 5702, 6239, 7227, 7955"
1027835,94,29,"3055, 3635, 3702, 5664, 5702"
763064,88,2,"9606, 10090"
801582,81,28,"3055, 3702, 5061, 5823, 6239"
801918,81,18,"3635, 3702, 3847, 3885, 4097"
1027831,80,22,"3469, 3702, 4513, 4565, 4577"
792942,78,12,"6239, 7227, 7955, 9606, 9615"
793067,78,15,"6239, 7227, 7955, 9031, 9606"
801800,72,19,"3702, 4577, 6239, 7227, 7955"
802365,71,18,"3702, 5664, 5691, 5759, 6239"
801597,70,19,"3635, 3702, 4577, 7227, 8364"
793026,69,19,"5141, 6239, 7227, 7955, 8355"
1027603,66,20,"2271, 6239, 7227, 7955, 9031"
792948,65,16,"6239, 7091, 7227, 7955, 8030"
801521,62,16,"3702, 5664, 6239, 7227, 9606"
801549,61,15,"3635, 3702, 6239, 7227, 7955"
805347,61,15,"6239, 7227, 7955, 8022, 9031"
746845,60,11,"7955, 7998, 8030, 8128, 9031"
792971,60,13,"6239, 7227, 7955, 9606, 9913"
801852,59,14,"5476, 6239, 6622, 7227, 7955"
805156,59,14,"3702, 6239, 7227, 7955, 9031"
793002,56,8,"6239, 7955, 8355, 9031, 9103"
802070,56,20,"3635, 3702, 4577, 5759, 6239"
793048,56,11,"6239, 7227, 7955, 9606, 9913"
793167,55,12,"6239, 7227, 7955, 8030, 9031"
1028804,55,19,"3702, 5664, 5691, 6183, 6239"
802573,54,16,"1397, 3635, 3702, 5691, 6239"
802569,54,13,"3702, 4097, 6239, 7227, 9606"
792958,54,11,"6239, 7227, 7955, 9606, 9940"
802889,53,15,"3702, 5664, 6239, 7227, 7955"
802603,53,8,"3702, 44689, 227321, 237561, 284593"
793108,49,13,"6183, 6239, 7227, 7955, 8355"
1027309,48,35,"882, 1685, 3055, 3702, 5665"
1027400,48,30,"3055, 3702, 4577, 5061, 5702"
801785,47,15,"3702, 5037, 8355, 9606, 10090"
794261,47,9,"6239, 7227, 7955, 9606, 9913"
1027825,47,22,"882, 3702, 3988, 4081, 5702"
801650,47,13,"3702, 4577, 7227, 7955, 9606"
801610,46,17,"3702, 6239, 7227, 7955, 9031"
802864,46,20,"3702, 3988, 5082, 6239, 7227"
809042,44,14,"3702, 5911, 6239, 7091, 7227"
136325,44,1,36329
1027281,44,16,"3702, 6239, 7227, 9606, 10090"
803216,44,8,"6239, 7227, 7955, 9031, 9606"
803384,43,17,"3702, 6239, 7227, 9031, 9606"
801999,43,14,"3635, 3702, 6239, 7227, 9606"
802225,43,19,"3702, 3988, 4577, 5759, 6239"
801760,43,17,"3702, 4113, 6239, 7227, 7955"
792947,42,9,"6239, 7227, 9606, 10090, 10116"
802096,41,12,"3469, 3702, 4113, 5664, 7159"
801892,41,19,"3055, 3702, 4577, 5691, 6239"
801472,40,13,"3702, 5691, 6239, 7227, 7955"
801762,40,13,"3702, 7955, 9606, 10090, 10116"
801710,39,11,"3702, 6239, 7227, 9606, 10090"
789610,39,8,"6239, 7955, 9031, 9606, 10090"
793013,39,9,"6239, 7227, 7955, 7998, 9031"
801514,39,18,"3702, 5141, 5691, 6239, 7227"
801579,38,18,"3702, 3847, 4072, 4081, 4565"
792970,38,14,"6239, 7227, 7955, 7998, 9031"
1027386,38,20,"3635, 5661, 5702, 7227, 7955"
1027540,38,11,"3702, 6239, 7227, 7955, 9606"
778376,38,8,"6239, 7227, 7244, 7955, 8355"
804896,38,12,"3702, 6239, 7227, 9606, 9615"
805279,37,17,"3702, 4577, 5691, 6239, 6279"
403334,37,2,"284593, 559292"
802064,37,18,"3702, 5691, 6239, 7227, 7668"
801816,37,13,"7227, 7955, 9031, 9606, 9615"
731840,37,3,"9606, 10090, 10116"
793032,37,10,"6239, 7227, 7955, 9031, 9103"
802143,36,14,"3702, 6239, 7227, 7955, 8355"
801489,36,13,"3702, 6239, 7227, 8355, 9606"
1027422,36,20,"3702, 6239, 7227, 7955, 9031"
801485,35,15,"3635, 3702, 4081, 4577, 5061"
1027291,35,17,"882, 3702, 5664, 6238, 6239"
807509,35,7,"3702, 4577, 9606, 10090, 39947"
793269,35,13,"6239, 7227, 7955, 8030, 9031"
801706,35,10,"3702, 6239, 7227, 7955, 9606"
805243,35,10,"3702, 6239, 7159, 7227, 7955"
793051,34,10,"6239, 7227, 7955, 9031, 9606"
801487,34,19,"3635, 3702, 6239, 7227, 7955"
1027285,34,23,"3702, 4577, 6239, 7955, 9606"
801764,33,12,"3702, 6239, 7227, 9606, 10090"
802127,33,16,"3055, 3702, 3988, 6239, 6279"
793075,33,9,"4041, 6239, 7227, 7955, 9606"
793340,33,6,"7227, 7955, 8355, 9606, 10090"
803704,33,9,"6239, 7227, 7955, 9606, 9615"
802421,33,13,"3702, 6239, 7227, 7955, 9606"
1028705,32,9,"6239, 7227, 7955, 9606, 9913"
801642,31,12,"3702, 7070, 7165, 7227, 51351"
802214,31,16,"3702, 5664, 6239, 7227, 9606"
792950,31,12,"6239, 7227, 7955, 9031, 9606"
802165,31,14,"3702, 5664, 6239, 7227, 9031"
801848,31,12,"3702, 6239, 7227, 7955, 9606"
804434,31,11,"3702, 6239, 7227, 8355, 9606"
831465,31,9,"6239, 7227, 7955, 9031, 9606"
801877,30,6,"3702, 6239, 7955, 9606, 10090"
793209,30,8,"6239, 7227, 7955, 9606, 10090"
805789,30,10,"3702, 6239, 7227, 7955, 9606"
792959,30,12,"6239, 7227, 9606, 9913, 10090"
1028525,30,15,"3702, 4577, 5702, 6239, 7227"
802335,30,9,"3702, 5664, 6239, 7227, 9606"
801805,29,9,"3702, 9606, 9986, 10090, 10116"
778538,29,9,"6238, 6239, 7227, 7955, 8355"
792943,29,11,"6239, 7227, 7955, 8355, 9031"
1027288,29,17,"882, 3702, 6239, 7227, 7955"
777855,29,5,"6239, 7955, 9606, 10090, 10116"
793112,29,9,"6239, 7227, 7955, 9606, 10090"
803406,29,12,"3702, 6239, 7227, 7955, 9606"
793081,29,10,"6239, 7227, 9606, 9986, 10090"
793943,29,8,"6239, 7227, 7955, 7998, 9606"
802977,29,12,"3702, 6239, 7227, 7955, 9606"
811656,29,10,"3635, 3702, 7955, 9031, 9606"
793068,29,12,"6239, 7227, 8022, 9606, 9823"
1027421,29,13,"3702, 7227, 7955, 9606, 10090"
805822,29,13,"3702, 4577, 6239, 7227, 7955"
755418,28,7,"7955, 9031, 9606, 9615, 9913"
793231,28,6,"6239, 7227, 9606, 10090, 10116"
792962,28,6,"7227, 7955, 9606, 10090, 284812"
801973,28,15,"3702, 7227, 8355, 9031, 9606"
1027592,28,14,"3702, 6239, 7227, 7955, 7998"
793150,28,12,"6239, 7227, 7955, 8030, 8355"
801612,28,10,"3702, 6239, 7227, 7955, 9606"
803021,28,7,"2769, 3483, 3702, 4097, 227321"
1028372,27,13,"3702, 6239, 7227, 7955, 8355"
801648,27,11,"3702, 3880, 4081, 6239, 7227"
792972,27,11,"6239, 7227, 7955, 9031, 9606"
643048,27,1,7227
802051,27,12,"3635, 3702, 3880, 6239, 7227"
804850,27,11,"3702, 6239, 7227, 7955, 9606"
801821,27,17,"3055, 3218, 3702, 6239, 7227"
758622,27,6,"7955, 9031, 9606, 9823, 10090"
801631,26,16,"3702, 5691, 6239, 7227, 7955"
1027287,26,19,"3702, 6239, 7227, 8030, 8355"
801957,26,13,"3702, 6239, 7227, 7955, 8355"
778154,26,8,"4498, 6239, 7227, 7955, 8355"
801977,26,16,"3702, 4558, 5061, 6239, 7227"
814832,26,4,"3702, 39946, 39947, 49451"
1028632,26,18,"3635, 3702, 4577, 6239, 7227"
801779,26,12,"3702, 7227, 7955, 9031, 9606"
793056,26,11,"7227, 7955, 9606, 10090, 10116"
724096,26,2,"10090, 10116"
803398,26,11,"3702, 7227, 7955, 9606, 9925"
803365,25,12,"6239, 7091, 7227, 9606, 9913"
802134,25,15,"3702, 5664, 6239, 7091, 7227"
804980,25,7,"3702, 7227, 9606, 10090, 10116"
805099,25,6,"3702, 6239, 7227, 9606, 39946"
801880,25,11,"3702, 6239, 7227, 9606, 10090"
1027293,25,17,"2188, 3702, 5664, 6239, 7227"
802224,25,14,"6239, 7227, 7955, 9606, 9823"
1027748,25,13,"3702, 7227, 7955, 9031, 9606"
802609,25,11,"3702, 7955, 9606, 10090, 227321"
793299,25,12,"6183, 6239, 7227, 7955, 8030"
804612,25,12,"3702, 6239, 7227, 9031, 9606"
1027424,25,8,"6239, 7227, 7955, 9606, 9913"
804664,25,14,"3702, 4956, 7227, 9606, 148305"
803064,25,9,"3702, 6239, 7227, 7955, 9606"
777870,25,7,"7227, 7955, 9031, 9606, 9913"
795766,25,6,"6239, 7955, 9606, 9986, 10090"
804028,25,9,"7955, 8030, 9606, 9615, 9823"
801842,25,15,"3702, 4577, 6239, 7955, 9031"
809154,24,3,"9606, 10090, 10116"
793256,24,6,"6239, 7227, 7955, 9606, 10090"
801556,24,13,"3702, 4081, 4577, 7227, 9606"
803530,24,14,"3702, 3847, 3988, 6239, 7227"
795691,24,6,"6239, 7227, 7955, 9606, 10090"
801948,24,2,"3702, 39947"
803038,24,8,"3702, 7955, 9031, 9606, 10090"
1033128,24,10,"3702, 7227, 9031, 9606, 10090"
802949,24,11,"3702, 4577, 7955, 9606, 10090"
1029089,24,18,"3635, 3702, 4577, 6239, 7091"
1033999,24,7,"7955, 9606, 9913, 9986, 10090"
802596,24,13,"6239, 7227, 7955, 9606, 9913"
802382,24,12,"7227, 7955, 9031, 9606, 9685"
802943,24,11,"3702, 7227, 9606, 9986, 10090"
804277,23,9,"3702, 4577, 6239, 9031, 9606"
801639,23,7,"3702, 7227, 9606, 10090, 10116"
792977,23,7,"6239, 7227, 9606, 9913, 10090"
801867,23,12,"3702, 6239, 7227, 7955, 9606"
802249,23,10,"5664, 6239, 7227, 7955, 9031"
803076,23,13,"3702, 7227, 9606, 9913, 10090"
792989,23,10,"6239, 7227, 7955, 8355, 9606"
802409,23,10,"3702, 6239, 7227, 7955, 9031"
793263,23,8,"7227, 7955, 9606, 10090, 10116"
802754,23,8,"3702, 7955, 9606, 9823, 9913"
801647,23,13,"3702, 6239, 7227, 7955, 9606"
801700,23,12,"3702, 5061, 6239, 7227, 9606"
803371,23,10,"3702, 4081, 7227, 7955, 9606"
1027284,23,15,"3702, 5664, 6239, 7227, 9606"
1033343,23,9,"3702, 6239, 7227, 7955, 9606"
802055,23,11,"3702, 7227, 7955, 9031, 9606"
751335,23,3,"9606, 10090, 10116"
802524,23,10,"3702, 3880, 4577, 39947, 44689"
802469,23,15,"3702, 6239, 7227, 9031, 9606"
801665,23,13,"3702, 4113, 7227, 7955, 9031"
1027397,23,19,"3702, 5664, 6183, 7227, 7955"
802461,22,11,"3702, 7227, 7955, 9606, 10090"
793469,22,7,"6239, 7227, 7955, 9606, 9913"
802691,22,11,"3702, 6239, 7227, 9606, 10090"
793020,22,11,"6239, 7227, 7998, 9606, 10090"
801928,22,13,"3702, 5691, 6239, 7227, 9031"
1027253,22,12,"3702, 7227, 9606, 10090, 10116"
789365,22,6,"6239, 7227, 9606, 10090, 10116"
801602,22,5,"3702, 9606, 10090, 44689, 185431"
802298,22,11,"3702, 6239, 7227, 7955, 9606"
801822,22,12,"3702, 6239, 7227, 9606, 10090"
1030684,22,16,"5664, 6239, 7227, 9606, 10090"
1027419,22,13,"3702, 5759, 7227, 7955, 9606"
801815,22,12,"3702, 7227, 7955, 9031, 9606"
778509,22,7,"7955, 8355, 9606, 9823, 9986"
802203,22,12,"3702, 5664, 6239, 7227, 9606"
761223,22,7,"6239, 7227, 7955, 8355, 9606"
1028629,21,8,"6239, 7227, 7955, 9606, 9615"
804561,21,17,"3702, 5664, 6239, 7227, 7955"
802027,21,12,"3635, 3702, 4577, 6239, 7227"
790081,21,8,"7955, 9031, 9606, 9823, 9913"
793447,21,8,"6239, 7227, 7955, 8355, 9606"
793394,21,11,"6239, 7227, 7955, 9606, 9615"
801898,21,14,"3702, 6239, 7227, 7955, 8355"
621971,21,1,7227
801910,21,11,"3702, 6239, 7227, 7955, 9606"
803363,21,10,"3702, 7955, 9606, 10090, 10116"
813688,21,10,"3702, 3880, 7227, 7955, 7998"
795437,21,7,"6239, 7955, 9606, 10090, 10116"
802820,21,12,"3702, 6239, 7227, 9606, 10090"
802854,21,12,"6239, 7227, 9606, 9913, 10090"
806926,21,7,"6239, 7227, 7955, 8355, 9606"
802308,21,9,"3702, 4577, 6239, 7227, 9606"
802823,21,8,"3702, 6239, 7955, 9606, 10090"
171993,21,3,"3330, 3332, 3352"
802351,21,11,"3702, 5664, 6239, 7159, 7227"
804718,21,14,"3702, 4097, 5664, 7955, 9606"
802312,21,16,"3702, 6239, 7227, 7955, 9606"
789284,21,11,"6239, 7227, 7955, 8355, 9031"
780062,21,9,"7227, 7955, 8355, 9031, 9606"
793320,21,11,"6239, 7227, 7955, 9031, 9606"
58077,21,2,"5691, 185431"
1027381,21,15,"3702, 6239, 7227, 7955, 9606"
1028488,20,13,"3702, 7227, 7955, 9606, 10090"
803069,20,6,"7227, 7955, 9606, 9913, 10090"
801989,20,16,"3702, 6239, 7227, 7955, 8355"
810427,20,9,"6956, 7227, 7955, 9606, 10090"
802091,20,10,"3702, 6239, 7227, 7955, 9606"
1027255,20,11,"3702, 4081, 7955, 9606, 170187"
801945,20,13,"3702, 7227, 7955, 9606, 9615"
803324,20,9,"3702, 6239, 7227, 9606, 10090"
793062,20,16,"5062, 7227, 9031, 9606, 9796"
804677,20,13,"3702, 7227, 7955, 9606, 9986"
793137,20,7,"6239, 7227, 7955, 9606, 10090"
802593,20,10,"5691, 6239, 7227, 7998, 9031"
802398,20,13,"3702, 6239, 7227, 9606, 10029"
772616,20,7,"7955, 8030, 9606, 9823, 9986"
801723,20,11,"3702, 6239, 7227, 7955, 9606"
793157,20,8,"6239, 7227, 7955, 8355, 9031"
802606,20,9,"3702, 6239, 7227, 7955, 9031"
1029317,20,16,"3702, 6239, 7227, 9031, 9606"
802919,20,10,"3702, 6239, 7227, 7955, 9544"
751334,20,2,"9606, 10090"
1027312,20,13,"3702, 7227, 7955, 9606, 10090"
802849,20,9,"3702, 6239, 9031, 9606, 9913"
802206,20,6,"3702, 7227, 9606, 44689, 284812"
404613,20,3,"237561, 284593, 559292"
804597,20,15,"3702, 6239, 7227, 9606, 9615"
802034,19,12,"3702, 6239, 7227, 7955, 8030"
802157,19,14,"3702, 6239, 7227, 7955, 9031"
802077,19,10,"3702, 6239, 7227, 9606, 10090"
801902,19,10,"3702, 5664, 7955, 8355, 8364"
762001,19,6,"7955, 8355, 9031, 9606, 10090"
793956,19,7,"6239, 7227, 9606, 9913, 9986"
792951,19,7,"6239, 7227, 7955, 9606, 10090"
802236,19,8,"3702, 6239, 7227, 9606, 10090"
801507,19,11,"3702, 5061, 6239, 9606, 10090"
802310,19,13,"3702, 6239, 7227, 9606, 9913"
1029316,19,17,"3702, 4536, 4577, 6239, 7227"
806396,19,11,"3702, 6239, 7227, 9606, 9913"
1027548,19,14,"3702, 4577, 5664, 7227, 9606"
136401,19,1,36329
802679,19,8,"7227, 7955, 8355, 9606, 10116"
1027788,19,18,"7227, 9031, 9606, 10090, 10116"
1027769,19,13,"3702, 5664, 5691, 7227, 9606"
804954,19,12,"3702, 5664, 6239, 7227, 9606"
802348,19,9,"3702, 6239, 7227, 7955, 9606"
802322,19,9,"3702, 7227, 7955, 9031, 9606"
802328,19,12,"3702, 6239, 7227, 7955, 8355"
1033122,19,11,"3702, 3988, 9606, 9913, 10116"
1027578,19,7,"6239, 7227, 9606, 9913, 10090"
802181,19,9,"3702, 6239, 7227, 7955, 9606"
1027382,19,14,"3702, 5664, 5691, 7955, 9606"
803708,19,12,"7227, 9031, 9606, 9823, 10090"
990925,19,17,"71421, 93062, 160488, 160492, 169963"
793012,19,10,"6239, 7227, 7955, 9606, 10090"
1028318,19,9,"3702, 9031, 9606, 10090, 10116"
802592,19,11,"3702, 6239, 7227, 9031, 9606"
755569,19,7,"7955, 8355, 9544, 9606, 10090"
805484,19,6,"3702, 7227, 7955, 9606, 10090"
801726,19,11,"3702, 6239, 7227, 8355, 9606"
801690,19,11,"3702, 4577, 7227, 9606, 9913"
777846,19,7,"7227, 9031, 9606, 9823, 9913"
801970,19,13,"3702, 4577, 7227, 7955, 9606"
770308,18,10,"6239, 7227, 7955, 7998, 8030"
802015,18,15,"3702, 5664, 5823, 5849, 5850"
793553,18,5,"7227, 7955, 9606, 10090, 10116"
801663,18,12,"3702, 6239, 7227, 7955, 9606"
801914,18,8,"3702, 6239, 7227, 9606, 10090"
802003,18,14,"3702, 5691, 6239, 7227, 7955"
778189,18,2,"6239, 7227"
1027267,18,15,"3702, 7227, 7955, 9606, 9823"
1027319,18,13,"3702, 6239, 7227, 7955, 9606"
793648,18,8,"6239, 7227, 7955, 9606, 9615"
793181,18,8,"6239, 7227, 9606, 10090, 10116"
806750,18,5,"7955, 9606, 9913, 10090, 10116"
792984,18,8,"7227, 7955, 9606, 10090, 10116"
801941,18,9,"1848, 3702, 6239, 7227, 9606"
817621,18,8,"6239, 7227, 7955, 9031, 9606"
761248,18,6,"7955, 8355, 9031, 9606, 10090"
803332,18,10,"6239, 7227, 7955, 8355, 9606"
1027243,18,12,"3702, 5691, 7227, 9606, 9823"
821096,18,6,"6956, 7227, 9606, 10090, 10116"
758885,18,5,"7955, 9544, 9606, 10090, 10116"
804212,18,10,"3702, 6239, 7227, 7955, 9606"
1027409,18,14,"3635, 3702, 6239, 7227, 7955"
801704,18,12,"3702, 4577, 6239, 7227, 9606"
801707,18,11,"3702, 6239, 7091, 7227, 7955"
1027829,18,17,"3702, 6183, 6239, 7227, 9031"
801607,18,6,"3702, 9606, 10090, 185431, 284812"
793427,18,9,"6239, 7227, 7955, 8355, 9606"
802418,18,8,"3702, 7227, 9606, 10116, 36329"
802701,18,10,"3702, 6239, 7227, 9606, 9986"
802422,18,13,"3702, 6239, 7227, 7955, 9606"
1027307,18,15,"3702, 5691, 7227, 9606, 10090"
802229,18,9,"3702, 5664, 7227, 9606, 10090"
802550,18,7,"7227, 7955, 9606, 9913, 10090"
1028529,18,10,"3635, 3702, 3880, 7227, 9606"
805320,18,10,"3702, 6239, 7227, 7955, 9031"
771782,18,6,"7955, 9606, 9913, 9986, 10090"
1027627,18,13,"3702, 4081, 6239, 7227, 9606"
802750,18,4,"7955, 9606, 10090, 10116"
803040,18,7,"3702, 9606, 10090, 10116, 44689"
802247,18,14,"3702, 6239, 7227, 7955, 9606"
808156,18,11,"5062, 6239, 7227, 7955, 9606"
801824,18,9,"7227, 7955, 9606, 9823, 10090"
1027653,18,5,"7227, 9606, 10090, 10116, 542674"
801530,18,11,"3702, 6239, 7227, 9606, 9615"
802046,17,8,"3702, 6239, 7227, 9606, 10090"
818587,17,4,"7955, 9606, 10090, 10116"
804747,17,9,"3702, 7955, 9606, 9823, 10090"
805916,17,10,"3702, 6239, 7227, 7955, 9606"
801494,17,10,"3702, 4577, 7227, 7955, 9606"
802337,17,10,"3702, 6239, 9031, 9606, 9913"
801913,17,6,"6239, 7227, 7955, 9606, 9615"
403265,17,2,"284593, 559292"
1027262,17,8,"3702, 7227, 9606, 10090, 36329"
761039,17,5,"7227, 9031, 9606, 10090, 10116"
793892,17,6,"7227, 7955, 9031, 9606, 10090"
761410,17,7,"6239, 7955, 9031, 9606, 9823"
1034796,17,8,"7227, 7955, 9606, 9823, 9986"
793897,17,9,"6239, 7227, 7955, 9606, 9615"
803308,17,6,"6239, 7227, 7955, 9606, 10090"
801673,17,12,"3702, 6239, 7227, 7955, 9606"
801988,17,12,"3702, 6239, 7227, 7955, 9606"
801554,17,10,"3702, 6239, 7227, 7998, 9606"
1027286,17,10,"3702, 7227, 7955, 9606, 10090"
802686,17,8,"3702, 7955, 9606, 10090, 44689"
746896,17,6,"7998, 9031, 9606, 9823, 10090"
803121,17,8,"3702, 6239, 7227, 7955, 9606"
801868,17,7,"3702, 7955, 9606, 10090, 185431"
1033184,17,14,"3702, 5664, 6239, 7227, 9031"
802212,17,8,"7227, 9606, 10090, 10116, 185431"
736719,17,2,"9606, 10090"
804453,17,12,"3702, 5661, 6239, 7227, 9606"
801599,17,10,"3702, 4081, 6239, 9606, 9913"
801580,17,9,"3702, 5691, 7227, 9606, 10090"
1027410,17,12,"3702, 6239, 7227, 9606, 9913"
1028303,17,7,"3702, 7227, 9606, 10090, 10116"
1027411,17,12,"3702, 6239, 7227, 9606, 9913"
1027857,17,11,"3702, 4577, 6239, 7227, 9606"
801695,17,7,"7227, 8355, 9031, 9606, 10090"
728600,17,3,"9606, 10090, 10116"
1027294,17,13,"3702, 7227, 9606, 10090, 10116"
802466,17,10,"3702, 7227, 7955, 9606, 10090"
802137,17,8,"3702, 5691, 6239, 7227, 9606"
807664,17,7,"3635, 3702, 227321, 237561, 284593"
1033143,17,11,"7227, 9031, 9606, 9986, 10090"
801481,17,7,"3702, 7227, 7955, 9606, 10090"
1033103,17,10,"3702, 6239, 7955, 9606, 10090"
801605,17,9,"3702, 7227, 7955, 9606, 10090"
784348,17,8,"7227, 7955, 8355, 8364, 9606"
803182,16,8,"3702, 7955, 9606, 9913, 10090"
1027265,16,11,"3702, 7227, 7955, 9606, 10090"
801887,16,9,"3702, 6239, 7227, 7955, 9606"
1027305,16,14,"3702, 7227, 7955, 8355, 9606"
802004,16,9,"3702, 7227, 9606, 9913, 10090"
801960,16,9,"3702, 6239, 7227, 9031, 9606"
1027264,16,10,"3702, 6239, 7227, 9606, 10090"
1027278,16,9,"3702, 7227, 7955, 9606, 10090"
630313,16,2,"7227, 7240"
826528,16,5,"7955, 9031, 9606, 10090, 10116"
802499,16,10,"3702, 5664, 7227, 9606, 10090"
801654,16,9,"3702, 7227, 9606, 9615, 10090"
1027976,16,7,"3702, 44689, 237561, 284593, 284812"
739409,16,9,"7955, 7998, 8030, 8355, 9031"
792938,16,7,"6239, 7227, 8355, 9606, 9823"
801581,16,9,"3659, 3702, 7227, 7955, 9606"
789054,16,6,"7227, 7955, 9606, 10090, 10116"
1027752,16,6,"7227, 9606, 10090, 185431, 284812"
793372,16,4,"7227, 9606, 10090, 10116"
779995,16,7,"7227, 7955, 9031, 9606, 9823"
803046,16,12,"3055, 3702, 6239, 7227, 9606"
759259,16,5,"7955, 9606, 9823, 10090, 10116"
780064,16,7,"6239, 7227, 7955, 9103, 9606"
802166,16,10,"3702, 5664, 9031, 9606, 10090"
804288,16,8,"7227, 7955, 9031, 9606, 9913"
802510,16,8,"3702, 6239, 7227, 7955, 9606"
796303,16,6,"7227, 7955, 9606, 10090, 10116"
811314,16,3,"3635, 3702, 44689"
811696,16,7,"3702, 6239, 7227, 8355, 9606"
801833,16,10,"4097, 6239, 7955, 9606, 10090"
778530,16,8,"7955, 9031, 9103, 9606, 9796"
802531,16,12,"3702, 5874, 6239, 7227, 9606"
802507,16,10,"3702, 6239, 7227, 9606, 9823"
1027260,16,10,"3702, 7227, 9606, 10090, 10116"
988166,16,7,"10090, 71421, 75988, 83332, 83333"
805554,16,11,"3702, 6239, 7227, 7955, 9606"
789836,16,8,"6239, 7227, 7955, 9031, 9606"
789466,16,7,"7227, 7955, 8355, 9031, 9606"
1027363,16,9,"3702, 7227, 8355, 9606, 10090"
801671,16,11,"3702, 6239, 7227, 7955, 9606"
1027844,16,12,"3702, 6239, 7227, 9606, 9823"
802492,16,8,"3702, 6239, 7227, 9606, 10090"
802425,16,12,"3702, 6239, 7227, 9606, 10090"
802395,16,11,"3702, 6239, 7227, 9606, 9913"
790558,16,6,"6239, 7955, 9031, 9606, 10090"
804963,16,12,"3702, 4081, 4113, 7227, 10090"
1029088,16,12,"5664, 5823, 9031, 9606, 10090"
802366,16,3,"3702, 39947, 44689"
802280,16,8,"3702, 6239, 9606, 39947, 44689"
789285,16,5,"7227, 7955, 9606, 10090, 10116"
801729,16,9,"3702, 6239, 7227, 9606, 10090"
806030,16,8,"6239, 7227, 7955, 8355, 9606"
801738,16,11,"3702, 6239, 7227, 7955, 9606"
802218,16,10,"3702, 7227, 9606, 10090, 10116"
1027538,16,10,"3702, 6239, 9606, 44689, 185431"
801561,16,11,"3702, 7227, 9606, 9913, 10090"
745916,16,4,"7955, 9606, 10090, 10116"
1029705,16,11,"3702, 7227, 7955, 9606, 10090"
807608,16,9,"3702, 6239, 7227, 9606, 9913"
1029675,16,10,"882, 3702, 7227, 9606, 10090"
802272,16,10,"3702, 7227, 7955, 8355, 9606"
804822,16,12,"3702, 7227, 7955, 8355, 9606"
793140,16,8,"6239, 7955, 9606, 10090, 10116"
1027543,16,8,"3702, 5702, 7227, 9606, 10090"
803173,16,10,"3702, 6239, 7227, 7955, 9606"
1027277,16,9,"3702, 6239, 7227, 9606, 10090"
802124,16,14,"3702, 6239, 7227, 8355, 9606"
794378,16,4,"237561, 284593, 284812, 559292"
1027247,16,11,"3702, 7955, 9606, 10090, 10116"
803385,16,11,"3702, 3847, 4577, 7227, 9606"
802084,16,11,"3702, 7227, 7955, 9606, 10090"
801895,16,8,"6239, 7227, 9606, 9913, 10090"
802044,16,10,"3702, 6239, 7227, 7955, 9606"
1027250,16,12,"3702, 6239, 7227, 7955, 9606"
763598,15,4,"7955, 9606, 10090, 10116"
817237,15,7,"3311, 3352, 3635, 3694, 3702"
770202,15,5,"7955, 9031, 9606, 10090, 10116"
805041,15,11,"3702, 7227, 7955, 9606, 9823"
719662,15,1,10090
802112,15,10,"3702, 6239, 7227, 9606, 10090"
802155,15,13,"3702, 5664, 7227, 7955, 9606"
802153,15,9,"3702, 7227, 7955, 9606, 10090"
1033187,15,14,"3702, 5691, 6239, 7227, 9606"
792966,15,5,"6239, 7227, 9606, 10090, 284812"
1027274,15,12,"3702, 6239, 7227, 7955, 9606"
803281,15,11,"3702, 5702, 6239, 9606, 9940"
803403,15,7,"3702, 6239, 7955, 8355, 9606"
802319,15,9,"6239, 7227, 8022, 9601, 9606"
789153,15,6,"7955, 9031, 9606, 9913, 10090"
802921,15,8,"6239, 7227, 7955, 9606, 10090"
793262,15,9,"6239, 7227, 7955, 9606, 10090"
793225,15,6,"7227, 9606, 10090, 10116, 227321"
789206,15,6,"6239, 7955, 9031, 9606, 10090"
805911,15,11,"3702, 6239, 7227, 7955, 9606"
802886,15,6,"3702, 7227, 7955, 9606, 10090"
801532,15,11,"3702, 7227, 9606, 10090, 10116"
802852,15,8,"3702, 6239, 7227, 7955, 9606"
801520,15,9,"3702, 7227, 9606, 10090, 10116"
1027635,15,12,"3702, 6239, 7227, 9606, 9823"
802858,15,9,"3702, 6239, 7227, 7955, 9606"
793171,15,9,"6239, 7227, 7955, 9606, 10090"
793045,15,8,"6239, 7227, 9606, 10090, 10116"
793040,15,7,"7955, 8364, 9606, 10090, 10116"
801586,15,9,"3702, 5691, 7227, 7955, 9606"
804951,15,7,"3702, 9606, 10090, 10116, 39947"
801479,15,7,"3702, 6239, 7227, 9606, 10090"
804555,15,12,"3702, 7227, 7955, 8364, 9606"
990891,15,13,"387, 85963, 99287, 122586, 192222"
802873,15,8,"3702, 6239, 7227, 9606, 10090"
802959,15,8,"3702, 6239, 9606, 10116, 227321"
802642,15,10,"3702, 7955, 9606, 10029, 10090"
789259,15,7,"6239, 7227, 7955, 8355, 9606"
804272,15,7,"3702, 7227, 10090, 44689, 237561"
777987,15,5,"6239, 7227, 7955, 9606, 10090"
771190,15,5,"7955, 9031, 9606, 10090, 10116"
747467,15,6,"7955, 8022, 9031, 9606, 10090"
803087,15,12,"3702, 3880, 6239, 7227, 9031"
802631,15,9,"3702, 7227, 9606, 9913, 10090"
761138,15,5,"7227, 7955, 9606, 10090, 10116"
319152,15,2,"3702, 39947"
1027270,15,9,"3635, 3702, 7227, 7955, 9606"
1027833,15,7,"3702, 9606, 9823, 10090, 10116"
802572,15,10,"3702, 6239, 7227, 9606, 10090"
801645,15,9,"3702, 6239, 7227, 7955, 9606"
831937,15,7,"6239, 7227, 7955, 9606, 10090"
793363,15,8,"6239, 7227, 7955, 9606, 10090"
801501,15,9,"3702, 7227, 7955, 9606, 10090"
1027414,15,10,"3702, 3847, 4113, 7955, 9606"
1027295,15,11,"3702, 4577, 7227, 7955, 9606"
1027403,15,12,"3702, 6239, 7227, 7955, 9606"
1027416,15,12,"3702, 9031, 9606, 9913, 10090"
1027311,15,12,"3702, 7955, 9606, 9823, 10090"
1032582,15,13,"882, 3702, 7227, 9606, 9913"
802221,15,8,"3702, 9606, 9913, 10029, 10090"
780162,15,5,"6239, 7955, 9606, 10090, 10116"
802187,15,10,"3702, 7227, 9606, 10090, 185431"
795394,15,6,"6239, 7227, 7955, 9606, 10090"
802535,15,12,"3702, 5664, 6239, 7227, 7955"
792936,15,9,"6239, 7227, 9606, 10090, 10116"
805173,15,10,"3702, 5759, 6239, 7227, 9606"
747375,15,8,"7955, 9031, 9103, 9823, 9913"
801972,15,10,"3702, 6239, 7227, 9606, 10090"
802012,15,9,"3702, 7227, 9606, 10090, 36329"
801907,15,10,"3702, 7227, 7955, 9606, 10090"
777921,15,6,"7227, 7955, 8364, 9606, 10090"
801879,15,6,"3702, 6239, 7227, 7955, 9606"
1027266,15,12,"3702, 7227, 9606, 10090, 10116"
58757,14,1,185431
756317,14,4,"7955, 9606, 10090, 10116"
805963,14,6,"3702, 7227, 9606, 10090, 39947"
802375,14,13,"3702, 6239, 7227, 7955, 8355"
1028583,14,7,"3702, 9606, 10090, 10116, 39947"
314912,14,7,"3702, 4081, 4558, 4565, 4577"
802529,14,12,"3702, 3847, 4565, 8355, 9606"
778279,14,7,"6239, 7955, 8355, 9606, 9913"
293040,14,1,3702
815383,14,8,"7227, 7955, 9031, 9606, 10090"
1027276,14,10,"3702, 7227, 7955, 9606, 9615"
802594,14,8,"3702, 6239, 7227, 9606, 10090"
805190,14,13,"3702, 4097, 4577, 6239, 9606"
739094,14,7,"7955, 9031, 9606, 9615, 9913"
789447,14,6,"6239, 7227, 7955, 9606, 10090"
805765,14,9,"3702, 6239, 7227, 7955, 9606"
1027384,14,11,"3702, 7227, 9606, 10090, 10116"
803092,14,12,"3702, 6239, 7227, 9606, 10090"
1027269,14,10,"3702, 7227, 9606, 10090, 10116"
801774,14,10,"3702, 5691, 7227, 7955, 9606"
804281,14,5,"6239, 7227, 7955, 9606, 10090"
802892,14,11,"6239, 7227, 7955, 9606, 10090"
789062,14,5,"6239, 7227, 9606, 10090, 10116"
802323,14,7,"3702, 6239, 7227, 7955, 9606"
802211,14,11,"3702, 5691, 6239, 7227, 9606"
801702,14,9,"3702, 5664, 7227, 9606, 10090"
801655,14,12,"3702, 6239, 7227, 9606, 9823"
792988,14,6,"6239, 7227, 9606, 9823, 10090"
780921,14,7,"7227, 7955, 8355, 9031, 9606"
802866,14,12,"3702, 4081, 5911, 7227, 9031"
793188,14,6,"6239, 7227, 9606, 9913, 10090"
756350,14,4,"7955, 9606, 10090, 10116"
802930,14,14,"3702, 5691, 5702, 6239, 7227"
793096,14,4,"6239, 9606, 10090, 10116"
793222,14,7,"6239, 9606, 10090, 237561, 284593"
1027587,14,11,"3702, 7227, 9606, 9913, 10090"
801750,14,9,"3702, 7227, 9031, 9606, 10090"
801667,14,13,"3702, 6239, 7227, 8364, 9031"
789253,14,5,"6239, 7227, 7955, 9606, 10090"
1029300,14,3,"9606, 10090, 10116"
758225,14,7,"7955, 9031, 9606, 9913, 10090"
807529,14,12,"6239, 7227, 9606, 9823, 9913"
795403,14,6,"6239, 6279, 7227, 9606, 10090"
638274,14,11,"7217, 7220, 7222, 7227, 7230"
1033178,14,9,"1397, 6239, 9031, 9606, 10090"
792981,14,8,"7955, 9606, 10116, 83558, 237561"
792945,14,7,"6239, 7227, 7955, 9606, 10090"
801897,14,6,"3702, 7227, 9606, 10090, 284812"
761889,14,5,"7955, 9031, 9606, 10090, 10116"
801922,14,9,"3702, 4577, 5664, 5691, 185431"
801881,14,8,"3702, 7227, 9606, 10090, 36329"
813795,14,6,"3702, 6239, 9544, 9606, 10090"
761331,14,5,"9031, 9606, 9913, 10090, 10116"
814116,14,5,"7227, 9606, 10090, 10116, 10141"
818782,14,6,"3702, 6239, 7227, 9606, 10090"
801908,14,10,"3702, 7227, 7955, 9606, 10090"
1027318,14,10,"3702, 7227, 9606, 10090, 10116"
1027254,14,11,"3702, 6239, 7227, 7955, 9606"
802001,14,11,"3055, 3702, 6239, 7227, 9606"
801771,14,7,"3702, 10090, 44689, 185431, 284812"
1028456,14,14,"3702, 32049, 44689, 85962, 160492"
738002,14,4,"9031, 9606, 10090, 10116"
802522,14,10,"3702, 7227, 9606, 10090, 44689"
792960,14,10,"6239, 7227, 7460, 7955, 10090"
802095,14,8,"3702, 7227, 9606, 10090, 185431"
802537,14,12,"3702, 6239, 7227, 7955, 8355"
802536,14,12,"3635, 3702, 6239, 9606, 9913"
805063,14,9,"3702, 6239, 7227, 7955, 9606"
801856,14,8,"3702, 5691, 6239, 7227, 9606"
781582,14,5,"6239, 7227, 9606, 10090, 10116"
805560,14,9,"6239, 7955, 8090, 9606, 10090"
793282,14,6,"6239, 7227, 7955, 9606, 10090"
802176,14,8,"3702, 36329, 39947, 44689, 185431"
781053,14,7,"6239, 6500, 7227, 9606, 9913"
802511,14,11,"5759, 6239, 7227, 7955, 8355"
802996,14,8,"3702, 7227, 7955, 9606, 10090"
319299,14,3,"3702, 4565, 39947"
802228,14,10,"3702, 6239, 9606, 9913, 10090"
802163,14,11,"3702, 7227, 9606, 10090, 36329"
801537,14,9,"3702, 3847, 6239, 9606, 10090"
810152,14,8,"3702, 6239, 7227, 9606, 10090"
801497,14,9,"6239, 7227, 7955, 9606, 10090"
780014,14,7,"7955, 9606, 9796, 9913, 9986"
802697,13,8,"3702, 7227, 10090, 36329, 59729"
803470,13,11,"3702, 6239, 7227, 8355, 9606"
802028,13,8,"3702, 7227, 9606, 10090, 44689"
802022,13,9,"3702, 7227, 9031, 9606, 10090"
793025,13,8,"6239, 7955, 9606, 10090, 10116"
801930,13,13,"3702, 5691, 6239, 7227, 7955"
801903,13,11,"1971, 3702, 6239, 7227, 9606"
803197,13,8,"3702, 6239, 7227, 8355, 8364"
803176,13,11,"3702, 6239, 7227, 9606, 10090"
802833,13,8,"3702, 4113, 5691, 36329, 185431"
804685,13,9,"3702, 7227, 7955, 9606, 10090"
1027244,13,11,"3702, 5823, 7227, 9606, 10090"
801756,13,8,"3702, 6239, 7227, 9606, 9823"
778131,13,4,"7227, 9606, 10090, 10116"
813548,13,6,"7227, 9606, 10090, 237561, 284812"
801882,13,8,"3702, 7227, 9606, 9823, 10090"
801936,13,9,"3702, 6239, 7227, 9606, 10090"
731781,13,3,"9606, 10090, 10116"
802315,13,8,"3702, 9031, 9606, 10090, 10116"
802695,13,8,"3702, 39947, 71139, 185431, 237561"
801555,13,9,"3702, 7227, 9606, 10090, 185431"
793160,13,7,"6239, 7227, 9606, 10090, 10116"
802405,13,9,"3702, 5664, 6239, 7227, 9031"
802378,13,11,"3702, 5691, 6239, 7227, 9606"
802362,13,10,"3702, 7227, 7955, 9606, 10090"
788326,13,6,"7955, 8355, 9031, 9606, 10090"
64892,13,2,"5691, 185431"
783154,13,5,"7955, 9031, 9606, 10090, 10116"
802848,13,7,"3702, 4081, 39947, 237561, 284812"
789120,13,5,"6239, 9606, 9913, 10090, 10116"
802253,13,9,"3702, 7227, 7955, 9606, 10090"
831489,13,4,"6239, 9606, 10090, 10116"
806055,13,8,"3702, 7227, 9606, 10090, 10116"
804317,13,7,"6239, 7955, 9606, 10090, 227321"
318993,13,4,"3635, 3702, 39946, 39947"
831492,13,6,"6239, 7227, 7955, 9606, 10090"
807169,13,8,"3702, 6239, 7227, 7955, 9606"
802760,13,5,"3702, 7955, 9606, 10090, 10116"
758187,13,5,"7955, 9031, 9606, 10090, 10116"
1033102,13,11,"3702, 7227, 9606, 10090, 10116"
802408,13,10,"3702, 7227, 9606, 9823, 10090"
755515,13,4,"7955, 9606, 10090, 10116"
802344,13,11,"3702, 6239, 7227, 9606, 10090"
801717,13,7,"6239, 7227, 9606, 10090, 284812"
804946,13,8,"7227, 7955, 9606, 9615, 9913"
804919,13,8,"3635, 3702, 6239, 7227, 7955"
804897,13,12,"3702, 7227, 7955, 9031, 9606"
1027626,13,11,"3702, 4081, 6239, 7227, 9606"
802638,13,13,"3702, 5478, 5664, 7227, 7955"
802386,13,10,"3702, 7227, 7955, 9606, 10090"
1030564,13,11,"3702, 7227, 9606, 10090, 36329"
802222,13,8,"3702, 7227, 9606, 9823, 10090"
780034,13,6,"6239, 7955, 9606, 9913, 10090"
803094,13,5,"3702, 7227, 9606, 10090, 44689"
1027408,13,9,"3702, 5702, 6239, 7227, 9606"
802172,13,10,"3702, 6239, 7955, 9606, 10090"
990726,13,8,"8030, 83332, 99287, 186497, 208964"
802656,13,5,"6239, 9606, 10090, 10116, 44689"
802599,13,11,"3702, 6239, 7227, 7955, 9606"
804914,13,3,"3702, 5702, 7955"
1027840,13,10,"3702, 6239, 7227, 9606, 10090"
1027398,13,9,"6239, 7227, 9606, 9986, 10090"
796473,13,5,"7955, 9606, 10090, 10116, 559292"
803006,13,9,"3702, 5664, 9606, 10090, 10116"
1027353,13,10,"3702, 7227, 10090, 10116, 44689"
778346,13,5,"6239, 7227, 9606, 10090, 10116"
803658,13,9,"7227, 9606, 10090, 10116, 227321"
1027304,13,11,"6239, 7955, 8355, 9606, 10090"
796085,13,9,"7227, 9606, 9913, 10090, 10116"
1028865,13,9,"3702, 5664, 9606, 9913, 10090"
59031,13,1,185431
801474,13,10,"3702, 7227, 9606, 10090, 10116"
1027989,13,8,"3702, 7227, 7955, 9606, 10090"
779865,13,8,"6239, 7955, 9031, 9606, 9615"
811473,13,5,"6239, 7955, 9606, 10090, 10116"
779881,13,10,"7955, 8022, 9031, 9606, 9615"
801773,13,9,"3702, 7227, 7955, 9606, 10090"
802585,13,9,"3702, 7227, 7955, 9606, 10090"
1028014,13,8,"6239, 9606, 10090, 10116, 227321"
1028492,13,9,"3702, 7227, 9606, 10090, 10116"
1028373,13,10,"3702, 7955, 9606, 9823, 9913"
793572,13,7,"9606, 10090, 10116, 237561, 284812"
803702,13,10,"5691, 7227, 7955, 9606, 10090"
759644,13,4,"7955, 9606, 10090, 10116"
805481,13,8,"3702, 6239, 7955, 9606, 10090"
795507,13,5,"6239, 7227, 9606, 10090, 10116"
795524,13,5,"6239, 7955, 9606, 10090, 10116"
1027256,13,9,"3702, 9031, 9606, 10090, 10116"
1027268,13,10,"3702, 7227, 9606, 9823, 10090"
802082,13,12,"3702, 6239, 7227, 9606, 10090"
802081,13,9,"3702, 5691, 7227, 7955, 9606"
1027271,13,10,"3702, 7227, 7955, 9606, 9823"
803160,13,8,"6239, 7227, 7955, 9606, 10090"
801975,13,6,"7227, 7955, 9606, 10090, 10116"
801894,13,9,"3702, 6239, 7227, 9606, 10090"
777935,13,7,"6239, 7227, 7955, 8355, 9606"
801981,13,9,"3702, 9031, 9606, 9823, 10090"
1027357,12,9,"3702, 7227, 9606, 9823, 10090"
801874,12,10,"3702, 6239, 7227, 7955, 9606"
1027442,12,11,"3702, 6239, 7159, 7165, 7227"
778597,12,7,"6239, 7227, 7955, 9606, 9913"
1027249,12,9,"3702, 7227, 9606, 10090, 10116"
778556,12,7,"7227, 7955, 9031, 9606, 9913"
1027248,12,10,"3702, 6239, 7227, 9606, 9823"
801830,12,10,"3702, 7227, 9606, 10090, 10116"
803479,12,5,"7227, 7955, 9606, 10090, 10116"
1027246,12,9,"3702, 5702, 7227, 9606, 10090"
779839,12,7,"6239, 7227, 7955, 9606, 10090"
803765,12,5,"6239, 7227, 7955, 9606, 10090"
803583,12,9,"7227, 7955, 9606, 10090, 10116"
802110,12,11,"3702, 6239, 7227, 7955, 9606"
802177,12,9,"3702, 7227, 7955, 9606, 9823"
802123,12,7,"3702, 7227, 7955, 9606, 10116"
1033269,12,10,"3702, 5702, 6239, 7227, 9606"
801878,12,9,"3218, 3635, 3702, 7227, 7955"
1033175,12,7,"3702, 7227, 9606, 10090, 237561"
736814,12,6,"9031, 9606, 9913, 9940, 10090"
802457,12,7,"3702, 7227, 7955, 9606, 10090"
802514,12,10,"3702, 6239, 7227, 9606, 10090"
1028375,12,8,"6239, 7227, 9606, 9823, 10090"
802591,12,9,"3702, 6239, 7227, 9606, 10090"
790031,12,6,"6239, 7955, 9606, 9913, 10090"
755599,12,7,"9103, 9606, 9615, 9823, 10090"
314260,12,3,"3702, 4577, 39947"
793459,12,5,"5061, 227321, 284812, 330879, 510516"
803090,12,3,"3702, 3760, 44689"
1027385,12,11,"3702, 6239, 7955, 8030, 9606"
1027275,12,10,"3702, 7227, 9606, 10090, 10116"
803880,12,10,"3702, 6239, 7227, 7955, 9606"
804551,12,9,"3702, 6239, 7227, 9606, 9913"
793352,12,5,"6239, 7227, 9606, 10090, 10116"
793484,12,4,"6239, 7955, 9606, 10090"
793412,12,4,"6239, 9606, 10090, 10116"
778265,12,5,"7227, 7955, 9606, 10090, 10116"
778026,12,6,"6239, 7955, 8355, 9606, 10090"
805423,12,8,"3702, 6239, 7227, 9606, 10090"
802477,12,11,"3702, 6239, 7227, 7955, 9606"
802407,12,9,"3702, 6239, 7955, 9606, 10090"
802547,12,10,"3702, 6239, 7227, 9606, 10090"
801629,12,11,"3702, 4097, 4577, 6239, 7227"
739434,12,10,"7955, 8355, 9031, 9544, 9606"
1027880,12,11,"6239, 7227, 7955, 9031, 9606"
805032,12,11,"3702, 5691, 6239, 7227, 7955"
755447,12,4,"7955, 9606, 10090, 10116"
802516,12,4,"3635, 3702, 9606, 39947"
1033105,12,11,"3702, 6239, 7227, 9606, 10090"
801669,12,8,"3702, 7227, 9606, 44689, 185431"
805952,12,7,"3702, 6239, 7227, 7955, 9606"
805915,12,10,"3702, 6239, 7227, 7955, 9606"
802390,12,8,"3702, 6239, 7227, 9606, 10090"
731798,12,1,9606
789056,12,6,"6239, 7227, 9031, 9606, 10090"
804559,12,9,"3702, 6239, 7227, 9606, 10090"
1027332,12,11,"3702, 6239, 7227, 7955, 8355"
801470,12,9,"3702, 7227, 9606, 9823, 10090"
1033214,12,6,"6183, 6239, 7227, 9606, 10090"
804547,12,10,"3702, 7227, 7955, 9606, 10090"
804049,12,6,"6239, 7227, 9606, 10090, 10116"
793317,12,8,"6239, 7227, 9606, 9796, 10090"
793236,12,6,"6239, 7227, 9606, 9913, 10090"
780392,12,4,"7955, 9606, 10090, 10116"
809050,12,5,"6239, 7955, 9606, 10090, 10116"
802196,12,9,"3702, 3708, 3847, 7227, 7955"
780321,12,8,"7227, 7719, 7955, 9031, 9606"
64663,12,2,"5691, 185431"
753945,12,7,"7955, 8355, 9031, 9606, 9913"
802653,12,10,"6239, 7227, 9606, 9823, 9913"
802718,12,10,"3702, 7227, 7955, 9606, 9823"
802560,12,8,"3702, 6239, 7955, 9606, 10090"
1027694,12,11,"3702, 7227, 10090, 10116, 44689"
793007,12,5,"7227, 9606, 10090, 10116, 284812"
805019,12,11,"3702, 6239, 7227, 7955, 9606"
1027820,12,11,"3055, 3702, 6239, 7955, 9606"
735168,12,2,"9606, 10090"
276795,12,2,"3702, 39947"
802590,12,10,"3702, 6239, 7227, 7955, 9606"
758307,12,7,"7955, 8355, 9606, 9913, 9940"
807589,12,7,"9606, 10090, 10116, 227321, 237561"
1030960,12,11,"3702, 7227, 7955, 9031, 9606"
317898,12,3,"3635, 3702, 4558"
1027434,12,11,"3702, 7955, 9031, 9606, 10090"
1027731,12,10,"3702, 7955, 9606, 10090, 10116"
1027750,12,11,"3702, 6239, 7227, 9606, 10029"
1027689,12,7,"6239, 7955, 9031, 9606, 9823"
781476,12,5,"6239, 7955, 9606, 10090, 10116"
807673,12,10,"3702, 7227, 7955, 9606, 10090"
793213,12,6,"6239, 7227, 9606, 10090, 284812"
752790,12,3,"7955, 9606, 10090"
752786,12,5,"7955, 9606, 10029, 10090, 10116"
780717,12,7,"6239, 7227, 7955, 9031, 9606"
759169,12,4,"9606, 9823, 10090, 10116"
827933,12,7,"3702, 6239, 7227, 7955, 9606"
807583,12,7,"3702, 9606, 10090, 10116, 237561"
803007,12,7,"7955, 9606, 10090, 10116, 44689"
801502,12,6,"3702, 4113, 6239, 9606, 10090"
1027429,12,10,"7227, 9031, 9606, 10090, 10116"
780737,12,8,"7955, 9031, 9606, 9615, 9913"
1033144,12,12,"3702, 7955, 9606, 10090, 10116"
802174,12,11,"3702, 6239, 7227, 9031, 10090"
802199,12,5,"3702, 7227, 9606, 284812, 559292"
801573,12,8,"678, 3055, 7227, 7955, 9606"
802746,12,11,"3702, 6239, 7227, 8355, 9606"
802262,12,8,"3702, 7227, 9606, 9615, 36329"
801782,12,9,"3702, 7227, 9606, 9913, 10090"
802276,12,7,"3702, 5664, 7227, 9606, 10090"
802243,12,9,"3702, 6239, 7227, 9606, 10090"
802733,12,7,"3702, 7227, 9606, 10090, 10116"
801535,12,11,"3702, 6239, 7227, 8355, 9606"
801562,12,10,"3702, 6239, 7227, 10090, 10116"
804762,12,11,"3702, 7227, 8355, 9606, 10090"
804823,12,9,"3702, 6239, 7227, 9606, 10090"
804704,12,10,"9606, 10090, 10116, 185431, 227321"
804798,12,12,"6239, 7227, 7955, 8355, 9606"
802915,12,9,"3702, 7955, 8355, 9606, 10090"
802801,12,9,"6239, 7227, 7955, 9031, 9606"
1027440,12,9,"3702, 7227, 9606, 9823, 10090"
802960,12,9,"3702, 6239, 9606, 10090, 10116"
802872,12,10,"3702, 7227, 9606, 10090, 39947"
801512,12,12,"3702, 7227, 7955, 8355, 9606"
793126,12,7,"6239, 7227, 9606, 10090, 10116"
749054,12,6,"7955, 8022, 9606, 9913, 10090"
1027383,12,9,"3702, 9606, 10090, 10116, 70601"
803602,12,8,"7955, 9606, 9823, 9940, 10090"
803804,12,8,"6239, 7227, 8355, 9606, 10090"
802136,12,11,"3702, 7227, 9606, 10090, 10116"
802128,12,9,"3702, 4577, 7227, 9606, 10090"
802131,12,10,"3702, 6239, 7227, 7955, 9606"
801835,12,9,"3702, 9606, 10090, 10116, 44689"
801828,12,9,"3702, 6239, 7227, 9606, 10090"
761353,12,7,"6239, 7227, 7955, 9031, 9544"
803191,12,7,"6239, 7227, 7955, 9606, 10090"
794522,12,5,"7955, 9606, 9913, 10090, 10116"
1038963,12,7,"7955, 9606, 9615, 9913, 9940"
1027272,12,10,"3702, 6239, 7227, 7955, 9606"
803229,12,8,"6239, 7227, 7955, 10090, 10116"
794228,12,6,"6239, 7227, 9606, 10090, 10116"
805627,12,12,"3702, 6239, 7227, 7955, 9606"
789570,12,6,"7955, 9103, 9606, 9913, 10090"
789448,12,5,"7227, 7955, 9606, 10090, 10116"
802460,12,8,"3702, 6239, 7227, 9606, 10090"
801691,12,10,"3635, 3702, 7955, 9606, 10090"
802437,12,10,"3702, 6239, 7227, 7955, 9606"
802309,12,10,"3702, 9606, 10116, 36329, 44689"
802010,12,12,"3702, 5664, 6239, 7227, 9606"
762804,12,4,"7955, 9031, 9606, 10090"
817310,12,5,"7227, 7955, 9606, 10090, 10116"
802088,12,9,"3702, 7227, 7955, 9606, 10090"
793853,11,4,"6239, 7227, 9606, 10116"
1027242,11,10,"3702, 7227, 9606, 10090, 10116"
556598,11,1,6239
619148,11,1,7227
801886,11,11,"3702, 5691, 6239, 7227, 9606"
618818,11,1,7227
801889,11,6,"3702, 9606, 10090, 10116, 284812"
801933,11,8,"6239, 7091, 7227, 7955, 9606"
1033298,11,5,"3702, 6239, 7227, 9606, 10090"
801982,11,4,"3702, 9606, 284812, 559292"
801915,11,10,"3702, 7227, 9606, 10090, 10116"
801952,11,10,"3702, 5664, 6239, 7227, 7425"
802383,11,9,"3702, 6239, 7227, 8355, 9606"
801712,11,9,"3702, 7227, 9606, 10116, 36329"
831895,11,4,"9031, 9606, 10090, 10116"
825028,11,6,"6239, 7227, 7955, 9606, 10090"
789402,11,6,"7227, 8355, 9606, 10029, 10090"
1028706,11,9,"3702, 7955, 8022, 9606, 10090"
835172,11,5,"6239, 7227, 7955, 10090, 10116"
805565,11,10,"3702, 7227, 8355, 9606, 9913"
805521,11,6,"9031, 227321, 237561, 284593, 284812"
803206,11,8,"3702, 9606, 10090, 10116, 44689"
803344,11,8,"3702, 6239, 7227, 9606, 10090"
803154,11,10,"3702, 7227, 7955, 9606, 10090"
803209,11,11,"3702, 6239, 7227, 9606, 9615"
803183,11,9,"3702, 6239, 7227, 9606, 10116"
1027273,11,9,"3702, 6239, 7227, 9606, 10090"
761570,11,5,"7955, 9606, 9913, 10090, 10116"
801940,11,10,"3702, 6239, 7227, 9606, 10090"
1027282,11,10,"5691, 7227, 9606, 10090, 185431"
761044,11,5,"6239, 7955, 9606, 10090, 10116"
779851,11,7,"6239, 7227, 7955, 9606, 9913"
803693,11,8,"3702, 6239, 7227, 9606, 10090"
1027289,11,11,"3702, 6239, 7227, 7955, 9606"
1027296,11,8,"3702, 7227, 7955, 9606, 10090"
803622,11,6,"3702, 7227, 7955, 9606, 10090"
801995,11,4,"3702, 9606, 284812, 559292"
801534,11,4,"3702, 5664, 36329, 44689"
804960,11,8,"3702, 6239, 7227, 185431, 237561"
804828,11,9,"3702, 5664, 7955, 9606, 10090"
990770,11,10,"1685, 83558, 122586, 195099, 208964"
804892,11,7,"3702, 9606, 10090, 10116, 44689"
804861,11,7,"3702, 6239, 7227, 9606, 10090"
801528,11,11,"3635, 3702, 6239, 7227, 9606"
801571,11,10,"3702, 6239, 7227, 7955, 9606"
1027690,11,9,"3702, 9606, 10090, 39947, 185431"
801567,11,8,"3702, 9606, 10116, 36329, 44689"
802220,11,9,"3702, 6239, 7227, 9606, 10090"
801807,11,7,"3702, 7227, 9031, 9606, 10090"
1033146,11,8,"3635, 3702, 4081, 6239, 9606"
759276,11,5,"7955, 8090, 9606, 9913, 10090"
807798,11,6,"6239, 9606, 9823, 10090, 44689"
781560,11,6,"7227, 7955, 9031, 9606, 10090"
781463,11,4,"7227, 9606, 10090, 10116"
802248,11,9,"3702, 6239, 7227, 8355, 9606"
802234,11,10,"3702, 5691, 7227, 9606, 10090"
807856,11,8,"3702, 6239, 7955, 9031, 9606"
990781,11,5,"1085, 224308, 330779, 565050, 1111708"
990764,11,7,"7955, 83332, 208964, 224308, 266835"
793250,11,6,"6239, 7227, 7955, 9606, 10090"
784160,11,4,"6239, 7227, 9606, 10090"
1031099,11,9,"3702, 6239, 9606, 10090, 44689"
807498,11,8,"3702, 7227, 9606, 36329, 185431"
277031,11,1,3702
784259,11,6,"6239, 7227, 7955, 9606, 10090"
807527,11,2,"3635, 3702"
1029390,11,4,"3055, 3702, 39947, 227321"
1029383,11,9,"3635, 3702, 4081, 9606, 185431"
786497,11,3,"9595, 9606, 10090"
807531,11,7,"5544, 7227, 7955, 9606, 10090"
802571,11,9,"3702, 7227, 9606, 10090, 10116"
1028186,11,5,"7955, 9606, 9913, 10090, 10116"
793035,11,9,"7227, 7955, 9606, 9986, 10090"
990723,11,4,"208964, 224308, 224324, 309800"
793039,11,5,"6239, 7227, 9606, 10090, 10116"
804973,11,9,"3702, 6239, 7227, 9606, 10090"
801636,11,10,"3702, 6239, 7227, 9606, 10090"
801603,11,9,"3702, 9606, 10090, 10116, 36329"
802138,11,10,"1050, 3702, 6239, 7955, 9606"
802139,11,7,"3702, 6239, 7227, 9606, 10090"
780052,11,4,"7955, 9606, 10090, 10116"
779907,11,7,"6239, 7227, 7955, 9606, 10029"
808674,11,7,"3702, 3847, 4577, 9606, 10090"
808451,11,3,"7227, 9606, 10090"
780257,11,4,"7227, 9606, 10090, 10116"
802160,11,5,"3055, 3702, 7227, 9606, 185431"
802167,11,10,"3702, 5691, 6239, 7227, 9606"
802171,11,10,"3702, 6239, 7227, 7955, 9606"
802295,11,10,"3702, 5691, 6239, 9031, 9606"
752617,11,6,"7955, 8355, 8364, 9606, 10090"
991008,11,4,"3847, 83332, 83333, 208964"
752485,11,7,"8355, 9606, 9615, 9823, 9913"
793303,11,6,"6239, 7227, 7955, 8355, 9606"
804560,11,7,"3702, 7955, 9606, 10090, 185431"
803010,11,8,"3702, 6239, 7955, 9606, 10090"
1027372,11,6,"6239, 7227, 9606, 10090, 284812"
801473,11,6,"3702, 4577, 9606, 10090, 10116"
1033108,11,11,"3702, 9606, 9823, 9913, 10090"
1029724,11,10,"7227, 7955, 9606, 9823, 10090"
802278,11,10,"3702, 5691, 6239, 7227, 9606"
756223,11,7,"7955, 8355, 9031, 9606, 9913"
785347,11,7,"7955, 9606, 9823, 9913, 9986"
806548,11,4,"3702, 6239, 9606, 10090"
801730,11,9,"3635, 3702, 6239, 44689, 185431"
831938,11,7,"7227, 9606, 10090, 10116, 227321"
802376,11,11,"6239, 7227, 9606, 10090, 10116"
802342,11,10,"3702, 6239, 7227, 7955, 9913"
802557,11,3,"3702, 9606, 10090"
804976,11,7,"3702, 7955, 9606, 10090, 227321"
755392,11,4,"7955, 9606, 10090, 10116"
802487,11,9,"3702, 7227, 9606, 10090, 10116"
802506,11,9,"7227, 9606, 10090, 10116, 36329"
802530,11,9,"3702, 6239, 7227, 9606, 9913"
1027821,11,9,"3702, 6239, 7227, 9606, 10090"
1028213,11,11,"3702, 7227, 9606, 9913, 10090"
1029548,11,7,"3702, 7227, 9606, 10090, 10116"
1029077,11,8,"5664, 5702, 6239, 9031, 9606"
802380,11,9,"3702, 6239, 7227, 9606, 10090"
802387,11,7,"3702, 7227, 8355, 9606, 10090"
737819,11,5,"9606, 9823, 9913, 10090, 10116"
777897,11,6,"6239, 7227, 7955, 9606, 10090"
775658,11,4,"7955, 9606, 10090, 10116"
820821,11,7,"6239, 7227, 7955, 9606, 10090"
761617,11,5,"7227, 7955, 9606, 10090, 10116"
801984,11,6,"7227, 9606, 10090, 44689, 185431"
772714,11,5,"7955, 9031, 9606, 10090, 10116"
801516,11,7,"3702, 6239, 7227, 9606, 10090"
803941,11,1,3702
803796,11,7,"6239, 7227, 7955, 9606, 10090"
793449,11,7,"7227, 9606, 10090, 10116, 227321"
793529,11,7,"6239, 7227, 9606, 10090, 10116"
803099,11,7,"7227, 9606, 9913, 10090, 237561"
795747,11,5,"7227, 7955, 9606, 10090, 10116"
739594,11,6,"7955, 8030, 9606, 9823, 10090"
1027697,11,8,"3702, 6239, 7227, 9606, 10090"
1028205,11,6,"6239, 9544, 9606, 9913, 10090"
805168,11,11,"3702, 6239, 7227, 7955, 9031"
802450,11,6,"6239, 7227, 7955, 9606, 10090"
802451,11,10,"3702, 3708, 6239, 7227, 9986"
802490,11,11,"3702, 6239, 7227, 9606, 10090"
802458,11,10,"3702, 6239, 7227, 9606, 10090"
802078,11,6,"3702, 6239, 7227, 9606, 10090"
1033204,11,6,"3702, 4232, 6239, 185431, 227321"
1033221,11,6,"6239, 7227, 9031, 9606, 10090"
802101,11,9,"3702, 5702, 6239, 7227, 8030"
801994,11,8,"3702, 6239, 7227, 9606, 10090"
761743,11,5,"7955, 9606, 10090, 10116, 10141"
802107,11,9,"6239, 7227, 7955, 9606, 10090"
803334,11,4,"3702, 6239, 9606, 559292"
794178,11,3,"7955, 9606, 10090"
803373,11,11,"3702, 5664, 6239, 7227, 9606"
1027328,11,9,"3702, 6239, 7227, 7955, 9606"
805617,11,8,"3702, 6239, 7227, 9606, 10090"
779767,11,7,"7227, 7955, 8355, 9031, 9606"
793997,11,5,"6239, 7227, 9606, 10090, 10116"
793637,11,7,"6239, 7227, 7955, 8355, 9606"
793569,11,6,"6239, 7227, 9606, 9986, 10090"
795690,11,5,"7227, 7955, 9606, 10090, 10116"
795762,11,5,"7227, 7955, 9606, 10090, 10116"
795425,11,5,"6239, 7955, 9606, 10090, 10116"
1027240,11,7,"3702, 7955, 9606, 10090, 208964"
779858,11,5,"7227, 7955, 9606, 10090, 10116"
778192,11,5,"7955, 9031, 9606, 10090, 10116"
778742,11,6,"6239, 7227, 7955, 9606, 10090"
1027413,11,8,"3702, 7955, 9606, 10090, 185431"
779269,11,6,"6239, 7227, 7955, 9606, 10090"
760396,11,4,"7955, 9606, 9913, 10090"
801923,10,7,"3702, 7227, 9031, 9606, 10090"
794922,10,5,"7227, 7955, 9606, 10090, 10116"
803203,10,5,"3702, 6239, 9606, 10090, 10116"
746899,10,7,"7955, 9031, 9606, 9823, 9913"
746688,10,8,"7955, 8030, 8355, 9031, 9606"
803417,10,5,"7227, 7955, 9606, 10090, 44689"
803327,10,10,"6239, 7227, 7955, 9606, 10090"
803343,10,9,"3702, 7227, 9606, 9615, 10090"
803350,10,6,"3702, 7227, 7955, 9606, 10090"
794236,10,9,"6239, 7227, 7955, 9606, 9913"
794196,10,5,"7955, 9606, 10090, 10116, 559292"
1027263,10,8,"3702, 7955, 9606, 227321, 272557"
1027314,10,7,"7227, 7955, 9606, 9615, 10090"
802191,10,9,"3702, 6239, 7227, 7955, 9606"
802193,10,8,"3702, 6239, 7227, 9606, 10090"
802090,10,9,"3702, 7227, 7955, 9606, 10090"
802100,10,10,"3702, 7227, 7955, 9606, 9913"
801986,10,10,"3702, 6239, 7227, 9606, 10090"
801985,10,9,"3702, 7227, 7955, 8355, 9606"
802073,10,9,"3702, 5691, 7227, 7955, 9606"
802076,10,10,"3702, 6239, 7227, 7955, 9606"
802086,10,9,"3702, 5664, 6239, 7227, 10090"
801866,10,5,"3702, 9606, 10090, 284812, 559292"
773701,10,4,"7955, 9606, 10090, 10116"
1028624,10,9,"6239, 7227, 8839, 9606, 10090"
737347,10,2,"9606, 10090"
802434,10,8,"3702, 6239, 7227, 7955, 9606"
790178,10,5,"7955, 9606, 9913, 10090, 10116"
805787,10,5,"3702, 6239, 7227, 9606, 10090"
789515,10,5,"7227, 7955, 9606, 10090, 10116"
789459,10,6,"6239, 7227, 7955, 9031, 9606"
805873,10,5,"7227, 9606, 10090, 10116, 284812"
756226,10,4,"7955, 9606, 10090, 10116"
756064,10,4,"7955, 9606, 10090, 10116"
756184,10,4,"7955, 9606, 10090, 10116"
802317,10,9,"3702, 6239, 7227, 9606, 10090"
802324,10,10,"3702, 6239, 7227, 9606, 10090"
802384,10,8,"3702, 5141, 7227, 7955, 9606"
802444,10,8,"6239, 7227, 8355, 9606, 10090"
802436,10,8,"3702, 7227, 9606, 10116, 185431"
801708,10,9,"3702, 7227, 7955, 9606, 10090"
801709,10,6,"3702, 5691, 36329, 185431, 284812"
802496,10,8,"3702, 6239, 9606, 10090, 44689"
755379,10,4,"8355, 9606, 10090, 10116"
805180,10,6,"3702, 7955, 9606, 10090, 284812"
805467,10,9,"3702, 7227, 9606, 10090, 10116"
805295,10,8,"3702, 9606, 10090, 10116, 44689"
792939,10,6,"9606, 10090, 10116, 227321, 284812"
805502,10,10,"3702, 6239, 7227, 7955, 9606"
805459,10,7,"5664, 7227, 9606, 10090, 10116"
736973,10,3,"9606, 10090, 10116"
736593,10,6,"9031, 9606, 9823, 9940, 9986"
736595,10,4,"9606, 9913, 10090, 10116"
1028266,10,5,"3702, 44689, 284593, 510516, 559292"
1028314,10,10,"5664, 7227, 7955, 9606, 36329"
802575,10,3,"3702, 4113, 5664"
801674,10,9,"3702, 6239, 7955, 9606, 36329"
801681,10,9,"3702, 6239, 7227, 7955, 9606"
738980,10,4,"7955, 9606, 10090, 10116"
403459,10,2,"284593, 559292"
802520,10,9,"3702, 5664, 7955, 9606, 10090"
802488,10,8,"3702, 7227, 7955, 9031, 9606"
739085,10,5,"9031, 9606, 9913, 10090, 10116"
792952,10,5,"7227, 9606, 10090, 284812, 559292"
755384,10,4,"7955, 9606, 10090, 10116"
802392,10,9,"3702, 6239, 7227, 9606, 10090"
802346,10,7,"3702, 6239, 9606, 10116, 39947"
801722,10,8,"3702, 7227, 7955, 9606, 10116"
801751,10,8,"3702, 5702, 7227, 9606, 10090"
801752,10,10,"3702, 6239, 7227, 7955, 9606"
789311,10,6,"6239, 7227, 7955, 9606, 10090"
805819,10,9,"3702, 6239, 7227, 9606, 10090"
789265,10,4,"6239, 7227, 9606, 10090"
789137,10,5,"6239, 7955, 9606, 10090, 10116"
789140,10,6,"6239, 7227, 7955, 9606, 10090"
789082,10,5,"7227, 7955, 9606, 10090, 10116"
1033109,10,7,"3702, 6239, 9606, 185431, 284593"
802293,10,10,"3702, 6239, 7227, 9606, 10090"
802283,10,10,"6239, 7227, 7955, 9031, 9606"
802301,10,10,"3702, 6239, 7227, 7955, 9606"
802678,10,8,"6239, 7227, 9606, 10090, 36329"
802676,10,7,"3702, 7227, 7955, 9606, 185431"
802648,10,9,"6239, 7227, 8355, 9031, 9606"
801566,10,6,"6239, 7227, 9606, 10116, 284812"
801594,10,9,"3702, 7227, 7955, 8355, 9606"
804866,10,10,"6239, 7227, 7955, 9606, 10090"
804868,10,9,"3702, 9606, 9823, 10090, 10116"
804950,10,9,"3702, 6239, 7227, 9606, 9913"
792997,10,5,"6239, 9606, 9913, 10090, 10116"
793054,10,5,"6239, 7227, 9606, 10090, 10116"
804940,10,8,"3702, 6239, 7227, 9606, 10090"
793058,10,6,"6239, 7955, 9606, 10090, 284812"
802581,10,8,"3702, 6239, 7227, 9606, 10090"
802580,10,8,"3702, 6239, 7227, 9606, 10090"
802622,10,7,"6239, 7227, 9606, 10090, 237561"
806267,10,5,"7955, 8355, 8364, 9606, 10090"
784456,10,4,"7227, 9606, 10090, 10116"
784262,10,7,"6239, 7227, 7955, 9031, 9606"
806990,10,7,"3702, 6239, 7227, 9606, 10090"
807535,10,7,"3702, 6239, 7955, 9606, 10090"
784231,10,7,"6239, 7227, 7955, 8355, 9606"
784235,10,6,"7227, 7955, 8355, 9606, 10090"
758300,10,6,"7955, 8355, 9606, 9913, 10090"
783551,10,6,"6239, 7227, 8355, 9606, 10090"
802233,10,5,"3702, 9606, 10090, 10116, 559292"
802245,10,7,"3702, 6239, 7227, 9606, 10090"
801611,10,9,"3702, 5702, 7227, 10116, 36329"
802709,10,9,"3702, 6239, 7227, 9534, 9606"
802745,10,7,"44689, 227321, 237561, 284593, 284812"
802688,10,8,"7227, 9606, 10090, 44689, 60711"
801589,10,6,"6239, 7227, 7955, 9606, 10116"
801590,10,8,"3702, 7227, 9606, 10090, 36329"
793107,10,4,"6239, 9606, 35671, 570133"
793158,10,5,"6239, 7227, 9606, 10090, 10116"
804797,10,6,"3702, 6239, 7227, 9606, 44689"
793129,10,4,"7227, 9606, 10090, 10116"
793125,10,4,"6239, 7227, 9606, 10090"
804826,10,6,"3702, 7227, 9606, 10090, 284812"
802600,10,9,"3702, 5691, 6239, 7227, 9606"
1027433,10,9,"3702, 9031, 9103, 9606, 10090"
802853,10,8,"3702, 7227, 9606, 10090, 10116"
801493,10,8,"6239, 7227, 9606, 10090, 10116"
801498,10,9,"6239, 7227, 7955, 9606, 10090"
801490,10,8,"3702, 6239, 7227, 9606, 10090"
1027542,10,8,"3702, 6239, 7227, 7955, 9606"
136274,10,1,36329
1027545,10,8,"5664, 6239, 9606, 10090, 10116"
1027431,10,6,"3702, 36329, 224308, 237561, 284812"
804423,10,6,"7955, 9606, 9615, 9913, 10090"
793266,10,5,"7227, 7955, 9606, 10090, 10116"
804714,10,9,"3702, 7227, 9606, 10090, 36329"
804738,10,6,"3702, 7955, 9606, 10090, 10116"
804645,10,7,"3055, 6239, 7227, 7955, 9606"
802246,10,9,"7227, 7955, 10090, 36329, 185431"
807491,10,9,"3702, 6239, 7227, 9606, 10090"
782847,10,6,"7227, 7955, 8355, 9606, 10090"
277477,10,1,3702
781563,10,6,"6239, 7227, 7955, 9606, 10090"
781566,10,4,"7227, 7955, 9606, 10090"
807878,10,2,"3702, 44689"
807869,10,10,"3702, 7227, 7955, 9606, 10116"
807992,10,8,"3702, 7227, 9606, 10090, 10116"
808240,10,5,"7227, 7955, 9606, 10090, 10116"
827817,10,6,"6239, 7227, 9606, 9913, 10090"
827731,10,6,"7227, 9031, 9606, 9913, 10090"
827738,10,5,"7955, 9606, 10090, 10116, 89445"
1033125,10,10,"3702, 7227, 9606, 9913, 10090"
797424,10,6,"7227, 7955, 9031, 9606, 10090"
1027402,10,9,"3702, 7227, 7955, 9606, 10116"
1027393,10,8,"3702, 9606, 10090, 10116, 44689"
802912,10,7,"3702, 7227, 9606, 9615, 9913"
1027344,10,9,"7227, 7955, 9606, 10090, 10116"
746391,10,7,"7955, 9031, 9606, 9913, 9940"
1027412,10,3,"3702, 44689, 243232"
1027333,10,10,"1085, 1140, 3702, 39946, 39947"
793315,10,7,"6239, 7227, 9606, 10090, 10116"
804556,10,1,3702
804553,10,4,"3055, 3702, 4097, 4577"
752646,10,3,"8355, 9606, 10090"
804652,10,6,"3702, 7227, 9606, 10090, 185431"
804621,10,6,"3702, 237561, 284593, 284812, 330879"
1029763,10,5,"3702, 39947, 227321, 284812, 559292"
729775,10,3,"9606, 10090, 10116"
1030484,10,6,"3702, 9606, 9823, 10090, 10116"
808969,10,3,"3702, 7227, 39947"
278630,10,2,"3702, 4577"
780264,10,6,"7955, 9031, 9606, 9986, 10090"
779981,10,6,"6239, 7227, 7955, 9606, 10090"
811207,10,7,"6239, 9606, 10090, 10116, 36329"
811234,10,8,"3702, 9606, 10090, 185431, 237561"
779868,10,6,"6239, 7227, 7955, 8355, 9606"
760426,10,4,"7955, 9031, 9606, 10090"
826666,10,6,"7227, 7955, 9606, 10090, 10116"
802151,10,6,"3702, 7227, 7955, 9606, 284812"
802161,10,9,"3702, 6239, 7227, 9606, 10090"
802147,10,10,"3702, 5691, 6239, 7227, 9606"
1027299,10,9,"3702, 7227, 9606, 10090, 36329"
1027292,10,7,"3702, 6239, 7227, 9606, 10090"
803719,10,9,"3702, 6239, 7227, 9606, 44689"
793498,10,6,"6239, 9606, 9823, 9913, 10090"
793488,10,5,"6239, 7955, 9606, 9913, 10090"
803723,10,8,"3702, 7227, 7955, 9606, 10090"
793342,10,4,"7955, 9606, 10090, 10116"
752454,10,6,"7955, 9031, 9606, 10090, 10116"
752528,10,5,"7955, 8355, 9606, 10090, 10116"
804253,10,7,"7227, 7955, 9606, 10090, 237561"
793285,10,7,"6239, 7227, 9606, 10090, 10116"
1027325,10,7,"3702, 5664, 9606, 10090, 10116"
795729,10,7,"6239, 7227, 7955, 9606, 9913"
1027245,10,8,"7227, 7955, 9606, 9823, 10090"
803474,10,3,"227321, 284812, 510516"
803392,10,9,"3702, 6239, 7227, 9606, 9913"
793640,10,5,"7227, 9606, 10090, 284812, 559292"
803665,10,5,"5755, 9606, 10090, 10116, 44689"
803627,10,5,"6239, 7955, 9606, 10090, 10116"
803700,10,9,"3702, 6239, 7227, 9913, 10090"
750412,10,2,"9606, 10090"
803728,10,9,"3702, 5664, 7227, 9031, 9606"
802189,10,9,"3702, 6239, 7227, 7955, 8355"
801836,10,9,"3702, 7227, 7955, 9606, 10090"
801809,10,9,"3702, 5691, 6239, 7227, 9606"
801776,10,5,"3702, 9606, 10090, 10116, 44689"
779491,10,7,"6239, 7227, 7955, 8355, 9606"
779595,10,4,"6239, 7227, 9606, 10090"
778608,10,4,"9031, 9606, 10090, 10116"
778499,10,7,"7227, 7955, 9031, 9606, 9823"
778607,10,7,"6239, 7227, 7955, 8355, 9606"
761146,10,5,"7227, 7955, 9606, 10090, 10116"
823345,10,5,"7955, 9031, 9606, 10090, 10116"
801873,10,8,"3702, 6239, 7227, 9606, 44689"
726579,10,1,9606
761807,10,4,"7955, 9606, 10090, 10116"
761684,10,5,"6239, 7955, 9606, 10090, 10116"
801971,10,8,"3702, 6239, 7227, 7955, 9606"
770199,10,5,"7955, 9031, 9606, 10090, 10116"
765493,10,4,"9606, 9823, 10090, 10116"
814989,10,7,"6183, 7227, 7955, 9606, 10090"
630358,10,1,7227
801847,10,7,"6239, 7955, 8090, 9606, 10090"
628819,10,1,7227
801921,10,6,"3635, 3702, 5664, 237561, 284593"
803084,9,7,"7227, 7955, 9606, 10090, 44689"
803102,9,8,"3702, 6239, 9606, 10090, 36329"
484566,9,5,"237561, 284593, 284812, 330879, 559292"
550320,9,1,6239
561925,9,1,6239
1027297,9,8,"3702, 7227, 9606, 10090, 10116"
1027259,9,8,"3702, 8364, 9031, 9606, 10090"
1035599,9,1,9606
801967,9,4,"3702, 7227, 36329, 185431"
801966,9,8,"3702, 6239, 7227, 9606, 10090"
801899,9,8,"7227, 9606, 10090, 10116, 185431"
801924,9,6,"3055, 7227, 7955, 9606, 9913"
801943,9,8,"3702, 7227, 9606, 10116, 44689"
801980,9,6,"3702, 7955, 9606, 237561, 284812"
801979,9,8,"3702, 6239, 7227, 9606, 10090"
802038,9,7,"3702, 7227, 9606, 10116, 237561"
761649,9,3,"9606, 10090, 10116"
761680,9,3,"9606, 10090, 10116"
762215,9,7,"7955, 8355, 9031, 9606, 10090"
801888,9,4,"7955, 9606, 10090, 284812"
801912,9,6,"3702, 7227, 9606, 10029, 10090"
814985,9,5,"6239, 7227, 9606, 10090, 10116"
1033458,9,7,"6239, 7227, 7955, 10090, 227321"
1027417,9,9,"3702, 7957, 9031, 9606, 9913"
802997,9,8,"3702, 7955, 9606, 10090, 44689"
802942,9,9,"3702, 6239, 7227, 9606, 10090"
815708,9,2,"3702, 9606"
795223,9,4,"7955, 9606, 10090, 10116"
795468,9,4,"7227, 7955, 9606, 10090"
476978,9,4,"237561, 284593, 330879, 559292"
801997,9,5,"3702, 9606, 10090, 284812, 559292"
807171,9,8,"6239, 7227, 8355, 9606, 10090"
807652,9,6,"3702, 9606, 227321, 284593, 284812"
1027327,9,8,"3702, 9606, 10090, 185431, 237561"
1027251,9,9,"3702, 6239, 7227, 7955, 10090"
803310,9,9,"3702, 4565, 6239, 7227, 9606"
802448,9,8,"3702, 7227, 9606, 10090, 44689"
830764,9,8,"7227, 7955, 9606, 9913, 10090"
756159,9,6,"9031, 9103, 9606, 10090, 10116"
738026,9,6,"9031, 9103, 9606, 9940, 10090"
736545,9,2,"9606, 10090"
732922,9,3,"9606, 10090, 10116"
802402,9,8,"3702, 6239, 7227, 9606, 9913"
801761,9,7,"6239, 7227, 7955, 9606, 10090"
802456,9,6,"3702, 7227, 9606, 10090, 44689"
802291,9,8,"3702, 5691, 7227, 9606, 10090"
263965,9,1,3702
736585,9,4,"9031, 9606, 10090, 10116"
805999,9,6,"7227, 9606, 10090, 10116, 227321"
794507,9,5,"7955, 9606, 9986, 10090, 10116"
1027455,9,8,"3702, 5478, 39947, 44689, 227321"
1027430,9,8,"3702, 36329, 44689, 196627, 224308"
761332,9,5,"7227, 7955, 9606, 10090, 10116"
761419,9,5,"7227, 7955, 9606, 10090, 10116"
802951,9,7,"3702, 6239, 7227, 9606, 10090"
802993,9,7,"3702, 7227, 9606, 10090, 237561"
803270,9,8,"3702, 6239, 7955, 9606, 10090"
803271,9,9,"3702, 6239, 7227, 7955, 9606"
746159,9,4,"7955, 9606, 9913, 10090"
1028549,9,3,"9606, 9913, 10116"
801747,9,9,"3702, 6239, 7227, 8355, 9606"
801745,9,9,"3702, 6239, 7227, 9606, 10090"
805883,9,2,"3702, 4577"
801683,9,8,"3702, 7227, 9606, 10090, 44689"
802423,9,8,"3702, 5691, 6239, 7227, 9606"
807511,9,5,"5691, 9606, 10090, 10116, 185431"
807827,9,4,"237561, 284593, 284812, 559292"
756255,9,5,"7955, 9606, 10029, 10090, 10116"
807716,9,6,"6239, 7955, 9606, 10090, 10116"
805842,9,8,"3702, 7227, 9606, 10029, 10090"
789205,9,5,"6239, 7227, 9606, 10090, 10116"
758216,9,4,"7955, 9606, 10090, 10116"
802483,9,8,"3702, 7227, 9606, 10116, 185431"
807845,9,9,"7227, 9031, 9606, 10090, 10116"
805784,9,7,"3702, 6239, 7227, 8355, 9606"
807978,9,5,"3702, 7955, 9606, 10090, 284812"
780720,9,3,"9606, 10090, 10116"
789504,9,6,"7955, 7998, 9606, 9823, 10090"
277469,9,2,"3702, 4097"
802526,9,9,"3702, 5664, 6239, 7227, 9606"
790238,9,5,"7227, 7955, 9606, 10090, 10116"
755524,9,4,"7955, 9606, 10090, 10116"
755456,9,3,"9606, 10090, 10116"
805070,9,8,"3702, 6239, 7227, 9606, 10116"
789773,9,4,"9031, 9606, 10090, 10116"
789416,9,6,"6239, 7227, 7955, 8355, 9606"
794519,9,4,"9606, 9913, 10090, 10116"
803305,9,8,"6239, 7227, 7955, 9606, 10090"
814636,9,5,"6239, 7227, 9606, 10090, 10116"
777885,9,5,"6239, 7227, 7955, 9606, 10116"
801499,9,8,"3702, 6239, 7227, 9606, 10090"
748341,9,2,"9606, 10090"
761142,9,4,"7227, 7955, 9606, 10090"
1027387,9,9,"3702, 7227, 9606, 10090, 44689"
802923,9,9,"3702, 7955, 9031, 9606, 10090"
802576,9,9,"7227, 7955, 9606, 9913, 10090"
802548,9,8,"3702, 6239, 7227, 9606, 10090"
802288,9,7,"3702, 7227, 7955, 9606, 10090"
732578,9,4,"9031, 9606, 10090, 10116"
801703,9,8,"3702, 6239, 7227, 9606, 10090"
802266,9,9,"3702, 5664, 7227, 9606, 10090"
252243,9,1,3702
802542,9,8,"6239, 7227, 9606, 10090, 44689"
802508,9,9,"3702, 7227, 7955, 9606, 10090"
1029674,9,8,"3702, 6239, 7227, 9606, 10090"
802369,9,8,"3702, 7227, 7955, 9606, 10090"
801746,9,5,"3702, 7227, 9606, 44689, 227321"
805197,9,8,"6239, 7227, 8355, 9606, 10090"
755378,9,4,"7955, 9606, 10090, 10116"
805208,9,7,"7227, 9606, 10090, 44689, 185431"
754337,9,6,"7955, 9031, 9606, 9823, 10090"
780771,9,3,"9606, 10090, 10116"
780775,9,5,"7955, 9031, 9606, 10090, 10116"
805309,9,8,"3702, 6239, 7227, 7955, 9606"
791570,9,4,"7227, 7955, 9606, 10090"
802462,9,7,"3702, 7227, 9606, 9913, 10090"
1029587,9,7,"3702, 210007, 227321, 237561, 243274"
777976,9,3,"7227, 9606, 10090"
747230,9,6,"7955, 9031, 9606, 9913, 10090"
794209,9,5,"6239, 7227, 9606, 10090, 10116"
793990,9,5,"7227, 7955, 8355, 9606, 10090"
777906,9,5,"6239, 7955, 9606, 10090, 10116"
803807,9,5,"6239, 7227, 9606, 10090, 10116"
793905,9,7,"6239, 7227, 7955, 8355, 9606"
793908,9,5,"6239, 7955, 9606, 10090, 10116"
803568,9,9,"3702, 6239, 7227, 9606, 10090"
803531,9,6,"3702, 7227, 9606, 10090, 237561"
772658,9,6,"7955, 9031, 9606, 9615, 10090"
1033242,9,9,"3702, 4536, 7227, 9606, 9913"
723313,9,1,9606
802829,9,7,"3702, 6239, 7227, 9606, 10090"
802901,9,8,"3702, 5691, 7227, 9606, 10090"
801778,9,6,"5702, 10090, 36329, 44689, 185431"
802545,9,8,"3702, 6239, 7227, 9606, 10090"
802528,9,8,"3702, 7227, 9606, 10090, 185431"
801676,9,4,"3702, 6239, 9606, 10090"
804981,9,8,"3702, 7227, 7955, 9606, 10090"
801781,9,9,"3702, 7227, 8022, 10090, 44689"
801801,9,5,"3702, 9606, 10090, 39947, 44689"
781542,9,6,"6239, 7227, 7955, 9606, 10090"
802260,9,9,"3702, 6239, 7227, 7955, 9606"
801643,9,5,"3702, 4513, 44689, 185431, 559292"
780810,9,4,"7955, 9606, 10090, 10116"
802115,9,9,"3702, 7227, 9606, 9913, 10090"
719265,9,2,"10090, 10116"
793607,9,6,"6239, 7227, 9606, 9913, 10090"
793630,9,5,"7227, 7955, 9606, 10090, 10116"
803498,9,6,"6239, 7227, 9606, 10116, 284812"
793526,9,5,"7227, 7955, 9606, 10090, 10116"
803659,9,8,"3702, 6239, 7227, 7244, 9606"
803680,9,5,"7227, 7955, 9606, 10090, 10116"
778267,9,4,"9606, 10090, 10116, 54571"
778183,9,4,"7227, 9606, 10090, 10116"
813672,9,4,"3702, 7227, 9606, 10090"
813621,9,9,"6239, 7227, 7955, 9606, 10090"
802876,9,9,"3702, 6239, 7227, 9606, 10090"
719258,9,2,"10090, 10116"
793658,9,7,"7227, 9031, 9606, 9913, 10090"
803589,9,4,"6239, 7227, 9606, 10090"
793519,9,4,"7955, 9606, 10090, 10116"
802773,9,8,"3702, 7227, 9606, 10090, 10116"
802787,9,7,"6239, 7227, 9606, 10090, 36329"
780347,9,5,"6239, 7955, 9606, 10090, 10116"
780289,9,4,"7955, 9606, 10090, 10116"
802612,9,7,"3702, 7227, 7955, 9606, 10090"
1027823,9,8,"3702, 6239, 9606, 9913, 10090"
1028315,9,9,"3702, 6239, 7955, 9031, 9606"
792985,9,5,"6239, 7227, 9606, 10090, 10116"
804941,9,2,"3702, 4072"
801739,9,7,"3702, 6239, 7227, 9606, 237561"
801740,9,8,"3702, 5702, 7227, 9606, 10116"
730144,9,3,"9615, 10090, 10116"
793076,9,6,"7227, 9606, 9823, 9986, 10090"
808108,9,6,"3702, 7955, 9606, 39946, 237561"
802159,9,7,"6239, 7227, 9606, 10090, 185431"
793037,9,7,"6239, 7227, 7955, 9606, 9986"
801677,9,8,"3702, 6239, 7227, 9606, 10090"
801630,9,9,"3702, 6239, 7227, 9606, 10090"
803797,9,8,"3702, 9606, 10116, 36329, 185431"
1033113,9,8,"3702, 9031, 9606, 10090, 10116"
1033326,9,6,"7955, 9031, 9606, 9823, 10090"
778225,9,5,"7227, 7955, 9606, 10090, 10116"
778234,9,6,"6239, 7227, 7955, 9606, 10090"
1027539,9,8,"3702, 7227, 9606, 10090, 36329"
793283,9,8,"6239, 7227, 9606, 10090, 10116"
793416,9,9,"6239, 7227, 9606, 10090, 10116"
803511,9,9,"6239, 9606, 10029, 10090, 10116"
802735,9,7,"3702, 7227, 9606, 10090, 284593"
801544,9,9,"3702, 6239, 7227, 9606, 10090"
780016,9,5,"6239, 7227, 7955, 9606, 10116"
780388,9,4,"7955, 9606, 10090, 10116"
802198,9,7,"3702, 7227, 9606, 10090, 36329"
1033126,9,8,"3702, 5664, 7955, 9606, 10090"
1033110,9,9,"3702, 7227, 9606, 10090, 36329"
1033136,9,6,"8022, 9606, 10090, 10116, 237561"
990677,9,7,"83332, 208964, 224308, 224326, 257314"
739424,9,5,"7955, 9031, 9606, 10090, 10116"
804808,9,9,"3702, 5664, 9606, 10116, 36329"
754002,9,6,"7955, 8355, 9031, 9606, 10090"
754005,9,6,"7955, 8355, 9031, 9606, 10090"
802712,9,4,"9606, 10090, 185431, 284812"
793124,9,6,"6239, 7227, 9606, 10090, 10116"
804884,9,8,"3702, 7227, 9606, 10090, 44689"
802598,9,8,"3702, 7227, 8355, 9606, 10090"
802621,9,5,"7955, 9606, 10090, 185431, 559292"
990985,9,8,"7227, 176299, 190650, 196627, 208964"
802839,9,6,"3702, 7227, 9606, 185431, 284812"
778516,9,4,"7955, 9606, 10090, 10116"
779281,9,6,"6239, 7955, 9031, 9606, 10090"
802144,9,8,"3702, 6239, 7227, 9606, 10090"
1027698,9,7,"3702, 9606, 10090, 83332, 185431"
1027754,9,4,"3635, 3702, 4113, 39947"
1027625,9,9,"3702, 7227, 9606, 9913, 10090"
751328,9,5,"9031, 9606, 10090, 10116, 59729"
804550,9,9,"3702, 7227, 9031, 9606, 10090"
802724,9,7,"3702, 7227, 9606, 9913, 10090"
752326,9,7,"7955, 9031, 9606, 9615, 9913"
804558,9,9,"3702, 6239, 7227, 9606, 9913"
804318,9,9,"6239, 7227, 9606, 10090, 10116"
761041,9,6,"6239, 7955, 8355, 9606, 10090"
804601,9,8,"3702, 6239, 7227, 9606, 10116"
793386,9,5,"7955, 8355, 9606, 9823, 10090"
802652,9,8,"6239, 7227, 9606, 10090, 10116"
801620,9,7,"3702, 7227, 7955, 9606, 185431"
801564,9,7,"3055, 7227, 9606, 9913, 10090"
793143,9,6,"7227, 9606, 9986, 10090, 10116"
802659,9,9,"3702, 7227, 9606, 10090, 10116"
802646,9,6,"3702, 7227, 9606, 10090, 185431"
802607,9,8,"3702, 6239, 7227, 7955, 9606"
793218,9,5,"7227, 9606, 10090, 284812, 559292"
801604,9,9,"3702, 7227, 9606, 10090, 10116"
727340,9,1,9606
801869,9,6,"3702, 5664, 7227, 9606, 10090"
1033129,9,9,"3702, 4577, 7955, 9606, 10090"
793155,9,7,"6239, 7227, 8355, 9606, 9986"
990823,9,7,"882, 1085, 85962, 176299, 224308"
727616,9,1,9606
727798,9,1,10090
801857,9,8,"3702, 7227, 7955, 9606, 10090"
793296,9,5,"7227, 9606, 10116, 284812, 559292"
793151,9,6,"6239, 7955, 9606, 10090, 284812"
802093,9,8,"3702, 6239, 7227, 9606, 10090"
793290,9,4,"6239, 9606, 10116, 246197"
793242,9,5,"6239, 7955, 9606, 10090, 10116"
793199,9,5,"7227, 9606, 10090, 284812, 559292"
793203,9,7,"6239, 7227, 9606, 9823, 9913"
762353,9,4,"9606, 9615, 10090, 10116"
1027279,9,8,"3702, 6239, 9606, 10090, 44689"
761368,9,4,"7955, 9606, 10090, 10116"
761596,9,7,"6239, 7227, 7955, 9606, 9913"
803118,9,8,"6239, 7227, 9606, 10116, 185431"
761567,9,5,"7955, 9606, 9913, 10090, 10116"
815838,9,8,"6239, 7227, 7955, 9606, 10090"
619665,9,1,7227
802002,9,8,"7227, 7955, 8030, 9606, 44689"
801947,9,9,"3702, 6239, 7227, 9606, 10090"
761486,9,5,"7955, 8355, 9031, 9606, 10090"
801732,9,7,"3702, 6239, 7227, 9606, 10090"
789017,9,6,"6239, 7227, 7955, 9606, 10090"
807524,9,7,"3702, 6239, 7955, 9606, 10090"
806128,9,9,"3702, 6239, 7227, 7955, 9606"
784310,9,5,"8355, 9031, 9606, 10090, 10116"
802359,9,9,"7227, 7955, 9606, 10090, 10116"
786353,9,4,"7955, 9606, 10090, 10116"
786208,9,4,"7955, 9606, 10090, 10116"
802345,9,7,"7955, 9606, 9823, 10090, 10116"
807496,9,8,"3702, 7227, 7955, 9606, 185431"
756349,9,5,"7955, 8364, 9606, 10090, 10116"
1027280,9,9,"3702, 7955, 9606, 9615, 36329"
801959,9,7,"3702, 7227, 9606, 10090, 185431"
802334,9,8,"6239, 9606, 9913, 10090, 10116"
801950,8,8,"3702, 7955, 9606, 10090, 185431"
801956,8,6,"3702, 7227, 9606, 185431, 284812"
786540,8,4,"6239, 7227, 9606, 10090"
806598,8,4,"3702, 7227, 9606, 10090"
806210,8,6,"7227, 9606, 9913, 10090, 10116"
802330,8,8,"3702, 7227, 7955, 9606, 185431"
786230,8,3,"9606, 10090, 10116"
789142,8,6,"6239, 7227, 9606, 9913, 10090"
784503,8,3,"9606, 9986, 10090"
756293,8,4,"7955, 8355, 9606, 10090"
756296,8,4,"7955, 9606, 10090, 10116"
784312,8,5,"7955, 9606, 9913, 10090, 10116"
802361,8,8,"3702, 7227, 8355, 9606, 10090"
802363,8,7,"3702, 4113, 9606, 10116, 44689"
801749,8,8,"7227, 9606, 10090, 10116, 36329"
1029516,8,7,"9606, 9823, 9913, 10090, 10116"
758900,8,6,"192, 7955, 8355, 9606, 10090"
758901,8,4,"9606, 9823, 10090, 10116"
1029676,8,8,"7227, 9606, 9913, 10090, 100226"
479414,8,4,"237561, 284593, 284812, 559292"
795302,8,4,"7227, 9606, 10090, 10116"
795386,8,4,"7227, 9606, 10090, 10116"
795171,8,6,"6239, 7227, 7955, 9606, 10090"
746484,8,7,"7955, 9031, 9606, 9823, 9913"
803136,8,7,"6239, 7227, 9606, 10090, 10116"
761921,8,4,"9606, 9913, 10090, 10116"
761577,8,6,"6239, 7227, 7955, 9606, 10090"
763359,8,4,"7955, 9606, 10090, 10116"
761436,8,5,"7227, 9606, 9615, 10090, 10116"
803116,8,7,"3702, 6239, 7227, 9606, 10090"
803200,8,8,"3702, 7227, 9606, 9615, 10116"
803201,8,7,"3702, 7227, 7955, 9606, 9615"
803249,8,7,"3702, 7227, 9606, 44689, 227321"
802023,8,7,"3702, 7227, 9606, 36329, 185431"
654071,8,2,"6239, 7227"
1027336,8,6,"3702, 6239, 7227, 9606, 10116"
803140,8,8,"3702, 6239, 9606, 10090, 10116"
795421,8,4,"6239, 9606, 10090, 10116"
313946,8,3,"3641, 3702, 39947"
802440,8,7,"3702, 9606, 10029, 10090, 10116"
802385,8,8,"3702, 6239, 7227, 7955, 9606"
758237,8,5,"7955, 9606, 9913, 10090, 10116"
782135,8,5,"7955, 8355, 9606, 10090, 10116"
758242,8,4,"7955, 9606, 10090, 10116"
758617,8,5,"7955, 9031, 9606, 10090, 10116"
783321,8,3,"9606, 10090, 10116"
736525,8,3,"9606, 10090, 10116"
802389,8,5,"3702, 6239, 9606, 10090, 559292"
1028748,8,6,"5664, 7227, 9606, 10090, 44689"
1029547,8,7,"3702, 9606, 10090, 36329, 185431"
789214,8,4,"6239, 7227, 9606, 10090"
789168,8,5,"7227, 8355, 9606, 10090, 10116"
756090,8,3,"7955, 9606, 10090"
831935,8,5,"7227, 7955, 9606, 284812, 559292"
772937,8,5,"7955, 9606, 9823, 10090, 10116"
770269,8,4,"7998, 9606, 10090, 10116"
801861,8,8,"3702, 6239, 7227, 8355, 9606"
802071,8,5,"6239, 7227, 9606, 284812, 559292"
802275,8,6,"3702, 6239, 7227, 7955, 10090"
805983,8,6,"3702, 6239, 7227, 7955, 9606"
806034,8,7,"7227, 9606, 10090, 185431, 237561"
404040,8,1,559292
1027717,8,4,"3055, 3702, 4113, 208964"
1027718,8,7,"3702, 7227, 9606, 10090, 10116"
802685,8,5,"3702, 6239, 7227, 9606, 10116"
802699,8,3,"3702, 9606, 10090"
804062,8,6,"3702, 7227, 8030, 9606, 10090"
319456,8,2,"3635, 3702"
811833,8,5,"3635, 3702, 4565, 39947, 412133"
778536,8,4,"6239, 7227, 9606, 10090"
801595,8,7,"3702, 7227, 7955, 9606, 10116"
778237,8,4,"7955, 9606, 10090, 10116"
824091,8,2,"237561, 559292"
752649,8,7,"7955, 9606, 9823, 9913, 9986"
804629,8,7,"3702, 9606, 10090, 10116, 44689"
793272,8,4,"7227, 9606, 284812, 559292"
804482,8,4,"7227, 9606, 10090, 10116"
802756,8,6,"3702, 7227, 9606, 10090, 284812"
793207,8,4,"9606, 10090, 284812, 559292"
801656,8,7,"3702, 7227, 9606, 10090, 237561"
811331,8,5,"6239, 7227, 9606, 10090, 44689"
760595,8,4,"9606, 10090, 10116, 212042"
811467,8,7,"7227, 9606, 10090, 237561, 284812"
779961,8,4,"6239, 7955, 9606, 10090"
811223,8,8,"3702, 6239, 7227, 9606, 10090"
801588,8,8,"7159, 7227, 7955, 9606, 10090"
1027692,8,8,"9606, 10090, 10116, 44689, 185431"
1027836,8,5,"3702, 44689, 83333, 196627, 208964"
739982,8,3,"9606, 10090, 10116"
1027832,8,8,"5664, 7227, 9606, 10090, 10116"
779894,8,6,"6239, 7227, 9606, 9913, 10090"
759238,8,3,"7955, 9606, 10090"
752751,8,4,"9606, 9913, 10090, 10116"
804751,8,6,"3702, 3847, 9606, 10090, 227321"
793392,8,8,"6239, 7227, 9606, 10090, 10116"
793429,8,5,"6239, 7227, 9606, 10090, 10116"
793408,8,4,"6239, 7227, 9606, 10090"
803883,8,5,"3702, 7227, 9606, 284812, 559292"
752526,8,3,"9606, 10090, 10116"
803943,8,6,"6239, 7227, 7955, 9606, 10090"
777971,8,5,"7227, 7719, 9606, 10090, 10116"
1027634,8,8,"3702, 9031, 9606, 10090, 10116"
793800,8,6,"7227, 7955, 9606, 10090, 10116"
803512,8,7,"7227, 9606, 10090, 10116, 237561"
804332,8,4,"7227, 9606, 10090, 59729"
802772,8,4,"7955, 9606, 9615, 10090"
802748,8,4,"3702, 7227, 36329, 185431"
761245,8,4,"7955, 9031, 9606, 10090"
761121,8,5,"6239, 7227, 9606, 10090, 10116"
812818,8,6,"3702, 7227, 9606, 10090, 39947"
793046,8,5,"6239, 7227, 7955, 9606, 10090"
802173,8,8,"3702, 6239, 7227, 10090, 227321"
754142,8,3,"9606, 9823, 10090"
754046,8,4,"7955, 9606, 10090, 10116"
754029,8,4,"7955, 9606, 10090, 10116"
754035,8,6,"9031, 9606, 9823, 9913, 10090"
811374,8,5,"9031, 9606, 10090, 10116, 44689"
802175,8,7,"7227, 9606, 9986, 10090, 10116"
801600,8,8,"3702, 6239, 7227, 8355, 9606"
801593,8,5,"3702, 7227, 9606, 10090, 559292"
802611,8,7,"3702, 9606, 9913, 10090, 185431"
990666,8,6,"882, 83333, 208964, 224308, 258594"
804909,8,7,"3702, 7227, 9031, 9606, 10116"
804820,8,7,"3702, 7227, 9606, 10090, 36329"
754083,8,4,"7955, 9606, 10090, 10116"
804929,8,7,"3702, 7227, 9606, 10090, 10116"
746012,8,8,"7955, 8090, 8355, 9606, 9823"
802836,8,7,"3702, 7227, 9606, 10090, 237561"
1033112,8,8,"882, 3702, 7227, 9606, 208964"
802060,8,7,"3702, 5664, 7955, 9606, 10090"
749362,8,2,"9606, 10090"
793651,8,6,"6239, 7227, 7955, 9606, 10090"
813557,8,6,"3702, 6239, 7227, 9606, 10090"
812456,8,5,"3702, 6239, 9606, 10090, 10116"
1029822,8,8,"3702, 7227, 9606, 36329, 185431"
802195,8,8,"7955, 9606, 10090, 10116, 185431"
780215,8,5,"7227, 7955, 9606, 10090, 10116"
802574,8,8,"3702, 7227, 9606, 9913, 10090"
1027997,8,7,"3702, 5702, 6239, 6279, 185431"
803428,8,5,"6239, 7227, 9606, 10090, 10116"
747944,8,1,9606
793497,8,6,"6239, 7227, 7955, 9606, 10090"
739484,8,2,"9606, 10090"
801649,8,8,"3702, 7227, 7955, 9606, 10090"
793005,8,6,"6239, 7227, 9606, 10090, 10116"
809634,8,6,"9606, 9823, 9913, 9986, 10116"
804985,8,8,"3702, 7227, 7955, 8090, 9606"
754115,8,5,"7955, 8355, 9606, 10090, 10116"
754163,8,4,"7955, 9606, 10090, 10116"
754322,8,7,"7955, 8355, 8364, 9031, 9823"
802776,8,8,"3702, 6239, 9606, 10090, 10116"
793643,8,5,"6239, 7955, 9606, 10090, 10116"
793414,8,3,"9606, 284812, 559292"
803780,8,4,"9606, 10029, 284812, 559292"
726751,8,3,"9606, 10090, 10116"
1033130,8,8,"3702, 9606, 10090, 36329, 137071"
802204,8,8,"3702, 7227, 9606, 10090, 10116"
754212,8,5,"7955, 9031, 9606, 10090, 10116"
53529,8,1,44689
802885,8,6,"3702, 7227, 9606, 10090, 284812"
803586,8,8,"3702, 7227, 7955, 9606, 10090"
803608,8,5,"3702, 9606, 10090, 284812, 559292"
793960,8,5,"6239, 7227, 9606, 10090, 10116"
803429,8,7,"3702, 9606, 10116, 237561, 284593"
802869,8,6,"6239, 9606, 10090, 10116, 284812"
814608,8,8,"6239, 7227, 9606, 10090, 284812"
780735,8,6,"7955, 8355, 9031, 9606, 10090"
781290,8,4,"7955, 9606, 10090, 10116"
759022,8,3,"9606, 10090, 10116"
759137,8,4,"7955, 9606, 10090, 10116"
801799,8,5,"6239, 9606, 10090, 284812, 559292"
801640,8,7,"6239, 7227, 9606, 10090, 185431"
758895,8,4,"9606, 10090, 10116, 453591"
802882,8,8,"3702, 5661, 10090, 10116, 185431"
732057,8,3,"9606, 10090, 10116"
781514,8,5,"7227, 7955, 9606, 10090, 10116"
802207,8,7,"3702, 7955, 9606, 9913, 10090"
802241,8,7,"3702, 6087, 6239, 7227, 7955"
802533,8,8,"6239, 7227, 7955, 9606, 9823"
802534,8,8,"3702, 6239, 10090, 10116, 44689"
802543,8,7,"6239, 7227, 7955, 9031, 9606"
754125,8,7,"7955, 8355, 9031, 9606, 9913"
1027437,8,8,"3702, 7227, 7955, 9606, 10116"
793547,8,5,"7227, 7955, 8355, 9606, 10090"
802269,8,8,"6239, 7227, 7955, 10090, 185431"
1033117,8,8,"7955, 9606, 10090, 103690, 194439"
804977,8,7,"3702, 7227, 9606, 9913, 10090"
804978,8,6,"727, 3702, 7227, 7955, 9606"
252121,8,1,3702
755374,8,4,"7955, 8355, 9606, 10090"
801492,8,6,"3702, 7227, 7955, 9606, 10090"
748395,8,8,"7955, 7998, 9031, 9541, 9606"
794243,8,6,"7227, 9606, 9823, 10090, 10116"
803407,8,5,"3702, 7227, 9606, 284812, 559292"
803348,8,8,"6239, 7227, 9606, 10090, 44689"
1027407,8,8,"3702, 9606, 10090, 10116, 186497"
803460,8,5,"3702, 9606, 10090, 10116, 93061"
1027405,8,8,"3702, 5691, 7227, 9606, 44689"
802556,8,8,"3702, 6239, 7227, 9606, 10116"
801757,8,8,"3702, 6239, 7227, 9606, 10090"
802029,8,7,"3702, 7227, 7955, 9606, 10090"
761325,8,8,"6239, 7227, 7955, 9606, 9913"
746202,8,5,"7955, 9606, 9823, 10090, 10116"
1027454,8,8,"6239, 7227, 9606, 9913, 10090"
801552,8,6,"3702, 6239, 7227, 8355, 9606"
801482,8,7,"3702, 7227, 9606, 10090, 185431"
780490,8,5,"6239, 9606, 9823, 10090, 10116"
1028531,8,5,"3702, 4072, 4081, 4577, 39947"
755417,8,5,"7955, 9031, 9606, 10090, 10116"
790506,8,6,"7227, 7955, 8355, 9606, 10090"
805329,8,6,"7227, 36329, 237561, 284593, 284812"
805336,8,5,"6239, 7227, 7955, 9606, 10090"
1028701,8,8,"3702, 5664, 7227, 9606, 10090"
802497,8,5,"6239, 9606, 10090, 10116, 284812"
777964,8,4,"7955, 9606, 10090, 10116"
778106,8,4,"7227, 9606, 10090, 10116"
778029,8,5,"7227, 9031, 9606, 10090, 10116"
761468,8,5,"6687, 7955, 9606, 10090, 10116"
794006,8,6,"6239, 7227, 7955, 9606, 10090"
801523,8,8,"3055, 5888, 7227, 7955, 9606"
803426,8,7,"3702, 6239, 7227, 9606, 10090"
803558,8,8,"5664, 5691, 36329, 185431, 227321"
807787,8,5,"7227, 9606, 9986, 10090, 10116"
808147,8,6,"3702, 7227, 9606, 237561, 284812"
781508,8,5,"7955, 8355, 9606, 10090, 10116"
780728,8,6,"7955, 9031, 9606, 9940, 10090"
807719,8,3,"7227, 9606, 10090"
268175,8,1,3702
789193,8,5,"7227, 7955, 9606, 10090, 10116"
807604,8,8,"3702, 6239, 7227, 7955, 9606"
755538,8,4,"7955, 9606, 10090, 10116"
789666,8,3,"9606, 10090, 10116"
780713,8,5,"6239, 7227, 9606, 10090, 10116"
759237,8,3,"7955, 9606, 10090"
805584,8,8,"3702, 7227, 9606, 9913, 10090"
802479,8,7,"7227, 9606, 9913, 10090, 10116"
801684,8,8,"7227, 9606, 36329, 44689, 185431"
781575,8,6,"7227, 7955, 8355, 9606, 10090"
803294,8,5,"7227, 7955, 9606, 10090, 44689"
802277,8,5,"3702, 7955, 9606, 10090, 10116"
755393,8,4,"7955, 9606, 10090, 10116"
789717,8,4,"7955, 9606, 10090, 10116"
789464,8,3,"6239, 7227, 10090"
789450,8,3,"7227, 9606, 10090"
783200,8,4,"7955, 9606, 10090, 10116"
805610,8,4,"7955, 9606, 10090, 559292"
723643,8,1,9606
1033261,8,4,"227321, 237561, 284812, 559292"
802097,8,6,"7227, 7955, 9606, 10090, 44689"
801844,8,7,"3702, 6239, 7227, 7955, 9606"
801813,8,4,"3702, 9606, 284812, 559292"
794201,8,8,"6239, 7227, 8355, 9031, 9606"
803314,8,7,"3702, 6239, 9606, 10090, 44689"
794324,8,8,"6239, 7227, 9606, 10090, 10116"
1027334,8,7,"3702, 7227, 9606, 39947, 185431"
802987,8,5,"3702, 5664, 185431, 284812, 559292"
819949,8,2,"3702, 39946"
765835,8,4,"7955, 9606, 9823, 10090"
763443,8,5,"7955, 9031, 9606, 10090, 10116"
794499,8,4,"7227, 9606, 10090, 10116"
803238,8,8,"3702, 7227, 9606, 10090, 237561"
769729,8,4,"9606, 9823, 10090, 10116"
815385,8,3,"3702, 4577, 39947"
801536,8,7,"6239, 7227, 9606, 10090, 10116"
801495,8,8,"3702, 7955, 9606, 10090, 10116"
803272,8,6,"7668, 9606, 10090, 10116, 44689"
803414,8,7,"3702, 6239, 9606, 10090, 36329"
794216,8,6,"7227, 7955, 9606, 10090, 284812"
746822,8,5,"7955, 8355, 9606, 10090, 10116"
1027331,8,7,"3702, 7227, 9031, 9606, 10090"
802446,8,7,"3702, 6239, 7227, 9606, 10090"
802431,8,8,"3702, 6239, 7227, 9606, 185431"
802413,8,7,"3702, 7955, 9606, 10090, 185431"
783202,8,4,"7955, 9606, 10090, 10116"
802284,8,7,"3702, 6239, 7227, 9606, 10090"
733429,8,1,10090
803002,8,7,"3702, 7227, 9606, 10090, 39947"
770364,8,5,"7955, 9031, 9606, 10090, 10116"
737715,8,4,"9606, 9913, 10090, 10116"
789342,8,5,"6239, 7227, 9606, 10090, 10116"
756272,8,6,"7955, 9031, 9606, 9823, 10090"
805852,8,7,"3702, 7227, 9606, 9913, 10090"
805867,8,5,"3702, 9606, 10090, 284812, 559292"
756321,8,4,"9606, 9823, 10090, 10116"
802420,8,8,"3702, 6239, 7955, 9606, 10090"
1028662,8,6,"3702, 83332, 227321, 284812, 559292"
802443,8,7,"5691, 7227, 9606, 10090, 185431"
1029381,8,3,"7227, 9606, 10090"
1029627,8,5,"9606, 10090, 10116, 510516, 559292"
802320,8,8,"3702, 7227, 7955, 9606, 10090"
802327,8,7,"3702, 7955, 9606, 10090, 237561"
1038435,8,4,"9606, 9986, 10090, 10116"
618088,8,1,7227
803193,8,8,"3702, 6239, 7227, 9606, 9913"
702006,8,2,"7955, 8030"
710268,8,1,9031
478624,8,6,"227321, 237561, 284593, 284812, 330879"
801883,8,8,"3702, 6239, 7227, 9913, 10090"
801885,8,5,"6239, 7227, 7955, 9606, 10090"
801919,8,8,"3702, 6239, 7227, 9913, 10090"
801962,8,7,"3702, 6239, 7227, 9606, 10090"
629175,8,1,7227
783206,8,6,"7955, 8355, 9031, 9606, 10090"
807586,8,6,"7227, 7955, 9606, 10116, 284812"
807698,8,3,"3702, 39947, 237561"
801849,8,6,"3702, 9606, 10090, 237561, 284812"
801901,8,1,3702
1034068,8,8,"6239, 7955, 9606, 10090, 10116"
762223,8,5,"7955, 9031, 9606, 10090, 10116"
761640,8,6,"7955, 8355, 9031, 9606, 10090"
815645,8,3,"3702, 9606, 10090"
763555,8,4,"7955, 9606, 10090, 10116"
765520,8,3,"9606, 9913, 10090"
815629,8,4,"3702, 7227, 9606, 10090"
816109,8,5,"6239, 7227, 9606, 10090, 10116"
1027316,8,8,"3702, 7227, 9606, 185431, 273057"
1027302,8,7,"3702, 7227, 9606, 10090, 185431"
1027415,8,8,"3702, 9606, 10090, 36329, 185431"
793331,8,7,"6239, 7227, 8355, 9606, 10090"
759569,8,2,"9606, 10090"
759560,8,4,"7955, 9606, 10090, 10116"
1031936,8,8,"3702, 5691, 7227, 9606, 10090"
801837,8,8,"3702, 6239, 7227, 9606, 10090"
804695,8,7,"7227, 7955, 8355, 9606, 10090"
804708,8,7,"3702, 7227, 9606, 10029, 10090"
793101,8,6,"6239, 7227, 7955, 9606, 10090"
804604,8,7,"3702, 6239, 7227, 9606, 10090"
804352,8,8,"6087, 6669, 7227, 7955, 9606"
793185,8,6,"9606, 9913, 10116, 10141, 284812"
801839,8,7,"3702, 6239, 7227, 9606, 9913"
727806,8,3,"9541, 9606, 10090"
801843,8,7,"3702, 7227, 9606, 9615, 185431"
804627,8,5,"3702, 6239, 9606, 10090, 36329"
793330,8,5,"7227, 9031, 9606, 9913, 10090"
1027257,8,7,"3702, 44689, 100226, 224308, 243273"
802146,8,8,"3702, 6239, 7227, 9606, 10090"
1033191,8,7,"3702, 9606, 10090, 10116, 227321"
804643,8,7,"3702, 7227, 9606, 10116, 185431"
740810,8,3,"9606, 10090, 10116"
793255,8,6,"6239, 7227, 7955, 9606, 10090"
793192,8,3,"7227, 9606, 10090"
752484,8,6,"7955, 9031, 9606, 9913, 10090"
795444,8,4,"6239, 9606, 10090, 10116"
761924,8,4,"7227, 9606, 10090, 10116"
762387,8,2,"9606, 10090"
816449,8,6,"6239, 7227, 9606, 10090, 10116"
762824,8,4,"7227, 7955, 9606, 10116"
803061,8,5,"7227, 9606, 10090, 10116, 185431"
803095,8,6,"3702, 6239, 9606, 10090, 284812"
1027317,8,7,"3702, 7227, 9606, 10090, 94122"
816293,7,7,"7227, 7955, 9606, 10090, 10116"
629342,7,1,7227
482027,7,6,"5478, 227321, 237561, 284593, 284812"
802013,7,5,"7227, 9606, 10090, 36329, 559292"
802018,7,5,"7227, 9606, 10090, 10116, 559292"
802040,7,7,"3702, 7227, 9606, 10090, 185431"
802042,7,7,"3702, 6239, 7227, 10090, 10116"
721826,7,1,9606
761803,7,5,"6239, 7955, 9606, 10090, 10116"
761786,7,4,"7955, 9606, 10090, 10116"
761627,7,5,"6239, 7955, 9606, 10090, 10116"
762167,7,5,"6239, 7227, 9606, 10090, 10116"
761628,7,4,"6239, 7955, 9606, 10090"
770408,7,3,"9606, 10090, 10116"
1035465,7,3,"3635, 3702, 39947"
802011,7,7,"3702, 5691, 7227, 7955, 9606"
482175,7,6,"227321, 237561, 284593, 284812, 330879"
801906,7,6,"3702, 7227, 9606, 9913, 10090"
801845,7,5,"3702, 9031, 9606, 10090, 10116"
801925,7,6,"7227, 7955, 9606, 10090, 10116"
789064,7,4,"7227, 9606, 9823, 10090"
789107,7,5,"7955, 8355, 9606, 10090, 10116"
789063,7,5,"6239, 7955, 9606, 10090, 10116"
785211,7,7,"7955, 8090, 8355, 9606, 10090"
276834,7,2,"3702, 39947"
276876,7,2,"3702, 4097"
807534,7,6,"3702, 6239, 7227, 185431, 284812"
404605,7,3,"237561, 284593, 559292"
733182,7,2,"9606, 10090"
802311,7,7,"3702, 7955, 9606, 185431, 237561"
802406,7,6,"3702, 5664, 7227, 9606, 10090"
802037,7,7,"3702, 6239, 7227, 9606, 10090"
1033944,7,7,"882, 3702, 9606, 10090, 170187"
802117,7,7,"5702, 9606, 10090, 10116, 185431"
802043,7,5,"3702, 7955, 9606, 284812, 559292"
801996,7,6,"3702, 6239, 7227, 9606, 284812"
1027404,7,7,"3702, 7227, 9031, 9606, 10090"
795401,7,4,"6239, 7955, 9606, 10090"
803252,7,7,"6239, 7227, 7955, 9606, 10090"
747130,7,6,"7955, 7994, 8355, 9031, 9606"
1027395,7,7,"3702, 7227, 9606, 10090, 36329"
746524,7,6,"7955, 8364, 9606, 9823, 10090"
803289,7,6,"7227, 9606, 10090, 10116, 284812"
803215,7,5,"6239, 9606, 10116, 284812, 559292"
1029389,7,7,"3702, 7227, 10090, 10116, 44689"
1029391,7,7,"3702, 6239, 7227, 9606, 9986"
732860,7,3,"9606, 10090, 10116"
1029233,7,5,"3635, 7227, 9606, 10090, 10116"
784108,7,5,"6239, 7227, 7955, 9606, 10090"
784062,7,4,"7227, 7955, 9606, 10090"
758873,7,4,"7955, 9606, 10090, 10116"
758928,7,4,"7955, 9606, 10090, 10116"
736687,7,3,"9031, 9606, 10090"
784144,7,5,"7227, 7955, 9606, 10090, 10116"
789020,7,4,"6239, 7227, 9606, 10090"
802347,7,7,"3702, 6239, 9606, 10090, 237561"
802367,7,7,"3702, 7955, 9606, 10090, 237561"
819271,7,7,"7227, 7955, 9031, 9606, 10090"
802020,7,7,"3702, 6239, 7227, 7955, 9606"
803243,7,6,"3702, 7227, 9606, 10090, 284812"
822305,7,2,"7227, 9606"
820466,7,3,"227321, 237561, 559292"
746858,7,5,"7955, 9031, 9606, 10090, 10116"
794626,7,3,"9606, 10090, 10116"
803221,7,3,"3702, 7227, 9606"
818171,7,5,"7955, 9606, 10090, 10116, 185431"
746951,7,5,"7955, 8030, 9606, 9823, 10090"
802401,7,7,"3702, 7227, 9606, 10090, 237561"
802403,7,6,"3702, 6239, 7227, 9606, 284812"
737956,7,6,"9031, 9103, 9606, 9823, 10090"
1029029,7,4,"3702, 4097, 284812, 510516"
801705,7,7,"3702, 6239, 7227, 9606, 10090"
789075,7,5,"7227, 8355, 9606, 10090, 10116"
789089,7,4,"7227, 9031, 9606, 10090"
736486,7,6,"9031, 9606, 9823, 9913, 10090"
801731,7,7,"3055, 6239, 7227, 7955, 9606"
736637,7,6,"9031, 9103, 9606, 9986, 10090"
789145,7,5,"6239, 7227, 9606, 10090, 10116"
802967,7,6,"3702, 6239, 7227, 9606, 9913"
801478,7,7,"3702, 6239, 7227, 9606, 10090"
803303,7,4,"6945, 7227, 9606, 559292"
803366,7,5,"3702, 6239, 9606, 284812, 559292"
801496,7,5,"3702, 6239, 9606, 284812, 559292"
803306,7,4,"7227, 7955, 9606, 10090"
794464,7,5,"7227, 9606, 9986, 10090, 10116"
803269,7,4,"7955, 9606, 10090, 10116"
803296,7,7,"3702, 7227, 9606, 10090, 10116"
774581,7,4,"7955, 9606, 10090, 10116"
773004,7,4,"9606, 9913, 10090, 10116"
814930,7,6,"7955, 9606, 10090, 227321, 237561"
803301,7,6,"3702, 7227, 9606, 44689, 284812"
814852,7,5,"9606, 9823, 9913, 10090, 10116"
816012,7,7,"7227, 9606, 9913, 10090, 237561"
801810,7,5,"7227, 44689, 237561, 284812, 559292"
801811,7,5,"6239, 9606, 284593, 284812, 559292"
723824,7,2,"10090, 10116"
725012,7,3,"9606, 10090, 10116"
724400,7,2,"9606, 10090"
1033348,7,4,"2850, 3702, 6239, 44689"
794202,7,4,"7227, 9606, 10090, 10116"
793981,7,4,"7227, 9606, 10090, 10116"
803322,7,6,"9606, 10090, 85618, 237561, 284812"
748433,7,5,"9031, 9606, 9940, 10090, 10116"
801863,7,6,"7227, 9606, 10090, 10116, 284812"
58037,7,2,"5691, 185431"
803461,7,7,"3702, 6239, 7227, 7955, 9606"
794231,7,5,"7955, 9606, 10090, 284812, 559292"
831891,7,4,"7955, 9606, 10090, 10116"
789299,7,2,"9606, 10090"
783223,7,3,"7955, 9606, 10090"
807806,7,6,"3702, 4081, 7227, 9606, 10090"
807722,7,6,"3702, 7227, 9606, 10090, 10116"
807694,7,6,"3702, 7227, 9606, 9615, 9913"
758257,7,4,"8355, 9606, 10090, 10116"
756091,7,5,"7955, 8355, 9031, 9606, 10090"
756164,7,5,"7955, 9031, 9606, 10090, 10116"
756032,7,5,"7955, 9031, 9606, 10090, 10116"
756099,7,5,"7955, 9606, 9913, 10090, 10116"
801572,7,7,"3702, 6239, 7227, 9606, 10090"
801550,7,6,"3702, 9606, 10090, 237561, 284812"
1027388,7,6,"3702, 7227, 9606, 10090, 284812"
1027406,7,7,"6239, 7227, 9606, 10090, 44689"
1027399,7,6,"3702, 227321, 237561, 284593, 284812"
793961,7,3,"9606, 10090, 10116"
801508,7,2,"3702, 6239"
802935,7,5,"7227, 9606, 10116, 284812, 559292"
747516,7,4,"9031, 9606, 10090, 10116"
747315,7,5,"7955, 9606, 9913, 10090, 10116"
747193,7,5,"8355, 9606, 9615, 10090, 10116"
794189,7,7,"7227, 9606, 9913, 10090, 237561"
814213,7,4,"237561, 284812, 330879, 559292"
720124,7,1,9606
719466,7,2,"10090, 10116"
1033369,7,3,"9606, 10090, 10116"
1033365,7,5,"3702, 4577, 227321, 284812, 559292"
802439,7,6,"3702, 7227, 9606, 9913, 36329"
801679,7,5,"3702, 7227, 9606, 10090, 185431"
1028704,7,4,"7227, 9606, 10090, 10116"
737789,7,3,"9606, 10090, 10116"
1028864,7,6,"3702, 39947, 227321, 237561, 330879"
805773,7,7,"3702, 7227, 9606, 9913, 10090"
789323,7,5,"7227, 7955, 9606, 10090, 93061"
756242,7,5,"7955, 9031, 9606, 10090, 10116"
789282,7,4,"6239, 7227, 7955, 9606"
805923,7,5,"6239, 9606, 9913, 10090, 10116"
806018,7,7,"3702, 7955, 9606, 10090, 10116"
805865,7,6,"7227, 9606, 10090, 10116, 284812"
805847,7,6,"7955, 9031, 9606, 10090, 10116"
777948,7,3,"7227, 9606, 10090"
814216,7,4,"3702, 8364, 9606, 10116"
814432,7,5,"6239, 7227, 9606, 10090, 10116"
777963,7,4,"7227, 7955, 9606, 10090"
777848,7,3,"7955, 9606, 10090"
761495,7,6,"7227, 7955, 9606, 9913, 10090"
777984,7,5,"6239, 7227, 7955, 9606, 10090"
778005,7,3,"9606, 10090, 10116"
794018,7,4,"7227, 9606, 10090, 10116"
249950,7,1,3702
793916,7,4,"9606, 10090, 10116, 595528"
793921,7,5,"6239, 7227, 7955, 9606, 10090"
794011,7,5,"9606, 9986, 10090, 284812, 330879"
761418,7,5,"7227, 7955, 9606, 10090, 10116"
803485,7,3,"3702, 39947, 185431"
803423,7,5,"3702, 9606, 10090, 39947, 185431"
803380,7,6,"3702, 9606, 10090, 44689, 237561"
793988,7,5,"6239, 7227, 9606, 10090, 10116"
782660,7,3,"9606, 10090, 10116"
277584,7,2,"3702, 39947"
781699,7,5,"7955, 9031, 9606, 10090, 10116"
807709,7,6,"2286, 3702, 7227, 9606, 10090"
807599,7,7,"6239, 7227, 9606, 10090, 237561"
781998,7,5,"7227, 8355, 9606, 10090, 10116"
784026,7,5,"7227, 7955, 9606, 10090, 10116"
733259,7,3,"9606, 10090, 10116"
733543,7,2,"9606, 10090"
735164,7,2,"9606, 10090"
802338,7,7,"3702, 7955, 9606, 10090, 185431"
265285,7,1,3702
789538,7,6,"6239, 7227, 7955, 9606, 10090"
805611,7,4,"3702, 6239, 9606, 10090"
805612,7,7,"3702, 7227, 9606, 9913, 10090"
802902,7,7,"3702, 7227, 9606, 44689, 185431"
802927,7,5,"9606, 10090, 10116, 44689, 330879"
802809,7,7,"3702, 7955, 9606, 10090, 185431"
1027427,7,6,"1050, 9606, 10090, 243232, 284812"
793952,7,5,"7227, 7955, 9606, 10090, 10116"
793783,7,5,"6239, 7227, 7955, 9606, 10090"
793946,7,3,"6239, 9606, 10090"
803542,7,3,"9606, 10090, 185431"
803492,7,6,"3702, 7227, 9606, 10116, 284593"
793578,7,6,"6239, 7227, 8355, 9606, 10090"
778148,7,4,"7227, 9606, 10090, 10116"
778181,7,4,"7955, 9606, 10090, 10116"
778048,7,4,"7955, 9606, 10090, 10116"
805620,7,6,"3702, 6239, 7227, 7955, 9606"
805782,7,4,"9606, 9913, 10090, 10116"
755526,7,2,"9606, 10090"
755484,7,3,"9606, 10090, 10116"
790068,7,5,"7955, 8030, 9606, 10090, 588858"
790092,7,5,"7227, 7955, 9606, 10090, 10116"
789785,7,5,"7227, 7955, 9606, 10090, 10116"
805588,7,7,"7227, 9606, 10090, 10116, 93838"
789781,7,5,"6239, 7955, 9606, 10090, 10116"
805556,7,7,"3702, 6239, 7227, 9606, 10090"
268063,7,1,3702
267948,7,2,"3635, 3702"
805676,7,4,"3702, 9606, 10090, 10116"
805724,7,7,"3702, 7227, 9606, 9913, 10090"
789429,7,6,"6239, 7227, 9606, 9913, 10090"
802154,7,7,"3702, 7227, 7955, 9606, 10090"
726848,7,2,"9606, 10090"
802099,7,7,"6239, 7227, 9606, 10116, 185431"
802178,7,7,"3702, 6239, 7227, 9606, 10090"
802106,7,5,"7227, 9606, 10090, 284812, 559292"
802065,7,7,"3702, 9606, 10090, 10116, 185431"
720197,7,1,9606
802056,7,4,"6239, 7955, 9606, 10090"
802812,7,7,"3702, 7227, 7955, 9606, 185431"
793478,7,5,"6239, 7955, 9606, 10090, 10116"
793777,7,6,"6239, 7227, 7955, 9606, 10090"
319697,7,3,"3702, 3847, 39947"
320493,7,1,3702
802920,7,6,"7227, 9606, 44689, 185431, 284812"
802832,7,6,"3702, 7227, 9606, 185431, 284812"
802774,7,7,"3702, 7227, 9606, 44689, 185431"
778122,7,5,"7955, 8355, 9606, 10090, 10116"
1033315,7,7,"3702, 6239, 7227, 9606, 10090"
1033226,7,6,"7227, 9606, 9913, 10090, 284812"
802860,7,6,"3702, 7227, 7955, 9606, 10090"
761089,7,4,"7955, 9606, 10090, 10116"
823594,7,3,"7227, 9606, 10090"
778236,7,4,"6239, 7227, 9606, 9615"
778396,7,5,"7955, 9606, 9913, 10090, 10116"
813657,7,5,"3702, 39947, 227321, 284812, 559292"
761186,7,3,"7227, 7955, 9606"
761058,7,4,"7955, 9606, 10090, 10116"
803819,7,7,"6239, 7227, 9606, 10090, 227321"
802778,7,6,"7955, 9606, 10090, 237561, 284812"
745599,7,6,"7955, 8355, 9031, 9606, 10090"
802521,7,7,"3702, 7227, 8355, 9606, 10090"
802470,7,7,"3702, 6239, 7227, 9606, 10090"
738348,7,7,"9031, 9606, 9823, 9986, 10090"
781553,7,4,"7955, 9606, 10090, 10116"
807853,7,7,"6239, 7227, 9606, 10090, 44689"
802491,7,7,"3702, 7227, 9606, 10090, 237561"
802481,7,7,"3702, 7227, 9913, 10090, 185431"
759286,7,4,"9031, 9606, 10090, 10116"
782166,7,3,"6239, 9606, 10090"
805550,7,5,"3635, 3702, 6239, 9606, 10090"
805566,7,5,"3702, 6239, 7227, 9606, 10090"
805594,7,6,"3702, 9606, 10090, 185431, 284812"
793470,7,5,"6239, 7227, 9606, 10090, 10116"
793370,7,7,"6239, 7227, 9606, 10090, 237561"
793510,7,6,"6239, 7227, 9031, 9606, 10090"
749014,7,6,"7955, 9544, 9606, 9823, 10090"
320594,7,1,3702
749164,7,1,9606
793448,7,5,"6239, 7227, 7955, 9606, 10090"
793508,7,5,"7227, 9606, 10090, 284812, 559292"
793457,7,5,"6239, 7955, 9606, 10090, 10116"
804337,7,6,"6239, 7227, 9606, 10090, 284812"
804286,7,7,"6239, 7227, 7955, 9606, 10116"
803931,7,3,"9606, 10090, 10116"
745628,7,4,"7955, 9606, 10090, 10407"
804019,7,6,"3702, 6239, 9606, 10090, 284812"
314083,7,1,3702
754438,7,3,"9606, 10090, 10116"
754488,7,6,"7955, 8355, 9606, 9823, 10090"
755424,7,3,"9606, 10090, 10116"
805265,7,4,"237561, 284812, 294748, 559292"
314009,7,5,"3635, 3702, 3847, 4113, 39947"
790437,7,6,"7955, 9031, 9606, 9615, 10090"
790275,7,4,"7227, 9606, 10090, 10116"
755598,7,6,"7955, 9606, 9913, 9940, 10090"
259712,7,1,3880
792976,7,5,"6239, 9606, 9913, 10090, 10116"
792243,7,1,9606
790099,7,7,"6239, 7955, 8355, 9031, 9606"
738916,7,5,"7955, 8355, 9606, 10090, 10116"
738937,7,6,"7955, 8355, 9031, 9606, 10090"
1028543,7,5,"7227, 9606, 10090, 284593, 559292"
1028534,7,4,"3702, 36329, 284812, 559292"
1028486,7,5,"3702, 6239, 7227, 9606, 185431"
761259,7,4,"7227, 8355, 9606, 10116"
801855,7,6,"3702, 6239, 7955, 9606, 284812"
801543,7,7,"7227, 9606, 10090, 36329, 185431"
779898,7,6,"6239, 7227, 7955, 9606, 9913"
779447,7,4,"7227, 7955, 9031, 9606"
778646,7,4,"7955, 9606, 10090, 10116"
779237,7,5,"6239, 7227, 9606, 10090, 10116"
812775,7,5,"7227, 9606, 10090, 10116, 284812"
1033268,7,6,"3702, 6239, 9606, 185431, 284812"
802158,7,6,"3702, 9606, 185431, 237561, 284812"
726542,7,1,9606
434511,7,2,"227321, 330879"
991967,7,4,"584, 7955, 208964, 870730"
1033201,7,6,"3702, 6239, 7227, 9606, 10116"
805139,7,7,"3702, 7227, 7955, 9606, 10090"
805140,7,7,"3702, 6239, 7227, 7955, 9606"
802561,7,7,"5702, 7227, 7955, 8355, 9606"
802562,7,3,"9606, 10090, 10116"
805152,7,6,"3702, 6239, 7227, 7955, 9606"
738071,7,3,"9031, 9606, 10090"
805186,7,7,"3702, 7227, 9606, 10090, 237561"
805178,7,6,"3702, 6239, 9606, 10090, 284812"
805470,7,4,"3702, 5702, 185431, 353153"
792944,7,5,"6239, 7227, 9606, 10090, 10116"
252874,7,2,"3635, 3702"
802815,7,6,"3702, 6239, 7227, 8364, 9606"
802694,7,4,"3702, 7227, 9606, 10090"
752360,7,4,"7955, 9606, 10090, 10116"
319208,7,4,"3702, 4113, 39947, 49451"
1027828,7,2,"3702, 185431"
801569,7,5,"3702, 6239, 7227, 9606, 10090"
793232,7,5,"6239, 7227, 7955, 9606, 10090"
804247,7,5,"6239, 7227, 9606, 10090, 284812"
793300,7,7,"7227, 9606, 9913, 10090, 237561"
318919,7,3,"3702, 3755, 3847"
752650,7,3,"9606, 9913, 10090"
779954,7,4,"9606, 9823, 10090, 10116"
793311,7,6,"6239, 7227, 9606, 10116, 284812"
804321,7,3,"9606, 10090, 10116"
804139,7,6,"7227, 7955, 9606, 10116, 284812"
793307,7,5,"6239, 7227, 9606, 10090, 10116"
793385,7,7,"6239, 9606, 10090, 10116, 284812"
755377,7,4,"7955, 9606, 10090, 10116"
808259,7,6,"6239, 7227, 7955, 9606, 10090"
801787,7,7,"3702, 7227, 9606, 10090, 227321"
801767,7,6,"3988, 6239, 7227, 9606, 10090"
801768,7,4,"6239, 9606, 10090, 44689"
732392,7,1,9606
732595,7,1,9031
801758,7,7,"3702, 9606, 10090, 185431, 237561"
252412,7,3,"3635, 3702, 29729"
802267,7,7,"6192, 6239, 7955, 9606, 10090"
802333,7,6,"4577, 7227, 8355, 9606, 10090"
727118,7,4,"9606, 9986, 10090, 10116"
759595,7,6,"7955, 8022, 9606, 10090, 10116"
759530,7,3,"7955, 9606, 10090"
826449,7,6,"6239, 7227, 9606, 10090, 10116"
801818,7,7,"3702, 6239, 7227, 8355, 9031"
801870,7,4,"9606, 10090, 284812, 559292"
801826,7,5,"3055, 7227, 9606, 10090, 185431"
727010,7,3,"10090, 10116, 10141"
804618,7,7,"6239, 7227, 9606, 10090, 10116"
804594,7,3,"3702, 9606, 10090"
802132,7,5,"3702, 6239, 7227, 9606, 284812"
990921,7,3,"10090, 83332, 83333"
990888,7,3,"7955, 83332, 208964"
793224,7,5,"6239, 7227, 9606, 10116, 284812"
804641,7,7,"3702, 6239, 7227, 9606, 10090"
753915,7,4,"7955, 9606, 10090, 10116"
752563,7,4,"7955, 9606, 10090, 10116"
740816,7,2,"9606, 10090"
804719,7,7,"3702, 6239, 7227, 9606, 185431"
793247,7,4,"9606, 9986, 10090, 10116"
761036,7,4,"9606, 9986, 10090, 10116"
1033131,7,6,"7227, 9606, 9823, 9913, 10090"
801615,7,6,"6239, 7227, 9606, 10090, 44689"
802651,7,6,"6239, 7227, 7955, 9606, 10090"
802643,7,6,"3702, 6239, 7227, 9606, 10090"
761094,7,5,"6239, 7227, 9606, 10090, 10116"
761060,7,4,"2286, 7955, 9606, 10090"
779883,7,5,"7955, 8030, 9606, 10090, 10116"
779896,7,4,"6239, 7955, 9606, 10090"
760611,7,5,"7955, 9031, 9606, 10090, 10116"
59409,7,1,185431
1028194,7,4,"9606, 10090, 10116, 31033"
801792,7,6,"3702, 3847, 7955, 9606, 10090"
758969,7,5,"7955, 8355, 9606, 10090, 10116"
805067,7,5,"3702, 9606, 9913, 59729, 284812"
739121,7,3,"9606, 10090, 10116"
1028193,7,5,"7227, 9606, 9913, 10116, 44689"
754119,7,4,"9606, 9823, 10090, 10116"
754247,7,7,"8175, 8355, 8502, 9606, 9823"
990643,7,4,"85962, 208964, 233413, 419947"
990709,7,6,"354, 85962, 198628, 224308, 224326"
780090,7,6,"6239, 7227, 9606, 9986, 10090"
811307,7,7,"6239, 7955, 9606, 10090, 237561"
811202,7,6,"3702, 9606, 10090, 185431, 284812"
802744,7,5,"6239, 7227, 9606, 10090, 185431"
779857,7,5,"7227, 7955, 9606, 10090, 10116"
811321,7,6,"6239, 7227, 9606, 9913, 10090"
812475,7,7,"3702, 6239, 8355, 9606, 10090"
811315,7,5,"6239, 7227, 9606, 10090, 284812"
779819,7,5,"6239, 7227, 9606, 10090, 10116"
752662,7,6,"9031, 9103, 9606, 9913, 10090"
804847,7,6,"7227, 9606, 10090, 185431, 284812"
752876,7,6,"7955, 8355, 9031, 9606, 10090"
316003,7,3,"3702, 3880, 39947"
317850,7,2,"3702, 39947"
780255,7,3,"7227, 9606, 10090"
780314,7,5,"7227, 7955, 9606, 10090, 10116"
810107,7,2,"3702, 284812"
809965,7,6,"3702, 7955, 9606, 10090, 284812"
1027986,7,3,"3702, 39947, 559292"
808044,7,4,"9606, 10090, 227321, 330879"
808060,7,3,"9606, 10090, 10116"
780419,7,3,"7227, 9606, 10090"
805056,7,7,"6239, 7227, 9606, 10090, 10116"
805008,7,7,"3702, 6239, 7227, 9606, 10090"
754114,7,3,"9606, 10090, 10116"
754151,7,4,"7955, 9606, 10090, 10116"
780431,7,3,"7227, 9606, 10090"
802546,7,7,"3702, 6239, 7227, 9606, 9615"
801689,7,7,"3702, 7227, 7955, 9031, 9606"
801661,7,7,"9606, 9913, 10090, 10116, 185431"
801662,7,4,"3702, 7227, 39947, 185431"
739452,7,4,"7955, 9606, 10090, 10116"
804779,7,3,"3702, 39947, 559292"
804784,7,7,"3702, 7227, 9606, 10090, 10116"
804891,7,6,"3702, 9606, 10090, 44689, 237561"
804815,7,7,"3702, 7227, 9606, 9913, 10090"
793091,7,5,"7227, 7955, 9606, 284812, 559292"
804772,7,7,"3702, 7227, 9606, 10090, 10116"
801616,7,6,"7227, 7955, 9606, 10090, 10116"
804705,7,6,"3702, 7227, 9606, 10090, 284812"
804725,7,6,"3702, 7227, 9606, 10090, 44689"
739491,7,4,"7955, 9606, 10090, 10116"
740037,7,4,"7955, 9606, 10090, 10116"
1027824,7,7,"7227, 9031, 9606, 10090, 185431"
1027693,7,5,"3702, 6239, 9606, 10090, 10116"
802628,7,6,"3702, 44689, 185431, 227321, 284812"
793008,7,4,"7227, 7955, 9606, 10090"
793052,7,3,"9606, 10090, 10116"
753920,7,4,"7955, 9606, 10090, 10116"
753938,7,5,"7955, 9606, 9913, 10090, 10116"
804970,7,5,"3702, 7227, 8355, 9606, 284812"
804879,7,6,"6239, 7227, 9606, 10090, 10116"
739299,7,4,"9031, 9606, 10090, 10116"
739310,7,3,"7955, 9606, 10090"
802577,7,5,"3702, 7227, 9606, 10090, 10116"
802566,7,7,"3702, 6239, 7227, 9606, 10090"
990838,7,5,"71421, 83332, 198628, 208964, 224308"
1027990,7,6,"6239, 36329, 227321, 237561, 284812"
801628,7,1,3702
780234,7,3,"9606, 10090, 10116"
780093,7,4,"7227, 7955, 9606, 10116"
802217,7,5,"3702, 6239, 7227, 7955, 9606"
731419,7,3,"9606, 10090, 10116"
780186,7,4,"6239, 7227, 9606, 10090"
1027861,7,7,"9606, 10090, 10116, 227321, 284812"
802183,7,6,"3702, 6239, 7227, 9606, 10029"
802251,7,7,"3702, 7227, 9606, 9823, 10090"
251982,7,1,3702
251992,7,2,"3635, 3702"
1027321,7,7,"7227, 9606, 10029, 10090, 185431"
761491,7,6,"7955, 8355, 9031, 9606, 10090"
803119,7,7,"3702, 7227, 7955, 9606, 10090"
803155,7,5,"9606, 10090, 10116, 246197, 559292"
1027303,7,7,"6239, 9606, 10090, 44689, 185431"
1027308,7,6,"3702, 36329, 187420, 227321, 284812"
763412,7,6,"7955, 9031, 9606, 9823, 10090"
796353,7,7,"6239, 7227, 8355, 9606, 10090"
801964,7,7,"3055, 6239, 7227, 7955, 9606"
801917,7,5,"3055, 7955, 9606, 9823, 10090"
746406,7,6,"7955, 9606, 9615, 9823, 10090"
1027290,7,6,"7227, 7955, 9606, 36329, 284812"
803054,7,7,"6239, 7227, 7955, 8355, 9606"
795718,7,6,"6239, 7227, 7955, 9606, 10090"
816643,7,3,"7091, 7165, 7227"
1035862,7,5,"3702, 4113, 7227, 9606, 39947"
1033952,7,6,"7091, 7227, 9606, 10116, 284812"
762842,7,3,"9606, 9913, 10090"
762818,7,7,"6239, 7227, 9606, 9823, 9913"
763346,7,2,"9606, 10090"
815919,6,6,"3702, 6239, 7227, 8355, 9606"
762329,6,3,"9606, 10090, 10116"
762435,6,4,"7955, 9606, 10090, 10116"
762817,6,3,"7955, 9606, 10090"
816323,6,3,"9606, 10090, 10116"
1027306,6,6,"7227, 9606, 70601, 185431, 284812"
1027258,6,6,"3702, 7227, 9606, 10090, 284812"
746611,6,4,"7955, 9606, 10090, 10116"
746646,6,5,"7955, 9031, 9606, 10090, 10116"
803096,6,6,"6239, 7227, 7955, 9606, 10090"
746420,6,4,"7955, 9606, 10090, 10116"
803052,6,6,"3702, 7227, 9606, 10090, 44689"
803088,6,6,"3702, 6239, 7955, 9606, 10090"
795768,6,4,"7955, 9606, 10090, 121160"
803067,6,3,"7227, 9606, 10090"
801978,6,6,"3702, 6239, 7227, 7955, 284812"
550654,6,1,6239
641675,6,1,7227
802045,6,5,"6239, 9606, 10090, 10116, 44689"
478138,6,4,"237561, 284593, 284812, 559292"
802050,6,6,"3702, 6239, 9606, 10090, 284593"
617066,6,1,7227
1034029,6,5,"7227, 9606, 185431, 284812, 559292"
617573,6,1,7227
617759,6,1,7227
1027326,6,5,"6239, 9606, 9913, 10090, 185431"
1027396,6,4,"4097, 9606, 9823, 559292"
803051,6,6,"9606, 10090, 10116, 237561, 284812"
800462,6,2,"9606, 10090"
655621,6,2,"6239, 7227"
654559,6,1,7227
655339,6,2,"6239, 7227"
477514,6,5,"237561, 284593, 284812, 330879, 559292"
737735,6,2,"9606, 10090"
803369,6,6,"7227, 7955, 9606, 185431, 284812"
803370,6,2,"9606, 10090"
746590,6,5,"7955, 9606, 10090, 10116, 59729"
746602,6,5,"7955, 8355, 9606, 10090, 10116"
803170,6,3,"9606, 10090, 284812"
803153,6,4,"7227, 7955, 9606, 10090"
794485,6,3,"9606, 10090, 10116"
807607,6,6,"3702, 4081, 227321, 284812, 330879"
784071,6,4,"7227, 7955, 9606, 10090"
758943,6,5,"7955, 8355, 9606, 10090, 60711"
758395,6,3,"7955, 9606, 10090"
784084,6,4,"6239, 9606, 10090, 10116"
404474,6,1,559292
1029380,6,3,"3635, 3702, 4577"
736902,6,3,"9031, 9606, 10090"
802578,6,6,"3702, 6239, 7227, 9606, 10090"
802721,6,6,"6239, 7227, 7955, 9606, 185431"
990752,6,6,"83333, 170187, 208964, 224308, 243274"
315915,6,1,3702
990743,6,6,"1772, 10090, 208964, 224324, 243276"
990754,6,5,"208964, 224308, 272943, 381666, 1111708"
804880,6,5,"3702, 9606, 9913, 10090, 559292"
252069,6,1,3702
739533,6,5,"7955, 9031, 9606, 10090, 10116"
729931,6,4,"9606, 9913, 9940, 10090"
729925,6,6,"9606, 9823, 9913, 9940, 10090"
802261,6,6,"3702, 6239, 7227, 7955, 9606"
801803,6,5,"6239, 7227, 9606, 10090, 185431"
801741,6,5,"6239, 7227, 9606, 185431, 559292"
1027980,6,6,"3702, 7955, 9606, 185431, 284812"
739336,6,5,"9606, 9796, 9913, 10090, 10116"
730377,6,3,"9606, 10090, 10116"
780105,6,4,"9606, 9913, 10090, 10116"
780232,6,3,"9606, 10090, 10116"
810306,6,2,"3702, 227321"
780150,6,6,"6239, 7955, 9606, 9913, 10090"
780310,6,2,"9606, 10090"
779978,6,5,"7227, 7955, 9606, 10090, 10116"
780041,6,6,"6239, 7227, 7955, 9606, 9823"
753544,6,4,"9606, 9913, 10090, 10116"
753992,6,4,"7955, 9606, 10090, 10116"
754090,6,4,"7955, 9606, 10090, 10116"
1033133,6,6,"3702, 9606, 10090, 10116, 341980"
1033149,6,5,"3702, 9606, 10090, 284812, 559292"
1033150,6,5,"3702, 185431, 237561, 284593, 559292"
802238,6,6,"3702, 6239, 7227, 9606, 284812"
802180,6,6,"3702, 7227, 9606, 10090, 284812"
739557,6,4,"9606, 10090, 10116, 10141"
805017,6,6,"3702, 7227, 9606, 185431, 284812"
804997,6,4,"3702, 7227, 9606, 10090"
1028216,6,6,"3702, 9606, 36329, 237561, 284812"
808330,6,4,"7955, 9606, 10090, 10116"
780410,6,1,9606
780403,6,4,"7227, 9606, 10090, 10116"
780422,6,5,"7227, 8355, 9606, 10090, 10116"
804706,6,6,"3702, 6239, 7227, 9606, 185431"
804732,6,5,"7227, 9606, 10090, 284812, 559292"
793106,6,4,"7955, 9606, 10090, 10116"
793176,6,5,"7227, 9606, 10090, 284812, 559292"
793109,6,4,"7227, 9606, 10090, 10116"
804831,6,6,"3055, 7227, 9606, 10090, 10116"
781293,6,3,"9606, 10090, 10116"
278112,6,1,3702
802629,6,6,"3055, 6239, 7955, 9606, 10090"
739511,6,5,"7955, 9606, 9823, 9913, 10090"
801625,6,6,"5702, 7227, 9606, 10090, 284812"
801592,6,6,"3702, 5664, 9606, 10090, 284812"
801632,6,3,"3702, 9606, 10090"
801635,6,6,"3702, 7227, 10090, 44689, 284812"
801688,6,6,"3702, 7227, 9606, 185431, 284812"
802604,6,5,"3702, 7227, 7955, 9606, 10090"
793050,6,6,"7227, 7955, 9606, 10090, 284812"
804944,6,5,"3702, 9606, 10090, 284812, 559292"
804931,6,5,"3702, 7227, 9606, 10090, 559292"
804845,6,6,"6239, 7227, 9606, 10090, 10116"
739585,6,4,"7955, 9606, 10090, 10116"
739399,6,5,"7955, 9606, 9823, 10090, 10116"
1027827,6,5,"3702, 7227, 9606, 10090, 559292"
802626,6,5,"7227, 7955, 9606, 10090, 10116"
793034,6,5,"7227, 9606, 10090, 10116, 227321"
792953,6,4,"7227, 9606, 10090, 10116"
805149,6,5,"6239, 9606, 9940, 10090, 10116"
805082,6,5,"3702, 7955, 9606, 10090, 36329"
805108,6,6,"3702, 6239, 10090, 237561, 284812"
739034,6,3,"9606, 10090, 10116"
1028398,6,5,"9606, 10090, 204722, 208964, 359391"
802523,6,6,"7955, 9606, 10090, 44689, 185431"
811535,6,5,"3702, 44689, 284593, 284812, 559292"
779918,6,4,"7227, 9606, 10090, 10116"
779933,6,4,"7955, 9606, 9615, 10090"
811212,6,6,"7227, 9606, 10090, 10116, 284812"
811407,6,5,"3702, 7227, 9606, 10090, 44689"
779940,6,3,"7227, 9606, 10090"
990674,6,6,"882, 208964, 224308, 243274, 272561"
990311,6,3,"623, 99287, 588858"
752636,6,5,"7955, 9606, 9823, 10090, 10116"
317888,6,1,3702
752652,6,6,"8355, 9606, 9615, 9913, 10090"
804759,6,6,"3702, 6239, 9606, 10090, 284812"
793139,6,5,"7955, 9606, 9986, 10090, 10116"
793141,6,4,"7955, 9606, 10090, 10116"
802759,6,5,"6239, 9606, 44689, 284812, 559292"
812468,6,6,"3702, 6239, 9606, 10116, 44689"
808258,6,6,"3702, 9606, 10090, 237561, 284812"
780266,6,4,"7955, 8090, 9606, 10090"
809495,6,2,"3702, 510516"
811296,6,4,"3702, 7227, 9606, 10116"
752747,6,4,"7955, 9606, 10090, 10116"
752715,6,6,"7955, 9606, 9823, 9913, 10090"
317815,6,1,3702
317895,6,2,"3702, 4081"
753118,6,3,"7955, 9606, 10090"
793223,6,4,"6239, 7227, 9606, 10090"
752678,6,4,"8355, 9606, 10090, 10116"
752667,6,4,"9606, 9913, 10090, 10116"
752592,6,3,"7955, 9606, 10090"
752626,6,3,"7955, 9606, 10090"
990916,6,4,"208964, 243273, 272634, 300852"
990845,6,6,"882, 83333, 99287, 196627, 224308"
740577,6,3,"9606, 10090, 10116"
745553,6,5,"7955, 8355, 9031, 9606, 10090"
793252,6,5,"6239, 7227, 9606, 10090, 10116"
793191,6,5,"7227, 9606, 10116, 284812, 559292"
804678,6,6,"3702, 7227, 9606, 10090, 284812"
804712,6,5,"3702, 6239, 9606, 284812, 559292"
804672,6,5,"3055, 6239, 7227, 9606, 10090"
753109,6,3,"7955, 9606, 10090"
780767,6,4,"7955, 9606, 10090, 10116"
780685,6,2,"9606, 10090"
781292,6,4,"7955, 9606, 10090, 10116"
811421,6,6,"5061, 9606, 10090, 10116, 190485"
296845,6,1,3702
760621,6,4,"7955, 9606, 10090, 10116"
802713,6,6,"3702, 7227, 9606, 10116, 284812"
745491,6,4,"9031, 9606, 10090, 10116"
802210,6,6,"3702, 7227, 9606, 10116, 284812"
801791,6,6,"5664, 6239, 7227, 7955, 10090"
758993,6,3,"7955, 9606, 10090"
759124,6,4,"7955, 9606, 10090, 10116"
828325,6,2,"9606, 10090"
828351,6,4,"3702, 284812, 330879, 559292"
827860,6,5,"7955, 9606, 10090, 10116, 284812"
780964,6,3,"7227, 9606, 10090"
807964,6,4,"3702, 6239, 9606, 10090"
807901,6,4,"3702, 36329, 284812, 559292"
781473,6,5,"8355, 9031, 9606, 10090, 13735"
780977,6,3,"9606, 10090, 10116"
781423,6,2,"9606, 10090"
781428,6,6,"6239, 7227, 7955, 9606, 10090"
755468,6,4,"7955, 8355, 9606, 10090"
755375,6,3,"7955, 9606, 10090"
314507,6,2,"3702, 39947"
802244,6,6,"3702, 9606, 44689, 185431, 284812"
801759,6,6,"9606, 10090, 10116, 36329, 284812"
802255,6,6,"3055, 6239, 7227, 9606, 10090"
732074,6,4,"9606, 9823, 10090, 10116"
732353,6,1,10090
277834,6,2,"3635, 3702"
781433,6,3,"9606, 10090, 10116"
1033118,6,6,"7955, 9606, 10090, 10116, 284812"
727190,6,2,"9606, 10116"
759299,6,3,"7955, 9606, 10090"
759586,6,4,"8355, 9606, 10090, 10116"
824090,6,6,"227321, 237561, 284812, 330879, 510516"
755443,6,3,"9606, 10090, 10116"
792973,6,5,"7227, 9606, 9615, 10090, 284812"
792969,6,4,"6239, 9606, 10090, 10116"
990846,6,6,"3750, 83332, 83333, 170187, 224326"
804626,6,5,"3702, 7227, 8355, 9606, 284812"
752516,6,4,"7955, 9606, 10090, 10116"
804619,6,6,"3702, 6239, 7227, 9606, 10116"
802133,6,6,"3702, 7227, 9606, 10090, 284812"
801827,6,5,"3702, 9606, 10090, 284812, 559292"
727658,6,3,"9606, 10090, 10116"
801817,6,6,"6239, 7227, 7955, 9606, 9913"
802498,6,4,"7227, 36329, 284812, 559292"
802558,6,6,"3702, 7955, 9606, 10090, 44689"
802517,6,6,"3702, 7227, 9606, 10090, 284812"
739247,6,4,"7955, 9031, 9606, 10090"
802564,6,6,"3702, 6239, 7227, 9606, 10090"
805117,6,5,"3702, 7227, 9031, 9606, 10116"
805238,6,5,"7227, 9606, 9913, 10090, 10116"
805035,6,5,"3702, 6239, 7227, 284812, 559292"
752405,6,3,"9606, 10090, 10116"
805162,6,6,"3702, 6239, 8355, 9606, 284812"
252316,6,1,3702
792961,6,6,"6239, 7227, 9606, 284593, 284812"
802518,6,6,"3055, 7955, 9606, 10090, 10116"
1028536,6,5,"9606, 10090, 44689, 284812, 559292"
1028538,6,6,"3702, 7955, 9606, 10090, 284812"
802565,6,6,"3055, 7227, 7955, 9606, 10090"
802702,6,5,"3702, 6239, 7227, 9606, 284812"
801553,6,6,"3702, 7227, 9606, 126793, 284812"
739999,6,5,"7955, 9606, 9986, 10090, 10116"
802684,6,5,"3702, 44689, 237561, 284812, 559292"
802693,6,4,"9606, 10090, 284812, 559292"
802795,6,6,"3702, 7227, 9606, 10116, 284812"
319393,6,2,"3702, 39947"
752406,6,6,"7955, 8355, 9031, 9606, 10090"
755501,6,4,"9031, 9606, 10090, 10116"
990729,6,4,"85962, 208964, 224308, 272561"
793337,6,4,"9606, 10090, 10116, 243274"
793230,6,3,"9606, 10090, 237561"
793322,6,4,"6239, 7227, 9606, 284812"
804563,6,5,"3702, 44689, 237561, 284812, 559292"
804464,6,3,"7227, 7955, 9606"
1027596,6,6,"882, 3702, 208964, 224308, 284812"
738918,6,3,"7955, 9606, 10116"
738981,6,6,"9606, 9823, 9913, 9940, 10090"
738253,6,2,"9606, 10090"
805541,6,6,"3702, 7955, 9606, 10090, 284812"
805263,6,2,"3702, 284812"
790100,6,4,"7955, 9606, 10090, 10116"
805441,6,6,"7955, 9606, 9913, 10090, 10116"
805461,6,5,"5702, 44689, 227321, 237561, 330879"
779457,6,3,"9606, 10090, 10116"
778571,6,2,"9606, 10116"
778332,6,5,"7955, 8355, 10090, 10116, 10141"
761340,6,4,"6239, 7955, 9606, 10090"
761307,6,4,"7227, 9606, 10090, 10116"
802726,6,6,"3702, 7227, 9606, 9615, 10090"
802731,6,6,"6239, 7227, 9606, 36329, 284812"
801540,6,5,"3702, 7955, 9606, 10090, 559292"
804048,6,6,"6239, 7227, 7955, 9606, 10090"
804177,6,6,"3702, 6239, 7227, 9606, 10116"
804201,6,6,"3702, 6239, 9606, 10116, 44689"
802723,6,4,"7955, 9606, 10090, 10116"
726623,6,2,"9606, 10090"
726609,6,2,"9606, 10090"
726627,6,3,"7955, 9606, 10090"
802148,6,5,"7955, 9606, 10090, 10116, 44689"
805145,6,5,"184922, 227321, 284593, 284812, 559292"
805380,6,3,"237561, 284593, 559292"
792957,6,3,"7227, 9606, 10116"
805253,6,6,"3702, 7227, 9606, 10090, 185431"
805256,6,5,"7227, 9606, 10090, 10116, 673519"
755488,6,4,"7955, 9606, 10090, 10116"
793456,6,5,"6239, 7227, 7955, 9606, 10090"
751267,6,4,"7955, 9031, 9606, 10090"
790028,6,5,"7227, 8022, 9606, 10090, 10116"
790164,6,5,"7227, 7955, 9606, 10090, 10116"
790014,6,5,"6239, 7227, 7955, 9606, 10090"
790237,6,4,"6239, 9606, 10090, 10116"
805549,6,6,"3702, 9606, 10116, 185431, 237561"
801727,6,6,"3702, 7955, 9606, 10090, 284812"
807910,6,2,"3702, 559292"
807888,6,6,"3702, 7227, 9606, 10090, 10116"
748961,6,5,"7955, 9031, 9606, 10090, 10116"
749045,6,4,"9606, 9913, 10090, 10116"
320784,6,1,3702
748988,6,5,"7955, 8355, 9031, 9606, 10090"
320848,6,1,3702
748975,6,5,"9031, 9606, 10090, 10116, 59729"
803909,6,3,"9606, 10090, 10116"
804162,6,6,"3702, 7227, 9606, 10116, 185431"
745707,6,5,"7955, 8355, 9031, 9606, 10090"
745854,6,2,"9606, 10090"
745619,6,5,"7955, 7998, 9606, 10090, 10116"
745618,6,4,"9031, 9606, 9823, 10090"
793461,6,5,"7955, 8030, 9606, 10090, 10116"
752400,6,5,"7955, 8355, 9606, 10090, 10116"
752462,6,6,"7955, 8355, 9031, 9606, 10090"
320460,6,4,"3055, 3702, 39946, 39947"
790576,6,3,"7955, 9606, 10090"
314237,6,3,"3435, 3702, 39947"
755882,6,3,"9606, 10090, 10116"
754499,6,5,"7955, 9606, 9913, 10090, 10116"
754198,6,6,"7955, 8355, 9031, 9606, 10090"
754267,6,5,"7955, 8355, 9606, 10090, 10116"
801539,6,5,"7227, 9606, 10090, 185431, 559292"
802730,6,6,"6239, 9606, 10090, 44689, 284812"
778458,6,3,"7227, 9606, 10090"
778252,6,6,"6239, 7227, 9606, 10029, 10090"
778367,6,4,"7955, 9606, 10090, 10116"
1033200,6,6,"5702, 9606, 9986, 10090, 44689"
1033173,6,5,"5061, 7955, 284812, 510516, 559292"
802875,6,6,"3702, 8030, 9606, 10116, 284812"
802822,6,6,"3702, 6239, 9606, 10090, 284812"
802764,6,6,"3702, 7227, 9606, 10090, 10116"
802785,6,5,"6239, 9606, 185431, 284812, 559292"
813603,6,5,"6239, 7227, 10090, 284812, 559292"
813616,6,5,"3702, 7227, 9606, 284812, 559292"
761150,6,3,"7955, 8355, 9606"
761128,6,3,"9606, 10090, 10116"
761043,6,3,"7955, 9606, 10090"
822928,6,3,"7955, 9606, 10090"
825030,6,6,"6239, 9606, 9823, 10090, 10116"
404994,6,3,"237561, 284593, 559292"
802318,6,6,"3702, 7227, 10090, 284812, 559292"
802503,6,6,"6239, 7227, 7955, 9606, 10090"
738273,6,4,"9606, 9615, 10090, 10116"
803815,6,5,"3702, 7227, 9606, 10090, 10116"
803853,6,6,"3702, 7227, 7955, 185431, 284812"
745604,6,5,"7955, 9031, 9606, 10090, 10116"
1027496,6,6,"1061, 1085, 1140, 243232, 269796"
759260,6,4,"9606, 9913, 10090, 10116"
807826,6,3,"7955, 9606, 10090"
781534,6,4,"7227, 7955, 9606, 10090"
781549,6,3,"6239, 9606, 10090"
781489,6,3,"7955, 9606, 10090"
808171,6,6,"3702, 227321, 237561, 284593, 284812"
1030195,6,4,"1140, 99287, 555778, 1111708"
1029495,6,5,"6239, 9606, 9913, 10090, 237561"
789721,6,4,"7227, 9606, 10090, 10116"
789821,6,4,"6239, 7227, 9606, 10090"
805628,6,6,"3702, 6239, 7227, 9606, 284812"
314367,6,2,"3702, 39947"
755517,6,3,"9606, 9913, 10090"
755672,6,2,"9606, 10090"
833804,6,5,"7227, 7955, 9606, 10090, 10116"
813562,6,6,"6239, 9606, 10090, 10116, 284812"
805845,6,6,"3702, 9606, 10090, 185431, 284812"
789376,6,3,"7227, 9606, 10090"
789748,6,5,"6239, 9606, 9615, 10090, 457432"
789752,6,4,"7955, 9606, 10090, 10116"
263043,6,2,"3635, 3702"
789622,6,5,"7227, 7955, 9606, 10090, 10116"
789623,6,4,"6239, 7955, 9606, 10090"
789644,6,4,"7227, 9606, 10090, 10116"
801862,6,6,"3702, 6239, 9606, 9913, 284812"
802054,6,5,"5664, 36329, 185431, 284812, 559292"
802118,6,6,"3702, 44689, 185431, 237561, 284812"
726802,6,4,"9606, 9986, 10090, 10116"
778177,6,4,"6239, 9606, 10090, 10116"
813560,6,6,"6239, 9606, 10090, 185431, 284812"
805799,6,6,"3702, 7227, 9606, 10090, 284812"
805699,6,4,"7227, 9606, 10090, 185431"
746065,6,3,"9606, 10090, 10116"
746099,6,4,"9606, 9913, 10090, 10116"
746049,6,5,"9031, 9606, 9615, 9823, 10090"
746136,6,5,"7955, 8355, 9606, 10090, 10116"
793542,6,5,"9606, 10090, 10116, 284812, 559292"
793654,6,5,"6239, 9606, 10090, 10116, 284812"
749181,6,3,"7955, 9606, 10090"
802156,6,5,"6239, 7955, 9606, 10090, 185431"
802303,6,6,"3702, 7227, 9606, 10090, 284812"
736479,6,3,"9606, 10090, 10116"
277346,6,3,"3702, 3983, 34305"
807495,6,5,"6239, 7227, 9606, 10090, 284812"
807615,6,4,"3702, 9606, 10090, 10116"
807505,6,6,"3702, 6239, 7227, 9606, 10090"
782745,6,3,"9606, 10090, 10116"
784047,6,4,"7955, 9606, 10090, 10116"
802884,6,5,"3702, 7227, 7955, 9606, 227321"
802850,6,6,"7955, 9606, 10090, 10116, 237561"
267998,6,2,"3702, 3847"
789609,6,6,"4096, 6239, 7227, 9606, 10090"
801763,6,6,"3702, 9606, 10090, 237561, 284812"
731756,6,3,"6239, 9606, 10090"
802286,6,4,"6239, 7955, 9606, 10090"
802292,6,6,"3702, 6239, 9606, 185431, 284812"
745889,6,4,"7955, 9606, 10090, 10116"
745962,6,5,"7955, 9606, 9823, 10090, 10116"
745993,6,6,"7955, 9031, 9606, 9940, 10090"
1027428,6,6,"3702, 36329, 85962, 170187, 284812"
1027448,6,5,"3702, 227321, 242231, 284812, 559292"
1027449,6,6,"7955, 10090, 185431, 237561, 284812"
802871,6,5,"7227, 7955, 9606, 284812, 559292"
802877,6,3,"7227, 9606, 10090"
813920,6,6,"9031, 9606, 10090, 227321, 284812"
778135,6,5,"6239, 7955, 9606, 10090, 10116"
813586,6,4,"3702, 5664, 36329, 185431"
750270,6,5,"9031, 9606, 9940, 10090, 10116"
793586,6,5,"9606, 10090, 10116, 284812, 559292"
803574,6,6,"3702, 7227, 9606, 9615, 10090"
745934,6,3,"9606, 10090, 10116"
745968,6,5,"7955, 9606, 9823, 10090, 10116"
756137,6,3,"9606, 10090, 10116"
1028988,6,4,"3702, 6239, 9606, 10090"
1028703,6,6,"3702, 10090, 10116, 44689, 227321"
737795,6,4,"8355, 9031, 9606, 10090"
737094,6,3,"9606, 10090, 10116"
1028657,6,4,"7227, 9606, 284812, 559292"
802445,6,6,"3702, 7227, 9606, 185431, 284812"
802432,6,5,"3702, 6239, 7227, 7955, 9606"
777968,6,3,"7955, 9606, 10090"
806054,6,3,"4577, 39946, 39947"
789387,6,5,"6239, 9544, 9606, 10090, 88450"
789388,6,5,"7227, 7955, 9606, 10090, 10116"
805850,6,3,"3702, 39946, 39947"
268109,6,1,3702
756174,6,3,"9606, 10090, 10116"
310871,6,3,"3635, 3702, 39947"
761433,6,4,"7227, 9606, 10090, 10116"
772717,6,2,"9606, 10090"
777989,6,4,"7227, 9606, 9913, 10090"
778113,6,6,"6239, 7227, 7955, 9606, 10090"
778115,6,4,"7955, 9606, 9823, 10116"
292856,6,1,3702
814215,6,3,"3702, 284812, 559292"
775882,6,5,"7955, 9031, 9606, 10090, 59729"
268033,6,2,"3702, 3988"
789485,6,4,"6239, 7227, 9606, 10090"
789486,6,4,"7227, 9606, 10090, 10116"
802956,6,6,"3702, 6239, 7955, 9606, 10090"
803481,6,3,"7227, 9606, 10090"
803421,6,5,"7955, 9606, 10090, 10116, 185431"
803386,6,5,"3702, 7227, 9606, 10090, 284812"
793959,6,4,"6239, 7955, 9606, 10090"
807703,6,2,"3702, 39947"
307771,6,1,3702
831155,6,5,"6239, 7227, 9606, 9913, 10090"
758151,6,3,"9606, 10090, 10116"
307807,6,1,3702
758155,6,4,"1397, 7955, 9606, 10090"
758160,6,4,"7955, 9606, 10090, 10116"
277374,6,2,"3635, 3702"
801509,6,6,"3702, 6239, 7227, 7955, 9606"
746190,6,4,"7955, 9606, 10090, 10116"
746240,6,3,"9606, 10090, 10116"
755730,6,6,"7955, 8030, 9606, 9823, 9913"
756085,6,3,"9606, 10090, 10116"
756065,6,3,"9606, 10090, 10116"
781938,6,6,"7227, 7955, 8355, 9606, 9823"
782115,6,6,"7955, 9031, 9606, 10090, 10116"
747117,6,3,"9606, 10090, 10116"
992073,6,6,"1140, 71421, 83332, 83333, 208964"
803486,6,6,"3702, 6239, 9606, 10090, 10116"
794207,6,6,"6239, 7227, 9606, 10029, 10090"
801506,6,6,"3702, 7227, 9606, 10116, 284812"
802928,6,6,"6239, 7227, 9606, 185431, 284812"
802933,6,3,"3702, 39947, 185431"
802887,6,6,"7955, 8355, 9606, 10090, 284812"
737090,6,2,"9606, 10090"
737078,6,3,"9606, 10090, 10116"
802435,6,5,"7227, 9606, 10090, 185431, 559292"
802424,6,5,"3702, 9606, 9913, 10090, 10116"
814682,6,5,"3483, 3702, 5062, 39947, 510516"
1033236,6,5,"7955, 9606, 10090, 284812, 559292"
803436,6,6,"6239, 7227, 9606, 227321, 284812"
747058,6,5,"7955, 9606, 9913, 10090, 10116"
322100,6,1,3702
794493,6,3,"7227, 8355, 9606"
803302,6,4,"3702, 6239, 7227, 9606"
803225,6,4,"7227, 7955, 9606, 10090"
803226,6,6,"3702, 6239, 9606, 10090, 284812"
794634,6,4,"6239, 9606, 10090, 10116"
794483,6,4,"6239, 7227, 9606, 10090"
794222,6,3,"6239, 7227, 9606"
723296,6,3,"9606, 10090, 10116"
1033240,6,6,"3702, 44689, 185431, 227321, 284593"
1033632,6,4,"3702, 7955, 9606, 10090"
1033663,6,3,"9606, 10090, 10116"
723839,6,6,"9483, 9541, 9595, 9598, 9606"
772996,6,3,"9606, 10090, 10116"
775580,6,5,"7955, 9031, 9606, 9615, 10090"
814670,6,4,"3702, 7955, 9606, 10090"
803313,6,5,"3702, 9606, 185431, 284812, 559292"
794301,6,2,"9606, 10090"
794241,6,5,"6239, 9606, 10090, 284812, 559292"
803311,6,6,"3702, 7227, 7955, 9606, 10090"
803360,6,6,"3702, 9606, 185431, 237561, 284812"
794466,6,5,"7227, 7955, 9606, 10090, 10116"
726583,6,2,"9606, 10090"
801871,6,6,"3702, 7955, 9606, 10090, 284812"
277382,6,2,"3702, 39947"
756905,6,4,"7955, 9606, 10090, 10116"
307787,6,3,"3702, 4081, 39947"
807297,6,6,"6239, 7227, 7955, 8355, 9606"
806037,6,6,"7227, 9606, 9913, 10090, 284812"
805974,6,6,"3702, 6239, 7227, 9606, 284812"
789306,6,4,"7227, 9606, 10090, 10116"
789294,6,4,"7227, 7955, 9606, 10090"
802396,6,5,"7955, 9606, 36329, 284812, 559292"
801719,6,4,"6239, 9606, 10090, 10116"
802455,6,6,"3702, 6239, 7227, 9913, 10090"
737812,6,6,"9606, 9823, 9913, 10090, 10116"
737813,6,5,"8355, 9103, 9606, 10090, 10116"
737902,6,5,"8355, 9031, 9606, 10090, 10116"
756100,6,3,"7955, 9606, 10090"
756104,6,5,"7955, 9606, 9823, 10090, 10116"
806008,6,6,"3702, 7227, 9606, 10090, 10116"
806005,6,6,"3702, 9606, 10090, 36329, 185431"
756514,6,5,"7955, 8355, 9606, 10090, 10116"
736507,6,4,"9606, 9823, 10090, 10116"
736490,6,5,"9103, 9606, 9823, 9940, 10090"
1028961,6,4,"7227, 9606, 9913, 10090"
1029090,6,3,"9606, 10090, 284812"
802410,6,6,"3702, 6239, 7227, 185431, 284812"
802952,6,5,"7227, 7955, 9606, 10090, 284812"
801477,6,4,"6239, 185431, 237561, 559292"
802939,6,1,3702
801698,6,6,"3702, 7227, 7955, 9606, 284812"
736642,6,4,"9606, 9823, 10090, 10116"
736580,6,4,"9606, 9913, 10090, 10116"
789116,6,2,"9606, 10090"
806041,6,5,"7227, 7955, 9606, 284812, 559292"
803280,6,5,"3702, 9606, 9986, 10090, 10116"
803292,6,5,"6239, 7227, 7955, 9606, 10090"
794251,6,3,"9606, 10090, 10116"
802897,6,6,"3702, 9606, 10090, 10116, 284812"
746152,6,6,"7955, 8355, 9031, 9606, 10090"
802936,6,5,"3702, 9606, 10090, 284812, 1255043"
802906,6,4,"7227, 9606, 10090, 10116"
802907,6,4,"3702, 7955, 9606, 10090"
802349,6,6,"3055, 6239, 7955, 9606, 10090"
801670,6,6,"6239, 7227, 7955, 9606, 10090"
801715,6,4,"3702, 185431, 284812, 559292"
807502,6,6,"3702, 3708, 44689, 227321, 237561"
784305,6,4,"7227, 7955, 10090, 10116"
784340,6,2,"9606, 10090"
784352,6,3,"7955, 9606, 10090"
806983,6,3,"3218, 3702, 4558"
822417,6,6,"5843, 6239, 7227, 9606, 10090"
821832,6,3,"9606, 10090, 10116"
774811,6,5,"7955, 9031, 9606, 10090, 10116"
771775,6,4,"7955, 9606, 10090, 10116"
772659,6,3,"9606, 10090, 10116"
802019,6,6,"6239, 7955, 9606, 185431, 284812"
789101,6,5,"7227, 7955, 9606, 10090, 10116"
141609,6,2,"10090, 36329"
816094,6,5,"44689, 227321, 330879, 367110, 510516"
817077,6,5,"3702, 6239, 7227, 9606, 10090"
763072,6,3,"6239, 9606, 10090"
763136,6,6,"8355, 9031, 9606, 9615, 10090"
761411,6,4,"7227, 9606, 10090, 10116"
761391,6,6,"7227, 7955, 8355, 9606, 10090"
761431,6,4,"7955, 9606, 10090, 10116"
761429,6,4,"7227, 7955, 9606, 10090"
746446,6,6,"7955, 8355, 8364, 9031, 9606"
746863,6,4,"7955, 9606, 9823, 10090"
746959,6,4,"9031, 9606, 10090, 10116"
746883,6,5,"7955, 9031, 9606, 10090, 10116"
746970,6,4,"9031, 9606, 10090, 10116"
746789,6,6,"7955, 8355, 9031, 9606, 10090"
746919,6,6,"7955, 9031, 9606, 9913, 10090"
795027,6,4,"227321, 330879, 510516, 559292"
628470,6,1,7227
1033485,6,4,"9606, 10090, 284812, 559292"
479624,6,5,"227321, 237561, 284593, 284812, 559292"
479412,6,3,"227321, 284812, 330879"
482790,6,6,"227321, 237561, 284593, 284812, 559292"
482940,6,6,"227321, 237561, 284593, 284812, 559292"
60609,6,1,185431
618129,6,1,7227
831285,6,5,"227321, 237561, 284812, 330879, 559292"
816140,6,4,"6239, 7227, 9606, 10090"
1034174,6,4,"3702, 9606, 10116, 39947"
294243,6,2,"3702, 39947"
1034499,6,3,"3702, 3760, 6239"
802006,6,5,"6239, 7227, 9606, 10090, 185431"
627935,6,1,7227
627940,6,1,7227
789105,6,4,"7227, 9606, 10090, 10116"
784380,6,3,"7955, 9606, 10090"
807209,6,6,"3702, 7227, 9606, 10090, 10116"
756322,6,4,"7955, 9606, 10090, 10116"
310773,6,2,"3702, 39947"
756411,6,5,"7955, 9031, 9606, 10090, 10116"
756381,6,4,"7955, 9606, 9823, 10090"
789053,6,4,"7227, 9031, 9606, 10090"
1028911,6,6,"3702, 9606, 10090, 39947, 330879"
802339,6,6,"6239, 7227, 9606, 237561, 284812"
802340,6,4,"7227, 7955, 9606, 284812"
732725,6,5,"9031, 9606, 9823, 9986, 10090"
802391,6,5,"3702, 7227, 9606, 284812, 559292"
802371,6,6,"6239, 7955, 9606, 10090, 10116"
802326,6,5,"6239, 9606, 10090, 284812, 559292"
806486,6,4,"227321, 284812, 306901, 559292"
761561,6,3,"9606, 10090, 10116"
60622,6,1,185431
721382,6,1,9606
804821,6,5,"3702, 6239, 9606, 284812, 559292"
793117,6,4,"237561, 284593, 284812, 559292"
804824,6,6,"3702, 7227, 9606, 10090, 284812"
804834,6,5,"3702, 9606, 10090, 284812, 559292"
754082,6,4,"9031, 9606, 10090, 10116"
803130,6,2,"10090, 121160"
803137,6,6,"3702, 7227, 9606, 10090, 284812"
803055,6,6,"7227, 9606, 9913, 10090, 10116"
803103,6,2,"5759, 6239"
1027241,6,6,"7227, 9606, 36329, 227321, 284812"
761506,6,5,"6239, 7227, 7955, 9606, 10090"
818602,6,4,"3702, 7955, 9606, 10090"
822308,6,3,"7227, 9606, 10090"
803003,6,5,"7227, 9606, 10090, 284812, 559292"
803012,6,5,"7227, 7955, 9606, 10090, 44689"
803017,6,5,"9031, 9606, 10090, 44689, 294381"
1027298,6,6,"3702, 7227, 9606, 126793, 284812"
801510,6,6,"3702, 7227, 9606, 10090, 284812"
803159,6,6,"3702, 9606, 185431, 237561, 284812"
796129,6,5,"6239, 7227, 7955, 9606, 10090"
1027310,6,5,"3702, 5691, 36329, 185431, 243274"
1035839,6,1,3702
550374,6,1,6239
484420,6,3,"237561, 284593, 559292"
801916,6,6,"5702, 10090, 185431, 284812, 330879"
801934,6,6,"3702, 7227, 9606, 227321, 284812"
815764,6,5,"6239, 7955, 9606, 10090, 10116"
293591,6,3,"3702, 29760, 1590841"
746268,6,3,"7955, 9606, 10090"
1036888,5,1,3702
568083,5,1,6239
612745,5,1,7165
484500,5,1,559292
617530,5,1,7227
617704,5,1,7227
618421,5,1,7227
482789,5,4,"227321, 237561, 284812, 559292"
801935,5,3,"3702, 7227, 9606"
801927,5,5,"3702, 9606, 9615, 284812, 559292"
801884,5,5,"7227, 9606, 10090, 284812, 559292"
623172,5,1,7227
479191,5,3,"237561, 284593, 559292"
626934,5,1,7227
478443,5,4,"237561, 284593, 284812, 559292"
478175,5,2,"284812, 559292"
629260,5,3,"7227, 7244, 7260"
801954,5,5,"7227, 9606, 10090, 284812, 559292"
801968,5,5,"3702, 9606, 185431, 284812, 559292"
801955,5,5,"3702, 9606, 9913, 284812, 559292"
746512,5,4,"7955, 9606, 10090, 10116"
795707,5,4,"6239, 7227, 9606, 10090"
795456,5,5,"6239, 7955, 9606, 10090, 10116"
803074,5,5,"6239, 9606, 10090, 44689, 185431"
803100,5,5,"6239, 7227, 9606, 10090, 10116"
803114,5,5,"3702, 9606, 10029, 10090, 10116"
803097,5,5,"7227, 9606, 44689, 284812, 559292"
796098,5,5,"7955, 8355, 9606, 10090, 10116"
746466,5,4,"7955, 9606, 10090, 10116"
746622,5,4,"9606, 9913, 10090, 10116"
700825,5,3,"7955, 7998, 8030"
702005,5,2,"7955, 8030"
762017,5,3,"9606, 10090, 10116"
817355,5,3,"7955, 9606, 10090"
816677,5,5,"7227, 9606, 9913, 10090, 44689"
762463,5,3,"7227, 7955, 9606"
762458,5,5,"7955, 9606, 10090, 10116, 60711"
762685,5,5,"6239, 7227, 9606, 10090, 64518"
1033464,5,3,"3702, 9606, 10090"
1033955,5,4,"3702, 237561, 284593, 559292"
633913,5,5,"7159, 7165, 7227, 610380, 2015173"
633214,5,1,7227
639779,5,1,7227
642158,5,1,7227
648779,5,2,"6239, 7227"
649028,5,2,"6239, 7227"
815631,5,5,"7227, 9606, 10090, 284812, 559292"
815632,5,5,"3702, 6239, 7227, 7955, 9606"
815673,5,2,"3702, 4081"
815564,5,2,"9606, 10090"
802024,5,5,"7227, 9606, 9615, 10090, 44689"
801983,5,5,"3702, 9606, 185431, 284812, 559292"
801992,5,4,"7955, 10090, 185431, 312017"
802036,5,5,"3702, 7227, 9606, 284812, 559292"
761317,5,3,"8355, 9606, 10090"
763067,5,3,"7955, 9606, 10116"
763418,5,4,"7955, 9031, 9606, 10116"
763944,5,2,"9606, 10090"
765466,5,4,"7955, 9606, 10090, 10116"
765497,5,4,"7955, 9606, 10090, 10116"
765842,5,4,"7955, 9606, 10090, 10116"
770332,5,5,"7955, 9606, 9986, 10090, 10116"
794227,5,4,"6239, 9606, 9913, 10090"
794839,5,5,"7227, 9606, 9913, 10090, 10116"
794479,5,4,"6239, 7227, 9606, 10090"
748326,5,5,"9031, 9103, 9606, 9913, 10090"
748294,5,3,"9606, 10090, 10116"
322577,5,1,3702
748890,5,5,"8355, 9031, 9606, 10090, 10116"
794213,5,2,"7955, 9606"
801467,5,5,"7955, 9606, 10090, 156889, 284812"
802970,5,5,"3702, 7227, 9606, 10090, 44689"
803008,5,5,"3702, 7955, 9606, 227321, 284812"
801545,5,5,"9031, 10116, 185431, 284812, 559292"
1027451,5,5,"882, 1140, 3702, 9913, 208964"
794368,5,3,"7227, 9606, 559292"
803361,5,5,"7227, 8355, 9606, 284812, 559292"
803416,5,2,"9606, 10090"
746869,5,5,"7955, 9031, 9606, 9823, 10090"
746882,5,3,"9606, 10090, 10116"
747041,5,2,"7955, 8030"
746394,5,2,"7955, 9606"
746350,5,5,"9541, 9606, 9913, 10090, 10116"
746407,5,4,"7955, 8355, 9606, 10116"
746426,5,3,"9606, 10090, 10116"
746453,5,5,"7955, 9606, 9913, 10090, 10116"
794509,5,3,"9606, 10090, 10116"
794497,5,5,"9606, 10090, 10116, 284812, 559292"
746697,5,4,"7955, 9606, 10090, 10116"
746749,5,4,"9103, 9606, 10090, 10116"
995858,5,5,"62977, 90370, 170187, 226185, 272563"
998799,5,5,"208964, 243160, 243275, 272562, 342109"
746759,5,4,"7955, 9606, 10090, 10116"
746729,5,5,"7955, 9606, 10090, 10116, 162425"
747287,5,4,"8364, 9606, 10090, 10116"
747413,5,3,"7955, 9606, 10090"
747341,5,3,"9606, 10090, 10116"
748224,5,5,"9606, 9615, 9823, 10090, 10116"
747500,5,2,"7955, 9606"
747471,5,5,"7955, 9606, 9823, 10090, 10116"
748309,5,3,"9606, 10090, 10116"
803564,5,5,"9606, 10090, 10116, 284812, 559292"
793968,5,5,"7227, 7955, 9606, 10090, 10116"
747174,5,3,"9031, 9606, 10090"
747105,5,3,"9606, 10090, 10116"
747242,5,4,"7955, 9606, 10090, 10116"
747167,5,4,"9606, 9823, 10090, 10116"
747234,5,5,"7955, 9606, 9913, 10090, 10116"
747251,5,4,"7955, 9606, 10090, 10116"
747367,5,5,"9606, 9615, 9823, 9913, 9986"
746273,5,5,"9031, 9606, 9913, 10090, 10116"
746212,5,4,"7955, 9031, 9606, 10090"
801522,5,4,"3702, 9606, 10090, 559292"
802855,5,5,"5664, 7227, 9606, 10090, 185431"
803525,5,5,"9606, 237561, 284812, 330879, 559292"
803389,5,4,"3702, 8355, 9606, 284812"
803390,5,3,"3702, 36329, 185431"
794105,5,5,"9606, 9913, 10090, 10116, 59463"
803319,5,3,"3702, 9606, 39947"
803336,5,4,"7955, 9606, 10090, 10116"
803420,5,3,"7227, 9606, 10090"
803352,5,5,"3702, 10090, 227321, 237561, 559292"
803410,5,4,"3702, 7227, 9606, 284812"
794298,5,5,"8364, 9606, 10090, 284812, 559292"
1027586,5,4,"3702, 5664, 185431, 227321"
746183,5,5,"7955, 8030, 8355, 9606, 10090"
793934,5,5,"6239, 9606, 9913, 10090, 284812"
793751,5,3,"7955, 9606, 10090"
793721,5,4,"6239, 9606, 10090, 284812"
749183,5,3,"9606, 10090, 10116"
749241,5,5,"7955, 8355, 9606, 10090, 10116"
320512,5,2,"3702, 3847"
320525,5,3,"3055, 3702, 39947"
749810,5,3,"9606, 10090, 10116"
803646,5,5,"9606, 237561, 284593, 284812, 559292"
803629,5,5,"9606, 10090, 10116, 284812, 559292"
803630,5,5,"6239, 9606, 10090, 284812, 559292"
793849,5,5,"7227, 9606, 10090, 284812, 559292"
793552,5,5,"7227, 7955, 9606, 10090, 10116"
793588,5,5,"9606, 9986, 10090, 284812, 559292"
793944,5,4,"9606, 9986, 10090, 10116"
793681,5,5,"7227, 7955, 9031, 9606, 10090"
802817,5,5,"3702, 9606, 10090, 284812, 559292"
745863,5,4,"7955, 8355, 9606, 10090"
745877,5,3,"9606, 10090, 10116"
745898,5,4,"7955, 9606, 10090, 10116"
745929,5,5,"7955, 8355, 9031, 9606, 10090"
803718,5,5,"7227, 9606, 10090, 10116, 44689"
803712,5,5,"7227, 7955, 9606, 284812, 559292"
803617,5,5,"3702, 9606, 185431, 284812, 559292"
793980,5,5,"6239, 7227, 9606, 10090, 10116"
793974,5,4,"7227, 7955, 9606, 10090"
793895,5,3,"7227, 9606, 9823"
803374,5,5,"9606, 10090, 227321, 284812, 559292"
803379,5,5,"6239, 9606, 9913, 10090, 10116"
802913,5,5,"9606, 10090, 227321, 284812, 559292"
802914,5,5,"3702, 7955, 9606, 10090, 185431"
802924,5,3,"9606, 10090, 10116"
748987,5,5,"7955, 9031, 9606, 10090, 10116"
749103,5,5,"7955, 9031, 9606, 10090, 10116"
748998,5,4,"7955, 8355, 9606, 10090"
749031,5,3,"7955, 9606, 10090"
749162,5,3,"9606, 10090, 10116"
320556,5,1,3702
752410,5,3,"9606, 10090, 10116"
793419,5,5,"9606, 10090, 10116, 227321, 284812"
801533,5,5,"3702, 6239, 7227, 9606, 284812"
745602,5,4,"7955, 9606, 9913, 10090"
793472,5,5,"6239, 7227, 9606, 284812, 559292"
793616,5,4,"7227, 7955, 9606, 10090"
793462,5,3,"7227, 9606, 10090"
803752,5,4,"9606, 10090, 10116, 284812"
748929,5,5,"7955, 8355, 9606, 10090, 10116"
748944,5,4,"7955, 9606, 10090, 10116"
803692,5,3,"9606, 44689, 284812"
803679,5,5,"3702, 7227, 9606, 10090, 10116"
803715,5,3,"7227, 9606, 10116"
746068,5,4,"7955, 9606, 10090, 10116"
746195,5,4,"7955, 9606, 10090, 10116"
802767,5,5,"6239, 9606, 10090, 284812, 559292"
802837,5,4,"6239, 9606, 284812, 559292"
802782,5,5,"3702, 9606, 10090, 284812, 559292"
751319,5,4,"7955, 9606, 10090, 10116"
751275,5,5,"7955, 9031, 9606, 10090, 10116"
793501,5,3,"9031, 9606, 10090"
793516,5,3,"6239, 9606, 10090"
793490,5,5,"6239, 7227, 9606, 10090, 10116"
793506,5,4,"9606, 9913, 10090, 10116"
793527,5,5,"6239, 7227, 7955, 9606, 10090"
803691,5,3,"3702, 9606, 10090"
804045,5,5,"6239, 7227, 7955, 9606, 10090"
804196,5,5,"6239, 7955, 9606, 10090, 185431"
804204,5,5,"3702, 9606, 10090, 284812, 559292"
793473,5,5,"6239, 7227, 7955, 9606, 10116"
750491,5,3,"9606, 10090, 10116"
751298,5,3,"7955, 9606, 10090"
751416,5,4,"9606, 9615, 9986, 10090"
752375,5,3,"9031, 9606, 10090"
399829,5,1,284812
745825,5,2,"9606, 10090"
745922,5,3,"9031, 9606, 10090"
745865,5,5,"7955, 9606, 9986, 10090, 10116"
801525,5,5,"3702, 9606, 10090, 227321, 330879"
802790,5,5,"3702, 6239, 7227, 9606, 10090"
802794,5,4,"7955, 9606, 9823, 10090"
802722,5,5,"7227, 8355, 9606, 10090, 185431"
793467,5,3,"9606, 10090, 10116"
745514,5,3,"9606, 10090, 10116"
745508,5,4,"9606, 9913, 10090, 10116"
745636,5,5,"7955, 8355, 9606, 10090, 10116"
745588,5,5,"7955, 9031, 9606, 10090, 10116"
745579,5,5,"7955, 9606, 9615, 10090, 10116"
745762,5,4,"7955, 9606, 10090, 10116"
745747,5,5,"7955, 9606, 9823, 10090, 10116"
803893,5,2,"9606, 10116"
803902,5,3,"6239, 9606, 284812"
803998,5,4,"3702, 7227, 9606, 10090"
804013,5,4,"3702, 227321, 284812, 559292"
803788,5,5,"3702, 6945, 7159, 9606, 10090"
803959,5,3,"3702, 9606, 284812"
803937,5,5,"7227, 9606, 10090, 10116, 44689"
793466,5,4,"9031, 9606, 10090, 284812"
793309,5,3,"9606, 10090, 10116"
793270,5,5,"9606, 10090, 227321, 284812, 559292"
804035,5,4,"7227, 7955, 9606, 10090"
804477,5,5,"7227, 7955, 9606, 9913, 10116"
804483,5,2,"9606, 10090"
752513,5,2,"9606, 10090"
752582,5,4,"7955, 9606, 10090, 10116"
752508,5,5,"7955, 9606, 9823, 10090, 10116"
1027699,5,5,"7227, 7955, 9606, 10090, 272624"
1027588,5,3,"8022, 9606, 10090"
1027591,5,5,"3702, 44689, 185431, 208964, 224308"
752643,5,4,"7955, 9606, 10090, 10116"
804554,5,4,"3702, 9606, 284812, 559292"
804258,5,5,"7955, 8355, 9606, 10090, 10116"
804228,5,4,"3702, 6239, 7227, 9606"
804232,5,4,"3702, 7227, 9606, 10090"
802840,5,4,"3702, 9606, 237561, 559292"
802842,5,3,"7955, 9606, 10090"
802752,5,3,"3702, 9606, 10090"
802757,5,4,"3702, 7955, 10090, 44689"
802758,5,5,"3702, 9606, 10090, 10116, 284812"
802796,5,5,"7227, 9606, 10090, 284812, 559292"
802798,5,5,"3702, 6239, 9606, 9913, 10090"
740089,5,4,"9606, 9823, 10090, 10116"
752371,5,4,"7955, 9606, 10090, 10116"
751864,5,4,"9031, 9606, 10090, 10116"
751908,5,4,"8355, 9606, 10090, 10116"
752425,5,5,"7955, 9031, 9606, 10090, 10116"
319482,5,1,3702
319352,5,2,"3702, 39947"
752383,5,3,"9606, 9913, 10090"
802816,5,5,"3702, 9606, 185431, 284812, 559292"
793219,5,4,"7227, 9606, 10090, 10116"
793195,5,5,"6239, 7227, 7955, 284812, 559292"
317743,5,1,3702
752644,5,4,"9606, 9913, 10090, 10116"
317872,5,1,3702
752702,5,4,"7955, 8355, 9606, 10090"
317079,5,2,"39946, 39947"
752690,5,4,"7955, 9606, 10090, 10116"
740588,5,4,"7955, 9606, 10090, 10116"
745478,5,3,"9606, 9913, 10090"
745477,5,4,"9606, 10029, 10090, 10116"
802658,5,5,"6239, 7227, 7955, 8355, 9606"
802672,5,5,"7955, 8355, 9606, 10090, 185431"
801622,5,5,"3702, 7955, 9606, 10090, 44689"
801623,5,2,"9606, 10090"
804756,5,5,"7955, 9606, 10090, 10116, 44689"
804584,5,4,"3702, 9606, 284812, 559292"
804796,5,4,"7955, 9606, 10090, 284812"
793260,5,3,"7955, 9606, 559292"
793177,5,3,"7955, 9606, 10090"
793189,5,4,"6239, 6289, 7227, 9606"
793265,5,4,"7227, 9606, 10090, 10116"
1027606,5,5,"227321, 284593, 284812, 330879, 559292"
740194,5,5,"9031, 9606, 9913, 10090, 10116"
752511,5,4,"7955, 9606, 10090, 10116"
990902,5,5,"882, 1833, 83332, 170187, 224308"
752613,5,2,"9606, 10090"
752676,5,5,"7955, 9606, 9913, 10090, 10116"
752609,5,3,"9606, 10090, 10116"
753046,5,3,"7955, 9606, 10116"
793149,5,4,"7227, 7955, 9606, 10116"
804674,5,5,"7227, 9606, 10090, 284812, 559292"
740019,5,5,"7955, 9606, 9615, 10090, 10116"
754033,5,3,"9606, 10090, 246197"
753960,5,4,"7955, 9606, 10090, 10116"
251954,5,1,3702
252022,5,1,3702
793059,5,3,"9606, 10090, 10116"
804819,5,4,"3702, 6239, 9606, 10090"
804857,5,4,"3702, 5823, 36329, 284812"
804632,5,5,"6239, 9606, 185431, 284812, 559292"
804733,5,5,"6239, 9606, 10090, 284812, 559292"
802605,5,5,"7227, 8355, 9606, 10090, 10116"
802618,5,4,"3702, 9606, 10090, 185431"
802630,5,2,"7227, 9606"
739614,5,1,7955
739573,5,5,"7955, 9606, 9823, 10090, 10116"
739800,5,4,"9606, 9913, 10090, 10116"
804778,5,5,"3055, 6239, 7955, 9606, 10090"
804775,5,4,"3702, 9606, 284812, 559292"
793093,5,4,"7227, 10090, 284812, 559292"
793098,5,4,"6239, 7227, 9606, 10116"
793156,5,4,"6239, 7227, 9606, 10090"
793087,5,5,"9606, 9913, 10090, 284812, 559292"
251340,5,1,3702
804730,5,2,"3702, 185431"
752845,5,3,"9606, 9913, 10090"
752847,5,4,"8355, 9606, 10090, 10116"
752883,5,4,"9606, 9823, 9913, 10090"
753062,5,3,"9606, 10090, 10116"
316007,5,2,"3702, 4039"
793119,5,5,"7227, 9606, 10090, 284812, 559292"
793132,5,5,"6239, 7227, 8355, 9606, 10090"
804749,5,5,"3702, 7227, 9606, 10090, 44689"
754248,5,5,"7955, 8355, 9606, 10090, 10116"
754249,5,4,"7955, 8355, 9606, 10090"
754215,5,2,"9606, 10090"
754277,5,3,"9606, 10090, 10116"
754368,5,5,"7955, 8355, 9606, 10090, 10116"
754194,5,3,"9606, 10090, 10116"
754189,5,5,"7955, 8355, 9606, 10090, 10116"
804972,5,5,"3702, 9606, 10090, 284812, 559292"
740041,5,4,"7955, 9606, 10090, 10116"
740007,5,5,"7955, 9606, 9913, 10090, 10116"
802602,5,5,"3702, 7227, 7955, 9913, 10116"
802588,5,5,"3055, 7227, 8355, 9606, 10090"
802559,5,5,"3702, 9606, 185431, 284812, 559292"
1028132,5,4,"3702, 44689, 227321, 284812"
1028215,5,4,"3702, 237561, 284812, 559292"
1027978,5,4,"6239, 9606, 10090, 10116"
753548,5,4,"8355, 9606, 10090, 10116"
753382,5,3,"9606, 10090, 10116"
990664,5,5,"882, 43663, 208964, 226900, 243274"
990751,5,4,"1772, 208964, 224324, 272631"
315617,5,2,"3702, 39947"
753973,5,5,"7955, 9031, 9606, 10090, 10116"
739969,5,4,"7955, 9606, 10090, 10116"
740076,5,4,"7955, 9606, 10090, 10116"
804953,5,5,"7227, 9606, 10090, 284812, 559292"
793095,5,4,"7955, 9031, 9606, 10090"
793011,5,2,"9606, 10090"
804870,5,3,"3702, 36329, 185431"
804865,5,5,"7227, 9606, 70448, 284812, 559292"
804962,5,5,"3055, 6239, 7227, 9606, 10090"
804893,5,3,"7955, 9606, 10090"
793064,5,3,"7227, 10090, 10116"
754072,5,5,"7955, 8355, 9606, 10090, 10116"
754172,5,3,"7955, 9606, 10090"
990654,5,5,"714, 730, 83332, 83333, 208964"
990660,5,3,"190485, 198628, 208964"
988161,5,1,208964
754174,5,4,"7955, 9606, 10090, 10116"
754203,5,5,"7955, 9031, 9606, 10090, 10116"
755382,5,3,"7955, 9606, 10090"
1028320,5,4,"7955, 9606, 9940, 10090"
805071,5,5,"3055, 6239, 7227, 9606, 185431"
805083,5,2,"6239, 9606"
805106,5,5,"3702, 7227, 9606, 10090, 10116"
793027,5,4,"7227, 9606, 10090, 284812"
793080,5,4,"7227, 7955, 9606, 10090"
793057,5,5,"6239, 7227, 7955, 9606, 10090"
753999,5,3,"9606, 10090, 10116"
739354,5,3,"7955, 9606, 10090"
739430,5,5,"7955, 8355, 9606, 10090, 10116"
739449,5,4,"9031, 9606, 10090, 10116"
801660,5,5,"7955, 9031, 9606, 10090, 44689"
801678,5,5,"6239, 7227, 9606, 10090, 44689"
801657,5,5,"3702, 7227, 9606, 284812, 559292"
739160,5,4,"7955, 9606, 10090, 10116"
1028399,5,5,"882, 237561, 284593, 284812, 559292"
805010,5,4,"7227, 9606, 10090, 36329"
804998,5,5,"3702, 9606, 10116, 284812, 559292"
805058,5,5,"7227, 9606, 237561, 284812, 559292"
805059,5,5,"3702, 7227, 7955, 9606, 10090"
805011,5,5,"6239, 7955, 9606, 284812, 559292"
792999,5,4,"7955, 9606, 9913, 10090"
793000,5,2,"7227, 10090"
793003,5,5,"6239, 7227, 9606, 10090, 284812"
805179,5,5,"7227, 7955, 8355, 9606, 10090"
805469,5,3,"7165, 7227, 9606"
754519,5,5,"7955, 9031, 9606, 10090, 10116"
754253,5,3,"9606, 10090, 10116"
314947,5,2,"3702, 4577"
754426,5,3,"7955, 8355, 9606"
314822,5,1,3702
755406,5,3,"7955, 9606, 10090"
737975,5,2,"9606, 10090"
1028526,5,4,"3702, 237561, 284812, 559292"
1028471,5,2,"7227, 9606"
252395,5,1,3702
792964,5,5,"7227, 9606, 10090, 10116, 559292"
792619,5,5,"8355, 9606, 9913, 10090, 10116"
805365,5,5,"7227, 9606, 10090, 284812, 559292"
805227,5,5,"9606, 10090, 227321, 284812, 559292"
739190,5,5,"7955, 9031, 9606, 10090, 10116"
739284,5,5,"7955, 9031, 9606, 10090, 10116"
739231,5,4,"7955, 9606, 10090, 10116"
739214,5,4,"7955, 9606, 10090, 10116"
739254,5,4,"7955, 9606, 10090, 10116"
739346,5,4,"7955, 9606, 10090, 10116"
739282,5,5,"7955, 8355, 9606, 10090, 10116"
739313,5,4,"9606, 9913, 10090, 10116"
755486,5,4,"7955, 9606, 10090, 10116"
792955,5,4,"8355, 9606, 10090, 10116"
792975,5,4,"7227, 9606, 10090, 10116"
805141,5,5,"3702, 39947, 237561, 284812, 559292"
805258,5,5,"3702, 7227, 9031, 9606, 10090"
805159,5,5,"3702, 6239, 7227, 9606, 10116"
1028473,5,5,"9606, 10090, 10116, 36329, 284812"
1028139,5,4,"3702, 9606, 284812, 559292"
790161,5,3,"7955, 9606, 10090"
790547,5,4,"9031, 9606, 10090, 10116"
314316,5,3,"3702, 4081, 39947"
755464,5,5,"7955, 9606, 10090, 10116, 52904"
755475,5,4,"7955, 9606, 10090, 10116"
831990,5,4,"227321, 237561, 284812, 559292"
755433,5,3,"9606, 10090, 10116"
755574,5,4,"7955, 9606, 10090, 10116"
802464,5,5,"3702, 9606, 10090, 10116, 227321"
801685,5,3,"3702, 9606, 10090"
801687,5,5,"3702, 9606, 185431, 284812, 559292"
805562,5,5,"3702, 9606, 10090, 284812, 559292"
805581,5,4,"3702, 6239, 9606, 10090"
805568,5,5,"3702, 7227, 9606, 10090, 284812"
790117,5,2,"9606, 10090"
790143,5,5,"7955, 9031, 9606, 10090, 10116"
805631,5,5,"6239, 9606, 9913, 10090, 185431"
1028487,5,4,"3702, 9606, 284812, 559292"
1028581,5,5,"3702, 7955, 9606, 10090, 44689"
1028522,5,5,"7159, 7227, 9606, 10116, 190485"
738627,5,3,"9598, 9606, 10090"
738969,5,3,"7955, 9606, 10090"
738999,5,5,"7955, 9031, 9606, 10090, 10116"
802495,5,4,"3702, 7227, 9606, 10090"
755703,5,5,"7955, 8355, 9606, 10090, 10116"
755532,5,3,"9606, 10090, 10116"
756043,5,3,"9606, 10090, 10116"
755602,5,4,"7955, 9606, 10090, 88448"
756040,5,2,"9606, 10090"
756053,5,4,"7955, 8355, 9606, 10090"
790583,5,4,"7227, 9606, 9913, 10090"
805271,5,5,"3702, 7227, 284593, 284812, 559292"
1028656,5,4,"3702, 7227, 9606, 510516"
1028980,5,3,"3702, 39947, 224308"
311181,5,2,"3702, 39947"
756256,5,4,"8355, 9606, 10090, 10116"
789346,5,2,"9606, 10090"
789328,5,3,"9606, 9913, 10090"
268114,5,1,3702
805856,5,3,"3702, 9606, 10090"
789425,5,3,"7227, 9606, 10090"
789528,5,5,"6239, 7227, 9606, 10090, 10116"
789618,5,5,"6239, 7227, 9606, 10090, 10116"
801697,5,5,"3702, 7227, 10090, 284812, 559292"
802415,5,3,"3702, 7227, 9606"
737103,5,3,"9606, 10090, 10116"
1028627,5,5,"3702, 39946, 85962, 227321, 284812"
1028866,5,4,"3702, 227321, 237561, 559292"
790058,5,3,"7227, 9606, 10090"
790076,5,3,"7227, 9606, 10090"
789295,5,5,"7227, 7955, 9606, 10029, 10090"
789356,5,5,"6239, 7227, 9606, 10090, 10116"
789359,5,4,"6239, 7955, 9606, 10116"
789440,5,5,"6239, 7227, 9606, 10090, 10116"
805678,5,4,"6239, 9606, 9913, 10090"
805844,5,5,"7227, 9606, 10090, 10116, 44689"
805604,5,5,"3702, 9606, 44689, 284812, 559292"
805635,5,5,"3702, 6239, 9606, 284812, 559292"
805608,5,5,"5664, 9606, 10116, 284812, 559292"
805657,5,2,"3702, 39947"
264555,5,1,3702
789710,5,5,"7227, 7955, 8355, 9606, 10090"
789867,5,4,"7227, 7955, 9606, 10090"
790065,5,3,"7955, 9606, 10090"
789065,5,3,"7955, 9606, 10090"
271037,5,1,3702
789091,5,3,"9606, 10090, 10116"
789049,5,4,"6239, 7227, 9606, 10090"
805993,5,5,"7227, 9606, 9913, 10090, 10116"
806036,5,5,"7227, 9606, 10090, 284812, 559292"
789232,5,3,"7227, 9606, 10090"
789133,5,3,"7227, 9606, 10090"
802426,5,4,"3702, 7955, 9606, 9913"
801720,5,5,"3702, 7955, 9606, 284812, 559292"
756512,5,3,"9606, 10090, 10116"
757003,5,2,"9606, 10090"
757013,5,5,"7955, 9031, 9606, 9913, 10090"
756502,5,4,"9031, 9606, 10090, 10116"
758218,5,5,"7955, 9031, 9606, 10090, 10116"
758223,5,3,"7955, 8030, 9606"
789303,5,2,"9606, 10090"
789344,5,3,"9606, 10029, 10090"
313917,5,2,"3635, 3702"
756200,5,3,"9606, 10090, 10116"
311952,5,2,"3635, 3702"
737934,5,4,"9031, 9606, 10090, 10116"
802454,5,5,"7227, 9606, 10090, 284812, 559292"
802388,5,5,"9606, 44689, 185431, 284812, 559292"
806016,5,1,44689
805905,5,4,"9606, 44689, 242507, 330879"
268087,5,3,"3702, 3988, 34305"
789378,5,2,"9606, 10090"
789249,5,3,"6239, 9606, 10090"
805913,5,4,"3702, 7227, 9606, 284812"
805973,5,4,"9606, 10090, 284812, 559292"
268400,5,1,3702
756329,5,5,"7955, 8355, 9031, 9606, 10090"
756340,5,3,"9606, 10090, 10116"
310568,5,1,3702
756379,5,2,"9606, 10090"
756420,5,3,"7955, 9606, 10090"
806246,5,5,"3702, 4577, 284593, 284812, 559292"
806685,5,4,"237561, 284812, 330879, 559292"
784846,5,3,"9606, 10090, 10116"
789041,5,4,"7227, 9606, 10090, 10116"
756290,5,5,"7955, 8355, 9031, 9606, 10090"
311371,5,2,"3702, 39947"
831482,5,3,"7227, 9606, 10090"
756351,5,4,"7955, 9606, 10090, 10116"
756336,5,4,"7955, 9606, 10090, 10116"
310982,5,2,"3702, 39947"
756325,5,4,"7955, 9606, 10090, 10116"
736991,5,3,"9606, 10090, 10116"
801666,5,4,"9606, 185431, 284812, 559292"
801734,5,4,"3702, 7227, 10090, 284812"
801733,5,5,"6239, 7955, 9606, 10090, 185431"
802358,5,5,"7227, 9606, 10090, 284812, 559292"
789110,5,3,"9606, 10090, 10116"
789095,5,4,"6239, 7227, 9606, 10116"
789081,5,4,"6239, 7227, 9606, 10090"
789183,5,3,"7955, 9606, 10090"
789184,5,3,"7955, 9606, 10116"
789197,5,5,"6239, 7955, 9606, 10090, 10116"
789200,5,5,"6239, 7955, 9606, 10090, 10116"
268672,5,1,3702
736577,5,3,"9606, 10090, 10116"
736617,5,4,"9031, 9606, 10090, 10116"
736724,5,3,"9606, 10090, 10116"
784150,5,4,"7955, 9606, 10090, 10116"
784190,5,5,"7955, 9544, 9606, 10090, 10116"
784512,5,3,"7955, 9606, 10090"
784282,5,4,"8355, 9606, 10090, 10116"
784429,5,4,"7955, 9606, 10090, 10116"
807504,5,3,"7227, 9606, 284812"
784098,5,3,"9606, 10090, 10116"
758245,5,4,"8355, 9606, 10090, 10116"
733201,5,4,"9031, 9606, 10090, 10116"
758913,5,4,"9606, 9823, 10090, 10116"
806950,5,5,"9606, 9913, 10090, 10116, 284812"
807515,5,5,"6239, 7227, 9606, 284812, 559292"
65292,5,1,5664
807196,5,4,"7227, 9606, 9823, 10090"
806989,5,2,"9606, 10090"
807099,5,3,"237561, 284812, 330879"
785369,5,4,"7955, 8355, 9606, 10090"
786374,5,5,"8355, 9031, 9606, 10090, 10116"
786604,5,5,"6239, 7227, 7955, 9606, 10090"
272051,5,2,"3702, 4081"
802306,5,5,"3702, 227321, 284593, 284812, 559292"
1029546,5,5,"3702, 9606, 10090, 36329, 284812"
1029382,5,3,"237561, 284812, 559292"
732826,5,2,"9606, 10090"
784868,5,5,"7955, 9031, 9606, 10090, 10116"
784887,5,2,"9606, 10090"
784917,5,4,"9031, 9606, 10090, 10116"
784716,5,4,"7227, 7955, 8364, 9606"
806346,5,3,"3702, 4565, 39947"
806073,5,4,"7955, 9606, 10090, 10116"
806414,5,5,"7227, 7955, 9606, 10090, 10116"
806088,5,5,"9606, 185431, 237561, 284812, 559292"
781495,5,4,"7227, 9606, 10090, 10116"
781591,5,4,"7955, 9606, 10090, 10116"
781594,5,4,"6239, 7227, 9606, 10090"
781781,5,5,"7227, 7955, 8355, 9606, 10090"
781680,5,4,"7227, 8355, 9606, 10116"
781691,5,4,"7227, 9606, 10090, 10116"
781759,5,4,"7227, 8355, 9606, 10090"
807681,5,3,"3702, 284812, 559292"
1033104,5,5,"7955, 9606, 10090, 284812, 559292"
731908,5,3,"9606, 10090, 10116"
807758,5,4,"9606, 10090, 237561, 559292"
277892,5,2,"3702, 39947"
781485,5,4,"7955, 9606, 10090, 10116"
277871,5,3,"3702, 4081, 39947"
781605,5,4,"7955, 9606, 10090, 10116"
781493,5,4,"6239, 7227, 9606, 10116"
277359,5,1,3702
807616,5,3,"3702, 284812, 559292"
733573,5,3,"9606, 10090, 10116"
735077,5,2,"9606, 10090"
802270,5,4,"3702, 4577, 6239, 9606"
802289,5,5,"3702, 7227, 9606, 10090, 559292"
801755,5,5,"7227, 9606, 237561, 284812, 559292"
731655,5,4,"9606, 9823, 10090, 10116"
758240,5,3,"9606, 10090, 10116"
758264,5,5,"8030, 9606, 10090, 10116, 13489"
758251,5,4,"9031, 9606, 10090, 10116"
758231,5,5,"9606, 9986, 10029, 10090, 10116"
781620,5,4,"6239, 7227, 9606, 10090"
781987,5,4,"7955, 9606, 10090, 10116"
784027,5,4,"7227, 7955, 9606, 10090"
784139,5,4,"7955, 9606, 10090, 10116"
802263,5,3,"3702, 9606, 284812"
802265,5,5,"3702, 9606, 10090, 237561, 559292"
780442,5,5,"6239, 7227, 8355, 9606, 10116"
780743,5,4,"7955, 9606, 10090, 10116"
758935,5,1,7955
828331,5,5,"3702, 6239, 9606, 10090, 10116"
829169,5,4,"3702, 9606, 10090, 10116"
828456,5,3,"3702, 7955, 9606"
732061,5,2,"9606, 10090"
732298,5,4,"9606, 9940, 10090, 10116"
732303,5,3,"9606, 10090, 10116"
404715,5,3,"237561, 284593, 559292"
404621,5,3,"237561, 284593, 559292"
801766,5,5,"7227, 7955, 9606, 10090, 44689"
802296,5,5,"7227, 9606, 185431, 284812, 559292"
802242,5,5,"3702, 7227, 9606, 10090, 185431"
807877,5,4,"3702, 7227, 9606, 559292"
807880,5,5,"3702, 7227, 9606, 10090, 284812"
781449,5,5,"7227, 7955, 9606, 10090, 10116"
781415,5,4,"7227, 7955, 9606, 10090"
277953,5,1,3702
781460,5,5,"6239, 7227, 9606, 9913, 10090"
731869,5,3,"9606, 10090, 10116"
732069,5,2,"9606, 10090"
807671,5,2,"3702, 39947"
807672,5,5,"3702, 9606, 10090, 284812, 559292"
807680,5,3,"3702, 4565, 39947"
759147,5,5,"9031, 9606, 9913, 10029, 10090"
759192,5,3,"9606, 10090, 10116"
759275,5,3,"9606, 10090, 10116"
781406,5,5,"6239, 7955, 9606, 10029, 10090"
781478,5,3,"9606, 10090, 10116"
808393,5,4,"3702, 9606, 10090, 59729"
809207,5,5,"227321, 330879, 334819, 746128, 1392255"
808579,5,2,"3702, 3988"
779951,5,4,"6239, 7227, 7955, 9606"
779928,5,4,"7227, 7955, 9606, 10090"
780056,5,4,"7227, 9606, 10090, 10116"
780032,5,4,"7227, 9606, 9913, 10090"
810760,5,4,"7955, 9606, 10090, 10116"
809009,5,4,"7227, 7955, 9606, 10090"
809345,5,4,"7227, 7955, 9606, 10090"
780292,5,5,"7955, 9606, 10029, 10090, 10116"
780298,5,5,"7227, 8355, 9606, 10090, 10116"
278517,5,2,"3702, 4081"
780357,5,5,"7227, 7955, 9606, 10090, 10116"
780360,5,4,"7955, 9606, 10090, 10116"
780381,5,5,"9031, 9606, 9986, 10090, 10116"
1033124,5,4,"3702, 6239, 9606, 10090"
729669,5,5,"9606, 9615, 9823, 10090, 10116"
730170,5,3,"9606, 10090, 10116"
730027,5,4,"9606, 9823, 10090, 10116"
730151,5,2,"9606, 10090"
731430,5,4,"9606, 9823, 10090, 10116"
809788,5,3,"9606, 10090, 10116"
810179,5,3,"6239, 7955, 9606"
827739,5,5,"3702, 7227, 9606, 10090, 39947"
759102,5,4,"7955, 8355, 9606, 10090"
759068,5,4,"7955, 9606, 10090, 10116"
759019,5,4,"7955, 9606, 10090, 10116"
802258,5,4,"9606, 10090, 185431, 312017"
801794,5,5,"3702, 9606, 237561, 284812, 559292"
728892,5,1,9606
1033216,5,4,"3702, 9606, 284812, 559292"
1033134,5,5,"3702, 9606, 44689, 284812, 559292"
759734,5,5,"7955, 8355, 9606, 10090, 10116"
759975,5,2,"9606, 10090"
761031,5,3,"7668, 9606, 10090"
779910,5,4,"7227, 9606, 9615, 10090"
779895,5,3,"9606, 10090, 10116"
811229,5,5,"7227, 9606, 10090, 10116, 284812"
779911,5,3,"9606, 9986, 10090"
731674,5,1,9606
731626,5,2,"9606, 10090"
731664,5,3,"9606, 9940, 10090"
209574,5,3,"4513, 4565, 39947"
802215,5,4,"3702, 237561, 284812, 559292"
802216,5,5,"7227, 7955, 9606, 284812, 559292"
727058,5,4,"9606, 9823, 10090, 10116"
726899,5,1,9606
780141,5,3,"7227, 9606, 10090"
780084,5,3,"9606, 9913, 10090"
780055,5,2,"9606, 10090"
780284,5,5,"6239, 7227, 7955, 9606, 10090"
780191,5,1,9606
730385,5,2,"9606, 10090"
731648,5,1,9606
730462,5,4,"9606, 9913, 10090, 10116"
810759,5,3,"9606, 10090, 10116"
810863,5,5,"6239, 9606, 9615, 10090, 10116"
811347,5,5,"7227, 9606, 10090, 10116, 284812"
780077,5,5,"6239, 7227, 7955, 9606, 10090"
780081,5,4,"7955, 9606, 10090, 10116"
780067,5,3,"9606, 10090, 10116"
780092,5,2,"6239, 9606"
780094,5,4,"6239, 7227, 9606, 10090"
802141,5,5,"6239, 9606, 10090, 237561, 559292"
761339,5,3,"9606, 10090, 10116"
812563,5,2,"9606, 10090"
813567,5,5,"6239, 7227, 9606, 10090, 44689"
812170,5,5,"3702, 6239, 7227, 9606, 10090"
778537,5,4,"7227, 9606, 9615, 10090"
778546,5,3,"9606, 10090, 10116"
778506,5,2,"9606, 10090"
759654,5,5,"8355, 9031, 9606, 10090, 10116"
727012,5,3,"9606, 10090, 10116"
727250,5,2,"9606, 10116"
727677,5,1,9606
801831,5,3,"3055, 9606, 185431"
801780,5,5,"7227, 9606, 185431, 284812, 559292"
801772,5,5,"9606, 10090, 185431, 284812, 559292"
802188,5,4,"3702, 7227, 7955, 10116"
779880,5,4,"7227, 9606, 9913, 10090"
759198,5,5,"7955, 9606, 9823, 9913, 10090"
824053,5,5,"6239, 7227, 9606, 10090, 10116"
827376,5,3,"7955, 9606, 10090"
759292,5,2,"9606, 10090"
760142,5,3,"9606, 10090, 10116"
760303,5,5,"7955, 9031, 9606, 10090, 10116"
759998,5,3,"9606, 10090, 10116"
779932,5,3,"7227, 9606, 10090"
779959,5,4,"7227, 7955, 9606, 10090"
779964,5,3,"9031, 9606, 10090"
811673,5,5,"7227, 9606, 10090, 10116, 44689"
779815,5,4,"6239, 7955, 9606, 10090"
779852,5,5,"6239, 7227, 7955, 9031, 10090"
778892,5,4,"7955, 9606, 10090, 10116"
779884,5,3,"7227, 9606, 10090"
760334,5,3,"7955, 9606, 10090"
760369,5,4,"9606, 9913, 10090, 10116"
761064,5,5,"9606, 10090, 10116, 10141, 212042"
822562,5,4,"7227, 9606, 10090, 10116"
761163,5,3,"6239, 7227, 9606"
761243,5,5,"7955, 9031, 9606, 10090, 10116"
778042,5,3,"7955, 9606, 10090"
778063,5,5,"8355, 9606, 9823, 10090, 10116"
1033277,5,4,"3702, 9606, 10090, 44689"
726714,5,3,"9606, 10090, 10116"
778191,5,4,"6239, 7955, 9606, 10090"
778124,5,3,"7227, 9606, 10090"
778128,5,4,"7227, 9606, 10090, 10116"
778220,5,3,"9606, 10090, 311403"
778401,5,3,"7955, 9606, 10090"
761068,5,3,"7955, 9606, 10090"
802130,5,5,"3702, 9606, 10090, 185431, 284812"
802213,5,4,"6239, 7227, 7244, 9606"
802092,5,4,"3702, 9606, 10090, 284812"
802135,5,5,"9913, 10090, 227321, 284812, 559292"
802102,5,5,"3702, 9606, 185431, 284812, 559292"
406743,5,2,"284593, 559292"
726554,5,3,"9606, 10090, 10116"
1033270,5,5,"1638, 1642, 1643, 5759, 272562"
778491,5,5,"6239, 7955, 9606, 10090, 10116"
292124,5,1,3702
779356,5,3,"9031, 9606, 10090"
778596,5,4,"7227, 9606, 10090, 10116"
778616,5,5,"7227, 9606, 9913, 10090, 10116"
778631,5,3,"9606, 9823, 10090"
778610,5,4,"6239, 9606, 10090, 10116"
802126,5,5,"6239, 7227, 9606, 10090, 185431"
814471,5,3,"7955, 9606, 10116"
777881,5,4,"6239, 7227, 7955, 9606"
777886,5,5,"7227, 7955, 9606, 9913, 10090"
777919,5,3,"7955, 9606, 10116"
777943,5,4,"6239, 7227, 9606, 10090"
777991,5,4,"6239, 9606, 10090, 10116"
778085,5,3,"9606, 10090, 10116"
761292,5,2,"7955, 9606"
802067,5,5,"3702, 7227, 9606, 284812, 559292"
719475,5,2,"10090, 10116"
720033,5,1,9606
723415,5,1,10090
1033303,5,4,"3702, 4072, 4081, 4113"
775382,5,2,"9606, 10090"
814684,5,5,"1950, 7227, 7955, 9606, 9913"
814712,5,4,"3702, 6239, 7227, 9606"
778153,5,3,"7227, 9606, 10090"
813531,5,4,"3702, 44689, 227321, 284812"
813514,5,5,"3702, 7227, 9606, 10090, 559292"
726746,5,4,"9606, 9823, 10090, 10116"
726803,5,4,"9606, 10090, 10116, 222929"
802089,5,1,3702
802120,5,4,"6239, 9606, 36329, 284812"
802068,5,5,"6239, 9606, 10090, 284812, 559292"
778025,5,5,"6239, 7227, 9606, 10090, 10116"
813656,5,5,"3702, 7227, 9606, 9913, 10090"
778046,5,5,"7165, 7955, 9606, 10090, 10116"
292590,5,1,3702
778069,5,3,"9606, 10090, 10116"
778111,5,3,"7955, 9606, 10090"
778095,5,5,"6239, 7955, 9606, 9913, 10090"
778096,5,5,"6239, 7227, 9606, 9913, 10090"
772956,5,3,"7227, 9606, 10116"
770268,5,3,"6239, 9606, 10090"
774346,5,3,"9606, 10090, 212042"
761200,5,4,"7227, 9606, 9913, 10090"
820798,5,3,"9606, 10090, 10116"
820693,5,3,"3702, 36329, 39947"
824867,5,5,"227321, 237561, 284593, 284812, 559292"
761402,5,4,"6239, 7227, 7955, 9606"
725003,5,3,"9606, 10090, 10116"
726578,5,1,9606
801875,5,5,"6239, 7955, 9606, 10090, 10116"
802075,5,4,"6239, 7227, 9606, 284812"
802031,5,5,"8355, 9606, 9823, 9913, 10090"
772702,5,3,"9606, 10090, 10116"
772938,5,4,"7227, 9606, 9913, 10090"
772847,5,4,"7955, 9606, 10090, 10116"
815399,5,4,"3702, 7227, 7955, 9606"
814633,5,3,"9606, 10090, 10116"
293140,5,2,"3702, 4577"
777248,5,3,"9615, 10090, 10116"
775442,5,4,"7955, 9606, 10090, 100226"
777889,5,4,"7227, 9606, 10090, 10116"
293052,5,1,3702
723883,5,1,9606
761614,5,3,"9606, 9913, 10090"
774357,5,4,"8030, 9606, 10090, 10116"
772743,5,4,"7955, 9606, 10090, 10116"
772779,5,4,"9606, 9615, 10090, 10116"
772495,5,3,"7955, 9606, 10090"
814845,5,4,"7227, 8022, 9606, 10116"
814811,5,5,"3702, 7227, 7955, 9606, 10090"
814879,5,3,"7227, 9606, 10090"
1034140,5,3,"227321, 284812, 559292"
1034874,5,4,"5061, 227321, 330879, 510516"
1034841,5,4,"5061, 227321, 510516, 1547922"
1034391,5,3,"185431, 284593, 559292"
231064,5,2,"4081, 4232"
1037131,5,4,"6239, 7227, 9606, 10090"
551038,5,1,6239
746654,5,5,"9031, 9606, 9986, 10090, 10116"
718966,5,1,10090
718699,5,1,10090
801939,5,3,"3702, 44689, 185431"
801909,5,4,"7227, 9606, 284812, 559292"
802016,5,5,"7227, 10090, 10116, 284812, 559292"
620081,5,1,7227
621511,5,1,7227
1034864,5,3,"83332, 227321, 510516"
818515,5,4,"3702, 7227, 9606, 10090"
819651,5,5,"7955, 9606, 9913, 10090, 10116"
761601,5,4,"6239, 9606, 10090, 10116"
761444,5,5,"6239, 7227, 9606, 10090, 10116"
761777,5,2,"9606, 10090"
761780,5,3,"7955, 9606, 10090"
762132,5,3,"9606, 10090, 10116"
700817,5,2,"7955, 246194"
762794,5,5,"6239, 7227, 7955, 9606, 10090"
762797,5,5,"6239, 7227, 9606, 9913, 10090"
762857,5,4,"7227, 9606, 10090, 10116"
762557,5,4,"7227, 7955, 9606, 10090"
816089,5,5,"9606, 9823, 9913, 10116, 44689"
816279,5,5,"7955, 9606, 10090, 10116, 44689"
1037473,5,2,"5476, 237561"
761446,5,4,"7227, 9606, 9913, 10090"
803231,5,4,"7227, 9606, 284812, 559292"
803192,5,3,"3702, 9606, 10090"
794656,5,4,"7227, 9606, 284812, 559292"
794976,5,5,"7955, 9606, 10090, 284812, 559292"
795502,5,4,"7227, 7955, 9606, 10090"
746530,5,4,"9606, 10090, 10116, 13616"
803219,5,5,"3702, 44689, 284593, 284812, 559292"
803220,5,4,"9606, 10090, 284812, 559292"
746981,5,4,"7955, 9606, 10090, 10116"
747049,5,5,"7955, 7998, 9606, 10090, 10116"
747011,5,4,"7955, 9606, 10090, 10116"
747065,5,3,"9606, 10090, 10116"
794514,5,2,"9606, 10090"
794486,5,4,"7227, 7955, 9606, 10090"
794536,5,5,"7227, 7955, 9606, 10090, 10116"
803175,5,4,"7955, 9606, 10090, 44689"
746488,5,4,"9606, 9913, 10090, 10116"
796668,5,4,"7955, 9606, 10090, 341663"
803020,5,5,"7227, 7955, 9606, 10090, 10116"
801326,5,5,"7227, 9606, 9823, 9913, 10090"
801469,5,4,"44689, 185431, 284593, 284812"
746318,5,3,"7955, 9606, 10090"
746328,5,4,"7955, 9606, 10090, 10116"
746329,5,5,"7955, 9031, 9606, 10090, 10116"
795508,5,3,"7955, 9606, 10090"
795183,5,2,"7091, 7227"
795387,5,2,"9606, 10116"
803106,5,4,"7955, 9606, 10090, 10116"
803152,5,5,"7227, 9606, 10090, 44689, 284812"
803126,5,3,"7955, 9606, 10090"
803144,5,5,"7227, 9606, 185431, 284812, 559292"
795763,5,4,"7227, 7955, 9606, 10116"
739259,4,4,"8355, 9606, 10090, 10116"
807951,4,4,"3702, 7227, 9606, 10116"
780974,4,2,"7998, 9606"
781429,4,2,"9606, 10090"
808262,4,3,"7227, 9606, 10090"
807953,4,2,"9606, 10090"
808188,4,3,"237561, 284812, 559292"
729676,4,4,"9606, 9986, 10090, 10116"
739307,4,4,"7955, 9606, 10090, 10116"
781479,4,3,"7227, 7955, 9606"
781450,4,4,"7227, 9606, 10090, 10116"
780774,4,4,"9606, 9986, 10090, 10116"
781343,4,4,"7955, 9606, 9913, 60711"
781409,4,4,"7955, 9606, 10090, 10116"
780769,4,3,"8355, 9606, 10090"
739436,4,4,"8355, 9606, 10090, 10116"
739362,4,4,"9031, 9606, 10090, 10116"
807755,4,2,"3702, 39947"
403235,4,1,559292
739283,4,4,"630, 9606, 10090, 10116"
739215,4,3,"9606, 10090, 10116"
739174,4,4,"7955, 9606, 10090, 10116"
739092,4,4,"6239, 9606, 10090, 10116"
781484,4,3,"6239, 9606, 10090"
781459,4,3,"7955, 9606, 10090"
739342,4,2,"9606, 10090"
277995,4,2,"3702, 39947"
277815,4,4,"4081, 4513, 4567, 39947"
781140,4,3,"9606, 10090, 10116"
781526,4,3,"7955, 9606, 10090"
739347,4,3,"9606, 10090, 10116"
739327,4,4,"9606, 9823, 10090, 10116"
739139,4,4,"9606, 9986, 10090, 10116"
739140,4,3,"9606, 10090, 10116"
278086,4,2,"3702, 39947"
1027847,4,3,"9606, 9913, 10116"
808045,4,4,"5664, 5702, 185431, 353153"
278259,4,1,3702
780414,4,2,"9606, 10090"
780755,4,3,"7227, 9606, 10090"
808387,4,4,"6239, 8355, 9606, 10090"
739859,4,2,"9606, 10090"
739983,4,4,"9606, 9913, 10090, 10116"
739410,4,3,"7955, 9606, 10090"
780361,4,4,"7227, 9606, 10090, 10116"
780761,4,4,"9031, 9606, 10090, 10116"
780345,4,3,"7955, 9606, 10090"
780371,4,4,"7227, 7955, 9606, 10090"
278344,4,1,3702
780454,4,3,"7227, 9606, 10090"
278391,4,3,"3702, 39946, 39947"
739952,4,3,"9606, 10090, 10116"
739538,4,4,"9606, 9823, 9913, 10090"
739417,4,4,"7955, 9606, 10090, 10116"
739422,4,4,"7955, 9031, 9606, 10090"
52198,4,1,44689
739504,4,4,"7955, 9606, 10090, 10116"
1027881,4,3,"7955, 36329, 44689"
739358,4,4,"9031, 9606, 10090, 10116"
739360,4,4,"7955, 9606, 10090, 10116"
739600,4,4,"7955, 9031, 9606, 10090"
1027838,4,3,"83333, 272562, 272634"
278242,4,1,3702
780460,4,3,"7955, 9606, 10090"
1027849,4,4,"3702, 185431, 284812, 559292"
739522,4,4,"7955, 9606, 10090, 10116"
739523,4,4,"7955, 9606, 10090, 10116"
1027859,4,1,3702
1027696,4,3,"9606, 10090, 10116"
1027837,4,3,"3702, 9606, 10090"
739462,4,4,"7955, 9606, 10090, 10116"
738778,4,3,"9606, 9913, 10090"
738967,4,3,"9606, 10090, 10116"
738920,4,4,"9606, 9823, 9913, 10090"
738929,4,2,"9606, 10090"
738973,4,4,"7955, 9606, 10090, 10116"
738986,4,4,"8355, 9606, 10090, 10116"
739022,4,4,"7955, 9606, 10090, 10116"
807750,4,4,"7227, 9606, 284812, 559292"
403322,4,2,"284593, 559292"
739002,4,4,"8355, 9031, 9606, 10116"
738975,4,4,"7955, 9606, 10090, 10116"
739046,4,4,"7955, 9606, 10090, 10116"
738946,4,4,"7955, 9031, 9606, 10090"
781622,4,4,"9606, 10029, 10090, 10116"
807715,4,4,"3702, 6239, 7227, 284812"
781675,4,4,"7227, 9606, 9823, 10090"
739038,4,4,"7955, 8355, 9606, 10090"
784134,4,3,"9606, 9986, 10116"
784029,4,4,"7955, 9606, 10090, 10116"
784042,4,3,"7955, 9606, 10090"
783638,4,4,"7227, 8355, 9606, 10116"
782419,4,2,"9606, 10090"
738914,4,3,"7955, 8355, 9606"
738905,4,4,"7955, 9606, 10090, 10116"
738738,4,4,"9606, 9913, 10090, 10116"
738959,4,4,"7955, 9606, 10090, 65491"
781959,4,2,"9606, 10090"
782894,4,3,"7227, 7955, 9606"
277601,4,2,"3702, 39947"
781809,4,4,"7227, 9606, 10090, 212042"
781939,4,4,"6239, 7955, 9606, 10090"
781701,4,4,"6239, 7227, 9606, 10090"
783221,4,3,"7955, 9031, 10090"
403358,4,1,559292
403444,4,1,559292
1028115,4,4,"3702, 284812, 330879, 559292"
739173,4,3,"9606, 9913, 10090"
1028300,4,4,"83332, 227321, 235443, 330879"
1028140,4,4,"9606, 9823, 10090, 10116"
1028160,4,3,"3702, 4097, 39947"
1028131,4,4,"5661, 6239, 9606, 10090"
1028321,4,4,"3702, 227321, 284812, 559292"
781607,4,4,"7227, 9606, 10090, 10116"
807570,4,4,"9606, 10090, 10116, 330879"
781588,4,4,"7227, 9606, 10090, 10116"
781543,4,3,"8355, 9606, 10090"
781772,4,1,9606
807825,4,3,"3702, 7227, 9606"
807793,4,3,"3702, 9606, 9823"
807862,4,2,"9606, 10090"
781519,4,4,"7227, 9606, 10090, 10116"
807844,4,4,"9606, 10090, 284812, 559292"
781544,4,3,"6239, 9606, 10090"
807705,4,3,"3702, 9606, 10090"
781950,4,3,"9606, 10090, 10116"
739161,4,3,"7955, 9606, 10090"
739041,4,4,"7955, 8355, 9606, 10090"
739055,4,4,"7955, 9606, 10090, 10116"
739007,4,4,"7955, 9606, 10029, 10090"
403311,4,2,"284593, 559292"
739083,4,3,"9606, 10090, 10116"
1028114,4,4,"5076, 227321, 284812, 559292"
277510,4,2,"3702, 3847"
781776,4,4,"7955, 9606, 10090, 10116"
781792,4,2,"9606, 10090"
781572,4,3,"9606, 10090, 10116"
781757,4,3,"7955, 9606, 10090"
781581,4,2,"9606, 10090"
739182,4,3,"9606, 10090, 10116"
739162,4,4,"7955, 9606, 10090, 10116"
781569,4,4,"7227, 8355, 9606, 10090"
778812,4,2,"9606, 10090"
778824,4,4,"7955, 8355, 9606, 10116"
778526,4,3,"6239, 9606, 10090"
778527,4,3,"7227, 9606, 10090"
779813,4,4,"7227, 9606, 10090, 10116"
745780,4,4,"8355, 9606, 10090, 10116"
745713,4,4,"7955, 9606, 10090, 10116"
740030,4,4,"7955, 9606, 10090, 10116"
745775,4,4,"7955, 9606, 10090, 10116"
812168,4,4,"7955, 9606, 10090, 559292"
812763,4,4,"7227, 9606, 10090, 10116"
811717,4,4,"7227, 9031, 9606, 10090"
811911,4,3,"7227, 9606, 10116"
811803,4,4,"9606, 9823, 10090, 10116"
811817,4,4,"9606, 9913, 10090, 10116"
812644,4,3,"6239, 227321, 367110"
745781,4,1,9606
779946,4,4,"7955, 9606, 10090, 10116"
779845,4,4,"6239, 8355, 9606, 10090"
778874,4,4,"6239, 7955, 9606, 10090"
745667,4,4,"7955, 9606, 10090, 10116"
745573,4,4,"7955, 8355, 9606, 10090"
745650,4,4,"7955, 9606, 10090, 10116"
745703,4,4,"7955, 9606, 10090, 10116"
745591,4,4,"7955, 9606, 10090, 10116"
779818,4,4,"7955, 8090, 9606, 10090"
811530,4,2,"3702, 39947"
745696,4,4,"7955, 9606, 10090, 10116"
745759,4,4,"7955, 9606, 10090, 10116"
745763,4,3,"7955, 9606, 10090"
745681,4,4,"7955, 9606, 9986, 10090"
745751,4,3,"9606, 10090, 10116"
745804,4,3,"7955, 9606, 10090"
811871,4,3,"9606, 9986, 10090"
811330,4,4,"8355, 9606, 10090, 10116"
812452,4,3,"7227, 9606, 10090"
778465,4,3,"7227, 9606, 10090"
778470,4,3,"7227, 9606, 10090"
745999,4,4,"7955, 9606, 10090, 10116"
745912,4,2,"9606, 10090"
746038,4,4,"7955, 9606, 10090, 10116"
745984,4,3,"7955, 9606, 10116"
778163,4,3,"7227, 9606, 10090"
778635,4,3,"7227, 9606, 10090"
292360,4,1,3702
778249,4,4,"7955, 9606, 10090, 10116"
778136,4,4,"7227, 7955, 9606, 10090"
746011,4,3,"7955, 9606, 10090"
746080,4,3,"7955, 10090, 10116"
746007,4,4,"8355, 9606, 10090, 10116"
746074,4,3,"7955, 9606, 10090"
745930,4,2,"9606, 10090"
292518,4,2,"3702, 3885"
812460,4,4,"6239, 9606, 10090, 559292"
812458,4,3,"3702, 9606, 10090"
745875,4,4,"7955, 9606, 10090, 10116"
745861,4,4,"7955, 9606, 10090, 10116"
745852,4,3,"9606, 10090, 10116"
745859,4,4,"7955, 9606, 10090, 10116"
745855,4,4,"7955, 9606, 10090, 10116"
778364,4,4,"2286, 7955, 9606, 10090"
813529,4,4,"3702, 7227, 9606, 284812"
745936,4,3,"9031, 9606, 10090"
745924,4,3,"9606, 10090, 10116"
1027444,4,4,"3702, 227321, 284812, 559292"
1027450,4,4,"3702, 227321, 284812, 559292"
746001,4,3,"9606, 10090, 10116"
1027553,4,4,"9606, 10090, 224308, 237561"
813570,4,4,"9606, 10090, 284812, 559292"
292268,4,3,"3702, 3760, 3880"
813511,4,4,"6239, 9606, 9913, 10090"
780198,4,3,"7955, 9606, 10090"
780073,4,4,"7227, 9606, 9913, 10090"
780268,4,4,"7955, 8355, 9606, 10090"
780053,4,3,"7955, 9606, 10090"
780069,4,4,"7227, 7955, 9606, 10090"
1027830,4,4,"9606, 10090, 185431, 559292"
1027605,4,2,"224308, 282458"
1027751,4,3,"7227, 10090, 284812"
779878,4,2,"10090, 10116"
1027730,4,4,"7955, 9606, 10090, 10116"
740573,4,4,"7955, 9606, 10090, 10116"
780074,4,4,"6239, 7227, 9606, 10090"
810770,4,4,"7955, 9606, 10090, 10116"
811355,4,4,"3702, 9606, 10090, 39947"
810532,4,2,"7227, 185431"
780231,4,2,"9606, 10090"
780195,4,3,"7955, 9606, 10090"
1027757,4,4,"1061, 9606, 10090, 272943"
740038,4,3,"7955, 9606, 10090"
739875,4,4,"9606, 9913, 10090, 10116"
739948,4,4,"7998, 9541, 9606, 10090"
740021,4,3,"7955, 9606, 10090"
739577,4,4,"7955, 9606, 10090, 10116"
739591,4,3,"9606, 10090, 10116"
740002,4,4,"8355, 9606, 10090, 342108"
740053,4,3,"9606, 10090, 10116"
278547,4,1,39947
740077,4,4,"9606, 9913, 10090, 10116"
740060,4,4,"8355, 9606, 10090, 10116"
740061,4,4,"9606, 9823, 10090, 10116"
810879,4,4,"3702, 9606, 10090, 10116"
780389,4,3,"7227, 9606, 10090"
780265,4,4,"8355, 9606, 10090, 10116"
780129,4,4,"7955, 8355, 9606, 10090"
780178,4,4,"7227, 9606, 10090, 10116"
739953,4,2,"9606, 10116"
745587,4,4,"7955, 9606, 10090, 10116"
1027628,4,4,"6239, 7227, 9606, 10090"
745646,4,3,"7955, 9606, 10090"
1027482,4,4,"83332, 176279, 196627, 224324"
279151,4,1,3702
811007,4,4,"7227, 9606, 10090, 10116"
779921,4,4,"7955, 8355, 9606, 10090"
811408,4,3,"9606, 10090, 44689"
811298,4,4,"6239, 7227, 10090, 44689"
780038,4,3,"7227, 9606, 10090"
780040,4,3,"7227, 9606, 10116"
745576,4,4,"9606, 9913, 10090, 10116"
745635,4,4,"7955, 8355, 9606, 10090"
745623,4,4,"7955, 9606, 10090, 10116"
280621,4,1,39947
779923,4,3,"7227, 9606, 10090"
779927,4,4,"7227, 9606, 10090, 10116"
811435,4,4,"6239, 9606, 10116, 44689"
401604,4,1,237561
740418,4,4,"7955, 9606, 9913, 10090"
742698,4,2,"9606, 10090"
743949,4,4,"9031, 9606, 10090, 10116"
745563,4,3,"9606, 10090, 10116"
745488,4,3,"7955, 9606, 10090"
745527,4,2,"9606, 10116"
745552,4,4,"7955, 8355, 9606, 10090"
1027471,4,3,"882, 3702, 208964"
780010,4,4,"9606, 9913, 10090, 10116"
779960,4,4,"7227, 7955, 9606, 10090"
780004,4,4,"7227, 9606, 10090, 10116"
779969,4,2,"9606, 10090"
780047,4,3,"7227, 9606, 10116"
1027516,4,4,"196627, 284593, 284812, 559292"
745515,4,4,"7955, 9606, 10090, 10116"
1027631,4,4,"3702, 243232, 284812, 559292"
780217,4,2,"9606, 10090"
805739,4,4,"3702, 4536, 39946, 39947"
731898,4,2,"9606, 10090"
731874,4,4,"9606, 9913, 10090, 10116"
731924,4,3,"9606, 10090, 10116"
789568,4,3,"6239, 7955, 9606"
789587,4,4,"7227, 9606, 9913, 10090"
789526,4,3,"7227, 9606, 10090"
738284,4,4,"9606, 9615, 10090, 10116"
789479,4,4,"7227, 9606, 9913, 10090"
789480,4,4,"7955, 9606, 10090, 10116"
789516,4,2,"9606, 10090"
404851,4,2,"237561, 559292"
404782,4,2,"237561, 559292"
789474,4,3,"7227, 9606, 10090"
789596,4,2,"9606, 10090"
268066,4,1,3702
789691,4,4,"7227, 7955, 9606, 10090"
731812,4,2,"9606, 10090"
789625,4,4,"7227, 9606, 10090, 10116"
789631,4,4,"7227, 7955, 9606, 10090"
789529,4,4,"6239, 7955, 9606, 10090"
789535,4,3,"9606, 10090, 10116"
789736,4,4,"7227, 7955, 9606, 10090"
789855,4,4,"7091, 7227, 9606, 10090"
789760,4,4,"7955, 8355, 9606, 10090"
805589,4,3,"3702, 44689, 284812"
789536,4,4,"8022, 9606, 10090, 10116"
789652,4,4,"7955, 9606, 10090, 10116"
731983,4,3,"9606, 10090, 10116"
731871,4,2,"9606, 10116"
267921,4,1,3702
789697,4,4,"7227, 9606, 10090, 10116"
805785,4,4,"7955, 9606, 10090, 284812"
789656,4,4,"7227, 9606, 10090, 10116"
789672,4,4,"6239, 7227, 9606, 10090"
789364,4,4,"7955, 9606, 10090, 10116"
789453,4,4,"6239, 7955, 9606, 10090"
789367,4,4,"7227, 9606, 9913, 10090"
732687,4,3,"9606, 10090, 10116"
404636,4,3,"237561, 284593, 559292"
732803,4,3,"9606, 10090, 10116"
789384,4,4,"7227, 8355, 9606, 10090"
268189,4,1,3702
789496,4,4,"7227, 9606, 9913, 10090"
805885,4,3,"7227, 9606, 10090"
805849,4,3,"8355, 9606, 10090"
268327,4,1,3702
805906,4,4,"7955, 9606, 10090, 10116"
805753,4,4,"3702, 7227, 9534, 9606"
805861,4,4,"3702, 284593, 330879, 559292"
732675,4,4,"9606, 9913, 10090, 10116"
732821,4,4,"9606, 10090, 10116, 59729"
805870,4,4,"7955, 9606, 10090, 10116"
789439,4,4,"7227, 9606, 9913, 10090"
789571,4,4,"7227, 9606, 10090, 10116"
732577,4,4,"9606, 9796, 9913, 9986"
404707,4,3,"39947, 306902, 559292"
789509,4,3,"6239, 9606, 10090"
789510,4,3,"7227, 9606, 10090"
789408,4,4,"7955, 9606, 9913, 10090"
805670,4,4,"7227, 9606, 10116, 559292"
789404,4,3,"7955, 9606, 10116"
789489,4,3,"9606, 9913, 10090"
805800,4,3,"3702, 9606, 39947"
805679,4,1,3702
404686,4,3,"237561, 284593, 559292"
404674,4,2,"237561, 559292"
789368,4,4,"7227, 9606, 10090, 10116"
789415,4,3,"7955, 9606, 10116"
789361,4,4,"6239, 7955, 9606, 10116"
805702,4,4,"3702, 9606, 9913, 284812"
792980,4,2,"9606, 10090"
252132,4,1,3702
252108,4,1,3702
805196,4,4,"6239, 7227, 9606, 10090"
730138,4,3,"9606, 10090, 10116"
792682,4,2,"9606, 10090"
805188,4,4,"3702, 9606, 10090, 559292"
789664,4,3,"8355, 9606, 10090"
252317,4,1,3702
792730,4,3,"7955, 9606, 10090"
792517,4,3,"7955, 9606, 10090"
405165,4,3,"237561, 284593, 559292"
730728,4,3,"9606, 10090, 10116"
791143,4,2,"9606, 9823"
790384,4,3,"7955, 9606, 10090"
805527,4,4,"9606, 10090, 185431, 284812"
252815,4,1,3702
51181,4,1,44689
729700,4,3,"9606, 10090, 10116"
805112,4,4,"7227, 9606, 10090, 237561"
793019,4,4,"6239, 9606, 284812, 559292"
793024,4,3,"7227, 9606, 10090"
252250,4,1,3702
252028,4,1,3702
805077,4,3,"3702, 4081, 9606"
792979,4,4,"6239, 7227, 9606, 10090"
405392,4,2,"237561, 559292"
729946,4,1,9606
729755,4,4,"9606, 9615, 10090, 10116"
729896,4,4,"9606, 10029, 10090, 10116"
729978,4,4,"9541, 9606, 10090, 10116"
729869,4,4,"7955, 9606, 10090, 10116"
729850,4,4,"9606, 9913, 10090, 10116"
252298,4,1,3702
805045,4,3,"7955, 9606, 10090"
790030,4,2,"9606, 10090"
805431,4,4,"3702, 7227, 9606, 10090"
65779,4,3,"5691, 5702, 185431"
805593,4,4,"9606, 185431, 284812, 559292"
790770,4,4,"8355, 9606, 10090, 10116"
805529,4,1,3702
805570,4,1,3702
805583,4,3,"3702, 7955, 9606"
805536,4,4,"7955, 9606, 10090, 10116"
731789,4,3,"9606, 9913, 10090"
1029691,4,4,"187420, 195102, 273057, 330779"
51334,4,1,44689
405047,4,3,"237561, 284593, 559292"
731851,4,2,"9606, 10090"
1029706,4,4,"7227, 9606, 36329, 559292"
1030183,4,2,"83332, 208964"
790088,4,3,"9606, 10090, 10116"
1029732,4,4,"83332, 170187, 224326, 272623"
791773,4,3,"6239, 9606, 10116"
790914,4,3,"9606, 10090, 10116"
805474,4,4,"3702, 9606, 10090, 10116"
730493,4,1,9606
405139,4,2,"237561, 559292"
731617,4,2,"9606, 10090"
731707,4,2,"9606, 10090"
731594,4,2,"9606, 10090"
790097,4,3,"9606, 10090, 10116"
790572,4,3,"7227, 9606, 10090"
790584,4,2,"7955, 9606"
790029,4,4,"6239, 7227, 9606, 10090"
790588,4,4,"6239, 7955, 9606, 10090"
790593,4,3,"9606, 10090, 10116"
790512,4,3,"7227, 9606, 10090"
790537,4,4,"6239, 7227, 9606, 10090"
405023,4,2,"237561, 559292"
805500,4,4,"9606, 10090, 36329, 284812"
806895,4,1,3702
806683,4,3,"237561, 284812, 559292"
784985,4,3,"7955, 9606, 10090"
806621,4,4,"6239, 7227, 9606, 10090"
737839,4,3,"9606, 10090, 10116"
403735,4,1,559292
737870,4,4,"9606, 9940, 10090, 10116"
732747,4,3,"9606, 10090, 10116"
276990,4,1,4577
784438,4,4,"6239, 7955, 9606, 10090"
784265,4,3,"7227, 9606, 10090"
784206,4,3,"8355, 9606, 10090"
784279,4,2,"9606, 10090"
737946,4,3,"9606, 10090, 10116"
737904,4,4,"9606, 9913, 10090, 10116"
737907,4,3,"9606, 10090, 10116"
737775,4,4,"9606, 9913, 10090, 10116"
737063,4,3,"9606, 9913, 10116"
736903,4,3,"9606, 10090, 10116"
784748,4,3,"9606, 10090, 10116"
784880,4,3,"9606, 10090, 10116"
784811,4,3,"9606, 10090, 10116"
276925,4,2,"3635, 3702"
784724,4,3,"9606, 9986, 10116"
276881,4,3,"3702, 6239, 39947"
1028665,4,4,"7955, 9606, 10090, 10116"
737318,4,2,"9606, 10090"
737227,4,3,"9606, 10090, 10116"
737231,4,1,9606
737727,4,3,"9031, 9606, 10090"
737767,4,4,"9031, 9606, 10090, 10116"
737811,4,3,"9606, 10090, 10116"
737861,4,4,"9606, 10090, 10116, 10141"
737866,4,4,"8355, 9031, 9606, 10090"
403740,4,2,"284593, 559292"
738309,4,3,"9606, 10090, 10116"
738097,4,3,"9606, 10090, 10116"
738280,4,2,"9606, 10090"
738278,4,4,"9031, 9606, 10090, 10116"
738263,4,3,"9606, 10090, 10116"
738172,4,3,"9606, 10090, 10116"
738444,4,4,"9606, 9823, 10090, 10116"
738726,4,3,"9606, 10090, 10116"
738020,4,4,"9606, 9913, 10116, 527005"
783998,4,3,"7955, 9606, 10116"
783333,4,2,"9606, 10090"
277399,4,1,3702
784079,4,4,"7955, 8355, 9606, 10090"
807654,4,4,"3702, 9606, 10090, 185431"
807514,4,1,3702
807501,4,4,"3702, 9606, 284812, 559292"
738281,4,4,"9606, 9913, 10090, 10116"
403553,4,2,"284593, 559292"
738069,4,4,"9031, 9606, 10090, 10116"
784213,4,4,"7227, 9606, 10090, 10116"
784167,4,2,"9606, 10090"
807606,4,3,"3702, 7227, 9606"
806921,4,2,"3702, 39947"
784285,4,4,"6239, 7227, 9606, 10116"
784149,4,4,"6239, 9606, 10090, 10116"
1028885,4,3,"9606, 10090, 10116"
738187,4,4,"9031, 9823, 10090, 10116"
1028263,4,3,"3702, 227321, 284812"
738165,4,4,"8355, 9031, 9606, 10090"
1028498,4,1,3702
1028524,4,4,"3702, 9606, 10090, 10116"
784091,4,3,"7227, 9606, 10090"
784074,4,4,"7227, 7955, 8355, 9606"
784095,4,4,"6239, 7227, 9606, 10090"
738150,4,2,"8355, 9606"
1028548,4,4,"7227, 9606, 284812, 559292"
733481,4,1,9606
789228,4,4,"6239, 7955, 9606, 10090"
806053,4,4,"3702, 9606, 284812, 559292"
789339,4,4,"7227, 9606, 10090, 10116"
789271,4,2,"7227, 9606"
789223,4,4,"7955, 9606, 10090, 10116"
789224,4,4,"6239, 7227, 9606, 10090"
789195,4,4,"6239, 7227, 9606, 10090"
736901,4,3,"9606, 10090, 10116"
789261,4,2,"7227, 9606"
789187,4,3,"9606, 10090, 10116"
789188,4,4,"7227, 7955, 9606, 10090"
736348,4,1,9606
736495,4,3,"9606, 10090, 10116"
789202,4,4,"7227, 9606, 10090, 10116"
789128,4,3,"7227, 9606, 10090"
269967,4,1,3702
789196,4,4,"7227, 9606, 10090, 10116"
1029388,4,4,"6239, 10090, 224308, 284812"
1029304,4,4,"185431, 237561, 284812, 559292"
1029350,4,3,"7955, 9606, 9913"
789343,4,3,"7227, 9606, 10090"
789319,4,2,"9606, 10090"
268524,4,1,3702
268275,4,1,3702
789391,4,3,"7955, 9606, 10090"
734920,4,1,10090
789281,4,4,"7955, 9606, 10090, 10116"
789287,4,4,"6239, 9606, 10090, 10116"
732958,4,4,"9606, 9823, 10090, 10116"
733250,4,4,"9031, 9606, 10090, 10116"
806170,4,1,3702
789326,4,4,"7955, 9606, 9913, 10090"
733255,4,3,"9606, 10090, 10116"
733527,4,3,"9606, 10090, 10116"
789320,4,4,"7227, 9606, 9913, 10090"
785009,4,3,"7955, 9606, 10090"
788388,4,2,"9606, 10090"
276771,4,1,3702
785411,4,2,"7227, 7955"
786295,4,4,"7955, 9606, 10090, 10116"
789122,4,2,"7227, 9606"
789124,4,4,"9541, 9606, 9913, 10090"
736586,4,4,"9606, 10090, 10116, 59729"
789131,4,3,"7955, 9606, 10090"
65332,4,1,185431
806372,4,4,"9606, 10029, 284812, 559292"
736720,4,3,"9606, 10090, 10116"
736771,4,3,"9606, 10090, 10116"
736772,4,4,"9606, 9913, 10090, 10116"
736620,4,2,"9606, 10090"
785202,4,4,"9606, 9913, 10090, 10116"
736900,4,4,"7955, 9606, 10090, 10116"
806075,4,4,"9606, 10090, 227321, 342108"
806010,4,4,"3702, 237561, 284812, 559292"
805980,4,3,"8355, 9606, 10090"
1028813,4,3,"9606, 9913, 10090"
1029086,4,4,"83332, 85962, 190650, 266834"
736558,4,4,"9606, 9823, 10090, 10116"
806148,4,3,"9606, 10090, 185431"
789160,4,4,"7227, 9606, 10090, 10116"
787913,4,4,"9606, 10029, 10090, 10116"
270246,4,2,"3702, 3847"
789141,4,4,"6239, 7227, 9606, 10116"
736579,4,3,"9606, 10090, 10116"
736485,4,2,"9606, 10090"
736480,4,2,"9606, 10090"
736547,4,2,"9606, 10090"
736549,4,2,"9606, 10116"
736551,4,4,"9606, 9913, 10090, 10116"
789080,4,3,"6239, 9606, 10090"
789045,4,4,"7227, 7955, 9606, 10090"
752327,4,4,"7955, 9606, 10090, 10116"
752328,4,3,"9606, 10090, 10116"
319667,4,2,"3635, 3702"
751377,4,3,"9606, 10090, 10116"
756771,4,2,"9606, 10090"
756836,4,4,"9103, 9606, 10090, 10116"
758198,4,4,"9031, 9606, 10090, 10116"
778052,4,3,"6239, 9606, 10090"
752416,4,4,"7955, 8673, 9606, 10116"
752426,4,4,"9606, 9913, 10090, 10116"
319568,4,1,3702
319418,4,2,"3702, 4565"
752356,4,4,"7955, 9031, 10090, 10116"
757038,4,3,"9606, 10090, 10116"
756782,4,2,"9606, 10090"
756804,4,2,"9606, 10090"
756468,4,4,"7955, 9606, 10090, 10116"
991415,4,2,"208964, 224308"
751286,4,2,"7955, 10090"
991043,4,4,"10090, 170187, 208964, 224308"
751285,4,4,"9606, 9823, 9986, 10116"
758233,4,3,"7955, 9606, 10090"
758282,4,3,"7955, 9606, 10090"
758154,4,2,"9606, 10090"
758277,4,4,"7955, 9606, 10090, 10116"
751392,4,3,"9606, 10090, 10116"
831160,4,3,"237561, 284812, 559292"
829605,4,3,"7227, 7955, 9606"
758288,4,4,"7719, 7955, 9606, 10090"
829311,4,3,"7227, 9606, 10116"
830762,4,4,"6239, 237561, 284812, 559292"
830763,4,4,"7227, 9606, 9913, 10090"
831043,4,4,"7227, 9606, 9913, 10090"
752345,4,2,"9606, 10090"
758158,4,2,"9606, 10090"
756405,4,4,"7955, 9606, 10090, 10116"
756303,4,4,"7955, 9606, 10090, 10116"
310606,4,1,3702
756279,4,4,"7955, 9606, 10090, 10116"
752536,4,2,"9606, 10090"
752427,4,4,"7955, 9606, 10090, 10116"
752437,4,2,"9606, 10090"
752443,4,4,"8355, 9606, 10090, 10116"
757179,4,4,"9606, 10090, 10116, 212042"
752432,4,3,"7955, 9606, 10090"
752496,4,4,"9031, 9103, 9606, 10116"
59388,4,1,185431
752578,4,2,"9606, 10090"
318930,4,2,"3702, 4097"
752587,4,4,"8355, 9606, 10090, 10116"
991058,4,2,"224308, 1891767"
990840,4,4,"83332, 169963, 170187, 224308"
752431,4,3,"9031, 9606, 10090"
756962,4,2,"9606, 10090"
756467,4,3,"9606, 9913, 10090"
757045,4,2,"9606, 10090"
319326,4,1,3702
752449,4,4,"7955, 8355, 9606, 10090"
319460,4,1,3702
319463,4,1,3702
756374,4,4,"7955, 9606, 10090, 10116"
756440,4,4,"7955, 8355, 9606, 10090"
756341,4,3,"7955, 9606, 10090"
752471,4,3,"9606, 10090, 10116"
752479,4,1,9606
752455,4,3,"9606, 10090, 10116"
752421,4,2,"9606, 10090"
752423,4,4,"7955, 9606, 10090, 10116"
319161,4,1,3702
756332,4,4,"7955, 8355, 9606, 10090"
308736,4,2,"3702, 39947"
749052,4,4,"7955, 9606, 10090, 10116"
991955,4,4,"83332, 85962, 224308, 1111708"
759583,4,4,"9606, 9823, 10090, 10116"
759709,4,3,"9606, 10090, 10116"
759556,4,4,"7955, 8355, 9606, 10090"
759559,4,4,"7955, 8355, 9606, 10116"
759562,4,4,"7955, 9606, 10090, 10116"
751246,4,4,"7955, 9606, 10090, 10116"
749088,4,4,"8355, 9606, 10090, 10116"
320951,4,1,3702
297555,4,3,"39946, 39947, 60698"
759223,4,3,"7955, 9606, 10090"
759193,4,3,"8355, 9606, 10090"
759135,4,3,"9606, 10090, 10116"
320569,4,1,3702
749035,4,4,"7955, 9606, 10090, 10116"
320741,4,1,3702
748871,4,3,"7955, 9606, 10090"
748793,4,3,"9606, 10090, 10116"
321464,4,1,3702
748547,4,4,"7955, 9606, 10090, 10116"
824128,4,4,"7227, 7955, 9606, 10090"
824136,4,4,"7227, 7955, 9606, 10090"
759418,4,3,"7955, 9606, 10116"
828373,4,4,"227321, 237561, 330879, 559292"
991486,4,4,"39947, 83332, 208964, 223283"
827692,4,4,"3702, 9606, 237561, 559292"
828263,4,4,"7227, 9606, 9913, 10090"
748921,4,4,"7955, 8355, 9606, 10090"
748900,4,3,"7955, 9606, 10090"
748905,4,4,"7955, 9606, 10090, 10116"
748991,4,4,"7955, 9606, 9913, 10090"
991459,4,2,"83333, 208964"
991208,4,4,"1140, 85962, 208964, 243230"
828450,4,3,"7955, 9606, 10090"
750243,4,3,"9606, 10090, 10116"
320186,4,1,3702
320199,4,2,"3702, 39947"
751213,4,3,"7955, 9606, 10116"
759034,4,4,"9031, 9606, 10090, 10116"
759035,4,4,"7955, 8364, 9606, 10090"
758905,4,4,"7955, 9606, 10090, 10116"
750378,4,3,"9606, 10090, 10116"
749057,4,4,"7955, 9606, 10090, 10116"
758380,4,4,"7955, 8355, 9606, 10090"
758631,4,2,"9606, 10090"
758944,4,3,"9606, 10090, 10116"
758355,4,4,"7955, 9606, 10090, 10116"
758952,4,3,"9606, 10090, 10116"
751291,4,4,"7955, 8355, 9606, 10090"
751263,4,3,"7955, 9606, 10090"
751332,4,3,"7955, 10090, 10116"
758909,4,2,"9606, 10090"
749211,4,3,"9606, 10090, 10116"
749146,4,4,"7955, 9606, 10090, 10116"
749151,4,3,"8355, 9606, 10090"
759168,4,4,"9606, 9913, 10090, 10116"
758881,4,3,"7955, 9606, 10090"
759023,4,2,"9606, 10090"
297658,4,2,"3702, 4081"
759100,4,2,"9606, 10090"
828344,4,4,"4102, 7227, 8355, 9606"
320483,4,1,3702
749242,4,3,"9606, 10090, 10116"
750280,4,4,"9031, 9606, 10090, 10116"
749246,4,4,"7955, 9606, 10090, 10116"
297773,4,2,"3635, 3702"
829031,4,4,"3702, 7227, 9606, 10090"
829048,4,1,3702
828703,4,2,"3702, 39947"
749861,4,3,"8355, 9606, 10090"
754133,4,4,"7955, 9606, 10090, 10116"
754049,4,4,"1502, 9606, 10090, 10116"
754050,4,3,"9606, 10090, 10116"
754130,4,3,"7955, 9606, 10090"
754138,4,4,"7955, 9606, 10090, 10116"
314277,4,1,3702
755436,4,2,"9606, 10090"
990844,4,2,"83332, 208964"
754179,4,2,"9606, 10090"
990650,4,3,"83332, 208964, 393133"
990646,4,4,"29301, 83333, 208964, 242231"
754165,4,3,"9606, 10090, 10116"
990652,4,4,"62977, 224308, 233413, 272634"
754234,4,4,"7955, 9606, 10090, 10116"
754127,4,4,"7955, 9606, 10090, 10116"
754188,4,4,"7955, 9606, 10090, 10116"
755463,4,2,"9606, 10090"
755533,4,3,"9606, 9913, 10090"
755669,4,3,"9606, 10090, 10116"
755576,4,1,9606
755578,4,2,"9606, 10090"
755579,4,2,"9606, 10090"
755521,4,3,"9606, 10090, 212042"
755568,4,3,"9606, 10090, 10116"
755571,4,2,"9606, 10090"
755551,4,3,"9606, 10090, 10116"
754060,4,4,"9606, 9913, 10090, 10116"
754022,4,3,"7955, 9606, 10090"
754001,4,3,"9606, 10090, 10116"
754081,4,4,"7955, 9606, 10090, 10116"
754091,4,4,"7955, 9606, 10090, 10116"
753969,4,4,"8355, 9606, 10090, 10116"
833150,4,4,"9606, 9940, 9986, 10116"
906993,4,1,233413
313967,4,1,3702
801965,4,3,"3702, 36329, 44689"
801961,4,4,"7955, 9606, 10090, 185431"
237521,4,1,3702
801958,4,3,"3702, 5664, 185431"
801949,4,2,"284812, 559292"
802047,4,3,"7955, 9606, 284812"
755496,4,2,"9606, 10090"
754590,4,4,"9601, 9606, 9913, 10090"
754221,4,3,"9606, 10090, 262719"
314668,4,1,3702
754534,4,4,"7955, 9606, 10090, 10116"
314587,4,1,3702
755415,4,2,"9606, 10090"
754542,4,3,"9606, 10090, 10116"
754466,4,4,"7955, 9606, 10090, 10116"
754300,4,3,"9606, 10090, 10116"
754416,4,4,"7955, 9606, 10090, 10116"
314723,4,1,3702
754175,4,2,"9606, 10090"
754244,4,4,"7955, 9606, 10090, 10116"
754103,4,4,"7955, 9606, 10090, 10116"
754104,4,3,"7955, 9606, 10090"
754106,4,3,"7955, 9606, 10090"
755504,4,3,"7955, 9606, 10090"
755399,4,3,"9606, 10090, 10116"
754588,4,4,"7955, 9606, 10090, 10116"
801990,4,4,"3702, 6239, 9606, 284812"
314498,4,1,3702
755480,4,3,"7955, 9606, 10090"
801942,4,3,"9606, 284812, 559292"
563683,4,1,6239
556671,4,1,6239
566770,4,1,6239
562068,4,1,6239
802007,4,4,"7227, 9606, 284812, 559292"
755467,4,3,"9606, 10090, 10116"
752659,4,4,"7955, 9606, 10090, 10116"
317701,4,1,3702
752638,4,3,"9606, 10090, 10116"
752639,4,4,"7955, 8355, 9606, 10090"
756109,4,2,"9606, 10090"
756154,4,3,"7955, 9606, 10090"
756110,4,4,"7227, 9606, 10090, 10116"
756095,4,4,"7955, 9606, 10090, 10116"
314203,4,2,"3702, 39947"
756092,4,4,"7955, 9606, 10090, 10116"
990776,4,4,"39947, 224308, 273123, 312309"
990804,4,3,"83332, 208964, 224308"
990850,4,4,"8022, 83332, 85962, 224326"
990717,4,4,"85962, 170187, 190650, 243274"
752936,4,4,"7955, 9606, 10090, 10116"
752882,4,4,"7955, 9606, 10090, 10116"
990798,4,3,"170187, 224326, 300852"
756076,4,2,"9606, 10090"
990913,4,4,"42684, 83333, 224308, 272943"
990828,4,4,"71421, 190650, 224308, 224326"
756247,4,4,"9031, 9606, 10090, 10116"
756253,4,3,"7955, 9606, 10090"
756130,4,3,"7955, 9606, 10090"
756237,4,3,"9606, 10090, 10116"
756319,4,4,"7955, 9606, 10090, 10116"
756320,4,4,"9031, 9606, 10090, 10116"
990763,4,4,"1911, 83332, 208964, 267608"
318996,4,1,3702
752681,4,3,"7955, 9606, 10090"
752694,4,4,"9606, 9986, 10090, 10116"
752705,4,4,"9031, 9606, 10090, 10116"
752574,4,4,"7955, 9606, 10090, 10116"
752556,4,3,"7955, 9606, 10090"
756243,4,4,"7955, 9606, 10090, 10116"
756204,4,2,"9606, 10116"
752608,4,4,"7955, 9606, 10090, 10116"
753975,4,4,"7955, 9606, 10090, 10116"
753918,4,4,"7955, 9031, 10090, 10116"
755624,4,3,"9606, 10090, 10116"
755627,4,2,"9606, 10090"
314070,4,3,"3635, 3702, 39947"
755634,4,3,"7955, 9606, 10090"
755567,4,3,"7955, 9606, 10116"
755603,4,3,"9606, 10090, 10116"
990799,4,2,"224326, 1111708"
314093,4,3,"3702, 39946, 39947"
990688,4,3,"10116, 208964, 224308"
990750,4,4,"882, 1967, 190485, 208964"
990725,4,3,"623, 1061, 224308"
990740,4,3,"644, 208964, 330779"
753993,4,3,"9606, 9615, 10090"
754084,4,2,"9606, 10090"
753980,4,4,"7955, 9606, 10090, 10116"
755613,4,4,"9031, 9606, 10090, 10116"
752811,4,4,"7955, 9606, 10090, 10116"
752896,4,4,"7955, 8355, 9606, 10090"
752803,4,3,"7955, 9606, 10090"
753090,4,3,"9606, 9913, 10090"
315975,4,1,3702
832001,4,2,"284812, 559292"
831996,4,4,"3888, 5702, 284812, 559292"
753059,4,4,"7955, 9606, 10090, 10116"
753286,4,3,"9606, 10090, 10116"
756030,4,3,"8364, 9606, 10090"
756048,4,2,"9606, 10090"
756050,4,4,"9031, 9606, 10090, 10116"
756051,4,2,"9606, 10090"
314020,4,2,"3702, 39947"
753926,4,3,"9606, 10090, 10116"
753047,4,2,"9606, 10090"
753571,4,4,"9606, 9615, 9986, 10090"
753925,4,4,"9606, 9823, 10090, 10116"
769704,4,3,"9606, 10116, 94328"
770286,4,1,7227
746675,4,4,"7955, 8355, 8364, 10090"
746619,4,4,"8355, 9031, 9606, 10090"
746598,4,4,"9606, 9823, 10090, 10116"
1027313,4,3,"9606, 9913, 10090"
399002,4,1,284812
748915,4,4,"7955, 8355, 9606, 10090"
746632,4,3,"9606, 10090, 10116"
746574,4,4,"7955, 9606, 10090, 10116"
815624,4,3,"7227, 9606, 10090"
815755,4,2,"3702, 2822231"
816040,4,4,"3702, 9606, 10090, 284812"
746620,4,4,"7955, 8355, 9606, 10116"
746571,4,3,"9606, 10090, 10116"
746608,4,4,"7955, 9606, 9615, 10090"
746593,4,4,"7955, 9606, 10090, 10116"
293240,4,1,3702
773707,4,4,"9606, 9913, 10090, 10116"
772633,4,3,"7227, 7955, 10116"
746475,4,3,"7955, 9606, 10090"
746581,4,3,"9606, 10090, 10116"
746503,4,4,"7955, 9606, 10090, 10116"
746479,4,1,9606
746476,4,3,"7955, 9606, 10090"
773397,4,4,"7955, 9606, 10090, 10116"
770276,4,3,"9606, 10090, 10116"
769207,4,4,"7955, 9606, 10090, 10116"
772829,4,4,"9606, 9913, 10090, 10116"
771013,4,3,"9606, 10090, 10116"
772854,4,2,"9606, 10090"
770852,4,4,"8355, 9031, 9606, 10090"
768187,4,4,"7227, 9606, 9913, 10090"
772853,4,4,"7227, 9606, 9913, 10090"
746528,4,4,"9606, 9823, 10090, 10116"
746648,4,3,"9606, 10090, 10116"
746686,4,4,"7955, 9606, 10090, 10116"
746714,4,4,"7955, 9606, 10090, 10116"
746623,4,4,"7955, 9606, 10090, 10116"
765773,4,1,9606
763896,4,2,"7955, 9606"
763390,4,2,"9606, 10116"
763932,4,4,"9031, 9606, 10090, 10116"
746636,4,3,"9606, 10090, 10116"
763298,4,2,"9606, 10090"
293676,4,2,"3635, 3702"
746733,4,4,"7955, 9606, 10090, 10116"
746741,4,4,"7955, 9606, 10090, 10116"
746739,4,4,"7955, 9606, 10090, 10116"
746698,4,4,"7955, 9606, 10090, 10116"
746699,4,4,"8355, 9606, 10090, 10116"
746756,4,3,"9606, 10090, 10116"
764022,4,4,"7955, 9606, 10090, 10116"
1027283,4,4,"7227, 9606, 187420, 273057"
767193,4,4,"9606, 9913, 10090, 10116"
766134,4,2,"7955, 8030"
767574,4,3,"9031, 9606, 10090"
765852,4,3,"9031, 9606, 10090"
293398,4,1,3702
765834,4,3,"7227, 9606, 10090"
765628,4,4,"7955, 9606, 10090, 10116"
763060,4,3,"7955, 9606, 10090"
770105,4,2,"9606, 10090"
766486,4,4,"7955, 9606, 10090, 10116"
769352,4,4,"9606, 9986, 10090, 10116"
765468,4,4,"9606, 9986, 10090, 10116"
293609,4,2,"3635, 3702"
765677,4,3,"7955, 9606, 10090"
765480,4,3,"9606, 10090, 10116"
767855,4,3,"9606, 10090, 10116"
766141,4,4,"7227, 7955, 9606, 10090"
778176,4,4,"7227, 9606, 10090, 10116"
778021,4,3,"9606, 10090, 10116"
292572,4,3,"3702, 29760, 39947"
292598,4,3,"3635, 3702, 39947"
778086,4,4,"7955, 9606, 9913, 10090"
53708,4,2,"5755, 44689"
746178,4,4,"9606, 9913, 10090, 10116"
746174,4,4,"9606, 9823, 10090, 10116"
293114,4,3,"3702, 4577, 39947"
777922,4,2,"9606, 10090"
777924,4,3,"8355, 9606, 10090"
777911,4,4,"7227, 9606, 10090, 316273"
814371,4,3,"7955, 9606, 10090"
778053,4,4,"6239, 7227, 9606, 10029"
292958,4,1,39947
746272,4,4,"7955, 9606, 10090, 10116"
746277,4,4,"7955, 9606, 10090, 10116"
1027394,4,4,"9606, 10090, 10116, 273063"
813623,4,4,"7227, 9606, 10090, 10116"
813627,4,4,"185431, 237561, 284812, 559292"
778170,4,3,"7227, 9606, 10090"
778182,4,3,"7227, 9606, 10090"
813597,4,4,"9606, 9913, 10090, 10116"
813600,4,3,"44689, 185431, 559292"
746126,4,3,"7955, 9606, 10090"
746071,4,4,"7955, 9606, 10090, 10116"
778055,4,4,"9606, 9823, 9913, 10090"
746164,4,4,"9031, 9606, 10090, 10116"
746142,4,4,"9606, 9823, 10090, 10116"
746133,4,4,"7955, 9606, 10090, 10116"
746160,4,4,"9606, 10090, 10116, 331111"
746061,4,4,"7955, 9606, 9823, 10090"
746144,4,4,"9606, 9913, 10090, 10116"
778044,4,4,"6239, 7227, 9606, 10090"
814050,4,3,"3702, 39947, 284812"
746116,4,3,"7955, 9606, 10090"
746363,4,4,"7955, 9606, 10090, 10116"
746411,4,4,"7955, 9606, 10090, 10116"
746399,4,3,"9606, 10090, 10116"
746288,4,2,"9606, 10090"
775594,4,4,"7955, 9606, 10090, 10116"
292965,4,3,"3702, 39946, 39947"
814862,4,4,"9606, 10090, 10116, 237561"
814787,4,3,"7227, 7955, 9606"
746388,4,4,"9606, 9823, 10090, 10116"
746555,4,4,"7955, 9606, 10090, 10116"
746463,4,3,"7955, 9606, 10090"
746514,4,3,"8355, 9606, 10090"
746383,4,4,"7955, 9031, 9606, 10090"
746456,4,4,"7955, 7998, 9606, 10116"
746458,4,4,"7955, 9606, 10090, 10116"
815331,4,3,"7227, 7955, 9606"
774555,4,3,"9606, 10090, 10116"
746454,4,4,"7955, 9606, 10090, 10116"
746302,4,4,"7955, 8355, 9606, 10090"
746301,4,4,"7955, 9606, 10090, 10116"
814599,4,4,"7955, 9031, 9606, 10090"
814713,4,2,"9606, 10090"
777843,4,3,"7227, 9606, 10090"
814319,4,1,3702
814234,4,4,"3702, 9606, 9823, 10090"
814784,4,4,"3702, 9606, 284812, 559292"
746432,4,3,"7955, 9606, 10090"
746295,4,4,"7955, 9606, 10090, 10116"
1027443,4,2,"3702, 39947"
746375,4,4,"7955, 8364, 9606, 10090"
1027338,4,4,"3702, 9606, 284812, 559292"
1027322,4,4,"3702, 7955, 284812, 559292"
775141,4,3,"9606, 10090, 137888"
777863,4,4,"7227, 7955, 9606, 10116"
775119,4,4,"7955, 9606, 10090, 868565"
746352,4,4,"8355, 9606, 9823, 10090"
747321,4,3,"7955, 9606, 10090"
747215,4,4,"7955, 9031, 9606, 10090"
747218,4,4,"7955, 8355, 9606, 10090"
747314,4,4,"7955, 9031, 9606, 10090"
761205,4,3,"6239, 9606, 10090"
296024,4,1,3702
761354,4,2,"9606, 10090"
993046,4,4,"83332, 90370, 208964, 266834"
747272,4,3,"9606, 10090, 10116"
747387,4,4,"7955, 9606, 10090, 10116"
747269,4,4,"7955, 9606, 10090, 10116"
747275,4,4,"9031, 9606, 10090, 10116"
747281,4,4,"9606, 9615, 9986, 10090"
761276,4,4,"7227, 9606, 9913, 10090"
748013,4,4,"9606, 9913, 10090, 10116"
747405,4,3,"7955, 9606, 10090"
761348,4,3,"7227, 9606, 10090"
747123,4,3,"7955, 9606, 10090"
747210,4,4,"7955, 9606, 10090, 10116"
992124,4,3,"99287, 264198, 272562"
992125,4,4,"83333, 208964, 224326, 364106"
747169,4,3,"9606, 10090, 10116"
761404,4,2,"6239, 7227"
761420,4,2,"9606, 10090"
761395,4,4,"7955, 9606, 10090, 10116"
747265,4,4,"9606, 10090, 10116, 10141"
822306,4,4,"7227, 9606, 10090, 10116"
821315,4,1,7227
818729,4,3,"227321, 284812, 559292"
818792,4,4,"7955, 9606, 10090, 559292"
761375,4,4,"7955, 9031, 9606, 10116"
761487,4,4,"7227, 9606, 9913, 10090"
992123,4,4,"882, 4530, 208964, 243274"
992690,4,4,"83333, 170187, 208964, 224308"
761359,4,3,"7955, 9606, 10090"
761092,4,4,"7227, 9606, 9913, 10090"
760857,4,3,"9606, 10090, 10116"
748351,4,4,"8355, 9606, 10090, 10116"
748391,4,4,"9606, 9913, 10090, 10116"
748328,4,3,"9606, 10090, 10116"
748349,4,4,"8355, 9606, 10090, 10116"
748264,4,3,"9606, 10090, 10116"
759650,4,4,"8355, 9606, 10090, 10116"
748270,4,4,"8355, 8364, 9606, 10090"
748431,4,4,"9031, 9606, 10090, 10116"
748882,4,3,"9606, 10090, 10116"
748375,4,3,"9606, 9823, 10090"
748408,4,4,"9606, 9615, 10090, 10116"
760145,4,3,"9606, 10090, 10116"
760172,4,4,"7955, 9606, 10090, 10116"
759359,4,3,"9606, 10090, 10116"
759652,4,2,"9606, 10090"
760568,4,4,"9606, 9913, 10090, 10116"
748217,4,3,"8355, 9606, 10090"
748199,4,2,"9606, 10090"
748257,4,3,"9606, 10090, 10116"
748188,4,3,"9606, 10090, 10116"
747537,4,3,"9606, 10090, 10116"
747480,4,4,"7955, 9606, 10090, 10116"
296266,4,1,3702
825328,4,4,"7955, 9606, 10090, 93061"
761082,4,3,"7227, 9606, 10090"
761261,4,4,"7227, 9606, 9913, 10090"
822575,4,3,"7955, 9606, 10090"
748187,4,3,"8355, 9606, 10090"
748388,4,3,"9606, 9913, 10090"
748225,4,4,"9031, 9606, 10090, 10116"
748234,4,3,"9606, 10090, 10116"
760350,4,2,"9606, 10090"
759752,4,4,"7955, 9606, 10090, 10116"
59747,4,1,185431
762409,4,3,"9606, 10090, 10116"
746828,4,4,"7955, 9606, 10090, 10116"
746797,4,4,"7955, 9606, 10090, 10116"
746911,4,4,"7955, 9606, 10090, 10116"
746956,4,3,"7955, 9606, 10090"
746821,4,4,"7955, 9606, 10090, 10116"
816661,4,3,"227321, 284812, 559292"
816629,4,2,"44689, 559292"
747099,4,4,"7955, 9606, 10090, 10116"
746890,4,3,"7955, 9606, 10116"
746850,4,4,"9541, 9606, 9986, 10029"
746857,4,4,"7955, 8355, 9606, 10090"
746923,4,2,"9606, 10090"
746916,4,4,"7955, 8355, 9606, 10090"
762354,4,4,"7227, 9606, 10090, 10116"
294014,4,2,"3702, 39947"
761882,4,3,"7955, 9606, 10090"
817619,4,3,"9606, 10090, 10116"
815949,4,4,"9606, 9615, 10090, 10116"
816151,4,4,"7955, 9606, 10090, 10116"
815857,4,1,3702
763353,4,3,"7955, 9606, 10090"
765347,4,4,"9606, 10029, 10090, 10116"
816071,4,4,"7227, 9606, 10090, 227321"
763345,4,4,"7091, 7227, 9606, 10090"
746783,4,3,"9606, 10090, 10116"
762392,4,4,"7955, 9606, 10090, 10116"
1011239,4,3,"83332, 208964, 324602"
746777,4,4,"7955, 8355, 9606, 10090"
746731,4,4,"7955, 9606, 10090, 10116"
746785,4,3,"9606, 10090, 10116"
746776,4,4,"7955, 8355, 9606, 10090"
293989,4,1,3702
762497,4,4,"7955, 9606, 10090, 10116"
762276,4,4,"7227, 9606, 9913, 10090"
996032,4,3,"100226, 224308, 405948"
818004,4,4,"7227, 7955, 9606, 10090"
761823,4,2,"9606, 10090"
818516,4,2,"3055, 3702"
747050,4,3,"7955, 9606, 10090"
747056,4,3,"7955, 9606, 10116"
747096,4,4,"7955, 9606, 10090, 10116"
747057,4,3,"9606, 10090, 10116"
747138,4,4,"7955, 8355, 9606, 10090"
762890,4,4,"7227, 9606, 9913, 10090"
747158,4,4,"9606, 9823, 10090, 10116"
747118,4,4,"7955, 9606, 10090, 10116"
747128,4,3,"8355, 9606, 10090"
747136,4,3,"7955, 7998, 8030"
747110,4,2,"9606, 10090"
761324,4,3,"6239, 7227, 9606"
761286,4,3,"7227, 7955, 10090"
761528,4,3,"7955, 9606, 10090"
747063,4,4,"7955, 9606, 10090, 10116"
294231,4,2,"3702, 39947"
746989,4,2,"9606, 10090"
746968,4,4,"7955, 9606, 10090, 10116"
746997,4,4,"7955, 9606, 10090, 10116"
747007,4,4,"7955, 9606, 10090, 10116"
746984,4,4,"7998, 8355, 9606, 10116"
746988,4,4,"7955, 9606, 10090, 10116"
747034,4,2,"7955, 8355"
821953,4,3,"3702, 6239, 9606"
761522,4,4,"7955, 9606, 10090, 10116"
761812,4,2,"9606, 10090"
761613,4,3,"7227, 9606, 10090"
761713,4,3,"7227, 9606, 10116"
747043,4,4,"7955, 9606, 10090, 10116"
747037,4,3,"7955, 9606, 10090"
747021,4,3,"9031, 9606, 10090"
294479,4,1,3702
746908,4,4,"7955, 9606, 9913, 10090"
803912,4,4,"7955, 9606, 10029, 10090"
617662,4,1,7227
1033210,4,4,"3702, 9606, 10090, 10116"
794004,4,2,"9606, 10090"
803545,4,4,"3702, 9606, 10090, 284812"
802374,4,4,"3055, 8355, 9606, 10090"
802419,4,3,"6239, 9606, 36329"
1033193,4,4,"3702, 9606, 10090, 559292"
727132,4,4,"9606, 9913, 10090, 10116"
803547,4,4,"3702, 7227, 9606, 10090"
648743,4,1,7227
1033228,4,3,"3702, 284812, 559292"
483409,4,4,"3635, 7955, 284812, 559292"
793174,4,2,"284812, 559292"
631007,4,2,"7227, 7238"
478482,4,4,"237561, 284593, 330879, 559292"
803590,4,4,"9606, 9986, 10090, 10116"
478705,4,3,"237561, 284812, 559292"
478738,4,3,"237561, 284593, 559292"
804776,4,4,"7955, 246409, 330879, 559292"
1033438,4,2,"9606, 10090"
803551,4,2,"9606, 10090"
793986,4,3,"7227, 9606, 10090"
804700,4,4,"3702, 237561, 284812, 559292"
482859,4,3,"237561, 284812, 559292"
793144,4,3,"7227, 9606, 10090"
793146,4,4,"9606, 10116, 284812, 559292"
793168,4,2,"9606, 10090"
802474,4,4,"6239, 7227, 9606, 284812"
803588,4,4,"3702, 6239, 44689, 559292"
804711,4,3,"7227, 9606, 10090"
803138,4,4,"3702, 185431, 284812, 559292"
803048,4,4,"9606, 10090, 284812, 559292"
653152,4,1,6239
802810,4,4,"3702, 7227, 9606, 284812"
803023,4,4,"7955, 9606, 10090, 185431"
793279,4,4,"6239, 7227, 9606, 9615"
727397,4,1,9606
802417,4,4,"6239, 7227, 9606, 10090"
803036,4,4,"7227, 9606, 10090, 559292"
620378,4,1,7227
802281,4,3,"7227, 10090, 284812"
649588,4,1,7227
627637,4,1,7227
802527,4,3,"3702, 284812, 559292"
793454,4,2,"9606, 10090"
212638,4,2,"4577, 39947"
801796,4,4,"9606, 185431, 284812, 559292"
793327,4,4,"7165, 7227, 9606, 10090"
654016,4,1,6239
801672,4,4,"3702, 9606, 10090, 284812"
793923,4,2,"9606, 10090"
802252,4,4,"3702, 6239, 9606, 10090"
802237,4,4,"3702, 7227, 9606, 10090"
804002,4,4,"9606, 9823, 9913, 10090"
658566,4,3,"6239, 7227, 7244"
801808,4,4,"3702, 9606, 9615, 36329"
802268,4,4,"3055, 9606, 9913, 185431"
478572,4,2,"284812, 559292"
627584,4,1,7227
801480,4,4,"3702, 7227, 9606, 10090"
723483,4,2,"9606, 10090"
803245,4,3,"3702, 7227, 9606"
793458,4,3,"6239, 7227, 9606"
484095,4,3,"237561, 284812, 559292"
719275,4,1,10090
795417,4,4,"9606, 10029, 10090, 10116"
250568,4,1,3702
794957,4,4,"7227, 9606, 9913, 10090"
797915,4,4,"227321, 237561, 284812, 559292"
801626,4,4,"3702, 9606, 284812, 559292"
793433,4,4,"9606, 10090, 284812, 559292"
728647,4,3,"9606, 9823, 10090"
803988,4,4,"3702, 7227, 9606, 10090"
478522,4,3,"237561, 284812, 559292"
721723,4,1,9606
793696,4,4,"9031, 9606, 10090, 10116"
793114,4,3,"7227, 9606, 559292"
804750,4,4,"227321, 237561, 284812, 559292"
802751,4,4,"7227, 9606, 284812, 559292"
793118,4,3,"9606, 9913, 10090"
793094,4,3,"7227, 9606, 10090"
803809,4,4,"7955, 9606, 10995, 216596"
803876,4,3,"9606, 284812, 559292"
803866,4,4,"7227, 8355, 9606, 10090"
804910,4,4,"9541, 9606, 10090, 10116"
803770,4,4,"9606, 9913, 10090, 10116"
804846,4,4,"9606, 10090, 10116, 284812"
648706,4,2,"6239, 7227"
803991,4,2,"7227, 9606"
802197,4,4,"7955, 9606, 10090, 185431"
796478,4,4,"7955, 9606, 10090, 10116"
801829,4,4,"3702, 7227, 9606, 10090"
803205,4,4,"7955, 9606, 10090, 44689"
801840,4,4,"7227, 9606, 10090, 44689"
803004,4,4,"6239, 7955, 9606, 10090"
482055,4,3,"284812, 559292, 759272"
801838,4,4,"9606, 185431, 284812, 559292"
802680,4,3,"3702, 10090, 10116"
798683,4,2,"9606, 10090"
804770,4,4,"9606, 10090, 284812, 559292"
803262,4,4,"6239, 237561, 284812, 559292"
804675,4,4,"9606, 10090, 237561, 559292"
793245,4,2,"9606, 10090"
803681,4,4,"227321, 237561, 284812, 559292"
802617,4,4,"6239, 9606, 284812, 559292"
797806,4,3,"9606, 10090, 10116"
803536,4,4,"9606, 10090, 284812, 559292"
1033224,4,4,"7227, 9606, 9913, 10090"
802152,4,4,"3702, 9606, 284812, 559292"
801777,4,3,"3702, 9606, 284812"
802190,4,4,"7227, 9606, 284812, 559292"
625227,4,1,7227
727642,4,3,"9606, 10090, 10116"
802194,4,1,3702
802111,4,3,"3702, 9606, 284812"
719273,4,1,10090
798541,4,4,"227321, 284812, 330879, 510516"
802613,4,4,"7227, 9606, 237561, 559292"
793546,4,3,"7955, 9606, 10090"
802698,4,4,"7227, 9606, 10029, 10090"
802991,4,4,"227321, 330879, 510516, 1108849"
802355,4,4,"227321, 237561, 284593, 559292"
794038,4,4,"6239, 7227, 9606, 10090"
794290,4,4,"9606, 10090, 284812, 559292"
793267,4,3,"7955, 9606, 10090"
1034099,4,2,"9606, 10116"
802352,4,4,"9606, 10090, 284812, 559292"
801513,4,4,"3702, 7227, 9606, 10090"
802274,4,4,"7955, 9606, 284812, 559292"
802273,4,4,"3055, 7955, 9606, 185431"
804577,4,4,"9606, 10090, 284812, 559292"
793287,4,4,"7955, 9606, 10090, 10116"
197825,4,2,"39946, 39947"
793314,4,2,"9606, 10090"
801515,4,4,"7955, 9606, 10090, 10116"
145333,4,4,"5802, 5811, 5843, 36329"
793261,4,2,"10090, 284812"
802356,4,4,"8355, 9606, 10090, 185431"
804689,4,4,"3702, 6239, 7227, 9606"
802341,4,4,"3055, 9606, 10090, 185431"
793258,4,4,"6239, 7227, 9606, 10090"
803364,4,3,"3702, 9606, 284812"
793237,4,4,"9606, 10090, 284812, 559292"
794234,4,3,"7227, 8355, 9606"
406891,4,3,"237561, 284593, 559292"
655305,4,2,"6239, 7227"
702350,4,2,"7955, 7998"
802299,4,4,"44689, 185431, 284812, 559292"
802452,4,4,"3702, 6239, 284812, 559292"
802240,4,4,"7955, 9606, 10090, 36329"
802931,4,4,"6239, 7227, 9606, 10090"
478494,4,4,"227321, 284812, 559292, 759272"
802830,4,3,"9606, 10090, 284812"
1034094,4,2,"227321, 330879"
478506,4,4,"227321, 237561, 284812, 559292"
801546,4,4,"7955, 9913, 10090, 185431"
793964,4,4,"7227, 7955, 9606, 10090"
704826,4,2,"8355, 8364"
793297,4,3,"7227, 9606, 10090"
727176,4,3,"9606, 9913, 10090"
804326,4,4,"7227, 8355, 9606, 10090"
804250,4,4,"3702, 7955, 9606, 9925"
702125,4,2,"7955, 8030"
802819,4,4,"7227, 9606, 10090, 185431"
794276,4,3,"6239, 9606, 284812"
249558,4,1,3702
803434,4,4,"3702, 9606, 284812, 559292"
802806,4,3,"9606, 10090, 284812"
726991,4,1,10090
794223,4,4,"7227, 9606, 9913, 10090"
803456,4,3,"3702, 9606, 10090"
802393,4,4,"9606, 10090, 284812, 559292"
802808,4,4,"3702, 7227, 9606, 185431"
803316,4,4,"5691, 9606, 10090, 185431"
802862,4,4,"9606, 10090, 284812, 559292"
802411,4,4,"3702, 9606, 284812, 559292"
1033156,4,4,"3702, 9606, 10090, 10116"
803521,4,3,"7227, 9606, 10090"
804043,4,4,"6239, 7227, 9606, 10116"
802412,4,4,"3702, 7227, 9606, 10090"
803328,4,4,"3702, 9606, 10090, 284812"
802880,4,4,"7227, 185431, 284812, 559292"
719255,4,1,10090
794370,4,4,"9606, 10090, 284812, 559292"
793217,4,4,"7227, 9606, 10090, 10116"
719670,4,2,"10090, 10116"
482102,4,3,"237561, 284812, 559292"
621803,4,1,7227
804670,4,3,"5661, 284812, 559292"
804174,4,3,"3702, 9606, 10090"
802945,4,4,"6239, 7227, 9606, 10090"
804463,4,2,"5702, 185431"
482945,4,4,"237561, 284812, 330879, 559292"
620840,4,1,7227
801488,4,4,"9606, 237561, 284812, 559292"
801701,4,4,"3702, 9606, 9615, 10090"
802740,4,4,"7227, 227321, 284812, 559292"
793361,4,2,"9606, 10090"
618481,4,1,7227
802453,4,4,"7955, 9606, 10090, 559292"
801511,4,4,"3702, 9606, 9615, 284812"
794470,4,4,"7102, 7227, 9606, 10090"
804107,4,2,"9606, 10090"
794488,4,3,"6239, 9606, 10090"
804746,4,3,"9606, 284812, 559292"
804748,4,4,"3702, 9606, 10090, 559292"
802429,4,3,"3702, 7955, 9606"
248666,4,1,3702
794539,4,4,"7227, 7955, 9606, 10090"
804590,4,4,"3702, 7955, 9606, 10090"
804459,4,4,"7227, 9606, 10090, 44689"
802763,4,4,"9606, 10090, 284812, 559292"
802728,4,4,"6239, 7955, 10090, 284812"
726853,4,3,"9606, 9913, 10090"
803483,4,3,"9606, 284812, 559292"
802294,4,4,"3702, 9606, 284812, 559292"
804585,4,3,"6239, 7227, 9606"
248245,4,1,3702
700314,4,2,"7955, 7998"
718938,4,1,10090
801585,4,4,"9606, 185431, 284812, 559292"
802428,4,4,"6239, 9606, 10090, 185431"
726729,4,3,"9606, 10090, 10116"
727104,4,2,"9606, 10090"
711652,4,1,9031
803264,4,2,"3702, 4097"
802825,4,3,"3702, 36329, 44689"
478172,4,2,"330879, 510516"
482787,4,4,"237561, 284593, 284812, 559292"
482786,4,4,"242507, 284590, 330879, 559292"
482095,4,4,"227321, 237561, 284812, 559292"
718910,4,1,10090
718776,4,1,10090
803291,4,3,"3702, 9606, 559292"
727201,4,3,"9606, 10090, 10116"
482698,4,4,"227321, 237561, 284812, 559292"
727611,4,4,"9913, 9925, 10090, 10116"
718991,4,2,"10090, 10116"
727033,4,4,"9544, 9606, 10090, 10116"
719010,4,1,10090
794391,4,4,"7227, 9606, 10090, 10116"
248103,4,1,3702
641198,4,1,7227
793043,4,4,"9606, 10090, 10116, 559292"
802486,4,3,"3702, 10090, 185431"
477543,4,4,"237561, 284593, 284812, 559292"
803772,4,2,"303, 3702"
804902,4,3,"3702, 284812, 559292"
804883,4,4,"3702, 10090, 284812, 559292"
723292,4,2,"9606, 10090"
476983,4,4,"237561, 284593, 330879, 559292"
478773,4,2,"227321, 330879"
723315,4,2,"9606, 10090"
552860,4,2,"6239, 31234"
803001,4,4,"9606, 9913, 284812, 559292"
803706,4,4,"7227, 9606, 10090, 559292"
803711,4,3,"3702, 9606, 10090"
802500,4,4,"3702, 6239, 9606, 10090"
723299,4,2,"9606, 10090"
478772,4,4,"227321, 330879, 336722, 510516"
755403,4,4,"9606, 9823, 10090, 10116"
723811,4,1,10090
551357,4,1,6239
1033364,4,3,"9606, 284812, 559292"
795740,4,2,"7955, 9606"
754876,4,4,"9606, 9615, 10090, 10116"
248350,4,1,3702
1038281,4,4,"85962, 224308, 224324, 243276"
67518,4,2,"5664, 185431"
793925,4,3,"7227, 9606, 9913"
794715,4,3,"237561, 284812, 559292"
434697,4,2,"227321, 330879"
726544,4,3,"9606, 10090, 10116"
248289,4,1,3702
793950,4,4,"7955, 9606, 10090, 284812"
650543,4,2,"6239, 7227"
801693,4,4,"3702, 7227, 9606, 10090"
802568,4,4,"3055, 7227, 9606, 10090"
1033643,4,3,"7955, 9606, 10090"
793072,4,4,"7227, 9606, 10090, 10116"
793164,4,4,"9606, 10090, 284812, 559292"
722358,4,1,9606
1034214,4,4,"9606, 284593, 284812, 559292"
550713,4,1,6239
1036190,4,4,"85962, 170187, 224308, 224326"
251945,4,1,3702
1034227,4,4,"237561, 284812, 330879, 559292"
1034645,4,3,"7955, 9606, 10090"
793605,4,4,"7227, 9606, 10090, 284812"
627066,4,1,7227
648903,4,1,7227
477033,4,1,559292
1034246,4,1,44689
793121,4,2,"284812, 559292"
802589,4,4,"6239, 9606, 10090, 559292"
795190,4,4,"7227, 7955, 9606, 10090"
252031,4,1,3702
805022,4,4,"3702, 4072, 4081, 39946"
803645,4,1,3702
804922,4,3,"3702, 284812, 559292"
647787,4,1,7227
438884,4,4,"33178, 227321, 330879, 341663"
802677,4,3,"9606, 284812, 559292"
754190,4,2,"9606, 10090"
805049,4,4,"9606, 10090, 185431, 284812"
804934,4,3,"3702, 9606, 10090"
248896,4,1,3702
754526,4,4,"7955, 9606, 10090, 10116"
803747,4,4,"7227, 9606, 10090, 10116"
801938,4,4,"3702, 7227, 44689, 559292"
803056,4,4,"7227, 9606, 10090, 10116"
550637,4,1,6239
802671,4,4,"6239, 7955, 9606, 284812"
802620,4,4,"3702, 7227, 9606, 227321"
436065,4,2,"330879, 746128"
802719,4,4,"3702, 7227, 9606, 10090"
803802,4,4,"6239, 7955, 9606, 10090"
803129,4,4,"6239, 7227, 9606, 10116"
802636,4,4,"3055, 9606, 10090, 185431"
805007,4,3,"3702, 4577, 36329"
628596,4,1,7227
804936,4,4,"3702, 185431, 284812, 559292"
754515,4,4,"7955, 9606, 10090, 10116"
803143,4,4,"3702, 9606, 284812, 559292"
1033309,4,4,"3702, 9606, 10090, 185431"
1038160,4,1,208964
795431,4,3,"6239, 7227, 9606"
803612,4,4,"7227, 10090, 284812, 559292"
795758,4,4,"7227, 9606, 10090, 10116"
795477,4,2,"9606, 10090"
724202,4,1,10090
795475,4,2,"9606, 10090"
551259,4,1,6239
795480,4,4,"7227, 9606, 10090, 10116"
804949,4,3,"3702, 9606, 284812"
794954,4,2,"9606, 10090"
793609,4,3,"6239, 9606, 10090"
550448,4,1,6239
795722,4,4,"7227, 7955, 9606, 10090"
794952,4,4,"7719, 7955, 9913, 10090"
793079,4,3,"7227, 9606, 10090"
793556,4,4,"6239, 7227, 9606, 10090"
1038882,4,3,"55601, 208964, 312309"
795380,4,3,"9606, 10090, 10116"
795460,4,4,"8355, 9606, 10090, 10116"
795490,4,4,"7227, 9606, 9913, 10090"
795732,4,3,"7227, 7955, 9606"
723142,4,1,9606
729223,4,1,9606
802549,4,4,"6239, 7227, 36329, 284812"
795594,4,3,"7955, 9606, 10116"
794943,4,4,"7955, 9606, 9913, 10090"
801587,4,4,"3702, 36329, 44689, 185431"
802119,4,4,"7955, 9606, 10090, 284812"
795815,4,4,"6239, 9606, 10090, 10116"
793928,4,3,"7955, 9606, 10090"
795791,4,3,"9606, 9615, 10090"
477832,4,3,"284812, 330879, 559292"
802098,4,4,"3702, 9606, 10090, 284812"
803186,4,4,"3702, 7227, 9606, 10090"
795785,4,4,"9606, 9913, 10090, 10116"
802555,4,4,"10090, 185431, 284812, 559292"
802563,4,4,"6239, 7227, 10090, 185431"
801864,4,4,"6239, 9606, 284812, 559292"
793757,4,4,"7227, 9606, 10090, 284812"
793991,4,4,"6239, 7227, 9606, 10090"
802062,4,3,"6239, 9606, 10116"
569194,4,3,"6238, 6239, 31234"
567751,4,1,6239
726567,4,3,"9606, 9823, 10116"
804840,4,3,"3702, 7227, 9606"
802074,4,4,"9606, 10090, 10116, 185431"
803171,4,4,"7227, 9606, 284812, 559292"
795855,4,2,"9606, 10090"
220102,4,1,39947
139072,4,1,36329
802657,4,3,"3702, 284812, 559292"
726696,4,1,9606
803060,4,4,"9606, 10090, 284812, 559292"
803198,4,3,"3702, 9606, 10090"
802597,4,4,"7227, 9606, 284812, 559292"
802634,4,4,"3702, 7955, 9606, 284812"
804853,4,4,"6239, 7227, 9606, 10090"
483995,4,4,"227321, 237561, 284812, 559292"
616677,4,1,7227
729004,4,2,"9606, 10090"
793661,4,3,"284593, 284812, 559292"
476943,4,3,"237561, 284593, 559292"
793930,4,4,"6239, 7955, 9031, 9606"
729015,4,3,"9606, 10090, 10116"
802032,4,4,"3055, 7955, 9606, 10090"
803509,4,1,3702
802058,4,4,"3702, 9606, 10090, 284812"
801953,4,3,"3702, 6239, 9606"
803584,4,4,"3702, 237561, 284812, 559292"
796101,4,3,"7165, 7227, 10090"
802532,4,2,"3702, 9606"
802673,3,2,"3702, 9606"
818640,3,2,"3702, 39947"
747245,3,3,"9606, 10090, 10116"
747380,3,3,"7955, 9606, 10090"
748213,3,3,"9606, 10090, 10116"
818543,3,1,3702
817659,3,3,"237561, 284812, 559292"
747241,3,3,"7955, 9606, 10090"
802768,3,3,"7227, 9606, 10090"
822348,3,3,"7227, 284812, 559292"
747385,3,3,"9606, 10090, 10116"
747036,3,3,"9606, 10090, 10116"
802765,3,3,"3702, 9606, 10090"
747384,3,3,"9606, 10090, 10116"
747301,3,3,"9606, 10090, 10116"
747364,3,3,"7955, 9606, 10090"
747087,3,3,"9606, 10090, 10116"
747252,3,3,"9031, 9606, 10090"
747072,3,3,"9606, 10090, 10116"
747083,3,3,"9606, 10090, 10116"
747025,3,3,"9606, 10090, 10116"
748381,3,3,"9606, 10090, 10116"
747013,3,2,"9606, 10090"
747289,3,3,"9606, 10090, 10116"
747014,3,2,"9606, 10090"
747414,3,3,"9606, 10090, 10116"
746927,3,3,"7955, 9606, 10090"
746991,3,3,"9606, 10090, 10116"
801624,3,2,"9606, 10090"
344791,3,1,246409
748283,3,3,"9606, 10090, 10116"
747363,3,3,"9606, 10090, 10116"
294311,3,2,"3702, 39947"
747015,3,3,"9606, 10090, 10116"
802799,3,3,"7227, 7955, 9606"
747249,3,2,"9606, 10090"
248370,3,1,3702
761770,3,1,7227
761338,3,3,"8355, 9606, 10090"
761207,3,3,"7955, 9606, 10090"
294466,3,2,"3702, 39947"
294328,3,2,"3694, 3702"
761381,3,3,"9606, 10090, 10116"
761050,3,3,"9606, 10090, 10116"
802601,3,3,"3702, 7955, 332648"
297214,3,3,"3635, 3702, 1590841"
248539,3,1,3702
628539,3,1,7227
761145,3,3,"7227, 9606, 10090"
627999,3,1,7227
761440,3,3,"9606, 10090, 10116"
802749,3,3,"237561, 284812, 559292"
628464,3,1,7227
761808,3,3,"7955, 9606, 10090"
748297,3,3,"8355, 9606, 10090"
761102,3,3,"7955, 9606, 10090"
294185,3,3,"3702, 4577, 39947"
746963,3,3,"7955, 9606, 10090"
478508,3,3,"227321, 284812, 559292"
748339,3,3,"9606, 10090, 10116"
746902,3,3,"9606, 10090, 10116"
746958,3,3,"7955, 9606, 10116"
746888,3,3,"9606, 10090, 10116"
746966,3,3,"9606, 10090, 10116"
628541,3,2,"7159, 7227"
478496,3,3,"227321, 284812, 559292"
322452,3,3,"3702, 4536, 39946"
802645,3,3,"3702, 7955, 9606"
296454,3,3,"3702, 4577, 39947"
747071,3,3,"9606, 10090, 10116"
801568,3,3,"3702, 284812, 559292"
761040,3,2,"9606, 10090"
747095,3,3,"9606, 10090, 10116"
747221,3,3,"9606, 10090, 10116"
747224,3,3,"9606, 10090, 10116"
748303,3,3,"9606, 9823, 10090"
747093,3,3,"9606, 10090, 10116"
747046,3,3,"9606, 10090, 10116"
761212,3,3,"9606, 9913, 10090"
821840,3,3,"9606, 10090, 10116"
297200,3,1,3702
761206,3,3,"9606, 10090, 10116"
760470,3,3,"9606, 10090, 10116"
802769,3,3,"3702, 9606, 36329"
761537,3,3,"7227, 9606, 10090"
761611,3,3,"9606, 9823, 10090"
762274,3,3,"9606, 10090, 10116"
761363,3,3,"9606, 10090, 10116"
761100,3,3,"7227, 9606, 10090"
762364,3,2,"7955, 9606"
759750,3,2,"9606, 10090"
296108,3,1,3702
761358,3,2,"7227, 9606"
761584,3,3,"9606, 10090, 10116"
761580,3,3,"9606, 10090, 10116"
802747,3,3,"9606, 10090, 10116"
760464,3,3,"8355, 9031, 9606"
747460,3,3,"9606, 10090, 10116"
747464,3,3,"7955, 9606, 10090"
747214,3,3,"9606, 9913, 10090"
478518,3,2,"284812, 559292"
818965,3,3,"5061, 227321, 510516"
748273,3,3,"9606, 10090, 10116"
478629,3,3,"237561, 284812, 559292"
761309,3,3,"9606, 10090, 10116"
761851,3,3,"6239, 7955, 9606"
628243,3,1,7227
761262,3,3,"7227, 9606, 10090"
761471,3,3,"7955, 9606, 10116"
761048,3,2,"7955, 9606"
747722,3,2,"9606, 10090"
801548,3,1,44689
761112,3,3,"7955, 9606, 10090"
136755,3,1,36329
747497,3,2,"10090, 342108"
626191,3,3,"7220, 7227, 7375"
296347,3,3,"3702, 4577, 39947"
748200,3,3,"9606, 10090, 10116"
748202,3,3,"9606, 10090, 10116"
761465,3,2,"9606, 10090"
748209,3,1,9606
748175,3,3,"8364, 9606, 10090"
761371,3,1,7227
820327,3,2,"3702, 227321"
818643,3,2,"3847, 284812"
820468,3,3,"237561, 284812, 559292"
761423,3,3,"9606, 9913, 10090"
761129,3,3,"7227, 9606, 10090"
748167,3,3,"9606, 10090, 10116"
801576,3,3,"3702, 284812, 559292"
824646,3,3,"227321, 284812, 559292"
761216,3,3,"9606, 10090, 10116"
748184,3,3,"9606, 10090, 10116"
761255,3,2,"9606, 10090"
748058,3,3,"7955, 9606, 10090"
748067,3,3,"9606, 10090, 10116"
478724,3,3,"227321, 284812, 559292"
761421,3,3,"9606, 10090, 10116"
747466,3,3,"7998, 9606, 10090"
626319,3,1,7227
761287,3,3,"9606, 10090, 10116"
747178,3,3,"9031, 9606, 10090"
478548,3,2,"284812, 559292"
626168,3,2,"7227, 7244"
747207,3,3,"9031, 9606, 10090"
761246,3,3,"9031, 9606, 10090"
747408,3,3,"7955, 9606, 10090"
625868,3,1,7227
478551,3,3,"227321, 284593, 559292"
747455,3,2,"9606, 10090"
478489,3,3,"237561, 284812, 559292"
747191,3,3,"9606, 9913, 10090"
747190,3,2,"9606, 10090"
747188,3,1,9606
747457,3,3,"7955, 9031, 10090"
478742,3,3,"5478, 284593, 559292"
478703,3,3,"237561, 284812, 559292"
626217,3,1,7227
802781,3,2,"227321, 284812"
802501,3,3,"3702, 5664, 185431"
802861,3,3,"3702, 9606, 10090"
747292,3,2,"9606, 10090"
747343,3,3,"9606, 10090, 10116"
747098,3,3,"9606, 10090, 10116"
992188,3,3,"83332, 83333, 208964"
823346,3,2,"9606, 10090"
802777,3,3,"9606, 185431, 284812"
802704,3,2,"185431, 284812"
747076,3,3,"636, 7955, 8355"
801613,3,2,"3702, 9606"
802793,3,1,284812
748253,3,3,"9606, 10090, 10116"
295455,3,1,3702
747361,3,3,"7955, 9606, 10090"
748197,3,3,"9606, 10090, 10116"
802706,3,2,"3702, 9606"
747145,3,3,"7955, 9606, 10090"
992321,3,3,"83332, 83333, 208964"
819719,3,3,"3702, 7227, 9606"
748198,3,3,"8355, 9606, 10090"
748313,3,2,"9606, 10090"
747360,3,3,"7955, 9606, 10090"
748325,3,3,"9606, 10090, 10116"
802844,3,1,185431
747373,3,3,"9606, 10090, 367110"
817991,3,2,"237561, 559292"
819282,3,3,"6239, 9606, 10090"
748256,3,3,"9606, 10090, 10116"
627602,3,1,7227
822414,3,3,"9606, 10090, 10116"
625924,3,1,7227
627631,3,1,7227
748239,3,2,"9606, 10090"
801518,3,2,"3469, 3702"
802665,3,2,"3055, 185431"
802743,3,3,"7227, 9606, 10090"
820851,3,1,3702
801646,3,2,"3702, 185431"
992122,3,2,"208964, 224308"
802737,3,3,"9606, 10116, 185431"
761155,3,1,7227
747109,3,3,"9606, 10090, 10116"
136800,3,1,36329
761158,3,3,"9606, 10090, 10116"
825323,3,3,"9606, 10090, 10116"
801618,3,3,"9606, 284812, 559292"
747055,3,3,"9606, 10090, 10116"
747124,3,3,"9606, 10090, 10116"
747159,3,3,"9606, 10090, 10116"
748047,3,3,"9606, 10090, 10116"
822655,3,3,"237561, 330879, 559292"
991547,3,2,"224308, 696747"
802647,3,1,3702
747310,3,3,"7955, 9606, 10090"
822771,3,3,"237561, 284812, 559292"
747019,3,3,"7955, 9606, 10090"
747040,3,3,"9606, 9913, 10090"
824277,3,2,"9606, 10116"
761240,3,1,7227
797237,3,3,"7955, 9606, 10090"
293241,3,2,"3702, 39947"
772657,3,1,7955
293152,3,1,3702
797182,3,3,"8355, 10090, 10116"
795765,3,3,"7955, 9606, 10090"
746496,3,2,"9606, 10090"
746473,3,3,"7955, 9606, 10090"
803081,3,3,"3702, 284812, 559292"
795784,3,3,"7227, 7955, 9606"
478467,3,3,"237561, 284812, 559292"
746513,3,3,"9606, 9986, 10116"
746486,3,3,"7955, 9606, 10090"
746492,3,3,"7955, 9606, 10116"
746560,3,3,"7955, 9606, 10116"
795650,3,3,"8355, 9606, 10090"
1027300,3,3,"3702, 39947, 192952"
772851,3,3,"8355, 9606, 10090"
293343,3,2,"3702, 39947"
768034,3,3,"7955, 9606, 10090"
771038,3,2,"9606, 10090"
477950,3,2,"284812, 559292"
746481,3,3,"9606, 10090, 10116"
634099,3,1,7227
746409,3,3,"7955, 9606, 10090"
746410,3,2,"9606, 10090"
634146,3,1,7227
746515,3,3,"7955, 9606, 10116"
746467,3,3,"9606, 10090, 10116"
746470,3,3,"9606, 10090, 10116"
746402,3,2,"7955, 9606"
803065,3,2,"9606, 10116"
746460,3,3,"9606, 9913, 10090"
746505,3,3,"7955, 9606, 10090"
770267,3,3,"9606, 10090, 10116"
746511,3,3,"7955, 9606, 10090"
746451,3,3,"7955, 9606, 10090"
802999,3,2,"3702, 9606"
815369,3,2,"39947, 284812"
773150,3,1,7227
772721,3,1,7227
773484,3,3,"9606, 10090, 10116"
796738,3,1,9606
293280,3,2,"3885, 4577"
797239,3,3,"7955, 9606, 10090"
771101,3,3,"9606, 10090, 10116"
746482,3,3,"7955, 9606, 10090"
1033398,3,3,"3702, 32049, 39947"
1033300,3,3,"3702, 284812, 559292"
1033459,3,3,"7227, 9606, 10090"
815018,3,3,"9606, 284812, 559292"
814980,3,3,"7227, 9606, 284812"
293314,3,2,"3702, 39947"
770306,3,2,"9606, 10090"
816116,3,3,"9606, 10090, 37296"
816125,3,2,"9606, 10090"
816137,3,1,330879
293451,3,2,"3702, 39947"
477819,3,3,"237561, 284812, 559292"
815712,3,2,"227321, 284812"
797845,3,3,"237561, 284812, 559292"
801475,3,3,"3702, 284812, 559292"
746621,3,3,"9606, 10090, 10116"
746563,3,3,"9606, 10090, 10116"
746565,3,3,"9606, 10090, 10116"
746566,3,3,"7955, 9606, 10090"
746568,3,3,"9606, 10090, 10116"
797311,3,3,"7227, 9606, 10090"
796116,3,3,"9606, 10090, 10116"
1027320,3,3,"3702, 4577, 272623"
815290,3,3,"3702, 6239, 44689"
631389,3,1,7227
768952,3,3,"7955, 9606, 10090"
634574,3,1,7227
293250,3,1,3702
634524,3,2,"7165, 7227"
770659,3,2,"6239, 7227"
770799,3,3,"9606, 10090, 10116"
746521,3,3,"9606, 10090, 10116"
20825,3,3,"2271, 273063, 330779"
746616,3,3,"9606, 10090, 10116"
746617,3,3,"9606, 10090, 10116"
477932,3,2,"284812, 559292"
746596,3,3,"9606, 10090, 10116"
746573,3,3,"9606, 10090, 10116"
477841,3,3,"237561, 284812, 559292"
746599,3,3,"7955, 9606, 10090"
746536,3,3,"9606, 10090, 10116"
746516,3,3,"9606, 10090, 10116"
746583,3,3,"9606, 10090, 10116"
1033416,3,2,"3702, 1111708"
746577,3,3,"7955, 9606, 10090"
746579,3,3,"9606, 10090, 10116"
746522,3,3,"7955, 9606, 10090"
1033583,3,3,"7227, 9606, 10090"
746357,3,3,"9606, 10090, 10116"
746299,3,3,"9606, 10090, 10116"
746285,3,3,"7955, 9606, 10116"
814603,3,2,"44689, 284812"
777854,3,3,"7955, 9606, 10090"
777861,3,3,"7955, 9606, 10090"
795721,3,3,"9606, 10090, 10116"
803122,3,3,"9606, 10116, 284812"
803196,3,3,"9606, 10090, 44689"
795459,3,3,"7227, 9606, 10116"
814677,3,3,"3702, 9606, 10090"
634280,3,1,7227
746344,3,3,"7955, 9606, 10090"
746345,3,3,"7955, 9606, 10090"
803165,3,3,"7897, 9606, 10090"
746347,3,3,"9606, 10090, 10116"
746353,3,3,"9606, 10090, 10116"
746356,3,3,"7955, 9606, 10090"
803062,3,3,"6239, 10090, 185431"
746338,3,3,"9606, 10090, 10116"
1027329,3,3,"9606, 10090, 69014"
746387,3,3,"9606, 10090, 10116"
746380,3,3,"9606, 10090, 10116"
746321,3,3,"9606, 10090, 10116"
477515,3,3,"237561, 284812, 559292"
746266,3,3,"7955, 9606, 10090"
746211,3,2,"9606, 10090"
746203,3,3,"9606, 10090, 10116"
746223,3,3,"7955, 9606, 10090"
746200,3,2,"8355, 9606"
746201,3,3,"9606, 10090, 10116"
746208,3,3,"9606, 10090, 10116"
746274,3,3,"7955, 9606, 10116"
746269,3,3,"7955, 9606, 10090"
746264,3,3,"9606, 9986, 10090"
746293,3,3,"7955, 9606, 10090"
746275,3,3,"7955, 10090, 10116"
746255,3,3,"7955, 9606, 10090"
746263,3,3,"9606, 10090, 10116"
746320,3,3,"9606, 10090, 10116"
746297,3,3,"7955, 9606, 10090"
803232,3,2,"3702, 7955"
746250,3,3,"7955, 9606, 10090"
746253,3,3,"7955, 10090, 10116"
746304,3,3,"9606, 9913, 10090"
746230,3,3,"9606, 10090, 10116"
746307,3,3,"7955, 9606, 10116"
746267,3,2,"9606, 10090"
746369,3,3,"9913, 10090, 10116"
746422,3,3,"7955, 9606, 10116"
746423,3,3,"9606, 10090, 10116"
638361,3,1,7227
746413,3,3,"8355, 9606, 10090"
477546,3,3,"284593, 284812, 559292"
746286,3,3,"9606, 10090, 10116"
639267,3,1,7227
634897,3,1,7227
815456,3,2,"9606, 10090"
635754,3,1,7227
746324,3,3,"7955, 9606, 10090"
814870,3,2,"6239, 7955"
814937,3,1,3702
773714,3,3,"7955, 9606, 10090"
773825,3,2,"9606, 10090"
773003,3,3,"7955, 9606, 10090"
777363,3,1,7227
477627,3,2,"284812, 330879"
776990,3,2,"9606, 10090"
814833,3,2,"9606, 10090"
814834,3,1,3702
634055,3,1,7227
635217,3,1,7227
1027461,3,3,"3702, 284812, 559292"
249051,3,1,3702
746377,3,3,"7955, 9606, 10090"
795430,3,2,"9606, 10116"
477531,3,2,"237561, 559292"
777883,3,2,"9606, 10090"
775080,3,3,"7955, 9606, 10090"
293049,3,2,"3702, 39947"
477525,3,3,"227321, 237561, 559292"
775328,3,3,"7227, 9606, 10090"
292895,3,2,"3702, 3708"
746365,3,3,"9606, 10090, 10116"
477510,3,3,"227321, 284812, 759272"
777867,3,2,"9606, 10090"
775106,3,3,"7955, 9606, 10090"
777957,3,2,"9606, 10090"
773989,3,1,9606
774173,3,1,9606
638277,3,1,7227
746433,3,2,"9606, 10090"
746370,3,3,"7955, 9606, 10090"
746361,3,3,"7955, 9606, 10090"
638216,3,1,7227
777891,3,2,"7227, 9606"
801609,3,3,"3702, 7227, 9606"
628624,3,1,7227
762801,3,3,"7227, 9606, 10090"
762955,3,2,"9606, 10090"
762825,3,3,"7227, 9913, 10090"
762830,3,3,"9606, 9913, 10090"
762460,3,2,"9606, 10090"
762845,3,3,"9606, 9913, 10090"
293966,3,3,"3702, 4577, 39947"
628577,3,1,7227
478456,3,2,"284812, 559292"
796109,3,3,"284593, 330879, 559292"
817075,3,3,"7227, 9606, 10090"
802903,3,3,"7955, 9606, 10090"
762455,3,3,"9606, 9913, 10090"
762347,3,3,"7955, 9606, 10090"
762352,3,2,"9606, 10090"
746808,3,3,"9606, 10090, 10116"
746903,3,3,"7955, 9606, 10090"
746904,3,3,"7955, 9606, 10090"
746846,3,3,"9606, 10090, 10116"
746847,3,3,"9606, 10090, 10116"
746796,3,3,"7955, 9606, 10090"
802988,3,3,"237561, 284812, 559292"
995493,3,3,"169963, 170187, 224308"
993722,3,1,272947
993843,3,3,"85962, 208964, 243274"
746830,3,2,"9606, 10090"
995135,3,1,354
995137,3,3,"354, 1085, 208964"
746879,3,3,"9606, 10090, 10116"
628570,3,1,7227
478408,3,1,284812
1015685,3,2,"2021, 1547922"
746787,3,3,"9606, 10090, 10116"
746775,3,3,"7955, 9606, 10090"
746813,3,3,"7955, 9606, 10090"
628810,3,1,7227
746859,3,3,"7955, 9606, 10116"
746799,3,3,"9606, 10090, 10116"
746780,3,3,"7955, 9606, 10090"
746781,3,3,"9606, 10090, 10116"
746735,3,1,9606
628105,3,1,7227
746915,3,3,"7955, 9606, 10090"
746728,3,3,"9606, 10090, 10116"
746774,3,3,"7998, 9606, 10090"
746788,3,3,"9606, 9913, 10116"
746931,3,3,"9606, 10090, 10116"
802881,3,3,"9606, 10090, 44689"
746943,3,3,"7955, 9606, 10090"
746868,3,2,"9606, 10090"
747004,3,3,"9606, 9913, 10090"
803005,3,3,"7227, 9606, 185431"
746852,3,2,"7955, 595496"
746853,3,3,"7955, 9606, 10090"
746855,3,3,"9606, 9913, 10090"
762151,3,3,"8355, 9606, 10090"
818310,3,3,"185431, 284812, 559292"
801504,3,2,"9606, 10090"
761644,3,3,"9606, 10090, 10116"
762048,3,1,9606
136549,3,1,36329
294212,3,1,3702
762892,3,3,"7227, 9606, 10090"
761898,3,3,"7227, 9606, 10090"
294226,3,3,"3702, 4072, 4081"
802867,3,2,"3702, 10090"
627789,3,1,7227
746929,3,3,"9606, 10090, 10116"
628495,3,1,7227
136257,3,1,36329
248738,3,1,3702
746917,3,3,"7955, 9606, 10090"
746920,3,3,"7955, 9606, 10090"
746925,3,2,"9606, 10090"
801500,3,2,"9606, 185431"
746827,3,3,"9606, 10090, 10116"
802968,3,2,"9606, 10090"
816690,3,2,"7955, 9606"
293938,3,1,3702
819330,3,3,"3702, 7955, 9606"
819408,3,2,"3702, 6239"
746932,3,3,"9606, 10090, 10116"
816069,3,2,"9606, 10090"
816607,3,3,"9606, 10090, 44689"
762327,3,3,"9606, 10090, 10116"
293808,3,3,"3702, 4577, 39947"
293838,3,1,3702
816300,3,2,"7227, 9606"
746934,3,3,"9606, 10090, 10116"
746935,3,3,"7955, 9606, 10090"
746891,3,3,"9606, 10090, 10116"
746957,3,3,"9606, 10090, 10116"
746924,3,2,"9606, 10090"
819467,3,1,3702
478159,3,2,"237561, 559292"
763732,3,1,7227
293529,3,2,"3702, 39947"
765495,3,3,"7955, 9606, 10090"
765548,3,2,"9606, 10090"
765399,3,2,"9606, 10090"
478158,3,2,"284593, 559292"
765555,3,3,"9606, 10090, 10116"
765576,3,3,"6239, 9606, 10116"
765626,3,3,"7955, 9606, 10090"
293625,3,1,3702
746764,3,3,"9606, 10090, 10116"
766978,3,3,"9606, 10090, 10116"
766979,3,3,"9606, 10090, 10116"
630583,3,2,"7091, 7227"
478153,3,3,"284593, 284812, 559292"
765464,3,3,"9606, 9913, 10090"
764027,3,1,9606
477936,3,3,"237561, 330879, 746128"
746653,3,2,"9606, 10090"
478369,3,3,"237561, 284812, 559292"
629828,3,1,7227
478358,3,3,"237561, 284812, 559292"
293668,3,2,"3702, 4072"
746613,3,3,"9606, 9823, 10090"
746625,3,3,"7955, 9606, 10090"
746626,3,3,"7955, 9606, 10090"
746607,3,3,"9606, 10090, 10116"
746668,3,3,"7955, 9606, 10090"
746666,3,3,"9606, 10090, 10116"
1025148,3,3,"224308, 279010, 279808"
797810,3,2,"9606, 10090"
767264,3,3,"9606, 10090, 10116"
767265,3,3,"7955, 9606, 10116"
796855,3,2,"7955, 9606"
765816,3,3,"9606, 10090, 10116"
293391,3,1,3702
798554,3,3,"9606, 10090, 10116"
293430,3,1,3702
801517,3,3,"6239, 284812, 559292"
799919,3,3,"237561, 284812, 559292"
770190,3,3,"9606, 10090, 10116"
630532,3,1,7227
766784,3,3,"7955, 9606, 10090"
770501,3,3,"7955, 9606, 10090"
770536,3,3,"9606, 10090, 10116"
1033395,3,2,"3702, 1111708"
770200,3,3,"9606, 10090, 10116"
746703,3,3,"7955, 9606, 10090"
746773,3,2,"9544, 9606"
746709,3,3,"9606, 9913, 10090"
746689,3,3,"9606, 10090, 10116"
746750,3,3,"7955, 9606, 10090"
746732,3,3,"7955, 9606, 10116"
746679,3,3,"9606, 10090, 10116"
746754,3,2,"9606, 10090"
803015,3,1,3702
815914,3,3,"7227, 284812, 559292"
815929,3,3,"6239, 7227, 9606"
746672,3,3,"7955, 9606, 10090"
763043,3,2,"9606, 10090"
803018,3,3,"3702, 9606, 10090"
803049,3,3,"8355, 9606, 10090"
815908,3,3,"3702, 7227, 9606"
816292,3,2,"9606, 10090"
816196,3,3,"227321, 237561, 330879"
816200,3,3,"9606, 284812, 559292"
802981,3,2,"36329, 284812"
802971,3,3,"10090, 185431, 559292"
630323,3,1,7227
746761,3,3,"7955, 9606, 9913"
802944,3,3,"6239, 7955, 9606"
746673,3,3,"9606, 10090, 10116"
478362,3,2,"284812, 559292"
746624,3,3,"7955, 9606, 10090"
746651,3,3,"9606, 10090, 10116"
746715,3,3,"9606, 10090, 10116"
746716,3,3,"7955, 9606, 10090"
746655,3,3,"7955, 9606, 10090"
746656,3,3,"9606, 10090, 10116"
746711,3,3,"9606, 10090, 10116"
746712,3,1,9606
746717,3,3,"8355, 9606, 10116"
762793,3,3,"9606, 10090, 10116"
629255,3,1,7227
764463,3,2,"9606, 10090"
764616,3,3,"7955, 9606, 10090"
629323,3,2,"7165, 7227"
478367,3,2,"284812, 559292"
293728,3,1,3702
293602,3,1,3702
478366,3,3,"284593, 284812, 559292"
803032,3,3,"9606, 284812, 559292"
765647,3,3,"9606, 10090, 10116"
765648,3,3,"9606, 10090, 10116"
746718,3,3,"9606, 10090, 10116"
482825,3,3,"237561, 284812, 559292"
752641,3,3,"7955, 8355, 10090"
752647,3,2,"9606, 10090"
312881,3,3,"3702, 3880, 34305"
756079,3,1,7955
312777,3,1,3702
756155,3,3,"9606, 10116, 243274"
756067,3,3,"9606, 10090, 10116"
756118,3,2,"9606, 10090"
756094,3,3,"7955, 9606, 10116"
756270,3,3,"9606, 10090, 10116"
139162,3,2,"36329, 126793"
802169,3,3,"9606, 44689, 284812"
802145,3,3,"9606, 284812, 559292"
802182,3,3,"3702, 9606, 36329"
990899,3,3,"170187, 171101, 224308"
802179,3,3,"3055, 9606, 185431"
990780,3,3,"9606, 190650, 224308"
990715,3,3,"7955, 170187, 196627"
802142,3,3,"237561, 284812, 559292"
990719,3,3,"882, 71421, 208964"
990720,3,3,"83333, 224308, 515849"
802103,3,3,"9606, 284812, 559292"
802025,3,3,"7955, 9606, 10116"
482863,3,3,"227321, 237561, 559292"
752573,3,3,"9606, 10090, 10116"
617600,3,1,7227
752550,3,3,"7955, 9606, 10090"
482807,3,3,"237561, 284812, 559292"
756261,3,3,"7955, 9606, 10090"
483538,3,2,"284812, 559292"
756268,3,3,"9031, 9606, 10090"
618309,3,1,7227
311287,3,2,"3332, 88036"
311291,3,1,3702
618629,3,1,7227
756148,3,3,"9606, 10090, 10116"
756173,3,3,"8030, 9606, 10090"
752665,3,3,"7955, 9606, 10090"
990786,3,3,"100226, 224308, 1111708"
990857,3,3,"83333, 224308, 300852"
752633,3,3,"9606, 10090, 10116"
752952,3,3,"7955, 9606, 10090"
317510,3,2,"3702, 18101"
752658,3,3,"9606, 10090, 10116"
617956,3,1,7227
317858,3,1,3702
317523,3,1,3702
311083,3,1,39947
753110,3,3,"9606, 10090, 10116"
317346,3,2,"3702, 39947"
753935,3,1,9606
753054,3,3,"7955, 9606, 10090"
484023,3,2,"284812, 559292"
484015,3,2,"284812, 559292"
753040,3,3,"7955, 9606, 10090"
753042,3,3,"7955, 9606, 10090"
752833,3,3,"7955, 8355, 10090"
752834,3,3,"9606, 9913, 10090"
752957,3,1,9606
990795,3,3,"83332, 170187, 208964"
483822,3,2,"9031, 227321"
617927,3,1,7227
618076,3,1,7227
483106,3,2,"5061, 227321"
755820,3,3,"7955, 9606, 10090"
756042,3,2,"9606, 10090"
755654,3,2,"9606, 10090"
755668,3,3,"7955, 9606, 10090"
755622,3,3,"9606, 10090, 537457"
314018,3,2,"3702, 39947"
616702,3,1,7227
756023,3,2,"7955, 9606"
316826,3,1,3702
212688,3,2,"4565, 39947"
752739,3,3,"7955, 9606, 10090"
752807,3,3,"9606, 10090, 10116"
752760,3,3,"7955, 9031, 10090"
752763,3,2,"9606, 10090"
752826,3,3,"9606, 10090, 10116"
616727,3,1,7227
618237,3,1,7227
831939,3,3,"227321, 284812, 559292"
909485,3,1,1836
753105,3,3,"9606, 10090, 10116"
831954,3,3,"227321, 284812, 559292"
756086,3,1,9606
832098,3,3,"237561, 284812, 559292"
831943,3,3,"227321, 284812, 559292"
831944,3,3,"284812, 510516, 559292"
59155,3,1,185431
832105,3,3,"227321, 284812, 559292"
831994,3,3,"237561, 284812, 559292"
316861,3,1,3702
753199,3,3,"7955, 9606, 10090"
753263,3,1,9606
753014,3,3,"9606, 10090, 10116"
617523,3,1,7227
756280,3,3,"9606, 9913, 10116"
756285,3,3,"9606, 9913, 10090"
752444,3,3,"7955, 9606, 10090"
620698,3,1,7227
752447,3,3,"7955, 9606, 10116"
752448,3,3,"9606, 10090, 10116"
621174,3,1,7227
752517,3,2,"9606, 10090"
482814,3,3,"237561, 284812, 559292"
752438,3,3,"9606, 9823, 10116"
752442,3,2,"9606, 10090"
483019,3,1,330879
752439,3,3,"9031, 9606, 10090"
752430,3,2,"9606, 10090"
752630,3,3,"7955, 9606, 10090"
752524,3,3,"8355, 9606, 10116"
618594,3,1,7227
752499,3,3,"7955, 9606, 10090"
752530,3,3,"7955, 9606, 10090"
831771,3,1,7227
756292,3,3,"7955, 9606, 10090"
832025,3,3,"227321, 237561, 559292"
831977,3,3,"227321, 284593, 559292"
482808,3,3,"284812, 330879, 660122"
802230,3,3,"3702, 284812, 559292"
319132,3,1,3702
802254,3,3,"3702, 6239, 9606"
752475,3,3,"9606, 10090, 10141"
248078,3,1,3702
319285,3,2,"3702, 4565"
482594,3,3,"237561, 284812, 559292"
752458,3,3,"9606, 10090, 10116"
752420,3,3,"9606, 10090, 10116"
1035400,3,3,"5061, 227321, 330879"
319184,3,1,3702
482171,3,3,"237561, 284812, 559292"
752413,3,3,"9606, 10090, 10116"
310718,3,1,3702
756326,3,3,"7955, 9606, 10090"
620651,3,1,7227
756429,3,2,"9606, 9913"
482696,3,3,"237561, 284812, 559292"
756287,3,2,"9606, 10090"
310758,3,1,3702
756301,3,2,"10090, 10116"
620916,3,1,7227
308766,3,2,"3702, 39947"
620421,3,1,7227
319176,3,2,"3702, 39946"
990821,3,2,"1085, 1111708"
990911,3,1,208964
756216,3,2,"9606, 10090"
756312,3,3,"7955, 9606, 10090"
801743,3,3,"7227, 284812, 559292"
756251,3,3,"7955, 9606, 10090"
801789,3,3,"3702, 7227, 9606"
756126,3,2,"9606, 10090"
311337,3,3,"3880, 34305, 39947"
756217,3,2,"9606, 10090"
756229,3,2,"9606, 10090"
831952,3,3,"237561, 284812, 559292"
212532,3,3,"4577, 39946, 39947"
756124,3,3,"9606, 10090, 10116"
752672,3,2,"9606, 10090"
752618,3,2,"9606, 10090"
317841,3,1,3702
752597,3,3,"9606, 10090, 10116"
752600,3,3,"9606, 10090, 10116"
752562,3,2,"9606, 10090"
619029,3,1,7227
752596,3,3,"9606, 10090, 306263"
990862,3,2,"71421, 224308"
59296,3,2,"5691, 185431"
831657,3,1,3702
756354,3,3,"9606, 10090, 10116"
756421,3,3,"9031, 9606, 10090"
831312,3,3,"5544, 40559, 510516"
831964,3,3,"237561, 284812, 559292"
831960,3,3,"237561, 284812, 559292"
752505,3,2,"9606, 10090"
319086,3,2,"3702, 39947"
990887,3,3,"208964, 224308, 272623"
618202,3,1,7227
752500,3,3,"9606, 9913, 10090"
317837,3,1,3702
752488,3,3,"9606, 10090, 10116"
752491,3,2,"9606, 10090"
752623,3,3,"7955, 8355, 9606"
752551,3,3,"9606, 10090, 10116"
620845,3,1,7227
620493,3,1,7227
990816,3,2,"85962, 208964"
990817,3,2,"1061, 345073"
752552,3,3,"9606, 10090, 10116"
752620,3,3,"9606, 10090, 10116"
990903,3,3,"10116, 224308, 224326"
990855,3,3,"99287, 208964, 224308"
620441,3,1,7227
754150,3,2,"9606, 10116"
754152,3,3,"8355, 9606, 10090"
983306,3,2,"83333, 208964"
754177,3,3,"7955, 9606, 10090"
949031,3,3,"358, 394, 176299"
754117,3,3,"9031, 9606, 10090"
754101,3,3,"9606, 10090, 10116"
979365,3,2,"67825, 99287"
935112,3,1,224308
990710,3,3,"354, 208964, 224308"
755395,3,3,"9606, 9615, 10116"
831947,3,3,"237561, 284812, 559292"
755387,3,3,"7955, 9606, 10090"
755380,3,3,"9606, 10090, 10116"
754527,3,3,"9606, 10090, 10116"
923780,3,1,224308
754276,3,3,"7955, 9606, 10090"
555473,3,1,6239
554782,3,3,"6238, 6239, 31234"
556629,3,1,6239
1038193,3,3,"83332, 170187, 425011"
551011,3,1,6239
1040044,3,3,"7955, 9606, 10090"
755023,3,3,"9606, 10090, 10116"
755497,3,2,"9606, 10116"
755465,3,2,"9606, 10090"
314390,3,2,"3702, 39947"
550939,3,1,6239
755580,3,2,"7955, 9606"
988175,3,2,"83332, 83333"
754155,3,3,"9606, 10090, 10116"
1034244,3,1,44689
754183,3,3,"9031, 9606, 10090"
550905,3,3,"6238, 6239, 31234"
988196,3,2,"83332, 208964"
754149,3,3,"9606, 10090, 10116"
990737,3,3,"83332, 224308, 224324"
315323,3,1,3702
990657,3,2,"882, 208964"
1040136,3,3,"176299, 204722, 359391"
552502,3,1,6239
754144,3,3,"7955, 9606, 10090"
551917,3,1,6239
990653,3,2,"208964, 224308"
754224,3,2,"7955, 10090"
754230,3,3,"9606, 10090, 10116"
754161,3,3,"7955, 9606, 9823"
983331,3,2,"354, 208964"
990734,3,3,"208964, 243233, 381666"
754385,3,3,"7955, 8364, 9606"
754390,3,2,"9606, 10090"
550600,3,1,6239
754358,3,2,"9606, 10090"
754211,3,3,"7955, 9606, 10090"
754338,3,3,"9606, 10090, 10116"
315134,3,2,"3702, 4097"
754496,3,3,"9606, 9913, 10090"
314680,3,1,3702
18293,3,3,"69014, 70601, 186497"
1036150,3,3,"227321, 237561, 559292"
561810,3,1,6239
314573,3,1,3702
755098,3,3,"9606, 10090, 10116"
17663,3,3,"192952, 243232, 273057"
754395,3,3,"9606, 10090, 10116"
1036191,3,3,"10090, 85962, 224308"
754305,3,3,"7955, 9031, 10090"
754307,3,3,"9606, 10090, 10116"
1036187,3,3,"170187, 171101, 224308"
754506,3,2,"10090, 10116"
754284,3,2,"7955, 9606"
754256,3,3,"9031, 9606, 10090"
1036185,3,3,"176299, 224308, 243274"
563363,3,1,6239
484584,3,2,"284812, 559292"
484586,3,3,"237561, 284812, 559292"
563230,3,1,6239
563245,3,1,6239
617043,3,1,7227
563688,3,1,6239
563707,3,1,6239
17626,3,1,273057
229969,3,2,"4081, 4097"
801976,3,3,"6239, 9606, 185431"
754567,3,2,"9606, 10090"
1038410,3,3,"6239, 9606, 10090"
237169,3,1,3702
1035041,3,1,3702
802014,3,3,"3702, 9606, 10090"
550415,3,1,6239
754266,3,3,"9031, 9606, 10090"
236937,3,1,3702
551341,3,1,6239
755455,3,3,"7955, 9606, 10090"
990684,3,3,"1061, 83332, 224308"
1036195,3,3,"882, 224308, 300852"
754554,3,3,"7955, 9606, 10090"
17550,3,3,"70601, 243232, 267377"
802035,3,3,"7955, 9606, 10090"
753956,3,3,"9606, 10090, 10116"
754037,3,3,"9606, 10090, 10116"
754042,3,3,"7955, 9606, 10090"
753951,3,3,"9606, 9913, 10090"
753953,3,3,"9606, 10090, 10116"
753954,3,2,"9606, 10090"
754045,3,3,"9606, 10090, 10116"
754011,3,3,"7955, 9606, 10090"
754013,3,3,"8355, 9606, 10090"
754038,3,2,"9606, 10090"
755435,3,2,"9606, 10090"
568057,3,1,6239
568843,3,1,6239
753981,3,3,"9606, 10090, 10116"
755593,3,2,"9606, 10090"
755594,3,3,"7955, 9606, 10090"
616696,3,1,7227
617644,3,1,7227
484466,3,3,"227321, 284812, 559292"
617552,3,1,7227
755696,3,2,"9606, 10090"
617518,3,3,"7227, 7240, 7245"
801893,3,3,"9606, 10029, 10116"
756108,3,3,"9606, 10090, 10116"
756022,3,3,"9606, 10090, 10116"
753928,3,3,"7955, 9606, 10090"
753929,3,3,"9606, 10090, 10116"
753931,3,2,"9606, 10090"
315796,3,2,"3702, 39947"
316793,3,1,3702
802066,3,3,"7227, 9606, 559292"
753933,3,3,"7955, 9606, 10090"
801851,3,3,"3702, 7227, 9606"
247973,3,1,3702
802113,3,3,"7955, 9606, 10090"
753922,3,3,"9606, 10090, 10116"
801876,3,3,"3702, 36329, 185431"
313997,3,1,3702
313956,3,1,3702
802061,3,3,"7227, 284812, 559292"
755606,3,3,"7955, 9606, 10090"
314245,3,2,"3635, 3702"
314103,3,1,3702
990670,3,3,"1140, 83333, 84112"
753991,3,3,"7955, 9606, 10090"
315501,3,3,"3702, 4577, 39947"
990836,3,3,"85962, 224308, 243276"
801814,3,3,"7955, 9606, 10090"
873285,3,3,"1140, 197221, 1111708"
563928,3,3,"6279, 6282, 42156"
833278,3,3,"237561, 284812, 559292"
1035704,3,1,3702
314342,3,2,"3702, 39947"
832147,3,1,284812
832149,3,2,"227321, 284812"
551523,3,1,6239
835173,3,3,"7227, 9606, 10090"
835164,3,3,"7955, 8355, 9606"
754047,3,3,"7955, 9606, 10090"
564686,3,1,6239
754134,3,3,"9606, 10090, 10116"
754073,3,3,"7955, 9606, 10090"
754064,3,3,"9606, 10090, 10116"
754143,3,3,"9606, 10090, 10116"
754053,3,3,"9606, 10090, 10116"
754054,3,3,"9031, 9606, 10090"
314997,3,1,3702
754131,3,3,"9606, 9823, 10090"
754109,3,3,"7955, 9606, 10090"
314313,3,1,3702
1034537,3,3,"9606, 10090, 10116"
314278,3,1,3702
1034534,3,3,"7955, 9606, 10090"
755431,3,3,"9606, 10090, 10116"
484570,3,2,"237561, 284812"
566422,3,1,6239
755539,3,3,"9606, 10090, 10116"
314368,3,2,"3702, 4577"
314190,3,2,"3702, 39947"
754069,3,3,"9606, 10090, 10116"
315599,3,1,3702
754061,3,3,"7955, 9606, 10090"
754089,3,3,"9606, 9823, 10090"
754021,3,3,"7955, 9606, 10090"
832108,3,2,"284812, 559292"
568989,3,1,6239
754007,3,3,"7955, 9606, 10090"
569691,3,1,6239
564497,3,1,6239
753965,3,3,"9606, 10090, 10116"
753966,3,3,"9606, 10090, 10116"
1036278,3,3,"9606, 10090, 10116"
831985,3,3,"227321, 284812, 559292"
314064,3,1,3702
314068,3,1,3702
983416,3,2,"55601, 208964"
832107,3,3,"227321, 237561, 284812"
569160,3,1,6239
749009,3,3,"7955, 9913, 10090"
622136,3,1,7227
759083,3,3,"9606, 10090, 10116"
759084,3,2,"9606, 10090"
759231,3,3,"2286, 9606, 10090"
759235,3,3,"7955, 9606, 10116"
297709,3,2,"3702, 316275"
759282,3,3,"9606, 9913, 10090"
297745,3,1,3702
297600,3,1,3702
759172,3,3,"9031, 9606, 10090"
756348,3,2,"9606, 10090"
482069,3,2,"284812, 559292"
482068,3,3,"237561, 284812, 559292"
482067,3,3,"237561, 284812, 559292"
758988,3,3,"9606, 10116, 11096"
748995,3,3,"8355, 9606, 10090"
622178,3,1,7227
320529,3,1,3702
749139,3,3,"9606, 10090, 10116"
749141,3,3,"7955, 9606, 10090"
749102,3,3,"9606, 10090, 10116"
320551,3,2,"3055, 3702"
759563,3,3,"9606, 10090, 10116"
991443,3,1,224308
58544,3,1,185431
991469,3,3,"83333, 99287, 487796"
991741,3,3,"83332, 224308, 318586"
759578,3,3,"9606, 9913, 10090"
801644,3,3,"9606, 10090, 185431"
759704,3,3,"9606, 10090, 10116"
759707,3,3,"7955, 8355, 9606"
801638,3,2,"7227, 9606"
759207,3,2,"9606, 10090"
622066,3,1,7227
748960,3,3,"7955, 9606, 10090"
297643,3,1,3702
297622,3,3,"3702, 3847, 39947"
622228,3,1,7227
622165,3,1,7227
749074,3,2,"9606, 10116"
749077,3,3,"7955, 9606, 10090"
749042,3,3,"9606, 10090, 10116"
748949,3,3,"9606, 9913, 10090"
621996,3,1,7227
992292,3,2,"83332, 208964"
749106,3,3,"9606, 9913, 10090"
749107,3,3,"9606, 10090, 10116"
759561,3,3,"7955, 9606, 10090"
802471,3,3,"3055, 9606, 10090"
759055,3,3,"9606, 9913, 10090"
759216,3,2,"9606, 10090"
759218,3,3,"9606, 9913, 10090"
759027,3,3,"7955, 9606, 10090"
759028,3,3,"9606, 10090, 10116"
759030,3,2,"9606, 10090"
749285,3,3,"7955, 9606, 10090"
749289,3,3,"9606, 10090, 10116"
750306,3,3,"9606, 10090, 10116"
749661,3,2,"9606, 10090"
749083,3,3,"7955, 9606, 10090"
749108,3,3,"9606, 10090, 10116"
749112,3,3,"9606, 10090, 10116"
749346,3,3,"7955, 9606, 10090"
749266,3,3,"9606, 10090, 10116"
749270,3,2,"9606, 10090"
749263,3,3,"7955, 9606, 10090"
319932,3,1,3702
319936,3,1,3702
802494,3,2,"3702, 36329"
248230,3,1,3702
749127,3,3,"7955, 9606, 10090"
140694,3,3,"5821, 5823, 36329"
482008,3,3,"227321, 237561, 559292"
749007,3,3,"7955, 9606, 10090"
320467,3,1,3702
749079,3,3,"7955, 9606, 10090"
320681,3,1,3702
482046,3,3,"237561, 284812, 559292"
320566,3,2,"3702, 39947"
320624,3,2,"3702, 4113"
749071,3,3,"9606, 10090, 10116"
749165,3,2,"9606, 10090"
320596,3,1,3702
298684,3,1,3702
749059,3,1,9606
749064,3,3,"7955, 9606, 10090"
749065,3,3,"7955, 9606, 10090"
621764,3,1,7227
621934,3,1,7227
749153,3,3,"9606, 10090, 10116"
759096,3,3,"7955, 9606, 9913"
759182,3,3,"7955, 9606, 10116"
482040,3,3,"237561, 284812, 559292"
802463,3,3,"9606, 10090, 240015"
297670,3,2,"3702, 4097"
759041,3,2,"9606, 10090"
320558,3,1,3702
748329,3,3,"9606, 10090, 10116"
748413,3,3,"9606, 10090, 10116"
479615,3,3,"7955, 284812, 559292"
748435,3,3,"9606, 9823, 10090"
748438,3,3,"1848, 9606, 10090"
748439,3,3,"9606, 9823, 10090"
748428,3,3,"9606, 10090, 10116"
625248,3,1,7227
322484,3,2,"3635, 3702"
321899,3,1,39947
748405,3,3,"9606, 10090, 10116"
991185,3,3,"83332, 208964, 330779"
322149,3,1,3702
748427,3,3,"9606, 10090, 10116"
759598,3,3,"7955, 9606, 10090"
759601,3,3,"7955, 9606, 10090"
759488,3,3,"9606, 10090, 10116"
759504,3,3,"9606, 9913, 10090"
759742,3,2,"9606, 10090"
759746,3,3,"9606, 9913, 10090"
478750,3,3,"227321, 284812, 559292"
625996,3,1,7227
297490,3,3,"3635, 3702, 29760"
625217,3,1,7227
802625,3,3,"9606, 10090, 284812"
322285,3,1,3702
748250,3,3,"9606, 10090, 10116"
748343,3,3,"9606, 10090, 10116"
748348,3,2,"9606, 10090"
748335,3,3,"9606, 10090, 10116"
321659,3,1,3702
748262,3,3,"9606, 10090, 10116"
748263,3,2,"9606, 10090"
801601,3,1,3702
748265,3,3,"8355, 9606, 10090"
625418,3,1,7227
297275,3,2,"3702, 39947"
297287,3,1,3702
759725,3,3,"9606, 9913, 10090"
761032,3,3,"9606, 10090, 10116"
760318,3,3,"7955, 9606, 10090"
801617,3,3,"9606, 10090, 284812"
759590,3,2,"9606, 10090"
297159,3,1,3702
625329,3,1,7227
759645,3,3,"9606, 10090, 10116"
759647,3,3,"9606, 10090, 10116"
748400,3,3,"9606, 10090, 10116"
748247,3,3,"7227, 9606, 10116"
830826,3,3,"237561, 284812, 559292"
141128,3,1,36329
801641,3,3,"8355, 9606, 10090"
824163,3,1,6239
826923,3,1,7227
825716,3,2,"9606, 10090"
824961,3,2,"284812, 559292"
748925,3,3,"7955, 9606, 10090"
748926,3,3,"9606, 9823, 10090"
748930,3,3,"9606, 9796, 10090"
321479,3,1,3702
297326,3,1,3702
801658,3,3,"3702, 44689, 185431"
642779,3,3,"7070, 7227, 121224"
748908,3,3,"9606, 10090, 10116"
748910,3,3,"9606, 10090, 10116"
991399,3,3,"83333, 85708, 196627"
802586,3,3,"9606, 284812, 559292"
748896,3,3,"9031, 9606, 10090"
802544,3,3,"3055, 9606, 36329"
991161,3,2,"83332, 208964"
991205,3,1,224308
991381,3,3,"69364, 208964, 224308"
991468,3,2,"208964, 210007"
748898,3,3,"9606, 9796, 10090"
297505,3,1,39947
759331,3,3,"9606, 10090, 10116"
748878,3,3,"9606, 10090, 10116"
748593,3,3,"9606, 10090, 10116"
748594,3,3,"7955, 9606, 10116"
748885,3,3,"9606, 9823, 10116"
748802,3,3,"9606, 9913, 10090"
748401,3,3,"9606, 10090, 10116"
748937,3,2,"9606, 10090"
479766,3,3,"341663, 602072, 1229662"
625859,3,1,7227
825573,3,3,"9606, 10090, 10116"
748450,3,3,"8355, 9606, 10090"
622577,3,1,7227
748932,3,2,"9606, 10090"
479189,3,2,"284593, 559292"
748916,3,3,"9606, 10090, 10116"
748546,3,2,"9606, 10090"
480791,3,2,"237561, 559292"
479839,3,3,"237561, 284593, 559292"
480386,3,2,"227321, 1392255"
759384,3,3,"9606, 9913, 10090"
759424,3,2,"9606, 10090"
759638,3,3,"7955, 9606, 10090"
748444,3,1,10090
751340,3,3,"9606, 10090, 10116"
751386,3,3,"7955, 9606, 10090"
482178,3,3,"284812, 559292, 759272"
751407,3,3,"7955, 9606, 10090"
751409,3,3,"9606, 10090, 10116"
1033498,3,3,"7955, 9913, 10090"
1033471,3,3,"208964, 330879, 510516"
1034062,3,2,"3702, 284812"
752232,3,2,"9606, 10090"
1035463,3,1,3702
758290,3,2,"9606, 10090"
827926,3,3,"7227, 9606, 10090"
308126,3,2,"3702, 39947"
49112,3,1,44689
758192,3,3,"9606, 10090, 10116"
756813,3,3,"9606, 10090, 10116"
1034116,3,1,3702
756491,3,3,"9606, 10090, 10116"
758228,3,3,"7955, 9606, 10116"
831967,3,2,"284812, 559292"
829284,3,3,"9606, 10090, 10116"
482082,3,3,"237561, 284812, 559292"
758203,3,3,"9606, 9615, 10090"
758294,3,3,"9606, 9913, 10090"
752373,3,3,"9606, 9913, 10090"
319767,3,3,"3702, 3847, 39947"
751382,3,3,"9606, 10090, 10116"
831159,3,3,"237561, 284812, 559292"
801668,3,3,"6239, 9606, 284812"
831941,3,3,"227321, 284812, 559292"
831158,3,3,"237561, 284812, 559292"
831163,3,3,"237561, 284812, 559292"
830787,3,3,"5061, 227321, 330879"
19144,3,3,"69014, 70601, 243232"
621862,3,1,7227
482477,3,2,"284812, 559292"
829541,3,1,9606
831195,3,2,"284812, 559292"
1034070,3,3,"9606, 10090, 10116"
758258,3,3,"8030, 8364, 9031"
758259,3,3,"9606, 10090, 10116"
758230,3,1,9606
1033577,3,1,3702
831519,3,2,"6239, 7227"
751423,3,3,"9606, 10090, 10116"
751704,3,3,"9606, 10090, 10116"
752364,3,3,"8355, 9606, 10090"
752367,3,3,"7955, 9031, 9606"
622049,3,1,7227
756412,3,3,"9606, 10090, 10116"
752389,3,3,"7955, 9606, 10090"
752463,3,3,"7955, 9606, 10090"
752407,3,3,"7955, 9606, 10090"
752384,3,3,"7955, 9606, 10090"
752386,3,2,"7955, 9606"
319332,3,1,3702
752398,3,3,"9606, 10090, 10116"
319123,3,2,"3702, 39947"
752363,3,2,"9606, 10090"
802282,3,3,"3702, 284812, 559292"
758227,3,3,"9606, 9913, 10090"
756511,3,3,"7955, 10090, 10116"
801769,3,2,"3702, 3880"
756551,3,3,"9606, 10090, 10116"
756384,3,3,"9913, 10090, 10116"
756393,3,3,"9606, 10090, 10116"
756557,3,3,"9606, 10090, 10116"
310598,3,1,3702
801786,3,2,"9606, 185431"
757159,3,3,"7955, 9606, 10090"
757172,3,3,"9606, 9913, 10090"
310188,3,2,"3702, 39947"
319477,3,1,3702
482078,3,3,"237561, 284812, 559292"
752342,3,3,"9606, 10090, 10116"
1033576,3,2,"553175, 553178"
751878,3,2,"8355, 9606"
751436,3,3,"9606, 10090, 10116"
319556,3,1,3702
1033572,3,3,"7955, 9606, 10090"
752334,3,3,"7955, 9606, 10090"
752359,3,2,"9606, 10090"
751634,3,3,"9606, 10090, 10116"
752325,3,3,"9606, 10090, 10116"
756400,3,3,"9606, 9913, 10090"
752399,3,3,"9606, 10090, 10116"
752377,3,2,"7955, 10090"
752380,3,2,"9606, 10090"
756974,3,3,"7955, 9606, 10090"
802285,3,3,"7955, 9606, 9913"
145196,3,2,"5823, 36329"
307977,3,1,3702
756418,3,3,"7955, 9606, 10090"
802287,3,1,3702
307773,3,1,3702
307775,3,2,"3702, 39947"
307811,3,3,"3635, 3702, 4565"
751867,3,3,"9606, 10090, 10116"
621601,3,1,7227
758897,3,3,"8355, 9606, 10090"
758906,3,2,"9606, 10090"
320010,3,1,3702
750207,3,3,"9606, 10090, 10116"
750226,3,2,"9606, 10090"
750920,3,3,"9606, 10090, 10116"
750343,3,3,"9606, 9823, 10090"
751219,3,3,"9606, 10090, 10116"
751221,3,3,"9606, 10090, 10116"
319788,3,1,3702
752372,3,2,"9606, 10116"
750314,3,2,"7955, 9606"
750529,3,3,"9606, 10090, 10116"
621844,3,1,7227
750240,3,2,"9606, 10090"
300794,3,1,3702
482098,3,3,"237561, 284812, 559292"
299279,3,2,"3702, 39947"
307728,3,1,3702
802394,3,3,"6239, 9606, 10090"
758382,3,3,"7955, 9606, 10090"
758610,3,2,"9606, 10090"
750307,3,2,"9606, 10090"
297800,3,1,3702
827672,3,1,3702
828453,3,3,"8355, 9606, 10090"
299173,3,3,"3702, 39946, 39947"
830886,3,3,"227321, 284812, 559292"
831626,3,2,"9606, 9913"
802525,3,3,"6239, 9606, 10090"
829150,3,1,3702
829152,3,1,3702
297908,3,2,"3702, 39947"
801682,3,3,"7227, 9606, 10090"
298016,3,1,3702
750275,3,2,"9606, 10090"
802480,3,3,"3702, 9606, 559292"
750291,3,3,"9606, 10090, 10116"
749194,3,3,"9606, 10090, 10116"
320439,3,1,3702
802441,3,3,"9606, 9913, 10090"
750229,3,3,"9606, 10090, 10116"
750266,3,3,"9606, 10090, 10116"
749169,3,3,"9606, 10090, 10116"
749175,3,3,"9606, 10090, 10116"
758926,3,2,"9606, 10116"
758936,3,2,"7955, 9606"
320429,3,3,"3702, 4113, 39947"
758674,3,3,"7955, 9606, 10090"
307868,3,2,"3702, 39947"
307878,3,1,3702
758616,3,3,"9103, 9606, 10090"
758238,3,3,"9606, 9913, 10090"
307920,3,1,3702
802307,3,3,"9606, 284812, 559292"
802321,3,3,"9031, 9606, 10090"
801713,3,3,"9606, 10090, 559292"
757197,3,3,"9606, 10090, 10116"
299335,3,2,"3702, 39947"
307737,3,1,3702
757285,3,3,"9606, 10090, 10116"
751880,3,3,"9606, 10090, 10116"
751881,3,3,"9606, 10090, 10116"
751336,3,3,"7955, 9606, 10116"
751281,3,3,"9606, 10090, 10116"
751290,3,3,"9606, 10090, 10116"
751322,3,3,"7955, 9606, 10090"
751324,3,3,"9606, 10090, 10116"
751325,3,3,"7955, 9606, 10090"
751282,3,3,"9606, 10090, 10116"
319592,3,2,"3702, 39947"
751292,3,3,"7955, 9606, 10090"
758265,3,3,"7955, 9606, 10090"
307746,3,1,3702
758308,3,3,"9606, 10090, 10116"
758314,3,3,"9606, 10090, 10116"
758950,3,3,"7955, 9606, 10090"
802476,3,3,"9606, 10090, 185431"
758975,3,3,"9606, 10090, 10116"
758268,3,3,"9606, 10090, 10116"
751248,3,3,"7955, 9606, 10090"
751231,3,3,"9606, 10090, 10116"
751268,3,3,"7955, 9606, 10090"
751277,3,3,"9606, 10090, 10116"
307727,3,3,"3702, 4577, 39947"
319856,3,2,"3635, 3702"
801699,3,1,3702
140973,3,1,36329
751247,3,2,"9606, 10090"
990979,3,2,"208964, 224308"
991079,3,3,"208964, 218497, 242231"
751287,3,3,"9606, 10090, 10116"
991091,3,2,"208964, 226900"
751313,3,3,"9606, 10090, 10116"
751317,3,2,"9606, 10090"
990943,3,3,"169963, 266834, 267671"
307884,3,1,3702
750991,3,3,"9606, 10090, 10116"
1033286,3,3,"32049, 103690, 1111708"
806011,3,3,"6239, 7227, 9606"
805978,3,3,"7227, 9606, 10090"
727080,3,3,"9606, 10090, 10116"
1028825,3,2,"227321, 510516"
1028850,3,3,"9606, 10090, 284812"
736531,3,3,"9031, 9606, 10090"
1033282,3,3,"3702, 284812, 559292"
1029052,3,3,"227321, 284812, 510516"
1029449,3,3,"284593, 284812, 559292"
1029573,3,2,"9606, 10090"
778121,3,3,"7227, 9606, 10090"
736516,3,3,"9606, 10090, 10116"
1029091,3,2,"3055, 3702"
1029110,3,3,"71421, 190650, 196627"
736563,3,3,"9606, 10090, 10116"
805995,3,2,"6239, 9606"
806141,3,3,"44689, 284812, 559292"
726897,3,3,"9606, 10090, 10116"
789154,3,3,"9606, 10090, 10116"
789155,3,3,"7955, 9606, 10090"
727061,3,3,"9606, 10090, 10116"
269465,3,1,3702
1028783,3,2,"208964, 284812"
804417,3,3,"7227, 9606, 10090"
793268,3,2,"284812, 559292"
736502,3,3,"9606, 10090, 10116"
736589,3,2,"9823, 10090"
735470,3,3,"9606, 10090, 10116"
736511,3,3,"9606, 10090, 10116"
736474,3,1,9606
736476,3,3,"9606, 10090, 10116"
1033116,3,2,"3702, 185431"
736504,3,3,"9606, 9913, 10090"
736500,3,3,"9606, 10090, 10116"
789212,3,3,"7227, 9606, 10090"
736596,3,2,"9606, 10090"
727206,3,1,10090
789203,3,3,"9606, 10090, 10116"
727271,3,2,"9606, 10090"
789156,3,1,9606
1031831,3,3,"169963, 224308, 235909"
806007,3,2,"9606, 10116"
789138,3,3,"9606, 9913, 10090"
789139,3,3,"7227, 9606, 10090"
789112,3,1,9606
805994,3,3,"7227, 9606, 10090"
65491,3,3,"5664, 5691, 185431"
736501,3,3,"9606, 10090, 10116"
271957,3,1,4081
787635,3,3,"9606, 9986, 10090"
250723,3,1,3702
272010,3,2,"3694, 3702"
276768,3,1,3702
804615,3,3,"44689, 284812, 559292"
793298,3,3,"6239, 9606, 10090"
786265,3,3,"7955, 9823, 10090"
271961,3,1,3702
786375,3,3,"9606, 10090, 10116"
736696,3,3,"9606, 10090, 10116"
727095,3,3,"9606, 10090, 10116"
736705,3,3,"9606, 10090, 10116"
736610,3,2,"9606, 10090"
736681,3,3,"9606, 10090, 10116"
736581,3,3,"9606, 10090, 10116"
736556,3,3,"9606, 10090, 10116"
403923,3,2,"284593, 559292"
403950,3,1,559292
736739,3,3,"9606, 10090, 10116"
736575,3,1,9606
736555,3,3,"9606, 10090, 10116"
806318,3,3,"284593, 284812, 559292"
736704,3,3,"9606, 10090, 10116"
789044,3,2,"7227, 9606"
726838,3,3,"9606, 9823, 10090"
268787,3,1,3702
726906,3,1,10090
789052,3,2,"9606, 9615"
726949,3,2,"10090, 10116"
736625,3,3,"9606, 9913, 10090"
726858,3,3,"9606, 10090, 10116"
736571,3,3,"9606, 10090, 10116"
736632,3,3,"9606, 10090, 10116"
736636,3,2,"9606, 10090"
793284,3,3,"6239, 9606, 10090"
736554,3,3,"9606, 10090, 10116"
406361,3,3,"237561, 284593, 559292"
736483,3,1,9606
736692,3,3,"9606, 10090, 10116"
726851,3,3,"9606, 10090, 10116"
727090,3,3,"9606, 10090, 10116"
66459,3,2,"5664, 185431"
789097,3,3,"9606, 10090, 1207470"
789106,3,2,"9606, 10090"
804386,3,3,"7227, 9606, 10090"
272512,3,1,3702
804600,3,1,3702
736528,3,3,"9606, 10090, 10116"
804666,3,2,"3635, 3702"
1029284,3,3,"9606, 10090, 10116"
1029499,3,3,"227321, 243274, 330879"
268107,3,2,"3988, 4081"
268335,3,2,"3702, 34305"
789341,3,3,"6239, 7955, 9606"
793187,3,2,"9606, 284812"
727108,3,3,"9606, 9913, 10090"
789327,3,3,"6239, 9606, 9913"
789334,3,3,"9606, 10090, 10116"
727024,3,1,9606
804610,3,1,3702
727204,3,2,"9606, 10090"
727469,3,3,"9606, 10090, 10116"
733234,3,3,"9606, 10090, 10116"
404351,3,2,"284593, 559292"
727113,3,2,"9606, 10090"
733248,3,2,"9606, 10116"
727191,3,2,"9606, 10090"
733220,3,3,"9606, 10090, 10116"
733364,3,3,"9606, 9913, 10090"
732839,3,2,"9606, 10090"
733159,3,2,"9606, 10090"
789298,3,2,"9606, 10090"
805761,3,3,"5061, 51453, 227321"
805772,3,3,"3702, 9606, 559292"
268184,3,1,3702
793133,3,2,"7955, 10090"
805760,3,3,"237561, 284812, 559292"
793154,3,3,"7955, 9606, 10090"
732806,3,3,"9606, 10090, 10116"
732809,3,3,"9606, 10090, 10116"
804634,3,3,"7227, 9606, 284812"
732682,3,2,"9606, 10090"
404384,3,1,559292
1028900,3,3,"85963, 170187, 282458"
732772,3,3,"9031, 9606, 10090"
404593,3,2,"237561, 559292"
404594,3,2,"284593, 559292"
733195,3,3,"9606, 10090, 10116"
804727,3,3,"3702, 9606, 10116"
732743,3,3,"9606, 10090, 10116"
732744,3,3,"9606, 10090, 10116"
732746,3,3,"9606, 10090, 10116"
1029668,3,2,"839, 224308"
733214,3,3,"9606, 10090, 10116"
66497,3,1,185431
733200,3,3,"9606, 10090, 10116"
732763,3,3,"9606, 10090, 10116"
734858,3,3,"9606, 10090, 10116"
734867,3,3,"9606, 10090, 10116"
735087,3,2,"9606, 10090"
736469,3,3,"9606, 10090, 10116"
735113,3,3,"9606, 10090, 10116"
733505,3,3,"9606, 10090, 10116"
733508,3,3,"9606, 9823, 10090"
404132,3,2,"284593, 559292"
735088,3,3,"9606, 10090, 10116"
735817,3,3,"9606, 10090, 10116"
736472,3,3,"9606, 10090, 10116"
733160,3,2,"9606, 10090"
733494,3,3,"9606, 10090, 10116"
805897,3,2,"7227, 9606"
789338,3,1,9606
789176,3,3,"6239, 9606, 10090"
789291,3,3,"7227, 7955, 9606"
789213,3,3,"9606, 10090, 10116"
793179,3,3,"6239, 7227, 9606"
793295,3,3,"227321, 284812, 559292"
789152,3,3,"7227, 7955, 9606"
269246,3,1,3702
789260,3,3,"6239, 7227, 10090"
735110,3,3,"9606, 10090, 10116"
789242,3,3,"6239, 9606, 10116"
789273,3,3,"6239, 7227, 10090"
789234,3,3,"9606, 9986, 10090"
805920,3,3,"7227, 9606, 284812"
727021,3,3,"9606, 10090, 10116"
806188,3,3,"9606, 10090, 10116"
806133,3,3,"9606, 10090, 44689"
789347,3,3,"7955, 9606, 10090"
789235,3,3,"7227, 8355, 9606"
733351,3,1,9606
733276,3,2,"9606, 10090"
734888,3,3,"9606, 10090, 10116"
733289,3,3,"9606, 10090, 10116"
733529,3,3,"9606, 9823, 10090"
733491,3,3,"9606, 9986, 10090"
733480,3,3,"9606, 10090, 10116"
804681,3,1,3702
733187,3,2,"9606, 10090"
734907,3,3,"9606, 10090, 10116"
734916,3,3,"9606, 10090, 10116"
804576,3,1,3702
804329,3,3,"7227, 9606, 10090"
733996,3,3,"9606, 10090, 10116"
734899,3,3,"9606, 10090, 10116"
733540,3,3,"9606, 10090, 10116"
277098,3,2,"3702, 4577"
738006,3,3,"9606, 10090, 10116"
737959,3,3,"9606, 10090, 10116"
737933,3,3,"9606, 10090, 10116"
738016,3,3,"9606, 10090, 10116"
737944,3,3,"9606, 10090, 10116"
737921,3,3,"9606, 10090, 10116"
1033323,3,3,"44689, 284812, 559292"
1033318,3,1,294381
738017,3,3,"9606, 10090, 10116"
738019,3,3,"9606, 10090, 10116"
785402,3,3,"7955, 9606, 10090"
738010,3,2,"8355, 9606"
738063,3,3,"9606, 10090, 10116"
738070,3,3,"9606, 10090, 10116"
738051,3,3,"9606, 10090, 10116"
737981,3,3,"9606, 10090, 10116"
738055,3,2,"9606, 10090"
738031,3,3,"9031, 9606, 10090"
784191,3,3,"7227, 9606, 10090"
793530,3,2,"9606, 10090"
277180,3,1,3702
807086,3,3,"237561, 284812, 559292"
737980,3,3,"9606, 10090, 10116"
737736,3,3,"9606, 10090, 10116"
737821,3,3,"9606, 10090, 10116"
737823,3,3,"9606, 10090, 10116"
737825,3,3,"8355, 9606, 10090"
403681,3,1,559292
737731,3,2,"9606, 10090"
737918,3,3,"9606, 10090, 10116"
737971,3,3,"9606, 10090, 10116"
737783,3,3,"9606, 10090, 10116"
737897,3,3,"9606, 10090, 10116"
737876,3,3,"9606, 10090, 10116"
1033170,3,3,"284593, 284812, 559292"
737838,3,3,"9606, 10029, 10090"
737774,3,2,"9606, 10116"
1033227,3,3,"882, 224308, 224326"
276988,3,2,"3702, 39947"
726772,3,3,"9606, 10090, 10116"
784300,3,3,"9606, 10090, 10116"
807213,3,3,"6239, 7227, 9606"
784434,3,3,"7955, 9606, 10090"
726753,3,3,"9606, 9913, 10090"
726789,3,2,"9606, 10090"
1033161,3,2,"284812, 559292"
784207,3,3,"7227, 9606, 10090"
737877,3,3,"9606, 10090, 10116"
793615,3,3,"7227, 9606, 10116"
726699,3,2,"9606, 10090"
726690,3,3,"9606, 10090, 10116"
738162,3,3,"9606, 10090, 10116"
738163,3,3,"9606, 10090, 10116"
738121,3,3,"9606, 10090, 10116"
738141,3,3,"9606, 10090, 10116"
738335,3,2,"9606, 10116"
726705,3,2,"9606, 10090"
738136,3,3,"9031, 9606, 10090"
726703,3,3,"9606, 10090, 10116"
807183,3,1,9606
738041,3,3,"9606, 10090, 10116"
726568,3,1,9606
738392,3,3,"9606, 10090, 10116"
738131,3,2,"9606, 10116"
738413,3,3,"9606, 10090, 10116"
403511,3,2,"284593, 559292"
403467,3,2,"284593, 559292"
738244,3,3,"9606, 10090, 10116"
738301,3,3,"9606, 10090, 10116"
738269,3,2,"9606, 10090"
738271,3,3,"9606, 9986, 10090"
738331,3,3,"9606, 10090, 10116"
277064,3,2,"3702, 39947"
277065,3,1,3702
784185,3,3,"9606, 10090, 10116"
784188,3,3,"9606, 10090, 10116"
803786,3,3,"9606, 284812, 559292"
807564,3,3,"3702, 208964, 559292"
807198,3,2,"9606, 10090"
806910,3,3,"7227, 9606, 10090"
1028887,3,3,"227321, 284812, 559292"
738092,3,3,"9606, 10029, 10090"
738096,3,3,"9913, 10090, 10116"
793431,3,3,"9606, 10090, 10116"
1028544,3,3,"1421, 208964, 224308"
1028490,3,2,"7955, 9606"
738108,3,3,"9606, 10090, 10116"
738076,3,3,"9606, 10090, 10116"
793446,3,2,"9606, 10090"
793435,3,1,9606
1028455,3,3,"9606, 10090, 10116"
784092,3,3,"7227, 9606, 10090"
784066,3,3,"7227, 9606, 10090"
277190,3,1,3702
277302,3,1,3702
277118,3,1,3702
738073,3,3,"9606, 10090, 10116"
736616,3,2,"9606, 10090"
276853,3,2,"3702, 4081"
276857,3,2,"3635, 3702"
726827,3,3,"9606, 10090, 10116"
784722,3,2,"9606, 10090"
785047,3,3,"7955, 9606, 10090"
785124,3,3,"9606, 10090, 10116"
785225,3,3,"7955, 9606, 10090"
807190,3,3,"9606, 10090, 185431"
784995,3,3,"7955, 9606, 10090"
784870,3,2,"9606, 10116"
737833,3,3,"9606, 10090, 10116"
726862,3,3,"9606, 10090, 10116"
736723,3,3,"9606, 10090, 10116"
736906,3,3,"8355, 9606, 10090"
736919,3,3,"9031, 9606, 10090"
736669,3,3,"9606, 10090, 10116"
737068,3,3,"9606, 10090, 10116"
736826,3,3,"9606, 10090, 10116"
736832,3,3,"9606, 10090, 10116"
736836,3,3,"9606, 10090, 10116"
737067,3,2,"9606, 10090"
737058,3,3,"9031, 9606, 10116"
726825,3,3,"9606, 10090, 10116"
806326,3,3,"9606, 10090, 284812"
806339,3,3,"9606, 284812, 559292"
806378,3,3,"3702, 9606, 10090"
806110,3,3,"7955, 9606, 10090"
806057,3,2,"7955, 9606"
806079,3,3,"44689, 284812, 559292"
726869,3,2,"9606, 10116"
788753,3,2,"9606, 10090"
789025,3,3,"7227, 9606, 10090"
789028,3,3,"7227, 9606, 10090"
806266,3,3,"3702, 9606, 10090"
736615,3,3,"9606, 10090, 10116"
789038,3,3,"6239, 7227, 9606"
736747,3,3,"9606, 10090, 10116"
736750,3,3,"9606, 10090, 10116"
726855,3,3,"9606, 10090, 10116"
726809,3,1,9606
736746,3,3,"10090, 10116, 10141"
736728,3,3,"9606, 10090, 10116"
736730,3,3,"9606, 10090, 10116"
736706,3,3,"9606, 10090, 10116"
736708,3,3,"9606, 10090, 10116"
736712,3,2,"9606, 10090"
736693,3,2,"9606, 10090"
806191,3,3,"6239, 7227, 9606"
737719,3,3,"9606, 10090, 10116"
793411,3,3,"9606, 10090, 284812"
737081,3,2,"9606, 10090"
51997,3,1,44689
737796,3,3,"9606, 10090, 10116"
1029002,3,2,"5664, 185431"
1028660,3,3,"9606, 10090, 559292"
803929,3,3,"3702, 6239, 9606"
803927,3,3,"7955, 9606, 10090"
803926,3,3,"7227, 9606, 10090"
806901,3,1,3702
726872,3,3,"9606, 9913, 10116"
806591,3,2,"3702, 9606"
784428,3,3,"7955, 9606, 10090"
806220,3,1,3702
793343,3,3,"7955, 9606, 10090"
784988,3,3,"9606, 10090, 10116"
806604,3,3,"9606, 9986, 10090"
806616,3,3,"6239, 9606, 185431"
793383,3,2,"9606, 10090"
737787,3,3,"9606, 10090, 10116"
737843,3,3,"9606, 10090, 10116"
737827,3,3,"9606, 10090, 10116"
737829,3,2,"9606, 10090"
277005,3,3,"3702, 4577, 39947"
736654,3,3,"9606, 10090, 10116"
737074,3,3,"9606, 10090, 10116"
736997,3,2,"8355, 10090"
736798,3,2,"9606, 10090"
737226,3,2,"10090, 10116"
736967,3,2,"9606, 10090"
737065,3,3,"9606, 10090, 10116"
736717,3,3,"8355, 9606, 10090"
804175,3,3,"7227, 9606, 10090"
736969,3,3,"9606, 10090, 10116"
784395,3,2,"9606, 10116"
793274,3,2,"9606, 10090"
276903,3,1,3702
276929,3,2,"3702, 3755"
793465,3,3,"7227, 9606, 10090"
276843,3,1,3702
784607,3,3,"6239, 7955, 9606"
784450,3,3,"8355, 9606, 10090"
276898,3,1,3702
804102,3,2,"9606, 10090"
804082,3,2,"9606, 10090"
737205,3,3,"9606, 10090, 10116"
737086,3,3,"8355, 9606, 10090"
737008,3,3,"9606, 10090, 10116"
276818,3,2,"3694, 3702"
731612,3,3,"9606, 10090, 10116"
252090,3,1,3702
731759,3,1,10090
731704,3,2,"10090, 10116"
252085,3,1,3702
731574,3,3,"9606, 10090, 10116"
731690,3,3,"9606, 10090, 10116"
731658,3,3,"9606, 9913, 10090"
731659,3,3,"9606, 9823, 10090"
731668,3,3,"9606, 10090, 10116"
731672,3,3,"9606, 10090, 10116"
804722,3,3,"8355, 9606, 185431"
252081,3,1,3702
729027,3,2,"9606, 10090"
790101,3,3,"9606, 10090, 10116"
790103,3,2,"9606, 10090"
790104,3,3,"7227, 9606, 10090"
729005,3,3,"9606, 10090, 10116"
790121,3,3,"9606, 10090, 10116"
790250,3,2,"9606, 10090"
729002,3,2,"9606, 10090"
729359,3,3,"9606, 10090, 10116"
728931,3,3,"9606, 10090, 10116"
790586,3,3,"7227, 7955, 10116"
790282,3,3,"7227, 9606, 10116"
790306,3,3,"8030, 9606, 10090"
793042,3,3,"6239, 9913, 10090"
805632,3,2,"9606, 10090"
252047,3,1,3702
790988,3,2,"9606, 10090"
805306,3,3,"36329, 284812, 559292"
805473,3,3,"3702, 9606, 185431"
261491,3,2,"3880, 34305"
792657,3,3,"9031, 9606, 10090"
790757,3,3,"9606, 9986, 10116"
251923,3,1,3702
805176,3,3,"9606, 10090, 185431"
805351,3,3,"6239, 9606, 10090"
805262,3,2,"36329, 284812"
805462,3,3,"3702, 284812, 559292"
804864,3,3,"237561, 284812, 559292"
731601,3,3,"9606, 10090, 10116"
731636,3,2,"9606, 10090"
731637,3,2,"9606, 10090"
731642,3,2,"9606, 10090"
731703,3,3,"9606, 10090, 10116"
731649,3,3,"9606, 10090, 10116"
730505,3,3,"9606, 10090, 10116"
805172,3,3,"9031, 9606, 10090"
805596,3,3,"3702, 7955, 9606"
805597,3,2,"284812, 559292"
805734,3,2,"3055, 3702"
728622,3,3,"9606, 10090, 10116"
728605,3,2,"9606, 10090"
727733,3,3,"9606, 10090, 10116"
805572,3,3,"9606, 10090, 185431"
727775,3,1,9606
728642,3,2,"9606, 9913"
728822,3,2,"9606, 10090"
728617,3,3,"9606, 10090, 10116"
790598,3,3,"7227, 9606, 10090"
1029409,3,3,"272844, 284812, 559292"
728601,3,3,"9606, 10090, 10116"
405028,3,3,"237561, 284593, 559292"
1029735,3,3,"62977, 272562, 525146"
1029737,3,3,"1245, 1247, 224308"
728596,3,3,"9606, 10090, 10116"
50952,3,1,44689
728354,3,3,"9606, 10090, 10116"
804903,3,3,"3702, 284812, 559292"
789751,3,3,"9606, 10090, 10116"
789755,3,3,"7227, 9606, 10090"
727782,3,1,10090
790573,3,3,"7227, 9606, 10090"
728691,3,2,"9606, 10090"
729069,3,2,"9606, 10090"
731758,3,2,"9606, 10090"
731730,3,3,"9606, 10090, 10116"
731764,3,3,"9606, 10090, 10116"
731751,3,2,"9606, 10116"
731746,3,3,"9606, 10090, 10116"
405100,3,3,"237561, 284593, 559292"
731769,3,3,"9606, 10090, 10116"
731719,3,3,"9606, 10090, 10116"
405938,3,3,"237561, 284593, 559292"
790144,3,3,"7955, 9606, 10090"
729010,3,2,"9913, 10090"
790034,3,3,"9606, 10090, 10116"
790046,3,2,"9606, 10090"
790206,3,2,"7227, 7955"
728811,3,2,"9606, 10090"
805433,3,3,"9606, 10090, 185431"
805454,3,2,"3702, 36329"
790149,3,3,"9606, 10090, 10116"
790173,3,3,"7227, 9606, 10116"
805505,3,3,"7227, 9606, 10090"
405889,3,2,"237561, 559292"
790196,3,2,"9606, 10116"
805068,3,3,"7227, 9606, 10090"
805069,3,3,"185431, 284812, 559292"
805147,3,3,"3702, 227321, 284812"
804994,3,3,"9606, 10090, 185431"
729727,3,3,"9606, 10090, 10116"
729839,3,3,"9606, 10090, 10116"
804871,3,3,"3702, 9606, 559292"
730100,3,3,"9606, 10090, 10116"
730050,3,3,"9606, 10090, 10116"
730007,3,3,"9606, 10090, 10116"
729970,3,3,"9606, 10090, 10116"
791377,3,3,"9606, 10090, 10116"
729853,3,3,"9606, 10090, 10116"
730083,3,3,"9606, 9823, 10116"
729856,3,3,"9606, 9913, 10090"
729878,3,3,"9606, 10090, 10116"
729717,3,3,"9606, 10090, 10116"
729851,3,3,"9606, 10090, 10116"
729678,3,3,"9606, 10090, 10116"
805134,3,2,"6239, 9606"
805042,3,3,"9606, 10090, 10116"
805246,3,2,"10090, 185431"
805185,3,3,"3702, 9606, 559292"
729870,3,2,"9606, 10090"
729783,3,3,"9606, 10090, 10116"
1030600,3,2,"224308, 272844"
729771,3,1,9606
805004,3,2,"3702, 9606"
1030663,3,3,"1140, 197221, 1111708"
1030337,3,3,"161934, 185431, 284812"
51166,3,1,44689
1031966,3,3,"1140, 197221, 1111708"
729876,3,3,"9606, 9913, 10090"
729814,3,3,"9606, 10090, 10116"
729708,3,1,9606
805095,3,3,"3702, 227321, 330879"
405587,3,2,"237561, 559292"
405575,3,2,"237561, 559292"
729698,3,3,"9606, 9823, 10116"
251901,3,2,"3702, 9606"
729662,3,3,"9606, 10090, 10116"
729664,3,3,"9606, 10090, 10116"
804986,3,3,"10090, 284812, 559292"
252122,3,1,3702
252111,3,1,3702
793017,3,3,"237561, 284812, 559292"
252060,3,1,3702
252050,3,1,3702
729887,3,3,"9606, 10090, 10116"
805298,3,1,3702
729487,3,2,"9606, 10090"
791892,3,2,"9606, 42752"
792141,3,3,"7955, 10090, 10116"
791457,3,3,"7955, 9606, 10090"
792649,3,2,"9606, 10090"
792500,3,3,"7955, 9606, 10090"
405692,3,1,559292
730031,3,3,"9606, 10090, 10116"
405191,3,2,"284593, 559292"
730422,3,3,"9606, 10090, 10116"
729677,3,3,"9606, 10090, 10116"
730168,3,3,"9606, 10090, 10116"
730818,3,1,9606
730156,3,3,"9606, 10090, 10116"
730722,3,3,"9606, 10090, 10116"
730467,3,3,"9606, 10090, 10116"
730808,3,3,"9606, 10090, 10116"
730259,3,3,"9606, 10090, 10116"
405224,3,3,"237561, 284811, 559292"
405154,3,2,"237561, 559292"
730366,3,3,"9913, 10090, 10116"
730362,3,1,9606
804898,3,3,"3055, 5888, 9606"
730124,3,3,"9606, 10090, 10116"
252236,3,1,3702
729712,3,1,9606
729081,3,2,"10090, 10116"
252506,3,1,3702
805463,3,3,"6239, 284812, 559292"
729692,3,1,10090
730109,3,3,"9606, 10090, 10116"
730131,3,3,"9606, 10090, 10116"
730024,3,1,9606
730369,3,3,"9606, 10090, 10116"
730371,3,3,"9606, 9823, 10090"
792967,3,3,"10090, 284812, 559292"
405769,3,2,"237561, 559292"
730010,3,3,"9606, 10090, 10116"
729972,3,1,9606
730186,3,2,"9606, 10090"
405192,3,1,559292
729995,3,3,"9606, 10090, 10116"
792674,3,2,"9606, 10090"
405792,3,2,"237561, 559292"
729242,3,3,"9606, 10090, 10116"
805169,3,3,"9606, 10090, 284812"
729657,3,3,"9606, 9823, 10090"
729181,3,2,"9606, 10090"
730133,3,3,"9606, 10090, 10116"
732366,3,2,"9606, 10090"
732376,3,1,9606
404703,3,2,"237561, 559292"
404704,3,3,"237561, 284593, 559292"
732465,3,2,"9606, 10116"
732341,3,3,"9606, 9913, 10090"
732363,3,3,"9606, 10090, 10116"
805732,3,2,"3702, 4536"
793172,3,3,"6239, 9606, 10116"
789428,3,3,"9606, 10090, 10116"
727231,3,3,"9606, 10090, 10116"
790073,3,3,"7227, 9606, 10116"
805846,3,3,"6239, 9606, 10090"
805812,3,1,3702
805697,3,3,"9606, 10090, 10116"
805749,3,1,3702
805701,3,2,"3702, 9606"
406142,3,3,"237561, 284593, 559292"
727631,3,2,"9606, 10090"
727681,3,3,"9606, 10090, 10116"
727151,3,2,"9606, 10090"
805683,3,1,3702
732600,3,2,"9606, 10090"
727725,3,2,"9606, 10090"
732354,3,2,"9606, 10116"
732081,3,3,"9606, 10090, 10116"
732281,3,3,"9606, 9913, 10090"
404747,3,2,"237561, 559292"
732343,3,1,10090
732345,3,3,"9606, 10090, 10116"
732347,3,2,"9606, 10090"
732142,3,2,"9606, 10090"
732337,3,3,"9606, 10090, 10116"
732339,3,3,"9606, 10090, 10116"
732390,3,3,"8022, 9606, 10090"
732400,3,3,"9606, 10090, 10116"
732306,3,3,"9606, 10090, 10116"
789473,3,2,"7955, 9606"
793092,3,3,"7227, 9606, 10090"
789488,3,3,"7955, 9606, 10090"
268084,3,1,3702
789601,3,3,"7227, 9606, 10090"
268035,3,1,3702
789579,3,3,"7227, 9606, 10090"
268137,3,1,3702
804804,3,3,"3702, 3847, 4577"
732470,3,3,"9606, 10090, 10116"
732476,3,3,"9606, 10090, 10116"
732098,3,3,"9606, 10090, 10116"
268270,3,2,"3702, 4113"
268239,3,1,3702
727551,3,3,"9606, 10090, 10116"
789370,3,3,"8355, 9606, 10090"
789436,3,3,"7955, 9606, 10116"
789522,3,3,"7227, 9606, 10090"
727395,3,2,"9606, 10090"
789454,3,3,"9606, 10090, 10116"
727506,3,1,9606
732627,3,3,"9606, 10090, 10116"
732641,3,3,"9606, 9986, 10090"
732448,3,3,"9606, 10090, 10116"
727503,3,3,"9606, 9913, 10090"
804744,3,2,"3702, 36329"
404646,3,2,"237561, 559292"
404583,3,2,"237561, 559292"
732799,3,3,"9606, 10090, 10116"
804741,3,3,"3055, 10090, 185431"
268349,3,1,3702
268161,3,1,3702
789386,3,3,"9606, 10090, 10116"
804589,3,1,3702
804583,3,2,"3702, 7227"
732642,3,2,"9606, 10090"
732587,3,3,"9606, 10090, 10116"
732469,3,2,"9606, 10090"
732618,3,2,"9606, 10090"
732383,3,3,"9606, 10090, 10116"
732449,3,3,"9606, 10090, 10116"
732586,3,3,"9606, 10090, 10116"
732589,3,3,"9606, 10090, 10116"
732403,3,3,"9606, 10090, 10116"
732670,3,3,"9606, 10090, 10116"
404660,3,1,237561
727144,3,2,"9606, 10090"
405972,3,3,"237561, 284593, 559292"
732601,3,3,"9606, 10090, 10116"
732603,3,3,"9606, 10090, 10116"
732658,3,3,"9606, 10090, 10116"
732594,3,3,"9606, 10090, 10116"
727492,3,2,"9606, 10090"
732668,3,3,"9606, 10090, 10116"
732651,3,3,"9606, 10090, 10116"
727691,3,3,"9606, 10090, 10116"
789369,3,3,"7227, 9606, 10090"
789411,3,3,"7955, 9606, 10090"
727625,3,2,"9606, 10090"
789417,3,3,"7227, 9606, 10090"
404671,3,2,"237561, 559292"
789799,3,3,"7955, 9606, 10090"
789814,3,3,"7227, 9606, 10090"
789649,3,3,"7227, 9606, 10090"
251953,3,1,3702
789935,3,3,"7227, 9606, 10116"
789719,3,3,"7227, 9606, 10116"
804878,3,3,"3055, 9606, 10090"
793161,3,3,"7227, 9606, 10090"
789653,3,3,"9606, 10090, 10116"
793113,3,3,"7227, 9606, 10090"
731879,3,3,"9606, 10090, 10116"
732292,3,2,"9606, 10090"
731889,3,3,"9606, 10090, 10116"
731864,3,3,"9606, 10090, 10116"
731868,3,3,"9606, 10090, 10116"
727280,3,1,9606
731837,3,3,"9606, 10090, 10116"
731777,3,3,"9606, 10090, 10116"
731848,3,3,"9606, 10090, 10116"
404932,3,2,"237561, 559292"
731788,3,3,"9606, 10090, 10116"
805646,3,2,"9606, 10090"
406058,3,1,237561
731912,3,3,"9606, 10090, 10116"
805522,3,3,"3702, 7227, 9606"
263015,3,1,3702
790061,3,3,"7955, 9606, 10116"
790063,3,2,"9606, 10090"
789668,3,2,"7955, 9606"
789762,3,3,"9606, 10090, 10116"
790079,3,2,"9606, 10090"
790244,3,2,"9606, 10116"
790147,3,2,"9606, 10090"
790039,3,2,"7227, 9606"
793090,3,3,"7955, 9606, 10090"
731799,3,3,"9606, 10090, 10116"
731844,3,3,"9606, 10090, 10116"
731714,3,3,"9606, 10090, 10116"
731830,3,2,"9606, 10090"
731831,3,3,"9606, 10090, 10116"
731836,3,3,"9606, 10090, 10116"
793088,3,3,"7227, 10090, 10116"
731813,3,3,"9606, 10090, 10116"
731805,3,2,"9606, 10090"
731810,3,3,"9606, 10090, 10116"
731811,3,3,"9606, 10090, 10116"
404960,3,2,"237561, 559292"
731796,3,3,"9606, 10090, 10116"
404957,3,2,"237561, 559292"
732060,3,3,"9606, 10090, 10116"
731990,3,3,"9606, 10090, 10116"
404881,3,2,"237561, 559292"
732101,3,3,"9606, 9823, 9913"
732124,3,2,"9606, 10090"
731865,3,3,"9606, 10090, 10116"
789614,3,2,"9606, 10090"
265093,3,1,3702
267952,3,1,3702
267999,3,1,3702
727736,3,2,"9606, 10090"
263473,3,1,3702
789564,3,2,"7227, 9606"
789565,3,3,"7227, 7955, 9606"
405898,3,1,559292
267982,3,1,3702
804765,3,3,"9606, 10090, 284812"
789505,3,3,"7227, 9606, 10090"
789507,3,3,"9606, 9913, 10090"
804812,3,2,"3702, 9606"
404853,3,2,"237561, 559292"
793170,3,3,"9606, 10090, 10116"
404822,3,3,"237561, 284593, 559292"
732291,3,3,"9606, 10090, 10116"
267949,3,2,"3702, 4113"
727794,3,2,"9606, 10090"
267937,3,1,3702
267148,3,1,3702
65750,3,2,"5691, 185431"
805626,3,2,"3702, 9606"
406040,3,2,"284593, 559292"
789660,3,3,"4081, 9606, 10090"
789897,3,2,"9606, 10090"
728036,3,2,"9606, 10090"
727360,3,2,"9606, 10090"
805740,3,3,"3702, 4536, 39946"
732271,3,2,"9606, 10090"
731819,3,3,"9606, 10090, 10116"
732068,3,3,"9606, 10090, 10116"
727614,3,3,"9606, 10090, 10116"
731902,3,2,"9606, 10116"
727770,3,3,"9606, 10090, 10116"
731927,3,3,"9606, 10090, 10116"
727660,3,1,10090
732029,3,3,"9606, 10090, 10116"
731995,3,3,"9606, 10090, 10116"
731821,3,3,"9606, 10090, 10116"
731893,3,3,"9606, 10090, 10116"
732262,3,3,"9606, 9913, 10090"
731971,3,3,"9606, 10090, 10116"
682581,3,1,7955
745668,3,3,"7955, 9031, 9606"
745649,3,2,"9606, 10090"
745571,3,3,"7955, 9606, 10090"
650159,3,2,"6239, 7227"
745724,3,3,"9606, 10090, 10116"
745708,3,3,"9606, 10090, 10116"
649177,3,1,6239
745651,3,3,"9606, 10090, 10116"
648717,3,2,"6239, 7227"
745706,3,3,"9606, 9823, 10090"
403506,3,2,"284593, 559292"
648758,3,1,7227
811683,3,3,"7955, 9606, 559292"
779834,3,3,"7955, 10090, 10116"
779809,3,3,"7955, 9606, 10090"
811694,3,2,"7955, 9606"
779888,3,3,"9606, 10090, 10116"
64619,3,2,"5664, 185431"
812372,3,3,"3702, 44689, 284812"
811472,3,3,"7955, 9606, 10090"
779905,3,3,"7955, 9606, 10090"
779909,3,1,9606
745568,3,3,"7955, 9606, 10090"
745547,3,3,"9606, 10090, 10116"
745522,3,3,"9606, 10090, 10116"
745688,3,3,"8355, 9606, 10116"
745660,3,3,"9606, 10090, 10116"
745661,3,3,"9606, 10090, 10116"
745534,3,3,"9606, 10090, 10116"
745509,3,3,"9606, 10090, 10116"
401580,3,1,237561
779890,3,2,"7227, 9606"
811439,3,2,"9606, 10090"
779922,3,2,"9606, 10090"
745580,3,3,"9606, 9913, 10090"
780025,3,3,"7227, 9606, 10090"
779863,3,3,"7227, 9606, 10090"
656278,3,2,"6239, 7227"
779879,3,3,"9606, 10090, 10116"
280656,3,2,"3880, 34305"
779828,3,2,"9606, 10090"
779853,3,1,9606
659113,3,1,7227
475096,3,3,"227321, 330879, 510516"
745698,3,3,"9606, 10090, 10116"
745678,3,3,"9606, 10090, 10116"
745679,3,3,"8355, 9606, 10090"
697146,3,3,"7955, 272630, 342108"
779489,3,2,"9606, 10090"
778983,3,3,"7227, 9606, 10090"
778893,3,2,"6239, 7955"
778940,3,2,"9606, 10090"
779842,3,3,"6239, 9606, 10090"
795082,3,3,"7227, 9606, 559292"
779820,3,3,"6239, 9606, 10116"
779651,3,3,"7955, 9606, 10090"
292093,3,3,"3847, 4577, 39946"
292071,3,1,3702
795024,3,1,9606
811534,3,3,"7227, 10090, 284812"
794503,3,2,"9606, 10116"
778523,3,3,"6239, 7091, 10090"
794838,3,3,"9606, 10090, 10116"
803228,3,2,"3702, 44689"
778485,3,3,"6239, 7955, 9606"
778340,3,3,"7955, 9606, 10090"
778498,3,3,"7227, 9606, 10090"
778686,3,3,"7227, 9606, 10090"
778533,3,3,"7955, 9606, 10090"
292057,3,1,3702
745742,3,3,"9606, 10090, 10116"
778820,3,2,"9606, 10090"
648852,3,2,"6239, 7227"
745765,3,3,"7955, 9606, 10090"
745729,3,3,"7955, 9606, 10090"
745693,3,3,"7955, 9606, 10090"
648828,3,3,"6239, 7091, 7227"
650592,3,1,7227
745701,3,3,"9606, 10090, 10116"
745756,3,3,"7955, 9606, 10090"
745673,3,3,"9606, 10090, 10141"
475498,3,3,"227321, 330879, 510516"
745764,3,3,"7955, 9606, 10090"
778623,3,3,"9606, 10090, 10116"
745675,3,3,"9606, 10090, 10116"
745752,3,3,"9606, 10090, 10116"
745755,3,3,"9606, 10090, 10116"
794638,3,3,"6239, 9606, 10090"
745792,3,3,"9606, 10090, 10116"
745611,3,3,"7955, 9606, 10090"
745615,3,3,"7955, 9606, 10090"
745617,3,3,"9606, 10090, 10116"
779389,3,3,"7227, 9606, 10090"
779806,3,3,"9606, 10090, 10116"
779900,3,3,"6239, 7227, 9606"
778859,3,2,"7955, 9606"
803233,3,3,"9606, 10090, 10116"
656180,3,1,7227
744847,3,3,"9606, 10090, 10116"
745045,3,2,"10090, 10116"
657790,3,1,7227
744572,3,2,"10090, 10116"
700337,3,2,"192, 7955"
740208,3,3,"7955, 9606, 10090"
745487,3,2,"9606, 10090"
745480,3,3,"9606, 10090, 10116"
745482,3,2,"9606, 10116"
743834,3,3,"9606, 10090, 10116"
745545,3,3,"1906, 9606, 10090"
745502,3,3,"9606, 10090, 10116"
742102,3,3,"9606, 10090, 10116"
740413,3,3,"9606, 9913, 10116"
745467,3,3,"9031, 9606, 10090"
401705,3,1,237561
401724,3,1,237561
654690,3,1,7227
655327,3,2,"6239, 7227"
745597,3,3,"7955, 9606, 10090"
697078,3,1,7955
740388,3,1,7955
745501,3,2,"9606, 10090"
740305,3,3,"9606, 10090, 10116"
740110,3,3,"9606, 10090, 10116"
740115,3,2,"9606, 10090"
740125,3,2,"9606, 10090"
740392,3,3,"9606, 10090, 10116"
740649,3,2,"9606, 10090"
740672,3,3,"9606, 10090, 10116"
794281,3,3,"9606, 10090, 10116"
740985,3,3,"9606, 10090, 10116"
742207,3,3,"9913, 10090, 10116"
794028,3,2,"9606, 10090"
401612,3,1,237561
811006,3,2,"9606, 10090"
803464,3,2,"3702, 284812"
279089,3,2,"3702, 39947"
794021,3,2,"7227, 9606"
780050,3,3,"9606, 9913, 10090"
794365,3,3,"7955, 9606, 10090"
794332,3,3,"7227, 9606, 10090"
809907,3,3,"3702, 9606, 9615"
780046,3,3,"6239, 9606, 10116"
810847,3,3,"9606, 10090, 10116"
811304,3,3,"9606, 10090, 10116"
811245,3,2,"9606, 10090"
803466,3,3,"7955, 9606, 559292"
803274,3,3,"6239, 7227, 10090"
1027489,3,3,"208964, 498211, 559292"
811447,3,3,"7227, 9606, 10090"
811453,3,3,"7227, 9606, 10090"
279600,3,1,3880
803297,3,2,"9606, 559292"
794431,3,3,"7227, 9606, 10090"
811033,3,3,"9606, 9669, 10116"
811346,3,3,"185431, 284812, 559292"
779941,3,3,"9606, 10090, 10116"
280680,3,2,"3702, 4097"
742078,3,3,"9606, 10090, 10116"
794476,3,3,"7227, 9606, 10090"
811409,3,3,"6239, 9606, 10090"
811233,3,1,3702
811236,3,3,"9606, 284812, 559292"
780037,3,2,"9606, 10090"
794487,3,3,"9606, 10090, 10116"
745632,3,3,"9606, 10090, 10116"
745574,3,2,"9606, 10116"
653989,3,1,7227
654262,3,2,"6239, 7227"
745562,3,3,"8355, 9606, 10090"
745626,3,3,"9606, 10090, 10116"
780011,3,3,"7227, 7955, 9606"
780021,3,3,"9606, 10090, 10116"
811256,3,2,"7227, 9606"
697349,3,2,"7955, 8030"
280073,3,1,3702
780072,3,3,"7227, 10090, 10116"
700815,3,2,"7955, 8030"
803253,3,3,"3702, 6239, 9606"
780002,3,2,"7227, 9606"
794558,3,3,"9606, 10090, 10116"
780009,3,2,"9606, 10090"
279130,3,1,3702
803278,3,3,"6239, 7227, 9606"
780087,3,3,"8355, 9606, 10090"
779996,3,3,"7227, 9606, 10090"
745517,3,3,"7955, 9606, 10090"
745596,3,3,"7955, 9606, 10116"
794372,3,3,"227321, 284812, 559292"
1027475,3,3,"882, 208964, 243274"
1027541,3,3,"6239, 9606, 10090"
1027514,3,2,"169963, 272626"
1027551,3,3,"6239, 9606, 10090"
794465,3,3,"7227, 7955, 9606"
1027519,3,3,"243232, 273057, 330779"
794461,3,3,"7227, 9606, 10090"
794520,3,2,"9606, 10090"
746057,3,3,"9606, 10090, 10116"
746078,3,3,"9606, 10090, 10116"
746079,3,3,"9606, 10090, 10116"
746055,3,3,"7955, 9606, 10090"
746056,3,3,"9606, 10090, 10116"
745931,3,2,"9606, 10090"
778049,3,3,"9606, 10090, 10116"
778050,3,2,"9606, 10090"
477520,3,3,"237561, 284812, 559292"
292671,3,3,"3702, 4565, 39947"
642865,3,1,7227
745802,3,3,"9606, 10090, 10116"
778077,3,2,"9606, 10090"
814690,3,2,"3702, 44689"
477481,3,2,"284812, 559292"
795473,3,3,"7227, 9606, 10090"
814058,3,2,"284812, 559292"
795465,3,2,"6239, 9606"
249019,3,2,"3702, 3708"
746095,3,3,"9606, 10090, 10116"
746125,3,3,"7955, 9606, 10090"
795426,3,2,"9606, 10090"
746052,3,3,"7955, 9606, 10090"
477468,3,2,"284812, 559292"
745986,3,2,"9606, 10090"
745953,3,3,"9606, 10090, 10116"
745900,3,2,"9606, 10090"
746006,3,3,"9606, 10090, 10116"
745913,3,3,"9606, 10090, 10116"
745914,3,3,"9606, 10090, 10116"
642736,3,1,7227
778166,3,3,"7227, 9606, 10090"
292371,3,2,"3702, 39947"
292449,3,1,3702
649041,3,2,"6239, 7227"
648883,3,1,6239
292378,3,1,3702
292386,3,2,"3702, 39947"
648969,3,1,7227
778251,3,3,"7955, 9606, 10116"
746013,3,3,"8355, 9606, 10090"
746075,3,3,"9606, 10090, 10116"
746015,3,3,"9606, 10090, 10116"
746077,3,3,"9606, 10090, 10116"
746016,3,3,"9606, 10090, 10116"
642729,3,1,7227
746082,3,3,"7955, 9606, 10090"
745991,3,3,"9606, 10090, 10116"
648778,3,2,"6239, 7227"
746188,3,2,"7955, 9606"
477498,3,3,"237561, 284812, 559292"
746182,3,3,"9606, 10090, 10116"
647779,3,1,7227
746220,3,3,"9606, 10090, 10116"
1027536,3,3,"69014, 186497, 273057"
746214,3,2,"9606, 10090"
1027392,3,2,"3702, 44689"
477499,3,2,"284812, 559292"
777904,3,3,"7227, 9606, 10090"
778045,3,3,"7227, 9606, 10090"
746054,3,3,"7955, 9606, 10116"
292838,3,1,3702
292842,3,2,"3635, 3702"
777882,3,3,"6239, 7227, 9606"
777850,3,2,"6239, 7227"
477512,3,3,"284593, 284812, 559292"
477557,3,3,"227321, 284812, 559292"
777910,3,2,"9606, 10090"
477494,3,3,"237561, 284812, 559292"
777914,3,3,"9606, 10090, 10116"
292814,3,1,3702
641938,3,1,7227
777915,3,3,"6239, 9606, 10090"
746117,3,3,"9606, 9913, 10090"
746034,3,3,"9606, 10090, 10116"
746036,3,3,"7955, 9606, 10090"
746050,3,3,"9606, 10090, 10116"
746093,3,2,"9606, 10090"
795434,3,3,"6239, 9606, 10090"
746031,3,3,"9606, 10090, 10116"
795440,3,2,"9606, 10090"
746146,3,3,"9606, 10090, 10116"
746088,3,3,"7955, 9606, 10090"
746154,3,3,"9606, 10090, 10116"
746129,3,3,"9606, 10090, 10116"
746063,3,3,"7955, 9606, 10090"
746128,3,3,"9606, 10090, 10116"
746192,3,3,"9606, 10090, 10116"
746177,3,3,"7955, 9606, 10090"
746135,3,3,"9606, 10090, 10116"
813909,3,3,"9606, 10090, 284812"
803107,3,3,"3702, 9606, 44689"
803180,3,3,"3702, 7955, 9606"
803124,3,3,"6239, 9606, 44689"
777996,3,3,"7227, 9606, 10090"
777998,3,1,9606
746184,3,3,"7955, 9606, 10090"
746062,3,2,"9606, 10090"
812576,3,3,"7227, 9606, 10090"
812742,3,2,"7227, 9606"
654307,3,2,"6239, 7227"
643797,3,1,7227
811947,3,3,"6239, 9606, 10090"
292237,3,2,"3702, 4113"
647847,3,1,7227
811818,3,3,"284812, 330879, 510516"
648634,3,3,"6239, 7227, 7955"
652223,3,1,6239
644960,3,2,"7227, 7460"
642787,3,1,7227
292160,3,1,3702
399534,3,1,284812
803241,3,3,"3702, 44689, 185431"
745882,3,3,"9606, 10090, 868565"
803185,3,3,"7955, 9606, 10090"
745867,3,3,"9606, 10090, 10116"
745906,3,3,"7955, 9606, 10090"
795532,3,3,"9606, 10090, 10116"
292046,3,2,"3635, 3702"
778380,3,3,"7955, 8319, 9606"
778200,3,2,"7227, 9606"
643931,3,2,"7227, 7460"
745766,3,3,"7955, 9606, 10090"
745732,3,3,"9606, 10090, 10116"
745714,3,3,"9031, 9606, 10090"
745715,3,3,"7955, 9606, 10090"
745841,3,3,"7955, 10090, 10116"
794496,3,3,"7227, 9606, 10090"
745783,3,3,"9606, 10090, 10116"
745837,3,3,"9606, 10090, 10116"
745840,3,3,"7955, 9606, 10090"
745690,3,2,"9606, 10116"
745691,3,3,"7955, 9606, 10116"
477089,3,3,"237561, 330879, 559292"
745833,3,2,"9606, 10090"
745844,3,2,"9606, 10090"
745881,3,2,"7955, 9606"
745801,3,3,"9606, 10090, 10116"
745740,3,3,"7955, 9606, 10090"
745830,3,3,"9606, 10090, 10116"
399809,3,1,284812
745888,3,2,"9606, 10090"
745883,3,3,"7955, 9606, 10090"
745868,3,3,"9606, 10090, 10116"
745817,3,3,"9606, 10090, 10116"
745736,3,3,"7955, 9606, 10090"
476928,3,3,"227321, 237561, 330879"
803202,3,2,"7227, 9606"
813577,3,2,"3702, 9606"
813581,3,3,"9606, 284812, 559292"
292260,3,1,3702
292430,3,2,"3702, 39947"
794835,3,3,"9606, 10090, 10116"
813550,3,3,"3702, 39946, 284812"
813522,3,3,"237561, 284812, 559292"
794980,3,3,"7955, 9606, 10090"
813690,3,1,3702
812449,3,3,"8355, 9606, 10090"
778204,3,3,"7227, 9606, 10090"
794714,3,3,"237561, 284812, 559292"
794678,3,3,"237561, 284812, 559292"
813705,3,1,3702
813530,3,3,"3702, 4081, 7227"
813533,3,3,"237561, 284812, 559292"
746042,3,3,"7955, 9606, 342108"
745997,3,3,"9606, 10090, 10116"
794648,3,3,"9606, 10090, 10141"
745905,3,3,"7955, 9606, 10090"
745890,3,3,"9606, 10090, 10116"
477480,3,2,"284812, 559292"
745961,3,3,"9606, 9913, 10090"
778226,3,2,"9606, 10090"
778309,3,2,"9606, 10090"
778480,3,3,"6239, 9606, 10090"
292149,3,2,"3702, 4577"
778217,3,3,"7227, 10090, 10116"
778290,3,3,"7227, 9986, 10090"
778389,3,3,"9606, 10090, 10116"
778345,3,3,"7227, 9606, 10090"
795705,3,3,"9606, 9913, 10090"
778298,3,2,"7227, 9606"
1027672,3,3,"208964, 224324, 1111708"
53856,3,1,44689
745939,3,3,"9606, 10090, 10116"
745945,3,3,"9606, 10090, 10116"
745951,3,3,"9606, 10090, 10116"
53796,3,1,44689
803167,3,2,"3702, 44689"
745938,3,3,"7955, 9606, 10090"
803309,3,3,"7955, 9606, 10090"
53546,3,1,44689
795407,3,3,"6239, 9606, 10090"
1027445,3,3,"284593, 284812, 559292"
1027447,3,3,"85962, 93062, 170187"
795384,3,3,"7955, 9606, 10090"
795423,3,2,"9606, 10090"
745903,3,3,"7955, 9606, 10090"
277613,3,1,3702
793626,3,3,"8355, 9606, 10090"
793608,3,3,"6239, 9606, 10090"
277728,3,1,3702
803664,3,3,"7227, 7955, 10090"
277498,3,1,3702
277695,3,1,3702
739153,3,2,"7955, 9606"
739156,3,3,"7955, 9606, 10090"
739176,3,3,"7955, 9606, 10090"
50001,3,1,44689
279146,3,1,3702
1033238,3,3,"83333, 85962, 224308"
1028133,3,2,"6239, 185431"
403315,3,1,559292
403260,3,2,"284593, 559292"
739230,3,3,"9606, 10090, 10116"
1033253,3,2,"3702, 208964"
739157,3,3,"7227, 9606, 10090"
739158,3,3,"9606, 10090, 10116"
1033245,3,2,"3702, 208964"
739225,3,3,"9606, 10090, 10116"
739210,3,3,"9606, 10090, 10116"
739191,3,3,"7955, 9606, 10116"
781665,3,2,"9606, 10090"
724141,3,3,"9606, 10090, 10116"
782145,3,3,"7227, 9606, 10090"
793993,3,3,"7227, 9606, 10116"
807572,3,2,"284812, 559292"
807576,3,3,"3702, 227321, 559292"
277534,3,1,3702
807867,3,3,"9606, 284812, 559292"
803504,3,2,"9606, 10090"
739110,3,3,"9606, 10090, 10116"
739032,3,3,"7955, 9606, 10090"
781564,3,2,"7227, 9606"
739123,3,3,"9606, 10090, 10116"
739126,3,3,"9606, 10090, 10116"
803661,3,3,"9606, 10090, 44689"
739102,3,3,"9606, 10090, 10116"
739132,3,3,"9606, 10090, 10116"
793851,3,2,"6239, 559292"
739033,3,3,"9606, 9913, 10116"
403310,3,2,"284593, 559292"
803647,3,3,"3702, 7227, 9606"
739106,3,2,"9606, 10116"
781797,3,3,"7955, 9606, 10090"
781562,3,3,"7955, 9606, 10090"
739137,3,3,"7955, 9606, 10090"
807818,3,3,"7227, 9606, 284812"
277648,3,1,3702
793926,3,3,"6239, 7227, 9606"
403226,3,1,559292
739146,3,3,"9031, 9606, 10116"
793927,3,3,"9606, 10090, 10116"
739222,3,2,"9606, 10090"
793953,3,1,9606
739239,3,3,"9606, 10090, 10116"
739212,3,3,"7955, 9606, 10090"
739175,3,3,"7955, 9606, 10090"
1028138,3,3,"3702, 246200, 284812"
739200,3,3,"7955, 9606, 10090"
739202,3,2,"7955, 9606"
739204,3,3,"7955, 9031, 9606"
403242,3,1,559292
403243,3,1,559292
793604,3,3,"9031, 9606, 10090"
739177,3,3,"9606, 10090, 10116"
739178,3,2,"9606, 10090"
781540,3,3,"7227, 7955, 9606"
781434,3,3,"9606, 10090, 10116"
781437,3,3,"7227, 9606, 10090"
739273,3,2,"9606, 10090"
723165,3,1,9606
1028246,3,3,"3702, 4536, 39946"
277779,3,3,"3702, 39946, 39947"
781604,3,3,"6239, 9606, 10090"
1033235,3,3,"9606, 10090, 559292"
781619,3,3,"9606, 10090, 10116"
1033233,3,3,"3702, 85962, 243274"
781554,3,2,"9606, 10090"
781585,3,2,"9606, 10116"
438746,3,1,5061
781573,3,3,"6239, 7227, 10090"
793935,3,3,"6239, 7955, 9606"
781535,3,3,"7227, 9606, 10090"
781504,3,3,"9606, 10090, 10116"
723179,3,1,9606
277748,3,1,3702
277730,3,1,3702
781511,3,2,"9606, 10090"
807848,3,3,"7227, 9606, 284812"
1033640,3,2,"5664, 185431"
807858,3,3,"3702, 9606, 10090"
807860,3,2,"7955, 9606"
793914,3,3,"6239, 10090, 10116"
781524,3,3,"7955, 9606, 10090"
781529,3,3,"9606, 10090, 10116"
403522,3,2,"284593, 559292"
403424,3,1,559292
738432,3,1,9606
738324,3,3,"9606, 10090, 10116"
803738,3,3,"9606, 44689, 467705"
803922,3,3,"9606, 284812, 559292"
807632,3,3,"3702, 4081, 1590841"
807639,3,2,"3702, 227321"
803921,3,3,"7227, 9606, 10090"
782415,3,1,6239
277310,3,1,3702
782357,3,3,"9606, 10090, 10116"
804160,3,3,"7227, 9606, 10090"
793491,3,2,"9606, 46015"
793477,3,3,"7955, 10090, 559292"
738776,3,3,"9606, 9913, 10090"
738795,3,3,"9606, 10090, 10116"
738922,3,3,"9606, 10090, 10116"
738911,3,3,"9606, 10090, 10116"
803768,3,2,"9606, 10090"
738915,3,3,"9606, 10090, 10116"
738351,3,3,"9606, 9913, 10116"
738903,3,3,"9606, 10090, 10116"
277414,3,1,39947
726694,3,2,"9606, 10090"
738154,3,3,"9606, 10090, 10116"
726783,3,2,"9606, 10090"
1033279,3,3,"3702, 227321, 559292"
738075,3,3,"8355, 9606, 10090"
726655,3,2,"9606, 10090"
783245,3,2,"9606, 10090"
783327,3,3,"7955, 9606, 10090"
726558,3,3,"9606, 10090, 10116"
726577,3,2,"9606, 10090"
807656,3,3,"7955, 9606, 10090"
738517,3,3,"9606, 10090, 10116"
724078,3,3,"9606, 10090, 10116"
784116,3,3,"9606, 10090, 10116"
725157,3,1,9606
724762,3,2,"9606, 10090"
807304,3,3,"7227, 7955, 9606"
738367,3,3,"9606, 10090, 10116"
738372,3,3,"9606, 10090, 10116"
738318,3,3,"9606, 10090, 10116"
738320,3,3,"9606, 10090, 10116"
738728,3,3,"9606, 10090, 10116"
738729,3,1,9606
738731,3,3,"9606, 10090, 10116"
277398,3,2,"3702, 3880"
403356,3,1,559292
724391,3,1,9606
738928,3,3,"287, 9606, 10090"
738931,3,3,"7955, 9606, 10116"
738927,3,3,"9606, 10090, 10116"
724106,3,1,9606
738443,3,3,"9606, 10090, 10116"
739048,3,3,"8355, 9606, 10090"
738985,3,3,"9606, 10090, 10116"
724105,3,2,"9606, 10090"
739013,3,3,"9606, 10090, 10116"
803767,3,3,"7227, 7955, 9606"
403382,3,3,"284590, 284593, 559292"
724117,3,2,"9606, 10090"
724143,3,2,"9606, 10090"
738743,3,3,"9606, 10090, 10116"
739067,3,3,"9606, 10090, 10116"
739057,3,2,"9606, 10090"
739065,3,1,9606
739042,3,3,"9606, 10090, 10116"
722850,3,1,9606
722586,3,1,9606
807775,3,3,"3702, 7227, 9606"
724062,3,3,"9606, 10090, 10116"
722538,3,1,9606
793522,3,2,"7227, 9606"
738961,3,3,"9606, 10090, 10116"
738379,3,3,"9606, 10090, 10116"
738390,3,3,"9606, 9913, 10090"
738353,3,3,"9031, 9606, 10090"
793502,3,3,"7955, 9606, 10090"
277421,3,1,3702
782051,3,3,"7955, 9606, 10090"
793532,3,2,"9606, 559292"
781925,3,2,"7227, 10116"
793496,3,3,"7227, 7955, 9606"
440050,3,3,"5076, 227321, 500485"
781703,3,3,"9606, 10090, 10116"
781982,3,3,"7955, 9606, 10090"
782623,3,3,"7955, 9606, 10090"
723357,3,3,"9541, 9544, 9606"
784137,3,3,"7227, 9606, 10090"
784142,3,3,"7955, 9606, 10090"
277632,3,2,"3702, 50452"
723318,3,2,"9606, 10090"
738949,3,3,"9606, 10090, 10116"
724686,3,1,10090
434578,3,2,"227321, 1392255"
738952,3,3,"7955, 9606, 10090"
723359,3,2,"9606, 10090"
739705,3,3,"9606, 10090, 10116"
803382,3,2,"3702, 39947"
803378,3,2,"7955, 9606"
739539,3,3,"9606, 10090, 10116"
739563,3,2,"9606, 10090"
739528,3,3,"7955, 9606, 10090"
794024,3,3,"7955, 9606, 10090"
794023,3,3,"7227, 9606, 10090"
780393,3,3,"9606, 10090, 10116"
794022,3,3,"7955, 8364, 9606"
278362,3,2,"3702, 4565"
793723,3,2,"9606, 10090"
780313,3,2,"7955, 235443"
780333,3,3,"9606, 9913, 10090"
780339,3,2,"9606, 10116"
803457,3,3,"6239, 9606, 10090"
780353,3,3,"7227, 7955, 10090"
793971,3,2,"7227, 9606"
739959,3,3,"9606, 9913, 10090"
739961,3,3,"9606, 10090, 10116"
740032,3,3,"9606, 10090, 10116"
740034,3,3,"9606, 10090, 10116"
739964,3,3,"9606, 9913, 10090"
803523,3,3,"3702, 7227, 39947"
739602,3,3,"9606, 10090, 10116"
739611,3,3,"9606, 9823, 10090"
739588,3,3,"9606, 10090, 10116"
1027695,3,2,"3702, 208964"
1027843,3,3,"323, 208964, 243232"
739685,3,3,"9606, 10090, 10116"
718914,3,2,"10090, 10116"
810147,3,3,"3702, 9606, 284812"
718812,3,1,10090
808064,3,3,"3702, 5664, 185431"
278250,3,2,"3702, 39947"
739530,3,3,"9606, 10090, 10116"
780453,3,3,"7955, 9606, 10090"
718906,3,1,10090
780415,3,2,"9606, 10090"
810123,3,2,"3702, 4577"
809734,3,3,"7227, 9606, 10090"
780428,3,3,"9606, 10090, 10116"
808110,3,3,"7955, 9606, 10090"
808125,3,1,3055
808315,3,2,"3352, 3702"
808382,3,3,"9606, 284812, 559292"
739963,3,3,"7955, 9606, 10116"
803388,3,2,"3702, 44689"
780434,3,3,"8364, 9606, 10090"
740087,3,3,"7955, 9606, 10090"
700881,3,1,7955
740105,3,3,"9606, 10090, 10116"
740067,3,3,"9606, 10090, 10116"
739972,3,3,"9606, 10090, 10116"
468585,3,2,"227321, 510516"
710166,3,1,9031
697993,3,1,7955
740063,3,3,"7955, 9606, 10090"
739970,3,2,"9606, 10090"
780211,3,3,"7955, 9606, 10090"
793982,3,2,"9606, 10116"
780227,3,3,"7227, 9606, 10090"
803351,3,2,"3702, 185431"
780164,3,3,"7227, 9606, 10090"
249508,3,1,3702
278575,3,1,3702
278663,3,1,3702
278706,3,3,"3702, 4536, 39947"
794269,3,3,"7227, 9606, 316273"
780107,3,3,"7227, 7955, 9606"
794296,3,3,"7227, 9606, 10090"
803418,3,3,"7227, 9606, 10090"
702297,3,1,7998
794238,3,3,"9606, 9913, 10090"
739572,3,3,"7955, 9606, 10090"
739839,3,3,"9606, 10090, 10116"
739957,3,3,"9544, 9615, 10090"
794237,3,3,"9031, 9606, 10090"
740025,3,3,"9606, 10090, 10116"
740005,3,2,"9606, 10090"
739984,3,3,"9606, 10090, 10116"
794468,3,2,"9606, 10090"
794205,3,3,"9606, 10090, 10116"
811273,3,2,"9606, 10090"
794184,3,3,"7227, 9606, 284812"
278450,3,2,"3702, 3708"
278598,3,2,"3635, 3702"
780252,3,1,9606
810290,3,3,"3702, 9606, 10090"
810311,3,1,3702
809471,3,3,"7227, 9606, 10090"
809048,3,1,3702
780365,3,3,"7227, 9606, 10090"
809121,3,1,3702
809946,3,3,"7955, 9606, 10090"
740040,3,2,"9606, 10090"
739995,3,2,"9606, 10116"
811224,3,3,"7227, 9606, 10090"
781091,3,2,"6239, 7227"
780799,3,3,"7227, 9606, 10090"
278032,3,1,3702
722218,3,1,9606
723393,3,1,9606
807995,3,3,"3702, 6239, 559292"
1033311,3,3,"3702, 10090, 10116"
1033307,3,3,"9606, 10090, 185431"
781466,3,3,"9606, 10090, 10116"
781469,3,2,"7227, 10116"
808209,3,3,"237561, 284812, 559292"
718874,3,2,"10090, 10116"
739361,3,3,"9606, 10090, 10116"
739394,3,2,"9606, 10090"
739368,3,3,"9606, 10090, 10116"
739388,3,3,"7955, 9606, 10116"
739392,3,3,"9606, 10090, 10116"
739371,3,3,"9606, 9913, 10090"
739426,3,3,"9606, 10090, 10116"
739348,3,3,"9606, 10090, 10116"
739373,3,1,9606
780622,3,3,"9606, 10090, 10116"
803532,3,2,"7227, 9606"
808233,3,2,"3702, 4097"
781454,3,2,"9606, 10090"
793790,3,3,"6239, 9606, 10090"
793992,3,3,"7955, 9606, 10090"
781263,3,3,"7955, 9606, 10090"
781015,3,3,"6239, 7227, 9606"
781439,3,2,"9606, 10090"
781412,3,3,"7955, 8355, 10090"
781418,3,3,"7955, 10090, 10116"
278097,3,3,"3760, 4577, 39947"
278050,3,1,3702
277910,3,1,3702
808279,3,3,"9606, 10090, 10116"
793949,3,2,"7227, 9606"
403252,3,1,559292
403239,3,2,"284593, 559292"
739276,3,2,"9606, 10090"
720198,3,1,9606
739142,3,2,"9606, 10090"
739253,3,3,"9606, 10090, 10116"
739306,3,3,"7955, 9606, 10090"
719352,3,2,"10090, 10116"
739258,3,3,"8355, 9606, 10090"
720031,3,1,9606
739244,3,3,"9606, 10090, 10116"
739291,3,3,"7955, 9606, 10090"
739477,3,3,"9606, 10090, 10116"
739507,3,3,"9606, 10090, 10116"
739510,3,3,"9606, 9986, 10090"
794175,3,3,"227321, 284812, 559292"
739453,3,3,"9606, 10090, 10116"
803710,3,3,"7227, 7955, 9606"
739460,3,3,"7955, 9606, 10090"
250058,3,1,3702
739473,3,2,"9606, 10090"
278041,3,1,3702
780741,3,3,"9606, 9615, 10116"
781482,3,3,"7955, 9606, 10090"
780552,3,3,"7955, 9606, 10090"
278110,3,1,3702
710595,3,1,9031
278178,3,2,"3702, 39946"
719615,3,1,10090
780468,3,3,"9606, 10090, 10116"
278413,3,1,3702
739608,3,3,"8355, 9606, 10090"
1028218,3,1,3702
739544,3,2,"9606, 10090"
739657,3,2,"7955, 9031"
1027848,3,2,"3702, 5061"
780744,3,3,"7955, 9606, 10090"
793987,3,3,"9606, 10090, 10116"
781267,3,2,"9606, 10090"
780929,3,3,"7955, 9606, 10090"
278213,3,2,"3702, 39947"
803593,3,3,"7955, 9606, 185431"
278034,3,1,3702
780754,3,3,"7227, 7955, 9606"
780770,3,3,"9606, 9913, 10090"
803508,3,3,"3702, 9606, 10090"
739364,3,3,"7955, 9606, 10090"
1027950,3,3,"1140, 99287, 1111708"
739474,3,2,"7955, 9606"
739433,3,3,"7955, 9606, 10090"
52688,3,1,44689
739419,3,3,"7955, 9606, 10090"
739397,3,3,"9606, 10090, 10116"
793995,3,3,"7227, 9606, 284812"
794002,3,3,"7227, 9606, 10090"
1027944,3,3,"9606, 10090, 10116"
739516,3,3,"9606, 10090, 10116"
739517,3,3,"9606, 9823, 10090"
739589,3,3,"9606, 10090, 10116"
739395,3,3,"9606, 10090, 10116"
739500,3,3,"9606, 10090, 10116"
739427,3,3,"9606, 10090, 10116"
1037839,2,2,"198628, 227321"
1039523,2,2,"85962, 224308"
1035691,2,1,3702
1035296,2,2,"9606, 10090"
1036202,2,2,"33996, 269796"
550787,2,1,6239
1037851,2,2,"40559, 332648"
1034383,2,1,9606
1034436,2,1,5664
19896,2,2,"79929, 190192"
17874,2,1,70601
17916,2,2,"273057, 330779"
222295,2,2,"39946, 39947"
237031,2,1,3702
237034,2,1,3702
801932,2,2,"9913, 10090"
231016,2,2,"4072, 4081"
18050,2,2,"186497, 243232"
1039273,2,1,208964
1039299,2,2,"208964, 243277"
563556,2,1,6239
563621,2,1,6239
563625,2,1,6239
563964,2,1,6239
563970,2,1,6239
550643,2,1,6239
550788,2,1,6239
237107,2,1,3702
555365,2,1,6239
555131,2,1,6239
564132,2,1,6239
554801,2,1,6239
554860,2,1,6239
554929,2,1,6239
554438,2,1,6239
554652,2,1,6239
561803,2,1,6239
556612,2,1,6239
556662,2,1,6239
556693,2,1,6239
554585,2,1,6239
554705,2,1,6239
556200,2,1,6239
556251,2,1,6239
990696,2,1,208964
935042,2,2,"264199, 265669"
754286,2,2,"10090, 10116"
754514,2,2,"9606, 10090"
754484,2,2,"9606, 10090"
754485,2,2,"9606, 10090"
754255,2,2,"9606, 10116"
314893,2,1,3702
935082,2,1,224308
935149,2,2,"171101, 224308"
935173,2,1,224308
921658,2,1,224308
935143,2,1,224308
950810,2,2,"208964, 224911"
988520,2,2,"7955, 208964"
988565,2,2,"83333, 359391"
983337,2,2,"83331, 198628"
951254,2,1,208964
949698,2,1,208964
937526,2,2,"224308, 1052585"
935823,2,2,"170187, 224308"
935864,2,1,224308
935078,2,2,"2148, 171101"
983301,2,2,"83332, 208964"
551975,2,1,6239
552130,2,1,6239
755411,2,1,9606
754546,2,2,"9606, 10090"
983325,2,2,"83333, 122586"
977207,2,2,"83333, 316401"
979213,2,1,99287
961771,2,1,208964
314598,2,1,3702
755407,2,2,"9606, 10090"
755413,2,1,9606
314622,2,2,"3702, 39947"
314567,2,2,"3702, 39947"
754495,2,2,"9606, 10090"
754449,2,2,"9606, 10090"
754532,2,2,"9606, 10090"
754473,2,2,"9606, 10116"
314771,2,2,"3702, 39947"
314776,2,2,"3702, 39947"
754450,2,2,"7955, 10090"
314797,2,1,3702
314746,2,1,3702
314831,2,2,"3702, 39947"
314574,2,1,3702
59112,2,1,185431
59047,2,1,185431
755039,2,2,"9606, 10090"
755049,2,2,"9606, 10090"
755101,2,2,"9606, 10090"
314533,2,2,"3702, 39947"
754636,2,2,"9606, 10090"
754452,2,2,"9606, 10090"
754268,2,2,"9606, 10090"
754275,2,2,"9606, 10090"
754503,2,2,"9606, 10090"
314737,2,1,3702
314925,2,1,3702
314748,2,1,3702
314752,2,1,3702
314707,2,2,"39946, 39947"
314844,2,1,3702
754591,2,1,9606
754579,2,2,"9606, 10090"
314661,2,2,"3702, 1590841"
314665,2,2,"3702, 39947"
755125,2,2,"9606, 10090"
755371,2,2,"9606, 10090"
314481,2,1,3702
754347,2,2,"9606, 10090"
754205,2,2,"9606, 10090"
754207,2,2,"9606, 10090"
754213,2,2,"9606, 10090"
754313,2,2,"9606, 10090"
315060,2,1,3702
315065,2,1,3702
314999,2,1,3702
314970,2,1,3702
314971,2,1,3702
754192,2,2,"9606, 10090"
754196,2,2,"9606, 10090"
754197,2,2,"9606, 10090"
754339,2,2,"7955, 9606"
754340,2,2,"9606, 10090"
754345,2,2,"9606, 10090"
754536,2,2,"9606, 10090"
754436,2,2,"9606, 10090"
314716,2,2,"3702, 39947"
754278,2,2,"9606, 10090"
315122,2,1,3702
315126,2,1,3702
315144,2,1,3702
315168,2,1,3702
754147,2,2,"9606, 10090"
58955,2,1,185431
990640,2,2,"208964, 345073"
990645,2,2,"100226, 713604"
990675,2,2,"272562, 290402"
315319,2,1,3702
983440,2,2,"83333, 208964"
983530,2,2,"71421, 99287"
754123,2,2,"9606, 10090"
754099,2,2,"9606, 10090"
754128,2,2,"9606, 10090"
754153,2,1,10090
314978,2,2,"3702, 39947"
754233,2,2,"10090, 10116"
754162,2,2,"7227, 9606"
754164,2,2,"9606, 10090"
314396,2,2,"3702, 4577"
314402,2,1,3702
314867,2,1,3702
314870,2,1,3702
754218,2,2,"9606, 10090"
754167,2,2,"9606, 10116"
754108,2,2,"9606, 10090"
754239,2,2,"9606, 10090"
314679,2,1,3702
314523,2,1,3702
314538,2,1,3702
314543,2,1,3702
314566,2,1,3702
314381,2,1,3702
755383,2,2,"9606, 10116"
755385,2,2,"9606, 10090"
314288,2,1,3702
314295,2,1,3702
314315,2,1,3702
314347,2,1,3702
314350,2,2,"3702, 39947"
314299,2,2,"3702, 39947"
314364,2,1,3702
754187,2,1,9606
314394,2,1,3702
755425,2,2,"7955, 9606"
314429,2,2,"3702, 39947"
314442,2,1,3702
314455,2,1,3702
314456,2,1,3702
314460,2,1,3702
314287,2,1,3702
754186,2,2,"9606, 10090"
983434,2,2,"83332, 83333"
979376,2,2,"98360, 99287"
983284,2,2,"190485, 208964"
755458,2,1,9606
755459,2,2,"9606, 10116"
314386,2,1,3702
314388,2,1,3702
986385,2,2,"623, 90370"
985598,2,2,"623, 216597"
315318,2,1,3702
990713,2,2,"100226, 208964"
987451,2,1,623
988180,2,1,208964
983347,2,2,"198628, 566546"
754176,2,2,"8355, 9606"
832145,2,1,284812
832260,2,2,"227321, 759272"
832285,2,2,"227321, 336722"
832143,2,2,"237561, 559292"
831992,2,2,"284812, 559292"
832113,2,2,"284812, 559292"
314108,2,1,3702
983719,2,2,"85698, 122586"
755549,2,2,"9606, 10090"
755556,2,2,"9606, 10090"
834327,2,1,7227
852298,2,1,34
856684,2,2,"272561, 471472"
934172,2,2,"301447, 301452"
832116,2,1,284812
832129,2,2,"284812, 559292"
754067,2,2,"9606, 10090"
754068,2,2,"7955, 10090"
754048,2,2,"9606, 10090"
315083,2,1,3702
754170,2,2,"9606, 10090"
315443,2,1,3702
315452,2,2,"3702, 3847"
315199,2,1,3702
314953,2,1,3702
754129,2,2,"9606, 10090"
754141,2,2,"9606, 10090"
753996,2,2,"7955, 10090"
315433,2,1,3702
754057,2,2,"9606, 10090"
754062,2,2,"9606, 10090"
754063,2,2,"9606, 10090"
314210,2,2,"3702, 4577"
755597,2,2,"9606, 10090"
314216,2,2,"3702, 39947"
755560,2,2,"9606, 10090"
755704,2,2,"9606, 10090"
755640,2,2,"9606, 10090"
755587,2,2,"7955, 9606"
314205,2,1,3702
315363,2,1,3702
315384,2,2,"3702, 4577"
314147,2,1,3702
313989,2,1,3702
314189,2,1,3702
314198,2,1,3702
314207,2,1,3702
314209,2,1,3702
754080,2,2,"9606, 59729"
754016,2,2,"9606, 10116"
754018,2,2,"9606, 10090"
754023,2,2,"9606, 10090"
754095,2,2,"9606, 10090"
754096,2,2,"9606, 10090"
315556,2,1,3702
315564,2,2,"3702, 39947"
315212,2,1,3702
315237,2,2,"3702, 3880"
315170,2,1,3702
753961,2,2,"9606, 10090"
753948,2,2,"9606, 10090"
753949,2,2,"511, 9606"
315717,2,1,3702
754008,2,2,"9606, 10090"
990741,2,2,"10090, 208964"
990742,2,2,"208964, 224326"
990745,2,2,"224308, 1133853"
990721,2,2,"1905, 7955"
990800,2,2,"224308, 1111708"
990689,2,2,"170187, 272623"
990693,2,2,"224308, 243274"
990694,2,2,"171101, 224308"
754025,2,2,"9606, 10090"
753950,2,2,"9606, 10090"
754026,2,2,"9606, 10116"
754030,2,2,"7955, 9606"
315724,2,2,"3702, 39947"
753955,2,2,"10090, 10116"
58864,2,2,"5702, 185431"
58754,2,1,185431
753990,2,2,"9606, 10090"
754031,2,2,"9606, 10090"
753995,2,2,"9606, 10090"
753971,2,2,"9606, 10090"
753435,2,2,"9606, 10090"
754043,2,2,"9606, 10090"
754044,2,2,"9606, 10090"
754024,2,2,"9606, 10090"
314254,2,1,3702
315386,2,1,3702
754010,2,2,"9606, 10090"
753547,2,2,"9606, 10090"
753983,2,2,"9606, 10090"
753984,2,2,"9606, 10090"
753986,2,2,"9606, 10090"
753957,2,2,"9606, 10090"
314119,2,1,3702
314125,2,1,3702
755673,2,2,"9606, 10090"
755682,2,2,"9606, 10090"
314133,2,1,3702
314158,2,1,3702
315676,2,1,3702
315677,2,1,3702
314232,2,1,3702
314236,2,1,3702
756035,2,1,9606
756044,2,2,"9606, 10116"
314259,2,1,3702
755628,2,2,"9606, 9986"
755635,2,2,"9606, 10090"
755637,2,2,"9606, 10090"
315640,2,2,"3702, 39947"
315672,2,1,3702
315673,2,2,"3702, 4081"
756054,2,1,9606
313385,2,1,3702
313397,2,2,"3880, 34305"
314078,2,2,"39946, 39947"
314105,2,2,"3702, 4577"
990753,2,2,"83333, 224324"
990738,2,2,"224308, 243230"
990739,2,2,"208964, 224308"
315473,2,1,3702
315506,2,2,"3847, 39947"
990766,2,2,"208964, 224308"
990771,2,1,83332
315967,2,1,3702
755778,2,2,"9606, 10090"
755826,2,2,"7955, 10090"
756107,2,2,"9606, 10090"
313407,2,1,3702
756038,2,1,9606
756039,2,1,10090
756041,2,2,"9606, 10090"
755711,2,2,"9606, 10090"
753942,2,2,"9606, 10090"
872837,2,2,"155978, 1111708"
831945,2,2,"284812, 559292"
756021,2,2,"9606, 10090"
755644,2,2,"9606, 10090"
755650,2,2,"9606, 10090"
314038,2,1,3702
314054,2,2,"3702, 39947"
315769,2,1,3702
753043,2,2,"9606, 10090"
753044,2,2,"9606, 10090"
315802,2,2,"3702, 39947"
753927,2,2,"9606, 10116"
315859,2,1,3702
315871,2,1,3702
315957,2,1,3702
315784,2,1,3702
753549,2,2,"9606, 10090"
753989,2,2,"9606, 10090"
753923,2,2,"8030, 10090"
753051,2,2,"9606, 10090"
316249,2,2,"3702, 39947"
316027,2,2,"3635, 3702"
316210,2,1,3702
756194,2,2,"9606, 10090"
59139,2,1,185431
832058,2,2,"227321, 330879"
832094,2,1,284812
831949,2,2,"227321, 284812"
831922,2,1,4536
831953,2,2,"284812, 559292"
831955,2,2,"284812, 559292"
753230,2,2,"9606, 10090"
753070,2,2,"9606, 10090"
311971,2,1,3702
312122,2,2,"3702, 39947"
756172,2,1,9606
832052,2,2,"284812, 559292"
831997,2,2,"284812, 559292"
756192,2,2,"8355, 9606"
753064,2,2,"9606, 10090"
316987,2,2,"3702, 39947"
753111,2,2,"9606, 10090"
753137,2,2,"9606, 10090"
316997,2,1,3702
317019,2,1,3702
317043,2,2,"3702, 39947"
753202,2,2,"9606, 10090"
756020,2,2,"9606, 10090"
756052,2,2,"9606, 10090"
752938,2,2,"9606, 10116"
752993,2,2,"9606, 10090"
753011,2,1,9606
753012,2,2,"9606, 10090"
316006,2,2,"3702, 39947"
316189,2,1,3702
316824,2,1,3702
752927,2,2,"9606, 10090"
752930,2,2,"9606, 10090"
752934,2,2,"9606, 10090"
990774,2,2,"208964, 330779"
990849,2,2,"882, 242231"
990783,2,2,"85962, 100226"
990809,2,2,"208964, 224308"
752778,2,2,"9606, 10090"
752785,2,2,"9606, 10090"
752805,2,2,"10090, 10116"
317322,2,2,"3702, 39947"
317356,2,2,"3635, 3702"
317167,2,1,3702
316828,2,1,3702
316821,2,1,3702
317082,2,2,"3702, 39947"
317807,2,2,"3702, 39947"
317063,2,1,3702
752749,2,2,"9913, 10090"
752708,2,2,"9606, 10090"
752813,2,2,"9606, 10090"
752816,2,2,"7955, 9031"
752830,2,2,"9606, 10090"
831936,2,2,"284812, 559292"
831940,2,2,"284812, 559292"
756069,2,2,"9606, 10090"
920288,2,2,"158878, 426430"
883993,2,1,242619
892229,2,2,"1902, 1911"
315972,2,2,"3702, 4097"
752634,2,2,"9606, 10090"
756120,2,2,"9606, 10116"
756121,2,1,10090
756202,2,1,9606
312952,2,2,"3702, 4577"
313001,2,1,3702
311957,2,1,3702
313020,2,1,3702
317782,2,1,3702
756059,2,2,"9606, 10090"
756060,2,2,"9606, 10090"
313931,2,1,3702
313943,2,1,3702
756117,2,2,"7955, 9031"
312858,2,2,"3702, 39947"
756096,2,2,"9606, 10090"
756161,2,2,"9606, 10090"
752720,2,2,"9606, 10090"
752731,2,2,"9606, 10090"
317794,2,1,3702
317801,2,1,3702
317751,2,1,3702
756274,2,2,"9606, 10090"
756275,2,2,"9606, 10116"
756097,2,2,"9606, 10090"
58774,2,1,185431
990791,2,2,"224308, 282458"
990792,2,2,"588, 71421"
990865,2,2,"208964, 224308"
990866,2,2,"9606, 272634"
58580,2,1,185431
990898,2,2,"208964, 224308"
990807,2,2,"83332, 208964"
311962,2,1,3702
312644,2,1,3702
312525,2,2,"3702, 39946"
311085,2,1,3702
311261,2,1,3702
756203,2,2,"7955, 9606"
756209,2,2,"9606, 10090"
311282,2,2,"3635, 3702"
310927,2,1,3702
310931,2,1,3702
756210,2,2,"9606, 223751"
756167,2,2,"9606, 10090"
756170,2,2,"7955, 9606"
756062,2,2,"7955, 9606"
756185,2,2,"9606, 10090"
756145,2,2,"9606, 10090"
752632,2,2,"562, 9606"
317887,2,1,3702
752660,2,2,"9606, 10090"
752664,2,2,"9606, 10090"
317901,2,1,3702
990784,2,2,"633, 1121448"
990860,2,2,"224308, 300852"
310894,2,1,3702
752687,2,2,"9606, 10090"
752692,2,2,"9606, 10090"
317844,2,1,3702
318262,2,1,3702
317857,2,1,3702
317868,2,1,3702
317770,2,1,3702
752655,2,2,"9606, 10116"
756299,2,2,"7955, 9606"
756135,2,2,"7955, 9606"
756225,2,2,"9606, 10090"
756308,2,2,"9606, 10090"
756306,2,2,"9606, 10090"
310952,2,1,3702
756244,2,2,"9606, 10090"
311306,2,2,"3702, 39947"
752611,2,2,"9606, 10116"
317864,2,2,"3702, 39947"
317831,2,2,"3702, 173654"
752593,2,2,"9606, 10090"
318921,2,1,3702
831982,2,2,"284812, 559292"
59377,2,1,185431
756316,2,2,"9606, 10090"
752673,2,2,"9606, 10116"
752657,2,2,"7955, 9606"
317983,2,1,3702
317990,2,2,"3702, 39947"
317907,2,1,3702
752569,2,2,"7955, 9606"
752599,2,2,"9606, 10090"
752668,2,2,"10090, 10116"
756258,2,2,"9606, 10090"
312558,2,1,3702
756139,2,2,"9606, 10090"
756266,2,2,"9606, 10090"
756267,2,1,9606
756269,2,1,9606
752571,2,2,"9606, 10090"
752539,2,2,"9606, 10090"
752545,2,2,"7955, 10090"
752546,2,2,"9606, 10090"
752502,2,2,"9606, 10090"
752585,2,2,"9606, 10090"
752588,2,2,"9606, 10090"
752566,2,2,"9606, 10090"
752568,2,2,"9606, 10090"
752486,2,2,"9606, 10090"
991045,2,2,"7955, 208964"
991060,2,2,"83333, 208964"
991001,2,2,"7227, 224308"
317926,2,2,"3702, 15368"
317928,2,1,3702
752631,2,2,"9606, 10090"
752543,2,2,"9606, 10090"
752544,2,2,"9606, 10090"
990827,2,1,224308
990907,2,2,"224326, 330779"
990881,2,1,83332
990813,2,2,"85962, 208964"
990839,2,2,"71421, 198628"
990928,2,1,208964
752619,2,1,10116
752621,2,2,"9606, 10090"
311321,2,1,3702
756360,2,1,9606
756344,2,2,"9606, 10090"
311517,2,1,3702
311294,2,1,3702
311296,2,1,3702
318054,2,1,3702
317838,2,1,3702
831293,2,2,"227321, 237561"
831297,2,2,"237561, 559292"
831544,2,1,7227
831565,2,1,7227
831331,2,2,"367110, 510516"
831636,2,1,3702
831290,2,2,"237561, 284593"
832020,2,2,"284812, 559292"
831958,2,2,"284812, 559292"
756357,2,2,"9606, 10090"
756359,2,2,"9606, 10090"
59389,2,1,185431
59398,2,1,185431
831970,2,2,"284812, 559292"
831976,2,2,"227321, 330879"
831951,2,2,"284812, 559292"
319079,2,2,"3702, 39947"
990920,2,2,"266834, 269796"
752602,2,2,"9031, 10090"
752627,2,2,"9606, 10090"
752628,2,2,"9606, 10090"
756423,2,2,"9606, 10090"
756337,2,2,"7955, 10090"
831956,2,2,"284812, 559292"
319105,2,1,3702
752490,2,2,"9606, 10090"
752493,2,2,"7955, 9606"
752580,2,2,"9606, 10090"
318940,2,1,3702
318965,2,1,3702
318969,2,1,3702
318932,2,1,3702
756428,2,2,"9606, 10090"
756444,2,2,"9606, 10116"
310742,2,1,3702
310746,2,1,3702
756330,2,2,"9606, 10090"
756334,2,2,"10090, 10116"
756422,2,2,"9606, 10090"
319171,2,1,3702
310680,2,2,"3702, 4577"
756288,2,2,"7955, 10090"
756289,2,2,"9606, 10090"
310664,2,1,3702
756305,2,2,"9606, 10090"
756294,2,2,"9606, 10090"
756297,2,2,"9606, 10090"
756277,2,2,"9606, 10090"
752436,2,2,"9606, 10090"
752522,2,2,"9606, 10116"
752527,2,2,"9606, 10090"
752445,2,2,"9606, 10090"
752429,2,2,"9606, 10090"
319169,2,1,3702
308788,2,1,3702
310666,2,1,3702
832023,2,2,"284812, 559292"
319119,2,1,3702
319074,2,1,3702
752532,2,2,"9606, 10090"
752441,2,2,"9606, 10090"
752470,2,2,"9606, 10090"
752537,2,2,"7955, 10116"
752514,2,2,"9606, 10090"
308733,2,1,3702
310830,2,1,3702
309826,2,1,3702
310117,2,1,3702
310163,2,1,3702
756531,2,1,8355
756533,2,2,"9606, 10090"
756538,2,2,"9606, 10090"
752474,2,2,"9606, 10090"
757169,2,2,"9606, 10090"
756345,2,2,"9606, 10090"
756346,2,2,"9606, 10090"
756342,2,2,"9606, 10090"
310772,2,1,3702
310792,2,1,3702
310583,2,1,3702
319187,2,1,3702
319017,2,1,3702
319241,2,1,3702
319297,2,1,3702
319298,2,1,3702
319304,2,2,"3702, 39947"
319139,2,1,3702
752473,2,2,"9606, 9913"
319181,2,1,3702
319289,2,1,3702
752411,2,2,"9606, 10090"
752395,2,2,"9606, 10090"
752396,2,2,"9606, 10090"
319295,2,1,3702
319201,2,1,3702
319027,2,1,3702
307976,2,1,3702
756396,2,2,"9606, 10090"
756361,2,2,"9606, 10090"
756417,2,2,"9103, 9913"
756419,2,2,"9606, 10090"
308878,2,1,3702
308903,2,1,3702
309342,2,1,3702
319359,2,1,3702
752390,2,2,"9606, 10090"
319411,2,1,3702
319228,2,1,3702
319239,2,1,3702
319253,2,2,"3702, 39947"
307802,2,1,3702
307809,2,1,3702
319449,2,1,3702
752468,2,2,"10090, 10116"
752397,2,2,"9606, 10090"
319336,2,1,3702
319360,2,1,3702
319366,2,1,3702
752361,2,2,"9606, 10090"
319388,2,2,"3702, 39947"
756498,2,1,9606
756509,2,2,"9606, 10090"
756464,2,2,"7955, 9606"
756370,2,2,"9606, 10090"
319153,2,1,3702
752453,2,1,9606
319475,2,1,3702
319479,2,1,3702
756476,2,2,"7955, 9606"
756490,2,2,"9606, 10090"
758163,2,2,"9606, 10090"
758170,2,2,"9606, 10090"
756653,2,2,"9606, 10090"
756750,2,2,"9606, 10090"
756763,2,2,"9606, 10090"
307834,2,2,"3702, 4577"
319566,2,1,3702
319443,2,1,3702
751913,2,2,"9606, 10090"
752350,2,2,"9606, 10116"
752355,2,2,"9606, 10090"
752331,2,2,"9606, 10090"
830771,2,2,"284812, 559292"
757487,2,1,9606
752403,2,2,"9606, 10090"
751523,2,2,"9606, 10090"
751985,2,2,"9606, 10090"
752014,2,2,"9606, 10090"
751865,2,2,"9606, 10090"
752335,2,2,"9606, 10090"
752336,2,2,"7955, 9606"
752341,2,2,"9606, 10090"
308863,2,1,39947
307929,2,1,3702
307927,2,1,3702
756994,2,2,"9606, 10090"
756499,2,2,"9606, 10090"
756501,2,2,"7955, 9606"
756506,2,2,"7955, 9606"
752402,2,2,"9606, 10090"
831164,2,2,"284812, 559292"
831185,2,2,"227321, 330879"
831282,2,2,"227321, 284812"
758283,2,2,"9606, 10090"
758287,2,2,"9606, 10090"
830884,2,2,"237561, 559292"
829848,2,2,"3702, 227321"
830829,2,2,"237561, 559292"
319509,2,1,3702
319530,2,1,3702
751383,2,2,"9606, 10090"
751342,2,2,"9606, 10090"
751394,2,1,9606
751428,2,2,"9606, 10090"
319670,2,2,"3702, 39947"
752346,2,2,"9606, 10090"
319459,2,2,"3702, 39947"
752424,2,2,"9606, 10090"
751372,2,2,"9606, 10090"
751374,2,2,"9606, 10090"
751376,2,2,"9606, 10090"
751333,2,2,"9606, 10090"
319674,2,1,3702
319506,2,1,3702
756874,2,2,"9606, 10090"
756888,2,2,"9606, 10090"
308163,2,1,3702
308178,2,1,3702
308382,2,1,3702
308006,2,2,"3702, 39947"
307788,2,2,"3702, 39947"
752333,2,2,"9606, 10090"
299318,2,1,3702
758266,2,2,"9606, 10090"
757450,2,2,"9606, 10090"
758278,2,2,"9606, 10090"
307722,2,2,"3635, 3702"
758186,2,2,"9606, 10090"
758190,2,2,"9606, 10090"
307867,2,1,3702
751297,2,2,"9606, 10029"
319770,2,1,3702
319596,2,2,"3702, 4097"
319613,2,1,3702
319617,2,1,3702
752330,2,2,"8355, 9606"
751339,2,2,"9606, 10090"
299297,2,1,3702
319754,2,1,3702
751380,2,2,"9606, 10090"
991978,2,1,1111708
991995,2,2,"85962, 272562"
319593,2,1,3702
751306,2,2,"9606, 10090"
751307,2,2,"9606, 10090"
751293,2,2,"9606, 10090"
830881,2,2,"227321, 284812"
831284,2,2,"284812, 559292"
758247,2,2,"9606, 10090"
831942,2,2,"227321, 284812"
831965,2,2,"284812, 559292"
831966,2,2,"284812, 559292"
752376,2,2,"9606, 10090"
319747,2,1,3702
990944,2,2,"170187, 208964"
990950,2,2,"882, 224308"
990991,2,2,"83332, 272626"
990997,2,2,"176299, 224308"
990871,2,2,"83332, 243274"
990875,2,1,1752
751244,2,2,"9606, 10090"
751223,2,2,"9606, 10090"
990878,2,1,208964
990986,2,2,"83332, 220664"
991096,2,2,"9031, 208964"
990955,2,2,"208964, 226900"
990957,2,1,882378
990964,2,2,"632, 208964"
990931,2,2,"3339, 186497"
991705,2,2,"83333, 198628"
991033,2,2,"83333, 85962"
751402,2,2,"9606, 10090"
990982,2,2,"85962, 170187"
58493,2,2,"5691, 185431"
58497,2,2,"5691, 185431"
991109,2,1,208964
991122,2,2,"83332, 208964"
990940,2,2,"160492, 208964"
758236,2,2,"7955, 9606"
307863,2,1,3702
307895,2,1,3702
307755,2,1,3702
307768,2,2,"3635, 3702"
758684,2,2,"9606, 10090"
751308,2,2,"9606, 10090"
991015,2,2,"100226, 170187"
307752,2,1,3702
758630,2,2,"9606, 10090"
302536,2,1,3702
758697,2,1,10090
758874,2,2,"9606, 10090"
300810,2,1,3702
750358,2,2,"9606, 10090"
751266,2,2,"9606, 10090"
307753,2,1,3702
300850,2,1,3702
758267,2,2,"9606, 10090"
758276,2,2,"9606, 10090"
307747,2,1,3702
758321,2,2,"7955, 10090"
758359,2,2,"9606, 10090"
300674,2,1,3702
751273,2,2,"9606, 10090"
751276,2,2,"9606, 10090"
319835,2,1,3702
319829,2,2,"3702, 39947"
751278,2,2,"9606, 10090"
751252,2,2,"9606, 10116"
751256,2,2,"9606, 10090"
750352,2,2,"9606, 10090"
751224,2,2,"9606, 10090"
750937,2,2,"9606, 10116"
750205,2,2,"9606, 10090"
319687,2,2,"3702, 39947"
751260,2,2,"9606, 10090"
751234,2,2,"9606, 10090"
751240,2,2,"9606, 10090"
751239,2,2,"9606, 10090"
299306,2,1,3702
299435,2,1,3702
299479,2,1,3702
297971,2,2,"3702, 39947"
299418,2,1,3702
758892,2,2,"9606, 10090"
298110,2,1,3702
298191,2,2,"3635, 3702"
751207,2,2,"9606, 10090"
297752,2,1,3702
759013,2,2,"9606, 10090"
759016,2,2,"9606, 10090"
758635,2,2,"9606, 10090"
758643,2,2,"9606, 10090"
758670,2,2,"9606, 10090"
758379,2,1,9606
751269,2,2,"9606, 10090"
750539,2,2,"9606, 10090"
751217,2,1,9606
320036,2,2,"3702, 39947"
319797,2,1,3702
319806,2,1,3702
750212,2,2,"9606, 10116"
751206,2,2,"9606, 10090"
320003,2,1,3702
320015,2,2,"3702, 39947"
320031,2,2,"3702, 39947"
750302,2,2,"9606, 10090"
750330,2,2,"9606, 10090"
319778,2,1,3702
319780,2,1,3702
750995,2,2,"9606, 10090"
750279,2,2,"9606, 10090"
749276,2,2,"9606, 10090"
319892,2,1,3702
319895,2,1,3702
759186,2,2,"9606, 10090"
759190,2,2,"9606, 10090"
828472,2,2,"9606, 10090"
828576,2,2,"3702, 227321"
751215,2,2,"9606, 10090"
750264,2,2,"9606, 10090"
750284,2,2,"9606, 10090"
750288,2,2,"9606, 10090"
750201,2,2,"9606, 10090"
750202,2,2,"9606, 10090"
320422,2,1,3702
320433,2,2,"3635, 4097"
758894,2,2,"9606, 10116"
751212,2,2,"9606, 10090"
750495,2,2,"9606, 10090"
750517,2,2,"9606, 10090"
750267,2,2,"9606, 10090"
749366,2,2,"9606, 10090"
749177,2,2,"9606, 10090"
320053,2,1,3702
298287,2,1,39947
297919,2,2,"3702, 39947"
297926,2,1,3702
758877,2,2,"9606, 10090"
758879,2,2,"9606, 10090"
299230,2,1,3702
299247,2,1,3702
758942,2,2,"9606, 10090"
749369,2,1,9606
749427,2,2,"9606, 10090"
749701,2,2,"9606, 10090"
759268,2,2,"9606, 10090"
759026,2,2,"9606, 342108"
759031,2,2,"9606, 10090"
298311,2,2,"4513, 4641"
759059,2,2,"9606, 10090"
749244,2,2,"9606, 10090"
749255,2,2,"9606, 10090"
749355,2,2,"9606, 10090"
749225,2,1,9606
320497,2,1,3702
320516,2,1,3702
320519,2,1,3702
749284,2,2,"9606, 10090"
831153,2,1,9606
827861,2,2,"3702, 39947"
297763,2,2,"3702, 4577"
297810,2,1,3702
297813,2,1,3702
749116,2,2,"9606, 10090"
749122,2,2,"9606, 10090"
749230,2,2,"7955, 9606"
830778,2,1,39947
299177,2,1,3702
299182,2,1,3702
298007,2,1,3702
829100,2,1,3702
827684,2,2,"284812, 559292"
831046,2,2,"6239, 7227"
831110,2,1,7227
320601,2,1,3702
320561,2,1,3702
749256,2,1,7955
749257,2,2,"9606, 10090"
320455,2,1,3702
320474,2,2,"3702, 39947"
320475,2,1,3702
320761,2,2,"3702, 39947"
749133,2,1,9606
320710,2,1,3702
749066,2,2,"9606, 10090"
749148,2,2,"9606, 10090"
749070,2,2,"9606, 10090"
749144,2,2,"9606, 10090"
749226,2,2,"9606, 10090"
749199,2,2,"9606, 10090"
759155,2,2,"7955, 9606"
759085,2,2,"9606, 10090"
759174,2,2,"9606, 10090"
750008,2,2,"9606, 10090"
750191,2,1,9606
320494,2,1,3702
749156,2,2,"9031, 9606"
749157,2,2,"7955, 10090"
759052,2,2,"9606, 10090"
758880,2,2,"7955, 9606"
758888,2,2,"9606, 10090"
297659,2,1,3702
297886,2,2,"3702, 39947"
759150,2,2,"9606, 10090"
759270,2,2,"10090, 10116"
759089,2,2,"9606, 10090"
759220,2,2,"9606, 10090"
759226,2,2,"9606, 10090"
759285,2,2,"9606, 10090"
297723,2,2,"3702, 4577"
297609,2,2,"3702, 39947"
297553,2,1,3702
759288,2,2,"9606, 10090"
759069,2,2,"9606, 10090"
759519,2,1,9606
759197,2,2,"9606, 10090"
758981,2,2,"9606, 10090"
758983,2,2,"9606, 10090"
758991,2,2,"9606, 10116"
758995,2,2,"9606, 10090"
759010,2,2,"9606, 10090"
759245,2,2,"9606, 10116"
749105,2,2,"9606, 10090"
320698,2,1,3702
320699,2,2,"3635, 3702"
320674,2,1,3702
320713,2,2,"3702, 39947"
749002,2,2,"9606, 10116"
749022,2,2,"9606, 10090"
749136,2,2,"9606, 10090"
320838,2,1,3702
320661,2,1,3702
749081,2,2,"9606, 10090"
749087,2,2,"9606, 10116"
749039,2,2,"9606, 10090"
749092,2,1,9606
749067,2,2,"9606, 10090"
749069,2,2,"9606, 10090"
297340,2,2,"3702, 4081"
297359,2,2,"3702, 39947"
297379,2,1,3702
297585,2,1,3702
297646,2,1,3702
297647,2,2,"3702, 39947"
297451,2,1,3702
297465,2,2,"3702, 4113"
748952,2,1,9606
321333,2,1,3702
320735,2,1,3702
749072,2,2,"9606, 10090"
749078,2,2,"9606, 10090"
759639,2,2,"9606, 10090"
828355,2,1,3702
828372,2,1,3702
320813,2,1,3702
320722,2,1,3702
748946,2,2,"9606, 9913"
748948,2,2,"9606, 10090"
748953,2,2,"9606, 10090"
748958,2,2,"9606, 10090"
748972,2,2,"9606, 10090"
748982,2,2,"9606, 10090"
759075,2,2,"9606, 10090"
320697,2,1,3702
748939,2,2,"9606, 10090"
749047,2,2,"9606, 10090"
994412,2,1,208964
992282,2,1,882
992308,2,2,"8020, 208964"
321275,2,1,3702
994056,2,1,208964
991203,2,1,224308
991380,2,2,"83332, 208964"
991388,2,2,"83332, 186497"
991396,2,2,"71421, 208964"
748993,2,2,"9606, 10090"
748895,2,2,"9606, 10116"
748897,2,2,"9606, 10090"
748942,2,1,10090
991454,2,2,"100226, 224308"
58462,2,2,"5691, 185431"
58432,2,1,185431
991477,2,2,"83333, 208964"
991436,2,2,"208964, 224308"
991487,2,2,"210007, 224308"
991457,2,1,208964
759651,2,2,"7955, 9606"
749055,2,2,"9606, 10090"
320846,2,1,3702
748969,2,2,"9606, 10090"
991724,2,2,"189518, 208964"
991604,2,2,"10090, 170187"
749050,2,2,"9606, 10090"
748940,2,2,"7955, 9606"
297466,2,2,"3635, 3702"
297467,2,1,3702
297488,2,1,3702
759546,2,2,"9606, 10090"
759204,2,2,"9606, 10090"
759564,2,2,"9606, 10090"
759571,2,2,"9606, 10090"
759682,2,1,9606
824051,2,2,"284812, 559292"
824072,2,2,"284812, 559292"
827038,2,1,559292
827050,2,1,3702
824130,2,2,"9606, 10090"
759663,2,2,"9606, 10090"
748936,2,2,"9606, 10090"
748554,2,2,"9606, 10116"
760143,2,2,"9606, 10090"
825608,2,2,"9606, 10090"
824950,2,2,"237561, 559292"
826516,2,1,9606
828195,2,2,"9606, 10090"
824137,2,2,"7955, 9606"
823848,2,2,"9606, 10090"
827545,2,2,"9606, 10090"
321006,2,1,3702
748918,2,2,"9606, 10090"
748924,2,2,"9606, 10090"
748985,2,2,"9606, 10090"
748901,2,2,"9606, 10090"
748931,2,2,"9606, 10090"
759640,2,2,"9606, 10090"
760128,2,2,"9606, 10090"
748585,2,2,"9606, 10090"
748904,2,2,"9606, 10090"
748911,2,2,"9606, 10090"
748892,2,2,"9606, 10090"
748894,2,2,"9606, 10090"
748990,2,2,"7955, 9606"
321398,2,2,"3702, 4577"
321403,2,2,"3702, 39947"
760277,2,2,"7955, 10090"
297461,2,1,3702
297525,2,1,3702
297530,2,1,3702
760282,2,2,"9031, 9606"
759614,2,2,"9606, 10090"
760166,2,2,"9606, 10090"
748403,2,2,"9606, 10090"
759511,2,2,"10090, 10116"
297491,2,1,3702
759355,2,2,"9606, 10116"
759382,2,2,"10090, 10116"
297534,2,1,3702
297489,2,1,3702
297320,2,1,3702
759447,2,1,9606
321424,2,2,"3702, 4577"
748874,2,2,"9606, 10090"
748875,2,2,"9606, 10090"
748883,2,2,"9606, 10090"
748887,2,2,"9606, 10090"
759733,2,2,"9606, 10090"
759741,2,2,"9606, 10090"
760672,2,2,"9606, 10116"
748927,2,2,"9606, 10090"
748928,2,1,9606
748654,2,2,"9606, 10090"
748676,2,2,"9606, 10090"
748766,2,2,"9606, 10090"
322132,2,1,3702
322118,2,1,3702
321418,2,2,"3702, 39947"
297231,2,1,3702
297414,2,2,"3702, 39947"
297249,2,2,"3702, 39947"
297258,2,2,"3702, 39947"
760571,2,2,"9606, 10090"
760437,2,2,"9606, 10090"
761025,2,2,"9606, 10090"
761028,2,2,"9606, 10090"
760453,2,1,7955
760461,2,2,"9606, 10090"
297219,2,1,3702
759661,2,2,"9606, 10090"
759648,2,2,"9606, 10090"
297400,2,1,3702
297164,2,1,3702
297408,2,1,3702
748880,2,2,"9606, 10090"
748421,2,2,"9606, 10090"
748429,2,2,"9606, 10090"
322492,2,1,3702
748500,2,2,"9031, 9606"
748330,2,2,"9606, 10090"
748332,2,2,"9606, 10090"
760417,2,2,"9606, 10090"
321356,2,1,3702
748424,2,2,"9606, 10090"
748425,2,2,"9606, 10090"
748393,2,2,"9606, 10090"
748354,2,2,"9606, 10090"
748288,2,2,"9606, 10090"
748292,2,2,"9606, 10090"
321877,2,1,3702
759763,2,2,"9606, 10090"
761075,2,2,"6239, 10090"
761080,2,2,"9606, 10090"
761096,2,2,"9606, 10090"
760471,2,2,"9606, 10090"
760312,2,2,"9606, 10090"
761101,2,2,"9615, 10090"
761073,2,2,"9606, 10090"
748364,2,2,"9606, 10090"
748365,2,2,"9606, 10090"
296310,2,1,3702
296192,2,1,3702
296138,2,1,3702
296383,2,1,3702
296426,2,1,3702
761072,2,2,"9606, 10090"
748442,2,2,"9606, 10090"
748350,2,2,"9606, 10090"
748261,2,2,"9606, 10090"
322277,2,1,3702
322286,2,1,3702
322306,2,1,3702
322232,2,1,3702
748359,2,2,"9606, 10090"
297293,2,1,3702
759726,2,2,"9031, 10090"
760072,2,2,"9606, 10090"
760475,2,2,"9606, 10090"
322094,2,1,3702
748249,2,2,"9606, 10090"
748271,2,2,"9606, 10090"
748337,2,2,"9606, 10090"
822620,2,2,"242507, 336722"
822728,2,2,"9606, 10116"
822741,2,2,"9606, 10090"
824315,2,2,"9606, 10090"
823400,2,2,"9606, 10090"
822428,2,2,"6239, 9606"
60075,2,1,185431
823350,2,2,"9606, 10116"
748317,2,2,"9606, 10090"
748298,2,2,"9606, 10090"
748252,2,1,9606
748254,2,2,"9606, 10090"
748255,2,2,"9606, 10090"
761123,2,2,"9606, 10090"
761134,2,2,"9606, 10090"
822572,2,2,"9606, 10116"
748214,2,2,"9606, 10090"
748299,2,2,"7955, 10090"
748284,2,2,"9606, 10090"
748310,2,2,"9606, 10090"
748295,2,2,"9606, 10090"
748241,2,2,"9606, 10090"
748245,2,2,"9606, 10090"
748246,2,2,"9606, 10090"
296461,2,1,3702
296467,2,1,3702
296468,2,1,3702
296484,2,2,"3702, 39946"
748389,2,2,"9606, 10090"
748229,2,2,"9606, 10090"
748231,2,2,"9606, 10090"
748185,2,2,"10090, 10116"
748219,2,2,"9606, 10090"
748222,2,2,"9606, 10116"
748196,2,2,"9606, 10090"
748269,2,2,"9606, 10116"
747393,2,2,"9606, 10090"
747336,2,2,"9606, 10090"
747337,2,2,"9606, 10090"
747338,2,2,"9606, 10090"
748190,2,2,"9606, 10090"
748195,2,2,"9606, 10090"
747721,2,2,"9606, 10090"
748207,2,1,9606
748274,2,2,"9606, 10090"
748277,2,2,"10090, 10116"
748216,2,2,"9606, 10116"
748218,2,1,9606
748238,2,2,"9606, 10090"
748312,2,2,"9606, 10090"
747818,2,2,"9606, 10090"
747845,2,1,9606
747853,2,2,"9606, 10090"
747524,2,2,"9606, 10090"
747469,2,2,"9606, 10090"
748279,2,2,"9606, 10090"
823351,2,2,"9606, 10090"
822570,2,2,"9606, 10090"
825040,2,2,"9606, 10090"
823300,2,2,"7955, 10090"
820902,2,1,3702
823391,2,2,"9606, 10090"
761156,2,2,"9606, 10090"
761162,2,2,"7955, 9606"
761215,2,2,"8355, 9606"
761046,2,1,9606
761176,2,2,"9606, 10116"
761264,2,2,"9606, 10090"
761265,2,2,"9606, 10090"
761270,2,2,"9606, 10116"
761271,2,2,"7955, 9606"
761111,2,2,"9606, 10090"
761054,2,2,"9606, 10090"
761183,2,1,7227
761190,2,2,"9606, 10090"
761191,2,2,"9606, 10090"
296441,2,1,3702
296250,2,1,3702
296251,2,2,"3702, 94122"
761241,2,2,"9606, 10116"
748151,2,2,"7955, 8030"
747872,2,1,9606
747601,2,2,"9606, 10116"
748166,2,2,"9606, 10090"
748174,2,2,"9606, 10090"
296120,2,1,3702
296221,2,1,3702
296164,2,2,"3635, 3702"
747340,2,2,"7955, 9606"
747443,2,2,"9606, 10090"
747347,2,2,"9606, 10090"
747352,2,2,"9031, 9103"
747392,2,2,"9606, 10090"
747958,2,2,"9606, 10090"
748223,2,2,"9606, 10090"
748087,2,2,"9606, 10090"
294516,2,1,3702
761405,2,2,"9606, 10090"
761333,2,1,9606
761351,2,2,"6239, 7227"
761144,2,2,"7955, 9606"
761222,2,2,"9606, 10090"
761228,2,2,"9606, 10090"
761233,2,2,"9606, 10090"
747742,2,2,"9606, 10116"
747747,2,2,"9606, 10090"
747396,2,2,"10090, 10116"
747369,2,2,"9606, 10090"
747383,2,2,"9606, 10090"
747417,2,2,"9606, 10090"
747422,2,1,9606
747426,2,2,"9606, 10090"
747342,2,2,"9606, 10090"
747372,2,2,"9606, 10090"
747290,2,2,"9606, 10090"
747291,2,2,"9606, 10090"
747293,2,2,"8355, 9606"
747359,2,2,"9606, 10090"
747388,2,2,"9606, 10090"
747389,2,2,"9606, 10090"
761105,2,1,7227
296357,2,1,3702
761119,2,2,"9606, 10090"
748179,2,2,"9606, 9913"
748182,2,2,"9606, 10090"
747273,2,2,"9606, 10090"
747277,2,1,7955
747280,2,2,"9606, 10090"
398539,2,1,284812
992700,2,2,"1214242, 1517683"
992027,2,2,"7955, 208964"
992118,2,2,"83333, 208964"
993498,2,2,"83332, 83333"
994392,2,1,224308
994404,2,2,"170187, 243274"
992128,2,2,"210007, 224326"
747362,2,2,"9606, 10090"
747226,2,2,"9606, 10090"
747259,2,2,"9606, 10090"
747260,2,2,"9606, 10090"
747377,2,2,"8355, 9606"
747353,2,1,9606
747329,2,2,"9606, 10090"
747333,2,2,"9606, 10090"
296044,2,1,3702
747441,2,2,"9606, 10116"
747223,2,2,"9606, 10090"
747271,2,2,"9606, 10090"
398518,2,1,284812
747237,2,2,"9606, 10090"
747248,2,2,"9606, 10090"
747320,2,2,"7955, 9606"
761199,2,2,"9606, 10090"
296201,2,1,3702
296027,2,2,"3702, 39947"
296042,2,1,3702
296019,2,1,3702
761211,2,2,"9606, 10090"
761347,2,2,"7227, 10090"
296043,2,2,"3702, 39947"
824922,2,2,"9606, 10090"
824178,2,2,"7227, 9606"
824213,2,2,"9606, 10090"
761427,2,2,"9606, 10090"
761289,2,2,"9606, 10090"
296076,2,1,39947
992222,2,2,"208964, 224308"
747171,2,2,"9606, 10090"
820787,2,1,3702
819844,2,1,3702
819890,2,1,3702
820173,2,2,"4792, 227321"
820177,2,1,3702
820083,2,1,3702
819773,2,2,"9606, 10090"
819833,2,2,"9606, 10090"
991516,2,2,"83332, 1111708"
992703,2,2,"93062, 224308"
1015723,2,2,"354, 208964"
1004791,2,2,"1140, 272631"
1004928,2,2,"75379, 572477"
1007100,2,2,"224308, 279010"
1007219,2,2,"33940, 224308"
761388,2,2,"9606, 10090"
992136,2,2,"83332, 208964"
991999,2,2,"208964, 312309"
992175,2,2,"632, 224308"
58372,2,1,185431
992687,2,2,"242231, 281310"
992230,2,2,"196620, 282459"
992146,2,2,"83332, 243277"
991582,2,2,"1140, 1111708"
761470,2,2,"9606, 10090"
761477,2,2,"9913, 10090"
761484,2,2,"9606, 10090"
761456,2,1,9606
761457,2,2,"9606, 10090"
761464,2,2,"9606, 10090"
761390,2,2,"9606, 10090"
761490,2,2,"9606, 10090"
747318,2,2,"9606, 10090"
747107,2,2,"9606, 10090"
761543,2,2,"9606, 10090"
296012,2,2,"3702, 39947"
294591,2,1,3702
294389,2,1,3880
761294,2,2,"9606, 10090"
761469,2,2,"7955, 10090"
747206,2,2,"9606, 10090"
747121,2,2,"9606, 10090"
747122,2,2,"9606, 10090"
747208,2,2,"9606, 10090"
747195,2,2,"1950, 10090"
747311,2,1,9606
747312,2,2,"9606, 10090"
747283,2,2,"9606, 10116"
747177,2,2,"9606, 10090"
747256,2,2,"9606, 10090"
747189,2,2,"9606, 10090"
747103,2,2,"9606, 10090"
747161,2,2,"9606, 10090"
747200,2,2,"7955, 9615"
747201,2,2,"9606, 10090"
747180,2,2,"9606, 10090"
818542,2,1,3702
818002,2,2,"9606, 10090"
818560,2,2,"3702, 4113"
818608,2,1,3702
818641,2,2,"237561, 284812"
822233,2,2,"227321, 367110"
822382,2,1,559292
817831,2,1,3702
747051,2,2,"9606, 10090"
747074,2,2,"9606, 10090"
747078,2,2,"9606, 10090"
761828,2,2,"9606, 10090"
761845,2,2,"9606, 10090"
817676,2,2,"3702, 39947"
818914,2,2,"3702, 9606"
819717,2,2,"237561, 284812"
747129,2,2,"9606, 10090"
747131,2,2,"9606, 10090"
747039,2,2,"9606, 10090"
747054,2,2,"7955, 9606"
747059,2,2,"10090, 10116"
747064,2,1,9606
747068,2,2,"9606, 10090"
747141,2,2,"9606, 10090"
761497,2,2,"9606, 10090"
761364,2,2,"9913, 10090"
294398,2,1,3702
294429,2,1,3702
60578,2,1,185431
761545,2,2,"7227, 10090"
761372,2,2,"9606, 10090"
747108,2,2,"9606, 10029"
761591,2,2,"9606, 10090"
761502,2,2,"9606, 10090"
294408,2,2,"3702, 39947"
762155,2,2,"9606, 10090"
761776,2,2,"9606, 10090"
761445,2,2,"9606, 10090"
761639,2,2,"9606, 10090"
294338,2,2,"3702, 39947"
747085,2,2,"7955, 10090"
747086,2,2,"9606, 10090"
747020,2,1,7955
747047,2,2,"9606, 10116"
747026,2,2,"9606, 10116"
762362,2,2,"9606, 10090"
294254,2,2,"3702, 4577"
294256,2,2,"3702, 39947"
747010,2,2,"9606, 10090"
746926,2,2,"9606, 10090"
747024,2,2,"9606, 10090"
747089,2,1,9606
747090,2,2,"9606, 10090"
747038,2,2,"7955, 10090"
747016,2,2,"9606, 9986"
747017,2,2,"9606, 10090"
817919,2,2,"284812, 559292"
817944,2,2,"7227, 9606"
817967,2,2,"9606, 10090"
294493,2,1,3702
294440,2,1,3702
294270,2,1,3702
747060,2,2,"9606, 10090"
747009,2,2,"9606, 10090"
761969,2,2,"9606, 10090"
761899,2,2,"9606, 10090"
294232,2,1,3702
761510,2,2,"9606, 10090"
294028,2,2,"3702, 39947"
294034,2,1,3702
294050,2,1,3702
294052,2,2,"3702, 39947"
746983,2,2,"9606, 10090"
747006,2,2,"9606, 10090"
746985,2,2,"9606, 10090"
746967,2,2,"9606, 10090"
746928,2,2,"9606, 10090"
746930,2,2,"9606, 10090"
746995,2,2,"9606, 10116"
293895,2,1,3702
746947,2,2,"9606, 10090"
746992,2,2,"9606, 10090"
746994,2,2,"9606, 9913"
747030,2,2,"9606, 10090"
747032,2,2,"9606, 10090"
746978,2,2,"9606, 10090"
746980,2,2,"9606, 10090"
747042,2,2,"9606, 10090"
294156,2,1,3702
294165,2,1,3702
294187,2,2,"3702, 3760"
761525,2,2,"9606, 10090"
294204,2,1,3702
747028,2,2,"9606, 10090"
747012,2,2,"9606, 10090"
746905,2,2,"9606, 10090"
60641,2,1,185431
60611,2,1,185431
60653,2,1,185431
817306,2,2,"9606, 10090"
816304,2,2,"7227, 9606"
818028,2,2,"7955, 9606"
816746,2,2,"284812, 559292"
816392,2,1,7227
746865,2,2,"9606, 10090"
746851,2,2,"9606, 10090"
746875,2,2,"9606, 10090"
746961,2,2,"9606, 10090"
747001,2,2,"9606, 10090"
747003,2,2,"7955, 9606"
746937,2,2,"9606, 10090"
746892,2,2,"9606, 10090"
762359,2,2,"9031, 9606"
762360,2,2,"9606, 10090"
746998,2,2,"9606, 10090"
746982,2,2,"9606, 10090"
746856,2,2,"9606, 10090"
746861,2,2,"9606, 10090"
746942,2,2,"9606, 10090"
746862,2,2,"9606, 10090"
294006,2,1,3702
761966,2,2,"7955, 9606"
762000,2,2,"9606, 10090"
761667,2,2,"9606, 10090"
762087,2,2,"6239, 7955"
762262,2,2,"9606, 10090"
294247,2,2,"3702, 39947"
817760,2,2,"5664, 5671"
746921,2,2,"9606, 10090"
746832,2,1,9606
746848,2,2,"9606, 10116"
293885,2,1,3702
293687,2,2,"3702, 39947"
762466,2,1,7227
294039,2,2,"3702, 39947"
762803,2,2,"6239, 7227"
746873,2,2,"9606, 10090"
746833,2,2,"9606, 10090"
746834,2,2,"9606, 10090"
746817,2,2,"9606, 10090"
746820,2,2,"9606, 10090"
746760,2,2,"10090, 10116"
746814,2,2,"9606, 10090"
746895,2,2,"8355, 9606"
293913,2,1,3702
293920,2,2,"3702, 39947"
746949,2,2,"9606, 10116"
398818,2,1,284812
746823,2,2,"9606, 10116"
746803,2,2,"9606, 10090"
746804,2,2,"9606, 10090"
746805,2,2,"9606, 10090"
817462,2,2,"5664, 185431"
816640,2,2,"284812, 559292"
816295,2,1,9606
60229,2,1,185431
819469,2,2,"9606, 10090"
816453,2,2,"7227, 9606"
294042,2,1,3702
293896,2,1,3702
746809,2,1,9606
746810,2,2,"9606, 10090"
746876,2,2,"9606, 10090"
746878,2,2,"9606, 10090"
746881,2,2,"9606, 10090"
995980,2,2,"556, 251221"
1026474,2,2,"1299, 208964"
746766,2,2,"7955, 10090"
746738,2,2,"7955, 10116"
746768,2,2,"9606, 10090"
746790,2,2,"9606, 10090"
746778,2,2,"9606, 43142"
746798,2,1,9606
746800,2,2,"9606, 10090"
746734,2,2,"9606, 9669"
746874,2,2,"7955, 10090"
293915,2,1,3702
762969,2,2,"7227, 10090"
762283,2,1,9606
746909,2,1,9606
746910,2,2,"9606, 10090"
746726,2,2,"9606, 10090"
746779,2,2,"9606, 10090"
746736,2,2,"9606, 10116"
763477,2,2,"9606, 10090"
763487,2,2,"7955, 10090"
762806,2,2,"6239, 9606"
761901,2,2,"9606, 10090"
761950,2,2,"7955, 9606"
293783,2,1,3702
762873,2,2,"9606, 10090"
293957,2,1,3702
60621,2,1,185431
817301,2,2,"5691, 185431"
815907,2,2,"9606, 10090"
815913,2,2,"9606, 10116"
293856,2,1,3702
293860,2,1,3702
293815,2,1,3702
293876,2,1,3702
816742,2,1,7227
763373,2,2,"9606, 10090"
762923,2,2,"9606, 10090"
816095,2,2,"9606, 10090"
816265,2,2,"9606, 10090"
816283,2,2,"9606, 10090"
816065,2,2,"9606, 284812"
62452,2,1,5664
993744,2,1,208964
996264,2,1,62977
997948,2,2,"185431, 208964"
994685,2,2,"8022, 224308"
994704,2,2,"170187, 210007"
746765,2,2,"9606, 10090"
763603,2,2,"9606, 10090"
293762,2,1,3702
746767,2,2,"9606, 10090"
995139,2,1,1061
995303,2,2,"208964, 243277"
1007932,2,1,224308
1001514,2,1,1833
1001515,2,1,1833
995847,2,2,"83332, 208964"
995503,2,2,"83332, 224308"
765776,2,2,"9606, 10090"
763898,2,2,"9606, 10090"
763489,2,2,"9606, 10090"
763498,2,2,"9606, 10090"
293766,2,2,"3702, 39947"
293593,2,1,3702
293754,2,1,3702
763802,2,2,"9606, 10090"
746687,2,2,"9606, 10090"
293483,2,1,3702
293690,2,1,3702
293716,2,2,"3702, 39947"
293726,2,1,3702
763433,2,2,"9606, 10090"
763434,2,1,9606
763026,2,2,"6239, 7955"
746751,2,2,"7955, 9606"
746755,2,2,"9606, 10090"
746740,2,2,"9606, 10090"
746713,2,2,"9606, 10090"
746692,2,2,"9606, 10090"
746704,2,2,"9606, 10090"
746771,2,2,"9606, 10090"
746705,2,2,"9606, 10090"
995066,2,2,"940, 208964"
995533,2,2,"224308, 272563"
746723,2,2,"9606, 10090"
746725,2,2,"9606, 10090"
746742,2,2,"9606, 10090"
746743,2,2,"9606, 10090"
746744,2,2,"9606, 10090"
746745,2,2,"9606, 10116"
765483,2,2,"7955, 9606"
765748,2,2,"9606, 10090"
293638,2,1,3702
765631,2,2,"7227, 7955"
293485,2,1,3702
293527,2,1,3702
770427,2,1,9606
770215,2,2,"9606, 10090"
746685,2,2,"10090, 10116"
746667,2,2,"9606, 10090"
767856,2,2,"9606, 10090"
293530,2,1,3702
765465,2,2,"7955, 9606"
764039,2,2,"9606, 10090"
763066,2,2,"9606, 10090"
293626,2,2,"3702, 79200"
746695,2,2,"9606, 10090"
746696,2,2,"9606, 10090"
746669,2,2,"9606, 10090"
746670,2,2,"9606, 10090"
746674,2,2,"8022, 9606"
746649,2,2,"9606, 10090"
746680,2,2,"9606, 10090"
746684,2,2,"9606, 10090"
763880,2,2,"9606, 10090"
293583,2,1,3702
763889,2,2,"9606, 10090"
746710,2,2,"9606, 10090"
746719,2,2,"9606, 10090"
746721,2,2,"9606, 10090"
746707,2,2,"9606, 10090"
746643,2,2,"7955, 10090"
293202,2,1,3702
293211,2,2,"3702, 39947"
815671,2,1,284812
815978,2,2,"6239, 9606"
815911,2,2,"3702, 284593"
770228,2,2,"9606, 10090"
293440,2,1,3702
767234,2,2,"9606, 10090"
746630,2,2,"9606, 10116"
1025601,2,2,"1927, 100226"
746638,2,2,"9606, 10116"
746639,2,2,"9606, 9913"
746640,2,2,"9606, 10090"
746641,2,2,"9606, 10116"
398919,2,1,284812
293197,2,2,"3702, 39947"
767806,2,1,7227
746606,2,2,"9606, 10090"
1026787,2,1,83333
1027252,2,2,"284812, 559292"
1026609,2,2,"243277, 345073"
58225,2,1,185431
58227,2,1,185431
746628,2,2,"7955, 8355"
765890,2,2,"7955, 9606"
766075,2,2,"9606, 10090"
765840,2,2,"9606, 10116"
770201,2,2,"9606, 10090"
293417,2,1,3702
293423,2,1,3702
293434,2,1,3702
767361,2,2,"9606, 10090"
770390,2,2,"9606, 10090"
772859,2,2,"9606, 10090"
770543,2,2,"7955, 10090"
770575,2,1,9606
769246,2,2,"9606, 10116"
293176,2,2,"3702, 39947"
772855,2,2,"10090, 10116"
771176,2,2,"9606, 10090"
746589,2,2,"9606, 10090"
746572,2,2,"9606, 10090"
746600,2,2,"9606, 10090"
746601,2,2,"9606, 10090"
746585,2,2,"9606, 10090"
746518,2,2,"8355, 9606"
776075,2,2,"7227, 9606"
770576,2,2,"9606, 10090"
293328,2,2,"3702, 39947"
293336,2,2,"3702, 15368"
746631,2,2,"9606, 10116"
746615,2,2,"9606, 10090"
746634,2,2,"7955, 10090"
746575,2,2,"9606, 10116"
1027343,2,1,284812
58270,2,2,"5702, 185431"
815683,2,1,4081
815720,2,2,"3702, 284812"
815618,2,2,"3702, 559292"
64208,2,1,185431
815002,2,1,284812
815135,2,2,"9606, 10090"
293310,2,2,"3702, 4081"
293324,2,1,3702
772622,2,2,"9606, 10090"
771675,2,1,6239
771374,2,2,"9606, 10090"
293238,2,1,3702
772638,2,2,"7227, 10090"
293204,2,1,3702
293088,2,2,"3702, 39947"
293256,2,1,3702
746553,2,2,"9606, 10090"
746485,2,2,"9606, 10090"
746561,2,2,"9606, 10090"
746562,2,2,"10090, 10116"
746501,2,2,"9606, 10090"
293014,2,1,3702
773827,2,2,"9606, 10090"
773853,2,2,"9913, 10090"
1027370,2,2,"170187, 208964"
746549,2,2,"6239, 10090"
746527,2,2,"9606, 10090"
746554,2,2,"9606, 10090"
746559,2,2,"9606, 10090"
746540,2,2,"7955, 9606"
746477,2,2,"9606, 10090"
746480,2,2,"9606, 10090"
293368,2,1,3702
293380,2,1,3702
293185,2,2,"3702, 59241"
746531,2,2,"9606, 10090"
746534,2,2,"9606, 10090"
746546,2,2,"9606, 10090"
746547,2,2,"9606, 10090"
746548,2,2,"9606, 10090"
814788,2,2,"44689, 284812"
64185,2,2,"5693, 5702"
815481,2,2,"9606, 10090"
814851,2,2,"9606, 10116"
814631,2,2,"7955, 9606"
814648,2,2,"6239, 7227"
814651,2,2,"6239, 44689"
773783,2,2,"9606, 10090"
746403,2,2,"9606, 10090"
746436,2,2,"9606, 10090"
746557,2,2,"9606, 10090"
292992,2,1,3702
293061,2,2,"3702, 3847"
814972,2,2,"9606, 10090"
814974,2,1,9606
814841,2,2,"44689, 284812"
746450,2,2,"9606, 10090"
399173,2,1,284812
746382,2,2,"9606, 10090"
746459,2,2,"9606, 10090"
746461,2,2,"9606, 10090"
746464,2,2,"9606, 10090"
746469,2,2,"9606, 10090"
746452,2,2,"9606, 10090"
772839,2,2,"9606, 10090"
772844,2,2,"7955, 9606"
293235,2,1,3702
815292,2,1,284812
773076,2,1,9606
746438,2,2,"9606, 10090"
746439,2,2,"10090, 10116"
746440,2,2,"10090, 10116"
777918,2,2,"9606, 10090"
292960,2,1,3702
774195,2,2,"9606, 10090"
774227,2,2,"7955, 9606"
774310,2,2,"9606, 10090"
773416,2,2,"9606, 10090"
293145,2,1,3702
293020,2,1,3702
746430,2,2,"9606, 10090"
746431,2,2,"9606, 10090"
746417,2,2,"9606, 10090"
746384,2,2,"9606, 10090"
746372,2,2,"9606, 10090"
746392,2,2,"9606, 10090"
746393,2,2,"9606, 10090"
777413,2,2,"9606, 10090"
746289,2,1,9606
746291,2,1,9606
746351,2,2,"9606, 10090"
746424,2,2,"9606, 10090"
746425,2,2,"9606, 10090"
746408,2,2,"9606, 10090"
746378,2,2,"9606, 10090"
746362,2,1,9606
815401,2,2,"9606, 51453"
293146,2,1,3702
293168,2,1,3702
293174,2,1,3702
292974,2,2,"3635, 3702"
746428,2,2,"9606, 10090"
746429,2,2,"9606, 10090"
746287,2,2,"9606, 10090"
292700,2,1,3702
814774,2,2,"9606, 10090"
814777,2,2,"9606, 10090"
814175,2,1,3702
777927,2,2,"9606, 10090"
777934,2,2,"9606, 10090"
814747,2,2,"9606, 10090"
814754,2,2,"9606, 10090"
1027345,2,1,9606
1027349,2,2,"10090, 267377"
746342,2,2,"9606, 10090"
746333,2,2,"9606, 10090"
746335,2,2,"9606, 10090"
746336,2,2,"7955, 9606"
292844,2,1,3702
292806,2,1,3702
776047,2,1,10090
746373,2,2,"9606, 10090"
1027340,2,2,"83332, 208964"
54018,2,1,44689
1027324,2,2,"7227, 9606"
746330,2,2,"7955, 9606"
746346,2,2,"10090, 246197"
1027456,2,1,3702
293062,2,1,3702
293071,2,1,3702
292892,2,1,3702
292908,2,2,"3702, 3880"
292911,2,2,"3702, 39947"
292923,2,1,3702
292926,2,1,3702
775672,2,2,"9606, 10116"
746312,2,2,"9606, 10090"
746260,2,2,"9606, 10090"
746261,2,2,"9606, 10090"
746262,2,2,"9606, 10116"
746247,2,2,"7955, 9606"
746276,2,2,"9606, 10090"
746197,2,2,"9606, 10090"
746198,2,2,"9606, 10090"
746305,2,2,"9606, 10090"
746294,2,2,"9606, 10090"
746313,2,2,"9606, 10090"
746317,2,2,"9606, 10090"
746319,2,2,"9606, 10090"
746249,2,2,"8355, 9606"
746251,2,2,"7955, 9606"
746311,2,2,"10090, 10116"
814509,2,2,"3702, 237561"
777844,2,2,"9606, 10090"
777950,2,2,"9606, 10090"
777859,2,2,"9606, 10090"
746358,2,2,"9606, 10116"
746360,2,2,"9606, 10090"
746298,2,2,"9606, 10090"
746284,2,2,"9606, 10090"
814135,2,2,"9606, 10090"
814379,2,2,"9606, 10090"
814663,2,2,"7227, 9606"
815384,2,2,"3702, 34305"
815266,2,2,"284812, 559292"
814793,2,2,"7955, 9606"
814806,2,1,44689
814449,2,1,3702
292701,2,1,3635
292849,2,1,3702
777920,2,2,"9606, 342108"
292831,2,1,3702
292733,2,1,3702
292688,2,1,3702
746215,2,2,"7955, 9606"
746217,2,2,"9606, 10090"
292907,2,1,3702
292787,2,1,3702
292801,2,1,3702
292805,2,1,3702
292945,2,1,3702
292946,2,1,3702
778002,2,1,9606
777869,2,2,"9606, 10090"
746265,2,2,"9606, 10090"
746205,2,2,"9606, 10090"
746236,2,2,"9606, 10090"
746238,2,2,"9606, 10090"
746239,2,2,"9606, 10090"
746244,2,1,9606
813832,2,2,"3702, 39946"
292939,2,1,39947
746185,2,2,"9606, 10090"
746213,2,2,"9606, 10090"
746270,2,2,"9606, 10090"
746256,2,2,"9031, 10090"
746257,2,2,"9606, 10090"
746218,2,2,"9606, 10090"
746219,2,2,"9606, 10090"
746282,2,2,"9606, 10090"
292728,2,1,3702
292732,2,2,"3702, 39947"
292740,2,1,3702
292569,2,1,3702
292594,2,1,3702
778008,2,2,"9606, 10090"
778015,2,2,"7955, 10090"
777993,2,2,"7227, 9606"
746131,2,2,"9606, 10116"
746189,2,2,"9606, 10090"
778087,2,2,"7227, 9606"
778090,2,2,"9606, 10090"
778094,2,2,"9606, 9913"
777972,2,2,"6239, 9606"
777980,2,2,"9606, 10116"
777981,2,2,"6239, 9606"
53701,2,1,44689
1027390,2,2,"6239, 227321"
746196,2,2,"7955, 9606"
746179,2,2,"10090, 10116"
746181,2,2,"9606, 10090"
746167,2,2,"9606, 10116"
746169,2,2,"7955, 10090"
746186,2,2,"9606, 10090"
1027391,2,2,"237561, 559292"
1027452,2,2,"284593, 559292"
746170,2,2,"7955, 9606"
746171,2,2,"9606, 10090"
746175,2,2,"9606, 10090"
746187,2,2,"9606, 10090"
746245,2,2,"9606, 10090"
746221,2,2,"9606, 10090"
746092,2,2,"9606, 10090"
746155,2,2,"9606, 10090"
746115,2,2,"9606, 10090"
746025,2,2,"9606, 10090"
746032,2,2,"9606, 10090"
746033,2,2,"9606, 10090"
746108,2,2,"7955, 9606"
746111,2,2,"9606, 10090"
746132,2,2,"9606, 10090"
746156,2,2,"9606, 10090"
746153,2,2,"9606, 10090"
746157,2,2,"9606, 10090"
746141,2,2,"9606, 10090"
746232,2,2,"9606, 10090"
746147,2,2,"9606, 10090"
746091,2,2,"7955, 9606"
746134,2,2,"9606, 10090"
746193,2,2,"9606, 10090"
746139,2,2,"9606, 10090"
746140,2,2,"9606, 10090"
746127,2,2,"9606, 10090"
399399,2,1,284812
399406,2,1,284812
746148,2,2,"7955, 9031"
778172,2,2,"9606, 10090"
778016,2,2,"9606, 10090"
777985,2,2,"9606, 10090"
778034,2,2,"7227, 9606"
64429,2,2,"5664, 185431"
814042,2,1,3702
814047,2,1,3702
746191,2,2,"9606, 10090"
292666,2,1,3702
292475,2,1,3702
292482,2,1,3702
292484,2,1,39947
292505,2,1,3702
292473,2,1,3702
746119,2,1,9606
745982,2,2,"7955, 9606"
813784,2,2,"6239, 10090"
814620,2,2,"9031, 9606"
64372,2,2,"5664, 185431"
64389,2,2,"5664, 185431"
814710,2,2,"6239, 9606"
813582,2,2,"9606, 559292"
778071,2,2,"9606, 10090"
778083,2,2,"9606, 10090"
746118,2,2,"9606, 10090"
746064,2,2,"9606, 10090"
746069,2,2,"9606, 10090"
292543,2,2,"3702, 4577"
813592,2,2,"284812, 559292"
814037,2,2,"3702, 4530"
813952,2,1,3702
813967,2,2,"9606, 10090"
746102,2,2,"9606, 76659"
746104,2,2,"7955, 9031"
746107,2,2,"9606, 10090"
399440,2,1,284812
746112,2,2,"8355, 9606"
746120,2,2,"9606, 10090"
746059,2,2,"9606, 10090"
746060,2,2,"7955, 10090"
292517,2,1,3702
778278,2,2,"9606, 10090"
292385,2,1,3702
778160,2,1,9606
778161,2,2,"7227, 9606"
292372,2,1,39947
292387,2,1,3702
292253,2,2,"3702, 3847"
778101,2,2,"6239, 7227"
778068,2,1,9606
778108,2,2,"9606, 10090"
778109,2,2,"9606, 10090"
292522,2,2,"3702, 9606"
292530,2,1,3702
292546,2,1,3702
292552,2,1,3702
746083,2,1,9606
746066,2,2,"9606, 10090"
746014,2,1,9606
746019,2,2,"9606, 10090"
292247,2,1,3702
778137,2,1,7227
778149,2,1,9606
778119,2,2,"6239, 9606"
745927,2,1,9606
745928,2,2,"9606, 10090"
745932,2,2,"9606, 10090"
745989,2,2,"8364, 9606"
746072,2,2,"9606, 10090"
746081,2,2,"9606, 10116"
399471,2,1,284812
399518,2,1,284812
813521,2,2,"9606, 10090"
813872,2,1,3702
813886,2,2,"7227, 185431"
814523,2,2,"227321, 510516"
813948,2,2,"227321, 1392255"
778297,2,2,"6239, 9606"
292277,2,1,3702
745970,2,2,"9606, 10090"
745998,2,2,"9606, 10090"
813532,2,2,"3702, 559292"
813536,2,2,"7955, 9606"
813746,2,1,3702
813748,2,2,"51453, 227321"
813540,2,2,"9606, 284812"
64458,2,2,"5691, 185431"
813547,2,1,559292
746024,2,2,"9606, 10090"
745969,2,2,"9606, 10090"
745904,2,2,"9606, 10090"
745974,2,2,"10090, 10116"
746039,2,2,"9606, 10116"
746041,2,2,"9606, 10090"
745973,2,2,"9606, 10116"
745996,2,2,"9606, 10090"
746020,2,2,"9606, 10090"
746004,2,2,"9606, 10090"
745942,2,2,"9606, 10090"
745894,2,2,"9606, 10090"
745895,2,2,"9606, 10090"
745897,2,2,"10090, 10116"
746046,2,2,"9606, 10090"
746047,2,2,"9606, 10090"
292310,2,1,3702
778478,2,2,"9606, 10090"
292314,2,1,3702
292328,2,1,3702
292152,2,1,3702
292164,2,1,3702
292174,2,1,3702
778221,2,2,"9606, 10090"
778304,2,2,"9606, 10090"
778125,2,2,"6239, 9606"
778256,2,2,"9606, 10090"
778262,2,2,"6239, 9606"
778216,2,2,"9606, 10090"
778544,2,2,"7955, 9606"
778545,2,2,"9606, 10090"
292292,2,1,3702
745959,2,2,"9606, 10090"
745935,2,2,"9606, 10090"
1027638,2,2,"9606, 208964"
1027601,2,2,"243232, 273063"
745902,2,2,"9606, 10090"
745950,2,2,"9606, 10090"
813358,2,1,44689
811842,2,1,3702
746037,2,2,"9606, 10090"
1027426,2,2,"3702, 284812"
1027557,2,2,"3702, 39947"
1027568,2,2,"93934, 208964"
745925,2,2,"9606, 10090"
399583,2,1,284812
1027435,2,2,"284812, 559292"
53865,2,1,44689
778833,2,1,7227
812774,2,2,"9606, 10090"
812457,2,2,"7227, 9606"
292163,2,1,3702
292191,2,1,3702
811777,2,2,"330879, 510516"
811793,2,2,"7955, 9606"
812761,2,1,7227
745850,2,1,9606
399580,2,1,284812
399703,2,1,284812
745874,2,2,"9606, 10090"
745856,2,2,"9606, 10090"
745876,2,2,"9606, 10090"
745878,2,2,"9606, 10090"
778489,2,2,"6239, 9606"
745770,2,2,"9606, 10090"
745858,2,2,"9606, 10090"
745864,2,2,"9606, 10090"
745866,2,2,"7955, 9606"
745899,2,2,"9606, 10090"
745918,2,2,"9606, 10116"
745921,2,2,"9606, 10090"
745869,2,2,"9606, 10090"
745933,2,2,"7955, 10090"
745955,2,2,"9606, 10090"
745958,2,2,"9606, 10090"
745923,2,2,"9606, 10090"
745845,2,2,"9606, 10090"
745846,2,2,"9606, 10090"
745848,2,2,"9606, 10090"
745769,2,2,"9606, 10090"
745778,2,2,"9606, 10090"
399667,2,1,284812
745835,2,1,9606
745767,2,2,"9606, 10116"
745711,2,2,"9606, 10090"
745712,2,2,"9606, 10090"
745779,2,2,"9606, 10090"
745784,2,2,"9606, 10090"
745816,2,2,"9606, 10090"
745822,2,2,"9606, 10090"
745843,2,2,"9606, 10090"
745879,2,2,"9606, 10090"
745824,2,2,"10090, 10116"
745827,2,2,"9606, 10090"
745828,2,2,"9606, 10090"
745773,2,2,"9606, 10090"
745819,2,2,"8355, 10090"
745734,2,2,"9606, 10090"
745735,2,2,"9606, 10116"
745800,2,2,"173, 10090"
745885,2,2,"9606, 10090"
745887,2,2,"9606, 10090"
745870,2,2,"9606, 10090"
745871,2,2,"9606, 10116"
811929,2,1,3702
811752,2,2,"5691, 185431"
292203,2,1,3702
292210,2,1,3880
813752,2,2,"284593, 559292"
813650,2,2,"284812, 559292"
813148,2,1,44689
745884,2,2,"9606, 10090"
778539,2,2,"9606, 10090"
778554,2,2,"9606, 10090"
778492,2,2,"9606, 10090"
778497,2,2,"9606, 10090"
778651,2,2,"9606, 10090"
778514,2,2,"9606, 10090"
292096,2,1,3702
292127,2,1,39947
292076,2,1,3702
292081,2,1,3702
285975,2,2,"3702, 4072"
778563,2,1,10090
778528,2,2,"7227, 9606"
778321,2,1,9606
778325,2,2,"9606, 10090"
778335,2,1,7955
745798,2,2,"9606, 10090"
745744,2,2,"9606, 10090"
745803,2,2,"9606, 10090"
778601,2,2,"7955, 10090"
778621,2,2,"9606, 10090"
778555,2,2,"9606, 10090"
292061,2,1,3702
292225,2,2,"3702, 39947"
745785,2,2,"9606, 10090"
745786,2,2,"9606, 10090"
745733,2,2,"9606, 10090"
399748,2,1,284812
745793,2,2,"9606, 10090"
745794,2,2,"9606, 10090"
745796,2,2,"9606, 10116"
745797,2,2,"9606, 10090"
745745,2,2,"9606, 10116"
745697,2,2,"9606, 10116"
780026,2,2,"7955, 9606"
811441,2,2,"9606, 44689"
64607,2,2,"5664, 185431"
64626,2,2,"5664, 185431"
811674,2,2,"7227, 9606"
811685,2,1,3702
745614,2,2,"9606, 10116"
745674,2,2,"9606, 10090"
745730,2,2,"9606, 10116"
399823,2,1,284812
745672,2,2,"7955, 9606"
745737,2,2,"9606, 10090"
745738,2,2,"9606, 10090"
745760,2,2,"9606, 10090"
778577,2,1,9606
288456,2,1,4081
283185,2,1,3702
779274,2,2,"6239, 9606"
812425,2,2,"9606, 10090"
779804,2,2,"9606, 10090"
745791,2,2,"9606, 10090"
745612,2,2,"9606, 10090"
292082,2,1,3702
286238,2,1,3702
287397,2,1,3702
778708,2,1,10090
779840,2,2,"9606, 10090"
779007,2,1,7227
289013,2,1,3702
779267,2,1,6239
745721,2,2,"9606, 10090"
745676,2,2,"9606, 10090"
745683,2,2,"9606, 10090"
745685,2,2,"9606, 10116"
779949,2,2,"9606, 10090"
779937,2,2,"7227, 9606"
779843,2,2,"7227, 7955"
779849,2,2,"9606, 10090"
745629,2,2,"7955, 9606"
745570,2,2,"9606, 10090"
745709,2,2,"9606, 10090"
745652,2,2,"9606, 391595"
745581,2,2,"9606, 10090"
745666,2,2,"9606, 10090"
745669,2,2,"9606, 10090"
399910,2,1,284812
812472,2,2,"9606, 10090"
812558,2,1,3702
779838,2,2,"6239, 10090"
779810,2,2,"7227, 9606"
779816,2,2,"9606, 10090"
745705,2,2,"9606, 10116"
745582,2,2,"9606, 10090"
745585,2,2,"9606, 10090"
811328,2,2,"7955, 9606"
811692,2,1,9606
811693,2,2,"6239, 9606"
811698,2,2,"7227, 9606"
284209,2,1,3469
284448,2,1,3988
779713,2,2,"9606, 10090"
812470,2,2,"284812, 559292"
745609,2,2,"9606, 10090"
745633,2,2,"9606, 10090"
745638,2,2,"10090, 10116"
745639,2,2,"9606, 10090"
811217,2,2,"3702, 5911"
811405,2,2,"9606, 10090"
811402,2,2,"36329, 185431"
811323,2,2,"9606, 10090"
745551,2,2,"9606, 10090"
745554,2,2,"9606, 10090"
745555,2,2,"9606, 10090"
745556,2,2,"7955, 9606"
745557,2,2,"9606, 10090"
745621,2,2,"9606, 10090"
745622,2,2,"9606, 10090"
745624,2,1,9606
281089,2,1,3702
280662,2,1,3702
280619,2,1,3702
779891,2,1,9606
745532,2,2,"7955, 9606"
745541,2,2,"7955, 9606"
745544,2,2,"9606, 10090"
745510,2,2,"9606, 10116"
779825,2,2,"7955, 9606"
280827,2,1,3702
280831,2,1,3702
280916,2,2,"3635, 3702"
281381,2,1,3702
280645,2,1,3702
779862,2,2,"9606, 10090"
779887,2,2,"9606, 10090"
745521,2,2,"7955, 10090"
279135,2,1,3702
779975,2,2,"9606, 10090"
779997,2,2,"7955, 9606"
779930,2,2,"7227, 9606"
779944,2,2,"9606, 10116"
280686,2,1,3702
279967,2,2,"3702, 4577"
1027463,2,1,243232
53661,2,1,44689
53680,2,1,44689
52818,2,1,44689
1027736,2,2,"83332, 208964"
1027495,2,2,"9031, 9103"
1027648,2,2,"7955, 10090"
745512,2,2,"9606, 10090"
779945,2,2,"9606, 10090"
745645,2,2,"9606, 10090"
745647,2,2,"9606, 10116"
1027477,2,2,"273057, 330779"
1027637,2,2,"9606, 10090"
745603,2,2,"9606, 10090"
745586,2,2,"9606, 10090"
743017,2,1,9606
811326,2,2,"9606, 284812"
811529,2,2,"9606, 10090"
811228,2,2,"9031, 9606"
811239,2,2,"284812, 559292"
779912,2,2,"9913, 10090"
811452,2,2,"284812, 559292"
280652,2,1,3702
279235,2,2,"3702, 4536"
742802,2,2,"9606, 10090"
744109,2,2,"9606, 10090"
745492,2,2,"9606, 10090"
740205,2,2,"9606, 10090"
740207,2,2,"7955, 10090"
740215,2,2,"9606, 10090"
740139,2,2,"9606, 10090"
740140,2,2,"9606, 10090"
745469,2,2,"9606, 10090"
745496,2,2,"10090, 10116"
745476,2,2,"9606, 10090"
745486,2,2,"9606, 10090"
745499,2,2,"9606, 10090"
745500,2,2,"7955, 9606"
743530,2,2,"9606, 10090"
743575,2,2,"9606, 10090"
811261,2,1,44689
780063,2,2,"10090, 10116"
745593,2,2,"9606, 10090"
745470,2,2,"9606, 10090"
745475,2,1,9606
740404,2,2,"9606, 10090"
401629,2,1,237561
745540,2,2,"7955, 10090"
280127,2,1,3702
279257,2,2,"3702, 39947"
278948,2,1,3702
278956,2,2,"3702, 39947"
780015,2,2,"9606, 10090"
780022,2,2,"6239, 7227"
780000,2,2,"9606, 10090"
811247,2,2,"7955, 9606"
64582,2,1,185431
64591,2,2,"5691, 185431"
810897,2,2,"9606, 10090"
810665,2,2,"9606, 10090"
809890,2,1,3702
780043,2,2,"6239, 10090"
279055,2,1,3702
279081,2,2,"3847, 3871"
810397,2,1,3702
811284,2,2,"9606, 10090"
809903,2,2,"9606, 10116"
810634,2,2,"7227, 10090"
64636,2,2,"5693, 185431"
64724,2,2,"5664, 185431"
64668,2,1,185431
810766,2,1,6239
741543,2,2,"9606, 10090"
741548,2,2,"9606, 10090"
401601,2,1,237561
740421,2,1,9606
740334,2,2,"9606, 10090"
741814,2,2,"9606, 10090"
742014,2,2,"9606, 10090"
810395,2,1,3702
740221,2,2,"9606, 10090"
401619,2,1,237561
744259,2,2,"9606, 10116"
743405,2,1,9606
744811,2,2,"9606, 9986"
744896,2,2,"9606, 10090"
742753,2,1,9606
741592,2,2,"9606, 10090"
278729,2,1,29760
278573,2,1,3702
278519,2,1,3702
780201,2,2,"9606, 10090"
780207,2,2,"6239, 7227"
780222,2,2,"9606, 10090"
401778,2,1,237561
740731,2,1,9606
740109,2,2,"9606, 10090"
780271,2,2,"9606, 10090"
278597,2,1,3702
780102,2,2,"9606, 10090"
278662,2,1,3702
278811,2,1,3702
278813,2,1,39947
278840,2,1,3702
740423,2,2,"7955, 8355"
740116,2,2,"9606, 10090"
740127,2,2,"7227, 9606"
740130,2,2,"7955, 8355"
740427,2,2,"9606, 10090"
740439,2,2,"9606, 10090"
740145,2,2,"9606, 10090"
740146,2,2,"9606, 10090"
742029,2,1,10090
1027756,2,2,"9606, 10090"
740485,2,1,9606
1027794,2,2,"6239, 559292"
1027607,2,2,"3864, 170187"
1027593,2,2,"3702, 185431"
1027594,2,2,"185431, 284812"
1027597,2,2,"85962, 190650"
809560,2,1,3702
809571,2,2,"7227, 9606"
809010,2,2,"9606, 10090"
810168,2,2,"284812, 559292"
278558,2,1,3702
278642,2,2,"3702, 39947"
278588,2,1,39947
780256,2,2,"9606, 10090"
278495,2,1,3702
278348,2,1,3702
809139,2,2,"9606, 10090"
810210,2,1,9606
810230,2,2,"3702, 9606"
808992,2,2,"9606, 10090"
811227,2,2,"9606, 284812"
811297,2,2,"9606, 10090"
740216,2,2,"9606, 10090"
740090,2,2,"9606, 10116"
740091,2,2,"9606, 10090"
739987,2,2,"9606, 10090"
739989,2,2,"9606, 10090"
402827,2,1,559292
740721,2,2,"9606, 10090"
740012,2,2,"9606, 10090"
740422,2,2,"9913, 10090"
740039,2,2,"9606, 10090"
739954,2,2,"9606, 10090"
402006,2,1,237561
740070,2,2,"7955, 9606"
740072,2,2,"9606, 10116"
740080,2,2,"9606, 10090"
740196,2,2,"9606, 10090"
278318,2,1,3702
278340,2,1,3702
780341,2,2,"9606, 10090"
780547,2,2,"7227, 45351"
278350,2,1,3702
278355,2,1,3702
780372,2,2,"9606, 10090"
780373,2,2,"9606, 10090"
739958,2,2,"9606, 10090"
278392,2,1,3702
780354,2,2,"9606, 10090"
780307,2,2,"9606, 10090"
780258,2,2,"9606, 10090"
780312,2,2,"7955, 10090"
278427,2,1,3702
278430,2,1,3702
739595,2,2,"7955, 9606"
739809,2,2,"9606, 10090"
740024,2,2,"9606, 10090"
739967,2,2,"9606, 10116"
739949,2,2,"10090, 10116"
739955,2,2,"9606, 10116"
739978,2,2,"9606, 10090"
739981,2,2,"9606, 10090"
278431,2,1,3702
278461,2,1,3702
278422,2,1,3702
780285,2,2,"9606, 10090"
739985,2,2,"9606, 10090"
740050,2,2,"9606, 10090"
739584,2,1,7955
739791,2,2,"9606, 10090"
739715,2,2,"9606, 10090"
739574,2,2,"9606, 10090"
739714,2,2,"9606, 10090"
278301,2,2,"3702, 39947"
278305,2,1,3702
278264,2,1,3702
808437,2,1,3702
64744,2,1,185431
739547,2,2,"9606, 10090"
739529,2,2,"9606, 10090"
739735,2,2,"9606, 10090"
739772,2,2,"9606, 10090"
739703,2,2,"9606, 10090"
739962,2,2,"10090, 10116"
739687,2,2,"9606, 10090"
739866,2,2,"9606, 10090"
739560,2,2,"9606, 10090"
739566,2,2,"7955, 9606"
739531,2,2,"9606, 10090"
739699,2,2,"9606, 10090"
739702,2,2,"9606, 10090"
739974,2,2,"9606, 10090"
739713,2,2,"9606, 10090"
739545,2,2,"9606, 10090"
780359,2,2,"9606, 10090"
780348,2,2,"7227, 9606"
780352,2,2,"9606, 10090"
780391,2,2,"9606, 10090"
739867,2,2,"9606, 10090"
402795,2,1,559292
402797,2,1,559292
739559,2,2,"9606, 10090"
278396,2,1,3702
278418,2,1,3702
278231,2,1,3702
278235,2,1,3702
278397,2,1,3702
278283,2,2,"3469, 3702"
278245,2,2,"3702, 39947"
278300,2,1,3702
739526,2,1,9606
739605,2,2,"7955, 9606"
1028183,2,2,"3702, 284812"
739540,2,2,"9606, 10090"
402915,2,1,559292
739655,2,2,"9606, 10090"
278139,2,1,3702
278203,2,1,3702
780443,2,2,"9606, 10090"
739683,2,2,"9606, 10090"
402928,2,1,559292
1027850,2,2,"3702, 6239"
1027851,2,1,3702
1027826,2,2,"284812, 559292"
1027700,2,1,3702
1027702,2,2,"83333, 208964"
808567,2,2,"3702, 39947"
808106,2,2,"9606, 10090"
808107,2,1,7227
808666,2,1,3702
808691,2,2,"6239, 9606"
808013,2,1,7227
64759,2,2,"5702, 185431"
64701,2,2,"5702, 185431"
739513,2,2,"9606, 10090"
739645,2,2,"9606, 10090"
739488,2,2,"9606, 10090"
739489,2,2,"9606, 10090"
739406,2,1,9606
1027889,2,2,"284812, 559292"
1027903,2,2,"9606, 10116"
1027909,2,2,"36329, 158878"
739356,2,2,"9606, 10090"
739486,2,2,"9606, 10090"
739454,2,2,"9606, 10090"
739495,2,2,"9606, 10090"
739498,2,2,"9606, 10090"
739501,2,2,"9606, 10116"
739567,2,1,9606
739415,2,2,"9606, 10116"
278037,2,1,3702
278150,2,1,3702
278158,2,1,3702
780745,2,2,"9606, 10090"
739661,2,2,"9606, 10090"
739662,2,1,7955
739463,2,2,"9606, 10090"
739485,2,2,"9606, 10090"
780479,2,2,"7955, 9606"
780510,2,2,"7227, 9606"
780598,2,2,"9606, 10090"
278134,2,1,3702
278138,2,1,3702
278290,2,1,3702
278198,2,1,3702
278201,2,1,3702
278165,2,2,"3702, 39947"
278028,2,1,3702
780712,2,2,"7955, 9606"
780730,2,2,"9606, 10116"
780620,2,2,"9606, 10090"
781452,2,2,"9606, 10090"
278169,2,2,"3702, 39947"
739446,2,1,9606
781331,2,2,"7955, 9606"
278146,2,1,3702
278148,2,1,3702
780634,2,1,45351
780667,2,2,"9606, 10090"
781265,2,2,"9606, 10090"
781277,2,2,"6239, 10090"
278204,2,1,3702
402989,2,1,559292
739441,2,2,"7955, 10090"
739363,2,2,"9606, 10090"
739366,2,2,"9606, 10090"
739367,2,2,"9606, 10090"
780809,2,2,"9606, 10090"
780851,2,2,"9606, 10090"
781311,2,2,"9606, 10090"
739393,2,2,"9606, 10090"
739418,2,2,"9606, 10090"
1028302,2,2,"36329, 227321"
1028317,2,2,"3702, 83332"
1027795,2,2,"3702, 39947"
52325,2,1,44689
739355,2,1,9606
402985,2,1,559292
808000,2,2,"5664, 185431"
64931,2,1,185431
64855,2,1,185431
807972,2,2,"9606, 10090"
807954,2,2,"44689, 227321"
807908,2,2,"10090, 10116"
807930,2,2,"5755, 44689"
781474,2,2,"9606, 10090"
403060,2,1,559292
739331,2,1,9606
739335,2,2,"9606, 10090"
739337,2,2,"9606, 10090"
781413,2,2,"7227, 9606"
807875,2,2,"7227, 9606"
808172,2,1,3702
808213,2,1,10090
739390,2,2,"9606, 10090"
739298,2,2,"9606, 10090"
739369,2,2,"9606, 10090"
739343,2,2,"9606, 10090"
739322,2,1,9606
739293,2,2,"9606, 10090"
739294,2,2,"9606, 10090"
739328,2,2,"9606, 10090"
739447,2,2,"9606, 10090"
739372,2,2,"9606, 10090"
739379,2,2,"9606, 10090"
739380,2,1,9606
739381,2,2,"9606, 10090"
739278,2,2,"9606, 10090"
739279,2,2,"9606, 10090"
739387,2,2,"9606, 10090"
807846,2,2,"9606, 10090"
277927,2,1,3702
277935,2,1,3702
781555,2,1,9606
781420,2,2,"9606, 10090"
781422,2,2,"7227, 9606"
277949,2,2,"3702, 39947"
277915,2,2,"3702, 4081"
739261,2,2,"9606, 10090"
739339,2,2,"9606, 10090"
739281,2,1,9606
739263,2,2,"7955, 9606"
739285,2,2,"9606, 10090"
739272,2,2,"9606, 10090"
808137,2,2,"7227, 9606"
808155,2,2,"3702, 44689"
739340,2,2,"9606, 10090"
739266,2,2,"9606, 10090"
739268,2,2,"9606, 10116"
739271,2,2,"10090, 10116"
739345,2,2,"9606, 10090"
403254,2,1,559292
739275,2,2,"9606, 10090"
739260,2,2,"9606, 10090"
781430,2,2,"7227, 9606"
808277,2,2,"284812, 559292"
809524,2,2,"162425, 284812"
278067,2,2,"3702, 3847"
278074,2,2,"3702, 39947"
739338,2,2,"9606, 10090"
739257,2,2,"9606, 10090"
739245,2,2,"7955, 9606"
807816,2,2,"9606, 10090"
807742,2,2,"284812, 559292"
807744,2,2,"9606, 284812"
64992,2,1,185431
64897,2,2,"5664, 185431"
64909,2,1,185431
277883,2,1,3702
277737,2,1,3702
277673,2,1,3702
277644,2,2,"3702, 4577"
65022,2,2,"5691, 185431"
65026,2,2,"5691, 185431"
64990,2,2,"5664, 185431"
781512,2,2,"9606, 10090"
64911,2,1,185431
64913,2,1,185431
739207,2,2,"9606, 10090"
739084,2,2,"9606, 10090"
739216,2,2,"9606, 10090"
739196,2,2,"9606, 10090"
403275,2,1,559292
403284,2,2,"284593, 559292"
739144,2,1,7955
739219,2,2,"9606, 10090"
277942,2,2,"3702, 4081"
277954,2,2,"3702, 39947"
277850,2,1,3702
403250,2,1,559292
739086,2,2,"9606, 10116"
739087,2,2,"9606, 10090"
739101,2,2,"9606, 10090"
739203,2,2,"9606, 10090"
1028480,2,1,3702
739179,2,2,"9606, 10090"
782022,2,2,"9606, 10116"
781630,2,1,9606
781659,2,2,"9606, 10090"
277696,2,1,3702
781487,2,2,"9606, 10090"
781491,2,2,"9606, 10090"
277790,2,1,3702
277770,2,1,3702
739224,2,2,"9606, 10090"
1028137,2,1,184922
1028295,2,2,"237561, 559292"
1028489,2,2,"3702, 36329"
1028199,2,2,"208964, 243365"
403270,2,2,"284593, 559292"
277882,2,2,"3702, 39947"
277789,2,2,"3469, 34305"
781538,2,2,"9606, 10090"
277877,2,2,"3702, 39946"
781590,2,2,"9606, 10116"
781791,2,2,"9606, 10090"
781574,2,2,"9606, 10090"
277781,2,2,"3702, 39947"
277874,2,1,3702
781601,2,2,"9606, 10090"
781789,2,2,"9606, 10116"
781769,2,2,"9606, 10090"
277755,2,1,3702
277732,2,1,4577
781528,2,1,9606
277870,2,1,3702
739028,2,2,"9606, 10090"
739128,2,2,"9606, 10090"
739133,2,2,"7955, 9606"
739031,2,2,"9606, 10090"
781805,2,2,"9606, 10116"
277540,2,1,3702
64947,2,1,185431
807697,2,2,"3702, 36329"
403353,2,1,559292
403302,2,2,"559292, 559295"
739114,2,2,"9606, 10090"
739115,2,2,"9606, 10090"
739116,2,2,"9606, 10116"
739117,2,2,"9606, 10090"
739122,2,2,"7955, 8355"
739095,2,2,"9606, 10116"
277571,2,1,3702
277576,2,2,"3702, 39947"
277586,2,1,3702
781801,2,1,7227
403308,2,2,"284593, 559292"
739105,2,2,"9606, 10090"
403340,2,1,559292
403349,2,1,559292
781596,2,2,"9606, 10090"
781570,2,2,"9606, 10090"
277592,2,1,3702
277490,2,1,3702
277501,2,1,3702
277519,2,1,3702
277721,2,2,"39946, 39947"
277684,2,1,3702
403375,2,1,559292
403327,2,2,"284593, 559292"
739051,2,2,"7955, 9606"
738974,2,2,"9606, 10090"
738995,2,2,"9606, 10090"
738996,2,2,"9606, 10116"
403407,2,1,559292
738440,2,2,"9606, 10090"
739072,2,2,"9606, 10090"
739077,2,2,"9606, 10090"
738740,2,2,"9606, 10090"
738745,2,2,"9606, 10090"
738753,2,2,"9606, 10090"
738972,2,2,"10090, 10116"
739037,2,2,"9606, 10090"
739070,2,2,"9606, 10090"
782129,2,1,9606
807759,2,1,3702
807782,2,2,"3702, 39947"
781706,2,2,"9606, 10090"
781740,2,2,"9606, 10090"
782347,2,2,"9606, 10090"
739047,2,2,"9606, 10090"
739071,2,2,"9606, 10090"
807868,2,1,3702
781953,2,2,"9606, 10090"
782187,2,2,"10090, 10116"
782188,2,2,"9606, 10090"
807695,2,1,3702
807690,2,1,3702
65100,2,2,"5702, 185431"
781663,2,2,"9606, 10090"
277506,2,1,3702
277549,2,2,"3702, 39947"
781948,2,2,"7227, 9606"
783193,2,2,"9606, 10090"
277435,2,1,3702
277440,2,1,3702
781985,2,2,"6239, 7227"
738958,2,2,"9606, 10090"
277612,2,1,3702
277581,2,1,3702
277624,2,1,3702
277637,2,2,"3702, 3847"
782156,2,2,"9606, 10090"
783186,2,2,"7955, 9606"
783196,2,1,9606
277610,2,1,3702
738925,2,2,"9606, 10090"
403410,2,1,559292
403411,2,1,559292
403397,2,1,559292
403357,2,1,559292
738960,2,2,"9606, 10090"
738957,2,2,"9606, 10090"
784135,2,2,"9606, 10090"
738461,2,1,9606
738481,2,2,"9606, 10090"
738488,2,2,"9606, 10090"
738502,2,2,"9606, 10090"
738950,2,2,"9606, 10116"
738930,2,2,"9606, 10090"
738943,2,2,"9606, 10090"
738944,2,2,"9606, 10116"
277472,2,1,3702
782625,2,2,"9606, 10090"
782633,2,1,7227
782762,2,2,"9606, 10090"
782413,2,2,"9606, 10090"
277364,2,2,"3702, 39947"
783085,2,2,"9606, 10116"
783173,2,2,"9606, 10090"
784028,2,2,"9606, 10090"
277336,2,1,3702
782432,2,2,"9606, 10090"
782524,2,2,"9606, 10090"
277550,2,1,3702
277416,2,1,3702
277321,2,1,3635
277470,2,2,"3702, 29760"
738344,2,2,"9606, 10090"
738910,2,2,"9606, 10090"
738913,2,2,"9606, 10090"
738754,2,2,"9606, 10090"
738921,2,2,"9606, 10090"
738923,2,2,"9606, 10090"
738924,2,2,"9606, 10090"
738906,2,2,"9606, 10090"
738963,2,2,"9606, 10090"
738383,2,2,"9606, 10116"
738360,2,2,"9606, 10090"
738400,2,2,"9606, 10090"
738352,2,2,"9606, 10090"
738734,2,2,"9606, 10090"
403391,2,1,559292
738342,2,2,"9606, 10090"
277123,2,1,3702
277141,2,2,"3702, 39947"
277155,2,1,39947
807436,2,2,"9606, 10090"
807499,2,2,"7227, 9606"
807609,2,2,"3702, 36329"
807613,2,2,"3483, 3702"
807590,2,2,"284812, 559292"
738312,2,2,"9606, 10090"
738730,2,2,"9606, 10090"
738419,2,2,"9606, 10090"
738424,2,2,"9606, 10116"
403482,2,1,559292
738630,2,1,9606
738637,2,2,"9606, 10090"
738364,2,2,"9606, 10090"
738322,2,2,"9606, 10090"
403502,2,2,"284593, 559292"
403521,2,1,559292
403523,2,1,559292
403468,2,1,559292
403426,2,1,559292
738576,2,2,"10090, 10116"
403474,2,1,559292
783175,2,2,"9606, 10090"
277456,2,1,3702
277483,2,1,3702
277452,2,1,3702
807623,2,2,"190486, 559292"
807591,2,2,"284812, 559292"
738431,2,2,"9606, 10090"
403403,2,1,559292
738405,2,2,"9606, 10090"
403525,2,1,559292
403470,2,2,"284593, 559292"
738279,2,2,"9606, 10090"
738047,2,2,"9606, 10090"
738050,2,2,"9606, 10090"
738085,2,2,"9606, 10090"
738135,2,2,"9606, 10090"
738375,2,2,"9606, 10090"
738377,2,2,"9606, 10090"
738277,2,2,"9606, 10090"
738233,2,2,"10090, 10116"
738249,2,2,"9606, 10090"
738287,2,1,9606
738403,2,2,"7955, 10090"
738404,2,2,"9606, 10090"
784020,2,2,"9606, 10090"
784023,2,2,"9606, 10090"
783332,2,2,"9606, 10090"
738592,2,2,"10090, 10116"
738170,2,2,"9606, 10090"
403546,2,2,"284593, 559292"
403497,2,2,"284590, 559292"
403495,2,1,559292
783222,2,2,"9606, 10090"
784117,2,2,"9606, 10090"
807503,2,2,"7227, 10090"
807296,2,2,"6239, 7227"
277385,2,1,3702
277195,2,2,"3702, 4577"
277380,2,1,3702
783308,2,2,"9606, 10116"
784109,2,1,9606
784110,2,2,"7227, 9606"
784114,2,1,9606
784059,2,2,"9606, 10090"
277288,2,1,3702
277300,2,2,"3702, 39947"
277301,2,1,3702
807517,2,2,"9606, 284812"
784239,2,2,"9606, 10090"
784200,2,2,"9606, 10090"
784065,2,2,"7227, 9606"
784067,2,2,"9606, 10090"
277304,2,2,"3702, 4081"
784221,2,1,9606
784087,2,2,"9606, 10090"
277116,2,1,3702
738146,2,2,"9606, 10090"
738148,2,2,"9606, 10090"
738173,2,2,"9606, 10090"
738159,2,2,"9606, 10090"
277188,2,1,3702
277046,2,1,3702
277174,2,1,3702
784237,2,2,"9606, 10090"
738139,2,2,"9606, 10090"
738153,2,2,"9606, 10090"
738035,2,2,"9606, 10116"
738038,2,1,9606
738129,2,2,"9606, 10090"
738044,2,2,"9606, 10090"
403536,2,2,"284593, 559292"
738340,2,2,"9606, 10090"
806984,2,1,3702
807015,2,1,3702
65259,2,2,"5664, 185431"
807538,2,2,"44689, 185431"
807507,2,2,"284812, 559292"
277160,2,1,3702
807600,2,1,3702
277055,2,1,3702
738078,2,2,"9606, 10090"
738079,2,2,"9606, 10090"
1028586,2,1,3702
738032,2,2,"9606, 10090"
738033,2,2,"9606, 10090"
784307,2,2,"9606, 10090"
784267,2,2,"9606, 10090"
784269,2,2,"9606, 10090"
738080,2,2,"10090, 10116"
738213,2,2,"9606, 10090"
738225,2,2,"9606, 10090"
1028231,2,1,3702
1028235,2,2,"79929, 190192"
1028238,2,2,"3702, 39947"
1028545,2,2,"3702, 9606"
738120,2,2,"9606, 10090"
784152,2,2,"9606, 10090"
784161,2,2,"9606, 10090"
784164,2,2,"9606, 10090"
784183,2,2,"9606, 10116"
738166,2,2,"9606, 10116"
738140,2,2,"9606, 10090"
51932,2,1,44689
1028523,2,2,"3702, 185431"
738090,2,2,"9606, 10116"
738091,2,2,"9606, 10090"
737995,2,2,"9606, 10090"
737996,2,2,"9606, 10090"
737997,2,2,"9606, 10116"
737998,2,2,"9606, 10090"
737993,2,2,"9606, 10090"
738022,2,2,"9606, 10090"
738060,2,2,"9606, 10090"
738065,2,2,"9606, 10090"
738052,2,1,9606
737984,2,2,"9606, 10090"
737986,2,2,"9606, 10090"
737987,2,2,"9606, 10090"
737989,2,2,"9606, 10090"
738054,2,2,"9606, 10090"
403618,2,2,"284593, 559292"
403607,2,1,559292
403565,2,2,"284593, 559292"
403574,2,2,"284593, 559292"
403579,2,1,559292
737953,2,2,"9606, 10090"
738057,2,1,8355
738059,2,2,"9606, 10090"
784148,2,2,"7955, 9606"
277159,2,1,3702
784170,2,2,"9606, 10090"
277182,2,1,3702
738074,2,2,"9606, 10090"
403587,2,1,559292
403573,2,2,"284593, 559292"
403617,2,2,"284593, 559292"
277076,2,1,3702
277079,2,1,3702
277050,2,1,3702
277101,2,1,3702
277107,2,1,3702
784345,2,2,"9606, 10090"
276961,2,1,3702
276967,2,1,3702
277015,2,1,3702
277016,2,1,3702
784266,2,2,"9606, 10090"
784272,2,2,"7955, 9606"
784276,2,1,9606
784277,2,2,"6239, 9606"
784202,2,2,"9606, 10090"
784211,2,2,"9606, 10090"
403649,2,1,559292
403599,2,1,559292
738027,2,2,"9606, 10116"
737923,2,2,"9606, 10090"
737955,2,2,"9606, 10090"
737962,2,2,"9606, 10090"
737967,2,2,"9606, 10090"
276973,2,1,3702
738024,2,2,"9606, 10090"
737903,2,2,"9606, 10090"
737913,2,2,"9606, 10090"
737925,2,2,"9606, 10090"
737926,2,2,"9606, 10116"
737936,2,2,"9606, 10116"
738011,2,2,"9606, 10116"
738015,2,2,"9606, 10090"
737899,2,2,"9606, 10090"
737872,2,2,"9606, 10116"
403686,2,1,559292
403693,2,2,"284593, 559292"
737835,2,2,"9606, 10090"
737728,2,2,"9606, 10116"
737732,2,2,"9606, 10090"
737345,2,2,"9606, 10090"
403642,2,1,559292
737882,2,2,"9606, 10090"
737963,2,2,"9606, 10090"
737964,2,2,"9606, 10090"
737889,2,2,"9606, 10090"
737894,2,2,"9606, 10090"
737896,2,2,"9606, 10090"
737914,2,2,"9606, 10090"
737778,2,2,"9606, 9986"
737898,2,2,"9606, 10090"
737968,2,2,"9606, 10090"
737969,2,2,"9606, 10090"
737970,2,2,"9606, 10090"
737974,2,2,"10090, 10116"
737951,2,1,8355
403636,2,1,559292
277093,2,1,3702
276987,2,1,3702
807223,2,2,"284812, 559292"
784349,2,2,"9606, 10090"
737938,2,2,"9606, 10090"
737939,2,2,"9606, 10090"
737942,2,2,"9606, 10090"
737776,2,2,"9606, 10090"
277025,2,2,"3702, 4081"
277027,2,1,3702
784929,2,2,"9606, 10090"
784397,2,2,"9606, 10090"
806665,2,2,"39947, 284812"
276891,2,1,3702
784455,2,2,"7955, 9606"
277002,2,1,3702
65377,2,1,185431
65354,2,1,185431
806667,2,2,"6239, 7227"
806208,2,1,3702
806223,2,1,3702
806692,2,2,"6239, 9606"
806597,2,1,3702
806879,2,2,"79929, 284812"
403726,2,2,"284593, 559292"
403679,2,2,"436907, 559292"
403664,2,1,559292
737785,2,2,"9606, 10090"
737841,2,2,"9606, 10090"
276950,2,1,3702
806882,2,2,"9606, 10090"
806441,2,1,3702
737739,2,2,"9606, 10116"
737741,2,2,"10090, 10116"
737840,2,2,"9606, 10090"
737828,2,2,"9606, 10090"
737830,2,2,"9606, 10090"
737867,2,2,"9606, 10090"
737869,2,2,"9606, 10090"
737836,2,2,"9606, 10090"
403698,2,1,559292
737757,2,2,"9606, 10090"
737758,2,2,"9606, 10090"
737764,2,2,"9606, 10090"
737734,2,2,"9606, 10090"
737075,2,2,"9606, 9986"
737243,2,2,"9606, 10090"
737100,2,2,"9606, 10090"
737782,2,2,"9606, 10090"
737806,2,2,"9606, 10090"
737809,2,2,"9606, 10090"
737770,2,2,"9606, 10090"
737744,2,2,"9606, 10116"
737791,2,2,"9606, 10090"
737804,2,2,"9606, 10090"
737805,2,2,"9606, 10116"
403767,2,1,559292
51478,2,1,44689
51379,2,1,44689
1028707,2,1,9606
51988,2,1,44689
52054,2,1,44689
737799,2,2,"9606, 10090"
737801,2,2,"9606, 10090"
276969,2,1,3702
737859,2,1,9606
1028663,2,2,"3702, 1111708"
1028587,2,2,"3702, 208964"
1028626,2,2,"1582, 170187"
1028642,2,1,224308
1028868,2,2,"3702, 10090"
1028875,2,2,"9606, 10090"
276921,2,1,3702
276801,2,2,"3702, 4039"
276807,2,1,3702
276828,2,1,39947
784824,2,1,7227
784381,2,2,"9606, 10090"
784382,2,2,"7227, 342108"
276839,2,1,3702
277010,2,2,"3702, 4097"
276920,2,1,3702
784834,2,1,9606
276928,2,1,3702
276945,2,1,3702
784476,2,2,"9606, 10090"
784491,2,1,8355
784533,2,1,9606
403750,2,2,"284593, 559292"
403756,2,2,"284593, 559292"
403702,2,1,559292
403703,2,1,559292
403763,2,1,284593
737244,2,2,"9606, 10090"
276993,2,1,3702
276900,2,1,3702
737746,2,2,"9606, 10090"
737750,2,1,9606
737109,2,2,"9606, 10090"
737124,2,2,"9606, 10116"
737321,2,2,"9606, 10090"
403801,2,1,559292
403805,2,1,559292
403743,2,2,"284593, 559292"
736655,2,2,"9606, 10090"
736659,2,2,"9606, 10090"
736764,2,2,"9606, 10090"
736769,2,2,"9606, 10090"
736663,2,2,"9606, 10090"
736827,2,1,9606
403861,2,2,"284593, 559292"
403862,2,1,559292
736979,2,2,"9606, 10090"
737070,2,2,"9606, 10090"
736938,2,2,"9606, 10090"
736790,2,2,"9606, 10090"
736791,2,2,"9606, 10090"
736800,2,2,"9606, 10116"
736802,2,2,"9606, 10090"
736653,2,2,"9606, 10090"
403827,2,2,"284593, 559292"
403817,2,1,559292
403836,2,2,"284593, 559292"
403825,2,1,559292
403783,2,1,559292
736966,2,2,"9606, 10090"
737064,2,2,"2286, 9606"
736976,2,2,"9606, 10090"
737246,2,2,"9606, 10090"
737106,2,2,"9606, 10090"
737315,2,2,"9606, 10090"
736970,2,2,"9606, 10090"
737303,2,2,"9606, 10090"
736989,2,2,"9606, 10090"
736714,2,2,"9606, 10090"
736715,2,2,"9606, 10090"
272978,2,1,3702
785224,2,2,"9606, 10090"
785226,2,2,"9606, 10090"
784996,2,2,"9606, 10090"
785101,2,2,"9606, 10090"
785249,2,1,9606
785287,2,2,"9606, 10090"
736933,2,2,"9606, 10116"
784374,2,1,9606
276859,2,1,3702
276862,2,1,3702
276820,2,1,3702
276875,2,1,3702
785016,2,1,10090
785022,2,2,"9606, 10090"
276845,2,1,3702
736904,2,2,"9606, 10090"
807294,2,2,"9606, 10090"
807195,2,2,"9606, 10090"
785191,2,2,"7955, 8355"
785196,2,2,"9606, 10090"
784992,2,2,"9606, 10116"
784871,2,2,"9606, 10090"
784373,2,1,9606
403874,2,1,559292
403820,2,1,559292
403823,2,1,559292
736841,2,1,9606
736849,2,2,"10090, 10116"
736866,2,2,"9606, 10090"
736898,2,2,"9606, 10090"
736816,2,2,"9606, 10090"
806115,2,2,"9606, 10090"
806134,2,1,3702
806432,2,2,"9606, 10090"
276776,2,2,"3702, 4577"
276778,2,1,4577
276786,2,1,3702
785403,2,2,"9606, 10090"
736775,2,2,"9606, 10090"
806388,2,2,"9606, 10090"
785482,2,2,"7227, 9606"
785531,2,2,"9606, 10090"
785097,2,2,"9606, 10090"
806077,2,2,"3702, 44689"
65323,2,2,"5664, 185431"
806330,2,1,9606
806379,2,1,3702
403845,2,1,559292
403908,2,2,"559292, 559295"
403852,2,2,"284593, 559292"
403856,2,2,"284593, 559292"
736743,2,2,"9606, 10090"
736763,2,2,"9606, 10090"
736721,2,2,"9606, 10090"
736774,2,1,9606
736837,2,2,"9606, 10090"
736621,2,2,"9606, 10090"
736603,2,2,"9606, 10090"
736626,2,2,"9606, 10090"
736697,2,2,"9606, 10090"
403906,2,1,559292
403899,2,2,"284593, 559292"
403843,2,1,559292
786563,2,1,9606
785010,2,2,"9606, 10090"
787025,2,1,10090
789093,2,2,"9606, 10090"
788439,2,2,"9606, 10116"
788498,2,2,"9606, 10090"
270001,2,2,"3847, 4113"
736611,2,2,"9606, 10090"
736607,2,2,"9606, 10090"
736608,2,2,"9606, 10090"
806152,2,2,"9606, 559292"
786358,2,2,"9606, 10090"
785328,2,2,"9606, 10090"
785334,2,2,"9606, 10090"
276764,2,1,39947
785474,2,2,"9606, 9913"
736582,2,2,"9606, 10090"
736686,2,2,"9606, 9823"
736689,2,2,"9606, 10090"
736661,2,2,"9606, 10090"
736694,2,1,9606
736695,2,2,"9606, 10090"
736671,2,2,"9606, 10090"
736645,2,2,"9606, 10090"
736776,2,2,"9606, 10090"
736566,2,2,"9986, 10090"
736574,2,2,"9606, 10090"
403925,2,2,"284593, 559292"
736648,2,2,"9606, 10090"
403957,2,2,"284593, 559292"
403881,2,1,559292
403880,2,2,"284593, 559292"
269580,2,1,3702
271134,2,1,3702
789059,2,2,"9606, 10090"
789125,2,1,6239
789127,2,2,"9606, 9913"
269910,2,1,3702
269912,2,1,3702
789088,2,2,"9606, 10090"
736624,2,2,"9606, 10090"
268774,2,1,3702
269974,2,1,3702
789164,2,2,"7227, 9606"
789173,2,2,"7227, 10090"
787767,2,2,"6239, 7227"
270146,2,1,3702
269487,2,1,3702
736538,2,2,"9606, 10090"
736629,2,2,"9606, 10090"
736631,2,1,9606
736640,2,2,"9606, 10090"
736641,2,1,9606
736643,2,2,"9606, 10090"
403929,2,1,559292
736644,2,2,"9031, 9606"
736685,2,2,"9606, 10090"
736539,2,2,"9606, 10090"
736543,2,2,"9606, 10090"
736552,2,2,"9606, 10090"
736526,2,2,"9606, 10090"
736533,2,2,"9606, 10090"
736481,2,2,"9606, 10090"
736484,2,2,"9606, 10090"
65621,2,2,"5691, 185431"
65413,2,2,"5664, 185431"
805982,2,2,"3702, 9606"
65449,2,1,185431
65450,2,2,"5691, 185431"
65405,2,2,"5702, 185431"
806022,2,2,"3702, 563041"
806032,2,2,"6239, 9606"
1028773,2,2,"3702, 208964"
1028708,2,2,"3055, 3702"
736513,2,2,"9606, 10090"
736514,2,2,"9606, 10090"
736534,2,2,"9606, 10116"
736537,2,2,"9606, 10090"
789258,2,2,"9606, 10090"
789207,2,2,"9606, 10090"
1028947,2,2,"3702, 39947"
1028948,2,2,"3702, 7227"
736578,2,2,"9606, 10090"
736515,2,2,"9606, 10090"
1028755,2,2,"3702, 39947"
1029038,2,2,"85962, 235279"
1028746,2,2,"9606, 10090"
1029060,2,2,"171101, 301447"
271042,2,1,3702
271055,2,1,3702
806157,2,2,"284812, 559292"
806006,2,2,"3702, 9606"
736561,2,2,"10090, 10116"
1029066,2,1,3702
1028962,2,1,3702
1028912,2,2,"330879, 746128"
736175,2,2,"9606, 10090"
789277,2,2,"7227, 9606"
789182,2,2,"7227, 9606"
789185,2,2,"9606, 9913"
789144,2,2,"9606, 10090"
789149,2,2,"9606, 10090"
789150,2,2,"9606, 10090"
268882,2,1,3694
736508,2,2,"9606, 10090"
736509,2,2,"9606, 10090"
736512,2,2,"9606, 10090"
736494,2,2,"9606, 10090"
735473,2,2,"9606, 10090"
735553,2,1,9606
735556,2,1,9606
736519,2,2,"9606, 10090"
736491,2,2,"9606, 10090"
736478,2,2,"9606, 10116"
404075,2,1,559292
404004,2,2,"284811, 559292"
404023,2,1,559292
734842,2,2,"9606, 10090"
734855,2,2,"9606, 10090"
736142,2,2,"9606, 10090"
806043,2,2,"5691, 185431"
269976,2,1,3702
806196,2,2,"5702, 185431"
269982,2,1,3702
269991,2,1,3702
736599,2,2,"9606, 10090"
1029517,2,2,"6239, 7227"
736488,2,2,"9606, 10090"
734886,2,2,"9606, 10090"
735242,2,2,"9606, 10090"
735286,2,2,"9606, 10090"
734872,2,2,"9606, 10090"
733577,2,2,"9606, 10090"
733347,2,2,"9606, 10090"
733226,2,2,"9606, 10090"
733227,2,2,"9606, 10090"
735336,2,2,"9606, 10090"
735116,2,2,"9606, 10090"
734835,2,2,"9606, 10116"
734839,2,2,"9606, 10090"
735112,2,2,"9606, 10090"
735062,2,2,"9606, 10090"
734863,2,2,"9606, 10090"
734583,2,1,9606
735111,2,2,"9606, 10090"
733501,2,2,"9606, 10090"
733506,2,2,"9606, 10090"
404053,2,2,"284590, 559292"
735126,2,2,"9606, 10090"
735084,2,2,"9606, 10090"
735102,2,2,"9606, 10090"
735307,2,2,"9606, 10090"
268636,2,1,3702
789189,2,2,"9606, 9913"
789190,2,2,"9606, 10090"
269080,2,1,3702
268803,2,2,"3702, 39947"
65650,2,2,"5702, 185431"
736466,2,2,"9606, 10090"
735105,2,2,"10090, 34839"
733197,2,1,9606
404274,2,2,"284593, 559292"
733530,2,2,"9606, 10090"
733493,2,2,"9606, 10090"
733269,2,2,"9606, 10090"
733273,2,2,"9606, 10090"
733466,2,2,"9606, 10090"
733291,2,2,"9606, 10090"
734253,2,2,"10090, 10116"
734295,2,2,"10090, 10116"
733474,2,2,"9606, 10090"
733184,2,2,"9606, 10090"
733190,2,2,"9606, 10090"
733191,2,2,"9606, 10090"
733194,2,2,"9606, 10090"
733166,2,2,"9606, 10090"
733489,2,2,"9606, 10090"
733580,2,2,"9606, 10090"
733585,2,2,"9606, 10090"
404190,2,1,559292
404111,2,2,"284593, 559292"
733471,2,2,"9606, 10090"
733513,2,2,"158, 9606"
734034,2,2,"9606, 10090"
733228,2,2,"9606, 10090"
733427,2,2,"9606, 10090"
733232,2,2,"9606, 10090"
733942,2,2,"9606, 10090"
734896,2,2,"9606, 10090"
734844,2,2,"9606, 10090"
734917,2,2,"9606, 10090"
733485,2,2,"9606, 10090"
789240,2,2,"9606, 10090"
789246,2,2,"9606, 10116"
268760,2,1,3702
268686,2,2,"3702, 3708"
268694,2,1,3702
268386,2,1,3702
733361,2,2,"9606, 10116"
733457,2,2,"10090, 10116"
806131,2,2,"7955, 9606"
805975,2,1,3702
805977,2,2,"9606, 10090"
805933,2,2,"9606, 10090"
789267,2,2,"9606, 10090"
268722,2,1,3702
268724,2,1,3702
268731,2,1,3702
805813,2,2,"3702, 185431"
805960,2,2,"9606, 10090"
65655,2,2,"5664, 185431"
805953,2,1,9606
805956,2,2,"7227, 9606"
805957,2,2,"3702, 559292"
805924,2,1,3702
806155,2,2,"284812, 559292"
733294,2,2,"9606, 10090"
733305,2,2,"9606, 10090"
733265,2,2,"9606, 10090"
404240,2,2,"284590, 559292"
733233,2,2,"10090, 10116"
404148,2,2,"284593, 559292"
404244,2,2,"284593, 559292"
404168,2,1,559292
789289,2,2,"8355, 9606"
789290,2,2,"9606, 10090"
268759,2,1,3702
268504,2,1,3702
268510,2,1,3702
789395,2,2,"6239, 9606"
789317,2,2,"9606, 10090"
789336,2,2,"7955, 9606"
733262,2,2,"9606, 10090"
733243,2,2,"9606, 10116"
733168,2,2,"9606, 10116"
733170,2,2,"9606, 10090"
268348,2,1,3702
268298,2,1,3702
789279,2,2,"9606, 10090"
789254,2,2,"7955, 9606"
404311,2,1,559292
404322,2,1,559292
733244,2,2,"9606, 10090"
733246,2,2,"9606, 10090"
733253,2,2,"9606, 10090"
733230,2,2,"9606, 10090"
733231,2,2,"9606, 10090"
733256,2,2,"9606, 10090"
733157,2,2,"9986, 10090"
733158,2,1,9606
732891,2,2,"9606, 10090"
732731,2,2,"9606, 10090"
732863,2,2,"9606, 10090"
733238,2,2,"9606, 10090"
733240,2,2,"9606, 10090"
733219,2,2,"10090, 10116"
1029620,2,2,"227321, 510516"
732870,2,2,"9606, 10090"
732817,2,2,"9606, 10116"
404321,2,2,"284593, 559292"
732951,2,1,9606
732831,2,2,"9606, 10090"
732761,2,2,"9606, 10090"
732764,2,2,"9606, 10090"
1029319,2,2,"3702, 39946"
1029574,2,1,3702
1029163,2,1,3702
732833,2,2,"9606, 10090"
732838,2,2,"9606, 10090"
732858,2,2,"9606, 10090"
733203,2,2,"9606, 10090"
1030196,2,2,"1140, 99287"
404195,2,2,"284593, 559292"
1029184,2,2,"3702, 3755"
1029542,2,2,"224308, 243230"
1029496,2,2,"3702, 73868"
733204,2,2,"9606, 10090"
733181,2,2,"9606, 9823"
733210,2,2,"9606, 10116"
1029393,2,2,"36329, 126793"
789337,2,2,"9606, 10090"
789307,2,2,"9606, 10090"
268451,2,1,3702
268500,2,1,3702
268397,2,1,3702
268344,2,1,3702
733177,2,2,"9606, 10090"
733254,2,2,"9606, 10090"
268372,2,1,3702
268324,2,1,3702
268173,2,1,3702
268088,2,1,3702
268097,2,1,3702
805898,2,2,"9606, 10116"
732686,2,2,"9606, 10116"
732696,2,2,"9606, 10090"
65642,2,2,"5664, 185431"
805857,2,2,"3702, 559292"
805829,2,2,"9606, 10090"
805834,2,2,"9606, 559292"
805836,2,1,284812
805762,2,2,"3702, 3708"
805770,2,2,"237561, 559292"
268358,2,1,3702
732789,2,2,"9606, 10090"
732796,2,1,9606
732756,2,2,"9606, 10090"
733212,2,2,"9606, 10090"
732676,2,2,"9606, 10090"
732679,2,2,"9606, 10090"
789349,2,2,"9606, 10090"
268246,2,1,3702
732774,2,2,"9606, 10090"
732727,2,2,"9606, 10090"
404592,2,2,"237561, 559292"
404606,2,2,"237561, 559292"
732779,2,2,"9606, 10090"
732693,2,2,"9606, 10090"
732780,2,2,"9606, 10090"
732788,2,2,"9606, 10090"
789403,2,2,"9606, 10090"
789406,2,2,"9606, 10090"
789374,2,2,"9606, 10090"
789348,2,2,"7227, 9606"
789435,2,2,"9606, 10090"
789350,2,2,"9606, 10090"
789363,2,2,"7955, 9606"
268262,2,1,3702
732724,2,2,"9606, 10090"
732702,2,2,"9606, 10090"
404640,2,1,237561
732706,2,2,"9606, 10090"
732643,2,2,"9606, 10090"
789409,2,2,"7955, 9606"
789525,2,2,"9544, 9606"
789422,2,2,"9606, 10090"
404629,2,1,237561
732708,2,2,"9606, 10090"
732711,2,2,"9606, 10090"
732695,2,2,"9606, 10090"
732712,2,2,"9606, 10090"
732714,2,2,"9606, 10090"
732717,2,2,"9606, 10090"
732723,2,2,"9606, 10090"
732697,2,2,"9606, 10090"
732701,2,2,"9606, 10116"
732673,2,2,"9606, 10090"
732674,2,2,"9606, 10090"
404631,2,1,559292
404677,2,2,"237561, 559292"
404642,2,2,"237561, 559292"
404644,2,2,"237561, 559292"
732649,2,2,"9606, 10090"
732580,2,2,"9606, 10090"
732660,2,2,"9606, 10090"
732612,2,2,"9606, 10090"
732613,2,2,"9606, 10090"
732401,2,2,"9606, 10090"
732402,2,2,"9606, 10090"
732411,2,2,"9606, 10090"
732583,2,2,"9606, 10116"
732584,2,1,9606
732585,2,2,"9606, 10090"
732654,2,2,"9606, 10116"
732656,2,2,"9606, 10090"
732638,2,2,"10090, 10116"
404675,2,2,"237561, 559292"
732666,2,2,"9606, 10090"
732639,2,2,"9606, 10090"
732664,2,2,"9606, 10090"
732665,2,2,"9606, 10090"
404712,2,2,"237561, 284593"
404716,2,2,"237561, 559292"
404725,2,1,559292
404656,2,2,"237561, 559292"
404718,2,1,237561
268266,2,1,3702
268238,2,1,3702
789452,2,2,"6239, 9606"
65676,2,2,"5691, 185431"
789492,2,2,"9606, 10090"
732645,2,2,"9606, 10090"
732646,2,2,"9606, 10090"
732647,2,2,"9606, 10090"
805717,2,2,"3055, 3702"
805718,2,2,"3702, 39946"
789490,2,2,"7955, 9606"
65729,2,1,185431
805725,2,2,"3702, 39946"
805726,2,2,"3702, 39946"
805727,2,2,"3702, 39946"
789426,2,2,"9606, 10090"
268047,2,2,"3702, 4097"
268031,2,1,3702
805802,2,1,3702
805775,2,2,"7227, 9606"
65764,2,2,"5664, 185431"
805792,2,1,3055
805704,2,2,"284812, 559292"
805714,2,1,3702
732615,2,2,"9606, 10090"
732617,2,2,"9606, 10090"
732620,2,2,"9606, 10090"
404662,2,1,559292
404666,2,2,"237561, 559292"
732610,2,2,"9606, 10116"
732611,2,2,"9606, 10090"
732459,2,2,"9606, 10090"
732417,2,2,"9606, 10090"
732455,2,2,"9606, 10090"
732604,2,2,"9606, 10090"
732605,2,2,"9606, 10090"
732606,2,2,"9606, 10090"
732609,2,2,"9606, 10090"
732588,2,2,"9606, 10090"
732467,2,2,"9606, 10090"
268152,2,1,3702
268155,2,1,3702
268123,2,1,3702
268015,2,1,3702
268017,2,1,3702
268019,2,1,3702
268142,2,1,3702
268039,2,1,3702
732399,2,2,"9606, 10090"
732380,2,2,"9606, 10116"
732508,2,2,"9606, 10090"
732384,2,2,"9606, 10090"
789578,2,1,9606
268128,2,1,3702
268129,2,1,3702
268147,2,1,3702
404669,2,2,"237561, 559292"
404696,2,2,"237561, 559292"
404706,2,2,"237561, 559292"
404708,2,2,"237561, 559292"
732496,2,2,"9606, 10090"
732502,2,2,"9606, 10090"
732569,2,2,"9606, 10090"
732574,2,2,"9606, 10090"
732462,2,2,"9606, 10090"
732466,2,2,"9606, 10090"
404690,2,2,"237561, 559292"
732340,2,1,9606
732361,2,2,"9606, 10090"
732350,2,2,"9606, 10090"
732274,2,2,"9606, 10090"
732275,2,2,"9606, 10090"
404737,2,1,559292
404751,2,2,"237561, 559292"
404752,2,2,"237561, 559292"
732351,2,2,"9606, 10090"
732352,2,2,"10090, 10116"
732356,2,2,"9606, 10090"
732070,2,2,"10090, 10116"
732078,2,2,"9606, 10090"
732342,2,2,"9606, 10090"
732346,2,2,"9606, 10090"
404802,2,2,"237561, 284593"
404805,2,2,"284593, 559292"
404787,2,2,"237561, 559292"
404811,2,1,237561
404816,2,2,"237561, 559292"
404798,2,2,"237561, 559292"
732394,2,2,"9606, 10090"
732099,2,2,"9606, 10090"
732100,2,2,"9606, 10090"
732111,2,2,"9606, 10090"
732113,2,2,"9606, 10090"
732089,2,2,"9606, 10090"
732331,2,2,"9606, 10090"
732335,2,2,"9606, 10090"
268040,2,1,3702
268080,2,1,3702
268082,2,1,3702
789569,2,2,"7955, 9606"
789468,2,2,"9606, 10090"
267966,2,2,"3702, 4072"
789499,2,2,"9606, 10090"
732389,2,1,9606
266913,2,1,3702
267991,2,2,"3635, 3702"
789582,2,2,"9606, 10116"
789537,2,2,"9606, 10090"
268003,2,1,3702
268006,2,1,3702
267975,2,1,3702
265786,2,1,3702
732285,2,1,10090
732310,2,1,9606
732320,2,2,"9606, 10090"
732295,2,2,"9606, 10090"
789683,2,2,"9606, 10090"
789688,2,2,"9606, 10116"
789520,2,2,"9606, 10090"
267947,2,1,3702
732065,2,1,9606
732023,2,1,9606
404779,2,2,"237561, 559292"
404776,2,1,559292
732299,2,2,"9606, 10090"
732358,2,2,"9606, 10116"
732287,2,2,"9606, 10090"
732301,2,2,"9606, 10090"
732052,2,2,"9606, 10116"
731946,2,2,"9606, 10116"
404829,2,2,"237561, 559292"
404830,2,1,559292
732289,2,2,"9606, 10090"
732290,2,2,"9606, 10090"
732273,2,2,"9606, 10090"
404842,2,1,559292
732059,2,2,"9606, 10090"
732261,2,2,"9606, 10090"
732025,2,2,"9606, 10090"
732038,2,2,"9606, 10090"
731823,2,2,"9606, 10090"
404914,2,1,559292
404902,2,2,"284593, 559292"
731961,2,2,"9606, 10090"
731984,2,2,"9606, 10090"
731988,2,2,"9606, 10090"
731989,2,2,"9606, 10090"
731996,2,2,"9606, 10116"
404870,2,2,"237561, 559292"
732106,2,2,"9606, 10090"
732266,2,2,"9606, 10090"
404818,2,2,"237561, 559292"
404867,2,1,559292
404927,2,1,559292
404871,2,2,"237561, 559292"
404872,2,1,237561
404877,2,2,"237561, 559292"
732002,2,2,"9606, 10090"
732019,2,2,"9606, 10090"
731950,2,2,"9606, 10090"
266910,2,1,3702
789602,2,1,9606
789604,2,2,"9606, 10090"
732095,2,2,"9606, 10090"
732096,2,2,"9606, 10090"
404844,2,2,"237561, 559292"
731994,2,2,"9606, 10090"
731962,2,2,"9606, 10090"
264997,2,1,3702
805763,2,2,"9606, 10090"
805653,2,2,"3702, 284812"
805663,2,2,"3702, 10090"
789671,2,2,"6239, 9606"
267923,2,1,3702
264431,2,1,3702
263928,2,1,3702
263449,2,1,3702
266938,2,1,3702
805665,2,2,"9606, 10090"
805511,2,2,"3702, 51453"
805514,2,2,"284593, 559292"
805603,2,2,"9606, 44689"
805735,2,2,"3702, 39947"
805614,2,2,"9606, 559292"
731951,2,2,"9606, 10090"
731956,2,2,"9606, 10090"
731960,2,2,"9606, 10090"
731979,2,2,"9606, 10090"
731981,2,2,"9606, 10090"
404922,2,1,559292
404923,2,2,"237561, 559292"
805738,2,2,"284812, 559292"
731913,2,2,"9606, 10090"
731919,2,2,"10090, 10116"
731814,2,2,"9606, 10090"
731815,2,2,"9606, 10090"
404861,2,2,"237561, 559292"
404865,2,2,"237561, 559292"
404866,2,2,"237561, 559292"
731947,2,2,"9606, 10090"
789561,2,2,"9606, 10090"
789726,2,2,"9606, 10090"
789757,2,2,"7227, 9606"
789868,2,2,"9606, 10116"
789533,2,1,9606
789912,2,1,9606
789957,2,2,"6239, 9606"
789979,2,1,9606
731982,2,2,"9606, 10090"
731881,2,1,9606
731883,2,2,"9606, 10090"
404968,2,1,559292
263044,2,1,3702
789775,2,2,"9606, 10090"
789746,2,2,"9606, 10090"
789539,2,2,"9606, 10090"
731887,2,2,"9606, 10090"
731776,2,2,"9606, 10090"
731778,2,2,"9606, 10090"
731783,2,2,"10090, 10116"
731784,2,2,"9606, 10090"
731786,2,1,9606
404908,2,2,"237561, 559292"
404912,2,2,"237561, 559292"
404925,2,2,"237561, 559292"
404926,2,2,"237561, 559292"
731856,2,2,"9606, 10090"
731859,2,2,"9606, 10116"
731860,2,2,"9606, 10090"
731862,2,2,"9606, 10090"
731838,2,2,"9606, 10090"
731771,2,2,"9606, 10090"
790070,2,2,"9606, 10090"
790041,2,2,"9606, 10090"
264722,2,1,3702
264409,2,1,3702
789761,2,2,"9606, 10090"
790085,2,2,"9606, 10090"
790062,2,2,"7955, 9606"
263892,2,1,3702
405002,2,2,"237561, 559292"
405009,2,2,"237561, 559292"
731804,2,2,"9606, 10090"
731772,2,2,"9606, 10090"
731839,2,2,"9606, 10090"
731846,2,2,"9606, 10090"
790249,2,2,"7955, 9606"
790064,2,2,"9606, 10090"
731800,2,2,"9606, 10090"
405054,2,2,"237561, 559292"
405039,2,2,"237561, 559292"
405041,2,2,"284590, 559292"
731809,2,2,"9606, 10090"
731792,2,2,"9606, 10090"
731793,2,2,"9606, 10090"
404996,2,2,"237561, 559292"
789782,2,2,"7227, 9606"
264961,2,1,3702
789627,2,2,"9606, 10090"
789858,2,2,"7227, 9606"
404949,2,2,"237561, 559292"
404977,2,2,"237561, 559292"
404997,2,2,"237561, 559292"
731797,2,2,"9606, 10090"
404992,2,2,"284590, 559292"
404993,2,1,559292
790762,2,2,"9606, 10090"
790927,2,2,"9606, 10090"
805534,2,2,"7227, 8355"
65884,2,2,"5664, 185431"
805417,2,2,"9606, 559292"
262979,2,1,3702
1029694,2,2,"187420, 224326"
1029439,2,1,3702
1029442,2,2,"284812, 559292"
1029445,2,2,"128077, 208964"
1029719,2,2,"70601, 267377"
1029722,2,2,"70601, 267377"
404983,2,2,"237561, 559292"
404985,2,1,559292
731827,2,2,"9606, 10090"
1030185,2,2,"8022, 208964"
405044,2,2,"237561, 559292"
405045,2,2,"237561, 559292"
1029734,2,2,"224308, 272634"
1029740,2,2,"158878, 224325"
1029681,2,2,"70601, 190192"
1029578,2,2,"3702, 198628"
263195,2,1,3702
263196,2,1,3702
263238,2,1,3702
789791,2,1,9606
805526,2,2,"9606, 10090"
790098,2,2,"9606, 10090"
263251,2,2,"3635, 3702"
731826,2,2,"9606, 10090"
731763,2,2,"9606, 10090"
731765,2,2,"9606, 10090"
252799,2,1,3702
252644,2,1,3702
791512,2,1,9606
790575,2,1,9606
790471,2,2,"9606, 10090"
790539,2,1,7227
731717,2,2,"9606, 10116"
405032,2,1,559292
405033,2,2,"237561, 559292"
731753,2,2,"9606, 10090"
731755,2,2,"9606, 9925"
731713,2,2,"9606, 10090"
405030,2,2,"284593, 559292"
731761,2,2,"9606, 10090"
731801,2,2,"9606, 10090"
731747,2,2,"9606, 10090"
731611,2,2,"9606, 10090"
405089,2,2,"237561, 559292"
405093,2,1,559292
405025,2,1,559292
405027,2,2,"237561, 559292"
405091,2,1,559292
790171,2,2,"7955, 9606"
790118,2,2,"9606, 10090"
790044,2,2,"9606, 10090"
731791,2,2,"9606, 10090"
1032770,2,2,"197221, 1111708"
731720,2,2,"9606, 10090"
731724,2,2,"9606, 163134"
731726,2,2,"9606, 10090"
405114,2,2,"237561, 559292"
405123,2,2,"237561, 559292"
731627,2,2,"9606, 10090"
731628,2,1,10090
731630,2,2,"9606, 10090"
731606,2,2,"9606, 10090"
731702,2,2,"9606, 10090"
731650,2,2,"9606, 10090"
405071,2,2,"559292, 644223"
731684,2,2,"9606, 10090"
731688,2,1,9606
731660,2,2,"9606, 10090"
731661,2,2,"10090, 10141"
731706,2,2,"9606, 10090"
731607,2,2,"10090, 10116"
731608,2,2,"9606, 10116"
65950,2,2,"5664, 185431"
65867,2,2,"5664, 185431"
731766,2,2,"9606, 10090"
731670,2,2,"10090, 10116"
405132,2,2,"237561, 559292"
731591,2,2,"9606, 10090"
731575,2,2,"9606, 10116"
405065,2,2,"237561, 559292"
790550,2,2,"9606, 10116"
263110,2,1,3702
263036,2,1,3702
263092,2,1,3702
790475,2,2,"9606, 10090"
790476,2,2,"9606, 10116"
805437,2,2,"7227, 9606"
805479,2,1,3702
253126,2,1,3702
792658,2,2,"9606, 10116"
791690,2,1,6239
790967,2,2,"9606, 10090"
791170,2,2,"7227, 9606"
791511,2,2,"6239, 7227"
259838,2,1,3880
405185,2,2,"237561, 559292"
731573,2,2,"9606, 10090"
731600,2,1,9606
731588,2,2,"9606, 10090"
730720,2,2,"9606, 10090"
405176,2,2,"237561, 559292"
805332,2,2,"3702, 284812"
805346,2,2,"9606, 10090"
805302,2,2,"3702, 9606"
731635,2,2,"9606, 10090"
405107,2,1,559292
405111,2,2,"5478, 559292"
405182,2,2,"237561, 559292"
405101,2,2,"237561, 559292"
731633,2,1,9606
731566,2,1,10090
731572,2,2,"9606, 10090"
731651,2,2,"9606, 10090"
730495,2,2,"9606, 10090"
730506,2,2,"9606, 10116"
730479,2,2,"9606, 10090"
731643,2,2,"9606, 10090"
731579,2,2,"7955, 10090"
731585,2,2,"9606, 10090"
731560,2,2,"9606, 10090"
730045,2,2,"9606, 10090"
730048,2,2,"9606, 10090"
730054,2,2,"9606, 10090"
730146,2,1,9606
730403,2,2,"10090, 10116"
730410,2,2,"9606, 10090"
405291,2,2,"237561, 559292"
405296,2,2,"237561, 559292"
730723,2,2,"9606, 10090"
730899,2,2,"10090, 10116"
730727,2,2,"9606, 10090"
730466,2,2,"9606, 10090"
730473,2,2,"9606, 10090"
730486,2,2,"9606, 10116"
405248,2,2,"237561, 559292"
730043,2,2,"9606, 10090"
731596,2,2,"9606, 10090"
731597,2,2,"9606, 10090"
730734,2,2,"9606, 10090"
730763,2,2,"9606, 10090"
730345,2,2,"9606, 10090"
405149,2,2,"284593, 559292"
405148,2,2,"237561, 559292"
730873,2,2,"9606, 10090"
405187,2,2,"237561, 559292"
405171,2,2,"237561, 559292"
730351,2,2,"9606, 10090"
730176,2,2,"10090, 10116"
730177,2,2,"9606, 10090"
730358,2,2,"9606, 10090"
730432,2,2,"9606, 10090"
730391,2,2,"9606, 10090"
252344,2,1,3702
252349,2,1,3702
792663,2,2,"9606, 10090"
792723,2,2,"9606, 10090"
66003,2,2,"5691, 185431"
805323,2,2,"8090, 9606"
805166,2,1,3702
405194,2,2,"237561, 559292"
805154,2,2,"3702, 36329"
792513,2,2,"9606, 10090"
792520,2,2,"7955, 9606"
792523,2,2,"9606, 10090"
792629,2,2,"9606, 10090"
252816,2,1,3702
252783,2,1,3702
252910,2,1,3702
730521,2,2,"9606, 10116"
730446,2,2,"9606, 10090"
730454,2,1,9606
730455,2,2,"9606, 10090"
730414,2,2,"9606, 10090"
730417,2,2,"9606, 10116"
805142,2,2,"3702, 284812"
805113,2,2,"9606, 10090"
405276,2,2,"237561, 559292"
405283,2,2,"237561, 559292"
730035,2,2,"9606, 10090"
405202,2,2,"237561, 559292"
405294,2,2,"237561, 559292"
405223,2,2,"284593, 559292"
730424,2,2,"9606, 10090"
730389,2,2,"9606, 10090"
252211,2,1,3702
252343,2,1,3702
252219,2,1,3702
252224,2,1,3702
805230,2,2,"237561, 559292"
805130,2,1,3702
805100,2,2,"9606, 10090"
66060,2,1,185431
730143,2,2,"9606, 10090"
405368,2,2,"237561, 559292"
405371,2,2,"237561, 559292"
252107,2,1,3702
252231,2,1,3702
805472,2,1,7227
805177,2,2,"3702, 4097"
792978,2,2,"9606, 284812"
729974,2,2,"9606, 10090"
730018,2,2,"9606, 10116"
405261,2,2,"237561, 559292"
405252,2,2,"237561, 559292"
730367,2,2,"9606, 10116"
730353,2,2,"9606, 10090"
730175,2,2,"9606, 10090"
730142,2,2,"9606, 10090"
730026,2,1,9606
405410,2,2,"284593, 559292"
405480,2,2,"237561, 559292"
405315,2,2,"237561, 559292"
405475,2,2,"237561, 559292"
405336,2,2,"237561, 559292"
405310,2,2,"237561, 559292"
730011,2,2,"9606, 10090"
729961,2,2,"9606, 10090"
730078,2,1,10090
729977,2,2,"9606, 10090"
729981,2,2,"9606, 10090"
405495,2,2,"237561, 559292"
729821,2,2,"9606, 10090"
729823,2,2,"9606, 10090"
729825,2,2,"9606, 10090"
729867,2,2,"9606, 10090"
729874,2,2,"9606, 10090"
729982,2,2,"9606, 10090"
729988,2,2,"9606, 10090"
730038,2,1,10090
730086,2,2,"9606, 10090"
730049,2,2,"9606, 10090"
730003,2,2,"9606, 10090"
405257,2,2,"237561, 559292"
729877,2,2,"9606, 10090"
729846,2,2,"9606, 10090"
729940,2,1,9606
729855,2,2,"9606, 10090"
729955,2,2,"10090, 10116"
729958,2,2,"9606, 10090"
729859,2,2,"9606, 10090"
252226,2,1,3702
252229,2,1,3702
252293,2,1,3702
805136,2,2,"3702, 9606"
805033,2,2,"284812, 559292"
805036,2,2,"6239, 9606"
405378,2,1,559292
405256,2,1,559292
805383,2,2,"9606, 10090"
805384,2,2,"284812, 559292"
805094,2,1,3702
805097,2,1,3702
804974,2,2,"3702, 39946"
805025,2,2,"9606, 10090"
805030,2,2,"284812, 295996"
66126,2,1,185431
729857,2,2,"9606, 10090"
729934,2,2,"9606, 10090"
729943,2,2,"9606, 10090"
252039,2,1,3702
252171,2,1,3702
252049,2,1,3702
66039,2,2,"5664, 185431"
805378,2,2,"9606, 559292"
729766,2,2,"9606, 10090"
729999,2,2,"9606, 10090"
729901,2,1,9606
729914,2,2,"9606, 10090"
729915,2,2,"9606, 10090"
729917,2,2,"9606, 10090"
729892,2,2,"9606, 10090"
729894,2,2,"9606, 10090"
729826,2,2,"9606, 10090"
729829,2,2,"9606, 10090"
729804,2,2,"9606, 10090"
729838,2,2,"9606, 10090"
729820,2,2,"9606, 10090"
729728,2,2,"9606, 10090"
729735,2,2,"9606, 10090"
729831,2,2,"9606, 10090"
729792,2,1,9606
405615,2,1,559292
405618,2,2,"284593, 559292"
405635,2,2,"237561, 559292"
405510,2,2,"237561, 559292"
405522,2,2,"237561, 559292"
1032925,2,2,"237561, 284812"
1031971,2,1,322710
729705,2,2,"9606, 10090"
729879,2,1,9606
729795,2,1,9606
729797,2,2,"9606, 10090"
729799,2,2,"9606, 10090"
729803,2,2,"9606, 10090"
729810,2,2,"9606, 10090"
729818,2,2,"9606, 10090"
405705,2,2,"237561, 559292"
405711,2,1,559292
405730,2,2,"237561, 559292"
405733,2,1,559292
405698,2,1,559292
405584,2,2,"237561, 559292"
405593,2,1,559292
729702,2,2,"9606, 10090"
252255,2,1,3702
252257,2,2,"3635, 3702"
805193,2,2,"7227, 9606"
805110,2,2,"6239, 9606"
252115,2,1,3702
729949,2,1,9606
729950,2,1,10090
729924,2,2,"9606, 10090"
804993,2,1,3702
793018,2,2,"7955, 9606"
805057,2,2,"6239, 9615"
804938,2,2,"3702, 9606"
252059,2,1,3702
252126,2,1,3702
792994,2,2,"284812, 559292"
792996,2,2,"9606, 10090"
729790,2,2,"9606, 10090"
729679,2,2,"9606, 10090"
251903,2,1,3702
252087,2,1,3702
804924,2,2,"185431, 559292"
805006,2,2,"3702, 44689"
804984,2,1,3702
804990,2,2,"3702, 39947"
729769,2,2,"9606, 10090"
1029746,2,2,"208964, 224326"
1029743,2,1,224308
1029983,2,2,"83333, 559292"
1030051,2,2,"83333, 100226"
1029782,2,2,"71421, 189518"
1029806,2,2,"224325, 243232"
729786,2,2,"9606, 9913"
729742,2,2,"9606, 10116"
729780,2,2,"9606, 10090"
729781,2,2,"9606, 10090"
729782,2,2,"9606, 10090"
1030657,2,1,208964
1031170,2,2,"100226, 208964"
1030322,2,2,"224326, 272634"
1030365,2,2,"190192, 272630"
251895,2,1,3702
66161,2,1,185431
66145,2,2,"9606, 185431"
66075,2,2,"5691, 185431"
66080,2,2,"5691, 185431"
66151,2,2,"5691, 185431"
251933,2,1,3702
251942,2,2,"3702, 3708"
405772,2,2,"237561, 559292"
729394,2,2,"9606, 10090"
729655,2,2,"9606, 10090"
729656,2,2,"9606, 10090"
66134,2,1,185431
804877,2,1,3702
66229,2,2,"5661, 185431"
66205,2,1,185431
729723,2,2,"9606, 10090"
729697,2,2,"9606, 10090"
729124,2,1,10090
729232,2,1,9606
729077,2,2,"9606, 10090"
405784,2,1,237561
405755,2,1,559292
405789,2,1,559292
793055,2,2,"9606, 10090"
252183,2,1,3702
729683,2,2,"9606, 10090"
729687,2,2,"9606, 10116"
729767,2,2,"9606, 10090"
729715,2,2,"9606, 10090"
729719,2,2,"10090, 10116"
729722,2,2,"9606, 10090"
728808,2,2,"9606, 10116"
728606,2,2,"9606, 10090"
729053,2,1,9606
728621,2,2,"9606, 10090"
728604,2,2,"9606, 10090"
405942,2,2,"237561, 559292"
405933,2,1,559292
405851,2,2,"237561, 559292"
729067,2,2,"9606, 10090"
728720,2,2,"9606, 10090"
728752,2,2,"9606, 10090"
728764,2,2,"9606, 10090"
728810,2,1,9606
728740,2,2,"9606, 10090"
728918,2,2,"9606, 10090"
728791,2,2,"9606, 10090"
729025,2,1,9606
405883,2,1,559292
728465,2,1,9606
405749,2,2,"237561, 559292"
405882,2,2,"237561, 559292"
405738,2,1,559292
729035,2,2,"9606, 10090"
729037,2,2,"9606, 10090"
793038,2,2,"284812, 559292"
251920,2,1,3702
252004,2,1,3702
251950,2,1,3702
793063,2,2,"284812, 559292"
729000,2,2,"9606, 10090"
729021,2,2,"9606, 10090"
729024,2,2,"9606, 10116"
793128,2,2,"284812, 559292"
251952,2,1,3702
251453,2,1,3702
66356,2,1,185431
793159,2,2,"227321, 330879"
793162,2,2,"9606, 10090"
728619,2,2,"9606, 10116"
405905,2,2,"237561, 559292"
804842,2,2,"9606, 284812"
804904,2,1,3702
793084,2,2,"9606, 559292"
793085,2,2,"10090, 284812"
804858,2,2,"9606, 10090"
804829,2,2,"7955, 10090"
804809,2,2,"9606, 10090"
793127,2,2,"9606, 9913"
728304,2,2,"9606, 10090"
405838,2,1,559292
405847,2,1,559292
728595,2,2,"9606, 10090"
728598,2,2,"9606, 10090"
793166,2,2,"9606, 10090"
66241,2,2,"5691, 185431"
66282,2,2,"5664, 185431"
405807,2,2,"237561, 559292"
728634,2,2,"9606, 10090"
728636,2,2,"9606, 10090"
728637,2,2,"9606, 10090"
728638,2,2,"9606, 10116"
728629,2,2,"9606, 10090"
728630,2,2,"9606, 10090"
728231,2,1,9606
251063,2,1,3702
804813,2,2,"9606, 10090"
804801,2,2,"7227, 9606"
804803,2,2,"9606, 10090"
793173,2,2,"284812, 559292"
66373,2,2,"5691, 185431"
66299,2,2,"5664, 185431"
804728,2,2,"3055, 10090"
727643,2,2,"9606, 10090"
250891,2,1,3702
804785,2,2,"2208, 3702"
804786,2,2,"7955, 9606"
804790,2,2,"284812, 559292"
804763,2,1,3702
804768,2,2,"7227, 9606"
804774,2,2,"9606, 10090"
406025,2,2,"237561, 559292"
727739,2,2,"9606, 10090"
727747,2,2,"9606, 10090"
727714,2,2,"9606, 10116"
727771,2,2,"9544, 9606"
727928,2,1,10090
728035,2,1,9606
727639,2,2,"10090, 10116"
405919,2,1,559292
727297,2,2,"9606, 10090"
727331,2,2,"9606, 10090"
728064,2,2,"10090, 10116"
727700,2,1,9606
727723,2,2,"9606, 10090"
406065,2,2,"237561, 559292"
406023,2,2,"237561, 559292"
804640,2,2,"9606, 10090"
793148,2,2,"7227, 7955"
793142,2,2,"6239, 9606"
793211,2,2,"7227, 9606"
793220,2,2,"9606, 10090"
66358,2,2,"5691, 185431"
804673,2,1,3702
727612,2,2,"9606, 10090"
727491,2,1,9606
804734,2,2,"284812, 559292"
804745,2,2,"3055, 10090"
804691,2,2,"3702, 36329"
804692,2,2,"9606, 284812"
793196,2,2,"7227, 9606"
793175,2,2,"9606, 10090"
804767,2,1,3702
406119,2,2,"237561, 559292"
406003,2,2,"237561, 559292"
406017,2,2,"237561, 559292"
405975,2,1,559292
727599,2,2,"9606, 10090"
727648,2,1,10090
727505,2,2,"9606, 10090"
727391,2,2,"9606, 10090"
804731,2,2,"3702, 284812"
793205,2,2,"7227, 9606"
727731,2,2,"9606, 10090"
727695,2,2,"9606, 10090"
727670,2,2,"9606, 10090"
727121,2,2,"9606, 10090"
727261,2,2,"9606, 10090"
727143,2,2,"9606, 10116"
804682,2,1,3702
804684,2,2,"3702, 9606"
250925,2,1,3702
793240,2,2,"9606, 10090"
793241,2,2,"9606, 10090"
804667,2,2,"284812, 559292"
804565,2,1,3702
804573,2,2,"3702, 280699"
406111,2,2,"237561, 559292"
727213,2,2,"9606, 10090"
727268,2,2,"9606, 10090"
727270,2,1,9606
804328,2,2,"9606, 10090"
804075,2,2,"9606, 10090"
804647,2,1,3702
804679,2,1,3702
727214,2,1,10090
727216,2,2,"9606, 10090"
406314,2,2,"284593, 559292"
406327,2,2,"237561, 559292"
406100,2,1,559292
727300,2,2,"10090, 10116"
727448,2,2,"9606, 10090"
406320,2,2,"284593, 559292"
727508,2,2,"9606, 10116"
727035,2,2,"9606, 10090"
727014,2,1,10090
727114,2,2,"9606, 10090"
727092,2,2,"9606, 10090"
727193,2,1,9606
727205,2,1,9606
727022,2,2,"9606, 10116"
727070,2,2,"9606, 10090"
406179,2,2,"237561, 559292"
406185,2,2,"237561, 559292"
727094,2,2,"9606, 10090"
727064,2,2,"9606, 10090"
727030,2,1,9606
726896,2,2,"9606, 10090"
727049,2,2,"9606, 10090"
727096,2,2,"9606, 10090"
727102,2,2,"9606, 10090"
727083,2,2,"9606, 10090"
727159,2,2,"9606, 10090"
727169,2,2,"9606, 10090"
1033281,2,1,3702
726993,2,2,"9606, 10090"
727008,2,2,"9606, 10090"
727152,2,2,"9606, 10090"
727156,2,2,"9606, 10090"
727076,2,2,"9606, 10090"
1033158,2,2,"6239, 9606"
1032068,2,2,"85962, 85963"
1032761,2,2,"99287, 1006551"
1031222,2,1,2208
1033147,2,2,"9606, 10090"
793288,2,1,284812
793249,2,2,"7955, 9606"
804624,2,2,"3055, 4565"
804595,2,1,3702
727272,2,2,"9606, 10090"
50616,2,1,44689
1033114,2,2,"3702, 9606"
1033115,2,2,"170187, 199310"
804564,2,2,"3702, 185431"
66540,2,1,185431
804315,2,2,"7955, 9606"
804259,2,2,"3702, 6239"
793341,2,2,"284812, 559292"
793312,2,2,"7227, 9606"
793286,2,2,"7227, 7955"
793321,2,2,"284812, 559292"
66757,2,2,"5691, 185431"
66744,2,1,185431
804130,2,2,"7955, 9606"
804492,2,2,"9606, 10090"
804226,2,2,"7227, 10090"
66507,2,1,185431
804467,2,2,"9606, 10090"
804485,2,2,"9606, 10090"
406342,2,2,"237561, 559292"
726950,2,2,"9606, 10090"
726898,2,2,"9606, 10090"
726958,2,1,9606
726969,2,2,"9606, 10090"
726974,2,2,"9606, 10090"
726924,2,1,9606
726926,2,1,9606
726917,2,1,10090
726923,2,1,9606
726889,2,2,"9606, 10090"
406660,2,1,559292
406704,2,2,"237561, 559292"
406707,2,1,559292
406372,2,2,"237561, 559292"
406385,2,2,"237561, 559292"
726761,2,2,"9606, 10090"
726835,2,2,"9606, 10090"
803734,2,2,"9606, 10090"
803735,2,2,"7227, 44689"
66729,2,2,"5691, 185431"
804129,2,1,3702
793464,2,2,"9606, 10090"
793358,2,2,"7227, 9606"
726822,2,2,"9606, 10090"
726801,2,1,9606
726828,2,2,"9606, 10090"
726833,2,2,"9606, 10090"
726883,2,2,"9606, 10116"
726844,2,1,9606
726757,2,2,"9606, 10090"
726758,2,2,"9606, 10090"
726663,2,2,"9606, 10090"
726668,2,2,"9606, 10090"
726806,2,2,"9606, 10090"
726811,2,2,"9606, 10090"
726876,2,2,"9606, 10090"
726815,2,2,"9606, 10116"
726861,2,2,"9606, 10090"
726865,2,2,"9606, 10090"
804042,2,2,"9606, 10090"
804155,2,2,"7227, 9606"
804157,2,2,"9606, 284812"
804050,2,1,3702
726953,2,2,"9606, 10090"
726847,2,2,"9606, 10090"
726871,2,2,"9606, 10090"
726744,2,1,9606
726727,2,2,"9606, 10090"
803707,2,2,"44689, 284812"
803669,2,1,9606
793545,2,2,"9606, 10090"
804335,2,2,"6239, 9606"
804350,2,1,9606
803785,2,1,3702
66745,2,1,185431
726795,2,2,"9606, 10090"
726797,2,2,"9606, 10090"
726800,2,2,"9606, 10090"
726712,2,2,"9606, 10090"
726678,2,2,"9606, 10090"
726679,2,2,"9606, 10090"
726683,2,2,"9606, 10090"
726723,2,2,"9606, 10090"
1033177,2,2,"83332, 224324"
726718,2,1,9606
726777,2,2,"9606, 10090"
1033317,2,2,"3702, 5664"
726719,2,2,"9606, 10116"
726742,2,2,"9606, 10090"
726743,2,2,"9606, 10090"
726784,2,2,"9606, 10090"
793360,2,2,"7227, 9913"
804552,2,2,"3702, 559292"
793405,2,2,"9606, 10090"
793366,2,2,"284812, 559292"
793384,2,2,"7227, 9606"
726774,2,2,"9606, 10090"
726821,2,2,"9606, 10090"
1033229,2,1,3702
406941,2,1,559292
726643,2,1,9606
406945,2,2,"284593, 559292"
406778,2,2,"237561, 559292"
726782,2,2,"9606, 10090"
726559,2,2,"9606, 10090"
726644,2,2,"9606, 10090"
435180,2,2,"227321, 330879"
726685,2,2,"9606, 10090"
726605,2,1,9606
726614,2,2,"9606, 10090"
726617,2,2,"9606, 10090"
726625,2,2,"7955, 9606"
726645,2,2,"9606, 10090"
726564,2,1,9606
434476,2,2,"227321, 602072"
726734,2,2,"9606, 10090"
726735,2,1,9606
726738,2,2,"9606, 10116"
726687,2,2,"9606, 10090"
726689,2,2,"9606, 10090"
726691,2,2,"10090, 10116"
726700,2,1,9606
726632,2,2,"9606, 10090"
793460,2,2,"9606, 10090"
793441,2,2,"4536, 9606"
66741,2,2,"5691, 185431"
803823,2,2,"9606, 680275"
803800,2,2,"9606, 10090"
803990,2,2,"3702, 284812"
793486,2,2,"9606, 10116"
803721,2,2,"9606, 10090"
803743,2,1,44689
803720,2,2,"9606, 344612"
793507,2,2,"9606, 10090"
250472,2,2,"3702, 51351"
793512,2,2,"9606, 10090"
793642,2,2,"9606, 10090"
793505,2,2,"9606, 10090"
803774,2,2,"9031, 9606"
725229,2,1,10116
725028,2,2,"9606, 10116"
434961,2,2,"227321, 602072"
725734,2,1,9606
725896,2,1,10116
726541,2,2,"7955, 9606"
793801,2,2,"9606, 10090"
793819,2,2,"284812, 559292"
726563,2,2,"9606, 10090"
726569,2,2,"9606, 10090"
726550,2,1,9606
435149,2,2,"33178, 341663"
726596,2,2,"7955, 9606"
726570,2,2,"9606, 10090"
725072,2,1,10116
725073,2,1,10090
435215,2,2,"227321, 330879"
435230,2,1,330879
434895,2,1,227321
724077,2,2,"9606, 10090"
724094,2,1,9606
724099,2,1,9606
432656,2,2,"330879, 746128"
432691,2,2,"330879, 746128"
434548,2,2,"227321, 330879"
724067,2,1,9606
434839,2,1,227321
434519,2,2,"227321, 1392255"
434537,2,2,"227321, 330879"
724518,2,2,"9544, 9606"
724541,2,1,9606
722930,2,1,9606
725017,2,2,"9606, 10090"
725001,2,2,"9606, 10090"
724634,2,1,10090
724635,2,2,"10090, 10116"
724076,2,2,"9606, 10116"
438488,2,2,"330879, 746128"
438570,2,2,"227321, 330879"
437751,2,2,"330879, 510516"
723382,2,2,"9606, 10090"
723297,2,1,9606
723422,2,2,"9606, 10090"
723471,2,1,9606
434570,2,2,"510516, 746128"
724932,2,1,9913
724750,2,2,"9606, 10090"
724752,2,1,9606
803777,2,2,"9606, 10090"
793760,2,2,"9606, 10090"
793535,2,2,"9606, 559292"
803713,2,2,"3702, 36329"
803575,2,2,"7955, 44689"
803705,2,2,"9606, 10090"
724676,2,2,"9606, 10090"
726595,2,2,"9606, 10116"
803578,2,1,9606
803803,2,1,44689
803808,2,2,"3702, 7227"
803506,2,1,3702
803507,2,2,"3702, 185431"
803633,2,2,"3702, 4081"
803655,2,2,"284812, 559292"
793737,2,2,"284812, 559292"
723904,2,1,10090
724063,2,2,"9606, 10090"
793994,2,2,"6239, 9606"
793679,2,2,"7227, 9606"
803572,2,2,"510516, 559292"
66852,2,2,"5664, 185431"
66839,2,2,"5702, 185431"
803577,2,2,"7227, 9606"
722557,2,1,9606
723834,2,2,"9606, 10090"
439955,2,2,"33178, 341663"
724109,2,2,"9606, 10090"
724116,2,2,"9606, 10090"
724119,2,2,"9606, 10090"
724134,2,2,"9606, 10090"
723894,2,2,"9606, 10090"
722073,2,1,9606
722080,2,1,9606
723295,2,2,"9606, 10090"
722341,2,1,9606
722351,2,1,9606
722357,2,1,9606
723790,2,1,9606
722323,2,1,9544
250170,2,1,3702
250043,2,1,3702
250066,2,1,3702
793745,2,2,"284812, 559292"
803635,2,2,"3702, 44689"
250148,2,1,3702
438757,2,2,"330879, 746128"
438781,2,1,227321
461725,2,2,"474922, 2747968"
793903,2,2,"9606, 10090"
793913,2,1,9606
793635,2,2,"9606, 10090"
793644,2,2,"7227, 9606"
793606,2,2,"6239, 7955"
793954,2,2,"9606, 10090"
793695,2,2,"284812, 559292"
1033241,2,2,"224326, 272623"
1033251,2,2,"3702, 36329"
1033267,2,2,"3702, 5062"
1033332,2,2,"3702, 3708"
438585,2,2,"227321, 330879"
723520,2,1,9606
1033633,2,2,"9031, 9606"
722364,2,1,9606
803746,2,2,"9606, 10090"
803501,2,2,"9606, 10090"
250329,2,1,3702
723823,2,2,"9606, 10090"
1033237,2,2,"36329, 71421"
1033375,2,2,"3702, 4097"
1033376,2,2,"39947, 1111708"
1033383,2,2,"3702, 1111708"
803439,2,2,"3702, 10116"
803446,2,2,"9606, 10090"
803451,2,2,"284812, 559292"
793909,2,2,"9606, 10090"
793999,2,1,9606
794013,2,2,"7955, 10090"
249956,2,1,3702
249917,2,1,3702
719269,2,1,10090
721523,2,1,9606
723638,2,2,"9606, 10090"
793984,2,2,"9606, 10090"
803565,2,2,"44689, 185431"
803425,2,2,"44689, 284812"
66931,2,2,"5660, 185431"
803432,2,2,"9606, 10090"
718831,2,1,10090
719364,2,2,"10090, 10116"
719593,2,2,"10090, 10116"
719262,2,1,10090
466140,2,2,"227321, 330879"
719694,2,1,10090
720027,2,1,9606
720030,2,1,9606
439184,2,2,"227321, 330879"
466177,2,2,"227321, 330879"
465890,2,2,"5062, 227321"
465898,2,2,"242507, 367110"
466375,2,2,"227321, 330879"
722231,2,1,9606
718736,2,1,10116
718814,2,2,"10090, 10116"
803391,2,1,3702
803372,2,2,"7227, 9606"
803402,2,2,"284593, 559292"
794177,2,2,"9606, 10090"
249568,2,1,3702
249550,2,1,3702
793983,2,2,"9606, 10090"
719257,2,1,10090
718848,2,1,10090
711810,2,1,9031
711881,2,1,9031
803480,2,2,"44689, 312017"
67107,2,2,"5664, 185431"
794169,2,2,"9606, 10090"
794173,2,2,"9606, 10090"
803518,2,2,"284812, 559292"
703538,2,1,8355
703673,2,1,8355
465866,2,2,"330879, 336722"
718785,2,1,10090
718803,2,1,10090
718721,2,1,10090
465717,2,2,"227321, 330879"
465738,2,2,"227321, 759272"
793919,2,2,"7227, 10090"
723497,2,1,9606
719616,2,2,"10090, 10116"
465900,2,2,"227321, 330879"
466027,2,2,"227321, 510516"
711370,2,2,"9031, 9103"
703031,2,2,"7955, 7998"
703352,2,1,8355
703586,2,2,"8355, 8364"
709334,2,1,9031
710162,2,1,9031
710199,2,1,9031
710283,2,1,9031
710487,2,2,"9031, 59729"
683852,2,1,7955
683840,2,1,7955
710488,2,1,9031
466479,2,2,"227321, 510516"
466540,2,2,"500485, 1365484"
468372,2,2,"5062, 330879"
466699,2,2,"227321, 330879"
466783,2,2,"227321, 330879"
716195,2,1,9913
704581,2,1,8355
700822,2,2,"7955, 8022"
717406,2,1,9913
712270,2,1,9031
712280,2,1,9031
468210,2,2,"227321, 330879"
468289,2,2,"8030, 227321"
468318,2,2,"227321, 510516"
467834,2,1,227321
718705,2,2,"10090, 10116"
718711,2,2,"10090, 10116"
468117,2,2,"330879, 510516"
702052,2,1,7955
702058,2,1,7955
700902,2,1,7955
701859,2,2,"7955, 8090"
700855,2,1,7955
249232,2,1,3702
67242,2,2,"5691, 185431"
67218,2,2,"5691, 185431"
803397,2,1,3702
249864,2,1,3702
249428,2,1,3702
794263,2,2,"9606, 10090"
794232,2,2,"7227, 9606"
702529,2,1,7955
702228,2,1,7955
702250,2,1,7955
702656,2,2,"7955, 8030"
702678,2,1,7955
702274,2,2,"7955, 7998"
702317,2,1,7955
702121,2,1,7955
471629,2,2,"227321, 330879"
702731,2,1,7955
702339,2,1,7955
697169,2,1,7955
684239,2,1,7955
702737,2,1,7955
702445,2,1,7955
702336,2,1,7955
683871,2,1,7955
683981,2,1,7955
683678,2,1,7955
683793,2,1,7955
697607,2,1,7955
471978,2,2,"330879, 746128"
472874,2,2,"227321, 330879"
474071,2,2,"33178, 341663"
794498,2,1,9606
794545,2,2,"9606, 10090"
803286,2,2,"9606, 10090"
803261,2,1,44689
67349,2,2,"5664, 5702"
67211,2,2,"5664, 185431"
803267,2,1,3702
803277,2,2,"9606, 10090"
700318,2,1,7998
700343,2,1,7955
700387,2,1,7955
697496,2,1,7955
700765,2,1,7955
697335,2,1,8030
697207,2,1,7955
697371,2,1,7955
655617,2,1,7227
654541,2,1,7227
700457,2,1,7955
474802,2,2,"227321, 330879"
474810,2,2,"227321, 330879"
469716,2,2,"330879, 663331"
470326,2,2,"40559, 332648"
655322,2,2,"6239, 7227"
794233,2,2,"9606, 10090"
794293,2,2,"284812, 559292"
794334,2,2,"284812, 559292"
702139,2,1,7955
702351,2,1,7998
654089,2,1,7227
654102,2,2,"6239, 7227"
654129,2,2,"6239, 7227"
654633,2,2,"7091, 7227"
654353,2,2,"6239, 7227"
658544,2,1,7227
658624,2,2,"6239, 7227"
655841,2,1,7227
649179,2,1,7227
649385,2,1,7227
649132,2,1,6239
652613,2,1,7227
652833,2,1,6239
655364,2,2,"6239, 7227"
683801,2,1,7955
683818,2,1,7955
683824,2,2,"7955, 108607"
475132,2,2,"227321, 759272"
654614,2,1,7227
654018,2,1,7227
654059,2,2,"6239, 7227"
475170,2,2,"235443, 330879"
474701,2,2,"227321, 330879"
651240,2,1,7227
651686,2,1,6239
650584,2,2,"6239, 7227"
651950,2,2,"6239, 7227"
794389,2,2,"7227, 9606"
794306,2,2,"284812, 559292"
249233,2,1,3702
794541,2,2,"7227, 9606"
794388,2,2,"6239, 9606"
470327,2,2,"40559, 332648"
700601,2,1,7955
649613,2,1,7227
803240,2,2,"9606, 44689"
803246,2,2,"5076, 227321"
249262,2,1,3702
249360,2,1,3702
249306,2,1,3702
249172,2,1,3702
794494,2,2,"9606, 10116"
794962,2,2,"9606, 284812"
654236,2,2,"6239, 7227"
794640,2,1,7955
249219,2,1,3702
67258,2,2,"5691, 185431"
67271,2,2,"5691, 185431"
803234,2,2,"9606, 10090"
803218,2,1,9606
803239,2,1,9606
654147,2,2,"6239, 7227"
654186,2,2,"6239, 7227"
475797,2,2,"330879, 510516"
476296,2,2,"227321, 330879"
475356,2,2,"36651, 330879"
651202,2,2,"6239, 7227"
474940,2,2,"7955, 227321"
475071,2,2,"227321, 330879"
649271,2,1,7227
649485,2,1,7227
475618,2,2,"242507, 1237896"
648745,2,2,"7227, 46245"
648805,2,2,"6239, 7227"
648715,2,2,"6239, 7227"
654197,2,2,"6239, 7227"
653127,2,1,6239
649826,2,1,6239
795706,2,2,"7955, 10090"
803242,2,2,"9606, 10090"
803174,2,1,44689
803251,2,2,"44689, 284812"
795396,2,2,"7227, 9606"
795234,2,2,"9606, 10090"
67457,2,1,185431
476912,2,1,559292
476958,2,2,"237561, 559292"
475244,2,2,"227321, 746128"
475320,2,2,"367110, 655827"
648724,2,1,7227
476950,2,2,"227321, 559292"
475451,2,2,"9606, 227321"
475491,2,2,"227321, 242507"
476913,2,2,"284593, 559292"
476929,2,2,"330879, 559292"
648679,2,2,"6239, 7227"
648709,2,2,"6239, 7227"
643305,2,1,7227
649141,2,2,"6239, 7227"
649687,2,1,7227
476940,2,2,"227321, 237561"
795409,2,2,"7227, 9606"
795420,2,2,"9606, 10090"
794525,2,2,"9606, 10090"
794527,2,1,9606
654111,2,2,"6239, 7227"
654297,2,2,"6239, 7227"
646490,2,1,7227
476615,2,2,"5057, 330879"
648872,2,2,"6239, 7227"
647932,2,1,7227
648178,2,1,7227
476998,2,2,"237561, 559292"
642567,2,1,7227
641296,2,1,7227
477516,2,2,"284812, 559292"
477518,2,2,"284812, 559292"
642687,2,1,7227
642690,2,1,7227
477486,2,2,"284812, 559292"
477470,2,2,"284812, 559292"
649084,2,1,7227
649102,2,2,"6239, 7227"
642942,2,1,7227
648678,2,2,"6239, 7227"
476994,2,1,559292
642874,2,1,7227
643225,2,1,7227
477475,2,2,"284812, 559292"
477476,2,2,"284812, 559292"
477477,2,2,"237561, 559292"
642750,2,1,7227
642755,2,1,7227
67376,2,2,"5691, 185431"
249092,2,1,3702
249212,2,1,3702
794688,2,2,"284812, 559292"
794999,2,2,"9606, 10090"
649900,2,1,7227
649776,2,1,7227
477479,2,2,"284812, 559292"
795316,2,2,"9606, 10090"
795334,2,2,"9606, 10090"
795359,2,1,6239
795388,2,2,"9606, 10090"
795511,2,2,"6239, 333772"
795464,2,2,"9606, 10090"
67561,2,2,"5691, 185431"
795703,2,2,"9606, 10090"
477460,2,2,"284812, 559292"
477482,2,2,"284812, 559292"
477483,2,2,"284812, 559292"
477484,2,2,"284812, 559292"
795466,2,2,"9606, 10090"
794956,2,2,"9606, 10090"
795199,2,2,"9606, 10090"
795442,2,2,"7227, 9606"
641880,2,1,7227
642834,2,1,7227
642931,2,1,7227
477473,2,2,"284812, 559292"
477474,2,2,"284812, 559292"
641317,2,2,"306, 7227"
641646,2,1,7227
641119,2,1,7227
477506,2,2,"284812, 559292"
477429,2,1,559292
641674,2,1,7227
640435,2,1,7227
640446,2,1,7227
640364,2,1,7227
477463,2,2,"284812, 559292"
477466,2,2,"284812, 559292"
67624,2,2,"7227, 185431"
67555,2,1,185431
803131,2,2,"7227, 44689"
803117,2,2,"3702, 9606"
795731,2,2,"9606, 10090"
803150,2,2,"3702, 185431"
795696,2,2,"9606, 10090"
795750,2,2,"9606, 10090"
477504,2,2,"284812, 559292"
477487,2,2,"284812, 559292"
639822,2,1,7227
640050,2,1,7227
477462,2,2,"284812, 559292"
477507,2,2,"284812, 559292"
249008,2,1,3702
248992,2,1,3702
640058,2,1,7227
477489,2,2,"284812, 559292"
477490,2,2,"284812, 559292"
477491,2,2,"284812, 559292"
477493,2,2,"284812, 559292"
477555,2,2,"284812, 559292"
477496,2,2,"284812, 559292"
477502,2,2,"237561, 559292"
646142,2,1,7227
477553,2,2,"284812, 559292"
477554,2,2,"284812, 559292"
477533,2,2,"284812, 559292"
477534,2,2,"284812, 559292"
477560,2,2,"284812, 559292"
477561,2,2,"284812, 559292"
477569,2,2,"284812, 559292"
636122,2,1,7227
640579,2,1,7227
641020,2,1,7227
639726,2,1,7227
639771,2,1,7227
639788,2,1,7227
639714,2,1,7227
639718,2,2,"7227, 7460"
477523,2,2,"284812, 559292"
477524,2,2,"284812, 559292"
639533,2,1,7227
638308,2,1,7227
477552,2,2,"284812, 559292"
638485,2,1,7224
638811,2,1,7227
638761,2,1,7227
477526,2,2,"284812, 559292"
477527,2,2,"284812, 559292"
477529,2,2,"284812, 559292"
477637,2,2,"227321, 284812"
477535,2,2,"284812, 559292"
477536,2,2,"284812, 559292"
477538,2,2,"284812, 559292"
477539,2,2,"284812, 559292"
795713,2,2,"9606, 10090"
249072,2,1,3702
797293,2,2,"9606, 10116"
796737,2,2,"9606, 10090"
795773,2,2,"9606, 10090"
795774,2,2,"9606, 10090"
477508,2,2,"237561, 559292"
477509,2,2,"237561, 559292"
639457,2,1,7227
639314,2,1,7227
477605,2,2,"284812, 759272"
477652,2,1,227321
477665,2,2,"284812, 559292"
634552,2,1,7227
634702,2,1,7227
634739,2,1,7227
634914,2,1,7227
635795,2,1,7227
635099,2,1,7227
635044,2,1,7227
635045,2,1,7227
639408,2,2,"7159, 7227"
639421,2,1,7227
639872,2,1,7227
638189,2,1,7227
638190,2,1,7227
635312,2,1,7227
635357,2,1,7227
638175,2,2,"7091, 7227"
638185,2,1,7227
635666,2,1,7227
635847,2,1,7227
477824,2,2,"284812, 559292"
477825,2,2,"284812, 559292"
477705,2,1,284812
477578,2,2,"284812, 559292"
477593,2,1,284812
477599,2,2,"227321, 284812"
477603,2,2,"227321, 367110"
638187,2,1,7227
67531,2,1,185431
795994,2,1,7227
803108,2,2,"9606, 10090"
803112,2,1,44689
803079,2,2,"9606, 185431"
796088,2,2,"9606, 10090"
795776,2,2,"9606, 10090"
795824,2,2,"9606, 10090"
636156,2,1,7227
636335,2,1,7227
635992,2,1,7227
477692,2,2,"227321, 284812"
477818,2,2,"284812, 559292"
796752,2,2,"9606, 10116"
796805,2,2,"9606, 9913"
67725,2,2,"5664, 185431"
634054,2,1,7227
634121,2,1,7227
634123,2,1,7227
634141,2,1,7227
634185,2,1,7227
634204,2,1,7227
634210,2,1,7227
634116,2,1,7227
634338,2,1,7227
634342,2,2,"7227, 46245"
634312,2,1,7227
634423,2,1,7227
634224,2,2,"7227, 7955"
634262,2,1,7227
634101,2,1,7227
634107,2,2,"7227, 7460"
635154,2,2,"7227, 104623"
634575,2,1,7227
477840,2,2,"284812, 559292"
477880,2,2,"227321, 284812"
477856,2,1,559292
1033696,2,1,9606
1033467,2,2,"3702, 39947"
477931,2,2,"284812, 559292"
633842,2,1,7227
477914,2,2,"284812, 559292"
631533,2,2,"7227, 401614"
633832,2,1,7227
630855,2,1,7227
630861,2,1,7227
631988,2,2,"7227, 7460"
477849,2,2,"284812, 759272"
477847,2,2,"284812, 559292"
633925,2,1,7227
633975,2,2,"7091, 7227"
634043,2,1,7227
634011,2,1,7227
633100,2,1,7227
633818,2,1,7227
633837,2,1,7227
796078,2,2,"284812, 559292"
795567,2,2,"9606, 10090"
477820,2,2,"284812, 559292"
477821,2,2,"284812, 559292"
477949,2,1,559292
477833,2,2,"284812, 559292"
477837,2,2,"284812, 559292"
477843,2,2,"284812, 559292"
798101,2,2,"9606, 10090"
797314,2,2,"9606, 10090"
248888,2,1,3702
248914,2,1,3702
248794,2,1,3702
796424,2,1,9606
796486,2,2,"7227, 9606"
800108,2,2,"237561, 559292"
1033966,2,2,"3702, 39947"
1034784,2,2,"169963, 195102"
1034787,2,1,3702
801476,2,2,"3702, 44689"
797315,2,2,"7955, 9606"
797522,2,1,9606
797565,2,1,9606
798053,2,1,6239
1033392,2,2,"3702, 1111708"
1033399,2,1,3702
1033401,2,2,"3702, 1111708"
1033402,2,2,"3702, 1111708"
1033404,2,2,"3702, 4577"
1033388,2,2,"3702, 1111708"
633857,2,1,7227
1033954,2,2,"29549, 88036"
477934,2,2,"227321, 237561"
477935,2,2,"284812, 559292"
1033431,2,2,"3702, 39947"
1033709,2,2,"227321, 510516"
1033803,2,1,3702
1033389,2,2,"3702, 1111708"
1033390,2,2,"3055, 3702"
1033391,2,2,"3702, 1111708"
630461,2,1,7227
630473,2,1,7227
630423,2,1,7227
629853,2,1,7227
478365,2,2,"284812, 559292"
478368,2,1,284812
478370,2,2,"237561, 330879"
628806,2,1,7227
477892,2,2,"227321, 284812"
630785,2,1,7227
630835,2,1,7227
630746,2,1,7227
630375,2,1,7227
630419,2,1,7227
630430,2,1,7227
630460,2,2,"7091, 7227"
629499,2,1,7227
630527,2,1,7227
478011,2,2,"227321, 284812"
478165,2,1,284812
477909,2,1,284812
630911,2,1,7227
630488,2,1,7227
477925,2,2,"284812, 559292"
796534,2,2,"9606, 10090"
796355,2,2,"9606, 10116"
1033396,2,2,"39946, 1111708"
631145,2,1,7227
631310,2,1,7227
630999,2,1,7227
630539,2,1,7227
630555,2,1,7227
803068,2,2,"284812, 559292"
248703,2,1,3702
248656,2,1,3702
800286,2,2,"9606, 10090"
800521,2,2,"227321, 510516"
800657,2,2,"9606, 10090"
801129,2,2,"9606, 10090"
248853,2,1,3702
629285,2,1,7227
629259,2,1,7227
802827,2,1,9606
802878,2,2,"9606, 10090"
803033,2,2,"7227, 44689"
803037,2,1,7227
68079,2,1,185431
67992,2,2,"5664, 185431"
629797,2,1,7227
478364,2,2,"284812, 559292"
629495,2,1,7227
629380,2,1,7227
629677,2,1,7227
629744,2,1,7227
477987,2,2,"227321, 510516"
629280,2,1,7227
628952,2,1,7227
628813,2,1,7227
628827,2,1,7227
477979,2,2,"227321, 330879"
630291,2,1,7227
630297,2,1,7227
629882,2,1,7227
630002,2,1,7227
628837,2,1,7227
628838,2,1,7227
628905,2,1,7227
628916,2,1,7227
628886,2,1,7227
628940,2,1,7227
628945,2,1,7227
478461,2,2,"284812, 559292"
629047,2,1,7227
629060,2,1,7227
628958,2,1,7227
628965,2,1,7227
629079,2,1,7227
478355,2,2,"284812, 559292"
478356,2,1,284812
629236,2,1,7227
628561,2,1,7227
628576,2,1,7227
629241,2,1,7227
629359,2,1,7227
629374,2,1,7227
629335,2,1,7227
629036,2,1,7227
629361,2,1,7227
802979,2,1,44689
630335,2,1,7227
629390,2,1,7227
629073,2,1,7227
628534,2,1,7227
628535,2,1,7227
628549,2,1,7227
628558,2,1,7227
802792,2,2,"9606, 10090"
802896,2,2,"7227, 9606"
802904,2,1,3702
802908,2,2,"7227, 9606"
802963,2,2,"6239, 284812"
248760,2,1,3702
803093,2,2,"3702, 284812"
802863,2,1,3702
478468,2,2,"284812, 559292"
478471,2,2,"284812, 559292"
478455,2,2,"284812, 559292"
478465,2,2,"284812, 559292"
628770,2,1,7227
628773,2,1,7227
628647,2,1,7227
802729,2,2,"9606, 284812"
628831,2,1,7227
628719,2,1,7227
628725,2,1,7227
628727,2,1,7227
628859,2,1,7227
628763,2,1,7227
628690,2,1,7227
478464,2,2,"284812, 559292"
628316,2,1,7227
628066,2,1,7227
628095,2,1,7227
628183,2,1,7227
628189,2,1,7227
627977,2,1,7227
478393,2,2,"284812, 559292"
628874,2,1,7227
802715,2,2,"9606, 10090"
136696,2,1,36329
802775,2,2,"3702, 9606"
248510,2,1,3702
248514,2,1,3702
248516,2,1,3702
248490,2,1,3702
801583,2,2,"9606, 10090"
478511,2,2,"284812, 559292"
478495,2,2,"284812, 559292"
478431,2,2,"284812, 559292"
628370,2,1,7227
628466,2,1,7227
628207,2,1,7227
628211,2,1,7227
802714,2,2,"3702, 9606"
627819,2,1,7227
478477,2,1,227321
628562,2,1,7227
628327,2,1,7227
478498,2,2,"284812, 559292"
478484,2,2,"284812, 559292"
627942,2,1,7227
478509,2,2,"284812, 559292"
802766,2,1,284812
136358,2,1,36329
628693,2,1,7227
627785,2,1,7227
627793,2,1,7227
627943,2,1,7227
627853,2,1,7227
627872,2,1,7227
627917,2,1,7227
627882,2,1,7227
627938,2,1,7227
478481,2,2,"284812, 559292"
478483,2,2,"284812, 559292"
626418,2,1,7227
626449,2,1,7227
626244,2,1,7227
627764,2,1,7227
478486,2,2,"227321, 330879"
478491,2,2,"284812, 559292"
478476,2,2,"284812, 559292"
628003,2,1,7227
478557,2,2,"237561, 559292"
628020,2,1,7227
628053,2,1,7227
627757,2,1,7227
478702,2,2,"284812, 510516"
478540,2,2,"237561, 284812"
478478,2,2,"284812, 559292"
478479,2,2,"284812, 559292"
478480,2,2,"284812, 559292"
627753,2,1,7227
627760,2,1,7227
801559,2,2,"7955, 10090"
248492,2,1,3702
801538,2,2,"9606, 10090"
248645,2,1,3702
248626,2,1,3702
802734,2,2,"9606, 10090"
628253,2,1,7227
628287,2,1,7227
802705,2,2,"284812, 559292"
248543,2,1,3702
248508,2,1,3702
248441,2,1,3702
248444,2,1,3702
802654,2,2,"9606, 10090"
802662,2,1,284812
478714,2,2,"284812, 559292"
627862,2,1,7227
478526,2,2,"284812, 559292"
478512,2,2,"284812, 559292"
138912,2,2,"5823, 36329"
138631,2,2,"5823, 36329"
136739,2,1,36329
802779,2,1,3702
138679,2,2,"5823, 36329"
626600,2,1,7227
626320,2,1,7227
478647,2,2,"284812, 559292"
478734,2,2,"237561, 559292"
478740,2,2,"284812, 559292"
478741,2,2,"284812, 559292"
627695,2,1,7227
627703,2,1,7227
626778,2,1,7227
626852,2,1,7227
626638,2,1,7227
627717,2,1,7227
627725,2,1,7227
627728,2,1,7227
478704,2,2,"284812, 559292"
626468,2,1,7227
626534,2,1,7227
802683,2,2,"3702, 9606"
802667,2,1,9606
802674,2,2,"7227, 9606"
248476,2,1,3702
801614,2,2,"9606, 559292"
801606,2,1,6239
802608,2,1,3702
627303,2,1,7227
627655,2,1,7227
478981,2,2,"227321, 510516"
478852,2,1,559292
626844,2,1,7227
626620,2,1,7227
626645,2,1,7227
626687,2,2,"7227, 7240"
478627,2,2,"284812, 559292"
626011,2,1,7227
626013,2,1,7227
626023,2,1,7227
626115,2,1,7227
627229,2,1,7227
627255,2,1,7227
627290,2,1,7227
478720,2,2,"5061, 227321"
478721,2,2,"284593, 284812"
625669,2,1,7227
625561,2,1,7227
626173,2,1,7227
626181,2,2,"7227, 29029"
626194,2,1,7227
479135,2,2,"227321, 330879"
479630,2,1,284812
625991,2,1,7227
625998,2,1,7227
478929,2,1,237561
478930,2,2,"237561, 559292"
623018,2,1,7227
623027,2,1,7227
623148,2,1,7227
625196,2,1,7227
625213,2,1,7227
626317,2,1,7227
626298,2,1,7227
626149,2,1,7227
626248,2,1,7227
479616,2,2,"237561, 559292"
479620,2,1,284812
625485,2,1,7227
625554,2,1,7227
625556,2,1,7227
625392,2,1,7227
625365,2,1,7227
625422,2,2,"7227, 7955"
625451,2,1,7227
625357,2,1,7227
801634,2,2,"284812, 559292"
802570,2,2,"9606, 10090"
802637,2,2,"9606, 10090"
478633,2,2,"284812, 559292"
478636,2,2,"284812, 559292"
478608,2,1,227321
625531,2,1,7227
625537,2,1,7227
802623,2,2,"9606, 559292"
248393,2,1,3702
248282,2,1,3702
802551,2,2,"3702, 39947"
801675,2,2,"7955, 9606"
802515,2,2,"3702, 44689"
140334,2,1,36329
139892,2,2,"5843, 36329"
480122,2,2,"227321, 240176"
622822,2,1,7227
479200,2,1,559292
801696,2,2,"9606, 10090"
802583,2,2,"3702, 185431"
802584,2,2,"7227, 9606"
802587,2,2,"9606, 10116"
139763,2,1,36329
622551,2,1,7227
623700,2,1,7227
623332,2,1,7227
625819,2,1,7227
625862,2,1,7227
625464,2,1,7227
625492,2,1,7227
625496,2,1,7227
623158,2,1,7227
623010,2,1,7227
623211,2,1,7227
479823,2,2,"284812, 559292"
622839,2,1,7227
622840,2,1,7227
622400,2,1,7227
622427,2,1,7227
624110,2,1,7227
482116,2,2,"284812, 559292"
482118,2,2,"284812, 559292"
482045,2,2,"284812, 559292"
482047,2,2,"237561, 284812"
482086,2,2,"284812, 559292"
482087,2,2,"284812, 559292"
482119,2,1,237561
622068,2,1,7227
622060,2,1,7227
622124,2,1,7227
479980,2,2,"284593, 559292"
624714,2,1,7227
625168,2,1,7227
623252,2,1,7227
623303,2,1,7227
622028,2,1,7227
622179,2,1,7227
622374,2,1,7227
625245,2,1,7227
481471,2,2,"227321, 559292"
482020,2,2,"284812, 559292"
482022,2,2,"284812, 559292"
482028,2,2,"284812, 330879"
802505,2,2,"9606, 10090"
479409,2,2,"284812, 559292"
479167,2,2,"284812, 559292"
625818,2,1,7227
622205,2,1,7227
622217,2,1,7227
622072,2,1,7227
621968,2,1,7227
801680,2,2,"7227, 185431"
248205,2,1,3702
801686,2,2,"9606, 10090"
801664,2,2,"284812, 559292"
248318,2,1,3702
248319,2,1,3702
802447,2,2,"9606, 10090"
802449,2,2,"3702, 9606"
622339,2,1,7227
802368,2,2,"3702, 185431"
802350,2,2,"284812, 559292"
802504,2,2,"9606, 185431"
248208,2,1,3702
248217,2,1,3702
802493,2,2,"9606, 185431"
802484,2,2,"3702, 9606"
482066,2,2,"237561, 559292"
482050,2,2,"284812, 559292"
482051,2,2,"237561, 559292"
482031,2,2,"284812, 559292"
482052,2,2,"284812, 559292"
482061,2,2,"284812, 559292"
622385,2,1,7227
622392,2,1,7227
621885,2,1,7227
621924,2,1,7227
621765,2,1,7227
482035,2,2,"284812, 559292"
482037,2,2,"284812, 559292"
482059,2,2,"284812, 559292"
482041,2,2,"237561, 559292"
482065,2,2,"284812, 559292"
482032,2,2,"284812, 559292"
482033,2,2,"284812, 559292"
248101,2,1,3702
801753,2,2,"9606, 10090"
802400,2,2,"9606, 284812"
802381,2,2,"284812, 559292"
141765,2,1,36329
141953,2,2,"36329, 137071"
482097,2,2,"284812, 559292"
621867,2,1,7227
482113,2,2,"284812, 559292"
621620,2,1,7227
621809,2,1,7227
621813,2,1,7227
482121,2,2,"284812, 559292"
482130,2,2,"284812, 559292"
482304,2,2,"284812, 559292"
482075,2,2,"284812, 559292"
621650,2,1,7227
621674,2,1,7227
621698,2,1,7227
621705,2,1,7227
482088,2,2,"237561, 559292"
482092,2,2,"284812, 559292"
622518,2,1,7227
622310,2,1,7227
482054,2,2,"284812, 559292"
482073,2,2,"284812, 559292"
621808,2,1,7227
621759,2,1,7227
482482,2,2,"284812, 559292"
482302,2,2,"284812, 559292"
802329,2,2,"3702, 9606"
802331,2,2,"44689, 284812"
802297,2,2,"9606, 10116"
802290,2,2,"9606, 185431"
801765,2,2,"3055, 9606"
801735,2,2,"9606, 10090"
248200,2,1,3702
248173,2,1,3702
18580,2,2,"79929, 243232"
1035462,2,2,"3702, 224308"
482083,2,2,"284812, 559292"
482084,2,2,"284812, 559292"
621776,2,1,7227
802223,2,1,9606
211987,2,1,39947
802325,2,2,"284812, 559292"
622041,2,1,7227
18595,2,2,"190192, 224325"
49195,2,1,44689
18577,2,2,"70601, 272557"
1034855,2,1,227321
482386,2,2,"284812, 559292"
1034091,2,1,3702
1033967,2,2,"284593, 559292"
141959,2,2,"5843, 36329"
801721,2,1,3702
802399,2,2,"3702, 44689"
802357,2,2,"7955, 9606"
141450,2,2,"5811, 36329"
801728,2,2,"9606, 10116"
802316,2,2,"3702, 44689"
145619,2,2,"5843, 36329"
620416,2,1,7227
620466,2,1,7227
482942,2,2,"284812, 559292"
482933,2,2,"284812, 559292"
482490,2,2,"284812, 559292"
482492,2,2,"284812, 559292"
482501,2,2,"284812, 559292"
620492,2,1,7227
621083,2,1,7227
621440,2,2,"7227, 11273"
621452,2,1,7227
482479,2,2,"284812, 559292"
620666,2,1,7227
620803,2,1,7227
620839,2,1,7227
620655,2,1,7227
621463,2,1,7227
482515,2,1,284812
482780,2,2,"284812, 559292"
482784,2,2,"284812, 559292"
482153,2,2,"284812, 559292"
482179,2,2,"284812, 559292"
621579,2,1,7227
621047,2,1,7227
248085,2,1,3702
248051,2,1,3702
802235,2,2,"284812, 559292"
482337,2,2,"4837, 227321"
482384,2,2,"284812, 559292"
482211,2,2,"284812, 559292"
621711,2,1,7227
621492,2,1,7227
248099,2,1,3702
212087,2,1,39947
197940,2,1,39947
197967,2,2,"39946, 39947"
198076,2,2,"39946, 39947"
198519,2,1,39947
801823,2,2,"9606, 10090"
802185,2,1,284812
802332,2,2,"3702, 9606"
198909,2,1,39947
202069,2,1,39947
148462,2,1,312017
801795,2,2,"9606, 10090"
801806,2,1,3702
248118,2,1,3702
248130,2,1,3702
620092,2,1,7227
620375,2,1,7227
620390,2,1,7227
619017,2,1,7227
212915,2,1,39947
212922,2,2,"39946, 39947"
248006,2,1,3702
801793,2,2,"3702, 9606"
620537,2,1,7227
619709,2,1,7227
620500,2,1,7227
619945,2,1,7227
620051,2,1,7227
620079,2,1,7227
482962,2,2,"284812, 559292"
482963,2,2,"284812, 559292"
211589,2,1,4536
213336,2,2,"39946, 39947"
802140,2,2,"7955, 9606"
213002,2,2,"39947, 112509"
801904,2,2,"3702, 185431"
802104,2,2,"3702, 9606"
802149,2,2,"7227, 9606"
802162,2,1,3702
482804,2,1,284812
482816,2,2,"227321, 284812"
618584,2,1,7227
618007,2,1,7227
619112,2,1,7227
802080,2,2,"3702, 9606"
802085,2,2,"9606, 559292"
212573,2,1,39947
617710,2,1,7227
617989,2,1,7227
483200,2,1,227321
483252,2,2,"284812, 559292"
483256,2,2,"284812, 559292"
483411,2,2,"284812, 559292"
483412,2,2,"284812, 759272"
483178,2,1,227321
212495,2,2,"4577, 39947"
802227,2,2,"36329, 185431"
619045,2,1,7227
620494,2,1,7227
617832,2,1,7227
617609,2,1,7227
617654,2,1,7227
617660,2,1,7227
802041,2,2,"9606, 284812"
801951,2,2,"185431, 559292"
216009,2,2,"39946, 39947"
216480,2,1,4577
802057,2,1,3702
802116,2,2,"7227, 9606"
801853,2,2,"6239, 9606"
247969,2,1,3702
618034,2,1,7227
617937,2,1,7227
483866,2,1,559292
618104,2,1,7227
617845,2,1,7227
617903,2,1,7227
617916,2,1,7227
484017,2,2,"227321, 284812"
484531,2,1,559292
483766,2,2,"284812, 559292"
483816,2,2,"237561, 559292"
617551,2,1,7227
484245,2,2,"284812, 559292"
616704,2,1,7227
617558,2,1,7227
482970,2,1,284812
213021,2,2,"39946, 39947"
212760,2,2,"4577, 39947"
214906,2,2,"15368, 39947"
212717,2,2,"4577, 39947"
619146,2,1,7227
618236,2,1,7227
616728,2,1,7227
616738,2,1,7227
617050,2,1,7227
567933,2,1,6239
617571,2,1,7227
484430,2,2,"284812, 559292"
484560,2,2,"284812, 559292"
484567,2,2,"284812, 559292"
483716,2,2,"284812, 559292"
565008,2,1,6239
567647,2,1,6239
567995,2,1,6239
567674,2,1,6239
567079,2,1,6239
617751,2,1,7227
617754,2,1,7227
617721,2,1,7227
617509,2,1,7227
483069,2,2,"227321, 559292"
569185,2,1,6239
568833,2,2,"6239, 6279"
568487,2,2,"6238, 6239"
568052,2,1,6239
586947,2,1,6945
567951,2,1,6239
568042,2,1,6239
237407,2,1,3702
801850,2,1,9606
214372,2,2,"39946, 39947"
220264,2,1,39947
801891,2,2,"9606, 185431"
802049,2,2,"9606, 10090"
483041,2,2,"284812, 559292"
483046,2,2,"284812, 559292"
220079,2,1,39947
220084,2,1,4577
220247,2,1,39947
215696,2,1,39947
801991,2,2,"3702, 9606"
801926,2,2,"3702, 39947"
237221,2,1,3702
801905,2,2,"7227, 9606"
564763,2,1,6239
564227,2,1,6239
564395,2,1,6239
569398,2,1,6239
569053,2,1,6239
1036050,2,2,"62977, 237561"
237180,2,1,3702
220325,2,1,39947
563947,2,1,6239
565708,2,1,6239
565593,2,1,6239
565103,2,1,6239
564901,2,1,6239
484268,2,2,"227321, 559292"
484414,2,2,"284812, 559292"
484419,2,2,"284812, 559292"
565021,2,1,6239
564794,2,1,6239
484665,2,2,"284812, 559292"
484743,2,2,"367110, 498257"
566431,2,1,6239
564403,2,1,6239
564453,2,1,6239
563935,2,1,6239
566545,2,1,6239
566588,2,1,6239
565906,2,1,6239
565679,2,1,6239
567154,2,1,6239
484581,2,1,559292
555053,2,1,6239
555115,2,1,6239
561969,2,1,6239
563240,2,1,6239
563355,2,1,6239
550383,2,1,6239
562024,2,1,6239
562132,2,1,6239
562171,2,1,6239
562078,2,1,6239
562322,2,1,6239
562645,2,1,6239
562696,2,1,6239
563770,2,1,6239
563774,2,1,6239
563785,2,2,"6239, 6282"
561886,2,1,6239
561938,2,2,"6238, 6239"
237128,2,1,3702
237147,2,1,3702
802008,2,2,"9606, 10090"
801998,2,2,"10116, 36329"
221096,2,1,39947
225770,2,1,4097
616762,2,1,7227
484965,2,2,"284812, 559292"
1038586,2,2,"170187, 243230"
1038732,2,2,"83332, 224326"
550479,2,1,6239
17544,2,2,"186497, 243232"
1039896,2,2,"224308, 282458"
552200,2,1,6239
552112,2,1,6239
17796,2,2,"243232, 267377"
8847,2,2,"273057, 330779"
17562,2,1,2180
551267,2,1,6239
551287,2,1,6239
551312,2,1,6239
551332,2,1,6239
550981,2,1,6239
9125,2,2,"273057, 330779"
551525,2,1,6239
551239,2,1,6239
1036192,2,2,"83333, 208964"
550576,2,1,6239
551748,2,1,6239
16634,2,1,2208
17645,2,2,"186497, 273057"
17679,2,2,"70601, 267377"
1037811,2,1,237561
17691,2,2,"243232, 267377"
17731,2,2,"70601, 224325"
1035008,2,2,"9606, 10116"
1036086,2,2,"284812, 559292"
1036154,2,2,"284812, 559292"
1036182,2,2,"23211, 208964"
1035710,2,2,"3702, 39947"
551719,2,1,6239
552410,2,1,6239
552494,2,1,6239
552308,2,1,6239
552310,2,1,6239
552351,2,1,6239
17567,2,2,"56636, 348780"
552063,2,1,6239
551828,2,1,6239
552038,2,1,6239
552313,2,1,6239
553728,2,1,6239
553854,2,1,6239
553181,2,2,"6238, 6239"
553073,2,1,6239
552745,2,1,6239
1040134,2,2,"9606, 10090"
1037087,2,2,"9606, 10090"
552774,2,1,6239
552783,2,1,6239
554635,2,1,6239
550875,2,1,6239
551055,2,1,6239
551477,2,1,6239
1035688,2,2,"3702, 4565"
1034363,2,2,"5691, 185431"
1034848,2,2,"284593, 559292"
1034317,2,2,"9606, 10090"
556824,2,1,6239
562007,2,1,6239
561960,2,1,6239
550962,2,1,6239
1037995,1,1,227321
1383,1,1,186497
1389,1,1,70601
1594,1,1,186497
2656,1,1,273075
7855,1,1,273057
7951,1,1,9913
8185,1,1,272557
8382,1,1,272557
8586,1,1,768679
8601,1,1,330779
12455,1,1,2257
16626,1,1,269797
1040085,1,1,208964
18124,1,1,79929
17909,1,1,273057
17915,1,1,243232
1036792,1,1,208964
1036820,1,1,208964
1036948,1,1,208964
1036297,1,1,1582
1036323,1,1,83332
18475,1,1,273057
18572,1,1,273057
18006,1,1,224325
18034,1,1,224325
18056,1,1,243232
18078,1,1,243232
18084,1,1,79929
18121,1,1,243232
1039359,1,1,224308
1039483,1,1,10090
16635,1,1,2208
18173,1,1,243232
18237,1,1,243232
18264,1,1,2265
18403,1,1,243232
18411,1,1,243232
1039528,1,1,208964
1039600,1,1,83332
1039665,1,1,198628
1039737,1,1,208964
1039752,1,1,23013
1039754,1,1,224308
1038929,1,1,243277
1038932,1,1,208964
551206,1,1,6239
551210,1,1,6239
551232,1,1,6239
551235,1,1,6239
551243,1,1,6239
551247,1,1,6239
551254,1,1,6239
551157,1,1,6239
551319,1,1,6239
551321,1,1,6239
551326,1,1,6239
551266,1,1,6239
551275,1,1,6239
551288,1,1,6239
551291,1,1,6239
551301,1,1,6239
550986,1,1,6239
551003,1,1,6239
551004,1,1,6239
551007,1,1,6239
551022,1,1,6239
551302,1,1,6239
551309,1,1,6239
551318,1,1,6239
1038676,1,1,208964
1038161,1,1,208964
551030,1,1,6239
551036,1,1,6239
551042,1,1,6239
551044,1,1,6239
551049,1,1,6239
550977,1,1,6239
550851,1,1,6239
550855,1,1,6239
550856,1,1,6239
550857,1,1,6239
550792,1,1,6239
550794,1,1,6239
550797,1,1,6239
550801,1,1,6239
551468,1,1,6239
551473,1,1,6239
551476,1,1,6239
551487,1,1,6239
551363,1,1,6239
551367,1,1,6239
550832,1,1,6239
550841,1,1,6239
551500,1,1,6239
551506,1,1,6239
551510,1,1,6239
551515,1,1,6239
551535,1,1,6239
551421,1,1,6239
551422,1,1,6239
551440,1,1,6239
551158,1,1,6239
551160,1,1,6239
551179,1,1,6239
551185,1,1,6239
551189,1,1,6239
551195,1,1,6239
551197,1,1,6239
551491,1,1,6239
551404,1,1,6239
551410,1,1,6239
551416,1,1,6239
551338,1,1,6239
551339,1,1,6239
551348,1,1,6239
551350,1,1,6239
551353,1,1,6239
551081,1,1,6239
551088,1,1,6239
551098,1,1,6239
551027,1,1,6239
551028,1,1,6239
551382,1,1,6239
551383,1,1,6239
551389,1,1,6239
551120,1,1,6239
551135,1,1,6239
551140,1,1,6239
551151,1,1,6239
551052,1,1,6239
551062,1,1,6239
551077,1,1,6239
551079,1,1,6239
550802,1,1,6239
550807,1,1,6239
550813,1,1,6239
550818,1,1,6239
551103,1,1,6239
551104,1,1,6239
551111,1,1,6239
551113,1,1,6239
551543,1,1,6239
551545,1,1,6239
551550,1,1,6239
551560,1,1,6239
551567,1,1,6239
551587,1,1,6239
551594,1,1,6239
551910,1,1,6239
551601,1,1,6239
551606,1,1,6239
551614,1,1,6239
551620,1,1,6239
551628,1,1,6239
551629,1,1,6239
551640,1,1,6239
551542,1,1,6239
551665,1,1,6239
551667,1,1,6239
551691,1,1,6239
551693,1,1,6239
551694,1,1,6239
551698,1,1,6239
551700,1,1,6239
551595,1,1,6239
551356,1,1,6239
551705,1,1,6239
551714,1,1,6239
551717,1,1,6239
551742,1,1,6239
551751,1,1,6239
551757,1,1,6239
551643,1,1,6239
551780,1,1,6239
551790,1,1,6239
551804,1,1,6239
551808,1,1,6239
551820,1,1,6239
552155,1,1,6239
552179,1,1,6239
552181,1,1,6239
551832,1,1,6239
551835,1,1,6239
551837,1,1,6239
551841,1,1,6239
551854,1,1,6239
551759,1,1,6239
551763,1,1,6239
551771,1,1,6239
551872,1,1,6239
551877,1,1,6239
551882,1,1,6239
551885,1,1,6239
551900,1,1,6239
551908,1,1,6239
551823,1,1,6239
551824,1,1,6239
551925,1,1,6239
551927,1,1,6239
551932,1,1,6239
551947,1,1,6239
551963,1,1,6239
551968,1,1,6239
551862,1,1,6239
551865,1,1,6239
552333,1,1,6239
552343,1,1,6239
552358,1,1,6239
552359,1,1,6239
552364,1,1,6239
552279,1,1,6239
552290,1,1,6239
552291,1,1,6239
552107,1,1,6239
551971,1,1,6239
551976,1,1,6239
551989,1,1,6239
551990,1,1,6239
551991,1,1,6239
552048,1,1,6239
552321,1,1,6239
552149,1,1,6239
552152,1,1,6239
552052,1,1,6239
552058,1,1,6239
552064,1,1,6239
552097,1,1,6239
552100,1,1,6239
552101,1,1,6239
552186,1,1,6239
552191,1,1,6239
552197,1,1,6239
552202,1,1,6239
552124,1,1,6239
552126,1,1,6239
552137,1,1,6239
552148,1,1,6239
552600,1,1,6239
552602,1,1,6239
552606,1,1,6239
552492,1,1,6239
552511,1,1,6239
552533,1,1,6239
552539,1,1,6239
552550,1,1,6239
552223,1,1,6239
552233,1,1,6239
552234,1,1,6239
552552,1,1,6239
552554,1,1,6239
552565,1,1,6239
552589,1,1,6239
552595,1,1,6239
552262,1,1,6239
552265,1,1,6239
552277,1,1,6239
552205,1,1,6239
552206,1,1,6239
552207,1,1,6239
552211,1,1,6239
552214,1,1,6239
552292,1,1,6239
552300,1,1,6239
552306,1,1,6239
552240,1,1,6239
552241,1,1,6239
552249,1,1,6239
552258,1,1,6239
552260,1,1,6239
552806,1,1,6239
552809,1,1,6239
552815,1,1,6239
552816,1,1,6239
552822,1,1,6239
552708,1,1,6239
552710,1,1,6239
552741,1,1,6239
552823,1,1,6239
552832,1,1,6239
552837,1,1,6239
552838,1,1,6239
552846,1,1,6239
552854,1,1,6239
552866,1,1,6239
552799,1,1,6239
552490,1,1,6239
552367,1,1,6239
552371,1,1,6239
552387,1,1,6239
552388,1,1,6239
552403,1,1,6239
552404,1,1,6239
552415,1,1,6239
552551,1,1,6239
552419,1,1,6239
552421,1,1,6239
552426,1,1,6239
552432,1,1,6239
552434,1,1,6239
552435,1,1,6239
552476,1,1,6239
553048,1,1,6239
553055,1,1,6239
553080,1,1,6239
552928,1,1,6239
552935,1,1,6239
552950,1,1,6239
552960,1,1,6239
552963,1,1,6239
553112,1,1,6239
553123,1,1,6239
553125,1,1,6239
553132,1,1,6239
553016,1,1,6239
553028,1,1,6239
553029,1,1,6239
553032,1,1,6239
552665,1,1,6239
552677,1,1,6239
552701,1,1,6239
552702,1,1,6239
553090,1,1,6239
553099,1,1,6239
553107,1,1,6239
553109,1,1,6239
552742,1,1,6239
552744,1,1,6239
552761,1,1,6239
552767,1,1,6239
552612,1,1,6239
552639,1,1,6239
552641,1,1,6239
552663,1,1,6239
553309,1,1,6239
553338,1,1,6239
553346,1,1,6239
553214,1,1,6239
553220,1,1,6239
553223,1,1,6239
553224,1,1,6239
553227,1,1,6239
553371,1,1,6239
553466,1,1,6239
553478,1,1,6239
553266,1,1,6239
553271,1,1,6239
553284,1,1,6239
553297,1,1,6239
553300,1,1,6239
552893,1,1,6239
552902,1,1,6239
552911,1,1,6239
553353,1,1,6239
553354,1,1,6239
553360,1,1,6239
553366,1,1,6239
553369,1,1,6239
552967,1,1,6239
552996,1,1,6239
553013,1,1,6239
552874,1,1,6239
552879,1,1,6239
552883,1,1,6239
552889,1,1,6239
552892,1,1,6239
553598,1,1,6239
553604,1,1,6239
550671,1,1,6239
550677,1,1,6239
550678,1,1,6239
550681,1,1,6239
550682,1,1,6239
550692,1,1,6239
553934,1,1,6239
553722,1,1,6239
553723,1,1,6239
553749,1,1,6239
553759,1,1,6239
553776,1,1,6239
553780,1,1,6239
553789,1,1,6239
553175,1,1,6239
553213,1,1,6239
553802,1,1,6239
553806,1,1,6239
553808,1,1,6239
553813,1,1,6239
553817,1,1,6239
553922,1,1,6239
553228,1,1,6239
553237,1,1,6239
553248,1,1,6239
553157,1,1,6239
553162,1,1,6239
553167,1,1,6239
553169,1,1,6239
553173,1,1,6239
553718,1,1,6239
553490,1,1,6239
553494,1,1,6239
553505,1,1,6239
553509,1,1,6239
553518,1,1,6239
553532,1,1,6239
553563,1,1,6239
550893,1,1,6239
550819,1,1,6239
550820,1,1,6239
553634,1,1,6239
553641,1,1,6239
553658,1,1,6239
553677,1,1,6239
553698,1,1,6239
550960,1,1,6239
550964,1,1,6239
550965,1,1,6239
550863,1,1,6239
550870,1,1,6239
550871,1,1,6239
550889,1,1,6239
550891,1,1,6239
550616,1,1,6239
550625,1,1,6239
550627,1,1,6239
550644,1,1,6239
550651,1,1,6239
550919,1,1,6239
550923,1,1,6239
550944,1,1,6239
554395,1,1,6239
554463,1,1,6239
554544,1,1,6239
554565,1,1,6239
554897,1,1,6239
554924,1,1,6239
554928,1,1,6239
554933,1,1,6239
554594,1,1,6239
554598,1,1,6239
554599,1,1,6239
554618,1,1,6239
554619,1,1,6239
553935,1,1,6239
554126,1,1,7955
554229,1,1,6239
554624,1,1,6239
554637,1,1,6239
554647,1,1,6239
554657,1,1,6239
554658,1,1,6239
554659,1,1,6239
554583,1,1,6239
554589,1,1,6239
553580,1,1,6239
554684,1,1,6239
554687,1,1,6239
554691,1,1,6239
554698,1,1,6239
554702,1,1,6239
554714,1,1,6239
554720,1,1,6239
555143,1,1,6239
555145,1,1,6239
555158,1,1,6239
555162,1,1,6239
555189,1,1,6239
555192,1,1,6239
555196,1,1,6239
555201,1,1,6239
554721,1,1,6239
554728,1,1,6239
554738,1,1,6239
554743,1,1,6239
554748,1,1,6239
554761,1,1,6239
554768,1,1,6239
554771,1,1,6239
554879,1,1,6239
554881,1,1,6239
554774,1,1,6239
554775,1,1,6239
554785,1,1,6239
554786,1,1,6239
554799,1,1,6239
554821,1,1,6239
554934,1,1,6239
554958,1,1,6239
554962,1,1,6239
554822,1,1,6239
554843,1,1,6239
554850,1,1,6239
554857,1,1,6239
554871,1,1,6239
555535,1,1,6239
555543,1,1,6239
555557,1,1,6239
555567,1,1,6239
555572,1,1,6239
555435,1,1,6239
555450,1,1,6239
555471,1,1,6239
554982,1,1,6239
554986,1,1,6239
555002,1,1,6239
555025,1,1,6239
555051,1,1,6239
555501,1,1,6239
555506,1,1,6239
555516,1,1,6239
555070,1,1,6239
555075,1,1,6239
555076,1,1,6239
555090,1,1,6239
555114,1,1,6239
554966,1,1,6239
554969,1,1,6239
554976,1,1,6239
555118,1,1,6239
555122,1,1,6239
555137,1,1,6239
555138,1,1,6239
555139,1,1,6239
555142,1,1,6239
555057,1,1,6239
555066,1,1,6239
556590,1,1,6239
556593,1,1,6239
556595,1,1,6239
556165,1,1,6239
556175,1,1,6239
556188,1,1,6239
556206,1,1,6239
556220,1,1,6239
555224,1,1,6239
555232,1,1,6239
555253,1,1,6239
556261,1,1,6239
556273,1,1,6239
556299,1,1,6239
556303,1,1,6239
556338,1,1,6239
555395,1,1,6239
555411,1,1,6239
555426,1,1,6239
555205,1,1,6239
555206,1,1,6239
555218,1,1,6239
555219,1,1,6239
555222,1,1,6239
555480,1,1,6239
555486,1,1,6239
555490,1,1,6239
555491,1,1,6239
555337,1,1,6239
555358,1,1,6239
555388,1,1,6239
555390,1,1,6239
556679,1,1,6239
556687,1,1,6239
556699,1,1,6239
556721,1,1,6239
556723,1,1,6239
556725,1,1,6239
556627,1,1,6239
556635,1,1,6239
556084,1,1,6239
556742,1,1,6239
556758,1,1,6239
556782,1,1,6239
556804,1,1,6239
556819,1,1,6239
556839,1,1,6239
556845,1,1,6239
556142,1,1,6239
555579,1,1,6239
555716,1,1,6239
555743,1,1,6239
555870,1,1,6239
555885,1,1,6239
556070,1,1,6239
556076,1,1,6239
556223,1,1,6239
556091,1,1,6239
556095,1,1,6239
556106,1,1,6239
556122,1,1,6239
556128,1,1,6239
556133,1,1,6239
556134,1,1,6239
561713,1,1,6239
561714,1,1,6239
550458,1,1,6239
550466,1,1,6239
550477,1,1,6239
550503,1,1,6239
550505,1,1,6239
550419,1,1,6239
561871,1,1,6239
561739,1,1,6239
561740,1,1,6239
561746,1,1,6239
561760,1,1,6239
561776,1,1,6239
561783,1,1,6239
561808,1,1,6239
556623,1,1,6239
556625,1,1,6239
561821,1,1,6239
561822,1,1,6239
561824,1,1,6239
561827,1,1,6239
561835,1,1,6239
561848,1,1,6239
556641,1,1,6239
556655,1,1,6239
556660,1,1,6239
556663,1,1,6239
556597,1,1,6239
556602,1,1,6239
556606,1,1,6239
556614,1,1,6239
561725,1,1,6239
561727,1,1,6239
561732,1,1,6239
556868,1,1,6239
556873,1,1,6239
557212,1,1,6279
557267,1,1,6282
560883,1,1,35933
550716,1,1,6239
550728,1,1,6239
550744,1,1,6239
550656,1,1,6239
550662,1,1,6239
561719,1,1,6239
561722,1,1,6239
561723,1,1,6239
550752,1,1,6239
550767,1,1,6239
550771,1,1,6239
550780,1,1,6239
550696,1,1,6239
550703,1,1,6239
550706,1,1,6239
550711,1,1,6239
550422,1,1,6239
550431,1,1,6239
550433,1,1,6239
550435,1,1,6239
550437,1,1,6239
550439,1,1,6239
550746,1,1,6239
550751,1,1,6239
561884,1,1,6239
561903,1,1,6239
561911,1,1,6239
561915,1,1,6239
561923,1,1,6239
562136,1,1,6239
562142,1,1,6239
562143,1,1,6239
561927,1,1,6239
561935,1,1,6239
561939,1,1,6239
561949,1,1,6239
561956,1,1,6239
561957,1,1,6239
561876,1,1,6239
561882,1,1,6239
561997,1,1,6239
562002,1,1,6239
561961,1,1,6239
561963,1,1,6239
561967,1,1,6239
561973,1,1,6239
561976,1,1,6239
561978,1,1,6239
561344,1,1,6279
561704,1,1,349741
561708,1,1,6239
561981,1,1,6239
561990,1,1,6239
561992,1,1,6239
561993,1,1,6239
561995,1,1,6239
562861,1,1,6239
562869,1,1,6239
562885,1,1,6239
562913,1,1,6239
562934,1,1,6239
563001,1,1,6239
563002,1,1,6239
563007,1,1,6239
562077,1,1,6239
562008,1,1,6239
562013,1,1,6239
562017,1,1,6239
562019,1,1,6239
562022,1,1,6239
562023,1,1,6239
562027,1,1,6239
562122,1,1,6239
562125,1,1,6239
562028,1,1,6239
562035,1,1,6239
562064,1,1,6239
562070,1,1,6239
562071,1,1,6239
562075,1,1,6239
562145,1,1,6239
562152,1,1,6239
562197,1,1,6239
562199,1,1,6239
562083,1,1,6239
562093,1,1,6239
562105,1,1,6239
562116,1,1,6239
563387,1,1,6239
563395,1,1,6239
563429,1,1,6239
563273,1,1,6239
563290,1,1,6239
563295,1,1,6239
563300,1,1,6239
563301,1,1,6239
562268,1,1,6239
562308,1,1,6239
562319,1,1,6239
562336,1,1,6239
562345,1,1,6239
563324,1,1,6239
563354,1,1,6239
563383,1,1,6239
562451,1,1,6239
562456,1,1,6239
562459,1,1,6239
562467,1,1,6239
562555,1,1,6239
562567,1,1,6239
562201,1,1,6239
562223,1,1,6239
562607,1,1,6239
562631,1,1,6239
562664,1,1,6239
562711,1,1,6239
562732,1,1,6239
562856,1,1,6239
562362,1,1,6239
562441,1,1,6239
563606,1,1,6239
563608,1,1,6239
563618,1,1,6239
563619,1,1,6239
563620,1,1,6239
563629,1,1,6239
563570,1,1,6239
563583,1,1,6239
563646,1,1,6239
563647,1,1,6239
563652,1,1,6239
563653,1,1,6239
563661,1,1,6239
563662,1,1,6239
563666,1,1,6239
563670,1,1,6239
563262,1,1,6239
563010,1,1,6239
563040,1,1,6239
563067,1,1,6239
563084,1,1,6239
563091,1,1,6239
563116,1,1,6239
563233,1,1,6239
563306,1,1,6239
563310,1,1,6239
563315,1,1,6239
563236,1,1,6239
563241,1,1,6239
563250,1,1,6239
563254,1,1,6239
563261,1,1,6239
563750,1,1,6239
563752,1,1,6239
563698,1,1,6239
563705,1,1,6239
563706,1,1,6239
563708,1,1,6239
563709,1,1,6239
563710,1,1,6239
563777,1,1,6239
563781,1,1,6239
563720,1,1,6239
563731,1,1,6239
563733,1,1,6239
563737,1,1,6239
563746,1,1,6239
563749,1,1,6239
563553,1,1,6239
563560,1,1,6239
563561,1,1,6239
563564,1,1,6239
563567,1,1,6239
563764,1,1,6239
563769,1,1,6239
563772,1,1,6239
563584,1,1,6239
563586,1,1,6239
563587,1,1,6239
563597,1,1,6239
563601,1,1,6239
563605,1,1,6239
563550,1,1,6239
563552,1,1,6239
563823,1,1,6239
563832,1,1,6239
563837,1,1,6239
563838,1,1,6239
563841,1,1,6239
563842,1,1,6239
563850,1,1,6239
563794,1,1,6239
563861,1,1,6239
563865,1,1,6239
563866,1,1,6239
563872,1,1,6239
563874,1,1,6239
563876,1,1,6239
563881,1,1,6239
563821,1,1,6239
563892,1,1,6239
563901,1,1,6239
563908,1,1,6239
563909,1,1,6239
563913,1,1,6239
563914,1,1,6239
563923,1,1,6239
563856,1,1,6239
563718,1,1,6239
563675,1,1,6239
563682,1,1,6239
563685,1,1,6239
563686,1,1,6239
563693,1,1,6239
563697,1,1,6239
563889,1,1,6239
550308,1,1,6239
550309,1,1,6239
550316,1,1,6239
550318,1,1,6239
550323,1,1,6239
506098,1,1,7091
522989,1,1,37296
531370,1,1,37296
564008,1,1,6239
564012,1,1,6239
564014,1,1,6239
564021,1,1,6239
564023,1,1,6239
564038,1,1,6239
563950,1,1,6239
563962,1,1,6239
564059,1,1,6239
564091,1,1,6239
564133,1,1,6239
564136,1,1,6239
564141,1,1,6239
564149,1,1,6239
563998,1,1,6239
564001,1,1,6239
563796,1,1,6239
563797,1,1,6239
563798,1,1,6239
563803,1,1,6239
563808,1,1,6239
563818,1,1,6239
563820,1,1,6239
564051,1,1,6239
563997,1,1,6239
563926,1,1,6239
563933,1,1,6239
563938,1,1,6239
563943,1,1,6239
563948,1,1,6239
564408,1,1,6239
564421,1,1,6239
550522,1,1,6239
550529,1,1,6239
550546,1,1,6239
550450,1,1,6239
550451,1,1,6239
563963,1,1,6239
563966,1,1,6239
563978,1,1,6239
550597,1,1,6239
550604,1,1,6239
550612,1,1,6239
550506,1,1,6239
550512,1,1,6239
550513,1,1,6239
550515,1,1,6239
550519,1,1,6239
543979,1,1,6334
550286,1,1,6239
550287,1,1,6239
550290,1,1,6239
550300,1,1,6239
550559,1,1,6239
550563,1,1,6239
550580,1,1,6239
564184,1,1,6239
564193,1,1,6239
564642,1,1,6239
564651,1,1,6239
564655,1,1,6239
564659,1,1,6239
564663,1,1,6239
564664,1,1,6239
564220,1,1,6239
564245,1,1,6239
564155,1,1,6239
564156,1,1,6239
564160,1,1,6239
564162,1,1,6239
564179,1,1,6239
564181,1,1,6239
564289,1,1,6239
564296,1,1,6239
564305,1,1,6239
564194,1,1,6239
564206,1,1,6239
564209,1,1,6239
564211,1,1,6239
564212,1,1,6239
564424,1,1,6239
564435,1,1,6239
564458,1,1,6239
564473,1,1,6239
564481,1,1,6239
564260,1,1,6239
564265,1,1,6239
564267,1,1,6239
564564,1,1,6239
564805,1,1,6239
564817,1,1,6239
564819,1,1,6239
564820,1,1,6239
564826,1,1,6239
564833,1,1,6239
564840,1,1,6239
564594,1,1,6239
564604,1,1,6239
564496,1,1,6239
564500,1,1,6239
564501,1,1,6239
564517,1,1,6239
564537,1,1,6239
564562,1,1,6239
564635,1,1,6239
564638,1,1,6239
564567,1,1,6239
564571,1,1,6239
564578,1,1,6239
564583,1,1,6239
564584,1,1,6239
564593,1,1,6239
564667,1,1,6239
564670,1,1,6239
564612,1,1,6239
564616,1,1,6239
564619,1,1,6239
564627,1,1,6239
564630,1,1,6239
564632,1,1,6239
565027,1,1,6239
565033,1,1,6239
565048,1,1,6239
565052,1,1,6239
564936,1,1,6239
564948,1,1,6239
564950,1,1,6239
564952,1,1,6239
564682,1,1,6239
564684,1,1,6239
564700,1,1,6239
564702,1,1,6239
564708,1,1,6239
564715,1,1,6239
564988,1,1,6239
564996,1,1,6239
564722,1,1,6239
564723,1,1,6239
564728,1,1,6239
564733,1,1,6239
564734,1,1,6239
564735,1,1,6239
564751,1,1,6239
564672,1,1,6239
564842,1,1,6239
564761,1,1,6239
564768,1,1,6239
564769,1,1,6239
564778,1,1,6239
564788,1,1,6239
564790,1,1,6239
564719,1,1,6239
565644,1,1,6239
565652,1,1,6239
565654,1,1,6239
565579,1,1,6239
565588,1,1,6239
565605,1,1,6239
565606,1,1,6239
565609,1,1,6239
564865,1,1,6239
564869,1,1,6239
564891,1,1,6239
565619,1,1,6239
565626,1,1,6239
565628,1,1,6239
565632,1,1,6239
565636,1,1,6239
564924,1,1,6239
564925,1,1,6239
564934,1,1,6239
564845,1,1,6239
564847,1,1,6239
564850,1,1,6239
564856,1,1,6239
564861,1,1,6239
564954,1,1,6239
564960,1,1,6239
564964,1,1,6239
564981,1,1,6239
564892,1,1,6239
564897,1,1,6239
564904,1,1,6239
564907,1,1,6239
565799,1,1,6239
565734,1,1,6239
565736,1,1,6239
565738,1,1,6239
565739,1,1,6239
565740,1,1,6239
565746,1,1,6239
565749,1,1,6239
565076,1,1,6239
565758,1,1,6239
565764,1,1,6239
565767,1,1,6239
565768,1,1,6239
565772,1,1,6239
565782,1,1,6239
565783,1,1,6239
565578,1,1,6239
565056,1,1,6239
565057,1,1,6239
565060,1,1,6239
565061,1,1,6239
565062,1,1,6239
565065,1,1,6239
565069,1,1,6239
565610,1,1,6239
565613,1,1,6239
565109,1,1,6239
565215,1,1,6239
565569,1,1,6239
565571,1,1,6239
565574,1,1,6239
565576,1,1,6239
565977,1,1,6239
565981,1,1,6239
565986,1,1,6239
566010,1,1,6239
566018,1,1,6239
566021,1,1,6239
566023,1,1,6239
565858,1,1,6239
566041,1,1,6239
566043,1,1,6239
566050,1,1,6239
566055,1,1,6239
566064,1,1,6239
566066,1,1,6239
566071,1,1,6239
565973,1,1,6239
565667,1,1,6239
565670,1,1,6239
565680,1,1,6239
565683,1,1,6239
565687,1,1,6239
565690,1,1,6239
565703,1,1,6239
566026,1,1,6239
565752,1,1,6239
565712,1,1,6239
565713,1,1,6239
565721,1,1,6239
565723,1,1,6239
565724,1,1,6239
565727,1,1,6239
565731,1,1,6239
566171,1,1,6239
566172,1,1,6239
566173,1,1,6239
566177,1,1,6239
566182,1,1,6239
566185,1,1,6239
566105,1,1,6239
566108,1,1,6239
566188,1,1,6239
566191,1,1,6239
566193,1,1,6239
566195,1,1,6239
566200,1,1,6239
566213,1,1,6239
566168,1,1,6239
566169,1,1,6239
565837,1,1,6239
565844,1,1,6239
565845,1,1,6239
565850,1,1,6239
565851,1,1,6239
565857,1,1,6239
566186,1,1,6239
566187,1,1,6239
565860,1,1,6239
565888,1,1,6239
565916,1,1,6239
565939,1,1,6239
565941,1,1,6239
565953,1,1,6239
565801,1,1,6239
565816,1,1,6239
566535,1,1,6239
566550,1,1,6239
566552,1,1,6239
566556,1,1,6239
566307,1,1,6239
566317,1,1,6239
566369,1,1,6239
566409,1,1,6239
566565,1,1,6239
566567,1,1,6239
566571,1,1,6239
566574,1,1,6239
566594,1,1,6239
566509,1,1,6239
566518,1,1,6239
566521,1,1,6239
566083,1,1,6239
566086,1,1,6239
566096,1,1,6239
566098,1,1,6239
566102,1,1,6239
566104,1,1,6239
566558,1,1,6239
566561,1,1,6239
566116,1,1,6239
566117,1,1,6239
566119,1,1,6239
566138,1,1,6239
566139,1,1,6239
566164,1,1,6239
566077,1,1,6239
566082,1,1,6239
566947,1,1,6239
566963,1,1,6239
566631,1,1,6239
566635,1,1,6239
484594,1,1,559292
484601,1,1,559292
484609,1,1,559292
484684,1,1,246409
566990,1,1,6239
566998,1,1,6239
566820,1,1,6239
566828,1,1,6239
566880,1,1,6239
566898,1,1,6239
566905,1,1,6239
566914,1,1,6239
566298,1,1,6239
566305,1,1,6239
566971,1,1,6239
566973,1,1,6239
566977,1,1,6239
566980,1,1,6239
566982,1,1,6239
566984,1,1,6239
566498,1,1,6239
566503,1,1,6239
566214,1,1,6239
566239,1,1,6239
566246,1,1,6239
566248,1,1,6239
566258,1,1,6239
566262,1,1,6239
566739,1,1,6239
566596,1,1,6239
566601,1,1,6239
566603,1,1,6239
566609,1,1,6239
566610,1,1,6239
566613,1,1,6239
566616,1,1,6239
550351,1,1,6239
550373,1,1,6239
550304,1,1,6239
550306,1,1,6239
566647,1,1,6239
566661,1,1,6239
566696,1,1,6239
566703,1,1,6239
550408,1,1,6239
550414,1,1,7955
550417,1,1,6239
550325,1,1,6239
550331,1,1,6239
550334,1,1,6239
550336,1,1,6239
550342,1,1,6239
484573,1,1,284812
484575,1,1,284812
484576,1,1,284812
484580,1,1,284812
484588,1,1,284812
550384,1,1,6239
550397,1,1,6239
550399,1,1,6239
567004,1,1,6239
567019,1,1,6239
567027,1,1,6239
567037,1,1,6239
567039,1,1,6239
567058,1,1,6239
567078,1,1,6239
567749,1,1,6239
567084,1,1,6239
567087,1,1,6239
567101,1,1,6239
567106,1,1,6239
567116,1,1,6239
567117,1,1,6239
567140,1,1,6239
566999,1,1,6239
567635,1,1,6239
567156,1,1,6239
567183,1,1,6239
567186,1,1,6239
567255,1,1,6239
567305,1,1,6239
567577,1,1,6239
567586,1,1,6239
566630,1,1,6239
567591,1,1,6239
567600,1,1,6239
567601,1,1,6239
567607,1,1,6239
567610,1,1,6239
567612,1,1,6239
567616,1,1,6239
567650,1,1,6239
567657,1,1,6239
567663,1,1,6239
567664,1,1,6239
567991,1,1,6239
567997,1,1,6239
567999,1,1,6239
568024,1,1,6239
567679,1,1,6239
567680,1,1,6239
567684,1,1,6239
567685,1,1,6239
567690,1,1,6239
567639,1,1,6239
567644,1,1,6239
567648,1,1,6239
567709,1,1,6239
567711,1,1,6239
567724,1,1,6239
567728,1,1,6239
567746,1,1,6239
567748,1,1,6239
567666,1,1,6239
567668,1,1,6239
567761,1,1,6239
567762,1,1,6239
567768,1,1,6239
567769,1,1,6239
567771,1,1,6239
567801,1,1,6239
567706,1,1,6239
567707,1,1,6239
568146,1,1,6239
568159,1,1,6239
568160,1,1,6239
568166,1,1,6239
568168,1,1,6239
568170,1,1,6239
568179,1,1,6239
568182,1,1,6239
567825,1,1,6239
567850,1,1,6239
567858,1,1,6239
567865,1,1,6239
567866,1,1,6239
567868,1,1,6239
567902,1,1,6239
567910,1,1,6239
567975,1,1,6239
567979,1,1,6239
567913,1,1,6239
567923,1,1,6239
567927,1,1,6239
567940,1,1,6239
567943,1,1,6239
567945,1,1,6239
568036,1,1,6239
568050,1,1,6239
567955,1,1,6239
567957,1,1,6239
567964,1,1,6239
567965,1,1,6239
567970,1,1,6239
567972,1,1,6239
568932,1,1,6239
568934,1,1,6239
568946,1,1,6239
568957,1,1,6239
568960,1,1,6239
568844,1,1,6239
568850,1,1,6239
568854,1,1,6239
568054,1,1,6239
568061,1,1,6239
568065,1,1,6239
568066,1,1,6239
568070,1,1,6239
568895,1,1,6239
568901,1,1,6239
568906,1,1,6239
568073,1,1,6239
568087,1,1,6239
568088,1,1,6239
568090,1,1,6239
568099,1,1,6239
568100,1,1,6239
568103,1,1,6239
568053,1,1,6239
568105,1,1,6239
568118,1,1,6239
568119,1,1,6239
568122,1,1,6239
568123,1,1,6239
568125,1,1,6239
568131,1,1,6239
568145,1,1,6239
569096,1,1,6239
569103,1,1,6239
569104,1,1,6239
569111,1,1,6239
569125,1,1,6239
569161,1,1,6239
569164,1,1,6239
569022,1,1,6239
568779,1,1,6239
568780,1,1,6239
569186,1,1,6239
569193,1,1,6239
569195,1,1,6239
569268,1,1,6239
569269,1,1,6239
569281,1,1,6239
568809,1,1,6239
568811,1,1,6239
568824,1,1,6239
568506,1,1,6239
568755,1,1,6239
568766,1,1,6239
568770,1,1,6239
568778,1,1,6239
568864,1,1,6239
568868,1,1,6239
568881,1,1,6239
568883,1,1,6239
568781,1,1,6239
568799,1,1,6239
568803,1,1,6239
568805,1,1,6239
569706,1,1,6239
569713,1,1,6239
569715,1,1,6239
569718,1,1,6239
569719,1,1,6239
569642,1,1,6239
569654,1,1,6239
569671,1,1,6239
569732,1,1,6239
569736,1,1,6239
569743,1,1,6239
569760,1,1,6239
569765,1,1,6239
569695,1,1,6239
569697,1,1,6239
569700,1,1,6239
568971,1,1,6239
568987,1,1,6239
569000,1,1,6239
569012,1,1,6239
569015,1,1,6239
569720,1,1,6239
569722,1,1,6239
569728,1,1,6239
569029,1,1,6239
569042,1,1,6239
569044,1,1,6239
569045,1,1,6239
569059,1,1,6239
569090,1,1,6239
568965,1,1,6239
568968,1,1,6239
576736,1,1,6956
587195,1,1,6941
569818,1,1,6239
569839,1,1,6239
569846,1,1,6239
569886,1,1,6239
569888,1,1,6239
569893,1,1,6239
600915,1,1,7091
600941,1,1,7091
601018,1,1,7091
569902,1,1,6239
569904,1,1,6239
569944,1,1,6239
569950,1,1,6239
569956,1,1,6239
569438,1,1,6239
569446,1,1,6239
569450,1,1,6239
587952,1,1,6941
599790,1,1,7091
599875,1,1,7091
600464,1,1,7091
600569,1,1,7091
569679,1,1,6239
569685,1,1,6239
569693,1,1,6239
569694,1,1,6239
569282,1,1,6239
569353,1,1,6239
569426,1,1,6239
569433,1,1,6239
611209,1,1,7165
484292,1,1,237561
484320,1,1,510516
484413,1,1,284812
484249,1,1,284812
484255,1,1,284812
484257,1,1,284812
484258,1,1,284812
612805,1,1,7165
613022,1,1,7165
613460,1,1,7165
613851,1,1,7165
613933,1,1,7165
613993,1,1,7165
616086,1,1,7955
610974,1,1,7165
569812,1,1,6239
569814,1,1,6239
616669,1,1,7227
616670,1,1,7227
616671,1,1,7227
616687,1,1,7227
616689,1,1,7227
616691,1,1,7227
569898,1,1,6239
569900,1,1,6239
569767,1,1,6239
569770,1,1,6239
569775,1,1,6239
569779,1,1,6239
569783,1,1,6239
569784,1,1,6239
612549,1,1,7159
612555,1,1,7165
601471,1,1,7091
607420,1,1,7460
608428,1,1,7460
608494,1,1,7460
609157,1,1,7460
609953,1,1,7159
484924,1,1,284812
485048,1,1,284812
484591,1,1,284812
484593,1,1,559292
611495,1,1,7165
611525,1,1,7165
612015,1,1,7165
612118,1,1,7165
485754,1,1,45351
486234,1,1,45351
489128,1,1,6087
484744,1,1,227321
484767,1,1,284812
484810,1,1,284812
484812,1,1,559292
484923,1,1,284812
484260,1,1,284812
484264,1,1,284812
484274,1,1,284812
485055,1,1,284812
485056,1,1,284812
485128,1,1,330879
485131,1,1,227321
485609,1,1,45351
616712,1,1,7227
616713,1,1,7227
616716,1,1,7227
617562,1,1,7227
617575,1,1,7227
617587,1,1,7227
617589,1,1,7227
617595,1,1,7227
616719,1,1,7227
616725,1,1,7227
616731,1,1,7227
616736,1,1,7227
616744,1,1,7227
616698,1,1,7227
616700,1,1,7227
616708,1,1,7227
617047,1,1,7227
616746,1,1,7227
616749,1,1,7227
616752,1,1,7227
616753,1,1,7227
616756,1,1,7227
616761,1,1,7227
616764,1,1,7227
610521,1,1,7159
610802,1,1,7955
616911,1,1,7227
616920,1,1,7227
616969,1,1,7227
616988,1,1,7227
617028,1,1,7227
617039,1,1,7227
484285,1,1,284812
484287,1,1,284812
617082,1,1,7227
617085,1,1,7227
617511,1,1,7227
617517,1,1,7227
617051,1,1,7227
617055,1,1,7227
484559,1,1,559292
484572,1,1,284812
484422,1,1,284812
484423,1,1,284812
484431,1,1,284812
484439,1,1,559292
484445,1,1,284812
484491,1,1,51453
483821,1,1,284812
483539,1,1,559292
483545,1,1,284812
483587,1,1,559292
483654,1,1,330879
483665,1,1,227321
483719,1,1,284812
483726,1,1,284812
617529,1,1,7227
617540,1,1,7227
617542,1,1,7227
617555,1,1,7227
617071,1,1,7227
617075,1,1,7227
483778,1,1,284812
483781,1,1,284812
617638,1,1,7227
617905,1,1,7227
617912,1,1,7227
617914,1,1,7227
617918,1,1,7227
617919,1,1,7227
617922,1,1,7227
617926,1,1,7227
617664,1,1,7227
617665,1,1,7227
617688,1,1,7227
617599,1,1,7227
617606,1,1,7227
617621,1,1,7227
617627,1,1,7227
617628,1,1,7227
617756,1,1,7227
617693,1,1,7227
617695,1,1,7227
617701,1,1,7227
617705,1,1,7227
617718,1,1,7227
617720,1,1,7227
617653,1,1,7227
617056,1,1,7227
617057,1,1,7227
617059,1,1,7227
617061,1,1,7227
617722,1,1,7227
617727,1,1,7227
617733,1,1,7227
617736,1,1,7227
618183,1,1,7227
618190,1,1,7227
618023,1,1,7227
618026,1,1,7227
618058,1,1,7227
618059,1,1,7227
618061,1,1,7227
617988,1,1,7227
617771,1,1,7227
617777,1,1,7227
617779,1,1,7227
617787,1,1,7227
618097,1,1,7227
618137,1,1,7227
618159,1,1,7227
618176,1,1,7227
617816,1,1,7227
617820,1,1,7227
617822,1,1,7227
617824,1,1,7227
617826,1,1,7227
617757,1,1,7227
617758,1,1,7227
617768,1,1,7227
617836,1,1,7227
617838,1,1,7227
617857,1,1,7227
617860,1,1,7227
617902,1,1,7227
617791,1,1,7227
617797,1,1,7227
617809,1,1,7227
618016,1,1,7227
617955,1,1,7227
617962,1,1,7227
617969,1,1,7227
617973,1,1,7227
617987,1,1,7227
618588,1,1,7227
618620,1,1,7227
483936,1,1,284812
483996,1,1,284812
483727,1,1,559292
483757,1,1,237561
617998,1,1,7227
618000,1,1,7227
618010,1,1,7227
618011,1,1,7227
482996,1,1,559292
484016,1,1,227321
484018,1,1,284812
484031,1,1,284812
484102,1,1,284812
483827,1,1,284812
483862,1,1,284812
483927,1,1,284812
483051,1,1,284812
483125,1,1,227321
482965,1,1,559292
482972,1,1,284812
482973,1,1,559292
482977,1,1,284812
482980,1,1,367110
482992,1,1,284593
619237,1,1,7227
619341,1,1,7227
619408,1,1,7227
619450,1,1,7227
619068,1,1,7227
619073,1,1,7227
619090,1,1,7227
619097,1,1,7227
618223,1,1,7227
618225,1,1,7227
618254,1,1,7227
618275,1,1,7227
618288,1,1,7227
619167,1,1,7227
619197,1,1,7227
619216,1,1,7227
618538,1,1,7227
618289,1,1,7227
618294,1,1,7227
618308,1,1,7227
618315,1,1,7227
618319,1,1,7227
618337,1,1,7227
618349,1,1,7227
618623,1,1,7227
618625,1,1,7227
618648,1,1,7227
618354,1,1,7227
618469,1,1,7227
618501,1,1,7227
618506,1,1,7227
618533,1,1,7227
618845,1,1,7227
618848,1,1,7227
618902,1,1,7227
618929,1,1,7227
618933,1,1,7227
620154,1,1,7227
620165,1,1,7227
620168,1,1,7227
483253,1,1,284812
483258,1,1,284812
483039,1,1,284812
618967,1,1,7227
618969,1,1,7227
619057,1,1,7227
618727,1,1,7227
618839,1,1,7227
482794,1,1,559292
482806,1,1,284812
483273,1,1,284812
483275,1,1,284812
483277,1,1,559292
483374,1,1,227321
483138,1,1,237561
483219,1,1,1392255
619122,1,1,7227
619141,1,1,7227
618955,1,1,7227
618964,1,1,7227
482827,1,1,284812
482874,1,1,284812
482792,1,1,237561
482793,1,1,227321
620582,1,1,7227
620469,1,1,7227
620477,1,1,7227
620481,1,1,7227
620483,1,1,7227
620491,1,1,7227
620425,1,1,7227
620429,1,1,7227
619472,1,1,7227
619485,1,1,7227
619680,1,1,7227
620503,1,1,7227
620509,1,1,7227
620512,1,1,7227
620524,1,1,7227
620542,1,1,7227
619835,1,1,7227
619851,1,1,7227
620055,1,1,7227
620068,1,1,7227
620070,1,1,7227
619465,1,1,7227
619467,1,1,7227
619468,1,1,7227
620322,1,1,7227
620389,1,1,7227
620076,1,1,7227
620078,1,1,7227
620114,1,1,7227
620127,1,1,7227
620141,1,1,7227
619823,1,1,7227
620465,1,1,7227
620393,1,1,7227
620395,1,1,7227
620396,1,1,7227
620403,1,1,7227
620419,1,1,7227
620423,1,1,7227
620854,1,1,7227
482960,1,1,284812
482939,1,1,284812
482941,1,1,284812
482946,1,1,284812
482949,1,1,284812
620439,1,1,7227
620443,1,1,7227
620450,1,1,7227
482494,1,1,284812
482495,1,1,559292
482514,1,1,284812
482950,1,1,559292
482956,1,1,284812
482957,1,1,284812
482958,1,1,284812
482959,1,1,284812
482524,1,1,284812
482530,1,1,284812
482531,1,1,284812
482532,1,1,284812
482534,1,1,284812
482536,1,1,284812
482485,1,1,284812
482486,1,1,284812
621442,1,1,7227
621443,1,1,7227
621445,1,1,7227
621450,1,1,7227
621455,1,1,7227
621458,1,1,7227
621161,1,1,7227
621164,1,1,7227
620584,1,1,7227
620615,1,1,7227
620629,1,1,7227
620633,1,1,7227
620642,1,1,7227
620644,1,1,7227
620649,1,1,7227
621441,1,1,7227
620807,1,1,7227
620816,1,1,7227
620828,1,1,7227
620652,1,1,7227
620667,1,1,7227
620671,1,1,7227
620728,1,1,7227
620782,1,1,7227
620863,1,1,7227
620875,1,1,7227
620877,1,1,7227
620885,1,1,7227
620902,1,1,7227
620915,1,1,7227
620785,1,1,7227
620799,1,1,7227
621530,1,1,7227
621535,1,1,7227
621536,1,1,7227
621540,1,1,7227
621551,1,1,7227
621554,1,1,7227
621556,1,1,7227
621560,1,1,7227
620956,1,1,7227
621562,1,1,7227
621570,1,1,7227
621573,1,1,7227
621577,1,1,7227
621583,1,1,7227
621590,1,1,7227
621595,1,1,7227
621129,1,1,7227
621148,1,1,7227
620921,1,1,7227
620942,1,1,7227
620943,1,1,7227
620946,1,1,7227
620949,1,1,7227
620954,1,1,7227
621180,1,1,7227
621186,1,1,7227
621435,1,1,7227
621437,1,1,7227
620983,1,1,7227
621012,1,1,7227
621072,1,1,7227
621076,1,1,7227
621517,1,1,7227
621519,1,1,7227
621525,1,1,7227
621462,1,1,7227
621467,1,1,7227
621473,1,1,7227
621474,1,1,7227
621493,1,1,7227
482541,1,1,227321
482565,1,1,559292
482574,1,1,559292
482739,1,1,227321
482740,1,1,284812
482518,1,1,284812
621514,1,1,7227
621516,1,1,7227
482145,1,1,367110
482148,1,1,284812
482156,1,1,284812
482160,1,1,227321
482742,1,1,284812
482743,1,1,284812
482744,1,1,284812
482783,1,1,284812
621504,1,1,7227
621507,1,1,7227
482187,1,1,284812
482220,1,1,284812
482231,1,1,227321
482265,1,1,7955
482141,1,1,284812
482142,1,1,284812
621612,1,1,7227
621623,1,1,7227
621819,1,1,7227
621821,1,1,7227
621823,1,1,7227
621824,1,1,7227
621842,1,1,7227
621843,1,1,7227
621637,1,1,7227
621638,1,1,7227
621639,1,1,7227
621647,1,1,7227
621597,1,1,7227
621599,1,1,7227
621604,1,1,7227
621606,1,1,7227
621666,1,1,7227
621667,1,1,7227
621671,1,1,7227
621681,1,1,7227
621686,1,1,7227
621626,1,1,7227
621631,1,1,7227
621634,1,1,7227
621497,1,1,7227
621689,1,1,7227
621692,1,1,7227
621697,1,1,7227
621707,1,1,7227
621713,1,1,7227
621661,1,1,7227
621663,1,1,7227
621738,1,1,7227
621741,1,1,7227
621743,1,1,7227
621749,1,1,7227
621752,1,1,7227
621753,1,1,7227
621927,1,1,7227
621937,1,1,7227
482335,1,1,227321
482355,1,1,284812
482381,1,1,559292
621766,1,1,7227
621770,1,1,7227
621779,1,1,7227
621718,1,1,7227
621733,1,1,7227
482090,1,1,237561
482071,1,1,284812
482085,1,1,237561
482471,1,1,284812
482472,1,1,284812
482473,1,1,284812
482478,1,1,284812
482483,1,1,284812
621780,1,1,7227
621782,1,1,7227
621783,1,1,7227
621787,1,1,7227
621800,1,1,7227
621804,1,1,7227
621755,1,1,7227
482089,1,1,559292
621868,1,1,7227
621873,1,1,7227
621875,1,1,7227
621878,1,1,7227
621881,1,1,7227
621845,1,1,7227
621847,1,1,7227
621848,1,1,7227
482127,1,1,284812
482133,1,1,559292
482139,1,1,284812
482100,1,1,559292
482101,1,1,284812
482106,1,1,559292
482112,1,1,559292
482114,1,1,284812
621917,1,1,7227
621921,1,1,7227
621923,1,1,7227
621863,1,1,7227
621865,1,1,7227
482048,1,1,284812
482030,1,1,284812
482038,1,1,330879
621938,1,1,7227
621942,1,1,7227
621944,1,1,7227
621950,1,1,7227
621890,1,1,7227
621894,1,1,7227
621895,1,1,7227
621905,1,1,7227
621956,1,1,7227
621959,1,1,7227
621965,1,1,7227
621966,1,1,7227
621967,1,1,7227
622134,1,1,7227
622137,1,1,7227
622140,1,1,7227
621989,1,1,7227
621991,1,1,7227
621995,1,1,7227
621997,1,1,7227
621998,1,1,7227
622001,1,1,7227
621951,1,1,7227
621953,1,1,7227
622056,1,1,7227
622006,1,1,7227
622020,1,1,7227
622022,1,1,7227
622026,1,1,7227
622029,1,1,7227
622030,1,1,7227
622031,1,1,7227
621850,1,1,7227
621852,1,1,7227
621857,1,1,7227
622032,1,1,7227
622034,1,1,7227
622045,1,1,7227
622052,1,1,7227
622053,1,1,7227
622245,1,1,7227
622251,1,1,7227
622253,1,1,7227
622256,1,1,7227
622262,1,1,7227
622263,1,1,7227
622269,1,1,7227
622219,1,1,7227
622108,1,1,7227
622111,1,1,7227
622061,1,1,7227
622062,1,1,7227
622064,1,1,7227
622070,1,1,7227
622071,1,1,7227
622240,1,1,7227
622127,1,1,7227
622128,1,1,7227
622130,1,1,7227
622073,1,1,7227
622075,1,1,7227
622086,1,1,7227
622087,1,1,7227
622107,1,1,7227
622145,1,1,7227
622146,1,1,7227
622160,1,1,7227
622164,1,1,7227
622112,1,1,7227
622119,1,1,7227
622125,1,1,7227
622126,1,1,7227
622341,1,1,7227
622343,1,1,7227
622344,1,1,7227
622346,1,1,7227
622354,1,1,7227
622300,1,1,7227
622309,1,1,7227
481232,1,1,559292
622191,1,1,7227
622381,1,1,7227
622382,1,1,7227
622383,1,1,7227
622384,1,1,7227
622388,1,1,7227
622336,1,1,7227
622340,1,1,7227
622203,1,1,7227
622206,1,1,7227
622209,1,1,7227
622216,1,1,7227
622168,1,1,7227
622171,1,1,7227
622173,1,1,7227
622180,1,1,7227
622220,1,1,7227
622225,1,1,7227
622226,1,1,7227
622227,1,1,7227
622229,1,1,7227
622234,1,1,7227
622195,1,1,7227
622200,1,1,7227
622326,1,1,7227
622270,1,1,7227
622277,1,1,7227
622278,1,1,7227
622282,1,1,7227
622287,1,1,7227
622290,1,1,7227
622291,1,1,7227
482057,1,1,284812
482058,1,1,284812
482060,1,1,559292
482043,1,1,237561
622313,1,1,7227
622315,1,1,7227
622316,1,1,7227
622324,1,1,7227
480987,1,1,227321
481029,1,1,559292
481104,1,1,510516
481156,1,1,5346
481173,1,1,284812
482062,1,1,559292
482070,1,1,284812
482053,1,1,559292
481237,1,1,284812
481238,1,1,237561
481277,1,1,227321
481283,1,1,227321
481304,1,1,510516
480944,1,1,510516
480957,1,1,330879
480968,1,1,2822231
622401,1,1,7227
622404,1,1,7227
622414,1,1,7227
622425,1,1,7227
622897,1,1,7227
622908,1,1,7227
622911,1,1,7227
622919,1,1,7227
622455,1,1,7227
622456,1,1,7227
622461,1,1,7227
622462,1,1,7227
622487,1,1,7227
622506,1,1,7227
622396,1,1,7227
622398,1,1,7227
622519,1,1,7227
622525,1,1,7227
622527,1,1,7227
622535,1,1,7227
622538,1,1,7227
622540,1,1,7227
622428,1,1,7227
622436,1,1,7227
622299,1,1,7227
622544,1,1,7227
622545,1,1,7227
622554,1,1,7227
622565,1,1,7227
622566,1,1,7227
622591,1,1,7227
622507,1,1,7227
622647,1,1,7227
623175,1,1,7227
623177,1,1,7227
623185,1,1,7227
623190,1,1,7227
623201,1,1,7227
623212,1,1,7227
623078,1,1,7227
622838,1,1,7227
622606,1,1,7227
622610,1,1,7227
622620,1,1,7227
622627,1,1,7227
622633,1,1,7227
622636,1,1,7227
622645,1,1,7227
622860,1,1,7227
622886,1,1,7227
622651,1,1,7227
622664,1,1,7227
622688,1,1,7227
622728,1,1,7227
622748,1,1,7227
622836,1,1,7227
622922,1,1,7227
622948,1,1,7227
622949,1,1,7227
622950,1,1,7227
622850,1,1,7227
622851,1,1,7227
622852,1,1,7227
622855,1,1,7227
623788,1,1,7227
623334,1,1,7227
623345,1,1,7227
623349,1,1,7227
623350,1,1,7227
623351,1,1,7227
623377,1,1,7227
623378,1,1,7227
623000,1,1,7227
623002,1,1,7227
623424,1,1,7227
623440,1,1,7227
623449,1,1,7227
623562,1,1,7955
623577,1,1,7227
623589,1,1,7227
623024,1,1,7227
623075,1,1,7227
622953,1,1,7227
622957,1,1,7227
622958,1,1,7227
622969,1,1,7227
622985,1,1,7227
622993,1,1,7227
623098,1,1,7227
623133,1,1,7227
623142,1,1,7227
623150,1,1,7227
623169,1,1,7227
623011,1,1,7227
623012,1,1,7227
623017,1,1,7227
624389,1,1,7227
624393,1,1,7227
624466,1,1,7227
624487,1,1,7227
624155,1,1,7227
624178,1,1,7227
479844,1,1,559292
479853,1,1,559292
624717,1,1,7227
624721,1,1,7227
624861,1,1,7227
624906,1,1,7227
624299,1,1,7227
624320,1,1,7227
624323,1,1,7227
624334,1,1,7227
623235,1,1,7227
623247,1,1,7227
623256,1,1,7227
623259,1,1,7227
623270,1,1,7227
623282,1,1,7227
624586,1,1,7227
624593,1,1,7227
623293,1,1,7227
623297,1,1,7227
623310,1,1,7227
623312,1,1,7227
623326,1,1,7227
623328,1,1,7227
623329,1,1,7227
623220,1,1,7227
624247,1,1,7227
624277,1,1,7227
624282,1,1,7227
623942,1,1,7227
624019,1,1,7227
624028,1,1,7227
624054,1,1,7227
624078,1,1,7227
481682,1,1,284812
481700,1,1,227321
481711,1,1,227321
481227,1,1,284812
481231,1,1,284812
624212,1,1,7227
624215,1,1,7227
624228,1,1,7227
479835,1,1,284812
481730,1,1,284812
482024,1,1,284812
482026,1,1,237561
481352,1,1,1392255
481402,1,1,284812
481470,1,1,284812
481679,1,1,284812
479908,1,1,284812
480027,1,1,284812
480035,1,1,284812
479640,1,1,559292
479708,1,1,330879
479710,1,1,227321
479719,1,1,330879
479781,1,1,330879
625190,1,1,7227
625191,1,1,7227
625193,1,1,7227
625197,1,1,7227
625350,1,1,7227
625351,1,1,7227
625352,1,1,7227
625354,1,1,7227
625216,1,1,7227
625219,1,1,7227
625220,1,1,7227
625221,1,1,7227
625224,1,1,7227
625169,1,1,7227
625172,1,1,7227
625174,1,1,7227
625226,1,1,7227
625231,1,1,7227
625234,1,1,7227
625235,1,1,7227
625236,1,1,7227
625238,1,1,7227
625239,1,1,7227
625206,1,1,7227
624127,1,1,7227
624150,1,1,7227
625240,1,1,7227
625262,1,1,7227
625263,1,1,7227
625266,1,1,7227
625271,1,1,7227
625272,1,1,7227
625305,1,1,7227
625307,1,1,7227
625438,1,1,7227
625439,1,1,7227
625441,1,1,7227
625444,1,1,7227
625446,1,1,7227
625458,1,1,7227
625327,1,1,7227
625328,1,1,7227
625276,1,1,7227
625278,1,1,7227
625285,1,1,7227
625286,1,1,7227
625287,1,1,7227
625299,1,1,7227
625347,1,1,7227
625349,1,1,7227
625308,1,1,7227
625315,1,1,7227
625316,1,1,7227
625321,1,1,7227
625323,1,1,7227
625324,1,1,7227
625358,1,1,7227
625359,1,1,7227
625364,1,1,7227
625332,1,1,7227
625342,1,1,7227
625343,1,1,7227
625344,1,1,7227
625346,1,1,7227
625552,1,1,7227
625557,1,1,7227
625559,1,1,7227
625509,1,1,7227
625518,1,1,7227
625523,1,1,7227
625526,1,1,7227
625529,1,1,7227
625371,1,1,7227
625373,1,1,7227
625374,1,1,7227
625379,1,1,7227
625381,1,1,7227
625538,1,1,7227
625540,1,1,7227
625542,1,1,7227
625399,1,1,7227
625402,1,1,7227
625404,1,1,7227
625405,1,1,7227
625406,1,1,7227
625413,1,1,7227
625414,1,1,7227
625370,1,1,7227
625460,1,1,7227
625419,1,1,7227
625421,1,1,7227
625425,1,1,7227
625428,1,1,7227
625433,1,1,7227
625436,1,1,7227
625393,1,1,7227
479837,1,1,284812
625497,1,1,7227
625502,1,1,7227
625503,1,1,7227
625505,1,1,7227
625461,1,1,7227
625463,1,1,7227
625466,1,1,7227
480900,1,1,559292
480930,1,1,559292
480039,1,1,227321
480042,1,1,227321
480235,1,1,284812
480237,1,1,559292
480389,1,1,227321
480688,1,1,284812
479203,1,1,322104
479214,1,1,559292
479243,1,1,284812
480692,1,1,559292
480697,1,1,284812
480786,1,1,559292
480804,1,1,227321
480897,1,1,284812
625535,1,1,7227
625477,1,1,7227
479303,1,1,559292
479309,1,1,284812
479325,1,1,227321
479367,1,1,284812
479387,1,1,227321
479153,1,1,227321
625590,1,1,7227
625591,1,1,7227
625594,1,1,7227
625595,1,1,7227
625597,1,1,7227
625600,1,1,7227
625952,1,1,7227
625953,1,1,7227
625629,1,1,7227
625651,1,1,7227
625664,1,1,7227
625733,1,1,7227
625774,1,1,7227
625785,1,1,7227
625787,1,1,7227
625573,1,1,7227
625843,1,1,7227
625863,1,1,7227
625791,1,1,7227
625803,1,1,7227
625809,1,1,7227
625813,1,1,7227
625821,1,1,7227
625822,1,1,7227
625469,1,1,7227
625470,1,1,7227
625473,1,1,7227
625475,1,1,7227
625824,1,1,7227
625830,1,1,7227
625839,1,1,7227
625842,1,1,7227
625877,1,1,7227
625886,1,1,7227
625888,1,1,7227
625891,1,1,7227
626078,1,1,7227
626095,1,1,7227
626097,1,1,7227
626102,1,1,7227
625906,1,1,7227
625908,1,1,7227
625915,1,1,7227
625920,1,1,7227
625925,1,1,7227
625867,1,1,7227
625869,1,1,7227
625871,1,1,7227
625936,1,1,7227
625938,1,1,7227
625943,1,1,7227
625946,1,1,7227
625948,1,1,7227
625950,1,1,7227
625897,1,1,7227
625900,1,1,7227
625955,1,1,7227
625956,1,1,7227
625957,1,1,7227
625960,1,1,7227
625967,1,1,7227
625968,1,1,7227
625927,1,1,7227
625930,1,1,7227
626187,1,1,7227
626195,1,1,7227
626159,1,1,7227
626162,1,1,7227
626164,1,1,7227
626167,1,1,7227
626169,1,1,7227
626171,1,1,7227
625970,1,1,7227
625971,1,1,7227
625973,1,1,7227
625976,1,1,7227
625984,1,1,7227
626176,1,1,7227
626179,1,1,7227
626183,1,1,7227
626057,1,1,7227
626071,1,1,7227
626073,1,1,7227
626001,1,1,7227
626002,1,1,7227
626003,1,1,7227
626035,1,1,7227
626037,1,1,7227
626105,1,1,7227
626107,1,1,7227
626109,1,1,7227
626040,1,1,7227
626041,1,1,7227
626042,1,1,7227
626043,1,1,7227
626044,1,1,7227
626278,1,1,7227
626279,1,1,7227
626284,1,1,7227
626291,1,1,7227
626293,1,1,7227
626239,1,1,7227
626241,1,1,7227
478922,1,1,284812
626300,1,1,7227
626303,1,1,7227
626305,1,1,7227
626306,1,1,7227
626315,1,1,7227
626270,1,1,7227
626273,1,1,7227
626277,1,1,7227
626117,1,1,7227
626118,1,1,7227
626121,1,1,7227
626124,1,1,7227
626130,1,1,7227
626131,1,1,7227
626142,1,1,7227
626299,1,1,7227
626143,1,1,7227
626145,1,1,7227
626147,1,1,7227
626148,1,1,7227
626151,1,1,7227
626152,1,1,7227
626158,1,1,7227
626116,1,1,7227
626201,1,1,7227
626216,1,1,7227
626224,1,1,7227
626229,1,1,7227
626233,1,1,7227
626234,1,1,7227
626429,1,1,7227
626430,1,1,7227
479554,1,1,227321
479245,1,1,9606
479293,1,1,284812
626250,1,1,7227
626260,1,1,7227
626268,1,1,7227
626269,1,1,7227
626196,1,1,7227
479618,1,1,227321
479619,1,1,284812
479636,1,1,284812
479638,1,1,284812
479639,1,1,284812
479424,1,1,284812
479433,1,1,227321
479524,1,1,284812
478923,1,1,284812
478945,1,1,284812
478952,1,1,559292
478743,1,1,227321
478746,1,1,559292
478756,1,1,227321
478775,1,1,330879
478846,1,1,284812
626343,1,1,7227
626351,1,1,7227
626588,1,1,7227
626590,1,1,7227
626594,1,1,7227
626597,1,1,7227
626607,1,1,7227
626614,1,1,7227
626385,1,1,7227
626397,1,1,7227
626404,1,1,7227
626407,1,1,7227
626318,1,1,7227
626321,1,1,7227
626324,1,1,7227
626336,1,1,7227
626415,1,1,7227
626420,1,1,7227
626423,1,1,7227
626426,1,1,7227
626352,1,1,7227
626353,1,1,7227
626362,1,1,7227
626377,1,1,7227
626439,1,1,7227
626440,1,1,7227
626442,1,1,7227
626447,1,1,7227
626467,1,1,7227
626409,1,1,7227
626410,1,1,7227
626411,1,1,7227
626710,1,1,7227
626711,1,1,7227
626712,1,1,7227
626713,1,1,7227
626715,1,1,7227
626723,1,1,7227
626726,1,1,7227
626681,1,1,7227
626470,1,1,7227
626475,1,1,7227
626480,1,1,7227
626490,1,1,7227
626492,1,1,7227
626494,1,1,7227
626495,1,1,7227
626709,1,1,7227
626585,1,1,7227
626496,1,1,7227
626503,1,1,7227
626504,1,1,7227
626522,1,1,7227
626523,1,1,7227
626524,1,1,7227
626538,1,1,7227
626617,1,1,7955
626545,1,1,7227
626546,1,1,7227
626547,1,1,7227
626552,1,1,7227
626576,1,1,7227
626578,1,1,7227
626584,1,1,7227
626862,1,1,7227
626788,1,1,7227
626792,1,1,7227
626805,1,1,7227
626806,1,1,7227
626807,1,1,7227
626826,1,1,7227
626827,1,1,7227
626623,1,1,7227
626624,1,1,7227
626641,1,1,7227
626840,1,1,7227
626848,1,1,7227
626853,1,1,7227
626854,1,1,7227
626856,1,1,7227
626668,1,1,7227
626669,1,1,7227
626672,1,1,7227
626674,1,1,7227
626675,1,1,7227
626619,1,1,7227
626621,1,1,7227
626622,1,1,7227
626688,1,1,7227
626690,1,1,7227
626694,1,1,7227
626701,1,1,7227
626706,1,1,7227
626707,1,1,7227
626642,1,1,7227
626665,1,1,7227
627205,1,1,7227
627242,1,1,7227
627257,1,1,7227
626893,1,1,7227
626898,1,1,7227
478649,1,1,559292
478650,1,1,559292
478651,1,1,559292
627315,1,1,7227
627319,1,1,7227
627561,1,1,7227
627570,1,1,7227
627572,1,1,7227
627576,1,1,7227
627072,1,1,7227
627204,1,1,7227
626731,1,1,7227
626734,1,1,7227
626740,1,1,7227
626743,1,1,7227
626749,1,1,7227
626751,1,1,7227
626754,1,1,7227
626757,1,1,7227
626831,1,1,7227
626761,1,1,7227
626763,1,1,7227
626766,1,1,7227
626770,1,1,7227
626781,1,1,7227
626782,1,1,7227
626785,1,1,7227
627055,1,1,7227
626865,1,1,7227
626870,1,1,7227
626874,1,1,7227
626875,1,1,7227
626877,1,1,7227
626879,1,1,7227
626884,1,1,7227
479026,1,1,510516
479058,1,1,227321
479081,1,1,284812
478876,1,1,330879
626921,1,1,7227
626995,1,1,7227
626998,1,1,7227
627054,1,1,7227
479115,1,1,284812
479121,1,1,237561
479138,1,1,284812
479145,1,1,227321
478956,1,1,284812
478957,1,1,237561
478985,1,1,227321
479004,1,1,227321
478661,1,1,559292
478669,1,1,227321
478699,1,1,559292
478613,1,1,284812
478635,1,1,559292
479083,1,1,284812
479093,1,1,284812
479114,1,1,284812
627596,1,1,7227
627597,1,1,7227
627598,1,1,7227
627601,1,1,7227
627756,1,1,7227
627763,1,1,7227
627767,1,1,7227
627768,1,1,7227
627613,1,1,7227
627616,1,1,7227
627617,1,1,7227
627618,1,1,7227
627620,1,1,7227
627577,1,1,7227
627585,1,1,7227
627595,1,1,7227
627635,1,1,7227
627638,1,1,7227
627642,1,1,7227
627643,1,1,7227
627648,1,1,7227
627651,1,1,7227
627607,1,1,7227
627611,1,1,7227
626885,1,1,7227
627657,1,1,7227
627664,1,1,7227
627673,1,1,7227
627676,1,1,7227
627678,1,1,7227
627682,1,1,7227
627690,1,1,7227
627712,1,1,7227
627721,1,1,7227
627726,1,1,7227
627692,1,1,7227
627694,1,1,7227
627700,1,1,7227
627702,1,1,7227
627705,1,1,7227
478514,1,1,559292
478517,1,1,284812
478519,1,1,284812
478520,1,1,559292
478723,1,1,284812
478735,1,1,284812
478716,1,1,284812
478639,1,1,284812
627708,1,1,7227
627709,1,1,7227
478528,1,1,559292
478529,1,1,237561
478532,1,1,237561
478533,1,1,284812
478537,1,1,559292
478513,1,1,284812
627774,1,1,7227
627741,1,1,7227
627744,1,1,7227
627747,1,1,7227
627749,1,1,7227
627750,1,1,7227
627751,1,1,7227
627755,1,1,7227
627784,1,1,7227
627792,1,1,7227
627949,1,1,7227
627952,1,1,7227
627953,1,1,7227
627954,1,1,7227
627955,1,1,7227
627956,1,1,7227
627804,1,1,7227
627805,1,1,7227
627808,1,1,7227
627813,1,1,7227
627817,1,1,7227
627775,1,1,7227
627781,1,1,7227
627782,1,1,7227
627839,1,1,7227
627840,1,1,7227
627842,1,1,7227
627843,1,1,7227
627860,1,1,7227
627794,1,1,7227
627797,1,1,7227
627803,1,1,7227
627707,1,1,7227
627865,1,1,7227
627869,1,1,7227
627871,1,1,7227
627876,1,1,7227
627880,1,1,7227
627881,1,1,7227
627823,1,1,7227
628055,1,1,7227
628057,1,1,7227
628006,1,1,7227
628009,1,1,7227
628012,1,1,7227
628013,1,1,7227
628014,1,1,7227
628015,1,1,7227
627901,1,1,7227
627902,1,1,7227
627904,1,1,7227
628026,1,1,7227
628030,1,1,7227
628034,1,1,7227
628035,1,1,7227
628038,1,1,7227
627912,1,1,7227
627913,1,1,7227
627914,1,1,7227
627916,1,1,7227
627883,1,1,7227
627884,1,1,7227
627891,1,1,7227
627892,1,1,7227
627965,1,1,7227
627928,1,1,7227
627930,1,1,7227
627932,1,1,7227
627934,1,1,7227
627909,1,1,7227
627910,1,1,7227
627911,1,1,7227
627967,1,1,7227
627968,1,1,7227
627972,1,1,7227
627973,1,1,7227
627976,1,1,7227
627981,1,1,7227
628168,1,1,7227
628175,1,1,7227
478547,1,1,284812
478523,1,1,227321
478525,1,1,284812
627990,1,1,7227
627995,1,1,7227
628004,1,1,7227
628005,1,1,7227
627966,1,1,7227
478556,1,1,559292
478564,1,1,559292
478579,1,1,284812
478541,1,1,510516
478542,1,1,284812
478543,1,1,284812
478544,1,1,284812
478545,1,1,284812
628019,1,1,7227
627983,1,1,7227
627985,1,1,7227
478487,1,1,284812
478488,1,1,284812
478493,1,1,284812
478549,1,1,284812
478554,1,1,559292
628082,1,1,7227
628307,1,1,7227
628309,1,1,7227
628313,1,1,7227
628319,1,1,7227
628320,1,1,7227
628321,1,1,7227
628322,1,1,7227
628114,1,1,7227
628116,1,1,7227
628058,1,1,7227
628059,1,1,7227
628064,1,1,7227
628069,1,1,7227
628079,1,1,7227
628081,1,1,7227
628135,1,1,7227
628147,1,1,7227
628164,1,1,7227
628167,1,1,7227
628086,1,1,7227
628091,1,1,7227
628099,1,1,7227
628106,1,1,7227
628176,1,1,7227
628179,1,1,7227
628185,1,1,7227
628191,1,1,7227
628122,1,1,7227
628126,1,1,7227
628128,1,1,7227
628132,1,1,7227
628361,1,1,7227
628362,1,1,7227
628365,1,1,7227
628367,1,1,7227
628372,1,1,7227
628374,1,1,7227
628387,1,1,7227
628338,1,1,7227
628215,1,1,7227
628223,1,1,7227
628229,1,1,7227
628390,1,1,7227
628396,1,1,7227
628397,1,1,7227
628410,1,1,7227
628467,1,1,7227
628241,1,1,7227
628250,1,1,7227
628255,1,1,7227
628256,1,1,7227
628259,1,1,7227
628197,1,1,7227
628198,1,1,7227
628204,1,1,7227
628261,1,1,7227
628266,1,1,7227
628270,1,1,7227
628279,1,1,7227
628281,1,1,7227
628291,1,1,7227
628294,1,1,7227
628238,1,1,7227
628356,1,1,7227
628357,1,1,7227
628358,1,1,7227
628360,1,1,7227
628325,1,1,7227
628330,1,1,7227
628331,1,1,7227
628332,1,1,7227
478510,1,1,284812
478497,1,1,284812
478499,1,1,284812
478501,1,1,284812
478502,1,1,284812
478485,1,1,284812
628347,1,1,7227
628351,1,1,7227
478423,1,1,559292
478428,1,1,284812
478432,1,1,284812
478442,1,1,284812
478444,1,1,284812
478503,1,1,284812
478504,1,1,284812
478507,1,1,284812
628346,1,1,7227
478448,1,1,284812
478449,1,1,284812
478450,1,1,284812
478451,1,1,284812
478453,1,1,284593
478454,1,1,559292
478421,1,1,284812
628692,1,1,7227
628700,1,1,7227
628701,1,1,7227
628702,1,1,7227
628704,1,1,7227
628659,1,1,7227
628664,1,1,7227
628667,1,1,7227
628471,1,1,7227
628476,1,1,7227
628479,1,1,7227
628480,1,1,7227
628481,1,1,7227
628482,1,1,7227
628493,1,1,7227
628687,1,1,7227
628555,1,1,7227
628557,1,1,7227
628497,1,1,7227
628499,1,1,7227
628503,1,1,7227
628519,1,1,7227
628524,1,1,7227
628531,1,1,7227
628333,1,1,7227
628334,1,1,7227
628335,1,1,7227
628567,1,1,7227
628572,1,1,7227
628586,1,1,7227
628589,1,1,7227
628543,1,1,7227
628789,1,1,7227
628790,1,1,7227
628765,1,1,7227
628766,1,1,7227
628767,1,1,7227
628768,1,1,7227
628774,1,1,7227
628775,1,1,7227
628611,1,1,7227
628626,1,1,7227
628776,1,1,7227
628777,1,1,7227
628779,1,1,7227
628783,1,1,7227
628784,1,1,7227
628787,1,1,7227
628641,1,1,7227
628644,1,1,7227
628645,1,1,7227
628649,1,1,7227
628594,1,1,7227
628598,1,1,7227
628603,1,1,7227
628606,1,1,7227
628677,1,1,7227
628679,1,1,7227
628683,1,1,7227
628685,1,1,7227
628686,1,1,7227
628627,1,1,7227
628636,1,1,7227
628640,1,1,7227
478447,1,1,284812
628737,1,1,7227
628743,1,1,7227
628748,1,1,7227
628749,1,1,7227
628755,1,1,7227
628707,1,1,7227
628709,1,1,7227
478469,1,1,284812
478474,1,1,559292
478475,1,1,284812
478457,1,1,284812
478458,1,1,284812
478460,1,1,284812
478462,1,1,284812
478445,1,1,284812
478375,1,1,284812
478376,1,1,284812
478377,1,1,284812
478378,1,1,284812
478380,1,1,284812
478381,1,1,559292
478382,1,1,284812
478466,1,1,284812
628729,1,1,7227
628732,1,1,7227
478390,1,1,284812
478395,1,1,284812
478396,1,1,284812
478397,1,1,284812
478398,1,1,284812
478374,1,1,284812
628805,1,1,7227
628949,1,1,7227
628953,1,1,7227
628954,1,1,7227
628959,1,1,7227
628964,1,1,7227
628927,1,1,7227
628932,1,1,7227
628826,1,1,7227
628829,1,1,7227
628792,1,1,7227
628793,1,1,7227
628795,1,1,7227
628797,1,1,7227
628799,1,1,7227
628801,1,1,7227
628884,1,1,7227
628832,1,1,7227
628833,1,1,7227
628834,1,1,7227
628844,1,1,7227
628847,1,1,7165
628807,1,1,7227
628821,1,1,7227
628718,1,1,7227
628722,1,1,7227
628728,1,1,7227
628849,1,1,7227
628866,1,1,7227
628877,1,1,7227
628879,1,1,7227
628882,1,1,7227
629116,1,1,7227
629119,1,1,7227
629120,1,1,7227
629123,1,1,7227
629125,1,1,7227
629128,1,1,7227
629039,1,1,7227
629041,1,1,7227
628909,1,1,7227
629147,1,1,7227
629208,1,1,7227
629240,1,1,7227
629253,1,1,7227
629254,1,1,7227
629109,1,1,7227
629110,1,1,7227
628920,1,1,7227
628921,1,1,7227
628922,1,1,7227
628887,1,1,7227
628888,1,1,7227
628889,1,1,7227
628890,1,1,7227
628892,1,1,7227
628933,1,1,7227
628942,1,1,7227
628944,1,1,7227
628946,1,1,7227
628911,1,1,7227
628912,1,1,7227
628915,1,1,7227
628919,1,1,7227
478411,1,1,284812
478383,1,1,284812
478389,1,1,284812
629051,1,1,7227
629064,1,1,7227
628966,1,1,7227
628967,1,1,7227
628969,1,1,7227
478418,1,1,284812
478420,1,1,284812
478399,1,1,284812
478400,1,1,284812
478401,1,1,284812
478403,1,1,284812
478407,1,1,284812
478410,1,1,284812
478202,1,1,227321
478209,1,1,284812
478412,1,1,284812
478413,1,1,284812
478414,1,1,284812
478415,1,1,284812
478416,1,1,284812
478417,1,1,284812
478257,1,1,227321
478296,1,1,6239
478299,1,1,7955
478354,1,1,284812
478186,1,1,559292
478188,1,1,559292
478195,1,1,284812
478199,1,1,227321
629289,1,1,7227
629657,1,1,7227
629665,1,1,7227
629670,1,1,7227
629674,1,1,7227
629692,1,1,7227
629732,1,1,7227
629496,1,1,7227
629312,1,1,7227
629314,1,1,7227
629316,1,1,7227
629321,1,1,7227
629325,1,1,7227
629331,1,1,7227
629283,1,1,7227
629288,1,1,7227
629369,1,1,7227
629377,1,1,7227
629332,1,1,7227
629337,1,1,7227
629340,1,1,7227
629347,1,1,7227
629351,1,1,7227
629297,1,1,7227
628971,1,1,7227
628972,1,1,7227
628974,1,1,7227
628994,1,1,7227
629360,1,1,7227
629362,1,1,7227
629364,1,1,7227
629368,1,1,7227
630206,1,1,7227
630207,1,1,7227
630251,1,1,7227
630296,1,1,7227
630298,1,1,7227
630308,1,1,7227
629934,1,1,7227
478026,1,1,284812
629395,1,1,7227
629399,1,1,7227
629400,1,1,7227
630310,1,1,7227
630315,1,1,7227
630319,1,1,7227
630322,1,1,7227
630330,1,1,7227
629408,1,1,7227
629420,1,1,7227
629479,1,1,7227
629485,1,1,7227
629493,1,1,7227
629379,1,1,7227
629387,1,1,7227
629391,1,1,7227
629510,1,1,7227
629514,1,1,7227
629527,1,1,7227
629528,1,1,7227
629530,1,1,7227
629656,1,1,7227
629401,1,1,7227
629405,1,1,7227
630128,1,1,7227
629815,1,1,7227
629834,1,1,7227
629841,1,1,7227
629849,1,1,7227
629869,1,1,7227
630475,1,1,7227
630494,1,1,7227
478361,1,1,284812
478363,1,1,284812
478241,1,1,284812
478249,1,1,227321
630041,1,1,7227
630115,1,1,7227
630121,1,1,7227
630125,1,1,7227
477994,1,1,284812
478001,1,1,284812
478004,1,1,284812
478371,1,1,284812
478372,1,1,284812
478373,1,1,284812
478359,1,1,284812
478360,1,1,284812
478031,1,1,284812
478041,1,1,284812
478060,1,1,284812
478065,1,1,330879
478074,1,1,284812
477962,1,1,559292
477980,1,1,284812
477981,1,1,284812
630819,1,1,7227
630827,1,1,7227
630830,1,1,7227
630832,1,1,7227
630772,1,1,7227
630778,1,1,7227
630780,1,1,7227
630781,1,1,7227
630343,1,1,7227
630361,1,1,7227
630366,1,1,7227
630385,1,1,7227
630386,1,1,7227
630804,1,1,7227
630811,1,1,7227
630818,1,1,7227
630388,1,1,7227
630390,1,1,7091
630399,1,1,7227
630400,1,1,7227
630401,1,1,7227
630402,1,1,7227
630408,1,1,7227
630339,1,1,7227
630500,1,1,7227
630504,1,1,7227
630505,1,1,7227
630516,1,1,7227
630520,1,1,7227
630425,1,1,7227
630426,1,1,7227
630438,1,1,7227
478145,1,1,559292
478147,1,1,237561
478005,1,1,227321
630577,1,1,7227
630582,1,1,7227
630651,1,1,7227
630729,1,1,7227
630735,1,1,7227
478157,1,1,559292
478160,1,1,559292
478161,1,1,559292
478096,1,1,334819
478103,1,1,284812
478126,1,1,284812
478140,1,1,559292
478141,1,1,237561
477926,1,1,559292
477891,1,1,284812
477893,1,1,284812
477894,1,1,284812
477896,1,1,284812
477898,1,1,284812
477903,1,1,284812
478150,1,1,559292
630783,1,1,7227
630803,1,1,7227
630561,1,1,7227
630569,1,1,7227
477919,1,1,559292
477921,1,1,284812
477922,1,1,559292
477923,1,1,559292
630851,1,1,7227
630852,1,1,7227
630860,1,1,7227
630870,1,1,7227
630871,1,1,7227
632075,1,1,7227
632091,1,1,3888
632092,1,1,7227
630874,1,1,7227
630917,1,1,7227
630921,1,1,7227
630922,1,1,7227
630923,1,1,7227
630947,1,1,7227
630949,1,1,7227
630850,1,1,7227
631320,1,1,7227
631357,1,1,7227
630964,1,1,7227
631045,1,1,7227
631083,1,1,7227
631085,1,1,7227
631110,1,1,7227
631111,1,1,7227
630529,1,1,7227
630535,1,1,7227
630542,1,1,7227
630544,1,1,7227
631113,1,1,7227
631117,1,1,7227
631294,1,1,7227
631302,1,1,7227
631515,1,1,7227
631519,1,1,7227
633830,1,1,7227
633840,1,1,7227
633846,1,1,7227
633850,1,1,7227
633854,1,1,7227
633795,1,1,7227
631725,1,1,7227
631730,1,1,7227
631748,1,1,7227
631750,1,1,7227
631360,1,1,7227
631368,1,1,7227
631396,1,1,7227
631405,1,1,7227
631856,1,1,7227
631915,1,1,7227
631932,1,1,7227
631966,1,1,7227
631561,1,1,7227
631578,1,1,7227
631580,1,1,7227
631630,1,1,7227
632440,1,1,7227
632445,1,1,7227
632446,1,1,7227
632472,1,1,7227
631757,1,1,7227
631773,1,1,7227
631779,1,1,7227
631837,1,1,7227
634039,1,1,7227
634048,1,1,7227
633935,1,1,7165
633948,1,1,7227
633954,1,1,7227
633957,1,1,7227
633970,1,1,7227
633981,1,1,7227
632636,1,1,7227
632637,1,1,7227
632640,1,1,7227
632679,1,1,7227
634008,1,1,7227
634024,1,1,7227
634029,1,1,7227
634036,1,1,7227
633027,1,1,7227
633046,1,1,7227
633133,1,1,7227
633212,1,1,7227
632477,1,1,7227
632617,1,1,7227
632625,1,1,7227
632627,1,1,7227
633805,1,1,7227
633814,1,1,7227
633817,1,1,7227
633819,1,1,7227
633827,1,1,7227
632685,1,1,7227
632697,1,1,7227
632873,1,1,7227
633928,1,1,7227
633855,1,1,7227
633867,1,1,7227
633868,1,1,7227
633873,1,1,7227
633875,1,1,7227
633879,1,1,7227
633881,1,1,7227
477959,1,1,284812
477928,1,1,559292
477929,1,1,284812
477944,1,1,559292
477915,1,1,284812
633905,1,1,7227
633922,1,1,7227
633927,1,1,7227
477834,1,1,559292
477836,1,1,284812
477839,1,1,284812
477947,1,1,559292
477948,1,1,559292
477952,1,1,284591
477954,1,1,237561
477958,1,1,559292
633989,1,1,7227
633889,1,1,7227
633893,1,1,7227
477845,1,1,559292
477848,1,1,284812
477852,1,1,284812
477826,1,1,227321
477831,1,1,284812
634302,1,1,7227
634304,1,1,7227
634306,1,1,7227
634270,1,1,7227
634272,1,1,7227
634273,1,1,7227
634274,1,1,7227
634276,1,1,7227
634078,1,1,7227
634081,1,1,13686
634086,1,1,7227
634283,1,1,7227
634285,1,1,7227
634287,1,1,7227
634292,1,1,7227
634293,1,1,7227
634097,1,1,7227
634103,1,1,7227
634106,1,1,7227
634108,1,1,7227
634115,1,1,7227
634052,1,1,7227
634069,1,1,7227
634070,1,1,7227
634173,1,1,7227
634175,1,1,7227
634186,1,1,7227
634191,1,1,7227
634198,1,1,7227
634117,1,1,7227
634148,1,1,7227
634172,1,1,7227
634397,1,1,7227
634408,1,1,7227
634410,1,1,7227
634412,1,1,7227
634414,1,1,7227
634415,1,1,7227
634427,1,1,7227
634353,1,1,7227
634434,1,1,7227
634438,1,1,7227
634448,1,1,7227
634468,1,1,7227
634483,1,1,7227
634491,1,1,7227
634495,1,1,7227
634508,1,1,7227
634266,1,1,7227
634213,1,1,7227
634215,1,1,7227
634217,1,1,7227
634219,1,1,7227
634222,1,1,7227
634231,1,1,7227
634243,1,1,7227
634277,1,1,7227
634282,1,1,7227
634250,1,1,7227
634255,1,1,7227
634259,1,1,7227
634263,1,1,7227
634264,1,1,7227
634265,1,1,7227
634646,1,1,7227
634653,1,1,7227
634550,1,1,7227
477694,1,1,284812
477696,1,1,284812
477698,1,1,284812
477699,1,1,284812
477703,1,1,284812
634737,1,1,7227
634818,1,1,7227
634595,1,1,7227
634615,1,1,7227
634620,1,1,7227
634630,1,1,7227
634637,1,1,7227
634644,1,1,7227
634324,1,1,7227
634336,1,1,7227
634343,1,1,7227
634350,1,1,7227
634662,1,1,7227
634663,1,1,7227
634681,1,1,7227
634703,1,1,7227
634356,1,1,7227
634360,1,1,7227
634362,1,1,7227
634370,1,1,7227
634375,1,1,7227
634380,1,1,7227
634389,1,1,7227
634323,1,1,7227
634561,1,1,7227
634569,1,1,7227
634509,1,1,7227
634510,1,1,7227
634528,1,1,7227
634529,1,1,7955
634536,1,1,7227
634538,1,1,7227
477861,1,1,284812
477868,1,1,284812
477870,1,1,284812
477871,1,1,227321
477872,1,1,284812
477874,1,1,284812
634554,1,1,7227
634556,1,1,7227
477875,1,1,284812
477876,1,1,284812
477883,1,1,284812
477885,1,1,284812
477887,1,1,284812
477889,1,1,284812
477890,1,1,284812
477854,1,1,284812
477704,1,1,284812
477653,1,1,284812
477662,1,1,284812
477671,1,1,227321
477674,1,1,227321
477677,1,1,284812
477678,1,1,284812
477687,1,1,227321
635006,1,1,7227
635039,1,1,7227
635041,1,1,7227
635788,1,1,7227
635805,1,1,7227
635841,1,1,7227
635854,1,1,7227
635860,1,1,7227
635059,1,1,7227
635074,1,1,7227
635076,1,1,7227
635079,1,1,7227
635080,1,1,7227
634819,1,1,7227
634907,1,1,7227
634910,1,1,7227
635089,1,1,7227
635098,1,1,7227
635102,1,1,7091
635108,1,1,7227
635109,1,1,7227
635118,1,1,7227
635121,1,1,7227
635046,1,1,7227
634539,1,1,7227
635125,1,1,7227
635141,1,1,7227
635142,1,1,7227
635145,1,1,7227
635172,1,1,7227
635185,1,1,7227
635198,1,1,7227
636434,1,1,7227
636808,1,1,7227
636818,1,1,7227
636974,1,1,7227
637396,1,1,7227
637487,1,1,7227
638140,1,1,7227
636182,1,1,7227
635221,1,1,7227
635227,1,1,7227
635311,1,1,7227
635315,1,1,7227
638193,1,1,7227
638210,1,1,7227
638212,1,1,7227
636416,1,1,7227
635383,1,1,7227
635530,1,1,7227
635570,1,1,7227
635618,1,1,7227
635645,1,1,7227
635653,1,1,7227
635675,1,1,7227
635213,1,1,7091
635924,1,1,7227
635693,1,1,7227
635715,1,1,7227
635746,1,1,7227
635752,1,1,7227
635756,1,1,7227
635771,1,1,7227
635780,1,1,7227
636365,1,1,7227
636389,1,1,7227
636000,1,1,7227
636079,1,1,7227
636093,1,1,7227
636138,1,1,7227
636171,1,1,7227
638841,1,1,7227
477736,1,1,284812
477737,1,1,284812
477770,1,1,284812
477789,1,1,284812
477693,1,1,284812
636241,1,1,7227
636270,1,1,7227
636322,1,1,7227
477575,1,1,284812
477579,1,1,284812
477590,1,1,284812
477805,1,1,284812
477813,1,1,7955
477708,1,1,284812
477711,1,1,284812
477724,1,1,284812
636198,1,1,7227
477607,1,1,284812
477609,1,1,284812
477610,1,1,284812
477611,1,1,227321
477612,1,1,284812
477613,1,1,284812
477573,1,1,559292
639629,1,1,7227
639645,1,1,7227
639662,1,1,7227
639671,1,1,7227
639694,1,1,7227
639706,1,1,7227
639509,1,1,7227
639512,1,1,7227
638227,1,1,7227
638233,1,1,7227
638235,1,1,7227
638251,1,1,7227
638253,1,1,7227
638257,1,1,7227
639568,1,1,7227
639579,1,1,7227
638808,1,1,7227
638821,1,1,7227
638828,1,1,7227
638836,1,1,7227
638283,1,1,7227
638286,1,1,7227
638521,1,1,7227
638221,1,1,7227
638856,1,1,7227
638869,1,1,7227
638870,1,1,7227
638877,1,1,7227
639102,1,1,7227
639191,1,1,7227
638759,1,1,7227
638772,1,1,7227
639456,1,1,7227
639459,1,1,7227
639477,1,1,7227
639498,1,1,7227
639292,1,1,7227
639404,1,1,7227
639411,1,1,7227
639418,1,1,7227
477617,1,1,227321
477620,1,1,227321
477624,1,1,284812
477626,1,1,284812
477628,1,1,284812
477630,1,1,284812
477606,1,1,284812
639439,1,1,7227
477532,1,1,227321
477632,1,1,284812
477640,1,1,284812
477643,1,1,284812
477648,1,1,284812
477650,1,1,227321
477651,1,1,227321
477615,1,1,284812
639536,1,1,7227
639541,1,1,7227
639548,1,1,7227
639553,1,1,7227
639555,1,1,7227
639426,1,1,7227
639431,1,1,7227
477540,1,1,284812
477551,1,1,559292
639787,1,1,7227
639789,1,1,7227
639792,1,1,7227
639794,1,1,7227
639807,1,1,7227
639729,1,1,7227
639751,1,1,7227
477488,1,1,559292
477495,1,1,559292
477562,1,1,284812
477564,1,1,559292
477572,1,1,559292
477545,1,1,559292
477548,1,1,284812
477550,1,1,284812
639817,1,1,7227
639828,1,1,7227
639830,1,1,7227
639843,1,1,7227
639855,1,1,7227
639776,1,1,7227
477500,1,1,559292
477501,1,1,284812
639425,1,1,7227
639861,1,1,7227
639911,1,1,7227
640051,1,1,7227
640084,1,1,7227
640117,1,1,7227
639810,1,1,7227
639816,1,1,7227
640374,1,1,7227
640383,1,1,7227
640402,1,1,7227
640460,1,1,7227
640468,1,1,7227
641716,1,1,7227
641720,1,1,7227
641721,1,1,7227
640469,1,1,7227
640488,1,1,7227
640496,1,1,7227
640504,1,1,7227
640509,1,1,7227
640524,1,1,7227
640526,1,1,7227
640541,1,1,7227
641115,1,1,7227
640558,1,1,7227
640559,1,1,7227
640563,1,1,7227
640566,1,1,7227
640568,1,1,7227
640577,1,1,7227
640594,1,1,7227
639757,1,1,7227
639763,1,1,7227
640631,1,1,7227
640826,1,1,7227
640959,1,1,7227
640996,1,1,7227
641007,1,1,7227
641104,1,1,7227
642368,1,1,7227
642571,1,1,7227
642588,1,1,7227
642591,1,1,7227
642597,1,1,7227
642028,1,1,7227
642032,1,1,7227
642040,1,1,7227
641668,1,1,7227
641672,1,1,7227
641134,1,1,7227
641138,1,1,7227
641230,1,1,7227
641430,1,1,7227
642213,1,1,7227
642345,1,1,7227
641695,1,1,7227
641704,1,1,7227
641707,1,1,7227
641515,1,1,7227
641631,1,1,7227
641642,1,1,7227
641655,1,1,7227
641661,1,1,7227
641740,1,1,7227
641743,1,1,7227
641751,1,1,7227
641762,1,1,7227
641780,1,1,7227
641673,1,1,7227
641684,1,1,7227
641693,1,1,7227
642010,1,1,7227
641781,1,1,7227
641784,1,1,7227
641792,1,1,7227
641804,1,1,7227
641813,1,1,7227
641815,1,1,7227
641870,1,1,7227
477522,1,1,284812
477505,1,1,284812
477513,1,1,559292
477497,1,1,284812
641903,1,1,7227
641909,1,1,7227
641917,1,1,7227
641936,1,1,7227
477366,1,1,237561
477403,1,1,559292
477406,1,1,559292
477427,1,1,559292
477428,1,1,559292
477430,1,1,559292
477519,1,1,559292
477521,1,1,559292
642047,1,1,7227
642063,1,1,7227
642144,1,1,7070
642204,1,1,7227
641891,1,1,7227
477465,1,1,237561
477467,1,1,284812
477360,1,1,237561
642643,1,1,7227
643011,1,1,7227
643033,1,1,7227
643042,1,1,7227
643052,1,1,7227
643117,1,1,7227
643267,1,1,7227
642944,1,1,7227
642678,1,1,7227
642598,1,1,7227
642605,1,1,7227
642608,1,1,7227
642618,1,1,7227
642628,1,1,7227
642635,1,1,7227
642641,1,1,7227
642737,1,1,7227
642646,1,1,7227
642649,1,1,7227
642655,1,1,7227
642662,1,1,7227
642668,1,1,7227
642671,1,1,7227
642675,1,1,7227
641873,1,1,7227
642760,1,1,7227
642795,1,1,7227
642800,1,1,7227
642808,1,1,7227
642809,1,1,7227
642810,1,1,7227
642731,1,1,7227
642904,1,1,7227
642911,1,1,7227
642920,1,1,7227
642922,1,1,7227
642923,1,1,7227
642822,1,1,7227
642824,1,1,7227
642826,1,1,7227
476970,1,1,559292
476972,1,1,559292
476974,1,1,559292
476975,1,1,559292
477485,1,1,284812
477471,1,1,284812
477478,1,1,559292
477431,1,1,559292
476987,1,1,559292
476988,1,1,330879
476989,1,1,237561
476995,1,1,559292
476965,1,1,559292
476966,1,1,227321
476968,1,1,559292
476969,1,1,559292
642955,1,1,7227
642966,1,1,7227
642973,1,1,7227
642975,1,1,7227
642985,1,1,7227
643004,1,1,7227
642878,1,1,7227
476984,1,1,559292
643935,1,1,7227
644103,1,1,7227
644138,1,1,7227
648648,1,1,7227
648655,1,1,7227
648702,1,1,7227
648704,1,1,6239
648233,1,1,7227
644743,1,1,7227
644863,1,1,7227
645793,1,1,7227
645808,1,1,7227
645859,1,1,7227
645973,1,1,7227
643301,1,1,7227
643590,1,1,7227
647791,1,1,7227
646010,1,1,7227
646345,1,1,7227
646365,1,1,7227
646399,1,1,7227
646461,1,1,7227
646811,1,1,7227
644705,1,1,7227
642831,1,1,7227
642846,1,1,7227
642855,1,1,7227
646959,1,1,7227
647778,1,1,7227
647781,1,1,7227
647783,1,1,7227
647785,1,1,7227
476996,1,1,237561
477001,1,1,559292
477003,1,1,559292
477006,1,1,559292
477056,1,1,559292
477084,1,1,559292
647871,1,1,7227
647874,1,1,7227
476735,1,1,510516
477118,1,1,559292
477131,1,1,559292
477151,1,1,559292
477205,1,1,559292
477216,1,1,559292
477295,1,1,227321
477297,1,1,235443
476925,1,1,559292
476926,1,1,559292
476396,1,1,227321
476417,1,1,52
476461,1,1,227321
476480,1,1,190485
476563,1,1,227321
476585,1,1,5061
648234,1,1,7227
648411,1,1,7227
648453,1,1,7227
648454,1,1,7227
648633,1,1,6239
648638,1,1,6239
647862,1,1,7227
476922,1,1,559292
649483,1,1,7227
649496,1,1,7227
649500,1,1,7227
649501,1,1,7227
649502,1,1,7227
649509,1,1,7227
649417,1,1,7227
649424,1,1,7227
648911,1,1,6239
648917,1,1,6239
648804,1,1,7227
648812,1,1,6239
648863,1,1,7227
648737,1,1,7227
648760,1,1,6239
649468,1,1,7227
647833,1,1,7227
647839,1,1,7227
648971,1,1,6239
649029,1,1,6239
649055,1,1,7227
649058,1,1,6239
648874,1,1,7227
648881,1,1,7227
647878,1,1,7227
648207,1,1,7227
647802,1,1,7227
647809,1,1,7227
647821,1,1,7227
647824,1,1,7227
647827,1,1,7227
647828,1,1,7227
649898,1,1,7227
649918,1,1,7227
649985,1,1,6239
649615,1,1,7227
649639,1,1,7227
475375,1,1,227321
475412,1,1,227321
475415,1,1,227321
650131,1,1,7227
650270,1,1,6239
650369,1,1,7227
650497,1,1,6239
650538,1,1,7227
650553,1,1,7227
649771,1,1,7227
649884,1,1,7227
649310,1,1,6239
649397,1,1,7227
649405,1,1,7227
649407,1,1,7227
649135,1,1,6239
649144,1,1,7227
649192,1,1,6239
649234,1,1,7227
649429,1,1,7227
649442,1,1,7227
649443,1,1,7227
649449,1,1,6239
649456,1,1,7227
649465,1,1,7227
649283,1,1,6239
649298,1,1,6239
649719,1,1,6239
649513,1,1,7227
649514,1,1,7227
649534,1,1,7227
649546,1,1,7227
649604,1,1,7227
649606,1,1,7227
652253,1,1,6239
476937,1,1,559292
476939,1,1,330879
476942,1,1,559292
476910,1,1,559292
649664,1,1,7227
649672,1,1,7227
649680,1,1,7227
649688,1,1,7227
476960,1,1,237561
476961,1,1,559292
476962,1,1,559292
476964,1,1,559292
476930,1,1,559292
476931,1,1,559292
476933,1,1,559292
476934,1,1,559292
475456,1,1,227321
475192,1,1,227321
475201,1,1,227321
475257,1,1,227321
475275,1,1,227321
475317,1,1,3562
475329,1,1,330879
476954,1,1,559292
654052,1,1,7227
654054,1,1,7227
654057,1,1,7227
654061,1,1,7227
654064,1,1,7227
653994,1,1,6239
653995,1,1,7227
654003,1,1,7227
651554,1,1,6239
651712,1,1,6239
650586,1,1,6239
650747,1,1,7227
650916,1,1,7227
651207,1,1,6239
654046,1,1,7227
654049,1,1,7227
652127,1,1,6239
652181,1,1,6239
652182,1,1,6239
651264,1,1,7227
651305,1,1,7227
651379,1,1,7227
651546,1,1,6239
651548,1,1,6239
652522,1,1,6239
652597,1,1,6239
652832,1,1,6239
653069,1,1,6239
651774,1,1,6239
651809,1,1,7227
651903,1,1,6239
651935,1,1,6239
654218,1,1,6239
654225,1,1,7227
654243,1,1,7227
654119,1,1,7227
475025,1,1,227321
475028,1,1,227321
475030,1,1,227321
475033,1,1,227321
654252,1,1,6239
654265,1,1,6239
654298,1,1,7227
654329,1,1,6239
654333,1,1,6239
654187,1,1,7227
654201,1,1,7227
654214,1,1,7227
653990,1,1,7227
653992,1,1,6239
653072,1,1,6239
653074,1,1,6239
653082,1,1,6239
653100,1,1,6239
653116,1,1,6239
653180,1,1,6239
654011,1,1,7227
654017,1,1,7227
654043,1,1,6239
653194,1,1,6239
653217,1,1,6239
653223,1,1,6239
653660,1,1,7227
653985,1,1,7227
654070,1,1,7227
654077,1,1,7227
654081,1,1,7227
654082,1,1,7227
654087,1,1,7227
655304,1,1,7227
655306,1,1,7227
655307,1,1,6239
475652,1,1,227321
475848,1,1,367110
476049,1,1,235443
476275,1,1,227321
475347,1,1,1365484
654124,1,1,7227
654164,1,1,7227
654171,1,1,7227
476318,1,1,330879
476322,1,1,227321
476349,1,1,227321
476350,1,1,330879
476354,1,1,79929
476362,1,1,227321
476368,1,1,227321
476378,1,1,5061
475070,1,1,227321
474881,1,1,227321
474887,1,1,227321
474890,1,1,227321
474908,1,1,227321
474930,1,1,759272
474965,1,1,227321
474980,1,1,227321
657552,1,1,7227
657925,1,1,7227
656128,1,1,7227
656247,1,1,6239
656304,1,1,6239
656313,1,1,6239
656500,1,1,79889
656787,1,1,7227
654440,1,1,6239
654451,1,1,6239
654517,1,1,7227
656856,1,1,7227
656975,1,1,7159
657002,1,1,7227
657428,1,1,6239
657529,1,1,7227
654542,1,1,7227
654564,1,1,7227
654595,1,1,7227
654644,1,1,7227
654662,1,1,7227
654347,1,1,6239
654380,1,1,7159
654425,1,1,6239
655345,1,1,7227
654698,1,1,7227
654743,1,1,7227
654793,1,1,7227
654959,1,1,7227
655007,1,1,7227
655068,1,1,7227
655302,1,1,6239
659189,1,1,6239
659458,1,1,6239
658537,1,1,7227
658546,1,1,7227
658560,1,1,7227
658561,1,1,7227
658592,1,1,6239
658603,1,1,7227
661038,1,1,6239
661064,1,1,6239
661150,1,1,7227
661222,1,1,6239
658628,1,1,6239
658654,1,1,7227
658938,1,1,7227
659019,1,1,6239
655379,1,1,6239
655428,1,1,7227
655429,1,1,6239
655467,1,1,6239
660741,1,1,6239
660759,1,1,6239
660885,1,1,7227
661013,1,1,7227
655563,1,1,6239
655629,1,1,7227
655674,1,1,7227
655837,1,1,585056
655864,1,1,7227
655353,1,1,7227
655377,1,1,6239
655378,1,1,6239
663487,1,1,6239
663575,1,1,6239
668456,1,1,7955
669471,1,1,7955
669503,1,1,9606
670497,1,1,10116
670544,1,1,7654
671561,1,1,9606
674515,1,1,235443
674859,1,1,235443
675054,1,1,7739
676375,1,1,7739
676927,1,1,7719
677138,1,1,7719
677412,1,1,7719
677425,1,1,7719
677426,1,1,7719
677544,1,1,7719
677709,1,1,7719
677772,1,1,7719
677798,1,1,7719
678085,1,1,7719
678115,1,1,7719
681740,1,1,3884
658119,1,1,37296
658263,1,1,6239
658266,1,1,6239
658287,1,1,7227
658418,1,1,6239
658419,1,1,6239
658421,1,1,6239
658460,1,1,7227
682481,1,1,7955
682495,1,1,7955
474666,1,1,510516
474690,1,1,227321
474695,1,1,336722
474697,1,1,227321
474711,1,1,227321
474514,1,1,759272
682614,1,1,7955
682624,1,1,7955
682646,1,1,7955
682647,1,1,7955
682654,1,1,7955
682697,1,1,7955
682708,1,1,7955
682733,1,1,7955
682736,1,1,7955
682750,1,1,7955
682751,1,1,7955
682752,1,1,7955
682777,1,1,7955
682825,1,1,7955
682830,1,1,7955
682866,1,1,7955
661249,1,1,6239
661703,1,1,6239
661791,1,1,79889
662728,1,1,6239
662765,1,1,6239
662769,1,1,7227
663055,1,1,6239
663213,1,1,7227
682544,1,1,7955
682576,1,1,7955
682598,1,1,7955
682255,1,1,2560319
682292,1,1,7955
682293,1,1,7955
682311,1,1,7955
682317,1,1,7955
475091,1,1,227321
475092,1,1,7955
475107,1,1,227321
475117,1,1,227321
474985,1,1,330879
475002,1,1,227321
682505,1,1,7955
682537,1,1,7955
475150,1,1,227321
475163,1,1,367110
475175,1,1,227321
475185,1,1,227321
475186,1,1,227321
475188,1,1,759272
475079,1,1,227321
475086,1,1,227321
474518,1,1,227321
474548,1,1,227321
474553,1,1,227321
474566,1,1,227321
474570,1,1,759272
474584,1,1,227321
474585,1,1,227321
475146,1,1,227321
683686,1,1,7955
683696,1,1,7955
683699,1,1,7955
683709,1,1,7955
683710,1,1,7955
683726,1,1,7955
683943,1,1,7955
683962,1,1,7955
683739,1,1,7955
683744,1,1,7955
683746,1,1,7955
683751,1,1,7955
683753,1,1,7955
683756,1,1,7955
683762,1,1,7955
683315,1,1,7998
683837,1,1,7955
683765,1,1,7955
683778,1,1,7955
683783,1,1,7955
683788,1,1,7955
683790,1,1,7955
683791,1,1,7955
683738,1,1,7955
682371,1,1,7955
682475,1,1,7955
682477,1,1,7955
683804,1,1,7955
683812,1,1,7955
683819,1,1,7955
683827,1,1,7955
683833,1,1,7955
683859,1,1,7955
683863,1,1,7955
690732,1,1,7955
690851,1,1,10116
691197,1,1,7955
691920,1,1,7955
691937,1,1,8090
692078,1,1,7955
683882,1,1,7955
683887,1,1,7955
683901,1,1,7955
683904,1,1,7955
683839,1,1,7955
683841,1,1,7955
683846,1,1,7955
683857,1,1,7955
683927,1,1,7955
683933,1,1,7955
683938,1,1,7955
683939,1,1,7955
683942,1,1,7955
683867,1,1,7955
683876,1,1,7955
683881,1,1,7955
683968,1,1,7955
683973,1,1,7955
683988,1,1,7955
683997,1,1,7955
684001,1,1,7955
683910,1,1,7955
683917,1,1,7955
683924,1,1,7955
684125,1,1,7955
697162,1,1,7955
697170,1,1,7955
697191,1,1,88448
697197,1,1,7955
697201,1,1,7955
697203,1,1,7955
697205,1,1,7955
684345,1,1,7955
684007,1,1,7955
684016,1,1,7955
684034,1,1,7955
684045,1,1,7955
684073,1,1,7955
684077,1,1,7955
684079,1,1,9031
689376,1,1,7955
689401,1,1,7955
684165,1,1,7955
684171,1,1,7955
684178,1,1,7998
684191,1,1,7955
684219,1,1,7955
684223,1,1,7955
692190,1,1,83912
692226,1,1,7955
684364,1,1,7955
684385,1,1,7998
684401,1,1,7955
686496,1,1,359391
688582,1,1,121160
689367,1,1,7955
697414,1,1,7955
697421,1,1,7998
697429,1,1,7955
697437,1,1,7955
697438,1,1,7998
697440,1,1,7955
697373,1,1,7955
697376,1,1,7955
692596,1,1,7955
693545,1,1,7955
694591,1,1,357544
694820,1,1,7955
694831,1,1,7955
695219,1,1,465515
697404,1,1,7955
697410,1,1,7955
696324,1,1,8030
697094,1,1,7955
697101,1,1,7955
697105,1,1,7955
697106,1,1,7955
697116,1,1,7955
692432,1,1,7955
692446,1,1,342108
697123,1,1,7955
697126,1,1,7955
697135,1,1,7955
697147,1,1,7955
697150,1,1,7955
697158,1,1,7955
697159,1,1,7955
695305,1,1,7955
697999,1,1,7955
697537,1,1,7955
697539,1,1,7955
697543,1,1,7955
697563,1,1,7955
697593,1,1,7955
697620,1,1,7955
697665,1,1,7955
697271,1,1,7955
697288,1,1,7955
697669,1,1,9606
697700,1,1,7955
697722,1,1,7955
697747,1,1,7998
697790,1,1,7955
697982,1,1,7955
697320,1,1,7955
697323,1,1,7955
697367,1,1,7955
697209,1,1,9606
697213,1,1,7955
697225,1,1,7955
697235,1,1,7955
697253,1,1,7955
697379,1,1,7955
697381,1,1,7955
697383,1,1,7955
697390,1,1,7955
697392,1,1,7955
697290,1,1,7955
697293,1,1,7955
697306,1,1,7955
700362,1,1,7955
700381,1,1,7955
700385,1,1,7955
700386,1,1,7955
700392,1,1,7955
700393,1,1,7955
700327,1,1,7955
700333,1,1,7955
700429,1,1,7955
700432,1,1,7955
700435,1,1,7955
700437,1,1,7955
700442,1,1,7955
700446,1,1,7955
700451,1,1,7955
700348,1,1,7955
697448,1,1,7955
697449,1,1,7955
697453,1,1,7955
697456,1,1,7955
697458,1,1,7955
697460,1,1,7955
697464,1,1,7955
700421,1,1,7955
697465,1,1,7955
697472,1,1,7955
697475,1,1,7955
697481,1,1,7955
697497,1,1,7955
697515,1,1,7955
697532,1,1,7955
697441,1,1,7955
700611,1,1,7955
700507,1,1,7955
700519,1,1,7955
470080,1,1,330879
470702,1,1,7955
471536,1,1,227321
471568,1,1,334819
468869,1,1,227321
700655,1,1,7955
700659,1,1,7955
700551,1,1,7955
700557,1,1,7955
700563,1,1,7955
700567,1,1,7955
700587,1,1,7955
700596,1,1,7955
700315,1,1,7955
700323,1,1,7955
700615,1,1,7955
700617,1,1,7955
700618,1,1,7955
700630,1,1,7955
700639,1,1,7955
700653,1,1,7955
700338,1,1,7955
700342,1,1,7955
700346,1,1,7955
700347,1,1,7955
698121,1,1,7955
698237,1,1,7955
698797,1,1,7955
699785,1,1,7955
700532,1,1,8030
700543,1,1,7955
700545,1,1,7955
700550,1,1,7955
700472,1,1,7955
700481,1,1,7955
700484,1,1,7955
700486,1,1,7955
474754,1,1,227321
474772,1,1,227321
474795,1,1,227321
474798,1,1,190486
474597,1,1,330879
474644,1,1,330879
700529,1,1,7955
700531,1,1,7955
474826,1,1,227321
474834,1,1,227321
474841,1,1,190485
474860,1,1,227321
474865,1,1,227321
474866,1,1,227321
474719,1,1,227321
474731,1,1,227321
468879,1,1,227321
468886,1,1,227321
468976,1,1,227321
469130,1,1,227321
469246,1,1,1365484
469259,1,1,330879
474816,1,1,510516
474824,1,1,746128
700689,1,1,7998
700691,1,1,7955
700693,1,1,7955
700698,1,1,7955
700699,1,1,7955
700706,1,1,7955
701227,1,1,8090
701230,1,1,7955
700716,1,1,7955
700718,1,1,7955
700722,1,1,7955
700724,1,1,7955
700748,1,1,7955
700749,1,1,7955
700662,1,1,7955
700674,1,1,7955
700766,1,1,7955
700781,1,1,7955
700788,1,1,7955
700789,1,1,13489
700794,1,1,7955
700799,1,1,7955
700713,1,1,7955
700715,1,1,7955
700491,1,1,7955
700492,1,1,7955
700501,1,1,7955
700813,1,1,7955
700828,1,1,7955
700830,1,1,7955
700852,1,1,7955
700754,1,1,7955
700903,1,1,7955
700921,1,1,7955
700926,1,1,7955
701860,1,1,7955
701873,1,1,7955
701885,1,1,7955
701901,1,1,7955
701905,1,1,7955
700938,1,1,7955
700947,1,1,7955
700948,1,1,7955
700963,1,1,7955
700966,1,1,7955
700984,1,1,7955
700891,1,1,7955
700899,1,1,7955
701046,1,1,7955
701092,1,1,4530
701121,1,1,7955
701126,1,1,7955
701164,1,1,7955
701173,1,1,7955
700933,1,1,7955
700934,1,1,7955
701232,1,1,7955
701299,1,1,7998
701316,1,1,7955
701330,1,1,7955
701380,1,1,7955
701444,1,1,7955
700995,1,1,7955
701007,1,1,7955
701760,1,1,7955
701778,1,1,7955
702104,1,1,7955
702106,1,1,7955
702126,1,1,7955
702131,1,1,7955
702135,1,1,7955
702062,1,1,7955
701806,1,1,7955
701808,1,1,7955
701495,1,1,7955
701536,1,1,7955
701753,1,1,7955
701756,1,1,8030
701758,1,1,7955
701759,1,1,7955
701854,1,1,7955
701856,1,1,7955
701782,1,1,7955
701788,1,1,7955
701790,1,1,7955
701794,1,1,7955
701795,1,1,7955
701796,1,1,7955
701909,1,1,246197
701916,1,1,7955
701810,1,1,7955
701822,1,1,7955
701823,1,1,7955
701824,1,1,7955
701826,1,1,7955
701850,1,1,192
702321,1,1,7955
702233,1,1,7955
702239,1,1,7955
702241,1,1,7955
702254,1,1,7955
702255,1,1,7955
702278,1,1,550538
702166,1,1,7955
701976,1,1,7955
701990,1,1,7955
702001,1,1,8022
702281,1,1,7955
702283,1,1,7955
702294,1,1,7955
702300,1,1,7955
702315,1,1,7955
702016,1,1,7955
702020,1,1,7955
702021,1,1,7955
702028,1,1,7998
702032,1,1,7955
701921,1,1,7955
701931,1,1,246197
701974,1,1,7955
702063,1,1,7955
702069,1,1,7955
702080,1,1,7955
702086,1,1,7955
702090,1,1,7955
702009,1,1,7955
702011,1,1,7955
702015,1,1,7955
702504,1,1,7955
702526,1,1,7955
702533,1,1,7955
702540,1,1,7955
702544,1,1,7955
702372,1,1,7955
702382,1,1,7955
702397,1,1,7955
702575,1,1,7955
702583,1,1,7955
702585,1,1,7955
702588,1,1,7955
702592,1,1,7955
702595,1,1,7955
702473,1,1,7955
702499,1,1,7955
702149,1,1,7955
702150,1,1,7955
702153,1,1,7955
702155,1,1,7955
702158,1,1,8090
702162,1,1,7955
702550,1,1,7955
702557,1,1,7955
702171,1,1,7955
702191,1,1,7955
702216,1,1,7955
702226,1,1,7955
702227,1,1,7955
702231,1,1,7955
702141,1,1,9606
702147,1,1,7955
467853,1,1,227321
467855,1,1,227321
467951,1,1,227321
467952,1,1,235443
467960,1,1,227321
468045,1,1,227321
467404,1,1,330879
467415,1,1,227321
702688,1,1,7955
702695,1,1,7955
702701,1,1,7955
702712,1,1,8030
702720,1,1,7955
702723,1,1,7955
702657,1,1,7955
702660,1,1,7955
702741,1,1,8030
702748,1,1,7955
702752,1,1,7955
702762,1,1,7955
702770,1,1,7955
702784,1,1,7955
702808,1,1,7998
702686,1,1,7955
702423,1,1,7955
702436,1,1,7955
702457,1,1,7955
702458,1,1,7955
702334,1,1,7955
702341,1,1,7998
702345,1,1,7955
702352,1,1,7955
702682,1,1,7955
702601,1,1,7955
702609,1,1,7955
702611,1,1,7955
702613,1,1,7955
702630,1,1,7955
702638,1,1,7955
702643,1,1,7955
472409,1,1,227321
472646,1,1,227321
469764,1,1,330879
469802,1,1,227321
702661,1,1,7955
702668,1,1,7955
702669,1,1,7955
702681,1,1,7955
473815,1,1,330879
473901,1,1,510516
474156,1,1,227321
474267,1,1,227321
471666,1,1,330879
471792,1,1,235443
472220,1,1,227321
472341,1,1,330879
467513,1,1,227321
467535,1,1,227321
467651,1,1,330879
467657,1,1,5062
467677,1,1,227321
467771,1,1,4530
472804,1,1,6239
472859,1,1,330879
702884,1,1,7955
702893,1,1,7955
710490,1,1,9031
710584,1,1,9031
710602,1,1,9031
710760,1,1,9031
711377,1,1,9031
711531,1,1,9031
703296,1,1,7955
703404,1,1,8355
702817,1,1,7955
702823,1,1,7955
702824,1,1,316273
702835,1,1,7955
702855,1,1,7955
702859,1,1,7998
703672,1,1,8355
703806,1,1,8355
703827,1,1,8355
703880,1,1,8355
703936,1,1,8355
702902,1,1,7955
702938,1,1,9940
702955,1,1,7955
703948,1,1,8355
703961,1,1,8355
703962,1,1,8355
704124,1,1,8355
704511,1,1,8355
704513,1,1,8355
704705,1,1,8355
703608,1,1,8355
716222,1,1,9913
716338,1,1,9823
716368,1,1,9823
716413,1,1,9913
717388,1,1,9913
711917,1,1,9031
711935,1,1,9031
466691,1,1,190485
717431,1,1,11676
717438,1,1,9913
717520,1,1,6239
717547,1,1,9940
717662,1,1,9796
717925,1,1,9823
715993,1,1,9913
716061,1,1,9913
704766,1,1,8355
704775,1,1,8355
704827,1,1,8355
704898,1,1,8364
704943,1,1,8355
704950,1,1,8355
705016,1,1,8355
717397,1,1,9913
710232,1,1,9031
710247,1,1,9031
710297,1,1,9031
710390,1,1,9031
705017,1,1,8355
705033,1,1,8355
707168,1,1,103944
709301,1,1,9031
711537,1,1,9031
711555,1,1,9031
711635,1,1,9031
711888,1,1,9031
711902,1,1,9031
718807,1,1,10090
718837,1,1,10090
718838,1,1,10090
468183,1,1,7955
468272,1,1,235443
468288,1,1,227321
467813,1,1,227321
712323,1,1,9031
712569,1,1,9031
712938,1,1,9031
715917,1,1,9913
466593,1,1,227321
468424,1,1,227321
468451,1,1,227321
468484,1,1,5062
468507,1,1,227321
468648,1,1,330879
468729,1,1,330879
468175,1,1,510516
466796,1,1,227321
466797,1,1,330879
466857,1,1,227321
466456,1,1,227321
466457,1,1,330879
466511,1,1,510516
466569,1,1,227321
466570,1,1,227321
718955,1,1,10090
718959,1,1,10090
718960,1,1,10090
718909,1,1,10090
465899,1,1,227321
465913,1,1,330879
466013,1,1,227321
466031,1,1,5141
718720,1,1,10090
718971,1,1,10116
718986,1,1,10090
718992,1,1,10090
719035,1,1,10090
718935,1,1,10090
718937,1,1,10090
718952,1,1,10090
718749,1,1,10090
718752,1,1,10090
718758,1,1,10090
718759,1,1,10116
718326,1,1,7955
718698,1,1,10116
718709,1,1,10090
718714,1,1,10116
718849,1,1,10090
718768,1,1,10116
718775,1,1,10116
718789,1,1,10090
718804,1,1,10116
718806,1,1,10090
718742,1,1,10090
718747,1,1,10090
718916,1,1,10090
718918,1,1,10090
718926,1,1,10090
718850,1,1,10090
718865,1,1,10090
718866,1,1,10090
718867,1,1,10116
718883,1,1,10090
467032,1,1,510516
467036,1,1,330879
467064,1,1,227321
467107,1,1,227321
467126,1,1,227321
466600,1,1,330879
466624,1,1,227321
718911,1,1,10090
467244,1,1,227321
467272,1,1,227321
467287,1,1,227321
467355,1,1,510516
467382,1,1,5062
466885,1,1,367110
467018,1,1,759272
467023,1,1,227321
465750,1,1,330879
465776,1,1,7955
465793,1,1,4102
465819,1,1,330879
465820,1,1,330879
467130,1,1,227321
467172,1,1,7955
467177,1,1,510516
721375,1,1,9606
721403,1,1,9606
721450,1,1,9606
721480,1,1,9606
720194,1,1,9606
720202,1,1,9606
720212,1,1,9606
720299,1,1,9606
721583,1,1,9606
721607,1,1,9606
721614,1,1,9606
721628,1,1,9606
721691,1,1,9606
721353,1,1,9606
721365,1,1,9606
721368,1,1,9606
719451,1,1,10090
719454,1,1,10090
719455,1,1,10090
719462,1,1,10090
719259,1,1,10090
719267,1,1,10090
719272,1,1,10090
721535,1,1,9606
718900,1,1,10116
718904,1,1,10090
719684,1,1,10090
720032,1,1,9606
719470,1,1,10090
719596,1,1,10116
719661,1,1,10090
719279,1,1,10090
458064,1,1,235443
459006,1,1,7955
459194,1,1,334819
459311,1,1,235443
459443,1,1,7955
459579,1,1,7955
440189,1,1,227321
440207,1,1,227321
722222,1,1,9606
722223,1,1,9606
722227,1,1,9606
722228,1,1,9606
722233,1,1,9606
722243,1,1,9606
722253,1,1,9606
721887,1,1,9606
722262,1,1,9606
722263,1,1,9606
722265,1,1,9606
722267,1,1,9606
722268,1,1,9606
722281,1,1,9606
722290,1,1,9606
722311,1,1,9606
720301,1,1,9606
721324,1,1,9606
720119,1,1,9606
720120,1,1,9606
720121,1,1,9606
720127,1,1,9606
720138,1,1,9606
720164,1,1,9606
721736,1,1,9606
721738,1,1,9606
721739,1,1,9606
721741,1,1,9606
721746,1,1,9606
721772,1,1,9606
722778,1,1,9606
722835,1,1,9606
466167,1,1,227321
466195,1,1,7955
466200,1,1,227321
721932,1,1,9606
722036,1,1,9606
722219,1,1,9606
721728,1,1,9606
721735,1,1,9606
466284,1,1,227321
466301,1,1,330879
466393,1,1,227321
466395,1,1,227321
466427,1,1,227321
466047,1,1,7955
466087,1,1,227321
466135,1,1,227321
440238,1,1,330879
440507,1,1,330879
440531,1,1,1392255
440626,1,1,1392255
444167,1,1,242507
444656,1,1,242507
466202,1,1,330879
466257,1,1,227321
723140,1,1,9606
723146,1,1,9606
723152,1,1,9606
723159,1,1,9606
723161,1,1,9606
723170,1,1,9606
723114,1,1,9606
723116,1,1,9606
722460,1,1,9606
722326,1,1,9606
722361,1,1,9606
723174,1,1,9606
723198,1,1,9606
723252,1,1,9606
723264,1,1,9606
723294,1,1,9606
722542,1,1,9606
722367,1,1,9606
722371,1,1,9606
722372,1,1,9606
722382,1,1,9606
722385,1,1,9606
722417,1,1,9606
722429,1,1,9606
722837,1,1,9606
722849,1,1,9606
722962,1,1,9606
722963,1,1,9606
722530,1,1,9606
722537,1,1,9606
722540,1,1,9606
722541,1,1,9606
456135,1,1,7955
456671,1,1,7955
723119,1,1,9606
723120,1,1,9606
723123,1,1,9606
723125,1,1,9606
723127,1,1,9606
723130,1,1,9606
465662,1,1,227321
460032,1,1,7955
460394,1,1,498257
460832,1,1,235443
461288,1,1,235443
461536,1,1,242507
461870,1,1,367110
462260,1,1,51453
438876,1,1,227321
462362,1,1,51453
462537,1,1,235443
464280,1,1,5141
464636,1,1,7955
465625,1,1,367110
465629,1,1,227321
465643,1,1,227321
438885,1,1,227321
439058,1,1,227321
439172,1,1,227321
439182,1,1,227321
439187,1,1,330879
438602,1,1,227321
438661,1,1,227321
438828,1,1,227321
723926,1,1,10116
723932,1,1,9606
724060,1,1,9606
724061,1,1,9606
724064,1,1,9606
723848,1,1,9606
723881,1,1,10090
723889,1,1,9606
723337,1,1,9606
723384,1,1,10090
723302,1,1,9606
723305,1,1,9606
723308,1,1,9606
723309,1,1,10090
723312,1,1,9606
723916,1,1,10116
723563,1,1,9606
723565,1,1,9606
723589,1,1,9606
723609,1,1,9606
723423,1,1,10090
723468,1,1,9606
723477,1,1,9606
723479,1,1,9606
723016,1,1,9606
723024,1,1,9606
723033,1,1,9606
723036,1,1,9606
723039,1,1,9606
723048,1,1,9606
723111,1,1,9606
723113,1,1,9606
439208,1,1,227321
439214,1,1,330879
439224,1,1,227321
439248,1,1,227321
439250,1,1,227321
439294,1,1,227321
439300,1,1,227321
438879,1,1,330879
436036,1,1,227321
439584,1,1,227321
439713,1,1,227321
439977,1,1,330879
439978,1,1,330879
440166,1,1,227321
440187,1,1,227321
439201,1,1,227321
436538,1,1,510516
436574,1,1,510516
435278,1,1,227321
435328,1,1,330879
435503,1,1,227321
435921,1,1,602072
435981,1,1,510516
436020,1,1,227321
723893,1,1,9606
723901,1,1,9606
723707,1,1,9606
723785,1,1,9606
436254,1,1,330879
436258,1,1,330879
436447,1,1,227321
436536,1,1,227321
724605,1,1,9606
724658,1,1,9606
724672,1,1,10090
724674,1,1,9606
724675,1,1,9606
724433,1,1,9606
724437,1,1,9606
724539,1,1,10090
724091,1,1,9606
724092,1,1,10116
724095,1,1,9606
724066,1,1,9606
724069,1,1,9606
724072,1,1,9606
724085,1,1,9606
724577,1,1,9606
724123,1,1,9606
724149,1,1,9606
724100,1,1,9606
724101,1,1,9606
724102,1,1,9606
724103,1,1,9606
724086,1,1,9606
724090,1,1,9606
723644,1,1,9606
723646,1,1,9606
723654,1,1,9606
723657,1,1,9606
723659,1,1,9606
723661,1,1,9606
723664,1,1,9606
724118,1,1,9606
437910,1,1,227321
437930,1,1,227321
436067,1,1,330879
436219,1,1,330879
724211,1,1,9606
724248,1,1,9606
724346,1,1,9606
724153,1,1,9606
438172,1,1,227321
438523,1,1,227321
438541,1,1,227321
437744,1,1,510516
437779,1,1,227321
437787,1,1,227321
437793,1,1,227321
437853,1,1,227321
434856,1,1,227321
434870,1,1,227321
434584,1,1,510516
434613,1,1,227321
434680,1,1,227321
437943,1,1,227321
438094,1,1,227321
438122,1,1,227321
724554,1,1,10116
724555,1,1,10116
724575,1,1,9606
724198,1,1,9606
724199,1,1,9606
434777,1,1,227321
434810,1,1,330879
434825,1,1,227321
724716,1,1,9606
724719,1,1,9606
724722,1,1,9606
724729,1,1,9606
724730,1,1,9606
725953,1,1,10090
726116,1,1,9606
726236,1,1,9606
724862,1,1,9606
724915,1,1,65489
724761,1,1,9606
724764,1,1,10090
724767,1,1,9606
724768,1,1,9606
724773,1,1,9606
724700,1,1,9606
725009,1,1,9606
725014,1,1,9606
725016,1,1,9606
724777,1,1,10116
724821,1,1,9606
724845,1,1,9606
724857,1,1,9606
724858,1,1,9606
724163,1,1,9606
724174,1,1,10116
724176,1,1,9606
724188,1,1,9606
724191,1,1,9606
724192,1,1,9606
724197,1,1,9606
724997,1,1,10090
726597,1,1,9606
726576,1,1,9606
726582,1,1,9606
726585,1,1,9606
726562,1,1,9606
415938,1,1,190485
423654,1,1,5599
431619,1,1,500485
725042,1,1,9606
725047,1,1,9606
725076,1,1,10090
726586,1,1,9606
726588,1,1,9606
726590,1,1,9606
726593,1,1,9606
726594,1,1,10090
725094,1,1,9606
725106,1,1,10090
725110,1,1,10090
725178,1,1,9606
725259,1,1,9606
725298,1,1,7955
725031,1,1,9606
725036,1,1,9606
726294,1,1,9606
726546,1,1,9606
725382,1,1,9606
725599,1,1,9606
725601,1,1,9606
725624,1,1,10116
725779,1,1,10116
725855,1,1,9606
726553,1,1,9606
726557,1,1,9606
726648,1,1,9606
726651,1,1,9606
726653,1,1,9606
726656,1,1,10090
726657,1,1,9606
726631,1,1,9606
435063,1,1,227321
435081,1,1,227321
435120,1,1,330879
434733,1,1,227321
726565,1,1,9606
726566,1,1,10090
726551,1,1,9606
726552,1,1,9606
415249,1,1,190485
435171,1,1,330879
435174,1,1,330879
435236,1,1,227321
435249,1,1,227321
435271,1,1,330879
435002,1,1,227321
435051,1,1,330879
432867,1,1,227321
406985,1,1,559292
406988,1,1,237561
406993,1,1,559292
407016,1,1,237561
407018,1,1,559292
407024,1,1,237561
407027,1,1,237561
434515,1,1,227321
433247,1,1,227321
433349,1,1,227321
433497,1,1,227321
433527,1,1,227321
433545,1,1,227321
433551,1,1,227321
433934,1,1,510516
406934,1,1,559292
406935,1,1,559292
406936,1,1,559292
434330,1,1,510516
434467,1,1,33178
434478,1,1,227321
434491,1,1,330879
434497,1,1,510516
406942,1,1,559292
406943,1,1,559292
406944,1,1,559292
406929,1,1,559292
406930,1,1,559292
406931,1,1,559292
406932,1,1,559292
406933,1,1,559292
726634,1,1,9606
726636,1,1,9606
726638,1,1,9606
726640,1,1,9606
726641,1,1,9606
726622,1,1,9606
406939,1,1,559292
406940,1,1,559292
726662,1,1,9606
726666,1,1,9606
726667,1,1,9606
726740,1,1,9606
726741,1,1,9606
726745,1,1,9606
726747,1,1,9606
726728,1,1,9606
726671,1,1,9606
726673,1,1,9606
726674,1,1,9606
726675,1,1,9606
726684,1,1,9606
726658,1,1,9606
726659,1,1,9606
726660,1,1,9606
726604,1,1,9606
726610,1,1,10090
726612,1,1,9606
726698,1,1,9606
726702,1,1,9606
726686,1,1,9606
726688,1,1,9606
726692,1,1,9606
434064,1,1,510516
415411,1,1,5499
415677,1,1,7788
726624,1,1,9606
726628,1,1,9606
726629,1,1,10116
726630,1,1,9606
726601,1,1,9606
406829,1,1,559292
406857,1,1,559292
406862,1,1,559292
406863,1,1,559292
406864,1,1,559292
406870,1,1,559292
406734,1,1,559292
406742,1,1,559292
726796,1,1,9606
726779,1,1,9796
726781,1,1,9606
726786,1,1,9606
726787,1,1,9606
726788,1,1,9606
726768,1,1,9606
726769,1,1,9606
726706,1,1,9606
726710,1,1,9606
726711,1,1,9606
726716,1,1,9606
726717,1,1,9606
726791,1,1,10090
726792,1,1,9606
726794,1,1,9606
726731,1,1,9606
726733,1,1,9606
726737,1,1,9606
726720,1,1,9606
726721,1,1,9606
726724,1,1,9606
726725,1,1,9606
726726,1,1,10090
726760,1,1,9606
726765,1,1,10090
726766,1,1,9606
726837,1,1,9606
726840,1,1,9606
726841,1,1,10090
726842,1,1,9606
726846,1,1,9606
406950,1,1,559292
406953,1,1,559292
406965,1,1,559292
406937,1,1,559292
406938,1,1,559292
726773,1,1,10116
726775,1,1,9606
726778,1,1,9606
406971,1,1,559292
406972,1,1,559292
406975,1,1,559292
406984,1,1,559292
406946,1,1,559292
406947,1,1,559292
406948,1,1,559292
406949,1,1,559292
406750,1,1,559292
406768,1,1,284593
406776,1,1,559292
406789,1,1,559292
406966,1,1,559292
406967,1,1,559292
406968,1,1,559292
406969,1,1,559292
406519,1,1,237561
406534,1,1,559292
406570,1,1,237561
406577,1,1,237561
406602,1,1,237561
406604,1,1,237561
406463,1,1,237561
406465,1,1,237561
726885,1,1,9606
726867,1,1,9606
726868,1,1,9606
726870,1,1,9606
726874,1,1,9606
726875,1,1,9606
726856,1,1,9606
726857,1,1,9606
726819,1,1,9606
726807,1,1,10090
726810,1,1,9606
726877,1,1,9606
726878,1,1,10090
726879,1,1,10116
726880,1,1,9606
726884,1,1,10090
726823,1,1,9606
726824,1,1,9606
726826,1,1,9606
726830,1,1,10090
726812,1,1,9606
726813,1,1,9606
726817,1,1,10090
726818,1,1,9606
726864,1,1,10090
726849,1,1,9606
726852,1,1,9606
726854,1,1,10090
726956,1,1,9606
726960,1,1,9606
726963,1,1,10090
726970,1,1,9606
406885,1,1,559292
406888,1,1,237561
406913,1,1,559292
406914,1,1,559292
406915,1,1,559292
406807,1,1,644223
406810,1,1,559292
726860,1,1,9606
406922,1,1,559292
406923,1,1,559292
406924,1,1,559292
406926,1,1,559292
406927,1,1,559292
406928,1,1,559292
406874,1,1,559292
406875,1,1,559292
406472,1,1,237561
406490,1,1,237561
406491,1,1,237561
406501,1,1,237561
406503,1,1,237561
406510,1,1,237561
406916,1,1,559292
406917,1,1,559292
406652,1,1,559292
406653,1,1,559292
406673,1,1,559292
406514,1,1,237561
406518,1,1,237561
726900,1,1,9606
726905,1,1,9606
726916,1,1,9606
406702,1,1,559292
406710,1,1,559292
406718,1,1,559292
406719,1,1,559292
406614,1,1,237561
406622,1,1,237561
406626,1,1,559292
406641,1,1,559292
406339,1,1,559292
406348,1,1,559292
406353,1,1,559292
406354,1,1,559292
406366,1,1,237561
406367,1,1,237561
406689,1,1,559292
406701,1,1,237561
726929,1,1,9606
726936,1,1,9606
726938,1,1,9606
726952,1,1,9606
406373,1,1,559292
406374,1,1,559292
406377,1,1,237561
406384,1,1,559292
727112,1,1,10090
727093,1,1,9606
727099,1,1,9606
727101,1,1,9606
727082,1,1,9606
406209,1,1,237561
406215,1,1,237561
406217,1,1,237561
727025,1,1,9606
726980,1,1,9606
726983,1,1,10090
727000,1,1,9606
727004,1,1,9606
727106,1,1,10116
727107,1,1,9606
727109,1,1,9606
727062,1,1,9606
727026,1,1,9606
727036,1,1,10090
727038,1,1,9606
727043,1,1,9606
727047,1,1,9606
727017,1,1,9606
727019,1,1,9606
726888,1,1,10090
726890,1,1,9606
726891,1,1,9606
726893,1,1,9606
726895,1,1,9606
727053,1,1,9606
727056,1,1,9606
727059,1,1,9606
406415,1,1,237561
406368,1,1,559292
406369,1,1,559292
727085,1,1,9606
727087,1,1,10090
727088,1,1,9606
727089,1,1,9606
727091,1,1,9606
406458,1,1,237561
406393,1,1,559292
406396,1,1,559292
406398,1,1,559292
406399,1,1,559292
406404,1,1,237561
406405,1,1,559292
406407,1,1,559292
406195,1,1,237561
406418,1,1,237561
406419,1,1,237561
406424,1,1,237561
406435,1,1,237561
406446,1,1,237561
406453,1,1,237561
406456,1,1,237561
406219,1,1,559292
406221,1,1,237561
406232,1,1,559292
406168,1,1,237561
406169,1,1,559292
406170,1,1,559292
406172,1,1,559292
406183,1,1,237561
727125,1,1,9606
727126,1,1,9606
727263,1,1,9606
727264,1,1,9606
727265,1,1,9606
727236,1,1,9606
727241,1,1,9606
727253,1,1,9606
727133,1,1,9606
727134,1,1,9606
727135,1,1,9606
727145,1,1,9606
727146,1,1,9606
727119,1,1,9606
727123,1,1,9606
727124,1,1,9606
727173,1,1,10090
727182,1,1,9606
727187,1,1,9606
727157,1,1,9606
727158,1,1,9606
727160,1,1,9606
727161,1,1,9606
727163,1,1,9606
727073,1,1,9606
727077,1,1,9606
727078,1,1,9606
727079,1,1,9606
727081,1,1,9606
727166,1,1,10090
727167,1,1,9606
727170,1,1,9606
406275,1,1,237561
406295,1,1,559292
406309,1,1,559292
406312,1,1,559292
406315,1,1,237561
406207,1,1,237561
406208,1,1,237561
727217,1,1,9606
406321,1,1,559292
406322,1,1,559292
406323,1,1,237561
406325,1,1,559292
406333,1,1,237561
406335,1,1,237561
406235,1,1,237561
406248,1,1,559292
406114,1,1,284593
406071,1,1,559292
406076,1,1,237561
406077,1,1,559292
406082,1,1,559292
406086,1,1,237561
406091,1,1,237561
406098,1,1,559292
727254,1,1,9606
727255,1,1,9606
727256,1,1,9606
727211,1,1,9606
406108,1,1,237561
406110,1,1,559292
406112,1,1,559292
406113,1,1,237561
727292,1,1,10090
727615,1,1,9606
727618,1,1,9606
727619,1,1,9913
727620,1,1,9606
727624,1,1,9606
727600,1,1,9606
727602,1,1,9606
727329,1,1,9606
727334,1,1,9606
727335,1,1,10090
727278,1,1,9606
727279,1,1,9606
727283,1,1,9606
727287,1,1,9606
727291,1,1,9606
727439,1,1,9606
727450,1,1,9606
727346,1,1,9606
727348,1,1,9606
727356,1,1,9606
727307,1,1,9606
727308,1,1,10090
727311,1,1,9606
727218,1,1,9606
727219,1,1,9606
727220,1,1,9606
727209,1,1,9606
727413,1,1,9606
727414,1,1,9606
727418,1,1,10090
727420,1,1,9606
727650,1,1,9606
406004,1,1,237561
406016,1,1,559292
406018,1,1,559292
406022,1,1,559292
405979,1,1,559292
405980,1,1,559292
405983,1,1,559292
727692,1,1,9606
727693,1,1,9606
727661,1,1,9606
727664,1,1,9606
727665,1,1,10090
727671,1,1,9606
727674,1,1,9606
727675,1,1,9606
727598,1,1,9606
727486,1,1,10090
727495,1,1,10090
727502,1,1,9606
727679,1,1,10090
727686,1,1,9606
727687,1,1,9606
727690,1,1,9606
727603,1,1,9606
727605,1,1,9606
727608,1,1,9606
727507,1,1,10090
727522,1,1,9606
727527,1,1,9606
727553,1,1,9606
727595,1,1,9606
727632,1,1,9606
727635,1,1,10090
727647,1,1,9606
727759,1,1,10090
727765,1,1,9606
727769,1,1,9606
727773,1,1,9606
727774,1,1,9606
406138,1,1,559292
406101,1,1,237561
406102,1,1,237561
727651,1,1,9606
727652,1,1,10090
727654,1,1,9606
727657,1,1,9606
727630,1,1,9606
406161,1,1,559292
406167,1,1,237561
406118,1,1,559292
406120,1,1,559292
406121,1,1,559292
406125,1,1,559292
406127,1,1,559292
406133,1,1,237561
405984,1,1,559292
405985,1,1,237561
405989,1,1,237561
406150,1,1,559292
406153,1,1,237561
406155,1,1,559292
406156,1,1,559292
406157,1,1,559292
728031,1,1,9606
728033,1,1,9606
727803,1,1,10090
405921,1,1,559292
405926,1,1,237561
405928,1,1,559292
405930,1,1,237561
405932,1,1,559292
728065,1,1,10090
728076,1,1,9606
728116,1,1,9606
728134,1,1,9606
727857,1,1,9606
727876,1,1,9606
728026,1,1,9606
728028,1,1,9606
727696,1,1,10090
727697,1,1,10090
727699,1,1,9606
727705,1,1,9606
727706,1,1,10090
727709,1,1,9606
728038,1,1,9606
728040,1,1,10090
727746,1,1,9606
727748,1,1,9606
727754,1,1,9606
727755,1,1,10090
727718,1,1,9606
727719,1,1,9606
727724,1,1,10090
727726,1,1,10090
727776,1,1,9606
727779,1,1,9606
727781,1,1,9606
727785,1,1,9606
727788,1,1,9606
727797,1,1,9606
728568,1,1,9606
728584,1,1,9606
406048,1,1,237561
405990,1,1,237561
406002,1,1,237561
727822,1,1,9606
727830,1,1,9606
727839,1,1,10090
727841,1,1,9606
727849,1,1,9606
406061,1,1,559292
406064,1,1,559292
406068,1,1,237561
406070,1,1,559292
406028,1,1,559292
406030,1,1,237561
406037,1,1,559292
406044,1,1,237561
405899,1,1,237561
405901,1,1,237561
405902,1,1,237561
405906,1,1,237561
405908,1,1,559292
405911,1,1,559292
406052,1,1,237561
406059,1,1,237561
728646,1,1,9606
728651,1,1,10090
728664,1,1,9606
728631,1,1,10090
728633,1,1,9606
728620,1,1,9606
405841,1,1,237561
405844,1,1,559292
728188,1,1,9606
728191,1,1,9606
728193,1,1,9606
728194,1,1,9606
728195,1,1,9606
728640,1,1,9606
728643,1,1,10090
728644,1,1,9606
728198,1,1,9606
728199,1,1,9606
728271,1,1,9606
728305,1,1,9606
728323,1,1,9606
728154,1,1,9606
728182,1,1,9606
728186,1,1,9606
728602,1,1,9606
728349,1,1,9606
728353,1,1,9606
728359,1,1,9606
728364,1,1,9606
728441,1,1,9606
728452,1,1,9606
728196,1,1,9606
728625,1,1,9606
728626,1,1,10090
728628,1,1,9606
728603,1,1,9606
728607,1,1,10090
728610,1,1,9606
728611,1,1,9606
728824,1,1,9606
405934,1,1,559292
405935,1,1,559292
405937,1,1,559292
405945,1,1,237561
405947,1,1,237561
405914,1,1,559292
405916,1,1,559292
728623,1,1,9606
405954,1,1,559292
405955,1,1,237561
405957,1,1,237561
405959,1,1,559292
405960,1,1,237561
405966,1,1,559292
405968,1,1,559292
405970,1,1,559292
405853,1,1,559292
405808,1,1,237561
405812,1,1,237561
405819,1,1,559292
405820,1,1,559292
405822,1,1,559292
405824,1,1,237561
405825,1,1,559292
729032,1,1,9606
729033,1,1,9606
729039,1,1,9606
729040,1,1,10090
729042,1,1,9606
729045,1,1,9606
405757,1,1,559292
405759,1,1,559292
728706,1,1,9606
728719,1,1,9606
728722,1,1,9606
729048,1,1,10090
729052,1,1,9606
729060,1,1,9606
729068,1,1,9606
729073,1,1,9606
728745,1,1,10090
728746,1,1,9606
728750,1,1,9606
728753,1,1,9606
728771,1,1,9606
728667,1,1,9606
728670,1,1,9606
728694,1,1,9606
728825,1,1,10090
728830,1,1,9606
728850,1,1,9606
728909,1,1,9606
728809,1,1,9606
728816,1,1,9606
728817,1,1,9606
728818,1,1,9606
405829,1,1,237561
729018,1,1,9606
729023,1,1,9606
728921,1,1,9606
728958,1,1,9606
729003,1,1,10090
729630,1,1,9606
729648,1,1,9606
405856,1,1,559292
405857,1,1,237561
405862,1,1,559292
405868,1,1,237561
405870,1,1,559292
405872,1,1,237561
405875,1,1,237561
405826,1,1,559292
405752,1,1,559292
405754,1,1,237561
405881,1,1,237561
405885,1,1,237561
405888,1,1,237561
405891,1,1,237561
405896,1,1,237561
405855,1,1,559292
405762,1,1,559292
405764,1,1,559292
405765,1,1,559292
405766,1,1,559292
405736,1,1,559292
405740,1,1,559292
405742,1,1,559292
405748,1,1,237561
405791,1,1,559292
405800,1,1,559292
405805,1,1,559292
405806,1,1,237561
405773,1,1,559292
405776,1,1,559292
405778,1,1,559292
405780,1,1,237561
405653,1,1,559292
405659,1,1,237561
405662,1,1,559292
405670,1,1,237561
405672,1,1,284593
405673,1,1,237561
405785,1,1,559292
405788,1,1,559292
729177,1,1,9606
405682,1,1,559292
405687,1,1,237561
405688,1,1,237561
405693,1,1,559292
405696,1,1,559292
405644,1,1,237561
405646,1,1,237561
729649,1,1,9606
729651,1,1,9606
729654,1,1,9606
729246,1,1,9606
729601,1,1,9606
729605,1,1,9606
729618,1,1,9606
729624,1,1,9606
405724,1,1,559292
405725,1,1,237561
405727,1,1,559292
405731,1,1,237561
405734,1,1,237561
405700,1,1,559292
405708,1,1,559292
405714,1,1,237561
405597,1,1,559292
405598,1,1,237561
405574,1,1,559292
405578,1,1,559292
405582,1,1,559292
405583,1,1,237561
405586,1,1,559292
405723,1,1,559292
729089,1,1,9606
729115,1,1,10090
729714,1,1,10090
729720,1,1,9606
729701,1,1,9606
405594,1,1,559292
405595,1,1,237561
405596,1,1,559292
405781,1,1,237561
405756,1,1,559292
729208,1,1,10090
729239,1,1,9606
729245,1,1,10090
729076,1,1,9606
729083,1,1,9606
729084,1,1,9606
729733,1,1,9606
729736,1,1,10090
729737,1,1,9606
729830,1,1,10090
729832,1,1,10090
729833,1,1,9606
729834,1,1,9606
729836,1,1,9606
729741,1,1,9606
729745,1,1,9606
729746,1,1,9606
729749,1,1,9606
729757,1,1,9606
729759,1,1,9606
729724,1,1,9606
729729,1,1,10090
729671,1,1,9606
729672,1,1,10090
729674,1,1,10090
729776,1,1,9606
729777,1,1,9606
729760,1,1,9606
729765,1,1,9606
729774,1,1,9606
405719,1,1,559292
405720,1,1,237561
405676,1,1,559292
405677,1,1,237561
729680,1,1,9606
729682,1,1,10090
729685,1,1,9606
729666,1,1,9606
405606,1,1,237561
405610,1,1,559292
405614,1,1,559292
405588,1,1,237561
405589,1,1,559292
729806,1,1,9606
729808,1,1,9606
729816,1,1,9606
405634,1,1,559292
405637,1,1,559292
405638,1,1,559292
405642,1,1,559292
405643,1,1,559292
405601,1,1,559292
405603,1,1,237561
405604,1,1,237561
405506,1,1,559292
405507,1,1,559292
405508,1,1,559292
405511,1,1,237561
405512,1,1,559292
405514,1,1,237561
405626,1,1,237561
405630,1,1,237561
729819,1,1,9606
729822,1,1,9606
729805,1,1,9606
405517,1,1,237561
405524,1,1,559292
405525,1,1,237561
405529,1,1,559292
405530,1,1,237561
729936,1,1,9606
729912,1,1,9606
729913,1,1,9606
405438,1,1,559292
405440,1,1,559292
405441,1,1,559292
405445,1,1,559292
405449,1,1,559292
729844,1,1,9606
729849,1,1,9606
729939,1,1,10090
729948,1,1,9606
729951,1,1,10090
729926,1,1,9606
729928,1,1,9606
729929,1,1,10090
729865,1,1,9606
729871,1,1,9606
729852,1,1,10090
729858,1,1,9606
729860,1,1,10090
729840,1,1,10116
729841,1,1,9606
729842,1,1,9606
729794,1,1,9606
729800,1,1,10090
729802,1,1,9606
729875,1,1,9606
729884,1,1,9606
729886,1,1,9606
729861,1,1,10090
729863,1,1,9606
405515,1,1,237561
405516,1,1,237561
729919,1,1,9606
729920,1,1,9606
729922,1,1,10090
729903,1,1,9606
729907,1,1,10090
729910,1,1,9606
405535,1,1,237561
405537,1,1,237561
405542,1,1,559292
405545,1,1,559292
405549,1,1,237561
405552,1,1,559292
405554,1,1,559292
405555,1,1,559292
405556,1,1,237561
405559,1,1,559292
405563,1,1,237561
405564,1,1,237561
405567,1,1,559292
405570,1,1,237561
405572,1,1,237561
405573,1,1,237561
405450,1,1,284593
405391,1,1,559292
405399,1,1,237561
405400,1,1,559292
405402,1,1,559292
405403,1,1,559292
405404,1,1,559292
405405,1,1,559292
405488,1,1,559292
405453,1,1,559292
405454,1,1,559292
405462,1,1,237561
405463,1,1,237561
405464,1,1,237561
405465,1,1,559292
405467,1,1,559292
405319,1,1,237561
405320,1,1,559292
405322,1,1,559292
405472,1,1,559292
405476,1,1,559292
405479,1,1,237561
405481,1,1,237561
405486,1,1,559292
405327,1,1,559292
405329,1,1,559292
405331,1,1,559292
405332,1,1,237561
405337,1,1,559292
405312,1,1,559292
405314,1,1,559292
405317,1,1,559292
729911,1,1,9606
730012,1,1,9606
730014,1,1,9606
730015,1,1,9606
730023,1,1,10090
730025,1,1,9606
730000,1,1,10116
730008,1,1,10116
730037,1,1,9606
730155,1,1,10090
730157,1,1,10090
730160,1,1,9606
730162,1,1,10090
730147,1,1,9606
730148,1,1,10090
730152,1,1,9606
730040,1,1,10090
730041,1,1,9606
730044,1,1,9606
730046,1,1,9606
730028,1,1,9606
730029,1,1,9606
730033,1,1,9606
730036,1,1,9606
730090,1,1,10090
730097,1,1,9606
730102,1,1,9606
730052,1,1,10090
730058,1,1,9606
730059,1,1,9606
730064,1,1,9606
730075,1,1,9606
405469,1,1,559292
405412,1,1,237561
729989,1,1,7955
729953,1,1,9606
729954,1,1,9606
729959,1,1,9606
729966,1,1,10090
730081,1,1,9606
405323,1,1,559292
405326,1,1,559292
730136,1,1,9606
730137,1,1,9606
730139,1,1,10090
730103,1,1,9606
730104,1,1,10090
730107,1,1,10116
405341,1,1,559292
405344,1,1,559292
405345,1,1,559292
405346,1,1,559292
405347,1,1,559292
405348,1,1,559292
405353,1,1,559292
405357,1,1,559292
405253,1,1,559292
405254,1,1,559292
405262,1,1,559292
405359,1,1,559292
405362,1,1,237561
405369,1,1,559292
405375,1,1,559292
405380,1,1,559292
730128,1,1,9606
405266,1,1,559292
405267,1,1,559292
405269,1,1,559292
405270,1,1,559292
405273,1,1,559292
405275,1,1,559292
405250,1,1,559292
730442,1,1,9606
730450,1,1,10090
730458,1,1,10090
730461,1,1,9606
730419,1,1,9606
730431,1,1,9606
730440,1,1,10090
730398,1,1,9606
730307,1,1,10090
730346,1,1,9606
730181,1,1,9606
730188,1,1,9606
730190,1,1,9606
730192,1,1,9606
730209,1,1,10090
730441,1,1,9606
730352,1,1,9606
730354,1,1,9606
730355,1,1,9606
730357,1,1,9606
730363,1,1,9606
730210,1,1,10090
730240,1,1,9606
730292,1,1,10116
730110,1,1,9606
730115,1,1,9606
730121,1,1,9606
730123,1,1,9606
730364,1,1,9606
730365,1,1,9606
730370,1,1,9606
730372,1,1,9606
730405,1,1,10090
730413,1,1,9606
730374,1,1,9606
730376,1,1,10090
730381,1,1,9606
730383,1,1,9606
730390,1,1,9606
730519,1,1,9606
405287,1,1,559292
405288,1,1,559292
405289,1,1,559292
405292,1,1,559292
405263,1,1,559292
405265,1,1,559292
730399,1,1,9606
730400,1,1,9606
405210,1,1,237561
405293,1,1,237561
405297,1,1,559292
405298,1,1,559292
405300,1,1,559292
405306,1,1,559292
405309,1,1,559292
405285,1,1,237561
405217,1,1,284593
405218,1,1,559292
405219,1,1,559292
405220,1,1,559292
405221,1,1,559292
405190,1,1,237561
405206,1,1,237561
405207,1,1,559292
731428,1,1,9606
731441,1,1,10090
730825,1,1,9606
730840,1,1,9606
730844,1,1,9606
730883,1,1,9606
730961,1,1,9606
731202,1,1,10090
730464,1,1,9606
730472,1,1,9606
730474,1,1,9606
730475,1,1,10090
731210,1,1,9606
731217,1,1,9606
731235,1,1,9606
731358,1,1,10090
730498,1,1,9606
730510,1,1,9606
730478,1,1,9606
730483,1,1,9606
730484,1,1,9606
730485,1,1,9606
730488,1,1,9606
730489,1,1,9606
730530,1,1,10116
730531,1,1,9606
730567,1,1,9606
730568,1,1,9606
730648,1,1,9606
730662,1,1,10090
730490,1,1,9606
730496,1,1,9606
405236,1,1,559292
405212,1,1,559292
405216,1,1,559292
730732,1,1,9606
730715,1,1,9606
730716,1,1,9606
730717,1,1,10090
730724,1,1,9606
405245,1,1,559292
405247,1,1,559292
405225,1,1,559292
405230,1,1,237561
405231,1,1,559292
405232,1,1,559292
405233,1,1,559292
405234,1,1,559292
405151,1,1,559292
405152,1,1,559292
405156,1,1,559292
405237,1,1,559292
405240,1,1,559292
405241,1,1,237561
405243,1,1,559292
405244,1,1,559292
730726,1,1,10090
405160,1,1,559292
405162,1,1,559292
405167,1,1,559292
405168,1,1,559292
405170,1,1,559292
405146,1,1,237561
405150,1,1,559292
405188,1,1,559292
405189,1,1,559292
405172,1,1,559292
405174,1,1,559292
405175,1,1,559292
405177,1,1,559292
405178,1,1,559292
405179,1,1,559292
405105,1,1,559292
405106,1,1,559292
405108,1,1,559292
405109,1,1,559292
405112,1,1,559292
405181,1,1,559292
405183,1,1,237561
405186,1,1,559292
731592,1,1,10090
731593,1,1,9606
405116,1,1,237561
405117,1,1,559292
405118,1,1,559292
405119,1,1,559292
405121,1,1,559292
405122,1,1,559292
730725,1,1,10090
731598,1,1,9606
731599,1,1,9606
731602,1,1,9606
731604,1,1,9606
731586,1,1,9606
731589,1,1,10090
731590,1,1,10090
731700,1,1,9606
731676,1,1,9606
731677,1,1,9606
731680,1,1,9606
731687,1,1,9606
731691,1,1,9606
731663,1,1,10090
405074,1,1,559292
731622,1,1,9606
731624,1,1,10090
731625,1,1,9606
731629,1,1,9606
731605,1,1,9606
731614,1,1,9606
731692,1,1,9606
731693,1,1,9606
731567,1,1,10090
731571,1,1,10116
731646,1,1,9606
731647,1,1,9606
731652,1,1,9606
731631,1,1,9606
731634,1,1,9606
731638,1,1,9606
405157,1,1,559292
405158,1,1,559292
731576,1,1,9606
731578,1,1,9606
731581,1,1,9606
731582,1,1,9606
731535,1,1,10090
731563,1,1,9606
405113,1,1,559292
731671,1,1,10090
731675,1,1,9606
731653,1,1,9606
731654,1,1,9606
731656,1,1,9606
731760,1,1,10090
731762,1,1,9606
405141,1,1,559292
405142,1,1,559292
405124,1,1,559292
405125,1,1,559292
405126,1,1,559292
405127,1,1,237561
405129,1,1,559292
405131,1,1,559292
405068,1,1,559292
405069,1,1,559292
405070,1,1,559292
405133,1,1,559292
405134,1,1,559292
405135,1,1,559292
405136,1,1,559292
405137,1,1,559292
405075,1,1,559292
405076,1,1,559292
405077,1,1,559292
405078,1,1,559292
405079,1,1,559292
405062,1,1,559292
405064,1,1,559292
405066,1,1,559292
405088,1,1,559292
405072,1,1,559292
405073,1,1,559292
731738,1,1,9606
731743,1,1,9606
731744,1,1,9606
731745,1,1,9606
731708,1,1,9606
405098,1,1,559292
405099,1,1,559292
405080,1,1,559292
405081,1,1,559292
405083,1,1,559292
405084,1,1,559292
405086,1,1,559292
405087,1,1,559292
405019,1,1,559292
405020,1,1,559292
405021,1,1,237561
405022,1,1,559292
405024,1,1,559292
405090,1,1,559292
405095,1,1,559292
405097,1,1,559292
731749,1,1,10090
731750,1,1,9606
731757,1,1,9606
731728,1,1,9606
405031,1,1,559292
405035,1,1,559292
405036,1,1,559292
405038,1,1,559292
731854,1,1,10090
731841,1,1,9606
731842,1,1,10090
404951,1,1,559292
404953,1,1,237561
404954,1,1,559292
404955,1,1,559292
404959,1,1,559292
405060,1,1,559292
405061,1,1,559292
405042,1,1,559292
405048,1,1,559292
405051,1,1,559292
731770,1,1,10116
731775,1,1,10090
731850,1,1,9606
404987,1,1,559292
404988,1,1,237561
404989,1,1,559292
405052,1,1,559292
405053,1,1,559292
405055,1,1,559292
405057,1,1,559292
405059,1,1,237561
731802,1,1,10090
731803,1,1,9606
731795,1,1,9606
731780,1,1,9606
404995,1,1,559292
404980,1,1,559292
404982,1,1,559292
404986,1,1,559292
731829,1,1,9606
731832,1,1,10090
731835,1,1,9606
731818,1,1,9606
731909,1,1,9606
731918,1,1,9606
731923,1,1,9606
731890,1,1,9606
404999,1,1,559292
405000,1,1,559292
405001,1,1,559292
405003,1,1,559292
405004,1,1,559292
405005,1,1,559292
404990,1,1,559292
404991,1,1,237561
405007,1,1,559292
405011,1,1,237561
405012,1,1,559292
405014,1,1,559292
405015,1,1,559292
405017,1,1,559292
405018,1,1,559292
404998,1,1,559292
404936,1,1,559292
404937,1,1,559292
404940,1,1,559292
404943,1,1,559292
404944,1,1,559292
404945,1,1,559292
404946,1,1,559292
404947,1,1,237561
404967,1,1,559292
404969,1,1,559292
404971,1,1,559292
404950,1,1,559292
731886,1,1,9606
731888,1,1,9606
731863,1,1,9606
731867,1,1,10090
404974,1,1,559292
404975,1,1,559292
404976,1,1,559292
404978,1,1,559292
404979,1,1,559292
404963,1,1,559292
404964,1,1,559292
404965,1,1,559292
404901,1,1,559292
404903,1,1,559292
404904,1,1,559292
404905,1,1,237561
404907,1,1,559292
404909,1,1,559292
404972,1,1,559292
404973,1,1,559292
731892,1,1,10116
731901,1,1,9606
731905,1,1,9606
731907,1,1,9606
404913,1,1,559292
404915,1,1,237561
404916,1,1,559292
404917,1,1,559292
404910,1,1,559292
404911,1,1,559292
731955,1,1,10090
731957,1,1,10090
731935,1,1,9606
731937,1,1,9606
731938,1,1,9606
731939,1,1,9606
404931,1,1,559292
404933,1,1,559292
404934,1,1,237561
404935,1,1,559292
404919,1,1,559292
404920,1,1,559292
404921,1,1,237561
404924,1,1,559292
404876,1,1,559292
404879,1,1,559292
404857,1,1,559292
404858,1,1,559292
404862,1,1,559292
404863,1,1,559292
404928,1,1,559292
404930,1,1,237561
731870,1,1,9606
731993,1,1,9606
731970,1,1,9606
731977,1,1,9606
731978,1,1,10090
731980,1,1,9606
731948,1,1,9606
404874,1,1,559292
404880,1,1,559292
404882,1,1,559292
404884,1,1,559292
404885,1,1,559292
404887,1,1,284591
404888,1,1,559292
404889,1,1,237561
404868,1,1,559292
404890,1,1,559292
404891,1,1,559292
404892,1,1,559292
404895,1,1,559292
404896,1,1,559292
404897,1,1,559292
404899,1,1,559292
404900,1,1,559292
404835,1,1,559292
404836,1,1,559292
404817,1,1,559292
404819,1,1,559292
404820,1,1,559292
404821,1,1,559292
404823,1,1,559292
404824,1,1,237561
731943,1,1,9606
732073,1,1,9606
732079,1,1,9606
732056,1,1,10090
732066,1,1,9606
732022,1,1,9606
404832,1,1,559292
404834,1,1,559292
732313,1,1,9606
732318,1,1,9606
732319,1,1,9606
732322,1,1,9606
732293,1,1,9606
732302,1,1,9606
732305,1,1,9606
732283,1,1,9606
732225,1,1,10090
732107,1,1,9606
732109,1,1,9606
732112,1,1,9606
732114,1,1,9606
732083,1,1,7955
732092,1,1,9606
732309,1,1,9606
732264,1,1,10090
732269,1,1,10090
732270,1,1,10090
732117,1,1,9606
732128,1,1,9606
732131,1,1,10090
732138,1,1,10090
732145,1,1,9823
732028,1,1,9606
732043,1,1,10090
732049,1,1,9606
732001,1,1,9606
732004,1,1,9606
732005,1,1,9606
732014,1,1,10090
732239,1,1,9606
404828,1,1,559292
732286,1,1,9606
732272,1,1,9606
732276,1,1,9606
732279,1,1,9606
732280,1,1,9606
732357,1,1,9606
732359,1,1,9606
404856,1,1,559292
404838,1,1,559292
404840,1,1,559292
404841,1,1,237561
404843,1,1,559292
404846,1,1,559292
404848,1,1,559292
404827,1,1,559292
404780,1,1,559292
404781,1,1,559292
404785,1,1,559292
404849,1,1,559292
404850,1,1,559292
404852,1,1,559292
404854,1,1,559292
404855,1,1,559292
404788,1,1,559292
404789,1,1,284593
404791,1,1,237561
404792,1,1,559292
404793,1,1,559292
404794,1,1,559292
404774,1,1,559292
404777,1,1,559292
404801,1,1,559292
404803,1,1,559292
404786,1,1,559292
732344,1,1,9606
732325,1,1,9606
732328,1,1,10090
732330,1,1,9606
732338,1,1,9606
404808,1,1,559292
404810,1,1,559292
404812,1,1,559292
404813,1,1,559292
404814,1,1,559292
404797,1,1,559292
404799,1,1,559292
404800,1,1,559292
404730,1,1,559292
404732,1,1,559292
404734,1,1,559292
404736,1,1,559292
404738,1,1,559292
404741,1,1,559292
404743,1,1,559292
404806,1,1,559292
732360,1,1,9606
732362,1,1,9606
732365,1,1,9606
732349,1,1,10090
732355,1,1,10090
404746,1,1,559292
404750,1,1,559292
404756,1,1,559292
732456,1,1,9606
732457,1,1,9606
404705,1,1,559292
404691,1,1,559292
404692,1,1,559292
404693,1,1,559292
404694,1,1,559292
404695,1,1,559292
732505,1,1,9606
732570,1,1,9606
732571,1,1,9606
732576,1,1,9606
732477,1,1,9606
732478,1,1,9606
732493,1,1,9606
732494,1,1,10090
732407,1,1,10090
732381,1,1,9606
732391,1,1,10090
732368,1,1,9606
732372,1,1,9606
732373,1,1,9606
732374,1,1,9606
732375,1,1,9606
732412,1,1,9606
732414,1,1,9606
732415,1,1,9606
732416,1,1,10090
732423,1,1,9606
732433,1,1,9606
732435,1,1,10090
732404,1,1,10116
404650,1,1,559292
404652,1,1,237561
404653,1,1,559292
404655,1,1,559292
404659,1,1,559292
404717,1,1,559292
404719,1,1,559292
404720,1,1,559292
404765,1,1,559292
404744,1,1,559292
404745,1,1,559292
404665,1,1,559292
404667,1,1,237561
404668,1,1,237561
404647,1,1,559292
404649,1,1,559292
404773,1,1,559292
404757,1,1,559292
404758,1,1,559292
404759,1,1,559292
404760,1,1,559292
404761,1,1,559292
404762,1,1,559292
404764,1,1,559292
404698,1,1,559292
404766,1,1,559292
404767,1,1,559292
404768,1,1,559292
404769,1,1,559292
404770,1,1,237561
404771,1,1,237561
404772,1,1,559292
404612,1,1,559292
404615,1,1,559292
404616,1,1,559292
404617,1,1,559292
404678,1,1,559292
404680,1,1,559292
404682,1,1,559292
404683,1,1,559292
404622,1,1,559292
404623,1,1,559292
404625,1,1,559292
404626,1,1,559292
404627,1,1,559292
404607,1,1,559292
404608,1,1,559292
404611,1,1,237561
404699,1,1,559292
404700,1,1,559292
732439,1,1,9606
732442,1,1,10090
732443,1,1,9606
732450,1,1,9606
732451,1,1,9606
732597,1,1,9606
404722,1,1,559292
404726,1,1,559292
404727,1,1,559292
404709,1,1,559292
404710,1,1,559292
404711,1,1,559292
404713,1,1,559292
404714,1,1,559292
732636,1,1,9606
732715,1,1,9606
732716,1,1,9606
732718,1,1,9606
732721,1,1,10090
732709,1,1,9606
732713,1,1,9606
732688,1,1,9606
732653,1,1,9606
732655,1,1,9606
732621,1,1,9606
732626,1,1,9606
732631,1,1,10090
732633,1,1,9606
732634,1,1,9606
732635,1,1,7955
732590,1,1,10090
732593,1,1,9606
732596,1,1,9606
732579,1,1,9606
732582,1,1,59729
732662,1,1,9606
732672,1,1,9606
732650,1,1,9606
404684,1,1,559292
404687,1,1,559292
404689,1,1,559292
404670,1,1,559292
404672,1,1,237561
404673,1,1,559292
404676,1,1,559292
404661,1,1,559292
732699,1,1,9606
732680,1,1,9606
732804,1,1,9606
732807,1,1,9606
732810,1,1,9606
732812,1,1,9606
732775,1,1,9606
732785,1,1,10090
404645,1,1,559292
404628,1,1,559292
404630,1,1,559292
404634,1,1,559292
404635,1,1,559292
404637,1,1,559292
404619,1,1,559292
404620,1,1,559292
404551,1,1,559292
404552,1,1,559292
404553,1,1,559292
404557,1,1,559292
404558,1,1,559292
404638,1,1,559292
404639,1,1,237561
404641,1,1,559292
404569,1,1,559292
404571,1,1,559292
404572,1,1,559292
404574,1,1,559292
404584,1,1,559292
404531,1,1,559292
404545,1,1,559292
404550,1,1,559292
404591,1,1,559292
404560,1,1,559292
404561,1,1,559292
732757,1,1,10090
732773,1,1,9606
732728,1,1,9913
732730,1,1,10090
732961,1,1,9606
404599,1,1,559292
404601,1,1,559292
404602,1,1,559292
404604,1,1,559292
404587,1,1,559292
404588,1,1,237561
404589,1,1,237561
404590,1,1,559292
404362,1,1,559292
404364,1,1,559292
404365,1,1,559292
404366,1,1,559292
404367,1,1,559292
404369,1,1,559292
404595,1,1,559292
404598,1,1,559292
732748,1,1,10116
404376,1,1,559292
404378,1,1,559292
404381,1,1,559292
404393,1,1,559292
404406,1,1,559292
404355,1,1,559292
404359,1,1,559292
404518,1,1,559292
404522,1,1,559292
404524,1,1,559292
404525,1,1,559292
404527,1,1,559292
404425,1,1,559292
404461,1,1,559292
404463,1,1,559292
404304,1,1,559292
404306,1,1,559292
404307,1,1,559292
404308,1,1,559292
404310,1,1,559292
404492,1,1,559292
404494,1,1,559292
404513,1,1,559292
404313,1,1,559292
404314,1,1,559292
404317,1,1,559292
404318,1,1,559292
404319,1,1,559292
404301,1,1,559292
404302,1,1,284593
404303,1,1,559292
733000,1,1,9606
733156,1,1,10090
733163,1,1,9606
732892,1,1,9606
732910,1,1,9606
732923,1,1,10090
732931,1,1,10090
732847,1,1,9606
733263,1,1,9606
733241,1,1,10090
733249,1,1,10090
404216,1,1,559292
404217,1,1,559292
404218,1,1,559292
404220,1,1,559292
404222,1,1,559292
733199,1,1,10090
733186,1,1,10090
733164,1,1,10090
733175,1,1,9606
733176,1,1,9606
733180,1,1,9606
733260,1,1,9606
733261,1,1,9606
732816,1,1,9606
732835,1,1,9606
733205,1,1,9606
733207,1,1,9606
733208,1,1,9606
733211,1,1,9606
733215,1,1,9606
733196,1,1,9606
404477,1,1,559292
404480,1,1,559292
404482,1,1,559292
404491,1,1,559292
404370,1,1,559292
404371,1,1,559292
732853,1,1,9606
732869,1,1,10090
733221,1,1,9606
733223,1,1,9606
733229,1,1,9606
733432,1,1,10090
733463,1,1,10090
733464,1,1,9606
733469,1,1,10090
733348,1,1,9606
404325,1,1,559292
404329,1,1,559292
404330,1,1,559292
404331,1,1,559292
404332,1,1,559292
404333,1,1,559292
404312,1,1,284593
733237,1,1,9606
404334,1,1,559292
404335,1,1,559292
404339,1,1,559292
404347,1,1,559292
404348,1,1,559292
404350,1,1,559292
404354,1,1,559292
404324,1,1,559292
404224,1,1,559292
404194,1,1,559292
404198,1,1,559292
404200,1,1,559292
404203,1,1,559292
404204,1,1,559292
404208,1,1,559292
404209,1,1,559292
404227,1,1,559292
404228,1,1,559292
404229,1,1,559292
404230,1,1,559292
404232,1,1,559292
404238,1,1,559292
404211,1,1,559292
404213,1,1,559292
404155,1,1,559292
404247,1,1,559292
404261,1,1,559292
404269,1,1,559292
404270,1,1,559292
404272,1,1,559292
404297,1,1,559292
404226,1,1,559292
404165,1,1,284590
404166,1,1,559292
404145,1,1,559292
404147,1,1,559292
404149,1,1,559292
404151,1,1,559292
404152,1,1,559292
404153,1,1,559292
733350,1,1,9606
733363,1,1,9606
733365,1,1,9606
733283,1,1,9606
733284,1,1,9606
404158,1,1,559292
404161,1,1,559292
404164,1,1,559292
734242,1,1,9606
733819,1,1,9606
733868,1,1,10090
733893,1,1,9606
733946,1,1,9606
734039,1,1,9606
733643,1,1,9606
733694,1,1,9606
733503,1,1,9606
733472,1,1,9606
733484,1,1,9606
734160,1,1,9606
734172,1,1,55084
734177,1,1,10090
734180,1,1,9606
734183,1,1,9606
733545,1,1,9606
733550,1,1,9606
733554,1,1,10090
733555,1,1,9606
733510,1,1,10090
733511,1,1,9606
733523,1,1,10090
733524,1,1,9606
733307,1,1,868565
733312,1,1,9606
733266,1,1,9606
733268,1,1,9606
733278,1,1,9606
733279,1,1,9606
733539,1,1,9606
733542,1,1,9606
404176,1,1,559292
404177,1,1,559292
404181,1,1,559292
404183,1,1,559292
404156,1,1,559292
404157,1,1,559292
733697,1,1,9606
733700,1,1,9606
404189,1,1,559292
404191,1,1,559292
404192,1,1,559292
404193,1,1,559292
404169,1,1,559292
404173,1,1,559292
404174,1,1,559292
404175,1,1,559292
404113,1,1,559292
404115,1,1,559292
404116,1,1,559292
404117,1,1,559292
404118,1,1,559292
404184,1,1,559292
404187,1,1,559292
404188,1,1,559292
404122,1,1,559292
404123,1,1,284593
404124,1,1,559292
404125,1,1,559292
404126,1,1,559292
404127,1,1,559292
404108,1,1,559292
404112,1,1,559292
735302,1,1,9606
735343,1,1,9606
735124,1,1,9606
735135,1,1,9606
735163,1,1,9606
735092,1,1,9606
404061,1,1,559292
404062,1,1,559292
734859,1,1,9606
734865,1,1,9606
734463,1,1,9606
734709,1,1,9606
734836,1,1,9606
734838,1,1,9606
735202,1,1,10090
735220,1,1,9913
734909,1,1,9606
734921,1,1,9606
734943,1,1,9606
734974,1,1,10090
734877,1,1,9606
734880,1,1,9606
734881,1,1,9606
734854,1,1,9606
733711,1,1,10090
733734,1,1,9606
733816,1,1,9606
733818,1,1,9606
733565,1,1,9606
733618,1,1,10090
733636,1,1,10090
733638,1,1,10116
404134,1,1,559292
404135,1,1,559292
404119,1,1,559292
404120,1,1,559292
735108,1,1,10090
735060,1,1,9606
735072,1,1,9606
735080,1,1,10090
404142,1,1,559292
404143,1,1,559292
404144,1,1,559292
404128,1,1,559292
404129,1,1,559292
404130,1,1,559292
404131,1,1,559292
404133,1,1,559292
404052,1,1,559292
404054,1,1,559292
404055,1,1,559292
404136,1,1,559292
404137,1,1,559292
404138,1,1,559292
404140,1,1,559292
404141,1,1,559292
404064,1,1,559292
404067,1,1,559292
404069,1,1,559292
404071,1,1,559292
404046,1,1,559292
404048,1,1,559292
404049,1,1,559292
404050,1,1,559292
736499,1,1,9606
736487,1,1,10090
404011,1,1,559292
404014,1,1,559292
404015,1,1,559292
404018,1,1,559292
404021,1,1,559292
404001,1,1,559292
735441,1,1,10090
735474,1,1,9606
735559,1,1,9606
735613,1,1,9606
736510,1,1,9606
736496,1,1,9606
736497,1,1,8355
736498,1,1,9606
736463,1,1,10090
736464,1,1,9606
736465,1,1,9606
735645,1,1,9606
735821,1,1,9913
735959,1,1,10090
736097,1,1,9031
736135,1,1,10116
735082,1,1,9606
736470,1,1,10090
736471,1,1,9606
736473,1,1,9606
736475,1,1,9606
736203,1,1,10090
736267,1,1,9606
736454,1,1,10116
736492,1,1,10090
736493,1,1,10090
736482,1,1,9606
736546,1,1,9606
736553,1,1,9606
736532,1,1,9606
736536,1,1,9606
736523,1,1,9606
404077,1,1,559292
404079,1,1,559292
404081,1,1,559292
404084,1,1,559292
404085,1,1,559292
404056,1,1,559292
404058,1,1,559292
736489,1,1,8364
404093,1,1,559292
404094,1,1,559292
404096,1,1,559292
404104,1,1,559292
404106,1,1,559292
404107,1,1,559292
404072,1,1,559292
404076,1,1,559292
404002,1,1,559292
404003,1,1,559292
404005,1,1,559292
404006,1,1,559292
404007,1,1,559292
404008,1,1,559292
404087,1,1,559292
404090,1,1,559292
404031,1,1,559292
404032,1,1,559292
404033,1,1,559292
404034,1,1,559292
404036,1,1,559292
404009,1,1,559292
404010,1,1,559292
736527,1,1,9606
404041,1,1,559292
404042,1,1,559292
404043,1,1,559292
404044,1,1,559292
404045,1,1,559292
404024,1,1,559292
404025,1,1,559292
404026,1,1,559292
403962,1,1,559292
403964,1,1,559292
403965,1,1,559292
403966,1,1,559292
403967,1,1,559292
403968,1,1,559292
404037,1,1,559292
404039,1,1,559292
403973,1,1,559292
403976,1,1,559292
403977,1,1,559292
403979,1,1,559292
403980,1,1,559292
403981,1,1,559292
403959,1,1,559292
403961,1,1,559292
403996,1,1,559292
403997,1,1,559292
403998,1,1,559292
404000,1,1,559292
403982,1,1,559292
403983,1,1,559292
403984,1,1,559292
403985,1,1,559292
403919,1,1,559292
403920,1,1,559292
403921,1,1,559292
403924,1,1,559292
403991,1,1,559292
403992,1,1,559292
403994,1,1,559292
403995,1,1,559292
736568,1,1,10090
403928,1,1,559292
403930,1,1,559292
403931,1,1,559292
403933,1,1,559292
403934,1,1,559292
403916,1,1,559292
403917,1,1,559292
736529,1,1,8355
736530,1,1,9606
736517,1,1,9606
736520,1,1,10090
736521,1,1,9606
736592,1,1,9606
736597,1,1,9606
736598,1,1,9606
736662,1,1,9606
403892,1,1,559292
403893,1,1,559292
403894,1,1,559292
403895,1,1,559292
403896,1,1,559292
403898,1,1,559292
403879,1,1,559292
736613,1,1,9606
736614,1,1,9606
736602,1,1,9606
736605,1,1,9606
736606,1,1,9606
736677,1,1,9606
736678,1,1,9606
736680,1,1,9606
736576,1,1,9606
736557,1,1,10090
736560,1,1,9606
736562,1,1,9606
736638,1,1,9606
736639,1,1,9606
736627,1,1,10090
736612,1,1,10090
403986,1,1,436907
403987,1,1,559292
403989,1,1,559292
403990,1,1,559292
403970,1,1,559292
403972,1,1,559292
736570,1,1,9606
736572,1,1,10090
736650,1,1,10090
736651,1,1,10116
736779,1,1,10090
736736,1,1,9606
736751,1,1,9606
403851,1,1,559292
403853,1,1,559292
403855,1,1,559292
403943,1,1,559292
403946,1,1,559292
403947,1,1,559292
403926,1,1,559292
403927,1,1,559292
736665,1,1,9606
736673,1,1,9606
736676,1,1,9606
403953,1,1,559292
403954,1,1,559292
403955,1,1,559292
403935,1,1,559292
403937,1,1,559292
403939,1,1,559292
403940,1,1,559292
403942,1,1,559292
403883,1,1,559292
403884,1,1,559292
403885,1,1,559292
403886,1,1,559292
403889,1,1,559292
403949,1,1,559292
403951,1,1,559292
403952,1,1,559292
736709,1,1,9606
736915,1,1,8355
736918,1,1,9031
736838,1,1,8355
403818,1,1,559292
403819,1,1,559292
403821,1,1,559292
403822,1,1,559292
403902,1,1,559292
403903,1,1,559292
403904,1,1,559292
403905,1,1,559292
403890,1,1,559292
403891,1,1,559292
736725,1,1,10090
736735,1,1,9606
403910,1,1,559292
403911,1,1,559292
403912,1,1,559292
403913,1,1,559292
403914,1,1,559292
403915,1,1,559292
403900,1,1,559292
403901,1,1,559292
403857,1,1,559292
403841,1,1,559292
403842,1,1,559292
403844,1,1,559292
403846,1,1,559292
403847,1,1,559292
403848,1,1,559292
403907,1,1,559292
736820,1,1,9606
736783,1,1,9606
736784,1,1,9606
736789,1,1,2286
737069,1,1,9606
737073,1,1,9606
737076,1,1,9606
737015,1,1,8355
403860,1,1,559292
403863,1,1,559292
403864,1,1,559292
403866,1,1,559292
403867,1,1,559292
403849,1,1,559292
403850,1,1,559292
736819,1,1,9606
403868,1,1,559292
403869,1,1,559292
403871,1,1,559292
403872,1,1,559292
403875,1,1,559292
403877,1,1,559292
403878,1,1,559292
403858,1,1,559292
403807,1,1,559292
403808,1,1,559292
403809,1,1,559292
403810,1,1,559292
403811,1,1,559292
403812,1,1,559292
403813,1,1,559292
403815,1,1,559292
403828,1,1,559292
403829,1,1,559292
403830,1,1,559292
403831,1,1,559292
403816,1,1,559292
736981,1,1,10090
736986,1,1,10090
737005,1,1,10090
403833,1,1,559292
403834,1,1,559292
403835,1,1,559292
403837,1,1,559292
403839,1,1,559292
403840,1,1,559292
403824,1,1,559292
403826,1,1,559292
403772,1,1,559292
403773,1,1,559292
403774,1,1,559292
403776,1,1,559292
403777,1,1,559292
403778,1,1,559292
403779,1,1,559292
403832,1,1,559292
737021,1,1,10090
737030,1,1,10090
403782,1,1,559292
403784,1,1,559292
403785,1,1,559292
403787,1,1,559292
403788,1,1,559292
403771,1,1,559292
403789,1,1,559292
403790,1,1,559292
403791,1,1,559292
403793,1,1,559292
403794,1,1,559292
403795,1,1,559292
403797,1,1,559292
403798,1,1,559292
403744,1,1,559292
403745,1,1,559292
403799,1,1,559292
403800,1,1,559292
403802,1,1,559292
403803,1,1,559292
403804,1,1,559292
403806,1,1,559292
403749,1,1,559292
403752,1,1,559292
403753,1,1,559292
403754,1,1,559292
403737,1,1,559292
403738,1,1,559292
403739,1,1,559292
403742,1,1,559292
736945,1,1,9606
736972,1,1,9606
737302,1,1,9606
737307,1,1,10090
737313,1,1,10090
737320,1,1,9606
737230,1,1,10090
403748,1,1,559292
737793,1,1,9606
737803,1,1,9606
737781,1,1,9606
403708,1,1,559292
403709,1,1,559292
403711,1,1,559292
403712,1,1,559292
403713,1,1,559292
737361,1,1,9606
737381,1,1,9606
737411,1,1,9606
737481,1,1,9606
737616,1,1,9606
737807,1,1,9606
737810,1,1,9606
737790,1,1,10090
737754,1,1,9606
737756,1,1,9606
737765,1,1,9606
737740,1,1,9606
737742,1,1,9606
737705,1,1,9606
737721,1,1,10090
737323,1,1,9606
403780,1,1,559292
403781,1,1,559292
737107,1,1,9606
737114,1,1,8355
737115,1,1,8355
737127,1,1,9606
737093,1,1,9606
737097,1,1,9606
737779,1,1,9606
737855,1,1,9606
737857,1,1,8355
737865,1,1,9606
737837,1,1,9606
737846,1,1,8355
737851,1,1,9606
737826,1,1,9606
403760,1,1,559292
403761,1,1,559292
403762,1,1,559292
403746,1,1,559292
403747,1,1,559292
737786,1,1,9606
737788,1,1,9606
737773,1,1,9606
403766,1,1,559292
403768,1,1,559292
403769,1,1,559292
403770,1,1,559292
403755,1,1,559292
403757,1,1,559292
403758,1,1,559292
403759,1,1,559292
403714,1,1,559292
403699,1,1,559292
403700,1,1,559292
403701,1,1,559292
403704,1,1,559292
403705,1,1,559292
403764,1,1,559292
403765,1,1,559292
403723,1,1,559292
403725,1,1,559292
403706,1,1,559292
403707,1,1,559292
737817,1,1,9606
737822,1,1,9606
737824,1,1,9606
737911,1,1,9606
403734,1,1,559292
403736,1,1,559292
403715,1,1,559292
403717,1,1,559292
403718,1,1,559292
403719,1,1,559292
403721,1,1,559292
403722,1,1,559292
403668,1,1,559292
403669,1,1,559292
403670,1,1,559292
403671,1,1,559292
403727,1,1,559292
403729,1,1,559292
403730,1,1,559292
403732,1,1,559292
403674,1,1,559292
403675,1,1,559292
403676,1,1,559292
403677,1,1,559292
403678,1,1,559292
403665,1,1,559292
403666,1,1,559292
403667,1,1,559292
403694,1,1,559292
403695,1,1,559292
403696,1,1,559292
403697,1,1,559292
403680,1,1,559292
403683,1,1,559292
403684,1,1,559292
403685,1,1,559292
403633,1,1,559292
403634,1,1,559292
403635,1,1,559292
403638,1,1,559292
403639,1,1,559292
403689,1,1,559292
403690,1,1,559292
403691,1,1,559292
737888,1,1,9606
403643,1,1,559292
403644,1,1,559292
403645,1,1,559292
403646,1,1,559292
403647,1,1,559292
403631,1,1,559292
403632,1,1,559292
737912,1,1,10090
737915,1,1,9606
737919,1,1,9606
737920,1,1,9606
737901,1,1,9606
737905,1,1,8355
737908,1,1,9606
737884,1,1,9606
403657,1,1,559292
403658,1,1,559292
403659,1,1,559292
403660,1,1,559292
403661,1,1,559292
403662,1,1,559292
403663,1,1,559292
403648,1,1,559292
403596,1,1,559292
403597,1,1,559292
403600,1,1,559292
403601,1,1,559292
403603,1,1,559292
403604,1,1,559292
403605,1,1,559292
403656,1,1,559292
737949,1,1,9606
737961,1,1,9606
403608,1,1,559292
403609,1,1,559292
403610,1,1,559292
403611,1,1,559292
403612,1,1,559292
403613,1,1,559292
403687,1,1,559292
403688,1,1,559292
403672,1,1,559292
403673,1,1,559292
737890,1,1,9606
737875,1,1,9606
737880,1,1,9606
737881,1,1,9606
738042,1,1,10090
738043,1,1,9606
403575,1,1,559292
403576,1,1,559292
403577,1,1,559292
403578,1,1,559292
403562,1,1,559292
403563,1,1,559292
737992,1,1,9606
738001,1,1,9606
737991,1,1,9606
738064,1,1,10090
738066,1,1,9606
738067,1,1,9606
738053,1,1,9606
738061,1,1,9606
737922,1,1,9606
737927,1,1,9606
737929,1,1,9031
737931,1,1,9606
738023,1,1,8355
738004,1,1,8355
738008,1,1,9606
738012,1,1,9606
403650,1,1,559292
403651,1,1,559292
403652,1,1,559292
403653,1,1,559292
403654,1,1,559292
403655,1,1,559292
403640,1,1,559292
403641,1,1,559292
738130,1,1,10116
738138,1,1,9606
738098,1,1,9606
738104,1,1,9606
738106,1,1,9606
738116,1,1,8355
738117,1,1,9606
738087,1,1,9606
403619,1,1,559292
403621,1,1,559292
403622,1,1,559292
403606,1,1,559292
738048,1,1,9606
738049,1,1,9606
738028,1,1,9606
738037,1,1,9606
403626,1,1,559292
403627,1,1,559292
403628,1,1,559292
403629,1,1,559292
403630,1,1,559292
403614,1,1,559292
403615,1,1,559292
403616,1,1,559292
403564,1,1,559292
403566,1,1,559292
403567,1,1,559292
403568,1,1,559292
403569,1,1,559292
403623,1,1,559292
403624,1,1,559292
403625,1,1,559292
403582,1,1,559292
403583,1,1,559292
403584,1,1,559292
403585,1,1,559292
403586,1,1,559292
403570,1,1,559292
738088,1,1,8355
738094,1,1,9606
403590,1,1,559292
403591,1,1,559292
403592,1,1,559292
403593,1,1,559292
403594,1,1,559292
403595,1,1,559292
403580,1,1,559292
403581,1,1,559292
403528,1,1,559292
403529,1,1,559292
403531,1,1,559292
403532,1,1,559292
403533,1,1,559292
403534,1,1,559292
403588,1,1,559292
403589,1,1,559292
403537,1,1,559292
403538,1,1,559292
403539,1,1,559292
403540,1,1,559292
403541,1,1,559292
403543,1,1,559292
403526,1,1,559292
403527,1,1,559292
403561,1,1,559292
403544,1,1,559292
403547,1,1,559292
403548,1,1,559292
403549,1,1,559292
403550,1,1,559292
403551,1,1,559292
403552,1,1,559292
403500,1,1,559292
403501,1,1,559292
403554,1,1,559292
403555,1,1,559292
403556,1,1,559292
403557,1,1,559292
403559,1,1,559292
403560,1,1,559292
403505,1,1,559292
403507,1,1,559292
403508,1,1,559292
403509,1,1,559292
403494,1,1,559292
403496,1,1,559292
403498,1,1,559292
403499,1,1,559292
738081,1,1,9606
738238,1,1,10090
738168,1,1,9606
738174,1,1,9606
738180,1,1,10090
738192,1,1,9606
738156,1,1,8355
403504,1,1,559292
403520,1,1,559292
403524,1,1,559292
403510,1,1,559292
403512,1,1,559292
403513,1,1,559292
403514,1,1,559292
403515,1,1,559292
403516,1,1,559292
403461,1,1,559292
403462,1,1,559292
403463,1,1,559292
403464,1,1,559292
403465,1,1,559292
403466,1,1,559292
403518,1,1,559292
403519,1,1,559292
738337,1,1,9606
738310,1,1,9606
738311,1,1,9606
403471,1,1,559292
403472,1,1,559292
403473,1,1,559292
403475,1,1,559292
403460,1,1,559292
403535,1,1,559292
738157,1,1,8355
738149,1,1,9606
738152,1,1,10116
738327,1,1,9606
738333,1,1,9606
738334,1,1,9606
738336,1,1,10090
738454,1,1,10090
403432,1,1,559292
403433,1,1,559292
403434,1,1,559292
403435,1,1,559292
403436,1,1,559292
403437,1,1,559292
403422,1,1,559292
738346,1,1,9606
738349,1,1,10090
738655,1,1,9606
738539,1,1,9606
738545,1,1,9606
738555,1,1,9606
738606,1,1,9606
738629,1,1,10090
738406,1,1,9031
738378,1,1,9606
738385,1,1,9606
738386,1,1,9606
738363,1,1,9606
738368,1,1,9606
738371,1,1,9606
738345,1,1,9606
403517,1,1,559292
403503,1,1,559292
738290,1,1,9606
738295,1,1,9606
738297,1,1,10090
738308,1,1,9606
738272,1,1,9606
738394,1,1,9606
738919,1,1,9606
738908,1,1,9031
738909,1,1,7955
403399,1,1,559292
403400,1,1,559292
403401,1,1,559292
403402,1,1,559292
403404,1,1,559292
403479,1,1,559292
403480,1,1,559292
403481,1,1,559292
403483,1,1,559292
403469,1,1,559292
738508,1,1,9606
738427,1,1,9606
738441,1,1,9606
403487,1,1,559292
403488,1,1,559292
403491,1,1,559292
403492,1,1,559292
403493,1,1,559292
403476,1,1,559292
403477,1,1,559292
403478,1,1,559292
403423,1,1,559292
403425,1,1,559292
403427,1,1,559292
403428,1,1,559292
403429,1,1,559292
403484,1,1,559292
403485,1,1,559292
403486,1,1,559292
738902,1,1,595496
738742,1,1,9606
738749,1,1,9606
738964,1,1,7955
738971,1,1,9606
738948,1,1,9606
738955,1,1,10090
738933,1,1,9606
403441,1,1,559292
403442,1,1,559292
403443,1,1,559292
403445,1,1,559292
403451,1,1,559292
403430,1,1,559292
403431,1,1,559292
738816,1,1,9606
403453,1,1,559292
403454,1,1,559292
403455,1,1,559292
403456,1,1,559292
403457,1,1,559292
403458,1,1,559292
403438,1,1,559292
403440,1,1,559292
403389,1,1,559292
403390,1,1,559292
403392,1,1,559292
403393,1,1,559292
403394,1,1,559292
403395,1,1,559292
403396,1,1,559292
403452,1,1,559292
403398,1,1,559292
738938,1,1,9606
738939,1,1,7955
738941,1,1,9606
738942,1,1,10090
738926,1,1,9606
738932,1,1,7955
739009,1,1,10090
403419,1,1,559292
403420,1,1,559292
403421,1,1,559292
403405,1,1,559292
403406,1,1,559292
403408,1,1,559292
403409,1,1,559292
403412,1,1,559292
403361,1,1,559292
403362,1,1,559292
403363,1,1,559292
403413,1,1,559292
403414,1,1,559292
403415,1,1,559292
403416,1,1,559292
403418,1,1,559292
403366,1,1,559292
403367,1,1,559292
403368,1,1,559292
403369,1,1,559292
403370,1,1,559292
403371,1,1,559292
403354,1,1,559292
403355,1,1,559292
403387,1,1,559292
403388,1,1,559292
403372,1,1,559292
403373,1,1,559292
403374,1,1,559292
403376,1,1,559292
403378,1,1,559292
403379,1,1,559292
403325,1,1,559292
403326,1,1,559292
403328,1,1,559292
403381,1,1,559292
403383,1,1,559292
403384,1,1,559292
403385,1,1,559292
403386,1,1,559292
403331,1,1,559292
403333,1,1,559292
403335,1,1,559292
403336,1,1,559292
403337,1,1,559292
403321,1,1,559292
403323,1,1,559292
403324,1,1,559292
739010,1,1,7955
739019,1,1,9606
739023,1,1,9606
739024,1,1,7955
739025,1,1,10090
738998,1,1,9606
739003,1,1,9606
739008,1,1,7955
739136,1,1,9606
739109,1,1,7955
403297,1,1,559292
403298,1,1,559292
403299,1,1,559292
403300,1,1,559292
403301,1,1,559292
403287,1,1,559292
739064,1,1,7955
739043,1,1,10090
739044,1,1,9606
739027,1,1,9606
739029,1,1,9606
739036,1,1,9606
739131,1,1,9606
739135,1,1,9606
738993,1,1,10090
738976,1,1,9913
738979,1,1,10090
739069,1,1,9606
739078,1,1,9606
739080,1,1,9606
739054,1,1,9606
739058,1,1,9606
403380,1,1,559292
403364,1,1,559292
403365,1,1,559292
738988,1,1,9606
738989,1,1,9606
738990,1,1,9606
738991,1,1,272844
738992,1,1,9606
739081,1,1,7955
739093,1,1,9606
739180,1,1,9606
739181,1,1,9606
739168,1,1,9606
739169,1,1,9606
739170,1,1,9606
739151,1,1,7955
403342,1,1,559292
403343,1,1,559292
403344,1,1,284593
403345,1,1,559292
403329,1,1,559292
403330,1,1,559292
739097,1,1,9606
739099,1,1,7955
403347,1,1,559292
403348,1,1,559292
403350,1,1,559292
403351,1,1,559292
403352,1,1,559292
403338,1,1,559292
403339,1,1,559292
403341,1,1,559292
403288,1,1,559292
403289,1,1,559292
403290,1,1,559292
403291,1,1,559292
403292,1,1,559292
403293,1,1,559292
403294,1,1,559292
403346,1,1,559292
403295,1,1,559292
403296,1,1,559292
739138,1,1,10090
739148,1,1,9606
739229,1,1,9606
739243,1,1,9606
739217,1,1,7955
739218,1,1,7955
403318,1,1,559292
403319,1,1,559292
403320,1,1,559292
403304,1,1,559292
403305,1,1,559292
403306,1,1,559292
403307,1,1,559292
403312,1,1,559292
403258,1,1,559292
403259,1,1,559292
403261,1,1,559292
403262,1,1,559292
403313,1,1,559292
403314,1,1,559292
403316,1,1,559292
403317,1,1,559292
739152,1,1,9606
403266,1,1,559292
403267,1,1,559292
403268,1,1,559292
403269,1,1,559292
403255,1,1,559292
403256,1,1,559292
403257,1,1,559292
403273,1,1,559292
403274,1,1,559292
403276,1,1,559292
403277,1,1,559292
403278,1,1,559292
403263,1,1,559292
403264,1,1,559292
739211,1,1,9606
403280,1,1,559292
403281,1,1,559292
403282,1,1,559292
403283,1,1,559292
403285,1,1,559292
403286,1,1,559292
403271,1,1,559292
403272,1,1,559292
403123,1,1,559292
403125,1,1,559292
403126,1,1,559292
403223,1,1,559292
403224,1,1,559292
403225,1,1,559292
403227,1,1,559292
403279,1,1,559292
739226,1,1,10090
739227,1,1,9606
739208,1,1,9606
403231,1,1,559292
403232,1,1,559292
403233,1,1,559292
403236,1,1,559292
403237,1,1,559292
403249,1,1,559292
403251,1,1,559292
403253,1,1,559292
403238,1,1,559292
403240,1,1,559292
403244,1,1,559292
403245,1,1,284593
403246,1,1,559292
403073,1,1,559292
403075,1,1,559292
403076,1,1,559292
403078,1,1,559292
403079,1,1,559292
403080,1,1,559292
403247,1,1,559292
403248,1,1,559292
403085,1,1,559292
403086,1,1,559292
403089,1,1,559292
403092,1,1,559292
403094,1,1,559292
403095,1,1,559292
403071,1,1,559292
403072,1,1,559292
739213,1,1,9606
739194,1,1,7955
739205,1,1,9606
739286,1,1,7955
739287,1,1,9606
739289,1,1,9606
739292,1,1,9606
739264,1,1,18101
403043,1,1,559292
403045,1,1,559292
403046,1,1,559292
403027,1,1,559292
403028,1,1,559292
403029,1,1,559292
403030,1,1,559292
403032,1,1,559292
739385,1,1,9606
739386,1,1,9606
739391,1,1,9606
739370,1,1,7955
739382,1,1,9606
403040,1,1,559292
403041,1,1,559292
403042,1,1,559292
739305,1,1,7955
739309,1,1,9606
739316,1,1,7955
739295,1,1,9606
739301,1,1,9606
739302,1,1,9606
739303,1,1,7955
739384,1,1,9606
403229,1,1,559292
403230,1,1,559292
739265,1,1,9606
739267,1,1,7955
739270,1,1,10090
739248,1,1,9606
739341,1,1,7955
739325,1,1,9606
739444,1,1,9606
739450,1,1,10090
739435,1,1,9606
739439,1,1,10090
402997,1,1,559292
402998,1,1,559292
402999,1,1,559292
403000,1,1,559292
403105,1,1,559292
403106,1,1,559292
403108,1,1,559292
403081,1,1,559292
403082,1,1,559292
739351,1,1,9606
739352,1,1,9606
739443,1,1,7955
403120,1,1,559292
403121,1,1,559292
403122,1,1,559292
403096,1,1,559292
403098,1,1,559292
403100,1,1,559292
403102,1,1,559292
403104,1,1,559292
403033,1,1,559292
403036,1,1,559292
403037,1,1,559292
403109,1,1,559292
403110,1,1,559292
403113,1,1,559292
403114,1,1,559292
403119,1,1,559292
403039,1,1,559292
739401,1,1,243274
739404,1,1,9606
739506,1,1,9606
739494,1,1,9606
402956,1,1,559292
402957,1,1,559292
402958,1,1,559292
403050,1,1,559292
403052,1,1,559292
403053,1,1,559292
403054,1,1,559292
403055,1,1,559292
403057,1,1,559292
403059,1,1,559292
403038,1,1,559292
403063,1,1,559292
403064,1,1,559292
403065,1,1,559292
403066,1,1,559292
403067,1,1,559292
403068,1,1,559292
403069,1,1,559292
403070,1,1,559292
403001,1,1,559292
403003,1,1,559292
402981,1,1,559292
402984,1,1,559292
402990,1,1,559292
402992,1,1,559292
402993,1,1,559292
402994,1,1,559292
403014,1,1,559292
403016,1,1,559292
403017,1,1,559292
402995,1,1,559292
402996,1,1,559292
739481,1,1,9606
739483,1,1,7955
739487,1,1,9606
403024,1,1,559292
403025,1,1,559292
403026,1,1,559292
403006,1,1,559292
403007,1,1,559292
403008,1,1,559292
403011,1,1,559292
403012,1,1,559292
402948,1,1,559292
402949,1,1,559292
402950,1,1,559292
403018,1,1,559292
403019,1,1,559292
403020,1,1,559292
403021,1,1,559292
403023,1,1,559292
402959,1,1,559292
402960,1,1,559292
402963,1,1,559292
402943,1,1,559292
402944,1,1,559292
402945,1,1,559292
402946,1,1,559292
402947,1,1,559292
402975,1,1,559292
402976,1,1,559292
402977,1,1,559292
402978,1,1,559292
402979,1,1,559292
402980,1,1,559292
402964,1,1,559292
402965,1,1,559292
402907,1,1,559292
402908,1,1,559292
402909,1,1,559292
402910,1,1,559292
402911,1,1,559292
402912,1,1,559292
402973,1,1,559292
402974,1,1,559292
739555,1,1,10090
402916,1,1,559292
402917,1,1,559292
402919,1,1,559292
402920,1,1,559292
402922,1,1,559292
402905,1,1,559292
402906,1,1,559292
739458,1,1,9606
739467,1,1,7955
739556,1,1,9606
739565,1,1,10090
739542,1,1,10090
739543,1,1,10090
739552,1,1,10090
739554,1,1,9606
739838,1,1,10090
739718,1,1,9606
739722,1,1,10090
739724,1,1,7091
739739,1,1,9606
739759,1,1,10090
402867,1,1,559292
402868,1,1,559292
739598,1,1,9606
739622,1,1,157914
739590,1,1,10090
739592,1,1,9606
739597,1,1,7955
739571,1,1,10090
739586,1,1,9606
739773,1,1,9606
739534,1,1,9606
739518,1,1,9606
739519,1,1,9606
739521,1,1,9606
739525,1,1,9606
739629,1,1,9606
739639,1,1,8030
739670,1,1,37124
402966,1,1,559292
402968,1,1,559292
402969,1,1,559292
402970,1,1,559292
402971,1,1,559292
402972,1,1,559292
402952,1,1,559292
402954,1,1,559292
402927,1,1,559292
402929,1,1,559292
402931,1,1,559292
402913,1,1,559292
402914,1,1,559292
739706,1,1,9606
739707,1,1,9606
739708,1,1,9606
402939,1,1,559292
402940,1,1,559292
402941,1,1,559292
402942,1,1,559292
402923,1,1,559292
402924,1,1,559292
402925,1,1,559292
402926,1,1,559292
402858,1,1,559292
402860,1,1,559292
402862,1,1,559292
402863,1,1,559292
402932,1,1,559292
402933,1,1,559292
402934,1,1,559292
402938,1,1,559292
402871,1,1,559292
402872,1,1,559292
402874,1,1,559292
402876,1,1,559292
402849,1,1,559292
402850,1,1,559292
402851,1,1,559292
402852,1,1,559292
402898,1,1,559292
402900,1,1,559292
402902,1,1,559292
402903,1,1,559292
402877,1,1,559292
402878,1,1,559292
402883,1,1,559292
402885,1,1,559292
402802,1,1,559292
402804,1,1,559292
402805,1,1,559292
402806,1,1,559292
402892,1,1,559292
402895,1,1,559292
402896,1,1,559292
402897,1,1,559292
402811,1,1,559292
402813,1,1,559292
402816,1,1,559292
402817,1,1,559292
402819,1,1,559292
402822,1,1,559292
402799,1,1,559292
402800,1,1,559292
739711,1,1,9606
739693,1,1,9606
739696,1,1,9606
739697,1,1,9606
739973,1,1,7955
739977,1,1,10090
739979,1,1,9606
739968,1,1,9606
740098,1,1,7955
740100,1,1,9606
740065,1,1,7955
740082,1,1,9606
740049,1,1,9606
402072,1,1,237561
402094,1,1,237561
402105,1,1,237561
740027,1,1,9606
740004,1,1,10090
740006,1,1,9606
740008,1,1,9606
740015,1,1,9606
740017,1,1,9606
739991,1,1,10090
740085,1,1,7955
739900,1,1,9606
739944,1,1,7955
740029,1,1,9606
740033,1,1,10090
740035,1,1,9606
740020,1,1,7955
740023,1,1,9606
740026,1,1,9606
402887,1,1,559292
402888,1,1,559292
402890,1,1,559292
402891,1,1,559292
402865,1,1,559292
402866,1,1,559292
739960,1,1,9606
739874,1,1,9606
402835,1,1,559292
402807,1,1,559292
402810,1,1,559292
740056,1,1,7955
740058,1,1,9606
740043,1,1,9606
740044,1,1,7955
740045,1,1,10090
402844,1,1,559292
402846,1,1,559292
402825,1,1,559292
402826,1,1,559292
402828,1,1,559292
402829,1,1,559292
402830,1,1,559292
402833,1,1,559292
402018,1,1,237561
402030,1,1,237561
402836,1,1,559292
402837,1,1,559292
402838,1,1,559292
402839,1,1,559292
402840,1,1,559292
402842,1,1,559292
402114,1,1,237561
402119,1,1,237561
402121,1,1,237561
401975,1,1,237561
401991,1,1,237561
401999,1,1,237561
402009,1,1,237561
402012,1,1,237561
402225,1,1,237561
402231,1,1,237561
402246,1,1,237561
402253,1,1,237561
402257,1,1,237561
402261,1,1,237561
402794,1,1,559292
402124,1,1,237561
401728,1,1,237561
401744,1,1,237561
401748,1,1,237561
401750,1,1,237561
401754,1,1,237561
401755,1,1,237561
401757,1,1,237561
402199,1,1,237561
740211,1,1,9606
740212,1,1,9606
401768,1,1,237561
401780,1,1,237561
401795,1,1,237561
401796,1,1,237561
401798,1,1,237561
401725,1,1,237561
740046,1,1,9606
740047,1,1,7955
740217,1,1,9606
740220,1,1,9606
740271,1,1,7955
740309,1,1,9606
740313,1,1,10090
740200,1,1,9606
740384,1,1,9606
740389,1,1,9606
742216,1,1,10090
742658,1,1,9606
742733,1,1,34256
741781,1,1,9606
741827,1,1,9606
741875,1,1,9606
740487,1,1,7955
740399,1,1,9606
740412,1,1,9606
740414,1,1,8355
740319,1,1,9606
740336,1,1,7955
740344,1,1,7955
740349,1,1,7955
402057,1,1,237561
740141,1,1,10090
740143,1,1,9606
740192,1,1,7955
740119,1,1,7955
740622,1,1,10090
740654,1,1,9606
740458,1,1,212042
402131,1,1,237561
402136,1,1,237561
402142,1,1,237561
402145,1,1,237561
402156,1,1,237561
402157,1,1,237561
402185,1,1,237561
402041,1,1,237561
401833,1,1,237561
401834,1,1,237561
401835,1,1,237561
401866,1,1,237561
401759,1,1,237561
401767,1,1,237561
741043,1,1,10116
741172,1,1,10090
401928,1,1,237561
401929,1,1,237561
401944,1,1,237561
401956,1,1,237561
401808,1,1,237561
401812,1,1,237561
401813,1,1,237561
401817,1,1,237561
401584,1,1,237561
401586,1,1,237561
401596,1,1,237561
401620,1,1,237561
401878,1,1,237561
401900,1,1,237561
401903,1,1,237561
401911,1,1,237561
741936,1,1,10090
740967,1,1,9606
401637,1,1,237561
401652,1,1,237561
401653,1,1,237561
401656,1,1,237561
401663,1,1,237561
401669,1,1,237561
743296,1,1,9606
743359,1,1,9606
745503,1,1,9606
745504,1,1,9606
745505,1,1,9606
745507,1,1,10090
745489,1,1,9606
745494,1,1,9606
743411,1,1,595496
743474,1,1,9606
743595,1,1,9606
743924,1,1,266117
742879,1,1,9606
742883,1,1,9606
743132,1,1,2286
743278,1,1,10090
744618,1,1,9606
744686,1,1,10090
744987,1,1,9606
745082,1,1,7955
743987,1,1,8355
744253,1,1,9606
744436,1,1,10116
744549,1,1,10090
741423,1,1,10116
741428,1,1,9606
740762,1,1,7955
740765,1,1,9606
740769,1,1,10090
740869,1,1,9606
740873,1,1,7955
740946,1,1,10090
401684,1,1,237561
401697,1,1,237561
401698,1,1,237561
401700,1,1,237561
401628,1,1,237561
745479,1,1,8355
745484,1,1,9606
745485,1,1,9606
401709,1,1,237561
401718,1,1,237561
401721,1,1,237561
401722,1,1,237561
401670,1,1,237561
401673,1,1,237561
401674,1,1,237561
401680,1,1,237561
401265,1,1,237561
401291,1,1,237561
401316,1,1,237561
401317,1,1,237561
401322,1,1,237561
401346,1,1,237561
401701,1,1,237561
401702,1,1,237561
401380,1,1,237561
401381,1,1,237561
401385,1,1,237561
401388,1,1,237561
401391,1,1,237561
401402,1,1,237561
401251,1,1,237561
401252,1,1,237561
401535,1,1,237561
401537,1,1,237561
401548,1,1,237561
401566,1,1,237561
401408,1,1,237561
401425,1,1,237561
401437,1,1,237561
401485,1,1,237561
400030,1,1,284812
400031,1,1,284812
400032,1,1,284812
400033,1,1,284812
400034,1,1,284812
401520,1,1,237561
401531,1,1,237561
401532,1,1,237561
400039,1,1,284812
400040,1,1,284812
400041,1,1,284812
400046,1,1,284812
401073,1,1,644223
400023,1,1,284812
400024,1,1,284812
400027,1,1,284812
745090,1,1,10090
745471,1,1,10090
745472,1,1,7955
745473,1,1,9606
745539,1,1,7955
745550,1,1,9606
745523,1,1,9606
400037,1,1,284812
399992,1,1,284812
399998,1,1,284812
400000,1,1,284812
400003,1,1,284812
400005,1,1,284812
400006,1,1,284812
399933,1,1,284812
399934,1,1,284812
745583,1,1,8355
745567,1,1,9606
745569,1,1,10090
745637,1,1,9606
745640,1,1,10090
745643,1,1,10090
745631,1,1,9606
745634,1,1,9606
745538,1,1,9606
745595,1,1,1397
745600,1,1,9606
745589,1,1,10090
745592,1,1,9606
745594,1,1,10116
745577,1,1,10116
745578,1,1,7955
401491,1,1,237561
401506,1,1,237561
401507,1,1,237561
401519,1,1,237561
401359,1,1,237561
401365,1,1,237561
745526,1,1,9606
745535,1,1,10090
745625,1,1,9606
745608,1,1,9606
745610,1,1,7955
745680,1,1,9606
745682,1,1,10090
745684,1,1,9606
745687,1,1,9606
745677,1,1,10090
401083,1,1,237561
401093,1,1,237561
401099,1,1,237561
401108,1,1,237561
401148,1,1,237561
401157,1,1,237561
400035,1,1,284812
400036,1,1,284812
401184,1,1,237561
401201,1,1,237561
401204,1,1,237561
401216,1,1,237561
401233,1,1,237561
401246,1,1,237561
401075,1,1,237561
401077,1,1,237561
399938,1,1,284812
399946,1,1,284812
399953,1,1,284812
399965,1,1,284812
399967,1,1,284812
399982,1,1,284812
401160,1,1,237561
401166,1,1,237561
400008,1,1,284812
400009,1,1,284812
400010,1,1,284812
400011,1,1,284812
400012,1,1,284812
400013,1,1,284812
400014,1,1,284812
399988,1,1,284812
400016,1,1,284812
400017,1,1,284812
400018,1,1,284812
400019,1,1,284812
400020,1,1,284812
400021,1,1,284812
400022,1,1,284812
400007,1,1,284812
399876,1,1,284812
399877,1,1,284812
399882,1,1,284812
399885,1,1,284812
399886,1,1,284812
399887,1,1,284812
399896,1,1,284812
400015,1,1,284812
745662,1,1,10090
745664,1,1,9606
399905,1,1,284812
399911,1,1,284812
399912,1,1,284812
399913,1,1,284812
399914,1,1,284812
399875,1,1,284812
399833,1,1,284812
399835,1,1,284812
399836,1,1,284812
399837,1,1,284812
399817,1,1,284812
399819,1,1,284812
399820,1,1,284812
399821,1,1,284812
745695,1,1,7955
745758,1,1,9606
745761,1,1,10090
745746,1,1,9606
745750,1,1,10090
745753,1,1,9606
399830,1,1,284812
399831,1,1,284812
745722,1,1,9606
745723,1,1,9606
745725,1,1,9606
745716,1,1,10090
745700,1,1,9606
745704,1,1,9606
745692,1,1,9606
745694,1,1,9606
399989,1,1,284812
745665,1,1,10090
745670,1,1,9606
745648,1,1,9606
745656,1,1,9606
745717,1,1,9606
745718,1,1,10090
745719,1,1,10090
745806,1,1,10090
745807,1,1,10090
745810,1,1,9606
745795,1,1,10090
399780,1,1,284812
399781,1,1,284812
399782,1,1,284812
399783,1,1,284812
399921,1,1,284812
399922,1,1,284812
399923,1,1,284812
399902,1,1,284812
399904,1,1,284812
745739,1,1,9606
745743,1,1,10090
745731,1,1,9606
399930,1,1,284812
399931,1,1,284812
399932,1,1,284812
399915,1,1,284812
399917,1,1,284812
399918,1,1,284812
399919,1,1,284812
399920,1,1,284812
399822,1,1,284812
399824,1,1,284812
399825,1,1,284812
399924,1,1,284812
399925,1,1,284812
399926,1,1,284812
399927,1,1,284812
399928,1,1,284812
399855,1,1,284812
399827,1,1,284812
745789,1,1,9606
745777,1,1,9606
745842,1,1,9606
745847,1,1,9606
745831,1,1,9606
745832,1,1,9606
399869,1,1,284812
399838,1,1,284812
399839,1,1,284812
399841,1,1,284812
399842,1,1,284812
399845,1,1,284812
399851,1,1,284812
399852,1,1,284812
399767,1,1,284812
399857,1,1,284812
399858,1,1,284812
399860,1,1,284812
399861,1,1,284812
399862,1,1,284812
399863,1,1,284812
399864,1,1,284812
399785,1,1,284812
399786,1,1,284812
399726,1,1,284812
399739,1,1,284812
399742,1,1,284812
399755,1,1,284812
399758,1,1,284812
399764,1,1,284812
399790,1,1,284812
399796,1,1,284812
399797,1,1,284812
399799,1,1,284812
399800,1,1,284812
399801,1,1,284812
399802,1,1,284812
399776,1,1,284812
399804,1,1,284812
399805,1,1,284812
399810,1,1,284812
399811,1,1,284812
399813,1,1,284812
399814,1,1,284812
399816,1,1,284812
399788,1,1,284812
399646,1,1,284812
399649,1,1,284812
399650,1,1,284812
399651,1,1,284812
399652,1,1,284812
399653,1,1,284812
399655,1,1,284812
399656,1,1,284812
745834,1,1,10090
745838,1,1,10090
745823,1,1,9606
399661,1,1,284812
399662,1,1,284812
399663,1,1,284812
399668,1,1,284812
399673,1,1,284812
399708,1,1,284812
399712,1,1,284812
399714,1,1,284812
399724,1,1,284812
399680,1,1,284812
399685,1,1,284812
399689,1,1,284812
399691,1,1,284812
399577,1,1,284812
399578,1,1,284812
399579,1,1,284812
399581,1,1,284812
399582,1,1,284812
399700,1,1,284812
399704,1,1,284812
399705,1,1,284812
399586,1,1,284812
399588,1,1,284812
399589,1,1,284812
399590,1,1,284812
399592,1,1,284812
399595,1,1,284812
399572,1,1,284812
399576,1,1,284812
399778,1,1,284812
745826,1,1,9606
745811,1,1,10090
745812,1,1,9606
745814,1,1,10116
745815,1,1,9606
745820,1,1,7955
745873,1,1,10090
745947,1,1,9606
745949,1,1,9606
399539,1,1,284812
399540,1,1,284812
399542,1,1,284812
399543,1,1,284812
399544,1,1,284812
399546,1,1,284812
745892,1,1,9606
745896,1,1,9606
745952,1,1,9606
745954,1,1,9606
745956,1,1,9606
745960,1,1,7955
745943,1,1,9606
745944,1,1,10090
745919,1,1,9606
745920,1,1,9606
745907,1,1,9606
745908,1,1,8030
745910,1,1,8355
745915,1,1,9606
745901,1,1,9606
745891,1,1,9606
399692,1,1,284812
399693,1,1,284812
399695,1,1,284812
399699,1,1,284812
399657,1,1,284812
399660,1,1,284812
745860,1,1,9606
745917,1,1,9031
745937,1,1,7955
745941,1,1,9606
745992,1,1,9606
745983,1,1,9606
745985,1,1,9606
745987,1,1,9606
745990,1,1,9606
745972,1,1,7955
399597,1,1,284812
399598,1,1,284812
399600,1,1,284812
399601,1,1,284812
399603,1,1,284812
399604,1,1,284812
399609,1,1,284812
399584,1,1,284812
399625,1,1,284812
399629,1,1,284812
399632,1,1,284812
399633,1,1,284812
399635,1,1,284812
399637,1,1,284812
399638,1,1,284812
399596,1,1,284812
399521,1,1,284812
399524,1,1,284812
399526,1,1,284812
399527,1,1,284812
399529,1,1,284812
399530,1,1,284812
399533,1,1,284812
399617,1,1,284812
399550,1,1,284812
399555,1,1,284812
399556,1,1,284812
399557,1,1,284812
399559,1,1,284812
399561,1,1,284812
399535,1,1,284812
399536,1,1,284812
399565,1,1,284812
399566,1,1,284812
399567,1,1,284812
399568,1,1,284812
399570,1,1,284812
399571,1,1,284812
399547,1,1,284812
399548,1,1,284812
399459,1,1,284812
399461,1,1,284812
399464,1,1,284812
399465,1,1,284812
399466,1,1,284812
399470,1,1,284812
399563,1,1,284812
399564,1,1,284812
399485,1,1,284812
399488,1,1,284812
399489,1,1,284812
399490,1,1,284812
399491,1,1,284812
399493,1,1,284812
399455,1,1,284812
399458,1,1,284812
399507,1,1,284812
399509,1,1,284812
399512,1,1,284812
399513,1,1,284812
399514,1,1,284812
399516,1,1,284812
399517,1,1,284812
399494,1,1,284812
399412,1,1,284812
399414,1,1,284812
399416,1,1,284812
399417,1,1,284812
399419,1,1,284812
399420,1,1,284812
399421,1,1,284812
399423,1,1,284812
746045,1,1,10090
746023,1,1,9606
399426,1,1,284812
399428,1,1,284812
399430,1,1,284812
399431,1,1,284812
399432,1,1,284812
399433,1,1,284812
745976,1,1,9606
745977,1,1,10090
745979,1,1,9606
745980,1,1,10116
745981,1,1,9606
745963,1,1,9606
745965,1,1,9606
745971,1,1,9606
399379,1,1,284812
399380,1,1,284812
399381,1,1,284812
399382,1,1,284812
399383,1,1,284812
399367,1,1,284812
399368,1,1,4896
399370,1,1,284812
746051,1,1,9606
746121,1,1,9606
746122,1,1,9606
746123,1,1,9606
746124,1,1,9606
746113,1,1,9606
746098,1,1,9606
399378,1,1,284812
746017,1,1,9606
746018,1,1,9606
746022,1,1,9606
746009,1,1,9606
746010,1,1,7955
746067,1,1,9606
746058,1,1,9606
746048,1,1,9606
399496,1,1,284812
399499,1,1,284812
399501,1,1,284812
399503,1,1,284812
399504,1,1,284812
399505,1,1,284812
399506,1,1,284812
399481,1,1,284812
746084,1,1,10090
746085,1,1,9606
746089,1,1,9606
746090,1,1,9606
746158,1,1,10090
746162,1,1,9606
746149,1,1,10090
746151,1,1,9606
399437,1,1,284812
399438,1,1,284812
399439,1,1,284812
399442,1,1,284812
399424,1,1,284812
399425,1,1,284812
746101,1,1,9606
746105,1,1,9606
399449,1,1,284812
399450,1,1,284812
399451,1,1,284812
399453,1,1,284812
399454,1,1,284812
399434,1,1,284812
399435,1,1,284812
399436,1,1,284812
399371,1,1,284812
399372,1,1,284812
399373,1,1,284812
399374,1,1,284812
399375,1,1,284812
399443,1,1,284812
399445,1,1,284812
399446,1,1,284812
399388,1,1,284812
399390,1,1,284812
399391,1,1,284812
399392,1,1,284812
399394,1,1,284812
399376,1,1,284812
399377,1,1,284812
746145,1,1,9606
399397,1,1,284812
399400,1,1,284812
399403,1,1,284812
399409,1,1,284812
399410,1,1,284812
399384,1,1,284812
399385,1,1,284812
399386,1,1,284812
399321,1,1,284812
399322,1,1,284812
399324,1,1,284812
399325,1,1,284812
399326,1,1,284812
399328,1,1,284812
399329,1,1,284812
399395,1,1,284812
746138,1,1,9606
399334,1,1,284812
399336,1,1,284812
399340,1,1,284812
399341,1,1,284812
399342,1,1,284812
399343,1,1,284812
399320,1,1,284812
399348,1,1,284812
399349,1,1,284812
399350,1,1,284812
399352,1,1,284812
399353,1,1,284812
399354,1,1,284812
399355,1,1,284812
399330,1,1,284812
399359,1,1,284812
399360,1,1,284812
399361,1,1,284812
399362,1,1,284812
399363,1,1,284812
399364,1,1,284812
399365,1,1,284812
399346,1,1,284812
399280,1,1,284812
399281,1,1,284812
399282,1,1,284812
399283,1,1,284812
399284,1,1,284812
399286,1,1,284812
399290,1,1,284812
399357,1,1,284812
746199,1,1,7955
399294,1,1,284812
399295,1,1,284812
399296,1,1,284812
399297,1,1,284812
399298,1,1,284812
399299,1,1,284812
399279,1,1,284812
399310,1,1,284812
399312,1,1,284812
399313,1,1,284812
399314,1,1,284812
399315,1,1,284812
399316,1,1,284812
399318,1,1,284812
399300,1,1,284812
399237,1,1,284812
399240,1,1,284812
399241,1,1,284812
399243,1,1,284812
399244,1,1,284812
399245,1,1,284812
399246,1,1,284812
399309,1,1,284812
746229,1,1,9606
399249,1,1,284812
399251,1,1,284812
399252,1,1,284812
399253,1,1,284812
399254,1,1,284812
399257,1,1,284812
399236,1,1,284812
399333,1,1,284812
746180,1,1,9606
746172,1,1,10090
746176,1,1,9606
746235,1,1,10090
746224,1,1,9606
746226,1,1,9606
746227,1,1,10116
399201,1,1,284812
399204,1,1,284812
399207,1,1,284812
399208,1,1,284812
399209,1,1,284812
399210,1,1,284812
399189,1,1,284812
399190,1,1,284812
746259,1,1,9606
746246,1,1,9606
746254,1,1,9031
746315,1,1,9606
746303,1,1,9606
746306,1,1,9606
746308,1,1,9606
746310,1,1,9606
399293,1,1,284812
746204,1,1,9606
746207,1,1,9606
746209,1,1,9606
746210,1,1,9606
746278,1,1,9606
746280,1,1,9606
746271,1,1,9606
399301,1,1,284812
399302,1,1,284812
399303,1,1,284812
399304,1,1,284812
399305,1,1,284812
399306,1,1,284812
399308,1,1,284812
399291,1,1,284812
746296,1,1,10090
746290,1,1,10090
746355,1,1,9606
746341,1,1,9606
746349,1,1,9606
746331,1,1,10090
746332,1,1,9606
399157,1,1,284812
399260,1,1,284812
399264,1,1,284812
399265,1,1,284812
399266,1,1,284812
399267,1,1,284812
399268,1,1,284812
399247,1,1,284812
399248,1,1,284812
399271,1,1,284812
399272,1,1,284812
399273,1,1,284812
399275,1,1,284812
399277,1,1,284812
399278,1,1,284812
399258,1,1,284812
399259,1,1,284812
399191,1,1,284812
399192,1,1,284812
399193,1,1,284812
399195,1,1,284812
399196,1,1,284812
399197,1,1,284812
399269,1,1,284812
399270,1,1,284812
399216,1,1,284812
399217,1,1,284812
399218,1,1,284812
399221,1,1,284812
399223,1,1,284812
399198,1,1,284812
399200,1,1,284812
746339,1,1,7955
399228,1,1,284812
399229,1,1,284812
399230,1,1,284812
399232,1,1,284812
399233,1,1,284812
399212,1,1,284812
399214,1,1,284812
399215,1,1,284812
399149,1,1,284812
399150,1,1,284812
399152,1,1,284812
399153,1,1,284812
399154,1,1,284812
399224,1,1,284812
399225,1,1,284812
399226,1,1,284812
399158,1,1,284812
399159,1,1,284812
399160,1,1,284812
399161,1,1,284812
399163,1,1,284812
399146,1,1,284812
399147,1,1,284812
399148,1,1,284812
399098,1,1,284812
399176,1,1,284812
399177,1,1,284812
399179,1,1,284812
399181,1,1,284812
399182,1,1,284812
399185,1,1,284812
399186,1,1,284812
399120,1,1,284812
399085,1,1,284812
399087,1,1,284812
399088,1,1,284812
399090,1,1,284812
399092,1,1,284812
399094,1,1,284812
399096,1,1,284812
746385,1,1,9606
746386,1,1,9606
746371,1,1,9606
399105,1,1,284812
399106,1,1,284812
399113,1,1,284812
399118,1,1,284812
399119,1,1,284812
746340,1,1,9606
746323,1,1,9606
746325,1,1,7955
746326,1,1,9031
746390,1,1,9606
746395,1,1,9606
746379,1,1,9606
746381,1,1,9606
746472,1,1,10090
746443,1,1,9606
746444,1,1,10090
399047,1,1,284812
399048,1,1,284812
399050,1,1,284812
399053,1,1,284812
399054,1,1,284812
746421,1,1,9606
746414,1,1,7955
746415,1,1,9606
746397,1,1,9606
746400,1,1,9606
746404,1,1,10090
746405,1,1,9606
746462,1,1,9606
399155,1,1,284812
399156,1,1,284812
746374,1,1,9606
746376,1,1,9606
746364,1,1,10090
746368,1,1,9031
746427,1,1,9606
746416,1,1,7955
399164,1,1,284812
399165,1,1,284812
399166,1,1,284812
399167,1,1,284812
399168,1,1,284812
399169,1,1,284812
399171,1,1,284812
399172,1,1,284812
399132,1,1,284812
399103,1,1,284812
399104,1,1,284812
746445,1,1,9606
746448,1,1,9606
746449,1,1,10090
746434,1,1,9606
746437,1,1,9606
399143,1,1,284812
399124,1,1,284812
399125,1,1,284812
399126,1,1,284812
399127,1,1,284812
399128,1,1,284812
399130,1,1,284812
399131,1,1,284812
399036,1,1,284812
399135,1,1,284812
399136,1,1,284812
399137,1,1,284812
399138,1,1,284812
399139,1,1,284812
399140,1,1,284812
399141,1,1,284812
399056,1,1,284812
399018,1,1,284812
399019,1,1,284812
399025,1,1,284812
399027,1,1,284812
399028,1,1,284812
399034,1,1,284812
399035,1,1,284812
399068,1,1,284812
399070,1,1,284812
399075,1,1,284812
399078,1,1,284812
399079,1,1,284812
399082,1,1,284812
399083,1,1,284812
399084,1,1,284812
398973,1,1,284812
398974,1,1,284812
398975,1,1,284812
398976,1,1,284812
398977,1,1,284812
398978,1,1,284812
398979,1,1,284812
398980,1,1,284812
746500,1,1,10090
746502,1,1,7955
398984,1,1,284812
398987,1,1,284812
398988,1,1,284812
398989,1,1,284812
398990,1,1,284812
398991,1,1,284812
746441,1,1,7955
746442,1,1,9606
746507,1,1,9606
746508,1,1,9606
746509,1,1,9606
746497,1,1,9606
746498,1,1,10090
746499,1,1,9606
746588,1,1,9606
746592,1,1,9606
746594,1,1,10090
398951,1,1,284812
398952,1,1,4896
398953,1,1,284812
398954,1,1,284812
398955,1,1,284812
746545,1,1,9606
746526,1,1,8030
746529,1,1,9606
746517,1,1,9606
746519,1,1,9606
746520,1,1,9606
746595,1,1,9606
746597,1,1,9606
399037,1,1,284812
399039,1,1,284812
746495,1,1,9606
746478,1,1,9606
746551,1,1,10090
746558,1,1,9606
746539,1,1,9606
746543,1,1,9606
399057,1,1,284812
399058,1,1,284812
399061,1,1,284812
399062,1,1,284812
399063,1,1,284812
399064,1,1,284812
399065,1,1,284812
399067,1,1,284812
398981,1,1,284812
398983,1,1,284812
746578,1,1,9606
746570,1,1,9606
746633,1,1,7955
746614,1,1,9606
398913,1,1,284812
398914,1,1,284812
399017,1,1,284812
398992,1,1,284812
398993,1,1,284812
398995,1,1,284812
398996,1,1,284812
398997,1,1,284812
398998,1,1,284812
398999,1,1,284812
398947,1,1,284812
399006,1,1,284812
399007,1,1,284812
399008,1,1,284812
399011,1,1,284812
399013,1,1,284812
399014,1,1,284812
399015,1,1,284812
398956,1,1,284812
398939,1,1,284812
398940,1,1,284812
398941,1,1,284812
398942,1,1,284812
398944,1,1,284812
398945,1,1,284812
398946,1,1,284812
398962,1,1,284812
398963,1,1,284812
398964,1,1,284812
398948,1,1,284812
398949,1,1,284812
746604,1,1,10090
746605,1,1,9606
746609,1,1,9606
398970,1,1,284812
398971,1,1,284812
398972,1,1,284812
398957,1,1,284812
398958,1,1,284812
398959,1,1,284812
398960,1,1,284812
398961,1,1,284812
398907,1,1,284812
398908,1,1,284812
398909,1,1,284812
398965,1,1,284812
398966,1,1,284812
398967,1,1,284812
398968,1,1,284812
398969,1,1,284812
398916,1,1,284812
398917,1,1,284812
398920,1,1,284812
398901,1,1,284812
398902,1,1,284812
398904,1,1,284812
398905,1,1,284812
398906,1,1,284812
398938,1,1,284812
398921,1,1,284812
398922,1,1,284812
398923,1,1,284812
398924,1,1,284812
398925,1,1,284812
398927,1,1,284812
398928,1,1,284812
398874,1,1,284812
398930,1,1,284812
398931,1,1,284812
398932,1,1,284812
398934,1,1,284812
398935,1,1,284812
398936,1,1,284812
398937,1,1,284812
398882,1,1,284812
398867,1,1,284812
398868,1,1,284812
398869,1,1,284812
398870,1,1,284812
398871,1,1,284812
398872,1,1,284812
398873,1,1,284812
746676,1,1,246197
746681,1,1,9606
746671,1,1,9606
398877,1,1,284812
398878,1,1,284812
398879,1,1,284812
398880,1,1,284812
398881,1,1,284812
398847,1,1,284812
398848,1,1,284812
398849,1,1,284812
398833,1,1,284812
398834,1,1,284812
398836,1,1,284812
398837,1,1,284812
398838,1,1,284812
746694,1,1,9606
746753,1,1,7955
746757,1,1,10090
746746,1,1,9606
746748,1,1,9606
398844,1,1,284812
398845,1,1,284812
398846,1,1,284812
746647,1,1,9606
746652,1,1,9606
746720,1,1,9606
746722,1,1,9606
746708,1,1,9606
746690,1,1,9606
746691,1,1,10090
746693,1,1,7955
398929,1,1,284812
398911,1,1,284812
398912,1,1,284812
746658,1,1,9606
746659,1,1,10090
746660,1,1,9606
746644,1,1,9606
746645,1,1,9606
746791,1,1,9606
746792,1,1,9606
746793,1,1,9606
746795,1,1,9606
746784,1,1,9606
746769,1,1,9606
398810,1,1,284812
398811,1,1,284812
398888,1,1,284812
398889,1,1,284812
398890,1,1,284812
398875,1,1,284812
398876,1,1,284812
746737,1,1,10090
746727,1,1,9606
746730,1,1,9606
398896,1,1,284812
398897,1,1,284812
398900,1,1,284812
398883,1,1,284812
398884,1,1,284812
398885,1,1,284812
398886,1,1,284812
398887,1,1,284812
398839,1,1,284812
398840,1,1,284812
398841,1,1,284812
398891,1,1,284812
398892,1,1,284812
398893,1,1,284812
398894,1,1,284812
398895,1,1,284812
398855,1,1,284812
398856,1,1,284812
398857,1,1,284812
398858,1,1,284812
398842,1,1,284812
398843,1,1,284812
746770,1,1,7955
746758,1,1,9606
398863,1,1,284812
398864,1,1,284812
398865,1,1,284812
398866,1,1,284812
398850,1,1,284812
398851,1,1,284812
398852,1,1,284812
398853,1,1,284812
398803,1,1,284812
398804,1,1,284812
398805,1,1,284812
398806,1,1,284812
398859,1,1,284812
398860,1,1,284812
398861,1,1,284812
398862,1,1,284812
398812,1,1,284812
398814,1,1,284812
398815,1,1,284812
398816,1,1,284812
398799,1,1,284812
398800,1,1,284812
398801,1,1,284812
398802,1,1,284812
398829,1,1,284812
398830,1,1,284812
398831,1,1,284812
398832,1,1,284812
398817,1,1,284812
398819,1,1,284812
398820,1,1,284812
398821,1,1,284812
398769,1,1,284812
398770,1,1,284812
398771,1,1,284812
398772,1,1,284812
398825,1,1,284812
398826,1,1,284812
398827,1,1,284812
398828,1,1,284812
398778,1,1,284812
398779,1,1,284812
398780,1,1,284812
398781,1,1,284812
398762,1,1,284812
398763,1,1,284812
398764,1,1,284812
398767,1,1,284812
746829,1,1,9606
746831,1,1,9606
746837,1,1,9606
746839,1,1,9606
746826,1,1,7955
746806,1,1,9606
398775,1,1,284812
398776,1,1,284812
398792,1,1,284812
398793,1,1,284812
398794,1,1,284812
398795,1,1,284812
398796,1,1,284812
398797,1,1,284812
398798,1,1,284812
398782,1,1,284812
398725,1,1,284812
398726,1,1,284812
398727,1,1,284812
398728,1,1,284812
398730,1,1,284812
398731,1,1,284812
398732,1,1,284812
398791,1,1,284812
746860,1,1,9606
398736,1,1,284812
398737,1,1,284812
398738,1,1,284812
398739,1,1,284812
398740,1,1,284812
398741,1,1,284812
398724,1,1,284812
398822,1,1,284812
398823,1,1,284812
398824,1,1,284812
398808,1,1,284812
398809,1,1,284812
746811,1,1,9606
746816,1,1,10090
746877,1,1,9606
746948,1,1,9606
746952,1,1,7955
746953,1,1,10090
746933,1,1,9606
398701,1,1,284812
398702,1,1,284812
398703,1,1,284812
398704,1,1,284812
746897,1,1,9606
746898,1,1,7955
746901,1,1,9606
746886,1,1,9606
746889,1,1,9606
746960,1,1,9606
746964,1,1,9606
746946,1,1,9606
398774,1,1,284812
746840,1,1,10090
746841,1,1,9606
746842,1,1,9606
746843,1,1,10090
746922,1,1,7955
746907,1,1,7955
746894,1,1,7955
398783,1,1,284812
398784,1,1,284812
398785,1,1,284812
398786,1,1,284812
398788,1,1,284812
398789,1,1,284812
398790,1,1,284812
398773,1,1,284812
398748,1,1,284812
398749,1,1,284812
398733,1,1,284812
398735,1,1,284812
746941,1,1,10116
747008,1,1,9606
746990,1,1,10090
746999,1,1,9606
398760,1,1,284812
398761,1,1,284812
398742,1,1,284812
398743,1,1,284812
398744,1,1,284812
398745,1,1,284812
398746,1,1,284812
398747,1,1,284812
398697,1,1,284812
398698,1,1,284812
398751,1,1,284812
398753,1,1,284812
398754,1,1,284812
398756,1,1,284812
398757,1,1,284812
398759,1,1,284812
398705,1,1,284812
398706,1,1,284812
398690,1,1,284812
398691,1,1,284812
398692,1,1,284812
398693,1,1,284812
398695,1,1,284812
398696,1,1,284812
398709,1,1,284812
398710,1,1,284812
398712,1,1,284812
398713,1,1,284812
398714,1,1,284812
398715,1,1,284812
398699,1,1,284812
398700,1,1,284812
398718,1,1,284812
398719,1,1,284812
398720,1,1,284812
398721,1,1,284812
398722,1,1,284812
398723,1,1,284812
398707,1,1,284812
398708,1,1,284812
398653,1,1,284812
398654,1,1,284812
398655,1,1,284812
398656,1,1,284812
398657,1,1,284812
398659,1,1,284812
398716,1,1,284812
398717,1,1,284812
398662,1,1,284812
398663,1,1,284812
398665,1,1,284812
398666,1,1,284812
398667,1,1,284812
398669,1,1,284812
398651,1,1,284812
398652,1,1,284812
398686,1,1,284812
398687,1,1,284812
398688,1,1,284812
398689,1,1,284812
398671,1,1,284812
398673,1,1,284812
398674,1,1,284812
398676,1,1,284812
398622,1,1,284812
398623,1,1,284812
398624,1,1,284812
398625,1,1,284812
398682,1,1,284812
398683,1,1,284812
398684,1,1,284812
398685,1,1,284812
398630,1,1,284812
398631,1,1,284812
398633,1,1,284812
398634,1,1,284812
398616,1,1,284812
398618,1,1,284812
398620,1,1,284812
398621,1,1,284812
746986,1,1,9606
746969,1,1,9606
746972,1,1,7955
746976,1,1,9606
747045,1,1,9606
747048,1,1,9606
398628,1,1,284812
398629,1,1,284812
398598,1,1,284812
398599,1,1,284812
398580,1,1,284812
398581,1,1,284812
398584,1,1,284812
398585,1,1,284812
398586,1,1,284812
398588,1,1,284812
747151,1,1,9606
747126,1,1,9606
747133,1,1,9031
747111,1,1,9606
398594,1,1,284812
398595,1,1,284812
398596,1,1,284812
398597,1,1,284812
747091,1,1,9606
747080,1,1,9606
747084,1,1,9606
747061,1,1,10090
747066,1,1,9606
747070,1,1,9606
747140,1,1,9606
747143,1,1,9606
398677,1,1,284812
398678,1,1,284812
398680,1,1,284812
398681,1,1,284812
398660,1,1,284812
398661,1,1,284812
747022,1,1,10090
747018,1,1,9606
747196,1,1,9606
747197,1,1,9606
747198,1,1,9606
747203,1,1,7955
398556,1,1,284812
398557,1,1,284812
398558,1,1,284812
398560,1,1,284812
398641,1,1,284812
398642,1,1,284812
398626,1,1,284812
398627,1,1,284812
747113,1,1,9606
747204,1,1,9606
747205,1,1,9606
747213,1,1,10090
398649,1,1,284812
398650,1,1,284812
398635,1,1,284812
398636,1,1,284812
398637,1,1,284812
398638,1,1,284812
398639,1,1,284812
398640,1,1,284812
398589,1,1,284812
398591,1,1,284812
398643,1,1,284812
398644,1,1,284812
398645,1,1,284812
398646,1,1,284812
398647,1,1,284812
398648,1,1,284812
398606,1,1,284812
398607,1,1,284812
398592,1,1,284812
398593,1,1,284812
747181,1,1,10090
747183,1,1,9606
747163,1,1,9606
747173,1,1,9606
398614,1,1,284812
398615,1,1,284812
398600,1,1,284812
398601,1,1,284812
398602,1,1,284812
398603,1,1,284812
398604,1,1,284812
398605,1,1,284812
398552,1,1,284812
398553,1,1,284812
398608,1,1,284812
398609,1,1,284812
398610,1,1,284812
398611,1,1,284812
398612,1,1,284812
398613,1,1,284812
398561,1,1,284812
398563,1,1,284812
398546,1,1,284812
398547,1,1,284812
398548,1,1,284812
398549,1,1,284812
398550,1,1,284812
398551,1,1,284812
398528,1,1,284812
398529,1,1,284812
398512,1,1,284812
398513,1,1,284812
398514,1,1,284812
398515,1,1,284812
398516,1,1,284812
398519,1,1,284812
747299,1,1,9606
747302,1,1,9606
747307,1,1,9606
747284,1,1,9606
398523,1,1,284812
398524,1,1,284812
398525,1,1,284812
398527,1,1,284812
747243,1,1,9606
747216,1,1,9606
747219,1,1,9606
747220,1,1,9606
747316,1,1,9606
747324,1,1,9606
747326,1,1,9606
747295,1,1,9606
747254,1,1,9606
747258,1,1,9606
747261,1,1,10090
747266,1,1,10090
747244,1,1,10090
747247,1,1,10090
747250,1,1,9606
747227,1,1,10090
398486,1,1,284812
398487,1,1,284812
398488,1,1,284812
398489,1,1,284812
398474,1,1,284812
398475,1,1,284812
398476,1,1,284812
398477,1,1,284812
398571,1,1,284812
398554,1,1,284812
398555,1,1,284812
747370,1,1,9606
747379,1,1,7955
747366,1,1,9606
398484,1,1,284812
398485,1,1,284812
398579,1,1,284812
398564,1,1,284812
398565,1,1,284812
398566,1,1,284812
398567,1,1,284812
398568,1,1,284812
398569,1,1,284812
398570,1,1,284812
398520,1,1,284812
398572,1,1,284812
398573,1,1,284812
398574,1,1,284812
398575,1,1,284812
398576,1,1,284812
398577,1,1,284812
398578,1,1,284812
747335,1,1,7955
747447,1,1,7955
747461,1,1,9606
747411,1,1,9606
747430,1,1,10090
398446,1,1,284812
398447,1,1,284812
398448,1,1,284812
398535,1,1,284812
398536,1,1,284812
398537,1,1,284812
398521,1,1,284812
398522,1,1,284812
747344,1,1,9606
747351,1,1,9606
747358,1,1,9606
398543,1,1,284812
398544,1,1,284812
398545,1,1,284812
398530,1,1,284812
398531,1,1,284812
398532,1,1,284812
398533,1,1,284812
398534,1,1,284812
398478,1,1,284812
398479,1,1,284812
398480,1,1,284812
398481,1,1,284812
398538,1,1,284812
398540,1,1,284812
398541,1,1,284812
398542,1,1,284812
398497,1,1,284812
398500,1,1,284812
398501,1,1,284812
398482,1,1,284812
398483,1,1,284812
747397,1,1,7955
747406,1,1,9606
747407,1,1,9606
398508,1,1,284812
398509,1,1,284812
398511,1,1,284812
398490,1,1,284812
398491,1,1,284812
398493,1,1,284812
398494,1,1,284812
398496,1,1,284812
398440,1,1,284812
398441,1,1,284812
398442,1,1,284812
398502,1,1,284812
398503,1,1,284812
398504,1,1,284812
398505,1,1,284812
398507,1,1,284812
398450,1,1,284812
398451,1,1,284812
398453,1,1,284812
398435,1,1,284812
398436,1,1,284812
398437,1,1,284812
398438,1,1,284812
398439,1,1,284812
748172,1,1,9606
748173,1,1,9606
398412,1,1,284812
398413,1,1,284812
398414,1,1,284812
398415,1,1,284812
398416,1,1,284812
398417,1,1,284812
747493,1,1,9606
748176,1,1,9606
748177,1,1,9606
748178,1,1,9606
748180,1,1,9606
748152,1,1,9606
748157,1,1,9606
748170,1,1,9606
747716,1,1,10116
747505,1,1,7955
747525,1,1,9606
747526,1,1,9606
747535,1,1,9606
747479,1,1,9606
747482,1,1,9606
747483,1,1,10090
747381,1,1,9606
747390,1,1,9606
747762,1,1,9606
747773,1,1,9606
747815,1,1,9103
747554,1,1,1397
747600,1,1,10090
747707,1,1,9606
398444,1,1,284812
398445,1,1,284812
748085,1,1,9606
748086,1,1,9606
747870,1,1,9606
747874,1,1,9606
747930,1,1,9606
747937,1,1,9606
398454,1,1,284812
398456,1,1,284812
398457,1,1,284812
398459,1,1,284812
398460,1,1,284812
398461,1,1,284812
398462,1,1,284812
398463,1,1,284812
398464,1,1,284812
398465,1,1,284812
398466,1,1,284812
398468,1,1,284812
398469,1,1,284812
398470,1,1,284812
398472,1,1,284812
398473,1,1,284812
398402,1,1,284812
398403,1,1,284812
398404,1,1,284812
398405,1,1,284812
398406,1,1,284812
398407,1,1,284812
398408,1,1,284812
398409,1,1,284812
398433,1,1,284812
398434,1,1,284812
398418,1,1,284812
398419,1,1,284812
398420,1,1,284812
398421,1,1,284812
398422,1,1,284812
398424,1,1,284812
393290,1,1,8730
393303,1,1,7227
398427,1,1,284812
398428,1,1,284812
398429,1,1,284812
398430,1,1,284812
398431,1,1,284812
398432,1,1,284812
396336,1,1,7955
396348,1,1,7955
388636,1,1,8730
389378,1,1,8022
389690,1,1,8400
391253,1,1,45371
391282,1,1,8730
391823,1,1,5811
748004,1,1,246197
748233,1,1,10116
748235,1,1,9606
748210,1,1,9606
395365,1,1,8022
395629,1,1,8736
395924,1,1,214684
395936,1,1,8022
356534,1,1,7955
358325,1,1,3888
362667,1,1,7955
362939,1,1,49338
363126,1,1,7955
363662,1,1,7955
343323,1,1,284813
343406,1,1,64495
748320,1,1,10090
748321,1,1,9606
748323,1,1,10090
748306,1,1,9606
748307,1,1,9606
748308,1,1,9606
748311,1,1,9606
748296,1,1,10090
748258,1,1,9606
748266,1,1,9606
748240,1,1,9606
748242,1,1,9606
748244,1,1,9606
748314,1,1,9606
748318,1,1,9606
748319,1,1,9606
398425,1,1,284812
398426,1,1,284812
398410,1,1,284812
398411,1,1,284812
748206,1,1,9606
748191,1,1,9606
748193,1,1,9606
748278,1,1,9606
748305,1,1,9606
748289,1,1,9606
748291,1,1,9606
748293,1,1,10116
748370,1,1,9606
748357,1,1,9606
748358,1,1,9606
748362,1,1,9606
398226,1,1,478009
398389,1,1,284812
398391,1,1,284812
398392,1,1,284812
398393,1,1,284812
393599,1,1,763407
395335,1,1,120086
748302,1,1,9606
398397,1,1,284812
398398,1,1,284812
398399,1,1,284812
398400,1,1,284812
398401,1,1,284812
397023,1,1,8692
397617,1,1,8022
397656,1,1,5833
343511,1,1,7955
347912,1,1,237631
348646,1,1,237631
352020,1,1,7955
352560,1,1,7955
398394,1,1,284812
398395,1,1,284812
398396,1,1,284812
379725,1,1,47427
386878,1,1,5476
352733,1,1,7955
353557,1,1,7955
748331,1,1,9606
748441,1,1,9606
748454,1,1,9606
748457,1,1,9606
387973,1,1,7955
388303,1,1,7955
363939,1,1,7955
364566,1,1,7955
365445,1,1,40410
366239,1,1,214684
366420,1,1,214684
366570,1,1,214684
322283,1,1,3702
322302,1,1,3702
387059,1,1,7955
387153,1,1,9606
387158,1,1,7955
387194,1,1,120086
387840,1,1,648237
387920,1,1,160492
748363,1,1,10090
748340,1,1,9606
322417,1,1,3702
322430,1,1,3702
322437,1,1,3702
322444,1,1,3702
322457,1,1,3702
322214,1,1,3702
322493,1,1,3702
322500,1,1,3702
322509,1,1,3702
322403,1,1,3702
322407,1,1,3702
748422,1,1,9606
748399,1,1,8355
748406,1,1,9031
337741,1,1,9606
339189,1,1,4837
342307,1,1,284813
342309,1,1,284813
342635,1,1,578461
342913,1,1,578461
322474,1,1,3702
322490,1,1,4577
322111,1,1,3702
321643,1,1,3702
321666,1,1,3702
321668,1,1,3702
321830,1,1,3702
322079,1,1,3702
322613,1,1,3702
329363,1,1,79327
748458,1,1,10090
748430,1,1,9606
748432,1,1,9606
748434,1,1,9606
748418,1,1,9606
322092,1,1,3702
322107,1,1,3702
322109,1,1,3702
322113,1,1,3702
322119,1,1,3702
322130,1,1,3702
322134,1,1,3702
322139,1,1,3702
322145,1,1,3702
322083,1,1,3702
322087,1,1,3702
321397,1,1,3702
322165,1,1,3702
322167,1,1,3702
322168,1,1,3702
322173,1,1,3702
322182,1,1,3702
322186,1,1,3702
322212,1,1,3702
321420,1,1,3702
321431,1,1,3702
321354,1,1,3702
321355,1,1,3702
321366,1,1,4081
321368,1,1,3702
321371,1,1,3702
321392,1,1,3055
748884,1,1,10090
748889,1,1,9940
748795,1,1,10090
748862,1,1,9606
748873,1,1,10116
748562,1,1,60711
321404,1,1,3702
321409,1,1,3702
321568,1,1,3702
321620,1,1,3702
321632,1,1,3702
321635,1,1,3702
321434,1,1,3702
321437,1,1,3055
321445,1,1,3055
321466,1,1,3702
320931,1,1,3702
320933,1,1,3702
320938,1,1,3702
320941,1,1,3702
321552,1,1,3702
321554,1,1,3702
321566,1,1,3702
321567,1,1,3702
320967,1,1,3702
320989,1,1,39947
320995,1,1,3702
321001,1,1,3702
320881,1,1,3702
320897,1,1,3702
320902,1,1,3702
320904,1,1,3702
748503,1,1,9606
748504,1,1,9606
748508,1,1,9606
748520,1,1,9606
748548,1,1,9606
748920,1,1,9606
748903,1,1,10090
320964,1,1,3702
321317,1,1,3702
321107,1,1,3702
321122,1,1,39947
321184,1,1,3702
321193,1,1,3702
321208,1,1,3702
321247,1,1,3055
321252,1,1,3702
320730,1,1,4081
320737,1,1,3702
320744,1,1,3702
321277,1,1,3702
321281,1,1,3702
321288,1,1,3702
321303,1,1,3702
321306,1,1,3702
748971,1,1,7955
748981,1,1,7955
320822,1,1,3702
320832,1,1,3702
320834,1,1,3702
320835,1,1,3702
320724,1,1,3702
320729,1,1,3702
321533,1,1,3702
321550,1,1,3055
748913,1,1,9606
748899,1,1,9606
748983,1,1,9606
748992,1,1,7955
748967,1,1,9606
748968,1,1,9606
749096,1,1,9606
749097,1,1,9606
749098,1,1,10090
749099,1,1,9606
749080,1,1,9606
749091,1,1,9606
320679,1,1,3702
320683,1,1,3702
749018,1,1,9606
749021,1,1,9606
748996,1,1,9606
748999,1,1,9606
749000,1,1,7955
749003,1,1,9606
749006,1,1,9606
749094,1,1,9606
749051,1,1,9606
749025,1,1,9606
749028,1,1,7955
749032,1,1,7955
749037,1,1,9606
749040,1,1,9606
749011,1,1,10090
749015,1,1,9606
321264,1,1,3702
320960,1,1,3702
748954,1,1,9606
748963,1,1,9606
748938,1,1,9606
748943,1,1,10090
749043,1,1,9606
749044,1,1,10090
749063,1,1,8355
749150,1,1,7955
749154,1,1,9606
749134,1,1,7955
749142,1,1,9606
749117,1,1,9606
749120,1,1,9606
320574,1,1,3702
320877,1,1,3702
320879,1,1,3702
320837,1,1,3702
320841,1,1,3702
320842,1,1,3702
320845,1,1,3702
320847,1,1,3702
320750,1,1,3702
320670,1,1,3702
320672,1,1,3702
320850,1,1,3702
320851,1,1,3702
320855,1,1,3702
320865,1,1,3702
320867,1,1,3702
320869,1,1,3702
320686,1,1,3702
320692,1,1,3702
320693,1,1,3702
320633,1,1,3702
320635,1,1,3702
320644,1,1,3702
320663,1,1,3702
320664,1,1,3702
749110,1,1,9606
749111,1,1,9606
749115,1,1,9606
749248,1,1,9606
749250,1,1,10090
749265,1,1,9606
749212,1,1,10116
749227,1,1,8355
320704,1,1,3702
320705,1,1,3702
320707,1,1,3702
320676,1,1,3702
749123,1,1,10090
749129,1,1,9606
749130,1,1,93061
749131,1,1,9606
320708,1,1,3702
320714,1,1,3702
320716,1,1,3702
320717,1,1,3702
320718,1,1,3702
320721,1,1,3702
320694,1,1,3702
320696,1,1,3702
320578,1,1,3702
320581,1,1,3702
320582,1,1,3702
320583,1,1,3702
320542,1,1,3702
320545,1,1,3702
320548,1,1,3702
320560,1,1,3702
749201,1,1,5693
749170,1,1,9606
749182,1,1,7955
749726,1,1,7955
749902,1,1,9606
749968,1,1,10090
750200,1,1,9606
749415,1,1,9606
320626,1,1,3702
320587,1,1,3702
320590,1,1,3702
320591,1,1,3702
320593,1,1,3702
320606,1,1,3702
749196,1,1,7955
749198,1,1,9606
320461,1,1,3702
320465,1,1,3702
320607,1,1,4577
320613,1,1,3702
320617,1,1,3702
320618,1,1,3702
320619,1,1,3702
320625,1,1,3055
749187,1,1,9606
320476,1,1,3702
320478,1,1,3702
320479,1,1,3702
320480,1,1,3702
320446,1,1,3702
320448,1,1,3702
320452,1,1,3702
320468,1,1,3702
320472,1,1,3702
749304,1,1,8355
749313,1,1,7955
749314,1,1,7955
749337,1,1,54571
749271,1,1,9606
749290,1,1,9606
320499,1,1,3702
320506,1,1,3702
320514,1,1,3702
320520,1,1,3702
320481,1,1,3702
320490,1,1,3702
320492,1,1,3702
320496,1,1,3702
320180,1,1,3702
320056,1,1,3702
320057,1,1,3702
320058,1,1,3702
320059,1,1,3702
320060,1,1,3702
320061,1,1,3702
320065,1,1,3702
749446,1,1,9606
749292,1,1,9606
749299,1,1,7955
320086,1,1,3702
320094,1,1,3702
320100,1,1,3702
320121,1,1,3702
320123,1,1,3702
320304,1,1,3702
320325,1,1,3702
320076,1,1,3702
320079,1,1,3702
750252,1,1,10090
750227,1,1,9606
751225,1,1,9606
750996,1,1,9606
320396,1,1,3702
320418,1,1,3702
320421,1,1,3702
320437,1,1,3702
320275,1,1,3702
320287,1,1,3702
320292,1,1,3702
320298,1,1,3702
319943,1,1,3702
319948,1,1,3702
319881,1,1,3702
319885,1,1,3702
319894,1,1,3702
319901,1,1,3702
319906,1,1,3702
319908,1,1,3702
750304,1,1,9606
750319,1,1,9606
750326,1,1,10090
750331,1,1,9606
750283,1,1,9606
750235,1,1,9606
319937,1,1,3702
319940,1,1,3702
750535,1,1,9606
750537,1,1,10090
750341,1,1,9606
750344,1,1,8355
751270,1,1,9606
751279,1,1,10116
751265,1,1,10090
751238,1,1,7955
319970,1,1,3702
319972,1,1,3702
319976,1,1,3702
319977,1,1,3702
319978,1,1,3702
319912,1,1,3702
319927,1,1,3702
750534,1,1,9606
319795,1,1,3702
319799,1,1,3702
320007,1,1,3702
320034,1,1,3702
320038,1,1,3702
320050,1,1,3702
319953,1,1,3702
319963,1,1,3702
751208,1,1,9606
319808,1,1,3702
319813,1,1,39947
319822,1,1,3702
319823,1,1,3702
319826,1,1,3702
319782,1,1,3702
319789,1,1,3702
319846,1,1,3702
319801,1,1,3702
319802,1,1,3702
751251,1,1,10090
751226,1,1,10090
751227,1,1,9606
751229,1,1,7955
751230,1,1,9606
319868,1,1,3702
319871,1,1,3702
319872,1,1,3702
319831,1,1,3702
319833,1,1,3702
319836,1,1,3702
319838,1,1,3702
319844,1,1,3702
319693,1,1,3702
319695,1,1,3702
319696,1,1,3702
319700,1,1,3702
319852,1,1,3702
319861,1,1,3702
319866,1,1,3702
319867,1,1,3702
319709,1,1,3702
319711,1,1,3702
319716,1,1,3702
319719,1,1,3702
319723,1,1,3702
319724,1,1,3702
319686,1,1,3702
319692,1,1,3702
319737,1,1,3702
319741,1,1,3702
319744,1,1,3702
319749,1,1,3702
319752,1,1,3702
319705,1,1,3702
319706,1,1,3702
751294,1,1,9606
319607,1,1,3702
319755,1,1,3702
319756,1,1,3702
319757,1,1,3702
319760,1,1,3702
319762,1,1,3702
319773,1,1,3702
319731,1,1,3702
319628,1,1,3702
319629,1,1,3702
319635,1,1,3702
319648,1,1,3702
319595,1,1,3702
319597,1,1,3702
319598,1,1,3702
319605,1,1,3702
751236,1,1,9606
751237,1,1,7955
751320,1,1,7955
751327,1,1,9606
751299,1,1,10090
751301,1,1,10090
751309,1,1,7955
751289,1,1,9606
319678,1,1,3702
319649,1,1,3702
319650,1,1,3702
319652,1,1,3702
319654,1,1,3702
319658,1,1,3702
319659,1,1,3702
319662,1,1,3702
319495,1,1,3702
319496,1,1,3702
319500,1,1,3702
319507,1,1,3702
319666,1,1,39947
319668,1,1,3702
319669,1,1,3702
319672,1,1,3702
751369,1,1,10090
319515,1,1,3702
319516,1,1,3702
319519,1,1,3702
319521,1,1,3702
319528,1,1,3702
319489,1,1,3702
319491,1,1,3702
751280,1,1,10090
751283,1,1,10090
751288,1,1,9606
751401,1,1,9606
751406,1,1,9606
751391,1,1,7955
751400,1,1,7955
751367,1,1,9606
319565,1,1,3702
319570,1,1,3702
319572,1,1,3702
319574,1,1,3702
319583,1,1,3702
319590,1,1,3702
319535,1,1,3702
319541,1,1,3702
319447,1,1,3702
319413,1,1,3702
319414,1,1,3702
319415,1,1,3702
319416,1,1,3702
319421,1,1,3702
319426,1,1,3702
319427,1,1,3702
752012,1,1,9606
752061,1,1,10116
751849,1,1,9606
751851,1,1,10116
319434,1,1,3702
319435,1,1,3702
319439,1,1,3702
319446,1,1,3702
319663,1,1,3702
319610,1,1,3702
319611,1,1,3702
751371,1,1,9606
751379,1,1,7955
751358,1,1,7955
752231,1,1,9986
752324,1,1,10090
319472,1,1,3702
319486,1,1,3702
319487,1,1,3702
319448,1,1,3702
319457,1,1,3702
319465,1,1,3702
319431,1,1,3702
319432,1,1,3702
319370,1,1,3702
319371,1,1,3702
319373,1,1,39947
319324,1,1,3702
319334,1,1,3702
319342,1,1,3702
319355,1,1,3702
319471,1,1,3702
751879,1,1,9606
751430,1,1,10116
751502,1,1,7955
751717,1,1,9606
751782,1,1,9606
752369,1,1,9606
752362,1,1,9606
319365,1,1,3702
319547,1,1,3702
319559,1,1,3702
319560,1,1,3702
319562,1,1,3702
319563,1,1,3702
319510,1,1,3702
319512,1,1,3702
751869,1,1,9606
319376,1,1,3702
319380,1,1,3702
319382,1,1,3702
319383,1,1,3702
319385,1,1,3702
319387,1,1,3702
319389,1,1,3702
319356,1,1,3702
319235,1,1,3702
319238,1,1,3702
319394,1,1,3702
319398,1,1,3702
319406,1,1,3702
319407,1,1,3702
319408,1,1,3702
319412,1,1,3702
319248,1,1,3702
319259,1,1,3702
319260,1,1,3702
319265,1,1,3702
319267,1,1,3702
319209,1,1,3702
319220,1,1,3702
319221,1,1,3702
752348,1,1,9606
752351,1,1,9606
752353,1,1,10090
752354,1,1,9606
752343,1,1,9606
752419,1,1,9606
752404,1,1,9606
752408,1,1,10090
319053,1,1,39947
319057,1,1,3702
319064,1,1,3702
319065,1,1,3702
319066,1,1,3702
319069,1,1,3702
319019,1,1,3702
319032,1,1,3702
319317,1,1,3702
319271,1,1,3702
319275,1,1,3702
319281,1,1,3702
319282,1,1,3702
319287,1,1,3702
319290,1,1,3702
319240,1,1,3702
319149,1,1,3702
319120,1,1,3702
319125,1,1,39947
319128,1,1,3702
319134,1,1,3702
319140,1,1,3702
319291,1,1,3702
319315,1,1,3702
752387,1,1,9606
752392,1,1,9606
752394,1,1,9606
752450,1,1,9606
752452,1,1,10090
319146,1,1,3702
319147,1,1,3702
319148,1,1,3702
318947,1,1,3702
318948,1,1,3702
319091,1,1,3702
319092,1,1,3702
319095,1,1,3702
319110,1,1,3702
319115,1,1,3702
319116,1,1,3702
752519,1,1,7955
318960,1,1,3702
318963,1,1,3702
318968,1,1,3702
318971,1,1,3702
318936,1,1,3702
318943,1,1,3702
318945,1,1,3702
319203,1,1,3702
319165,1,1,3702
319175,1,1,3702
319183,1,1,3702
319142,1,1,3702
319144,1,1,3702
752533,1,1,9606
752535,1,1,9606
319033,1,1,3702
319036,1,1,3702
319040,1,1,3702
319042,1,1,3702
319190,1,1,3702
319193,1,1,3702
319195,1,1,3702
319200,1,1,3702
319004,1,1,3702
319005,1,1,3702
319007,1,1,3702
319011,1,1,3702
319014,1,1,3702
319016,1,1,3702
318974,1,1,3702
318975,1,1,3702
318019,1,1,3702
317909,1,1,3702
317912,1,1,3702
317915,1,1,3702
317922,1,1,3702
317941,1,1,3702
319000,1,1,3702
319002,1,1,3702
752489,1,1,9606
752584,1,1,7955
752591,1,1,9606
752572,1,1,10090
752575,1,1,9606
317987,1,1,3702
317998,1,1,3702
318006,1,1,39947
319072,1,1,3880
319075,1,1,3702
319084,1,1,3702
319088,1,1,3702
319090,1,1,3702
319044,1,1,3702
319051,1,1,3702
752512,1,1,9606
318468,1,1,3702
318910,1,1,3702
318914,1,1,3702
318030,1,1,3702
318063,1,1,3702
318067,1,1,3702
318069,1,1,3702
318093,1,1,3702
317854,1,1,3702
317859,1,1,3702
317862,1,1,3702
317832,1,1,3702
317833,1,1,3702
317847,1,1,3702
318242,1,1,3702
318296,1,1,3702
752540,1,1,10090
752542,1,1,9606
752549,1,1,9606
752622,1,1,9606
752629,1,1,9606
752612,1,1,10090
752615,1,1,9606
752603,1,1,9606
318976,1,1,3702
318983,1,1,3702
318985,1,1,156889
318991,1,1,3702
318952,1,1,3702
318957,1,1,3702
752553,1,1,7955
752561,1,1,9606
317874,1,1,3702
317877,1,1,3702
317879,1,1,3702
317885,1,1,3702
317886,1,1,3702
317853,1,1,3702
752648,1,1,9606
752771,1,1,9606
317508,1,1,3702
317728,1,1,3702
317740,1,1,3702
317742,1,1,3702
317891,1,1,3702
317900,1,1,3702
317902,1,1,3702
317903,1,1,3702
752598,1,1,9606
752675,1,1,9606
752656,1,1,7955
317756,1,1,3702
317757,1,1,3702
317760,1,1,3702
317762,1,1,3702
317773,1,1,3702
318108,1,1,3702
318228,1,1,3702
317943,1,1,3702
317964,1,1,3702
752604,1,1,9606
752605,1,1,9606
752607,1,1,9606
752595,1,1,9606
317791,1,1,3702
317793,1,1,3702
317798,1,1,3702
317754,1,1,3702
752714,1,1,9606
752721,1,1,9606
752732,1,1,9606
752685,1,1,9606
317808,1,1,3702
317816,1,1,3702
317818,1,1,3702
317819,1,1,3702
317820,1,1,3702
317830,1,1,3702
317780,1,1,3702
317786,1,1,3702
317136,1,1,3702
317150,1,1,3702
317163,1,1,3702
317058,1,1,3702
317068,1,1,3702
317072,1,1,3702
317073,1,1,3702
317077,1,1,3702
752777,1,1,7955
752792,1,1,9606
752756,1,1,10090
752768,1,1,9606
752709,1,1,9606
317098,1,1,3702
317124,1,1,3702
317129,1,1,3702
317250,1,1,3702
317283,1,1,3702
317329,1,1,3702
317085,1,1,3702
317092,1,1,3702
752858,1,1,10090
752861,1,1,10090
752821,1,1,9606
317361,1,1,3702
317385,1,1,3702
317398,1,1,3702
317411,1,1,3702
317502,1,1,3702
317166,1,1,3702
317211,1,1,3702
317229,1,1,3702
316948,1,1,3702
316964,1,1,3702
316965,1,1,3702
316825,1,1,3702
316831,1,1,3702
316851,1,1,3702
316859,1,1,3702
317333,1,1,3702
752686,1,1,9606
752949,1,1,9606
752976,1,1,9913
753001,1,1,9606
752889,1,1,9606
316899,1,1,3702
316908,1,1,3702
316941,1,1,3702
316896,1,1,3702
753065,1,1,9606
753067,1,1,7955
753034,1,1,9823
753039,1,1,7955
753936,1,1,10090
753937,1,1,9606
753939,1,1,9606
317044,1,1,3702
317055,1,1,3702
316972,1,1,3702
316983,1,1,3702
316984,1,1,3702
316989,1,1,3702
317007,1,1,3702
317009,1,1,3702
316161,1,1,3702
315979,1,1,3702
315980,1,1,3702
316012,1,1,3702
317016,1,1,3702
317017,1,1,3702
317024,1,1,3702
317038,1,1,3702
753138,1,1,7955
753140,1,1,7955
753155,1,1,7955
753171,1,1,9606
316036,1,1,3702
316054,1,1,3702
316111,1,1,3702
316155,1,1,3702
316454,1,1,39947
316455,1,1,3702
316579,1,1,3702
316028,1,1,3702
753917,1,1,9606
753552,1,1,9606
753988,1,1,9606
753994,1,1,10090
316794,1,1,3702
316803,1,1,3702
316808,1,1,3702
316817,1,1,3702
316820,1,1,3702
316223,1,1,3702
316236,1,1,3702
316433,1,1,3702
315753,1,1,3702
315757,1,1,3702
315773,1,1,3702
315776,1,1,3702
315777,1,1,3702
315778,1,1,3702
316713,1,1,3702
316721,1,1,3702
753940,1,1,9606
753924,1,1,9606
753563,1,1,9606
315801,1,1,3702
315810,1,1,3702
315817,1,1,3702
315818,1,1,3702
315827,1,1,3702
315523,1,1,3702
315457,1,1,3702
315458,1,1,3702
315459,1,1,3702
315460,1,1,3702
315461,1,1,3702
315462,1,1,3702
315475,1,1,3702
315848,1,1,3880
315873,1,1,3702
315876,1,1,3702
315892,1,1,3702
315791,1,1,3702
315488,1,1,3702
315497,1,1,3702
315509,1,1,3702
315644,1,1,3702
315893,1,1,3702
315897,1,1,3702
315917,1,1,3702
315925,1,1,3702
315968,1,1,3702
315828,1,1,3702
315834,1,1,3702
753958,1,1,9606
315658,1,1,3702
315660,1,1,3702
315604,1,1,3702
315608,1,1,3702
315618,1,1,3702
315623,1,1,3702
315627,1,1,39947
315345,1,1,3702
315350,1,1,3702
315358,1,1,3702
315362,1,1,3702
315364,1,1,3702
315567,1,1,3702
315568,1,1,3702
315574,1,1,3702
753967,1,1,10090
754032,1,1,9606
315378,1,1,3702
315381,1,1,3702
315387,1,1,3702
315391,1,1,3702
315330,1,1,3702
315336,1,1,3702
315683,1,1,3702
315691,1,1,37319
315696,1,1,3702
315699,1,1,3702
315704,1,1,3702
315716,1,1,3702
315645,1,1,3702
315646,1,1,3702
315725,1,1,3702
315727,1,1,3702
315733,1,1,3702
315736,1,1,3702
315737,1,1,3702
315740,1,1,3702
315743,1,1,3702
315752,1,1,3702
315187,1,1,3702
315200,1,1,3702
315420,1,1,3702
315428,1,1,3702
315432,1,1,3702
315437,1,1,3702
315455,1,1,3702
315392,1,1,3702
315233,1,1,3702
315235,1,1,3702
315239,1,1,3702
315240,1,1,3702
315242,1,1,3702
315169,1,1,3702
315174,1,1,3702
315181,1,1,3702
315558,1,1,3702
315565,1,1,3702
315477,1,1,3702
315482,1,1,3702
754015,1,1,9606
754086,1,1,9606
754071,1,1,9606
754078,1,1,9606
315578,1,1,3702
315585,1,1,3702
315592,1,1,3702
315593,1,1,3702
315534,1,1,3702
315545,1,1,3702
315548,1,1,3702
315549,1,1,3702
315099,1,1,3702
315100,1,1,3702
315101,1,1,3702
315108,1,1,3702
315116,1,1,3702
315117,1,1,3702
315069,1,1,3702
315070,1,1,3702
754118,1,1,9606
754098,1,1,9606
754107,1,1,7955
754178,1,1,9606
754184,1,1,9606
754169,1,1,9606
754171,1,1,9606
754157,1,1,9606
315371,1,1,3702
754065,1,1,9606
754055,1,1,9606
754135,1,1,9606
754140,1,1,9606
754126,1,1,10090
754132,1,1,9606
754113,1,1,9606
315399,1,1,3702
315410,1,1,3702
315411,1,1,3702
315412,1,1,3702
315413,1,1,3702
315415,1,1,3702
315417,1,1,3702
315365,1,1,3702
314950,1,1,3702
314961,1,1,3702
314963,1,1,3702
314966,1,1,3702
314968,1,1,3702
315146,1,1,3702
315154,1,1,3702
315156,1,1,3702
315271,1,1,3702
315272,1,1,3702
315227,1,1,3702
315230,1,1,3702
314986,1,1,3702
314988,1,1,3702
314989,1,1,3702
314990,1,1,3702
315305,1,1,3702
315316,1,1,3702
315243,1,1,3702
315249,1,1,3702
315251,1,1,3702
315264,1,1,3702
315265,1,1,3702
315268,1,1,3702
315072,1,1,3702
315081,1,1,3702
315085,1,1,3702
315088,1,1,3702
315091,1,1,3702
315276,1,1,3702
315289,1,1,3702
315303,1,1,3702
314839,1,1,3702
314843,1,1,3702
314846,1,1,3702
314852,1,1,3702
315039,1,1,3702
315045,1,1,3702
315046,1,1,3702
315055,1,1,3702
754199,1,1,9606
314860,1,1,3702
314862,1,1,3702
314864,1,1,3702
314871,1,1,3702
314834,1,1,3702
314835,1,1,39947
314836,1,1,3702
315092,1,1,3702
315095,1,1,3702
754158,1,1,9606
754148,1,1,9606
754232,1,1,9606
754216,1,1,9606
754217,1,1,10090
754220,1,1,7955
315157,1,1,3702
315159,1,1,3702
315163,1,1,3702
315167,1,1,3702
315118,1,1,3702
315119,1,1,3702
315133,1,1,3702
315141,1,1,3702
314742,1,1,3702
314919,1,1,3880
314936,1,1,3702
314937,1,1,3702
314939,1,1,3702
314942,1,1,3702
314948,1,1,3702
314883,1,1,3702
754392,1,1,9606
314749,1,1,3702
314757,1,1,3702
314759,1,1,3702
314765,1,1,3702
314709,1,1,3702
314725,1,1,3702
314732,1,1,3702
315028,1,1,3702
314972,1,1,3702
314976,1,1,3702
754214,1,1,9606
754191,1,1,9606
754349,1,1,9606
754362,1,1,7955
754376,1,1,10090
315064,1,1,3702
315066,1,1,3702
315000,1,1,3702
315010,1,1,3702
315011,1,1,3702
315013,1,1,3702
315019,1,1,3702
315020,1,1,3702
314824,1,1,3702
314827,1,1,3702
314766,1,1,3702
314767,1,1,3702
314768,1,1,3702
314792,1,1,3702
314798,1,1,3702
314744,1,1,3702
314641,1,1,3702
314570,1,1,3702
314575,1,1,3702
314581,1,1,3702
314804,1,1,3702
314808,1,1,3702
314815,1,1,3702
314821,1,1,3702
754513,1,1,9606
754516,1,1,9606
754489,1,1,7955
754497,1,1,10090
314610,1,1,3702
314617,1,1,3702
314619,1,1,3702
314621,1,1,3702
314885,1,1,3702
314889,1,1,3702
314895,1,1,3702
314913,1,1,3702
314914,1,1,3702
314853,1,1,3702
314859,1,1,3702
754291,1,1,9606
314500,1,1,3702
314674,1,1,3702
314682,1,1,3702
314685,1,1,3702
314700,1,1,3702
314701,1,1,3702
314706,1,1,3702
314643,1,1,3702
314516,1,1,3702
314520,1,1,3702
314524,1,1,3702
314461,1,1,3702
314474,1,1,3702
314482,1,1,3702
314486,1,1,3702
314489,1,1,3702
755093,1,1,10090
754584,1,1,9606
754586,1,1,7955
754597,1,1,7955
754606,1,1,7955
754609,1,1,7955
754544,1,1,7955
314510,1,1,3702
754465,1,1,9606
754472,1,1,9606
754477,1,1,10090
754402,1,1,9606
754413,1,1,9606
754428,1,1,9606
754706,1,1,9606
755032,1,1,10090
314548,1,1,3702
314551,1,1,3702
314553,1,1,3702
314555,1,1,3702
314558,1,1,4577
314560,1,1,3702
314526,1,1,3702
314527,1,1,3702
314398,1,1,3702
314403,1,1,3702
314370,1,1,3702
314372,1,1,3702
314373,1,1,3702
314375,1,1,3702
314382,1,1,3702
314546,1,1,3702
754528,1,1,9606
754529,1,1,7955
754535,1,1,10090
754537,1,1,7955
755409,1,1,9606
755420,1,1,9606
755388,1,1,7955
314392,1,1,3702
314645,1,1,3702
314646,1,1,3702
314656,1,1,3702
314672,1,1,3702
314601,1,1,3702
314602,1,1,3702
754574,1,1,7955
754576,1,1,7955
314410,1,1,3702
314411,1,1,3702
314421,1,1,3702
314423,1,1,3702
314391,1,1,3702
755461,1,1,9606
755429,1,1,9606
755584,1,1,9606
314294,1,1,3702
314433,1,1,3702
314441,1,1,3702
314444,1,1,3702
314451,1,1,3702
314404,1,1,3702
314408,1,1,3702
314409,1,1,3197
755473,1,1,9606
755477,1,1,9606
755479,1,1,9606
314308,1,1,3702
314312,1,1,3702
314322,1,1,3702
314283,1,1,3702
314293,1,1,3702
314532,1,1,3702
314534,1,1,3702
314545,1,1,3702
314503,1,1,3702
314506,1,1,3702
755187,1,1,9606
755490,1,1,7955
755495,1,1,7955
314075,1,1,3702
314081,1,1,3702
314082,1,1,3702
314239,1,1,3702
314246,1,1,3702
314273,1,1,3702
314274,1,1,3702
314227,1,1,3702
314328,1,1,3702
314329,1,1,3702
314340,1,1,3702
314348,1,1,3702
314306,1,1,3702
314099,1,1,3702
314106,1,1,3702
314069,1,1,3702
314197,1,1,3702
314200,1,1,3702
314352,1,1,3702
314357,1,1,3702
314361,1,1,3702
314362,1,1,3702
314363,1,1,3702
314324,1,1,3702
755591,1,1,9606
755596,1,1,9606
755573,1,1,9606
314220,1,1,3702
314225,1,1,3702
314179,1,1,3702
314180,1,1,3702
314192,1,1,3702
314169,1,1,3702
314178,1,1,3702
314109,1,1,3702
314111,1,1,3702
314112,1,1,3702
314126,1,1,3702
314135,1,1,3702
314092,1,1,3702
313963,1,1,3702
313965,1,1,3702
313966,1,1,3702
313969,1,1,3702
314144,1,1,39947
314152,1,1,3702
314153,1,1,3702
314161,1,1,3702
755643,1,1,9606
755667,1,1,9606
313977,1,1,3702
313979,1,1,3702
313982,1,1,3702
313986,1,1,3702
313958,1,1,3702
313959,1,1,3702
314229,1,1,3702
314233,1,1,39947
314234,1,1,3702
314238,1,1,3702
755552,1,1,9606
755505,1,1,9606
755674,1,1,9606
755639,1,1,7955
314013,1,1,3702
314015,1,1,3702
314016,1,1,3702
313970,1,1,3702
313972,1,1,3702
756024,1,1,9606
756029,1,1,9606
755709,1,1,9606
314032,1,1,3702
314034,1,1,3702
314036,1,1,3702
314044,1,1,3702
314052,1,1,3702
314055,1,1,3702
313998,1,1,3702
314012,1,1,3702
313460,1,1,3702
313463,1,1,3702
313514,1,1,3702
313309,1,1,3702
313317,1,1,3702
313349,1,1,3702
313380,1,1,3702
313383,1,1,3702
755636,1,1,7955
755617,1,1,9606
755620,1,1,9606
756037,1,1,9606
755929,1,1,10090
313435,1,1,3702
313446,1,1,3702
313454,1,1,3702
313923,1,1,3702
313927,1,1,3702
313928,1,1,3702
313930,1,1,3702
313415,1,1,3702
313417,1,1,3702
756083,1,1,10090
756075,1,1,10090
313934,1,1,3702
313938,1,1,3702
313941,1,1,3702
313949,1,1,39947
313951,1,1,3702
313955,1,1,59895
313617,1,1,3702
313918,1,1,3702
312871,1,1,3702
312684,1,1,3702
312700,1,1,3702
312717,1,1,3702
312746,1,1,3702
312749,1,1,3702
312775,1,1,3702
312812,1,1,3702
755928,1,1,7955
756111,1,1,9606
756119,1,1,9606
756103,1,1,9606
312836,1,1,3702
312841,1,1,3702
312862,1,1,3702
312865,1,1,3702
312829,1,1,3702
756153,1,1,10090
756260,1,1,9606
756262,1,1,10116
756264,1,1,9606
756265,1,1,10090
311255,1,1,3702
311289,1,1,3702
313054,1,1,3702
313098,1,1,3702
312877,1,1,3702
312880,1,1,3702
312924,1,1,3702
312946,1,1,3702
312968,1,1,3702
312817,1,1,3702
311835,1,1,3702
311946,1,1,3880
311951,1,1,3702
313008,1,1,3702
313029,1,1,3702
313030,1,1,3702
313033,1,1,3702
313051,1,1,3702
756190,1,1,9606
312017,1,1,3702
312030,1,1,3702
312055,1,1,3702
312187,1,1,39947
311633,1,1,3702
311646,1,1,3702
311650,1,1,3702
310901,1,1,3702
310909,1,1,39947
310914,1,1,3702
310915,1,1,3702
311361,1,1,3702
311418,1,1,3702
311434,1,1,3702
311435,1,1,3702
312579,1,1,3702
312581,1,1,3702
311966,1,1,3702
310920,1,1,3702
310922,1,1,3702
310941,1,1,3702
310869,1,1,3702
310898,1,1,3702
312614,1,1,3702
312616,1,1,3702
312618,1,1,3702
312625,1,1,39947
312436,1,1,3702
312531,1,1,3702
312541,1,1,3702
312578,1,1,3702
311055,1,1,3702
311121,1,1,3702
311132,1,1,3702
311189,1,1,3702
311192,1,1,3702
312598,1,1,3702
312599,1,1,3702
312606,1,1,3702
311001,1,1,3702
311003,1,1,3702
311018,1,1,3702
311023,1,1,3702
311036,1,1,3702
311049,1,1,3702
310953,1,1,3702
310955,1,1,3702
310748,1,1,3702
310751,1,1,3702
310663,1,1,3702
310685,1,1,3702
310696,1,1,3702
310701,1,1,3702
310991,1,1,3702
310993,1,1,3702
756250,1,1,9606
756212,1,1,9606
756318,1,1,9606
756298,1,1,7955
756300,1,1,9606
756302,1,1,9606
756291,1,1,9606
310747,1,1,3702
311538,1,1,3702
311549,1,1,3702
311338,1,1,3702
311351,1,1,3702
311359,1,1,3702
311212,1,1,3702
311239,1,1,3702
756246,1,1,9606
310103,1,1,3702
310801,1,1,3702
310829,1,1,3702
310838,1,1,3702
310845,1,1,3702
310847,1,1,3702
310863,1,1,3702
310866,1,1,3702
310166,1,1,3702
310169,1,1,3702
310549,1,1,3702
309721,1,1,3702
309760,1,1,3702
309816,1,1,3702
309850,1,1,3702
309878,1,1,3702
756276,1,1,9606
756353,1,1,9606
756355,1,1,10090
756358,1,1,7955
756343,1,1,9606
756347,1,1,9606
756335,1,1,9606
310157,1,1,3702
310958,1,1,3702
310966,1,1,3702
310976,1,1,3702
310980,1,1,3702
310984,1,1,3702
310918,1,1,3702
310919,1,1,3702
756295,1,1,9606
756577,1,1,9606
756523,1,1,7955
756527,1,1,10090
756528,1,1,9606
756497,1,1,246197
308783,1,1,3702
308805,1,1,39947
308821,1,1,3702
756364,1,1,9606
756368,1,1,9606
756369,1,1,9606
756548,1,1,34028
756555,1,1,7955
756558,1,1,9606
756562,1,1,10090
756573,1,1,10090
756339,1,1,9606
756331,1,1,9606
756436,1,1,7955
756445,1,1,7955
756383,1,1,8128
756388,1,1,10090
756395,1,1,10116
756363,1,1,9606
310762,1,1,3702
310767,1,1,3702
310771,1,1,3702
310775,1,1,3702
310783,1,1,3702
310732,1,1,3702
310734,1,1,3702
756338,1,1,9606
757153,1,1,9606
757163,1,1,9606
757168,1,1,9606
756969,1,1,7955
308023,1,1,3702
308045,1,1,3702
308051,1,1,3702
308079,1,1,3702
310576,1,1,3702
310580,1,1,3702
310599,1,1,3702
310129,1,1,3702
310152,1,1,3702
756465,1,1,7955
756479,1,1,9606
757151,1,1,10090
310619,1,1,3702
310629,1,1,3702
310637,1,1,3702
310642,1,1,3702
310643,1,1,3702
310644,1,1,3702
310562,1,1,3702
310569,1,1,3702
308846,1,1,39946
308857,1,1,3702
308710,1,1,3702
308713,1,1,3702
308729,1,1,3702
308752,1,1,3702
308764,1,1,3702
310609,1,1,3702
307778,1,1,3702
307784,1,1,3311
308421,1,1,3702
308465,1,1,3702
308512,1,1,3702
308541,1,1,3702
308551,1,1,3702
308596,1,1,3702
308917,1,1,3702
308918,1,1,3702
308776,1,1,3702
308780,1,1,3702
307838,1,1,3702
307842,1,1,3702
307851,1,1,3702
307777,1,1,3702
309180,1,1,39947
309259,1,1,3702
309324,1,1,39947
309532,1,1,3702
309582,1,1,3702
308872,1,1,3702
308884,1,1,4536
308902,1,1,3702
308100,1,1,3702
308111,1,1,3702
307928,1,1,3702
307936,1,1,3702
307937,1,1,3702
307963,1,1,3702
308929,1,1,3702
309028,1,1,3702
305274,1,1,3702
305296,1,1,3702
305794,1,1,3702
305851,1,1,3702
307896,1,1,3702
307899,1,1,3702
307902,1,1,3702
307911,1,1,3702
307167,1,1,39947
307360,1,1,3702
307723,1,1,3702
307725,1,1,3702
304436,1,1,39947
304456,1,1,3702
304467,1,1,3330
304798,1,1,3702
756581,1,1,7955
756588,1,1,7955
756591,1,1,9606
756761,1,1,10090
758213,1,1,9606
758220,1,1,9606
757559,1,1,246197
306952,1,1,3702
308597,1,1,4536
308708,1,1,3702
308116,1,1,3702
308165,1,1,3702
308184,1,1,3702
308280,1,1,3702
308009,1,1,3702
756877,1,1,10090
300756,1,1,3702
300788,1,1,3702
300789,1,1,3702
307759,1,1,3702
307762,1,1,3702
307770,1,1,3702
307730,1,1,3702
307732,1,1,3702
300819,1,1,3702
300867,1,1,3702
300875,1,1,3702
300930,1,1,3702
300660,1,1,3702
300668,1,1,3702
300711,1,1,3880
300753,1,1,3702
757437,1,1,10090
757440,1,1,9606
757467,1,1,10090
757486,1,1,7955
758291,1,1,9606
758271,1,1,10090
758275,1,1,10090
300812,1,1,3702
307917,1,1,3702
307856,1,1,3702
307873,1,1,3702
307880,1,1,3702
307881,1,1,3702
307803,1,1,3702
758036,1,1,10090
757194,1,1,9606
303533,1,1,39947
301415,1,1,3702
301493,1,1,39947
302174,1,1,3702
302554,1,1,3702
302712,1,1,3702
302729,1,1,3702
302764,1,1,3702
299289,1,1,3702
302780,1,1,3702
302818,1,1,3702
302836,1,1,3702
302838,1,1,3702
302876,1,1,3702
302987,1,1,3702
303347,1,1,3702
299327,1,1,3702
299328,1,1,3702
299338,1,1,3702
299264,1,1,3702
299268,1,1,3702
299269,1,1,3702
299282,1,1,3702
299288,1,1,3702
307734,1,1,3702
305852,1,1,3702
305881,1,1,3702
758260,1,1,7955
758734,1,1,7955
758828,1,1,8673
758872,1,1,10090
299315,1,1,3702
299398,1,1,3702
299402,1,1,3702
299411,1,1,3702
299312,1,1,3702
758898,1,1,9606
758882,1,1,9606
759038,1,1,9606
759046,1,1,9606
299528,1,1,3702
299746,1,1,4641
300210,1,1,1590841
299346,1,1,3702
299347,1,1,3702
299371,1,1,3702
299383,1,1,3702
299389,1,1,3702
298293,1,1,3702
297927,1,1,3702
297946,1,1,3702
297951,1,1,3702
297965,1,1,3702
297969,1,1,3702
299434,1,1,3702
299471,1,1,3702
758404,1,1,7955
758515,1,1,9606
758520,1,1,9606
758326,1,1,7955
758972,1,1,9606
758976,1,1,9606
758937,1,1,9606
298032,1,1,3702
758984,1,1,9606
758987,1,1,9606
759171,1,1,9606
759177,1,1,9606
759184,1,1,10090
759128,1,1,10090
759086,1,1,9606
297681,1,1,3702
299197,1,1,3702
299207,1,1,3702
299209,1,1,3702
298014,1,1,3702
759009,1,1,9606
759011,1,1,9606
758978,1,1,9606
758980,1,1,9606
297769,1,1,3702
297775,1,1,3702
299214,1,1,3702
299217,1,1,3702
299225,1,1,3702
299227,1,1,3702
299231,1,1,3702
299241,1,1,3702
759057,1,1,9606
758994,1,1,10090
297808,1,1,3702
297819,1,1,3702
297825,1,1,3702
297754,1,1,3702
297760,1,1,3702
297764,1,1,3702
297781,1,1,3702
297782,1,1,3702
759094,1,1,10090
759070,1,1,9606
759076,1,1,9606
759244,1,1,9606
759246,1,1,9606
759261,1,1,9606
297838,1,1,3702
297842,1,1,3702
297843,1,1,3702
297861,1,1,3702
297862,1,1,3702
297865,1,1,3702
297869,1,1,3702
297873,1,1,3702
297671,1,1,3702
297673,1,1,3880
297888,1,1,3702
297890,1,1,3702
297892,1,1,3702
297900,1,1,3702
297904,1,1,3702
297909,1,1,3702
297685,1,1,3702
297690,1,1,3702
297691,1,1,3702
297693,1,1,3702
297699,1,1,3702
297651,1,1,3702
297666,1,1,3702
297667,1,1,3702
297680,1,1,3702
759222,1,1,9606
759191,1,1,9606
759215,1,1,9606
759539,1,1,9606
759403,1,1,9606
759407,1,1,9606
297469,1,1,3702
297703,1,1,3702
297704,1,1,3702
297705,1,1,3702
297710,1,1,3702
297712,1,1,3702
297714,1,1,3702
297718,1,1,3702
297679,1,1,3702
297572,1,1,3702
297577,1,1,3702
297719,1,1,39947
297724,1,1,3702
297728,1,1,3702
297737,1,1,3702
297744,1,1,3702
297746,1,1,3702
297593,1,1,3702
297602,1,1,3702
297603,1,1,3702
297606,1,1,3702
297557,1,1,3702
297566,1,1,3702
297567,1,1,3702
297569,1,1,3702
297385,1,1,3702
297389,1,1,3702
297310,1,1,3702
297313,1,1,3702
297321,1,1,3702
297329,1,1,3702
297517,1,1,3702
297523,1,1,3702
297624,1,1,3702
297625,1,1,3702
297628,1,1,3702
297634,1,1,3702
297578,1,1,3702
297367,1,1,3702
297375,1,1,3635
297382,1,1,3702
297638,1,1,39947
297641,1,1,3702
297642,1,1,39947
297648,1,1,3702
297650,1,1,3702
297612,1,1,3702
297617,1,1,3702
297623,1,1,3702
297472,1,1,3702
297442,1,1,3702
297443,1,1,39947
297444,1,1,3702
297447,1,1,3702
297450,1,1,3702
297454,1,1,3702
297455,1,1,3702
297229,1,1,3702
297230,1,1,3702
297413,1,1,3702
297417,1,1,3702
297420,1,1,4577
297421,1,1,3702
297436,1,1,3702
297438,1,1,3702
297247,1,1,3702
297251,1,1,3702
297253,1,1,3702
297260,1,1,3702
297218,1,1,3702
297224,1,1,3702
297226,1,1,3702
297227,1,1,3702
759308,1,1,9606
759666,1,1,9606
759667,1,1,9606
759669,1,1,9606
759724,1,1,9606
759655,1,1,9606
759659,1,1,9606
759665,1,1,9606
297529,1,1,3702
297533,1,1,3702
297547,1,1,3702
297498,1,1,3702
297506,1,1,3702
297512,1,1,3702
297515,1,1,3702
297459,1,1,3702
760668,1,1,7955
297152,1,1,3702
297157,1,1,3702
297158,1,1,3702
297161,1,1,3702
296579,1,1,3702
296618,1,1,3702
296755,1,1,3702
760129,1,1,9606
759859,1,1,9606
759930,1,1,9606
759730,1,1,10090
759732,1,1,7955
759738,1,1,9606
761034,1,1,6239
760500,1,1,9606
297365,1,1,3702
759603,1,1,10090
759604,1,1,9606
759637,1,1,9606
760152,1,1,9606
760285,1,1,9606
760300,1,1,9606
760031,1,1,9606
297440,1,1,3702
297392,1,1,3702
297396,1,1,3702
297399,1,1,3702
297404,1,1,3702
297405,1,1,3702
297411,1,1,3702
297362,1,1,3702
761053,1,1,9606
296408,1,1,3702
296409,1,1,3702
296415,1,1,3702
296417,1,1,3702
296428,1,1,3702
296365,1,1,3702
296369,1,1,3702
297281,1,1,3702
297233,1,1,3702
297238,1,1,3702
760465,1,1,9606
760361,1,1,9606
761090,1,1,7955
761093,1,1,6239
761077,1,1,9606
297291,1,1,3702
297298,1,1,3702
297262,1,1,3702
297267,1,1,3702
297270,1,1,3702
297273,1,1,3702
297277,1,1,3702
297280,1,1,3702
296764,1,1,316275
296790,1,1,4558
296827,1,1,39947
297070,1,1,3702
297282,1,1,3702
297283,1,1,39947
297288,1,1,39947
297289,1,1,3702
761049,1,1,10090
761180,1,1,9606
761187,1,1,6239
761193,1,1,9606
761147,1,1,6239
761157,1,1,7227
296282,1,1,3702
296283,1,1,3702
297178,1,1,3702
297186,1,1,3702
297188,1,1,3702
297072,1,1,3702
297151,1,1,3702
761056,1,1,9606
761057,1,1,7227
761062,1,1,9606
297197,1,1,3702
297203,1,1,3702
297207,1,1,3702
297165,1,1,3702
297167,1,1,3702
297170,1,1,3702
297173,1,1,3702
297177,1,1,3702
296382,1,1,3702
296388,1,1,3702
296391,1,1,3702
296392,1,1,3702
296393,1,1,3702
297190,1,1,3702
297195,1,1,3702
297196,1,1,3702
296196,1,1,3702
296198,1,1,3702
296136,1,1,3702
296140,1,1,3702
296150,1,1,3702
296153,1,1,3702
296154,1,1,3702
296156,1,1,3702
296444,1,1,3702
296453,1,1,3702
296460,1,1,3702
296395,1,1,3702
296405,1,1,3702
296165,1,1,3702
296167,1,1,3702
296180,1,1,3702
296262,1,1,3702
296471,1,1,3702
296473,1,1,3702
296475,1,1,3702
296477,1,1,3702
296483,1,1,3702
296485,1,1,3702
296523,1,1,3702
296287,1,1,3702
296294,1,1,3702
296298,1,1,3702
296304,1,1,3702
296244,1,1,3702
296246,1,1,3702
296258,1,1,3702
296261,1,1,3702
296022,1,1,3702
296030,1,1,3702
296033,1,1,3702
296036,1,1,3702
296224,1,1,3702
296225,1,1,3702
296229,1,1,3702
296230,1,1,3702
761124,1,1,7227
761236,1,1,9606
296047,1,1,3702
296052,1,1,3702
296055,1,1,3702
296056,1,1,3702
296065,1,1,39947
296070,1,1,3702
296319,1,1,3702
296332,1,1,3702
296337,1,1,3702
296339,1,1,3702
296340,1,1,3702
296342,1,1,3702
296277,1,1,3702
296279,1,1,3702
296158,1,1,3702
296343,1,1,3702
296344,1,1,3702
296348,1,1,3702
296355,1,1,3702
296358,1,1,3702
296361,1,1,3702
296314,1,1,3702
761414,1,1,9606
761415,1,1,9606
761416,1,1,10090
761387,1,1,7227
294535,1,1,3702
294538,1,1,3702
294548,1,1,3702
294558,1,1,3702
761341,1,1,9606
761306,1,1,10090
761311,1,1,9606
761312,1,1,9606
761316,1,1,9606
761283,1,1,7227
761297,1,1,9606
761301,1,1,9606
296218,1,1,3702
296219,1,1,3702
296160,1,1,3702
761218,1,1,9606
761220,1,1,7955
761213,1,1,9606
761343,1,1,9606
761352,1,1,9606
296232,1,1,3702
296236,1,1,3702
296240,1,1,3702
296241,1,1,3702
296207,1,1,3702
296208,1,1,3702
296209,1,1,3702
296215,1,1,3702
761377,1,1,7227
761489,1,1,9606
761492,1,1,9606
761474,1,1,9606
761448,1,1,9606
294412,1,1,3702
294414,1,1,3702
294420,1,1,3702
296082,1,1,3702
296087,1,1,3702
296094,1,1,3702
296095,1,1,3702
296100,1,1,3702
296103,1,1,3702
761392,1,1,10090
761397,1,1,7227
294528,1,1,3702
296105,1,1,3702
296106,1,1,3702
296111,1,1,3702
296114,1,1,3702
296115,1,1,3702
296126,1,1,3702
296080,1,1,3702
294571,1,1,3702
294573,1,1,3702
294510,1,1,3702
294520,1,1,3702
294522,1,1,3702
294523,1,1,3702
294526,1,1,3702
294527,1,1,3702
761462,1,1,9606
761463,1,1,7227
761434,1,1,9606
761437,1,1,9606
761438,1,1,6239
761615,1,1,10090
761623,1,1,9606
761624,1,1,9606
294673,1,1,3702
294695,1,1,3702
294745,1,1,3702
295022,1,1,3702
295435,1,1,3702
294530,1,1,3702
294531,1,1,3702
761461,1,1,9606
295501,1,1,3702
295722,1,1,3702
295726,1,1,3702
296005,1,1,3702
296007,1,1,3702
296011,1,1,3702
294590,1,1,3702
294657,1,1,3702
294434,1,1,3702
294435,1,1,3702
294377,1,1,3702
294380,1,1,3702
294382,1,1,3880
294386,1,1,3702
294387,1,1,3702
294393,1,1,3702
294474,1,1,3702
294476,1,1,3702
294399,1,1,3702
761500,1,1,7227
761517,1,1,10090
761862,1,1,7227
761863,1,1,9606
761871,1,1,6239
294499,1,1,3702
294502,1,1,3702
294508,1,1,3702
294509,1,1,3702
294448,1,1,3702
294460,1,1,3702
294462,1,1,3702
294470,1,1,3702
294313,1,1,3702
294267,1,1,3702
294274,1,1,3702
294276,1,1,3702
294280,1,1,3702
294284,1,1,3702
294477,1,1,3702
294483,1,1,3702
761626,1,1,10090
761585,1,1,7227
761586,1,1,9606
761530,1,1,6239
294291,1,1,3702
294301,1,1,3702
294305,1,1,3702
294306,1,1,3702
294339,1,1,3702
294340,1,1,3702
294287,1,1,3702
294288,1,1,3702
761653,1,1,9606
762205,1,1,7227
762230,1,1,10090
762095,1,1,9606
294354,1,1,34305
294355,1,1,3702
294362,1,1,3702
294374,1,1,3702
294319,1,1,3702
294320,1,1,3702
294327,1,1,3702
294337,1,1,3702
294153,1,1,3702
294160,1,1,3702
294162,1,1,3702
294173,1,1,3702
294341,1,1,3702
294342,1,1,3702
294344,1,1,3702
294352,1,1,3702
761877,1,1,9606
761884,1,1,9606
761840,1,1,7955
294184,1,1,3702
294201,1,1,3702
294210,1,1,3702
294146,1,1,3702
294150,1,1,3702
761977,1,1,9606
761914,1,1,9606
761915,1,1,10090
761922,1,1,9606
762473,1,1,7955
762477,1,1,7955
762554,1,1,7227
762395,1,1,9606
294215,1,1,3702
294219,1,1,3702
294223,1,1,3702
294228,1,1,3702
294177,1,1,3702
294180,1,1,3702
761968,1,1,7227
761974,1,1,235443
294020,1,1,3702
294036,1,1,3702
294233,1,1,3702
294240,1,1,3702
294248,1,1,3702
294250,1,1,3702
294251,1,1,3702
294252,1,1,3702
761928,1,1,9606
761937,1,1,7227
294048,1,1,3702
294066,1,1,3702
294071,1,1,3702
294074,1,1,3702
294015,1,1,3702
294019,1,1,39947
294092,1,1,3702
294096,1,1,3702
294099,1,1,3702
762282,1,1,9606
762296,1,1,10090
762305,1,1,9606
762344,1,1,9606
762947,1,1,9606
294114,1,1,3702
294125,1,1,3702
294136,1,1,3702
294075,1,1,3702
294079,1,1,3702
294080,1,1,3702
294082,1,1,3702
294086,1,1,3702
293901,1,1,39947
293906,1,1,3702
293910,1,1,3702
294101,1,1,3702
294109,1,1,3702
294110,1,1,3702
294111,1,1,3702
294113,1,1,3702
762402,1,1,7955
762453,1,1,9606
293919,1,1,3702
293924,1,1,3702
293933,1,1,3702
293945,1,1,3702
293888,1,1,3702
293898,1,1,3702
293956,1,1,3702
293960,1,1,3702
293969,1,1,3702
293974,1,1,3635
293978,1,1,3702
293916,1,1,3702
762813,1,1,9606
762822,1,1,9606
293980,1,1,3702
293984,1,1,3702
293995,1,1,3702
294000,1,1,3702
294001,1,1,3702
294002,1,1,3702
294004,1,1,3702
293949,1,1,3702
293837,1,1,3702
293841,1,1,3702
293785,1,1,3702
293791,1,1,3702
293799,1,1,3702
293800,1,1,3702
293813,1,1,3702
293814,1,1,3702
762968,1,1,6239
762986,1,1,9606
762840,1,1,9606
762852,1,1,9606
762805,1,1,6239
293819,1,1,3702
293831,1,1,3702
293834,1,1,3702
293864,1,1,3702
293865,1,1,3702
293867,1,1,3702
293818,1,1,39947
763371,1,1,7227
765228,1,1,7227
765241,1,1,6239
765284,1,1,6239
293872,1,1,3702
293874,1,1,3702
293875,1,1,3702
293880,1,1,3702
293883,1,1,3702
293848,1,1,3702
293855,1,1,3702
293857,1,1,3702
293721,1,1,3702
293724,1,1,3702
293679,1,1,3702
293689,1,1,3702
293692,1,1,3702
293695,1,1,3702
293696,1,1,3702
293869,1,1,3702
762802,1,1,6239
763494,1,1,9606
763529,1,1,9606
763439,1,1,7227
763445,1,1,10090
763217,1,1,6239
293714,1,1,3702
293715,1,1,3702
293750,1,1,3702
293698,1,1,3702
293704,1,1,3702
763897,1,1,9606
763926,1,1,9606
763608,1,1,9606
763654,1,1,6239
763811,1,1,6239
293767,1,1,3702
293775,1,1,3702
293727,1,1,3702
293729,1,1,3702
293734,1,1,3702
293738,1,1,3702
293741,1,1,3702
293748,1,1,3702
293631,1,1,3702
293582,1,1,3702
293586,1,1,3702
293589,1,1,3702
293594,1,1,3702
293755,1,1,3702
293758,1,1,3702
293764,1,1,3702
765436,1,1,10090
764240,1,1,10090
764539,1,1,9606
764857,1,1,9606
765001,1,1,9606
293612,1,1,3702
293617,1,1,3702
293630,1,1,3702
293636,1,1,3702
293643,1,1,3702
293645,1,1,3702
293654,1,1,3702
293657,1,1,3702
293658,1,1,3702
293603,1,1,3702
765539,1,1,9606
293659,1,1,3702
293662,1,1,3702
293663,1,1,3702
293666,1,1,3702
293669,1,1,3702
293671,1,1,3702
293672,1,1,3702
293634,1,1,3702
293520,1,1,3702
293526,1,1,3702
293481,1,1,3702
293487,1,1,3702
293492,1,1,3702
293493,1,1,3702
293501,1,1,3702
293505,1,1,3702
763822,1,1,6239
765784,1,1,9606
765832,1,1,3726
765651,1,1,10090
765703,1,1,10090
765508,1,1,9606
293512,1,1,3702
293518,1,1,3702
293579,1,1,3702
293532,1,1,3702
293533,1,1,3847
293536,1,1,39947
293539,1,1,3702
293542,1,1,3702
293545,1,1,3702
293549,1,1,3702
293409,1,1,3702
293550,1,1,3702
293552,1,1,3702
293559,1,1,3702
293564,1,1,3702
293574,1,1,3702
293576,1,1,3702
293578,1,1,3702
766288,1,1,7668
293427,1,1,3702
293435,1,1,3635
293383,1,1,3702
293388,1,1,3702
293403,1,1,3702
293407,1,1,3702
293408,1,1,3702
765475,1,1,9606
765496,1,1,9606
767267,1,1,9606
767271,1,1,9606
767632,1,1,9606
766993,1,1,7955
767033,1,1,7227
766282,1,1,9606
768592,1,1,9606
770647,1,1,7227
770654,1,1,10090
770454,1,1,9606
770456,1,1,9606
770515,1,1,9031
770291,1,1,10090
293331,1,1,3702
768973,1,1,10090
769044,1,1,6239
769249,1,1,6239
767872,1,1,7955
768195,1,1,9606
768256,1,1,9606
768362,1,1,6239
768416,1,1,9606
770192,1,1,7227
769434,1,1,9606
769484,1,1,9606
769988,1,1,10090
770022,1,1,7227
770062,1,1,7227
768780,1,1,6239
768915,1,1,7227
293507,1,1,3702
293510,1,1,3702
766514,1,1,550537
766517,1,1,10090
766587,1,1,7955
766916,1,1,7227
765860,1,1,9606
766120,1,1,9606
770314,1,1,6239
770329,1,1,9606
770229,1,1,9606
770231,1,1,7227
770262,1,1,9606
771788,1,1,9606
772038,1,1,7955
772092,1,1,7227
293439,1,1,3702
293441,1,1,3702
293442,1,1,3702
293443,1,1,3702
293444,1,1,3702
293447,1,1,3702
293411,1,1,39947
293415,1,1,3702
293454,1,1,3702
293455,1,1,3702
293462,1,1,3702
293465,1,1,3702
293467,1,1,3702
293469,1,1,3702
293472,1,1,3702
293480,1,1,3702
293338,1,1,3702
293339,1,1,3702
293297,1,1,3702
293299,1,1,3702
293301,1,1,3702
293302,1,1,3702
293309,1,1,3702
293311,1,1,3702
293377,1,1,3702
293341,1,1,3702
293346,1,1,3702
293347,1,1,3702
293349,1,1,3702
293350,1,1,3702
293352,1,1,3702
293354,1,1,3702
293181,1,1,3702
293189,1,1,3702
293200,1,1,3702
293358,1,1,34305
293359,1,1,3702
293364,1,1,3702
293375,1,1,3702
293376,1,1,3702
771778,1,1,6239
771099,1,1,10090
293205,1,1,3702
293213,1,1,3702
293218,1,1,3702
293219,1,1,3702
293220,1,1,39947
293177,1,1,3702
772116,1,1,6239
772155,1,1,6239
772161,1,1,6239
772288,1,1,7955
771460,1,1,6239
771632,1,1,6239
771636,1,1,6239
771673,1,1,6239
293085,1,1,3702
293086,1,1,3702
293089,1,1,3702
293096,1,1,3702
293253,1,1,3702
293257,1,1,3702
293269,1,1,3702
293277,1,1,3702
293104,1,1,3702
293106,1,1,3702
293109,1,1,3702
293113,1,1,3702
293117,1,1,3702
293076,1,1,3702
293082,1,1,3702
293083,1,1,3702
771011,1,1,6239
771028,1,1,7955
771035,1,1,7955
771039,1,1,9606
772980,1,1,10090
772982,1,1,9606
772823,1,1,9606
772846,1,1,7227
293317,1,1,3702
293319,1,1,3702
771109,1,1,9606
771164,1,1,6239
771370,1,1,6239
771373,1,1,6239
770856,1,1,7955
770906,1,1,7227
293169,1,1,3702
293173,1,1,39947
293123,1,1,3702
293124,1,1,3702
293126,1,1,3702
293137,1,1,3702
293150,1,1,3702
293097,1,1,3702
292961,1,1,39947
292964,1,1,3702
292966,1,1,3702
292984,1,1,3702
292985,1,1,3702
293160,1,1,3702
293162,1,1,3702
293164,1,1,3702
774358,1,1,9606
774359,1,1,10090
774363,1,1,7955
774199,1,1,7955
293004,1,1,3702
293011,1,1,3702
293013,1,1,3702
293022,1,1,3702
293279,1,1,3702
293288,1,1,3702
293224,1,1,3702
293230,1,1,3702
293252,1,1,3702
293203,1,1,39947
772746,1,1,9606
772755,1,1,9606
293064,1,1,51351
293024,1,1,3702
293029,1,1,3702
293032,1,1,3702
293036,1,1,3702
293038,1,1,3702
293046,1,1,3702
292990,1,1,3702
292884,1,1,3702
292888,1,1,3702
292889,1,1,3702
292890,1,1,3702
292896,1,1,3702
293053,1,1,3702
293059,1,1,3702
293063,1,1,3702
775581,1,1,9606
775863,1,1,9606
776074,1,1,9606
775344,1,1,9606
775379,1,1,9606
292917,1,1,3702
292921,1,1,3702
292881,1,1,3702
293100,1,1,3702
773713,1,1,7227
773086,1,1,9606
773119,1,1,7227
776077,1,1,9606
776139,1,1,9606
776690,1,1,7091
777310,1,1,7955
292956,1,1,3702
292959,1,1,3702
292928,1,1,3702
292931,1,1,3702
292932,1,1,3702
292933,1,1,3702
292934,1,1,3702
292935,1,1,3702
292773,1,1,3702
292778,1,1,3702
292783,1,1,3702
292789,1,1,3702
292800,1,1,3702
292948,1,1,3702
292950,1,1,3702
292951,1,1,3702
777893,1,1,10090
777876,1,1,9606
777879,1,1,7227
292810,1,1,3702
292811,1,1,3702
292812,1,1,3702
292813,1,1,3702
292815,1,1,3702
775420,1,1,9606
775566,1,1,9606
775567,1,1,9606
775088,1,1,10090
775090,1,1,9606
775210,1,1,7227
777890,1,1,9606
777892,1,1,9606
292861,1,1,3702
292864,1,1,3702
292875,1,1,3702
292880,1,1,3702
292817,1,1,3702
292819,1,1,3702
292823,1,1,39947
292843,1,1,3702
292735,1,1,3702
292698,1,1,3702
292703,1,1,3702
292707,1,1,3702
292708,1,1,3702
292710,1,1,3702
292855,1,1,3702
292857,1,1,3702
777955,1,1,6239
777966,1,1,9606
777967,1,1,9606
777937,1,1,7227
777946,1,1,7227
777949,1,1,9606
292726,1,1,3702
292731,1,1,3702
292944,1,1,3702
292902,1,1,3702
777856,1,1,9606
777862,1,1,9606
777618,1,1,7227
777654,1,1,7227
777774,1,1,7227
777808,1,1,9606
292769,1,1,3702
292772,1,1,3702
292741,1,1,3702
292746,1,1,3702
292747,1,1,3702
292748,1,1,3702
292751,1,1,3702
292753,1,1,3702
292587,1,1,3702
292588,1,1,3702
292756,1,1,3702
292757,1,1,3702
292758,1,1,3702
292761,1,1,3702
292762,1,1,3702
292763,1,1,3702
292597,1,1,3702
292606,1,1,3702
292609,1,1,3702
292617,1,1,3702
292558,1,1,3702
292564,1,1,3702
292577,1,1,3702
292584,1,1,3702
292809,1,1,3702
777923,1,1,9606
777908,1,1,9606
777912,1,1,9606
778027,1,1,9606
778033,1,1,6239
778017,1,1,7227
777986,1,1,9606
292631,1,1,3702
292635,1,1,3702
292638,1,1,3702
292639,1,1,3702
292640,1,1,3702
292653,1,1,3702
292593,1,1,3702
778070,1,1,9606
292668,1,1,3702
292672,1,1,3702
292679,1,1,3702
292680,1,1,3702
292683,1,1,3702
292685,1,1,3702
292686,1,1,3702
292630,1,1,3702
292507,1,1,3702
292508,1,1,3702
292515,1,1,3702
292516,1,1,3702
292472,1,1,39947
292477,1,1,3702
292479,1,1,3702
292485,1,1,3702
292754,1,1,3702
292713,1,1,3702
292725,1,1,3702
777970,1,1,9606
777975,1,1,6239
778107,1,1,9606
778118,1,1,6239
292503,1,1,3702
292536,1,1,3702
292486,1,1,3702
292493,1,1,3702
778146,1,1,9606
778126,1,1,10090
778129,1,1,8355
778293,1,1,7227
292267,1,1,3702
292537,1,1,3702
292547,1,1,3702
292548,1,1,3702
292549,1,1,3702
292555,1,1,3702
292524,1,1,3702
292531,1,1,3702
292535,1,1,3702
292384,1,1,3702
292338,1,1,3702
292349,1,1,3702
292352,1,1,3702
292353,1,1,3702
292356,1,1,3702
292364,1,1,3702
292365,1,1,29729
778079,1,1,7227
778084,1,1,9606
778180,1,1,9606
778187,1,1,9606
778158,1,1,9606
778134,1,1,9606
292376,1,1,3702
292381,1,1,3702
778212,1,1,9606
778461,1,1,9606
778463,1,1,6239
778474,1,1,9606
778483,1,1,9606
778383,1,1,272844
778397,1,1,9606
778350,1,1,9606
292401,1,1,3702
292402,1,1,3702
292404,1,1,3702
292407,1,1,3702
292417,1,1,3702
778227,1,1,9606
778201,1,1,9606
778210,1,1,9606
292432,1,1,3702
292433,1,1,3702
292435,1,1,3702
292437,1,1,3702
292438,1,1,3702
292451,1,1,3702
292396,1,1,3702
292400,1,1,3702
292269,1,1,3702
292278,1,1,3702
292284,1,1,3702
292239,1,1,3702
292255,1,1,3702
292258,1,1,3702
292261,1,1,3702
292264,1,1,3702
778357,1,1,9606
778360,1,1,9606
778362,1,1,9606
778371,1,1,9606
778316,1,1,104623
778567,1,1,9606
778543,1,1,9606
292072,1,1,3702
292337,1,1,3702
292287,1,1,3702
292288,1,1,3702
292305,1,1,3702
292311,1,1,3702
292313,1,1,3702
292265,1,1,3702
292266,1,1,3702
292157,1,1,3702
292158,1,1,3702
292315,1,1,3702
292316,1,1,3702
292320,1,1,3702
292321,1,1,3702
292331,1,1,3702
292332,1,1,3702
292175,1,1,3702
292177,1,1,3702
292179,1,1,3702
292183,1,1,3702
292135,1,1,3702
292143,1,1,3702
292151,1,1,3702
292156,1,1,3702
285676,1,1,3702
286189,1,1,3702
286858,1,1,3702
287143,1,1,3702
287156,1,1,3702
287222,1,1,3702
292114,1,1,3702
292116,1,1,3702
292200,1,1,3702
292204,1,1,3702
292209,1,1,3702
287393,1,1,3702
287395,1,1,3702
287510,1,1,3702
287835,1,1,3702
287940,1,1,39947
292223,1,1,3702
292226,1,1,3702
292229,1,1,3702
292230,1,1,3702
292236,1,1,3702
292238,1,1,3702
292194,1,1,3702
292199,1,1,3702
292073,1,1,3702
292077,1,1,3702
292078,1,1,3702
292035,1,1,3702
292038,1,1,3702
292044,1,1,3702
292049,1,1,3702
292064,1,1,3702
779627,1,1,9606
779325,1,1,6239
779352,1,1,7227
778945,1,1,7955
282560,1,1,39947
282568,1,1,3469
282762,1,1,3702
283373,1,1,3702
778684,1,1,7955
778688,1,1,6239
778613,1,1,9606
778575,1,1,9606
778579,1,1,10090
778590,1,1,9606
779435,1,1,9606
779597,1,1,10090
292097,1,1,3702
292067,1,1,3702
778520,1,1,9606
778505,1,1,9606
778722,1,1,6239
778744,1,1,6239
778647,1,1,9606
778649,1,1,10090
292118,1,1,3702
292119,1,1,3702
292131,1,1,3702
292133,1,1,3702
292083,1,1,3702
292087,1,1,4577
292088,1,1,3702
292090,1,1,3702
287391,1,1,3702
779008,1,1,6239
779099,1,1,7227
779184,1,1,7227
779257,1,1,6239
778851,1,1,9606
778888,1,1,79782
778909,1,1,9606
292034,1,1,3702
288299,1,1,39947
289012,1,1,3702
289131,1,1,3702
289978,1,1,3702
290251,1,1,3702
290253,1,1,3702
287390,1,1,3702
282448,1,1,3702
290445,1,1,39947
290525,1,1,3702
290872,1,1,3702
291359,1,1,39947
291839,1,1,3702
291972,1,1,39947
292030,1,1,3702
283401,1,1,3702
281645,1,1,3702
281764,1,1,3702
281886,1,1,3702
282104,1,1,3702
282220,1,1,3702
282366,1,1,3702
282412,1,1,3702
283565,1,1,3702
283568,1,1,3702
284044,1,1,3702
284077,1,1,3702
284280,1,1,3702
284300,1,1,3702
282472,1,1,3702
282554,1,1,3635
284958,1,1,39947
284963,1,1,3702
285236,1,1,39947
285239,1,1,39947
285247,1,1,3702
285331,1,1,3702
285399,1,1,3702
283521,1,1,3702
280735,1,1,3702
280740,1,1,3702
280741,1,1,3702
280745,1,1,3702
280755,1,1,3702
280757,1,1,4097
280758,1,1,3702
280760,1,1,3702
779850,1,1,6239
779823,1,1,9606
779826,1,1,7955
779832,1,1,10090
280791,1,1,3702
280809,1,1,3702
280819,1,1,3469
280880,1,1,3702
281008,1,1,3702
281015,1,1,3702
281033,1,1,3702
281066,1,1,3702
281077,1,1,3702
280780,1,1,3702
280789,1,1,3702
779856,1,1,9606
281095,1,1,3702
281125,1,1,39947
281140,1,1,39946
281141,1,1,3702
281282,1,1,3702
281427,1,1,3702
280899,1,1,39947
280905,1,1,3702
280663,1,1,3702
280669,1,1,3702
280672,1,1,3702
280629,1,1,3702
280636,1,1,3702
280638,1,1,3702
280643,1,1,3702
280648,1,1,3702
779711,1,1,10090
779715,1,1,342108
779722,1,1,7955
779902,1,1,9606
779904,1,1,9606
779893,1,1,1050
779870,1,1,9606
280659,1,1,3702
280730,1,1,3702
280731,1,1,3702
280677,1,1,3702
280679,1,1,3702
280684,1,1,3702
280700,1,1,3702
280701,1,1,3702
280705,1,1,3702
279251,1,1,3702
279254,1,1,3702
280711,1,1,3702
280715,1,1,3702
280719,1,1,3702
280722,1,1,3702
280723,1,1,3702
280727,1,1,3702
279384,1,1,3702
279440,1,1,3702
279475,1,1,3702
279733,1,1,3702
279164,1,1,3702
279219,1,1,3702
279228,1,1,3702
279246,1,1,3880
779864,1,1,7227
779956,1,1,7955
779958,1,1,9606
779962,1,1,6239
779942,1,1,9606
779948,1,1,9606
779952,1,1,9606
279383,1,1,3702
280618,1,1,3702
279735,1,1,3702
279920,1,1,39947
280058,1,1,3702
280087,1,1,3702
280404,1,1,3702
279277,1,1,3702
779970,1,1,7227
278908,1,1,3702
280583,1,1,3702
280592,1,1,3702
280595,1,1,3702
280609,1,1,3702
280611,1,1,3702
280613,1,1,3702
280616,1,1,3702
278986,1,1,3702
278988,1,1,3702
279006,1,1,34305
278873,1,1,3702
278881,1,1,39947
278898,1,1,3702
278899,1,1,3702
278902,1,1,3702
280654,1,1,3702
779934,1,1,9606
779919,1,1,9606
780019,1,1,9606
779992,1,1,9606
278971,1,1,39946
278974,1,1,3702
278978,1,1,3702
279076,1,1,3702
279091,1,1,4577
279107,1,1,3702
278964,1,1,3702
278966,1,1,1223561
780058,1,1,9606
780042,1,1,7227
780044,1,1,9606
278684,1,1,3702
279108,1,1,3702
279111,1,1,59405
279115,1,1,3702
279122,1,1,3702
279139,1,1,3702
279027,1,1,3702
279052,1,1,4513
278696,1,1,3702
278726,1,1,3702
278728,1,1,3702
278659,1,1,3702
278661,1,1,3702
278666,1,1,3702
278676,1,1,3702
278678,1,1,39947
779987,1,1,10090
779988,1,1,7227
779991,1,1,9606
780091,1,1,7955
780103,1,1,6239
780079,1,1,9606
278691,1,1,3702
278692,1,1,3702
278780,1,1,3702
278781,1,1,3702
278794,1,1,3702
278802,1,1,3702
278689,1,1,3702
278690,1,1,3702
780182,1,1,9606
780183,1,1,9606
278827,1,1,3702
278830,1,1,3702
278834,1,1,3702
278838,1,1,3702
278847,1,1,3702
278860,1,1,3702
278867,1,1,3702
278757,1,1,3702
278583,1,1,3702
278587,1,1,3702
278525,1,1,3702
278531,1,1,3702
278533,1,1,15368
278539,1,1,3702
278548,1,1,3702
278550,1,1,3702
780051,1,1,9606
780223,1,1,7227
780194,1,1,9606
780200,1,1,10090
780204,1,1,9606
780161,1,1,9606
278566,1,1,3702
278567,1,1,3702
278604,1,1,3702
278607,1,1,3702
278612,1,1,3702
278613,1,1,3702
278560,1,1,3702
780274,1,1,6239
780235,1,1,9606
780243,1,1,7955
278426,1,1,3702
278635,1,1,3702
278638,1,1,3702
278640,1,1,3702
278644,1,1,3702
278652,1,1,39947
278657,1,1,3702
278590,1,1,3702
780260,1,1,9606
278445,1,1,3702
278462,1,1,3702
278467,1,1,3702
278468,1,1,3702
278420,1,1,3702
278423,1,1,3702
278424,1,1,3702
780108,1,1,10090
780110,1,1,7955
780151,1,1,9606
780308,1,1,10090
780315,1,1,6239
780316,1,1,9606
780276,1,1,9606
780301,1,1,9606
278483,1,1,3702
278492,1,1,3847
278493,1,1,3702
278494,1,1,3702
278436,1,1,3702
278439,1,1,3702
780329,1,1,9606
780332,1,1,10090
278498,1,1,3702
278500,1,1,3702
278501,1,1,3702
278516,1,1,3702
278470,1,1,3702
278476,1,1,3702
278477,1,1,3702
278480,1,1,3702
278361,1,1,3702
278306,1,1,3702
278311,1,1,3702
278338,1,1,3702
278342,1,1,3702
278343,1,1,3702
278496,1,1,3702
278497,1,1,3702
780248,1,1,10090
780250,1,1,8355
780390,1,1,9606
780401,1,1,9606
780368,1,1,9606
780370,1,1,9606
780386,1,1,9606
278359,1,1,3702
278412,1,1,3702
278365,1,1,3702
278379,1,1,3702
278389,1,1,3702
278393,1,1,3702
278395,1,1,3702
278345,1,1,3702
278346,1,1,3702
278227,1,1,3702
278237,1,1,3702
278238,1,1,3702
278240,1,1,3702
278401,1,1,3702
278405,1,1,3702
278406,1,1,3702
278411,1,1,3702
780506,1,1,9606
780432,1,1,9606
278252,1,1,3702
278254,1,1,3702
278256,1,1,3702
278260,1,1,3702
278223,1,1,39947
278225,1,1,39947
780334,1,1,9606
780514,1,1,9606
780590,1,1,9606
780606,1,1,6239
780610,1,1,6239
780615,1,1,6239
780489,1,1,9606
780491,1,1,9606
278048,1,1,3702
278049,1,1,3702
278003,1,1,3702
278005,1,1,3702
278007,1,1,3702
278010,1,1,3702
278011,1,1,3702
278029,1,1,3702
278267,1,1,3702
278271,1,1,3702
278274,1,1,39947
278275,1,1,3702
278277,1,1,3702
278287,1,1,3702
278045,1,1,3702
278047,1,1,3702
278106,1,1,3702
278107,1,1,3702
278130,1,1,3702
278133,1,1,3702
278288,1,1,3702
278291,1,1,3702
278294,1,1,3702
278295,1,1,3702
780437,1,1,9606
780404,1,1,8355
780427,1,1,9606
780740,1,1,9606
780697,1,1,9606
780700,1,1,9606
278142,1,1,3702
278155,1,1,3702
277906,1,1,3702
277907,1,1,3702
277911,1,1,4577
278077,1,1,3702
278082,1,1,3702
278087,1,1,3702
278090,1,1,3702
278092,1,1,3702
277925,1,1,3702
277936,1,1,3702
277937,1,1,3702
277938,1,1,3702
277897,1,1,3702
277899,1,1,3702
277903,1,1,3702
277905,1,1,3702
278194,1,1,3702
278141,1,1,3702
780637,1,1,6239
780673,1,1,7227
780683,1,1,6239
781394,1,1,9606
781099,1,1,6239
781114,1,1,7227
278030,1,1,3702
278208,1,1,3702
278211,1,1,3702
278217,1,1,3702
278161,1,1,3702
278182,1,1,3702
278185,1,1,4097
278193,1,1,3702
277961,1,1,3702
277988,1,1,3702
277992,1,1,3702
277997,1,1,3702
277939,1,1,3702
277943,1,1,3702
277944,1,1,3702
277945,1,1,3702
277861,1,1,39947
277809,1,1,3702
277814,1,1,39947
277817,1,1,3988
277825,1,1,3702
277826,1,1,3702
277836,1,1,3702
277960,1,1,3702
780844,1,1,10090
780925,1,1,9606
781481,1,1,7227
781483,1,1,7227
277846,1,1,3702
277851,1,1,3702
277852,1,1,3702
277859,1,1,3702
278105,1,1,3702
278052,1,1,3702
278056,1,1,3702
278063,1,1,3702
278065,1,1,3702
278076,1,1,3702
781060,1,1,6239
780804,1,1,9606
277873,1,1,3702
277843,1,1,3702
277845,1,1,3702
781500,1,1,9606
781602,1,1,93061
781610,1,1,7227
781589,1,1,9606
277660,1,1,3702
277880,1,1,3702
277881,1,1,3702
277889,1,1,3702
277862,1,1,3702
277863,1,1,3702
277864,1,1,3702
277865,1,1,3702
277866,1,1,3702
277754,1,1,3702
277761,1,1,3702
277767,1,1,3702
277733,1,1,3702
277734,1,1,3702
277735,1,1,3702
277736,1,1,3702
277738,1,1,3702
277948,1,1,3702
277950,1,1,3702
277912,1,1,3702
781438,1,1,10090
781525,1,1,9606
781537,1,1,10090
781506,1,1,9606
277744,1,1,3702
781578,1,1,9606
781579,1,1,7227
781558,1,1,9606
781568,1,1,9606
781793,1,1,6239
781796,1,1,9606
781799,1,1,10090
781749,1,1,9606
277774,1,1,3702
277782,1,1,3702
277783,1,1,3702
277784,1,1,3702
277785,1,1,3702
277739,1,1,3702
277742,1,1,3702
781577,1,1,7227
277652,1,1,3702
277653,1,1,60698
277786,1,1,3702
277787,1,1,3702
277788,1,1,3702
277799,1,1,3702
277802,1,1,3702
277803,1,1,3702
277665,1,1,3702
277666,1,1,3702
277671,1,1,3702
277672,1,1,3702
277641,1,1,3702
277645,1,1,3702
277647,1,1,3702
277649,1,1,3702
277515,1,1,3702
277516,1,1,3702
277518,1,1,3702
277520,1,1,3702
277485,1,1,3702
277487,1,1,3702
277488,1,1,3702
277494,1,1,3702
277727,1,1,3635
277679,1,1,3702
277692,1,1,3702
277693,1,1,3702
277702,1,1,3702
277704,1,1,3702
277658,1,1,3702
277659,1,1,3702
277570,1,1,3702
277572,1,1,3702
277574,1,1,3702
277707,1,1,3702
277714,1,1,3702
277720,1,1,3702
277722,1,1,3702
277723,1,1,3702
781751,1,1,6239
277585,1,1,3702
277593,1,1,3702
277595,1,1,3702
277596,1,1,3702
277563,1,1,3702
277568,1,1,3702
277569,1,1,3702
277422,1,1,3702
277541,1,1,3702
277542,1,1,3702
277551,1,1,3702
277555,1,1,3702
277557,1,1,3702
277562,1,1,3702
277521,1,1,3702
277430,1,1,3702
277434,1,1,4577
277436,1,1,3702
277441,1,1,3702
277405,1,1,3702
277406,1,1,3702
277410,1,1,3702
277419,1,1,3702
277604,1,1,3702
277609,1,1,3702
781747,1,1,9606
781676,1,1,7227
782157,1,1,9606
782368,1,1,10090
782020,1,1,9606
782127,1,1,9606
277505,1,1,3702
277616,1,1,3702
277620,1,1,39947
277623,1,1,4097
277631,1,1,3702
277597,1,1,3702
277599,1,1,3702
277603,1,1,3702
277474,1,1,3702
277480,1,1,3702
277481,1,1,3702
277449,1,1,3702
277457,1,1,3702
277458,1,1,3702
277461,1,1,3702
277464,1,1,3702
277349,1,1,39947
277311,1,1,3702
277312,1,1,3702
277314,1,1,3702
277315,1,1,3702
277325,1,1,3702
277326,1,1,3702
277473,1,1,3702
781929,1,1,9606
783191,1,1,9606
783220,1,1,10090
782853,1,1,7227
783136,1,1,7227
782538,1,1,10116
277338,1,1,3702
277341,1,1,3702
277522,1,1,3702
277527,1,1,3702
277529,1,1,3702
277530,1,1,3702
277531,1,1,3702
277507,1,1,4577
782002,1,1,9606
781807,1,1,9606
277383,1,1,3702
277393,1,1,3702
277365,1,1,3702
277366,1,1,3702
277367,1,1,3702
277370,1,1,3702
277377,1,1,3702
277378,1,1,3702
277258,1,1,3702
277189,1,1,3702
277193,1,1,3702
277202,1,1,3702
277208,1,1,39947
277211,1,1,3702
277217,1,1,3702
277381,1,1,3702
784016,1,1,9606
784018,1,1,7227
784025,1,1,9606
277242,1,1,3702
277247,1,1,3702
277250,1,1,3702
277254,1,1,3702
277257,1,1,3702
277425,1,1,3702
277426,1,1,3702
782491,1,1,6239
782519,1,1,6239
782525,1,1,6239
784046,1,1,9606
784048,1,1,9606
783995,1,1,9606
277297,1,1,3702
277298,1,1,3702
277303,1,1,3702
277262,1,1,3702
277263,1,1,3702
277276,1,1,3702
277277,1,1,3702
277278,1,1,3702
277151,1,1,3702
277156,1,1,3702
277115,1,1,3702
277121,1,1,3702
277132,1,1,3702
277137,1,1,3702
277138,1,1,39947
277296,1,1,3702
783294,1,1,7955
784126,1,1,6239
784128,1,1,9606
784140,1,1,7227
784100,1,1,7227
784077,1,1,9606
277146,1,1,3702
277150,1,1,3702
277379,1,1,3702
277327,1,1,3702
783337,1,1,7955
783376,1,1,8355
783384,1,1,10090
783390,1,1,7955
783514,1,1,9606
783235,1,1,9606
277157,1,1,3702
277158,1,1,3702
277162,1,1,4232
277163,1,1,3702
277165,1,1,3702
277169,1,1,3702
277139,1,1,3702
277140,1,1,3702
277040,1,1,3702
277044,1,1,3702
277045,1,1,3702
277047,1,1,3702
277173,1,1,3702
277178,1,1,3702
277186,1,1,3702
277187,1,1,3702
784236,1,1,9606
784195,1,1,9606
784208,1,1,7955
277056,1,1,3702
277057,1,1,3702
277066,1,1,3702
277028,1,1,3702
277032,1,1,3702
277284,1,1,3702
277286,1,1,3702
277219,1,1,3702
277241,1,1,3702
784080,1,1,7227
784075,1,1,9606
784230,1,1,9606
784234,1,1,9606
277074,1,1,3702
277080,1,1,3702
277082,1,1,4513
277053,1,1,3702
784275,1,1,9606
784244,1,1,9606
784248,1,1,7227
784254,1,1,9606
276965,1,1,4081
277083,1,1,3702
277095,1,1,3702
277109,1,1,3702
277114,1,1,3702
277068,1,1,3702
277069,1,1,3702
277071,1,1,3702
276974,1,1,3702
276976,1,1,3702
276978,1,1,3702
276957,1,1,3702
276958,1,1,3708
276959,1,1,3702
276962,1,1,3702
276964,1,1,3702
784193,1,1,7227
784317,1,1,9606
784326,1,1,45351
784329,1,1,9606
784343,1,1,9606
784346,1,1,10090
784295,1,1,7227
784315,1,1,9606
277000,1,1,3702
277003,1,1,3702
784443,1,1,9606
784356,1,1,9606
784955,1,1,7955
784969,1,1,7955
784984,1,1,9606
784991,1,1,9606
276896,1,1,3702
276897,1,1,3702
277009,1,1,3702
277013,1,1,3702
277014,1,1,3702
276991,1,1,3702
276996,1,1,3702
276998,1,1,3702
784387,1,1,9606
276904,1,1,3702
276909,1,1,3702
276911,1,1,3702
276914,1,1,3702
276887,1,1,3702
276892,1,1,3702
276893,1,1,3702
784263,1,1,9606
784509,1,1,9606
784539,1,1,9606
784583,1,1,9606
784628,1,1,9606
784681,1,1,9606
784451,1,1,6239
784506,1,1,9606
784855,1,1,9606
784704,1,1,9606
784706,1,1,6239
784765,1,1,6239
784780,1,1,6239
785227,1,1,9606
785231,1,1,9606
785247,1,1,10116
276956,1,1,3702
276926,1,1,3702
276927,1,1,3702
276932,1,1,3702
276934,1,1,3702
276901,1,1,3702
276902,1,1,3702
784841,1,1,9606
276797,1,1,3702
276806,1,1,3702
276813,1,1,3702
276937,1,1,3702
276943,1,1,3702
276949,1,1,3702
276954,1,1,3702
276955,1,1,3702
784903,1,1,9606
784914,1,1,7227
784922,1,1,7227
784801,1,1,7227
276826,1,1,3702
276832,1,1,3702
276833,1,1,3702
276794,1,1,3702
276860,1,1,3702
276863,1,1,3702
276821,1,1,3702
785112,1,1,9606
785128,1,1,9606
785179,1,1,9606
784998,1,1,9606
786536,1,1,10090
273145,1,1,3702
273162,1,1,3702
273175,1,1,3702
276864,1,1,3702
276869,1,1,3702
276871,1,1,39947
276883,1,1,3702
276885,1,1,3702
274312,1,1,3702
274324,1,1,3702
276271,1,1,3702
276592,1,1,3702
272556,1,1,3702
272648,1,1,3702
272663,1,1,3702
272671,1,1,3702
785285,1,1,10090
785304,1,1,9606
785309,1,1,9606
785197,1,1,9606
785212,1,1,9606
785221,1,1,9606
274012,1,1,3702
274219,1,1,3702
276766,1,1,3702
276767,1,1,3702
273661,1,1,3702
273715,1,1,3702
786153,1,1,7227
786185,1,1,10090
785335,1,1,9606
785375,1,1,9606
276772,1,1,3702
276775,1,1,39947
276777,1,1,3702
276783,1,1,3702
276789,1,1,3702
276760,1,1,3702
276763,1,1,3702
276765,1,1,3702
272088,1,1,3702
272099,1,1,3702
271952,1,1,3702
271953,1,1,3702
271971,1,1,3702
271973,1,1,3702
271989,1,1,3702
271993,1,1,3702
786586,1,1,9606
786587,1,1,45351
786588,1,1,7227
786590,1,1,9606
786534,1,1,10090
272015,1,1,3702
272024,1,1,3702
272081,1,1,3702
272106,1,1,3702
272116,1,1,3702
272117,1,1,3702
272123,1,1,3702
272135,1,1,3702
272143,1,1,3702
272148,1,1,3702
272226,1,1,3702
270126,1,1,3702
272228,1,1,3702
272233,1,1,3880
272238,1,1,3702
272240,1,1,3702
272243,1,1,3702
272247,1,1,3702
272250,1,1,3702
270393,1,1,3702
271024,1,1,4113
270003,1,1,3702
270004,1,1,3702
270005,1,1,3702
270021,1,1,3702
270072,1,1,3702
270104,1,1,4081
789037,1,1,9606
789040,1,1,9606
789046,1,1,6239
789047,1,1,9606
788904,1,1,9606
270223,1,1,3702
270320,1,1,3702
270329,1,1,3702
271141,1,1,3702
271144,1,1,3702
271355,1,1,3702
271481,1,1,3702
271950,1,1,3702
271034,1,1,3702
271044,1,1,3702
271064,1,1,3702
269924,1,1,3702
269468,1,1,3702
269485,1,1,3702
269535,1,1,3702
269574,1,1,3702
269579,1,1,3702
271132,1,1,3702
271139,1,1,3702
787421,1,1,45351
787576,1,1,45351
787687,1,1,6239
789086,1,1,9606
789092,1,1,9606
269898,1,1,3702
269903,1,1,3702
269913,1,1,3702
272012,1,1,1590841
788100,1,1,10090
788105,1,1,9606
788312,1,1,10090
788338,1,1,7955
786660,1,1,9606
786809,1,1,45351
787381,1,1,45351
269993,1,1,3702
270000,1,1,3702
269931,1,1,3702
269932,1,1,3702
269938,1,1,3702
269942,1,1,3702
269948,1,1,3702
269949,1,1,3702
268769,1,1,3702
268773,1,1,3702
268783,1,1,3702
268785,1,1,3702
268796,1,1,3702
268800,1,1,3702
269977,1,1,3702
269979,1,1,3702
789158,1,1,9913
789130,1,1,9606
268826,1,1,3702
268831,1,1,3702
268835,1,1,3702
268844,1,1,3702
268849,1,1,3702
268862,1,1,3702
271067,1,1,3702
271093,1,1,3702
270207,1,1,3702
789067,1,1,7227
789073,1,1,10090
789079,1,1,9606
789048,1,1,7955
789055,1,1,9606
269452,1,1,3702
269456,1,1,3702
269463,1,1,3702
268874,1,1,3702
268944,1,1,3702
268956,1,1,4097
268981,1,1,3702
268986,1,1,3702
268633,1,1,3702
268635,1,1,3702
268637,1,1,3702
268643,1,1,3702
269132,1,1,3702
269328,1,1,3702
269402,1,1,1590841
269417,1,1,3702
268656,1,1,3702
268662,1,1,3702
268674,1,1,3702
268683,1,1,3702
268685,1,1,3702
268614,1,1,3702
268617,1,1,3702
268624,1,1,3702
269964,1,1,3702
269593,1,1,3702
269691,1,1,3702
789123,1,1,9606
789220,1,1,9606
789222,1,1,9606
789226,1,1,9606
789209,1,1,9606
268757,1,1,3702
268762,1,1,3702
268706,1,1,3702
268725,1,1,3702
268726,1,1,3702
268653,1,1,3702
268655,1,1,3702
789233,1,1,9606
268382,1,1,3702
268383,1,1,3702
268385,1,1,3702
268396,1,1,3702
268739,1,1,3702
268740,1,1,3702
268755,1,1,3702
268756,1,1,3702
268399,1,1,3702
268408,1,1,3702
268409,1,1,3702
268412,1,1,3702
268415,1,1,3702
268374,1,1,3702
268375,1,1,3702
268376,1,1,3702
269013,1,1,3702
268806,1,1,3702
789192,1,1,10090
789178,1,1,9606
789292,1,1,9606
789270,1,1,9606
789272,1,1,10090
789276,1,1,9606
268464,1,1,3702
268495,1,1,3702
268398,1,1,3702
789310,1,1,9606
789312,1,1,9606
789293,1,1,9606
789297,1,1,9606
789301,1,1,6239
268532,1,1,3702
268533,1,1,3702
268547,1,1,3702
268567,1,1,3702
268429,1,1,3702
268448,1,1,3702
268453,1,1,3702
268458,1,1,3702
268278,1,1,3702
268280,1,1,3702
268281,1,1,3702
268282,1,1,3702
268283,1,1,3702
268284,1,1,3702
268289,1,1,3702
268519,1,1,3702
789251,1,1,9606
789321,1,1,6239
268299,1,1,3702
268304,1,1,3702
268306,1,1,3702
268310,1,1,3702
268316,1,1,3702
268323,1,1,3702
268108,1,1,3702
268110,1,1,3702
268117,1,1,3702
268085,1,1,3702
268086,1,1,3702
268091,1,1,3702
268096,1,1,3702
268098,1,1,3702
268355,1,1,3702
268366,1,1,3702
268368,1,1,3702
268370,1,1,3702
268330,1,1,3702
268333,1,1,3702
268336,1,1,3702
268297,1,1,3702
268224,1,1,3702
268230,1,1,3702
268160,1,1,3702
268162,1,1,3702
268179,1,1,3702
268181,1,1,3702
268182,1,1,3702
268350,1,1,3702
789396,1,1,7227
789397,1,1,9606
789398,1,1,9606
789389,1,1,9606
789393,1,1,6239
268214,1,1,3702
268219,1,1,3702
268222,1,1,3702
268141,1,1,3702
268144,1,1,3702
268156,1,1,3702
268159,1,1,3702
268124,1,1,3702
268127,1,1,3702
268133,1,1,3702
268139,1,1,3702
789421,1,1,10090
268038,1,1,3702
268044,1,1,3702
268010,1,1,4072
268012,1,1,3702
268016,1,1,3702
268018,1,1,3702
268025,1,1,3702
268255,1,1,3702
268258,1,1,3702
268187,1,1,3702
789372,1,1,7227
789457,1,1,7227
789458,1,1,9606
789441,1,1,9606
789446,1,1,9606
268259,1,1,3702
268261,1,1,3702
268265,1,1,3702
268269,1,1,3702
268271,1,1,3702
268240,1,1,3702
268243,1,1,3702
268249,1,1,3702
268053,1,1,3702
268054,1,1,3702
268059,1,1,3702
268062,1,1,3702
268030,1,1,3702
789481,1,1,9606
789487,1,1,9606
789465,1,1,9606
267946,1,1,3702
267950,1,1,3702
268067,1,1,3702
268077,1,1,3702
268081,1,1,3702
268045,1,1,3702
268046,1,1,3702
268050,1,1,3702
267964,1,1,3702
267965,1,1,3702
267970,1,1,3702
267971,1,1,3702
267973,1,1,3702
267940,1,1,3702
267942,1,1,3702
267943,1,1,3702
268099,1,1,3702
268101,1,1,3702
789424,1,1,10090
789433,1,1,9606
789413,1,1,9606
789418,1,1,6239
789521,1,1,10090
789495,1,1,7227
789530,1,1,9606
789531,1,1,9606
789703,1,1,9606
789718,1,1,9606
789698,1,1,9606
789701,1,1,6239
264428,1,1,3702
264430,1,1,3702
267979,1,1,3847
267983,1,1,3702
267984,1,1,3635
267986,1,1,3702
267987,1,1,3702
267957,1,1,3702
789548,1,1,9606
789555,1,1,9606
267138,1,1,3702
265277,1,1,3702
265348,1,1,3702
266911,1,1,3702
267993,1,1,3702
268000,1,1,3702
268005,1,1,3702
268008,1,1,3702
789470,1,1,9606
789471,1,1,9606
789475,1,1,9606
266960,1,1,3702
267005,1,1,3702
267007,1,1,3702
267027,1,1,3702
267044,1,1,3702
263625,1,1,3702
263627,1,1,3702
263695,1,1,3702
263724,1,1,3702
263448,1,1,3702
263479,1,1,3702
263483,1,1,3702
263498,1,1,3702
267185,1,1,3702
267196,1,1,3702
267219,1,1,3988
267233,1,1,3702
267240,1,1,3702
266916,1,1,3702
263578,1,1,3702
263597,1,1,3702
264397,1,1,3702
267925,1,1,3702
267926,1,1,3702
267930,1,1,3702
267933,1,1,3702
267939,1,1,3702
267139,1,1,3702
267154,1,1,3702
264451,1,1,3702
264459,1,1,3702
264470,1,1,3702
263943,1,1,3702
264102,1,1,3483
264258,1,1,3702
264386,1,1,3702
264393,1,1,3702
263192,1,1,3702
263197,1,1,3702
263199,1,1,3702
263202,1,1,3702
263751,1,1,3702
263755,1,1,3702
263757,1,1,3702
263874,1,1,3702
789637,1,1,9606
263228,1,1,3702
263239,1,1,3702
263242,1,1,3702
263245,1,1,3702
263247,1,1,3702
263181,1,1,3702
263182,1,1,3702
264589,1,1,3635
264596,1,1,3702
264719,1,1,3702
264876,1,1,3702
264879,1,1,3702
264883,1,1,3702
264400,1,1,3702
789667,1,1,9606
263502,1,1,3702
263547,1,1,3702
264889,1,1,3702
264890,1,1,3702
264904,1,1,3702
264938,1,1,3702
264952,1,1,3702
265005,1,1,3702
790185,1,1,9606
790159,1,1,9606
790172,1,1,9606
263067,1,1,3702
263070,1,1,3702
263071,1,1,3702
263079,1,1,3702
262965,1,1,3702
789756,1,1,7227
790087,1,1,9606
790045,1,1,9606
790052,1,1,9606
790054,1,1,9606
790057,1,1,9606
790016,1,1,9606
790032,1,1,10090
263737,1,1,3702
263745,1,1,3702
263750,1,1,3702
263550,1,1,3702
263568,1,1,3702
789777,1,1,9606
789747,1,1,9606
789753,1,1,9606
263883,1,1,3702
263901,1,1,3702
263911,1,1,3635
263728,1,1,3702
263729,1,1,3702
263730,1,1,3702
263732,1,1,3702
263733,1,1,3702
790131,1,1,7227
790113,1,1,6239
790590,1,1,9606
790599,1,1,10090
790566,1,1,9606
790568,1,1,9606
253129,1,1,3702
253143,1,1,3702
263312,1,1,3702
263316,1,1,3702
263337,1,1,3702
263345,1,1,3702
263221,1,1,3702
263222,1,1,3702
790123,1,1,9606
790130,1,1,7227
263415,1,1,3702
263430,1,1,3702
263431,1,1,3702
263442,1,1,3702
263444,1,1,3702
263249,1,1,3702
263281,1,1,3702
263286,1,1,3702
262989,1,1,3702
263011,1,1,3702
263022,1,1,3702
263024,1,1,3702
263025,1,1,3702
263363,1,1,3702
263381,1,1,3702
263405,1,1,29760
263113,1,1,3702
263114,1,1,3702
263031,1,1,3702
790548,1,1,7227
790406,1,1,9606
791830,1,1,7227
791852,1,1,10090
791866,1,1,7955
263165,1,1,3880
263168,1,1,3702
263177,1,1,3702
263180,1,1,3702
263102,1,1,3702
263105,1,1,3702
263109,1,1,3702
263111,1,1,3702
253059,1,1,3702
253115,1,1,3702
253118,1,1,3702
253119,1,1,3702
263140,1,1,3702
263145,1,1,3702
263162,1,1,3702
263163,1,1,3702
253147,1,1,3702
253151,1,1,3702
253232,1,1,3702
253303,1,1,3702
253021,1,1,3702
253029,1,1,3702
253035,1,1,3702
253038,1,1,3702
253320,1,1,3702
253356,1,1,3702
256423,1,1,3885
257652,1,1,3847
258242,1,1,3847
259769,1,1,3847
253121,1,1,3702
790626,1,1,9606
252757,1,1,3702
259908,1,1,3847
260661,1,1,3847
261075,1,1,3847
261339,1,1,3880
262954,1,1,3702
262958,1,1,3702
253313,1,1,3702
252800,1,1,3635
252808,1,1,3702
252633,1,1,3702
252651,1,1,3702
252663,1,1,3702
252745,1,1,3702
252746,1,1,3702
252747,1,1,3702
791973,1,1,9606
792403,1,1,9606
791602,1,1,7227
791718,1,1,6239
790773,1,1,10090
252784,1,1,3702
252785,1,1,3702
252795,1,1,3702
252848,1,1,3702
252870,1,1,3702
252872,1,1,3702
252758,1,1,3702
792620,1,1,9606
792621,1,1,9606
792644,1,1,9606
792653,1,1,9606
252899,1,1,3702
252945,1,1,3635
252947,1,1,3702
252962,1,1,3702
252965,1,1,3702
252811,1,1,3702
252830,1,1,3702
252845,1,1,3702
252380,1,1,3702
252307,1,1,3702
252311,1,1,3702
252318,1,1,3702
252321,1,1,3702
252323,1,1,3702
252327,1,1,3702
252877,1,1,3702
790648,1,1,7227
790656,1,1,9606
790713,1,1,7227
790722,1,1,9606
792920,1,1,10090
792597,1,1,9606
252375,1,1,3702
252379,1,1,3702
252459,1,1,3702
252465,1,1,3702
252470,1,1,3702
252329,1,1,3702
792965,1,1,284812
793031,1,1,559292
793014,1,1,559292
793021,1,1,9606
252555,1,1,3702
252617,1,1,3702
252622,1,1,3702
252627,1,1,3702
252404,1,1,3702
252422,1,1,3702
252427,1,1,3702
252439,1,1,3702
252213,1,1,3702
252215,1,1,3702
252218,1,1,3702
252220,1,1,3702
252225,1,1,3702
252484,1,1,3702
252514,1,1,3702
252550,1,1,3702
792438,1,1,9606
792530,1,1,9606
792533,1,1,9606
792982,1,1,284812
252233,1,1,3702
252234,1,1,3702
252239,1,1,3702
252241,1,1,3702
252040,1,1,3702
252041,1,1,3702
252174,1,1,3702
252179,1,1,3635
252190,1,1,3702
252191,1,1,3702
252201,1,1,3702
252202,1,1,3702
252263,1,1,3702
252266,1,1,3702
252276,1,1,3702
252061,1,1,3635
252064,1,1,3702
252025,1,1,3702
252032,1,1,3702
252036,1,1,3702
252120,1,1,3702
252282,1,1,3702
252289,1,1,3702
252290,1,1,3702
252294,1,1,3702
252299,1,1,3702
252300,1,1,3702
252251,1,1,3702
793001,1,1,10090
252128,1,1,3702
252131,1,1,3702
252136,1,1,3702
252141,1,1,3702
252145,1,1,3702
252113,1,1,3702
252114,1,1,3702
252074,1,1,3702
252076,1,1,3702
252080,1,1,3702
252086,1,1,3702
252048,1,1,3702
793041,1,1,10090
251433,1,1,3702
251461,1,1,3702
251914,1,1,3702
252091,1,1,3702
252092,1,1,3702
252093,1,1,3702
252095,1,1,3702
252096,1,1,3702
252103,1,1,3702
252070,1,1,3702
793070,1,1,9606
793049,1,1,9606
251931,1,1,3702
251934,1,1,3702
251885,1,1,3702
251886,1,1,3702
251904,1,1,3702
251911,1,1,3702
252152,1,1,3702
252153,1,1,3702
252154,1,1,3702
252159,1,1,3702
252161,1,1,3702
252162,1,1,3702
252164,1,1,3702
252168,1,1,3702
251053,1,1,3702
250959,1,1,3702
250961,1,1,3702
250966,1,1,3702
250968,1,1,3702
250973,1,1,3702
250975,1,1,3702
250989,1,1,3702
251957,1,1,29729
251969,1,1,3702
251972,1,1,3702
251917,1,1,3702
251002,1,1,3702
251010,1,1,3702
251013,1,1,3702
251040,1,1,3702
251399,1,1,3702
251408,1,1,3702
251415,1,1,3702
251996,1,1,3702
251998,1,1,3702
252010,1,1,3702
252021,1,1,3702
251955,1,1,3702
251465,1,1,3702
251472,1,1,3702
251473,1,1,3702
251373,1,1,3702
251377,1,1,3702
251385,1,1,3702
251388,1,1,3702
251392,1,1,3702
250830,1,1,3702
250835,1,1,3702
250839,1,1,3702
250841,1,1,3702
250843,1,1,3702
250791,1,1,3702
250799,1,1,3702
250815,1,1,3702
251671,1,1,3702
251422,1,1,3702
251432,1,1,3702
793138,1,1,9606
793214,1,1,9606
793206,1,1,9606
793210,1,1,9606
250828,1,1,3702
251865,1,1,3702
251474,1,1,3702
251483,1,1,3702
251531,1,1,3702
251541,1,1,3702
251593,1,1,3702
251612,1,1,3702
251669,1,1,3702
250992,1,1,3702
251778,1,1,3702
251798,1,1,3702
251807,1,1,3702
251813,1,1,3702
251815,1,1,3702
251841,1,1,3702
251846,1,1,3702
793183,1,1,284812
793259,1,1,7227
793239,1,1,6239
250725,1,1,3702
250728,1,1,3702
250731,1,1,3702
250733,1,1,3702
250736,1,1,3702
251159,1,1,3702
251324,1,1,3702
251329,1,1,3702
251335,1,1,3702
250997,1,1,3702
250998,1,1,3702
793178,1,1,9606
793180,1,1,284812
251357,1,1,3702
251362,1,1,3702
251363,1,1,3702
251367,1,1,3702
251081,1,1,3702
251086,1,1,3702
251093,1,1,3702
251147,1,1,3702
250818,1,1,3702
250820,1,1,3702
250821,1,1,3702
250822,1,1,3702
250823,1,1,3702
251341,1,1,3702
251347,1,1,3702
251352,1,1,3702
250825,1,1,3702
793246,1,1,9606
793228,1,1,9606
793235,1,1,559292
793325,1,1,9606
250612,1,1,3702
250614,1,1,3702
250620,1,1,3702
250852,1,1,3702
250868,1,1,3702
250876,1,1,3702
250884,1,1,3702
250885,1,1,3702
250892,1,1,3702
250893,1,1,3702
250824,1,1,3702
250718,1,1,3702
250894,1,1,3702
250911,1,1,3702
250917,1,1,3702
250921,1,1,3702
250946,1,1,3702
250956,1,1,3702
250958,1,1,3702
250741,1,1,3702
250686,1,1,3702
250687,1,1,3702
250691,1,1,3702
250697,1,1,3702
250698,1,1,3702
250710,1,1,3702
250713,1,1,3702
250758,1,1,3702
250760,1,1,3702
250764,1,1,3702
250719,1,1,3702
793293,1,1,6239
793276,1,1,9031
793397,1,1,284812
793365,1,1,559292
250787,1,1,3702
250788,1,1,3702
250789,1,1,3702
250743,1,1,3702
250748,1,1,3702
250752,1,1,3702
250754,1,1,3702
250757,1,1,3702
250601,1,1,3702
250604,1,1,3702
250605,1,1,3702
250765,1,1,3702
250767,1,1,3702
250771,1,1,3702
250773,1,1,3702
250784,1,1,3702
250622,1,1,3702
250627,1,1,3702
250628,1,1,3702
250572,1,1,3702
250573,1,1,3702
250592,1,1,3702
250595,1,1,3702
250596,1,1,3702
250629,1,1,3702
250630,1,1,3702
250636,1,1,3702
250637,1,1,3702
250643,1,1,3702
250649,1,1,3702
250651,1,1,3702
250654,1,1,3702
250656,1,1,3702
250657,1,1,3702
250660,1,1,3702
250661,1,1,3702
250662,1,1,3702
250663,1,1,3702
250665,1,1,3702
250682,1,1,3702
250475,1,1,3702
250477,1,1,3702
250479,1,1,3702
250481,1,1,3702
250486,1,1,3702
250490,1,1,3702
250494,1,1,3702
250501,1,1,3702
793368,1,1,7227
793350,1,1,284812
250511,1,1,3702
250514,1,1,3702
250516,1,1,3702
250519,1,1,3702
250523,1,1,3702
250526,1,1,3702
250567,1,1,3702
250570,1,1,3702
250528,1,1,3702
250530,1,1,3702
250533,1,1,3702
250537,1,1,3702
250540,1,1,3702
250543,1,1,3702
250370,1,1,3702
250373,1,1,3702
250377,1,1,3702
250548,1,1,3702
250552,1,1,3702
250553,1,1,3702
250555,1,1,3702
250557,1,1,3702
250400,1,1,3702
250401,1,1,3702
250404,1,1,3702
250350,1,1,3702
250351,1,1,3702
250352,1,1,3702
250354,1,1,3702
250360,1,1,3702
250606,1,1,3702
250610,1,1,3702
793351,1,1,9606
793353,1,1,9606
793326,1,1,284812
250390,1,1,3702
250391,1,1,3702
250393,1,1,3702
250459,1,1,3702
250461,1,1,3702
250463,1,1,3702
250473,1,1,3702
250405,1,1,3702
250421,1,1,3702
250422,1,1,3702
250430,1,1,3702
250258,1,1,3702
250259,1,1,3702
250261,1,1,3702
250263,1,1,3702
250264,1,1,3702
250447,1,1,3702
250450,1,1,3702
250458,1,1,3702
250275,1,1,3702
250277,1,1,3702
250278,1,1,3702
250283,1,1,3702
250292,1,1,3702
250255,1,1,3702
250256,1,1,3702
250257,1,1,3702
250546,1,1,3702
250547,1,1,3702
250506,1,1,3702
250508,1,1,3702
793415,1,1,284812
793428,1,1,284812
793536,1,1,10090
250274,1,1,3702
250326,1,1,3702
250333,1,1,3702
250334,1,1,3702
250339,1,1,3702
250341,1,1,3702
250342,1,1,3702
250302,1,1,3702
250303,1,1,3702
250153,1,1,3702
250155,1,1,3702
250157,1,1,3702
250158,1,1,3702
250160,1,1,3702
250164,1,1,3702
250165,1,1,3702
250322,1,1,3702
793625,1,1,9606
250171,1,1,3702
250172,1,1,3702
250173,1,1,3702
250179,1,1,3702
250181,1,1,3702
250184,1,1,3702
250151,1,1,3702
250432,1,1,3702
250438,1,1,3702
250443,1,1,3702
250445,1,1,3702
250381,1,1,3702
250389,1,1,3702
793485,1,1,9606
793650,1,1,6239
250055,1,1,3702
250057,1,1,3702
250214,1,1,3702
250217,1,1,3702
250220,1,1,3702
250223,1,1,3702
250235,1,1,3702
250239,1,1,3702
250076,1,1,3702
250079,1,1,3702
250086,1,1,3702
250023,1,1,3702
250025,1,1,3702
250028,1,1,3702
250034,1,1,3702
250042,1,1,3702
793611,1,1,9606
793856,1,1,284812
793858,1,1,284812
793787,1,1,7227
793789,1,1,284812
793794,1,1,284812
250060,1,1,3702
250064,1,1,3702
250308,1,1,3702
250310,1,1,3702
250312,1,1,3702
250315,1,1,3702
250317,1,1,3702
250318,1,1,3702
250266,1,1,3702
250271,1,1,3702
249926,1,1,3702
249931,1,1,3702
249939,1,1,3702
249944,1,1,3702
249896,1,1,3702
249898,1,1,3702
249900,1,1,3702
249903,1,1,3702
793957,1,1,9606
793937,1,1,9606
793898,1,1,9606
793910,1,1,284812
794003,1,1,10090
794009,1,1,9606
249920,1,1,3702
249923,1,1,3702
250203,1,1,3702
250209,1,1,3702
250167,1,1,3702
793746,1,1,7227
793747,1,1,9606
793755,1,1,9606
793690,1,1,7955
793722,1,1,8355
250243,1,1,3702
250253,1,1,3702
250191,1,1,3702
250195,1,1,3702
250196,1,1,3702
250197,1,1,3702
250199,1,1,3702
250200,1,1,3702
794186,1,1,284812
794188,1,1,6239
794199,1,1,10090
794029,1,1,10090
794032,1,1,9606
249687,1,1,3702
249781,1,1,3702
249847,1,1,3702
250100,1,1,3702
250105,1,1,3702
250108,1,1,3702
250059,1,1,3702
793962,1,1,7955
793972,1,1,9606
794206,1,1,9606
794211,1,1,9606
250141,1,1,3702
250142,1,1,3702
250150,1,1,3702
250087,1,1,3702
250089,1,1,3702
250093,1,1,3702
250096,1,1,3702
250099,1,1,3702
249904,1,1,3702
249905,1,1,3702
249906,1,1,3702
249910,1,1,3702
250122,1,1,3702
250125,1,1,3702
250127,1,1,3702
250134,1,1,3702
794016,1,1,10090
794019,1,1,10090
794288,1,1,284812
794295,1,1,9606
794300,1,1,284812
794257,1,1,9606
794287,1,1,284812
249410,1,1,3702
249945,1,1,3702
249953,1,1,3702
249959,1,1,3702
249960,1,1,3702
249961,1,1,3702
249967,1,1,3702
249911,1,1,3702
794167,1,1,9606
249969,1,1,3702
249974,1,1,3702
249975,1,1,3702
249988,1,1,3702
249989,1,1,3702
250007,1,1,3702
250011,1,1,3702
250021,1,1,3702
249852,1,1,3702
249854,1,1,3702
249859,1,1,3702
249549,1,1,3702
249561,1,1,3702
249565,1,1,3702
249569,1,1,3702
249579,1,1,3702
249870,1,1,3702
249871,1,1,3702
249875,1,1,3702
249602,1,1,3702
249644,1,1,3702
794247,1,1,9606
794219,1,1,559292
794469,1,1,9606
249887,1,1,3702
249889,1,1,3702
249890,1,1,3702
249892,1,1,3702
249861,1,1,3702
249865,1,1,3702
249867,1,1,3702
249869,1,1,3702
249393,1,1,3702
249396,1,1,3702
249400,1,1,3702
249402,1,1,3702
249880,1,1,3702
249884,1,1,3702
249885,1,1,3702
249886,1,1,3702
249413,1,1,3702
249419,1,1,3702
249420,1,1,3702
249429,1,1,3702
249387,1,1,3702
249388,1,1,3702
249389,1,1,3702
249391,1,1,3702
249436,1,1,3702
249440,1,1,3702
249448,1,1,3702
249452,1,1,3702
249453,1,1,3702
249455,1,1,3702
249459,1,1,3702
249468,1,1,3702
249257,1,1,3702
249469,1,1,3702
249492,1,1,3702
249499,1,1,3702
249524,1,1,3702
249531,1,1,3702
249544,1,1,3702
249546,1,1,3702
249278,1,1,3702
249281,1,1,3702
249283,1,1,3702
249238,1,1,3702
249245,1,1,3702
249246,1,1,3702
249255,1,1,3702
249256,1,1,3702
794478,1,1,9606
794440,1,1,284812
794445,1,1,559292
794448,1,1,227321
794452,1,1,330879
249263,1,1,3702
249264,1,1,3702
249276,1,1,3702
249348,1,1,3702
249350,1,1,3702
249355,1,1,3702
249356,1,1,3702
249373,1,1,3702
249302,1,1,3702
249312,1,1,3702
249314,1,1,3702
249156,1,1,3702
249158,1,1,3702
249162,1,1,3702
249163,1,1,3702
249169,1,1,3702
249171,1,1,3702
249338,1,1,3702
249341,1,1,3702
794530,1,1,7227
249175,1,1,3702
249177,1,1,3702
249178,1,1,3702
249179,1,1,3702
249181,1,1,3702
249184,1,1,3702
249153,1,1,3702
249404,1,1,3702
249405,1,1,3702
794379,1,1,10090
794424,1,1,284812
794308,1,1,284812
794579,1,1,6239
794629,1,1,9606
794528,1,1,9606
249216,1,1,3702
249221,1,1,3702
249230,1,1,3702
249185,1,1,3702
249189,1,1,3702
249190,1,1,3702
249193,1,1,3702
249195,1,1,3702
249086,1,1,3702
249088,1,1,3702
249091,1,1,3702
249094,1,1,3702
249095,1,1,3702
249206,1,1,3702
249213,1,1,3702
249215,1,1,3702
249103,1,1,3702
249104,1,1,3702
249106,1,1,3702
249107,1,1,3702
249109,1,1,3702
249111,1,1,3702
249084,1,1,3702
249085,1,1,3702
249319,1,1,3702
249327,1,1,3702
249331,1,1,3702
249335,1,1,3702
249260,1,1,3702
794506,1,1,9606
794508,1,1,9606
794907,1,1,7227
249040,1,1,3702
249046,1,1,3702
249048,1,1,3702
249049,1,1,3702
249010,1,1,3702
249011,1,1,3702
249012,1,1,3702
249014,1,1,3702
795134,1,1,9606
795169,1,1,10090
795203,1,1,559292
795481,1,1,9606
795486,1,1,9606
795461,1,1,9606
249035,1,1,3702
249036,1,1,3702
794800,1,1,284812
794837,1,1,9606
794652,1,1,9606
794703,1,1,284812
795382,1,1,9606
795391,1,1,10090
795364,1,1,235443
795091,1,1,284812
249198,1,1,3702
249201,1,1,3702
249203,1,1,3702
249173,1,1,3702
249174,1,1,3702
794740,1,1,284812
794753,1,1,559292
794797,1,1,284812
795438,1,1,9606
795761,1,1,10116
795764,1,1,9606
795693,1,1,7955
248965,1,1,3702
248967,1,1,3702
248970,1,1,3702
248971,1,1,3702
249121,1,1,3702
249126,1,1,3702
249127,1,1,3702
249098,1,1,3702
249099,1,1,3702
795455,1,1,9606
795458,1,1,9606
795428,1,1,9606
249148,1,1,3702
249150,1,1,3702
249151,1,1,3702
249112,1,1,3702
249115,1,1,3702
249116,1,1,3702
249117,1,1,3702
249119,1,1,3702
249017,1,1,3702
249018,1,1,3702
249029,1,1,3702
249128,1,1,3702
249137,1,1,3702
249139,1,1,3702
249140,1,1,3702
249145,1,1,3702
249033,1,1,3702
249034,1,1,3702
795700,1,1,9606
795701,1,1,10090
795704,1,1,9606
795575,1,1,9606
796120,1,1,10090
796165,1,1,284812
249083,1,1,3702
249050,1,1,3702
249053,1,1,3702
249055,1,1,3702
249056,1,1,3702
249060,1,1,3702
249061,1,1,3702
249062,1,1,3702
248957,1,1,3702
248959,1,1,3702
249063,1,1,3702
249067,1,1,3702
249070,1,1,3702
249074,1,1,3702
249076,1,1,3702
249078,1,1,3702
248973,1,1,3702
248976,1,1,3702
248948,1,1,3702
248949,1,1,3702
248950,1,1,3702
248952,1,1,3702
248953,1,1,3702
248954,1,1,3702
249005,1,1,3702
248977,1,1,3702
248979,1,1,3702
248981,1,1,3702
248982,1,1,3702
248983,1,1,3702
248985,1,1,3702
248986,1,1,3702
248883,1,1,3702
248885,1,1,3702
248887,1,1,3702
248998,1,1,3702
249000,1,1,3702
249001,1,1,3702
249002,1,1,3702
249004,1,1,3702
248901,1,1,3702
248902,1,1,3702
248905,1,1,3702
248870,1,1,3702
248875,1,1,3702
248876,1,1,3702
248879,1,1,3702
248882,1,1,3702
796177,1,1,9606
796204,1,1,6239
796257,1,1,227321
796311,1,1,9606
796071,1,1,10090
795795,1,1,93061
248897,1,1,3702
248899,1,1,3702
800052,1,1,284812
800060,1,1,284812
800061,1,1,284812
798540,1,1,284812
798717,1,1,330879
798950,1,1,284812
799442,1,1,10090
799478,1,1,9606
796656,1,1,284812
796690,1,1,284812
796365,1,1,284812
796378,1,1,45351
799680,1,1,8355
799979,1,1,6239
800047,1,1,284812
800051,1,1,284812
797257,1,1,284812
796735,1,1,559292
796771,1,1,9606
796819,1,1,9606
796511,1,1,9606
796515,1,1,6239
796621,1,1,9606
796637,1,1,9606
248988,1,1,3702
248962,1,1,3702
248963,1,1,3702
795912,1,1,6239
796057,1,1,7227
796857,1,1,284812
797108,1,1,330879
797242,1,1,9606
248921,1,1,3702
248922,1,1,3702
248923,1,1,3702
248924,1,1,3702
248894,1,1,3702
797926,1,1,284812
798350,1,1,6239
797362,1,1,9606
248937,1,1,3702
248938,1,1,3702
248939,1,1,3702
248944,1,1,3702
248945,1,1,3702
248910,1,1,3702
248915,1,1,3702
248918,1,1,3702
248787,1,1,3702
248792,1,1,3702
248795,1,1,3702
248796,1,1,3702
248801,1,1,3702
248927,1,1,3702
248928,1,1,3702
248934,1,1,3702
248819,1,1,3702
248824,1,1,3702
248826,1,1,3702
248829,1,1,3702
248830,1,1,3702
248831,1,1,3702
248782,1,1,3702
248783,1,1,3702
248845,1,1,3702
248847,1,1,3702
248849,1,1,3702
248850,1,1,3702
248851,1,1,3702
248852,1,1,3702
248813,1,1,3702
248814,1,1,3702
248856,1,1,3702
248857,1,1,3702
248858,1,1,3702
248862,1,1,3702
248866,1,1,3702
248868,1,1,3702
248869,1,1,3702
248844,1,1,3702
248713,1,1,3702
248663,1,1,3702
248664,1,1,3702
248678,1,1,3702
248679,1,1,3702
248681,1,1,3702
248682,1,1,3702
248855,1,1,3702
797670,1,1,6239
801465,1,1,3702
801471,1,1,3055
800314,1,1,559292
248690,1,1,3702
248695,1,1,3702
248701,1,1,3702
248712,1,1,3702
248752,1,1,3702
248758,1,1,3702
248771,1,1,3702
248772,1,1,3702
248774,1,1,3702
248780,1,1,3702
248714,1,1,3702
248715,1,1,3702
248590,1,1,3702
248591,1,1,3702
248592,1,1,9606
248597,1,1,3702
248598,1,1,3702
248605,1,1,3702
248606,1,1,3702
248746,1,1,3702
801505,1,1,185431
248612,1,1,3702
248613,1,1,3702
248615,1,1,3702
248616,1,1,3702
248618,1,1,3702
248621,1,1,3702
248589,1,1,3702
800894,1,1,510516
800062,1,1,284812
800063,1,1,284812
800247,1,1,237561
800250,1,1,237561
800260,1,1,284590
800262,1,1,284593
800263,1,1,284593
248646,1,1,3702
248653,1,1,3702
248655,1,1,3702
248624,1,1,3702
248628,1,1,3702
248632,1,1,3702
248633,1,1,3702
248635,1,1,3702
248497,1,1,3702
248498,1,1,3702
248499,1,1,3702
248504,1,1,3702
248639,1,1,3702
248640,1,1,3702
248641,1,1,3702
248643,1,1,3702
801551,1,1,9606
801542,1,1,9606
801527,1,1,44689
248519,1,1,3702
248521,1,1,3702
248524,1,1,3702
248493,1,1,3702
248495,1,1,3702
248718,1,1,3702
248720,1,1,3702
248730,1,1,3702
248733,1,1,3702
248741,1,1,3702
248685,1,1,3702
248687,1,1,3702
801547,1,1,44689
248580,1,1,3702
248583,1,1,3702
248586,1,1,3702
248525,1,1,3702
248529,1,1,3702
248530,1,1,3702
248531,1,1,3702
248534,1,1,3702
248432,1,1,3702
248433,1,1,3702
248435,1,1,3702
248550,1,1,3702
248556,1,1,3702
248565,1,1,3702
248566,1,1,3702
248578,1,1,3702
248447,1,1,3702
248448,1,1,3702
248450,1,1,3702
248418,1,1,3702
248420,1,1,3702
248424,1,1,3702
248426,1,1,3702
248427,1,1,3702
248637,1,1,3702
248638,1,1,3702
248607,1,1,3702
248611,1,1,3702
801519,1,1,9606
801524,1,1,9606
801574,1,1,3702
248443,1,1,3702
248488,1,1,3702
248451,1,1,3702
248453,1,1,3702
248456,1,1,3702
248457,1,1,3702
248458,1,1,3702
248466,1,1,3702
248468,1,1,3702
248361,1,1,3702
248363,1,1,3702
248477,1,1,3702
248478,1,1,3702
248480,1,1,3702
248481,1,1,3702
248485,1,1,3702
248486,1,1,3702
248380,1,1,3702
248384,1,1,3702
248385,1,1,3702
248352,1,1,3702
248353,1,1,3702
248356,1,1,3702
248358,1,1,3702
248359,1,1,3702
248546,1,1,3702
248506,1,1,3702
801565,1,1,185431
801570,1,1,284812
801558,1,1,3702
801621,1,1,3702
248369,1,1,3702
248376,1,1,3702
248414,1,1,3702
248415,1,1,3702
248386,1,1,3702
248388,1,1,3702
248389,1,1,3702
248392,1,1,3702
248394,1,1,3702
248395,1,1,3702
248299,1,1,3702
248301,1,1,3702
248399,1,1,3702
248401,1,1,3702
248403,1,1,3702
248405,1,1,3702
248407,1,1,3702
248413,1,1,3702
248311,1,1,3702
248313,1,1,3702
248315,1,1,3702
248316,1,1,3702
248284,1,1,3702
248291,1,1,3702
248293,1,1,3702
248295,1,1,3702
248472,1,1,3702
248437,1,1,3702
248439,1,1,3702
801591,1,1,9606
801651,1,1,3055
801652,1,1,3702
248306,1,1,3702
248310,1,1,3702
248326,1,1,3702
248327,1,1,3702
248330,1,1,3702
248302,1,1,3702
248305,1,1,3702
801716,1,1,9606
248162,1,1,3702
248165,1,1,3702
248338,1,1,3702
248342,1,1,3702
248344,1,1,3702
248346,1,1,3702
248349,1,1,3702
248320,1,1,3702
248322,1,1,3702
248325,1,1,3702
248206,1,1,3702
248207,1,1,3702
248209,1,1,3702
248218,1,1,3702
248219,1,1,3702
248332,1,1,3702
248334,1,1,3702
248337,1,1,3702
248396,1,1,3702
248366,1,1,3702
248368,1,1,3702
248225,1,1,3702
248229,1,1,3702
248231,1,1,3702
248234,1,1,3702
248235,1,1,3702
248244,1,1,3702
248250,1,1,3702
248253,1,1,3702
248223,1,1,3702
248224,1,1,3702
801714,1,1,9606
801754,1,1,9606
801744,1,1,44689
248271,1,1,3702
248272,1,1,3702
248278,1,1,3702
248279,1,1,3702
248237,1,1,3702
248239,1,1,3702
248240,1,1,3702
248243,1,1,3702
248147,1,1,3702
248148,1,1,3702
248151,1,1,3702
248152,1,1,3702
248257,1,1,3702
248265,1,1,3702
248267,1,1,3702
248270,1,1,3702
248166,1,1,3702
248168,1,1,3702
248171,1,1,3702
248172,1,1,3702
248140,1,1,3702
248142,1,1,3702
248144,1,1,3702
248145,1,1,3702
248191,1,1,3702
248154,1,1,3702
248159,1,1,3702
801742,1,1,10090
801802,1,1,9606
801790,1,1,9606
248000,1,1,3702
248001,1,1,3702
248203,1,1,3702
248204,1,1,3702
248176,1,1,3702
248179,1,1,3702
248186,1,1,3702
248187,1,1,3702
248188,1,1,3702
248190,1,1,3702
248060,1,1,3702
248061,1,1,3702
248068,1,1,3702
248192,1,1,3702
248193,1,1,3702
248194,1,1,3702
248198,1,1,3702
248199,1,1,3702
248075,1,1,3702
248086,1,1,3702
248087,1,1,3702
248089,1,1,3702
248053,1,1,3702
248055,1,1,3702
248056,1,1,3702
248057,1,1,3702
801770,1,1,9606
801841,1,1,9606
801834,1,1,9606
247932,1,1,3702
247933,1,1,3702
247934,1,1,3702
247936,1,1,3702
247938,1,1,3702
248138,1,1,3702
248139,1,1,3702
248092,1,1,3702
248108,1,1,3702
248114,1,1,3702
248119,1,1,3702
248069,1,1,3702
248074,1,1,3702
247986,1,1,3702
247987,1,1,3702
247993,1,1,3702
248121,1,1,3702
248122,1,1,3702
248124,1,1,3702
248132,1,1,3702
248133,1,1,3702
248005,1,1,3702
248007,1,1,3702
248010,1,1,3702
247974,1,1,3702
247975,1,1,3702
247978,1,1,3702
247979,1,1,3702
247981,1,1,3702
248034,1,1,3702
247996,1,1,3702
247998,1,1,3702
801820,1,1,3055
801825,1,1,9606
801860,1,1,185431
237443,1,1,3702
237447,1,1,3702
248050,1,1,3702
248017,1,1,3702
248019,1,1,3702
248020,1,1,3702
248024,1,1,3702
248025,1,1,3702
248027,1,1,3702
248028,1,1,3702
247925,1,1,3702
248036,1,1,3702
248039,1,1,3702
248040,1,1,3702
248041,1,1,3702
248043,1,1,3702
248044,1,1,3702
248046,1,1,3702
247939,1,1,3702
237574,1,1,3702
237581,1,1,3702
237583,1,1,3702
237585,1,1,3702
247911,1,1,3702
247917,1,1,3702
247924,1,1,3702
247958,1,1,3702
247929,1,1,3702
247931,1,1,3702
801854,1,1,9606
801858,1,1,7955
801859,1,1,3702
801896,1,1,185431
237183,1,1,3702
247971,1,1,3702
247946,1,1,3702
247948,1,1,3702
247951,1,1,3702
247953,1,1,3702
247954,1,1,3702
247956,1,1,3702
247957,1,1,3702
237383,1,1,3702
237384,1,1,3702
237385,1,1,3702
247959,1,1,3702
247961,1,1,3702
247962,1,1,3702
247966,1,1,3702
247967,1,1,3702
237450,1,1,3702
237452,1,1,3702
237464,1,1,3702
237467,1,1,3702
237376,1,1,3702
237378,1,1,3702
237379,1,1,3702
237382,1,1,3702
237421,1,1,3702
237433,1,1,3702
801890,1,1,3702
801920,1,1,9606
237016,1,1,3702
237019,1,1,3702
237028,1,1,3702
237038,1,1,3702
237490,1,1,3702
237500,1,1,3702
237505,1,1,3702
237509,1,1,3702
237510,1,1,3702
237512,1,1,3702
237513,1,1,3702
237514,1,1,3702
237132,1,1,3702
237515,1,1,3702
237538,1,1,3702
237541,1,1,3702
237542,1,1,3702
237544,1,1,3702
237560,1,1,3702
237572,1,1,3702
237190,1,1,3702
237207,1,1,3702
237116,1,1,3702
237117,1,1,3702
237122,1,1,3702
237123,1,1,3702
237127,1,1,3702
237130,1,1,3702
801911,1,1,9606
801974,1,1,284812
801969,1,1,9606
222522,1,1,39947
222523,1,1,39947
222578,1,1,39947
222608,1,1,39947
227561,1,1,4113
237217,1,1,3702
237222,1,1,3702
237234,1,1,3702
237237,1,1,3702
237250,1,1,3702
237264,1,1,3702
237141,1,1,3702
237142,1,1,3702
237317,1,1,3702
237319,1,1,3702
237337,1,1,3702
237344,1,1,3702
237352,1,1,3702
237366,1,1,3702
237369,1,1,3702
237216,1,1,3702
236214,1,1,3635
236381,1,1,29729
236905,1,1,3702
236920,1,1,3702
236926,1,1,3702
236940,1,1,3702
236980,1,1,3702
237298,1,1,3702
220644,1,1,39947
220667,1,1,39947
220670,1,1,39947
220779,1,1,39947
220873,1,1,39947
220363,1,1,39947
220433,1,1,39947
220479,1,1,39947
237056,1,1,3702
237066,1,1,3702
237073,1,1,3702
237078,1,1,3702
237079,1,1,3702
237080,1,1,3702
237004,1,1,3702
237015,1,1,3702
237082,1,1,3702
237086,1,1,3702
237088,1,1,3702
237096,1,1,3702
237104,1,1,3702
237109,1,1,3702
237041,1,1,3702
237049,1,1,3702
222109,1,1,39947
222128,1,1,39947
222213,1,1,39947
222215,1,1,316275
222232,1,1,4530
222294,1,1,39947
222323,1,1,39947
237081,1,1,3702
218707,1,1,39947
219458,1,1,39947
220032,1,1,39947
220057,1,1,39947
217158,1,1,39947
217204,1,1,39947
217253,1,1,39947
217641,1,1,4577
229994,1,1,4097
230065,1,1,4081
222507,1,1,39947
222518,1,1,39947
802048,1,1,185431
802039,1,1,3702
218494,1,1,39947
218599,1,1,39946
232990,1,1,4081
233496,1,1,3635
236041,1,1,518
228147,1,1,7955
228424,1,1,4081
228592,1,1,4113
228801,1,1,4081
229984,1,1,4081
220480,1,1,39947
220482,1,1,4577
220542,1,1,39947
220549,1,1,39947
220571,1,1,39947
230174,1,1,4097
231046,1,1,4232
232693,1,1,4081
802083,1,1,185431
802072,1,1,9606
215675,1,1,39947
215709,1,1,39947
215754,1,1,39947
215799,1,1,39947
215872,1,1,39947
215349,1,1,39947
221179,1,1,39947
221212,1,1,39947
221240,1,1,39947
221275,1,1,39947
220613,1,1,4565
220636,1,1,39947
802030,1,1,185431
802017,1,1,3702
221688,1,1,39947
222074,1,1,39947
222103,1,1,39947
222104,1,1,4081
221102,1,1,39947
221143,1,1,39947
221159,1,1,39947
221164,1,1,4577
217725,1,1,39947
217742,1,1,39947
217983,1,1,39947
218022,1,1,39947
221291,1,1,39947
221296,1,1,39947
221456,1,1,39947
221602,1,1,39947
214863,1,1,39947
214245,1,1,39947
214265,1,1,39947
214268,1,1,39947
214311,1,1,39947
214366,1,1,39947
214605,1,1,39947
214682,1,1,39947
220242,1,1,39947
218055,1,1,39947
218431,1,1,39947
214808,1,1,39947
214836,1,1,39947
214839,1,1,39947
214848,1,1,39947
214853,1,1,39947
220275,1,1,39947
220288,1,1,39947
220349,1,1,39947
220358,1,1,39947
220104,1,1,4577
220121,1,1,39947
220154,1,1,39947
220233,1,1,39947
215352,1,1,39947
215368,1,1,39947
215394,1,1,39947
215396,1,1,39947
215430,1,1,39947
215431,1,1,39947
215476,1,1,39947
220257,1,1,39947
212719,1,1,39947
212750,1,1,39947
212758,1,1,39947
215172,1,1,39947
215173,1,1,39947
215185,1,1,4577
215187,1,1,39947
215223,1,1,39947
802053,1,1,9606
802108,1,1,3702
212842,1,1,4565
212856,1,1,39947
212885,1,1,39947
212901,1,1,39947
212663,1,1,39947
212704,1,1,39947
215910,1,1,39947
215911,1,1,39947
216006,1,1,39947
216023,1,1,39947
216052,1,1,39947
216078,1,1,39947
215535,1,1,4577
215580,1,1,39947
216090,1,1,39946
216128,1,1,39947
216188,1,1,39947
216332,1,1,4577
216349,1,1,39947
216640,1,1,39947
217104,1,1,39947
215897,1,1,39947
212208,1,1,39947
212212,1,1,39947
212225,1,1,39947
213097,1,1,39947
213102,1,1,39947
213140,1,1,39947
213159,1,1,563041
213303,1,1,39947
212303,1,1,4577
212305,1,1,4577
212327,1,1,39947
212129,1,1,39947
212133,1,1,39947
212175,1,1,39947
212179,1,1,4558
212204,1,1,39947
215107,1,1,39947
215169,1,1,39947
214790,1,1,39947
214792,1,1,39947
802094,1,1,3702
212242,1,1,39947
212250,1,1,39947
212256,1,1,39947
215271,1,1,39947
215293,1,1,39947
215320,1,1,39947
214897,1,1,39947
214932,1,1,39947
214970,1,1,39947
215083,1,1,4577
215100,1,1,39947
209448,1,1,39947
212550,1,1,39947
212562,1,1,39947
212564,1,1,39947
212575,1,1,39947
212583,1,1,39947
212632,1,1,39947
212633,1,1,39947
211265,1,1,39947
206574,1,1,39947
206849,1,1,4536
209314,1,1,39947
209381,1,1,39947
209389,1,1,39947
209412,1,1,39947
209421,1,1,39947
212770,1,1,39947
802129,1,1,256642
802192,1,1,3702
802168,1,1,3702
210246,1,1,39947
210877,1,1,39946
210894,1,1,39947
211258,1,1,39947
213914,1,1,7955
214023,1,1,8022
212924,1,1,39946
212927,1,1,39947
212949,1,1,39947
212974,1,1,39947
212991,1,1,4565
213083,1,1,39947
212120,1,1,39947
212125,1,1,39947
212128,1,1,4565
211878,1,1,39947
211879,1,1,39947
211883,1,1,39947
211888,1,1,39947
211935,1,1,39947
197920,1,1,39947
197973,1,1,39947
198183,1,1,39947
198220,1,1,39947
211989,1,1,39947
212002,1,1,39947
212059,1,1,39947
212090,1,1,39947
802219,1,1,3702
802205,1,1,9606
198346,1,1,39947
198504,1,1,39947
198682,1,1,39947
198718,1,1,39947
198786,1,1,39947
197855,1,1,39947
212331,1,1,272943
212372,1,1,39947
212404,1,1,39947
212411,1,1,4565
212497,1,1,39947
212512,1,1,4577
212227,1,1,39947
212236,1,1,39947
205197,1,1,39946
206195,1,1,6239
198806,1,1,39947
198857,1,1,39947
198977,1,1,39947
199286,1,1,39947
199336,1,1,39947
199499,1,1,39947
149754,1,1,3055
150067,1,1,3055
150115,1,1,3055
199907,1,1,39947
200345,1,1,39947
204045,1,1,39947
204357,1,1,39947
204590,1,1,39946
151954,1,1,3055
152197,1,1,870730
152218,1,1,4922
155792,1,1,3055
147667,1,1,36329
148265,1,1,7955
149007,1,1,3055
149622,1,1,3055
211965,1,1,39947
211981,1,1,39947
209478,1,1,39947
802209,1,1,6239
802200,1,1,9606
802201,1,1,9606
151211,1,1,3055
151373,1,1,3055
180327,1,1,4577
181811,1,1,4577
183395,1,1,4577
186573,1,1,4565
188863,1,1,27334
191304,1,1,3635
151004,1,1,3055
151176,1,1,3055
192110,1,1,4565
194928,1,1,4565
195172,1,1,4513
196889,1,1,15368
197581,1,1,39947
197593,1,1,39947
197830,1,1,39947
155880,1,1,3055
143398,1,1,36329
143402,1,1,36329
143410,1,1,36329
143792,1,1,7962
144250,1,1,36329
144338,1,1,1403190
144525,1,1,5811
144561,1,1,36329
199537,1,1,39947
198328,1,1,39947
198329,1,1,39947
802300,1,1,9606
145059,1,1,36329
145068,1,1,36329
145225,1,1,36329
145227,1,1,556484
145579,1,1,36329
145748,1,1,7955
145888,1,1,36329
146070,1,1,1496
146354,1,1,36329
146529,1,1,9606
144818,1,1,5823
144966,1,1,36329
146754,1,1,36329
147006,1,1,7955
147341,1,1,36329
147365,1,1,36329
147585,1,1,36329
147589,1,1,36329
147599,1,1,36329
145432,1,1,312017
142237,1,1,36329
142247,1,1,36329
142259,1,1,36329
142267,1,1,3713
142335,1,1,36329
142471,1,1,10090
142533,1,1,36329
146554,1,1,7955
802271,1,1,44689
142639,1,1,36329
142660,1,1,36329
142679,1,1,312017
142694,1,1,36329
142712,1,1,36329
142736,1,1,36329
142162,1,1,36329
142853,1,1,5823
142872,1,1,36329
142973,1,1,353152
142974,1,1,36329
142989,1,1,36329
143014,1,1,36329
142593,1,1,36329
142630,1,1,36329
143019,1,1,36329
143048,1,1,36329
143134,1,1,36329
143280,1,1,36329
143352,1,1,36329
143396,1,1,36329
142760,1,1,36329
142789,1,1,36329
141350,1,1,36329
141356,1,1,36329
141358,1,1,36329
141377,1,1,36329
141386,1,1,36329
141391,1,1,36329
143016,1,1,36329
143017,1,1,5811
802370,1,1,6087
802372,1,1,9606
141517,1,1,36329
141518,1,1,36329
141519,1,1,36329
141534,1,1,36329
141614,1,1,36329
141304,1,1,36329
141741,1,1,36329
141744,1,1,36329
141799,1,1,36329
141801,1,1,36329
141499,1,1,36329
141512,1,1,36329
802442,1,1,9606
140648,1,1,36329
141933,1,1,36329
141936,1,1,36329
141949,1,1,36329
142008,1,1,36329
142084,1,1,7955
141650,1,1,36329
141688,1,1,36329
141692,1,1,36329
140924,1,1,36329
140927,1,1,36329
140931,1,1,36329
140948,1,1,126793
140953,1,1,36329
140958,1,1,36329
140970,1,1,36329
141812,1,1,36329
802343,1,1,9606
802397,1,1,559292
140983,1,1,36329
140985,1,1,36329
140986,1,1,36329
140987,1,1,36329
140992,1,1,36329
141086,1,1,36329
141152,1,1,36329
141167,1,1,36329
141174,1,1,36329
141190,1,1,36329
140976,1,1,36329
140978,1,1,36329
802430,1,1,9606
802482,1,1,559292
141231,1,1,36329
141279,1,1,5823
141284,1,1,36329
141293,1,1,36329
141297,1,1,36329
141119,1,1,36329
141126,1,1,5823
141146,1,1,36329
140554,1,1,36329
140559,1,1,36329
140595,1,1,36329
140613,1,1,36329
140623,1,1,36329
141194,1,1,36329
141206,1,1,36329
141219,1,1,5823
140655,1,1,36329
140668,1,1,36329
140671,1,1,36329
140673,1,1,36329
140677,1,1,36329
140523,1,1,36329
140534,1,1,36329
140538,1,1,36329
140825,1,1,36329
140854,1,1,36329
140914,1,1,36329
140685,1,1,36329
140701,1,1,36329
140704,1,1,36329
140713,1,1,36329
140724,1,1,36329
140273,1,1,36329
140284,1,1,36329
140289,1,1,36329
140738,1,1,36329
140755,1,1,36329
140770,1,1,36329
140772,1,1,36329
140824,1,1,36329
140312,1,1,36329
140322,1,1,36329
140333,1,1,36329
140186,1,1,36329
140190,1,1,36329
140191,1,1,36329
140200,1,1,36329
140221,1,1,36329
802467,1,1,44689
802468,1,1,9606
802472,1,1,9606
802475,1,1,559292
802459,1,1,3702
140300,1,1,36329
140305,1,1,36329
140307,1,1,36329
140508,1,1,36329
140516,1,1,36329
140355,1,1,36329
140360,1,1,36329
140368,1,1,36329
140381,1,1,36329
140399,1,1,36329
140422,1,1,36329
139863,1,1,36329
139873,1,1,36329
140436,1,1,36329
140443,1,1,36329
140459,1,1,36329
140463,1,1,36329
140482,1,1,36329
140487,1,1,36329
139971,1,1,36329
139979,1,1,36329
139805,1,1,36329
139806,1,1,36329
139824,1,1,36329
139830,1,1,36329
139834,1,1,36329
139850,1,1,36329
140727,1,1,36329
140734,1,1,36329
140626,1,1,36329
140629,1,1,36329
802512,1,1,9606
139923,1,1,36329
139959,1,1,36329
139966,1,1,36329
140152,1,1,36329
140163,1,1,36329
140173,1,1,36329
140178,1,1,5823
139998,1,1,36329
140033,1,1,36329
140046,1,1,36329
140051,1,1,36329
139530,1,1,36329
139534,1,1,7955
139540,1,1,36329
139577,1,1,36329
140100,1,1,36329
140105,1,1,36329
140120,1,1,36329
140127,1,1,5823
139661,1,1,36329
139669,1,1,36329
139671,1,1,36329
139706,1,1,7955
139468,1,1,36329
139492,1,1,36329
139513,1,1,36329
139524,1,1,36329
140424,1,1,36329
140296,1,1,36329
140299,1,1,36329
802502,1,1,3702
802552,1,1,185431
802540,1,1,3702
139642,1,1,36329
139646,1,1,36329
139792,1,1,36329
139793,1,1,36329
139797,1,1,36329
139803,1,1,36329
139707,1,1,5823
139724,1,1,36329
139725,1,1,36329
139749,1,1,36329
139135,1,1,36329
139139,1,1,36329
139145,1,1,36329
139160,1,1,36329
139770,1,1,36329
139787,1,1,36329
139788,1,1,36329
139789,1,1,36329
139223,1,1,5823
139246,1,1,36329
139286,1,1,36329
139295,1,1,36329
139325,1,1,36329
139112,1,1,36329
139124,1,1,36329
139133,1,1,5843
140052,1,1,36329
140060,1,1,36329
140080,1,1,36329
140084,1,1,36329
139885,1,1,36329
139890,1,1,36329
802567,1,1,9606
139212,1,1,36329
139425,1,1,36329
139431,1,1,36329
139437,1,1,36329
139335,1,1,36329
139338,1,1,36329
139365,1,1,36329
139368,1,1,36329
139370,1,1,36329
138824,1,1,36329
138825,1,1,36329
138827,1,1,36329
139398,1,1,36329
139399,1,1,36329
139401,1,1,36329
139403,1,1,36329
139405,1,1,36329
138915,1,1,36329
138941,1,1,36329
138984,1,1,36329
138792,1,1,36329
138793,1,1,36329
138796,1,1,36329
138804,1,1,36329
138815,1,1,36329
139750,1,1,36329
139754,1,1,36329
139769,1,1,36329
139578,1,1,36329
139618,1,1,36329
802615,1,1,44689
138883,1,1,5823
138888,1,1,36329
139082,1,1,36329
139090,1,1,36329
139097,1,1,36329
139105,1,1,36329
138987,1,1,36329
138998,1,1,36329
139017,1,1,36329
139018,1,1,36329
138437,1,1,36329
138444,1,1,36329
138451,1,1,36329
138453,1,1,36329
138459,1,1,36329
139074,1,1,36329
139075,1,1,36329
139080,1,1,36329
138481,1,1,36329
138494,1,1,36329
138504,1,1,36329
138508,1,1,7955
138518,1,1,36329
138390,1,1,36329
138403,1,1,36329
138431,1,1,36329
139382,1,1,36329
139388,1,1,36329
139393,1,1,36329
139182,1,1,36329
139194,1,1,36329
802668,1,1,3702
802660,1,1,9606
138478,1,1,6239
138699,1,1,36329
138702,1,1,36329
138758,1,1,36329
138760,1,1,36329
138778,1,1,36329
138786,1,1,36329
138534,1,1,36329
138559,1,1,36329
136797,1,1,36329
136728,1,1,36329
136729,1,1,36329
136735,1,1,36329
136738,1,1,36329
136748,1,1,36329
136756,1,1,36329
138663,1,1,36329
802716,1,1,3702
802700,1,1,36329
802710,1,1,185431
136769,1,1,36329
136772,1,1,36329
136774,1,1,36329
136777,1,1,36329
136785,1,1,36329
139028,1,1,36329
139036,1,1,36329
139039,1,1,36329
139050,1,1,36329
138858,1,1,36329
138877,1,1,36329
802635,1,1,9606
802641,1,1,3702
138267,1,1,36329
138274,1,1,36329
138291,1,1,36329
138296,1,1,36329
138311,1,1,36329
138347,1,1,36329
138358,1,1,36329
138378,1,1,5823
136586,1,1,36329
136598,1,1,36329
136602,1,1,36329
136603,1,1,36329
136610,1,1,36329
136611,1,1,36329
136612,1,1,36329
136615,1,1,36329
802689,1,1,9606
802732,1,1,559292
136629,1,1,36329
136631,1,1,36329
136633,1,1,36329
136635,1,1,36329
136636,1,1,36329
136642,1,1,36329
138564,1,1,36329
138589,1,1,36329
138614,1,1,36329
138641,1,1,36329
138655,1,1,36329
138465,1,1,36329
138473,1,1,36329
802696,1,1,185431
136404,1,1,36329
136405,1,1,36329
136419,1,1,36329
136425,1,1,36329
136677,1,1,36329
136687,1,1,36329
136688,1,1,36329
136701,1,1,36329
136448,1,1,36329
136456,1,1,36329
136468,1,1,36329
136500,1,1,36329
136503,1,1,36329
136386,1,1,36329
136397,1,1,36329
136400,1,1,36329
136759,1,1,36329
802738,1,1,9606
802727,1,1,3702
802800,1,1,10090
802786,1,1,284812
802791,1,1,9606
802771,1,1,9606
136434,1,1,36329
136801,1,1,36329
136804,1,1,36329
136805,1,1,36329
136806,1,1,36329
136807,1,1,36329
137614,1,1,480808
137757,1,1,126793
136758,1,1,36329
136276,1,1,36329
136279,1,1,36329
136281,1,1,36329
136548,1,1,36329
136554,1,1,36329
136559,1,1,36329
136569,1,1,36329
136572,1,1,36329
136289,1,1,36329
136296,1,1,36329
136311,1,1,36329
136312,1,1,36329
136314,1,1,36329
136316,1,1,36329
136259,1,1,36329
136273,1,1,36329
136666,1,1,36329
136669,1,1,36329
136676,1,1,36329
136619,1,1,36329
136625,1,1,36329
802762,1,1,3702
802847,1,1,3702
802828,1,1,185431
136719,1,1,36329
136720,1,1,36329
136726,1,1,36329
136645,1,1,36329
136651,1,1,36329
136652,1,1,36329
136655,1,1,36329
136664,1,1,36329
90598,1,1,7955
91286,1,1,7955
92379,1,1,559292
92402,1,1,9606
71531,1,1,556484
71741,1,1,556484
79893,1,1,1094619
79923,1,1,403677
802868,1,1,284812
802870,1,1,9606
802865,1,1,284812
802857,1,1,3702
802916,1,1,9606
802922,1,1,284812
86721,1,1,4787
89766,1,1,403677
136533,1,1,36329
136534,1,1,36329
136427,1,1,36329
136430,1,1,36329
802818,1,1,3702
802821,1,1,3702
802804,1,1,9606
802805,1,1,3702
136575,1,1,36329
136577,1,1,36329
136509,1,1,36329
136515,1,1,36329
136518,1,1,36329
136521,1,1,36329
136531,1,1,36329
136532,1,1,36329
802983,1,1,44689
802986,1,1,6239
802990,1,1,39947
802973,1,1,3702
802974,1,1,3702
802954,1,1,9606
67967,1,1,185431
67970,1,1,185431
136353,1,1,36329
136354,1,1,36329
136283,1,1,36329
136287,1,1,36329
802890,1,1,3055
802893,1,1,3702
802894,1,1,10090
802982,1,1,44689
136370,1,1,36329
136374,1,1,36329
136376,1,1,36329
136377,1,1,36329
136317,1,1,36329
136318,1,1,36329
136326,1,1,36329
136327,1,1,36329
80420,1,1,403677
80511,1,1,4787
80610,1,1,4787
80896,1,1,4787
136359,1,1,36329
136361,1,1,36329
136367,1,1,36329
136368,1,1,36329
93585,1,1,7955
94274,1,1,10116
100752,1,1,312017
119563,1,1,312017
84737,1,1,67593
85138,1,1,403677
802955,1,1,185431
803041,1,1,3702
130379,1,1,5811
130606,1,1,5811
131792,1,1,5811
132719,1,1,432359
92521,1,1,559292
92567,1,1,10090
92812,1,1,10090
93381,1,1,10090
67947,1,1,185431
67948,1,1,185431
67951,1,1,185431
67953,1,1,185431
122454,1,1,312017
122641,1,1,312017
122722,1,1,312017
128491,1,1,5811
67971,1,1,185431
67973,1,1,185431
67975,1,1,185431
67985,1,1,185431
67838,1,1,5664
67843,1,1,185431
67866,1,1,5664
67930,1,1,185431
68002,1,1,185431
68007,1,1,185431
68008,1,1,185431
68010,1,1,185431
68013,1,1,185431
67962,1,1,185431
67966,1,1,185431
803011,1,1,9606
68017,1,1,185431
68018,1,1,185431
68021,1,1,185431
68022,1,1,185431
68041,1,1,185431
68110,1,1,185431
67997,1,1,185431
68001,1,1,185431
67631,1,1,185431
67636,1,1,185431
67641,1,1,185431
67644,1,1,185431
67657,1,1,185431
67664,1,1,185431
67669,1,1,185431
68014,1,1,185431
803042,1,1,3702
67686,1,1,185431
67690,1,1,185431
67693,1,1,185431
67708,1,1,185431
67713,1,1,185431
67715,1,1,185431
67626,1,1,185431
67739,1,1,185431
67740,1,1,185431
67742,1,1,185431
67743,1,1,185431
67673,1,1,185431
67679,1,1,185431
803072,1,1,9606
803078,1,1,1043007
67747,1,1,185431
67748,1,1,185431
67749,1,1,185431
67750,1,1,185431
67774,1,1,7227
67718,1,1,185431
67733,1,1,185431
67737,1,1,185431
67508,1,1,185431
67509,1,1,185431
67521,1,1,185431
67522,1,1,185431
67524,1,1,185431
67744,1,1,185431
67745,1,1,185431
67746,1,1,185431
803080,1,1,3055
67534,1,1,185431
67537,1,1,185431
67546,1,1,185431
67549,1,1,185431
67550,1,1,185431
67505,1,1,5664
67507,1,1,185431
67622,1,1,185431
67553,1,1,185431
67569,1,1,185431
67574,1,1,185431
67586,1,1,185431
67587,1,1,185431
67588,1,1,185431
67525,1,1,185431
67453,1,1,185431
67454,1,1,185431
67592,1,1,185431
67593,1,1,185431
67597,1,1,185431
67603,1,1,185431
67616,1,1,185431
67618,1,1,185431
67466,1,1,185431
67467,1,1,185431
67440,1,1,185431
67444,1,1,185431
67448,1,1,185431
67449,1,1,185431
67450,1,1,185431
67451,1,1,185431
803141,1,1,7227
803148,1,1,3702
803127,1,1,185431
803135,1,1,9606
67460,1,1,185431
67462,1,1,185431
67464,1,1,185431
67465,1,1,185431
67503,1,1,185431
67504,1,1,185431
67468,1,1,185431
67472,1,1,185431
67474,1,1,185431
67477,1,1,185431
67478,1,1,185431
67482,1,1,185431
67391,1,1,185431
67392,1,1,185431
67486,1,1,185431
67489,1,1,185431
67495,1,1,185431
67499,1,1,185431
67501,1,1,185431
67502,1,1,185431
67407,1,1,185431
67410,1,1,185431
67411,1,1,185431
67374,1,1,185431
67375,1,1,185431
67377,1,1,185431
67380,1,1,185431
67384,1,1,185431
67530,1,1,185431
803120,1,1,44689
803125,1,1,44689
803111,1,1,44689
803187,1,1,9606
67399,1,1,185431
67402,1,1,185431
67404,1,1,185431
67430,1,1,185431
67431,1,1,185431
67434,1,1,185431
67412,1,1,185431
67413,1,1,185431
67414,1,1,185431
67415,1,1,185431
67417,1,1,185431
67264,1,1,185431
67269,1,1,185431
67278,1,1,185431
67422,1,1,185431
67424,1,1,185431
67425,1,1,185431
67426,1,1,185431
67428,1,1,185431
67289,1,1,185431
67291,1,1,185431
67293,1,1,185431
67294,1,1,185431
67296,1,1,5664
67256,1,1,185431
67257,1,1,185431
67261,1,1,5664
67483,1,1,185431
67484,1,1,185431
67455,1,1,185431
803172,1,1,44689
803161,1,1,3702
803163,1,1,9606
803235,1,1,44689
67287,1,1,185431
67348,1,1,185431
67360,1,1,185431
67361,1,1,185431
67367,1,1,185431
67371,1,1,185431
67372,1,1,185431
67299,1,1,185431
67309,1,1,185431
67182,1,1,185431
67188,1,1,185431
67191,1,1,185431
67192,1,1,185431
67198,1,1,7227
67199,1,1,185431
67201,1,1,185431
67343,1,1,185431
803288,1,1,284812
803295,1,1,559292
67208,1,1,185431
67210,1,1,185431
67212,1,1,185431
67213,1,1,185431
67216,1,1,185431
67181,1,1,185431
67418,1,1,185431
67419,1,1,185431
67420,1,1,185431
67394,1,1,185431
67398,1,1,185431
803224,1,1,9606
803227,1,1,9606
803212,1,1,9606
67101,1,1,185431
67103,1,1,185431
67106,1,1,185431
67235,1,1,185431
67237,1,1,7227
67238,1,1,185431
67247,1,1,185431
67249,1,1,185431
67122,1,1,185431
67123,1,1,185431
67125,1,1,185431
67093,1,1,185431
67095,1,1,185431
67097,1,1,185431
67098,1,1,185431
67099,1,1,185431
803276,1,1,7955
803347,1,1,3702
803357,1,1,284812
803325,1,1,9606
803326,1,1,3702
67114,1,1,185431
67117,1,1,7227
67120,1,1,185431
67315,1,1,185431
67318,1,1,185431
67321,1,1,185431
67329,1,1,185431
67331,1,1,185431
67333,1,1,185431
67284,1,1,185431
67285,1,1,185431
67049,1,1,185431
67052,1,1,185431
67053,1,1,185431
67005,1,1,185431
67007,1,1,185431
67009,1,1,185431
67012,1,1,185431
67013,1,1,185431
803383,1,1,44689
803473,1,1,9606
803463,1,1,294381
803468,1,1,7955
803433,1,1,3702
67038,1,1,185431
67039,1,1,185431
67042,1,1,185431
67234,1,1,185431
67203,1,1,185431
67207,1,1,185431
803323,1,1,44689
803411,1,1,3702
803419,1,1,185431
803395,1,1,3702
803405,1,1,3702
67251,1,1,185431
67255,1,1,185431
67222,1,1,185431
67223,1,1,185431
67225,1,1,185431
67226,1,1,185431
67231,1,1,185431
67233,1,1,185431
803559,1,1,8022
803560,1,1,559292
803549,1,1,9606
66950,1,1,185431
66952,1,1,185431
66955,1,1,185431
66957,1,1,185431
66958,1,1,185431
67147,1,1,185431
67151,1,1,185431
67154,1,1,185431
67109,1,1,185431
803445,1,1,3702
803447,1,1,9606
803427,1,1,284812
803554,1,1,9606
67168,1,1,185431
67170,1,1,185431
67173,1,1,185431
67127,1,1,185431
67136,1,1,185431
67137,1,1,185431
67138,1,1,185431
67139,1,1,185431
67014,1,1,185431
67018,1,1,185431
67026,1,1,185431
67155,1,1,185431
67160,1,1,185431
67161,1,1,185431
67162,1,1,185431
67166,1,1,185431
67033,1,1,185431
67037,1,1,185431
803488,1,1,3702
803638,1,1,559292
803650,1,1,9606
803615,1,1,44689
803631,1,1,44689
66863,1,1,185431
67055,1,1,185431
67057,1,1,185431
67061,1,1,185431
67063,1,1,185431
67064,1,1,185431
67066,1,1,185431
67068,1,1,185431
67075,1,1,185431
67076,1,1,185431
67078,1,1,185431
67083,1,1,185431
67084,1,1,185431
67086,1,1,5702
67087,1,1,185431
67088,1,1,185431
67091,1,1,185431
66962,1,1,185431
66914,1,1,185431
66918,1,1,185431
66924,1,1,185431
66926,1,1,185431
66927,1,1,185431
66928,1,1,185431
66929,1,1,185431
66976,1,1,185431
66978,1,1,185431
66979,1,1,185431
66942,1,1,185431
66945,1,1,185431
803571,1,1,3702
803582,1,1,44689
803709,1,1,3702
66998,1,1,185431
67000,1,1,185431
67002,1,1,185431
66965,1,1,185431
66968,1,1,185431
66969,1,1,185431
66970,1,1,185431
66975,1,1,185431
66850,1,1,185431
66851,1,1,185431
66853,1,1,185431
66981,1,1,185431
66985,1,1,185431
66986,1,1,185431
66991,1,1,185431
66994,1,1,185431
66865,1,1,185431
66866,1,1,185431
66867,1,1,185431
66870,1,1,185431
66871,1,1,185431
66842,1,1,185431
66846,1,1,185431
66847,1,1,185431
66874,1,1,185431
66876,1,1,185431
66877,1,1,185431
66880,1,1,185431
66883,1,1,185431
66887,1,1,185431
66888,1,1,185431
66889,1,1,185431
66890,1,1,185431
66892,1,1,185431
66896,1,1,185431
66900,1,1,185431
66904,1,1,185431
66907,1,1,185431
66908,1,1,185431
66913,1,1,185431
66779,1,1,185431
66780,1,1,185431
66781,1,1,185431
66782,1,1,185431
66783,1,1,185431
66784,1,1,185431
66786,1,1,185431
66787,1,1,185431
803714,1,1,284812
803701,1,1,44689
66790,1,1,185431
66794,1,1,185431
66795,1,1,185431
66796,1,1,185431
66799,1,1,185431
66800,1,1,185431
803811,1,1,44689
803837,1,1,185431
803838,1,1,185431
803840,1,1,10090
803799,1,1,9606
66733,1,1,185431
66736,1,1,185431
66737,1,1,185431
803722,1,1,44689
803726,1,1,9606
803727,1,1,3702
803842,1,1,3702
803848,1,1,185431
803852,1,1,185431
803874,1,1,3702
803879,1,1,9606
803755,1,1,44689
803756,1,1,3702
803759,1,1,44689
803761,1,1,559292
803731,1,1,44689
803733,1,1,3702
803739,1,1,9606
803744,1,1,185431
66861,1,1,185431
66862,1,1,185431
803682,1,1,10090
803684,1,1,44689
803690,1,1,185431
803671,1,1,3702
803762,1,1,44689
803753,1,1,559292
66825,1,1,185431
66788,1,1,185431
66789,1,1,185431
803806,1,1,6239
803778,1,1,9606
803794,1,1,284812
804001,1,1,9606
803954,1,1,3702
66838,1,1,185431
66802,1,1,185431
66803,1,1,185431
66804,1,1,185431
66811,1,1,185431
66812,1,1,185431
66814,1,1,185431
66823,1,1,185431
66730,1,1,185431
66827,1,1,185431
66828,1,1,185431
66831,1,1,185431
66833,1,1,185431
66834,1,1,185431
66836,1,1,185431
66837,1,1,185431
66742,1,1,185431
66743,1,1,185431
66716,1,1,185431
66717,1,1,185431
66718,1,1,185431
66719,1,1,185431
66721,1,1,185431
66722,1,1,185431
66776,1,1,185431
66746,1,1,185431
66751,1,1,185431
66752,1,1,185431
66756,1,1,185431
66758,1,1,185431
66731,1,1,185431
66732,1,1,185431
66664,1,1,185431
66759,1,1,185431
66760,1,1,185431
66763,1,1,185431
66767,1,1,7227
66770,1,1,185431
66771,1,1,185431
66774,1,1,185431
66678,1,1,185431
66651,1,1,185431
66652,1,1,185431
66653,1,1,185431
66659,1,1,185431
66660,1,1,185431
66661,1,1,185431
66663,1,1,185431
803961,1,1,7955
803980,1,1,7955
803916,1,1,9606
66668,1,1,185431
66674,1,1,185431
66675,1,1,185431
66676,1,1,185431
66677,1,1,185431
66704,1,1,185431
66707,1,1,185431
66708,1,1,185431
66709,1,1,185431
66715,1,1,185431
66679,1,1,185431
66680,1,1,185431
66683,1,1,185431
66584,1,1,185431
66588,1,1,185431
66589,1,1,185431
66590,1,1,185431
66591,1,1,185431
66696,1,1,185431
66698,1,1,185431
66703,1,1,185431
66602,1,1,185431
66605,1,1,185431
66609,1,1,185431
66610,1,1,185431
66611,1,1,185431
66578,1,1,185431
66579,1,1,185431
66582,1,1,185431
803888,1,1,3055
803899,1,1,9606
803910,1,1,3702
804132,1,1,3702
804154,1,1,185431
804158,1,1,3702
804051,1,1,9606
66601,1,1,185431
66533,1,1,185431
66535,1,1,185431
66504,1,1,185431
66505,1,1,185431
66510,1,1,185431
66511,1,1,185431
66513,1,1,185431
66518,1,1,185431
804230,1,1,3702
804542,1,1,3702
804543,1,1,36329
804548,1,1,3702
66529,1,1,185431
66530,1,1,185431
66531,1,1,185431
66532,1,1,185431
804092,1,1,3702
804044,1,1,7227
804333,1,1,3702
804346,1,1,284812
804287,1,1,559292
804252,1,1,3702
804269,1,1,284812
804213,1,1,36329
66684,1,1,185431
66685,1,1,185431
66686,1,1,185431
66693,1,1,185431
66695,1,1,185431
66666,1,1,185431
66667,1,1,7227
804090,1,1,3702
66461,1,1,185431
66462,1,1,185431
66467,1,1,185431
66468,1,1,185431
66472,1,1,185431
66473,1,1,185431
66423,1,1,185431
66436,1,1,185431
66625,1,1,185431
66594,1,1,185431
66595,1,1,185431
804427,1,1,3702
804443,1,1,559292
804616,1,1,3702
804625,1,1,9606
804611,1,1,9606
66649,1,1,185431
66615,1,1,185431
66616,1,1,185431
66617,1,1,185431
66619,1,1,185431
66622,1,1,185431
66623,1,1,185431
66624,1,1,185431
66524,1,1,185431
66626,1,1,185431
66627,1,1,185431
66639,1,1,185431
66640,1,1,185431
66641,1,1,185431
66642,1,1,185431
66647,1,1,185431
804567,1,1,3702
804569,1,1,3702
804574,1,1,3702
804676,1,1,3702
66376,1,1,185431
66377,1,1,185431
66378,1,1,185431
66379,1,1,185431
66549,1,1,7227
66550,1,1,185431
66555,1,1,185431
66556,1,1,185431
66559,1,1,185431
66526,1,1,185431
66528,1,1,185431
804593,1,1,7955
66566,1,1,185431
66568,1,1,185431
66570,1,1,185431
66571,1,1,185431
66574,1,1,185431
66576,1,1,185431
66538,1,1,185431
66541,1,1,185431
66437,1,1,185431
66438,1,1,185431
66439,1,1,5664
66448,1,1,185431
66456,1,1,185431
66457,1,1,185431
66560,1,1,185431
66563,1,1,185431
66460,1,1,185431
804648,1,1,9606
804650,1,1,3702
804655,1,1,185431
804660,1,1,3702
804637,1,1,237561
804735,1,1,3702
66314,1,1,185431
66476,1,1,185431
66477,1,1,185431
66478,1,1,185431
66481,1,1,185431
66482,1,1,185431
66483,1,1,185431
66484,1,1,185431
66488,1,1,185431
66368,1,1,185431
66492,1,1,185431
66493,1,1,185431
66494,1,1,185431
66495,1,1,185431
66501,1,1,185431
66502,1,1,185431
66503,1,1,185431
66381,1,1,185431
66382,1,1,5664
66357,1,1,185431
66363,1,1,185431
66364,1,1,185431
66365,1,1,185431
66366,1,1,185431
66367,1,1,185431
66399,1,1,185431
66400,1,1,185431
66401,1,1,185431
66402,1,1,185431
66375,1,1,185431
804724,1,1,185431
804703,1,1,559292
804793,1,1,3702
66413,1,1,185431
66417,1,1,185431
66420,1,1,185431
66422,1,1,185431
66385,1,1,185431
66386,1,1,185431
66387,1,1,185431
66391,1,1,185431
66303,1,1,185431
66304,1,1,185431
66305,1,1,185431
66307,1,1,185431
66403,1,1,185431
66404,1,1,185431
66405,1,1,185431
66412,1,1,185431
66315,1,1,185431
66316,1,1,185431
66317,1,1,185431
66318,1,1,185431
66319,1,1,185431
66298,1,1,185431
66300,1,1,185431
66301,1,1,185431
66330,1,1,185431
66335,1,1,185431
66337,1,1,185431
66338,1,1,185431
66339,1,1,5702
66340,1,1,185431
66309,1,1,185431
66311,1,1,185431
66343,1,1,185431
66345,1,1,185431
66352,1,1,185431
66353,1,1,185431
66354,1,1,185431
66355,1,1,185431
66322,1,1,185431
66328,1,1,5664
66233,1,1,185431
66234,1,1,185431
66235,1,1,185431
66236,1,1,185431
66237,1,1,185431
66238,1,1,185431
66240,1,1,185431
66342,1,1,185431
804806,1,1,3702
66249,1,1,185431
66253,1,1,185431
66254,1,1,185431
66255,1,1,185431
66256,1,1,185431
66258,1,1,185431
66232,1,1,185431
66290,1,1,185431
66293,1,1,185431
66294,1,1,185431
66296,1,1,185431
66261,1,1,185431
66262,1,1,185431
66263,1,1,185431
66264,1,1,185431
66190,1,1,185431
66191,1,1,185431
66192,1,1,185431
66193,1,1,185431
66195,1,1,185431
66281,1,1,185431
66283,1,1,185431
66285,1,1,185431
66200,1,1,185431
66201,1,1,185431
66202,1,1,185431
66203,1,1,185431
66204,1,1,185431
66185,1,1,185431
66188,1,1,185431
66189,1,1,185431
804766,1,1,3702
804755,1,1,3702
804761,1,1,3702
804848,1,1,3702
804849,1,1,3702
804830,1,1,3702
804837,1,1,3702
66199,1,1,185431
66213,1,1,185431
66214,1,1,185431
66217,1,1,185431
66218,1,1,185431
66220,1,1,185431
66230,1,1,185431
66231,1,1,185431
66206,1,1,185431
66153,1,1,185431
66132,1,1,185431
66135,1,1,185431
66136,1,1,185431
66139,1,1,185431
66140,1,1,185431
66141,1,1,185431
66143,1,1,185431
804906,1,1,3702
804908,1,1,3702
804911,1,1,3702
804901,1,1,3702
66146,1,1,185431
66147,1,1,185431
66150,1,1,185431
66152,1,1,185431
66266,1,1,185431
66267,1,1,185431
66276,1,1,185431
66279,1,1,185431
66248,1,1,185431
804827,1,1,3702
804816,1,1,3702
804905,1,1,185431
805024,1,1,3702
805009,1,1,3702
66085,1,1,185431
66086,1,1,185431
66088,1,1,185431
66089,1,1,185431
66092,1,1,185431
66094,1,1,185431
804945,1,1,3702
804937,1,1,3702
804916,1,1,3702
804917,1,1,3702
804920,1,1,3702
804925,1,1,185431
805018,1,1,3702
805021,1,1,284812
804885,1,1,3702
804889,1,1,367110
804873,1,1,3702
804876,1,1,6239
804957,1,1,3702
804958,1,1,3702
804968,1,1,3702
804969,1,1,3702
66207,1,1,185431
66208,1,1,185431
66209,1,1,185431
66210,1,1,185431
66211,1,1,185431
66212,1,1,185431
66196,1,1,185431
66198,1,1,185431
804991,1,1,3702
805088,1,1,3702
805091,1,1,3702
805075,1,1,3702
805043,1,1,3702
805044,1,1,3702
66032,1,1,185431
66033,1,1,185431
66158,1,1,185431
66160,1,1,185431
66167,1,1,185431
66168,1,1,185431
66176,1,1,185431
66144,1,1,185431
804988,1,1,3702
804989,1,1,3702
66179,1,1,185431
66180,1,1,185431
66181,1,1,185431
66182,1,1,185431
66183,1,1,185431
66184,1,1,185431
66154,1,1,185431
66156,1,1,185431
66073,1,1,185431
66074,1,1,185431
66076,1,1,185431
66077,1,1,185431
66078,1,1,185431
66082,1,1,185431
66177,1,1,185431
66178,1,1,185431
66114,1,1,185431
66116,1,1,185431
66083,1,1,185431
66084,1,1,185431
805160,1,1,3702
805161,1,1,185431
805146,1,1,9606
65972,1,1,185431
66129,1,1,185431
66131,1,1,185431
66098,1,1,185431
66100,1,1,185431
66101,1,1,185431
66102,1,1,185431
66103,1,1,185431
66105,1,1,185431
66019,1,1,185431
66020,1,1,185431
66026,1,1,185431
66117,1,1,185431
66118,1,1,185431
66124,1,1,185431
66125,1,1,185431
66127,1,1,185431
66037,1,1,185431
66038,1,1,185431
66040,1,1,185431
66005,1,1,185431
66006,1,1,185431
66010,1,1,185431
66015,1,1,185431
66018,1,1,185431
66056,1,1,185431
66057,1,1,185431
66058,1,1,185431
66059,1,1,185431
66028,1,1,185431
66029,1,1,185431
805120,1,1,3702
805121,1,1,3702
66064,1,1,185431
66065,1,1,185431
66066,1,1,185431
66067,1,1,185431
66048,1,1,185431
66049,1,1,185431
66051,1,1,185431
66054,1,1,185431
65957,1,1,185431
65960,1,1,185431
65962,1,1,185431
65963,1,1,185431
65964,1,1,185431
66061,1,1,185431
66062,1,1,185431
66063,1,1,185431
65973,1,1,185431
65974,1,1,185431
65976,1,1,185431
65978,1,1,185431
65980,1,1,185431
65953,1,1,185431
65954,1,1,185431
65956,1,1,185431
65992,1,1,185431
65993,1,1,185431
65998,1,1,185431
65999,1,1,185431
66000,1,1,185431
66001,1,1,185431
66002,1,1,185431
65981,1,1,185431
65898,1,1,185431
65899,1,1,185431
65900,1,1,185431
65903,1,1,185431
65904,1,1,185431
65905,1,1,185431
65907,1,1,185431
65908,1,1,185431
805211,1,1,3702
805222,1,1,284812
65912,1,1,185431
65915,1,1,185431
65916,1,1,185431
65917,1,1,185431
65920,1,1,185431
65921,1,1,185431
805122,1,1,3702
805126,1,1,3702
805133,1,1,9606
805101,1,1,3702
805102,1,1,3702
805105,1,1,3702
805249,1,1,9606
805195,1,1,3702
65872,1,1,185431
65873,1,1,185431
65849,1,1,185431
65851,1,1,185431
65852,1,1,185431
65853,1,1,185431
65854,1,1,185431
65855,1,1,185431
805287,1,1,3702
805288,1,1,185431
805291,1,1,3702
805476,1,1,3702
805480,1,1,3702
65865,1,1,185431
65866,1,1,185431
65871,1,1,185431
65970,1,1,185431
805165,1,1,3702
805354,1,1,185431
805388,1,1,3702
805334,1,1,237561
805299,1,1,7227
805303,1,1,3702
805308,1,1,3702
65982,1,1,185431
65983,1,1,185431
65985,1,1,185431
65987,1,1,185431
65988,1,1,185431
65989,1,1,185431
65991,1,1,185431
65967,1,1,185431
805406,1,1,6239
805418,1,1,284812
805434,1,1,3702
805569,1,1,3702
805578,1,1,9606
805551,1,1,3702
805555,1,1,9606
65795,1,1,185431
65944,1,1,185431
65909,1,1,185431
65911,1,1,185431
805444,1,1,7227
805449,1,1,3702
805456,1,1,3702
805457,1,1,9606
805392,1,1,9606
65952,1,1,185431
65926,1,1,185431
65929,1,1,185431
65930,1,1,185431
65937,1,1,185431
65940,1,1,185431
65942,1,1,185431
65943,1,1,185431
65857,1,1,185431
65859,1,1,185431
65945,1,1,185431
65946,1,1,185431
65947,1,1,185431
65948,1,1,185431
65949,1,1,185431
65951,1,1,185431
65881,1,1,185431
65882,1,1,185431
65883,1,1,185431
65862,1,1,185431
65863,1,1,185431
805538,1,1,3702
805547,1,1,3702
805503,1,1,3702
65891,1,1,185431
65892,1,1,185431
65893,1,1,185431
65895,1,1,185431
65874,1,1,185431
65875,1,1,185431
65876,1,1,185431
65877,1,1,185431
65787,1,1,185431
65788,1,1,185431
65789,1,1,185431
65792,1,1,185431
65885,1,1,185431
65888,1,1,185431
65889,1,1,185431
65890,1,1,185431
65806,1,1,185431
65807,1,1,185431
65808,1,1,185431
65810,1,1,185431
65811,1,1,185431
65780,1,1,185431
65781,1,1,185431
65786,1,1,185431
65815,1,1,185431
65819,1,1,185431
65822,1,1,5664
65827,1,1,185431
65831,1,1,185431
65832,1,1,185431
65833,1,1,185431
65837,1,1,185431
65838,1,1,185431
65839,1,1,185431
65841,1,1,185431
65844,1,1,185431
65845,1,1,185431
65846,1,1,185431
65847,1,1,185431
65848,1,1,185431
65732,1,1,185431
65733,1,1,185431
65734,1,1,185431
65735,1,1,185431
65739,1,1,185431
65740,1,1,185431
65742,1,1,185431
65743,1,1,185431
805616,1,1,9606
805621,1,1,9606
805622,1,1,3702
65748,1,1,185431
65749,1,1,185431
65751,1,1,185431
65754,1,1,185431
65756,1,1,185431
65697,1,1,185431
65699,1,1,5702
65700,1,1,185431
65672,1,1,185431
65673,1,1,185431
65675,1,1,185431
65677,1,1,185431
65678,1,1,185431
805803,1,1,3702
805777,1,1,3702
805778,1,1,3702
805788,1,1,3702
805764,1,1,3702
65693,1,1,185431
65694,1,1,185431
65696,1,1,185431
805721,1,1,3702
805723,1,1,3702
805731,1,1,3702
805715,1,1,3702
805720,1,1,3702
805684,1,1,9606
805794,1,1,9606
805798,1,1,3702
65793,1,1,185431
65794,1,1,185431
805607,1,1,3702
805591,1,1,3702
805598,1,1,185431
805736,1,1,39946
805737,1,1,39946
805746,1,1,559292
805879,1,1,3702
805889,1,1,185431
805860,1,1,3702
65637,1,1,185431
65638,1,1,185431
65641,1,1,185431
65643,1,1,185431
65645,1,1,185431
65768,1,1,185431
65746,1,1,185431
65747,1,1,185431
805767,1,1,3702
805769,1,1,272623
805748,1,1,3702
805752,1,1,272630
805759,1,1,284812
65777,1,1,185431
65778,1,1,185431
65757,1,1,185431
65759,1,1,185431
65762,1,1,185431
65763,1,1,185431
65765,1,1,5702
65766,1,1,185431
65680,1,1,185431
65688,1,1,185431
65771,1,1,185431
65772,1,1,185431
65773,1,1,185431
65774,1,1,185431
65775,1,1,185431
65776,1,1,185431
65692,1,1,185431
805835,1,1,284812
805807,1,1,3702
805816,1,1,559292
805821,1,1,3702
805825,1,1,3702
805966,1,1,3702
805971,1,1,9606
65702,1,1,185431
65703,1,1,185431
65704,1,1,185431
65705,1,1,185431
65708,1,1,185431
65712,1,1,185431
65718,1,1,185431
65689,1,1,185431
65719,1,1,185431
65722,1,1,185431
65723,1,1,185431
65725,1,1,185431
65727,1,1,185431
65728,1,1,185431
65730,1,1,185431
65701,1,1,185431
65622,1,1,185431
65623,1,1,185431
65624,1,1,185431
65625,1,1,185431
65626,1,1,185431
65631,1,1,185431
65632,1,1,185431
65633,1,1,185431
65671,1,1,185431
65646,1,1,185431
65647,1,1,185431
65648,1,1,185431
65651,1,1,185431
65652,1,1,185431
65653,1,1,5664
65634,1,1,185431
65541,1,1,185431
65656,1,1,185431
65657,1,1,185431
65658,1,1,185431
65663,1,1,185431
65665,1,1,185431
65669,1,1,185431
65670,1,1,185431
65579,1,1,185431
65509,1,1,185431
65516,1,1,185431
65518,1,1,185431
65519,1,1,185431
65522,1,1,185431
65537,1,1,185431
65538,1,1,185431
805946,1,1,44689
805948,1,1,3702
805958,1,1,3702
65569,1,1,185431
65570,1,1,185431
65574,1,1,185431
65575,1,1,185431
65577,1,1,185431
65614,1,1,185431
65615,1,1,185431
65616,1,1,185431
65617,1,1,185431
65618,1,1,185431
65620,1,1,185431
65593,1,1,185431
65594,1,1,185431
65389,1,1,185431
65392,1,1,185431
65393,1,1,185431
65394,1,1,185431
65397,1,1,185431
65401,1,1,185431
65403,1,1,185431
65613,1,1,185431
806028,1,1,44689
806004,1,1,3702
65409,1,1,185431
65414,1,1,185431
65418,1,1,185431
65423,1,1,185431
65424,1,1,185431
65387,1,1,185431
65636,1,1,185431
805918,1,1,312017
805925,1,1,559292
805895,1,1,10090
805904,1,1,3702
805910,1,1,3702
806039,1,1,39947
806050,1,1,3702
806307,1,1,9606
806374,1,1,10754
806234,1,1,3702
806237,1,1,3702
65340,1,1,185431
65341,1,1,185431
65342,1,1,185431
65345,1,1,185431
806081,1,1,284812
806127,1,1,3702
806129,1,1,3702
806062,1,1,3702
806072,1,1,3702
806078,1,1,3702
806392,1,1,284812
806407,1,1,3702
805997,1,1,3702
806164,1,1,284812
806175,1,1,185431
806178,1,1,185431
806180,1,1,7955
806186,1,1,7227
806135,1,1,3702
806080,1,1,44689
65595,1,1,185431
65596,1,1,185431
65600,1,1,185431
65601,1,1,185431
65606,1,1,185431
65608,1,1,185431
65567,1,1,185431
65568,1,1,185431
806304,1,1,3702
806207,1,1,185431
806224,1,1,3702
806834,1,1,6239
806877,1,1,3702
806888,1,1,3702
806890,1,1,3702
806659,1,1,185431
65439,1,1,185431
65443,1,1,185431
65444,1,1,185431
65452,1,1,185431
65456,1,1,185431
65408,1,1,7227
806273,1,1,9606
806285,1,1,9606
65468,1,1,185431
65473,1,1,185431
65488,1,1,185431
65490,1,1,185431
65494,1,1,185431
65502,1,1,185431
65503,1,1,185431
65430,1,1,185431
65347,1,1,185431
65348,1,1,185431
65310,1,1,185431
65311,1,1,185431
65313,1,1,185431
65319,1,1,185431
65322,1,1,185431
65335,1,1,185431
65360,1,1,185431
65361,1,1,185431
65364,1,1,185431
65367,1,1,185431
65368,1,1,185431
65337,1,1,185431
65339,1,1,185431
806602,1,1,3702
65372,1,1,185431
65375,1,1,185431
65378,1,1,185431
65382,1,1,185431
65384,1,1,185431
65386,1,1,185431
65353,1,1,185431
65358,1,1,185431
65229,1,1,185431
65232,1,1,185431
65244,1,1,185431
65249,1,1,185431
65251,1,1,185431
65256,1,1,185431
65258,1,1,185431
65369,1,1,185431
806733,1,1,9606
65261,1,1,185431
65266,1,1,185431
65268,1,1,185431
65270,1,1,185431
65274,1,1,185431
65275,1,1,185431
65226,1,1,185431
65295,1,1,185431
65296,1,1,185431
65298,1,1,185431
65299,1,1,185431
65302,1,1,185431
65304,1,1,185431
65308,1,1,185431
65309,1,1,185431
65107,1,1,185431
65109,1,1,185431
65111,1,1,185431
65113,1,1,185431
65114,1,1,185431
65118,1,1,185431
65119,1,1,185431
65121,1,1,185431
807149,1,1,3702
806951,1,1,3702
65126,1,1,185431
65171,1,1,185431
65173,1,1,5664
65176,1,1,185431
65180,1,1,5702
65183,1,1,185431
806658,1,1,9606
806439,1,1,3702
806458,1,1,3702
806524,1,1,3702
806532,1,1,3702
806565,1,1,3702
807037,1,1,284812
807062,1,1,3702
65049,1,1,185431
65052,1,1,185431
65060,1,1,185431
65061,1,1,185431
65063,1,1,185431
65027,1,1,185431
65028,1,1,5664
65029,1,1,185431
807493,1,1,44689
807494,1,1,185431
807619,1,1,284812
807625,1,1,3702
807630,1,1,3702
807638,1,1,3702
807605,1,1,7955
65048,1,1,185431
807010,1,1,3702
807027,1,1,3702
806915,1,1,3055
806940,1,1,3702
806941,1,1,3702
806948,1,1,9606
807555,1,1,5062
807516,1,1,185431
65276,1,1,185431
65278,1,1,185431
65280,1,1,185431
65285,1,1,5664
65286,1,1,185431
65287,1,1,185431
65290,1,1,185431
65260,1,1,185431
807596,1,1,3702
807601,1,1,44689
807557,1,1,284812
807569,1,1,3702
807706,1,1,3702
807712,1,1,284812
807738,1,1,284812
807700,1,1,7955
65196,1,1,185431
65203,1,1,185431
65207,1,1,185431
65209,1,1,185431
65211,1,1,185431
65122,1,1,185431
65125,1,1,185431
807595,1,1,3702
65217,1,1,5664
65219,1,1,185431
65220,1,1,185431
65222,1,1,185431
65224,1,1,185431
65187,1,1,185431
65188,1,1,185431
65191,1,1,185431
65030,1,1,185431
65031,1,1,185431
65034,1,1,185431
65035,1,1,185431
65042,1,1,185431
65214,1,1,185431
65215,1,1,185431
65216,1,1,185431
65071,1,1,185431
65072,1,1,185431
65074,1,1,185431
65076,1,1,185431
65077,1,1,185431
65043,1,1,185431
65047,1,1,185431
807685,1,1,3702
65092,1,1,185431
65097,1,1,185431
65098,1,1,185431
65104,1,1,185431
65106,1,1,185431
65065,1,1,185431
65067,1,1,185431
65070,1,1,185431
64948,1,1,185431
64951,1,1,185431
64953,1,1,185431
64955,1,1,185431
64956,1,1,185431
64963,1,1,185431
65082,1,1,185431
65091,1,1,185431
807701,1,1,3702
64975,1,1,185431
64977,1,1,185431
64979,1,1,185431
64981,1,1,185431
64983,1,1,185431
64988,1,1,185431
64946,1,1,185431
64996,1,1,185431
65003,1,1,185431
65005,1,1,185431
65008,1,1,185431
65010,1,1,185431
64972,1,1,185431
64974,1,1,185431
807801,1,1,9606
64904,1,1,185431
65011,1,1,185431
65012,1,1,185431
65014,1,1,5664
65018,1,1,185431
65020,1,1,185431
65024,1,1,185431
64995,1,1,185431
64912,1,1,185431
64914,1,1,185431
64916,1,1,185431
64893,1,1,185431
64895,1,1,185431
64896,1,1,185431
64899,1,1,185431
64903,1,1,185431
807689,1,1,185431
807641,1,1,3702
807651,1,1,3702
807658,1,1,3702
807661,1,1,3702
807854,1,1,3702
807865,1,1,9606
807837,1,1,3702
64856,1,1,185431
64859,1,1,185431
64805,1,1,185431
64806,1,1,185431
64807,1,1,185431
64834,1,1,185431
64837,1,1,185431
64838,1,1,185431
808236,1,1,185431
808133,1,1,3702
808134,1,1,3702
808080,1,1,185431
808081,1,1,185431
64849,1,1,185431
64852,1,1,185431
64854,1,1,185431
807969,1,1,9606
807891,1,1,9606
807915,1,1,9606
807940,1,1,3702
807881,1,1,9606
807886,1,1,559292
808179,1,1,3702
808214,1,1,3702
807973,1,1,3702
807976,1,1,9606
807986,1,1,185431
807988,1,1,185431
807989,1,1,3055
807959,1,1,44689
807961,1,1,3702
807966,1,1,3702
808692,1,1,185431
808942,1,1,3702
808961,1,1,3702
808454,1,1,9606
808491,1,1,7227
808501,1,1,3702
808581,1,1,65693
808582,1,1,3702
64930,1,1,185431
64907,1,1,185431
64908,1,1,185431
808121,1,1,3702
808005,1,1,3702
808078,1,1,185431
808607,1,1,3702
808656,1,1,3702
64945,1,1,185431
64919,1,1,185431
64920,1,1,185431
64921,1,1,185431
64922,1,1,185431
64925,1,1,185431
64926,1,1,185431
64928,1,1,185431
64841,1,1,185431
64842,1,1,185431
64934,1,1,185431
64935,1,1,185431
64936,1,1,185431
64939,1,1,185431
64942,1,1,185431
64944,1,1,185431
64862,1,1,185431
64864,1,1,185431
64865,1,1,185431
64866,1,1,185431
64868,1,1,185431
64872,1,1,185431
64843,1,1,185431
64848,1,1,185431
64877,1,1,185431
64880,1,1,185431
64881,1,1,185431
64882,1,1,185431
64887,1,1,185431
64891,1,1,185431
64860,1,1,185431
64861,1,1,185431
64734,1,1,185431
64735,1,1,185431
64736,1,1,185431
64737,1,1,185431
64739,1,1,185431
64740,1,1,185431
64874,1,1,185431
64875,1,1,185431
808322,1,1,36329
64745,1,1,185431
64746,1,1,185431
64747,1,1,185431
64748,1,1,185431
64750,1,1,185431
64731,1,1,185431
64733,1,1,185431
64708,1,1,185431
64709,1,1,185431
64710,1,1,185431
64711,1,1,185431
64714,1,1,185431
64696,1,1,185431
64697,1,1,185431
64698,1,1,185431
809013,1,1,9606
810227,1,1,3702
810072,1,1,3055
810125,1,1,3702
810126,1,1,3055
810140,1,1,3702
809917,1,1,3702
64707,1,1,185431
809333,1,1,3702
809408,1,1,334819
809429,1,1,3702
809118,1,1,44689
809185,1,1,334819
808972,1,1,3702
809000,1,1,3702
809004,1,1,3702
808368,1,1,284812
808245,1,1,36329
808274,1,1,9606
808308,1,1,9606
809520,1,1,227321
809525,1,1,39947
809731,1,1,7227
809238,1,1,227321
810024,1,1,3702
810067,1,1,3702
809836,1,1,9606
809870,1,1,185431
809887,1,1,3702
809916,1,1,3702
810920,1,1,3702
810943,1,1,9606
64758,1,1,185431
64760,1,1,185431
64765,1,1,5664
64741,1,1,185431
64742,1,1,185431
809971,1,1,3702
809978,1,1,3702
809996,1,1,185431
64799,1,1,185431
64801,1,1,185431
64803,1,1,185431
64804,1,1,185431
64751,1,1,185431
64752,1,1,185431
64754,1,1,185431
64757,1,1,185431
64699,1,1,185431
64700,1,1,185431
64702,1,1,185431
64703,1,1,185431
64771,1,1,185431
64795,1,1,185431
64796,1,1,185431
64798,1,1,185431
64730,1,1,185431
64715,1,1,185431
64716,1,1,185431
64717,1,1,185431
64718,1,1,185431
64719,1,1,185431
64720,1,1,185431
64721,1,1,185431
64649,1,1,185431
64651,1,1,185431
64723,1,1,185431
64725,1,1,185431
64726,1,1,185431
64727,1,1,185431
64728,1,1,185431
64729,1,1,185431
64666,1,1,185431
64667,1,1,185431
64669,1,1,185431
64627,1,1,185431
64628,1,1,185431
64629,1,1,185431
64634,1,1,185431
64635,1,1,185431
810969,1,1,284812
810993,1,1,7955
810761,1,1,6239
810839,1,1,9606
810464,1,1,3702
810486,1,1,3702
64664,1,1,185431
64665,1,1,185431
64595,1,1,185431
64596,1,1,185431
64597,1,1,185431
64600,1,1,185431
64578,1,1,185431
64579,1,1,185431
64581,1,1,185431
64583,1,1,185431
811257,1,1,3702
811262,1,1,9606
811210,1,1,9606
811415,1,1,9606
811344,1,1,44689
811365,1,1,284812
811404,1,1,44689
64592,1,1,185431
810366,1,1,284812
810369,1,1,3702
810398,1,1,3702
810434,1,1,39947
811288,1,1,44689
811289,1,1,44689
811295,1,1,9606
811244,1,1,227321
64722,1,1,185431
64705,1,1,5664
64706,1,1,185431
810588,1,1,3702
810592,1,1,3702
810656,1,1,6239
810663,1,1,10090
810330,1,1,3702
811308,1,1,9606
811309,1,1,9606
811318,1,1,3702
811687,1,1,3702
811618,1,1,284812
811653,1,1,184922
811663,1,1,44689
64525,1,1,185431
64676,1,1,185431
64677,1,1,185431
64682,1,1,185431
64652,1,1,185431
811327,1,1,9606
811333,1,1,9606
811337,1,1,44689
811305,1,1,9606
64693,1,1,185431
64694,1,1,185431
64695,1,1,185431
64671,1,1,185431
64672,1,1,185431
64673,1,1,185431
64674,1,1,185431
64675,1,1,185431
64584,1,1,185431
64585,1,1,185431
64587,1,1,185431
64683,1,1,185431
64684,1,1,185431
64685,1,1,185431
64688,1,1,185431
64690,1,1,185431
64615,1,1,185431
64616,1,1,185431
64588,1,1,185431
64589,1,1,185431
811489,1,1,3702
811491,1,1,44689
811496,1,1,44689
811499,1,1,44689
64622,1,1,185431
64623,1,1,185431
64624,1,1,185431
64603,1,1,185431
64604,1,1,185431
64606,1,1,185431
64610,1,1,185431
64612,1,1,185431
64507,1,1,185431
64512,1,1,185431
64514,1,1,185431
64515,1,1,185431
64516,1,1,185431
64617,1,1,185431
64620,1,1,185431
64621,1,1,5664
64526,1,1,185431
64528,1,1,185431
64548,1,1,185431
64549,1,1,185431
64554,1,1,185431
64501,1,1,185431
64504,1,1,185431
64506,1,1,185431
812746,1,1,185431
812466,1,1,3702
64460,1,1,185431
64462,1,1,185431
64464,1,1,185431
64465,1,1,185431
64468,1,1,185431
64469,1,1,185431
811797,1,1,185431
811798,1,1,185431
812781,1,1,9606
812787,1,1,6239
812848,1,1,284812
812850,1,1,656061
812881,1,1,559292
812911,1,1,329
811976,1,1,9606
812051,1,1,559292
812105,1,1,284812
811811,1,1,7227
811814,1,1,5664
811843,1,1,3702
811739,1,1,559292
811790,1,1,185431
811443,1,1,44689
811451,1,1,44689
811459,1,1,9606
812146,1,1,36329
812148,1,1,36329
812167,1,1,3702
812418,1,1,185431
811844,1,1,559292
64517,1,1,185431
64524,1,1,185431
812514,1,1,3702
812431,1,1,184922
812435,1,1,36329
812446,1,1,3702
813564,1,1,44689
813571,1,1,3702
64556,1,1,185431
64557,1,1,185431
64561,1,1,185431
64562,1,1,185431
64563,1,1,185431
64564,1,1,185431
64565,1,1,185431
64566,1,1,185431
64567,1,1,185431
64568,1,1,185431
64569,1,1,185431
64571,1,1,185431
64573,1,1,185431
64574,1,1,185431
64575,1,1,185431
64576,1,1,185431
64442,1,1,185431
64443,1,1,185431
64444,1,1,185431
64445,1,1,185431
64446,1,1,185431
64452,1,1,185431
64455,1,1,185431
64456,1,1,185431
64500,1,1,185431
64471,1,1,185431
64478,1,1,185431
64479,1,1,185431
64480,1,1,185431
64481,1,1,185431
64482,1,1,185431
64483,1,1,185431
64407,1,1,185431
64487,1,1,185431
64488,1,1,185431
64490,1,1,185431
64492,1,1,185431
64493,1,1,185431
64496,1,1,185431
64499,1,1,185431
64417,1,1,185431
64395,1,1,185431
64397,1,1,185431
64398,1,1,185431
64400,1,1,185431
64401,1,1,185431
64403,1,1,185431
64406,1,1,185431
813572,1,1,3702
813573,1,1,44689
813541,1,1,9606
64411,1,1,185431
64412,1,1,185431
64414,1,1,185431
64415,1,1,185431
64416,1,1,185431
814009,1,1,39947
814011,1,1,3702
814019,1,1,3702
814030,1,1,3702
814031,1,1,3702
813911,1,1,3702
64360,1,1,185431
64361,1,1,185431
813585,1,1,44689
813601,1,1,284812
814040,1,1,3702
814051,1,1,3702
814109,1,1,3702
814003,1,1,3702
814004,1,1,3702
814008,1,1,3702
813729,1,1,10090
813755,1,1,3702
813631,1,1,185431
813674,1,1,284812
813609,1,1,185431
813614,1,1,284812
813626,1,1,185431
813630,1,1,185431
64486,1,1,185431
64457,1,1,185431
813538,1,1,44689
812921,1,1,9606
812961,1,1,44689
813117,1,1,10090
813709,1,1,3702
813720,1,1,559292
64424,1,1,185431
64425,1,1,185431
64426,1,1,185431
64408,1,1,185431
64409,1,1,185431
813945,1,1,9606
813970,1,1,3702
813762,1,1,284812
64438,1,1,185431
64439,1,1,185431
64440,1,1,185431
64441,1,1,185431
64418,1,1,185431
64419,1,1,185431
64421,1,1,185431
64423,1,1,185431
64350,1,1,185431
64352,1,1,185431
64353,1,1,185431
64354,1,1,185431
64430,1,1,185431
64433,1,1,185431
64434,1,1,185431
64435,1,1,185431
64362,1,1,185431
64363,1,1,185431
64364,1,1,185431
64365,1,1,185431
64342,1,1,185431
64344,1,1,185431
64347,1,1,185431
64348,1,1,185431
814666,1,1,44689
64251,1,1,185431
64253,1,1,185431
64254,1,1,185431
64257,1,1,185431
64258,1,1,185431
64259,1,1,185431
64229,1,1,185431
814759,1,1,8022
814767,1,1,284812
814785,1,1,44689
814692,1,1,185431
814701,1,1,44689
814739,1,1,44689
814742,1,1,44689
814745,1,1,44689
814219,1,1,44689
814221,1,1,3702
814225,1,1,3702
814235,1,1,3702
814257,1,1,284812
814295,1,1,3702
814138,1,1,3702
814180,1,1,3702
813878,1,1,7227
813903,1,1,3702
814580,1,1,9606
814582,1,1,9606
814598,1,1,284812
814602,1,1,44689
814514,1,1,284812
814217,1,1,3702
814616,1,1,44689
814656,1,1,44689
814896,1,1,9606
814900,1,1,36329
814946,1,1,3702
814850,1,1,3702
814860,1,1,44689
814871,1,1,9606
64374,1,1,185431
64376,1,1,185431
64378,1,1,185431
64379,1,1,185431
64380,1,1,185431
64355,1,1,185431
64357,1,1,185431
814687,1,1,185431
64384,1,1,185431
64385,1,1,185431
64386,1,1,185431
64387,1,1,185431
64392,1,1,185431
64393,1,1,185431
64366,1,1,185431
64367,1,1,185431
64232,1,1,185431
64234,1,1,185431
64235,1,1,185431
64237,1,1,185431
64238,1,1,185431
64239,1,1,185431
64243,1,1,185431
64382,1,1,185431
64261,1,1,185431
64264,1,1,185431
64267,1,1,185431
64278,1,1,185431
64280,1,1,185431
64285,1,1,185431
64298,1,1,185431
64245,1,1,185431
64310,1,1,185431
64311,1,1,185431
64314,1,1,185431
64338,1,1,185431
64339,1,1,185431
64340,1,1,185431
64341,1,1,185431
64260,1,1,185431
64026,1,1,5665
64182,1,1,185431
64183,1,1,185431
64184,1,1,185431
64187,1,1,185431
64188,1,1,185431
64190,1,1,185431
64300,1,1,185431
814874,1,1,9606
814825,1,1,36329
64194,1,1,185431
64195,1,1,7227
64198,1,1,185431
64199,1,1,185431
64201,1,1,185431
64202,1,1,185431
815010,1,1,237561
815697,1,1,3702
815709,1,1,3702
815762,1,1,44689
815639,1,1,3702
815655,1,1,9606
815669,1,1,3702
815677,1,1,44689
815080,1,1,9606
815098,1,1,44689
815164,1,1,3702
815180,1,1,227321
815208,1,1,284812
815264,1,1,44689
814991,1,1,3702
815004,1,1,3702
815348,1,1,237561
815381,1,1,9606
815269,1,1,44689
815289,1,1,44689
815294,1,1,3702
815314,1,1,44689
815326,1,1,9606
815019,1,1,9606
64248,1,1,185431
814836,1,1,235443
814849,1,1,44689
814807,1,1,44689
814816,1,1,185431
814818,1,1,5823
815327,1,1,44689
815329,1,1,9606
64206,1,1,185431
64207,1,1,185431
64211,1,1,185431
64212,1,1,185431
64214,1,1,185431
64215,1,1,185431
64192,1,1,185431
64193,1,1,185431
64217,1,1,185431
64220,1,1,185431
64221,1,1,185431
64223,1,1,185431
64225,1,1,185431
64226,1,1,185431
64227,1,1,185431
64203,1,1,185431
60662,1,1,185431
60663,1,1,185431
60664,1,1,185431
60665,1,1,185431
60666,1,1,185431
60667,1,1,185431
60668,1,1,185431
64216,1,1,185431
815527,1,1,44689
60678,1,1,185431
60683,1,1,185431
61669,1,1,7227
61839,1,1,7227
61885,1,1,5664
62056,1,1,5664
60660,1,1,185431
816239,1,1,284812
816287,1,1,9606
816144,1,1,9606
816148,1,1,3702
816156,1,1,3702
816182,1,1,7227
816187,1,1,559292
60614,1,1,185431
815915,1,1,559292
815920,1,1,3702
815921,1,1,227321
815772,1,1,498257
815776,1,1,3702
815807,1,1,39947
815818,1,1,3702
816234,1,1,284812
816052,1,1,284812
816061,1,1,3702
815923,1,1,3702
815927,1,1,3702
815930,1,1,185431
815944,1,1,44689
815965,1,1,9606
815909,1,1,44689
815621,1,1,3702
815386,1,1,44689
815452,1,1,44689
815488,1,1,44689
816010,1,1,284812
816014,1,1,44689
816032,1,1,44689
816037,1,1,284812
62844,1,1,7227
60672,1,1,185431
60673,1,1,185431
816115,1,1,44689
816063,1,1,9606
816072,1,1,3702
816082,1,1,9606
816087,1,1,9606
63847,1,1,5664
63866,1,1,5664
62216,1,1,5664
62217,1,1,5664
62252,1,1,5664
62274,1,1,5664
62380,1,1,5664
62508,1,1,5664
60607,1,1,185431
60610,1,1,185431
62889,1,1,5664
62911,1,1,5664
63205,1,1,5664
63404,1,1,7227
63507,1,1,5664
63632,1,1,29022
60617,1,1,185431
60619,1,1,185431
60628,1,1,185431
60594,1,1,185431
60597,1,1,185431
60600,1,1,185431
60605,1,1,185431
60606,1,1,185431
817342,1,1,185431
817372,1,1,185431
817420,1,1,185431
817099,1,1,185431
817103,1,1,7955
60455,1,1,185431
60463,1,1,185431
60473,1,1,185431
817473,1,1,185431
817520,1,1,36329
817589,1,1,185431
817607,1,1,3702
817608,1,1,3702
817620,1,1,3702
817327,1,1,284812
817330,1,1,185431
816719,1,1,480808
816723,1,1,7227
816457,1,1,5759
816613,1,1,9606
816627,1,1,44689
816301,1,1,9606
816313,1,1,9606
816408,1,1,9606
816743,1,1,44689
816750,1,1,44689
816786,1,1,44689
816795,1,1,44689
816836,1,1,44689
816878,1,1,44689
816659,1,1,44689
816718,1,1,44689
60640,1,1,185431
60613,1,1,185431
817111,1,1,9606
817124,1,1,6239
817270,1,1,185431
817281,1,1,185431
816926,1,1,44689
816950,1,1,44689
60656,1,1,185431
60657,1,1,185431
60629,1,1,185431
60632,1,1,185431
60633,1,1,185431
60636,1,1,185431
60638,1,1,185431
60639,1,1,185431
60430,1,1,185431
60432,1,1,185431
60435,1,1,185431
60642,1,1,185431
60643,1,1,185431
60646,1,1,185431
60647,1,1,185431
60651,1,1,185431
60522,1,1,185431
60523,1,1,185431
60524,1,1,185431
60388,1,1,185431
60391,1,1,185431
60412,1,1,185431
60428,1,1,185431
60429,1,1,185431
818637,1,1,3702
818533,1,1,3702
818534,1,1,3702
818541,1,1,3702
818564,1,1,3702
818569,1,1,3702
818520,1,1,3702
818521,1,1,3702
817796,1,1,185431
817632,1,1,3702
817638,1,1,3702
817683,1,1,39947
817721,1,1,185431
817748,1,1,3702
818618,1,1,3702
818635,1,1,3702
818311,1,1,185431
818312,1,1,185431
817979,1,1,284812
817989,1,1,284812
817990,1,1,284812
818018,1,1,10090
817792,1,1,3702
817793,1,1,185431
816967,1,1,44689
816972,1,1,44689
816991,1,1,44689
817055,1,1,284812
818155,1,1,6239
818185,1,1,185431
818294,1,1,185431
818299,1,1,185431
60273,1,1,185431
60276,1,1,185431
60277,1,1,185431
60282,1,1,185431
60213,1,1,185431
60217,1,1,185431
60219,1,1,185431
60233,1,1,185431
819668,1,1,3702
819315,1,1,442493
819327,1,1,3702
819386,1,1,3702
819410,1,1,3702
818906,1,1,3702
60260,1,1,185431
60270,1,1,185431
818474,1,1,185431
818476,1,1,185431
818479,1,1,185431
818480,1,1,185431
819564,1,1,3702
819570,1,1,284812
819598,1,1,3702
819659,1,1,3702
818522,1,1,3702
818525,1,1,3702
818526,1,1,3702
818528,1,1,3702
818529,1,1,3702
818530,1,1,3702
818342,1,1,185431
818444,1,1,6239
818811,1,1,10090
818814,1,1,3702
818833,1,1,10090
820698,1,1,3702
820755,1,1,3702
820762,1,1,3702
820763,1,1,3702
820784,1,1,3702
60558,1,1,185431
60560,1,1,185431
60446,1,1,185431
60448,1,1,185431
818922,1,1,3702
819131,1,1,3702
819237,1,1,559292
818681,1,1,3702
60585,1,1,185431
60590,1,1,185431
60525,1,1,185431
60526,1,1,185431
60529,1,1,185431
60530,1,1,185431
60532,1,1,185431
60556,1,1,185431
60243,1,1,185431
60252,1,1,185431
60253,1,1,185431
60564,1,1,185431
60567,1,1,185431
60580,1,1,185431
60583,1,1,185431
60584,1,1,185431
60050,1,1,185431
60059,1,1,185431
59962,1,1,185431
59971,1,1,185431
59978,1,1,185431
59986,1,1,185431
59989,1,1,185431
59997,1,1,185431
822226,1,1,3702
822261,1,1,36329
821286,1,1,3702
821300,1,1,3702
60022,1,1,185431
60038,1,1,185431
60048,1,1,185431
60049,1,1,185431
820116,1,1,3702
820130,1,1,7227
819873,1,1,3702
820007,1,1,284812
820022,1,1,3702
822328,1,1,9606
821795,1,1,3702
821988,1,1,15368
820219,1,1,3702
820250,1,1,559292
820582,1,1,559292
820068,1,1,284812
820081,1,1,3702
820082,1,1,3702
820114,1,1,3702
820115,1,1,3702
821793,1,1,3702
820812,1,1,3702
820859,1,1,3055
820901,1,1,284812
821041,1,1,3702
823425,1,1,9606
823444,1,1,9606
823494,1,1,5627
60344,1,1,185431
60345,1,1,185431
60257,1,1,185431
60258,1,1,185431
821324,1,1,7955
821365,1,1,7955
821376,1,1,3702
821609,1,1,7955
60380,1,1,185431
60382,1,1,185431
60285,1,1,185431
60290,1,1,185431
60306,1,1,185431
60308,1,1,185431
60313,1,1,185431
60323,1,1,185431
60007,1,1,185431
60010,1,1,185431
60348,1,1,185431
60350,1,1,185431
60353,1,1,185431
60360,1,1,185431
60368,1,1,185431
60369,1,1,185431
60183,1,1,185431
60200,1,1,185431
60211,1,1,185431
60070,1,1,185431
60076,1,1,185431
60079,1,1,185431
60082,1,1,185431
60118,1,1,185431
59753,1,1,185431
59760,1,1,185431
59761,1,1,185431
60134,1,1,185431
60150,1,1,185431
60161,1,1,185431
60172,1,1,185431
60174,1,1,185431
59791,1,1,185431
59792,1,1,185431
59797,1,1,185431
59812,1,1,185431
59726,1,1,185431
59730,1,1,185431
59731,1,1,185431
59751,1,1,185431
823637,1,1,9606
823653,1,1,227321
823279,1,1,9606
823341,1,1,3702
823374,1,1,9606
822679,1,1,7955
59789,1,1,185431
59790,1,1,185431
827492,1,1,36329
827565,1,1,36329
826335,1,1,7227
826515,1,1,9606
826555,1,1,6239
825189,1,1,284812
825195,1,1,559292
59529,1,1,185431
824282,1,1,9606
824114,1,1,559292
824131,1,1,9606
823801,1,1,559292
824058,1,1,7955
824064,1,1,227321
827243,1,1,284812
827247,1,1,9031
824383,1,1,6239
824536,1,1,227321
824596,1,1,227321
824919,1,1,559292
824949,1,1,559292
824261,1,1,284812
824262,1,1,284812
824267,1,1,237561
60120,1,1,185431
60129,1,1,185431
60019,1,1,185431
60021,1,1,185431
822686,1,1,7227
823277,1,1,7227
822500,1,1,7227
822654,1,1,559292
59836,1,1,185431
59857,1,1,185431
59868,1,1,185431
59874,1,1,185431
59894,1,1,185431
59774,1,1,185431
59788,1,1,185431
825237,1,1,9606
59923,1,1,185431
59935,1,1,185431
59948,1,1,185431
59951,1,1,185431
59960,1,1,185431
59813,1,1,185431
59817,1,1,185431
59830,1,1,185431
59502,1,1,185431
59509,1,1,185431
59511,1,1,185431
59512,1,1,185431
59519,1,1,185431
59902,1,1,185431
59903,1,1,185431
59910,1,1,185431
59530,1,1,185431
59532,1,1,185431
59533,1,1,185431
59539,1,1,185431
59541,1,1,185431
59498,1,1,185431
59499,1,1,185431
59500,1,1,185431
829057,1,1,3702
828507,1,1,3702
828509,1,1,3702
828529,1,1,8355
828674,1,1,3702
828822,1,1,3702
828379,1,1,9606
828391,1,1,330879
827577,1,1,36329
827579,1,1,36329
827582,1,1,36329
827669,1,1,3055
827675,1,1,7227
827679,1,1,3702
829033,1,1,3702
829044,1,1,9606
828279,1,1,9606
827819,1,1,9606
827859,1,1,559292
827887,1,1,227321
827992,1,1,3055
827703,1,1,39947
827737,1,1,7227
827794,1,1,9606
824962,1,1,227321
824995,1,1,227321
825155,1,1,7227
828116,1,1,6239
828170,1,1,3702
828249,1,1,284812
828260,1,1,3702
828271,1,1,10090
59585,1,1,185431
59597,1,1,185431
59621,1,1,185431
59629,1,1,185431
59683,1,1,185431
59520,1,1,185431
59524,1,1,185431
828451,1,1,9606
59692,1,1,185431
59710,1,1,185431
59712,1,1,185431
59714,1,1,185431
59725,1,1,185431
59562,1,1,185431
59565,1,1,185431
59576,1,1,185431
59414,1,1,185431
59415,1,1,185431
59416,1,1,185431
59419,1,1,185431
59424,1,1,185431
59684,1,1,185431
59686,1,1,185431
59688,1,1,185431
59439,1,1,185431
59441,1,1,185431
59442,1,1,185431
59443,1,1,185431
59447,1,1,185431
59450,1,1,185431
59410,1,1,185431
59413,1,1,185431
831281,1,1,284812
831183,1,1,559292
831192,1,1,559292
831194,1,1,284812
830943,1,1,227321
59370,1,1,185431
59371,1,1,185431
59373,1,1,185431
829341,1,1,39947
829378,1,1,9606
829416,1,1,284813
829508,1,1,3702
831199,1,1,227321
831262,1,1,227321
831274,1,1,284812
831276,1,1,284812
830784,1,1,227321
830791,1,1,227321
830792,1,1,284812
830794,1,1,284812
830823,1,1,284812
830421,1,1,559292
830772,1,1,284812
829266,1,1,227321
828455,1,1,3702
828359,1,1,3702
830824,1,1,284812
830832,1,1,227321
830852,1,1,284812
830853,1,1,227321
830880,1,1,284812
830780,1,1,284812
59467,1,1,185431
59469,1,1,185431
59471,1,1,185431
59433,1,1,185431
59434,1,1,185431
831101,1,1,7227
830885,1,1,284812
830887,1,1,1973307
59492,1,1,185431
59493,1,1,185431
59496,1,1,185431
59451,1,1,185431
59452,1,1,185431
59453,1,1,185431
59463,1,1,185431
59465,1,1,185431
59360,1,1,185431
59361,1,1,185431
59363,1,1,185431
59475,1,1,185431
59476,1,1,185431
59483,1,1,185431
59486,1,1,185431
59488,1,1,185431
59374,1,1,185431
59375,1,1,185431
59376,1,1,185431
59353,1,1,185431
59354,1,1,185431
59356,1,1,185431
59357,1,1,185431
59358,1,1,185431
59285,1,1,185431
59399,1,1,185431
59400,1,1,185431
59401,1,1,185431
59402,1,1,185431
59403,1,1,185431
59404,1,1,185431
59405,1,1,185431
59301,1,1,185431
59262,1,1,185431
59265,1,1,185431
59266,1,1,185431
59268,1,1,185431
59277,1,1,185431
59278,1,1,185431
59282,1,1,185431
831537,1,1,7227
831541,1,1,7227
831552,1,1,7227
831416,1,1,510516
59293,1,1,185431
59294,1,1,185431
59297,1,1,185431
59299,1,1,185431
830889,1,1,227321
830899,1,1,559292
830903,1,1,227321
830919,1,1,227321
831567,1,1,7227
831649,1,1,3702
831735,1,1,3702
831536,1,1,7227
832078,1,1,227321
832084,1,1,284812
832088,1,1,237561
832003,1,1,559292
59185,1,1,185431
59197,1,1,185431
59198,1,1,185431
59202,1,1,185431
832095,1,1,559292
832099,1,1,559292
832100,1,1,559292
832102,1,1,284812
832103,1,1,284812
832104,1,1,284812
832039,1,1,559292
832056,1,1,284812
831478,1,1,10090
831488,1,1,7227
831292,1,1,559292
831316,1,1,227321
831323,1,1,227321
831962,1,1,284812
831974,1,1,284812
831948,1,1,284812
59407,1,1,185431
59378,1,1,185431
59381,1,1,185431
59383,1,1,185431
59397,1,1,185431
59365,1,1,185431
59367,1,1,185431
831474,1,1,7227
59291,1,1,185431
59292,1,1,185431
832006,1,1,284812
832018,1,1,284812
832031,1,1,559292
832329,1,1,227321
832338,1,1,510516
832544,1,1,7244
59302,1,1,185431
59311,1,1,185431
59312,1,1,185431
59323,1,1,185431
59326,1,1,185431
59327,1,1,185431
59328,1,1,185431
59334,1,1,185431
59336,1,1,185431
59338,1,1,185431
59339,1,1,185431
59342,1,1,185431
59344,1,1,185431
59345,1,1,185431
59346,1,1,185431
59349,1,1,185431
59203,1,1,185431
59204,1,1,185431
59146,1,1,185431
59154,1,1,185431
59156,1,1,185431
59166,1,1,185431
59178,1,1,185431
59179,1,1,185431
856705,1,1,272561
856707,1,1,272561
856709,1,1,83558
856716,1,1,83558
862770,1,1,224326
862776,1,1,224326
835425,1,1,10090
842039,1,1,93466
862777,1,1,224326
862818,1,1,224326
863556,1,1,243276
864026,1,1,243276
864207,1,1,243276
864223,1,1,224326
865597,1,1,85962
865884,1,1,85962
832319,1,1,227321
832137,1,1,237561
832148,1,1,284812
832151,1,1,559292
832155,1,1,559292
832112,1,1,559292
832135,1,1,284812
832136,1,1,284812
833132,1,1,9606
833772,1,1,10116
833803,1,1,6239
832156,1,1,559292
832206,1,1,330879
832226,1,1,510516
832259,1,1,227321
832311,1,1,510516
870817,1,1,1111708
870831,1,1,1111708
870907,1,1,1111708
870910,1,1,1111708
872267,1,1,1111708
872320,1,1,1111708
872385,1,1,1111708
865895,1,1,85962
872435,1,1,1111708
872440,1,1,1140
872474,1,1,1111708
872537,1,1,1111708
872578,1,1,1140
872719,1,1,1111708
872770,1,1,1111708
870392,1,1,103690
834806,1,1,3702
872773,1,1,1111708
872788,1,1,1111708
873088,1,1,103690
873297,1,1,1111708
873325,1,1,103690
873733,1,1,1111708
872391,1,1,1140
851616,1,1,34
851617,1,1,34
851870,1,1,34
833997,1,1,9606
834201,1,1,559292
834326,1,1,7227
834514,1,1,7227
834542,1,1,6239
878481,1,1,100226
878880,1,1,203119
879703,1,1,9913
879788,1,1,83331
880540,1,1,2587399
875065,1,1,203119
875172,1,1,203119
876143,1,1,10090
886803,1,1,7955
886835,1,1,376686
889455,1,1,226186
891987,1,1,10498
892243,1,1,54571
892245,1,1,100226
878089,1,1,195102
878427,1,1,7955
892260,1,1,100226
892282,1,1,100226
892776,1,1,100226
896801,1,1,8355
904799,1,1,196627
906377,1,1,83332
906613,1,1,83332
885846,1,1,63186
866025,1,1,85962
866150,1,1,85962
866939,1,1,9913
866971,1,1,85962
866973,1,1,85962
867004,1,1,85962
867089,1,1,85962
892259,1,1,100226
59082,1,1,185431
59087,1,1,185431
59088,1,1,185431
59033,1,1,185431
59036,1,1,185431
59037,1,1,185431
59038,1,1,185431
59039,1,1,185431
916527,1,1,100226
916681,1,1,100226
919752,1,1,158879
920125,1,1,367830
909438,1,1,233413
59048,1,1,185431
59071,1,1,185431
59079,1,1,185431
921436,1,1,224308
921437,1,1,224308
921451,1,1,224308
921463,1,1,224308
910924,1,1,100226
910998,1,1,55158
916504,1,1,196627
916511,1,1,1902
877080,1,1,195102
877263,1,1,83332
877852,1,1,83332
877939,1,1,7955
878010,1,1,212717
921391,1,1,224308
921425,1,1,224308
921430,1,1,224308
910895,1,1,242231
910909,1,1,100226
906790,1,1,83332
906791,1,1,1797
907376,1,1,83332
907388,1,1,233413
908326,1,1,83332
908475,1,1,7130
59234,1,1,185431
59235,1,1,185431
59180,1,1,185431
59184,1,1,185431
909503,1,1,196627
910537,1,1,1122247
910833,1,1,10090
910865,1,1,100226
59249,1,1,185431
59252,1,1,185431
59208,1,1,185431
59214,1,1,185431
59215,1,1,185431
59221,1,1,185431
59223,1,1,185431
59228,1,1,185431
59041,1,1,185431
59042,1,1,185431
59237,1,1,185431
59238,1,1,185431
59240,1,1,185431
59241,1,1,185431
59243,1,1,185431
59244,1,1,185431
921514,1,1,224308
921521,1,1,224308
921569,1,1,224308
923679,1,1,224308
923728,1,1,224308
923815,1,1,10090
935136,1,1,224308
935147,1,1,224308
923817,1,1,224308
926231,1,1,272634
926257,1,1,272634
926290,1,1,272634
926342,1,1,272634
930327,1,1,8022
930331,1,1,28214
930432,1,1,419947
935040,1,1,224308
932554,1,1,301452
932566,1,1,301447
933152,1,1,1302
933160,1,1,171101
933168,1,1,171101
933199,1,1,170187
933337,1,1,286636
908490,1,1,1797
934173,1,1,301447
934260,1,1,170187
934299,1,1,301447
934456,1,1,170187
934461,1,1,301447
934472,1,1,160488
934575,1,1,303
935832,1,1,224308
935880,1,1,170187
935901,1,1,224308
935916,1,1,426430
935950,1,1,224308
936133,1,1,224308
935438,1,1,224308
935442,1,1,29339
935092,1,1,224308
935051,1,1,224308
935053,1,1,272623
935055,1,1,224308
935059,1,1,224308
935067,1,1,170187
935071,1,1,224308
935829,1,1,170187
935131,1,1,224308
935133,1,1,224308
935079,1,1,170187
935085,1,1,224308
935086,1,1,224308
935088,1,1,224308
935089,1,1,224308
935090,1,1,224308
935160,1,1,170187
935171,1,1,224308
935195,1,1,224308
935100,1,1,224308
935107,1,1,224308
935117,1,1,224308
935120,1,1,224308
935128,1,1,224308
949032,1,1,208964
949038,1,1,208964
949047,1,1,208964
949057,1,1,208964
937691,1,1,224308
937692,1,1,224308
939512,1,1,190650
940377,1,1,1061
935219,1,1,224308
935223,1,1,224308
935228,1,1,224308
935263,1,1,224308
935272,1,1,224308
948196,1,1,208964
948260,1,1,208964
949024,1,1,176299
935324,1,1,224308
935361,1,1,224308
935370,1,1,224308
935393,1,1,224308
935403,1,1,170187
935200,1,1,224308
935202,1,1,224308
935203,1,1,224308
935743,1,1,1402
935748,1,1,224308
935812,1,1,224308
935821,1,1,224308
935825,1,1,224308
935281,1,1,170187
935292,1,1,224308
935318,1,1,224308
950770,1,1,208964
950771,1,1,3816
950779,1,1,208964
949708,1,1,208964
949895,1,1,9615
949987,1,1,208964
950637,1,1,208964
950660,1,1,394
936460,1,1,169963
936989,1,1,224308
937025,1,1,224308
950729,1,1,190650
950733,1,1,208964
950745,1,1,208964
950747,1,1,208964
950758,1,1,208964
937431,1,1,301447
937555,1,1,224308
937689,1,1,224308
936199,1,1,224308
936205,1,1,224308
936241,1,1,224308
936293,1,1,224308
936430,1,1,224308
940382,1,1,36188
941226,1,1,283166
948018,1,1,208964
948183,1,1,208964
937033,1,1,224308
937104,1,1,1402
937282,1,1,224308
937332,1,1,224308
952482,1,1,176299
951056,1,1,176299
951064,1,1,272630
951084,1,1,53399
951088,1,1,7955
951109,1,1,208964
951114,1,1,208964
951144,1,1,208964
949131,1,1,176299
949191,1,1,208964
951340,1,1,208964
951473,1,1,208964
951603,1,1,208964
951825,1,1,266835
951900,1,1,266835
952343,1,1,208964
949631,1,1,208964
949681,1,1,208964
949072,1,1,208964
949081,1,1,208964
949125,1,1,176299
949127,1,1,176299
949128,1,1,176299
949130,1,1,176299
950724,1,1,208964
950726,1,1,1061
949214,1,1,176299
949268,1,1,208964
949390,1,1,208964
949539,1,1,208964
949554,1,1,394
949618,1,1,208964
960450,1,1,83332
960477,1,1,262723
960530,1,1,83332
960590,1,1,83332
960614,1,1,83332
960718,1,1,223283
960776,1,1,223283
960832,1,1,317
961232,1,1,83332
961246,1,1,208964
961247,1,1,83332
961298,1,1,208964
961311,1,1,208964
961312,1,1,208964
961367,1,1,208964
961495,1,1,83332
951041,1,1,208964
950784,1,1,208964
950795,1,1,208964
950798,1,1,208964
950824,1,1,190650
950836,1,1,208964
950837,1,1,208964
950874,1,1,208964
951195,1,1,208964
950875,1,1,224911
950920,1,1,208964
950979,1,1,208964
950988,1,1,208964
950999,1,1,208964
951000,1,1,208964
951005,1,1,190650
961813,1,1,208964
961824,1,1,83332
961929,1,1,83332
961962,1,1,83332
962050,1,1,208964
962110,1,1,208964
967500,1,1,257310
967508,1,1,381666
967509,1,1,562
967527,1,1,964
967835,1,1,2711
969560,1,1,267608
969851,1,1,122586
970735,1,1,10090
971712,1,1,243277
972320,1,1,243277
952872,1,1,359391
952956,1,1,208964
954931,1,1,272624
955140,1,1,272624
955141,1,1,272624
955168,1,1,272624
955757,1,1,272624
960078,1,1,208964
960079,1,1,208964
960091,1,1,208964
960199,1,1,208964
960383,1,1,83332
960395,1,1,83332
960444,1,1,83332
960445,1,1,83332
960449,1,1,83332
979066,1,1,83333
979068,1,1,8022
979081,1,1,588
979085,1,1,99287
979096,1,1,198628
977279,1,1,83333
977407,1,1,83333
977442,1,1,83333
979159,1,1,83333
979170,1,1,83333
979226,1,1,83333
979251,1,1,82996
979369,1,1,574521
979059,1,1,83333
979062,1,1,10090
979065,1,1,83333
961503,1,1,208964
961658,1,1,208964
961679,1,1,83332
961682,1,1,208964
961684,1,1,83332
961692,1,1,83332
961712,1,1,83332
979120,1,1,7955
961743,1,1,186497
961769,1,1,83332
961770,1,1,354
961780,1,1,208964
961787,1,1,186497
961791,1,1,208964
961793,1,1,83332
961499,1,1,83332
981434,1,1,90370
981687,1,1,90370
981832,1,1,83333
981850,1,1,7227
981912,1,1,264732
982168,1,1,243277
982232,1,1,99287
979382,1,1,83334
982995,1,1,223926
983093,1,1,243277
983277,1,1,83332
983278,1,1,208964
983279,1,1,83332
983285,1,1,83332
983295,1,1,208964
980236,1,1,99287
977114,1,1,99287
977115,1,1,99287
977124,1,1,99287
977173,1,1,83333
983296,1,1,99287
983297,1,1,208964
983316,1,1,9823
983336,1,1,10116
978061,1,1,622
978100,1,1,622
978617,1,1,623
978902,1,1,83333
972548,1,1,7227
972575,1,1,243277
977083,1,1,90370
977103,1,1,99287
58942,1,1,185431
58946,1,1,185431
58947,1,1,185431
58873,1,1,185431
58876,1,1,185431
58877,1,1,185431
58878,1,1,185431
58879,1,1,185431
983700,1,1,208964
983845,1,1,208964
984128,1,1,83332
984294,1,1,83332
984350,1,1,83332
58936,1,1,185431
58940,1,1,185431
58941,1,1,185431
984943,1,1,99287
984987,1,1,208964
985240,1,1,90371
985305,1,1,257313
985307,1,1,208964
985353,1,1,623
983570,1,1,10090
983605,1,1,208964
979424,1,1,574521
979469,1,1,198628
979709,1,1,83333
979961,1,1,7227
980122,1,1,198628
980127,1,1,198628
984362,1,1,208964
984839,1,1,208964
983352,1,1,208964
983368,1,1,83332
983381,1,1,83332
983398,1,1,83333
983404,1,1,83332
987602,1,1,99287
987616,1,1,99287
988187,1,1,83333
59118,1,1,185431
59119,1,1,185431
59043,1,1,185431
983468,1,1,208964
983491,1,1,71421
983497,1,1,83333
983514,1,1,572477
983339,1,1,83332
59134,1,1,185431
59136,1,1,185431
59137,1,1,185431
59089,1,1,185431
59102,1,1,185431
59107,1,1,185431
59113,1,1,185431
59117,1,1,185431
58880,1,1,185431
58881,1,1,185431
58885,1,1,185431
59121,1,1,185431
59126,1,1,185431
59130,1,1,185431
59132,1,1,185431
59133,1,1,185431
990489,1,1,208964
990516,1,1,208964
988643,1,1,208964
988733,1,1,1079
58836,1,1,185431
58837,1,1,185431
58838,1,1,185431
58842,1,1,185431
985669,1,1,267608
986006,1,1,273123
986096,1,1,122586
986309,1,1,208964
986440,1,1,99287
986675,1,1,208964
990655,1,1,224308
990308,1,1,83332
986822,1,1,6239
986860,1,1,208964
986876,1,1,644
987217,1,1,208964
987243,1,1,208964
987289,1,1,208964
987290,1,1,208964
987293,1,1,208964
988192,1,1,77133
987304,1,1,208964
987337,1,1,623
987361,1,1,83332
987371,1,1,83332
987582,1,1,83333
987593,1,1,99287
987594,1,1,99287
58964,1,1,185431
58887,1,1,185431
58934,1,1,185431
988856,1,1,208964
988960,1,1,208964
989682,1,1,83332
989707,1,1,204722
989881,1,1,644
58975,1,1,185431
58977,1,1,185431
58948,1,1,185431
58949,1,1,185431
58952,1,1,185431
58954,1,1,185431
58958,1,1,185431
58960,1,1,185431
58825,1,1,185431
58826,1,1,185431
58967,1,1,185431
58968,1,1,185431
58969,1,1,185431
58972,1,1,185431
58973,1,1,185431
58974,1,1,185431
58843,1,1,185431
58845,1,1,185431
58791,1,1,185431
58792,1,1,185431
58793,1,1,185431
58794,1,1,185431
58802,1,1,185431
58804,1,1,185431
990755,1,1,224308
990756,1,1,74940
990757,1,1,243230
990760,1,1,29301
990724,1,1,208964
58756,1,1,185431
58759,1,1,185431
58760,1,1,185431
990680,1,1,85962
990682,1,1,7955
990683,1,1,550
990661,1,1,208964
990662,1,1,208964
990663,1,1,224308
990669,1,1,208964
990671,1,1,99287
990701,1,1,7955
990702,1,1,83332
990707,1,1,224308
990686,1,1,208964
990687,1,1,83332
990692,1,1,224308
990678,1,1,224308
990679,1,1,224308
990271,1,1,186497
988254,1,1,1085
988281,1,1,572477
988340,1,1,208964
988576,1,1,208964
988586,1,1,83332
990697,1,1,224308
990699,1,1,224308
58828,1,1,185431
58829,1,1,185431
990731,1,1,224308
990733,1,1,1121448
990712,1,1,208964
990801,1,1,85962
990802,1,1,272561
990805,1,1,224308
58846,1,1,185431
58847,1,1,185431
58849,1,1,185431
58850,1,1,185431
58851,1,1,185431
58853,1,1,185431
58854,1,1,185431
58856,1,1,185431
58749,1,1,185431
58860,1,1,185431
58863,1,1,185431
58865,1,1,185431
58866,1,1,185431
58869,1,1,185431
58870,1,1,185431
58872,1,1,185431
58761,1,1,185431
58740,1,1,185431
58742,1,1,185431
58743,1,1,185431
58744,1,1,185431
58746,1,1,185431
58747,1,1,185431
58748,1,1,185431
58789,1,1,185431
58790,1,1,185431
58765,1,1,185431
58766,1,1,185431
58768,1,1,185431
58770,1,1,185431
58771,1,1,185431
58775,1,1,185431
58678,1,1,185431
58681,1,1,185431
58778,1,1,185431
58779,1,1,185431
58780,1,1,185431
58783,1,1,185431
58784,1,1,185431
58788,1,1,185431
58697,1,1,185431
58699,1,1,185431
58660,1,1,185431
58669,1,1,185431
58671,1,1,185431
58675,1,1,185431
58676,1,1,185431
58677,1,1,185431
990808,1,1,208964
990789,1,1,224308
990790,1,1,224326
990797,1,1,7227
58684,1,1,185431
58689,1,1,185431
58695,1,1,185431
58696,1,1,185431
58570,1,1,185431
58571,1,1,185431
58574,1,1,185431
58576,1,1,185431
58577,1,1,185431
58556,1,1,185431
58557,1,1,185431
58559,1,1,185431
990815,1,1,83332
990818,1,1,1085
990820,1,1,190304
990930,1,1,208964
990893,1,1,93062
990895,1,1,303
990897,1,1,224308
990879,1,1,224308
990858,1,1,224308
990843,1,1,228410
990822,1,1,1111708
990824,1,1,1111708
990830,1,1,83332
990834,1,1,419947
990835,1,1,89184
990810,1,1,210007
58777,1,1,185431
58752,1,1,185431
58753,1,1,185431
990782,1,1,224308
990767,1,1,208964
990769,1,1,83332
990772,1,1,208964
990853,1,1,83558
990886,1,1,170187
990889,1,1,83332
990867,1,1,224308
990869,1,1,83332
990874,1,1,224308
990988,1,1,208964
990989,1,1,224308
990990,1,1,224308
58704,1,1,185431
58705,1,1,185431
58706,1,1,185431
58707,1,1,185431
58710,1,1,185431
58682,1,1,185431
58683,1,1,185431
990885,1,1,224308
58732,1,1,185431
58733,1,1,185431
58734,1,1,185431
58735,1,1,185431
58738,1,1,185431
58700,1,1,185431
58702,1,1,185431
58703,1,1,185431
58561,1,1,185431
58564,1,1,185431
58565,1,1,185431
58566,1,1,185431
58567,1,1,185431
58711,1,1,185431
58712,1,1,185431
58731,1,1,185431
991090,1,1,83332
991095,1,1,301447
991046,1,1,345073
991049,1,1,208964
58503,1,1,185431
58504,1,1,185431
58507,1,1,185431
58509,1,1,185431
991117,1,1,208964
991131,1,1,224308
991142,1,1,208964
991143,1,1,83332
991082,1,1,266
991083,1,1,208964
991087,1,1,83332
991089,1,1,192222
990962,1,1,3888
990963,1,1,882
990932,1,1,176299
990933,1,1,85962
990934,1,1,882
990935,1,1,208964
990939,1,1,208964
991099,1,1,7955
990998,1,1,224308
991000,1,1,224308
990967,1,1,882
990968,1,1,170187
990973,1,1,243274
990978,1,1,224308
990984,1,1,1085
990959,1,1,170187
58568,1,1,185431
58569,1,1,185431
991057,1,1,679897
991064,1,1,9606
991065,1,1,208964
991078,1,1,1140
991010,1,1,208964
991011,1,1,170187
58581,1,1,185431
58582,1,1,185431
58585,1,1,185431
58586,1,1,185431
58589,1,1,185431
58591,1,1,185431
58592,1,1,185431
58593,1,1,185431
58595,1,1,185431
58640,1,1,185431
58644,1,1,185431
58646,1,1,185431
58648,1,1,185431
58650,1,1,185431
58652,1,1,185431
58658,1,1,185431
58510,1,1,185431
58512,1,1,185431
58490,1,1,185431
58491,1,1,185431
58494,1,1,185431
58496,1,1,185431
58498,1,1,185431
58499,1,1,185431
991484,1,1,208964
991493,1,1,242619
991495,1,1,83332
991504,1,1,272943
991472,1,1,83333
991475,1,1,224308
991479,1,1,1111708
991434,1,1,224308
991146,1,1,224308
991152,1,1,224308
991158,1,1,224308
991159,1,1,83333
991164,1,1,83333
991173,1,1,186497
991480,1,1,83332
991483,1,1,224308
991343,1,1,187272
991351,1,1,1111708
991176,1,1,208964
991177,1,1,176299
991179,1,1,224308
991183,1,1,224308
991188,1,1,83332
991144,1,1,208964
991371,1,1,4102
991375,1,1,643680
991376,1,1,83332
991229,1,1,83333
991237,1,1,224308
991267,1,1,208964
991317,1,1,208964
991329,1,1,224308
58543,1,1,185431
58545,1,1,185431
58546,1,1,185431
58501,1,1,185431
58502,1,1,185431
991439,1,1,224308
991441,1,1,192222
991450,1,1,224308
58552,1,1,185431
58553,1,1,185431
58554,1,1,185431
58555,1,1,185431
58515,1,1,185431
58516,1,1,185431
58536,1,1,185431
58538,1,1,185431
58440,1,1,185431
58444,1,1,185431
58447,1,1,185431
58448,1,1,185431
58548,1,1,185431
58549,1,1,185431
58550,1,1,185431
58551,1,1,185431
58455,1,1,185431
58457,1,1,185431
58459,1,1,185431
58460,1,1,185431
58461,1,1,185431
58430,1,1,185431
58434,1,1,185431
58436,1,1,185431
991506,1,1,300852
991569,1,1,243276
991570,1,1,83333
991573,1,1,208964
991588,1,1,170187
992193,1,1,208964
992198,1,1,224308
992199,1,1,198628
991952,1,1,170187
991606,1,1,208964
991610,1,1,208964
991617,1,1,208964
991659,1,1,83332
991680,1,1,208964
991685,1,1,208964
991688,1,1,83332
991956,1,1,882
991961,1,1,208964
991979,1,1,224326
991994,1,1,170187
991697,1,1,208964
991890,1,1,354
991896,1,1,208964
991948,1,1,264199
991453,1,1,208964
991404,1,1,224308
991409,1,1,83332
991419,1,1,208964
991424,1,1,203119
991426,1,1,266
991431,1,1,224308
991433,1,1,224308
992674,1,1,208964
992675,1,1,83332
992325,1,1,83333
58367,1,1,185431
58368,1,1,185431
58373,1,1,185431
58374,1,1,185431
58375,1,1,185431
992733,1,1,224308
992734,1,1,83333
992735,1,1,208964
992740,1,1,224308
992829,1,1,83333
992462,1,1,1866
992493,1,1,83332
992573,1,1,321
992127,1,1,170187
992137,1,1,1525
992140,1,1,300852
992143,1,1,224308
991996,1,1,85962
992036,1,1,6501
992705,1,1,83333
992713,1,1,83333
992224,1,1,208964
992244,1,1,499177
992261,1,1,208964
992155,1,1,224308
992180,1,1,224326
992181,1,1,208964
992183,1,1,208964
992190,1,1,83333
58449,1,1,185431
58452,1,1,185431
992338,1,1,1111708
992347,1,1,83332
992351,1,1,1580
992401,1,1,272562
992439,1,1,208964
992459,1,1,208964
58463,1,1,185431
58465,1,1,185431
58466,1,1,185431
58467,1,1,185431
58468,1,1,185431
58470,1,1,185431
58472,1,1,185431
58473,1,1,185431
58475,1,1,185431
58478,1,1,185431
58480,1,1,185431
58485,1,1,185431
58486,1,1,185431
58487,1,1,185431
58488,1,1,185431
58489,1,1,185431
58342,1,1,185431
58347,1,1,185431
58349,1,1,185431
58355,1,1,185431
58356,1,1,185431
58358,1,1,185431
58359,1,1,185431
58361,1,1,185431
993068,1,1,208964
993122,1,1,208964
993129,1,1,29303
993479,1,1,85962
995498,1,1,224308
995541,1,1,224308
995546,1,1,224308
995547,1,1,224308
993562,1,1,882
993567,1,1,208964
993572,1,1,208964
993588,1,1,85962
993593,1,1,160488
992861,1,1,83332
992985,1,1,99287
993035,1,1,192222
994410,1,1,208964
993717,1,1,83333
993718,1,1,192222
993782,1,1,272843
993842,1,1,208964
994043,1,1,208964
993550,1,1,224308
993557,1,1,196627
992266,1,1,572477
992273,1,1,208964
992287,1,1,83332
992295,1,1,224911
992307,1,1,224308
994164,1,1,71421
994200,1,1,1049
994405,1,1,99287
998058,1,1,208964
996095,1,1,208964
996098,1,1,2021
996114,1,1,208964
996131,1,1,1605972
996258,1,1,1111708
996283,1,1,34
996553,1,1,208964
994691,1,1,100226
994799,1,1,1685
996649,1,1,9606
996717,1,1,83332
996780,1,1,230871
996973,1,1,83332
997084,1,1,63186
997836,1,1,301447
994834,1,1,208964
995092,1,1,159087
995120,1,1,208964
995122,1,1,9544
994451,1,1,224308
994473,1,1,224308
994670,1,1,7955
994682,1,1,264199
995550,1,1,1360
995552,1,1,224308
995140,1,1,354
995146,1,1,83332
995215,1,1,269796
995272,1,1,208964
995472,1,1,224308
995490,1,1,224308
1001738,1,1,208964
1002898,1,1,11103
998889,1,1,85963
999240,1,1,83333
999459,1,1,85962
999469,1,1,85962
999483,1,1,208964
1000224,1,1,208964
1003405,1,1,208964
1003413,1,1,208964
1003649,1,1,100226
1003820,1,1,195099
1000665,1,1,208964
1001513,1,1,1833
1001548,1,1,228410
1001561,1,1,228410
995577,1,1,224308
995614,1,1,99287
995615,1,1,99287
995747,1,1,208964
1003255,1,1,7240
1003295,1,1,224308
1003303,1,1,176299
1003307,1,1,208964
995749,1,1,224308
995761,1,1,99287
996085,1,1,83332
996093,1,1,243277
995555,1,1,170187
995563,1,1,224308
995570,1,1,83331
995574,1,1,224308
1005865,1,1,242231
1006347,1,1,208964
1006791,1,1,316401
1006879,1,1,10090
1006930,1,1,169963
1006939,1,1,170187
1004017,1,1,85962
1004375,1,1,203119
1006984,1,1,224308
1007024,1,1,224308
1007077,1,1,393133
1007150,1,1,266
1007321,1,1,499177
1007875,1,1,204722
1005348,1,1,208964
1005374,1,1,99287
998836,1,1,208964
1008020,1,1,373
1009035,1,1,224308
1009063,1,1,224308
1009220,1,1,83332
1009375,1,1,269800
1009901,1,1,818
1010256,1,1,354
1000251,1,1,170187
1000263,1,1,314256
998388,1,1,10090
998421,1,1,83333
998475,1,1,198628
998562,1,1,208964
998618,1,1,224308
998675,1,1,83332
58302,1,1,185431
58303,1,1,185431
58280,1,1,185431
58281,1,1,185431
58282,1,1,185431
58283,1,1,185431
58286,1,1,185431
58287,1,1,185431
1015945,1,1,208964
1017243,1,1,170187
1012711,1,1,1111708
1012781,1,1,208964
58297,1,1,185431
58298,1,1,185431
58299,1,1,185431
58301,1,1,185431
1019465,1,1,359391
1020372,1,1,208964
1021019,1,1,269796
1021946,1,1,714
1014094,1,1,83332
1014929,1,1,1144313
1015156,1,1,1314
1015883,1,1,208964
1004507,1,1,9544
1004996,1,1,1053
1005061,1,1,7955
1005330,1,1,28068
1017858,1,1,557436
1017897,1,1,224308
1019078,1,1,83333
1019290,1,1,208964
1013490,1,1,208964
1013892,1,1,71421
1010425,1,1,62977
1010447,1,1,224308
1010478,1,1,224308
1010513,1,1,6239
1010518,1,1,301447
1011562,1,1,63186
58387,1,1,185431
58395,1,1,185431
58365,1,1,185431
58366,1,1,185431
1012968,1,1,99287
1013253,1,1,243233
1013256,1,1,243233
1013401,1,1,1390
58425,1,1,185431
58429,1,1,185431
58377,1,1,185431
58378,1,1,185431
58380,1,1,185431
58381,1,1,185431
58382,1,1,185431
58386,1,1,185431
58288,1,1,185431
58289,1,1,185431
58401,1,1,185431
58403,1,1,185431
58410,1,1,185431
58417,1,1,185431
58418,1,1,185431
58423,1,1,185431
1022222,1,1,224308
1022267,1,1,208964
1022498,1,1,224308
1022517,1,1,176299
1022604,1,1,456327
1022862,1,1,208964
1026719,1,1,149539
58237,1,1,185431
1023306,1,1,224308
1023428,1,1,224308
1023773,1,1,1302
1023774,1,1,1302
1023775,1,1,1302
1023778,1,1,1302
1022105,1,1,266
1022108,1,1,354
1025210,1,1,224308
1025433,1,1,170187
1025702,1,1,55952
1025997,1,1,83332
1026003,1,1,10090
1026444,1,1,83332
1023188,1,1,83332
1023295,1,1,195102
1012115,1,1,100226
1026450,1,1,208964
1026475,1,1,208964
1026476,1,1,99287
1026543,1,1,83333
1026561,1,1,83333
1026594,1,1,71421
1026608,1,1,83333
58313,1,1,185431
58317,1,1,185431
58319,1,1,185431
58293,1,1,185431
58295,1,1,185431
1026839,1,1,99287
1026861,1,1,83333
1026935,1,1,83333
58334,1,1,185431
58337,1,1,185431
58339,1,1,185431
58306,1,1,185431
58308,1,1,185431
58310,1,1,185431
58311,1,1,185431
58312,1,1,185431
58224,1,1,185431
58226,1,1,185431
58229,1,1,185431
58324,1,1,185431
58325,1,1,185431
58326,1,1,185431
58330,1,1,185431
58333,1,1,185431
58239,1,1,185431
58240,1,1,185431
58241,1,1,185431
58242,1,1,185431
58244,1,1,185431
58219,1,1,185431
58220,1,1,185431
58223,1,1,185431
58271,1,1,185431
58272,1,1,185431
58275,1,1,185431
58276,1,1,185431
58277,1,1,185431
58278,1,1,185431
58279,1,1,185431
58245,1,1,185431
58106,1,1,185431
58144,1,1,185431
58145,1,1,185431
58146,1,1,185431
58149,1,1,185431
58151,1,1,185431
58153,1,1,185431
58155,1,1,185431
1026717,1,1,149539
1026718,1,1,149539
58165,1,1,185431
58166,1,1,185431
58168,1,1,185431
58172,1,1,185431
58173,1,1,185431
58174,1,1,185431
1026942,1,1,83333
1026947,1,1,83333
1026948,1,1,83333
1026616,1,1,83333
1026669,1,1,83333
1026673,1,1,83333
1026674,1,1,7227
1026703,1,1,99287
58213,1,1,185431
58214,1,1,185431
58215,1,1,185431
58216,1,1,185431
58217,1,1,185431
58218,1,1,185431
58175,1,1,185431
58177,1,1,185431
58053,1,1,185431
58054,1,1,185431
58057,1,1,185431
58060,1,1,185431
58065,1,1,185431
58066,1,1,185431
58208,1,1,185431
58211,1,1,185431
58233,1,1,185431
58074,1,1,185431
58075,1,1,185431
58079,1,1,185431
58082,1,1,185431
58083,1,1,185431
58046,1,1,185431
58050,1,1,185431
58246,1,1,185431
58248,1,1,185431
58256,1,1,185431
58258,1,1,185431
58259,1,1,185431
58260,1,1,185431
58261,1,1,185431
58232,1,1,185431
58096,1,1,185431
58097,1,1,185431
58098,1,1,185431
58099,1,1,185431
58101,1,1,185431
58103,1,1,185431
58105,1,1,185431
58084,1,1,185431
53899,1,1,44689
53902,1,1,44689
53933,1,1,44689
53939,1,1,44689
53953,1,1,44689
53958,1,1,44689
53970,1,1,44689
58094,1,1,185431
1027341,1,1,3702
1027350,1,1,208964
53994,1,1,44689
54003,1,1,44689
54013,1,1,44689
54021,1,1,44689
58023,1,1,185431
53887,1,1,44689
58178,1,1,185431
58179,1,1,185431
58183,1,1,185431
58184,1,1,185431
58186,1,1,185431
58187,1,1,185431
58158,1,1,185431
58164,1,1,185431
58035,1,1,185431
58038,1,1,185431
58040,1,1,185431
58042,1,1,185431
58043,1,1,185431
58044,1,1,185431
58045,1,1,185431
58024,1,1,185431
53768,1,1,44689
53773,1,1,44689
53684,1,1,44689
53693,1,1,44689
53694,1,1,44689
53709,1,1,44689
53741,1,1,44689
53750,1,1,44689
58072,1,1,185431
1027339,1,1,243232
1027323,1,1,3702
1027418,1,1,44689
53755,1,1,44689
53756,1,1,44689
53762,1,1,44689
53767,1,1,44689
58086,1,1,185431
58087,1,1,185431
58088,1,1,185431
58089,1,1,185431
58091,1,1,185431
58092,1,1,185431
58093,1,1,185431
58068,1,1,185431
53850,1,1,44689
53859,1,1,44689
53878,1,1,44689
53880,1,1,44689
53883,1,1,44689
53886,1,1,44689
53774,1,1,44689
53800,1,1,44689
53553,1,1,44689
53442,1,1,44689
53443,1,1,44689
53452,1,1,44689
53490,1,1,44689
53533,1,1,44689
53537,1,1,44689
53539,1,1,44689
53981,1,1,44689
1027401,1,1,3702
1027453,1,1,3702
1027459,1,1,3702
53549,1,1,44689
53550,1,1,44689
53551,1,1,44689
53552,1,1,44689
58025,1,1,185431
58026,1,1,185431
58027,1,1,185431
58028,1,1,185431
58030,1,1,185431
58031,1,1,185431
58032,1,1,185431
53973,1,1,44689
53586,1,1,44689
53650,1,1,44689
53664,1,1,44689
53673,1,1,44689
53678,1,1,44689
53555,1,1,44689
53556,1,1,44689
53558,1,1,44689
53158,1,1,44689
53169,1,1,44689
53176,1,1,44689
53179,1,1,44689
53184,1,1,44689
53219,1,1,44689
53224,1,1,44689
53570,1,1,44689
1027535,1,1,83333
53266,1,1,44689
53273,1,1,44689
53275,1,1,44689
53277,1,1,44689
53290,1,1,44689
53292,1,1,44689
53157,1,1,44689
53804,1,1,44689
53811,1,1,44689
53830,1,1,44689
53832,1,1,44689
53833,1,1,44689
53752,1,1,44689
53753,1,1,44689
1027420,1,1,185431
52936,1,1,44689
52946,1,1,44689
52970,1,1,44689
52976,1,1,44689
52793,1,1,44689
52831,1,1,44689
52841,1,1,44689
52849,1,1,44689
1027636,1,1,3702
1027644,1,1,185431
1027753,1,1,64091
1027729,1,1,10090
1027732,1,1,85963
1027740,1,1,3702
52874,1,1,44689
52925,1,1,44689
1027521,1,1,208964
1027525,1,1,79929
1027531,1,1,170187
1027470,1,1,88036
1027645,1,1,3702
1027657,1,1,85962
1027678,1,1,170187
1027683,1,1,3702
53559,1,1,44689
53562,1,1,44689
53563,1,1,44689
53564,1,1,44689
53565,1,1,44689
53540,1,1,44689
53544,1,1,44689
1027517,1,1,224308
1027845,1,1,3702
1027834,1,1,559292
52585,1,1,44689
52587,1,1,44689
52589,1,1,44689
52591,1,1,44689
52594,1,1,44689
52599,1,1,44689
53351,1,1,44689
53353,1,1,44689
53360,1,1,44689
53251,1,1,44689
53264,1,1,44689
1027704,1,1,3702
1027720,1,1,6239
1027691,1,1,5664
53416,1,1,44689
53417,1,1,44689
53421,1,1,44689
53297,1,1,44689
53302,1,1,44689
53320,1,1,44689
53322,1,1,44689
53337,1,1,44689
52861,1,1,44689
52865,1,1,44689
52868,1,1,44689
53368,1,1,44689
53371,1,1,44689
53394,1,1,44689
53404,1,1,44689
53408,1,1,44689
52869,1,1,44689
52872,1,1,44689
1027789,1,1,208964
1027810,1,1,559292
1027988,1,1,3702
1027946,1,1,510516
1027955,1,1,208964
1027961,1,1,330779
52985,1,1,44689
53011,1,1,44689
53021,1,1,44689
53038,1,1,44689
53043,1,1,44689
53047,1,1,44689
53048,1,1,44689
53053,1,1,44689
53075,1,1,44689
53091,1,1,44689
53100,1,1,44689
53126,1,1,44689
53130,1,1,44689
53132,1,1,44689
53133,1,1,44689
53147,1,1,44689
52524,1,1,44689
52532,1,1,44689
52539,1,1,44689
52546,1,1,44689
52548,1,1,44689
52551,1,1,44689
52559,1,1,44689
52574,1,1,44689
52605,1,1,44689
52606,1,1,44689
52611,1,1,44689
52653,1,1,44689
52661,1,1,44689
52675,1,1,44689
52683,1,1,44689
52579,1,1,44689
52700,1,1,44689
52715,1,1,44689
52719,1,1,44689
52762,1,1,44689
52779,1,1,44689
52781,1,1,44689
52783,1,1,44689
52791,1,1,44689
52408,1,1,44689
52322,1,1,44689
52329,1,1,44689
52341,1,1,44689
52343,1,1,44689
52352,1,1,44689
52356,1,1,44689
52361,1,1,44689
1027968,1,1,224308
1027977,1,1,3702
1027893,1,1,330779
52380,1,1,44689
52384,1,1,44689
52397,1,1,44689
52405,1,1,44689
52407,1,1,44689
52182,1,1,44689
52186,1,1,44689
52192,1,1,44689
52204,1,1,44689
52075,1,1,44689
52078,1,1,44689
52092,1,1,44689
52111,1,1,44689
1028119,1,1,284812
1028129,1,1,284812
1028379,1,1,227321
1028381,1,1,6239
1028415,1,1,36779
1028420,1,1,210007
1028245,1,1,3702
52180,1,1,44689
1028217,1,1,3702
1028220,1,1,243232
1028221,1,1,243232
1028196,1,1,3702
1028202,1,1,284812
1028019,1,1,266834
1028024,1,1,36329
1028077,1,1,367110
52582,1,1,44689
1027910,1,1,3702
1027912,1,1,227321
1027932,1,1,208964
1027855,1,1,3702
1027860,1,1,882
1027863,1,1,9606
1028214,1,1,3702
1028229,1,1,679897
1028232,1,1,243232
1028240,1,1,3702
1028242,1,1,3702
1028511,1,1,3702
1028528,1,1,198628
51945,1,1,44689
51950,1,1,44689
52437,1,1,44689
52445,1,1,44689
52455,1,1,44689
52464,1,1,44689
52372,1,1,44689
52375,1,1,44689
1028262,1,1,10090
1028222,1,1,243232
52500,1,1,44689
52508,1,1,44689
52511,1,1,44689
52517,1,1,44689
52414,1,1,44689
52418,1,1,44689
52420,1,1,44689
52436,1,1,44689
52123,1,1,44689
52129,1,1,44689
52139,1,1,44689
52159,1,1,44689
52475,1,1,44689
52479,1,1,44689
52480,1,1,44689
52481,1,1,44689
52246,1,1,44689
52248,1,1,44689
52249,1,1,44689
52165,1,1,44689
52170,1,1,44689
1028494,1,1,5722
1028430,1,1,3702
1028432,1,1,559292
52280,1,1,44689
52282,1,1,44689
52308,1,1,44689
52206,1,1,44689
52210,1,1,44689
52224,1,1,44689
52235,1,1,44689
52241,1,1,44689
51875,1,1,44689
51877,1,1,44689
51901,1,1,44689
52250,1,1,44689
52257,1,1,44689
52265,1,1,44689
52274,1,1,44689
52278,1,1,44689
51951,1,1,44689
51958,1,1,44689
51978,1,1,44689
51850,1,1,44689
51851,1,1,44689
51854,1,1,44689
51861,1,1,44689
51862,1,1,44689
52055,1,1,44689
52062,1,1,44689
52065,1,1,44689
52067,1,1,44689
51985,1,1,44689
51987,1,1,44689
51989,1,1,44689
51991,1,1,44689
51646,1,1,44689
51649,1,1,44689
51656,1,1,44689
51664,1,1,44689
51667,1,1,44689
52013,1,1,44689
52035,1,1,44689
52050,1,1,44689
51692,1,1,44689
51707,1,1,44689
51711,1,1,44689
51722,1,1,44689
51730,1,1,44689
51629,1,1,44689
51642,1,1,44689
51645,1,1,44689
1028469,1,1,510516
1028695,1,1,7955
1028702,1,1,3702
1028661,1,1,3702
1028672,1,1,199310
1028687,1,1,264203
1028596,1,1,330879
51691,1,1,44689
1029080,1,1,3702
1029081,1,1,224308
51453,1,1,44689
51495,1,1,44689
51506,1,1,44689
51511,1,1,44689
51532,1,1,44689
51384,1,1,44689
1028806,1,1,9606
1028711,1,1,284812
1028714,1,1,273075
1028720,1,1,2271
1028729,1,1,284812
1028732,1,1,559292
1029115,1,1,47145
1029118,1,1,330879
1028807,1,1,882
1028808,1,1,3702
1028822,1,1,208964
1028839,1,1,227321
1028849,1,1,3702
1028772,1,1,272563
1028785,1,1,7955
1028798,1,1,44689
52000,1,1,44689
52010,1,1,44689
51907,1,1,44689
51928,1,1,44689
1028550,1,1,208964
1028551,1,1,7227
1028560,1,1,224308
1028888,1,1,3702
1028968,1,1,882
1028970,1,1,170187
1029025,1,1,83332
1028890,1,1,9606
1028893,1,1,83332
1028936,1,1,243276
1029384,1,1,559292
1029387,1,1,3702
51753,1,1,44689
51765,1,1,44689
51774,1,1,44689
51779,1,1,44689
51789,1,1,44689
51802,1,1,44689
51674,1,1,44689
51683,1,1,44689
51819,1,1,44689
51826,1,1,44689
51829,1,1,44689
51839,1,1,44689
51847,1,1,44689
51849,1,1,44689
51733,1,1,44689
51742,1,1,44689
51398,1,1,44689
51413,1,1,44689
51414,1,1,44689
51415,1,1,44689
51417,1,1,44689
51434,1,1,44689
51805,1,1,44689
51818,1,1,44689
51272,1,1,44689
51276,1,1,44689
51201,1,1,44689
51202,1,1,44689
51215,1,1,44689
51221,1,1,44689
51227,1,1,44689
51229,1,1,44689
1029520,1,1,227321
1029529,1,1,44689
1029537,1,1,6239
1029464,1,1,3055
51258,1,1,44689
51264,1,1,44689
51268,1,1,44689
51271,1,1,44689
1029210,1,1,559292
1029231,1,1,44689
1029244,1,1,227321
1029557,1,1,272634
1029576,1,1,3702
1029503,1,1,3702
1029505,1,1,227321
1029512,1,1,44689
1029394,1,1,3702
1029257,1,1,3702
1029274,1,1,208964
1029299,1,1,10090
1029302,1,1,99287
1029303,1,1,3702
1029129,1,1,284812
1029159,1,1,186763
1029408,1,1,224308
1029423,1,1,3702
1029434,1,1,83333
1029733,1,1,170187
1029741,1,1,208964
1029697,1,1,269797
1029703,1,1,85962
1029723,1,1,267377
51570,1,1,44689
51575,1,1,44689
51440,1,1,44689
51447,1,1,44689
1029469,1,1,64091
1029479,1,1,510516
1029497,1,1,559292
1029401,1,1,10090
51619,1,1,44689
51620,1,1,44689
51539,1,1,44689
51542,1,1,44689
51545,1,1,44689
51551,1,1,44689
51552,1,1,44689
51554,1,1,44689
51230,1,1,44689
51231,1,1,44689
51577,1,1,44689
51588,1,1,44689
51604,1,1,44689
51606,1,1,44689
51608,1,1,44689
51617,1,1,44689
51293,1,1,44689
51297,1,1,44689
51300,1,1,44689
51308,1,1,44689
51254,1,1,44689
51255,1,1,44689
1029680,1,1,192952
1029687,1,1,262724
51353,1,1,44689
51355,1,1,44689
51365,1,1,44689
51373,1,1,44689
51277,1,1,44689
51286,1,1,44689
51291,1,1,44689
51292,1,1,44689
50983,1,1,44689
50993,1,1,44689
51016,1,1,44689
51019,1,1,44689
51021,1,1,44689
51310,1,1,44689
51322,1,1,44689
51325,1,1,44689
51039,1,1,44689
51045,1,1,44689
51055,1,1,44689
51061,1,1,44689
51065,1,1,44689
51083,1,1,44689
50947,1,1,44689
50961,1,1,44689
1030780,1,1,303
1030794,1,1,696747
1030878,1,1,1085
1030905,1,1,273075
1031052,1,1,208964
1030609,1,1,1525
1030655,1,1,10116
1030662,1,1,9913
1029841,1,1,224308
1029881,1,1,273057
1029889,1,1,2180
1029742,1,1,243232
1029752,1,1,122586
1029756,1,1,208964
1029767,1,1,79929
1029770,1,1,135722
1029913,1,1,170187
1029915,1,1,353153
1029979,1,1,381666
1029981,1,1,882
1029989,1,1,83333
1030052,1,1,83332
1029808,1,1,243232
1029823,1,1,272844
1029688,1,1,243232
1029613,1,1,3702
1029633,1,1,5664
1029670,1,1,83332
1030062,1,1,83333
1030120,1,1,160492
1030180,1,1,272557
1030191,1,1,1408
51089,1,1,44689
51114,1,1,44689
51117,1,1,44689
51139,1,1,44689
51140,1,1,44689
51145,1,1,44689
51148,1,1,44689
51022,1,1,44689
50615,1,1,44689
51149,1,1,44689
51157,1,1,44689
51174,1,1,44689
51190,1,1,44689
51198,1,1,44689
51200,1,1,44689
51085,1,1,44689
50691,1,1,44689
50583,1,1,44689
50600,1,1,44689
50603,1,1,44689
50604,1,1,44689
50605,1,1,44689
50608,1,1,44689
50611,1,1,44689
1030711,1,1,269797
1030751,1,1,224324
1030364,1,1,79929
50622,1,1,44689
50623,1,1,44689
50644,1,1,44689
50667,1,1,44689
50669,1,1,44689
1031687,1,1,381666
1031752,1,1,29303
1033138,1,1,3702
1033132,1,1,284812
1033135,1,1,208964
1033119,1,1,208964
50326,1,1,44689
50335,1,1,44689
1033022,1,1,198628
1033058,1,1,206672
1032296,1,1,224308
1032756,1,1,272623
1032763,1,1,99287
1031368,1,1,559292
1031516,1,1,170187
1031601,1,1,83332
1030313,1,1,3702
1030316,1,1,1525
1033106,1,1,224326
1033107,1,1,3702
1032771,1,1,208964
1032834,1,1,2257
1032978,1,1,1111708
1033011,1,1,243230
51033,1,1,44689
1030569,1,1,170187
1030573,1,1,2188
1030205,1,1,243232
1030216,1,1,243232
1030217,1,1,243232
1030235,1,1,243232
1030311,1,1,69014
50764,1,1,44689
50769,1,1,44689
50781,1,1,44689
50796,1,1,44689
50620,1,1,44689
1033121,1,1,559292
1033127,1,1,44689
1033111,1,1,71421
50934,1,1,44689
50935,1,1,44689
50939,1,1,44689
50944,1,1,44689
50715,1,1,44689
50737,1,1,44689
50745,1,1,44689
50756,1,1,44689
50180,1,1,44689
50228,1,1,44689
50262,1,1,44689
50294,1,1,44689
50907,1,1,44689
50914,1,1,44689
50923,1,1,44689
50926,1,1,44689
50350,1,1,44689
50351,1,1,44689
50353,1,1,44689
50355,1,1,44689
50109,1,1,44689
50111,1,1,44689
50114,1,1,44689
50125,1,1,44689
50558,1,1,44689
50375,1,1,44689
50378,1,1,44689
50415,1,1,44689
50417,1,1,44689
50434,1,1,44689
50439,1,1,44689
50441,1,1,44689
49839,1,1,44689
50460,1,1,44689
50473,1,1,44689
50487,1,1,44689
50501,1,1,44689
50513,1,1,44689
50530,1,1,44689
50545,1,1,44689
49928,1,1,44689
49744,1,1,44689
49767,1,1,44689
49770,1,1,44689
49782,1,1,44689
49789,1,1,44689
49797,1,1,44689
49819,1,1,44689
1033190,1,1,7227
1033208,1,1,237561
1033171,1,1,3702
49862,1,1,44689
49863,1,1,44689
49899,1,1,44689
49909,1,1,44689
49910,1,1,44689
1033352,1,1,3702
1033359,1,1,3702
1033310,1,1,3702
49457,1,1,44689
49467,1,1,44689
49468,1,1,44689
49487,1,1,44689
49507,1,1,44689
1033230,1,1,3702
1033231,1,1,3702
1033232,1,1,83332
1033367,1,1,3702
1033377,1,1,1111708
1033330,1,1,1061
1033334,1,1,9606
1033339,1,1,3702
1033249,1,1,36329
1033250,1,1,3702
1033257,1,1,3702
1033265,1,1,3702
1033239,1,1,243274
1033243,1,1,272623
1033244,1,1,224308
1033246,1,1,224326
50447,1,1,44689
50305,1,1,44689
50324,1,1,44689
1033152,1,1,83332
1033153,1,1,1085
1033159,1,1,9606
1033165,1,1,7955
1033167,1,1,44689
49843,1,1,44689
49861,1,1,44689
1033289,1,1,78605
1033291,1,1,3702
1033294,1,1,284812
1033295,1,1,3702
1033447,1,1,3702
1033455,1,1,170187
50104,1,1,44689
49933,1,1,44689
49938,1,1,44689
49942,1,1,44689
49963,1,1,44689
49988,1,1,44689
49991,1,1,44689
50038,1,1,44689
49417,1,1,44689
50039,1,1,44689
50055,1,1,44689
50066,1,1,44689
50079,1,1,44689
50085,1,1,44689
50090,1,1,44689
50093,1,1,44689
49518,1,1,44689
49294,1,1,44689
49316,1,1,44689
49327,1,1,44689
49341,1,1,44689
49356,1,1,44689
49385,1,1,44689
49390,1,1,44689
45933,1,1,294381
46316,1,1,294381
47226,1,1,5759
19909,1,1,79929
19941,1,1,243232
19951,1,1,243232
20064,1,1,243232
20219,1,1,243232
1033593,1,1,862751
1033618,1,1,185431
1033650,1,1,1392255
1033534,1,1,3702
1033543,1,1,9606
28878,1,1,905079
37793,1,1,184922
44826,1,1,5759
1033397,1,1,3702
1033386,1,1,1111708
1033393,1,1,3702
1033394,1,1,1111708
1033707,1,1,2708
1033765,1,1,10090
1033777,1,1,223283
1033948,1,1,882
1033456,1,1,99287
1033457,1,1,44689
1033462,1,1,7937
1033405,1,1,3702
1033409,1,1,3702
1033413,1,1,3702
1033418,1,1,3702
1033422,1,1,3702
1033495,1,1,3702
1033506,1,1,3702
1034106,1,1,44689
1034112,1,1,3702
1034150,1,1,7227
1034208,1,1,170187
1034066,1,1,284812
1034075,1,1,227321
49632,1,1,44689
49633,1,1,44689
49424,1,1,44689
49441,1,1,44689
1033566,1,1,510516
1033581,1,1,208964
1033466,1,1,3702
1033475,1,1,3702
49737,1,1,44689
49740,1,1,44689
49529,1,1,44689
49532,1,1,44689
49542,1,1,44689
49548,1,1,44689
49560,1,1,44689
49561,1,1,44689
20573,1,1,69014
20579,1,1,186497
49665,1,1,44689
49699,1,1,44689
49701,1,1,44689
49721,1,1,44689
49723,1,1,44689
49728,1,1,44689
49185,1,1,44689
49188,1,1,44689
21121,1,1,2208
21430,1,1,273063
1033992,1,1,1111708
1033993,1,1,1111708
1033995,1,1,3702
1034059,1,1,3702
49274,1,1,44689
49283,1,1,44689
49293,1,1,44689
49093,1,1,44689
49094,1,1,44689
49095,1,1,44689
49097,1,1,44689
49134,1,1,44689
18627,1,1,243232
18641,1,1,69014
18666,1,1,79929
18943,1,1,224325
49220,1,1,44689
49230,1,1,44689
49253,1,1,44689
49272,1,1,44689
1034076,1,1,44689
1033989,1,1,1111708
19090,1,1,79929
19129,1,1,267377
19131,1,1,243232
19156,1,1,2271
19194,1,1,69014
18573,1,1,243232
1035489,1,1,3702
1035546,1,1,3702
1035581,1,1,568706
1035619,1,1,10090
1035300,1,1,208964
1035326,1,1,36329
17957,1,1,243232
17972,1,1,273057
1035662,1,1,3702
1035670,1,1,3702
1035677,1,1,3702
1035689,1,1,3702
1035700,1,1,3702
1035470,1,1,3702
1035486,1,1,3702
1035488,1,1,3702
1034660,1,1,7955
1034371,1,1,185431
1034373,1,1,185431
1034392,1,1,185431
1034446,1,1,208964
1034216,1,1,44689
1034219,1,1,44689
1034230,1,1,44689
1033950,1,1,882
1033951,1,1,3702
1033953,1,1,197221
1033956,1,1,3702
1034857,1,1,227321
1034469,1,1,284812
1034495,1,1,3702
1034554,1,1,284812
19043,1,1,243232
19052,1,1,243232
1035421,1,1,224308
1035427,1,1,208964
1034887,1,1,90370
1034947,1,1,227321
1035189,1,1,9606
1035270,1,1,559292
19280,1,1,330779
19364,1,1,273057
19542,1,1,273063
19782,1,1,79929
19783,1,1,79929
19784,1,1,269797
19785,1,1,243232
19788,1,1,79929
17907,1,1,243232
19791,1,1,224325
19827,1,1,269797
19858,1,1,243232
19905,1,1,79929
19906,1,1,79929
19907,1,1,79929
19908,1,1,79929
17977,1,1,243232
17986,1,1,243232
17997,1,1,273075
17809,1,1,243232
17863,1,1,70601
17864,1,1,192952
17872,1,1,187420
17895,1,1,273057
1037381,1,1,224308
1037485,1,1,227321
1037508,1,1,83332
1037527,1,1,83332
1037568,1,1,242231
1037569,1,1,83333
1036748,1,1,224308
1036770,1,1,83333
1037592,1,1,224308
1037673,1,1,227321
1037804,1,1,284812
1037806,1,1,284812
1037807,1,1,284812
1037808,1,1,284812
1037824,1,1,227321
1037219,1,1,227321
1036077,1,1,227321
1036181,1,1,224326
1036183,1,1,208964
1035756,1,1,224308
1035801,1,1,227321
1035843,1,1,227321
1035890,1,1,3702
1035969,1,1,4536
1036200,1,1,224308
1036215,1,1,273121
1036222,1,1,208964
1036227,1,1,10090
1036228,1,1,39947
1036245,1,1,208964
1036186,1,1,224308
1036194,1,1,882
1037835,1,1,559292
1038888,1,1,224308
17787,1,1,186497
1037864,1,1,224308
1037915,1,1,1111708
1037973,1,1,243277
1037979,1,1,10090
1040086,1,1,1049
17574,1,1,243232
17576,1,1,272844
959,1,1,79929
1040414,1,1,9606
1038321,1,1,9606
1038362,1,1,208964
1038404,1,1,224326
1038405,1,1,170187
17701,1,1,243232
17769,1,1,243232
17654,1,1,273057
17658,1,1,70601
17662,1,1,272844
17665,1,1,273063
17667,1,1,330779
17670,1,1,330779
1036339,1,1,208964
1036384,1,1,85962
1036428,1,1,208964
1036452,1,1,208964
1036455,1,1,208964
1036747,1,1,10116
17681,1,1,243232
17694,1,1,243232
1038727,1,1,208964
1038744,1,1,243277
1038858,1,1,208964
16729,1,1,7955
1038406,1,1,208964
1038473,1,1,99287
1038624,1,1,9606
1038675,1,1,83332
17644,1,1,186497
17541,1,1,186497
17546,1,1,243232
17556,1,1,186497
17560,1,1,243232
16822,1,1,269797
1038714,1,1,224308
1038720,1,1,208964
1039920,1,1,208964
1040043,1,1,9606
1039524,1,1,192222
1039527,1,1,224308
17596,1,1,70601
17603,1,1,70601
17622,1,1,2188
17634,1,1,243232
1040094,1,1,7955
1040200,1,1,208964
17537,1,1,2188
1039756,1,1,8355
1039763,1,1,83333
1039828,1,1,632
1039897,1,1,224308
1039917,1,1,190650
