EntryID,taxonomyID,roothog_id,umap_x,umap_y
C9K074,9606,0.0,13.578056,6.167619
C9JEN1,9606,780264.0,9.247382,6.150513
M0R307,9606,802823.0,18.56493,9.366216
E9PQV1,9606,729901.0,14.50575,9.4145155
P10911,9606,789596.0,12.068554,10.01149
D6RH20,9606,752383.0,11.386931,9.886563
H0Y4R1,9606,1027312.0,7.610237,11.794911
Q96PU4,9606,778401.0,12.029558,9.528243
A8MTF4,9606,0.0,14.442113,9.597498
A0A087X1S6,9606,0.0,12.12084,10.075766
Q96AY4,9606,789525.0,12.574303,10.389002
Q9H5Q4,9606,756021.0,11.518753,10.223271
C9JQU7,9606,780310.0,13.720024,6.518759
P36578,9606,802082.0,9.621141,13.625319
Q5SYW2,9606,0.0,14.012882,9.495626
Q9P016,9606,805527.0,11.902324,11.372695
Q86VD1,9606,729705.0,12.194571,9.994343
Q7Z7B1,9606,803525.0,8.308784,9.0255
A0A024R6G5,9606,,13.507196,5.799085
F8VZP4,9606,0.0,13.838321,8.664838
Q8TEV9,9606,759288.0,12.946638,10.042715
P22760,9606,794011.0,8.058512,7.5213456
F5H1C8,9606,0.0,13.207288,10.620451
Q6EIG7,9606,732096.0,8.638095,5.2083273
B1ALM4,9606,0.0,12.268798,11.818866
O14981,9606,803301.0,11.646179,9.855572
Q15761,9606,746380.0,6.084714,5.9013815
Q6XLA1,9606,,18.678732,9.394397
K7EKE6,9606,0.0,7.340646,12.930481
C9JT45,9606,804892.0,8.442974,12.13245
A0A2R8YD50,9606,0.0,8.750791,12.006587
H0Y875,9606,0.0,11.512669,12.70675
Q2M2Z5,9606,736653.0,14.01803,9.246954
Q9Y5G9,9606,763064.0,11.576382,15.178623
Q9C0I3,9606,746570.0,13.851381,9.442906
A0A348FV93,9606,0.0,14.125485,10.38346
Q70YC4,9606,737959.0,18.684845,9.42394
Q96N19,9606,793177.0,12.690842,11.292133
Q9BYN8,9606,759282.0,10.267294,9.021514
Q15369,9606,804618.0,10.457509,5.3088527
A2AAZ6,9606,,8.640345,5.2010665
O15033,9606,789350.0,11.89624,11.77209
Q12959,9606,795444.0,11.658752,12.601186
Q9P0E6,9606,802436.0,13.628007,5.852876
O14497,9606,761121.0,13.845347,8.773138
H0Y931,9606,0.0,12.162302,9.456744
Q92618,9606,747291.0,14.621107,8.996488
A0A0A0MT09,9606,778635.0,13.733708,6.6094513
P30046,9606,756325.0,8.561892,11.761749
O95661,9606,727135.0,13.625941,11.398936
Q13153,9606,792940.0,13.433626,11.322582
O76009,9606,736545.0,7.6154294,2.6612556
Q99758,9606,802754.0,8.389699,7.8613615
A0A3B3IRQ9,9606,0.0,12.376273,11.436868
E9PFF5,9606,0.0,12.388841,10.885992
Q5T8R3,9606,793048.0,6.6266494,9.048739
J9JIE5,9606,0.0,14.441523,9.082322
A4QPB0,9606,793040.0,11.625743,12.060581
P08861,9606,794303.0,7.572896,5.645389
Q5VVJ2,9606,785226.0,12.600637,11.232699
Q13432,9606,801589.0,13.141492,7.395432
Q96LR4,9606,748254.0,9.256438,6.0591626
H3BLT9,9606,0.0,8.7273035,5.3652196
O95833,9606,805789.0,9.04216,10.303804
A0A087WTI6,9606,0.0,14.306874,8.528648
Q96DT7,9606,748895.0,14.312271,8.937669
Q9BPZ3,9606,758670.0,15.547451,8.331493
P10646,9606,739685.0,9.468227,6.28751
Q9ULD5,9606,732597.0,14.366003,9.302905
Q96T53,9606,747210.0,11.482311,11.648884
B4DHE8,9606,0.0,12.94639,9.238187
A0A0A0MSK4,9606,778536.0,12.492077,12.179712
Q7RTP6,9606,759669.0,12.607079,11.971836
Q9ULV8,9606,795465.0,11.865429,11.380359
A0A5H1ZRP5,9606,0.0,14.130152,11.937349
Q13501,9606,784190.0,13.254762,10.017317
Q86WV2,9606,0.0,9.571611,9.0397215
Q8IZF3,9606,737081.0,8.005853,7.338516
Q99697,9606,761491.0,14.65095,8.897891
P98194,9606,793026.0,7.6483407,9.450539
Q05CH4,9606,,13.286702,10.56991
Q9H6T3,9606,778200.0,11.895054,10.055033
O15090,9606,745846.0,14.388687,8.713078
A0A024R7P2,9606,,12.29735,12.140596
O75078,9606,756321.0,12.563777,12.797467
Q6UWB4,9606,726668.0,7.8374767,5.8310485
A0A0A0MRW6,9606,0.0,11.203102,11.438027
P0C5J1,9606,814974.0,10.980457,11.41053
A0A087X0H5,9606,0.0,8.812342,5.4258018
P49917,9606,802437.0,10.911306,10.959095
Q86WI3,9606,751374.0,8.7022085,5.293459
Q8N9I8,9606,,14.418131,9.398624
A0A2R8YFK5,9606,0.0,13.145028,7.580701
A0A2R8Y6N0,9606,0.0,11.21769,8.948146
Q7Z465,9606,737837.0,12.970175,10.674295
D0VY79,9606,747315.0,14.143569,9.110794
Q9NP58,9606,801531.0,7.901632,8.451273
P40426,9606,0.0,14.286829,8.563127
F8VRD2,9606,777987.0,12.65975,9.573115
F5H0E3,9606,0.0,10.917786,11.302173
P10155,9606,812449.0,11.5894785,12.4276085
Q9H019,9606,746145.0,13.670358,9.237707
F6Y2X3,9606,0.0,13.03297,9.733392
P31948,9606,802529.0,10.37986,10.998931
A0A024RDE6,9606,,13.738832,7.2302933
P68363,9606,1028112.0,12.366336,18.112436
O75909,9606,794228.0,12.713823,11.7400255
P59780,9606,0.0,13.450672,2.105237
A0A5F9ZHW5,9606,0.0,13.613045,10.24736
P13725,9606,730424.0,9.574896,5.2329116
Q5VYD6,9606,0.0,13.428077,10.095695
A0A024RC21,9606,728642.0,13.897981,8.768827
Q14416,9606,789365.0,10.7623205,12.145978
Q9BSA4,9606,795768.0,8.868813,7.9714456
Q9UDX5,9606,802035.0,9.311452,8.821366
A0PK11,9606,758993.0,8.603779,8.40035
Q70CQ2,9606,781564.0,11.960418,9.422666
P24539,9606,831155.0,9.529463,9.020192
E9PML7,9606,0.0,9.637885,12.496
Q9Y2M0,9606,811693.0,12.510359,11.18883
Q9Y296,9606,789195.0,13.2558365,2.303689
Q8TCD1,9606,737793.0,12.7246275,10.080049
A0A0B4J294,9606,0.0,13.271282,2.283398
Q13002,9606,813795.0,8.454755,7.4547133
A0A1C9HIH9,9606,732271.0,8.594131,5.168463
Q8TE67,9606,746397.0,12.854895,10.428059
S4R303,9606,0.0,14.209625,9.161441
A0A024QZD1,9606,,9.970037,13.327172
Q8N6S5,9606,729924.0,13.058961,9.649612
A0A2R8Y7L2,9606,0.0,8.887987,11.824924
A0A024R5Q8,9606,,12.160477,9.322639
P50613,9606,801468.0,14.129621,11.916285
H7C0R2,9606,0.0,10.565336,11.348791
E9PFK5,9606,0.0,12.064225,10.783735
Q969I3,9606,752751.0,10.807012,10.386652
J3JS69,9606,1027245.0,13.603328,5.640938
A0A1B0GWJ2,9606,0.0,13.724625,8.9087925
Q4G176,9606,792977.0,11.183217,11.976424
P47775,9606,752708.0,5.7523255,5.660215
O00144,9606,778376.0,10.93351,12.199804
Q5JW53,9606,754591.0,13.7424135,9.4254055
E7ESY0,9606,,10.8839855,10.207337
Q6IAU5,9606,808330.0,13.307705,11.093344
Q9NTX7,9606,746382.0,13.634695,9.065104
P17538,9606,794303.0,7.575407,5.6468163
Q6ZRY4,9606,745668.0,13.338587,2.2256477
O95741,9606,801877.0,10.0723715,11.3265
Q6UVY6,9606,804001.0,8.197946,6.9207506
P30926,9606,755417.0,11.700013,13.776659
X5DQN9,9606,745646.0,14.324903,8.985715
A0A024R7L8,9606,,11.041166,9.737355
Q00688,9606,804774.0,10.151351,10.194089
Q59GP6,9606,739970.0,13.703252,10.069458
A0A024R9G7,9606,,12.52969,8.684619
Q13439,9606,761405.0,12.731606,9.546296
O95294,9606,803578.0,12.403662,12.230444
A0A024RB17,9606,,12.431643,12.064493
Q8N335,9606,1030684.0,9.49647,12.607283
Q6P1J6,9606,769352.0,8.325742,7.1407385
G4XUV3,9606,,6.530743,12.745016
Q9NRA2,9606,793048.0,6.6577864,9.05506
O75175,9606,0.0,13.232272,8.619081
Q14962,9606,,18.617182,9.391377
Q2KHT4,9606,0.0,9.158987,7.9706187
Q546G0,9606,723483.0,8.589972,5.2750525
Q00537,9606,789912.0,13.5874605,11.342942
I3L0N3,9606,0.0,10.656018,10.810488
A0A140VK29,9606,802222.0,10.172134,12.781665
Q96LT9,9606,815399.0,12.2809925,9.6679945
Q8NDV7,9606,765480.0,13.679666,10.117231
A2VDJ0,9606,747316.0,13.976613,9.354934
P60985,9606,729910.0,12.233576,6.218023
Q13087,9606,802127.0,8.150783,6.5772667
Q8NA61,9606,733265.0,14.39808,9.321765
Q6L8H4,9606,732109.0,12.738465,8.934303
Q92785,9606,0.0,13.2525,8.3947115
Q8NBZ7,9606,801706.0,8.861828,10.247564
Q8NDG6,9606,778204.0,11.686508,9.6830015
H0YKT6,9606,,12.391262,6.3184924
A0A384P5S9,9606,0.0,12.156567,10.056281
P43250,9606,793157.0,12.427008,12.237851
A0A1W2PRV5,9606,,13.030043,10.22296
P49757,9606,746071.0,12.985896,8.616164
O75342,9606,1033999.0,11.221733,11.412994
A0A0C4DG26,9606,0.0,13.447058,10.434631
Q6P988,9606,781575.0,12.453533,12.682004
Q9NQI0,9606,746012.0,11.786748,9.334139
Q6P1K1,9606,761048.0,12.528295,6.0460057
Q9Y534,9606,779918.0,13.126345,7.5513973
Q96AP7,9606,746223.0,8.473612,5.6356688
Q96BR5,9606,823279.0,10.54367,10.551647
C9JUL4,9606,801468.0,11.687594,9.168103
P08567,9606,790250.0,11.111262,10.289615
Q96EK2,9606,748983.0,14.080804,9.348456
Q6SPF0,9606,751276.0,14.613728,9.149681
A0A087WTB0,9606,0.0,10.0486765,11.352359
J3QRY6,9606,0.0,11.909646,12.344128
Q96AM1,9606,731717.0,6.2861357,5.676845
Q96HJ5,9606,730003.0,9.332864,5.811348
A0A087WTK8,9606,0.0,13.366136,10.126603
Q96KK3,9606,747068.0,8.70188,7.867602
Q9HCN6,9606,728305.0,8.597408,5.190747
P32119,9606,1028804.0,8.258721,12.346931
Q0VGL1,9606,781422.0,10.919308,9.976714
Q6UWI4,9606,746461.0,13.2473345,10.02497
A0A3B3ITW3,9606,0.0,7.738452,8.5906
Q9HCB6,9606,773714.0,8.284539,6.4616337
E9PHX9,9606,803542.0,13.557053,5.709765
Q16670,9606,726724.0,15.702574,9.682919
H0YKT2,9606,0.0,14.500486,8.935962
P19971,9606,1027329.0,9.914121,11.811505
Q0D2M2,9606,801785.0,0.0003411771,14.945488
Q6P9G4,9606,727062.0,8.866248,5.516831
H0Y803,9606,0.0,14.00711,8.647278
A8MXZ3,9606,747944.0,12.797274,8.8968315
O14835,9606,0.0,10.406004,9.276755
A0A0S2Z3N3,9606,801957.0,11.44954,11.917579
Q71SY5,9606,780011.0,13.511852,10.355598
Q9Y287,9606,756200.0,11.940583,9.17844
Q6P9B9,9606,780107.0,13.292443,9.980556
O75683,9606,746927.0,13.052307,10.48863
C9JK89,9606,759135.0,15.726653,8.160831
O00170,9606,794485.0,10.22331,10.251617
A0A1B0GWA8,9606,0.0,13.855994,8.719564
Q5BN46,9606,795705.0,12.0120125,9.641555
J3QRM1,9606,0.0,12.450158,10.276302
V9GYT8,9606,780410.0,13.270091,6.035797
J3QLL0,9606,,11.778622,10.183913
Q6UXK2,9606,752341.0,8.635104,6.0522156
E5KRK5,9606,1029495.0,9.990652,12.691417
F8VS54,9606,777987.0,12.541838,9.822504
J3KPP0,9606,0.0,11.710271,10.006762
H0Y9V7,9606,0.0,7.663199,9.409412
Q12962,9606,793464.0,13.30261,10.400523
A0A140VJN8,9606,0.0,12.38644,15.378865
Q96DR7,9606,754018.0,12.635457,10.915983
E9KL30,9606,801894.0,3.1931477,9.445135
A0A024R7R0,9606,,13.761262,9.797654
A0A024R899,9606,,13.212135,10.373564
C9JQZ4,9606,801481.0,10.495624,11.278291
Q9H9F9,9606,805799.0,12.360738,12.42388
Q9H6D7,9606,816082.0,12.193493,9.58246
Q8WWM9,9606,758975.0,12.325571,12.490711
O75129,9606,746239.0,12.474428,11.686996
C9JTK6,9606,1033109.0,7.5270886,11.58842
Q9BZ29,9606,0.0,11.734677,10.737947
Q5T9C2,9606,778575.0,12.877224,9.896148
A1A5B0,9606,0.0,11.77108,9.00897
Q9Y6C9,9606,789183.0,4.9192615,9.269159
P49747,9606,786208.0,8.670972,6.6134315
B4E1B9,9606,761823.0,9.028666,6.733099
V9GY73,9606,0.0,14.312341,9.038358
P49810,9606,,8.942311,8.0967045
P78363,9606,802754.0,8.805325,8.043808
A0A2U3TZM0,9606,0.0,11.460375,8.889476
F5H0Q6,9606,0.0,13.021413,10.474933
L0R819,9606,767271.0,12.435872,10.156138
Q9NUB4,9606,730103.0,14.498607,9.488598
B1AJU4,9606,754083.0,12.639635,11.582762
Q8N122,9606,802773.0,13.247218,2.312969
B3KPJ4,9606,0.0,13.447902,10.312715
Q9UBF8,9606,806616.0,12.038473,11.741146
Q8TBB7,9606,0.0,10.667841,10.109026
H0Y2Y8,9606,0.0,13.380091,10.051775
Q9HCZ1,9606,727830.0,15.734411,9.696886
A6NGQ2,9606,727213.0,13.09055,10.681813
P68366,9606,1028112.0,12.378315,18.128704
X6R4A7,9606,0.0,13.788961,8.955082
Q96PS8,9606,793167.0,17.207783,14.310364
P19113,9606,805243.0,11.013475,10.383793
B1ALM5,9606,0.0,12.301285,12.49436
Q86VZ6,9606,780026.0,12.610518,12.011719
Q9NWZ5,9606,803366.0,9.398678,11.299672
P16118,9606,1033178.0,9.413762,11.532155
O00189,9606,801701.0,11.07323,11.345748
P59510,9606,786540.0,8.266666,6.354602
A0A024R5C5,9606,,9.329136,12.439845
Q13765,9606,0.0,10.903817,10.042894
Q9NZN4,9606,802091.0,10.264598,10.858996
P03973,9606,736724.0,9.0669565,5.850013
Q53FR4,9606,802514.0,11.347536,11.712106
B4DZN7,9606,1027592.0,11.995496,12.498442
E5RK82,9606,0.0,12.316611,13.795649
Q14507,9606,729792.0,13.502052,5.7080398
Q13009,9606,746651.0,13.034812,10.063373
P15169,9606,803627.0,7.931304,7.3643556
P00439,9606,802249.0,9.0537815,9.767236
Q5VWC4,9606,0.0,11.593444,11.370493
H0Y3A8,9606,0.0,12.402801,11.609281
Q96Q42,9606,780004.0,12.293574,10.099035
P29373,9606,753046.0,10.909402,12.461318
O94992,9606,729857.0,13.908577,9.440596
G3V4X8,9606,802171.0,12.072235,8.102967
A0AVN2,9606,792955.0,12.889339,9.209919
Q9UBD9,9606,751523.0,12.6245985,12.226101
P62760,9606,802889.0,12.373775,13.876201
A0A024RBX9,9606,,9.284163,12.669398
O95140,9606,792985.0,11.254355,10.142055
A0A0S2Z355,9606,0.0,14.279034,12.066211
A0A0C4DGN7,9606,0.0,9.841383,11.644145
Q9NZW4,9606,792940.0,11.475987,4.938643
Q15170,9606,726683.0,13.419212,9.930043
Q8TAV3,9606,793104.0,6.9760175,10.222534
I3L3Z0,9606,0.0,8.324589,11.000365
G5EA09,9606,0.0,12.190687,11.718187
H7C422,9606,0.0,9.51611,13.843516
A0A024R488,9606,,10.650477,11.221668
Q8IV53,9606,732365.0,13.021339,10.107338
H7C488,9606,0.0,12.698431,9.659497
Q96JN8,9606,780348.0,12.225132,10.179681
A0A3B3ISA7,9606,0.0,11.0271435,10.374582
P13805,9606,755447.0,12.187908,10.806954
H0YND7,9606,1027345.0,9.284662,12.514445
E7EUL6,9606,0.0,14.422471,8.70526
A0A0B4J1S1,9606,0.0,8.836128,5.353034
Q96BR1,9606,,13.524036,11.600142
Q5VTE0,9606,1027386.0,8.346596,13.161526
Q6IAT9,9606,802466.0,3.1969783,9.446175
A1A5D2,9606,0.0,13.00405,9.961657
P19320,9606,737926.0,8.63014,5.4872684
F1D8T1,9606,0.0,14.238293,10.411015
Q5T2T1,9606,793648.0,11.66124,12.510674
Q9H568,9606,729805.0,-0.21000473,13.509511
Q5T1Z4,9606,0.0,14.064921,8.765832
Q9H649,9606,794211.0,11.4537,12.237435
Q05329,9606,805243.0,8.926763,11.49165
Q7Z6J9,9606,761966.0,12.592667,12.024984
A0A2R8Y880,9606,0.0,13.531119,8.494497
Q8IUL8,9606,784109.0,8.766383,6.5264845
H3BM14,9606,0.0,11.710975,10.866778
Q9UP03,9606,0.0,8.004089,8.186673
Q9UHW5,9606,802292.0,13.317545,2.229297
Q96CV9,9606,775106.0,12.670784,9.536418
G5E9G0,9606,1027265.0,9.485834,13.837861
Q7L2V5,9606,,18.704756,9.442747
A0A5F9ZI36,9606,0.0,11.882852,9.348978
Q9UF47,9606,746259.0,12.236464,7.763025
O94850,9606,731574.0,14.444689,9.41599
H0YKC5,9606,0.0,10.87424,8.978113
Q92953,9606,730367.0,13.042232,9.979778
B4DXZ6,9606,0.0,12.406901,10.914209
Q9NXB9,9606,793269.0,8.288098,9.249369
P06870,9606,794303.0,7.715076,5.7514963
A0A5F9ZHJ6,9606,0.0,11.958289,9.437169
Q96EA4,9606,793021.0,12.690248,9.700512
Q9UKB3,9606,0.0,12.734911,10.85237
C9JF66,9606,0.0,13.726531,9.512812
A0A024RBB9,9606,,12.588164,11.788304
Q9UHF1,9606,739133.0,8.493657,6.0578637
Q9Y6F7,9606,,12.367464,8.718295
Q92637,9606,0.0,8.659298,5.327379
Q9Y664,9606,793957.0,12.311542,12.363066
O15273,9606,746503.0,18.60421,9.384076
E5RJN6,9606,805822.0,9.758605,12.043265
K7EJE9,9606,801468.0,10.348522,10.756071
H0Y7S8,9606,0.0,11.872861,12.51794
H7C024,9606,780064.0,8.818298,6.7296667
A0A024RB73,9606,,13.81289,9.553283
Q9NPA2,9606,740087.0,8.270805,6.597936
Q9NSC5,9606,794922.0,11.988122,8.9456415
Q8TAU3,9606,722231.0,15.736162,9.695641
O94827,9606,746318.0,12.499514,12.170954
P46781,9606,1027246.0,9.017736,13.627844
Q8TAF7,9606,0.0,15.709042,9.681755
O15091,9606,,11.710588,10.233146
Q13454,9606,793091.0,11.596958,12.070698
P83105,9606,729833.0,7.9704704,6.110253
Q9BQT8,9606,792971.0,4.865513,9.228021
P01303,9606,747167.0,13.925773,3.9074137
Q9NYK6,9606,751239.0,13.946972,9.319646
Q11201,9606,748435.0,8.963305,7.1359353
Q6JQN1,9606,807615.0,9.136037,11.655058
Q68CP9,9606,784091.0,13.876546,8.788492
P52945,9606,746458.0,14.714528,8.918241
Q7KZS0,9606,0.0,12.998266,9.868426
Q5T8R1,9606,0.0,7.9431515,10.464697
Q9BQI0,9606,816069.0,11.621119,12.638527
Q9H3M9,9606,761777.0,12.024255,10.076643
P35749,9606,793067.0,12.558035,16.131306
O75677,9606,742698.0,8.558696,5.1593814
P30301,9606,793167.0,17.204683,14.309058
Q9H3S3,9606,748892.0,8.169534,5.887699
C9JIA8,9606,745912.0,13.311516,6.41565
P48357,9606,748975.0,8.887615,5.4108763
Q9Y4H2,9606,746075.0,13.921785,9.430691
A0A024R6R3,9606,,11.959782,11.252981
Q8TAG5,9606,749022.0,12.59157,12.45774
H7C270,9606,804281.0,11.142162,9.982286
Q8NHG8,9606,751217.0,15.724867,8.07676
Q8IV31,9606,733163.0,12.801661,11.496333
Q9BXS4,9606,784170.0,13.2459,10.150067
A0A669KB62,9606,0.0,12.20079,11.942468
Q8IYX1,9606,794263.0,10.879821,9.480528
Q8TC17,9606,765001.0,13.395015,2.13333
Q9H0W9,9606,822305.0,8.771889,9.924006
Q92485,9606,,7.9211135,7.020282
H0YE57,9606,0.0,8.064877,9.4992895
W5XKT8,9606,737984.0,8.726704,5.7785873
P04424,9606,1027433.0,7.5030785,12.770317
Q8N7E2,9606,722385.0,14.229886,8.470717
Q16281,9606,790031.0,11.954438,11.382737
Q14449,9606,761921.0,12.447822,10.352983
Q5VUJ9,9606,801468.0,14.252006,9.760796
H0Y4E8,9606,0.0,14.202921,8.364762
Q9NNZ3,9606,789406.0,12.79165,10.388881
Q8NEX5,9606,,9.242766,5.845036
H0YBT0,9606,,13.750781,9.4304085
V9HVY9,9606,759424.0,13.813961,9.390529
O15529,9606,753062.0,5.8854527,5.6561685
Q16829,9606,795386.0,12.179059,10.829194
Q9H4B4,9606,801468.0,12.844685,10.800433
K7ERZ3,9606,0.0,12.386947,15.369184
P14550,9606,1027831.0,8.126456,11.905317
P60006,9606,761053.0,12.660853,7.5584817
Q96S90,9606,739170.0,13.285257,10.198284
Q9NTJ5,9606,,9.831579,9.324649
M0QYS5,9606,0.0,12.734927,10.876378
Q9P2D0,9606,781394.0,12.085822,9.744095
A0A024RA24,9606,,11.588982,11.747396
Q5TC82,9606,746589.0,13.19235,10.527497
M0QZB9,9606,0.0,18.68719,9.423885
D6RFM5,9606,,9.2742,12.3823185
P16066,9606,761803.0,8.356785,7.4286933
P48645,9606,746039.0,13.783944,3.7716784
A0A0D9SFQ2,9606,0.0,13.897107,8.80409
O60711,9606,793760.0,12.484204,9.124248
H0YIS7,9606,756202.0,12.578896,10.995686
Q9H8M2,9606,752771.0,13.031379,10.434622
A0A024R7F9,9606,,10.420372,12.757344
Q9ULX9,9606,732600.0,14.873176,8.977173
P17021,9606,724845.0,15.73663,9.695604
P05155,9606,738263.0,8.832327,5.7310386
Q99683,9606,762167.0,11.974435,11.314807
B1AKA9,9606,,14.131845,8.42003
D6RDJ1,9606,794468.0,10.813797,11.375563
Q9ULQ1,9606,802277.0,12.124167,12.497005
A0A024R120,9606,,13.280591,2.2744234
P42166,9606,0.0,13.658166,9.149065
E9PF84,9606,0.0,9.173475,12.415171
V9HW95,9606,789205.0,11.544631,12.680524
P49795,9606,782660.0,5.760098,3.5675833
P61328,9606,758257.0,8.9348345,6.8550076
Q8N3J9,9606,804483.0,15.763586,9.707441
Q9Y2C4,9606,790041.0,12.011192,11.449999
O75155,9606,801994.0,11.30174,11.027196
Q6UVJ0,9606,801468.0,12.670941,9.754316
Q9Y3D8,9606,1029822.0,11.087176,12.475591
O43916,9606,810760.0,8.450738,6.3259907
O15355,9606,808330.0,13.330934,11.11892
Q9UBQ5,9606,802500.0,13.167728,2.4068382
P35222,9606,789284.0,13.146583,2.402698
H7C560,9606,0.0,12.369796,11.598046
Q9NV12,9606,737097.0,12.39798,12.437048
O60840,9606,795766.0,12.029794,8.496038
G3V0J0,9606,0.0,12.463042,10.900292
Q8WZ82,9606,804931.0,9.868335,11.630345
P16083,9606,808060.0,9.420193,12.251502
K7EK33,9606,0.0,12.994832,9.116105
A0A024RD80,9606,,9.731912,8.429071
Q5QPM9,9606,789271.0,11.205816,9.601548
Q13617,9606,802691.0,11.192368,11.269332
Q96AT1,9606,777920.0,12.25903,10.978017
Q13129,9606,753064.0,13.882758,9.342588
Q30201,9606,729839.0,8.489072,5.527596
Q8IXJ6,9606,801848.0,11.076768,10.152613
Q9ULE3,9606,746708.0,12.787388,11.617852
Q6NSM0,9606,0.0,14.36623,7.996683
Q6UXZ4,9606,0.0,8.598649,6.2998433
Q66K89,9606,754099.0,14.350934,8.93686
Q9UG01,9606,801731.0,10.599128,10.502122
P61966,9606,,10.036541,10.342591
Q9H6U8,9606,,13.419511,2.1116161
P14373,9606,726705.0,8.596618,5.184692
Q8WTQ1,9606,,9.328233,5.939867
Q5JSG7,9606,778163.0,8.500033,6.5177307
P51587,9606,733250.0,14.0499,9.219271
O75864,9606,738138.0,12.442084,12.4948435
O60861,9606,792530.0,12.272637,11.903549
Q8N726,9606,0.0,18.620138,9.38837
P28067,9606,736620.0,8.532915,5.5090556
P09067,9606,746668.0,14.742508,8.308041
M0QXW7,9606,792940.0,12.223412,11.932499
Q9ULJ6,9606,783175.0,12.490451,12.143308
O75051,9606,795691.0,8.161103,6.728885
Q15777,9606,802062.0,8.994217,10.615114
Q7L1W4,9606,786353.0,11.847663,11.730397
C9JZU6,9606,0.0,7.3954883,11.298076
A0A2U3TZT9,9606,0.0,11.027723,10.972884
H7BXH2,9606,0.0,11.86025,9.416771
B8ZZ93,9606,0.0,13.241863,10.237446
Q6XPR3,9606,755603.0,15.509881,9.617364
P57740,9606,802679.0,11.56051,10.370842
Q12908,9606,802760.0,7.1022153,9.2504015
M0QZ79,9606,745854.0,13.627677,8.837622
P42575,9606,755703.0,11.7891035,11.498073
Q53S70,9606,,18.695461,9.421791
E7EUL7,9606,0.0,13.91142,9.299351
Q5SW79,9606,758877.0,13.457342,8.313759
A0A1B0GU97,9606,0.0,13.709866,6.1587343
Q96PC5,9606,733166.0,13.323523,10.139574
Q6NMF0,3702,248172.0,16.17725,7.7439313
Q9M0V5,3702,315163.0,13.035928,6.453905
O48717,3702,317903.0,11.973306,9.46857
Q500Z1,3702,0.0,9.963055,8.854999
Q9FM97,3702,1027422.0,8.662458,12.35558
Q9SVZ8,3702,314386.0,8.960387,7.6886725
Q43292,3702,802697.0,13.7071295,5.5538774
Q8RWL4,3702,315461.0,13.191228,8.067017
Q8H1P9,3702,277592.0,14.222102,8.004845
Q9STK5,3702,293109.0,16.290022,7.3035846
Q9FNB0,3702,1028214.0,7.544784,11.470711
Q9ZU50,3702,802603.0,7.0166235,8.93945
Q9FWX8,3702,801531.0,7.6966534,8.70088
Q4F883,3702,292548.0,16.262882,7.590746
Q9MAD0,3702,269938.0,12.381081,15.360512
P51424,3702,802198.0,13.703074,5.556425
Q9LYJ2,3702,313989.0,11.501143,11.191947
Q9FLJ6,3702,297152.0,16.280918,7.3224096
Q9FL03,3702,292892.0,16.41421,7.723186
Q9LT31,3702,811318.0,11.275726,8.171157
Q9SCN2,3702,802109.0,7.036814,10.322649
Q9SYM0,3702,802080.0,9.111689,9.572686
Q9FIX3,3702,277648.0,16.295538,7.2095466
O48715,3702,,9.710093,11.23782
Q9SJV1,3702,1027831.0,8.105989,11.964217
Q9ZVT7,3702,802423.0,9.676003,11.155243
Q9SHI4,3702,267999.0,16.315538,6.844715
Q39232,3702,802886.0,7.2561145,9.309661
Q84JS5,3702,0.0,16.24876,7.2947164
Q84VQ4,3702,315020.0,11.7735195,9.847177
Q9LIN5,3702,319285.0,13.00527,8.820315
Q9FG81,3702,307771.0,11.449415,10.907403
Q9LSS0,3702,263965.0,16.266634,6.9976945
Q9FME5,3702,285331.0,8.589088,7.4102926
Q9FFU3,3702,803785.0,11.697513,11.057125
Q8RXT7,3702,297909.0,11.965998,9.249545
O04336,3702,277846.0,14.132572,7.59394
Q9ZW16,3702,802096.0,7.6782293,12.126132
Q9FI86,3702,804641.0,12.142025,10.156539
Q9SHH7,3702,278630.0,8.076271,10.519678
O24598,3702,815385.0,7.440199,7.485862
Q0WQ63,3702,0.0,6.636116,8.996276
Q9SCW5,3702,278422.0,14.314491,8.472453
Q8L602,3702,293663.0,14.311919,8.302846
Q9FXF2,3702,252427.0,16.247974,6.989702
A0A0A7EPL0,3702,247962.0,15.732955,8.2608595
Q9M0P7,3702,251347.0,12.42642,8.62732
Q9LN09,3702,247954.0,12.814851,9.025446
Q39108,3702,307963.0,9.183327,10.482956
Q6NKW9,3702,319568.0,7.5504746,7.473389
Q9FVT2,3702,803249.0,10.325106,9.427841
Q9FK86,3702,250547.0,13.629737,6.4668837
B3H4X8,3702,296024.0,13.253958,6.281663
Q67XU1,3702,293910.0,16.389988,7.6971726
Q9FY68,3702,801967.0,4.9197993,9.182495
Q9FK66,3702,310952.0,10.375957,7.307458
F2Y4A3,3702,801806.0,10.672937,10.161529
Q9LZI9,3702,801650.0,8.0231495,10.504066
F4IS32,3702,0.0,10.794689,11.960204
A3KPF5,3702,,9.394185,10.669808
Q8H1Y0,3702,1027857.0,9.214944,12.667162
F4IN69,3702,,12.946928,7.165738
Q9ZSL6,3702,294460.0,12.192297,9.216505
Q3E9T2,3702,269246.0,16.219791,7.533302
Q9M339,3702,1027267.0,9.040905,13.688248
Q7XXN8,3702,268662.0,18.66496,9.386919
Q8VYP6,3702,812167.0,9.36133,11.048305
A0A178UKR9,3702,801468.0,13.545762,11.568667
P0DI08,3702,,8.1100445,11.90774
Q9FFC0,3702,801785.0,0.0013029255,14.945358
O22469,3702,801910.0,10.425621,11.016566
Q9FY84,3702,314871.0,11.50834,10.791898
Q9FGM1,3702,310773.0,11.467431,12.331746
Q9LUM0,3702,803719.0,12.818046,10.346113
O48790,3702,267921.0,11.144895,9.865064
Q9SHB0,3702,297553.0,11.711333,10.464392
Q9LUS2,3702,310931.0,12.54757,10.666485
F4K685,3702,0.0,16.272587,6.92464
Q9LU90,3702,270072.0,16.26414,7.4482484
O24603,3702,815385.0,7.4990826,7.458576
Q9SHV6,3702,0.0,13.687032,5.822196
F4I3N6,3702,0.0,11.830433,9.768501
Q9SB38,3702,269452.0,16.235123,7.034266
Q9FLI3,3702,0.0,16.773792,7.333385
Q3E9C0,3702,801468.0,13.609929,11.582515
A8R7K9,3702,802514.0,11.0639515,10.75023
Q8W4D0,3702,802263.0,10.503514,9.934909
F4IUM0,3702,296047.0,11.825865,9.687342
Q66LG9,3702,292229.0,15.663236,8.120197
Q8VZU3,3702,278426.0,7.859056,7.5095983
Q9S9P1,3702,801915.0,9.606878,13.042199
Q9MAX3,3702,802160.0,7.330986,9.298612
Q9FIS2,3702,802366.0,7.696724,9.082734
Q9LV09,3702,299231.0,10.121176,10.304577
Q8VXZ7,3702,802346.0,7.645864,7.525426
O22533,3702,252132.0,16.339447,8.0047865
P24102,3702,252874.0,7.828667,7.5715528
Q9FWZ1,3702,248114.0,16.279781,7.3748255
B9DFZ0,3702,322306.0,11.988439,9.460722
Q9LS90,3702,319079.0,11.4518,9.359932
Q8LG88,3702,804850.0,17.157598,14.281564
Q8L796,3702,322100.0,12.13881,9.658432
Q9S7N6,3702,248176.0,15.892796,8.129504
Q9SXA1,3702,803311.0,11.480393,9.457875
P53497,3702,1027835.0,-3.1301146,6.2011704
Q9XF50,3702,277723.0,16.17287,7.540551
F4KHY7,3702,0.0,8.513766,2.0863554
O22682,3702,802575.0,8.9441,10.839115
O65787,3702,802109.0,7.028846,10.312262
Q9LT10,3702,315019.0,9.662849,11.34111
Q9C9K2,3702,278056.0,12.106395,8.612611
Q8L7S7,3702,0.0,13.557585,11.463798
Q8W4M7,3702,801532.0,10.757543,12.256375
Q9LXJ3,3702,277046.0,16.222431,8.024833
Q9STH1,3702,802529.0,10.963576,12.031167
Q9LMI1,3702,801468.0,9.779824,10.002364
Q9SQU9,3702,801878.0,8.2830925,9.201762
Q9ZQI2,3702,293240.0,8.639139,8.53111
Q9SA47,3702,249892.0,15.550872,8.096864
Q8GXN7,3702,263695.0,14.114901,8.344811
Q8GYN9,3702,801468.0,7.207686,12.048326
Q94BT9,3702,319510.0,10.571892,12.611843
Q84W04,3702,801960.0,11.620016,11.799914
Q8LAD4,3702,308780.0,11.884458,9.70838
Q9LZM6,3702,319593.0,10.069151,9.201812
Q9M9M9,3702,0.0,9.5619335,9.592042
Q9LMT8,3702,319456.0,16.390572,7.555782
F4IW10,3702,802631.0,8.592367,12.706505
Q94AL3,3702,319449.0,7.9443192,11.734878
Q8VZU9,3702,0.0,8.337264,9.031432
P09468,3702,805731.0,7.3174114,12.175511
Q39186,3702,814216.0,7.70344,7.413671
O82663,3702,802469.0,9.270188,12.41351
Q9FZA0,3702,253021.0,16.044909,7.665193
O64820,3702,282448.0,13.254926,6.5483956
O64682,3702,801468.0,13.489323,11.343099
Q15KI9,3702,0.0,11.507706,10.827145
Q9LYU4,3702,814832.0,9.5070915,11.296976
Q84RF2,3702,268725.0,16.220707,7.9248734
Q8GXP1,3702,319298.0,11.921581,9.545926
Q56XU4,3702,315144.0,13.145089,8.548024
O82279,3702,319906.0,11.933745,9.433676
Q67XD9,3702,319123.0,11.1667,9.908438
Q93YV0,3702,278780.0,16.206623,7.3036056
Q9LUH9,3702,277542.0,16.109224,7.5616117
Q9FI43,3702,801800.0,4.8671947,9.236972
Q84JL5,3702,320199.0,11.439669,9.60764
Q9SZV4,3702,315045.0,9.401823,8.897984
Q9FYK5,3702,248034.0,16.10528,8.154131
Q9SD05,3702,314723.0,8.404114,7.658283
Q9FMJ1,3702,250823.0,15.969656,8.048104
A0A178W2W3,3702,803406.0,11.370006,11.840382
Q56XR7,3702,268283.0,11.729652,10.28002
Q9SU81,3702,803203.0,7.9295177,7.4580693
Q9FNC9,3702,316984.0,9.314666,9.067916
Q8LBL5,3702,822226.0,16.157501,7.750445
Q9M394,3702,314619.0,11.545447,9.872159
F4HZY9,3702,0.0,11.145304,9.732482
Q9STW3,3702,292081.0,10.110775,8.90702
Q9SCQ6,3702,277456.0,14.494537,8.375282
Q9SFU7,3702,314948.0,12.107039,9.66051
Q3EBY6,3702,313931.0,11.170026,9.014273
A0A178W169,3702,294099.0,16.202074,7.555774
Q9LES3,3702,268614.0,15.281891,8.64195
P82281,3702,0.0,11.544594,10.627713
Q9SRX6,3702,277737.0,16.203049,7.626587
O65554,3702,292843.0,13.468153,11.623683
C0LGS2,3702,314460.0,16.351793,6.831549
Q8L557,3702,320897.0,11.706382,9.286712
F4J4I9,3702,297226.0,11.082137,8.7332
Q9C717,3702,292090.0,12.797402,9.434116
Q945M9,3702,277616.0,14.299038,7.4874516
F4K087,3702,0.0,12.2918625,8.024221
O80448,3702,1027431.0,7.235072,11.488033
Q9M2Z4,3702,317754.0,10.76359,9.066361
Q8GS18,3702,314386.0,8.923859,7.5885196
Q9SJG2,3702,252039.0,16.277779,6.9431787
Q9FH57,3702,277695.0,14.2611265,8.084769
Q9ZVQ4,3702,802275.0,8.006759,10.5108795
Q2V3L3,3702,315276.0,13.726227,7.898293
Q9LFT9,3702,801484.0,16.164139,13.562706
O82197,3702,802298.0,11.551767,12.532273
Q8GXU8,3702,805762.0,11.420476,10.961916
Q9FH60,3702,319547.0,12.077324,9.562076
Q84WK5,3702,0.0,11.5323305,12.347401
P39207,3702,801842.0,12.9496565,3.8148227
Q8LDB7,3702,0.0,16.284048,6.93355
Q8LDF9,3702,319519.0,12.520483,8.760431
O48890,3702,803052.0,10.801309,10.1157675
O23090,3702,292311.0,16.381004,7.498556
Q8VYN9,3702,317841.0,15.809207,7.894666
Q8H112,3702,804660.0,12.009225,9.106919
Q8LGH4,3702,802691.0,11.007976,11.236436
Q9LE59,3702,317838.0,11.2079115,8.059501
Q8S8K1,3702,801468.0,14.423811,8.04674
Q6X7J9,3702,294399.0,15.946004,8.082056
Q8LGI2,3702,802765.0,8.54833,11.725093
Q9SZC2,3702,250630.0,15.702489,8.113502
Q9M2V2,3702,294036.0,15.888886,8.024513
Q9ASU8,3702,803403.0,10.517892,10.970672
F4J8R6,3702,0.0,11.309221,10.709579
Q9T0I6,3702,802436.0,13.190281,6.321779
Q9S810,3702,801484.0,16.116974,13.649208
Q93YP0,3702,805063.0,10.910195,10.8453665
Q9XI91,3702,804453.0,9.820177,10.845821
Q3ECW0,3702,251453.0,13.540568,6.034781
Q9FGF6,3702,249169.0,16.08899,7.6611805
Q9ASX5,3702,805101.0,11.434592,10.99263
Q8S8S2,3702,,11.54356,11.390396
O23100,3702,237433.0,15.804666,8.064626
Q9LZT3,3702,801487.0,9.416342,11.341084
Q8VYM7,3702,310747.0,13.700322,8.536861
Q39048,3702,297326.0,16.36217,7.5371714
O22795,3702,278860.0,11.559207,10.726233
Q8RYC3,3702,811233.0,12.810086,9.220644
Q9SVY5,3702,271037.0,16.278713,6.965669
Q9SUT9,3702,320594.0,10.992835,11.833396
Q9C998,3702,1027383.0,8.527877,11.598373
Q8VZ52,3702,805948.0,12.016916,9.756677
Q9SCV1,3702,805484.0,7.4939256,7.7401567
Q0WUQ1,3702,292731.0,16.42264,7.6426716
B3H6R4,3702,277057.0,16.225828,7.9042106
Q94AM9,3702,801468.0,12.601304,8.163828
Q9FHX0,3702,1028523.0,8.617706,11.19159
Q9SZU1,3702,276967.0,7.0211477,10.301751
Q9LJW3,3702,248530.0,15.990289,8.082342
F4HTA1,3702,0.0,11.145233,9.308834
Q8RY65,3702,313956.0,16.303406,6.908714
Q9LW33,3702,319650.0,12.289629,9.483781
Q8RWV3,3702,0.0,12.349491,11.648774
Q8VY10,3702,807966.0,12.075728,9.6837
Q84TK0,3702,0.0,8.066964,10.441639
F4JEA6,3702,0.0,11.245131,9.697335
Q9LZP4,3702,0.0,16.160822,7.478976
O82239,3702,263316.0,15.944079,8.23773
Q9SAK7,3702,801468.0,7.024429,8.893178
Q9LHL7,3702,802413.0,10.6004095,10.255365
Q9LY29,3702,248970.0,16.085564,8.176363
Q645J1,3702,,16.48671,7.483806
Q9M1H3,3702,801771.0,10.311348,9.865831
Q1PE85,3702,252555.0,8.879274,8.178672
Q9C7X0,3702,251982.0,16.336782,7.3665237
Q93VT6,3702,317987.0,11.706426,10.111503
P42799,3702,0.0,8.170164,12.501379
Q9SQK3,3702,292593.0,11.908655,9.012533
Q8GW32,3702,268109.0,16.752247,7.405955
Q9SZP6,3702,314158.0,10.733412,10.352063
Q9SXD9,3702,801948.0,8.81636,10.678117
Q9LKR8,3702,1035691.0,11.951389,9.075532
F4JN38,3702,268333.0,16.275665,6.9367194
Q9XIN0,3702,277064.0,16.257956,7.7484045
Q9M1I6,3702,814175.0,10.129949,8.636575
Q9LN63,3702,268372.0,15.566324,8.300807
Q8LC53,3702,248092.0,16.091171,7.6049266
Q8W566,3702,0.0,11.357013,10.809141
P53494,3702,1027835.0,-3.1276224,6.2039356
Q9LPL4,3702,,12.1658325,9.366822
Q9SM27,3702,237217.0,14.1413145,7.8504677
Q9STJ9,3702,801676.0,11.9047785,9.661907
O48711,3702,292284.0,16.210217,6.978759
F4HXP9,3702,320493.0,11.197918,11.770436
Q8RX69,3702,0.0,10.40193,8.694848
F4JAD4,3702,294591.0,16.31966,7.314129
Q8W2F1,3702,268800.0,16.303362,7.583154
F4JW20,3702,0.0,13.230502,6.9560156
P92958,3702,801468.0,13.383478,11.580302
P56757,3702,1029316.0,7.3951573,11.703572
F4K1Z5,3702,0.0,10.825162,11.161335
Q9SJ52,3702,295455.0,16.232073,6.989117
Q8W4I9,3702,0.0,15.776711,8.155865
Q8RY46,3702,801531.0,7.7882614,8.584013
Q93ZE9,3702,252344.0,12.212443,10.079724
O04499,3702,1027997.0,10.152966,12.795565
Q9LNV5,3702,802132.0,12.834909,9.171275
Q9FHB8,3702,317844.0,12.687864,6.224929
Q9SHF3,3702,293380.0,10.679861,9.7181835
Q93VG5,3702,802362.0,9.515161,13.832317
Q5XEZ0,3702,293726.0,7.556234,8.978129
Q4VP09,3702,237521.0,12.95665,6.149493
P59220,3702,801468.0,5.1771617,1.6927847
Q56WN1,3702,1028529.0,7.4628778,11.534165
O81007,3702,307895.0,9.340684,7.883369
F4IDU4,3702,802594.0,11.441891,11.888055
Q93VJ2,3702,263345.0,12.079572,9.664036
O81914,3702,249262.0,15.979678,8.064181
F4JHM9,3702,0.0,12.093592,9.626443
Q94FT1,3702,807793.0,12.448806,8.045837
F4I8S3,3702,,12.966691,9.026289
Q9LT25,3702,293442.0,13.424147,9.104935
Q9LU01,3702,319596.0,11.835545,9.744711
Q0WQ75,3702,802956.0,11.188939,9.393823
F4KBJ3,3702,0.0,11.222697,10.943502
Q9ZU65,3702,292902.0,16.277554,8.028524
Q06738,3702,267185.0,12.716539,7.7120385
Q9ZPX0,3702,250239.0,16.028444,8.222807
O22929,3702,802261.0,11.411608,8.953777
Q9LN61,3702,315319.0,11.9243765,9.169201
Q8GZ96,3702,250884.0,15.551877,8.147091
Q8L776,3702,802821.0,11.871709,9.132449
F4I312,3702,803545.0,11.458649,10.827869
Q93VI4,3702,0.0,12.927293,9.333367
Q8LE47,3702,292849.0,16.298538,7.279712
Q9C8L9,3702,292384.0,13.292767,7.4508953
Q9LEW8,3702,804934.0,9.796119,11.745643
Q9ZRA2,3702,801525.0,8.865052,9.82358
Q38961,3702,805332.0,11.037567,10.958821
Q8H2D5,3702,312836.0,12.370864,11.095194
Q9SD73,3702,803090.0,7.974603,11.9565
P41568,3702,802276.0,13.601181,1.900472
F4KGL1,3702,0.0,16.308268,6.862857
F4KAX4,3702,314668.0,16.29249,6.9033537
Q9ZWA9,3702,318919.0,7.9079986,7.7730436
Q9SZC9,3702,802820.0,7.8139424,9.403008
Q8VZC9,3702,801683.0,10.561966,10.896582
Q94JV2,3702,319110.0,13.297675,6.1877875
Q94JT6,3702,0.0,10.44386,10.216854
Q9FFF9,3702,0.0,12.10482,9.654979
Q8VYJ1,3702,802569.0,8.743267,11.084598
Q42599,3702,802967.0,9.977174,12.390558
Q8LGE9,3702,801704.0,7.294065,9.356093
Q9SJZ2,3702,317898.0,7.8167415,7.5706162
Q0WQE7,3702,0.0,11.309271,8.415856
O04663,3702,801579.0,9.967834,10.866507
Q8RW96,3702,804434.0,11.374362,10.742059
Q8W4P1,3702,801468.0,13.935684,11.362553
F4HYF3,3702,1028138.0,9.60958,12.292098
Q8L603,3702,0.0,13.877155,7.3854446
Q9SZZ5,3702,,13.636465,6.293601
Q9FT74,3702,0.0,10.252599,10.4149475
Q94AV5,3702,250160.0,15.625285,8.12853
Q39132,3702,252121.0,9.813518,10.787424
Q9FJP3,3702,308184.0,11.687554,10.494833
O80673,3702,318996.0,13.525499,11.435656
Q67XK8,3702,248361.0,11.660896,7.8699393
Q7X9I0,3702,0.0,16.022243,8.173177
Q9XIR0,3702,314937.0,11.093044,11.061341
Q9SFE4,3702,248024.0,16.098087,8.186467
P48731,3702,248883.0,15.899287,8.205147
Q9FNA1,3702,293518.0,11.586323,10.651416
Q8L799,3702,1033464.0,10.587735,11.077249
Q8LCT6,3702,236940.0,16.113249,7.4976325
Q8L8A7,3702,294429.0,16.076237,8.227796
Q9LTC9,3702,250197.0,9.522916,8.789519
Q9FDX9,3702,308126.0,15.783089,7.7750883
Q8RWY6,3702,802685.0,12.124387,10.283095
Q9SJR4,3702,293250.0,12.012197,8.173807
Q8LRK8,3702,314153.0,11.160569,10.835861
Q8RWY4,3702,0.0,16.282766,7.699001
Q9LSS7,3702,802620.0,9.028283,10.871517
Q7XA63,3702,292239.0,16.261433,7.517929
F4I9M3,3702,0.0,11.628904,12.165186
Q84RD1,3702,296024.0,13.228229,6.7697906
Q84UU4,3702,252412.0,16.190737,7.3057904
Q6NQI8,3702,803691.0,11.849239,12.480785
Q9ZWS7,3702,271134.0,16.381483,7.650172
Q9M9V9,3702,802124.0,13.532783,5.7742
Q94BQ2,3702,1031936.0,9.417267,10.290374
P15456,3702,318919.0,7.86639,7.7816033
P56764,3702,805725.0,12.36748,6.927793
Q9LV16,3702,0.0,8.645756,7.011879
Q94AI4,3702,277487.0,13.4227,8.145502
F4JMF4,3702,0.0,12.365066,9.894416
Q9C5Z1,3702,802155.0,10.448869,10.615425
Q84UV0,3702,293114.0,16.206171,7.301681
F4I5N6,3702,249852.0,13.122666,8.0639105
Q94C78,3702,310845.0,11.647382,10.461499
Q0WPN8,3702,293883.0,16.258831,7.037212
F4KAQ2,3702,0.0,13.432923,6.5769286
Q9FNM7,3702,314442.0,12.360677,10.890184
Q1H5D2,3702,321668.0,11.449063,10.955416
B9TSP7,3702,805963.0,11.0941105,11.001716
Q9SIL5,3702,296126.0,16.294794,7.1099973
Q9FKM5,3702,811296.0,9.565549,11.1925
Q3EAE5,3702,237031.0,16.28893,7.372625
O23334,3702,801468.0,12.481719,11.681234
Q93ZV8,3702,801468.0,12.155244,9.320199
Q9M364,3702,0.0,12.354115,10.142755
F4I0X0,3702,0.0,12.958961,9.57007
Q9SI75,3702,802631.0,8.50876,12.782713
Q3E9F6,3702,237384.0,16.25892,7.234599
Q41916,3702,277550.0,16.189917,6.9791822
Q9FF53,3702,801918.0,17.214367,14.314841
Q8GWY0,3702,808233.0,11.6585865,8.402419
Q9ZVX8,3702,801918.0,17.213682,14.314585
Q9FPN7,3702,269976.0,16.55147,7.510039
Q42539,3702,1027336.0,9.616805,12.696961
F4KDJ9,3702,0.0,13.674852,7.9933534
Q9LY99,3702,802165.0,7.348057,11.930644
Q93XX8,3702,801495.0,13.593084,5.870453
Q9S7C9,3702,248628.0,16.462729,8.100721
Q9SF50,3702,277359.0,16.196648,7.52625
Q84XU2,3702,801468.0,10.473181,15.451776
O82794,3702,252439.0,16.577953,7.4897113
Q38935,3702,801973.0,9.521384,11.054922
F4IU09,3702,0.0,9.232402,7.3196883
Q9ZUB8,3702,320591.0,16.276922,7.485611
Q9FE58,3702,804747.0,9.481173,13.096526
P42738,3702,1033365.0,9.426062,9.375694
F4IW45,3702,0.0,10.926395,11.052113
Q9LF33,3702,1027292.0,9.033289,12.47872
Q9C776,3702,811407.0,10.916212,8.3403225
Q9FIL7,3702,296244.0,16.242144,6.9860706
Q9LXJ0,3702,1027257.0,9.132915,10.703135
Q9C6K3,3702,268370.0,16.31231,8.056195
Q8RY24,3702,319382.0,11.222704,8.663258
P49597,3702,262979.0,16.842583,7.3929677
O81055,3702,801489.0,10.448182,5.324242
Q9ZV57,3702,297488.0,8.537435,8.540065
Q9LVZ8,3702,297965.0,16.243916,7.361654
Q94K05,3702,802100.0,8.823706,13.012845
F4IRA9,3702,,15.529964,8.149251
Q42342,3702,299402.0,9.988645,9.4993
Q8LDC9,3702,1030564.0,8.313746,12.956973
Q8L4B2,3702,277015.0,13.241754,8.928029
Q9XIM7,3702,319418.0,12.5525465,6.0242963
O82221,3702,801996.0,9.48228,11.972322
Q8W580,3702,319434.0,9.060544,9.85022
A8MRF3,3702,0.0,13.630894,6.3400965
Q9SKE0,3702,0.0,12.336228,6.221712
Q9LML3,3702,278406.0,11.61397,8.066817
Q9SCK3,3702,320519.0,9.232703,9.03078
Q9ZT82,3702,810107.0,9.080862,8.556272
Q9ZSI7,3702,278498.0,14.129692,7.5856276
Q9STW1,3702,805983.0,11.619126,10.489484
O22216,3702,813872.0,10.452392,12.581986
Q8L4Y5,3702,320479.0,-0.20987205,13.509056
O81316,3702,268759.0,16.308249,7.7577767
Q8VZ78,3702,0.0,11.520921,9.647031
C0LGQ9,3702,314197.0,16.305794,6.8921523
Q6DBB8,3702,250059.0,15.947685,7.696094
Q1PER6,3702,801921.0,8.179053,11.800015
P57691,3702,1027295.0,8.793033,12.964697
Q9SY20,3702,252183.0,16.22933,7.4483647
Q9LE54,3702,276869.0,12.721223,8.243122
Q0V865,3702,277066.0,16.17215,8.013294
Q9M263,3702,0.0,7.708468,7.7737665
O22607,3702,805802.0,10.327051,10.441996
F4J8K6,3702,801697.0,11.342294,10.881841
Q9FQ04,3702,801940.0,10.949837,9.667059
O48683,3702,278260.0,13.350789,8.309748
Q9FL05,3702,,10.546019,11.581052
O64764,3702,268040.0,11.679521,10.474045
Q8LFC0,3702,1027412.0,8.629121,12.445098
Q8VY70,3702,320478.0,11.867518,8.726224
Q94IU8,3702,805142.0,11.080626,11.071865
Q9SYD6,3702,804610.0,11.603069,12.653385
Q9FJC9,3702,802134.0,9.519649,10.391473
Q9CA89,3702,277399.0,13.526383,6.223528
Q8LFN9,3702,802863.0,11.326167,11.004041
Q8S8M9,3702,320951.0,13.250902,8.259038
F4JYC8,3702,293256.0,12.965812,8.7129345
O22433,3702,297466.0,11.36342,9.279655
Q41220,3702,248924.0,16.285439,7.382565
O80623,3702,268399.0,16.244638,6.9803586
Q9SZ67,3702,0.0,16.200148,7.4401884
Q9SU04,3702,237583.0,16.268063,7.4380846
Q9SJ20,3702,802571.0,7.4608316,11.213884
A8MR09,3702,0.0,9.438662,11.399274
Q9ZR04,3702,292683.0,16.263262,7.5083427
Q8GYN5,3702,0.0,13.245712,8.514635
Q8LF97,3702,317019.0,12.169188,8.741753
F4JTL0,3702,0.0,11.801888,9.730477
Q9SKP2,3702,277477.0,16.299522,7.4315047
Q9ZQG4,3702,276876.0,9.598661,11.315192
Q0WMT6,3702,314864.0,11.768517,10.902225
Q56XP4,3702,801801.0,7.483307,9.15759
Q9FGY1,3702,803090.0,7.0461435,7.771584
C0LGJ1,3702,292984.0,16.315525,6.8629317
O82647,3702,802609.0,8.671736,12.136368
Q7FZF1,3702,0.0,12.456147,13.939816
Q8VYW6,3702,802733.0,7.6676197,7.4479656
O82392,3702,0.0,7.233064,11.397509
Q93WB2,3702,277217.0,14.167561,7.5
O65541,3702,309028.0,10.352831,9.318255
Q9LX86,3702,248539.0,16.233057,7.912214
Q9S7S5,3702,251388.0,15.815313,7.7822995
Q93YQ7,3702,807878.0,7.786167,7.335526
Q9LXT3,3702,807498.0,10.262469,10.395174
P59233,3702,802866.0,10.792354,11.662743
F4K460,3702,314179.0,11.979375,9.433322
Q9M2Y3,3702,0.0,16.30285,6.8536196
Q9C9N6,3702,294034.0,16.280977,7.6755433
F4K0Y2,3702,293063.0,15.515899,8.17579
Q9SVF1,3702,0.0,16.28254,7.570277
Q9STY4,3702,0.0,11.3974495,11.058032
Q8S8Y8,3702,278635.0,12.29847,10.014114
F4IGA5,3702,0.0,11.252271,8.469293
Q9FJR9,3702,310830.0,11.775841,7.808609
Q8LFL8,3702,0.0,10.475125,9.619984
Q9LVM9,3702,802309.0,10.425026,11.539843
O22043,3702,804941.0,8.805691,11.062052
P49692,3702,801681.0,9.561592,13.244177
Q9LTX3,3702,320581.0,9.411851,11.360385
Q9FYE2,3702,268219.0,16.202333,8.0344
Q9C6C8,3702,801650.0,8.108423,10.430617
Q9SZ44,3702,264961.0,16.289566,7.378639
Q9LFJ8,3702,293591.0,9.634691,11.441541
Q9FZ95,3702,803941.0,7.7686048,8.923315
Q9FXD6,3702,0.0,15.872299,8.039491
Q84L31,3702,802218.0,11.981471,10.750547
Q6XZL7,10090,,14.261727,8.870701
Q8JZV7,10090,1027553.0,9.626573,12.157784
P55849,10090,746159.0,11.534334,15.131069
O35949,10090,793269.0,8.266773,9.242865
Q9CR48,10090,793928.0,7.5732465,8.911154
Q91YR1,10090,802106.0,10.863705,11.875342
P21803,10090,0.0,8.592399,7.0275555
O08609,10090,778527.0,12.475397,12.393246
Q60972,10090,801910.0,13.592907,1.9071461
Q9R1A8,10090,801468.0,11.870584,12.020355
F8VQB6,10090,792999.0,11.205458,10.464544
Q9D1C2,10090,789474.0,12.585239,9.3377075
Q922V4,10090,801468.0,11.073331,9.48711
Q8BW96,10090,792940.0,13.540231,11.558653
P14428,10090,731840.0,8.488338,5.4640946
O08585,10090,0.0,12.284729,10.968442
Q59IW6,10090,0.0,13.961003,8.711739
Q9CXG9,10090,749070.0,12.412869,12.2943535
Q80UM3,10090,802081.0,11.401804,12.399615
Q99N91,10090,727108.0,10.085575,9.042024
A2A259,10090,801847.0,12.287238,12.495497
Q8BTS3,10090,793340.0,10.962752,10.386823
P19639,10090,793002.0,7.9582677,10.480412
Q00560,10090,746011.0,8.636497,5.4340878
P50592,10090,747042.0,8.688351,6.208448
E9Q2S0,10090,0.0,12.502305,12.785195
P15409,10090,754125.0,13.453931,2.0529695
P56581,10090,755613.0,12.822042,9.955904
Q8JZS6,10090,738454.0,14.257416,8.539359
O35160,10090,750920.0,14.680793,8.891102
Q91W40,10090,0.0,12.088723,11.341385
Q62009,10090,772937.0,8.4482155,6.634958
Q923J1,10090,759359.0,11.906723,11.460282
Q91Y14,10090,763064.0,11.600535,15.201799
O35674,10090,755463.0,8.132375,6.401953
Q920I9,10090,793064.0,12.401167,10.207143
P70425,10090,793952.0,16.097782,13.674661
Q9QUK9,10090,794303.0,7.562175,5.637057
Q9D4G2,10090,789317.0,11.990909,11.701353
Q3UCV8,10090,758643.0,12.431867,10.387541
P39053,10090,793242.0,10.942428,10.534031
Q80Z24,10090,775658.0,8.466216,6.0933256
Q3UYI1,10090,,8.418049,7.6418037
Q60992,10090,795421.0,12.435102,11.342069
Q0VGT2,10090,753926.0,14.376854,8.312753
Q9QXL8,10090,,10.898275,11.889661
Q9WTZ1,10090,803693.0,11.666717,12.132394
P12970,10090,801681.0,9.562118,13.272239
P27812,10090,735164.0,8.627945,5.0849285
Q6PHZ2,10090,0.0,13.56751,11.559799
Q5NCP0,10090,739138.0,14.396819,9.379989
Q8CAY6,10090,1027540.0,7.773482,12.605348
P19973,10090,736626.0,13.641686,9.429515
Q9CYF5,10090,780307.0,12.417969,12.430818
Q8C167,10090,1029548.0,10.746274,10.198584
Q64323,10090,806005.0,11.189248,12.190721
P70696,10090,801785.0,-0.0024018092,14.947376
O08581,10090,784150.0,8.837363,8.053592
P51661,10090,747063.0,9.863231,11.502448
P22361,10090,748277.0,14.453028,8.792984
P32067,10090,802901.0,10.901218,10.347817
Q5XFR0,10090,731589.0,13.434557,10.048933
Q9EPL4,10090,1033307.0,13.243709,2.318629
Q61730,10090,751287.0,12.446791,12.715096
Q8R313,10090,0.0,11.726887,12.441065
Q9CQ91,10090,739964.0,9.423124,8.719176
Q9WUP1,10090,754142.0,12.313132,12.531855
P25911,10090,793013.0,13.210228,11.564649
Q5SX39,10090,793067.0,12.557972,16.132193
Q2TJH5,10090,,13.67925,6.6174808
O08850,10090,746192.0,5.75456,3.5625434
P20615,10090,739028.0,14.893636,8.61438
Q2MHN3,10090,736659.0,14.409088,9.187635
P56677,10090,747251.0,7.8840084,5.9959383
Q9Z2C4,10090,805336.0,11.730607,12.036138
E9PV66,10090,789065.0,12.901256,10.05363
P28474,10090,801597.0,8.591186,12.647975
P27659,10090,1027265.0,9.473818,13.843933
Q80Y84,10090,796303.0,12.0943,9.697198
Q8R2S9,10090,806036.0,12.288036,12.146846
O35129,10090,802165.0,7.3468556,11.9574585
Q8BU41,10090,,15.759568,9.704247
P70327,10090,733191.0,13.8071,10.058884
A0A338P791,10090,725110.0,14.461317,9.424273
P09528,10090,805787.0,10.667864,11.929396
Q7TSG2,10090,803136.0,13.105213,10.548147
Q5BL07,10090,784188.0,12.02908,9.944251
Q8VCD5,10090,793072.0,12.35295,10.566865
Q9QYZ8,10090,746853.0,8.868328,5.973931
Q8K4A6,10090,,13.372925,10.514279
Q7TNF6,10090,,11.527512,12.035539
Q8R182,10090,736611.0,9.407566,5.735598
Q91ZF2,10090,802365.0,7.574391,7.3660645
Q9CQ92,10090,805915.0,10.164695,10.254804
P10598,10090,726853.0,14.01393,7.08958
P35343,10090,738980.0,5.9698105,5.70638
Q8C4V1,10090,752562.0,12.675852,10.872161
Q99K23,10090,756305.0,10.967812,8.626007
V9GWV3,10090,0.0,13.708127,8.324681
Q99NA9,10090,761901.0,12.404757,12.448302
P34884,10090,805847.0,10.273456,12.723421
Q9WV04,10090,0.0,11.809287,8.989502
Q5EBP3,10090,782625.0,12.922638,10.740106
Q9CR76,10090,781769.0,11.975153,11.29838
Q7TQQ0,10090,733164.0,11.791871,0.09727188
Q78TU8,10090,752328.0,12.789374,9.499954
Q9R0X4,10090,807705.0,11.756908,11.566919
Q9WUD1,10090,802790.0,11.512311,12.413669
Q5D1E7,10090,738059.0,13.238491,10.432606
O55022,10090,794236.0,10.764443,10.60547
Q91V98,10090,739216.0,8.903609,6.0307674
Q9DD02,10090,804972.0,13.261562,5.9768367
Q9WUA3,10090,1033143.0,9.255449,12.375785
O08545,10090,739961.0,8.855499,6.1750593
Q7TPG8,10090,752486.0,9.278443,5.9802184
Q6P253,10090,0.0,13.192782,6.8788977
Q922U7,10090,,14.024812,9.288023
Q6EBV9,10090,732301.0,13.060961,10.343512
D3Z347,10090,0.0,13.621181,6.4513884
Q9JHR7,10090,801773.0,9.968651,11.59067
P09470,10090,780381.0,8.123868,7.30552
Q7JJ13,10090,794196.0,12.990039,10.074899
Q9D892,10090,1027427.0,8.356221,11.754958
P12660,10090,729790.0,12.48709,12.221128
Q9D0G0,10090,780050.0,11.469691,9.359042
A0A3Q4EHP3,10090,0.0,7.8588142,6.908341
Q3UTQ8,10090,0.0,13.528523,8.572203
Q9EQ48,10090,719662.0,6.2647104,5.6733065
Q9Z2D7,10090,731819.0,13.158445,10.777031
Q9D7M8,10090,803052.0,11.122352,10.113503
E9PYG6,10090,793552.0,13.035205,2.545372
Q6A087,10090,,12.180736,10.100528
Q3UZU4,10090,,18.61733,9.380742
O88199,10090,810760.0,8.529459,6.1946855
Q80XJ2,10090,0.0,13.726108,9.464359
Q925H1,10090,754044.0,14.120686,9.023558
Q8CF98,10090,756782.0,8.593079,6.6455493
Q8VGE3,10090,732285.0,11.795371,0.091807865
Q99NH2,10090,0.0,13.152856,9.961253
Q99JG6,10090,0.0,11.318493,10.206939
Q5QNQ6,10090,793143.0,12.409906,10.9384
Q1WWJ5,10090,718991.0,15.713018,9.684893
Q8R1H9,10090,,8.342888,6.468788
Q3UG93,10090,0.0,14.4343605,9.359019
Q9JII1,10090,739132.0,12.621196,11.203381
P50446,10090,736585.0,7.6156445,2.6609223
Q9R0Q1,10090,760142.0,12.268424,10.475623
Q8CI52,10090,748223.0,12.183033,9.973543
Q70KF4,10090,731661.0,13.971576,8.917011
Q80X81,10090,1027540.0,7.756219,12.625671
Q3UGC3,10090,,13.266378,9.297898
Q9D924,10090,802952.0,8.837256,11.923705
Q5DU25,10090,742078.0,13.652783,9.643606
P63323,10090,801915.0,9.626606,12.992672
O54926,10090,778555.0,13.399333,9.038385
P41139,10090,748915.0,15.093563,8.764814
Q69ZS0,10090,761040.0,12.848057,9.814286
Q8BTW9,10090,751268.0,12.72951,8.902892
O35144,10090,0.0,13.254603,10.41171
P51658,10090,751231.0,9.695633,11.430319
Q05504,10090,,8.632461,6.7757683
Q8VH37,10090,1027648.0,13.252528,2.3235397
Q8BLR7,10090,786230.0,16.045761,13.591271
Q9D6T1,10090,803316.0,12.379899,18.129484
A4Q9F4,10090,778497.0,12.36571,12.426232
P60867,10090,1027387.0,9.287719,13.502113
P49891,10090,805156.0,9.449914,10.853138
Q59IW7,10090,0.0,13.9436035,8.722813
Q9JHI0,10090,753070.0,8.362069,6.5692935
P13346,10090,747384.0,13.495798,10.371195
Q9JLC3,10090,789097.0,10.107136,9.315595
O35258,10090,0.0,9.600559,5.261648
Q9WUJ4,10090,0.0,13.367176,6.1993623
P56726,10090,761522.0,12.366492,12.463857
I3ITR1,10090,802952.0,8.804729,11.91872
Q9JJQ7,10090,718966.0,13.355867,8.667467
Q3LRV9,10090,0.0,8.657389,5.3198023
P15037,10090,746959.0,14.253258,9.239741
Q9JIF3,10090,793066.0,6.6769195,9.002113
P48756,10090,726855.0,13.917642,3.9062364
Q8C636,10090,745470.0,13.846049,9.337663
Q99LY9,10090,753951.0,9.725008,9.563594
A6NAW3,10090,,12.967433,6.9326034
Q80U70,10090,781588.0,12.201081,12.443035
Q64467,10090,1027400.0,7.71552,11.83966
Q8C5H8,10090,824922.0,11.748895,11.989365
A0A0A6YX79,10090,747110.0,14.47817,9.489144
P70314,10090,739362.0,14.57405,8.929566
Q3UW53,10090,817306.0,13.259816,10.177141
Q80WQ6,10090,747078.0,12.845503,10.248043
P82349,10090,781524.0,12.070863,12.478407
B2RXA7,10090,802109.0,6.94949,10.270004
Q9ESN5,10090,0.0,12.253186,9.9836445
P97352,10090,739540.0,11.691313,12.814606
O35955,10090,740039.0,3.2105143,9.445072
Q80VR3,10090,805156.0,9.3901205,10.90353
P0DOY1,10090,778516.0,12.368508,10.588874
Q9D2G2,10090,802718.0,9.119121,12.949433
G3X8Z7,10090,756502.0,11.726155,13.738177
P0C7N9,10090,805895.0,11.061799,9.654646
B2RUS7,10090,792942.0,7.77894,8.609697
Q91X86,10090,780851.0,12.09349,11.898511
Q8VIG3,10090,777918.0,12.989419,10.231823
Q9WUL8,10090,730479.0,14.625414,8.916679
P81066,10090,745635.0,14.595687,8.638079
Q9WV60,10090,801468.0,13.988762,11.507158
E9PZC2,10090,801468.0,12.226146,10.057243
Q8R107,10090,813548.0,11.466089,12.379546
Q8VI51,10090,781423.0,8.731059,6.260922
B1AQL3,10090,745811.0,8.877481,7.9003778
D3YU50,10090,0.0,12.281141,11.523184
O08759,10090,778128.0,11.761536,11.575789
E9Q1C5,10090,0.0,12.397915,6.4798083
Q9CPZ6,10090,801897.0,9.190342,8.811838
Q62441,10090,0.0,13.949037,8.77775
Q8C0I1,10090,1027832.0,10.365772,12.021212
P15089,10090,803069.0,7.8214874,7.3729277
Q9JJ11,10090,0.0,12.867975,9.6640005
P45448,10090,0.0,14.229784,10.3706875
P56475,10090,807787.0,12.040073,12.8934
Q6R891,10090,747301.0,12.690372,11.869255
P33587,10090,745496.0,7.792173,5.8627443
Q9JMA4,10090,724096.0,8.6468,5.117884
Q3U1B7,10090,801946.0,10.1803875,16.989025
Q80ZK9,10090,801468.0,11.237456,11.673174
Q9CXA2,10090,1028398.0,8.725946,11.709291
Q80SZ6,10090,789253.0,11.721511,10.340401
Q8CG48,10090,802143.0,5.6238174,9.739336
P01863,10090,0.0,8.592156,5.5297956
P69744,10090,771782.0,8.7887125,8.2002125
P97792,10090,754127.0,8.558669,6.0305862
Q6PCP5,10090,756118.0,12.672137,11.633203
Q9JIQ3,10090,759586.0,12.875744,6.613246
Q80WQ8,10090,759733.0,13.948333,9.280763
Q8CBF3,10090,789610.0,8.548544,7.1027884
Q9D9Q6,10090,802225.0,9.726126,8.384913
Q07113,10090,,8.826785,6.9128838
Q3TIR3,10090,779978.0,11.040415,9.963259
Q91Y19,10090,763064.0,11.586644,15.19219
Q9R061,10090,801479.0,9.037223,11.658807
Q2YFS2,10090,718883.0,8.654659,5.3493614
O08674,10090,793905.0,12.248448,10.27127
O08750,10090,746430.0,14.381383,8.833195
Q8BY89,10090,801868.0,11.065002,12.397828
Q80XP9,10090,737963.0,14.002794,8.996598
Q588F6,10090,,8.659637,5.112945
Q2VPD4,10090,739410.0,14.226074,9.019322
P97474,10090,761491.0,14.630352,8.929127
O35943,10090,732352.0,10.035354,9.135281
Q924X1,10090,739087.0,9.273245,5.890348
Q9CQX2,10090,737827.0,10.089866,9.491425
P60154,10090,726983.0,9.433778,5.759404
Q00PI9,10090,792682.0,12.115371,9.341064
Q3LAC4,10090,781292.0,12.135184,11.304631
A2AS55,10090,794379.0,10.985539,11.44466
O54901,10090,732613.0,8.664125,5.380878
Q8C886,10090,0.0,13.879554,9.622718
O88843,10090,759013.0,13.21961,2.324619
Q8CH18,10090,761497.0,12.726858,9.47068
Q99MQ4,10090,746929.0,7.645855,6.3355556
Q9QUM0,10090,764022.0,8.111044,6.643074
A0A0G2JEJ5,10090,,13.553886,5.734571
P57725,10090,747337.0,12.967216,10.036755
Q8JZL1,10090,754021.0,8.791809,5.96675
Q9WU66,10090,758300.0,8.416242,6.0935354
P97767,10090,803336.0,14.131329,7.9087
Q91V10,10090,739038.0,14.6481905,9.054437
Q8VE43,10090,761255.0,8.590877,6.0262523
Q5K5D4,10090,773825.0,9.5009365,6.5373816
P36369,10090,794303.0,7.7378635,5.790668
Q5KU39,10090,802093.0,11.409345,12.261855
O35691,10090,775580.0,13.296698,9.472259
Q9CR95,10090,802680.0,10.283779,9.840228
Q8CHW5,10090,737912.0,12.778728,9.804149
Q8BSH1,10090,,13.994152,9.158518
Q8BH27,10090,751369.0,9.203691,5.920162
Q8C9W3,10090,765520.0,8.288905,6.3504863
P39039,10090,731924.0,8.572856,6.657551
A1EGX6,10090,730157.0,13.953886,8.979024
A2AMM0,10090,746301.0,12.8522415,9.883223
Q8BLF1,10090,794011.0,13.332134,2.2145913
Q9EPK6,10090,780069.0,11.627673,10.983523
O35098,10090,803064.0,9.458477,12.067235
Q9QXZ9,10090,745588.0,6.0803256,5.9112153
Q05CI6,10090,,11.538165,15.136152
O88855,10090,740021.0,5.814047,5.635798
Q80TV8,10090,0.0,11.842461,10.918326
Q8K3J5,10090,753012.0,14.2668295,8.9586735
Q2EG98,10090,749427.0,8.848535,5.666688
Q8CFX1,10090,822414.0,8.159964,7.0436506
Q8CIF6,10090,789080.0,11.933674,12.521697
P82198,10090,772937.0,8.199759,6.5797167
Q60737,10090,801822.0,10.434971,2.8655071
Q07079,10090,758307.0,8.688699,6.0367336
O88509,10090,778516.0,12.185704,11.056061
P57759,10090,801700.0,9.406328,10.760412
Q8R4T1,10090,732502.0,14.151566,9.473131
P23591,10090,801706.0,8.109217,12.76886
Q6Q473,10090,0.0,8.12247,6.9621544
F6RGN9,10090,0.0,13.4566145,6.6749506
Q3TP92,10090,804281.0,12.062396,11.888705
Q80SS6,10090,747093.0,6.1337223,5.9234333
Q8VBW8,10090,823300.0,11.881681,11.28661
P13405,10090,762458.0,11.186853,9.016372
O35927,10090,745858.0,13.2192335,10.576694
P58742,10090,803186.0,11.96615,11.733156
P10126,10090,,8.34103,13.165981
Q64151,10090,746942.0,8.101442,6.5688334
Q8BLA2,10090,727492.0,15.766684,9.705939
Q920N2,10090,790034.0,12.323401,12.293096
P58043,10090,803417.0,11.986028,11.021983
Q9D731,10090,719262.0,12.782135,8.872806
P70331,10090,735084.0,14.494676,9.451133
Q70LN3,10090,0.0,12.353811,6.537383
P54987,10090,796668.0,8.72872,10.759664
Q8CCQ2,10090,,18.657234,9.407647
Q8CFZ5,10090,793066.0,6.945624,9.221883
Q9CPU9,10090,771176.0,8.299954,8.8740835
Q9WU78,10090,803092.0,11.554821,11.019943
P29416,10090,801707.0,7.947679,7.3009334
P42682,10090,0.0,13.281058,11.466693
Q62384,10090,811223.0,10.330511,10.986885
Q9Z0R6,10090,0.0,12.0052395,9.854812
P53564,10090,0.0,13.387464,10.198564
Q60597,10090,1033103.0,8.111554,11.335625
Q3UPL0,10090,,12.389872,9.147384
Q61647,10090,797182.0,7.3343983,9.527696
Q9D783,10090,756226.0,11.999281,11.70355
Q9WVH9,10090,758240.0,8.25728,6.4482293
Q9Z0F3,10090,737796.0,9.608342,5.4027576
B7ZWM3,10090,745986.0,13.892028,9.467336
Q9CYT3,10090,792933.0,7.7136416,12.152811
P50540,10090,755456.0,14.919975,8.692357
Q07139,10090,781484.0,12.135385,11.655684
Q923S6,10090,761307.0,12.696672,10.687501
A2AFK4,10090,803423.0,9.829997,11.807686
Q922S8,10090,737838.0,11.864661,9.1413555
P62509,10090,761138.0,14.281228,10.421717
P62827,10090,801989.0,15.991271,13.474671
Q3TM01,10090,,9.511871,5.3727794
Q9CPY4,10090,740005.0,13.429093,7.179391
Q05C01,10090,763064.0,11.579175,15.183754
Q91WB5,10090,729832.0,9.560615,5.4175677
O35926,10090,748339.0,12.810106,10.820119
P97432,10090,747103.0,12.901866,10.987673
Q62007,10090,729021.0,11.7952,0.09168378
Q8C0X2,10090,803067.0,7.4063754,9.146414
P52651,10090,718849.0,13.692137,6.5372486
Q3UT31,10090,0.0,15.770542,9.710307
O70400,10090,772714.0,11.914607,11.022606
Q9D067,10090,0.0,13.795207,9.4938
Q8R5B6,10090,780964.0,12.439205,12.324396
G0XYH9,10090,,11.569536,11.465613
A0A0G2JEB6,10090,,11.797559,9.691232
Q3TSG4,10090,752463.0,12.518544,11.720911
Q99P88,10090,803154.0,11.639161,11.218639
Q8VF05,10090,729820.0,11.792322,0.094877236
Q56A07,10090,754395.0,12.479994,12.70856
P50405,10090,736706.0,9.044803,5.5760155
Q9DCR2,10090,801612.0,13.510036,2.0610106
Q3U145,10090,746604.0,12.961867,9.290024
Q9Z204,10090,739310.0,12.6317,11.673484
P08730,10090,738002.0,7.616944,2.6622653
Q99JX4,10090,802470.0,11.270158,11.558971
A2AUM9,10090,745679.0,12.876716,9.772659
Q8BZ52,10090,745673.0,12.5217,10.803053
Q8BKG4,10090,778376.0,10.991966,12.235748
P84078,10090,1027819.0,1.8332047,12.546472
B2RQC2,10090,733190.0,13.896192,9.10657
P97364,10090,1028748.0,11.288548,10.528445
P20109,10090,731430.0,9.565007,5.359382
P97445,10090,795766.0,12.163069,8.451124
P22605,10090,762001.0,12.592068,11.931234
O08586,10090,803768.0,11.940534,12.104338
Q7TNC9,10090,810863.0,13.28896,2.2667847
P13020,10090,802055.0,11.103239,12.020657
Q9QZA0,10090,793892.0,12.283549,12.331608
Q9JHY3,10090,723422.0,9.298107,5.961217
O54916,10090,761123.0,13.321535,10.152056
O88492,10090,0.0,12.810465,9.363199
P33611,10090,802369.0,11.007723,11.383575
A0A142K3A7,10090,,8.707878,5.38267
Q9QYK4,10090,726791.0,12.42484,12.357382
Q3UGP8,10090,801468.0,11.094263,12.273822
Q9CR27,10090,805631.0,12.006472,12.250003
Q9Z0U9,10090,752360.0,5.7876587,5.6967926
Q9JJN5,10090,803627.0,7.960956,7.3611846
Q62082,10090,0.0,12.437802,13.95453
P10820,10090,749177.0,8.589043,6.781995
P22272,10090,737974.0,8.565782,5.4605603
Q4ZJN1,10090,752613.0,8.604785,6.6731133
Q9R0M7,10090,1027831.0,8.289366,11.921915
Q9CW42,10090,0.0,11.702638,11.849495
Q9DBN1,10090,794013.0,11.852967,11.722944
P56818,10090,778181.0,12.448661,12.700305
Q64267,10090,794201.0,11.71712,10.812804
P28309,10090,,9.362823,5.8804207
Q8BMS9,10090,755435.0,12.515314,11.963262
F8VPQ2,10090,758154.0,13.2764225,9.640488
Q9DBH5,10090,792973.0,11.448529,12.191258
Q2TJH7,10090,0.0,14.345679,9.072133
Q8VCM2,10090,737732.0,12.826923,10.661248
Q8BS30,10090,718910.0,11.457501,5.3239875
Q9R0L6,10090,781543.0,13.759141,7.309217
P42582,10090,739358.0,14.682796,8.816926
Q920P1,10090,729692.0,11.795222,0.09132236
Q00286,10090,746208.0,14.675969,8.889474
G3X8W1,10090,731759.0,8.739933,5.2824945
Q9WUP7,10090,802191.0,13.306984,2.2507987
O88859,10090,,15.73226,9.695118
Q91WV7,10090,1028014.0,8.01303,7.3934646
Q9QYL7,10090,770390.0,10.728489,10.329155
A2AVA0,10090,782051.0,8.521401,6.408394
Q6NZL8,10090,762817.0,8.424663,6.533461
Q8R2F2,10090,801923.0,8.145603,9.436721
Q9ET35,10090,751985.0,8.969691,5.8618784
Q920G8,10090,,4.8466787,9.270003
Q9ERZ3,10090,758885.0,6.1025786,5.938097
Q8C924,10090,,11.605871,15.21056
Q9D0T1,10090,777963.0,13.552569,1.9632881
Q8VI38,10090,753993.0,8.35571,6.8518043
P15532,10090,801842.0,12.95139,3.8152425
Q02248,10090,789284.0,13.16163,2.3897107
Q9R0I7,10090,0.0,13.694785,8.628475
Q9CQN4,10090,746408.0,8.988021,5.9570947
P53783,10090,752702.0,14.445341,8.407085
O55127,10090,802109.0,6.951893,10.2971
A0A075B5J0,10090,,8.68651,5.3307366
O08848,10090,812449.0,11.509629,12.33655
P63213,10090,760396.0,10.055112,9.419129
Q7TQN9,10090,0.0,5.793579,5.70194
Q99M59,10090,749362.0,10.948114,10.449684
Q61143,10090,,12.008091,12.563347
Q9D7Y7,10090,794303.0,7.554141,5.6239
Q62005,10090,732641.0,8.9823475,6.036276
Q3TCJ1,10090,750205.0,12.964324,9.123048
Q6AW69,10090,745683.0,12.780399,9.759129
Q9R1Q9,10090,781418.0,8.8378105,6.5541024
Q8VEK3,10090,792682.0,12.151908,9.35103
Q8K3I6,10090,733540.0,9.557243,5.25125
Q9JM99,10090,738481.0,11.302929,5.244951
Q9Z0L0,10090,746705.0,7.918788,6.3054285
A2AQ07,10090,1028112.0,12.385544,18.139551
Q0P614,10090,,10.939324,9.875963
Q99KI0,10090,803384.0,9.31504,12.36347
E9PUT0,10090,733432.0,15.742485,9.699021
Q6R0H7,10090,0.0,13.370929,7.752144
Q8K1G9,10090,0.0,9.72456,11.182836
Q9EPU5,10090,752608.0,9.181616,5.895865
Q8K4Z3,10090,802345.0,9.396322,11.457822
Q9Z275,10090,803406.0,10.943794,10.652919
Q80XR2,10090,793026.0,7.6340466,9.44252
Q1WG82,10090,726854.0,14.453935,9.5482
O35405,10090,803705.0,8.150627,7.0849037
Q5F285,10090,804765.0,9.733153,11.592099
Q8CDJ8,10090,747261.0,12.180435,10.165103
O70496,10090,0.0,13.267685,2.334897
E9QAM5,10090,0.0,12.108438,9.972223
Q925I4,10090,736750.0,7.977629,6.94806
P46414,10090,749162.0,13.664007,9.230385
Q4KL71,10090,,13.446258,8.640152
E9PY03,10090,798554.0,9.385562,11.786319
Q9D8C4,10090,746985.0,12.307994,9.959944
P29319,10090,789610.0,8.546229,7.0083313
Q3V050,10090,801805.0,7.208661,8.980622
Q8BKK5,10090,730717.0,15.693166,9.667721
Q8BJQ2,10090,759172.0,13.675789,9.349909
P97798,10090,784231.0,12.516478,12.832076
Q0GUM3,10090,,10.984244,10.5265
Q61644,10090,792945.0,12.282378,11.63437
Q3US41,10090,0.0,12.187097,11.841581
A6H6T7,10090,0.0,10.470113,11.407691
Q9QZ20,10090,732353.0,11.79221,0.09442427
P53702,10090,802141.0,10.262561,10.325604
P56655,10090,793104.0,6.9123464,10.255472
Q8BG30,10090,789091.0,13.228878,10.1992235
Q61510,10090,751332.0,12.469932,10.566249
Q68FD7,10090,780037.0,12.935912,10.614589
Q2LKW6,10090,0.0,8.666096,5.275068
Q99N50,10090,0.0,13.512602,9.246149
Q9CQ75,10090,802798.0,9.329421,11.874197
A0A1L1SUL4,10090,725012.0,13.709568,5.765127
P85094,10090,802924.0,9.664513,11.684683
A2AWF2,10090,718776.0,15.727684,9.674451
O88838,10090,780964.0,11.584393,11.602661
P28843,10090,803658.0,7.8641014,7.4867935
Q3TCN2,10090,803012.0,8.344571,6.823175
Q00724,10090,752649.0,9.011473,6.909622
Q3TDZ7,10090,,9.447352,5.367825
Q9D753,10090,802119.0,10.604965,12.63768
Q8CI66,10090,777915.0,12.100806,9.949122
Q9D328,10090,761580.0,11.602815,11.298497
Q60823,10090,792940.0,10.43611,2.8724504
P38585,10090,806950.0,11.017337,11.1466055
P08074,10090,792933.0,7.633838,12.209136
Q9JIY8,10090,784340.0,11.302551,11.256563
Q8BLG0,10090,763944.0,13.839865,9.301179
O35716,10090,746697.0,12.807928,10.814775
Q8BH07,10090,729924.0,12.000005,8.311486
Q8R2K4,10090,0.0,13.116049,10.679284
I3IT07,7955,,14.350296,8.211804
Q6DHK7,7955,755486.0,12.646249,9.865395
A0A2R8Q880,7955,,8.453992,6.4153705
A0A2R8PXW3,7955,,12.08877,10.116161
B3DFP9,7955,700392.0,9.967487,8.307073
Q567C9,7955,,8.819593,5.4815164
E7F4A6,7955,,14.116742,9.049284
F1QKA6,7955,,9.842184,6.1406446
Q6NW96,7955,753118.0,14.550479,8.378887
A0A0R4IU08,7955,,8.242188,6.2985535
E7F9Q3,7955,,12.626645,11.56025
A0A2R8QKQ0,7955,,11.77603,10.311298
Q6PFQ6,7955,,11.12522,9.164449
F8QXP3,7955,,7.562084,7.361875
A4FUK8,7955,,13.450423,2.0720696
F1QDB2,7955,,8.866495,5.421051
A0A2R8QRQ5,7955,753920.0,13.748296,6.4645743
F1R4Z6,7955,682371.0,14.258731,8.621906
Q5CZN2,7955,1033118.0,8.537029,11.37892
A3KNQ9,7955,,11.235457,9.131844
E7F4N7,7955,782115.0,13.362321,5.9054246
F1R4W7,7955,,12.161064,10.407974
A0A0B5JK18,7955,,8.469067,6.086234
Q08BE2,7955,701823.0,5.754952,3.5629296
F1QX08,7955,0.0,11.944689,9.083511
F1QHE7,7955,,14.224054,9.046657
Q7ZW07,7955,803154.0,11.572039,10.970343
F1Q749,7955,804897.0,10.195703,12.724831
F1Q5Z8,7955,784190.0,13.098044,9.725542
F8QXP2,7955,,7.7707853,7.513676
Q7ZVJ7,7955,,11.979592,11.038606
Q5RJ11,7955,801468.0,11.258616,10.198457
Q9I9P4,7955,,14.019646,7.573853
A0A1D5NSX4,7955,,9.931609,8.618143
B3DIZ6,7955,739204.0,8.233557,6.92875
A0A0R4ITE7,7955,,12.390395,12.717034
Q4V9Q9,7955,,12.078829,10.184057
Q7T2E1,7955,802537.0,10.437058,11.379838
Q98SM7,7955,,14.116003,10.3804865
Q6TNV4,7955,,10.513802,12.764349
E9QH22,7955,,10.835901,11.802032
Q90WX5,7955,807520.0,10.687008,14.5190735
A0A2R8QEH1,7955,,9.796509,6.101873
A0A2R8QDT8,7955,,8.4115505,7.131726
G1K2P7,7955,,8.617567,7.070339
Q803X7,7955,793150.0,11.2592945,10.382364
Q1RM48,7955,,8.410453,6.1809826
A0A0R4IT56,7955,,8.840128,5.546808
A0A2R8QQS8,7955,,10.190767,9.732416
E9QJD9,7955,,13.206632,6.309105
A0MGZ2,7955,758155.0,8.383255,6.360844
F1R5S7,7955,748988.0,14.488561,8.485243
A0A2R8Q8S1,7955,0.0,16.056587,13.747093
Q6P0D4,7955,,11.689727,11.483413
A0A2R8QHC0,7955,702458.0,14.590722,8.339333
A9C3V4,7955,778380.0,7.8887043,8.975604
A0A0R4IL71,7955,801773.0,9.984924,11.664575
B3DK48,7955,801992.0,11.833488,11.503012
A5X7A2,7955,,12.500566,10.4586735
A0A2R8QK04,7955,803765.0,11.798611,11.347852
F1QYL9,7955,,12.13771,9.891978
I3ISG2,7955,,14.254406,8.456023
I3ITN9,7955,,8.311914,12.172825
E7FGG5,7955,,11.272948,12.304437
Q2KNE0,7955,802576.0,10.427215,10.895632
A8E579,7955,,12.763566,10.943068
X1WET9,7955,802155.0,11.32997,12.394489
B0V3V6,7955,,14.038465,8.542411
Q571R1,7955,,9.601465,5.1864357
A0A0R4IZ98,7955,,12.660827,8.974652
A4VAK4,7955,753918.0,12.19912,10.852976
O42245,7955,,15.011215,8.5811405
Q802F6,7955,,10.23015,9.130828
Q503H0,7955,,6.8857613,10.250417
X1WGE7,7955,,8.41574,6.0857453
E9QDC6,7955,,12.533945,12.861085
D1L3Y5,7955,702281.0,13.55921,8.368056
Q08BN5,7955,,14.431526,8.299566
Q32LW4,7955,,7.9464545,7.3607287
A8WGQ0,7955,801946.0,10.180484,16.994299
F1QMB9,7955,0.0,12.503568,11.869181
Q90490,7955,,12.527051,12.84176
Q503J4,7955,,7.5,9.467449
A0A2H4DYP4,7955,,12.104352,10.431876
E9QF86,7955,,7.988841,7.3724294
A0A2R8QQC5,7955,,14.031185,9.312717
A0A2R8RN27,7955,,9.492502,10.779161
Q803S1,7955,755606.0,12.592802,11.982728
E7EXI9,7955,,11.640275,9.195406
Q6DG24,7955,,13.288984,9.743227
F8W3M1,7955,,9.148259,5.8311334
E7F5L8,7955,803369.0,11.703288,8.287585
B3DKI8,7955,0.0,11.053362,11.144226
A0A0R4IIJ7,7955,,13.1281185,9.566487
A0A2R8QJC5,7955,,8.460972,7.339966
F1QYF8,7955,,12.050834,10.038186
F1QQS8,7955,,14.648977,8.769009
Q8JIZ3,7955,,14.707404,8.690232
Q3BDS6,7955,793477.0,11.224062,8.9679165
A0A286YAF2,7955,0.0,12.642944,10.761039
Q6IQA6,7955,803020.0,11.661661,10.537515
F1R0R6,7955,,8.504137,7.418283
O73708,7955,749052.0,13.58196,8.884759
B3DIF4,7955,0.0,12.639884,11.324939
Q567J8,7955,752449.0,14.535498,8.459586
A2THE9,7955,785211.0,11.753103,9.8531
A9JT21,7955,1027286.0,8.399939,11.667982
B0BLV5,7955,755639.0,13.121726,9.293438
F1Q9X9,7955,801975.0,9.654238,10.476822
Q568W5,7955,700347.0,12.273,9.998782
Q7T372,7955,804822.0,10.507683,11.396699
Q4V8U0,7955,756312.0,13.606449,10.262605
Q6P0S9,7955,802369.0,10.806076,11.435032
Q6PGX7,7955,,11.8040905,9.371629
A0A0J9YJK4,7955,,9.752777,10.482492
I3ITB4,7955,,13.040846,9.257815
A0A0R4IQ43,7955,700902.0,9.129712,5.9565535
Q78AN2,7955,794536.0,11.674357,11.138914
A8WHZ5,7955,0.0,13.370379,2.1947231
O93430,7955,0.0,11.702894,13.758383
F1R2G3,7955,,8.811175,8.144503
A8WFV4,7955,,12.930161,10.013639
A0A2R8QU45,7955,,11.743834,11.368087
B3DJX7,7955,0.0,12.98561,8.561664
F1Q6N2,7955,,9.310898,5.9805703
F8W5C5,7955,,12.435168,12.606641
A0A286Y9D1,7955,789488.0,12.540077,9.235943
F1QRR8,7955,,12.422983,9.952138
F1Q7Y5,7955,754007.0,13.147548,10.047765
A8BB35,7955,,7.79944,6.327929
Q9PTU1,7955,745763.0,14.852692,8.420523
A0A2R8QRZ7,7955,801913.0,11.676556,11.525023
A0A2R8RZW5,7955,,8.699544,5.133028
U3JAI2,7955,,9.075401,6.316272
Q6PNC5,7955,,12.962097,8.856517
A0A2R8PWD5,7955,,12.10932,11.659481
A0A2R8PZT2,7955,,13.536278,11.502764
Q7T2N8,7955,794303.0,14.579913,8.287107
Q7ZW47,7955,759235.0,12.605144,10.955406
F1Q8E8,7955,,12.605633,11.489574
X1WEI8,7955,,12.407376,9.829303
A0A286Y8Z3,7955,,11.395551,9.072455
B0F0Y7,7955,,13.924039,3.9023006
A3KQW9,7955,738969.0,13.88859,8.873617
Q8UVC1,7955,700333.0,12.036183,9.215421
A7MCR7,7955,802365.0,7.567506,7.352516
A0A0G2KZL6,7955,,13.649263,11.324621
A4QN78,7955,,8.671881,11.443226
A2CEW3,7955,752326.0,8.647205,6.7126503
F1R3Q5,7955,,12.019754,8.511956
B2KL77,7955,0.0,11.572165,10.595322
O57420,7955,,14.651729,8.794654
G9D324,7955,,8.077136,6.7197814
A0A2R8QJI4,7955,,11.36289,10.496288
Q6WEE1,7955,,14.276673,9.164995
E9QFM2,7955,,13.632785,6.466229
A0A0R4ITC9,7955,,13.650884,6.1060915
A0A0R4IZW3,7955,,9.167549,10.106851
Q7SY29,7955,793048.0,11.686858,12.722008
A0A2R8QSD0,7955,,14.156255,9.284736
F1Q5V0,7955,,12.337052,12.688563
A0A2R8QM92,7955,,9.271821,5.876676
Q8JH68,7955,804028.0,10.9966955,10.458257
Q6YLA3,7955,,12.107559,10.667381
A7TUD4,7955,,10.102814,11.092419
A0A0B5JFA0,7955,,11.518402,15.114823
A1L224,7955,747269.0,13.504413,10.372526
Q5U3Q7,7955,,11.291004,10.7333
Q5RKQ4,7955,,9.152779,10.953701
E7F9Z1,7955,758674.0,8.413236,6.546346
F6NZ60,7955,807605.0,8.36824,11.542755
A0A2R8Q4P3,7955,,12.045941,10.028971
A0A0B5JS36,7955,,9.073329,5.7734427
F1RAI8,7955,,8.681999,11.857611
E9QCC2,7955,,8.962156,6.06279
Q6PBA4,7955,,14.297662,8.275817
B3DJQ3,7955,792971.0,8.153139,6.9305286
E9QHE3,7955,778859.0,12.447084,10.716518
F6P3F9,7955,,11.777019,12.757054
F1QVN3,7955,,13.606362,6.48581
Q6DGJ9,7955,740588.0,13.757891,3.7547116
Q2Z1R2,7955,752702.0,14.486674,8.377335
Q6W2J8,7955,0.0,14.326059,8.8727665
A0A0R4IKJ8,7955,,6.846618,9.067616
Q9PWD8,7955,753109.0,7.6161914,2.6615536
A8BB75,7955,,7.6798363,6.3494315
Q4V9G9,7955,,9.392498,10.832867
F1QH78,7955,,6.0971127,5.926604
Q9PTR4,7955,,-3.1274617,6.204251
A1L2D9,7955,804677.0,8.945356,6.473204
Q502J6,7955,745602.0,9.940669,8.452504
Q5QNP2,7955,,5.873049,5.7315
Q5RHV5,7955,,9.742517,5.632525
Q1LXG1,7955,,10.463039,11.82626
B3DI86,7955,701495.0,8.820139,6.36454
F1R332,7955,,6.001802,5.808681
F1R452,7955,,8.917976,11.933299
G5CIM4,7955,,13.76485,8.378282
Q7SXM7,7955,802676.0,11.745925,11.281988
A8DZG9,7955,739153.0,7.723472,5.8003254
Q8JHU4,7955,,12.489309,11.2293825
A0A2R8RID6,7955,,7.945765,6.400555
A0A0B5JK41,7955,,8.204903,6.105892
A0A2R8QEC5,7955,,9.132621,12.937671
Q568P9,7955,745740.0,11.542875,10.428482
O42557,7955,,9.870646,9.551463
F1QF55,7955,,11.7429495,11.827587
X1WGV5,7955,739605.0,13.718497,6.5965257
Q5RIW8,7955,0.0,12.549479,7.564575
Q92173,7955,,8.175797,6.72179
Q9W6I7,7955,759299.0,8.756832,6.2106414
Q6TLG2,7955,801663.0,10.012749,12.750267
A6H8R3,7955,,11.300345,10.867425
Q502C8,7955,,8.307865,12.336741
Q5U3T3,7955,804281.0,12.0164175,11.882192
Q6ZM69,7955,,8.099894,6.9848695
Q7ZUT3,7955,804897.0,10.115087,12.758609
P79739,7955,802109.0,6.9496684,10.27324
A0A0R4IRF5,7955,,12.634336,11.069432
E7FFI0,7955,700653.0,13.729653,9.516533
B0V1H9,7955,,8.410531,7.607027
E7EXI2,7955,,8.315527,6.0503645
Q7ZW70,7955,,18.708715,9.407418
A0A0R4IPT5,7955,754515.0,12.92041,8.19855
F1QXA3,7955,,11.523716,15.091963
O73783,7955,,14.714864,8.391568
Q1JPW0,7955,765483.0,13.91244,9.641114
B2BJC1,7955,746463.0,14.240309,8.354088
Q6IQB9,7955,,11.358426,10.691894
A4JYG8,7955,,8.204243,6.092956
A0A2R8QFT6,7955,,8.081469,6.4331484
E9QCH0,7955,,11.770963,9.865221
E7EXY4,7955,,10.700179,9.789634
A7E2H8,7955,,10.042981,10.113021
A3KPJ8,7955,,8.020528,8.953025
A9JRD8,7955,822928.0,11.896241,10.244575
Q7ZU76,7955,783186.0,11.587158,10.33677
F8W3U9,7955,,10.651318,9.119707
Q7T2V6,7955,697993.0,12.341182,8.36399
A1L1U2,7955,697197.0,13.563402,8.408881
B8JKS6,7955,748987.0,14.41762,8.637425
Q8JHX6,7955,739452.0,8.658117,6.1418133
A0A2R8QU47,7955,,13.458752,7.9202375
A0A1B4Z255,7955,0.0,13.319088,9.934371
Q6NYV1,7955,802607.0,11.418023,12.549028
A8E7B8,7955,702125.0,9.184053,5.75939
Q08BE4,7955,,11.501583,10.00009
A2BG85,7955,,11.72676,13.734641
A0A0R4IGJ9,7955,,13.383544,7.7835946
A9JSZ6,7955,,13.20358,10.169905
Q0P493,7955,,6.9175787,10.25389
F1RD77,7955,,12.415797,9.213234
A9C3N3,7955,,12.484219,9.173348
Q8QGQ2,7955,,8.004478,12.836928
A0A0R4I9U3,7955,,13.581195,11.370299
Q6PFJ6,7955,793002.0,7.9626803,10.491454
Q4G099,7955,693545.0,12.199567,8.113683
B2BJ88,7955,,8.902209,5.432814
A0A0R4IE87,7955,,11.398302,9.255753
P53406,7955,780775.0,13.7857685,10.627555
B8ZHI7,7955,700429.0,9.560072,5.3707466
Q6JIY4,7955,754090.0,14.8591585,8.453546
F1QVE6,7955,,11.224115,10.88498
Q32PP9,7955,756329.0,14.720228,8.257371
E9QH15,7955,,10.558118,12.660791
Q569P7,7955,747375.0,9.593112,5.1890235
Q8JH93,7955,,6.9168754,10.258441
P60622,7955,,13.759908,9.795895
A0A0R4IDS8,7955,,8.305362,6.405032
B8JME5,7955,,7.4581375,6.5030103
D3TI82,7955,,17.21441,14.314644
A0A0B5JSB7,7955,,8.36713,6.7489834
B0ZE98,7955,747379.0,9.259277,5.817102
A0A0R4IC19,7955,,13.483931,11.341636
Q5GIT4,7955,761889.0,8.845429,6.7955494
F1RDZ6,7955,755515.0,11.694059,13.776687
Q8AWX9,7955,,13.054074,10.076641
E9QEX1,7955,,13.416753,2.1149213
A0A0R4IFW9,7955,,11.441539,10.190001
E7F537,7955,0.0,9.338331,6.40303
B0V3R3,7955,0.0,12.62874,10.953375
A1IMA9,7955,,11.170176,10.42801
Q4V9H0,7955,,12.488999,10.597324
O93409,7955,779281.0,12.457419,13.9702635
D3KVM1,7955,,13.798869,9.509153
Q803T2,7955,0.0,11.733378,12.025498
Q708S4,7955,778048.0,11.928135,12.955213
X1WBQ2,7955,0.0,14.544446,8.725737
A4VAK3,7955,,10.445558,12.59443
I3ITM9,7955,683824.0,13.804257,9.559246
Q5NJL4,7955,,8.199223,6.747269
M1WXG8,7955,780388.0,8.297139,6.534498
E9QEB4,7955,,10.180418,16.984848
X1WBC5,7955,,11.349304,5.0823097
Q803N0,7955,789228.0,11.607979,11.024583
I3ISF7,7955,,12.313888,13.7522545
B0S791,7955,,13.603631,6.0399265
A8DZG7,7955,805983.0,12.599664,10.564635
A0A0R4IUY2,7955,,10.747264,10.423444
Q6PBT8,7955,756555.0,8.722831,6.920348
A5PMG3,7955,0.0,7.579924,11.368756
D2DUP7,7955,,8.234218,6.9635344
A0A0R4IIY5,7955,0.0,11.810169,11.451655
Q5XJ81,7955,802558.0,10.62783,11.203149
A0A2R8Q0U9,7955,759644.0,8.977253,6.4681697
Q6DRL1,7955,792989.0,10.3330765,10.421851
B0R0K7,7955,,8.661217,7.0087667
A0A286Y9T9,7955,,8.801077,7.589234
Q499C1,7955,,7.71982,6.3402333
A0A0R4IGC8,7955,,8.278235,6.412932
B8A458,7955,795171.0,10.410358,10.391327
Q6JWU7,7955,802342.0,11.370883,12.54797
A0A0A1GU50,7955,,12.421055,11.452656
Q6IVB9,7955,702166.0,13.662131,7.3419123
A8E566,7955,803980.0,12.300123,11.939653
F1R406,7955,,13.453536,2.060976
A1L245,7955,801908.0,11.337499,12.2743845
A0A0R4IT86,7955,0.0,8.469492,6.1907163
Q6PWU7,7955,702657.0,14.337838,7.932151
I3IT59,7955,,13.328104,7.324719
Q6IWP4,7955,,9.128849,9.697289
Q7T289,7955,746370.0,14.254591,8.502139
F1QAS7,7955,,8.75745,6.9801188
A0A0B4P589,7955,,18.622614,9.370408
D3XD68,7955,,7.9751287,7.332321
A0A2R8QA47,7955,,7.6493845,6.350411
X1WED5,7955,,13.901171,8.867964
Q7ZTV9,7955,,8.009719,7.3645453
Q6STL0,7955,802359.0,13.326685,2.2181866
Q0Z946,7955,0.0,0.002838314,14.94331
Q3YAA0,7955,,8.175036,7.137485
F1RBP8,7955,,8.589434,6.6543136
Q66I28,7955,758307.0,8.710248,6.011129
A0A0R4IYF1,7955,,12.237989,9.909696
Q1LUM9,7955,803191.0,11.699415,11.440801
G8CXX6,7955,702529.0,7.819726,5.831349
A0A0G2KTP6,7955,,12.802974,9.731932
Q1JQ71,7955,751267.0,9.083871,6.114602
Q7ZU37,7955,,14.274283,9.008707
F1QW66,7955,,9.047604,6.531362
Q6NWD4,7955,753054.0,11.916534,11.9814205
Q7T2E2,7955,726596.0,9.295596,6.0487447
F1R914,7955,,8.938507,7.851528
F8W463,7955,0.0,8.327819,7.697796
A0A1D5NSQ7,7955,,14.786036,8.615185
Q5XJ87,7955,801878.0,8.264287,9.248578
F1QQP4,7955,,11.034308,10.861188
Q1ECV4,7955,780110.0,12.199246,9.804403
A1A601,7955,780712.0,13.40808,9.622849
A0A2R8QGD9,7955,,10.926072,11.959282
A8E7G5,7955,746626.0,9.196579,9.037268
E9QI60,7955,,13.631483,7.344551
A2ATX2,7955,,10.941855,11.368112
B3DGZ9,7955,0.0,9.370668,12.462465
A0A0R4IWM7,7955,,12.463171,10.019742
A0A193GP06,7955,752715.0,12.786693,6.9624157
Q9YHU2,7955,,8.619871,6.5826707
F1QQ36,7955,,12.568606,10.002389
A8KB18,7955,,11.853254,9.567111
Q6R5J2,7955,762794.0,12.280633,11.666336
O57416,7955,683818.0,14.662005,8.739149
Q08BE9,7955,,14.194223,10.392369
E9QI84,7955,,11.397772,12.582506
Q6P0G6,7955,801468.0,12.347853,13.848961
A0T2N3,7955,754115.0,5.787486,5.6424775
E7F1G8,7955,792989.0,9.938578,10.812089
B3DIJ2,7955,,5.758413,5.64464
Q5RIF1,7955,,8.772839,11.838885
A0A0R4IH56,7955,781566.0,12.439103,9.899083
A0A2R8QE16,7955,779933.0,12.571065,10.194446
F1R653,7955,,9.102149,10.9780035
E7FAN3,7955,700933.0,14.187864,9.012322
A0A2R8QDU7,7955,,10.679031,10.428724
Q08BR0,7955,,12.468146,10.233865
Q6DGK6,7955,802274.0,9.183596,11.730196
Q5RHH4,7955,801731.0,10.567477,10.550841
A8WHV5,7955,139706.0,12.374994,11.354996
Q708S8,7955,823345.0,11.78327,13.61974
Q8JFE3,7955,0.0,13.3672085,9.597877
Q7ZV50,7955,793091.0,11.579847,11.862887
F1Q9F5,7955,802151.0,11.593858,12.206179
Q6DG42,7955,0.0,13.469532,11.369547
F1QAX3,7955,,8.863408,5.9588056
A4FVN3,7955,,7.8012195,8.99504
E9QB18,7955,,12.342891,9.022955
Q6DGH9,7955,761359.0,14.623121,8.834701
E9QI17,7955,793051.0,9.922417,11.059831
Q4QRC7,7955,755447.0,11.774603,10.548447
A0EXC6,7955,,9.405017,10.914923
B1Q3I6,7955,,8.991223,6.863551
O93275,7955,1040094.0,8.436766,12.249048
A0A158VHB4,7955,,8.599079,6.658855
F6N9H6,7955,,11.374096,12.3603325
A2BG45,7955,781699.0,12.37136,11.876528
Q1JQ65,7955,,8.850601,6.8197565
Q7ZVH8,7955,801468.0,13.603719,11.595888
A4QNU9,7955,793800.0,9.244329,7.3413877
A0A0R4IDF8,7955,,9.568499,5.879063
A0A2R8QF98,7955,,7.5769854,6.3420744
Q4PLX4,7955,,8.547075,7.195876
Q56A56,7955,,14.306628,10.548153
A0A2R8QU90,7955,,12.506054,10.687093
F1R9S3,7955,793630.0,12.29717,11.167074
Q9DD59,7955,0.0,14.084136,7.677723
A0A0R4IJX9,7955,747405.0,9.247489,6.392537
E9QEX8,7955,,9.565947,6.7885976
Q6P954,7955,702250.0,13.563871,9.2611885
A0A0R4IUB7,7955,,8.85994,11.086142
Q568G5,7955,,6.047991,5.7006803
F1QPD2,7955,,13.684256,9.058853
A0A2R8QA90,7955,,10.777647,9.872171
D3J0E7,7955,779857.0,8.811923,7.5111732
X1WE18,7955,739577.0,13.332781,10.315625
O13033,7955,766486.0,11.674361,8.894221
Q9W6G5,7955,824137.0,11.54872,15.153938
F1QSJ4,7955,,7.538894,6.8586035
B3GQ72,7955,761375.0,8.516249,6.644885
Q7ZW36,7955,0.0,12.056494,11.512428
A0A140LGM8,7955,,13.417631,6.5418596
D3KYL2,7955,802884.0,13.377526,2.1580763
A0A0R4INC0,7955,,10.852867,11.33681
Q6PBU2,7955,,12.34217,9.672821
Q561T3,7955,,11.942114,11.417284
A0A2R8Q8W1,7955,,13.657418,6.627195
Q6DEG6,7955,,11.038022,11.790982
B2BX11,7955,,8.211346,8.98632
A0A2R8RXI2,7955,0.0,7.755006,8.55412
B1NAT5,7955,,14.255931,8.465736
Q6NW62,7955,761807.0,12.826648,10.737895
Q5CZM8,7955,,13.553369,7.018221
A0JPF2,7955,,8.186282,6.6023707
Q568S1,7955,701901.0,12.792325,10.814973
B8JM41,7955,769207.0,13.283581,10.232332
Q9PU61,7955,0.0,14.570864,8.531444
A0A158VF47,7955,,8.613869,6.6573133
Q6DGL6,7955,,14.496618,8.374262
Q6P0Y7,7955,746608.0,8.624526,7.9542217
Q9IAI9,7955,761570.0,14.200463,10.406639
F2Z4R3,7955,805911.0,10.878902,12.057098
A0A0R4ISY7,7955,,14.326832,9.131822
Q32P38,7955,,11.986909,9.895404
F1RC79,7955,,12.16181,8.104753
Q1L913,7955,,12.1541605,10.227299
Q32PQ7,7955,,9.614329,11.368851
A2CF37,7955,,8.648161,6.6380897
A0A2R8QFL1,7955,,7.657903,9.462711
B0BLY0,7955,802477.0,11.826968,11.39719
E7F073,7955,,9.134889,6.2541943
A0A2R8Q8P2,7955,,11.036422,9.791451
A0A0R4IPL2,7955,0.0,14.575856,8.837661
E7F7E3,7955,,10.504903,10.639736
A0A286YAA1,7955,,11.145929,11.770321
A0A0R4IN23,7955,,13.758195,7.3505116
A9LDD9,7955,1027291.0,7.813803,11.636115
B3DJW5,7955,802249.0,9.1182165,9.730901
F1QKH5,7955,,9.461384,5.787154
Q7SY37,7955,793488.0,11.404559,10.579195
A0A2R8QPH1,7955,,13.604384,1.8955353
Q5TKT1,7955,,8.824623,5.934431
A0A2R8QP95,7955,,16.161016,13.577313
A0A2R8RWL4,7955,,10.396591,10.645026
B3DHS1,7955,746055.0,13.641958,6.6806655
Q1L8E9,7955,,8.591564,6.46228
A0A2R8QDM4,7955,,13.054637,8.882945
Q1MT45,7955,,13.01092,8.031393
Q6DGW7,7955,746177.0,14.229079,10.410224
X1WH33,7955,,7.008859,10.274158
Q6PC35,7955,0.0,11.277385,11.237349
A7YX81,7955,739595.0,13.644907,7.4437633
B7ZD71,7955,697496.0,15.288671,8.302839
A0A2R8QN27,7955,,11.3749075,10.115063
A0A0N9E2K8,7955,755455.0,8.336039,6.665781
F6PEW1,7955,,14.159565,8.42367
A0A2R8Q3C5,7955,,14.338646,8.911256
Q8UUR6,7955,,13.647679,9.178132
Q561P8,7955,,10.239377,10.970337
A5WWJ4,7955,765626.0,8.220118,6.7404637
A0A2R8QQW1,7955,,12.025982,9.861794
Q6Q415,7955,801673.0,9.502657,13.730391
A0A0R4IPR8,7955,781699.0,12.359915,12.284791
Q7SZC8,7955,,8.070554,9.158128
F1RCM2,7955,,8.753987,8.020802
F1QLQ0,7955,,14.45514,8.252705
A0A2R8Q9Y9,7955,,11.807298,10.434727
Q1JQ00,7955,772714.0,14.296132,7.9069204
E7F2H8,7955,803069.0,7.836781,7.4011345
B0S5G3,7955,780347.0,8.1975565,6.619534
Q6AXJ2,7955,801492.0,10.418261,10.407841
A0A0R4IPC6,7955,,5.9823403,5.730689
A4KUH9,7955,,13.421864,5.8085837
A7E2H6,7955,,12.448566,10.595702
Q803V1,7955,,13.280598,10.529947
A0A1L1QZT2,7955,,18.70667,9.436988
A0A2R8RT44,7955,780453.0,12.053586,10.069186
A0A0R4IQT5,7955,,7.4920464,6.817643
B8A5G4,7955,0.0,8.755762,6.4611106
G8IHT9,7955,,8.5226755,6.65017
A3KPH5,7955,739614.0,8.138469,6.7801676
Q29VH7,7955,,12.55746,16.125698
F1QGC8,7955,1028314.0,13.4525175,6.0549164
Q7PLT4,7227,802885.0,4.880814,9.2194395
Q8IMH5,7227,0.0,9.187772,7.0727577
Q9VMJ5,7227,805484.0,6.9731874,11.761214
Q9U5L1,7227,802726.0,10.582827,9.806094
P18935,7227,777846.0,4.11303,14.36034
Q7JMZ1,7227,633214.0,11.975884,8.871119
Q9W1B0,7227,793470.0,12.036477,10.094085
Q95U43,7227,,12.836996,7.427866
Q8IHC2,7227,801975.0,9.419819,10.425759
Q8SYJ7,7227,,11.322565,12.054872
X2JAD3,7227,,11.227083,11.892817
Q9NFX3,7227,803384.0,7.610309,11.523578
Q2XST3,7227,803064.0,8.76934,11.697395
E1JHP9,7227,0.0,11.847241,9.851655
Q9VDS3,7227,625381.0,12.947352,7.947267
Q8MRA9,7227,626179.0,13.63617,7.966759
M9PBJ9,7227,0.0,8.493702,11.15677
Q27320,7227,,11.2832775,5.16842
Q9VZW3,7227,621971.0,11.676167,8.2183895
Q95T68,7227,,18.739166,9.478165
A0A0B4K6Z6,7227,,12.518575,12.913093
Q9XYN7,7227,802144.0,3.2299943,9.469115
Q7YTE8,7227,628549.0,6.1796107,6.006358
Q9VFU7,7227,634043.0,8.500973,6.242079
M9NEJ8,7227,0.0,8.441386,6.119327
Q9W224,7227,617043.0,12.591117,9.579037
Q9VG58,7227,801582.0,9.718676,12.05003
Q9VVR4,7227,808107.0,8.532087,7.294442
Q56JH7,7227,628189.0,13.484943,8.725601
Q0E9B7,7227,621753.0,13.1793165,8.28416
X2J9Z3,7227,647932.0,8.549956,7.0116405
Q2UYJ8,7227,620081.0,9.105719,6.185856
Q6V6S2,7227,643048.0,9.24371,6.418425
O76767,7227,802022.0,8.502589,9.066961
Q8SX64,7227,0.0,12.554276,9.669795
Q6GV06,7227,619148.0,9.416978,6.888073
A0A0S0WN65,7227,0.0,11.106236,9.802659
Q8IQI3,7227,630870.0,13.364051,8.726709
E1JJE4,7227,0.0,8.645192,6.754799
Q9W381,7227,0.0,13.732765,7.925128
A0A4D6K823,7227,789416.0,10.475463,2.8529172
A0A0B4LHM3,7227,0.0,8.147335,7.317312
B9A0M7,7227,626681.0,13.706793,7.813964
O77460,7227,803046.0,9.417304,9.357411
M9NFA6,7227,0.0,8.593914,7.4468465
Q8IGW5,7227,634146.0,12.806431,9.513836
B5RJR1,7227,0.0,13.169242,10.404986
Q9VJY6,7227,801774.0,9.63756,13.2433
Q7JUM5,7227,0.0,13.228237,8.038827
Q9V8R9,7227,630425.0,12.308568,8.586157
Q7KMQ0,7227,802378.0,9.396601,10.260191
Q8T948,7227,,18.820843,9.55524
Q8T401,7227,,12.555985,8.153537
Q9VYW6,7227,648234.0,8.008916,8.930681
Q4V3N1,7227,619945.0,9.496032,6.9801054
Q9VC44,7227,622206.0,13.957662,3.9075646
Q9XZB7,7227,,8.558763,6.303193
Q9V9Z1,7227,,11.5482235,10.004802
Q9VU87,7227,803866.0,10.105831,10.16229
Q9VL06,7227,795431.0,12.092224,9.586556
Q9VV52,7227,621895.0,13.669372,7.9181237
A1Z6Y2,7227,619237.0,13.252561,5.9024854
Q9VYE6,7227,0.0,12.875282,10.344879
Q95RS2,7227,,13.363475,6.127853
A1Z9R4,7227,0.0,14.291385,8.501737
Q9VJ64,7227,784137.0,11.001289,8.696467
Q9VZI9,7227,635099.0,13.256834,8.3251095
Q7KRX5,7227,0.0,13.621469,8.514267
P40688,7227,626597.0,13.690589,7.4007382
Q9VNZ8,7227,780004.0,11.527934,8.8186455
P06605,7227,1028112.0,12.380157,18.13197
Q9VQG2,7227,804049.0,8.556106,9.04879
Q9VZ07,7227,804672.0,11.9535475,10.029181
Q86P82,7227,0.0,13.744254,8.580411
Q9VCY3,7227,804940.0,10.812731,10.750112
Q70HU3,7227,646142.0,13.416689,9.080306
P42284,7227,0.0,14.094269,8.350267
Q8INF0,7227,628479.0,12.143725,8.762748
Q8MR94,7227,,10.6304035,9.975302
A1ZA17,7227,625492.0,8.82914,7.5757084
Q9VM14,7227,801738.0,9.1520405,12.946951
A1XXK0,7227,,13.549571,6.129633
Q9V5R2,7227,0.0,9.75006,9.992315
Q8T8X5,7227,623027.0,13.851067,6.8248644
A8DYE4,7227,0.0,13.144102,10.400702
C4NAP6,7227,0.0,12.300976,6.172865
Q9VX39,7227,802604.0,7.7973647,9.129739
Q8MRN4,7227,622068.0,13.445462,7.4390855
Q9VBI1,7227,801861.0,10.31636,10.037059
Q9VGW9,7227,761092.0,10.897434,8.895118
Q9VI10,7227,802099.0,10.310596,9.899492
Q9VCZ8,7227,802574.0,10.177082,9.94818
M9NHC5,7227,0.0,12.206376,10.869343
Q9VWQ2,7227,617695.0,12.264027,8.370383
Q9VPS7,7227,635217.0,9.0161705,7.445021
Q7KUL4,7227,627255.0,14.488821,8.402129
Q9VPT8,7227,814684.0,12.555274,9.622707
Q9VGP0,7227,1028314.0,13.494936,5.81541
A0A0C4DHC4,7227,0.0,12.605848,12.007433
Q24418,7227,784285.0,8.587069,7.409076
A1Z7Z6,7227,622427.0,9.852316,6.334128
Q8IRJ9,7227,1027543.0,8.612108,12.07163
Q95SQ7,7227,793219.0,10.551358,10.228245
Q9VVU1,7227,1027578.0,8.061116,12.643097
Q9V3Y2,7227,815624.0,10.109321,10.108787
Q9GNH8,7227,805279.0,9.253609,11.957959
Q9VP92,7227,0.0,7.6922517,5.760279
Q9VCC6,7227,630358.0,8.701664,11.914725
Q9VDQ7,7227,805920.0,11.004691,9.70641
Q8IHC0,7227,,12.684107,7.8428884
Q59DY1,7227,628770.0,9.669295,10.324731
P26016,7227,0.0,9.470947,6.6967564
A4UZI0,7227,793960.0,12.22878,8.670075
Q9VP05,7227,634415.0,13.677812,8.945506
Q2PNP6,7227,621971.0,11.5585575,8.388946
Q9VKC2,7227,794261.0,7.0641565,8.987753
Q9W3R8,7227,804674.0,8.7656,11.372337
Q9VF00,7227,626102.0,14.141581,8.252872
E1JGQ1,7227,0.0,13.084373,8.37551
Q8IFW3,7227,0.0,11.610589,8.402603
Q9VN58,7227,802318.0,13.798067,8.746593
Q9XZ34,7227,627880.0,12.609608,7.675552
A0A0B4LID2,7227,0.0,12.342239,9.525227
Q9VX18,7227,0.0,13.779799,8.647248
Q6NR39,7227,0.0,12.52531,11.766355
Q6NR49,7227,,14.080861,8.775783
A0A0B4LEH9,7227,0.0,12.962338,9.504957
A0A0B4LFD7,7227,0.0,13.775789,8.931447
P42278,7227,794303.0,7.6517577,5.733322
Q9W5R5,7227,621612.0,13.306673,8.78828
P21521,7227,781053.0,13.291801,11.331227
L0MN72,7227,0.0,13.808685,7.1963844
A0A0B4JCY1,7227,793553.0,8.749661,8.226374
Q27884,7227,1027981.0,10.478811,15.585546
Q9V6U8,7227,802564.0,9.397774,12.299863
Q9W068,7227,784144.0,8.499889,8.519183
A0A0B4K6A2,7227,0.0,9.161343,6.33771
Q9VUU3,7227,620839.0,13.565921,7.7019515
O18381,7227,628374.0,14.473423,8.253827
Q9VYX8,7227,831541.0,8.47265,8.557831
A1ZAW3,7227,635221.0,13.095303,8.366601
Q9V853,7227,789075.0,11.473802,9.713864
Q9VUL9,7227,649468.0,8.68543,7.417471
Q960X3,7227,,8.641464,6.778117
Q9VML2,7227,803152.0,11.487866,9.577844
Q8IPI3,7227,0.0,7.761821,9.115663
Q7KMQ6,7227,,12.716925,9.143228
Q8T9I2,7227,621844.0,13.800033,7.9465523
Q9NHZ3,7227,,11.853615,10.357343
Q95RH7,7227,801484.0,16.14261,13.583307
Q8T3I6,7227,630855.0,12.847642,9.00997
Q9VRW4,7227,634185.0,12.713164,8.266099
Q94522,7227,1027626.0,9.633318,12.64517
Q7JZD3,7227,801554.0,11.66567,11.355253
Q7JZD5,7227,639314.0,13.89546,8.056706
Q9VZJ8,7227,803407.0,8.8965,11.650133
Q9UAC5,7227,,12.170148,11.91526
Q9VGP3,7227,804896.0,7.034926,9.064312
O17142,7227,0.0,13.79484,8.8801
O62619,7227,1027422.0,8.499425,12.422412
X2JDJ3,7227,0.0,13.097831,8.150644
Q9VVB8,7227,0.0,12.394503,12.059117
A8JUR4,7227,0.0,11.928031,10.135463
Q7KM15,7227,802139.0,12.90174,7.0901504
Q9W0H3,7227,804226.0,8.746822,10.780374
Q9VQ30,7227,641007.0,13.873784,9.16384
Q7KTG5,7227,0.0,8.015169,9.027441
Q9W4D2,7227,802651.0,11.883781,8.349147
Q9I7V4,7227,628322.0,7.7044187,5.824206
Q06559,7227,1027267.0,9.0351095,13.693653
Q86B44,7227,,9.393366,10.919285
Q0E8K5,7227,641430.0,12.62042,10.331606
Q05652,7227,658624.0,13.32261,11.397953
M9PJE4,7227,642755.0,14.249755,8.544365
Q9VZI2,7227,628606.0,13.070835,9.588617
Q9Y1A3,7227,806990.0,10.069835,9.819233
Q960C7,7227,792933.0,8.486584,11.116646
Q9VS59,7227,780298.0,13.293034,9.675951
E1JHN2,7227,0.0,8.802174,11.173685
Q9W4Z4,7227,617771.0,9.383252,6.611661
Q6TY75,7227,,10.335734,11.374893
Q9VSQ0,7227,0.0,12.299331,10.189765
A1Z903,7227,801693.0,8.7118025,9.043671
Q95NU8,7227,626162.0,13.841492,8.18201
O18335,7227,793012.0,16.126488,13.628925
Q2QBM1,7227,0.0,8.43274,12.326073
A0A0B4KI45,7227,0.0,13.489935,8.136745
Q9U4U2,7227,,8.9618225,10.11845
Q8MS36,7227,778182.0,8.336811,7.6652584
P15370,7227,626619.0,14.333875,8.362121
Q8T3P3,7227,,8.636282,7.4153347
A1Z7T0,7227,0.0,12.788741,10.681984
Q9V3J1,7227,807673.0,10.818853,10.766458
Q9VH70,7227,625364.0,13.659554,7.875622
Q9VL73,7227,630520.0,13.128016,9.597688
Q7KY04,7227,801484.0,16.150742,13.595239
M9PEG6,7227,793112.0,11.721552,11.712637
Q9VWU1,7227,622374.0,7.767288,5.805497
A0A0B4LIU0,7227,0.0,13.9241905,8.795667
Q8SZL6,7227,794234.0,9.110386,7.386833
M9NEQ1,7227,0.0,7.7619143,8.695673
X2JCF3,7227,626293.0,12.973968,8.301561
Q9VYH3,7227,1028551.0,8.777366,12.009009
M9MRD5,7227,801885.0,9.360654,11.10634
Q8INF1,7227,0.0,13.134171,7.4705524
Q9U9P6,7227,,5.629429,9.743373
Q7KM33,7227,627725.0,12.22887,9.463015
Q8MRP0,7227,,15.590722,7.8825874
Q9GU55,7227,,13.690505,7.770165
Q9VFC6,7227,0.0,13.12431,7.410281
Q9VTX2,7227,639404.0,10.692947,9.881741
E1JIH3,7227,655339.0,12.754869,8.601274
P05084,7227,628503.0,14.125391,8.613834
Q8T0I2,7227,,12.674711,8.529389
E1JJ45,7227,0.0,12.931468,10.464385
M9PFF9,7227,0.0,13.517694,8.65183
Q8MTJ1,7227,627999.0,14.382651,8.435017
Q8SYR8,7227,0.0,12.093315,10.541113
A0A0C4DHC0,7227,0.0,12.187119,12.044285
Q0E9J9,7227,0.0,12.505697,12.901532
P07665,7227,622071.0,13.815604,8.049538
Q24562,7227,0.0,12.826909,10.802818
Q8SXH5,7227,,13.7318945,6.475906
Q9VAQ8,7227,649900.0,8.760549,7.5067997
Q9VAS7,7227,778189.0,8.145514,8.460969
Q8T987,7227,0.0,12.894075,8.526171
Q23979,7227,801816.0,11.122068,11.765026
Q3YNC8,7227,,18.684973,9.427424
Q24279,7227,0.0,13.200408,10.147831
Q9W2W1,7227,617845.0,13.636476,7.7584763
Q9V8Y7,7227,628765.0,8.115963,8.273715
Q8SXM2,7227,803807.0,11.490856,8.670379
Q7YU40,7227,,11.142643,11.749823
Q2PDR9,7227,778148.0,11.565498,11.559043
Q9V589,7227,621692.0,8.033438,8.365499
Q24568,7227,616988.0,9.305232,6.697653
A0A0B4LGJ4,7227,792948.0,16.143366,13.590159
Q7JQ32,7227,,8.97994,7.531379
Q9W0F7,7227,620942.0,8.424624,7.4139113
A0A0B4KH49,7227,0.0,12.091053,11.342851
Q8IQF8,7227,0.0,8.096434,11.944901
Q9V359,7227,801874.0,10.92988,10.807818
Q95TV3,7227,,8.47928,11.263272
A0A0B4K7W2,7227,0.0,12.848077,8.501637
A1Z7Q8,7227,634146.0,12.803645,9.523917
C0HK95,7227,617082.0,12.944783,7.7771626
Q9VTS4,7227,802510.0,10.7635145,11.28098
O18334,7227,801484.0,16.156912,13.554179
Q9VK45,7227,0.0,10.706027,10.006191
Q9XZS6,7227,756110.0,13.451376,8.195279
Q8IHB0,7227,0.0,14.088168,11.748101
Q7JWD6,7227,804618.0,10.458488,5.3107066
Q58SN2,7227,,8.51514,7.569231
A0A0C4DHA4,7227,0.0,9.659292,6.478003
M9PF70,7227,0.0,8.435475,6.209495
Q4V566,7227,635847.0,8.28063,7.129652
Q8IH40,7227,0.0,12.364641,12.763797
Q8T3V6,7227,642646.0,9.683414,9.305582
A0A126GUV0,7227,633948.0,9.894288,9.103632
A0A0B4LF33,7227,0.0,10.90154,10.181794
Q5ELT0,7227,643048.0,9.291059,6.4288216
Q8IH29,7227,1028492.0,9.646122,12.432827
Q8IQW0,7227,0.0,13.147689,9.689601
Q8MQP4,7227,,8.16217,8.922458
Q9VBN5,7227,805041.0,9.6448,13.63808
O76804,7227,808262.0,8.359279,7.6636596
Q9VVM1,7227,625316.0,8.021308,7.4686728
Q9VU95,7227,1027421.0,7.768141,12.833456
Q9VLJ9,7227,649442.0,9.961594,8.946647
Q9VRQ1,7227,801566.0,9.238161,11.226757
Q7KS06,7227,0.0,8.98822,11.176016
Q7KND4,7227,,13.188501,5.9388685
M9PFZ7,7227,0.0,18.623158,9.369917
Q8MM14,7227,763732.0,8.549698,7.4775805
Q9VFK3,7227,622107.0,13.708595,6.106442
A0A0B4KHC8,7227,628561.0,14.012767,8.694224
A0A0B4KF12,7227,634055.0,12.161764,11.225848
A1Z7A8,7227,625651.0,13.017477,6.9471207
Q9VNP7,7227,794261.0,7.1191115,9.037243
E1JIS3,7227,620154.0,9.600183,6.7323008
Q9VJV8,7227,629377.0,10.482395,9.566487
Q1EC92,7227,0.0,13.133471,10.487135
Q9NGV4,7227,,8.523243,6.5111046
Q9VK85,7227,1027386.0,10.715982,9.747399
Q9W4T9,7227,625418.0,8.595883,6.3900843
E1JIE2,7227,0.0,8.586219,6.633111
P20193,7227,625358.0,13.681517,7.8623133
Q8IRM5,7227,0.0,14.371276,8.448462
Q9VCL2,7227,622850.0,13.673818,6.428717
Q9VH92,7227,0.0,12.994385,8.365468
Q9VUI0,7227,627611.0,13.3799095,7.4220266
Q9VGZ3,7227,803384.0,7.5415115,11.524521
Q8MYY5,7227,780032.0,9.6257515,13.671901
X2JB44,7227,0.0,13.786561,8.667416
P10083,7227,625502.0,14.910794,8.535432
M9PC68,7227,626641.0,13.82713,8.684262
Q9W1S2,7227,621686.0,12.112874,9.425971
Q9VZX7,7227,789821.0,11.400727,9.034061
Q27268,7227,801468.0,9.8925295,10.864214
P27398,7227,625428.0,13.27128,10.272184
M9PFF3,7227,0.0,13.047375,8.3872175
Q45VV3,7227,0.0,13.82562,7.5582542
Q9W3V8,7227,802358.0,8.264167,9.102782
Q9XYQ2,7227,801589.0,13.324832,7.247087
Q8IQ96,7227,0.0,11.854778,10.308041
M9PHU7,7227,627884.0,13.166097,8.216359
Q95TB1,7227,,12.664466,8.286891
Q59E67,7227,622240.0,15.149656,8.612864
Q9V5Z7,7227,0.0,17.212666,14.313901
Q9VKC7,7227,795409.0,8.983885,7.073962
Q9VU38,7227,0.0,8.685116,12.052069
Q3ZAK6,7227,620375.0,9.134946,7.1038966
Q9W251,7227,789044.0,8.708869,8.721054
Q95RR8,7227,649102.0,12.726684,9.796205
M9NG38,7227,0.0,13.282602,10.353524
Q8MZ70,7227,,9.157319,8.31099
Q7K554,7227,,13.261362,8.163592
M9NDD0,7227,0.0,4.8638887,9.2248125
Q9W2F6,7227,632640.0,9.3349695,6.1447086
Q9VFE3,7227,801571.0,8.035252,9.803013
Q7KUD4,7227,778252.0,10.574211,10.562769
Q9VPZ7,7227,630297.0,8.499682,6.3103504
Q7JN04,7227,0.0,13.879753,9.024283
Q9VZY0,7227,822348.0,12.233932,9.220039
P22711,7227,625518.0,14.337566,8.248986
Q86NN1,7227,,13.973669,8.319852
A0A0B4JCV3,7227,0.0,13.131986,8.261159
Q9VW59,7227,801988.0,10.006084,11.142244
Q9VYN4,7227,626470.0,8.914641,7.3247504
O96299,7227,793062.0,8.518009,12.662267
Q8ST85,7227,,9.835757,11.849609
O44117,7227,770286.0,12.641182,9.2343445
Q24463,7227,,9.882453,11.643486
A0T1Z4,7227,0.0,13.310444,8.505194
Q9XZE4,7227,803385.0,4.877552,9.211331
O46085,7227,789402.0,11.906908,9.091744
Q4V5L1,7227,623169.0,13.47981,6.1028132
Q9VP18,7227,793607.0,12.532431,6.051824
Q7JUP3,7227,780371.0,11.025437,9.83801
Q24466,7227,802498.0,9.955559,9.607699
P81160,7227,617061.0,12.183141,6.2890987
Q9VSI6,7227,0.0,7.5951133,11.39358
Q58SL2,7227,,9.379562,6.814121
P92177,7227,802070.0,8.513325,2.085561
Q24591,7227,654071.0,8.445744,6.480631
Q9VU17,7227,793066.0,6.658205,8.954925
Q24457,7227,0.0,13.853686,9.201854
Q8IH89,7227,801468.0,12.669686,7.752277
Q9VSC3,7227,634099.0,9.329244,6.479416
Q9VJJ6,7227,620655.0,13.681453,7.7365003
A8DYN0,7227,0.0,13.516488,8.164132
P41044,7227,778029.0,12.183273,13.613894
Q7KTV5,7227,0.0,12.426646,8.994809
Q961D7,7227,,13.739905,7.2691994
Q9VDZ3,7227,628168.0,14.2443905,8.444467
Q961F0,7227,,13.759005,7.433806
O16125,7227,0.0,13.809168,8.459349
Q9VFR3,7227,642628.0,8.367118,7.2576947
Q8MZ81,7227,621698.0,13.207944,7.028974
Q9V345,7227,802042.0,11.235127,12.155099
Q9VQ97,7227,794303.0,7.6295333,5.7037373
Q7JWG9,7227,772853.0,9.711205,8.971767
O61362,7227,0.0,14.161531,8.589666
O44122,7227,629853.0,13.755031,7.980711
Q9XZ10,7227,802421.0,8.396858,9.177309
Q960B1,7227,793046.0,10.705806,10.324042
Q8SZE8,7227,,6.1678905,5.9965854
Q8MZ98,7227,,11.408433,8.576053
Q15K25,7227,,12.709116,9.651777
A1Z8Q7,7227,0.0,13.239324,8.066746
A1ZA73,7227,0.0,12.021698,8.800504
Q9VYY9,7227,761324.0,11.786614,10.2647
Q965D9,7227,0.0,13.746453,8.873747
C0HL66,7227,,-0.0027715163,14.947835
A0A0B4KFZ8,7227,780419.0,13.837978,8.953273
A8JNR2,7227,0.0,13.112561,9.724017
Q9N9Z7,7227,,13.277918,6.097581
Q6V6U6,7227,,10.181382,16.993093
Q8SXA5,7227,1027981.0,10.480104,15.588936
Q9VJ27,7227,,13.757732,7.8525004
Q6NND8,7227,0.0,12.900268,10.466018
Q9VFH4,7227,626037.0,14.028642,8.298271
Q9VVG4,7227,804228.0,11.535444,10.555189
A0A0B4KEX6,7227,0.0,10.220907,11.394748
Q9W384,7227,641296.0,13.45136,8.890754
Q9W418,7227,617956.0,11.338954,5.068246
Q0E8V6,7227,619073.0,10.181658,16.990929
Q9U4Y1,7227,1027262.0,8.175209,11.363214
B7Z0R1,7227,0.0,8.471195,6.2692966
Q24157,7227,649688.0,8.719715,7.542741
M9PCW5,7227,0.0,8.943925,6.8251925
Q9VNX8,7227,801745.0,10.596756,10.438583
P00850,7227,805724.0,4.1775117,14.18803
Q9VEH5,7227,627853.0,6.203784,15.301917
Q24595,7227,635076.0,12.45182,9.245512
Q7K4E2,7227,,12.459622,10.010854
Q0KIF4,7227,0.0,8.559341,7.096992
Q9W3N1,7227,801828.0,8.529221,11.01944
Q9VFX8,7227,622180.0,13.975614,8.090029
Q8I0J1,7227,0.0,12.992906,8.292976
E1JHS8,7227,0.0,12.514131,8.637268
Q94543,7227,,13.138506,8.312282
Q0E9K8,7227,0.0,12.522715,12.893227
Q0KIE7,7227,781925.0,11.521167,9.572705
Q008Z0,7227,,11.186581,8.742693
A1Z991,7227,638277.0,9.024594,6.969537
Q9V7H4,7227,804044.0,9.473544,6.7949085
M9PG36,7227,0.0,14.177752,8.35887
A1Z7F4,7227,0.0,11.780034,12.751053
Q9GQQ6,7227,0.0,13.21064,10.337803
Q8IRT8,7227,0.0,13.574164,9.810422
A8JQX0,7227,0.0,13.2843895,9.608964
Q9VC05,7227,793143.0,11.779637,10.211155
Q9VTN5,7227,784160.0,12.241764,10.025896
Q960V6,7227,649084.0,13.777617,7.2117004
Q8T3I9,7227,,8.737754,6.6583695
A0A0B4KFU1,7227,622179.0,13.613641,8.018072
Q9NBK5,7227,792940.0,13.554873,11.535953
P37193,7227,807499.0,8.77157,11.19752
Q95SH3,7227,,12.254102,11.928113
Q9VAT5,7227,623345.0,9.037854,6.939041
Q961A5,7227,,11.49015,8.417955
Q24413,7227,,8.04644,9.020218
Q24523,7227,625597.0,14.035452,8.301571
M9PEP2,7227,778025.0,12.711671,8.332019
Q7M3K2,7227,,10.795205,10.139202
Q9VQ14,7227,793783.0,7.542185,7.6554365
Q9VFC9,7227,622128.0,13.655141,7.1598
A0A0B4KF62,7227,0.0,13.041875,8.873583
Q7JR49,7227,634175.0,9.4908085,7.4248686
A0A0B4KHE4,7227,0.0,8.719055,7.438056
Q9VGU4,7227,627954.0,12.083439,8.783399
M9PI28,7227,0.0,12.408911,10.032792
A4UZ58,7227,0.0,12.654265,6.0454817
Q9VNI8,7227,801468.0,11.172831,9.539937
Q8SY87,7227,810532.0,9.950571,10.468389
Q6IH48,7227,616708.0,13.2696085,6.010766
Q59DP7,7227,0.0,13.344678,2.1877308
Q9VU02,7227,805032.0,10.293165,12.624507
P81829,7227,627876.0,13.908514,3.9242704
Q9VG70,7227,805952.0,8.885257,11.24939
Q9VEM8,7227,794303.0,7.6585846,5.753478
Q58SL6,7227,,9.395014,6.8241615
P30432,7227,778163.0,9.237026,6.6771197
Q9VXE8,7227,801549.0,10.80238,10.865909
P54361,7227,0.0,12.24144,8.891286
Q961U0,7227,641119.0,8.757737,7.418722
Q23986,7227,,7.6769185,5.749507
Q95RP4,7227,,11.176755,10.706613
A0A0B4JCT2,7227,625220.0,8.565241,6.967616
Q95SH2,7227,802131.0,10.027429,10.009542
D3DMF6,7227,0.0,13.177198,8.393366
Q7KV27,7227,802229.0,8.773595,11.999986
X2JAJ8,7227,0.0,10.178887,16.991753
Q9VY87,7227,802365.0,7.537453,7.3762765
Q27593,7227,793104.0,6.9707375,10.288003
Q24218,7227,,12.954256,11.414767
Q9VGF5,7227,805505.0,7.851365,8.941827
Q8MT65,7227,634280.0,11.902465,8.224922
O18332,7227,801484.0,16.147476,13.608982
Q9VVI1,7227,804826.0,12.622737,10.245623
Q9VN82,7227,629047.0,13.262425,10.2290535
A0A0B4KGY6,7227,777984.0,13.372168,9.969835
Q7KN55,7227,,10.147382,9.949165
A0A0B4KEQ3,7227,0.0,12.61574,11.962228
Q9VP65,7227,801482.0,8.668981,11.442007
Q9W1Y1,7227,805566.0,10.1664715,10.10101
Q8SXK8,7227,,13.662446,7.15652
Q9VTP4,7227,1027296.0,9.864842,12.789124
Q3YMU8,7227,638185.0,12.469174,8.137108
Q95S24,7227,780454.0,9.935329,8.711551
Q9BPQ3,7227,0.0,14.134926,8.241737
B7YZU5,7227,0.0,13.79649,8.763683
A1ZAC2,7227,621755.0,14.354528,8.527034
O61539,7227,803099.0,10.140247,12.120606
Q9VKU0,7227,793522.0,10.622504,9.492437
Q9NFV7,7227,1027653.0,7.9752984,7.47427
Q9VPB9,7227,803679.0,9.27786,9.057018
A0PDV0,7227,,11.980061,10.032375
Q9VGC3,7227,803372.0,11.200853,9.420099
Q95RW8,7227,618011.0,14.331541,8.478396
Q95U71,7227,761436.0,12.985722,8.438328
Q8MRK1,7227,,18.746777,9.481011
Q8IQR3,7227,621803.0,9.891579,8.86612
P17336,7227,1028632.0,7.190367,11.092882
Q9VFB2,7227,781610.0,10.681576,10.472845
Q9VF56,7227,802199.0,9.973229,10.2318125
Q7PL26,7227,802853.0,11.25927,8.913269
A0A0B4KFX4,7227,0.0,13.599117,9.0026455
Q9V3Q4,7227,1028804.0,8.28261,12.283671
Q9VBC5,7227,0.0,12.437241,9.086881
Q9VN89,7227,0.0,9.661329,9.988825
P91938,7227,802214.0,8.850928,11.63247
Q9VQA6,7227,804645.0,9.982367,10.54342
Q8SXY9,7227,,11.513214,4.913548
Q9VJX7,7227,620443.0,8.704545,12.978177
Q8SYU5,7227,628482.0,11.518121,8.928651
B5RJS0,7227,628558.0,13.171777,8.3474655
Q5U0V7,7227,793497.0,10.439188,10.030333
M9PGC9,7227,0.0,5.6501865,9.733799
D4AAN8,10116,785124.0,12.42296,10.347663
Q63483,10116,801484.0,16.120655,13.620359
Q2MHH0,10116,746467.0,13.27246,10.3797455
Q04827,10116,0.0,12.478969,11.224649
Q99M98,10116,,12.126985,10.307365
P21555,10116,752659.0,5.8250656,5.7457523
P10759,10116,0.0,10.514753,10.566593
P55926,10116,823345.0,11.934823,12.950467
O55006,10116,719466.0,9.085412,5.8984494
P18427,10116,748395.0,8.896263,6.164034
A0A0G2K314,10116,725229.0,8.682941,5.078623
A0A0G2JTH7,10116,778128.0,11.752716,11.382374
P12760,10116,746039.0,13.787669,3.763459
P63249,10116,0.0,13.196147,7.882284
Q9Z2P3,10116,729853.0,8.8153715,5.4607573
P49445,10116,793586.0,11.529201,10.404705
A0A8I5ZVX7,10116,0.0,4.911612,9.21446
P28840,10116,814636.0,8.287482,7.484753
Q62845,10116,761039.0,12.528782,12.875063
A0A0G2K628,10116,760611.0,12.643011,11.806748
F8WLE0,10116,801468.0,11.82532,9.791511
P30994,10116,762353.0,6.1302953,5.964674
P56700,10116,738949.0,5.754245,3.5623925
A0A8I6ADR2,10116,0.0,13.561928,10.255147
Q9EQV6,10116,803007.0,8.0125675,6.7542377
Q4KM38,10116,,12.4424715,8.875732
A0A8I6B5A8,10116,0.0,13.296076,2.2581546
F1LWM1,10116,0.0,13.929696,9.459535
P49287,10116,736476.0,6.107181,5.91195
Q6AYU2,10116,796473.0,13.516862,1.9904453
Q63619,10116,813562.0,10.3482685,12.77207
Q80Z40,10116,729015.0,7.808665,5.7973332
P04652,10116,746178.0,8.897205,6.224638
A0A8I6G622,10116,0.0,11.121696,9.992354
P19332,10116,0.0,13.873986,8.822973
P28473,10116,745951.0,13.4097805,2.1011693
Q6JAM9,10116,761580.0,11.509978,11.272072
P01194,10116,747049.0,13.776078,3.762537
Q9JHB5,10116,811347.0,11.62407,11.506199
A0A8I6AMI2,10116,,8.693643,5.45549
Q99NA5,10116,793068.0,8.37022,12.496016
P22355,10116,736706.0,9.072469,5.6431303
D3Z8N9,10116,0.0,14.169331,9.17836
A0A8I6AF99,10116,0.0,12.821262,10.00883
G3V8U0,10116,737227.0,9.088154,5.783188
D3ZFT1,10116,802897.0,11.76672,9.378231
Q00195,10116,790031.0,11.921917,11.4023905
F1LSY7,10116,0.0,11.860381,10.274417
Q9JKC1,10116,793469.0,7.9982285,7.388888
A0A8I5ZZC0,10116,0.0,13.588994,1.9113578
P43424,10116,1027437.0,6.7200556,12.536012
P55063,10116,801582.0,9.741998,12.08836
Q9JKD6,10116,746919.0,8.525801,8.139103
A0A0G2K0Y8,10116,736901.0,18.636856,9.38185
A0A8I6GH02,10116,779839.0,8.147942,6.565959
Q792Q4,10116,,11.591196,12.452019
Q6P7P8,10116,802892.0,11.617613,10.925194
P11598,10116,802127.0,9.4204035,10.800153
P63138,10116,752455.0,13.467561,2.0449133
Q7TSY4,10116,739557.0,8.572884,5.651177
P02317,10116,0.0,13.7167845,5.6338425
P02773,10116,739085.0,9.631505,5.406913
O70249,10116,807722.0,11.87582,11.994357
Q62840,10116,737124.0,14.074531,7.08561
A0A8I6A4L8,10116,0.0,8.136797,6.3766603
Q08290,10116,811033.0,11.955156,8.862291
Q5PPL0,10116,727012.0,12.865348,9.893772
M0R5U4,10116,778025.0,9.039402,8.003622
A0A8I6AE51,10116,0.0,8.090439,6.3855925
P26817,10116,795729.0,13.512743,11.434731
Q6AYH3,10116,0.0,12.79765,10.856316
P47864,10116,793167.0,17.21531,14.315196
Q62918,10116,0.0,8.161376,6.3958864
Q1XIC8,10116,,18.721127,9.458601
A0A8I6GLP0,10116,0.0,9.3182125,11.989864
Q9EQ72,10116,0.0,14.48636,9.454407
Q08603,10116,802210.0,9.297,11.890714
P70708,10116,731764.0,11.291904,9.812767
D4A8P8,10116,747315.0,14.184183,9.098201
A0A0G2JXK2,10116,793283.0,10.744071,9.231031
B2RZD6,10116,,9.369716,9.118319
Q9EPU2,10116,746717.0,13.723598,10.134608
F1M2Y4,10116,802335.0,11.991024,12.4744425
A0A8I6A7N8,10116,0.0,12.572422,12.02731
A0A8I5Y701,10116,0.0,12.143984,9.528327
P13265,10116,739585.0,8.859848,6.418431
P18331,10116,756223.0,12.589297,12.5641365
Q8K3X8,10116,804756.0,11.589547,10.224827
P54645,10116,801468.0,13.588581,11.463925
Q62868,10116,793897.0,12.450494,9.889209
D4A9G4,10116,755624.0,8.631559,7.067472
Q01827,10116,801563.0,11.785597,12.738605
Q63691,10116,743949.0,9.116904,6.2380548
P02564,10116,793067.0,12.55805,16.132254
A0A8I6A620,10116,0.0,13.624446,10.09706
P62893,10116,,13.682762,5.5627356
P52020,10116,803429.0,11.490668,10.95821
D3ZQM3,10116,0.0,8.109968,6.7177763
Q5U2N8,10116,802518.0,10.559412,10.084095
Q63486,10116,801493.0,10.959726,12.261375
O70461,10116,793048.0,6.9379783,9.239002
P35433,10116,0.0,10.463868,12.688127
P09139,10116,1027442.0,8.482496,11.810633
A0A8L2R539,10116,0.0,13.372429,6.2868657
Q63237,10116,,8.442177,6.235226
P12939,10116,793104.0,6.9759502,10.266815
G3V8R8,10116,772996.0,8.79326,7.972891
P23978,10116,805347.0,7.327176,9.008706
P00159,10116,777846.0,4.1036754,14.365991
A0A0G2K5I7,10116,795524.0,12.057307,9.458981
Q9ESQ7,10116,,13.000779,10.038536
P70582,10116,807297.0,11.663335,10.691595
A0A8I6A6E7,10116,0.0,11.985667,10.484815
Q9Z1N4,10116,0.0,10.565959,12.624557
Q4V8I0,10116,,8.850594,5.624632
P97525,10116,,9.183809,5.7335415
P41123,10116,,13.591742,5.66843
O08564,10116,0.0,11.731139,12.764249
Q01992,10116,802065.0,11.39855,11.911353
D3ZGV2,10116,0.0,12.0595665,11.78721
B2GV87,10116,0.0,11.38106,10.501433
Q5XI86,10116,803564.0,11.79712,12.255246
Q03190,10116,748427.0,9.038719,8.018484
Q9QZM5,10116,0.0,12.738663,8.585943
A0A8I6AMP4,10116,0.0,13.751863,6.1276937
A0A8I6GK47,10116,0.0,13.863105,9.469608
A0A8I5ZT73,10116,0.0,13.5299425,5.797916
P63322,10116,778026.0,13.367379,2.1560328
D3ZVC2,10116,746607.0,9.0807,7.904347
D3ZCV0,10116,0.0,11.303042,11.925311
E9PTD9,10116,746646.0,7.6260815,6.4153757
Q6P2A7,10116,813688.0,7.338078,11.964756
Q6P762,10116,802236.0,8.027082,7.1433024
Q9QXQ0,10116,801468.0,11.315449,11.898498
A0A8I6ATQ5,10116,0.0,13.052669,10.646502
P50282,10116,745703.0,8.518466,7.0466485
P51868,10116,0.0,9.433762,10.563994
A0A8I5ZP90,10116,0.0,12.78379,9.524878
A0A8I6GIW1,10116,0.0,13.370142,6.6896687
P49088,10116,804892.0,9.285646,12.400118
A0A8I6G2I8,10116,0.0,11.492746,12.6076145
Q5BJS0,10116,759563.0,11.023044,9.840705
P70579,10116,789365.0,11.834909,12.759764
G3V6V8,10116,739415.0,8.058332,7.1910734
G3V9H8,10116,754244.0,8.878589,6.784765
Q9Z1N1,10116,1027382.0,8.12203,11.4936695
P36506,10116,0.0,13.625859,11.5467005
P10362,10116,745515.0,13.908497,3.9914615
D3ZAS9,10116,801468.0,12.308007,10.925401
A0A8I5Y1U3,10116,0.0,13.025654,9.088863
A0A0U1RRU5,10116,777991.0,12.216744,11.359955
Q8VI99,10116,0.0,8.106983,6.427628
A0A0G2KAS9,10116,0.0,13.8257065,8.914827
D3ZE85,10116,754037.0,12.499476,12.753466
A0A0G2K5V4,10116,0.0,12.158474,9.594337
P56719,10116,772658.0,5.8924084,5.7463703
Q794C0,10116,0.0,12.481395,6.0209618
D3ZWA8,10116,761058.0,12.1430235,12.136515
A0A8I6AUU9,10116,0.0,14.35582,14.606949
Q9ER34,10116,803384.0,9.3649645,12.380191
A0A0G2JTD7,10116,0.0,11.895253,10.980334
A0A8I6A416,10116,790178.0,11.976862,12.050966
P54290,10116,761036.0,8.041826,6.7234406
Q63616,10116,802858.0,11.575569,12.280421
A0A8I6A0C2,10116,0.0,12.312769,11.27215
P70500,10116,807869.0,8.330754,9.1165
F1M5K2,10116,737739.0,13.056531,10.854098
P50123,10116,793081.0,7.919873,7.4544554
Q99MA1,10116,749102.0,14.345828,8.42183
G3V7T6,10116,802420.0,11.683848,10.415093
F1M7L9,10116,737872.0,12.849869,10.196361
Q63180,10116,731783.0,8.128593,6.3892484
P45592,10116,801487.0,10.886844,12.416962
Q9JK41,10116,0.0,11.808473,12.623653
Q8K4T4,10116,0.0,12.68921,9.615506
Q6MFY8,10116,730486.0,8.731479,5.2942424
Q68G30,10116,791773.0,12.144647,11.3575735
D3ZBE2,10116,0.0,11.170849,9.901523
Q9QYW4,10116,745968.0,8.819563,5.8356433
P24135,10116,793203.0,11.086551,10.458551
A0A0G2K454,10116,0.0,12.24098,9.60973
A0A8L2QK69,10116,802153.0,9.485582,13.802812
O88873,10116,745690.0,13.285887,10.490704
Q8K4Y5,10116,756064.0,12.467111,12.74217
P21743,10116,739452.0,8.530036,5.99114
Q6PST4,10116,793340.0,10.945498,11.511042
A0A8I5ZQJ5,10116,0.0,12.382357,15.368804
O54912,10116,780016.0,8.887822,7.8234897
A0A8I6ANE3,10116,0.0,9.084403,11.045231
P56405,10116,0.0,17.214172,14.314764
Q5FVF5,10116,,13.505243,11.615775
Q923Y7,10116,736849.0,5.866772,5.7250533
F1M9B2,10116,759418.0,8.612039,6.0683126
F1LXS7,10116,758894.0,12.52015,6.0337844
P97541,10116,0.0,12.219836,10.81299
P10716,10116,729955.0,9.343266,5.7817025
Q9EPT8,10116,805789.0,8.502416,10.292296
G3V829,10116,792940.0,12.345857,11.759837
P14740,10116,803658.0,7.8489156,7.522555
F6SVZ3,10116,0.0,8.599613,5.5091696
F1LQW0,10116,805347.0,7.4377975,8.973953
Q5RJZ2,10116,,9.065713,11.544655
M0R3M4,10116,0.0,12.916857,9.00207
Q4L208,10116,,13.450558,2.06457
Q4FZS6,10116,802115.0,13.607062,6.170775
P24393,10116,746598.0,13.798152,3.77116
Q5XIT8,10116,748262.0,8.517293,8.13342
Q7TS60,10116,790275.0,12.380969,9.943622
A0A8I6AAF5,10116,0.0,12.204554,10.205603
Q08850,10116,0.0,10.374775,9.7224045
Q8VHZ8,10116,0.0,8.42454,6.1732225
F7FEU1,10116,732668.0,8.712881,5.373751
P98105,10116,0.0,8.465973,5.637616
A0A8I6AC12,10116,746651.0,12.967076,10.031661
Q8VHW5,10116,739967.0,12.511165,12.658321
A0A8I6AH35,10116,0.0,8.315174,6.8275504
P02650,10116,0.0,9.572252,5.3821793
A0A8I6ANJ2,10116,0.0,10.657913,11.955288
Q03061,10116,0.0,14.030865,8.752453
P02528,10116,736973.0,11.258336,12.541027
Q62982,10116,724096.0,8.642899,5.060162
P57097,10116,755392.0,8.301093,6.2619176
D3ZF61,10116,762001.0,12.633999,11.94156
P14646,10116,0.0,12.7077265,8.801844
P15389,10116,801852.0,11.995243,8.491267
P60889,10116,744259.0,12.911858,10.063048
A0A8I6A795,10116,0.0,12.424803,8.928975
Q8R5I7,10116,0.0,14.241971,9.05298
O89042,10116,802659.0,10.843126,9.826752
Q6P6T5,10116,752652.0,12.283752,9.481116
A0A0G2K3K6,10116,0.0,8.658392,5.069427
P33579,10116,718714.0,9.598222,5.2747674
P20720,10116,0.0,7.967457,7.3552256
P61810,10116,756099.0,12.855509,10.818999
A0A8I6GEC2,10116,0.0,12.502855,12.770227
A0A8I5ZV65,10116,782660.0,5.7575927,3.5649598
B5DEP0,10116,,8.927698,10.928301
Q9JMJ4,10116,801468.0,10.404965,11.232016
Q9Z0N9,10116,801710.0,10.584112,11.036146
Q07205,10116,802869.0,10.792686,10.177255
F1M4J0,10116,0.0,12.097955,11.261799
A0A8J8XQI9,10116,793469.0,8.008534,7.345727
Q8VHJ9,10116,,12.239341,9.978182
P28573,10116,0.0,7.41184,8.985496
Q07141,10116,0.0,14.101058,8.736459
P13234,10116,781409.0,13.460298,11.291308
A0A8I6GLX0,10116,0.0,7.3471193,9.017504
Q9Z2R7,10116,,11.829908,9.229741
Q3KR72,10116,0.0,12.359124,12.391853
Q8K1Q3,10116,746142.0,5.7537036,5.6588335
D3ZU00,10116,758873.0,13.687253,7.450632
Q9Z2T2,10116,784150.0,8.749239,8.104431
Q62784,10116,790097.0,12.203726,12.460832
F1M3F2,10116,0.0,11.435235,9.970993
Q66HA2,10116,739210.0,13.47208,10.448339
A0A8I5ZTA7,10116,0.0,8.156779,6.3655047
P12392,10116,755417.0,11.699909,13.786294
Q8R5M5,10116,0.0,10.020987,12.814186
Q5S3S9,10116,752747.0,14.326474,8.914647
A0A8I5ZU90,10116,802534.0,13.691461,5.748422
P70512,10116,0.0,12.547047,12.121321
Q5M7T7,10116,,8.538567,7.9364057
P97885,10116,726802.0,9.121551,5.979495
P81795,10116,1027407.0,13.598304,1.9078931
I6L9G6,10116,,13.276584,2.2884758
F7FLN8,10116,0.0,12.059546,9.810785
Q9JI03,10116,761331.0,14.359545,14.611186
Q10728,10116,0.0,12.972394,8.913802
G3V817,10116,802892.0,11.622345,10.922255
O70153,10116,,8.658658,5.3092213
P08733,10116,0.0,12.422643,13.935735
O35431,10116,745661.0,12.575131,12.127047
Q5FVC7,10116,0.0,11.9609785,10.35239
D4A2G6,10116,758901.0,8.66473,6.7022433
P04256,10116,0.0,12.607994,9.009858
G3V8L7,10116,739982.0,8.063851,6.744228
D4A915,10116,0.0,8.833045,8.220585
P30121,10116,759644.0,8.873871,6.322584
P0C0T2,10116,782022.0,13.019263,9.993294
P01179,10116,761567.0,8.490937,6.051745
A0A0G2K9C8,10116,0.0,12.86114,6.197388
Q9ERC5,10116,0.0,11.705036,11.084477
O88778,10116,745914.0,14.171567,8.599185
P0C6T3,10116,736730.0,13.562149,9.907007
Q66H17,10116,729024.0,13.7281885,6.7051525
A0A8I6A5T3,10116,835172.0,12.789314,10.476993
Q5XI32,10116,0.0,11.433184,12.531511
D3ZPE5,10116,0.0,11.751618,12.530782
A0A8I6AYW8,10116,0.0,6.3392954,12.192595
Q08302,10116,,18.648537,9.408016
Q9JJ54,10116,790506.0,12.94882,9.251838
Q62880,10116,0.0,12.717191,9.239267
P53817,10116,0.0,10.839449,12.200556
Q66H98,10116,750229.0,13.197591,10.138548
Q8CJB9,10116,801468.0,12.431275,11.257208
E2CWF2,10116,,13.471974,2.1359696
P35332,10116,802889.0,12.367533,13.858068
Q6PDU5,10116,729005.0,15.899592,8.253255
F1LVB0,10116,0.0,6.9557467,10.25619
E9PU71,10116,748433.0,8.806881,5.4112654
P63086,10116,0.0,14.263483,12.053769
F7EEB9,10116,0.0,13.088696,10.614353
Q9QYU5,10116,,18.771551,9.504321
P62198,10116,,9.363104,10.310058
Q9QUL0,10116,,9.5933695,5.2215624
P16970,10116,0.0,7.7285395,8.5661545
F1M0G0,10116,782660.0,5.75443,3.5622764
P49192,10116,747283.0,8.624218,5.9417133
A0A8I6AMM4,10116,0.0,11.347283,12.543648
A0A8I6A5H5,10116,0.0,12.92879,10.935832
B5DFL4,10116,,14.268413,10.43583
A0A8I5Y8T8,10116,0.0,8.223923,6.1107664
O55158,10116,793372.0,8.346365,8.502806
Q7TNZ6,10116,0.0,12.349975,11.364057
A0A8I6ACI1,10116,0.0,10.924715,12.042502
D4A7H1,10116,793317.0,7.2910233,9.251187
A0A8I5ZND4,10116,0.0,12.998157,10.036286
P08010,10116,0.0,7.931436,10.471507
P63033,10116,761561.0,12.349101,11.60851
Q9QX10,10116,793075.0,10.686296,12.5007515
Q32PX2,10116,789536.0,11.154303,9.553167
Q8R4S8,10116,732743.0,8.713248,5.591572
Q9Z2K0,10116,,12.364583,12.383833
A0A8I6A0U9,10116,,18.649172,9.437039
M0RBV9,10116,,11.50863,11.586283
A0A8I6GKS9,10116,0.0,11.45312,9.780425
P10158,10116,739215.0,13.445368,10.514279
Q63369,10116,763443.0,12.174283,9.656446
P70505,10116,731704.0,8.152551,6.4113884
A0A0G2K916,10116,746738.0,14.274673,8.527165
Q62712,10116,,8.83284,5.5056386
Q63666,10116,808156.0,10.3374605,9.51603
Q9JKT5,10116,730377.0,6.285414,5.6535444
A0A8I6AP78,10116,738915.0,14.491724,7.9353337
P25304,10116,761375.0,8.342411,6.470358
D4ADV8,10116,0.0,12.89508,11.249421
Q9WTT6,10116,801899.0,8.551997,11.851397
O08954,10116,739436.0,14.453073,8.304
P19804,10116,801842.0,12.949671,3.8102455
A0A8I5ZXW9,10116,0.0,13.208748,9.286835
Q32PX7,10116,792940.0,12.449687,11.790597
A0A8I6AFF7,10116,0.0,12.636161,11.910148
P00406,10116,1029516.0,4.2065487,14.198252
A0A8I5Y5E1,10116,0.0,12.288552,12.156985
A0A8I5ZR66,10116,754133.0,12.624654,11.414278
P70597,10116,0.0,5.798416,5.6907797
F1M950,10116,746623.0,8.398599,6.2022
P49744,10116,0.0,8.765717,6.6354885
Q62792,10116,,13.308188,6.132135
Q791F6,10116,0.0,12.06034,12.49561
Q9QWJ9,10116,746931.0,8.164275,6.533982
P18292,10116,752676.0,7.790404,5.8504734
P61149,10116,753945.0,8.725013,6.907092
P32551,10116,0.0,8.924422,11.747115
P08934,10116,0.0,9.393656,6.184439
P70549,10116,0.0,8.045963,9.121502
O88419,10116,755488.0,8.737659,7.438796
P97678,10116,736511.0,9.0791645,8.031512
G3V830,10116,734835.0,8.951325,5.414187
A0A8I6GI31,10116,0.0,12.49333,12.413415
Q9WV63,10116,778183.0,11.843398,9.181729
A0A8I6AHN7,10116,0.0,12.266418,8.467272
F1LNJ1,10116,781950.0,10.931988,9.510154
O54699,10116,802335.0,7.4373374,8.942902
B2GUX5,10116,,11.138425,12.487129
A0A0G2JVI4,10116,810879.0,11.012452,11.413383
P23562,10116,789285.0,7.6257515,8.969969
Q811A2,10116,0.0,9.385147,5.750779
Q5I2Z0,10116,0.0,12.43628,11.823393
P21677,10116,746984.0,13.74886,10.233701
A0A140UHX6,10116,0.0,12.22626,10.064821
B1H2A4,10116,,10.496324,12.695676
Q63433,10116,0.0,12.450064,12.086225
A0A8I5ZN64,10116,0.0,13.364127,2.177487
P08503,10116,0.0,8.107954,12.697916
Q9Z182,10116,,8.829211,8.145466
Q5XIL8,10116,804831.0,11.140712,11.431099
A0A8I6A7D4,10116,0.0,8.733192,5.449368
P38656,10116,802901.0,10.97613,10.321297
D3ZKT0,10116,803051.0,11.184201,11.245645
P11250,10116,801520.0,13.719247,5.5923905
A0A8I6AMN9,10116,0.0,13.96558,7.9168673
D3ZRD9,10116,0.0,14.336265,9.69315
Q9GJD9,10116,0.0,8.762071,5.234124
A0A8I6ABD6,10116,0.0,7.61461,2.659818
A0JPN7,10116,0.0,11.302305,12.225853
F7F3J5,10116,0.0,12.676818,10.636001
Q80U96,10116,0.0,13.340459,2.2017627
A0A8I5ZY93,10116,0.0,14.354494,14.607131
P42533,10116,754103.0,8.757179,5.453077
Q4QR83,10116,745651.0,9.064103,7.8991895
P35704,10116,1028804.0,8.26864,12.355899
A0A8I5Y224,10116,748873.0,8.073642,6.3924284
Q6J1Y9,10116,0.0,13.216902,9.750546
D4A433,10116,747159.0,14.459272,9.1721945
F1M9C5,10116,754082.0,14.1525345,7.636034
A0A8I6G3S6,10116,0.0,13.644013,8.526662
Q64194,10116,802977.0,7.9698954,7.398379
A0A8I5ZZK7,10116,0.0,12.72068,10.063595
R4UB37,10116,,13.277848,2.2807662
P13596,10116,0.0,12.567254,12.825938
Q07969,10116,0.0,8.293243,7.5963554
C9WPN3,10116,835172.0,12.460835,10.771985
Q9JLT6,10116,0.0,12.432714,10.070422
P19222,10116,803069.0,7.7844906,7.402582
A0A8I6A5P5,10116,0.0,13.348476,10.313973
A0A8I5ZQU7,10116,779881.0,11.688443,12.326962
A0A096MJT2,10116,0.0,12.206249,10.097917
D3Z8P6,10116,0.0,7.527518,8.944256
A0A8I6ARH6,10116,0.0,12.290186,12.756876
D3ZIG6,10116,0.0,12.316574,6.3781075
Q9QZU7,10116,1033136.0,9.640446,11.465138
Q9QWE9,10116,746182.0,8.042426,6.7725053
D3ZTE0,10116,0.0,8.015684,5.903791
Q9Z214,10116,794922.0,12.183138,8.972235
P68255,10116,802070.0,8.513519,2.0858827
Q9JI66,10116,793956.0,7.7150517,9.074705
O35770,10116,,13.0703335,9.480124
P27768,10116,831492.0,11.776321,12.313289
Q91XT9,10116,803723.0,7.9478364,7.6331673
A0A8I6AJG4,10116,0.0,9.331443,10.371746
P18090,10116,746749.0,6.0987334,5.916919
Q9ESE2,10116,737068.0,8.824807,6.165041
Q9Z0N7,10116,781476.0,12.950772,9.198978
A0A096MJ01,10116,781553.0,13.2939825,9.156007
A0A8I6A623,10116,0.0,12.663944,8.572628
Q63618,10116,0.0,12.692245,9.921284
A0A0G2K7X6,10116,802915.0,9.915459,10.8905115
Q03348,10116,831891.0,11.3937025,10.47145
F7EXG8,10116,0.0,11.641448,11.358049
B7ZDJ4,10116,670497.0,18.619726,9.363155
A0A8I6GLU8,10116,789197.0,12.3577175,11.82202
Q01984,10116,756247.0,11.359561,10.071472
A0A8I5YCG7,10116,0.0,8.246062,6.134607
A0A8I6GLL6,10116,0.0,8.818534,6.926803
D4AE26,10116,738592.0,12.625569,11.693932
F7FL00,10116,736692.0,8.705567,5.849801
F7ETC0,10116,,8.086693,6.690558
A0A0G2K0D3,10116,748247.0,12.624652,11.792116
P40190,10116,0.0,8.6053295,5.4533954
P22829,10116,738097.0,13.882292,10.243863
Q6REY9,10116,746745.0,13.753983,9.587276
Q6YAT4,10116,784846.0,11.946596,11.493174
A0A8I5ZW83,10116,746031.0,14.624031,8.899707
P47728,10116,778029.0,11.63288,12.759055
G3V6C0,10116,737811.0,8.673778,5.2465825
Q9WVK3,10116,792933.0,7.8249097,11.978027
A0A8I6GCP7,10116,0.0,14.284263,9.54017
F1LSC3,10116,801468.0,12.568231,11.977488
D4A1B8,10116,0.0,13.049974,6.698265
B4F7B6,10116,,12.536884,11.9711075
A0A8I6ACG1,10116,0.0,14.569706,8.4232235
Q8R553,10116,0.0,8.212555,6.5040073
Q5XIG9,10116,,9.291061,8.949582
P63095,10116,807520.0,10.688868,14.491052
F1LW91,10116,747065.0,12.81814,9.63887
G3V7L1,10116,0.0,12.078498,9.903627
P18297,10116,803718.0,9.908156,11.57542
Q9EST6,10116,0.0,12.518062,11.244824
Q9R0T4,10116,747193.0,11.538286,15.144374
A0A8I5ZXF9,10116,0.0,12.208801,11.896431
Q5RKH6,10116,762274.0,9.608819,6.1504292
P05506,10116,813597.0,4.173004,14.190429
P52191,10116,,11.177672,11.242129
P47197,10116,792940.0,10.434217,2.8742325
P11951,10116,760369.0,9.3878355,9.11195
E9PU28,10116,1027312.0,7.5939193,11.966323
P05710,10116,736580.0,8.952067,5.4038033
P24483,10116,0.0,9.6611395,9.431671
P52303,10116,793045.0,11.321393,11.882707
Q62711,10116,803363.0,10.937124,10.88456
P50298,10116,0.0,8.827207,10.921681
P24155,10116,1030484.0,10.525839,11.917575
Q8K1M5,10116,,14.470365,9.422884
P62997,10116,0.0,12.483587,8.899501
Q5M860,10116,,10.657962,11.615923
A0A8I5ZTT7,10116,0.0,11.450319,12.700157
Q05754,10116,761325.0,8.309226,6.823352
Q8K1M8,10116,756085.0,13.425474,6.865046
Q91Z80,10116,0.0,13.088866,10.65124
Q00918,10116,0.0,8.803376,6.3026376
A0A8I6AL99,10116,0.0,11.633638,10.269242
O70277,10116,803479.0,12.448366,12.326036
F7END1,10116,0.0,13.751471,6.1477466
P62425,10116,0.0,9.559946,13.287005
Q63081,10116,0.0,9.476161,10.83579
Q6P685,10116,,11.034726,10.223358
F1LM93,10116,793013.0,13.219618,11.554758
A0A0G2K6F4,10116,0.0,8.61833,7.036708
D3ZSC8,10116,0.0,11.986455,9.456159
F1LQ70,10116,1033999.0,11.219357,11.435984
Q63065,10116,804277.0,9.373804,10.242336
Q9R154,10116,793209.0,7.0531564,9.290659
A0A8I6AAG4,10116,0.0,14.381772,9.629847
A0A8I6A4C7,10116,0.0,12.75173,11.187535
D4A0Z7,10116,763359.0,12.504057,12.795089
Q9QZ86,10116,801712.0,10.031277,8.769808
Q8BFS3,10116,732403.0,13.792604,3.784555
P57790,10116,801468.0,10.438048,2.8849335
F1M9N4,10116,756204.0,13.012148,10.060821
Q12057,559292,402995.0,12.270802,7.726366
P04161,559292,813532.0,8.357783,12.07244
P18496,559292,478509.0,9.635833,9.100654
P36100,559292,793472.0,11.5502,8.388983
P53982,559292,1028488.0,7.6455774,11.417078
P25336,559292,801472.0,9.174766,10.204886
Q05498,559292,801772.0,10.243169,11.023675
P47001,559292,403459.0,6.8330197,7.3041453
P32357,559292,405097.0,10.555874,8.263669
P47046,559292,403576.0,12.328642,7.0739512
Q92328,559292,477466.0,10.072588,9.008157
P05316,559292,814215.0,7.25323,8.961516
P36136,559292,831192.0,9.710409,8.736174
Q03913,559292,403038.0,18.753159,9.483252
Q04638,559292,477914.0,10.376636,9.103803
P43634,559292,405139.0,11.484211,7.0682487
P10614,559292,793104.0,7.9838657,10.618241
Q12340,559292,403235.0,11.458139,7.076939
P33767,559292,803200.0,9.592109,9.544106
P32570,559292,403766.0,11.089865,8.163785
Q05777,559292,404120.0,6.7176557,7.1993647
P36059,559292,804998.0,8.592335,11.313226
P29056,559292,477536.0,11.31375,8.86139
P52919,559292,403863.0,13.011143,7.0259
P38911,559292,403444.0,11.504923,8.7897215
P25332,559292,801592.0,8.573424,11.347718
P17649,559292,807529.0,8.431711,12.132207
Q12142,559292,403491.0,11.377981,7.6499653
P38196,559292,814215.0,7.194162,8.937018
Q12010,559292,803215.0,7.968531,8.969087
P35723,559292,405653.0,9.582596,8.799607
P38232,559292,403033.0,13.449999,6.507445
P40045,559292,403768.0,10.52031,8.23029
P22217,559292,793020.0,8.313634,12.509003
P40561,559292,812881.0,12.005162,7.9262753
P21264,559292,808171.0,8.195933,12.19596
P32599,559292,801779.0,10.428751,11.183674
Q12466,559292,405711.0,9.876657,9.252745
Q12212,559292,404272.0,10.256922,7.908392
Q12514,559292,802269.0,11.613016,7.6609545
P38688,559292,801843.0,10.493039,8.276269
P53734,559292,404705.0,10.717034,8.428738
Q03652,559292,405160.0,10.291463,8.765237
P52917,559292,802134.0,9.568394,10.455697
P38915,559292,478750.0,10.534739,10.245005
P32874,559292,802398.0,9.367711,9.425712
P05030,559292,1027976.0,7.67273,9.448057
P38127,559292,792958.0,4.94199,9.183221
P32559,559292,1033117.0,8.668338,10.750094
Q08457,559292,403350.0,10.911237,7.895121
Q02629,559292,801468.0,12.525745,8.519348
Q05788,559292,802334.0,8.153678,11.2325945
P39714,559292,479189.0,8.428443,12.33748
P38156,559292,477033.0,6.92042,8.924373
P25654,559292,806088.0,9.937048,9.018927
Q08673,559292,403265.0,6.6344914,7.106006
P19263,559292,403337.0,10.935211,7.7696486
P38695,559292,793066.0,6.6239257,8.937285
P32897,559292,806010.0,9.168484,8.977096
Q08281,559292,801884.0,11.569054,7.430822
Q03220,559292,402946.0,10.820919,8.145716
P39875,559292,403411.0,11.11583,8.913674
Q3E827,559292,403874.0,12.988233,7.2953405
P12754,559292,802837.0,10.896454,7.912983
Q04409,559292,805279.0,8.744313,10.999916
P23292,559292,404957.0,13.917111,11.484682
P46655,559292,803138.0,8.037214,11.273556
Q12297,559292,403533.0,11.562044,7.5030656
P36118,559292,403976.0,12.204425,7.477133
P38330,559292,405587.0,11.241149,7.4441686
P22133,559292,801922.0,8.540472,10.788074
Q03937,559292,402825.0,13.627448,6.356074
Q03195,559292,1027405.0,9.657925,12.649809
Q04740,559292,813603.0,10.109378,8.933838
P16661,559292,1033134.0,8.651544,10.57806
P25808,559292,792989.0,10.183911,9.93951
P39955,559292,403346.0,11.910443,7.6031165
P28239,559292,803046.0,9.458893,9.343329
P36054,559292,403618.0,11.323265,8.123296
P32909,559292,478548.0,12.116225,7.666659
Q07551,559292,1027831.0,8.072888,11.886503
Q04489,559292,801517.0,8.657764,10.595404
Q12488,559292,802361.0,10.299524,9.984535
P40505,559292,405080.0,11.679618,7.7951307
P03069,559292,403765.0,11.869012,7.2848663
P49723,559292,802572.0,8.558778,12.72041
P53943,559292,404994.0,6.9389195,8.866965
Q06078,559292,802778.0,10.10225,10.283963
Q06563,559292,802457.0,9.178688,9.047084
P23724,559292,802458.0,3.1952055,9.449506
P23643,559292,403329.0,10.790891,7.861393
P53241,559292,405410.0,6.9591327,8.931417
P32561,559292,802064.0,9.108317,10.960283
P28240,559292,1028864.0,7.963873,11.255227
Q12043,559292,403353.0,10.313669,8.49272
P30902,559292,794189.0,9.636211,8.958026
Q08645,559292,803629.0,8.862706,10.418236
Q05518,559292,403503.0,12.427058,7.6689215
P89113,559292,404322.0,6.968837,7.4508867
P01119,559292,803761.0,13.733869,11.288472
Q03233,559292,403604.0,13.5221815,6.1410193
Q12365,559292,403981.0,12.84282,7.2249627
P32622,559292,405256.0,10.4602585,9.170599
P25646,559292,404706.0,10.463003,8.4944725
P0C0W9,559292,1027271.0,9.585138,13.463292
P38857,559292,805867.0,9.215768,9.035516
P33418,559292,802272.0,10.51433,8.226595
P53122,559292,404128.0,13.223601,5.573451
Q3E824,559292,0.0,9.717779,8.633772
P47129,559292,404333.0,12.023529,7.236278
P50089,559292,403227.0,12.066418,7.4034247
Q06505,559292,804821.0,11.471681,8.278269
P0CX91,559292,0.0,13.575949,5.918079
P43590,559292,802320.0,8.707524,10.7486105
P40006,559292,404926.0,9.610042,8.4864435
P46993,559292,403477.0,12.320831,6.836915
O13535,559292,,2.6173499,10.228595
Q12330,559292,801809.0,9.27041,11.833752
P56628,559292,804747.0,9.650383,10.371278
P38750,559292,403505.0,8.509544,8.817991
P38113,559292,801597.0,8.521954,12.638151
P00163,559292,813592.0,4.104385,14.366676
Q02884,559292,806053.0,10.714314,8.77265
P31385,559292,404364.0,11.666932,7.942867
P40537,559292,404093.0,12.007081,7.2050695
Q3E6R4,559292,406037.0,6.8406835,7.427285
Q06596,559292,404269.0,11.840206,7.4480762
P38287,559292,,9.296254,7.817116
P53394,559292,793209.0,7.9657664,8.899934
P53074,559292,403055.0,13.411776,5.954582
Q07844,559292,801631.0,9.497201,10.248592
Q04439,559292,801816.0,11.083892,11.742769
P18562,559292,801566.0,9.319736,12.561305
Q99271,559292,,8.535504,8.842644
Q02774,559292,797915.0,9.082728,8.882183
P25579,559292,402817.0,12.600016,6.993671
Q03835,559292,802110.0,9.411551,10.890102
P40453,559292,405392.0,11.267829,7.661807
Q08967,559292,404671.0,8.505489,8.787429
P39968,559292,794714.0,11.379983,11.06498
Q06146,559292,404143.0,12.667374,6.9699
Q00816,559292,404683.0,12.628745,6.907486
P36166,559292,403515.0,12.218203,7.2632866
P38158,559292,1028014.0,7.749268,12.070502
P0CX08,559292,,7.763212,12.265205
P38690,559292,804670.0,7.464853,11.449901
P32610,559292,1027411.0,10.222169,10.223762
P53296,559292,405975.0,10.544619,8.194912
P25608,559292,405454.0,8.362756,11.508968
Q99316,559292,403952.0,10.209105,7.941571
Q06631,559292,801863.0,11.66062,8.199417
P36521,559292,404743.0,9.701701,9.319931
P18544,559292,1027421.0,8.349195,12.309415
P33308,559292,403844.0,11.930645,7.3428493
P48581,559292,405003.0,10.671228,8.358937
P40970,559292,802012.0,8.559374,11.68609
P32841,559292,404046.0,13.259527,6.755968
P23501,559292,484531.0,8.319875,9.107262
P41921,559292,802214.0,8.46511,12.218156
P52488,559292,802678.0,8.754645,10.612083
P16140,559292,1027410.0,7.2582316,11.602044
P15179,559292,802782.0,8.5246315,11.012734
P53146,559292,403608.0,11.232989,8.178864
P32381,559292,802118.0,-0.20898075,13.508488
P38082,559292,,13.418038,6.711203
P05738,559292,1027273.0,8.89488,13.308004
P04819,559292,1027539.0,10.043809,10.887511
P40529,559292,405032.0,12.049626,7.882481
P47019,559292,406172.0,12.507579,7.388662
P53178,559292,405170.0,8.59323,10.771488
P53733,559292,805738.0,13.253281,6.2991157
P40003,559292,403764.0,13.523617,6.24646
P17076,559292,801681.0,9.518367,13.2786875
Q12490,559292,,2.6194777,10.228258
P38090,559292,480692.0,7.0871816,8.955756
P14741,559292,801536.0,8.6333,11.174562
P06779,559292,793173.0,10.496147,8.550815
Q02969,559292,405676.0,11.28053,7.865054
Q99258,559292,1027435.0,7.326387,11.517876
P32457,559292,793108.0,10.497268,8.270809
P47034,559292,0.0,18.702291,9.419527
P46683,559292,793737.0,10.357589,8.96227
P40858,559292,402911.0,9.744094,9.281422
P40562,559292,404773.0,10.999575,9.156541
Q02205,559292,403732.0,12.301062,7.441672
P25659,559292,402811.0,11.95552,8.137178
P36519,559292,482084.0,9.95273,9.1830435
P38281,559292,477545.0,9.420512,9.622532
P34252,559292,405545.0,12.222617,7.2646375
P32465,559292,793066.0,6.6070166,8.932216
P32449,559292,1033261.0,8.9723625,12.558368
P52870,559292,477480.0,12.489622,7.0474195
P40064,559292,803154.0,10.520556,8.303036
P22146,559292,482175.0,6.9570265,7.6600347
P25656,559292,802221.0,8.437558,7.7730436
P53173,559292,801960.0,8.560267,9.015593
Q02100,559292,403600.0,11.9971895,6.827002
P30620,559292,404821.0,10.249991,8.811797
P38335,559292,405327.0,12.196078,7.330976
Q07987,559292,403265.0,6.8964367,7.383864
P18899,559292,403334.0,12.459226,8.849869
P43598,559292,403824.0,13.400827,7.386426
P38971,559292,802603.0,7.016299,8.9425
P36029,559292,802603.0,7.4701805,8.909066
P47164,559292,818729.0,9.0092,10.079961
P09368,559292,404656.0,8.906553,10.073665
Q03957,559292,801468.0,13.785817,11.219707
P40965,559292,801472.0,9.381151,10.090687
Q07794,559292,405522.0,13.489437,5.8125834
Q06672,559292,808382.0,11.102035,8.420243
P04803,559292,1033118.0,8.476635,11.200687
P38929,559292,801514.0,7.883828,9.218596
Q8TGS5,559292,0.0,18.749443,9.482871
P53751,559292,402978.0,9.789633,7.90445
P11747,559292,404817.0,11.642379,8.669893
P32432,559292,403440.0,11.877352,6.721625
P47130,559292,804953.0,10.327591,9.437588
P33299,559292,802378.0,9.448623,10.255061
Q02201,559292,793414.0,9.794553,9.150878
P29295,559292,403524.0,13.982129,11.541426
P53746,559292,484500.0,8.362665,9.166568
P24583,559292,801468.0,11.985614,10.278884
P38336,559292,403577.0,10.969514,7.828301
Q08422,559292,404209.0,11.743997,7.8386116
P36025,559292,403000.0,13.450495,5.7005544
P05747,559292,805271.0,13.682901,5.5359635
P26263,559292,802609.0,8.610129,12.172149
Q06675,559292,403839.0,11.131211,7.8160777
P40583,559292,404613.0,7.4201984,7.7174025
P14742,559292,1027254.0,8.243593,11.629004
P40528,559292,405036.0,8.749134,8.748103
P38747,559292,803483.0,10.099033,9.629847
P53242,559292,405233.0,10.840275,8.1188135
P23293,559292,403424.0,13.884465,11.224631
P47026,559292,803525.0,8.263966,9.050934
P46997,559292,403478.0,12.630796,6.963724
P53079,559292,404166.0,11.296527,7.4312773
P61830,559292,,-0.006747205,14.9513235
Q06485,559292,403805.0,10.731786,8.218204
Q06091,559292,404359.0,13.310467,6.1811576
Q00873,559292,478741.0,9.603737,9.619058
Q3E7B2,559292,404591.0,9.348163,8.746213
P34239,559292,403457.0,11.570261,7.4958553
P53197,559292,801468.0,10.721978,10.907947
P22434,559292,478930.0,8.899503,10.230767
P32790,559292,482078.0,12.469925,8.686694
A0A023PZB3,559292,0.0,13.549509,6.1257377
Q06671,559292,403442.0,11.648369,7.502639
P36163,559292,802142.0,9.016187,10.425333
P34248,559292,405937.0,10.8822365,7.9544907
Q03557,559292,1027258.0,8.542325,11.230673
P38992,559292,478551.0,8.301058,9.275
P53897,559292,402964.0,12.0583935,8.039332
Q12132,559292,477431.0,12.167471,6.8180714
Q07799,559292,403674.0,10.867193,7.8435764
P38887,559292,807572.0,9.067144,7.9913683
P38111,559292,794372.0,10.616745,8.193299
P12685,559292,404686.0,8.433257,8.8288965
Q12059,559292,804601.0,10.21648,9.042295
P36106,559292,403730.0,11.340743,8.121392
P32452,559292,1029763.0,8.757684,10.889477
Q03707,559292,831967.0,11.506927,7.6710725
P38961,559292,478491.0,10.887619,9.377297
P39723,559292,406219.0,11.830392,7.4713917
P31111,559292,403621.0,12.018572,7.777636
P43600,559292,402871.0,13.330304,6.009306
Q05863,559292,404630.0,10.169136,9.154942
P13517,559292,819237.0,9.802675,9.382893
P22353,559292,403469.0,10.113848,9.115275
P00856,559292,0.0,8.092903,8.789967
P50088,559292,404330.0,12.85978,6.135598
P46992,559292,1034848.0,6.995642,7.6512723
P47030,559292,402913.0,12.153368,7.502403
Q08199,559292,404972.0,10.50592,7.907326
P20134,559292,404033.0,12.028544,6.8320875
P19262,559292,802718.0,9.127621,12.907502
P53158,559292,403884.0,11.514508,7.636939
P07284,559292,1027289.0,8.162526,11.826508
Q12220,559292,802158.0,10.188559,10.426813
Q12008,559292,801815.0,8.964931,10.155981
P24004,559292,403626.0,9.7563095,9.909383
P53882,559292,403334.0,6.63016,7.074937
P40026,559292,403852.0,11.909934,7.2451916
Q08229,559292,403759.0,12.154523,7.333865
P46996,559292,793658.0,7.9921236,8.855282
P14359,559292,404037.0,11.939371,7.9570312
Q08032,559292,805162.0,10.272363,8.544807
P39991,559292,404365.0,11.668598,7.3084393
Q06506,559292,801468.0,10.303625,10.202944
Q12347,559292,831951.0,9.815003,9.263154
P32380,559292,404700.0,12.046921,7.6839337
Q12331,559292,404274.0,10.503469,7.9551525
P0CX50,559292,,9.51411,13.717134
P38262,559292,801468.0,10.419966,8.860833
P19516,559292,405252.0,10.047579,8.952323
P25354,559292,404040.0,11.775442,7.277117
P48526,559292,802517.0,8.383071,11.122048
P38927,559292,403566.0,10.816401,8.000767
P48353,559292,405137.0,11.746076,9.133067
P21243,559292,805190.0,3.19155,9.447671
P28321,559292,801607.0,8.637848,10.304134
Q04347,559292,405317.0,11.817956,7.9106164
Q04411,559292,406810.0,11.486434,7.084986
Q12139,559292,404803.0,11.466377,7.067211
P38292,559292,403248.0,10.839003,7.779533
Q08651,559292,792933.0,8.497725,10.788155
P39961,559292,404321.0,11.543218,7.1651187
Q02821,559292,801710.0,10.574652,10.933441
Q06143,559292,792958.0,4.9088893,9.1870775
Q02775,559292,405243.0,12.048606,7.9341016
P32500,559292,404987.0,10.837355,8.312463
P38329,559292,478699.0,7.99874,9.014073
Q01217,559292,1034227.0,9.861591,12.584681
P21192,559292,403642.0,12.0818815,6.9300604
P43619,559292,1027396.0,8.769725,12.347151
P22936,559292,1027794.0,8.670576,11.318633
Q08920,559292,404963.0,12.263806,8.660839
Q6Q595,559292,,10.299409,9.414565
P40530,559292,804277.0,9.342283,9.871154
Q04004,559292,804019.0,9.935253,9.72835
P25594,559292,,6.8860254,8.84765
Q04067,559292,804641.0,10.627789,9.371453
P32474,559292,802127.0,9.422406,10.722231
P10869,559292,804902.0,8.736095,11.418771
P46671,559292,403613.0,11.881455,7.33921
P22696,559292,802531.0,9.5344925,10.826318
P40098,559292,405269.0,9.669962,9.11627
P43603,559292,793532.0,9.801264,9.48042
P0CY11,559292,0.0,11.643296,7.702074
P00360,559292,1027400.0,7.767754,12.237501
Q08490,559292,406975.0,12.195505,7.0717077
P40574,559292,403861.0,11.786811,7.6113977
Q03723,559292,405642.0,9.466394,8.835415
Q02883,559292,404689.0,8.950649,10.03295
P32617,559292,477460.0,11.188742,8.333433
P39932,559292,793066.0,6.60025,8.93219
P34756,559292,803719.0,11.567244,7.5497117
P43611,559292,404329.0,10.925656,7.789215
Q6B0V8,559292,0.0,18.771683,9.50916
Q99189,559292,802151.0,10.446853,8.5358925
P40096,559292,403898.0,11.818173,8.775788
Q12164,559292,482082.0,9.292515,8.9260025
Q07350,559292,802410.0,13.485765,6.1274548
P47113,559292,403376.0,12.135544,7.3412113
P22515,559292,801647.0,8.516422,11.853921
P40043,559292,405755.0,13.399099,5.7757864
P04051,559292,801625.0,7.245992,11.092581
Q05902,559292,802733.0,8.882413,10.193062
P10127,559292,802862.0,8.192672,12.640286
Q08817,559292,405039.0,11.407002,7.756887
Q06466,559292,483866.0,9.36234,8.267803
P49954,559292,801550.0,8.278906,12.096173
P47185,559292,793066.0,6.6186886,8.937495
P08679,559292,802312.0,7.395556,10.928346
Q12255,559292,403638.0,10.278008,9.061684
Q12458,559292,1027831.0,8.171102,11.847437
Q08226,559292,403753.0,11.852388,7.226503
Q12486,559292,815618.0,8.653758,11.206007
P38844,559292,403334.0,6.6344256,7.1021776
Q99373,559292,403744.0,12.908405,6.556413
Q2V2Q1,559292,403813.0,12.406595,8.168755
P32904,559292,804552.0,8.847679,13.21836
Q03868,559292,406061.0,11.295249,7.7439175
Q07793,559292,,2.6161814,10.22842
P32501,559292,802175.0,9.9265585,9.708954
P21672,559292,802571.0,7.4428463,11.183907
Q05636,559292,792964.0,8.732722,12.759388
P39702,559292,803706.0,10.419346,8.445858
Q12143,559292,405300.0,11.222187,8.099793
P38794,559292,403399.0,10.79062,8.194963
P38880,559292,831945.0,9.844424,8.915817
Q12254,559292,403265.0,6.676649,7.152785
P42945,559292,803466.0,10.545459,8.264323
P50273,559292,403501.0,11.181347,7.4408937
P32892,559292,801468.0,11.248698,8.965658
P41833,559292,404052.0,10.996993,8.223586
P36112,559292,484586.0,10.2334385,8.217565
P00420,559292,813650.0,4.128224,14.366124
Q00618,559292,803344.0,9.869416,10.103436
P25333,559292,404713.0,12.457314,8.4215975
P36103,559292,404378.0,13.013843,6.965978
P40018,559292,403564.0,11.670453,8.148895
Q05874,559292,801870.0,8.631152,11.154313
P33297,559292,802193.0,9.382618,10.234155
P46948,559292,1027282.0,8.763165,12.743725
P07560,559292,801484.0,16.177765,13.571478
P37012,559292,802128.0,8.503826,12.216181
P00815,559292,1036150.0,8.443941,11.888753
Q08951,559292,803324.0,10.568761,8.457594
Q06213,559292,816293.0,11.078683,8.288688
P32799,559292,830826.0,9.444796,8.929004
P32609,559292,477509.0,11.120009,7.7840133
P19736,559292,807604.0,11.148684,8.421391
Q06510,559292,477948.0,9.453181,9.1881
P22289,559292,482097.0,9.319665,8.983684
P19211,559292,804453.0,9.789826,10.918884
P39931,559292,831284.0,10.025284,8.552445
P53857,559292,402968.0,11.5709505,7.4679527
Q06835,559292,805056.0,9.963445,9.582729
P0CX99,559292,,18.692093,9.426115
P47175,559292,402907.0,10.942458,8.194375
P40028,559292,403537.0,11.403024,7.841597
P11927,559292,404193.0,12.579935,6.9246216
P46969,559292,1027393.0,7.954254,12.524261
Q03088,559292,406971.0,11.461101,7.373199
P23624,559292,402898.0,13.420969,6.723314
P10662,559292,404695.0,10.077534,8.702889
P33306,559292,403899.0,12.289642,6.973115
P20133,559292,802210.0,8.611713,11.1889
Q05899,559292,402945.0,13.269748,5.9925942
Q06630,559292,404916.0,13.6073475,5.797708
P53049,559292,792942.0,7.7491875,8.6436825
Q12129,559292,405932.0,10.592669,8.316717
P53885,559292,402976.0,12.541719,7.594555
Q06089,559292,827692.0,9.076471,9.077392
P53297,559292,405359.0,12.347722,8.115646
Q05911,559292,1027256.0,9.329754,12.563046
Q01852,559292,803531.0,9.708496,9.014134
P87108,559292,404776.0,10.010039,9.877408
Q3E841,559292,,11.578297,7.655467
P14284,559292,803451.0,10.137668,8.88404
Q12280,559292,793040.0,10.784387,8.072712
Q12361,559292,403326.0,11.559064,7.5054183
P47125,559292,1029627.0,9.27883,9.622235
Q07534,559292,801800.0,4.9806733,9.120673
Q04792,559292,1028266.0,8.41663,11.416677
P09457,559292,802530.0,8.885448,11.943987
P06106,559292,802203.0,8.303529,12.49975
P17695,559292,804677.0,9.325874,10.902891
P38089,559292,801468.0,10.182587,8.707825
Q05635,559292,403619.0,10.953519,7.950435
Q12193,559292,0.0,2.61769,10.228177
Q12753,559292,403984.0,12.233133,6.86197
P38986,559292,1029409.0,7.9773536,11.573665
P38875,559292,803137.0,9.680681,8.365948
P39718,559292,402794.0,12.657854,6.7354517
P0CY08,559292,,11.502639,7.757811
P43545,559292,1027431.0,7.200127,11.478127
P40054,559292,802596.0,9.226361,12.439652
P47018,559292,478528.0,11.659303,7.7022142
Q12462,559292,793449.0,9.214667,9.1051655
Q12159,559292,,12.235461,8.557393
P32914,559292,801510.0,10.13801,8.873112
P25573,559292,,12.940775,6.461703
P40693,559292,802461.0,9.506265,13.747047
Q12342,559292,403092.0,10.627038,8.254715
P39936,559292,404725.0,12.180291,8.137631
Q04623,559292,405919.0,9.948333,8.567204
P47015,559292,405756.0,11.226531,8.112102
P31384,559292,801936.0,10.7693615,7.6771636
P40897,559292,828351.0,7.392973,8.984278
P47171,559292,405244.0,10.92222,7.947603
Q04839,559292,403738.0,12.287085,7.2185845
Q3E752,559292,404119.0,13.483608,7.4485245
P36125,559292,803140.0,8.207412,8.877902
P02829,559292,1027825.0,9.719985,8.392168
P17891,559292,477546.0,11.529041,8.323244
Q12355,559292,484566.0,6.9789596,7.4997582
P09547,559292,405257.0,11.473307,6.998088
P38894,559292,402915.0,11.201418,5.1899314
Q12446,559292,792940.0,12.619806,8.548246
Q12242,559292,405263.0,10.990083,8.03341
P25655,559292,802107.0,10.576431,8.349778
P53164,559292,478724.0,8.74525,10.430291
P36047,559292,403066.0,10.425535,9.100946
P38283,559292,403725.0,12.521644,7.024489
P20606,559292,1027819.0,1.846051,12.547553
P18634,559292,403807.0,11.201962,7.781285
Q12030,559292,479303.0,11.776969,8.668294
P35189,559292,831964.0,10.5522585,10.350483
P34758,559292,404900.0,11.971432,7.2794127
Q12247,559292,404950.0,11.622322,8.376165
Q3E834,559292,802880.0,5.2627788,13.578867
P08417,559292,1027840.0,7.6570735,11.706733
P35202,559292,804891.0,8.858895,10.195538
P49957,559292,802299.0,8.919893,10.344165
P40212,559292,802084.0,13.545745,5.702268
P53427,559292,,6.882847,7.3388243
P50874,559292,803002.0,10.368207,8.521871
P41697,559292,831994.0,11.426035,8.302998
Q04598,559292,794445.0,10.024571,9.086238
Q06410,559292,405267.0,11.14567,7.947337
Q03612,559292,,2.616433,10.229787
P53142,559292,793066.0,7.0986934,8.777401
P32768,559292,403334.0,11.242249,5.1553903
P04802,559292,1027318.0,8.443166,11.661035
P25642,559292,403926.0,9.827779,9.178519
P32912,559292,831944.0,10.293982,9.5199995
Q06409,559292,404703.0,10.915601,7.974717
Q03434,559292,,2.6157885,10.228346
P32333,559292,803301.0,10.7898855,8.816121
P53632,559292,405091.0,11.295737,8.278807
P42951,559292,406829.0,11.9023075,7.1876116
Q04952,559292,406938.0,9.152934,8.344464
Q3E750,559292,0.0,18.760977,9.492448
P37370,559292,403334.0,12.579255,8.416583
P33203,559292,801468.0,10.959154,8.456987
P34164,559292,817991.0,11.83266,7.896294
P54964,559292,1028536.0,9.271524,10.852488
P22135,559292,1033216.0,9.85914,8.816653
Q388I9,185431,66737.0,10.196873,9.069812
Q385H8,185431,,13.763753,6.3737307
Q57VZ6,185431,67398.0,10.968544,8.887989
Q38B51,185431,64595.0,12.834984,7.172261
Q381U5,185431,,10.525974,9.224009
Q38BJ7,185431,0.0,14.097675,6.639144
Q57U86,185431,1027591.0,7.447173,11.4225645
Q380Y7,185431,,10.963976,9.145936
Q383Q7,185431,,12.593356,6.4374833
Q38CC9,185431,64695.0,14.036446,6.775289
Q584Q1,185431,65787.0,12.696857,8.839957
Q387Z2,185431,58026.0,14.183985,6.700945
Q57XD3,185431,64380.0,13.437527,5.758135
Q381B5,185431,,12.906319,6.0420527
Q38DT0,185431,65111.0,13.741196,5.9025035
Q57UT1,185431,67593.0,13.016836,6.3371215
Q57W91,185431,58595.0,13.43024,7.1911774
Q57XG4,185431,66883.0,11.026265,9.226934
Q587E6,185431,801644.0,10.7796545,9.112311
Q586J9,185431,801904.0,11.0486355,8.970277
Q38FB1,185431,58175.0,13.348678,7.1674476
D6XD86,185431,802011.0,10.673209,9.391451
Q387Z5,185431,58025.0,12.944826,7.162447
Q38BW6,185431,64433.0,14.005454,6.723237
Q584M7,185431,58077.0,11.359642,8.482459
Q582S0,185431,802195.0,8.628277,9.848614
Q582G0,185431,818312.0,13.956488,6.8202176
Q381B1,185431,,13.186007,6.3296256
Q38C27,185431,0.0,18.750797,9.484215
Q382X0,185431,,10.748229,9.181125
Q38AA4,185431,0.0,13.9771805,6.561524
Q57W87,185431,803421.0,10.880401,9.114659
Q580M5,185431,0.0,18.67895,9.423514
Q586K9,185431,64891.0,13.517507,6.9738855
Q382D0,185431,,10.925447,8.925335
Q57VR9,185431,67122.0,14.067031,6.729222
Q384L4,185431,,12.266251,8.034053
Q57VI8,185431,1027819.0,1.843786,12.547672
Q385B1,185431,,14.372147,6.53752
Q4GZ82,185431,67018.0,10.848742,8.980315
Q583F0,185431,1027306.0,8.246216,12.238005
Q57WT5,185431,59235.0,14.403358,6.5119143
Q57WN8,185431,803852.0,13.230482,7.3533397
Q57Y00,185431,64944.0,10.82544,8.940557
Q38AA1,185431,66147.0,11.008086,8.784993
Q389H2,185431,65339.0,14.273871,6.617679
Q57VZ7,185431,66651.0,13.347112,6.127589
Q386B4,185431,,14.233523,6.597886
Q38AA9,185431,65620.0,10.774873,9.04324
Q38EU9,185431,802593.0,8.539473,12.175457
Q38AL3,185431,58516.0,12.514184,7.347712
Q585U3,185431,58432.0,10.591509,8.848849
Q4GYU9,185431,66913.0,12.680044,7.2946553
Q57UR4,185431,64754.0,10.828748,9.047551
Q585Y2,185431,65964.0,9.135197,8.962013
Q388A9,185431,802503.0,10.347746,10.714492
Q580J2,185431,1029002.0,7.383221,11.6475115
Q38CK1,185431,802889.0,12.421798,13.917483
Q57WC7,185431,64557.0,11.152696,9.015415
Q38DP9,185431,1027301.0,8.715075,12.879108
Q38DB4,185431,58401.0,13.834481,6.883452
Q388I8,185431,1027422.0,8.366721,12.330407
Q57YH1,185431,60200.0,10.62113,9.003809
Q38BK7,185431,1027253.0,9.485746,13.833478
Q385Z8,185431,,14.052638,6.8157115
Q584K4,185431,802225.0,9.756998,8.439245
Q38BJ1,185431,65490.0,12.59111,5.998393
Q386C1,185431,,13.988088,6.667209
Q381L1,185431,,9.866928,9.1973295
Q38EJ5,185431,65833.0,10.911928,8.919595
Q38F22,185431,67000.0,12.400632,7.1421547
Q57V68,185431,59524.0,11.360347,5.090929
Q38BM6,185431,66002.0,14.21517,6.6118946
Q383M9,185431,,12.602031,7.402964
Q385A9,185431,,14.212787,6.8916526
Q57W18,185431,801468.0,10.973244,9.000299
Q57V43,185431,66293.0,10.662898,8.950649
Q586Q3,185431,58241.0,13.984815,6.8268614
Q57WS0,185431,801700.0,9.428488,10.862842
Q384R7,185431,,9.871803,10.199718
Q57VD1,185431,64348.0,13.028932,7.0536656
Q389U1,185431,59139.0,11.366675,5.064912
Q586Q9,185431,801589.0,12.410267,7.1500235
Q584H9,185431,58757.0,8.882765,7.5896254
Q57XD5,185431,1027326.0,7.683778,12.508835
Q4GYS2,185431,64727.0,13.816394,6.689807
Q387G5,185431,,8.557632,11.193863
Q38A10,185431,64507.0,13.086226,7.0205207
Q57V38,185431,1033268.0,10.699223,9.129753
Q38A13,185431,0.0,18.784904,9.517305
Q38CE9,185431,65987.0,12.888558,7.4300585
Q581Q7,185431,66622.0,10.853001,8.920316
Q389H7,185431,64806.0,12.950701,7.168592
Q38DT1,185431,65952.0,13.867076,6.8646626
Q384X8,185431,,14.071739,6.6588774
Q38BH3,185431,804950.0,10.02775,10.227543
Q57UD0,185431,59262.0,11.36591,5.091371
D6XD01,185431,,12.372963,18.127977
Q38A68,185431,0.0,14.240284,6.6367073
Q586D1,185431,65884.0,10.606816,9.379481
Q582X3,185431,58430.0,12.633898,6.779036
Q386L9,185431,,9.851127,10.304015
Q386Q7,185431,,14.303315,6.56671
Q57YQ4,185431,801537.0,8.54382,11.642892
Q383N3,185431,,12.149346,8.1011
Q385Z1,185431,,12.9256525,7.1002216
Q38CB3,185431,58187.0,13.136352,7.250171
Q57YV2,185431,60075.0,13.382804,7.259786
Q385Q9,185431,,8.549083,12.195221
Q57WW9,185431,58837.0,9.956651,9.125636
Q384M6,185431,,9.800032,9.544749
Q384Y7,185431,,13.298714,6.6650977
Q38AL7,185431,805253.0,10.764917,9.067947
Q57W24,185431,801468.0,14.106039,11.785368
Q4GZ59,185431,64737.0,14.16569,6.6546626
Q385K0,185431,,10.406172,9.317798
Q580U0,185431,58760.0,13.106811,5.910648
Q387H1,185431,,14.05621,6.7824454
Q580S0,185431,801484.0,16.029451,13.501046
Q38DY6,185431,66082.0,11.569828,8.477037
Q385S3,185431,,10.759256,9.336229
Q382E4,185431,,10.2672415,9.277237
Q57VX4,185431,60609.0,13.176841,6.3620963
Q57Z79,185431,67553.0,13.108662,6.3627105
Q57YP6,185431,64636.0,7.3546753,11.359981
Q585V9,185431,64407.0,12.854663,7.1859016
Q383R0,185431,,12.957468,7.1460505
Q38E42,185431,58954.0,14.000802,6.9128075
Q585N4,185431,66505.0,11.8488245,8.933353
Q380Y9,185431,,13.038086,7.5752816
Q38A34,185431,1028748.0,7.8341084,11.510983
Q57VV4,185431,801468.0,10.43694,9.048942
Q586W7,185431,802511.0,9.814302,10.289872
Q381N9,185431,,10.83234,9.131221
Q57ZW1,185431,64903.0,13.569077,6.660606
Q586F2,185431,59126.0,11.360921,5.071325
Q584D9,185431,65214.0,13.156796,7.3031693
Q386Q8,185431,,9.359735,10.401264
Q38C19,185431,806148.0,8.524634,9.142402
Q585I6,185431,1027981.0,10.481647,15.589699
Q388J6,185431,64684.0,12.310236,6.994135
Q38FN2,185431,58168.0,12.455168,7.789729
Q586Z4,185431,59215.0,13.113491,6.3470097
D6XFK6,185431,66757.0,9.002441,10.698829
Q382D6,185431,,10.877405,8.869756
Q580P4,185431,0.0,12.67113,5.368124
Q38EV6,185431,66683.0,12.426847,13.938788
Q582Y2,185431,58860.0,14.168005,6.6390734
Q57ZX3,185431,67033.0,14.1273575,6.716276
Q587A5,185431,64414.0,11.969855,8.864506
Q57US7,185431,67930.0,10.73546,8.94314
Q583K4,185431,58298.0,13.37867,6.6956143
Q387I5,185431,,13.820028,6.7137294
Q57Y27,185431,58223.0,14.170772,6.6887836
Q381Z1,185431,,12.380644,8.510621
Q585C9,185431,59371.0,13.645097,6.941172
Q382N5,185431,,12.960828,7.3825893
Q38CQ0,185431,60617.0,12.662817,5.3579726
Q383H5,185431,,8.781084,12.688385
Q38AZ7,185431,65632.0,14.113442,6.6977916
Q38BN6,185431,0.0,18.695742,9.434623
Q57YE0,185431,58368.0,14.07164,8.307536
Q57TR9,185431,0.0,12.655695,5.3601804
Q57U78,185431,66139.0,12.9455805,7.009165
Q384D8,185431,,10.158202,9.808538
Q582Q4,185431,65788.0,12.068849,8.13127
Q38B15,185431,64592.0,14.042875,6.7328305
Q388F8,185431,67502.0,11.733115,9.013749
Q4GYR0,185431,59237.0,11.21175,9.02689
Q38EZ3,185431,58557.0,14.421321,6.532647
Q585Y7,185431,801887.0,9.592436,10.742261
Q57YJ8,185431,802691.0,10.518316,9.472806
Q38CK0,185431,66319.0,13.167202,6.3402157
Q38AU6,185431,65877.0,12.565084,7.158905
Q57WR0,185431,64188.0,14.013414,6.704603
Q38FB7,185431,802573.0,8.706484,11.599905
Q382E2,185431,,10.853336,9.000122
Q582L5,185431,802227.0,10.290091,9.517019
Q581X5,185431,59747.0,11.210322,8.990458
Q580H7,185431,802785.0,7.836704,8.899695
Q57W11,185431,65003.0,14.19319,6.6416683
Q4GYA8,185431,60633.0,14.264879,6.6684036
Q582W2,185431,66405.0,11.388701,8.775824
Q388U6,185431,65650.0,10.975966,9.474181
Q38AA3,185431,1027303.0,8.050938,11.167582
Q38E75,185431,805916.0,10.838448,9.053943
Q57V79,185431,58217.0,14.077043,6.6220784
Q38CB2,185431,66784.0,12.548131,6.414977
Q389N3,185431,0.0,13.7476425,6.292104
Q38CT5,185431,,12.671632,5.4495854
Q381Y2,185431,,12.909674,7.159747
Q38BV9,185431,59403.0,14.152741,6.7738514
Q384I5,185431,,18.795095,9.528055
Q38ED5,185431,0.0,18.77232,9.505099
Q582V9,185431,58429.0,14.131556,6.5545254
Q38B25,185431,65862.0,10.8241,8.938081
Q38BR3,185431,0.0,14.237295,6.7536893
Q57YU8,185431,802315.0,8.003391,8.959551
Q38C71,185431,802704.0,9.764456,10.039671
Q57WV5,185431,59712.0,12.774004,8.928881
Q57X51,185431,801878.0,8.2644615,9.232861
Q388B8,185431,801468.0,11.041251,8.921599
Q57UT8,185431,59989.0,12.9891,7.049914
Q585P3,185431,67293.0,13.658968,7.4935026
Q57W34,185431,801654.0,8.183702,9.077442
Q57UJ7,185431,802115.0,10.097841,10.098155
Q38B29,185431,1030337.0,7.4777517,11.833631
Q4GZ80,185431,65808.0,13.393294,6.068299
Q386Q2,185431,,12.666542,6.5230765
Q387M3,185431,,13.603447,6.731966
Q584P6,185431,801780.0,9.509428,9.185393
Q580E3,185431,58306.0,13.897157,6.7093005
Q384L1,185431,,10.985115,8.862085
Q57YW3,185431,65354.0,12.66184,7.3401685
Q387L3,185431,,9.335917,10.974091
Q38BH6,185431,65125.0,13.049197,6.3264594
Q38DG9,185431,66136.0,14.022659,6.7513127
Q387L9,185431,,8.782062,12.774423
Q57XD6,185431,66743.0,13.149313,6.2642655
Q57ZN7,185431,67417.0,14.127548,6.650447
Q57TX0,185431,66355.0,13.57167,6.516189
Q38ES3,185431,66684.0,13.171242,6.2880535
Q381X2,185431,,13.082867,7.2337065
Q581Q9,185431,64441.0,9.879869,9.847808
Q38FZ1,185431,64928.0,13.065105,7.522216
Q384C8,185431,,7.81995,9.061028
Q38BB1,185431,801468.0,10.158587,10.363803
Q38BK3,185431,64237.0,14.040229,6.724187
Q580S7,185431,64563.0,12.608007,6.893139
Q4GZ89,185431,58565.0,14.051829,6.617119
Q57ZM6,185431,65403.0,14.239976,6.6213455
Q381T1,185431,,8.713548,12.964971
Q382K3,185431,,10.859119,8.910077
Q385P0,185431,,8.09018,9.902061
Q38DT6,185431,65953.0,13.323915,5.86811
Q384E0,185431,,9.288669,10.312394
Q38A01,185431,58030.0,12.807887,7.2192273
Q583P8,185431,801468.0,10.915004,9.473962
Q57V01,185431,1033102.0,8.130013,11.734793
Q38CJ9,185431,65746.0,11.223418,8.938932
Q57YB6,185431,58103.0,12.650736,7.2363954
Q38DS0,185431,801800.0,4.929363,9.183881
Q38BX0,185431,66229.0,12.587028,7.3017364
Q38D40,185431,66145.0,12.804854,6.4729815
Q38FS0,185431,64931.0,13.536923,6.6522403
Q57Y81,185431,801945.0,8.783339,11.316501
Q57VR1,185431,66927.0,13.317728,7.20217
Q38CA3,185431,0.0,14.122225,6.6737227
Q57X89,185431,67107.0,11.1107235,8.676275
Q389N2,185431,59297.0,14.468259,6.503638
Q57V31,185431,64217.0,8.818587,10.42848
Q385B4,185431,,14.1093025,6.6467443
Q57XZ1,185431,64624.0,14.419954,6.524312
Q38CY6,185431,801673.0,9.498179,13.774696
Q38DV8,185431,803568.0,8.915138,10.910464
Q387A9,185431,,10.4987135,9.348013
Q389A8,185431,0.0,10.903788,8.868082
Q383S2,185431,,10.755029,8.932623
Q580J7,185431,59311.0,18.701717,9.406626
Q584Q2,185431,1033307.0,10.0420265,9.206863
Q57YK7,185431,802012.0,7.8896146,12.889916
Q581A5,185431,58669.0,13.956885,6.87034
Q57YP2,185431,66625.0,12.602871,7.2794957
Q389C6,185431,817589.0,12.45478,6.618416
Q38DR1,185431,65948.0,12.621867,8.58992
Q38AD2,185431,67255.0,13.093972,6.285716
Q388M5,185431,,9.971376,9.203065
Q387X3,185431,0.0,13.336784,7.061803
Q38CL4,185431,58270.0,12.606343,7.8865023
Q585M5,185431,66962.0,13.188595,7.0640373
Q38C35,185431,59997.0,12.43529,6.9027357
Q8IFH6,185431,0.0,18.671848,9.403204
Q580Z5,185431,801950.0,10.080479,8.768117
Q38A77,185431,66126.0,10.783913,8.439605
Q387T3,185431,801772.0,10.395721,10.789382
Q38DY4,185431,801856.0,9.252427,11.7346
Q585Z1,185431,65963.0,13.27928,6.4310145
Q38CZ5,185431,801468.0,7.664697,2.7364826
Q583M3,185431,65011.0,11.235723,8.836058
Q387S8,185431,67424.0,13.665013,5.689516
Q383W8,185431,,10.367571,10.749839
Q585Q8,185431,801918.0,17.214798,14.31519
Q384B6,185431,,12.572145,7.487522
Q580T7,185431,66366.0,10.735219,9.191039
Q382T0,185431,,14.217813,6.6212974
Q38DA9,185431,64212.0,12.746663,6.1362815
Q381R3,185431,,10.295832,9.435731
D6XIY7,185431,801671.0,10.767694,9.065553
Q382N9,185431,,12.913273,6.5002885
Q587F4,185431,,12.970654,5.939381
Q4GYD1,185431,59327.0,14.464941,6.519141
Q38CG0,185431,58280.0,13.891456,6.872482
Q387J6,185431,,12.360575,8.779144
Q57WD8,185431,65256.0,12.985976,7.091934
Q38CG7,185431,807673.0,10.625453,9.359511
Q382B2,185431,,8.635704,12.924208
Q388D3,185431,1027275.0,9.132572,13.666243
Q4FKF6,185431,64718.0,13.170792,6.3759365
Q386T5,185431,,12.267654,7.1930017
Q57XE3,185431,58591.0,12.631546,6.413948
Q57YB0,185431,64253.0,12.082723,8.737659
Q388S3,185431,59597.0,14.206158,6.613963
Q587A1,185431,802296.0,11.211646,8.779706
Q586Y4,185431,58232.0,14.451549,6.5156198
Q586H3,185431,64408.0,14.180594,7.2540264
Q57Y33,185431,58757.0,8.864629,7.5759373
Q389Y7,185431,64506.0,13.055971,7.0214043
Q386B7,185431,,14.177761,6.9808335
Q584G7,185431,67486.0,12.762793,7.2288046
Q580W3,185431,64565.0,13.105561,6.891241
Q385V1,185431,,11.663089,9.130267
Q57V86,185431,64663.0,7.3668466,9.135144
Q580I8,185431,64556.0,13.124802,7.255187
Q57ZI4,185431,0.0,14.106868,6.97723
Q384J2,185431,,11.016799,8.731454
Q385Q7,185431,,14.010215,6.621367
Q57V95,185431,58208.0,14.394431,6.531579
Q38FF1,185431,66609.0,10.881491,9.1053295
Q38C46,185431,67125.0,13.108202,7.0858636
Q580Z7,185431,801468.0,13.9584055,11.568265
Q584S6,185431,801903.0,8.734915,11.78959
Q389E1,185431,60134.0,12.637619,6.256766
Q57Z15,185431,58791.0,13.993382,6.6634727
Q385S5,185431,,10.068017,9.618261
Q382Z4,185431,,10.899518,8.828392
Q4GZA2,185431,64725.0,13.070927,7.092553
Q382L1,185431,,8.615352,12.582373
D6XHE1,185431,802365.0,7.616945,7.371668
Q38DT8,185431,805594.0,8.254794,11.908342
Q386K1,185431,,12.2680645,7.3440185
Q387I4,185431,,12.603083,8.695914
Q57VI9,185431,67170.0,13.406169,11.228612
Q38D18,185431,804645.0,9.994713,10.585848
Q38B91,185431,58497.0,13.912026,6.7005324
Q4FKJ2,185431,801730.0,8.747382,11.177921
Q57YI5,185431,65439.0,13.41918,7.5418134
Q583W2,185431,58731.0,14.362774,6.587792
Q57VZ5,185431,58682.0,13.158594,7.0906396
Q4GYQ8,185431,65030.0,12.719366,6.2216597
Q57YS4,185431,58214.0,13.810839,7.3545413
Q38EK0,185431,802335.0,7.8492155,8.988848
Q383Z5,185431,,10.886845,8.953394
Q4GYJ9,185431,0.0,18.620022,9.382404
Q385C3,185431,,10.963815,9.018706
Q583V7,185431,65677.0,12.514331,7.568732
Q388J9,185431,803384.0,7.8405685,11.418881
Q384V7,185431,,11.0530405,8.948463
Q57XR7,185431,66828.0,13.875908,6.5748515
Q57W95,185431,803369.0,12.288759,7.955892
Q57Y66,185431,,14.34904,6.6123433
Q586T0,185431,64992.0,14.065342,6.747196
Q38AE7,185431,803154.0,11.09526,8.680166
Q386Z9,185431,,10.944813,9.026286
Q583K9,185431,802197.0,11.006911,8.99537
Q57XK0,185431,64561.0,12.702483,6.0712533
Q581X4,185431,59747.0,10.934599,9.419127
Q57Z39,185431,801468.0,10.879223,9.061855
Q57VK0,185431,803744.0,8.389808,8.970967
Q585X3,185431,1027381.0,9.486342,12.033841
Q57ZM4,185431,67201.0,13.063551,6.3082447
Q57VJ1,185431,67226.0,13.47362,6.589186
Q388H1,185431,58473.0,13.912693,6.8130155
Q57UX8,185431,801602.0,7.3156657,9.062033
Q583F6,185431,59037.0,12.677572,7.2723565
Q57VS6,185431,67120.0,12.976759,7.076928
Q581A6,185431,801468.0,10.740048,9.1935005
Q388E8,185431,801468.0,11.809518,9.340464
Q57YZ1,185431,66129.0,13.638351,7.01309
Q38EI9,185431,1027271.0,9.549213,13.531049
Q38AC6,185431,64481.0,12.934933,7.1319985
Q38DR9,185431,65950.0,13.548878,8.013566
Q38AH4,185431,60526.0,12.721751,6.2408676
Q583L6,185431,0.0,12.667849,5.3506956
Q388M9,185431,0.0,12.669403,6.567744
Q587C4,185431,67161.0,13.594008,5.7652016
Q57X74,185431,60646.0,11.442805,5.230046
Q382D2,185431,,10.74402,9.016127
Q584D2,185431,66311.0,13.04475,6.3366623
Q384I1,185431,,9.010512,11.54435
Q385K3,185431,,10.331972,9.612041
Q38EM1,185431,1027819.0,1.8528135,12.549584
Q57YH4,185431,68007.0,10.669101,8.913389
Q38BL5,185431,59402.0,14.499475,6.4769278
Q38AK2,185431,802077.0,9.450772,10.2750845
Q581X7,185431,802638.0,7.338967,12.526015
Q57W30,185431,59499.0,13.821385,7.2445765
Q582V8,185431,60678.0,18.79357,9.525384
Q57VG3,185431,65473.0,13.240099,6.370735
Q4GZG0,185431,64736.0,14.123838,6.687011
Q38E49,185431,65072.0,14.138074,6.953589
Q38C99,185431,67664.0,13.782895,6.6547036
Q387J4,185431,,13.295142,6.717478
Q387U9,185431,64417.0,13.472617,6.5541406
Q57ZU5,185431,801599.0,8.1900425,11.492201
Q38F23,185431,801712.0,10.082885,8.72981
Q383M7,185431,,13.63971,6.9672227
Q584H2,185431,59405.0,13.470374,6.7714634
Q38CC8,185431,59731.0,14.07018,7.940107
Q38BN4,185431,802469.0,9.1636505,10.454011
Q38BQ0,185431,58702.0,14.348231,6.589129
Q57Z58,185431,1027285.0,8.266673,11.311229
Q388I1,185431,58470.0,13.596102,6.1561155
Q57ZS7,185431,1027312.0,8.013768,12.029074
Q385Y4,185431,,13.208015,6.3564186
Q387Q9,185431,67181.0,13.109127,6.3122425
Q57W23,185431,58378.0,13.713045,6.9844346
Q38BZ0,185431,64452.0,7.6961093,11.05303
Q57UT3,185431,802172.0,10.956077,8.939825
D7SGA2,185431,58077.0,11.323142,8.492951
Q38B40,185431,66802.0,14.213228,6.6495614
Q38E25,185431,58952.0,12.508029,6.9802127
Q389P9,185431,64798.0,13.592222,6.9980497
Q38AY0,185431,801881.0,10.080659,10.358295
Q38EF3,185431,60672.0,14.417339,6.539966
Q38AK7,185431,801738.0,9.121384,12.930758
Q381L0,185431,,12.630624,6.9896812
Q383J3,185431,,10.763063,9.143018
Q387K3,185431,,10.764938,8.998586
Q57U60,185431,60611.0,14.443133,6.5363894
Q38CI1,185431,58275.0,14.170662,6.6767125
Q389W2,185431,67508.0,12.231469,8.488433
Q57W20,185431,64225.0,14.011369,6.856352
Q57UN0,185431,1033129.0,9.415274,10.36474
Q57TT9,185431,60382.0,14.0131235,6.8919415
Q38FP7,185431,59349.0,14.417219,6.5602446
Q4GYA2,185431,801752.0,10.947974,8.908467
Q580C7,185431,59812.0,14.045672,6.731206
Q386A8,185431,,10.611783,8.81746
Q57WJ6,185431,59424.0,10.403045,10.172234
Q38F18,185431,58553.0,12.612919,7.2972846
Q57Z31,185431,801469.0,-0.015643476,14.959663
Q57ZY0,185431,66852.0,13.070457,6.359181
Q384S2,185431,,10.857054,8.798119
Q57TU0,185431,66507.0,9.14816,8.275861
Q382S6,185431,,13.939791,6.83754
Q38ER6,185431,65692.0,12.6885195,7.2609982
Q587E2,185431,65794.0,12.7415085,7.2253146
Q57UT9,185431,65946.0,11.645847,8.439687
Q38EW4,185431,801803.0,10.559503,9.730813
Q38AA2,185431,806207.0,12.447574,13.964814
Q38F81,185431,65024.0,9.553655,10.156243
Q57X12,185431,60660.0,14.206929,6.6068807
Q57X48,185431,801899.0,8.79229,11.65783
Q382I7,185431,,13.493476,6.507555
Q388N2,185431,801468.0,10.455532,15.539746
Q580T8,185431,67657.0,13.107698,7.8871813
Q57WB3,185431,58089.0,13.736974,6.666169
Q4GZ49,185431,66862.0,12.30289,7.887965
Q57Z68,185431,64899.0,14.240608,6.6871104
Q57YU2,185431,1033187.0,7.3055134,11.062412
Q387Y1,185431,0.0,14.41948,6.5614786
Q38E60,185431,801468.0,13.896182,11.744641
Q580J5,185431,64575.0,11.011787,8.780874
Q57Z18,185431,802832.0,10.893606,9.05926
Q57UI4,185431,1033184.0,6.565451,14.443011
Q38G16,185431,0.0,12.66871,5.352506
Q582F5,185431,59079.0,13.66847,6.9544663
Q57W96,185431,0.0,18.799236,9.528496
Q57VN9,185431,64893.0,13.368269,6.937342
Q38DP8,185431,67460.0,13.147843,6.425154
Q385C5,185431,,13.451245,8.05698
Q38BG3,185431,60229.0,12.605234,7.1565313
Q388J0,185431,0.0,13.136005,7.157566
Q580V9,185431,58766.0,14.435469,6.5512695
Q384R6,185431,,12.846875,7.162469
Q38BU2,185431,801930.0,10.675743,9.967635
Q382C7,185431,,12.799556,8.971006
Q57VU6,185431,67404.0,12.701433,7.1829085
Q38DJ3,185431,65740.0,12.596701,7.331232
Q585X7,185431,58334.0,9.620663,10.088157
Q585A7,185431,64398.0,10.916355,8.964129
Q57ZU8,185431,811223.0,10.032032,9.462405
Q38CG1,185431,66058.0,10.131569,9.5564
Q57U80,185431,802258.0,10.842611,9.129975
Q586B9,185431,58287.0,13.56544,6.463668
Q38DH3,185431,802203.0,8.4549675,12.161083
Q38BY2,185431,802621.0,10.104985,9.419916
Q585S8,185431,801645.0,11.157079,8.918381
Q586N3,185431,802335.0,7.9547224,8.945174
Q387Z8,185431,65636.0,10.247459,9.502003
Q387E2,185431,,13.867319,6.7047853
Q57V78,185431,58216.0,13.070768,7.265584
Q584J5,185431,64908.0,13.768107,7.0114236
Q384P7,185431,,14.500144,6.4704046
Q38EW1,185431,1027267.0,9.062785,13.712802
Q38AT8,185431,64596.0,9.732606,9.962219
Q583E1,185431,58576.0,14.3973,6.5251184
Q386P6,185431,,10.856828,9.073441
Q38D96,185431,65970.0,11.186194,8.925401
Q38D15,185431,0.0,18.670206,9.393891
Q381I0,185431,,14.156593,6.702333
Q38BI2,185431,65851.0,11.124212,9.462672
Q57Y55,185431,58060.0,13.211107,7.2459106
Q583Q2,185431,58324.0,13.780466,6.782411
Q4GYE7,185431,64861.0,13.656809,7.017337
Q387B9,185431,,8.603654,11.153136
Q57X11,185431,60323.0,13.899589,6.921336
Q580R8,185431,67992.0,10.32397,9.472469
Q384D3,185431,,12.262496,8.083596
Q387U6,185431,60253.0,14.487343,6.49891
Q8MQ90,6239,565008.0,13.58966,7.4812813
O02640,6239,1027592.0,8.693373,11.9775715
Q19130,6239,1027254.0,8.409564,11.691018
Q9NAC5,6239,801468.0,11.701038,8.837003
Q19328,6239,802581.0,9.252503,11.677959
Q23165,6239,793160.0,10.683081,8.567445
G5EEF3,6239,556206.0,13.18022,5.958329
Q20443,6239,564897.0,12.698954,10.460077
O17200,6239,550320.0,11.000315,8.278718
H2L2K0,6239,563908.0,12.492001,6.005744
Q9XUU8,6239,562077.0,10.611449,8.550585
O17297,6239,550678.0,11.18369,8.695082
O45307,6239,807798.0,8.383063,11.153162
Q9BLB5,6239,563230.0,11.153551,9.729138
G5ED35,6239,563803.0,8.888758,7.100966
Q4PIU4,6239,555365.0,12.673193,8.334279
Q9N5D3,6239,793037.0,11.836326,8.655255
Q19849,6239,793484.0,13.487469,9.576577
B3GWB6,6239,,18.722197,9.465811
Q94216,6239,793385.0,11.335697,8.87099
P46581,6239,551030.0,14.806547,8.430672
P47991,6239,802247.0,9.5561285,13.704199
G5EFZ1,6239,1027997.0,7.8367405,12.081215
Q9NA25,6239,551113.0,9.020806,10.310231
Q20687,6239,551158.0,12.341017,7.641647
Q22888,6239,801579.0,10.2586355,10.679784
Q20374,6239,565977.0,12.398278,8.27233
P35800,6239,563661.0,14.345139,14.596166
Q9N590,6239,1033178.0,9.0476675,11.558378
G5EFH4,6239,801946.0,10.181333,16.993454
Q22492,6239,801707.0,7.6957345,7.5288997
O18302,6239,779842.0,11.981554,10.229862
O62137,6239,802701.0,7.8843374,11.8770075
P90986,6239,569944.0,9.307406,9.393497
Q9TXM1,6239,0.0,13.676164,7.2549744
Q18694,6239,553029.0,14.496268,8.411426
G5EFY3,6239,654016.0,8.227726,7.2074065
P46580,6239,,9.258648,9.995619
Q7JMB8,6239,,13.068804,9.368746
O18696,6239,650584.0,11.982762,10.230035
Q9XUJ7,6239,569743.0,13.155986,11.38393
Q19124,6239,801468.0,10.345324,10.218633
E5QCG4,6239,,18.694868,9.432205
P41779,6239,777935.0,14.396869,8.584293
Q9U1Q7,6239,801533.0,10.782891,9.793682
P91497,6239,551011.0,13.739544,5.844584
O45915,6239,563301.0,8.3639145,8.589427
H9G2S0,6239,,13.258837,6.713834
O45657,6239,795691.0,8.553731,7.2544475
Q22639,6239,801837.0,11.174389,9.37765
O02086,6239,801531.0,7.719875,8.624475
Q22387,6239,0.0,12.147765,7.614967
Q9U2Y6,6239,550625.0,13.203048,6.1372747
Q9GYH7,6239,781604.0,11.159299,8.448435
O16850,6239,564719.0,14.210398,8.03566
Q17922,6239,653217.0,13.974321,8.176175
Q9TXR6,6239,,9.6193285,6.4831986
E1B6S7,6239,,12.840893,8.625718
Q9U2M1,6239,801600.0,11.190565,8.568916
Q18806,6239,568805.0,9.174889,6.8216405
O45815,6239,1027835.0,-3.1289074,6.202652
Q17936,6239,792940.0,12.995832,9.271261
P34308,6239,568987.0,11.0968,9.672306
G5EEK0,6239,793167.0,17.21253,14.3138895
Q9TYX9,6239,550417.0,12.166663,7.8212247
P91156,6239,801468.0,12.6304865,8.226411
V6CLA7,6239,795431.0,11.759828,8.746864
Q9U357,6239,803096.0,8.559956,8.991961
Q09423,6239,565916.0,13.351516,7.552363
A0A0K3AXH1,6239,552677.0,13.248679,7.7059126
Q9N423,6239,,9.313907,11.160685
P91316,6239,561723.0,9.686906,7.2700877
Q94185,6239,649310.0,13.792385,7.383482
Q20929,6239,566630.0,6.3016686,6.1097207
Q18787,6239,802378.0,9.397073,10.220931
Q18194,6239,811435.0,10.086459,9.415395
Q19253,6239,793408.0,11.334474,9.150071
D5MCQ6,6239,553073.0,13.084789,9.139706
Q20595,6239,563324.0,12.439709,10.099053
G5EFF7,6239,802507.0,11.50735,10.0425415
G5EFJ8,6239,824163.0,7.726413,7.619811
Q23482,6239,565215.0,13.45187,6.0048656
G5ECG7,6239,565752.0,9.451458,6.9620023
G5EEC1,6239,565652.0,11.675236,13.759132
Q21415,6239,813795.0,8.507338,7.4154754
G5EBG7,6239,,9.010656,7.719869
A5A8R2,6239,,9.44237,6.3612366
G5EEH5,6239,551717.0,11.772967,8.951673
G5EG14,6239,802020.0,13.156962,7.43649
Q9U280,6239,801999.0,7.7621613,9.184564
P17139,6239,801468.0,14.353245,14.604393
F5GUF0,6239,,12.633299,8.484489
Q9BIF4,6239,793124.0,12.526989,8.743661
Q1ZXS5,6239,801752.0,10.30723,9.794689
H8ESF4,6239,,13.097079,9.071239
Q09573,6239,793075.0,7.839381,9.085036
Q18124,6239,0.0,12.337754,6.3184
Q86MG7,6239,813603.0,9.690968,10.44026
P41936,6239,568050.0,14.460564,8.144762
Q9NA81,6239,801986.0,9.733149,10.324638
O17395,6239,794261.0,7.069106,8.9916315
G5EFA2,6239,550711.0,11.686173,8.909582
Q20229,6239,564289.0,10.557485,9.54525
G5EFV0,6239,550637.0,5.754042,3.5618927
O44516,6239,564715.0,9.601389,6.5110893
G5ED08,6239,802308.0,7.368009,11.986273
H2KZU6,6239,,13.6550255,7.350443
P05690,6239,656278.0,9.261666,6.990556
G5EFU2,6239,801800.0,4.8613834,9.227193
P52713,6239,1027603.0,8.199817,12.6795845
O61528,6239,,11.429428,9.1980295
O18211,6239,803183.0,10.67614,10.809039
H2KYN7,6239,,11.264583,9.715237
Q09289,6239,807853.0,11.279646,9.746369
G5EDI8,6239,567140.0,11.377859,8.771345
Q9N2W5,6239,802390.0,11.166452,9.652341
Q9XU12,6239,569398.0,11.803589,9.108719
O62103,6239,793926.0,9.194386,9.00329
G5EG28,6239,802837.0,10.876301,8.253498
G5EFN4,6239,0.0,11.694018,13.794185
Q18508,6239,561938.0,13.058536,7.597452
Q9XUK2,6239,552767.0,14.196646,8.411528
G5EF11,6239,553248.0,13.383757,7.708511
H2KZW3,6239,562116.0,11.454201,9.231618
Q9XVF6,6239,563564.0,13.561174,7.2806153
Q95Y84,6239,567657.0,11.77502,8.235277
O18214,6239,552889.0,14.251063,8.38799
H2L2K8,6239,799979.0,18.714172,9.452194
Q18986,6239,652832.0,11.176223,8.631458
Q20127,6239,807995.0,9.746112,10.280088
G5EBX3,6239,794228.0,11.176976,9.029655
Q8MQ33,6239,563363.0,8.607046,6.9632554
O17869,6239,802120.0,11.0598755,10.170987
P37209,6239,658566.0,9.689944,9.025645
Q93703,6239,802351.0,8.894138,11.720411
P91409,6239,562027.0,10.3761015,9.485768
Q93379,6239,802214.0,8.485193,12.119054
Q21502,6239,565626.0,13.185353,9.164117
Q9XW71,6239,550318.0,13.930424,3.9078455
Q22640,6239,802213.0,13.370514,5.7695146
Q20481,6239,801848.0,8.471358,11.220827
G5EEC2,6239,555516.0,13.934042,3.8996813
Q19348,6239,563007.0,7.8902645,7.3475323
G5EFQ5,6239,552388.0,13.3091545,7.8950925
Q95ZV7,6239,784084.0,8.611486,7.1799335
G5EGB2,6239,567865.0,14.384699,8.314983
G1FC92,6239,554929.0,12.778458,6.392461
P34295,6239,550637.0,5.754311,3.562059
Q19852,6239,780713.0,11.999681,8.870349
E0R7L7,6239,206195.0,10.477447,15.576058
O16500,6239,561925.0,12.618131,8.831971
Q21443,6239,792940.0,7.657169,2.7141173
H2KYL3,6239,555075.0,13.230027,6.1900716
G5ECJ4,6239,802986.0,12.944508,10.348919
Q20619,6239,553028.0,13.861397,8.537615
G5EEN8,6239,564421.0,10.318375,9.4792795
Q9XVA9,6239,551341.0,9.771851,6.376644
Q18225,6239,552554.0,13.8703575,7.982257
Q95QH7,6239,781053.0,13.324697,11.366376
Q95YF3,6239,792989.0,9.916531,10.866984
G5ECE8,6239,561848.0,8.475424,7.3717327
P34258,6239,562934.0,12.391594,8.866287
O45784,6239,805463.0,11.751791,8.770709
G5EEF1,6239,565605.0,9.024215,6.7332425
D7SFK1,6239,553922.0,10.632555,8.056537
G5EGM1,6239,655379.0,8.666543,7.220007
Q9XVK6,6239,792940.0,12.434748,8.572483
O45935,6239,801468.0,11.984723,8.820993
Q95YF0,6239,802685.0,11.134779,8.528161
Q9TXI3,6239,802131.0,10.0065155,10.044023
Q8MQC4,6239,551151.0,6.322154,6.132039
Q07749,6239,801487.0,9.536009,11.196755
O02151,6239,567769.0,14.27803,10.411341
P34418,6239,564149.0,13.597894,8.296936
Q22717,6239,550513.0,14.704788,8.441175
Q95ZS0,6239,798053.0,11.673903,8.623015
O02289,6239,556076.0,13.925127,7.4657307
Q22099,6239,1027750.0,8.418816,11.537467
Q21898,6239,802003.0,8.057169,9.9172
P34561,6239,802767.0,11.217332,9.95314
Q9U299,6239,801940.0,11.103478,9.626619
Q09312,6239,551332.0,11.429201,7.8847337
Q95XA8,6239,562631.0,14.127491,8.544632
G5EE72,6239,792942.0,7.7318316,8.640078
Q8I7K5,6239,,12.683962,9.632316
H2KZ22,6239,562024.0,12.594006,8.453598
Q93538,6239,802931.0,11.461131,8.253135
Q23498,6239,792997.0,7.8235188,7.5741367
O01871,6239,565065.0,10.510822,8.659894
G5EDF1,6239,569732.0,11.694205,13.789659
Q9N5M2,6239,802402.0,10.213711,9.947003
Q22125,6239,551052.0,9.17958,6.855627
Q22100,6239,1027540.0,7.8170433,12.554486
Q86NF9,6239,0.0,11.846749,8.795786
Q18235,6239,551003.0,13.044478,6.9293904
D7SFQ6,6239,,12.563071,8.290015
Q9GZF3,6239,802046.0,9.313434,10.170798
Q09506,6239,654043.0,11.195091,10.299411
G5EEJ2,6239,0.0,13.284298,8.420084
Q23064,6239,567933.0,13.11959,7.7939005
Q95XH2,6239,793003.0,11.522112,9.285344
Q9N3B0,6239,808259.0,10.007388,9.127592
P61866,6239,802580.0,8.820987,13.117877
H2KY59,6239,552502.0,14.250903,8.244049
Q9NAH3,6239,793322.0,11.555914,8.459732
Q22257,6239,792940.0,12.34331,8.372222
O76449,6239,1028133.0,9.688831,10.489443
Q86B36,6239,,7.694459,11.420055
I2HAA0,6239,789049.0,11.538165,8.688573
Q20684,6239,553802.0,12.464231,7.7853312
Q20317,6239,550706.0,10.847404,8.398742
C7FZU4,6239,,8.81492,6.8883176
O76365,6239,1027303.0,7.5727363,11.371227
Q19752,6239,802776.0,8.648688,11.103106
Q9BKP3,6239,,12.348963,8.336856
H2L082,6239,793908.0,11.327713,10.290247
P34529,6239,789062.0,10.823658,9.708597
O18282,6239,793179.0,10.29242,9.467302
G5EGQ3,6239,792940.0,13.560746,11.28842
Q9N3G1,6239,567711.0,12.487818,7.4353905
G5ECA1,6239,779267.0,12.097449,7.159034
P14585,6239,789125.0,8.992082,6.668418
Q11098,6239,563652.0,8.460746,8.436372
G5EEE2,6239,562696.0,12.01035,11.325243
Q6BEV5,6239,563233.0,13.622045,7.7571936
G5EGA3,6239,562732.0,12.310142,8.293036
Q8TA52,6239,802371.0,13.097206,6.551146
Q9U329,6239,761596.0,9.440553,8.968072
G5EE53,6239,565628.0,11.400129,8.22801
Q20748,6239,,9.633423,9.840995
O16425,6239,551693.0,14.27912,10.417486
P24349,6239,556188.0,13.408835,6.2499356
P45972,6239,551356.0,13.80871,7.9896865
Q22836,6239,802171.0,12.212229,7.931255
Q23342,6239,563429.0,12.231929,7.8309407
O16305,6239,801468.0,5.1777754,1.6939354
Q23280,6239,802451.0,10.001744,10.402431
Q21433,6239,804612.0,7.2283087,9.123555
P45894,6239,551910.0,13.588042,11.406335
O02141,6239,569706.0,13.181673,7.3505564
Q10013,6239,805032.0,10.289288,12.584546
O44164,6239,780034.0,12.000509,11.078483
Q20756,6239,551266.0,13.069421,6.201417
Q18239,6239,551157.0,12.48781,8.612963
P34605,6239,801636.0,9.737332,10.250515
G5EFF4,6239,566177.0,14.292756,8.369361
P91907,6239,807520.0,10.68424,14.492597
G5EC16,6239,564132.0,11.712909,8.845609
Q94055,6239,1027442.0,8.480367,12.019399
Q20306,6239,793222.0,10.148728,9.980481
G5EC39,6239,,7.891166,9.19035
Q22053,6239,802422.0,11.817019,9.253869
G5ECA3,6239,,5.754981,3.5629346
D3YT20,6239,,7.3538165,11.200618
Q17603,6239,802460.0,12.786992,7.5220065
O02057,6239,802785.0,7.8748536,8.7938175
G5EF68,6239,802446.0,10.438048,10.009587
Q9N3C7,6239,805347.0,7.614058,8.953175
U4PBK8,6239,0.0,13.537275,8.815413
Q8I7J8,6239,,13.181968,8.397901
H2KYE0,6239,802217.0,9.309573,7.6617126
G5EE13,6239,565687.0,7.973421,8.749267
P91149,6239,803348.0,11.186079,9.3632765
O44906,6239,1027689.0,7.044002,11.402804
Q20052,6239,804706.0,13.337416,8.264953
Q9BMI0,6239,0.0,9.4059925,6.744839
Q94051,6239,564181.0,10.167741,8.955297
B1V8J2,6239,,13.327669,10.167184
Q21446,6239,551927.0,13.781781,7.985165
G5EF44,6239,564227.0,8.479003,8.565344
Q69Z08,6239,771164.0,13.007958,7.8721447
Q94392,6239,802034.0,10.460663,10.29303
Q93560,6239,567706.0,14.204534,8.307332
Q95XU6,6239,784149.0,12.520637,8.216057
Q18030,6239,551382.0,11.097632,8.513109
P29355,6239,793155.0,13.05449,11.510632
Q8MNT0,6239,552321.0,13.160363,8.026902
Q27473,6239,793299.0,10.681296,13.67564
Q18221,6239,553271.0,13.277736,7.6710844
E1NZ11,6239,,13.990229,11.565624
Q95ZS2,6239,805243.0,9.572973,10.909631
Q8I4H0,6239,563683.0,12.587369,8.706809
O61931,6239,550384.0,10.678144,9.541184
G5EE36,6239,564453.0,11.574494,10.61616
I2HAJ7,6239,,8.635395,6.78893
P34271,6239,562083.0,11.661366,13.723663
Q93761,6239,792933.0,7.909983,11.936268
O45995,6239,0.0,13.317713,7.513065
P48181,6239,649028.0,11.694235,13.7954035
Q9N527,6239,563605.0,14.35069,14.602082
Q9NLA1,6239,565636.0,11.145762,7.7768025
Q18409,6239,793231.0,12.491299,8.908645
Q9XWG3,6239,789568.0,10.576202,10.1181345
O18694,6239,805008.0,10.080356,9.953678
Q10667,6239,568145.0,12.830618,8.718128
Q9N5S9,6239,793322.0,9.727162,9.085277
G5EGE2,6239,568036.0,14.235966,8.540119
G5ECS4,6239,1027390.0,7.9188147,12.133161
O45767,6239,555426.0,6.3595963,6.1768594
G5EBQ3,6239,563245.0,11.321005,8.421307
Q22945,6239,803062.0,8.484931,11.85626
Q93791,6239,780490.0,8.767732,6.7793007
H2KYZ3,6239,569125.0,12.35898,6.3200727
Q19802,6239,0.0,13.419957,6.3428764
O01789,6239,802143.0,5.621595,9.738946
Q19829,6239,565851.0,11.083958,8.095859
C6KRL4,6239,805995.0,10.508862,10.033345
B2D6P4,6239,653082.0,13.393235,8.935582
O17209,6239,563686.0,14.34532,14.600687
H2KZD4,6239,565021.0,12.443729,8.534644
A5Z2V0,6239,566770.0,12.613506,8.593222
P90925,6239,802249.0,9.065432,9.752483
B7FAS0,6239,550744.0,13.398127,7.655977
P45965,6239,569269.0,10.153956,9.014897
Q2PJ68,6239,801468.0,13.601309,11.597534
Q17461,6239,761075.0,9.119395,8.298711
Q9XWX6,6239,0.0,13.271539,10.077945
Q9TYN3,6239,804043.0,10.176724,10.100637
A2A266,6239,562093.0,12.400448,7.9125624
P52899,6239,1027857.0,9.173583,12.6381
Q19280,6239,771373.0,9.273839,6.8278203
Q18336,6239,552258.0,13.419582,8.400138
O62308,6239,0.0,6.423743,6.249592
P34427,6239,551543.0,13.375397,7.542769
Q9U377,6239,,12.851175,9.59372
Q18550,6239,555057.0,12.9702,7.351734
G5ECN5,6239,568119.0,10.943829,8.293631
Q9XU42,6239,550962.0,8.979978,7.703377
O62139,6239,802701.0,7.9368396,11.915264
P34619,6239,0.0,13.69673,7.241558
Q21836,6239,566248.0,14.266586,8.527401
Q95XG7,6239,552893.0,14.967424,8.529762
Q23049,6239,805196.0,10.447298,10.354887
Q10573,6239,561961.0,12.147121,7.623532
Q21480,6239,789821.0,11.501857,8.395543
Q18743,6239,564435.0,9.872538,7.1466618
Q18909,6239,563240.0,14.086919,8.093717
Q17602,6239,801468.0,12.280754,7.9562793
G5EFK6,6239,802183.0,8.854923,7.6580715
H1UBK7,6239,802181.0,7.972896,8.691383
O16501,6239,561925.0,12.587928,8.764239
Q9TZN2,6239,,11.317827,8.689702
Q9GYK2,6239,658592.0,8.896984,6.8074512
Q18605,6239,552211.0,13.302783,7.532939
Q7JM90,6239,569053.0,11.873781,9.13332
G5EBS4,6239,,12.838295,9.171879
Q8I113,6239,552708.0,12.436379,8.39826
Q21878,6239,563619.0,14.285684,10.4202585
G5EG47,6239,789020.0,11.198568,9.479885
Q17519,6239,567037.0,6.407085,6.198532
P34609,6239,789609.0,11.690774,10.154798
Q9BKU2,6239,803102.0,8.904278,11.142402
Q20002,6239,561925.0,12.559397,8.81325
Q22306,6239,802062.0,9.550208,9.9309435
Q94986,6239,801484.0,16.168081,13.5806265
P41950,6239,,9.481278,6.616567
Q18510,6239,1027819.0,1.8547442,12.549709
O76630,6239,801962.0,10.2696495,10.386477
O02495,6239,808156.0,10.332397,9.582335
E5QCF8,6239,1027697.0,8.67311,11.336006
Q22397,6239,561827.0,7.1738935,8.978093
H7BRM4,6239,801913.0,11.683876,11.469559
G5ECX2,6239,761044.0,8.384329,6.141574
Q9XV14,6239,564403.0,9.524076,6.6344066
A0A0K3AUE4,6239,552265.0,14.062248,8.216712
P49808,6239,550637.0,5.7549605,3.5617867
Q9N3Q8,6239,789228.0,10.56394,9.33857
H2KZH1,6239,565738.0,7.9359508,8.731983
Q27497,6239,1027981.0,10.480567,15.590339
O17003,6239,802267.0,11.180705,8.212921
Q9N431,6239,550788.0,12.62397,6.1035776
H2KZV8,6239,0.0,12.485002,9.163432
G5EC21,6239,561871.0,11.526076,5.6489887
Q10124,6239,551542.0,13.513755,7.9649215
P51875,6239,807520.0,10.687528,14.525323
Q9XXU2,6239,0.0,13.686414,7.1077437
Q9N5B7,6239,802091.0,10.922896,9.341879
Q9NEL2,6239,805406.0,13.585389,7.9258566
Q09488,6239,650159.0,8.777983,7.29466
O02639,6239,1027274.0,9.406792,13.853714
Q11099,6239,564904.0,13.931908,3.9051058
O17365,6239,801946.0,10.178172,16.98652
Q09628,6239,551629.0,9.440622,6.611039
Q18074,6239,565654.0,13.132417,7.561363
O17861,6239,792979.0,9.078221,7.3512573
Q2YS41,6239,,7.0916243,12.387143
P22981,6239,792948.0,16.050596,13.766347
O01427,6239,792940.0,13.757118,11.681527
S6EZS3,6239,556303.0,10.696609,7.8705225
Q9XVQ2,6239,795456.0,9.244289,8.998954
G5EGH7,6239,563731.0,9.700326,6.443989
Q9TY08,6239,802591.0,10.330266,9.513283
Q18163,6239,566631.0,8.609936,7.231279
Q965N4,6239,793921.0,11.182031,10.3871765
Q58AU6,6239,,10.577858,9.769644
Q9XWF2,6239,801569.0,10.665785,10.46267
Q21215,6239,804561.0,10.460711,11.4172735
Q18089,6239,562467.0,8.5015745,8.568082
C7FZU3,6239,780490.0,8.736895,6.8000364
Q9N4L8,6239,794227.0,9.588214,9.558038
Q10017,6239,552306.0,10.028778,7.7567825
Q94361,6239,828116.0,13.274443,8.845914
P90747,6239,801947.0,7.8483505,9.273042
O45562,6239,566185.0,13.516929,6.275753
Q95Q25,6239,1027293.0,7.789067,12.540908
P34889,6239,761041.0,7.969873,5.5505385
H2L0C4,6239,562068.0,8.029605,8.866499
Q09291,6239,,11.23536,8.169759
Q9XXJ0,6239,1027251.0,7.9557467,11.406035
G5ECM9,6239,564578.0,9.189325,10.600702
H2L0I1,6239,0.0,13.32791,5.975488
Q22743,6239,801493.0,10.402125,11.664184
Q17958,6239,793527.0,11.160727,8.423998
O18209,6239,552207.0,12.83396,8.325476
P20163,6239,801582.0,9.661232,12.02677
P34548,6239,794038.0,8.701183,7.5272603
P55954,6239,569059.0,9.609826,9.110503
Q966J6,6239,551135.0,13.588256,8.162227
A0FLQ6,6239,789273.0,10.061183,9.761338
Q20230,6239,793320.0,9.183048,12.039427
Q19591,6239,567600.0,9.782204,7.2282844
G5EG85,6239,801468.0,12.234319,10.200789
Q21339,6239,804850.0,7.4888825,8.982827
Q9N5K3,6239,554618.0,12.979851,7.592791
G5EDP2,6239,1027326.0,7.6163263,12.539971
Q966L9,6239,791690.0,11.839086,9.354834
Q5ZR41,6239,,9.56477,6.4330587
P34387,6239,1033221.0,8.942173,7.274184
O01820,6239,555579.0,13.258751,7.760573
H7BRM7,6239,801913.0,11.630224,11.492693
Q9XXK6,6239,802731.0,8.400634,12.219323
E7EM33,6239,,7.295792,11.300112
Q22145,6239,564702.0,13.1939945,7.8606286
Q05062,6239,802052.0,16.037148,13.7826185
Q95XX0,6239,792943.0,10.783597,10.840662
H2L0H5,6239,778688.0,10.855121,8.377173
Q9XVM9,6239,568968.0,8.46238,8.506272
Q18967,6239,801478.0,10.166603,10.117769
O18180,6239,804551.0,9.907805,10.141749
Q9XWQ4,6239,562023.0,11.800353,8.060774
Q18223,6239,790537.0,11.672615,9.663561
P52012,6239,802474.0,10.697155,9.77987
Q7YTI0,6239,801477.0,9.059196,10.228806
Q27GU1,6239,,10.610277,9.608013
G5EF87,6239,802450.0,13.148798,8.9952135
B6VQ56,6239,563947.0,8.239931,8.590675
Q9XUD6,6239,550654.0,9.669933,7.291285
B5BM28,6239,761223.0,8.577408,7.2284946
Q23543,6239,802178.0,10.408555,9.652268
Q94360,6239,802709.0,7.289955,11.460919
G5EDM1,6239,801852.0,12.002777,8.514909
A4LBC2,6239,553749.0,13.189755,7.820068
A8DYS1,6239,0.0,13.05379,9.9518
Q20751,6239,804453.0,9.864466,10.857344
G3MVG9,6239,0.0,9.591066,6.4002156
Q17744,6239,,10.806786,8.923044
Q11107,6239,568087.0,13.533934,7.3790836
Q9XTB5,6239,566574.0,12.348354,8.230955
O02096,6239,,10.064234,9.8787155
P34766,6239,551714.0,14.451041,8.531485
B3GWD5,6239,802046.0,9.844984,10.308379
Q5DX34,6239,566963.0,11.2955475,8.448714
P34512,6239,803765.0,11.049524,10.289169
Q9U2Z2,6239,805156.0,10.175245,10.043574
Q17761,6239,803281.0,8.4385395,11.927125
P58798,6239,801883.0,10.38464,11.147151
Q22782,6239,801484.0,16.12216,13.551527
Q20871,6239,810179.0,10.045787,9.2300825
A0A163UT06,6239,569433.0,11.481708,8.155812
G5EDI0,6239,565579.0,6.3882494,6.1922927
G5EDZ2,6239,1033315.0,8.535267,11.394596
Q1NZ17,6239,,12.688853,7.649414
Q20870,6239,556091.0,11.883298,6.6864996
G5EFU0,6239,782519.0,13.514015,11.322345
H2KZU7,6239,566518.0,9.453661,6.9524856
G5EF72,6239,807520.0,10.683252,14.49199
O76357,6239,763654.0,7.5442777,7.456393
B7FAS6,6239,780186.0,14.015251,8.539548
Q9NF70,6239,561925.0,12.59775,8.829728
P34600,6239,801468.0,10.997292,10.194189
O44406,6239,555196.0,13.021801,7.9523535
Q95XV8,6239,,8.860294,8.094986
Q18529,6239,562028.0,9.592805,6.4875674
A7LPI4,6239,554585.0,13.936858,8.632409
H2KY84,6239,550919.0,12.940948,8.038831
G5EGG0,6239,803193.0,10.541898,9.961472
Q9XUS8,6239,561884.0,8.686363,7.0273066
G5EG78,6239,778526.0,8.556024,7.2057858
Q9N491,6239,790029.0,8.782259,7.533
Q21281,6239,563901.0,8.705061,6.71622
H2KZS7,6239,,12.967318,8.200268
P34420,6239,806011.0,12.4264555,8.48355
Q11180,6239,801531.0,7.6965103,8.728713
Q86RS9,6239,561776.0,12.141278,8.695246
G5EEE5,6239,793269.0,8.2730255,9.244476
O17699,6239,550986.0,6.394235,6.2056184
H9G2S6,6239,550448.0,14.252002,8.100806
G5EEE1,6239,563002.0,8.594644,7.433232
P34284,6239,801468.0,10.777452,10.82594
Q9NF71,6239,556142.0,13.267366,7.6216974
Q10078,284812,,9.862037,10.293636
Q9UUK2,284812,805141.0,10.48281,10.903122
O94528,284812,399829.0,6.757784,8.809983
O14305,284812,398627.0,11.182445,8.196869
O74740,284812,802251.0,9.71588,10.084245
Q10262,284812,0.0,18.718302,9.4737
Q9URY1,284812,399136.0,11.311551,8.097045
O42991,284812,802187.0,9.520604,13.686078
O13946,284812,802943.0,9.565102,9.325364
O74438,284812,399342.0,11.436147,7.869436
Q9P775,284812,804847.0,10.347632,10.342607
Q9P6Q1,284812,1027698.0,8.300146,12.138622
Q9UTI2,284812,804677.0,9.275283,10.974423
Q9UTH0,284812,831985.0,10.66178,8.240015
P21696,284812,1030684.0,8.550437,11.880308
O14090,284812,0.0,13.502029,5.9477744
Q9P377,284812,810107.0,9.150331,8.3633175
Q9P7C0,284812,801468.0,10.194598,10.264679
Q9Y7Y3,284812,482962.0,11.363503,8.627128
Q9US13,284812,803271.0,10.142179,10.2759695
P0C8R3,284812,802866.0,10.6321535,11.51784
Q04800,284812,803040.0,8.401655,9.184426
Q9Y7Q9,284812,793066.0,6.894367,8.929678
Q9P7T0,284812,798541.0,8.688142,11.010813
O14141,284812,1027594.0,8.521598,11.7800865
Q9UUH2,284812,803518.0,9.189178,10.12002
Q9UUG2,284812,477848.0,11.3481045,7.79344
P0CT40,284812,485056.0,2.637688,10.225568
O13651,284812,1027302.0,7.913801,11.485613
O94493,284812,481682.0,7.412209,8.058118
O60081,284812,477606.0,10.683498,8.258655
O14147,284812,801496.0,9.505718,10.403675
Q10349,284812,1028139.0,8.410541,12.0369005
Q9P7R4,284812,804705.0,10.500495,9.275051
Q9UR24,284812,,11.210891,8.8489065
Q9HDV0,284812,805653.0,8.106733,10.972413
O14134,284812,793222.0,10.14532,9.999216
Q10093,284812,1028487.0,7.7521415,11.658123
O94574,284812,802596.0,8.263262,12.034008
Q9Y7X7,284812,398624.0,11.799142,7.648416
O14026,284812,398392.0,11.384241,8.217455
Q10133,284812,802052.0,16.090298,13.654503
P0CT77,284812,1027271.0,9.626618,13.478547
Q9C0U3,284812,0.0,18.807072,9.540197
P87118,284812,803046.0,9.428286,9.394576
Q9C0X9,284812,802306.0,7.5534806,7.69824
O14092,284812,,8.915343,12.16815
Q9UTI5,284812,804820.0,8.097626,11.472282
Q9UUF1,284812,802759.0,8.366458,11.995751
C6Y4A7,284812,399251.0,12.629973,5.9225645
Q9UTM5,284812,477648.0,13.333935,6.7226896
Q09682,284812,1027281.0,3.1574454,9.424128
O14158,284812,399699.0,10.588905,8.383422
O74431,284812,805560.0,7.9808354,9.094299
O59733,284812,801468.0,11.574948,8.365115
O36022,284812,797845.0,8.643404,9.627772
Q9US51,284812,477554.0,9.234116,9.871295
Q9URV2,284812,399819.0,10.407309,8.495511
O94441,284812,482956.0,10.552204,8.324519
O14201,284812,398810.0,8.186169,8.92268
O13851,284812,398745.0,10.144485,9.256363
O74383,284812,831274.0,9.440035,8.70317
O60182,284812,802897.0,10.747034,9.867343
P78970,284812,832107.0,8.345006,9.074198
Q7Z9I5,284812,0.0,12.931478,6.237113
P0CT95,284812,814213.0,8.237198,9.008381
P54069,284812,801914.0,8.58692,11.295977
P36621,284812,801691.0,10.138339,9.849834
O13863,284812,399534.0,10.786717,8.451451
O43081,284812,478354.0,6.751124,8.857502
O14236,284812,807496.0,10.377426,10.821128
Q10186,284812,0.0,11.974553,8.695942
O74690,284812,801709.0,9.997334,12.797088
O74538,284812,805041.0,9.643753,13.625666
O59711,284812,1027826.0,8.374867,11.946628
O74827,284812,803374.0,8.365118,9.086046
Q09783,284812,806990.0,10.143312,9.777783
Q10064,284812,801722.0,10.626116,8.263813
Q10074,284812,817919.0,7.974629,8.9479265
Q9Y7N0,284812,814058.0,11.498421,8.789119
O74836,284812,1027296.0,9.699955,12.816634
O59816,284812,801738.0,9.128984,12.944857
Q12706,284812,792940.0,13.609561,11.588394
O94694,284812,482874.0,9.620727,8.887657
O13737,284812,802657.0,8.851914,8.723669
Q9UTA2,284812,399245.0,10.530586,8.588935
Q9US45,284812,479083.0,13.408959,5.9688215
P87294,284812,478375.0,11.963203,9.150218
Q9Y7S5,284812,,12.330523,6.539279
P41391,284812,831938.0,8.876436,11.086679
Q10353,284812,801657.0,10.630052,10.478102
P0CY17,284812,399600.0,12.803987,8.1698
O43019,284812,0.0,13.841733,7.665788
Q9P7N1,284812,1027241.0,8.292381,11.08708
O60135,284812,802573.0,8.689223,11.879985
Q8WZK1,284812,398868.0,9.937933,9.111697
Q9C116,284812,0.0,18.733282,9.452902
O74464,284812,399489.0,9.953964,9.136806
Q9UTE3,284812,831953.0,12.722455,8.777184
Q09885,284812,399703.0,8.946057,9.952011
O74455,284812,802959.0,8.5462265,11.966932
Q9P802,284812,813909.0,10.519869,8.795988
O74417,284812,398889.0,12.684486,8.083727
O94553,284812,802634.0,10.005264,10.388161
O42634,284812,1027293.0,7.737327,12.672679
O94500,284812,1027823.0,7.6621256,11.427745
O13660,284812,792958.0,4.942695,9.176523
O94298,284812,399603.0,8.258469,9.291532
O43007,284812,801702.0,7.6778946,11.360321
O74863,284812,399885.0,10.490922,8.81015
O14028,284812,478355.0,8.807021,10.530464
Q9UST8,284812,813603.0,9.897953,9.854783
Q92337,284812,479630.0,7.765474,8.621871
P87146,284812,801763.0,9.206348,9.007973
Q9USN6,284812,0.0,13.712239,7.289563
O94294,284812,477694.0,11.516859,7.7719216
O59666,284812,802820.0,7.733997,9.426027
O13986,284812,811227.0,10.626801,8.292753
O74958,284812,398916.0,13.954926,7.80644
Q7Z991,284812,801531.0,9.79447,9.875009
Q9UTI4,284812,399177.0,13.376048,6.6689806
O13714,284812,400018.0,8.565063,8.739535
P17937,284812,802461.0,9.508885,13.735719
O13848,284812,1027831.0,8.077332,11.935015
O14258,284812,399217.0,14.095698,7.838676
O60126,284812,801516.0,8.725007,12.781549
O74791,284812,805916.0,10.175501,10.662239
O74780,284812,0.0,13.587776,6.491201
Q1MTR3,284812,817659.0,10.3938465,10.125967
O14173,284812,0.0,11.86743,7.1927905
O94689,284812,816746.0,9.63043,9.191033
Q10099,284812,802521.0,10.437873,11.201029
O94337,284812,1027251.0,7.7769613,11.475009
Q9UUA5,284812,482960.0,10.560893,8.286547
O74427,284812,803366.0,8.954257,11.087301
P79081,284812,807716.0,7.9990115,12.121331
O59677,284812,477893.0,10.015691,8.753711
Q9P3T9,284812,398581.0,11.864192,7.9903593
O14064,284812,478371.0,12.867782,6.917178
O14177,284812,801729.0,10.048577,9.945827
Q9C0Y2,284812,399002.0,11.278228,5.1323037
Q9P768,284812,802603.0,7.0303273,8.907531
O74368,284812,478627.0,9.9576235,9.049555
Q9UTD0,284812,806683.0,8.457794,11.45527
O43004,284812,802187.0,9.45986,13.746943
P0CT66,284812,1027245.0,9.091678,13.753834
Q10198,284812,802648.0,11.467775,8.612391
O42649,284812,802143.0,5.621393,9.739405
O14273,284812,399173.0,12.679698,7.6947923
P09202,284812,1027382.0,8.148542,11.447472
Q9P7X3,284812,482024.0,10.339367,9.2224455
Q09858,284812,399851.0,11.191888,8.3346195
O14109,284812,802853.0,11.039431,8.788444
Q9P7J4,284812,477891.0,11.352278,8.282838
P40373,284812,1028215.0,8.502618,12.29001
Q9Y802,284812,477467.0,10.776297,8.188283
P48383,284812,477839.0,11.540985,7.7122445
O94377,284812,831163.0,9.391586,8.774114
P87110,284812,793066.0,6.691612,8.909005
O14299,284812,482789.0,11.31319,7.9217453
O94675,284812,794175.0,9.920267,9.05118
Q9P7K6,284812,830885.0,13.423647,5.849469
Q9P6L2,284812,398422.0,10.655572,8.322575
Q10497,284812,0.0,13.555621,6.5204487
O74794,284812,0.0,12.045018,8.369956
P87167,284812,398983.0,9.932431,7.193352
O74883,284812,399514.0,11.466901,8.45354
P87157,284812,802766.0,10.045419,9.922954
Q9Y709,284812,801489.0,10.45966,5.303279
Q9US25,284812,,11.084335,8.736769
Q9P6P5,284812,801636.0,9.664583,10.352294
Q9P7J6,284812,801882.0,9.551263,13.485063
Q1MTQ9,284812,802102.0,7.405197,11.478991
O43062,284812,832147.0,9.318885,7.865633
Q1K9B6,284812,398826.0,11.345305,7.6179514
Q11119,284812,804884.0,10.062716,9.797229
Q9P7W0,284812,398481.0,9.990309,8.62273
Q10281,284812,804561.0,10.429093,11.433031
P78847,284812,482178.0,10.720637,8.16514
Q9UUJ0,284812,398842.0,10.96377,7.655867
O36016,284812,802498.0,9.39903,9.695684
O74992,284812,0.0,12.665122,6.025104
Q9P769,284812,1027243.0,9.535142,13.711988
Q9P7S7,284812,801712.0,10.001945,8.748727
Q9URW1,284812,0.0,13.196038,5.805368
O94435,284812,398782.0,13.41647,5.938012
Q10080,284812,400036.0,9.682505,9.097131
O60064,284812,803410.0,8.861943,11.522052
Q9UUD8,284812,794740.0,8.834264,10.289394
O13796,284812,803586.0,11.14761,8.303472
O60091,284812,398942.0,10.105895,9.140849
O14007,284812,804897.0,10.095617,12.778611
O59770,284812,801886.0,3.186466,9.444502
O74858,284812,477496.0,8.551678,11.091626
Q04665,284812,807520.0,10.6860485,14.490993
O74731,284812,801813.0,8.553262,11.313696
Q9US27,284812,477872.0,9.072526,9.048778
Q9P7L7,284812,399048.0,9.370009,8.751161
O94385,284812,482698.0,9.605325,7.8148212
O14369,284812,792982.0,12.435252,8.290529
Q09780,284812,802960.0,8.614548,11.126271
Q09127,284812,1027243.0,9.544196,13.689321
Q9P6S4,284812,398968.0,13.489395,6.152913
O74560,284812,398905.0,13.476723,5.974589
Q9P7I0,284812,830792.0,10.43151,9.397954
O94715,284812,1027319.0,13.529546,5.6858697
O94362,284812,1027252.0,9.058329,11.851793
Q09130,284812,1027407.0,9.984498,12.784268
O94289,284812,802347.0,9.947652,10.391043
Q10350,284812,399933.0,8.96392,10.158973
Q10111,284812,398640.0,10.852784,7.6999984
P87317,284812,805597.0,10.972233,9.05897
O42978,284812,805008.0,9.289216,11.588228
O94583,284812,0.0,18.79341,9.526543
O42970,284812,399652.0,6.719689,7.2291684
Q9C0U7,284812,793140.0,11.252005,7.9135103
Q9URV3,284812,0.0,13.40706,6.62363
O60136,284812,398604.0,10.940433,8.221591
Q9USY3,284812,802267.0,10.956825,8.032871
O94716,284812,399920.0,11.182245,7.97684
O74774,284812,801690.0,9.816832,9.955643
O60063,284812,478502.0,10.685908,8.656262
Q96WV1,284812,802103.0,10.392846,10.149837
O60101,284812,1027397.0,8.686147,12.579548
O13684,284812,398823.0,11.629514,7.655845
O94536,284812,802381.0,10.224583,8.808085
P50998,284812,806141.0,9.4277115,9.123867
O59808,284812,1027603.0,8.012909,12.811788
Q10351,284812,793849.0,10.213712,8.361187
O13784,284812,802088.0,9.314877,13.659105
O13803,284812,399186.0,11.930559,7.4200454
Q10213,284812,801664.0,10.553797,8.686731
O94414,284812,399564.0,11.282637,8.038326
Q9UT36,284812,801750.0,8.712857,11.944122
P87243,284812,793183.0,10.964607,8.014827
Q09810,284812,1028548.0,8.44417,11.523162
Q9C115,284812,398436.0,13.173797,6.5148187
Q09852,284812,793066.0,6.8917503,8.939869
Q92355,284812,399465.0,10.730038,8.299375
Q09879,284812,802852.0,10.156491,9.98039
O59701,284812,792960.0,8.215398,12.370509
O14022,284812,398831.0,8.119124,9.107958
Q09699,284812,399695.0,11.418012,8.0733795
P87060,284812,482859.0,10.811372,8.208186
Q9URY3,284812,801984.0,11.3519945,7.97411
O94490,284812,400030.0,11.708096,7.163954
Q9URY9,284812,814598.0,8.55895,11.246591
Q10362,284812,479138.0,12.004402,7.5365763
O59787,284812,801843.0,10.498048,8.296327
O74991,284812,399592.0,10.6126375,8.0861025
O13926,284812,400016.0,8.871213,10.3559065
Q9P7N3,284812,802093.0,9.98989,9.609961
P36614,284812,1027981.0,10.480131,15.588065
O74885,284812,809524.0,8.35153,11.001034
Q9Y7M8,284812,482477.0,10.78895,8.169238
Q09785,284812,1033113.0,7.6897106,11.486676
P41831,284812,792939.0,7.529176,11.405191
O14280,284812,802036.0,8.304924,12.223199
O43029,284812,478403.0,8.343408,10.931856
O74860,284812,801567.0,8.727465,11.042731
O74648,284812,801794.0,9.205088,9.908763
P78917,284812,1027788.0,8.366136,12.2144575
O14148,284812,800052.0,12.523898,7.371038
O94412,284812,803344.0,10.010644,10.147022
O14246,284812,398397.0,13.211594,6.7353086
O13769,284812,398434.0,11.373089,7.7579927
Q09933,284812,816661.0,11.171244,8.33769
Q9UU88,284812,1029822.0,8.945043,10.969346
C6Y4C9,284812,,11.57578,7.985484
P56286,284812,1027244.0,9.698611,12.359827
O94714,284812,484575.0,12.363863,8.090314
O94284,284812,1028850.0,8.629798,11.731513
Q9P7V4,284812,803434.0,9.0420685,10.838744
Q9USY1,284812,802865.0,8.629029,11.020509
Q12126,284812,801468.0,14.04316,11.841013
O94264,284812,801468.0,12.591755,9.204425
Q9HGN4,284812,398597.0,12.638748,6.896293
O94518,284812,803332.0,10.58153,8.564797
O14238,284812,803310.0,8.804772,9.024791
O43058,284812,398497.0,12.385354,7.052137
O74899,284812,398716.0,6.9285655,8.843499
P40232,284812,802395.0,10.144784,8.705557
Q9P3W4,284812,398840.0,13.69302,5.7488527
O14085,284812,830794.0,10.653952,9.247642
O94331,284812,1027990.0,7.461568,12.438768
Q10143,284812,804558.0,10.160717,9.972915
Q9USK3,284812,801805.0,7.0258327,8.952722
O74737,284812,400023.0,10.459365,8.875086
O14306,284812,399917.0,10.909515,8.314616
Q09684,284812,399724.0,10.765414,7.954509
O13598,284812,398557.0,12.615317,8.785717
O14300,284812,802793.0,9.526299,8.937341
Q9P7H6,284812,801468.0,11.582751,8.306158
O94400,284812,828249.0,13.695179,7.289106
O74736,284812,477841.0,11.83135,7.948774
O42914,284812,792961.0,12.498593,8.179761
Q09669,284812,802862.0,8.299613,12.634909
O13640,284812,477696.0,9.474561,7.885608
O74304,284812,398832.0,11.310203,7.7741218
O74505,284812,0.0,12.505192,7.529016
O60104,284812,398849.0,11.617847,7.681961
O74335,284812,480697.0,11.316133,8.208398
O43051,284812,801468.0,11.550223,8.364719
Q12704,284812,793331.0,9.308732,9.904578
O43032,284812,802726.0,10.086018,9.989629
O94329,284812,803361.0,10.102282,10.103258
Q9Y7M4,284812,801739.0,9.47233,11.967011
Q9P6P8,284812,802092.0,8.266054,8.8662815
O74914,284812,807827.0,8.222752,11.640064
O94617,284812,802038.0,8.6165695,10.9757
Q10347,284812,832149.0,10.964818,8.216034
Q10338,284812,398703.0,10.799838,7.9391556
O74515,284812,802460.0,12.94987,7.550685
Q10241,284812,398642.0,10.833066,8.435917
O94457,284812,792981.0,8.2828455,9.305588
O14264,284812,398545.0,8.570911,8.851719
Q10328,284812,0.0,13.930117,7.646771
O13612,284812,399668.0,11.151735,8.071096
O74522,284812,398818.0,13.843964,7.6180477
O36015,284812,792952.0,9.103434,11.709052
Q9C0Z1,284812,478356.0,11.583739,7.1018953
O74800,284812,801866.0,8.676444,10.998838
Q10283,284812,482028.0,8.951491,9.496919
Q9UT03,284812,398395.0,10.856413,7.8760448
P87297,284812,399629.0,11.107292,8.148437
Q09923,284812,801762.0,8.120242,11.991664
Q09170,284812,801468.0,13.594463,11.567448
Q10073,284812,809965.0,9.993215,8.915757
Q9Y7K0,284812,1029449.0,8.459202,11.075694
O43010,284812,802136.0,9.053307,10.623135
P87149,284812,804951.0,9.390199,10.4448
P79064,284812,805952.0,8.721458,10.76466
Q9UT00,284812,478467.0,10.068991,9.054032
P87315,284812,477615.0,10.893903,7.9756527
Q10079,284812,813540.0,9.66972,9.359245
O94242,284812,802782.0,8.518316,11.290712
O14361,284812,1029763.0,8.585944,11.109335
Q9UTQ5,284812,801468.0,11.338364,8.834774
O42844,284812,398742.0,13.607598,11.225718
Q9C1W5,284812,802713.0,9.737365,9.303897
O94547,284812,478549.0,12.408615,8.320836
O14276,284812,817989.0,11.570936,8.383729
O13771,284812,399028.0,12.524602,7.0466857
O74434,284812,398914.0,13.078787,6.7982936
O14364,284812,479114.0,9.262636,8.996337
P0CT79,284812,1027357.0,7.4813194,11.129907
O13696,284812,793068.0,8.489866,12.362807
O94280,284812,482113.0,9.703304,8.892563
O13911,284812,811207.0,8.764356,10.674303
O74411,284812,484566.0,9.903099,8.002736
Q9UTR4,284812,399298.0,13.309689,6.716385
O42890,284812,1029029.0,9.866231,8.654274
Q9UT49,284812,399265.0,11.13582,8.230239
O59835,284812,398525.0,13.509704,6.113864
O94364,284812,398705.0,10.680708,8.117164
Q9C1X1,284812,801468.0,10.4276905,11.026126
O13765,284812,799919.0,9.441346,9.976287
Q09800,284812,399090.0,10.544779,8.433089
Q9US07,284812,806036.0,10.215056,8.794676
O14243,284812,793140.0,10.336851,9.602357
P87232,284812,481227.0,9.704298,9.213977
Q9P370,284812,807517.0,11.127863,9.137009
O74346,284812,399002.0,6.6253796,7.0938196
Q9P6L5,284812,792940.0,10.443686,9.747335
O14460,284812,1027385.0,8.7173605,12.545943
Q10149,284812,803425.0,10.960355,8.498107
O14205,284812,793191.0,10.938776,8.757443
P87074,284812,399302.0,11.603693,7.6554995
O14255,284812,808147.0,7.929012,7.9222016
P0CT70,284812,1027266.0,9.492248,13.752726
Q9USK0,284812,398759.0,11.044634,8.182166
P78962,284812,399168.0,14.061377,7.7404094
P01129,284812,399432.0,11.368397,7.8004518
O43090,284812,802833.0,8.713356,11.555647
O74903,284812,831284.0,10.004753,8.577338
Q9UTN1,284812,792958.0,4.909876,9.185509
O74327,284812,792947.0,7.2405353,9.08973
P87324,284812,802479.0,8.934334,10.6281185
Q09790,284812,793199.0,11.111288,8.818692
Q10101,284812,802585.0,8.735244,12.862401
P78972,284812,,10.749223,11.130592
Q4PIR3,284812,478542.0,10.713718,8.793477
O14211,284812,399198.0,9.860069,8.858871
Q1K9C4,284812,399282.0,10.439107,8.469389
O60071,284812,801604.0,12.191297,7.4083037
O94563,284812,802524.0,8.252821,11.426489
O60120,284812,398838.0,6.6511345,7.1209974
Q9HGM6,284812,794497.0,7.5371814,9.015078
Q9P7M6,284812,803902.0,10.546693,8.37972
O42647,284812,0.0,13.425673,6.131109
Q9UUD2,284812,801468.0,10.187066,8.8371725
Q9USI6,284812,793067.0,11.6673,8.939932
O42882,284812,399210.0,11.774116,7.647365
Q8TFH4,284812,398802.0,10.40924,8.766052
Q9UTH3,284812,399708.0,10.966333,8.132578
Q9USZ0,284812,482479.0,10.31092,8.8070965
Q09686,284812,803464.0,8.578328,11.164339
O94537,284812,399705.0,10.738323,8.017795
Q10075,284812,398588.0,9.742473,9.170617
O14126,284812,802193.0,9.419171,10.293257
O13775,284812,803138.0,8.107787,11.107752
Q9Y7P3,284812,801949.0,10.106476,8.814598
Q11120,284812,804865.0,8.978587,10.60985
P40377,284812,804798.0,9.754079,10.365251
O74409,284812,1029389.0,8.188081,11.400885
Q9UTK8,284812,801521.0,7.278992,9.393758
O94634,284812,804963.0,8.574367,11.345626
U3H0P2,284812,0.0,12.710995,6.1135497
O94320,284812,801928.0,8.601982,12.264124
O60119,284812,399301.0,12.405337,7.7381077
O94487,284812,398665.0,12.167634,8.328535
O94655,284812,801484.0,16.12305,13.621175
O43082,284812,482744.0,11.5801325,8.400506
Q9UT79,284812,482970.0,11.512962,7.8467
Q8WZJ7,284812,801702.0,7.34528,11.557186
O60128,284812,1027267.0,9.037257,13.685879
O94494,284812,398956.0,11.495953,7.631411
O60174,284812,484572.0,10.478533,8.699158
O94630,284812,1027835.0,-0.21083938,13.508744
Q9P6N3,284812,398544.0,9.844557,8.81659
P24865,284812,801902.0,11.154413,9.708113
O94397,284812,484031.0,13.354547,8.666975
O43067,284812,0.0,12.398065,7.0656214
Q09150,284812,801468.0,10.46445,11.352931
P29458,284812,802189.0,9.984991,10.503069
O94261,284812,399054.0,12.012281,7.2184715
Q09917,284812,477512.0,8.53856,8.740182
P87309,284812,399050.0,13.414621,6.608258
Q8WZK0,284812,807504.0,11.846096,8.262917
O74520,284812,399597.0,8.713413,8.729295
O94325,284812,478545.0,10.693281,8.237156
Q9UT74,284812,803384.0,9.316267,12.321092
O59725,284812,484586.0,10.2107115,8.192647
O14354,284812,796078.0,8.894766,10.377319
Q4ZGE1,284812,399409.0,12.783698,6.096787
O14143,284812,0.0,13.458768,5.7363815
O13808,284812,803084.0,9.577323,11.031513
Q9P6M2,284812,804746.0,8.83768,10.974845
Q96WW1,284812,832108.0,9.260239,7.79869
O13828,284812,0.0,11.982602,7.8240824
Q10369,284812,399139.0,11.81604,7.626015
P50515,284812,802003.0,10.369831,12.824623
Q09874,284812,477950.0,10.521868,8.522984
Q9USV4,284812,801468.0,11.58994,8.448509
P06652,284812,400040.0,12.601767,8.087803
Q96WW2,284812,399378.0,13.584828,6.929705
O94439,284812,482939.0,10.5127735,8.015193
O60054,284812,399825.0,10.265428,8.640848
P41005,284812,399280.0,13.625193,6.4523854
Q10070,284812,831945.0,9.943933,8.889814
P87153,284812,1027301.0,8.727642,12.891724
Q10492,284812,482743.0,11.694602,8.300498
Q9UU80,284812,792978.0,11.534145,8.288168
P78875,284812,804664.0,8.791677,11.052638
P79071,284812,802247.0,9.531147,13.72128
P04910,284812,801610.0,0.0034522205,14.943111
Q10412,284812,399904.0,11.276113,7.7954865
Q9C0X6,284812,,7.382497,11.975333
Q9P6P2,284812,801468.0,11.595827,8.361378
O13853,284812,399559.0,11.373812,7.877525
O13787,284812,482046.0,10.014052,9.035963
Q9UUA7,284812,830780.0,13.400866,5.846241
Q10108,284812,398639.0,13.445571,7.4182878
P08647,284812,792948.0,16.085905,13.6730175
O13928,284812,802052.0,16.131855,13.636135
O94629,284812,0.0,13.257002,6.286127
Q10271,284812,400000.0,9.7916155,9.123033
O94526,284812,399084.0,9.661033,9.357947
C6Y4C6,284812,398620.0,12.268727,7.291824
Q10173,284812,801468.0,11.43934,8.60733
Q9P7Y9,284812,478945.0,11.413359,7.7137747
O14067,284812,0.0,12.522747,6.0539727
Q9UUK3,284812,803483.0,10.687783,9.4473915
Q9USM5,284812,801468.0,10.215529,9.197219
O74846,284812,802547.0,11.216057,9.357734
Q09803,284812,802134.0,9.55309,10.497864
Q10478,284812,802327.0,8.731798,10.933148
O60114,284812,398939.0,10.640887,8.32975
Q09701,284812,801468.0,8.9869175,8.809336
O94281,284812,802395.0,10.210511,8.614683
P78768,284812,801835.0,10.301525,9.549161
O13760,284812,0.0,18.781292,9.513209
Q9Y7L2,284812,802922.0,8.85264,10.412477
O13994,284812,399581.0,8.850477,8.654523
Q1MTR7,284812,802096.0,8.470728,10.671575
Q9USY7,284812,483256.0,9.936417,9.164119
O74653,284812,399830.0,12.111443,7.5831833
Q10440,284812,482220.0,9.69517,9.094952
Q9UUN3,284812,477805.0,11.595844,8.3275585
Q9USP1,284812,806053.0,9.748326,9.463159
G2TRJ4,284812,398785.0,11.171202,8.091853
Q09825,284812,398524.0,11.477289,7.6042523
Q10239,284812,399601.0,12.401126,7.842678
Q9US28,284812,832094.0,9.066721,9.968203
O14108,284812,398412.0,11.9433975,7.6508627
P0CT61,284812,1027268.0,9.62067,13.577668
O13822,284812,,8.376423,10.715005
P47946,284812,477626.0,8.204086,8.838533
P17610,284812,793012.0,16.07854,13.678263
O94461,284812,793038.0,8.556617,11.11378
P0A6F1,83333,,7.1251025,12.389796
P0A9M2,83333,,7.621113,12.8564005
P23331,83333,,7.035717,12.589264
P38506,83333,,6.5645046,13.502083
P37747,83333,,7.935627,12.141147
P77499,83333,,6.377928,13.250864
P0ABT5,83333,,7.4171314,13.257287
Q46909,83333,,4.9439087,13.899041
P0AFP9,83333,,4.816407,13.796742
P24216,83333,,6.404945,14.5116005
P15640,83333,,7.560247,13.255407
P23842,83333,,5.762033,13.866143
P0DMC5,83333,,5.933211,13.90637
P33340,83333,1026669.0,9.792275,7.3811
P69829,83333,,6.642917,13.625136
P76264,83333,,5.0195513,13.953866
P31442,83333,,4.962461,13.897244
P75973,83333,1026948.0,12.906922,6.046719
P20605,83333,,6.6021385,12.202398
P0A8G9,83333,,6.733519,13.459518
P46139,83333,,5.915972,13.936015
P06616,83333,,7.4028387,13.192183
P18775,83333,,7.434683,12.220113
P39305,83333,,7.2727017,13.149172
P69210,83333,,4.951423,13.923234
P0ABR9,83333,,6.7351503,12.372984
P0A7M9,83333,,13.234209,5.837403
P13857,83333,,6.301843,13.248318
P0ACM2,83333,,5.9833293,13.684552
P19642,83333,,5.0386558,13.938116
P0AB28,83333,,6.6810484,13.510825
P0AFJ5,83333,,6.377317,13.705898
P16692,83333,,6.9792705,13.447271
P0A972,83333,,8.038601,12.725197
P69853,83333,,6.006527,13.791909
P00393,83333,,13.352545,2.2003772
P0A8L7,83333,,13.394941,5.8200693
P13036,83333,,6.1576247,15.3028965
P33015,83333,,5.018567,13.977695
P31224,83333,,6.9702115,14.0230255
Q47150,83333,,5.0239396,15.561355
P39832,83333,,4.8538914,13.865274
P21345,83333,,4.926356,13.930482
P00946,83333,,7.201436,13.383664
P37744,83333,,7.243251,12.328239
P25894,83333,,6.40308,14.630259
P0AF61,83333,,10.718645,8.087764
P25535,83333,,7.044056,13.506263
P0AFG6,83333,,9.052497,12.977002
P60624,83333,,9.508388,13.600532
P0AEQ3,83333,,6.5773835,14.776203
P00926,83333,,6.909189,11.762851
P0A6T1,83333,,8.623998,12.474462
P24203,83333,,6.8425875,12.91262
P0A9G4,83333,,6.0417924,13.469874
P77187,83333,,7.280764,12.53006
P75851,83333,,4.766624,13.766851
P0A6Q6,83333,,7.338686,12.69181
P0A9L3,83333,,7.2011323,12.659964
P0A710,83333,,5.108865,13.983191
P32717,83333,,6.4975266,14.571719
P00550,83333,,5.0708704,13.911579
P02920,83333,,4.963237,13.914575
P64554,83333,,7.1909723,12.562673
P0ABE9,83333,992073.0,6.802584,12.969715
P11989,83333,,6.3364472,13.499927
P36937,83333,,4.9758344,13.939934
P0AEH1,83333,,5.540036,13.907378
P41409,83333,,7.525435,13.180119
P76108,83333,,6.5051103,14.623077
P27248,83333,,7.5865245,12.676986
P39346,83333,,8.476942,12.561098
P11551,83333,,4.902936,13.9222355
P24174,83333,,7.302883,13.2952175
P33218,83333,,6.884015,13.129593
P0AE91,83333,,13.020046,5.9649777
P23484,83333,,6.0008745,13.734591
P76080,83333,,6.7259517,12.415208
P64592,83333,,5.2022667,13.938381
P75863,83333,,6.8541946,13.541492
P0AG34,83333,,4.9273596,13.917583
P21693,83333,,6.59098,13.482605
P0A800,83333,,13.434588,5.826387
P0A6J1,83333,,6.9490776,13.065332
P75820,83333,,6.427961,14.291264
P0AEX7,83333,,4.7729125,13.811186
P0C054,83333,,7.1204324,13.465112
P77377,83333,,4.855575,13.8759775
P23845,83333,,7.2942767,13.506257
P0ACJ8,83333,,6.49364,13.719879
P46837,83333,,7.413,12.710723
P40874,83333,,6.992416,13.088427
P06986,83333,,7.6744065,13.421166
P00816,83333,,6.655452,11.874889
P37631,83333,,7.5667496,13.53126
P42910,83333,,4.987555,13.941009
P0A9X9,83333,,7.9635434,12.748253
P16678,83333,,6.403607,13.23256
P30235,83333,,7.221723,13.29403
P33358,83333,,5.8707128,13.84006
P75780,83333,,6.1771674,15.344802
P0AES0,83333,,6.991252,11.965764
P0AFG0,83333,,7.31926,12.970332
P0AGH8,83333,,4.8515387,13.865721
P19930,83333,,6.799674,12.700761
P37903,83333,,6.8490505,13.022608
P0ABL1,83333,,6.092201,14.651538
P37340,83333,,4.8240705,13.858961
P0AA04,83333,,8.040326,12.7300415
P76501,83333,,9.594712,7.4396496
Q46856,83333,,7.524982,13.476456
P32057,83333,,7.1589384,13.550985
P33940,83333,,6.518581,14.518661
P0A698,83333,,6.7965856,12.397469
P64604,83333,,6.4455996,14.445106
P25748,83333,,6.2539907,13.48837
P0AAB6,83333,,7.1943407,12.617642
P37028,83333,,6.4956193,14.604737
P76555,83333,,6.933223,12.496416
P0A8S9,83333,,13.108472,5.978182
P0ABC9,83333,,4.997172,13.947148
P0A8I1,83333,,6.985162,13.639218
P75733,83333,,6.151665,15.314935
P0AEC8,83333,,6.0550194,13.778393
P0AEE8,83333,,7.541666,12.638685
P0ABU2,83333,,7.8340507,12.857861
P00957,83333,,7.7253137,12.874784
P12295,83333,,7.077331,13.248555
P33931,83333,,6.8121686,13.625684
P28861,83333,,7.3266606,13.486567
P71298,83333,,6.6006947,12.43697
P77219,83333,,5.08158,13.952576
P76173,83333,,4.5099993,14.228969
P0ADU2,83333,,6.789881,12.506962
P27431,83333,,6.8913207,13.578893
P0A703,83333,,6.752407,13.423718
P39829,83333,,9.259318,12.649697
P46852,83333,,7.0899515,13.008589
P0AAM3,83333,,6.836447,12.84946
P08390,83333,,6.8742747,12.908903
P0ABG7,83333,,4.8419375,13.794899
P16700,83333,,6.552395,14.728913
P76078,83333,,6.7257924,11.6557
P52062,83333,,6.7587023,13.177243
P0A8I3,83333,,7.213503,13.354247
P23865,83333,,6.444816,14.556866
P33129,83333,,6.1609726,15.225631
P76208,83333,,12.597521,5.9759483
P67701,83333,,6.631344,13.252402
P45537,83333,,5.6567173,13.937029
P76198,83333,,4.9178867,13.887201
P0A7C6,83333,,7.046466,12.934629
P00888,83333,,7.3547435,13.291346
P12995,83333,990666.0,7.5906544,13.1347475
P76469,83333,,7.3770313,13.290253
P0ABB4,83333,,7.434803,11.64266
P31663,83333,,7.4049025,12.665411
P0AGM0,83333,,5.2130218,13.865618
P0AB74,83333,,7.4565115,13.003054
P37902,83333,,6.6051784,14.756086
P08555,83333,,4.9414563,13.95067
P07762,83333,,6.957833,12.683004
P0ADI4,83333,,7.2776394,13.477684
P32715,83333,,5.625403,13.967203
P0ACY3,83333,,7.081828,11.670556
P37671,83333,,6.032963,13.447175
P77721,83333,,6.2915483,13.405614
P0AEH8,83333,,4.92622,14.019653
P21338,83333,,6.092138,14.547164
P33012,83333,,7.0344434,12.347974
P21893,83333,,7.110115,13.573634
P0A7X3,83333,,9.322238,13.710804
P0A8Y3,83333,,6.791385,13.112572
P76273,83333,,7.517012,13.519219
P29013,83333,,7.033945,11.435273
P0AF32,83333,,4.0709715,14.393411
P32709,83333,,4.2865777,14.321226
P33607,83333,,4.8882046,13.977346
P28721,83333,,9.680164,7.399471
P30128,83333,,7.428675,12.283399
P33341,83333,,6.176684,15.166422
P77376,83333,,7.2179136,13.278197
P55734,83333,,6.747588,13.302686
P56579,83333,,5.0579877,13.922993
P05719,83333,,8.996533,12.742253
P27241,83333,,7.979475,10.863664
P76342,83333,992705.0,6.850204,11.662012
P06709,83333,,6.863466,13.650799
P37646,83333,,5.8775225,13.772019
P0A7H0,83333,,6.840354,13.691925
P27253,83333,,7.4142694,12.592907
P0AFW0,83333,,7.111337,13.286541
P31448,83333,,4.8953032,13.886625
P39297,83333,,6.082156,14.58422
P76010,83333,,5.9216733,13.920784
P04128,83333,,9.540262,7.4998894
P45548,83333,,7.3890924,12.96138
P0AFV4,83333,,6.0026855,14.517426
P76594,83333,,6.7479367,13.711231
P37639,83333,,5.799577,13.5692215
P31126,83333,,4.9805865,13.909591
P64624,83333,,6.621655,13.217975
P0AEP1,83333,,4.8593473,13.86356
P21362,83333,,7.332632,12.277235
P17994,83333,,6.096945,14.597803
P77615,83333,,6.270385,13.399941
P45546,83333,,12.286562,6.1400256
P00861,83333,,7.4713883,13.3798685
P66899,83333,,7.377848,13.411623
P69902,83333,,7.4957724,12.654397
P0AAJ5,83333,,10.218368,12.756011
P0ACF8,83333,,7.129659,12.857736
P76630,83333,,5.130208,13.950722
P45463,83333,,6.164379,13.709883
P76551,83333,,7.868129,13.483196
P25718,83333,,6.4413166,14.633037
P76170,83333,,12.602698,6.1707954
P45767,83333,,4.818292,13.744447
P76339,83333,,5.893102,13.968233
P0ADP0,83333,,6.820494,13.456546
P0ABU5,83333,,7.3166924,13.286624
P76500,83333,,9.573963,7.4461613
P77731,83333,,7.0004835,13.199577
P0AE08,83333,,8.294972,12.346105
P27303,83333,,6.351558,14.491298
P33024,83333,,4.980621,13.996659
P37758,83333,,4.8655076,13.871995
P0AF12,83333,,7.371375,13.14302
P24193,83333,990752.0,7.2000337,13.422154
P0A867,83333,,8.291862,11.458534
P0AB06,83333,,6.703835,13.394292
P0CE48,83333,,8.3552265,13.170167
P76575,83333,,6.8840175,11.761895
P08400,83333,,5.929485,13.989193
P21829,83333,,6.623925,13.1100645
P39405,83333,,5.846905,13.786578
P0A6F3,83333,,7.974988,12.717636
P36655,83333,,5.2799807,14.043666
P0A821,83333,990753.0,7.0697775,13.406849
P0ABL8,83333,,4.8055367,13.832246
P0A812,83333,,6.8797526,12.31745
P0AC19,83333,,7.3253107,13.184897
P37678,83333,,7.1916356,13.353319
Q46855,83333,,5.8566613,13.668938
P37657,83333,,6.0323524,13.908014
P0ADV5,83333,,6.8466988,12.994231
P75822,83333,,6.7963786,13.064173
P10442,83333,,7.3027186,13.128725
P77319,83333,,6.610385,13.323355
P0A6C8,83333,,7.275197,13.269585
P0AF45,83333,,6.998776,7.3144584
P23917,83333,,7.386492,13.465118
P36771,83333,,5.9144306,13.578649
P06609,83333,,5.0929713,13.8973875
P10378,83333,,6.872755,13.496211
P77748,83333,,13.290526,2.2731879
P0AB58,83333,,6.3962584,13.711162
P77375,83333,,6.84372,12.043024
P28905,83333,,6.449537,13.651748
P23837,83333,,5.890432,13.942304
P62601,83333,,6.964254,11.968932
P30860,83333,,6.5822086,14.767728
P25740,83333,,6.873234,13.469764
P06996,83333,,6.149833,15.312566
P37760,83333,,7.2876263,13.371259
P0ACU2,83333,,5.77496,13.3036175
P0ADK6,83333,,7.891138,10.982214
P39099,83333,,6.4371204,14.435383
P46118,83333,,6.531443,13.753903
P55799,83333,,6.36434,13.300558
P0AEQ6,83333,,4.755122,13.779341
P0A7Y8,83333,,6.893354,13.663439
P33643,83333,,7.0850616,13.3203945
P0AEA8,83333,,7.1052346,13.506033
P21503,83333,,5.008338,13.907218
Q46857,83333,,8.071822,11.947031
P0AC13,83333,,7.387772,13.227891
P0A790,83333,,7.159106,13.054725
P0A9M5,83333,,7.5830474,13.4752655
P76141,83333,,6.387341,13.325943
Q46824,83333,,5.781273,13.905541
P0ABD3,83333,,7.120528,12.243203
P24242,83333,,6.2863593,13.42348
P00561,83333,,7.309161,13.273886
P30845,83333,,6.495694,14.5084095
P00903,83333,,7.286936,13.438525
Q46919,83333,,6.199798,13.708451
P0AC26,83333,,4.9694815,13.95526
P36767,83333,,7.062582,13.444058
P0AFW2,83333,,12.379226,11.000473
P42619,83333,,5.001141,14.010552
P23893,83333,,7.7239585,12.934907
P00909,83333,1030062.0,7.2562747,13.233604
P77549,83333,,4.828148,13.870222
P0AFU4,83333,,6.534665,13.426146
P37623,83333,,6.387146,13.554589
P0AET5,83333,,4.9743276,14.036735
P64540,83333,,12.730527,6.1787767
P00960,83333,1036192.0,8.741944,12.519104
P0A7F6,83333,,7.3042026,11.26309
P36561,83333,,5.1446743,13.925578
P77432,83333,,7.373364,12.959862
P30137,83333,,7.299821,13.484533
P0A823,83333,,7.110104,13.475883
P29208,83333,,7.508138,13.540678
P39453,83333,,5.9720592,14.036346
P00811,83333,,6.454258,14.565524
P05704,83333,,10.931164,17.192183
P06988,83333,,7.383157,13.278213
P77399,83333,,7.349627,13.247651
P77335,83333,,12.701413,6.515963
P75736,83333,,7.1650186,13.393777
P0ABS5,83333,,6.7672386,13.780902
P77768,83333,,6.6255107,13.559681
P08244,83333,,7.315501,13.31344
P0AE58,83333,,11.373611,8.220196
P46859,83333,,7.249119,13.2407255
P19925,83333,1026608.0,6.357447,13.607071
P0ABU0,83333,,7.200951,12.290684
P28635,83333,,6.590871,14.762168
P0AG27,83333,,7.5536213,13.141668
P0A8B5,83333,,7.491612,12.788767
P31469,83333,,6.9176974,11.474159
P0AAZ0,83333,,12.494864,5.964075
P06710,83333,,6.5841284,13.7855425
P0ABN5,83333,,4.961325,13.99211
P0A7J3,83333,,7.89487,13.5031805
P0AEG1,83333,,4.772541,13.795931
P77674,83333,,7.813696,12.980149
P15082,83333,,6.351378,13.340717
P0A9D4,83333,,6.926267,11.900989
P0ACG4,83333,977442.0,12.346913,6.1978655
P0A905,83333,,6.5747,14.220335
P43676,83333,,4.9842873,13.945906
P33230,83333,,13.17993,5.8104324
P0ABW0,83333,,6.9862566,13.37315
P50466,83333,,10.932118,17.19271
P39451,83333,,8.518305,12.668034
P0AAE0,83333,,4.8258896,13.865449
P75691,83333,983434.0,8.485355,12.722607
P0AAT4,83333,,5.4305267,13.807607
P25906,83333,,6.915641,12.735747
P0AEE1,83333,,6.088047,14.607785
P0C037,83333,,7.008071,12.851683
P0AD59,83333,,6.086358,14.600539
P0A6V5,83333,,7.0995145,13.319581
P0A6J3,83333,,5.2309184,13.923228
P76082,83333,,7.195484,13.4007435
P0AE30,83333,,4.721783,13.708293
P08365,83333,,5.0207286,15.561748
P25736,83333,,6.5274005,14.650972
P0A9G6,83333,,7.9115043,11.454995
P0AB01,83333,,6.019071,13.908985
P62552,83333,,5.007136,15.5810585
P0AFP2,83333,,6.360808,12.228325
P0A8U6,83333,,13.210703,5.82765
P32056,83333,,7.195969,12.508122
P52644,83333,,6.147936,14.666622
P0ACD4,83333,,7.8753343,12.571411
P36562,83333,,7.399198,12.56805
P0AAS0,83333,,12.695949,6.06093
P0AFK9,83333,,6.569212,14.751332
P64596,83333,,6.551693,14.3545265
P0A9M8,83333,,10.143533,12.800095
P76524,83333,,7.008547,13.2991295
P0A7K2,83333,,8.066903,12.644892
P0A9P0,83333,,8.277774,12.367171
P67697,83333,,6.807936,13.048876
P16919,83333,,6.681456,11.930774
P76513,83333,,13.489699,5.734806
P0ABZ4,83333,,6.868299,13.402174
P42601,83333,,5.039194,13.968686
P25745,83333,,7.485365,13.450434
P0ADE2,83333,,13.721498,5.727862
P0AD27,83333,,5.956505,14.054958
P10908,83333,,6.950216,13.4159355
P0A9U3,83333,,6.4696226,13.152837
P27833,83333,,7.6923714,13.284363
P03024,83333,,6.2459826,13.460328
Q46845,83333,,9.672199,12.395508
P0CG19,83333,,7.7515297,12.781346
P0A9Q9,83333,,7.8698015,13.521618
P76334,83333,1026673.0,12.617167,6.016522
P60422,83333,,9.475081,13.742451
P0AAP7,83333,,12.60071,6.004147
P76193,83333,,6.366091,14.547575
P17583,83333,,4.8622603,13.843315
P0AFY8,83333,,12.670638,6.203041
P0ABG1,83333,,5.1086526,13.897316
P31125,83333,,4.8339996,13.888392
P39411,83333,,7.3703203,12.626247
P76470,83333,,4.830414,13.886461
P11286,83333,,12.4408245,6.0470405
P0AF34,83333,,12.476129,5.9976463
P0AAD6,83333,,4.9128003,13.928488
Q46831,83333,,4.9771795,13.959539
P0A6P9,83333,,7.8025317,12.680373
P0AA63,83333,,5.1116495,13.929457
P27859,83333,,7.291975,13.397827
P0AE82,83333,,5.9165645,14.04865
P00634,83333,,6.5142536,14.786578
P77365,83333,,12.550202,6.1994634
P0A784,83333,,7.4939265,13.489448
P0A731,83333,,6.794293,13.277767
P69931,83333,,6.5050564,13.611733
P75801,83333,,10.525214,8.267683
P27126,83333,,7.998578,10.919489
P60872,83333,,5.0302663,14.030805
P60340,83333,,7.445773,13.525862
P37906,83333,,6.7128043,12.876118
P24207,83333,,4.8531256,13.870719
P21865,83333,,6.791606,13.745748
P33650,83333,,5.1939683,13.990919
P15070,83333,,6.891808,12.999535
P31550,83333,,6.52024,14.689033
P37610,83333,,7.044776,13.276128
P75938,83333,,6.42214,14.474219
P0A6T5,83333,,7.54816,12.137938
P39399,83333,,5.847344,13.793933
P06864,83333,,6.9659157,12.667244
P0AGJ9,83333,,7.6019006,12.998877
P75961,83333,,12.328316,6.2550673
P18133,83333,,7.5341754,13.287536
P77596,83333,,7.117562,11.857228
P10443,83333,,7.736895,13.528995
P64467,83333,,13.0177145,5.922389
P37051,83333,,7.319148,13.278573
P0DMC7,83333,,6.0931478,13.57875
P03004,83333,,6.697269,13.3547
P0AB38,83333,,6.0026927,14.632567
P68183,83333,,4.7459474,13.764129
P31802,83333,,6.318183,13.5315485
P76518,83333,,7.703502,12.981024
Q46800,83333,,7.452952,12.830234
P00582,83333,,7.3498874,13.098927
P0AGG8,83333,,7.7844753,13.458948
P37909,83333,,9.5525875,7.4380255
P37049,83333,,6.6859155,12.817493
P60293,83333,,11.305304,8.050931
P0ACV6,83333,993717.0,6.5423446,12.645352
P0ABV2,83333,,6.3923607,14.553263
P0A7N1,83333,,13.397673,5.7664857
P0A6V8,83333,,7.2159266,13.331712
P23894,83333,,5.2422204,14.02288
P30850,83333,,7.6768003,13.59883
P0AF16,83333,,4.828519,13.847249
P0A8N0,83333,,6.7880144,11.949476
Q46905,83333,,6.7736936,12.249759
P31134,83333,,6.4571857,13.287613
P30178,83333,,7.3590455,13.107118
P60869,83333,,4.995862,13.927882
P30748,83333,,7.075211,13.378597
C1P607,83333,0.0,4.6222954,14.07785
P0A6L2,83333,,7.558207,13.301724
P14175,83333,,6.4374766,13.312166
P77689,83333,,6.621196,13.528969
P31665,83333,,6.6615973,13.623762
P75959,83333,,7.316204,13.431124
Q46916,83333,,4.839075,13.920318
P0AE95,83333,,6.8179684,11.84285
P32154,83333,,5.0543895,13.947806
P31553,83333,,4.9988146,13.93706
P0C8K0,83333,,7.180598,13.233671
P39286,83333,,6.654485,13.321424
P02919,83333,,6.443098,14.544373
P45428,83333,,4.915615,13.955088
P43667,83333,,5.0451465,13.970346
P76134,83333,,6.766745,13.037102
P52044,83333,,5.8211823,13.482782
P60240,83333,,6.5879583,13.621205
P76569,83333,,8.295765,12.519965
P43671,83333,,6.3670025,14.646368
P64612,83333,,6.8241935,13.608538
P24244,83333,,12.35091,6.104452
P37387,83333,,6.5701737,14.770149
P0AED9,83333,,6.9229884,11.6080475
P27844,83333,,4.891461,13.910453
P77247,83333,,6.9639773,13.292477
P09378,83333,,5.815431,13.779309
P69411,83333,,6.0587664,14.62916
P33359,83333,,4.7772336,13.730588
P0AFP4,83333,,6.743809,12.862047
P46481,83333,1036770.0,5.742908,13.948105
P0A734,83333,,7.327801,12.287272
P0A9K1,83333,,10.781007,9.033446
P0AF96,83333,,7.101992,12.7285595
P0A6H1,83333,,7.3702292,12.71625
P52133,83333,,5.927305,13.647715
P24169,83333,,7.030619,11.974428
P0AA49,83333,,4.9480853,13.884468
P0AE26,83333,,4.7779784,13.820107
P77183,83333,,6.710991,13.586131
P0AAK1,83333,,6.878,12.180192
P07024,83333,,6.490953,14.705425
P0ACC9,83333,,7.094919,12.340954
P07623,83333,,7.012241,12.629841
P75987,83333,,13.532148,5.7850847
P0AA16,83333,,6.3748403,13.717474
P77302,83333,,5.905747,13.935162
P31677,83333,,7.2818675,13.691612
P9WN09,83332,,6.347728,12.521928
P9WGX3,83332,,6.0680995,12.830986
P9WP93,83332,,6.25645,12.758587
P95087,83332,,5.967392,12.3727
Q6MWW2,83332,,6.252904,12.62992
O06216,83332,,6.2597017,12.849997
P9WQD1,83332,,6.175978,12.600196
P9WM45,83332,,5.282101,12.330986
P9WIB5,83332,,6.2382793,11.951588
P9WGH1,83332,,5.739351,12.668758
P9WPE5,83332,,8.282606,12.927867
P9WHS1,83332,,7.3884363,13.330988
O53921,83332,,6.322297,13.25167
P9WPS7,83332,,6.0273824,12.663134
O05805,83332,,6.056913,12.5797
P9WPS9,83332,,6.358851,12.771444
P9WFF7,83332,,6.441908,12.709176
O33189,83332,,6.1460114,12.978683
P9WKY7,83332,,6.1593456,12.835706
O53158,83332,,7.5619903,12.19811
I6WZG6,83332,0.0,6.534999,12.244637
P9WHF7,83332,,6.9937305,13.255211
P9WJI5,83332,,6.226412,12.831913
P9WGP1,83332,,5.3524055,12.612525
P9WPB9,83332,,7.4460745,12.717558
P9WMT5,83332,995146.0,5.6970396,12.441714
P9WIA9,83332,,6.028858,11.963834
P9WK37,83332,,5.207188,12.281612
O53666,83332,,7.648933,12.355212
P9WI87,83332,,12.536858,6.050548
Q10690,83332,906790.0,12.162418,5.692489
P9WHK3,83332,,6.614681,12.697563
P9WJJ7,83332,,6.7444344,12.927258
O07414,83332,,5.233214,12.351808
O05888,83332,,5.7524595,12.212669
P9WQD9,83332,,7.6660833,12.743021
O33329,83332,,5.7977023,12.359305
P9WFT9,83332,,7.5673976,12.849814
P9WMZ9,83332,,5.472272,12.434754
P9WGN1,83332,990764.0,6.336759,13.72646
P95189,83332,,6.206761,12.775485
P9WJD9,83332,,12.155712,5.675035
P9WNE5,83332,1033177.0,7.005733,12.288723
P9WIU9,83332,,7.301446,13.000017
P9WKL9,83332,,9.581859,8.6400385
P9WMY5,83332,,6.1687284,12.746763
P9WI63,83332,,5.6646194,12.497521
O69723,83332,,4.8858476,13.521764
P9WKX5,83332,,5.6592474,12.519048
P9WM83,83332,,6.3671412,11.876685
P9WP55,83332,,7.240642,12.981365
P9WHJ9,83332,,6.47882,12.842755
O33348,83332,,6.0030494,13.088592
P9WKA7,83332,,6.1196227,12.572512
P9WN43,83332,,7.05587,12.561243
P9WIG5,83332,987361.0,5.146823,12.406592
P71701,83332,,6.3315167,12.869736
P9WPE1,83332,,6.4039073,12.835824
P9WHF3,83332,,6.5698996,12.145424
P95232,83332,,12.793959,6.3702416
P9WKS1,83332,,12.148261,5.6667066
O50451,83332,,6.428924,12.33354
P9WG21,83332,987371.0,5.110716,13.267883
P96819,83332,,6.103725,12.578039
P9WML7,83332,,6.0765047,12.594604
O07226,83332,,5.9957924,12.327273
P9WPU9,83332,,8.649082,13.158388
P9WIQ7,83332,,12.212851,5.8051863
P9WFX5,83332,,6.232521,12.769443
P9WFX7,83332,,6.693384,12.914559
P9WK97,83332,,8.0972395,13.113015
P9WIU7,83332,,6.454712,12.855456
P9WQK7,83332,,6.600192,12.300939
O06169,83332,,5.672083,13.083328
P9WNU1,83332,,5.8568187,12.643612
P71799,83332,,6.9275656,11.612805
P9WFK9,83332,,7.9235287,12.952039
P9WHT1,83332,,6.466253,12.556325
O53417,83332,,5.4144945,12.301383
P9WJM5,83332,,6.984557,11.835297
P96277,83332,,5.275762,12.2845125
O53509,83332,,5.720072,12.277933
P96402,83332,,5.9286237,12.289605
P9WPS3,83332,,6.3709183,12.792827
O06347,83332,,5.1758866,12.340937
P9WIR5,83332,,5.5981665,12.49561
O53493,83332,,5.444129,12.537579
O05848,83332,,5.9960656,12.498613
P9WHY9,83332,,12.159006,5.657201
O50461,83332,,6.0132804,13.041603
P9WHK7,83332,,6.536083,12.5085335
P9WF81,83332,,6.3030777,12.849796
P9WGD5,83332,991161.0,11.205557,12.643519
P94996,83332,,5.9699388,12.61999
O86315,83332,1038732.0,5.715521,12.403555
O33333,83332,,6.096527,12.616866
P9WP71,83332,,3.7923625,14.598976
P9WJH9,83332,,6.4284363,12.301265
O69689,83332,,6.935872,12.794367
P95137,83332,,6.129209,12.281391
P9WFK1,83332,,6.790679,11.989882
P9WPZ9,83332,961793.0,6.5118623,12.735546
P9WFR3,83332,,6.3431816,12.792168
P95272,83332,,5.955741,12.500477
P9WNP3,83332,,6.4964633,12.803451
P9WFF9,83332,,4.998119,13.91354
P9WHG7,83332,,6.01094,13.134595
O50431,83332,,6.8158665,12.683742
O86374,83332,877852.0,6.5078573,12.886273
O06574,83332,,8.118681,12.373276
P9WQN5,83332,1034864.0,9.313678,10.332478
P9WGM3,83332,,6.417609,13.688949
P9WFR5,83332,,4.965138,13.605593
P9WKI1,83332,,10.059844,12.862911
P9WPX7,83332,,6.750596,12.8791895
P9WLR9,83332,,5.233351,12.320409
P9WH87,83332,984128.0,9.405161,13.651196
P9WHT9,83332,,6.926712,11.865663
P9WGH5,83332,,5.6630287,12.718336
P9WKD9,83332,,6.773348,12.233844
P9WMH5,83332,,5.895874,13.168788
P9WMW5,83332,988166.0,4.911968,13.675308
P9WKG5,83332,,6.403621,12.848027
O06583,83332,,6.7601867,11.589556
P9WIC9,83332,,6.6574345,12.931859
P9WJT5,83332,,5.220359,12.303632
O06777,83332,,5.0027018,15.5878315
P9WQJ7,83332,,5.8888164,12.682978
P9WQK9,83332,,6.357166,13.140158
P9WQ17,83332,,6.3959074,12.556971
P9WMY7,83332,,5.978874,12.597263
P9WKQ1,83332,,5.1606503,12.258198
O06546,83332,,5.367386,12.787921
O06278,83332,,5.5568705,12.003529
P96833,83332,,5.141459,13.837571
P9WPJ5,83332,,6.6607885,12.48579
Q79FX8,83332,,6.8110747,12.374929
O53516,83332,,6.490527,12.909083
P9WKA3,83332,,5.8773656,12.487048
P9WPZ5,83332,,6.7940784,12.98141
O53778,83332,,5.001496,15.591429
O86331,83332,995503.0,5.7289705,12.741372
P9WN99,83332,,4.903722,13.680567
O53489,83332,,5.172583,12.238602
P9WHC3,83332,,9.0622225,13.447812
P9WPY7,83332,,7.3838034,12.572975
P9WIT1,83332,,7.515426,12.788092
P9WJS3,83332,,6.643595,12.597188
P9WHU3,83332,,5.1561446,12.289329
P9WG43,83332,,7.370727,13.018357
P9WHY3,83332,,12.164142,5.660616
P9WGV7,83332,,6.3012877,12.726823
P9WP01,83332,,6.332023,12.6945095
P9WMM5,83332,,6.6672487,12.867303
P9WKJ5,83332,,7.136025,12.777258
O53406,83332,,6.427803,12.759158
P9WPF3,83332,996717.0,6.9474363,12.898815
P9WKB7,83332,,5.9879827,12.525047
O53692,83332,,12.007044,5.390628
P9WH35,83332,,8.660231,13.373786
P96409,83332,,5.2273765,12.193793
O06570,83332,,5.887851,12.091677
P9WM73,83332,,5.734618,12.054542
P96394,83332,,6.5530114,12.809863
P9WGA3,83332,,5.923805,12.63308
P9WI57,83332,,7.637931,12.8952875
P9WNU3,83332,,6.180229,12.821034
P9WPI3,83332,,5.7346797,12.3939495
P9WPR9,83332,,7.2753215,11.965019
O07430,83332,,6.8827295,12.558327
O07427,83332,,6.261877,12.771871
O86326,83332,,18.712254,9.451826
P9WQ57,83332,,6.006751,12.609974
P96812,83332,,5.62104,12.823208
P9WPV7,83332,,4.9575057,13.926584
P9WKH7,83332,,6.122096,12.60124
P96267,83332,,6.1264644,12.660054
P9WQ55,83332,,6.0164647,12.583265
P9WFD7,83332,,5.8672624,12.595647
O50455,83332,,5.560212,12.576928
P9WGF1,83332,,4.833327,13.935785
P9WH13,83332,990771.0,6.954893,12.473595
Q93IG6,83332,,5.5389457,12.377514
O07788,83332,,5.257614,12.404252
P9WFD5,83332,,5.7583513,12.520877
P9WMQ1,83332,,6.5678725,13.156134
P9WNR3,83332,,5.239797,12.34425
P9WIK1,83332,,6.875603,12.178674
P9WIR1,83332,,5.419354,12.781421
O53907,83332,,6.0433555,12.639693
O53494,83332,,6.157541,12.808643
P9WJL7,83332,,6.3185973,12.815428
P9WJM7,83332,,5.9163475,12.56218
O53196,83332,,5.922786,12.1984
P9WH61,83332,,9.139274,13.760593
P9WIS1,83332,,6.756494,12.729786
P9WNB9,83332,,5.9916725,12.621772
O86335,83332,,5.9209285,12.611878
P71552,83332,,6.560654,12.321456
O05316,83332,,6.215595,12.593088
P9WK09,83332,,13.172748,5.9001803
P9WPP1,83332,,6.1140795,12.482969
P9WFJ7,83332,,5.39103,12.502325
Q79FP2,83332,,5.0975523,12.474935
P9WJW7,83332,1037508.0,5.407028,12.5477
P9WFC3,83332,,5.000897,15.595375
P9WHK5,83332,988166.0,7.0147867,12.845308
P9WHV1,83332,,6.6377997,12.911612
P9WK07,83332,,6.1597795,12.4394245
O53519,83332,,6.256411,12.291435
P9WP81,83332,,6.2676373,12.683
P9WNP7,83332,,6.7422237,12.834125
P9WIZ1,83332,,6.5310445,12.629543
O53931,83332,,6.64646,12.932894
P9WJ17,83332,,5.001434,15.58871
P9WFI9,83332,,5.873901,12.6052475
P9WH53,83332,,11.258824,9.196739
P9WPP9,83332,,6.171649,12.419287
P71745,83332,,4.820254,13.707455
P9WPC5,83332,,7.5075645,12.829225
P9WJK7,83332,961679.0,6.032484,12.564114
P9WNK5,83332,,11.998641,5.385297
P9WQ35,83332,,5.8477035,12.504131
P9WF75,83332,,6.2626243,12.715474
P9WNJ9,83332,,12.00445,5.391821
P9WFF5,83332,,6.39513,12.741837
P9WNT7,83332,,7.369866,12.930058
P9WIM5,83332,,6.613236,11.947984
P96217,83332,,5.5403266,12.479321
P9WH43,83332,,7.2514105,12.805264
P71750,83332,,5.2448516,12.319395
P9WL67,83332,,6.181225,12.293664
Q6MWY3,83332,,6.9458346,13.083788
P9WFK7,83332,,5.9694877,12.63834
P9WN27,83332,,5.752457,12.53832
P9WK63,83332,,5.211674,12.310921
P9WPJ7,83332,,6.874249,13.045441
O53777,83332,,5.982411,12.342338
P9WG97,83332,,5.2425838,12.814119
P9WIL7,83332,,6.957819,12.795572
O06376,83332,,6.4534698,12.964204
O53245,83332,,18.709522,9.452136
P9WGL9,83332,,6.366015,13.73412
P9WQM1,83332,,6.2873263,13.070381
O53346,83332,,5.4899306,12.56822
P9WPR1,83332,,6.3127465,12.885248
P9WLL9,83332,,6.2913637,12.254707
O05780,83332,,12.447688,5.9615445
O53979,83332,,6.178614,12.207364
P9WJK3,83332,,5.455477,12.535456
P9WMI7,83332,,6.117721,13.068397
P9WJT9,83332,,5.451565,12.450128
Q6MX01,83332,,5.7520895,12.170536
P9WQ43,83332,,6.0919394,12.641051
P9WHP1,83332,,6.5273995,12.918547
O07233,83332,,6.932929,13.372919
P9WLD7,83332,,6.0843916,12.376255
P9WNA1,83332,,5.3489084,12.335066
Q50616,83332,,6.7407174,12.653243
P71623,83332,,6.210091,12.787668
P9WPG9,83332,,5.2453895,12.424966
P9WG45,83332,,6.6453404,12.241301
P71814,83332,,6.3526406,13.7194605
P71806,83332,,5.9757314,12.633002
P9WQ73,83332,,6.285439,12.496901
P9WLX7,83332,,12.830017,6.061326
P9WPX9,83332,,6.476279,12.834419
O53311,83332,,6.1206684,12.480537
P96281,83332,,5.984572,12.60078
P9WJD5,83332,,5.59005,11.950258
O50393,83332,,5.9501443,12.648925
P9WP97,83332,,6.2124157,12.890544
O53863,83332,,6.098385,12.621589
O05592,83332,,5.1400576,12.282995
P9WPY5,83332,992188.0,6.0985155,12.699539
P9WH23,83332,,6.6701236,11.636612
O05896,83332,,4.884986,13.7896805
P9WPM1,83332,,6.0165477,12.577038
P9WLH1,83332,,6.1192064,12.17836
P9WPX3,83332,,7.3621025,13.0841255
P9WL31,83332,,6.2677765,12.737434
O05591,83332,,5.9177628,12.5220785
P9WPN5,83332,990804.0,6.019277,12.505589
P9WH77,83332,,6.7767725,12.602031
P9WL37,83332,,6.0632725,12.619303
O69724,83332,,6.406295,13.161791
O07726,83332,,5.1932006,12.28449
P9WNU5,83332,,6.6192803,13.025295
P71751,83332,,5.996787,12.544352
P9WGQ3,83332,,6.990099,12.678691
P9WHG9,83332,,7.0227575,13.101088
P9WQE5,83332,,5.979556,12.602303
P95006,83332,,5.0000844,15.577435
P9WH55,83332,,8.193371,13.132714
P9WF09,83332,,6.013745,13.108895
O05306,83332,,6.539029,12.79389
P9WLP5,83332,,9.403142,8.742878
P9WL19,83332,983277.0,6.0786123,12.428221
Q79FH3,83332,908326.0,12.191792,5.66948
P9WJY3,83332,,5.062893,13.259229
P9WJ77,83332,,5.4303007,12.686145
O53448,83332,,5.1787577,12.25039
P9WGM7,83332,,6.357084,13.727228
P9WQ79,83332,,7.6245866,12.956728
P9WJB1,83332,,5.2946787,13.494564
O06144,83332,,7.561935,12.61558
P9WP65,83332,,5.7370076,12.481079
O50435,83332,,5.824137,12.279238
P9WM69,83332,,5.70237,12.128004
P9WPL5,83332,,6.1229334,12.503253
P9WIN9,83332,,5.1651673,12.284323
O53664,83332,,6.0193152,12.549889
P9WNM1,83332,,7.779544,12.807142
O07763,83332,,13.263216,5.828188
P9WPS5,83332,0.0,5.632797,12.374572
P9WMW9,83332,961232.0,6.2101417,12.555322
Q6MX39,83332,,7.0293884,12.39816
L0T905,83332,0.0,5.6259456,12.036098
P9WNX9,83332,,7.638508,13.129437
O69687,83332,,6.128709,12.46751
P9WFX1,83332,,5.8760715,12.479165
P9WGI9,83332,1028317.0,6.619769,12.61636
P9WF19,83332,,5.003951,15.583829
O53561,83332,,7.235738,12.384808
P9WLZ3,83332,,6.2525506,12.625212
P9WJ23,83332,,5.0024037,15.593634
O06582,83332,,6.3080587,12.322879
P71785,83332,,6.909711,13.1929245
P9WI09,83332,988175.0,12.155418,5.6671433
P9WKM1,83332,,5.7563524,12.29184
P9WPZ3,83332,,6.322541,12.674233
P9WGW3,83332,,6.4866195,12.95307
P9WGE9,83332,,5.1714363,12.302628
P9WH81,83332,988586.0,8.782235,13.283588
P9WIL5,83332,,6.280319,12.666297
P9WMH1,83332,,5.6841455,12.539794
P95187,83332,,6.1607757,12.454198
P96368,83332,,5.5620294,12.453856
P95059,83332,,6.7980394,12.711621
P9WLY1,83332,,5.903022,12.43171
P9WKZ1,83332,,6.622128,12.852346
P95197,83332,,5.777635,12.389755
P9WN47,83332,,6.423131,12.857778
P9WPE3,83332,992347.0,6.599509,12.794194
P9WMB9,83332,,5.7050266,13.16147
P96233,83332,,5.690634,12.101178
P9WGV9,83332,,6.4343057,12.903046
P9WNQ7,83332,,5.6256466,12.349707
P9WG87,83332,,5.1311216,13.057729
P9WHD7,83332,,9.472113,13.717473
P95072,83332,,6.254243,12.612851
P96408,83332,,5.4765563,12.430064
P71538,83332,,6.3463707,12.644487
O05444,83332,,5.2801123,12.162038
O06585,83332,,5.932703,12.587762
P9WHB3,83332,,10.533507,10.579606
P9WNN3,83332,,6.1280503,12.621565
O33187,83332,,5.6729245,13.026535
P9WQ21,83332,,6.1657057,12.651886
P9WHB5,83332,,7.5551343,12.904207
P9WLC7,83332,,6.4525924,12.98231
P9WMN5,83332,1029732.0,7.663648,12.862159
P9WGQ9,83332,,7.3610144,12.2906885
O05296,83332,,5.6544595,12.604306
Q6MWW7,83332,,13.651698,1.842381
P9WMZ5,83332,983434.0,6.420535,12.792524
O05461,83332,,5.359756,12.39273
P9WQH7,83332,,8.324287,12.674409
P0CL61,83332,,4.9948506,15.5942
P9WQ41,83332,,5.9471626,12.575939
P9WQ09,83332,0.0,6.0910397,12.8316965
P9WMQ9,83332,990815.0,5.876746,12.572184
P9WQL7,83332,,6.369491,13.169661
P9WG01,83332,,4.728575,13.740638
O53361,83332,,5.8478866,12.021668
P9WGK5,83332,992287.0,5.6772604,12.449324
P9WJL5,83332,,6.0661716,12.894077
P9WFV7,83332,,8.017564,12.607276
P9WN45,83332,,6.7709365,12.595214
P71619,83332,,5.3271775,12.517334
O53482,83332,,6.417375,13.190967
O33321,83332,,5.8732734,13.144069
P9WG57,83332,,6.669494,12.260616
P9WKI5,83332,,6.156782,12.236328
Q79FT7,83332,,4.91154,13.914466
P9WMI1,83332,,6.439916,12.329123
O53953,83332,,5.1982994,12.308999
P71744,83332,,5.287194,12.376844
O05900,83332,,5.513687,12.511173
P71738,83332,,5.7040124,12.013596
P9WL93,83332,1029086.0,6.09343,12.658155
P9WLV5,83332,,6.2352366,12.312086
P9WMG1,83332,,5.859013,12.566204
O53157,83332,,6.6227574,12.551516
O07166,83332,,5.8039503,12.683845
P96824,83332,,6.5000286,12.782806
P9WH45,83332,990844.0,13.587321,5.629256
P9WHQ9,83332,961247.0,7.257461,12.96569
A0A089QRB9,83332,,6.064291,12.635539
O69704,83332,,5.52537,12.44415
O50462,83332,,5.0030866,15.586694
P9WLG7,83332,,5.181284,12.24319
P9WPB1,83332,,6.7366505,12.348782
P9WIX5,83332,991688.0,5.980757,12.59005
P9WN93,83332,,7.4902534,11.856578
P9WK85,83332,,6.3126,12.698583
P9WGC1,83332,,5.9554,12.581916
P9WPK3,83332,,6.9398036,12.88111
P9WKA9,83332,,5.76463,12.424734
P71830,83332,,5.6376295,12.85579
P9WJV3,83332,,5.3811207,12.542272
P9WP13,83332,,5.9844832,12.499907
Q6MX18,83332,,12.01845,5.4052005
O53486,83332,,5.8852825,12.277237
P96826,83332,,6.7285075,12.782995
O07179,83332,,7.1130667,12.233038
P9WNE9,83332,,6.2852216,12.815507
P96859,83332,,6.492736,12.643952
P71875,83332,,6.893696,11.761909
P9WMU9,83332,983368.0,5.773301,12.446461
P9WGU7,83332,990889.0,5.1622376,12.261734
O53178,83332,,18.660173,9.403236
P9WG89,83332,,5.1185594,13.08598
P9WGJ7,83332,,6.2195573,12.580145
P9WGJ3,83332,,5.536837,12.521525
P9WQE9,83332,990308.0,5.9776816,12.637334
P9WGT1,83332,,7.403259,12.251412
O69727,83332,,5.9355397,12.626067
O07784,83332,,5.233096,12.313856
P9WP51,83332,,7.088619,12.911239
P9WL45,83332,,6.561981,12.353094
O86337,83332,,5.18549,12.26477
P9WK29,83332,,5.9332123,12.166646
P9WJ05,83332,,6.0276766,12.263467
P9WMW1,83332,,6.227035,12.647009
O06802,83332,,6.705521,12.530899
O07248,83332,,6.6980767,12.93061
O53716,83332,,12.893526,6.01661
P9WL13,83332,,18.686153,9.426663
P9WNF3,83332,,5.131157,12.382024
P9WGY9,83332,,7.2305317,11.212829
P9WPU7,83332,,7.031995,11.90959
P9WK17,83332,,12.721181,6.4223986
P9WHV9,83332,,6.6020346,12.266962
P9WMU7,83332,,5.7055306,12.408821
P9WNZ5,83332,,6.5317535,12.03653
P9WNX7,83332,,7.587862,13.076844
P9WPQ7,83332,,6.8635683,12.827134
P9WFL5,83332,,5.26645,12.244058
P96401,83332,,5.4929876,12.2112255
P9WIS9,83332,,6.8913164,11.804165
P9WN81,83332,,6.2579875,12.656609
P9WMJ3,83332,990764.0,6.206991,13.520485
P9WNG7,83332,,7.873592,12.8366585
P9WH75,83332,,7.402666,11.202505
P9WHR5,83332,,5.224805,12.32863
P9WLK1,83332,960383.0,13.23165,5.7950573
P9WPV9,83332,991409.0,6.856636,11.885468
P9WJB7,83332,,5.818294,12.633558
P9WK35,83332,,6.7198753,13.01297
P9WNA5,83332,,5.768923,12.376212
P9WNI9,83332,,12.000516,5.374393
P95029,83332,,5.9646354,12.269764
P9WGB3,83332,,6.1751738,12.736937
P9WMK3,83332,,5.720202,12.529157
P9WK59,83332,,5.189539,12.261138
O06597,83332,,5.854305,12.604543
P9WIV3,83332,,7.2132163,12.935891
P9WI65,83332,,5.7138886,12.5477495
P95125,83332,,6.130684,12.607524
P9WNR7,83332,,5.1494646,12.28068
P9WI41,83332,,12.135484,5.6825686
P9WGN5,83332,990642.0,5.159404,13.867329
P71968,83332,,6.046353,12.621727
P9WFZ5,83332,993046.0,5.8803873,12.623302
P9WKE5,83332,,6.8193774,12.987803
P9WHI5,83332,,5.852414,12.734902
P95223,83332,,6.6451645,12.69346
O69690,83332,,5.573714,12.013133
P9WIG7,83332,,12.048985,5.429719
P9WJG5,83332,,5.587691,12.004146
O86327,83332,877263.0,6.8359175,13.047722
P9WGV3,83332,,7.169131,11.569026
P9WMM1,83332,990902.0,6.4924197,12.912468
P9WIT5,83332,,6.135324,11.965079
P9WKR5,83332,,5.50775,12.474594
P9WLL7,83332,,5.9835386,12.3735075
Q79FS8,83332,,12.981183,5.6806474
P9WIQ5,83332,992675.0,5.948333,12.618088
O53896,83332,,5.118621,12.429455
P9WLX5,83332,,6.443529,12.712148
P9WJW5,83332,,6.6048465,12.331573
P9WFE1,83332,,6.495932,12.816787
P9WH31,83332,,7.12052,12.978725
P9WIA3,83332,,6.4820223,12.417735
P9WJE9,83332,961495.0,5.703266,12.2312975
O06367,83332,,6.234733,12.683776
O07251,83332,,6.432576,12.73975
Q79FI9,83332,,11.998302,5.7167788
Q79FN7,83332,,7.013483,12.193908
Q54LV6,44689,49963.0,11.267925,6.7477045
Q54F93,44689,801764.0,8.797845,11.4013605
P13833,44689,53544.0,12.4546,13.962717
Q55BR7,44689,802773.0,10.575635,7.572936
Q9GSB0,44689,802825.0,7.9752564,8.668643
Q54LH0,44689,51254.0,10.902045,6.782016
Q9GV71,44689,51950.0,10.972213,6.479635
P07670,44689,815327.0,7.7476473,11.661822
Q54DL1,44689,49188.0,8.008916,8.742026
Q54X06,44689,806133.0,10.866016,7.1783547
Q54Y53,44689,52224.0,9.961688,7.153303
Q54K24,44689,801531.0,7.8772817,8.653314
Q54UH8,44689,802596.0,8.173961,12.652348
Q54MB4,44689,804892.0,8.39393,11.967709
Q54BT5,44689,802754.0,8.029519,8.738313
O15816,44689,49457.0,10.988436,6.5143056
Q54NU8,44689,51774.0,10.850235,6.585265
Q54B10,44689,801977.0,8.788554,11.471946
Q86K93,44689,803240.0,10.518304,7.7649136
Q1ZXQ8,44689,801622.0,10.652808,7.3682165
Q55E26,44689,53756.0,10.744929,6.9378605
Q55C57,44689,51039.0,10.788249,6.8058295
Q54EJ9,44689,802603.0,7.0992594,8.9714365
Q55BM4,44689,1027301.0,8.688941,12.910577
P34092,44689,801816.0,11.069094,11.755097
Q55FI1,44689,807529.0,8.539473,12.244146
Q54H57,44689,50114.0,9.950583,8.312617
Q8T2A4,44689,803586.0,10.789545,7.794341
Q9XZE5,44689,1027981.0,10.47802,15.590944
Q54KL2,44689,802524.0,8.486234,10.697621
Q54Q68,44689,803111.0,7.242906,7.391679
P18142,44689,802656.0,7.590763,7.748462
O15743,44689,49487.0,10.752279,7.169605
Q54K81,44689,801468.0,10.473266,9.346987
Q54P51,44689,801877.0,9.117905,11.070804
P54653,44689,51166.0,12.702232,14.121129
Q1ZXG4,44689,802363.0,8.768704,11.250497
Q54Z85,44689,811499.0,10.635439,6.913301
Q55BY0,44689,51016.0,11.203894,6.4807005
Q54I22,44689,802096.0,8.436047,10.400671
Q54HH2,44689,804963.0,8.278635,12.476293
Q6S003,44689,52280.0,10.869813,6.780034
Q1ZXF7,44689,1027542.0,7.9754205,12.404849
Q554C5,44689,801468.0,11.056062,6.420975
Q8WQ86,44689,801554.0,10.982872,7.2459264
Q86AT8,44689,52065.0,10.126029,10.080178
P34123,44689,802234.0,9.355986,10.334149
Q76NU3,44689,1027301.0,8.679055,12.88539
Q54KR1,44689,801684.0,8.168497,11.088607
Q54PK9,44689,801468.0,10.973496,6.607115
Q54SH8,44689,51334.0,8.084001,8.575969
P36409,44689,801484.0,16.13583,13.622154
Q557H7,44689,49356.0,10.946797,6.653289
Q556S4,44689,805603.0,10.713257,7.1896014
Q54TY4,44689,1027750.0,8.421475,11.472936
Q86IZ4,44689,51310.0,12.248688,7.4310026
P54647,44689,1027409.0,7.250055,11.685904
Q54MM9,44689,52250.0,11.275872,9.242501
Q54ER9,44689,50756.0,11.168985,6.575037
Q54HC2,44689,53100.0,12.44693,13.967745
Q54PV1,44689,49839.0,10.988934,6.635565
Q95NZ8,44689,806028.0,9.29624,9.881222
Q54LF5,44689,52054.0,9.941618,7.0612845
Q01501,44689,52257.0,10.045935,8.745901
Q54SA0,44689,802492.0,10.362037,10.857946
Q54F87,44689,803575.0,13.322637,5.9278026
Q54FY7,44689,801877.0,9.022563,10.663179
Q54F20,44689,803154.0,10.749312,6.8622494
Q55C62,44689,50375.0,12.549149,14.010759
Q54IA6,44689,53680.0,10.9153385,7.3485184
Q8T137,44689,802214.0,8.417423,12.276034
Q54WJ0,44689,51542.0,11.01394,6.677028
Q54CA8,44689,803094.0,10.749104,7.0999265
Q55BN0,44689,50378.0,10.89345,6.459488
Q556J3,44689,804756.0,11.058987,7.6712728
P13021,44689,805168.0,9.771905,9.678276
Q555X5,44689,49424.0,11.019685,6.571676
P15649,44689,0.0,13.165458,7.043169
Q54JT7,44689,802045.0,8.075246,8.006867
Q55E74,44689,803615.0,10.780717,6.9080515
Q55D99,44689,53320.0,11.037773,6.679876
Q55GV3,44689,801468.0,13.512893,11.525407
Q54V32,44689,0.0,13.981486,7.826615
O77082,44689,801972.0,11.223103,9.325677
Q55BN8,44689,801468.0,13.990644,11.609691
Q54VA2,44689,1027840.0,7.631421,11.694735
Q54RD6,44689,1027981.0,10.479085,15.592315
Q86G47,44689,52000.0,11.054272,6.49756
Q54GC1,44689,803530.0,8.459641,12.3252
Q8T686,44689,801531.0,8.007827,8.6269245
Q54ET0,44689,815386.0,8.086225,8.573667
P34042,44689,807520.0,10.68641,14.47424
P34043,44689,807520.0,10.688719,14.501167
Q552C6,44689,53408.0,10.548935,6.8823385
Q55DN5,44689,52180.0,10.605685,6.9653187
Q23924,44689,805467.0,10.321911,10.54941
Q54P69,44689,0.0,9.987712,7.1603436
Q54RN0,44689,813358.0,11.113788,8.189434
Q54TD0,44689,803007.0,7.3535476,7.7408752
Q54YD3,44689,802759.0,8.875618,10.867008
Q54SK0,44689,802109.0,8.208439,10.193256
Q54WZ2,44689,1034244.0,11.161894,7.670541
P08799,44689,801468.0,11.756803,8.959979
Q54ND5,44689,804909.0,10.267437,7.2073445
Q54D13,44689,802388.0,8.79699,10.77044
P16894,44689,807520.0,10.69028,14.517353
P13466,44689,801527.0,9.581911,11.175302
Q65YR7,44689,803665.0,8.72191,11.185133
Q54Y09,44689,1027406.0,7.299735,11.502809
Q54BM7,44689,51928.0,10.631218,7.6242723
Q9GPS3,44689,802052.0,16.094797,13.66753
Q8MYF2,44689,801484.0,13.808772,11.165631
Q54XP4,44689,801943.0,10.017712,10.168428
O97470,44689,801800.0,4.874907,9.206833
Q552D1,44689,51779.0,10.069972,7.118651
Q54CS2,44689,53546.0,9.999453,9.939793
Q8WSR7,44689,803112.0,7.1593027,7.3703556
Q55FF7,44689,52715.0,11.009314,6.627535
P32073,44689,1033102.0,8.59964,10.597004
P35401,44689,51532.0,10.964909,6.5745606
P36967,44689,1027626.0,9.645828,12.701185
Q27563,44689,801886.0,3.1865923,9.44511
Q54WT8,44689,801918.0,17.214518,14.315073
Q54M77,44689,52092.0,10.747075,6.8899612
Q54LT0,44689,813564.0,9.54824,8.941484
Q55FF3,44689,801548.0,8.141335,10.639815
Q23921,44689,801981.0,8.003656,12.042594
Q54PZ3,44689,801468.0,10.847584,6.5067816
Q54T23,44689,0.0,10.884064,6.457344
Q6B9X6,44689,815264.0,9.935309,8.924929
Q54XZ0,44689,815290.0,8.667336,11.715621
Q9Y0C9,44689,52524.0,11.028031,6.6425815
P26200,44689,53708.0,9.701485,11.249771
Q54IX5,44689,50055.0,10.653566,7.895458
Q75JH1,44689,811496.0,11.147555,6.52279
Q54EH1,44689,801468.0,12.529101,8.686467
Q54P24,44689,51139.0,10.332836,8.79549
Q558Z2,44689,50417.0,11.028812,6.6599565
Q54X80,44689,49632.0,10.058515,7.115243
Q556R7,44689,52818.0,6.8931623,7.5000505
Q55CL6,44689,50934.0,11.001331,6.5502105
P22699,44689,807878.0,7.133176,7.670442
Q54FX2,44689,53773.0,10.971077,6.5105157
Q55GQ4,44689,52831.0,10.941622,6.489899
Q55BP9,44689,801468.0,11.050084,7.045993
Q55GV9,44689,801468.0,10.638672,7.3729224
Q54LY5,44689,802892.0,10.38701,8.141
Q86I19,44689,51353.0,10.095232,7.1470466
Q86JA1,44689,802378.0,9.368515,10.240607
Q54CJ4,44689,801878.0,8.31096,9.211292
Q54RF4,44689,49789.0,12.673881,14.107449
Q54XF7,44689,50947.0,10.21701,9.772328
Q55CT0,44689,803007.0,7.8768444,8.148112
Q86AD8,44689,53277.0,10.968524,6.5256495
Q55CK2,44689,52405.0,10.8688135,7.067663
Q54SP2,44689,801468.0,10.610223,7.468199
Q54CK9,44689,811321.0,12.371361,8.268214
P20609,44689,52868.0,9.4103985,8.71128
Q54UZ8,44689,53302.0,11.038172,6.6216683
O60952,44689,51215.0,12.334136,8.772429
Q54HS9,44689,801663.0,9.937235,12.573398
Q86K89,44689,53179.0,12.910303,6.4702206
Q54YL2,44689,801695.0,8.717477,11.026951
Q54BC0,44689,0.0,10.105113,7.113541
Q54JM3,44689,804601.0,8.766782,10.885893
Q54YE2,44689,52779.0,11.386039,7.097633
P54638,44689,803206.0,8.29959,11.060697
Q86JE1,44689,53880.0,12.635037,14.071542
Q54FJ6,44689,50180.0,10.10921,7.088624
Q55AP4,44689,51722.0,10.375085,7.928431
Q55GU8,44689,802322.0,10.598679,7.7506723
Q1ZXH5,44689,0.0,12.710542,14.130481
O21050,44689,0.0,13.436563,5.595519
Q00766,44689,801665.0,6.986165,11.605042
Q54EX6,44689,802982.0,9.264609,7.7412767
P20791,44689,801484.0,16.169262,13.566052
P15519,44689,50001.0,9.889685,7.100817
P27685,44689,1027275.0,9.156632,13.720025
Q54D97,44689,50993.0,10.816418,7.0408506
Q55C77,44689,801706.0,8.290146,12.403087
Q553P5,44689,803731.0,10.299008,9.479169
Q54HY0,44689,814603.0,9.973579,7.63598
Q55CA0,44689,801603.0,10.976504,8.128611
Q869N2,44689,801468.0,11.100684,6.8266206
O97113,44689,53297.0,9.956034,7.100817
P46800,44689,804561.0,10.457242,11.382476
Q8T9W4,44689,801531.0,7.740338,8.631303
Q54T56,44689,803692.0,10.656063,8.045039
Q54XN8,44689,801490.0,10.411365,11.210847
P15520,44689,50001.0,9.926504,7.047116
Q54TF3,44689,49737.0,10.111629,7.1159925
Q556Z0,44689,804212.0,10.687508,7.9191885
Q54RL3,44689,802656.0,7.6675177,7.8463125
Q54B43,44689,53752.0,10.35142,8.134049
Q54PQ2,44689,53549.0,9.9259815,9.731962
Q54GP8,44689,804677.0,9.305096,11.081819
Q54KI3,44689,801512.0,8.869967,10.869623
P35084,44689,1033187.0,7.291392,11.025791
Q54PQ4,44689,53693.0,10.772211,8.532798
Q54B27,44689,801873.0,10.734677,7.0523696
Q54M70,44689,1027538.0,8.241783,11.088993
Q27564,44689,1027259.0,7.8972197,11.098519
Q54EX0,44689,51932.0,9.821377,8.026005
Q8T9S7,44689,52274.0,10.829996,6.9652643
Q23917,44689,803323.0,10.647522,7.0933576
Q54XG7,44689,52865.0,11.178514,6.5528674
Q54EN4,44689,802127.0,9.468599,10.80923
Q55BT7,44689,0.0,12.895429,6.0541067
Q54EY3,44689,804563.0,11.267192,12.551324
Q8ST66,44689,801531.0,7.9347215,8.675913
Q54LP8,44689,801785.0,-0.0029303166,14.947772
Q967U1,44689,811408.0,11.112088,8.385653
Q54VB2,44689,53958.0,10.948121,6.505111
Q9NCL8,44689,802550.0,9.0005045,10.65248
Q54K14,44689,803228.0,10.780293,6.9130616
Q6RZZ9,44689,50691.0,10.875429,6.8124228
Q55CR5,44689,52936.0,10.838232,7.062534
Q54PK6,44689,802542.0,10.330716,11.671296
Q9Y0B7,44689,1027981.0,10.479553,15.589042
Q54EU5,44689,803107.0,10.572649,7.2733383
Q1ZXD6,44689,52123.0,10.772699,6.900232
Q8T133,44689,51945.0,10.897786,6.435079
Q9GS21,44689,804981.0,9.512272,13.7682495
Q55AR3,44689,1028112.0,12.378092,18.132599
Q9U3X4,44689,802469.0,9.231251,12.414854
O61122,44689,53970.0,13.512299,11.359325
Q551S0,44689,51022.0,10.749871,6.952802
Q55CE3,44689,53768.0,10.893943,7.000809
Q54U85,44689,51606.0,10.9581375,7.8627934
Q55AW9,44689,804272.0,9.6865635,9.280411
Q54RJ3,44689,51355.0,11.059208,6.50009
Q54J97,44689,1027301.0,8.774212,12.972259
P03967,44689,53529.0,16.034847,13.780689
Q8I7T3,44689,51849.0,9.823947,7.272519
P05987,44689,802224.0,13.311922,11.53524
B0G168,44689,,13.500222,5.829448
Q54T02,44689,816836.0,9.913421,7.355345
Q555G2,44689,53038.0,11.08559,6.8207436
P54648,44689,802536.0,9.963537,9.827841
Q55CB7,44689,53529.0,16.10197,13.623878
Q8T6B4,44689,815289.0,11.529647,8.999493
Q54XR3,44689,52480.0,10.959929,6.49132
P52285,44689,801489.0,10.461782,5.299223
Q54J47,44689,,7.236702,11.465085
P20054,44689,1027591.0,7.8064137,11.51627
Q54DJ1,44689,51932.0,9.60627,7.756269
Q94465,44689,802283.0,7.5353537,12.075297
Q55FS2,44689,53559.0,10.607886,7.388855
Q55FT4,44689,52420.0,10.969943,6.5100727
Q54C61,44689,52587.0,11.302149,6.7740726
Q55BW0,44689,53529.0,13.769119,11.269804
Q55C03,44689,51478.0,8.131347,8.57196
Q54BU4,44689,801531.0,7.881058,8.65676
Q55BW2,44689,802064.0,9.115171,10.939713
Q55CA9,44689,53529.0,16.116144,13.638804
Q54MZ3,44689,801468.0,10.705161,11.27813
Q76P07,44689,53043.0,11.001704,6.618696
Q54YW1,44689,50501.0,10.760722,6.9059567
Q55GJ2,44689,51851.0,10.634706,7.0200343
Q7KWQ2,44689,1027289.0,8.197767,11.880696
Q54YC4,44689,51552.0,10.332358,7.185836
P90521,44689,1033143.0,8.27726,11.347338
Q9GP84,44689,49988.0,9.949961,7.069691
Q54P13,44689,801531.0,7.758627,8.630343
Q54YG2,44689,801468.0,11.312247,5.104496
O96099,44689,801821.0,8.271196,9.32255
Q54GM7,44689,49274.0,10.111899,7.080556
Q550D5,44689,53158.0,11.087949,6.4187937
O21042,44689,1027880.0,3.8397222,14.565455
Q9U1M8,44689,,10.167924,8.742116
Q54HE7,44689,1027835.0,-0.2106485,13.508893
Q54P04,44689,802448.0,8.889761,12.091048
Q9Y0T2,44689,51642.0,10.672412,7.103181
Q86I66,44689,803094.0,10.725855,7.0291452
Q869S5,44689,49385.0,10.867477,6.6655517
Q8WSV6,44689,805461.0,9.795756,8.592667
Q86IJ1,44689,801930.0,10.619037,9.964914
Q54FI3,44689,803708.0,10.393495,7.1304216
Q54JL7,44689,811337.0,10.74804,6.781039
Q54PF9,44689,1027299.0,8.408351,11.597157
P04989,44689,802365.0,7.5683217,7.3815594
Q54QT7,44689,0.0,12.673937,14.102037
Q54VB6,44689,804434.0,10.634219,7.4295263
P90648,44689,52481.0,10.502196,7.486219
Q54VQ5,44689,1028266.0,8.391479,12.156894
Q54LJ4,44689,816795.0,10.822018,6.771975
Q552E2,44689,801468.0,12.13422,7.437231
Q54X77,44689,801468.0,12.49002,13.981506
Q7Z1Z9,44689,1034246.0,9.948937,7.084751
Q54DL7,44689,49441.0,10.533166,7.567518
Q54J48,44689,1027430.0,8.280792,10.67294
Q54KJ1,44689,50669.0,11.186488,6.5221024
Q54YH4,44689,49561.0,11.006013,6.606406
Q86CZ2,44689,51570.0,10.932796,6.602345
Q7KWS2,44689,811314.0,10.108697,7.08739
P14330,44689,0.0,13.434073,6.0057883
Q86AS5,44689,1029548.0,8.510544,10.800262
Q54F55,44689,52129.0,10.913075,6.5313387
P09402,44689,53664.0,12.442317,13.95259
Q55E98,44689,51877.0,10.882694,6.6830573
P51405,44689,1027270.0,8.395454,13.224127
Q8T6J2,44689,802754.0,7.9744496,8.691843
P15269,44689,49507.0,10.052882,6.324086
Q54EC1,44689,51055.0,10.644739,6.996818
Q55FC8,44689,53953.0,10.137832,7.4122834
Q54CD2,44689,50781.0,10.934034,6.6064806
Q557I6,44689,801468.0,11.27758,6.545707
P36408,44689,801468.0,10.497047,11.386562
O00841,44689,51384.0,11.086383,6.5612354
P0CT32,44689,1027386.0,8.337489,13.205866
Q55BP1,44689,1033348.0,8.039653,8.632368
Q553Y0,44689,806016.0,8.332924,7.902081
Q75JD4,44689,803174.0,10.811677,7.320953
B0G163,44689,802477.0,10.8094225,7.142974
Q55G87,44689,802889.0,12.377436,13.875055
Q9BIW4,44689,52170.0,12.281861,8.798834
Q6S004,44689,53021.0,11.025215,6.578311
Q54JC0,44689,50038.0,10.552122,7.9470663
P13723,44689,801707.0,7.39949,7.658988
P54683,44689,52325.0,10.230052,7.1869216
P34127,44689,1029529.0,11.127386,6.454614
Q54RB7,44689,53650.0,13.376263,11.514466
Q54LV1,44689,802218.0,11.328321,9.872281
Q54CN9,44689,803173.0,8.277334,9.082076
Q556J2,44689,802997.0,8.444973,10.709789
Q551S9,44689,802942.0,10.713449,6.850085
Q54P00,44689,805208.0,7.989716,8.844673
Q54DE4,44689,53762.0,10.56182,7.2083497
Q557D2,44689,1027769.0,8.456785,11.829569
P54686,44689,801468.0,10.37729,11.215303
Q54NS9,44689,803380.0,8.442431,10.450445
Q54PX9,44689,801915.0,9.592792,12.982519
Q55GV1,44689,52517.0,11.0638685,6.537648
Q75JJ2,44689,51645.0,10.613241,7.4607453
Q54JN7,44689,801468.0,11.03894,6.4651413
B0G108,44689,803175.0,10.113017,9.535693
P54642,44689,802003.0,8.053201,9.917128
Q557G4,44689,51987.0,13.253166,5.7725825
Q54C82,44689,0.0,9.936573,7.0982685
Q54J26,44689,801495.0,13.706564,5.743234
Q9NCL7,44689,802550.0,8.956056,10.753723
Q54PP1,44689,801501.0,8.294096,9.15498
Q54XM7,44689,805190.0,3.1844497,9.443347
Q54N76,44689,802163.0,8.3136425,12.23708
Q54PP0,44689,803811.0,9.015757,10.007316
Q54DW4,44689,51117.0,10.713096,7.1013966
Q54PE2,44689,807493.0,10.553868,7.005473
Q54TF8,44689,802915.0,9.8464155,10.864945
Q54B82,44689,802042.0,10.362951,10.535017
Q54NT1,44689,815944.0,12.933074,7.1472735
Q54W40,44689,51575.0,10.81074,6.8554173
Q6TMJ3,44689,50353.0,9.943612,8.321219
Q54WK1,44689,814656.0,11.174304,4.5211573
Q55DY7,44689,801740.0,3.1898472,9.447653
Q1ZXI0,44689,813567.0,8.054286,12.643629
Q71A38,44689,,9.913993,10.071132
Q54K15,44689,813538.0,13.407719,6.0257063
Q54PB6,44689,49863.0,10.79222,6.7991915
Q54KL5,44689,801468.0,10.408695,11.330937
Q86KF9,44689,814806.0,10.625697,7.28718
O77033,44689,51862.0,11.104512,6.5484853
Q54X53,44689,802506.0,9.596515,13.715539
P33519,44689,801989.0,15.936056,13.38035
Q869Q3,44689,,10.898794,8.030868
P02888,44689,51181.0,8.714436,7.3268404
B0G140,44689,814841.0,10.843039,6.4929333
Q556Y9,44689,802490.0,10.903777,10.731202
Q75JN6,44689,801810.0,10.058173,9.544944
O96621,44689,802118.0,-0.21014084,13.508497
P34115,44689,49112.0,10.058261,7.103499
Q55FG3,44689,802688.0,10.762337,6.764265
Q54UI0,44689,51230.0,9.772997,7.2229996
Q54PE1,44689,49862.0,12.127208,6.9844394
O96668,44689,0.0,10.890955,6.404504
P19198,44689,,12.4606495,8.91281
Q55AQ4,44689,51140.0,11.051604,6.4540424
Q54RB8,44689,49797.0,8.167837,8.551888
Q54H50,44689,50109.0,10.89754,6.406747
Q55E25,44689,0.0,11.055625,6.5570397
Q95VZ3,44689,801468.0,10.179588,8.746501
Q55GF9,44689,50326.0,11.066132,6.638786
P54695,44689,51985.0,9.765989,9.370491
Q9GPM4,44689,1027397.0,8.592555,12.55194
Q54AX5,44689,801468.0,10.435487,8.968093
P36410,44689,801484.0,16.165823,13.591795
Q55C21,44689,802138.0,8.781456,11.140251
Q54T71,44689,801468.0,11.138941,6.442609
Q54YR8,44689,804459.0,8.693924,9.969047
Q8T1E3,44689,1033269.0,9.371038,9.651355
Q86AG7,44689,802960.0,8.779595,10.792733
Q94464,44689,802310.0,10.979767,10.248575
Q54WL7,44689,802569.0,8.557096,10.857553
Q550H6,44689,801484.0,16.169415,13.586588
Q54VJ6,44689,0.0,10.20912,7.025082
Q54I21,44689,802096.0,8.46143,10.393609
B0M0P5,44689,801667.0,10.164698,10.045852
Q75JY8,44689,811344.0,10.082814,9.934832
Q54Y98,44689,801468.0,12.474378,8.8486805
Q54B59,44689,802927.0,8.563116,10.587803
O96623,44689,805565.0,13.351541,5.8155236
Q9U8Q1,44689,0.0,10.0656185,7.092273
Q54JV8,44689,1027416.0,8.786876,11.710783
P14328,44689,53360.0,11.231832,5.3140206
Q86IA3,44689,801700.0,9.402228,10.883047
Q54XI5,44689,1027273.0,8.871102,13.287645
Q54YE5,44689,,9.9938965,9.045288
Q54GL6,44689,51045.0,9.939974,7.5813084
Q54R45,44689,803201.0,9.621989,8.848628
Q55BD5,44689,801746.0,9.848804,10.207195
Q94490,44689,53678.0,10.817714,10.899791
Q70GP4,44689,52872.0,11.05647,6.499318
Q54PT9,44689,52589.0,11.064366,6.4950294
P54705,44689,802171.0,12.073586,7.964563
Q55BX9,44689,53266.0,12.917782,5.98809
Q9NH03,44689,802028.0,8.8171215,11.045487
Q7KWS3,44689,809042.0,10.778051,9.650141
Q54WU1,44689,51478.0,8.121362,8.579105
Q556W1,44689,807798.0,8.466878,10.8568535
Q9BKJ9,44689,53796.0,9.921778,7.2526984
Q95ZG3,44689,51231.0,10.969863,6.60564
Q54B44,44689,0.0,10.886136,6.492341
Q54RC0,44689,51551.0,12.567943,8.771687
Q555V8,44689,52206.0,11.120114,6.7601967
O15818,44689,801938.0,10.376485,8.357133
Q54Q99,44689,802328.0,10.696103,11.37229
Q869Z5,44689,801650.0,8.081081,10.72165
Q55GH4,44689,1027398.0,10.504141,7.66684
Q55BP0,44689,802280.0,0.016200878,14.930717
Q1ZXE9,44689,53553.0,10.291424,9.644436
Q54RX7,44689,51325.0,10.996637,6.6840158
Q8MQU6,44689,1027836.0,7.394697,10.9796915
Q54QT8,44689,0.0,12.69173,14.128709
Q55D87,44689,808674.0,8.60844,10.500559
P20425,44689,801939.0,9.186402,12.1144705
Q8T6B7,44689,801771.0,9.986143,10.161933
Q559I6,44689,801468.0,7.1069846,8.930539
P54201,44689,804884.0,9.979686,9.820978
Q54KF1,44689,803803.0,10.724725,6.9535317
P16168,44689,1027271.0,9.538764,13.5755415
Q54UL8,44689,49701.0,11.023044,6.5458097
Q54U89,44689,51978.0,8.156938,8.493641
Q86B08,44689,801563.0,7.9298315,8.656975
Q58A41,44689,811663.0,10.223104,8.930687
Q1ZXJ0,44689,801880.0,7.984058,8.957513
Q54SD4,44689,801910.0,10.4423,11.152524
Q55D63,44689,807856.0,13.71602,10.853414
Q54L90,44689,52159.0,11.018671,6.730612
Q55F68,44689,52139.0,10.993217,6.469484
Q54JG6,44689,801468.0,10.980036,6.7571583
Q54R82,44689,51805.0,10.655044,6.954857
Q6XHA7,44689,53292.0,10.906577,6.505531
O96626,44689,53556.0,10.011773,9.680582
Q54CZ1,44689,51286.0,10.794077,6.8816433
Q54TH8,44689,,8.730637,12.934723
Q54UF3,44689,801833.0,8.743375,11.011017
Q54UT6,44689,1033167.0,9.26703,9.414694
Q8T191,44689,802496.0,10.424334,7.236187
Q54U72,44689,801599.0,8.231491,11.513251
Q55CR0,44689,801749.0,9.979966,9.847075
Q54GR0,44689,51268.0,11.141956,6.6278934
P48160,44689,801751.0,9.553564,13.734265
Q54EV3,44689,802176.0,7.20328,12.604532
Q557E6,44689,1027293.0,7.88733,12.606428
Q54YE7,44689,1027393.0,8.016048,12.502552
Q86HU8,44689,803235.0,8.513547,11.893509
Q54EW0,44689,53130.0,10.744967,6.8860307
Q54FQ2,44689,803708.0,10.315547,7.17214
Q54S82,44689,52551.0,11.8123665,8.13485
B0G141,44689,803249.0,10.185428,9.641524
Q54Q30,44689,801468.0,12.268143,8.020998
Q7Z203,44689,1034246.0,10.022683,7.133539
Q553N9,44689,52445.0,10.985588,6.9539647
Q86KU7,44689,802977.0,10.541108,7.481451
Q55GW5,44689,803470.0,10.731454,6.97703
Q55FT9,44689,811331.0,12.536889,8.502543
Q86B07,44689,1033200.0,7.780462,7.7587104
Q8T664,44689,49095.0,10.981154,6.4964066
Q553C7,44689,52418.0,11.276673,7.409992
P32254,44689,53529.0,16.08113,13.650548
O96624,44689,802534.0,13.704072,5.965488
Q54WR9,44689,1027418.0,7.5464544,11.491838
Q556Q0,44689,802291.0,3.1786556,9.441483
Q95YL4,44689,53701.0,12.448646,13.930607
Q54PT8,44689,53371.0,10.881416,6.5128875
Q54Q13,44689,50620.0,11.046858,6.5912447
Q54UN7,44689,52322.0,10.911812,6.6923947
Q9GRF8,44689,53673.0,10.015106,10.32791
Q54GV7,44689,51539.0,10.700927,6.944711
Q54KR8,44689,50667.0,10.096563,7.081318
P54673,44689,52050.0,10.716648,6.9400425
Q54DA7,44689,801484.0,16.224861,13.510862
Q8T131,44689,802222.0,8.477915,12.554251
Q55FW5,44689,0.0,10.02393,7.0924163
Q552Y2,44689,49468.0,10.089541,8.576199
Q86HH3,44689,52688.0,8.06361,8.4477825
Q95UQ1,44689,801988.0,9.709365,10.796754
P29505,44689,51413.0,9.989649,8.962788
Q54NG2,44689,1027353.0,9.36957,13.778201
P34140,44689,801484.0,16.154678,13.589818
P08796,44689,50079.0,10.049103,7.1184435
A0A1D8PNI0,237561,,10.30781,9.489327
Q5ANC8,237561,401834.0,11.769065,6.673015
Q5APF2,237561,1033102.0,8.025021,11.964882
A0A1D8PPQ0,237561,814509.0,9.368792,9.783456
Q9P975,237561,801579.0,9.879711,10.745886
A0A1D8PE84,237561,801531.0,7.608508,9.01307
Q5AD07,237561,404872.0,6.9066753,7.4592595
A0A1D8PFJ9,237561,405626.0,6.967566,7.3170075
Q59YK4,237561,404708.0,8.886051,8.6108265
Q5AB69,237561,401077.0,13.960447,8.145719
Q07730,237561,401491.0,7.010258,7.287059
A0A1D8PG81,237561,793066.0,6.5983605,8.936188
Q5A1M5,237561,406030.0,12.80855,6.9213395
Q5A7S4,237561,819717.0,7.0767665,8.982075
Q59X47,237561,817991.0,11.569765,7.4730415
Q5ANJ9,237561,401999.0,11.430476,7.9093795
A0A1D8PJ01,237561,1027976.0,7.69343,9.430057
A0A1D8PMA5,237561,405896.0,11.250859,6.9142594
Q59QN7,237561,1027635.0,8.428361,11.426093
A0A1D8PRE0,237561,801604.0,11.348158,7.3308263
A0A1D8PLC9,237561,801555.0,12.843539,6.0785794
Q59MJ1,237561,401566.0,11.471408,7.098788
A0A1D8PK25,237561,792959.0,10.328856,9.508565
A0A1D8PGJ9,237561,,12.955728,6.4179225
A0A1D8PS46,237561,,7.299247,8.967884
A0A1D8PEJ5,237561,401767.0,11.058262,7.4257
Q5AMJ5,237561,402124.0,6.7639127,7.2336965
Q59UR2,237561,477494.0,9.350336,7.8190064
Q5ABC5,237561,803797.0,10.561105,8.581617
A0A1D8PSK4,237561,401757.0,11.155971,7.8084283
O13289,237561,1028632.0,7.0914083,11.244898
A0A1D8PEM4,237561,805461.0,9.603014,8.873821
A0A1D8PPB2,237561,405511.0,9.401361,8.660547
A0A1D8PIH6,237561,405475.0,9.770326,9.158768
A0A1D8PDC4,237561,1029316.0,7.5226564,11.512107
Q5AK53,237561,,8.286909,11.262914
Q59PZ6,237561,802959.0,8.517036,11.878158
Q5ADN1,237561,802228.0,10.389834,8.518197
A0A1D8PQM2,237561,405291.0,8.37566,9.186279
A0A1D8PQI2,237561,401900.0,6.6818185,7.144601
Q59K07,237561,807583.0,10.741397,6.9812617
Q59YF0,237561,792959.0,10.305813,9.577959
P30575,237561,1027309.0,7.760752,12.6851845
P40954,237561,401778.0,6.848808,7.383765
Q5A741,237561,404583.0,7.451136,8.999133
Q59LL5,237561,1027399.0,7.9043036,12.646329
Q5ALX8,237561,803006.0,8.182608,12.159314
Q5AMG5,237561,801940.0,11.02337,9.378508
A0A1D8PIK2,237561,,11.462062,7.575137
A0A1D8PHN5,237561,401724.0,8.505752,8.727591
P43069,237561,405905.0,11.408005,7.5238075
P0DJ06,237561,404613.0,7.365391,7.705956
Q5AP52,237561,401744.0,6.6435084,7.1183896
P83784,237561,1027381.0,9.546509,12.027569
A0A1D8PSQ3,237561,801468.0,10.0378685,10.438102
Q5AC08,237561,404613.0,7.450968,7.7062616
Q59WG7,237561,405584.0,10.632236,7.8152723
A0A1D8PQ34,237561,801531.0,7.786562,8.677111
Q59W33,237561,1030684.0,8.447521,11.971015
A0A1D8PKC9,237561,802310.0,11.088267,10.220496
A0A1D8PH17,237561,805627.0,7.424564,12.078501
A0A1D8PR83,237561,482095.0,10.675027,8.663536
A0A1D8PDT3,237561,1027247.0,9.081539,13.699358
A0A1D8PI19,237561,803398.0,8.439752,8.887639
Q5A0N3,237561,802571.0,7.446074,11.223829
A0A1D8PD79,237561,482082.0,9.144126,8.9836235
A0A1D8PIG5,237561,802840.0,10.127138,9.820355
Q5A352,237561,801758.0,10.585971,8.272602
A0A1D8PGI8,237561,1033261.0,9.246771,12.644217
A0A1D8PND0,237561,801631.0,9.489174,10.236035
Q9HEW1,237561,802224.0,13.433965,11.412157
A0A1D8PQK6,237561,793026.0,7.636514,9.495632
A0A1D8PNW1,237561,405165.0,6.81626,7.410163
A0A1D8PFP9,237561,401903.0,11.118464,7.9294915
A0A1D8PSH3,237561,802312.0,7.405777,10.921325
Q5AND0,237561,802165.0,7.3510904,11.946834
A0A1D8PP94,237561,817659.0,9.902376,9.575332
A0A1D8PD60,237561,405808.0,11.169771,7.3860683
Q5A4X5,237561,482940.0,11.339175,7.1864657
Q5ALN1,237561,405495.0,10.874122,7.506054
Q5ALY1,237561,404677.0,10.630893,7.935759
Q5AMQ6,237561,406052.0,11.471396,6.977425
P46589,237561,404991.0,11.835527,6.6434464
P83777,237561,803046.0,9.25897,9.557093
A0A1D8PRE2,237561,801477.0,8.836716,10.451965
Q5ALY0,237561,406044.0,11.175631,9.625471
A0A1D8PRR5,237561,,7.3392434,11.6100025
Q5A678,237561,482790.0,9.372014,11.580741
Q5AB84,237561,792984.0,12.368367,9.028099
A0A1D8PU51,237561,1029495.0,8.442406,12.071115
Q5A5B0,237561,793026.0,7.7923007,9.335027
A0A1D8PCM6,237561,801531.0,7.862702,8.687361
A0A1D8PU31,237561,406367.0,11.72383,7.812713
A0A1D8PRG5,237561,801494.0,10.012498,10.142135
A0A1D8PPE6,237561,,7.148664,7.866798
Q5A7M2,237561,803531.0,9.6172695,8.99423
Q5A328,237561,,9.232538,9.026349
Q59WV9,237561,802622.0,12.49462,9.006226
A0A1D8PLN4,237561,,10.871416,7.8116684
A0A1D8PJG4,237561,404715.0,11.340154,8.582981
A0A1D8PCD8,237561,,8.394886,9.07876
Q5A904,237561,405659.0,13.781584,11.290603
A0A1D8PNP3,237561,802603.0,7.002368,8.925151
Q5A8K2,237561,1027294.0,8.438835,11.876503
A0A1D8PCV7,237561,802569.0,7.6940618,11.201534
Q5ANP2,237561,804960.0,10.088518,10.058192
P82610,237561,1029587.0,7.858812,11.371018
A0A1D8PFH4,237561,405045.0,12.025318,7.528113
A0A1D8PT36,237561,405945.0,11.450275,7.790269
A0A1D8PRZ6,237561,405525.0,11.765963,6.6727166
Q5ADM7,237561,1027400.0,7.7591405,12.21016
A0A1D8PNX9,237561,401795.0,12.03697,6.804961
A0A1D8PS56,237561,1029382.0,8.119745,11.11865
Q5AG89,237561,1027455.0,8.213508,12.439025
A0A1D8PRQ1,237561,804700.0,8.112631,11.882698
Q5AJC1,237561,803092.0,10.70822,7.056635
Q5ACW5,237561,476998.0,10.265938,8.610142
Q5AMR2,237561,824091.0,7.1889353,7.7887783
Q5A5S3,237561,401697.0,12.04201,6.9135923
Q5AEI1,237561,831293.0,13.396784,6.056732
Q59VP1,237561,801785.0,-0.0012169599,14.946545
A0A1D8PCM9,237561,404621.0,11.556706,7.3807664
Q9UW23,237561,402157.0,11.73197,7.5949674
Q5ALV5,237561,482040.0,9.660835,9.156099
Q59YE8,237561,1027386.0,10.742203,9.603926
A0A1D8PKB4,237561,404957.0,13.975319,11.528217
Q92210,237561,808171.0,7.9305625,12.357306
P29717,237561,805521.0,7.0563235,7.7254744
Q5AD37,237561,405885.0,11.95003,7.8235636
Q5ALL8,237561,802375.0,10.5044985,10.488966
Q9UW14,237561,405595.0,11.945452,6.7604246
Q5APR8,237561,482088.0,11.105825,6.8168883
Q5A644,237561,803384.0,9.358984,12.391507
Q59S66,237561,404629.0,10.919361,6.691812
Q59ZE0,237561,831158.0,9.488695,8.9938345
Q5AAG1,237561,404669.0,11.613183,7.942111
Q59P39,237561,401531.0,11.892518,6.6994667
A0A1D8PIP6,237561,801468.0,10.712449,6.8931932
Q5AA33,237561,401700.0,7.0153995,7.348061
Q5A034,237561,,9.822302,10.377124
Q5A943,237561,801957.0,8.921195,10.8759775
Q5A3J0,237561,478734.0,7.068792,8.946548
Q5AKZ4,237561,404934.0,12.830733,6.550996
Q59US5,237561,802203.0,8.3897,12.415517
A0A1D8PDI4,237561,406101.0,11.553084,7.121342
Q5A762,237561,792942.0,7.7504406,8.629698
A0A1D8PUB1,237561,406342.0,10.380778,8.604449
A0A1D8PLY7,237561,801468.0,6.9137435,8.940315
A0A1D8PPE8,237561,802265.0,8.4641485,9.066271
Q59VY9,237561,404652.0,11.17224,6.917412
A0A1D8PS27,237561,801468.0,6.9683914,8.941699
Q5A8Z9,237561,406167.0,9.835473,8.399136
A0A1D8PFW3,237561,404996.0,10.913981,7.954418
Q5A3L9,237561,405462.0,11.449862,7.0508437
Q5AI24,237561,1033175.0,8.582179,10.799703
Q5ADL8,237561,406491.0,11.917456,6.805824
P83774,237561,804561.0,10.479035,11.417451
A0A1D8PSD0,237561,,9.851251,10.470758
Q5A302,237561,802943.0,9.010836,9.545753
A0A1D8PCF2,237561,401680.0,12.463556,6.9685545
Q59PZ5,237561,805141.0,10.5597315,10.895286
Q59XX2,237561,476943.0,6.8947515,7.57791
P31225,237561,802949.0,9.008075,10.13683
A0A1D8PNS0,237561,1033108.0,9.250136,12.117535
A0A1D8PQQ3,237561,801665.0,7.0236692,11.5825815
Q5ANB1,237561,402057.0,11.887865,6.679171
Q59X49,237561,401718.0,12.470822,8.757329
O94038,237561,801597.0,8.547968,12.630668
Q59UR3,237561,405257.0,11.348037,8.185698
Q59UQ6,237561,478369.0,11.082052,7.67889
Q5ACL7,237561,401601.0,6.6747756,7.1424365
A0A1D8PF32,237561,822771.0,8.135092,9.06049
A0A1D8PJF9,237561,802609.0,9.075042,12.56431
Q5ADM2,237561,404718.0,12.076698,7.565239
A0A1D8PHE5,237561,404947.0,9.751949,9.649664
P46586,237561,1028215.0,8.397314,12.361702
A0A1D8PU10,237561,482026.0,9.396358,8.712882
P53697,237561,797845.0,8.649974,9.63644
A0A1D8PHR5,237561,807664.0,8.17929,12.099379
Q59LX5,237561,401385.0,11.415968,7.7989645
Q5A879,237561,831990.0,8.313041,9.137429
A0A1D8PH87,237561,401157.0,10.512936,7.952768
Q5AIA6,237561,1027431.0,7.2488723,11.477926
A0A1D8PCX8,237561,802247.0,9.583853,13.694877
Q59YG5,237561,806010.0,9.214931,8.977256
A0A1D8PSH1,237561,793066.0,6.706463,8.916539
A0A1D8PDR2,237561,401388.0,11.831314,6.8098044
A0A1D8PC97,237561,1028112.0,12.386578,18.14313
Q59SS1,237561,802695.0,7.942236,9.163788
A0A1D8PNF8,237561,483995.0,11.063502,7.9705453
Q59NB3,237561,405563.0,10.158656,8.266183
P43073,237561,1033955.0,7.629441,11.648554
Q5ADT0,237561,401725.0,12.347462,7.6895585
Q59NX5,237561,406275.0,11.516771,7.090166
A0A1D8PTS0,237561,801970.0,9.952971,10.294271
A0A1D8PH53,237561,404787.0,10.737612,4.468657
Q5ADX8,237561,401437.0,11.8997555,6.696712
Q5ADY1,237561,405635.0,10.317726,8.373611
A0A1D8PCK2,237561,401083.0,10.644524,7.851469
A0A1D8PGK4,237561,404715.0,11.552257,7.935537
Q5A397,237561,801582.0,9.622197,12.01797
A0A1D8PCG9,237561,802836.0,9.790482,8.674688
Q59KY8,237561,1027981.0,10.479465,15.590479
A0A1D8PD83,237561,793108.0,10.213753,10.675487
A0A1D8PPA9,237561,402261.0,11.731935,7.3567505
A0A1D8PD38,237561,1033128.0,8.23706,7.826548
Q59ZW4,237561,406315.0,12.91853,6.9293556
A0A1D8PEI6,237561,1034227.0,9.545618,12.483252
A0A1D8PNL8,237561,793048.0,6.768366,8.858641
Q5AHE5,237561,401612.0,10.737805,7.4467773
A0A1D8PJ86,237561,811307.0,11.318809,7.752195
A0A1D8PHD4,237561,401160.0,12.073066,6.973436
Q5AH24,237561,407027.0,11.876416,6.6767426
A0A1D8PQP7,237561,801810.0,10.079,9.537502
Q5A688,237561,793056.0,8.310845,9.024135
A0A1D8PMP1,237561,802266.0,8.655577,11.167413
A0A1D8PM87,237561,482789.0,11.449494,7.7088575
P78599,237561,801833.0,8.814964,10.816614
A0A1D8PLP8,237561,,10.824341,7.934653
Q5AEM8,237561,482814.0,9.476739,8.982633
A0A1D8PTM6,237561,482792.0,12.199784,8.01869
A0A1D8PK89,237561,802603.0,6.981701,8.931021
Q5AAI8,237561,793150.0,11.185078,8.619789
A0A1D8PF33,237561,405687.0,13.079581,6.3663664
A0A1D8PS61,237561,404583.0,7.39607,8.983748
Q5A850,237561,1027398.0,6.8579726,11.901386
Q59UT4,237561,405780.0,6.8058195,7.2940397
Q59PU4,237561,793035.0,8.213011,7.577708
A0A1D8PEN6,237561,,13.278557,11.13163
A0A1D8PM97,237561,,11.186889,7.721477
Q5AND4,237561,801988.0,9.748645,10.463996
A0A1D8PI62,237561,406778.0,10.56172,8.420771
A0A1D8PE76,237561,476983.0,10.896762,7.4346094
A0A1D8PSZ1,237561,401604.0,12.517127,6.963811
Q5A446,237561,404660.0,8.340993,9.109436
Q5ALK3,237561,,7.856621,12.662021
Q59TD1,237561,792958.0,4.9385066,9.17454
A0A1D8PNM8,237561,405670.0,11.44796,6.953464
P46592,237561,,9.239908,7.8359613
A0A1D8PG62,237561,405315.0,11.24581,8.22807
Q59YF9,237561,406372.0,11.039595,7.798649
Q5AMP4,237561,801922.0,8.752771,11.946652
Q59RB8,237561,1028864.0,7.9216022,11.363977
Q5ANI0,237561,401184.0,11.401927,6.961645
Q59XU9,237561,1030684.0,8.550243,11.738857
A0A1D8PMP0,237561,802848.0,8.111108,11.828591
A0A1D8PDK6,237561,1028399.0,8.436339,11.307143
Q5A6K0,237561,830829.0,8.2832775,10.203609
Q59QN2,237561,405807.0,11.180349,7.6974316
Q5AFP8,237561,404642.0,9.607942,7.949684
Q5AK78,237561,801683.0,10.130237,8.781855
Q5A8N2,237561,404613.0,7.4167333,7.7418566
Q59VN4,237561,,-0.026163565,14.969524
Q5A1D3,237561,801468.0,14.118703,11.864519
Q59KV8,237561,479624.0,11.685864,8.489074
Q5A936,237561,801852.0,12.006347,8.283512
Q5ACY2,237561,404865.0,9.638746,9.431842
A0A1D8PHI5,237561,405176.0,9.397453,8.778441
Q5AL16,237561,0.0,11.831366,6.767762
A0A1D8PCP6,237561,478629.0,12.208183,8.133013
A0A1D8PU88,237561,405224.0,11.268474,7.964354
A0A1D8PNH8,237561,401975.0,10.979252,6.6247053
A0A1D8PU36,237561,404851.0,11.466218,7.1053615
A0A1D8PGW8,237561,401612.0,10.705169,7.275561
Q9UVL1,237561,805329.0,1.0977919,10.999795
P83779,237561,802609.0,8.51882,12.161646
Q5A7Q2,237561,801671.0,10.624656,8.205503
A0A1D8PL95,237561,405872.0,11.921258,6.753982
Q5AEK8,237561,482043.0,8.27491,9.337294
Q5ADS0,237561,802337.0,11.339063,5.0903115
A0A1D8PTR4,237561,1029724.0,7.3528404,11.326963
P43063,237561,801468.0,14.282824,12.071276
A0A1D8PFV4,237561,801468.0,12.350249,8.970746
A0A1D8PKA4,237561,,11.407546,7.516708
Q5A6P9,237561,801691.0,10.113642,9.848428
A0A1D8PNG9,237561,1027449.0,8.656249,12.099725
Q5A645,237561,401537.0,12.334535,7.051386
A0A1D8PLU4,237561,405479.0,10.939707,6.7439156
A0A1D8PNA4,237561,401705.0,11.431244,7.053032
Q5ANF0,237561,405021.0,11.827659,6.7353535
Q5AKY0,237561,406518.0,12.018247,6.8473287
Q59VM4,237561,405588.0,11.992319,6.740903
Q5A1Z4,237561,793167.0,17.215435,14.315711
A0A1D8PCB9,237561,802195.0,8.590579,9.852818
A0A1D8PTC8,237561,404905.0,11.390186,7.5384955
Q5A687,237561,404605.0,9.45437,7.7890096
A0A1D8PQW1,237561,801886.0,3.1831465,9.442926
Q59ZX3,237561,404811.0,6.839934,7.3544407
A0A1D8PN61,237561,,13.598395,11.350348
Q5AAL9,237561,401251.0,6.604315,7.070908
A0A1D8PSW8,237561,802556.0,10.182619,7.222243
A0A1D8PU17,237561,794378.0,7.2412553,7.771749
A0A1D8PQ26,237561,801903.0,8.498229,12.071073
A0A1D8PKE2,237561,401619.0,13.415909,11.334344
Q5A756,237561,802158.0,10.123385,10.217795
A0A1D8PMZ4,237561,402156.0,11.8463545,6.7370343
Q59N31,237561,805058.0,10.249184,8.445001
Q5AG51,237561,802820.0,7.983917,9.367071
Q5AKW6,237561,406614.0,11.777274,7.1949124
Q59P58,237561,402257.0,13.317036,6.701292
A0A1D8PJV0,237561,404621.0,11.264269,7.340757
A0A1D8PNN1,237561,401216.0,10.90613,6.401183
A0A1D8PQ56,237561,805186.0,8.037107,11.389107
Q59LZ9,237561,482041.0,9.643816,8.806008
Q5AH63,237561,406059.0,12.565713,8.6242485
A0A1D8PGJ3,237561,401408.0,12.253933,6.8188014
Q5A4Z1,237561,401620.0,12.187535,6.9340076
Q59WD1,237561,402253.0,12.304056,6.811295
Q5AMR7,237561,807599.0,8.334888,9.076243
Q59NG2,237561,404988.0,12.056136,7.980453
Q5AK01,237561,402121.0,10.971341,8.061522
A0A1D8PRP3,237561,406195.0,11.867666,7.2204375
Q5AG68,237561,801842.0,12.943664,3.811653
Q5AEB8,237561,1027281.0,3.1801736,9.439522
Q9P8W0,237561,1037473.0,7.1357517,7.758894
A0A1D8PS71,237561,824091.0,7.178551,7.763013
A0A1D8PSE7,237561,,8.296027,11.716801
A0A1D8PQW4,237561,406235.0,10.145833,8.061118
Q59UP8,237561,801648.0,7.329804,9.044596
P56553,237561,,8.814984,10.226233
Q59W54,237561,801898.0,10.109512,10.901349
Q59UQ7,237561,802850.0,7.265105,9.019801
A0A1D8PPT8,237561,799919.0,9.423754,9.953982
Q5A119,237561,478141.0,11.568101,7.8941355
Q5AL36,237561,406577.0,11.706209,7.116002
Q5A784,237561,831290.0,8.986925,9.956708
Q5A9A9,237561,405065.0,11.505194,8.372582
A0A1D8PKL0,237561,792970.0,9.148252,11.497358
A0A1D8PFN2,237561,404977.0,11.924469,6.68121
Q5ADX1,237561,808209.0,7.254214,9.013577
A0A1D8PJA8,237561,477543.0,6.8831058,7.5264053
A0A1D8PI71,237561,1029383.0,9.007103,9.831234
P43075,237561,482807.0,9.284213,9.918396
A0A1D8PU45,237561,405319.0,11.434599,7.043356
A0A1D8PGH7,237561,404824.0,11.348368,6.9844418
Q5A201,237561,405556.0,11.691076,6.6220274
A0A1D8PPK3,237561,803238.0,10.919984,7.479293
G1UB63,237561,401265.0,11.206254,5.2031784
A0A1D8PNI6,237561,802395.0,10.223695,8.598662
A0A1D8PU48,237561,401780.0,12.776108,6.9499
A0A1D8PCC3,237561,482696.0,11.634497,7.7973213
Q5APF0,237561,801781.0,10.181399,10.430375
A0A1D8PUA3,237561,482098.0,8.158587,8.916478
A0A1D8PIM6,237561,404593.0,11.529431,7.2320285
A0A1D8PDS4,237561,401093.0,10.745558,7.8380394
Q5A2V2,237561,405587.0,11.128907,7.4333186
A0A1D8PP58,237561,792950.0,12.37062,13.863495
P40953,237561,401956.0,6.8616033,7.442486
Q59SJ1,237561,405194.0,9.567907,8.941241
Q5APH8,237561,406570.0,11.16518,7.4734592
Q59QB8,237561,,10.773661,8.337132
Q5A5R5,237561,401425.0,12.196696,6.865157
A0A1D8PIX3,237561,405187.0,10.45772,8.198758
A0A1D8PR98,237561,405947.0,11.168682,7.477355
Q5A044,237561,484586.0,10.113859,8.287957
P87207,237561,807099.0,9.287716,7.781698
Q5AFB9,237561,404639.0,10.454573,8.400152
Q5AND9,237561,1027819.0,1.8345774,12.546602
A0A1D8PM95,237561,401316.0,11.777092,6.702439
Q59PS6,237561,,10.047489,8.976679
Q5ALV9,237561,830826.0,9.394665,8.819843
Q59S06,237561,801712.0,9.982543,8.731908
Q5AEJ0,237561,478532.0,7.05576,8.95123
P31353,237561,,8.516147,12.258822
Q5A3Z5,237561,814862.0,11.296693,8.804313
A0A1D8PCV8,237561,404853.0,11.510929,7.999405
A0A1D8PPB0,237561,802421.0,8.621871,8.882665
A0A1D8PS11,237561,1027990.0,7.944245,12.253302
Q5A318,237561,801468.0,8.480758,10.908049
A0A1D8PN84,237561,801764.0,8.788252,11.3656025
A0A1D8PF20,237561,406622.0,11.959467,6.743069
Q5A4X3,237561,802380.0,7.058242,7.8143196
Q59T80,237561,793051.0,10.369802,8.055355
Q5A3Y5,237561,805265.0,7.1545186,11.643901
A0A1D8PJX3,237561,801629.0,7.059459,11.456981
A0A1D8PJ62,237561,406514.0,10.9316225,6.4298186
A0A1D8PJ72,237561,406604.0,11.0389595,6.5227203
A0A1D8PIL5,237561,405332.0,11.82846,7.1064663
Q5A2L1,237561,804866.0,9.819163,9.938967
O74189,237561,793056.0,8.283552,9.055499
A0A1D8PR99,237561,802127.0,9.430015,10.744155
A0A1D8PFE1,237561,803360.0,9.752509,10.111943
Q5ALV2,237561,482078.0,12.532595,8.601348
A0A1D8PG96,237561,,9.621927,11.9797735
A0A1D8PP87,237561,405784.0,11.537629,8.239793
A0A1D8PEQ9,237561,802093.0,10.139098,9.628936
A0A1D8PQ08,237561,405630.0,13.184055,5.918023
A0A1D8PQH0,237561,801532.0,10.201851,11.371356
P83780,237561,1027788.0,8.39821,12.222992
A0A1D8PEG3,237561,405028.0,9.657713,7.7544594
Q59UY6,237561,824091.0,7.188088,7.778043
A0A1D8PLL5,237561,405899.0,10.922716,6.418666
A0A1D8PH81,237561,405688.0,11.166474,6.771216
A0A1D8PSD7,237561,832137.0,8.903715,10.130032
Q59PZ1,237561,1027281.0,3.1881263,9.445796
A0A1D8PF14,237561,405033.0,10.681591,8.525795
A0A1D8PPI5,237561,802603.0,7.029825,8.938092
Q5A753,237561,405510.0,12.162407,7.307096
P0CY19,237561,1027694.0,8.153713,12.021458
P86029,237561,1036050.0,8.261658,11.28199
Q5A389,237561,1027387.0,9.227055,13.448857
A0A1D8PHL8,237561,820468.0,7.5298586,11.402341
A0A1D8PFU6,237561,793045.0,10.502706,8.57858
Q5AA40,237561,482066.0,8.736763,8.693152
Q59PA6,237561,404983.0,12.000075,7.054857
Q5ACU3,237561,405806.0,8.248237,9.048283
A0A1D8PIW0,237561,402225.0,11.914883,7.3285246
A0A1D8PPL1,237561,801722.0,10.578403,8.302405
Q9UW21,237561,,9.579299,9.39567
Q5AB97,237561,805770.0,9.562692,9.432017
A0A1D8PE63,237561,802376.0,11.172745,7.355772
A0A1D8PMC4,237561,405464.0,12.20591,7.0827656
A0A1D8PG16,237561,802246.0,9.1352215,13.31426
A0A1D8PCD3,237561,482085.0,9.503104,9.476114
Q59VG6,237561,792981.0,8.258197,9.324962
A0A1D8PI35,237561,,14.095442,11.732813
A0A1D8PE85,237561,831994.0,11.285936,8.284636
A0A1D8PNL1,237561,,11.876257,6.7038736
Q59PF0,237561,,8.304802,9.148626
P0CY31,237561,801484.0,16.152607,13.575919
Q5A888,237561,477502.0,8.50293,10.696562
A0A1D8PJQ4,237561,476989.0,6.7743144,8.85736
A0A1D8PQ06,237561,801773.0,8.735357,10.905907
Q59RL7,237561,405549.0,11.477944,7.2599883
A0A1D8PFL9,237561,802522.0,9.590589,13.636108
A0A1D8PCQ5,237561,1027269.0,9.586959,13.67249
Q5A8L5,237561,405514.0,10.798627,7.3635554
A0A1D8PDC6,237561,,7.9959974,11.944467
A0A1D8PNV9,237561,802253.0,8.262121,9.038791
G1UB61,237561,793108.0,10.012902,9.178497
P34948,237561,,8.485909,11.949851
Q5ABD2,237561,404851.0,11.433346,7.1082835
A0A1D8PU84,237561,801986.0,9.68525,10.135386
Q5A5B4,237561,406023.0,11.7394085,7.785314
Q59VQ3,237561,802490.0,9.825957,9.415283
Q5A6N7,237561,802873.0,9.991283,10.449138
Q92410,237561,804664.0,8.629109,11.824616
A0A1D8PFU3,237561,405392.0,10.667294,8.125594
Q59S57,237561,405336.0,10.36975,7.6108074
A0A1D8PIP3,237561,477841.0,11.566458,6.57842
Q5AP71,237561,792940.0,13.674735,11.62938
A0A1D8PJN3,237561,801999.0,7.9571977,9.012666
Q59M30,237561,831297.0,9.400606,8.870698
A0A1D8PSA6,237561,802064.0,9.186225,10.914113
Q5AJ71,237561,804864.0,9.47025,9.557326
Q5A876,237561,405139.0,11.462445,7.060638
A0A1D8PH51,237561,,9.268603,7.7974987
A0A1D8PDH1,237561,802603.0,7.063788,8.973249
A0A1D8PTY4,237561,793222.0,10.247574,9.586779
Q59WF8,237561,405054.0,11.235209,7.6633205
P82611,237561,803384.0,9.211139,12.295837
Q8TG40,237561,1029822.0,9.8634,9.57572
Q5AJC2,237561,802077.0,9.481905,10.2995405
Q5AHB8,237561,831960.0,11.754126,8.036107
Q9C0L9,237561,802684.0,10.757546,8.246605
A0A1D8PDR1,237561,405293.0,10.7063055,6.9689074
Q5A343,237561,404930.0,6.8028255,7.259176
A0A1D8PFR4,237561,1027835.0,-3.1293015,6.2022133
Q59UE8,237561,801979.0,5.6363945,9.73174
Q5ACV4,237561,477531.0,11.001189,8.111264
Q5ADM4,237561,401728.0,12.008458,6.794319
A0A1D8PKI5,237561,478703.0,7.890963,8.683107
A0A1D8PSV5,237561,1027267.0,9.038873,13.69186
A0A1D8PHU1,237561,792940.0,13.699599,11.652642
Q9UWF6,237561,794378.0,7.308017,7.762753
G1UB37,237561,478443.0,6.7305937,8.799914
Q5A4L1,237561,405127.0,10.600867,7.8529305
Q5AKU2,237561,402012.0,12.281277,7.240453
Q59UY8,237561,1027293.0,7.7917805,12.630272
Q59VW7,237561,405202.0,9.767818,8.7985735
A0A1D8PIB5,237561,404915.0,10.773385,7.5214787
Q5ADN2,237561,805380.0,8.846305,10.210272
A0A1D8PH27,237561,404816.0,8.095294,8.880111
Q59NQ5,237561,802214.0,8.486309,12.157629
A0A1D8PJ45,237561,404671.0,8.471913,8.7774935
Q5AAV6,237561,404644.0,11.473164,6.982704
Q5AME8,237561,476996.0,10.5927,7.2748256
A0A1D8PLU8,237561,801468.0,11.239212,8.189854
Q59MA6,237561,401580.0,10.078283,7.7621555
A0A1D8PUA1,237561,482051.0,8.688209,10.964409
Q5AGZ8,237561,1033143.0,8.345672,11.336934
Q5A1Q0,237561,1033150.0,8.711167,11.487597
O43133,237561,1027305.0,10.315367,10.910692
A0A1D8PKQ8,237561,406058.0,11.421327,7.048568
A0A1D8PCT5,237561,401722.0,10.457319,7.649045
Q5A786,237561,802027.0,9.946824,11.173975
A0A1D8PRQ6,237561,482068.0,11.440162,7.690752
A0A1D8PPQ3,237561,406058.0,11.461688,7.067519
Q59TA5,237561,478529.0,8.669569,8.760501
Q5ANJ4,237561,405875.0,11.784692,7.1385965
A0A1D8PPI1,237561,406215.0,11.24213,7.390518
A0A1D8PFE4,237561,1027293.0,7.7870846,12.64049
A0A1D8PPC9,237561,801642.0,7.1450577,7.8586817
A0A1D8PG50,237561,405248.0,9.399969,8.725761
Q59QH2,237561,801762.0,8.029382,11.89591
Q5A4E3,237561,,9.308499,7.881844
Q59TS6,237561,402009.0,12.114186,6.964309
A0A1D8PP44,237561,407024.0,11.769523,6.761774
A0A1D8PNH4,237561,404656.0,8.8676605,10.142415
Q5AD13,237561,406472.0,11.911196,6.9596877
Q7JAJ0,39947,805168.0,12.916139,6.6589375
Q5KQG3,39947,198519.0,16.435587,7.866581
P12189,39947,,12.428576,6.0781155
P0DKG9,39947,1029390.0,7.250383,9.350323
Q6Z8P4,39947,314020.0,12.180323,9.277352
Q2QX40,39947,,16.436474,8.019162
Q7XQ85,39947,802516.0,9.869845,11.703446
Q8LII5,39947,297505.0,16.497328,7.5059857
P53682,39947,801468.0,13.603356,11.582168
Q53Q70,39947,293343.0,15.824779,7.885161
Q0JBH9,39947,315627.0,11.534235,11.061152
Q6IVC3,39947,314367.0,15.766513,7.798871
Q2F947,39947,278813.0,9.336329,13.538441
Q6Z3Y6,39947,214897.0,16.196802,7.686718
Q5JLP4,39947,277892.0,8.86008,10.041016
Q10PE7,39947,1027831.0,8.245955,11.805034
W0RYD3,39947,321122.0,12.2656765,8.232338
Q35964,39947,,18.747797,9.484178
Q10SX6,39947,803382.0,11.149544,11.688357
P0C2Y7,39947,,4.9869385,13.910517
Q0J9Y2,39947,801468.0,12.448766,11.72699
Q6ZBF6,39947,307868.0,12.223627,8.354641
Q5ZEF1,39947,220644.0,16.460623,8.024666
Q5VN06,39947,314978.0,12.785247,10.668638
P0C524,39947,,4.1280117,14.356793
Q5N802,39947,293818.0,16.215158,8.187748
Q6L589,39947,,16.428446,8.076653
O04138,39947,815385.0,7.48886,7.4700446
Q01859,39947,1029317.0,7.5873837,11.413278
Q75J39,39947,315501.0,16.24327,6.967875
Q8HCQ1,39947,,18.702526,9.439543
Q704V3,39947,198857.0,16.18147,7.9179387
Q7X6L2,39947,217725.0,16.439737,8.1092615
Q6K9A2,39947,802524.0,9.278868,11.4137535
Q7XC51,39947,212663.0,16.030878,8.102518
Q7XR02,39947,294052.0,16.54426,7.9364347
Q35302,39947,,18.70157,9.429727
Q6AVI0,39947,280621.0,16.351065,7.5114946
Q2QY10,39947,314835.0,12.544689,8.918789
Q6ETM0,39947,293687.0,16.452744,7.8302283
Q0D3I7,39947,278074.0,16.4852,8.001612
Q0D9V6,39947,1027557.0,9.377759,10.45357
Q8VWH2,39947,810152.0,8.582904,7.0663943
A0A0P0V5U9,39947,801948.0,9.589731,11.535498
Q850M0,39947,807755.0,11.5509815,11.419429
P0C410,39947,308805.0,18.749683,9.484518
Q9FWQ2,39947,808969.0,9.633134,10.139165
Q9ASJ3,39947,212242.0,16.380478,8.173783
Q8H8C6,39947,312625.0,13.041964,10.552778
Q0DRX6,39947,314390.0,15.649196,8.117901
Q84ST4,39947,1033431.0,9.26246,10.721596
Q9SXJ8,39947,801801.0,7.3939433,9.149702
Q6ZD89,39947,314912.0,9.61391,11.514766
Q67UF5,39947,801700.0,9.417735,10.863233
Q10PQ9,39947,220670.0,15.918694,7.895672
Q8GSQ1,39947,802109.0,7.053034,10.338969
Q0D3B6,39947,314018.0,14.551317,7.542378
Q5W6D6,39947,215352.0,16.040249,8.162052
Q0E342,39947,,16.088028,8.158016
Q0JL44,39947,309324.0,10.763111,11.419736
P31924,39947,1035465.0,12.2991,6.8193374
Q0DAJ3,39947,278391.0,16.012844,8.2056675
Q10QW3,39947,215172.0,16.495657,7.99929
Q9AV71,39947,318993.0,9.248392,8.537468
P0C337,39947,,7.754146,11.628387
Q7F4G5,39947,277779.0,16.34211,8.137649
Q5Z5F2,39947,212059.0,15.988781,8.0859375
Q8LMR2,39947,0.0,11.550185,10.170642
Q6H434,39947,212901.0,15.8252535,7.8834743
Q8H8V7,39947,801531.0,11.596872,11.676547
P62727,39947,,9.466621,13.654497
Q35308,39947,,18.749107,9.481765
Q0JCT1,39947,802280.0,-0.0026780395,14.947656
A0A5S6RB44,39947,280899.0,13.836853,7.482024
Q6EPZ0,39947,213336.0,15.940152,8.135299
Q6Q9I2,39947,,16.5822,7.506262
Q7X8B5,39947,801514.0,7.7617693,9.362398
Q2TQ34,39947,212404.0,16.169577,8.131558
Q0J9J6,39947,210894.0,12.621913,9.016782
C0LT23,39947,827739.0,11.780025,11.352701
P0C494,39947,,7.7187304,11.558227
P12192,39947,,12.573557,6.010004
Q8HCN2,39947,,12.742902,6.795089
Q10R47,39947,278547.0,16.744257,7.4224577
P0C446,39947,805739.0,9.317124,13.783649
Q0ILJ3,39947,1027292.0,7.212289,9.363633
Q10QA5,39947,828703.0,9.279737,11.276551
Q69JW3,39947,802886.0,7.221407,9.165421
Q10Q07,39947,213303.0,16.196877,8.044634
Q6ZJU3,39947,292939.0,16.226131,8.0857315
Q2F912,39947,,4.1149755,14.360667
P27777,39947,319299.0,12.1454315,10.893615
Q84R79,39947,,16.572773,7.9308257
Q6ES51,39947,292939.0,16.24668,8.089996
Q8LIN5,39947,807755.0,11.243785,11.175033
P37398,39947,293088.0,16.342573,8.114822
Q42993,39947,314237.0,7.4391947,7.4594064
Q2F940,39947,,12.730948,6.736152
P12212,39947,,9.252748,8.905111
Q0JAS4,39947,294243.0,16.557076,7.4695573
Q6I583,39947,801800.0,4.8646545,9.220541
P0C328,39947,,4.202729,14.269649
C5MRJ8,39947,,7.7236285,11.571385
Q6ZBI4,39947,215696.0,16.589247,7.885294
P0C506,39947,,12.146976,7.233406
Q6L4Y3,39947,296076.0,16.824259,7.7202973
Q0JA75,39947,801597.0,8.573943,12.500489
Q8H7N9,39947,215169.0,15.790777,8.064032
Q2F8Y5,39947,,4.0951147,14.367335
Q9SSX0,39947,802052.0,16.148565,13.60636
Q35319,39947,,13.493105,5.8227897
Q0DJ33,39947,807520.0,10.689148,14.482599
Q6EPG8,39947,212087.0,9.646705,11.45352
Q10A77,39947,292911.0,11.654328,10.683563
Q8HCR5,39947,,11.608567,7.63867
Q9SB03,39947,,18.672247,9.415881
Q9TGM0,39947,,10.734292,9.679202
Q6K9C3,39947,801468.0,12.441518,8.8560295
Q2F909,39947,,18.711224,9.43819
Q657A4,39947,,16.369202,8.010877
Q75GY0,39947,,16.420202,7.9401736
Q6ASY2,39947,215107.0,16.050117,7.505511
Q35312,39947,,18.72944,9.462011
Q7Y0F6,39947,,16.360489,7.727753
Q5N8Q4,39947,803622.0,10.332744,9.558919
Q7FAD5,39947,320015.0,12.65938,9.154264
Q6Z058,39947,801582.0,9.722256,12.060146
Q5VS45,39947,221096.0,9.460807,8.552998
Q7XVN7,39947,818640.0,10.002866,9.440989
Q9FXT4,39947,802346.0,7.4671316,7.5587196
Q84LM2,39947,805657.0,8.253167,7.414597
O21799,39947,,9.009356,8.735781
P92683,39947,,11.461402,10.442684
Q851R2,39947,809042.0,10.614796,9.705175
B9F4Q9,39947,292965.0,15.449985,8.420617
Q10PC5,39947,297971.0,16.177261,7.965858
Q0DUR2,39947,297288.0,16.775017,7.3951316
Q9FNU2,39947,801531.0,7.686238,8.629984
Q2F8W6,39947,,10.57861,12.7874
Q8S0C6,39947,215396.0,16.546238,8.013531
Q2R1U8,39947,294185.0,12.335509,9.342381
Q60EM5,39947,,14.363599,8.152337
Q7XX84,39947,297275.0,9.728887,9.823977
Q7F8T6,39947,805481.0,8.758982,11.086742
Q8S7M7,39947,314020.0,12.149539,9.2780695
Q2R480,39947,803281.0,8.335384,12.022886
Q0DY81,39947,285239.0,12.763404,9.220724
Q10MQ0,39947,314507.0,9.324659,7.905408
Q6K762,39947,212704.0,15.944916,7.874551
Q8RZV7,39947,801468.0,16.317432,6.8596773
Q7XR46,39947,802949.0,9.063447,10.464619
P0C512,39947,1027333.0,7.360762,11.497098
Q84JI0,39947,277576.0,16.843428,7.414314
Q8HCP3,39947,,18.7142,9.442469
Q7XKU5,39947,294466.0,16.870428,7.7239847
Q9LWN0,39947,801468.0,14.061424,11.609015
P0C440,39947,,9.494621,13.694054
Q6ETN3,39947,802569.0,8.759283,11.944394
Q8LN68,39947,214863.0,16.2022,8.190879
Q6ZHS4,39947,801597.0,8.452949,12.575496
Q6K431,39947,315796.0,12.048025,9.702364
P0C500,39947,,7.641824,11.419422
Q65XV7,39947,802535.0,12.750096,9.292904
Q6YYG9,39947,,16.514614,7.958548
Q10P60,39947,316987.0,12.192071,10.84963
Q7EZ57,39947,211989.0,16.489985,7.929978
Q9LG97,39947,221456.0,16.271494,8.210741
Q6ASW7,39947,215897.0,13.689799,8.9073305
Q8HCQ9,39947,,11.847551,7.18779
Q5N8J1,39947,805099.0,7.6927013,8.974177
Q7XBS0,39947,804896.0,7.19902,9.132697
P0C2Z6,39947,,7.4129453,11.660004
A9UGV7,39947,218055.0,16.010588,7.407702
Q8H8C7,39947,297609.0,16.158577,7.118712
Q7X993,39947,314367.0,15.809359,7.8168173
Q9LSU3,39947,805190.0,3.1905577,9.44752
Q6K209,39947,303533.0,9.186784,6.1727905
Q10PI9,39947,311306.0,16.163965,7.5913095
Q69WX7,39947,,16.0109,8.175402
Q2R3B4,39947,814832.0,9.569275,11.40137
Q69PA8,39947,806921.0,9.943773,10.706627
P92813,39947,,18.715939,9.45406
Q6K9X3,39947,297622.0,9.607821,11.453639
Q6Z8D0,39947,802933.0,7.2693076,9.406525
Q9FDX8,39947,276881.0,16.24633,8.113035
E5RQA1,39947,220667.0,16.349934,8.103365
Q5JKX0,39947,,13.245616,9.190803
Q8LQM5,39947,814832.0,9.546038,11.365697
Q0JF01,39947,220358.0,7.0119214,10.299981
Q8L7J2,39947,807509.0,7.522279,7.4648037
P29618,39947,,14.310671,12.095926
P12186,39947,,8.322834,8.848099
Q7Y1H8,39947,211888.0,16.428484,8.013609
Q66VB0,39947,,11.66467,11.017814
Q8HCM3,39947,,8.3937645,8.74295
Q6L5E5,39947,214311.0,16.411728,8.180511
Q7X7S8,39947,805842.0,8.832248,8.994949
Q53NF7,39947,212885.0,16.37161,8.056229
Q6ATB2,39947,321899.0,9.522773,10.492496
Q08480,39947,1027419.0,9.153713,11.940835
D0TZF0,39947,1028947.0,9.400951,11.364963
Q6EN45,39947,1034174.0,16.717377,7.2813954
Q2QXL0,39947,293343.0,15.953051,7.89942
Q5W726,39947,,16.855669,7.6946015
Q84T68,39947,801926.0,8.991865,12.536413
Q5Z5B7,39947,1028531.0,11.610883,12.210843
Q0DBF4,39947,314190.0,7.09751,10.309936
Q943E6,39947,319299.0,12.120322,10.894695
Q5ZEG0,39947,222109.0,11.619314,10.538419
Q10RX7,39947,801531.0,7.7590933,8.60263
Q6Z7U5,39947,,16.376314,7.5475497
Q7XHZ0,39947,278652.0,16.148315,8.064036
Q03200,39947,277141.0,13.191619,6.853485
P0C509,39947,,12.6097145,6.782577
Q9FTQ1,39947,296065.0,16.718382,7.8569474
P0C443,39947,307788.0,9.443549,13.672047
Q7XUW5,39947,277300.0,16.461351,7.9522552
P12151,39947,,9.287178,13.501026
Q5JK84,39947,801468.0,9.900379,10.854156
Q7XUS2,39947,1027443.0,8.744071,11.46897
C7IW64,39947,,15.254172,8.25535
B1Q3J6,39947,830778.0,12.011471,9.804544
A2CIR7,39947,316003.0,12.59557,10.38799
Q6ER94,39947,1028804.0,8.7723,11.496484
Q764B9,39947,1027443.0,8.810707,11.449569
B4XT64,39947,319666.0,12.2156925,10.980354
Q5VRS4,39947,,16.314388,8.222921
Q10F03,39947,297638.0,16.219816,7.951205
Q7XHR2,39947,297719.0,12.305754,9.131683
Q0DGP6,39947,802034.0,10.775298,10.88458
Q67U21,39947,316454.0,15.966039,8.203173
Q9LI00,39947,803281.0,8.519978,12.015655
Q94DG6,39947,802366.0,7.9232264,9.012566
Q35320,39947,,18.69465,9.426898
P0C319,39947,,4.1266446,14.352633
Q6K7V4,39947,212575.0,16.339771,8.241528
Q6ZLB0,39947,291359.0,16.21976,8.168633
F2VYU4,39947,404707.0,16.260494,7.3161263
P04373,39947,,4.2169313,14.185355
Q6ZBH6,39947,220636.0,16.078363,8.168881
Q6ESJ0,39947,801892.0,10.242095,12.106386
Q69XJ4,39947,807680.0,11.702365,10.450896
Q10MC0,39947,320199.0,11.375793,9.669284
O04226,39947,804879.0,9.337888,12.623035
Q7XZF8,39947,278250.0,16.699156,7.9014063
Q5QN75,39947,801468.0,13.596023,11.558319
Q69SP5,39947,801468.0,16.315845,6.8599987
Q2F946,39947,,8.839912,12.042686
Q6K9T0,39947,806054.0,10.343546,11.358453
Q10LR1,39947,297505.0,16.52988,7.502073
Q75RY2,39947,214268.0,13.522594,7.434613
Q9SNN0,39947,1028160.0,9.217824,11.285599
P49030,39947,805070.0,12.859767,6.0285645
Q6H4G3,39947,1027635.0,8.346331,11.23862
Q7X7H4,39947,277954.0,12.259958,9.129283
Q2F914,39947,,4.4768777,14.1100025
Q67UU9,39947,198718.0,13.175979,8.625397
Q6Z7V2,39947,296347.0,12.214341,10.841078
Q6EPZ2,39947,212922.0,15.996001,8.174931
Q6ERE5,39947,802695.0,9.024217,12.449247
B8YEK4,39947,197920.0,16.272133,7.1511054
Q0D4T4,39947,211965.0,16.627497,7.4734635
Q67W82,39947,802569.0,8.807984,11.8619795
Q75H77,39947,801468.0,10.439207,2.8565195
P0C386,39947,,10.76635,12.34234
Q7Y0B9,39947,801468.0,10.435609,2.8562531
Q6ZI50,39947,314831.0,9.605004,7.814568
Q2R0K3,39947,292958.0,16.90312,7.7299023
Q6YUL8,39947,801468.0,11.957219,8.884647
Q7XSN8,39947,804963.0,8.254431,12.442165
Q94HA7,39947,214848.0,16.444502,8.129374
Q7XPS7,39947,293966.0,16.390121,7.5726
Q0JIC2,39947,293314.0,14.350169,8.272831
Q7XSK0,39947,278881.0,7.532915,7.457842
Q69V10,39947,293920.0,15.917313,8.204894
Q75IP6,39947,802892.0,10.166049,9.489956
Q6ZFZ4,39947,319459.0,12.733785,6.7629056
Q5CCK3,39947,802109.0,6.939721,10.283522
Q60EX6,39947,820693.0,10.733562,10.052824
Q7XKV4,39947,807509.0,7.5326476,7.4531803
A1A698,39947,308863.0,9.365207,10.141048
Q336V8,39947,199907.0,16.525894,7.9720125
Q6YW48,39947,212562.0,16.068653,8.25018
Q6YX89,39947,811530.0,9.317904,11.276921
Q7F1K9,39947,1033966.0,8.950813,9.705829
Q9XG81,39947,317346.0,8.581955,7.1182632
Q69V64,39947,,11.747847,11.242021
Q6K7V6,39947,807782.0,11.144718,10.3175745
Q8HCN3,39947,990776.0,4.1290436,14.352827
A0A0P0VG31,39947,801468.0,10.176534,10.218106
Q5Z807,39947,317322.0,12.809523,8.563527
P0C413,39947,,12.30702,6.1266527
P0C422,39947,,12.743722,5.9996996
Q6Z0E2,39947,802990.0,7.634842,9.14983
Q0D4Z6,39947,814832.0,9.531905,11.3821
P14578,39947,,3.7945473,14.597541
Q6H3Y7,39947,803076.0,7.7009044,12.543412
Q5JNJ5,39947,278274.0,16.078508,7.592587
Q84Z02,39947,,15.982537,8.218969
Q69P88,39947,222522.0,16.168705,7.986835
Q5VQG4,39947,810434.0,9.374577,11.333777
Q06967,39947,802070.0,8.513691,2.0861554
Q5JNS0,39947,215271.0,16.671309,7.9538884
Q9XGP7,39947,805481.0,8.413863,11.383349
Q69XJ0,39947,807703.0,16.444271,7.620773
Q5CD17,39947,198909.0,16.069738,8.117746
Q84TB5,39947,211878.0,16.171291,8.136166
P0C361,39947,1033398.0,10.885935,12.475229
Q08479,39947,1027419.0,9.24289,12.00985
Q7XXN4,39947,311083.0,16.866901,7.706668
A0A0P0XP10,39947,222294.0,16.614548,7.947979
Q0J995,39947,213097.0,16.136923,8.171898
Q84UB1,39947,,16.31683,7.376471
Q7JAI6,39947,,3.79293,14.598217
Q6K8D9,39947,802171.0,12.183283,7.994182
Q9LWU9,39947,222103.0,16.31335,7.8465595
Q7EZR4,39947,802109.0,7.0140457,10.302623
Q9AQU1,39947,,11.245289,12.301409
P49027,39947,804561.0,10.476225,11.415152
Q7XQR9,39947,802930.0,11.243508,11.417058
Q75KP4,39947,220242.0,16.110863,8.165918
Q10Q08,39947,802535.0,9.729387,10.857194
Q6ETQ5,39947,288299.0,16.448307,7.9854364
Q10GQ6,39947,,16.17358,8.199469
Q0JNL3,39947,314367.0,15.675736,7.810307
Q2RAK2,39947,1027422.0,10.512147,12.71213
B9FKP6,39947,277382.0,16.154673,7.7106414
Q69P94,39947,277871.0,16.3125,8.016466
Q6K8Y4,39947,,16.382946,8.232995
P29835,39947,215320.0,15.852313,7.8369164
Q9LRB7,39947,198220.0,16.321392,8.106775
Q0DKN3,39947,802055.0,10.998621,10.23398
Q5ZAJ0,39947,1035862.0,10.955792,11.894275
Q7Y0W5,39947,214372.0,16.071045,7.628198
Q9ST27,39947,320525.0,13.232338,11.365153
P15280,39947,320429.0,9.018506,11.359101
Q94LR3,39947,,16.018383,8.18076
Q6L4R7,39947,298287.0,16.876024,7.3880787
P69674,39947,,12.37907,6.1078396
Q75I93,39947,807509.0,7.493492,7.4502435
Q5VP70,39947,317850.0,11.079134,11.350349
Q37066,39947,,12.683432,6.0456553
Q8HCR3,39947,,4.3255696,14.18645
Q75IR0,39947,215368.0,16.721428,7.87796
Q6L5H6,39947,212327.0,16.870758,7.4056783
P0C407,39947,,12.357014,6.113098
Q84ZA1,39947,220779.0,16.098507,8.157796
P17070,39947,1027287.0,10.379385,11.962282
P0C519,39947,,10.439768,12.820427
Q689G9,39947,317082.0,15.784989,8.136543
Q75WU1,39947,308126.0,15.862947,7.8334856
Q8HCR0,39947,,16.282818,6.945936
Q2F943,39947,,13.456451,2.0586758
Q5W6R4,39947,0.0,14.435258,7.1705217
Q8HCP7,39947,,4.4498496,14.141138
A0A0P0WQ90,39947,216128.0,16.362589,8.272778
Q0DY72,39947,214265.0,16.506504,7.9318705
Q6EU39,39947,294243.0,16.576221,7.4694347
Q84QK0,39947,802848.0,8.057165,11.915023
Q0JL46,39947,803723.0,7.8919067,7.67593
Q7X7H9,39947,0.0,9.346732,10.314429
Q10CQ1,39947,276871.0,16.585747,7.4879932
Q0IQN6,39947,0.0,15.79366,8.028005
Q5VRR0,39947,220479.0,16.394297,7.926672
Q75GI1,39947,278245.0,16.562477,7.973102
Q8S7T9,39947,805963.0,11.14586,11.190139
Q6YTW6,39947,319079.0,11.334479,9.171588
Q69T21,39947,198183.0,15.837225,7.8175282
Q0JCU7,39947,319829.0,11.528281,10.845164
Q0D840,39947,276834.0,9.363633,11.108372
P17654,39947,806346.0,7.1169524,12.430552
Q5NB28,39947,292371.0,16.364128,8.219346
Q5SMM8,39947,221291.0,16.88425,7.711562
Q6ZKC0,39947,802070.0,8.512956,2.085509
Q69VR7,39947,801521.0,7.776292,9.404167
Q652L6,39947,805911.0,8.458924,12.151797
P27933,39947,806346.0,7.1387563,12.463628
Q6Z339,39947,212770.0,15.65643,8.154883
Q6AT90,39947,218431.0,16.351948,8.199796
Q69VD5,39947,,10.684021,9.743987
Q7XUN2,39947,294243.0,16.5812,7.4862943
Q2QXE3,39947,277064.0,16.142517,7.947082
Q65XK7,39947,277861.0,16.844372,7.459557
Q6ETL8,39947,806921.0,9.921502,10.789437
Q35310,39947,,18.737528,9.472337
Q8W3L9,39947,220433.0,16.388842,8.016808
P41344,39947,,9.0186,11.916364
Q0JEE2,39947,220057.0,16.006294,8.167002
Q9AV81,39947,801468.0,10.513322,11.384896
Q943Q3,39947,806665.0,12.100477,10.862656
Q8LNC7,39947,278547.0,16.756496,7.407634
O23875,39947,197581.0,16.15478,8.1941805
Q6Z808,39947,802052.0,16.10698,13.654727
Q657D1,39947,215394.0,16.32225,8.231082
Q6Z1Y6,39947,316006.0,9.311893,10.660753
Q5Z5R4,39947,314190.0,7.206565,10.348017
Q35315,39947,,18.731716,9.461424
Q35309,39947,,18.74182,9.475251
A3BMZ5,39947,,7.5298214,7.4537826
Q6Z4G3,39947,1027754.0,10.722741,12.740422
A3AZ88,39947,220349.0,11.37244,9.306539
Q53P49,39947,814832.0,9.546444,11.439073
Q6ZLA7,39947,,9.484425,11.340335
Q6EPW7,39947,807992.0,11.11571,9.973958
Q5N942,39947,,10.435045,2.8585272
Q7XU29,39947,808567.0,11.22394,10.521477
Q0JMB2,39947,280621.0,16.323753,7.4991407
P12180,39947,,4.5405436,14.104136
Q53P85,39947,801468.0,13.601507,11.582868
Q67V61,39947,214808.0,16.230732,7.8109336
Q0IMG9,39947,317864.0,16.291319,7.4363585
A0A0P0WF46,39947,216078.0,15.950966,8.164523
Q6F4F5,39947,297642.0,6.940439,10.285063
Q5Z8S0,39947,293049.0,16.867079,7.6850224
Q75KV9,39947,214853.0,16.66871,7.9524913
Q0E0W7,39947,293766.0,16.373655,8.109793
Q6ZJK7,39947,805243.0,9.001911,11.537222
Q0J705,39947,801977.0,9.036519,11.553711
Q5ZC82,39947,1027986.0,9.062507,11.455379
C0SQ89,39947,279920.0,11.018204,9.147754
Q6Z6D6,39947,802109.0,6.923037,10.272694
Q7XT97,39947,213002.0,9.61886,11.397725
Q10ER2,39947,,16.303787,8.208285
Q10AZ7,39947,319813.0,11.6100235,10.961979
P0C454,39947,,13.745686,5.4713373
Q6ZJC8,39947,215675.0,16.738495,7.8493404
Q6ZBQ2,39947,221688.0,16.250494,8.170042
Q6YUX0,39947,278547.0,16.755228,7.3997154
Q7XTB2,39947,820821.0,16.159128,7.6801586
Q6YY75,39947,277620.0,12.425858,10.065196
Q84Q72,39947,319299.0,12.1129875,10.850831
Q2QMM0,39947,,16.393526,8.155
Q0E3C8,39947,802176.0,9.280112,10.823145
Q8LQ68,39947,805279.0,9.042906,11.446059
Q0D3C8,39947,277382.0,16.205362,7.7863774
Q5ZAY9,39947,314054.0,6.6014295,12.00673
A6BLW4,39947,222323.0,13.302069,8.929187
Q8H443,39947,212120.0,16.136292,8.100354
Q7X7E6,39947,202069.0,16.003113,7.8716087
Q6YVX7,39947,212717.0,16.402412,7.7588315
Q35305,39947,,18.709034,9.441465
Q70G58,39947,1027455.0,8.937807,11.611887
P0C370,39947,1033376.0,12.70267,6.012336
Q0JM17,39947,801468.0,9.927846,10.845115
Q01881,39947,209574.0,16.01103,7.867335
Q5VRH9,39947,314776.0,16.190075,7.3072834
Q0D5R3,39947,211981.0,16.283081,6.9844127
Q35316,39947,,12.958984,6.745085
Q6ZH94,39947,293114.0,16.20459,7.316263
Q84LH4,39947,,15.930757,8.195965
Q8H3I4,39947,1028583.0,7.993479,12.244983
Q7DNA1,39947,314237.0,7.478348,7.4252944
Q35318,39947,,18.775316,9.507238
Q35961,39947,,18.762796,9.485315
Q0DEV5,39947,805850.0,8.746198,11.415097
Q5SMQ0,39947,222608.0,16.895025,7.719337
Q84LK3,39947,801556.0,7.9989233,12.850614
P0C358,39947,,7.0938673,11.288815
Q6ZKM2,39947,804940.0,11.134779,11.131321
Q6Z232,39947,197855.0,16.032776,7.457133
Q688R1,39947,802315.0,11.381382,12.153219
Q8LIL0,39947,814682.0,9.460846,11.403481
Q6AT88,39947,,16.269753,7.43112
Q0JKD0,39947,809525.0,7.0971003,11.572092
Q6L4L4,39947,297647.0,15.310064,8.390991
Q6ZFJ3,39947,,9.011797,11.885769
Q9FTY0,39947,197825.0,16.179699,8.096146
Q8GZV6,39947,,16.205566,8.015359
Q6YZ52,39947,801468.0,11.837118,8.768153
Q6Z4U4,39947,319393.0,16.354687,6.857793
Q2HWH1,39947,806054.0,10.231225,11.403881
P0C389,39947,,11.708723,11.46898
Q2QML8,39947,,16.409567,8.199926
Q5QMG3,39947,277364.0,12.164743,8.904372
Q10I20,39947,276764.0,16.046148,7.090362
Q6QHD1,39947,,16.022627,8.176002
Q69MD0,39947,,16.732225,7.849072
B7F8P5,39947,294231.0,16.315544,7.531126
Q5Z610,39947,292823.0,16.439356,7.851243
Q35306,39947,,18.706982,9.36924
I7HHE1,39947,804951.0,9.2463665,10.367809
Q75H21,39947,,16.395414,8.245027
Q53WK1,39947,320713.0,8.812083,8.038553
P42862,39947,1027788.0,8.314078,12.122654
Q6Z7E7,39947,212719.0,16.25777,8.145135
Q7XIT1,39947,212002.0,12.216323,9.581014
P12123,39947,,13.441461,2.0968428
Q0JFZ0,39947,221143.0,16.504482,7.6621504
P17784,39947,1028525.0,8.016812,11.488991
Q8HCM2,39947,1036228.0,13.694911,6.2904773
Q0D9S3,39947,803485.0,8.128507,8.878086
Q5K4R0,39947,277414.0,16.535995,7.4861503
G9LZD7,39947,276795.0,16.326511,6.851491
Q6YV88,39947,212638.0,7.013381,10.296496
Q942A1,39947,212532.0,16.497852,7.735444
Q8HCR2,39947,278813.0,9.316945,13.57165
B9FJ61,39947,803173.0,8.084418,9.135161
Q6ET36,39947,277005.0,16.204044,7.341659
Q762B4,39947,307868.0,12.418501,8.455085
Q8GRJ1,39947,,16.312737,8.179535
P02789,9031,827731.0,8.062084,7.3522096
P51901,9031,0.0,10.682513,13.680887
Q90933,9031,,8.34649,6.268374
Q5ZJ34,9031,752816.0,7.7036376,6.352013
Q66T03,9031,736814.0,13.20012,5.880773
C8CLK2,9031,736814.0,9.857478,5.7153583
P35331,9031,0.0,8.16593,6.1252813
E1BY93,9031,736531.0,13.415083,5.955183
F1NV99,9031,,7.9975314,7.3692737
P08125,9031,0.0,14.355651,14.609423
Q90748,9031,801816.0,11.081712,11.777658
C3U1W4,9031,778608.0,13.520814,9.957328
O42284,9031,,11.295431,10.921463
Q7T0L4,9031,748896.0,12.890874,10.810669
Q7T2X8,9031,754183.0,12.637335,10.825909
Q90763,9031,758622.0,11.535242,15.133992
Q90670,9031,778499.0,12.390407,12.584125
A0A1D5NXF3,9031,748987.0,14.430077,8.611192
Q9I8E0,9031,710162.0,9.109355,6.0097594
P31395,9031,762804.0,12.1467705,12.438658
P47990,9031,802606.0,8.688583,11.809189
F1NGG4,9031,0.0,13.449242,2.0635977
G5EI88,9031,0.0,6.1045203,5.935088
Q9IAX2,9031,754519.0,10.677187,8.869282
P53352,9031,747178.0,13.408209,9.312953
P00340,9031,1027592.0,9.534239,12.619088
E5KV57,9031,,9.418965,5.9539332
Q8AV57,9031,779964.0,8.192452,6.131597
Q7LZ83,9031,,12.790348,6.91573
P17785,9031,811656.0,10.708588,13.683103
F1P5B4,9031,1029088.0,9.677133,11.853142
P01994,9031,746899.0,8.838805,12.289992
Q8AYP8,9031,831895.0,9.174942,11.762992
Q07718,9031,,12.730967,9.647987
P23824,9031,0.0,14.38933,8.009411
Q92076,9031,,11.819206,11.790416
E5KV61,9031,,9.3562355,6.013631
Q8AWW2,9031,0.0,11.537801,15.134005
P13863,9031,801468.0,14.299627,12.084993
Q90660,9031,759286.0,12.005153,9.7395
Q90923,9031,0.0,8.341891,6.8161616
Q8AV17,9031,711881.0,13.770941,3.742418
P49285,9031,752431.0,6.1253104,5.940421
Q56I98,9031,0.0,13.747134,6.461989
O57349,9031,747252.0,8.67729,5.4154
Q98TQ8,9031,762223.0,12.46327,12.759834
Q95601,9031,736687.0,8.470184,5.5786123
Q6XXM1,9031,732772.0,-0.0018192224,14.947461
F1NWE9,9031,761248.0,14.289864,10.536677
F1NKI2,9031,,14.466041,8.507272
Q03669,9031,793026.0,7.6371865,9.418091
P70082,9031,801610.0,0.0018825455,14.944117
B3VHV0,9031,0.0,13.665076,12.397049
Q9I9P2,9031,990642.0,13.725978,6.3891573
Q92183,9031,0.0,9.241912,6.162351
P40618,9031,801468.0,1.0978156,10.9994545
B6V3H8,9031,779995.0,9.98609,11.353393
B0FLN8,9031,831465.0,11.007272,12.512435
H6UQ64,9031,746845.0,9.587269,5.172565
P57074,9031,746619.0,14.439411,8.354947
C4P6Q2,9031,,8.633842,6.812576
P14105,9031,793067.0,12.558151,16.132175
P53449,9031,,7.900658,11.365519
E5Q3H3,9031,,9.593964,5.145563
Q5ZKE6,9031,,13.23528,8.656606
F1N9Y5,9031,0.0,13.257912,11.482994
Q6Q1Q8,9031,784917.0,8.095458,6.37699
Q90W82,9031,760426.0,14.35626,8.791829
Q5ZI23,9031,801750.0,9.223523,11.748518
Q90Z44,9031,,8.032395,6.3764863
A0A1D5NTS2,9031,801807.0,9.789484,11.659243
F1P393,9031,793051.0,9.909124,11.1475525
Q9DDT2,9031,756268.0,12.437225,9.599634
Q00944,9031,0.0,12.274124,11.213877
K4MNE5,9031,0.0,8.975775,5.822332
E1C334,9031,793501.0,11.579667,12.683121
Q5ZIV8,9031,,13.380403,2.1562026
U3PTD3,9031,0.0,8.50624,5.5406203
Q98SN7,9031,778538.0,7.9603066,5.5332603
G3LXI2,9031,,7.3709927,12.038575
F1NW54,9031,0.0,5.739867,5.6308975
P62597,9031,0.0,12.103637,10.497097
E7EC82,9031,,13.98554,9.506908
F1NQU9,9031,0.0,13.229003,11.539336
P17678,9031,,14.502359,8.02816
Q98SH5,9031,,13.757331,8.992223
F1NW42,9031,,13.267676,8.726018
P46896,9031,793066.0,6.6057878,9.000467
P62167,9031,802889.0,12.372222,13.87755
Q5ZJW3,9031,,12.114509,11.534907
D3Y682,9031,,8.008154,5.582909
E1C3A6,9031,,8.352713,6.4442534
F1NSM7,9031,710232.0,14.210951,8.978924
Q9W734,9031,778608.0,13.682953,9.765916
P16075,9031,754198.0,14.976124,8.514312
P08106,9031,801582.0,9.728385,12.079618
Q9DGI1,9031,752876.0,5.9694557,5.7070403
E1C2U2,9031,762359.0,13.565395,9.065331
Q05826,9031,738187.0,14.577199,8.858205
Q92172,9031,763932.0,14.268753,8.32757
P02604,9031,801468.0,12.3123255,13.807699
Q5ILH0,9031,0.0,14.284145,10.424057
F1NPG5,9031,736918.0,13.722439,8.80846
P28497,9031,802801.0,11.463876,12.47311
Q90999,9031,0.0,12.386959,12.671998
Q6LC82,9031,0.0,16.035671,13.788303
A0A1D5PVG0,9031,,14.431434,8.292776
P26446,9031,802322.0,11.096567,11.010513
P17153,9031,793299.0,10.701678,13.699889
O42130,9031,802157.0,10.624381,10.656123
E1C3S7,9031,784868.0,12.532159,10.345009
Q05917,9031,750280.0,14.712368,9.054425
Q9PTB0,9031,,13.28986,13.274222
Q5ZKL9,9031,0.0,13.569258,6.406583
D2XV92,9031,780717.0,8.050988,6.3260307
R4GKC8,9031,0.0,12.561379,9.1112995
P19098,9031,775882.0,8.520756,10.033991
O42348,9031,0.0,14.66298,8.735258
Q92058,9031,802382.0,7.9497447,6.9420466
Q98946,9031,,13.882359,11.787646
P00508,9031,801928.0,8.681297,12.332928
F1NHT3,9031,,12.197805,10.066141
P51913,9031,0.0,7.7427697,12.70459
P38531,9031,0.0,13.439807,9.781267
B6ZI38,9031,738353.0,13.572782,10.046764
P0C7A1,9031,754266.0,12.369275,10.07932
P07751,9031,0.0,12.17328,10.069285
Q8QGS3,9031,739002.0,14.644113,8.772596
P15143,9031,0.0,13.990497,8.747632
Q90669,9031,0.0,12.389166,12.607952
Q90684,9031,,12.0854025,8.720875
M1T4V2,9031,739409.0,13.379617,13.37655
Q5ZLW6,9031,,11.148231,11.230699
Q9PSQ5,9031,,11.194112,8.555504
O42124,9031,0.0,13.291419,8.335611
F1P3Y2,9031,754125.0,13.448913,2.0555525
P46936,9031,0.0,14.057181,8.559069
P37042,9031,738026.0,13.24142,13.116645
Q91348,9031,1033178.0,9.521065,11.591213
H6UQ61,9031,746845.0,9.590618,5.17021
F1P568,9031,,13.813619,7.3126945
P26007,9031,0.0,8.1112585,6.888149
Q9PTI7,9031,0.0,14.266421,8.928804
Q9BD54,9031,746883.0,13.274107,10.178801
F1NTJ1,9031,793066.0,6.6184807,9.001489
I2E112,9031,,6.2662234,6.0603943
A0A0A0MQ56,9031,,10.892602,11.06226
Q8QGQ8,9031,0.0,14.334539,8.891053
Q9I8F4,9031,770515.0,11.899589,12.427428
P62149,9031,,5.177477,1.6934445
P13127,9031,802801.0,11.479809,12.51564
P68306,9031,0.0,14.307165,10.539349
Q05623,9031,747021.0,11.773758,9.927649
O42410,9031,0.0,14.358712,8.803234
F1NZI4,9031,814620.0,12.008426,12.240143
P79987,9031,,11.786313,12.391371
Q5ZJM7,9031,801695.0,8.907527,10.964409
Q5ZJ23,9031,1027434.0,7.2339864,11.797808
Q5F425,9031,789056.0,11.462196,10.014827
A9YZQ5,9031,,6.077812,5.909418
E1C597,9031,,11.775763,9.95814
P68139,9031,1027835.0,-3.1274748,6.204304
R4GKJ9,9031,,6.0560365,5.8616257
Q401C0,9031,801960.0,11.589372,12.534723
P33717,9031,746688.0,13.272366,13.271027
P50141,9031,802283.0,7.430584,12.06826
Q90578,9031,803087.0,10.723465,11.601614
O42220,9031,778530.0,8.942762,6.6564155
P02609,9031,779281.0,12.439558,13.964965
E1C5G3,9031,0.0,12.626954,12.034975
G0W2S9,9031,,8.640746,6.604759
P13590,9031,0.0,12.506314,12.794141
Q9I9D1,9031,0.0,10.365123,12.632121
Q6T7B9,9031,745599.0,13.340385,13.32616
E1C8M4,9031,0.0,13.339527,2.2093656
Q7ZTG5,9031,739533.0,7.646096,6.3558354
Q91018,9031,0.0,13.740555,7.282562
C3U1W5,9031,778608.0,13.655414,9.750833
A0A1D5PUL6,9031,1027825.0,9.707017,8.388087
Q8AYI3,9031,803384.0,9.325169,12.342297
Q9DDZ6,9031,0.0,9.544989,12.151937
Q5ZIZ6,9031,0.0,11.644709,11.802348
F1NMG8,9031,,6.8824587,10.252296
F1NXU8,9031,0.0,7.159282,9.3707695
F1N9F4,9031,,8.58887,6.487896
P09482,9031,770364.0,11.686299,13.8022
E1BUG7,9031,0.0,13.3547325,9.406132
A0A1D5PFN2,9031,0.0,13.378751,10.077629
Q98TZ1,9031,,8.646527,5.9481845
P19179,9031,801779.0,10.098222,10.822497
Q90592,9031,,6.623547,9.0115385
P36196,9031,0.0,8.30745,6.948202
A0A1D5P2B5,9031,780921.0,14.259295,10.432759
Q07496,9031,0.0,8.496209,7.081162
Q9W7C5,9031,738278.0,9.284072,5.8778725
F1NP39,9031,,11.351302,9.847894
A0A1D5NY17,9031,745714.0,12.109883,12.258547
P14315,9031,805168.0,11.464309,12.519024
H6UQ57,9031,746845.0,9.620107,5.1186757
Q9PSP7,9031,0.0,13.506384,5.9424767
P10157,9031,746959.0,14.488056,8.778608
Q9DF77,9031,765852.0,14.385089,8.410863
P32760,9031,770852.0,12.357929,12.614196
Q90WF0,9031,790558.0,10.111734,11.457624
Q90873,9031,710166.0,9.5930805,5.1559186
Q5UB38,9031,710268.0,9.590428,5.42113
Q9YH58,9031,0.0,9.217507,12.630049
F1P476,9031,1027835.0,-3.1266282,6.205249
Q90690,9031,,15.1293545,8.603533
Q6IV18,9031,711935.0,9.3279295,5.9023347
Q9I8J4,9031,,12.3572,8.5547085
Q9DEG0,9031,0.0,8.434663,5.7459173
Q6QLR2,9031,710595.0,9.331759,5.9588656
A0A1D5PPP7,9031,759034.0,11.570747,12.046251
Q90922,9031,784262.0,8.444539,6.7657166
F1NYV8,9031,745618.0,11.91955,9.086516
Q9YHD2,9031,,12.269192,9.335315
P59101,9031,0.0,15.110538,8.632476
H2EQW7,9031,756117.0,7.616955,2.6624408
F1NB68,9031,0.0,12.603727,8.92391
A0A077K956,9031,752662.0,6.0923767,5.924898
Q5F3X1,9031,0.0,13.337766,11.638343
O42396,9031,710268.0,9.602953,5.4326906
Q6IT44,9031,0.0,13.660272,12.396271
Q53HW8,9031,0.0,9.0055685,6.2389336
F1P1D4,9031,758622.0,11.539571,15.1375885
R4HZM2,9031,,13.288217,13.286526
Q9IAM7,9031,802930.0,10.82614,11.049131
Q5ZMU9,9031,801631.0,9.53416,10.517979
Q90754,9031,745604.0,8.658639,7.164196
Q8AXA8,9031,,8.04614,6.680681
F1P170,9031,,9.599676,5.1499896
P00940,9031,1027829.0,8.901711,12.585599
Q7T2H2,9031,0.0,8.498014,6.2924933
Q8UUR2,9031,801818.0,11.952538,11.286454
Q5ZKJ2,9031,802070.0,8.516044,2.085779
Q5ZK76,9031,1033128.0,8.311878,7.5631046
Q9I993,9031,,9.103061,11.3834505
H6UQ62,9031,746845.0,9.607036,5.1668534
Q5ZIM8,9031,0.0,13.462046,2.0836692
O73790,9031,801946.0,10.177335,16.991737
Q05876,9031,0.0,13.210544,11.550939
Q4PLA5,9031,0.0,12.347605,12.759149
O57391,9031,1027309.0,7.759112,12.7413645
B8YLW8,9031,756159.0,6.085867,5.9119606
Q76I89,9031,802648.0,11.491791,8.584696
A0A1D5P556,9031,,11.431689,10.524779
E5L8C8,9031,737929.0,14.401979,8.708334
Q90674,9031,770308.0,7.50224,6.373798
P12957,9031,0.0,13.269598,9.278302
Q90827,9031,790547.0,8.119539,6.408092
Q9PVG4,9031,756320.0,15.103147,8.620121
Q5GQ97,9031,0.0,12.45473,12.756473
P12276,9031,803708.0,9.485314,11.511706
Q5ZME2,9031,802405.0,9.13178,12.324269
H6UQ63,9031,746845.0,9.60224,5.1572895
Q9DEH4,9031,0.0,12.126948,8.826864
P25429,9031,0.0,8.999445,5.821756
P28685,9031,761039.0,8.141586,6.109704
P02612,9031,804288.0,12.427699,13.946136
P51903,9031,1027397.0,8.779987,12.646417
Q68Y81,9031,802543.0,11.989524,10.330346
A0A1D5P6Q5,9031,,9.483953,11.489269
C4P6Q0,9031,0.0,13.670815,12.40226
Q76MS9,9031,754305.0,12.91733,7.0319815
P10587,9031,793067.0,12.55841,16.132215
Q5ZJE0,9031,759172.0,13.757509,9.387058
Q90XB3,9031,749103.0,14.455028,8.217651
Q9I8D9,9031,,7.0494704,9.129119
Q3KTM2,9031,756421.0,8.93925,7.881725
E0AFT5,9031,0.0,13.672889,12.400233
F1NBL0,9031,712938.0,13.377806,2.1610734
Q9YHC0,9031,,13.3947,9.185739
Q8AYP7,9031,0.0,9.011894,11.662164
B3XZF5,9031,0.0,5.903466,5.751025
Q90663,9031,752760.0,8.083318,6.6138525
Q9PVN4,9031,0.0,8.737802,6.1520023
R4GIU3,9031,736919.0,9.511227,5.249979
P18943,9031,1027880.0,3.7953095,14.597653
F1NC42,9031,,14.768281,8.480436
O93525,9031,780735.0,8.876902,6.243886
E1AVU6,9031,801977.0,9.034893,11.69524
B6EAX2,9031,801582.0,9.704737,12.073671
Q9DEE9,9031,801689.0,-3.1286209,6.203027
Q9I8D2,9031,736097.0,13.66909,12.404114
P55806,9031,737727.0,8.684392,5.689295
Q8UW76,9031,756290.0,14.353781,8.813257
P67881,9031,1033184.0,6.7326665,14.316094
O73885,9031,801582.0,9.698506,12.082836
P08641,9031,0.0,11.544571,15.149063
Q9PU53,9031,739146.0,13.72097,9.590066
Q9I8T7,9031,0.0,14.25762,8.98842
A0A1D5PBZ7,9031,,8.40235,7.5746307
Q9I870,9031,,18.66727,9.393722
H6UQ66,9031,746845.0,9.62394,5.1279564
P55807,9031,737727.0,8.686238,5.720288
P46158,9031,710297.0,9.369845,5.875239
P79795,9031,0.0,8.137861,6.542228
P38529,9031,753973.0,13.442249,9.810627
Q9DG07,9031,747207.0,13.35104,9.689125
O42288,9031,710268.0,9.615621,5.3954825
Q9DFH3,9031,737934.0,14.219533,10.490996
A0A1D5PNY8,9031,778608.0,13.555301,9.953368
P00698,9031,736637.0,7.746348,7.3195653
Q05705,9031,0.0,12.049287,8.9367695
P16047,9031,790081.0,8.641237,6.121982
Q2PUH1,9031,801468.0,13.602984,11.477992
P49024,9031,0.0,12.591287,8.921741
A5HUK9,9031,0.0,8.639018,5.151153
P35915,9031,0.0,7.555908,12.807677
O73884,9031,0.0,13.314589,2.2604246
F6RIN4,9031,,13.222117,8.330813
P68259,9031,736486.0,13.924926,3.906241
B0LHV2,9031,737795.0,13.28681,8.724419
P07630,9031,793892.0,9.860618,11.759971
F1NWN4,9031,,8.499382,6.1214323
A0A1D5NTK5,9031,,13.445536,9.180342
P04210,9031,,8.644182,5.46972
Q6QLQ9,9031,712323.0,9.336286,5.8906884
Q9I871,9031,709301.0,18.68551,9.406472
E1BYE9,9031,793269.0,8.222731,9.287642
Q01635,9031,,12.247594,12.850206
Q8JG54,9031,0.0,12.461908,12.650143
Q3L251,9031,761245.0,7.970027,5.5297484
Q5ZLU9,9031,751328.0,14.298753,7.9449024
P54939,9031,0.0,10.885785,10.5613365
Q9IA88,9031,0.0,13.630945,8.353706
Q92178,9031,779995.0,10.041453,11.314501
A0A1D5P5H3,9031,,5.7396646,5.631816
Q9IAK4,9031,770199.0,9.131195,6.7998095
A0A1D5PS27,9031,792972.0,8.053587,6.9279366
A8QJE7,9031,0.0,5.9011583,5.7645197
C4PFJ9,9031,732595.0,8.746761,5.71613
Q9DEA6,9031,,11.260403,11.273657
C1KB84,9031,0.0,14.3345175,8.390496
Q9DG28,9031,807520.0,10.687172,14.522787
Q9IA31,9031,746329.0,14.378436,8.263922
P27731,9031,0.0,9.385054,10.749403
F1NBT0,9031,789053.0,12.351567,9.785699
O93574,9031,0.0,8.657079,6.850519
F1NBD7,9031,801468.0,14.31089,12.1051445
Q9IA96,9031,763136.0,8.321042,6.128393
P49339,9031,761640.0,8.013139,5.6789455
P09206,9031,1028112.0,12.387295,18.143787
Q90712,9031,,8.643714,5.155083
O42237,9031,739422.0,8.0913315,6.501469
Q5ZQU2,9031,0.0,14.328218,8.977094
P10184,9031,827247.0,8.792561,6.6250567
Q90738,9031,0.0,12.584768,10.987079
F1NA61,9031,,8.372807,7.221693
Q6QLR1,9031,710760.0,9.31699,5.931321
P29332,9031,0.0,12.202026,11.922894
Q9DG15,9031,0.0,12.317765,12.508514
O73612,9031,786374.0,12.479487,12.733169
P42292,9031,746212.0,8.606907,5.415482
F1NEY2,9031,783221.0,5.9021544,5.7446747
P27093,9031,756223.0,8.663903,6.1281095
Q5ZM06,9031,1027824.0,10.718983,10.550245
E1BSP0,9031,,8.499313,6.550096
E1C9C6,9031,,14.29158,7.9197145
O42486,9031,789284.0,13.154255,2.3946226
P0CB50,9031,1028804.0,8.260551,12.267368
P08110,9031,1027825.0,9.728157,8.387724
Q8QGW7,9031,811374.0,12.470838,11.31506
Q00649,9031,753918.0,12.141796,10.911929
F1NT98,9031,,12.044739,11.999752
Q8AYC6,9031,1028315.0,9.110504,11.496923
Q98917,9031,751267.0,8.892322,6.307339
V5NUE7,9031,711810.0,8.34975,5.769798
Q90607,9031,0.0,8.041385,6.487009
P51027,9031,804612.0,7.227073,9.347158
P20763,9031,,8.53941,5.698192
F1P4H2,9031,,8.613619,6.1099606
O73909,9031,0.0,13.156379,11.819967
P05081,9031,793320.0,10.458999,12.647599
F4ZWC1,9031,0.0,13.168995,11.788631
Q05423,9031,831465.0,9.503438,12.012511
P00504,9031,801928.0,10.175725,12.733767
Q5ZKC9,9031,802070.0,8.516912,2.0921504
P28568,9031,793066.0,6.6099405,8.993132
F1NY98,9031,779447.0,8.393885,6.195979
O73861,9031,737767.0,14.596036,8.807135
Q90633,9031,774811.0,8.048421,6.7167697
Q9I9F1,9031,0.0,13.25279,10.736081
Q6J4Y8,9031,797424.0,12.591524,8.883977
Q5WA51,9031,711902.0,12.4959135,12.773399
Q90WF1,9031,790558.0,10.079221,11.497577
F1NAB7,9031,739204.0,7.8386254,5.903431
Q5F354,9031,802488.0,10.493715,9.60858
P79765,9031,752406.0,14.676747,8.886207
Q01795,9031,747314.0,15.017291,8.604681
Q90979,9031,,13.253354,10.473715
Q9W719,9031,1029077.0,9.0848465,11.366287
Q9IAU4,9031,761331.0,14.359989,14.612692
Q0PQ88,9031,756032.0,7.649259,6.3709526
F1N9Z0,9031,,10.792166,11.601781
P62207,9031,1027981.0,10.480471,15.590545
P79761,9031,793104.0,6.871868,10.2560835
Q9PUK3,9031,805521.0,8.62551,6.125826
P70069,9031,751864.0,8.726006,5.619788
P43233,9031,0.0,7.5693526,7.3528733
P14448,9031,739284.0,9.665146,6.38656
P07812,9031,711635.0,14.662777,8.911349
P98165,9031,0.0,8.127357,6.3660603
Q9PSP5,9031,,13.720955,5.740228
F1NSA8,9031,792948.0,16.00034,13.822789
P28337,9031,1027417.0,9.726521,12.159014
P49288,9031,752431.0,6.1273293,5.8931327
A0A1D5P968,9031,,12.321726,12.304091
Q6JHU8,9031,789773.0,8.708473,6.8423615
O57337,9031,0.0,14.901252,8.965397
Q537V4,9031,0.0,12.107978,9.782089
Q90Z42,9031,,8.176663,6.077572
O93480,9031,0.0,12.409101,10.775605
O57604,9031,0.0,13.903025,8.668383
P18080,9031,,9.09032,11.250579
Q9I8V6,9031,748975.0,8.961998,5.557423
Q703P0,9031,739434.0,13.801872,3.7702377
Q5W4U1,9031,710584.0,9.588236,5.3796306
Q9I8F3,9031,,12.576781,9.788229
Q5ZMB9,9031,0.0,13.234177,11.576002
K9JA28,9031,,8.965902,5.399325
Q90966,9031,762001.0,12.638836,11.942506
Q9I8D1,9031,0.0,11.144366,11.772085
F1NV61,9031,0.0,11.723061,12.343128
Q9DEG5,9031,0.0,12.066842,8.79012
Q90733,9031,0.0,14.16144,10.360231
F1NY71,9031,,11.318788,11.250161
H6U4T4,9031,739409.0,13.362839,13.358697
Q8AYD0,9031,0.0,11.53554,15.1332855
P01013,9031,,10.15029,17.012877
P0CB05,9031,760464.0,12.816974,9.8383875
A7M6V5,9031,,9.332696,5.8147254
Q5GR02,9031,0.0,7.618718,6.3321514
F1NPL8,9031,0.0,13.993444,11.5565195
F6SU23,9031,,12.472826,12.73587
O93344,9031,1027603.0,8.028029,12.851777
Q4R0X9,9031,788326.0,8.745407,6.858967
H6ULX0,9031,746845.0,9.595436,5.1461945
F1N9S8,9031,801545.0,11.622505,12.268469
P16419,9031,758225.0,12.330881,11.653064
Q8AYC9,9031,793157.0,12.272759,11.941609
A0A1D5NUC4,9031,,12.646067,11.020759
Q52P71,9031,752496.0,8.374033,7.2181644
F1P0N0,9031,745491.0,13.093137,10.277541
Q9DD78,9031,746646.0,12.469393,12.74518
P01875,9031,,8.4928,5.92069
C5J073,9031,739409.0,13.362933,13.360265
E1C7U0,9031,782115.0,14.491186,9.483468
P51030,9031,761486.0,7.9900026,5.523172
Q76I90,9031,801468.0,11.459795,8.630953
P79760,9031,793104.0,6.877343,10.253789
Q2ACD2,9031,,13.89722,3.8762262
Q91006,9031,789836.0,11.245794,11.317558
P17920,9031,739247.0,15.023408,8.596105
P27043,9031,711652.0,9.319045,6.116844
Q90978,9031,754203.0,7.825145,5.8825946
I6QEA2,9031,756050.0,6.053282,5.865594
Q90ZG0,9031,0.0,9.4743,11.388207
O93345,9031,0.0,14.528972,8.266773
F1P054,9031,,6.8688087,10.247554
Q5UMH8,9031,745467.0,8.915394,5.959676
P06212,9031,747230.0,14.082752,10.356836
P80566,9031,1029089.0,9.113161,11.749991
Q5ZIA4,9031,0.0,7.9692526,7.234192
F1NW21,9031,761889.0,8.9317875,6.744488
Q56I99,9031,789206.0,13.688991,6.404304
Q5ZHL1,9031,0.0,10.388778,12.586751
A0A1D5PHC7,9031,,8.483038,6.506908
O93436,9031,0.0,11.986378,9.103729
Q5ZL72,9031,1027301.0,8.755517,12.955725
Q00709,9031,0.0,12.5189,11.738048
P60878,9031,805320.0,11.497266,12.565079
R4GK65,9031,,11.862177,11.672691
P31696,9031,761375.0,8.533097,6.555615
Q3YK19,9031,0.0,12.860056,9.244148
O42273,9031,0.0,9.049878,6.3693647
O93257,9031,802174.0,10.792176,11.279556
P05083,9031,1027433.0,7.6014514,12.465235
G8HMZ3,9031,739409.0,13.373993,13.367713
E1C2F2,9031,775580.0,13.244088,9.321091
Q90655,9031,0.0,14.713408,8.321425
A3DTN6,9031,732578.0,8.93378,6.0396624
O73684,9031,793104.0,7.050192,10.294411
P43449,9031,0.0,11.137215,9.952661
B3GRU6,9031,0.0,5.9815364,5.7839036
Q90Z51,9031,0.0,14.110817,9.17929
P01012,9031,801946.0,10.172593,16.985806
F1P5E1,9031,,7.525953,6.8517923
Q6LDD0,9031,,11.395721,11.733139
Q1XG00,9031,,9.589596,5.1570287
F1NJ08,9031,,7.620271,2.66647
Q90ZH5,9031,805258.0,11.025772,10.542895
F1NYE9,9031,,11.378775,10.011603
P18870,9031,780321.0,13.278134,10.643781
Q2XP49,9031,1033221.0,8.923767,6.9688373
G1K325,9031,,14.488367,8.348935
P56732,9031,747133.0,9.048597,7.5132823
B4Z8L9,9031,0.0,13.668334,6.051691
Q5ZLJ0,9031,,14.235239,12.0261965
O96269,36329,802981.0,13.70815,5.5285945
C6KSN3,36329,1028534.0,8.040468,8.906393
Q8IEN9,36329,139923.0,11.561347,4.0236125
O15770,36329,802214.0,8.308209,10.716525
Q8I5T4,36329,801594.0,9.825161,10.347942
Q8IB70,36329,138431.0,11.198475,3.8800805
Q8IIF0,36329,140613.0,12.736102,6.7501693
Q9NDU7,36329,139074.0,11.53367,4.4953685
Q8I5S7,36329,802054.0,8.8025,9.829963
C6KSL4,36329,136549.0,12.038763,4.053069
Q8IC42,36329,136652.0,13.220842,6.949257
Q8IJB7,36329,140738.0,11.766135,4.1652303
Q8IIZ9,36329,136254.0,9.6839,-3.0003994
Q8I2C8,36329,136254.0,9.845017,-2.8404422
Q8I4R4,36329,140734.0,9.895622,7.5949435
Q8IBH7,36329,1027244.0,9.620018,11.3016615
Q8IIC0,36329,140914.0,11.534484,3.6556256
O96189,36329,801534.0,10.259486,9.346565
Q9TY99,36329,141391.0,11.600211,5.121777
Q8IDK6,36329,139050.0,11.556089,3.4781244
Q8IFP2,36329,1027278.0,7.7167525,11.456412
Q8IBY4,36329,801520.0,9.498248,13.757165
O96113,36329,136254.0,9.757628,-2.927311
Q8IIX3,36329,140973.0,10.044284,8.376556
Q8IDZ6,36329,138984.0,11.448707,3.5745094
Q8ILJ9,36329,801531.0,7.9276795,8.75039
C6KTA4,36329,1027422.0,8.428334,12.345073
C0H4D0,36329,139788.0,12.064429,4.174061
C0H516,36329,801484.0,16.133684,13.573512
O96252,36329,1029316.0,8.028739,10.907149
Q8IAS5,36329,136676.0,9.867853,-2.817648
C6KSM4,36329,802631.0,10.920576,4.0405803
O97304,36329,141614.0,10.748893,8.024205
Q8IKC8,36329,138915.0,13.056202,5.632071
Q8IEJ7,36329,142736.0,11.494615,3.8563771
Q8I2J4,36329,141953.0,10.226023,9.358175
C0H496,36329,1035326.0,11.643783,3.808607
Q8I1Y8,36329,136577.0,11.578657,3.4253623
Q8IKR8,36329,140629.0,10.910764,4.2663975
Q8ILP3,36329,139246.0,11.81429,4.188292
Q8IKM5,36329,805041.0,9.601791,13.693984
Q8I476,36329,140931.0,11.740848,4.0614877
Q8I5R3,36329,140052.0,10.895726,4.3456383
Q8I457,36329,146354.0,11.037211,3.9957151
C6KSY6,36329,1027274.0,9.440704,13.83267
Q8IJ04,36329,136254.0,9.841031,-2.8447578
C6KT99,36329,1029547.0,8.284701,10.784647
C0H4C3,36329,139769.0,11.396116,4.2248325
O77310,36329,139072.0,12.435226,4.6024876
C0H4Q5,36329,136254.0,9.825678,-2.8600256
Q8ILF0,36329,145888.0,11.495908,3.5764923
Q8IE95,36329,140685.0,11.562362,3.4590485
Q8I0U9,36329,139382.0,11.166315,4.072501
Q8I4V8,36329,802592.0,9.102116,10.310316
Q9U5M0,36329,136401.0,-0.22203737,17.55967
Q8I1R7,36329,140173.0,11.004783,4.035774
Q8IKH8,36329,1027267.0,9.035035,13.680655
Q8IIR7,36329,141949.0,12.64323,14.013841
Q8IDP4,36329,139028.0,10.525487,7.7311797
Q8IBA0,36329,804561.0,10.455715,11.394913
C0H540,36329,147667.0,10.969049,4.34675
Q8ILF7,36329,803076.0,7.8533006,11.2067
Q9NFA0,36329,141519.0,9.71825,8.91502
Q8I608,36329,802748.0,10.953912,8.353041
Q8IDN4,36329,139036.0,11.035152,8.212395
O96293,36329,136254.0,9.62115,-3.0622342
Q8IDW1,36329,141812.0,10.706971,4.5089455
Q8I339,36329,139431.0,11.6187,3.8558855
Q8ILK3,36329,802506.0,9.6121,13.707104
Q8IJ88,36329,822261.0,12.921695,6.8318357
Q8IEG6,36329,802023.0,9.472844,9.772301
Q8IKX8,36329,138815.0,11.452126,3.5873723
Q8IDE8,36329,804738.0,10.939275,4.4762297
Q8I3A0,36329,139399.0,11.476605,3.5661693
Q8I5I9,36329,136374.0,11.569063,3.4527786
Q8IKV8,36329,802240.0,10.062,7.8123593
Q8IB67,36329,827579.0,11.56376,3.5679748
Q8I534,36329,147341.0,11.023698,4.220842
Q8IIZ3,36329,136254.0,9.834811,-2.8503954
Q8IBX0,36329,136325.0,3.2600992,22.482367
Q8IJ74,36329,805262.0,8.2954,10.676418
Q8I5E3,36329,136377.0,11.581628,3.4214249
O97240,36329,1027545.0,11.238744,4.023637
C6KTB1,36329,802787.0,8.357994,12.290642
C0H4K6,36329,139850.0,11.558505,3.4771552
Q8IKW2,36329,138824.0,11.546308,3.461891
O77361,36329,139105.0,11.631408,3.873963
Q9NFB0,36329,136254.0,9.802454,-2.8838146
Q8IET3,36329,802418.0,10.029007,9.594553
Q8I3Y8,36329,801611.0,11.328736,4.363827
Q8IKF0,36329,1027284.0,9.8706,10.911587
Q8I5V3,36329,1028216.0,10.974402,3.9595308
Q8IIJ6,36329,802191.0,11.0161295,4.118375
Q8I0Q0,36329,136800.0,12.274016,4.5769744
Q8I2B1,36329,1027318.0,10.797178,4.2189493
Q6LFD5,36329,138564.0,11.063413,4.3753395
O96237,36329,141304.0,11.342165,4.0984364
Q8I492,36329,145579.0,11.599569,4.7119207
C6KTE9,36329,136549.0,12.047611,4.0635257
Q8IIK3,36329,801485.0,9.124733,11.4344015
Q8ILP6,36329,1027299.0,10.932027,4.044679
Q76NN8,36329,801514.0,10.846945,4.171754
Q8I5L5,36329,136325.0,3.2426898,22.501175
Q7KQJ9,36329,1027287.0,9.458142,10.006423
Q8ILT9,36329,802012.0,8.918685,9.429518
Q8I5P0,36329,136370.0,11.670644,3.936715
Q8I415,36329,139793.0,11.257893,4.1391582
Q8I3C3,36329,136257.0,11.327413,4.182158
Q8IFQ6,36329,136325.0,3.2452147,22.49834
Q8IJ52,36329,136316.0,11.805845,4.1578474
C6KSS1,36329,1028706.0,10.756316,4.245536
Q8IHR4,36329,142593.0,10.981212,10.235423
Q9U5L9,36329,136401.0,-0.22247222,17.560003
Q8IDZ1,36329,138987.0,-0.0013661038,14.946664
C0H5J6,36329,803390.0,10.461578,7.876715
Q8IB73,36329,801967.0,4.922234,9.172198
Q8I346,36329,802309.0,9.998685,9.736384
Q9TY96,36329,140701.0,11.440677,4.3894334
Q8I1S0,36329,1027819.0,1.8433079,12.547741
Q76NM5,36329,136404.0,11.819089,4.1822686
O96220,36329,,8.665995,12.878401
Q8I295,36329,136259.0,11.102348,3.9036455
Q8IIY2,36329,136755.0,12.035725,4.045286
Q8IEE9,36329,139971.0,11.528959,4.275892
Q8I4Q4,36329,136397.0,12.070737,4.025356
Q8IHZ5,36329,140508.0,11.626129,3.9927824
Q8II24,36329,1027381.0,9.644415,12.043829
C6KSX0,36329,138559.0,10.256561,7.7685947
Q8IEK7,36329,805584.0,9.6624365,8.978739
Q8IK76,36329,827577.0,11.866479,4.145994
C6KT29,36329,138589.0,11.292434,3.9134853
Q8I4X1,36329,139642.0,11.051826,3.8967454
O97462,36329,136800.0,12.25808,4.5269313
Q8I531,36329,144966.0,11.5726385,3.4906836
Q8I236,36329,1029822.0,10.718763,4.2961693
Q8IM30,36329,144561.0,11.182171,3.9676917
Q7KWI9,36329,1028489.0,8.279854,10.718049
C0H571,36329,139524.0,12.440736,4.600508
C0H4V4,36329,136772.0,12.45578,4.6248364
Q8I3D1,36329,136401.0,-0.22245343,17.559978
Q8I470,36329,139770.0,11.222709,3.8969278
Q8I4Q6,36329,807901.0,11.947472,4.1025357
Q8IHY0,36329,140516.0,11.590466,3.6260912
Q8I2G1,36329,136774.0,11.540049,5.141656
Q8IBE3,36329,136804.0,9.828199,-2.8575892
Q8IAR7,36329,1027290.0,8.566452,10.77189
Q8IIA4,36329,801867.0,10.914694,4.0313015
Q8IHM0,36329,136358.0,3.2584503,22.484081
O96291,36329,136554.0,-0.22261141,17.56012
Q7K6A7,36329,139834.0,10.960703,4.237695
Q8I639,36329,136359.0,3.2596622,22.482124
Q8IIA8,36329,805032.0,10.122986,9.949703
Q8IB59,36329,802544.0,10.431655,9.088853
Q8ILT4,36329,136468.0,11.575606,3.4942422
Q8I3D6,36329,,9.850058,-2.835283
O96121,36329,136518.0,11.968826,4.1157317
C6KTF8,36329,136254.0,9.804583,-2.8808005
C6KT01,36329,801567.0,10.997001,3.9306743
O96295,36329,136254.0,9.836604,-2.8498867
C0H5I7,36329,1027301.0,8.646086,12.909386
Q8IDR5,36329,139017.0,11.927389,7.5637283
Q8I1T4,36329,140163.0,11.5352,3.5557864
Q8I098,36329,136358.0,3.2562304,22.486437
O96288,36329,136254.0,9.63568,-3.0476882
Q8IBD1,36329,136687.0,11.754959,4.395263
Q8I4P2,36329,136254.0,9.82712,-2.8577619
Q8I440,36329,136615.0,11.053502,3.8831148
Q8IHS5,36329,804823.0,8.633886,12.038421
Q8IKE1,36329,802398.0,11.477836,3.616154
O96111,36329,136401.0,-0.22264421,17.56015
Q8I6U4,36329,141128.0,11.080523,4.3516836
Q8IM85,36329,136254.0,9.825379,-2.8604577
Q8IDS3,36329,141293.0,11.110458,3.8350163
Q8I2F7,36329,136719.0,11.85294,4.374528
Q8I5T5,36329,139325.0,11.558854,3.4831681
C0H5L4,36329,141167.0,11.188345,4.013888
Q8IDG8,36329,,13.588264,7.413389
P61075,36329,801468.0,14.307437,12.093084
Q8IHM5,36329,136254.0,9.604474,-3.078919
Q8I4X0,36329,1027835.0,-3.1275115,6.204273
Q8IJD4,36329,801562.0,8.859589,13.49959
O96117,36329,136515.0,9.842336,-2.843172
Q8IDX6,36329,139162.0,11.891076,4.036721
Q8IB06,36329,138403.0,10.841955,4.157829
Q8I6Z9,36329,1029546.0,10.809425,4.18995
C6KT50,36329,1027431.0,7.264625,11.460981
Q8IDR8,36329,803384.0,7.874088,11.213779
Q8IDP1,36329,136434.0,11.317085,3.7721088
Q7YTF7,36329,141799.0,10.785746,4.371845
Q8I5Q4,36329,141517.0,9.364132,9.475819
Q8I2Z8,36329,147599.0,9.253377,9.5236025
Q8IEU8,36329,136254.0,9.832031,-2.8535295
Q8I298,36329,140987.0,11.636888,4.0768127
Q8IAS4,36329,136325.0,3.242378,22.501528
Q8I0V4,36329,1027825.0,10.095681,8.057875
C0H473,36329,147585.0,10.511506,7.9003367
Q8IIY3,36329,136254.0,9.856388,-2.8287547
Q8I519,36329,136325.0,3.2418284,22.502064
Q8ILZ1,36329,140953.0,12.391441,4.586012
Q8ILK1,36329,801957.0,8.865495,10.125371
Q8IJ72,36329,801468.0,10.594086,7.7239213
Q8IEU6,36329,136254.0,9.625616,-3.057861
Q8IK35,36329,136254.0,9.628964,-3.0548735
Q8I494,36329,136254.0,9.841823,-2.8441176
Q7KWJ5,36329,801468.0,6.9539604,8.798888
Q8ILQ7,36329,141741.0,8.201683,10.613643
Q8I3J0,36329,804627.0,11.4871235,8.907154
C0Z3M4,36329,,12.132113,4.3214865
Q8IHZ9,36329,801468.0,14.134299,11.807967
Q8IAK3,36329,136325.0,3.2500842,22.493254
Q8IIU3,36329,1028372.0,7.73628,11.335227
C6KT52,36329,141377.0,11.769208,4.1482863
Q8IC44,36329,,11.636955,4.507867
Q8IJ32,36329,802310.0,10.973104,10.398468
Q8I0U6,36329,136354.0,11.742693,4.4319863
Q8IJ64,36329,136312.0,11.563389,3.4367814
Q8ID61,36329,138699.0,11.365647,3.8143737
Q8I216,36329,136254.0,9.748071,-2.9370847
O97284,36329,140284.0,11.350711,3.6675353
Q7KQK3,36329,804213.0,11.7229595,9.106838
Q8I599,36329,139578.0,10.539738,7.821975
Q8I4N5,36329,136325.0,3.2423756,22.501463
Q9U0G5,36329,136325.0,3.2422376,22.501745
C6S3C7,36329,136296.0,12.059097,4.062856
Q8I5J9,36329,140084.0,11.794318,4.3190618
Q8I4W3,36329,139646.0,11.405062,3.6727455
Q7KQL8,36329,801778.0,9.298251,11.040013
Q8IHP4,36329,141936.0,9.607304,9.0279455
Q8I5Y8,36329,801750.0,10.817806,4.174471
O96292,36329,136254.0,9.829818,-2.8565097
Q8IBZ7,36329,136655.0,11.309641,3.7359293
Q8I3L8,36329,138267.0,9.507613,8.5977955
Q8IBB9,36329,138465.0,12.233503,4.4263916
O96279,36329,139072.0,12.448633,4.6089444
Q8I2W7,36329,139468.0,11.069219,3.892227
Q8IJC3,36329,139724.0,11.021285,3.883614
C6KSK9,36329,136254.0,9.792595,-2.892921
Q8ILY1,36329,143134.0,11.116453,3.8541605
Q8IIW5,36329,802395.0,10.2584,8.604643
Q8IFN1,36329,141206.0,12.750626,6.2072287
O96198,36329,801965.0,10.835235,4.1772156
Q8I2W3,36329,802748.0,10.973917,8.422822
Q9NFB5,36329,136254.0,9.817915,-2.8691087
Q8I2S0,36329,139492.0,11.105943,3.905161
Q8I0X2,36329,140334.0,10.888205,4.187369
Q8I5V8,36329,139338.0,12.269746,7.4237323
Q8IDQ9,36329,814900.0,8.108554,10.911816
Q8IC01,36329,804597.0,10.739659,4.336733
Q8I1W9,36329,140105.0,11.70304,3.9409218
Q9NLB2,36329,804677.0,9.319516,10.960334
Q8IJ11,36329,136274.0,12.063341,4.041066
P62203,36329,801468.0,5.1771193,1.6928302
Q8IBX3,36329,136325.0,3.2430723,22.500778
Q76NM6,36329,1027409.0,7.191176,11.633415
Q9NFB6,36329,136325.0,3.2427382,22.50112
Q8I4Q9,36329,136361.0,11.958241,4.241372
Q8I716,36329,802499.0,11.041372,3.8676133
Q76NN7,36329,801485.0,9.103434,11.595599
Q8I613,36329,139368.0,11.088994,7.9434524
Q8IJJ4,36329,805454.0,10.891234,4.1636496
B9ZSJ3,36329,136274.0,12.056185,4.032238
Q8IK42,36329,136254.0,9.670378,-3.013537
Q8IM81,36329,136401.0,-0.22266011,17.560158
Q8I1N7,36329,140190.0,11.30771,3.738125
Q8ILC1,36329,142008.0,10.28337,10.799916
Q8I4P7,36329,136254.0,9.655378,-3.028725
Q8IK40,36329,136254.0,9.622665,-3.0611746
Q8IKM6,36329,141356.0,10.770157,7.728102
Q8I3I0,36329,801485.0,9.170803,10.998726
Q8I1V4,36329,136254.0,9.855278,-2.8304634
Q8I1V5,36329,136254.0,9.844131,-2.8413944
Q8I1V7,36329,136325.0,3.242167,22.501562
Q8IBB0,36329,138459.0,11.561664,3.4660294
Q7KQK0,36329,802224.0,13.390451,11.418148
O96116,36329,136254.0,9.618964,-3.0647516
Q76NM4,36329,801484.0,16.157934,13.58636
C0H4M6,36329,139890.0,11.020744,4.310066
Q8I632,36329,,12.056521,4.783716
Q8ID54,36329,138702.0,11.011027,3.912984
Q8IM80,36329,136254.0,9.591277,-3.0923564
Q8I6Z5,36329,141959.0,11.092132,4.2598057
Q08210,36329,804714.0,10.967932,3.9907587
Q7KQM2,36329,801986.0,9.690049,10.240752
Q8I3A2,36329,139398.0,11.178638,4.09411
Q9NFB2,36329,136254.0,9.850915,-2.8347383
C6KTE4,36329,801881.0,10.897074,4.0655494
Q8IDM2,36329,803102.0,11.23808,4.094445
Q8IBZ6,36329,139873.0,11.564,3.435516
Q7KQM0,36329,1027829.0,8.621066,12.455867
Q8I5R7,36329,1027308.0,10.774474,4.242576
Q8I2E5,36329,136254.0,9.812313,-2.873848
C6KTB8,36329,138631.0,11.571252,3.41533
Q8IJR9,36329,1033102.0,8.297151,10.723598
Q8IJ02,36329,136254.0,9.841713,-2.8444126
Q8I3C0,36329,,11.414039,4.3658485
Q8IDY3,36329,136427.0,11.749432,4.0410347
Q8IKL4,36329,142694.0,10.775683,4.2865157
Q8IC06,36329,1027241.0,8.261831,10.764301
Q8I3Z0,36329,139805.0,11.892438,4.115087
Q4VWQ3,36329,801700.0,10.534984,7.687564
Q8IEU1,36329,140648.0,12.010674,4.4666533
Q8IL84,36329,138758.0,11.561466,3.4660182
Q8IIJ9,36329,145225.0,11.498537,4.5019455
C0H5C6,36329,805320.0,10.295491,9.451496
Q8I2X3,36329,805082.0,9.771027,8.109995
Q8I2X4,36329,801582.0,9.637188,12.016677
Q8IK58,36329,136503.0,11.984544,4.18783
Q8IE69,36329,143280.0,10.827928,4.270815
Q8I1R6,36329,801876.0,10.888984,4.120435
Q8IBW6,36329,136254.0,9.870708,-2.8141987
Q8IM84,36329,136254.0,9.838618,-2.8475401
O97320,36329,801610.0,0.0150953885,14.934737
Q8IK43,36329,136401.0,-0.22270635,17.560202
Q8I5Q3,36329,1030564.0,8.376245,12.737686
Q8IFN2,36329,140677.0,11.756271,4.1848855
Q8IKU0,36329,143019.0,10.849636,4.1711197
Q8I2C6,36329,136401.0,-0.22268601,17.56016
Q8IKJ8,36329,138877.0,11.671583,4.1073527
Q8IIW1,36329,140355.0,11.260754,4.0869613
Q8I0V2,36329,1029317.0,7.508338,11.455458
O96165,36329,136532.0,11.418399,4.392938
Q7KQM1,36329,801543.0,9.470367,9.373751
O96123,36329,801468.0,10.418823,7.673987
Q8IK23,36329,136281.0,12.0503025,4.048806
C6KSK8,36329,136325.0,3.2579093,22.484621
Q8I4T1,36329,801603.0,10.863666,8.216484
Q8IIL5,36329,140399.0,11.237102,4.059426
Q8IAL0,36329,138291.0,9.839976,7.2821193
Q8I3V5,36329,139824.0,11.56115,3.4412446
Q8I410,36329,142660.0,11.577294,3.787854
Q8IKR1,36329,1027310.0,7.7153077,11.290284
C0H535,36329,139437.0,11.958574,6.8164883
Q8IB60,36329,801723.0,10.047534,10.917505
Q8I520,36329,136325.0,3.2426832,22.50112
Q8IBW8,36329,136325.0,3.2443657,22.49923
O77313,36329,802034.0,9.333957,9.938206
Q8I528,36329,802157.0,11.261893,4.091346
Q8I507,36329,1028473.0,11.05379,3.9063787
Q8I288,36329,811402.0,9.943765,9.928592
C6KTC6,36329,801998.0,10.850555,4.126605
Q8IC50,36329,136800.0,12.258717,4.5437193
Q8I2F5,36329,,12.05637,4.03974
Q8IAS6,36329,136677.0,9.838806,-2.847245
Q8IB86,36329,138444.0,10.789719,7.794646
Q8I4P3,36329,136254.0,9.768965,-2.9165022
O96118,36329,136401.0,-0.22270855,17.560184
Q8I6V3,36329,802864.0,7.6761274,7.788743
Q8I6U5,36329,141128.0,11.083912,4.3597884
Q8IE80,36329,141194.0,12.696025,6.2547183
Q7KQK1,36329,141518.0,9.825904,8.842313
Q9U0J0,36329,140120.0,11.261486,4.045172
C6KTF3,36329,136756.0,9.859613,-2.8262005
O97285,36329,804870.0,9.881452,10.8954935
Q8I5K4,36329,141152.0,11.153728,8.043053
Q8I2S7,36329,141688.0,8.314894,10.763795
Q8I4W8,36329,141350.0,10.702708,8.1322155
C0H520,36329,139405.0,11.4983225,3.5328069
Q8IK77,36329,140978.0,12.162379,4.5938044
Q8I487,36329,140992.0,11.540849,5.3472157
Q8I3F9,36329,139388.0,11.628032,3.9216673
C0H4I0,36329,0.0,12.046936,4.0370474
Q8IL80,36329,1028804.0,8.330551,12.327362
Q8IAU3,36329,140033.0,11.070755,3.869673
O97474,36329,136549.0,12.049398,4.043447
Q9U0J2,36329,812148.0,11.300242,4.1318254
C0H4H1,36329,136631.0,12.051055,4.0447035
Q8IDW3,36329,1027262.0,8.540986,10.391646
Q7KQL1,36329,139750.0,11.398179,4.022473
Q8IL67,36329,141692.0,11.382932,3.7310703
C6KT68,36329,805007.0,10.98425,3.965862
Q8IJ00,36329,136254.0,9.612656,-3.0710354
Q8I3U2,36329,139830.0,11.486695,3.5515692
Q8I3D9,36329,136254.0,9.79529,-2.8905997
O96229,36329,140333.0,11.726754,4.074889
Q8I431,36329,,9.475302,13.81524
Q8IBC9,36329,136806.0,12.034436,4.234312
Q8I3Z5,36329,802124.0,13.38376,5.79215
Q8IJT1,36329,1027307.0,3.184379,9.444027
Q8IIK4,36329,1027430.0,8.229781,10.839312
O96156,36329,802494.0,7.8915715,8.744982
O97282,36329,1027301.0,8.642289,12.923315
Q8I5B6,36329,1033237.0,3.1915913,9.447913
O97229,36329,139080.0,11.719021,4.168377
Q8ILL9,36329,802419.0,9.264075,9.79914
Q8I468,36329,141609.0,12.383664,8.843589
Q8ILW9,36329,1027835.0,-3.1290855,6.2025743
Q8IBF1,36329,136664.0,11.899459,4.1246696
Q8I2C4,36329,136325.0,3.242957,22.50093
C0H5C2,36329,1027319.0,13.468072,5.6791153
Q8I3D2,36329,136254.0,9.863626,-2.8225727
Q8II80,36329,140459.0,11.255126,3.8793705
C6KSZ2,36329,804691.0,11.127181,3.8414412
Q8I2E7,36329,136254.0,9.846348,-2.8393347
Q8I215,36329,136401.0,-0.2227236,17.560162
Q8IJP9,36329,,11.60128,3.5939367
Q8I495,36329,136325.0,3.243572,22.500244
Q8I6U8,36329,136729.0,11.373016,5.051685
Q8IBD2,36329,136688.0,11.996178,4.122966
C0H4Q7,36329,136254.0,9.861203,-2.8245053
Q8ILA1,36329,140713.0,11.826718,4.2372384
C0H4H3,36329,802198.0,13.707103,5.5579348
Q8I4S1,36329,801759.0,8.800448,10.87051
O96201,36329,140755.0,11.571973,3.4952757
Q8IIN1,36329,805459.0,10.831138,4.448346
Q8IBV0,36329,1027587.0,8.349972,10.757008
Q8IFQ3,36329,136254.0,9.828525,-2.856979
C0H4Q0,36329,801808.0,13.669295,5.727186
Q8IM15,36329,802864.0,7.727004,7.8117905
Q8I2E6,36329,136254.0,9.829201,-2.8563192
Q8IE47,36329,1027909.0,8.044848,11.0471945
Q8IKV1,36329,,10.312032,9.502257
Q8IBI5,36329,1027395.0,10.937535,3.989135
Q8IDY0,36329,136430.0,11.966557,4.1797805
Q8IL79,36329,138760.0,9.5497,8.4552765
Q8I5F9,36329,801647.0,10.758584,4.2500644
Q8IIJ0,36329,802407.0,11.088596,3.8940904
Q8ILN8,36329,801474.0,9.502675,13.394938
Q8I384,36329,1029088.0,10.886164,4.0526714
C6KTF2,36329,136254.0,9.89679,-2.7892282
Q8I3E4,36329,136254.0,9.815464,-2.8707159
Q8IE14,36329,802262.0,8.62914,10.805641
Q8IIZ5,36329,136325.0,3.2423906,22.501574
Q8IJ07,36329,136401.0,-0.22240497,17.559902
Q8IHW5,36329,140523.0,11.658886,3.9254034
Q8I3I3,36329,136625.0,11.2918825,3.9992151
Q8I4R3,36329,140976.0,12.680107,6.048111
Q8II81,36329,807498.0,10.114332,10.213785
B9ZSJ2,36329,141609.0,11.617592,4.6731043
Q8ID43,36329,801842.0,12.951151,3.811807
C0Z3M5,36329,,12.160863,4.3236713
O96175,36329,139135.0,11.643733,3.9268093
Q8IJD0,36329,827565.0,12.316026,7.5002885
Q8IJC6,36329,1027265.0,9.473463,13.822734
Q8I3B0,36329,802408.0,9.564633,13.734291
Q7KQL3,36329,1027819.0,1.8333321,12.546397
Q8I2G2,36329,139072.0,12.450394,4.6032376
Q8IJ76,36329,136311.0,12.794573,6.846512
Q8IK17,36329,136287.0,12.082376,4.0260797
Q8I3M5,36329,801590.0,10.439028,8.666463
Q8IBW7,36329,136325.0,3.2422829,22.501709
Q8IDZ8,36329,807609.0,10.726996,4.368799
Q8I0X4,36329,136367.0,11.089799,3.7911806
Q8IE08,36329,802010.0,10.234602,9.411744
Q8IDQ2,36329,142162.0,11.015825,4.2684116
Q8IED5,36329,139979.0,10.957901,4.227447
Q8I3T5,36329,141609.0,12.406078,8.965799
Q8II36,36329,801918.0,17.214966,14.315376
Q8I484,36329,139763.0,12.477037,4.635559
Q8IAX8,36329,813586.0,12.096454,9.085748
Q8I301,36329,801587.0,10.864665,10.865183
Q8I6Z7,36329,139998.0,11.197458,4.2632113
C0H5E1,36329,136419.0,11.38045,3.6800368
O77334,36329,139097.0,11.434622,3.5351803
C6KT25,36329,145196.0,7.828923,12.348197
Q8I615,36329,139370.0,11.372423,4.129782
Q8IC49,36329,136254.0,9.871689,-2.8142605
C6KT82,36329,138614.0,11.494362,4.028633
Q8IIR9,36329,801822.0,14.250015,12.04306
O96164,36329,136531.0,11.469669,4.363105
Q8I395,36329,139403.0,12.4529295,4.6116915
O97235,36329,805852.0,10.795643,4.2613864
Q8IB99,36329,138451.0,10.942463,4.4922876
C6KSP5,36329,142335.0,10.959574,4.314901
Q8I2B9,36329,136254.0,9.60918,-3.0744615
Q8IDX8,36329,140924.0,11.849059,4.1474648
Q8I3Y9,36329,139806.0,12.389796,4.539823
Q8I0G7,36329,136254.0,9.621886,-3.0620003
Q8IBR9,36329,,11.576998,3.4385116
P86148,36329,,11.744723,3.9338913
Q8IJ06,36329,136254.0,9.829598,-2.8568332
Q8I2C0,36329,136401.0,-0.22281459,17.560253
Q8I5K3,36329,140080.0,11.561356,3.479279
Q8IEL5,36329,802530.0,10.872376,4.1602254
B9ZSH6,36329,136254.0,9.861446,-2.8248756
Q8IK01,36329,140200.0,11.810313,4.3679695
C6KTF6,36329,136254.0,9.7564945,-2.9289382
Q8IIF4,36329,140424.0,11.587481,3.409641
O97252,36329,139090.0,11.149571,3.8103461
Q8IK27,36329,136279.0,12.04135,4.00093
Q8IBW9,36329,136325.0,3.2425456,22.501453
Q8I5C4,36329,1027301.0,8.725507,12.936796
Q8I1Q2,36329,801636.0,9.629433,10.326214
Q8IAS0,36329,139892.0,11.119223,4.25343
Q8IKS4,36329,142974.0,8.927352,9.040095
Q8ID74,36329,811207.0,10.859687,4.040227
Q8IFQ4,36329,136325.0,3.2436397,22.500214
Q8I218,36329,136325.0,3.2544537,22.488468
Q8IJ45,36329,136318.0,11.823652,4.1723504
Q8I719,36329,145333.0,13.4495125,11.515688
Q76NL8,36329,1033130.0,10.777907,4.270303
Q8IBB7,36329,141765.0,7.9380584,8.764255
Q8IAM2,36329,1028804.0,8.406047,12.10621
Q8IBD9,36329,136254.0,9.831853,-2.8551526
Q8ILE4,36329,139295.0,11.28188,3.7612474
Q8IFQ5,36329,136325.0,3.243138,22.500828
O96124,36329,141119.0,11.442359,4.9778085
O97232,36329,139082.0,10.815138,4.2334266
Q8IBS5,36329,801468.0,13.523559,11.579189
Q8IL68,36329,1028213.0,10.918283,4.125666
O97247,36329,1027301.0,8.720117,12.961453
P14100,9913,790178.0,11.991146,12.006785
E1B9I5,9913,789185.0,13.666026,6.227588
P08057,9913,0.0,12.061113,10.945512
P02470,9913,773853.0,12.139666,11.416338
P42026,9913,802709.0,7.39636,11.356419
Q9TU23,9913,804477.0,12.629465,9.748487
P82928,9913,738778.0,11.861181,9.883727
Q3ZBF6,9913,1027578.0,8.087695,12.694961
Q17QQ5,9913,0.0,12.257086,11.538609
P00396,9913,1027880.0,3.7867475,14.604057
Q6TJY3,9913,792940.0,13.56366,11.498067
Q3T0B6,9913,779894.0,9.901401,9.1051855
P00639,9913,1028186.0,7.961648,7.011471
E1BKH1,9913,801924.0,10.78754,10.973537
P61223,9913,792948.0,16.039108,13.781775
Q28056,9913,739800.0,9.170962,7.3681774
Q05204,9913,759147.0,12.526736,12.724488
P82911,9913,,9.848869,11.99216
P51866,9913,0.0,8.661475,5.4069543
A6H772,9913,1027981.0,10.488649,15.628924
A5PK71,9913,801546.0,11.1724,9.2404175
Q28049,9913,,7.9192314,7.1893573
P82669,9913,789320.0,10.190271,8.960293
Q9MZ34,9913,805347.0,7.3979836,8.989023
Q01107,9913,746159.0,11.5363655,15.133042
Q32KZ1,9913,746460.0,11.759608,9.837264
Q8HXG5,9913,731789.0,11.813194,10.258958
Q28142,9913,752976.0,12.476991,12.765389
E1B8D6,9913,784312.0,13.687275,8.827479
A4LAP1,9913,,9.631838,5.103613
Q3SZ22,9913,805773.0,11.509361,11.267457
P00847,9913,805724.0,4.1628146,14.197975
Q95MZ8,9913,,18.695862,9.407591
Q0VCK5,9913,0.0,13.307432,2.2505107
P79106,9913,805923.0,11.077906,11.443261
P03924,9913,773707.0,4.181094,14.166897
P55052,9913,732675.0,9.535822,11.988306
P20004,9913,803384.0,9.285758,12.356548
Q3ZCJ8,9913,811817.0,8.523861,7.0658855
Q2TBR2,9913,1033224.0,9.851537,13.461792
O46522,9913,0.0,11.114894,12.321155
Q9TVA8,9913,,9.075015,6.461801
F2X2F2,9913,,13.357697,13.352677
P49951,9913,801655.0,10.652749,10.257895
Q59HJ6,9913,803392.0,9.591238,11.474438
P01246,9913,,9.598246,5.1141577
A7YWF3,9913,778095.0,12.212743,10.931638
P01272,9913,736486.0,13.936128,3.9082696
Q3T0J3,9913,761200.0,9.673912,13.609993
Q2TA06,9913,792940.0,13.97038,11.678245
Q5EC27,9913,,9.598527,5.1004515
Q02375,9913,794227.0,11.692129,12.248373
F1MSG6,9913,0.0,12.756007,9.689429
A7MB62,9913,1027835.0,-0.21097837,13.506917
P43896,9913,805852.0,11.655145,11.604745
P61763,9913,0.0,10.417948,10.361764
Q3SZE9,9913,805702.0,11.4383335,10.292077
Q02369,9913,761423.0,9.944735,8.895854
Q8MJV3,9913,756400.0,5.76859,5.6439223
P61285,9913,,9.624096,12.221429
F1N588,9913,778086.0,13.421375,10.407612
Q32PC9,9913,802441.0,11.955024,12.461549
A1A4K3,9913,801667.0,10.640075,10.726461
Q2YDI5,9913,758238.0,10.008104,9.101795
P81134,9913,0.0,9.261884,7.193002
P82917,9913,746855.0,12.094675,11.5568495
P18341,9913,790081.0,12.59645,12.629283
Q2HJ54,9913,802550.0,11.572787,11.562691
P03892,9913,794839.0,4.1787124,14.184859
Q2TA38,9913,806750.0,12.283744,10.382806
P13619,9913,831155.0,9.499477,9.014727
P0C7Q4,9913,807520.0,10.68631,14.522867
P00741,9913,758227.0,7.797557,5.8701787
E1BJL9,9913,801468.0,12.350342,10.314058
O18965,9913,780034.0,12.103402,11.178468
Q66LN0,9913,789124.0,11.785335,11.249935
F1MNT4,9913,779851.0,8.13146,6.4937177
P07470,9913,,9.31641,9.095503
P23934,9913,789327.0,11.732036,11.238588
Q05717,9913,758307.0,8.593587,5.9944353
P02687,9913,,12.964704,8.071072
F1N348,9913,748391.0,7.958731,6.2857037
A7Z073,9913,752373.0,12.649716,8.6297245
P02699,9913,754125.0,13.483853,2.0226734
P01352,9913,729850.0,13.873353,3.844194
A1A4I9,9913,805993.0,11.6559305,11.285414
Q2KJ63,9913,749045.0,7.790551,5.8621507
Q8WN95,9913,806030.0,11.714954,11.177404
P25326,9913,802365.0,7.5556183,7.3741727
P27674,9913,793066.0,6.6435337,9.034491
Q762I5,9913,736625.0,9.747805,6.721756
P16068,9913,827817.0,13.3362875,2.2078214
P11541,9913,739371.0,10.791048,10.390156
P21327,9913,793925.0,8.130277,11.46268
Q5E9Y9,9913,802268.0,10.84117,11.875089
P82929,9913,,13.487527,5.750377
J9UJ96,9913,,13.84496,6.798587
P10894,9913,789570.0,11.804288,11.585429
P32871,9913,817621.0,11.028213,11.025051
P0C2B7,9913,772853.0,11.778317,10.131831
Q6QLP8,9913,,18.706612,9.417941
P13608,9913,749009.0,9.442681,6.27936
E1BF23,9913,746099.0,12.251517,11.5816345
Q867D1,9913,,8.291148,9.361366
P48644,9913,1027603.0,7.988345,12.904
P0CG53,9913,802337.0,11.342112,5.0791073
Q2F6J2,9913,,9.0527935,6.170419
Q95JG8,9913,,7.19756,9.01869
P79331,9913,765520.0,8.203849,6.3772397
Q9TT94,9913,803365.0,8.212687,9.394347
G8GZ67,9913,,13.4016,7.4342065
Q28141,9913,778096.0,11.557878,12.557325
Q05589,9913,740077.0,7.792445,5.8315682
Q05B81,9913,793658.0,7.0732913,9.34205
Q9N2I8,9913,802214.0,9.172214,11.724868
F1N548,9913,789120.0,12.301835,9.447532
Q1RMR3,9913,793330.0,12.262814,8.870061
P62871,9913,801468.0,10.541552,11.391494
P48765,9913,804946.0,8.079024,9.007322
Q32P67,9913,795705.0,11.668324,9.602618
P00586,9913,1028865.0,10.918764,12.323237
Q28199,9913,756099.0,12.788317,10.897142
Q07537,9913,762818.0,8.372102,7.3465695
Q3B7N2,9913,0.0,11.312123,11.921064
F1MQ85,9913,761614.0,13.292177,8.966091
Q3SZ47,9913,,9.5002,13.89483
Q5W5U4,9913,746012.0,11.843816,9.334399
P38408,9913,807520.0,10.689028,14.514375
F1MNI5,9913,1038963.0,8.492386,7.423957
Q3T0L3,9913,,9.591977,13.703591
Q2HJ22,9913,746919.0,8.530686,8.154114
O18964,9913,0.0,11.0463505,9.854256
P13183,9913,745580.0,9.306371,9.045581
A1A4P5,9913,802402.0,11.585809,12.389846
P21457,9913,752426.0,12.365067,13.865945
P17810,9913,767193.0,11.98331,11.769175
Q05B58,9913,805631.0,12.014463,12.382201
Q2P9V4,9913,0.0,8.853122,5.4310884
E1BBG2,9913,717438.0,13.048108,10.010579
Q9BE97,9913,737904.0,14.321403,8.96293
P00727,9913,806210.0,9.41502,12.60749
Q2KIR7,9913,752751.0,11.237233,10.675494
G3N3N1,9913,,1.8329182,12.546391
P24627,9913,827731.0,8.062796,7.117688
Q2F6J8,9913,,9.047504,6.181086
O19116,9913,758300.0,12.460836,12.78915
Q2T9T3,9913,802611.0,8.588484,12.637717
Q7M2Q5,9913,,14.343782,14.587362
B6V3I5,9913,,7.908324,7.2110395
J9UHS4,9913,,13.8644495,6.8119726
Q28007,9913,1033131.0,10.530808,12.722826
Q66WT7,9913,785202.0,11.453656,11.358329
Q32L40,9913,1027301.0,8.714822,12.930793
A7MAZ2,9913,792959.0,11.575972,12.502585
Q95L14,9913,814852.0,8.359943,9.08839
P19120,9913,0.0,9.7215805,12.129693
T1T0C1,9913,,14.071867,7.0803967
O46411,9913,0.0,13.4299965,2.122817
P15691,9913,0.0,8.976274,6.35141
P40673,9913,801468.0,1.0974848,10.999525
O62698,9913,1038963.0,8.482316,7.3911457
A1YQB2,9913,,7.8642836,7.233583
Q01314,9913,792940.0,10.432528,2.8637326
C7EXK4,9913,801999.0,11.47943,12.584524
Q3SZK1,9913,801468.0,10.616973,11.34916
A4FV68,9913,804434.0,11.21684,10.779741
P29473,9913,,12.923818,9.878784
P23726,9913,746369.0,12.475756,12.24494
Q2KIS2,9913,779880.0,11.443524,10.920804
F1N2M7,9913,,7.236947,9.380113
P01966,9913,746899.0,8.905766,12.2989025
Q9GMD3,9913,,11.704746,4.73048
P45478,9913,801839.0,8.033516,7.1391497
Q28068,9913,748179.0,11.172691,9.707614
P02662,9913,831626.0,13.991433,7.0740805
Q3SYU7,9913,801782.0,13.431459,2.1012635
Q0VCQ1,9913,802596.0,11.685334,11.805429
P11151,9913,755598.0,8.187253,6.700406
A3FJ56,9913,,13.960641,7.118348
P03898,9913,813597.0,4.180468,14.186696
Q0VD32,9913,749106.0,12.52452,12.537602
Q29455,9913,772829.0,12.11448,8.10544
P20456,9913,801599.0,8.223846,11.521943
P02721,9913,735220.0,9.509523,9.103318
P51143,9913,805347.0,7.3867955,9.018843
P04695,9913,807520.0,10.684067,14.523745
Q27975,9913,801582.0,9.741825,12.12059
P0C2H4,9913,785474.0,11.890935,10.956218
P82923,9913,1033242.0,12.293339,12.154378
F1MYR9,9913,803216.0,11.310348,11.4585705
F1N3V0,9913,,9.344914,12.483581
Q3ZBX6,9913,802724.0,9.640982,13.682758
Q02399,9913,801468.0,14.294819,12.079731
Q28139,9913,726872.0,13.697788,9.067614
Q2YDF6,9913,762890.0,10.92944,10.272915
Q6LDQ9,9913,,9.590577,5.1372514
E1BC59,9913,0.0,12.976897,8.742399
Q17R13,9913,0.0,13.006449,10.584927
Q9N0F3,9913,802135.0,11.169845,9.969126
P48616,9913,755418.0,7.619473,2.6656625
Q32L31,9913,0.0,1.0975116,10.999558
Q8MII7,9913,,13.444211,5.9588127
F6RJC2,9913,802285.0,12.026903,10.8669405
P18902,9913,752649.0,8.971915,6.9753814
P52205,9913,729876.0,8.491904,5.963949
Q29RU1,9913,789439.0,9.697157,13.625576
P21758,9913,739875.0,9.225817,6.298373
P00415,9913,777846.0,4.145415,14.32615
U3GLJ1,9913,,18.703167,9.408184
P82925,9913,745961.0,11.696546,9.730604
P48427,9913,805067.0,11.4712,12.444754
Q0VC21,9913,801906.0,9.654078,13.658181
P11019,9913,805554.0,9.81303,12.207433
Q5E9F2,9913,0.0,12.033766,11.854861
Q32PC3,9913,761276.0,10.67087,10.616389
P03929,9913,731874.0,4.1825895,14.174866
P13620,9913,794189.0,9.5397835,9.086301
P82919,9913,746117.0,12.24771,11.638384
P61625,9913,739313.0,8.125362,6.7282805
P81401,9913,748326.0,13.925993,3.9168992
P80473,9913,,13.455069,5.9490666
P67868,9913,802395.0,10.152776,8.705889
F1N329,9913,759198.0,13.908191,9.432896
Q0IIJ3,9913,792940.0,13.300348,10.337448
Q3ZC04,9913,759055.0,13.332644,5.728163
Q3ZBF9,9913,1027587.0,10.990055,11.827969
Q32PH0,9913,778616.0,11.474947,10.194643
Q28083,9913,,14.361941,14.61586
P81019,9913,716222.0,9.317744,6.125815
P00426,9913,830764.0,9.656494,9.121017
P35604,9913,804950.0,10.0046835,10.370646
Q76LV2,9913,,9.725734,8.439341
F1MMV1,9913,789189.0,13.827849,9.455833
Q8MJ10,9913,,13.847731,5.9506836
P79343,9913,729925.0,7.8123436,5.8376417
P01252,9913,748991.0,12.803681,8.38726
Q32L75,9913,729786.0,13.374523,6.111281
B5B3R8,9913,831626.0,13.973767,7.1038857
F1MWH2,9913,,7.2958093,11.381392
F1N3B8,9913,760568.0,11.755912,10.178482
F1MP76,9913,740194.0,13.976079,8.648523
P84080,9913,1027819.0,1.8096042,12.543128
I7CLV3,9913,,8.350124,6.1357913
P00423,9913,761596.0,9.393461,9.047007
Q95135,9913,1027424.0,7.2092767,9.243174
Q05688,9913,,8.654538,7.118487
B1H0W5,9913,737775.0,8.871066,6.16164
P79345,9913,801326.0,9.785924,12.036741
A4IFT3,9913,740418.0,9.107613,7.0123563
Q03763,9913,736595.0,9.141976,6.97523
P10152,9913,0.0,9.192286,6.1611404
Q2TBI6,9913,759218.0,11.818696,10.409688
A5PJB2,9913,754035.0,8.349537,6.025723
Q3T0F7,9913,816089.0,10.545739,10.372427
Q0VD18,9913,778094.0,13.314428,2.278509
Q3SYS1,9913,1033226.0,9.859451,13.425225
E1BMV3,9913,,8.167809,6.799324
Q5EA32,9913,771782.0,8.885644,8.125391
Q3MHY7,9913,794223.0,11.881909,11.139241
Q2KI41,9913,0.0,11.614393,11.029778
P02784,9913,724932.0,9.24774,6.1082478
Q3SYX9,9913,802383.0,10.038204,9.785941
A4FV08,9913,1028813.0,13.4790745,2.1209958
Q3ZEJ6,9913,801946.0,10.176505,16.989717
Q2NKZ1,9913,1027301.0,8.726157,12.924265
P62261,9913,802070.0,8.51345,2.0846932
Q28113,9913,773004.0,12.37654,12.699202
Q28198,9913,756384.0,7.792358,5.8425403
E1BIM8,9913,793013.0,13.169297,10.916458
Q32PD3,9913,,11.675247,11.155133
P04394,9913,805612.0,9.142222,12.049197
A0A3Q1N1R0,9913,801924.0,10.9016285,10.964604
Q29626,9913,0.0,6.916615,10.253648
P48018,9913,781053.0,13.241904,11.388643
P11023,9913,801484.0,16.140146,13.619208
Q9TR36,9913,802550.0,11.552862,11.730865
P11017,9913,801468.0,10.496758,11.402483
P32120,9913,793447.0,13.40226,2.1536117
P07456,9913,746688.0,13.275158,13.269227
O77797,9913,733364.0,13.980219,9.132395
P46193,9913,811656.0,10.727554,13.636622
F1MQ39,9913,,8.777469,5.3600683
P60661,9913,801468.0,11.454434,12.698688
P35816,9913,796085.0,11.914079,11.871235
Q9XSK0,9913,,14.677687,8.799938
Q3SX44,9913,805782.0,10.986773,11.586028
P80457,9913,,8.592956,11.811741
F1SWA3,9913,,8.449885,6.085748
F1MWD3,9913,1027301.0,8.693596,12.9984865
P82908,9913,747214.0,11.84914,10.023881
P01223,9913,746178.0,8.930856,6.247037
F1MEW3,9913,738976.0,13.844065,8.840428
P20072,9913,0.0,10.720286,13.648664
Q01061,9913,790178.0,11.967181,12.084334
Q95KV7,9913,793042.0,9.44595,9.199657
P42891,9913,0.0,8.069016,7.317639
Q32PI5,9913,802228.0,10.784399,10.704471
Q02376,9913,746304.0,9.406058,9.050892
P82670,9913,752473.0,11.936311,11.744228
U3GLD7,9913,7951.0,18.714664,9.420779
E1BEJ3,9913,802631.0,8.55794,12.67454
Q2M2T7,9913,761487.0,11.784857,10.430204
P82926,9913,789479.0,13.170751,6.3398695
P79135,9913,804028.0,11.01414,10.454321
Q27974,9913,0.0,12.72282,9.519295
Q3ZBH0,9913,1027301.0,10.2403145,12.8387985
Q29W19,9913,746484.0,13.923271,3.9191837
P79342,9913,0.0,11.652939,12.761843
Q6B860,9913,816012.0,9.890251,13.360576
G3MWM5,9913,0.0,6.0390553,5.8688836
Q3T0Y3,9913,805156.0,9.374747,10.89315
A5D7B9,9913,0.0,10.96843,11.090328
Q3SWZ3,9913,792959.0,10.380672,9.737467
A7MBH5,9913,801573.0,12.694869,10.17555
Q2F6J3,9913,,13.327075,13.325542
P0DPE2,9913,0.0,8.139771,7.100824
P61157,9913,802746.0,13.569631,1.9329787
P01017,9913,739033.0,8.829523,5.7628684
P00429,9913,715993.0,10.450959,10.43514
Q9TT93,9913,,8.182154,6.38322
B8QGI3,9913,746688.0,13.3224325,13.305506
G3X7B5,9913,792940.0,10.431913,2.8623874
Q02373,9913,761261.0,9.777024,9.368236
P02769,9913,739085.0,9.644615,5.438224
Q29RQ3,9913,0.0,11.132067,11.465859
Q3SYS0,9913,794957.0,11.619287,11.695113
O02740,9913,745576.0,8.508772,7.393479
Q2TA14,9913,793188.0,7.778769,7.586376
E1B9D1,9913,0.0,10.470701,2.9215398
P35526,9913,805789.0,12.834046,8.616226
P35507,9913,801468.0,14.124812,11.81131
A6QP74,9913,785347.0,7.535966,6.862384
P29172,9913,0.0,13.410934,8.152957
A7MB68,9913,0.0,14.086338,11.765821
Q2F6J6,9913,,9.176411,6.121142
Q28181,9913,0.0,13.64347,9.188828
P79255,9913,732577.0,9.036963,6.0032268
Q6PP84,9913,,12.3496,9.490303
P02676,9913,752484.0,9.314716,6.66903
Q2YDI0,9913,1029676.0,8.918155,12.976013
P54349,9913,0.0,9.601083,5.130141
P03920,9913,801468.0,4.1945252,14.188642
P48305,9913,759746.0,9.376784,8.768826
Q28172,9913,736580.0,8.972353,5.416081
P55156,9913,761495.0,9.233419,7.158783
Q32KY1,9913,801932.0,12.405367,10.284216
P21146,9913,795729.0,13.541338,11.4203615
Q05752,9913,779912.0,13.315901,6.3494463
Q0R5T3,9913,,14.046879,9.176847
P17870,9913,793447.0,13.444773,2.0797143
A3KMY8,9913,1028961.0,8.049018,7.207992
Q9MZL7,9913,0.0,12.562129,11.817869
P06836,9913,0.0,13.317798,9.163497
P27628,9913,739959.0,12.715082,9.68328
Q6PVY2,9913,,13.46025,7.309821
P01096,9913,747234.0,9.599852,9.0522585
P00157,9913,777846.0,4.1231823,14.354025
Q32S21,9913,,7.733581,12.172604
E7E1P7,9913,,13.96808,7.096911
A3KFF6,9913,792976.0,12.9047365,10.000088
A5PJQ9,9913,,11.018701,10.983598
Q24JZ1,9913,0.0,9.369262,5.5368648
Q5E951,9913,804977.0,10.829058,10.498722
Q3T0X9,9913,0.0,14.457128,9.478454
P31096,9913,0.0,13.724318,7.2539763
Q9TRY0,9913,802592.0,9.99977,10.757395
F6RA30,9913,735821.0,12.576658,12.165213
A5PJW8,9913,1027625.0,7.2992406,11.251808
Q28109,9913,717388.0,8.586952,5.212002
Q05588,9913,736551.0,8.978336,5.82348
E1BJB4,9913,804423.0,12.151879,11.171198
O18738,9913,,9.066173,6.4261656
P00517,9913,792940.0,13.936509,11.855352
P82649,9913,789496.0,11.635107,10.237396
Q0R5V0,9913,,14.02414,9.218176
P48452,9913,802854.0,13.441424,2.1107912
P05632,9913,,13.605716,5.708034
P02453,9913,801468.0,14.3741255,14.626465
P46195,9913,1033108.0,9.302341,12.076372
P68103,9913,1027386.0,8.33875,13.184469
P79101,9913,804815.0,13.355244,2.1832836
P28327,9913,819651.0,12.454602,11.754631
P23795,9913,793469.0,8.219716,6.857935
P46065,9913,753938.0,12.356626,13.838715
P27479,9913,1033999.0,11.190564,11.439821
O46469,9913,747191.0,11.884051,11.48091
Q95J56,9913,738351.0,14.069141,9.490684
Q8MJG0,9913,761364.0,10.857408,9.225068
Q28851,9913,759168.0,9.358274,9.155515
Q0VCG0,9913,805584.0,9.621947,9.129112
Q3ZC75,9913,717406.0,8.099833,9.847915
A6QR62,9913,748013.0,8.189153,6.4565372
Q08DN4,9913,792940.0,13.794416,11.648938
P07471,9913,737715.0,9.362873,9.020528
P00766,9913,794303.0,7.5896506,5.664487
Q0IIG7,9913,801484.0,16.140783,13.622554
Q95142,9913,801817.0,11.976747,7.353785
Q5I2M5,9913,739336.0,7.723727,6.3426332
Q9BE41,9913,793067.0,12.558377,16.13288
P01239,9913,747375.0,9.604716,5.13618
Q647I9,9913,727176.0,8.594907,5.220477
P07589,9913,752326.0,8.605525,6.648777
P00760,9913,,7.5557623,5.630573
I6WN98,9913,746845.0,9.68295,5.0250154
P98072,9913,746994.0,7.9063807,6.0643096
G3MYZ3,9913,739085.0,9.649915,5.4031415
Q3ZBU7,9913,1028112.0,12.419886,18.175852
Q6Q144,9913,,8.663237,6.8437824
P81287,9913,793299.0,10.744752,13.750167
Q2KI62,9913,789587.0,11.503412,10.425634
P80025,9913,807608.0,8.368903,7.230585
Q2TA24,9913,801571.0,8.026936,9.827616
P25712,9913,,11.837617,10.102718
F1MRS1,9913,793127.0,12.42342,12.469143
P32850,9913,792959.0,10.397866,9.760885
A0A3Q1MV72,9913,0.0,7.540533,9.182864
Q32LJ7,9913,,12.366228,10.509428
Q9TU03,9913,801988.0,10.74259,11.656312
Q95107,9913,792940.0,12.7646,10.882141
Q2KI49,9913,752834.0,10.022081,8.992486
P13214,9913,793299.0,10.712189,13.692874
P13384,9913,738981.0,8.560903,5.995859
Q2TBR6,9913,801955.0,10.163803,9.937321
Q9XT49,9913,805347.0,7.4330673,8.958534
Q9GL77,9913,793956.0,7.7382584,9.079885
F2X2F1,9913,0.0,13.362904,13.358377
P20288,9913,752662.0,6.0552893,5.883944
A7Z035,9913,756280.0,12.644109,8.741943
Q3T052,9913,0.0,8.245695,6.8225923
P13621,9913,802530.0,9.202524,12.045569
P62998,9913,802052.0,16.033861,13.791003
P32592,9913,0.0,8.156352,7.1446085
A6QP89,9913,758225.0,12.360566,11.628917
P55203,9913,736772.0,8.515646,7.512396
Q59I47,9913,1028549.0,11.124871,11.650539
Q29450,9913,0.0,8.807092,7.902277
P10175,9913,,9.320582,8.998772
Q9TVA9,9913,,8.965492,5.955338
Q32LN4,9913,0.0,12.353558,10.548014
Q05927,9913,,7.932551,6.922355
P81125,9913,0.0,11.29255,12.237938
A0A3Q1LRJ2,9913,738776.0,9.426973,5.329062
Q9BDZ4,9913,,13.587202,5.964897
O18836,9913,778530.0,8.931297,6.608912
P05631,9913,1032582.0,8.900568,12.773477
A4IFJ7,9913,762842.0,12.402947,12.571178
Q27957,9913,0.0,11.691128,9.307429
B2Z898,9913,,13.903102,7.2453713
Q0R5T4,9913,,14.050178,9.168244
P41541,9913,803193.0,11.547398,12.362873
Q0P594,9913,1027981.0,10.481987,15.594864
Q2T9X2,9913,1027301.0,8.667074,12.933282
Q9TU34,9913,806030.0,11.718584,11.486054
P10731,9913,,8.902353,7.0722265
P46411,9913,1027424.0,7.1450825,9.290342
Q9XSC1,9913,758300.0,8.375107,6.1425133
Q00194,9913,790031.0,11.978463,11.376124
O77836,9913,780084.0,11.473776,12.313384
P02722,9913,801800.0,4.8642664,9.237858
G8BLB4,9913,737812.0,9.505495,5.391631
P63212,9913,760396.0,10.06133,9.413415
P38573,9913,752650.0,12.183892,12.530226
P00435,9913,801892.0,9.701321,12.15486
A7Z063,9913,811321.0,12.74976,9.6156025
Q28021,9913,793897.0,12.419012,9.896539
P14099,9913,0.0,10.969086,10.086305
Q08DF7,9913,777989.0,10.388001,10.505659
P32876,9913,717406.0,8.096435,9.851479
Q8WN96,9913,806030.0,11.762685,11.421922
Q4A1L4,9913,803880.0,11.751882,12.345196
Q148J6,9913,801883.0,11.37079,12.47263
Q0P5I5,9913,1028373.0,9.453418,11.735233
P26882,9913,803728.0,9.356176,11.26435
P62803,9913,,-0.017420396,14.961728
Q29442,9913,,14.354068,14.605018
O77480,9913,794238.0,11.597625,11.545503
Q5E9R3,9913,802091.0,10.419596,10.816199
Q02366,9913,830763.0,9.339945,9.121158
Q8SPJ1,9913,789284.0,11.833731,11.99921
P04985,9913,0.0,13.875655,8.638682
P10096,9913,1027400.0,7.6954536,12.278994
P62992,9913,802866.0,10.760921,11.6788225
P00974,9913,0.0,9.345381,6.172643
P04972,9913,752667.0,13.630287,6.1761675
B0LKN7,9913,739511.0,12.726606,12.232029
Q7M2Q7,9913,,14.34233,14.584928
G3MZR2,9913,794522.0,10.980551,11.7942705
P60712,9913,1027835.0,-3.1271904,6.2047033
O46385,9913,0.0,12.746578,11.601825
E1BNE9,9913,803216.0,11.159743,11.336543
P19483,9913,1029316.0,7.712512,11.377198
P17694,9913,1027454.0,7.891401,11.639001
P20821,9913,1027416.0,13.373978,2.1629515
Q95123,9913,778055.0,11.86464,11.635945
A6QPQ5,9913,780333.0,11.72686,11.146008
P63099,9913,792950.0,12.356778,13.854415
P02698,9913,753544.0,10.074896,9.379848
P21793,9913,755730.0,7.6624885,6.336482
P00514,9913,802224.0,13.467252,2.0477695
P81948,9913,1028112.0,12.378147,18.129137
C8V8F5,227321,816196.0,9.439206,10.2105875
P56859,227321,1028887.0,9.486953,12.188467
C8V4E8,227321,1027455.0,8.258194,12.393545
Q5AWN2,227321,1029505.0,8.864253,11.15268
C8V3K8,227321,801468.0,9.015378,12.586403
Q5BGS7,227321,802166.0,11.2360325,8.908142
C8V0A2,227321,801779.0,10.820892,11.534534
G5EB28,227321,804561.0,10.469756,11.434536
Q5AVF8,227321,1027450.0,9.4322815,12.373736
C8VMQ0,227321,832025.0,11.841356,9.011274
Q5BG72,227321,478202.0,11.616344,8.652886
C8V9N8,227321,801684.0,10.166557,8.989906
C8VAU8,227321,801706.0,8.001656,12.286144
C8V1T9,227321,474711.0,10.717328,9.819584
C8VMZ9,227321,466393.0,12.611211,7.832032
G5EB76,227321,798541.0,8.845961,11.095413
Q5BDC6,227321,803332.0,10.553063,10.343514
C8VN86,227321,1027586.0,7.1582737,12.08859
Q5B4G0,227321,806128.0,11.574983,8.550799
G5EB64,227321,802064.0,10.899009,9.141021
C8VPQ8,227321,797915.0,8.877922,9.214853
Q00737,227321,802143.0,5.6183205,9.73938
Q5AR27,227321,438828.0,8.133602,10.654966
G5EB42,227321,0.0,18.712973,9.441777
Q5BGU8,227321,805147.0,6.836703,12.35356
Q5BAX8,227321,801489.0,10.456448,5.2994266
Q5B5C1,227321,802470.0,10.486028,10.091337
Q5B4X8,227321,805822.0,10.202394,12.490808
Q5BAB9,227321,802490.0,11.325366,11.217244
Q5B7T4,227321,483822.0,8.445068,10.825162
Q5BA81,227321,439713.0,8.642088,11.344081
Q5AX59,227321,481700.0,6.979718,7.7503834
Q5BGN3,227321,807664.0,8.11024,12.084256
C8VP37,227321,1027344.0,9.637137,12.419615
Q5B334,227321,438172.0,6.905541,7.455168
C8V199,227321,477525.0,13.116204,10.323944
Q5AUW6,227321,435002.0,8.35835,11.906504
Q5B5U3,227321,1027267.0,9.048995,13.718301
Q5B158,227321,796085.0,10.498706,10.1382
P0CY41,227321,,8.071212,8.829629
Q5BDW3,227321,475201.0,10.781535,8.396797
Q5BFM4,227321,480804.0,8.790989,10.382023
Q5AQA4,227321,802010.0,10.321686,9.542252
Q5BG90,227321,475033.0,11.899586,8.277922
Q5B926,227321,794448.0,6.896661,7.5249157
Q5B7W1,227321,467130.0,11.816226,7.047978
Q5B601,227321,436036.0,13.284132,6.567333
Q5AQP2,227321,824962.0,7.138466,7.8293796
Q5BBW5,227321,1027260.0,7.915183,12.629947
Q5B360,227321,1027819.0,1.8435167,12.547705
Q5AZN7,227321,801468.0,12.485601,8.135222
Q5AZC8,227321,438541.0,8.184631,7.900168
C8VAZ1,227321,802222.0,9.093848,12.722486
Q9P905,227321,474980.0,10.934964,9.483094
Q5B5P5,227321,803365.0,8.224121,9.356852
Q5BD61,227321,809042.0,10.606615,9.66865
C8VI81,227321,434733.0,7.9980307,10.629406
Q5BAJ9,227321,474731.0,12.470077,8.656359
Q5B224,227321,802157.0,10.434938,9.503659
Q5BBY2,227321,475192.0,12.573318,7.747818
Q5B1J1,227321,1027543.0,8.8356905,11.976735
Q5AX45,227321,1034857.0,6.8544855,7.6342664
Q5B0C8,227321,479153.0,8.407487,10.6805
Q5B8B7,227321,434478.0,13.90857,7.881743
Q1HFS8,227321,1034094.0,6.9731927,7.696856
G5EAS8,227321,465643.0,14.085535,7.9301853
Q5AW46,227321,475375.0,8.441066,10.7540045
Q5BH30,227321,478773.0,8.527546,10.7118635
C8V6P1,227321,472409.0,11.767014,7.286456
C8VRP6,227321,434515.0,11.846335,8.603461
C8V7M0,227321,482940.0,13.179047,8.652461
P28298,227321,1028864.0,7.9805317,11.42147
Q9HEY7,227321,1029089.0,8.987266,11.878347
Q5B2L2,227321,437793.0,13.755861,8.024288
Q00668,227321,435236.0,9.3246,8.370953
Q5ARN5,227321,483200.0,6.895502,7.698552
C8V8U3,227321,792943.0,10.844303,10.866835
Q5B6I8,227321,801484.0,16.139238,13.631082
Q5AX38,227321,483178.0,7.0901194,7.7714176
C8VCU1,227321,475415.0,7.06559,7.8848257
C8VHB0,227321,818729.0,9.040823,10.028132
Q5AUB0,227321,482231.0,11.037367,9.423271
Q5B125,227321,475275.0,12.322392,7.9916286
Q5AY46,227321,471536.0,9.064955,9.882626
Q5B3C3,227321,802487.0,8.526612,11.39967
C8V8Z3,227321,478199.0,11.8441515,7.086166
Q5AW66,227321,793026.0,7.8419456,9.3069315
G5EAZ6,227321,1027382.0,8.077791,11.511688
Q5BB47,227321,804940.0,10.581889,9.929164
Q12611,227321,1029088.0,9.29852,12.583519
Q5B4F5,227321,435503.0,7.0272717,7.259939
C8V8B5,227321,802382.0,9.549759,12.273856
C8V8N6,227321,478011.0,8.272659,9.197665
Q5BFG8,227321,793459.0,8.128689,11.919649
Q5BA83,227321,803708.0,8.521267,10.635367
Q5B0Q1,227321,802306.0,7.33861,7.8033414
Q5BEH1,227321,,9.08991,9.761647
Q5BE28,227321,,8.717501,10.667979
Q5B4B4,227321,482790.0,9.236474,11.340353
P28344,227321,1028866.0,7.0693107,11.625686
Q00664,227321,801468.0,10.424858,11.327735
Q5B6T5,227321,830886.0,11.608952,8.366278
Q5AX28,227321,475117.0,7.031101,7.75
Q5BH46,227321,801512.0,10.385825,10.079037
C8V7L2,227321,813657.0,8.686098,10.878361
C8VN91,227321,476396.0,8.052808,10.653208
Q5AU62,227321,474584.0,8.410821,10.811369
P52957,227321,434697.0,11.88758,7.155104
C8VGD6,227321,801989.0,15.990432,13.474726
Q5BFP0,227321,478551.0,8.348321,9.310137
C8VQ62,227321,832319.0,8.407012,10.867735
Q5BH26,227321,831323.0,11.513963,9.25422
C8VUD1,227321,434680.0,13.044987,8.116032
C8VRL0,227321,824867.0,9.250738,11.178791
Q5BEJ7,227321,438781.0,8.239892,10.758558
Q5B3L8,227321,831938.0,8.775644,11.203955
P27742,227321,803246.0,7.661492,11.268987
Q5B9L1,227321,476368.0,13.316906,8.900522
Q5B358,227321,801615.0,9.222066,11.015087
Q5AY35,227321,467272.0,7.2399616,7.515014
Q5AW19,227321,482175.0,6.9577484,7.701645
C8V9R7,227321,481283.0,7.535072,11.489549
Q9P4U6,227321,828373.0,11.519998,8.703237
G5EAW7,227321,803087.0,8.379922,10.969196
C8V3A3,227321,476940.0,10.64258,10.042632
Q5ATK1,227321,480386.0,8.577481,10.571123
C8VB12,227321,793108.0,11.442816,12.589963
Q5BDP1,227321,804317.0,11.453865,9.892111
G5EB54,227321,802187.0,9.412366,13.799971
C8V8S4,227321,477880.0,10.477107,9.178468
Q5BA61,227321,1034864.0,6.83807,7.668484
Q00757,227321,824090.0,10.221896,12.673292
Q00771,227321,792940.0,13.636356,11.4960375
C8VFS8,227321,801468.0,13.980478,11.743425
C8VCR9,227321,792971.0,4.8547907,9.197521
Q5BFT4,227321,801667.0,10.45166,10.287704
C8VMF9,227321,802330.0,9.730553,10.1658125
G5EB09,227321,801648.0,7.403616,9.064044
Q9TEM3,227321,802312.0,7.3910165,10.891469
Q5BG78,227321,824596.0,6.8619795,7.5896096
P41764,227321,1027769.0,9.385928,12.262922
Q5B9Y2,227321,803021.0,7.026629,7.7815704
Q00706,227321,468288.0,8.675928,10.453411
Q5B163,227321,801590.0,10.639176,10.568738
G5EB67,227321,1029052.0,9.33074,12.390894
A0A1U8QW91,227321,802569.0,8.53656,10.8101425
Q5AUX1,227321,469802.0,8.50885,10.698247
C8V645,227321,477671.0,11.816143,8.360728
P60204,227321,801468.0,5.1771693,1.6930844
Q5AYC2,227321,801738.0,9.194942,12.933607
Q5AY78,227321,802701.0,7.917526,11.871708
C8VAX8,227321,466569.0,12.972264,7.75103
C8V1M3,227321,793108.0,10.238263,10.707556
Q5BF83,227321,1036150.0,8.993602,12.144538
Q5BCC6,227321,,7.0079327,7.7625446
Q00743,227321,807520.0,10.688236,14.528511
C8VHC8,227321,804664.0,9.074786,11.37372
Q5AXD9,227321,434511.0,6.8572407,7.328255
C8VLM4,227321,,10.349936,9.5761795
C8V1D1,227321,802012.0,8.8066435,12.073439
Q9P4R5,227321,477892.0,10.705227,10.034016
C8VTS4,227321,479135.0,13.130454,8.512969
Q9P8I0,227321,801556.0,8.661904,12.077626
C8V7P4,227321,468507.0,8.522432,10.682956
O74252,227321,474690.0,13.266935,8.314817
Q5BAP5,227321,468210.0,6.850452,7.3959293
Q5B2V8,227321,793320.0,9.14879,11.870306
Q5B0I6,227321,435081.0,7.163037,7.8219814
G5EAW8,227321,802076.0,10.412787,10.318801
C8V264,227321,1027912.0,8.123981,12.028951
Q5ASX5,227321,792970.0,9.097125,11.558445
G5EB49,227321,802310.0,10.974284,10.44264
Q5B2G3,227321,1034947.0,6.935924,7.679083
Q5AVN4,227321,,6.840802,7.6754932
Q9P931,227321,802128.0,8.582155,12.343176
Q5B4D5,227321,476461.0,12.615248,8.675823
Q5BAA2,227321,830784.0,6.958352,7.7236257
Q5AVE5,227321,434511.0,6.872826,7.4550796
O00098,227321,802312.0,7.3943787,10.904404
Q5BH32,227321,434697.0,11.891365,7.0929046
C8VP84,227321,831990.0,8.307552,9.139005
Q5AWN4,227321,803804.0,10.912103,9.539345
Q5AYN9,227321,801708.0,10.639062,10.627753
Q5ASG1,227321,808156.0,10.399613,9.636354
Q5B5W6,227321,801800.0,4.909956,9.251281
Q96WY0,227321,475028.0,13.764522,11.387389
Q5AYI6,227321,805095.0,9.207316,12.275159
Q5AUY3,227321,434825.0,8.338748,10.772673
Q92412,227321,803384.0,9.425355,12.365081
Q8TFN1,227321,802136.0,9.12936,10.544962
Q5BE08,227321,1027288.0,7.1869197,11.401961
Q5BBF1,227321,802599.0,10.612147,10.010779
C8VTA5,227321,807992.0,11.107644,9.597097
O43100,227321,804897.0,10.188881,12.793004
P28346,227321,475412.0,6.9462037,7.431238
Q5BAH2,227321,801994.0,10.534794,9.770168
A7XRY6,227321,,8.4879265,10.731535
C8V3W5,227321,474834.0,10.780913,9.887226
Q5AZ57,227321,1037824.0,8.255753,11.713347
C8V9H0,227321,466200.0,14.041873,7.940275
Q5BFD3,227321,801764.0,8.986564,12.313692
Q5B8L8,227321,1027390.0,9.999384,12.6453495
O93937,227321,793262.0,7.3421474,11.512912
Q5B1Y9,227321,1027245.0,9.080146,13.753143
Q9Y708,227321,484466.0,11.542114,8.459482
C8VMY3,227321,802328.0,11.158158,12.173609
C8V3C2,227321,802872.0,10.952911,10.351245
Q5BE39,227321,,9.9366865,10.926522
Q96WX8,227321,802320.0,8.9308,12.281637
Q5B8L7,227321,801521.0,7.313229,9.39596
P17120,227321,477599.0,11.993497,8.741366
Q5AWZ9,227321,809238.0,7.0744104,7.729879
Q5ASA0,227321,477650.0,12.81303,10.802143
Q12526,227321,792948.0,16.101099,13.660396
Q5B0P7,227321,1033191.0,8.243082,11.222048
G5EAS6,227321,474887.0,11.968082,8.757672
Q5B7U2,227321,803474.0,6.9305687,7.7231035
Q5B0F7,227321,801468.0,13.461781,11.370107
G5EB27,227321,801707.0,7.0221252,7.784861
C8VA57,227321,807652.0,8.484625,11.915226
Q5B0J1,227321,801616.0,7.0083942,7.7786574
Q5BAU9,227321,1034864.0,6.8365235,7.671223
Q870L3,227321,801563.0,6.998199,8.983341
C8VGV3,227321,434511.0,12.475909,8.827409
Q5AZK7,227321,830853.0,6.988488,7.673114
Q5AUN2,227321,793225.0,7.093902,7.83893
Q5B0Q8,227321,1027281.0,3.1881366,9.445876
Q5BGH1,227321,802155.0,10.4993,10.584578
C8V0D4,227321,468869.0,7.999148,10.656882
Q5B3G0,227321,801514.0,7.918281,9.252762
P38094,227321,828576.0,8.4607935,10.808302
C8V321,227321,831262.0,8.07052,10.612736
Q5AWY7,227321,1027831.0,8.08665,11.916508
Q5BGR9,227321,801723.0,10.2561655,11.394619
Q9Y875,227321,806486.0,9.522789,12.26495
G5EB61,227321,804714.0,9.380332,12.1599655
C8VMJ6,227321,824536.0,7.0198965,7.766343
Q8X1Z7,227321,480039.0,7.029066,8.9771
C8V0H5,227321,474866.0,9.807588,10.314864
C8V793,227321,802620.0,10.230182,10.392888
C8VIR1,227321,477637.0,11.916331,8.586863
Q5BGS3,227321,804751.0,4.922946,9.181943
C8VEZ2,227321,1033144.0,13.199706,6.320289
P18695,227321,1028112.0,10.12882,12.795513
G5EB11,227321,801507.0,7.0076556,7.7731714
C8V1V3,227321,801922.0,8.720245,11.988682
Q5BBG0,227321,802913.0,10.651336,10.567096
Q96UL8,227321,1033240.0,6.918417,11.465323
Q5BD38,227321,483665.0,7.0360923,11.662964
Q5BC09,227321,793449.0,9.0095005,9.222105
C8VF00,227321,467023.0,8.239016,10.669055
C8VRX0,227321,466796.0,11.98194,7.9827313
C8VBH4,227321,801671.0,10.634027,9.076825
Q5B1C0,227321,830881.0,6.9013743,7.447055
C8V7D1,227321,801468.0,14.234369,12.028436
Q5AW79,227321,803558.0,8.977669,9.81003
G5EAY4,227321,802052.0,16.057322,13.749756
Q5BCU2,227321,793081.0,8.904432,11.7766485
C8VF02,227321,802598.0,10.394084,10.215002
C8VB89,227321,794372.0,11.250951,9.469683
Q5AU15,227321,793295.0,8.799715,10.321681
Q5B440,227321,801537.0,8.611432,11.53187
C8VTU6,227321,439250.0,12.699216,7.689112
P17624,227321,811244.0,9.991477,10.550766
C8VQG9,227321,466177.0,8.672839,10.462449
P10069,227321,438602.0,14.230645,7.9605336
G5EB56,227321,468879.0,8.342783,10.871047
Q5BE62,227321,801852.0,12.046605,8.406263
Q5B587,227321,831985.0,11.057986,9.405098
C8V6E2,227321,1037219.0,6.952817,7.6841235
C8V4B0,227321,475107.0,9.787989,8.530214
Q5BDV3,227321,1028839.0,9.086269,12.283775
Q5BA93,227321,1037839.0,6.9122267,7.718801
C8V1R3,227321,466140.0,13.227343,8.442464
C8V173,227321,477532.0,8.954614,9.628342
G5EB74,227321,478486.0,8.898526,9.833206
Q5BFG1,227321,803681.0,10.936811,10.182358
G5EAS5,227321,433497.0,13.922966,7.815895
Q5BCK1,227321,466456.0,11.836275,7.047143
Q5BF72,227321,805502.0,10.448247,10.347014
Q5BBX7,227321,1027835.0,-0.21095149,13.508326
Q5AVY9,227321,468585.0,6.880564,7.639386
C8VQ71,227321,435180.0,9.721129,8.776948
Q5BEM5,227321,484744.0,11.0660305,9.349101
Q5BGR2,227321,,10.727405,9.978358
Q5BET8,227321,793062.0,8.456329,12.645051
C8V449,227321,808171.0,8.133102,12.12797
Q00667,227321,801525.0,8.832409,9.87073
Q5ASH9,227321,,12.376091,8.234351
Q5BBX1,227321,439184.0,13.257844,8.327873
C8VS78,227321,466857.0,11.840738,7.088607
G5EAT5,227321,436447.0,11.978171,7.229446
O74288,227321,1033709.0,6.8824306,7.6074004
O42777,227321,482027.0,9.617223,10.849978
Q9Y7B3,227321,831954.0,11.013913,9.392423
Q5BEJ2,227321,483069.0,10.915337,9.559142
C8VBC1,227321,474548.0,11.14969,9.36916
P33282,227321,1029389.0,8.37901,11.52313
P22944,227321,823653.0,9.177019,11.95936
P24634,227321,1028112.0,12.373156,18.121449
C8V089,227321,803008.0,13.608174,5.696794
Q5AW25,227321,479618.0,7.3690186,11.527657
A7XRY8,227321,807589.0,8.749609,11.9048395
Q5BGS1,227321,1027419.0,8.583338,11.423982
O43123,227321,802275.0,8.084985,10.618133
G5EAY5,227321,439294.0,13.027849,8.156339
Q5B6H7,227321,1033130.0,8.585586,11.262592
P08158,227321,803087.0,8.47308,11.256889
P30583,227321,482008.0,10.162045,12.582481
Q5BFA4,227321,1027353.0,9.291635,13.787821
G5EAY3,227321,802996.0,9.526511,12.3664465
Q5B0Y2,227321,474795.0,10.421446,10.0514145
C8V7G9,227321,439224.0,12.112538,8.132024
C8VD04,227321,469130.0,7.075721,7.777659
C8VHB2,227321,482698.0,9.437776,7.6386046
Q5B3B1,227321,802648.0,11.550516,8.592291
A0A1U8QH20,227321,479058.0,8.51006,10.641234
P24633,227321,1028112.0,12.375986,18.126553
G5EB26,227321,477620.0,12.33892,8.345515
G5EB21,227321,440189.0,11.863545,7.051981
Q12555,227321,805173.0,6.7588053,12.528851
G5EB75,227321,475096.0,8.264555,8.044109
Q5AU60,227321,477557.0,11.375532,8.567945
Q5AVR1,227321,467834.0,6.9022384,7.589531
Q5AX00,227321,468585.0,6.922221,7.6816607
C8V1V6,227321,832329.0,12.439046,7.9050026
Q00083,227321,478523.0,12.214495,8.110857
C8VUP5,227321,801782.0,10.647161,10.664809
Q5AVZ7,227321,475257.0,8.896142,9.1809225
C8VEZ6,227321,1028662.0,7.068887,11.614735
Q5ARF0,227321,479004.0,7.4052634,7.756926
Q5AXD0,227321,477687.0,11.893727,7.2798233
P04828,227321,1027829.0,8.777719,12.563628
C8VNL0,227321,477603.0,10.398758,9.965261
C8VT14,227321,482789.0,11.490518,8.125438
C8V7I0,227321,1027538.0,8.196631,11.133505
Q00784,227321,479433.0,8.855014,10.732294
Q5B0X2,227321,477295.0,11.859459,7.0349655
C8UZY3,227321,801669.0,10.847027,9.93838
Q5BAV0,227321,479710.0,7.0846686,7.7623386
Q5B0C0,227321,1027381.0,9.5298195,12.026201
Q5AU26,227321,478724.0,8.768945,10.486608
C8VPD7,227321,482816.0,12.197591,8.075711
C8VHD4,227321,482337.0,12.022891,7.799415
C8V020,227321,793270.0,10.521901,8.714192
P36011,227321,832285.0,13.150439,8.351617
Q5AYG1,227321,793066.0,6.570867,9.007853
C8VLZ3,227321,468976.0,7.08628,7.87201
Q5ATW8,227321,474585.0,7.4609475,6.826444
P11977,227321,1027397.0,8.683768,12.551665
Q5B7U0,227321,820327.0,6.8397284,7.6812353
P28348,227321,474860.0,11.836786,7.078519
Q5B3U7,227321,801630.0,10.38387,10.547262
C8VJ72,227321,830791.0,12.410428,8.312964
C8VRM0,227321,802272.0,10.68609,10.823558
P16000,227321,822233.0,8.076485,9.887358
Q5AT15,227321,806486.0,9.750328,12.407962
C8V0C1,227321,474865.0,12.761155,9.305831
Q5B9K7,227321,465738.0,11.05198,9.3625145
Q5B7X2,227321,810306.0,6.8251343,7.5833178
C8VQL3,227321,476275.0,12.155518,8.075713
Q5BBG1,227321,802181.0,7.9549847,8.895613
Q5B548,227321,832107.0,8.336256,9.0873375
C8VP05,227321,801726.0,10.382527,11.175057
Q5B1L6,227321,803352.0,8.737067,9.972314
Q5BAP3,227321,438122.0,7.102691,7.8486285
Q96VT4,227321,1028300.0,8.903968,10.054757
C8VTT5,227321,1033261.0,10.106686,12.827873
C8VBM8,227321,475244.0,12.210683,8.293292
C8VUB6,227321,802959.0,9.834166,12.548689
Q00646,227321,801468.0,14.259041,12.041239
Q5AR34,227321,809207.0,8.2582245,11.0416355
C8VAU1,227321,434548.0,13.939581,7.859064
C8VG23,227321,437930.0,14.4455595,8.215503
Q12553,227321,802606.0,8.511052,11.802637
Q5AWI5,227321,801507.0,7.0361104,7.777704
G5EAX6,227321,438876.0,8.380874,9.279162
G5EAX9,227321,476928.0,12.17611,8.217137
C8VI80,227321,792933.0,8.187138,11.39027
P25415,227321,830903.0,8.477442,10.804462
Q5B082,227321,801928.0,8.870923,12.396584
Q5BCX8,227321,475091.0,6.8611608,7.5378046
G5EAS9,227321,816071.0,9.614278,12.307419
Q12609,227321,467287.0,7.982739,10.61715
P38096,227321,1028379.0,8.0006275,12.358919
Q5BDC1,227321,793056.0,8.279632,9.460719
Q5B0P6,227321,1027990.0,8.631543,10.613202
Q5BF86,227321,474890.0,11.420466,9.1752
C8VAL9,227321,815838.0,13.494616,2.111585
C8V2B0,227321,802531.0,9.633995,10.815474
C8VSQ3,227321,1027293.0,7.789914,12.6306925
P79020,227321,803092.0,11.038718,10.544434
C8V329,227321,820466.0,7.0944443,9.009603
Q5AST3,227321,1028302.0,9.254538,12.399475
Q9Y8C2,227321,474940.0,8.6903305,11.793756
Q5B833,227321,,7.033708,7.7177815
G5EB89,227321,801710.0,10.612416,10.950789
P30303,227321,475451.0,12.533666,8.146109
C8VA09,227321,437943.0,11.841953,7.0366807
Q5BFF9,227321,832259.0,13.411642,5.972202
C8V523,227321,1028014.0,7.1445537,12.481747
Q5BD89,227321,807491.0,10.369563,10.267803
Q9Y8C1,227321,806075.0,8.700305,10.482857
Q5B3G3,227321,482335.0,11.096321,9.440473
Q5AX93,227321,1037995.0,7.024124,11.757052
Q5AXC9,227321,802203.0,8.824714,12.116481
Q5AZ85,227321,480042.0,6.990731,7.6767654
G5EAW6,227321,465717.0,12.325267,8.317679
Q5AQM4,227321,801934.0,10.396246,9.937969
C8VRM5,227321,802266.0,8.699354,11.12334
Q5B2R8,227321,1027857.0,9.153807,12.718171
Q5B2F7,227321,467126.0,8.452917,11.709923
C8V8H4,227321,801468.0,11.785381,9.3675165
C8V9B5,227321,793150.0,11.094954,9.950347
Q9P896,227321,467960.0,9.3485985,10.286192
Q5B823,227321,479412.0,9.356326,8.320809
Q5AUX2,227321,830832.0,6.911365,7.6714807
Q8NK02,227321,807954.0,6.8959117,7.5829544
Q5B6G6,227321,832260.0,10.447717,10.041396
Q9C3Y4,227321,802052.0,16.009153,13.815666
C8VUL7,227321,,7.3724866,7.657946
Q5BH98,227321,476349.0,11.180345,8.940558
C8V3I9,227321,1034140.0,8.564309,12.211513
Q5BH99,227321,801468.0,10.497284,11.400728
Q00675,227321,467853.0,6.32866,12.651118
Q5B037,227321,478981.0,6.8950367,7.678568
G5EB62,227321,483125.0,10.446242,10.148983
Q5AQN1,227321,475498.0,11.975811,8.261278
Q9P419,227321,801468.0,14.09769,11.881283
Q5B018,227321,801999.0,7.924193,9.217415
Q5AZ32,227321,434578.0,8.442976,10.683646
Q5AQQ0,227321,467813.0,6.9861827,7.7313347
Q5BDU5,227321,1034094.0,6.939076,7.6683025
C8VT43,227321,478257.0,8.867892,10.162956
P08157,227321,1027603.0,7.8924003,12.993472
G5EAY1,227321,792940.0,11.9727,8.537006
Q5B953,227321,466624.0,12.519056,8.029144
Q5AWS8,227321,482541.0,12.425881,8.468415
G5EB34,227321,1033261.0,8.9358635,12.631004
A7XRY3,227321,468424.0,8.92224,9.897785
Q5AYD5,227321,802545.0,10.885705,10.119102
Q5B424,227321,793067.0,11.847095,8.891702
G5EB23,227321,794175.0,9.798253,9.005176
P23754,227321,801785.0,-0.00086081045,14.946442
C8V4D4,227321,484017.0,10.6059065,10.915857
Q5AVS0,227321,477987.0,11.839291,7.0862784
Q5B9Q0,227321,477651.0,7.5526724,9.23014
G5EB57,227321,1027831.0,8.024828,11.874921
C8V2A5,227321,474518.0,12.380357,8.063546
Q5B041,227321,1027301.0,8.784828,12.958514
Q01981,227321,830889.0,13.950021,7.9551077
Q5B671,227321,436536.0,6.92867,7.364546
Q5AS68,227321,793067.0,11.108856,11.716501
Q5B460,227321,478750.0,10.726284,10.1443
Q5ARE6,227321,483106.0,6.808049,7.632942
Q00770,227321,802464.0,8.245509,11.089826
Q5BEI0,227321,1027540.0,7.672537,12.544003
Q5AVD7,227321,476322.0,8.751278,8.607279
C8VU74,227321,439248.0,10.9399805,9.519828
P10653,227321,1028112.0,12.388292,18.144854
Q5AR31,227321,433551.0,9.782727,8.70945
Q5B6V2,227321,803373.0,9.1449795,12.319727
C8VRQ4,227321,1027548.0,7.411223,12.14825
P17489,227321,466783.0,7.0824895,7.8211794
C8VQ61,227321,477617.0,9.002577,9.934518
Q5BEX9,227321,478608.0,7.05802,7.8328366
G5EB63,227321,468318.0,11.85774,7.0562077
Q870L2,227321,436020.0,6.946933,8.882818
Q5BBM1,227321,434870.0,14.155273,7.7554803
Q5AVT2,227321,480122.0,6.891781,7.644276
Q5AUW5,227321,481711.0,7.0881953,7.7409787
Q96VK3,227321,475186.0,13.913825,11.298192
C8V3B2,227321,,10.584862,10.025853
Q00645,227321,830787.0,6.832305,7.671619
Q5ASP0,227321,,11.302599,8.867029
P10563,227321,437787.0,11.85154,7.0742164
Q5AVY3,227321,482793.0,11.766438,8.778916
Q5ASJ3,227321,793066.0,6.5873075,8.970595
Q5B580,227321,831293.0,13.151054,6.340648
Q5B4M9,227321,802070.0,8.514117,2.088271
Q5B8H6,227321,475086.0,11.950437,8.063373
C8VQ98,227321,434519.0,8.233474,10.732978
A0A1U8QGV2,227321,468886.0,8.328969,10.835452
Q5AZ10,227321,829266.0,7.0430098,7.7341714
P78617,227321,479554.0,7.0068493,7.768123
G5EB22,227321,474553.0,12.507568,7.976489
Q5BEK7,227321,484268.0,11.621547,8.755961
Q5AS72,227321,475185.0,12.586262,7.5675244
G5EAY6,227321,1027285.0,8.208861,11.276588
A7XRZ1,227321,,8.578976,10.595652
Q5ATJ0,227321,477652.0,7.7685757,8.968522
Q92203,227321,1028114.0,8.351268,11.523129
Q5BEJ5,227321,435215.0,7.084995,7.8822002
C8V1Q0,227321,826666.0,8.515252,9.722434
Q5ATN7,227321,801973.0,9.455165,11.185402
G5EB03,227321,801507.0,7.043832,7.8035035
Q5BAJ4,227321,1028132.0,7.3321395,11.515898
C8VK89,227321,466593.0,11.839722,8.595126
Q5AZV1,227321,801498.0,10.263636,11.224226
Q5B6Q6,227321,432867.0,7.057327,11.519665
Q51485,208964,992273.0,6.1597004,15.317134
Q9I6Y9,208964,,6.5725307,14.260141
G3XCX3,208964,,7.0401316,13.137363
Q06552,208964,961503.0,6.5611186,11.842417
Q9HYN9,208964,991415.0,6.287261,12.147471
Q9I189,208964,1036222.0,6.1924615,14.571663
Q9I2E8,208964,951109.0,12.563551,6.1628623
Q9I710,208964,,9.671877,7.27429
Q9HXN8,208964,,6.179438,13.496278
P55218,208964,990766.0,7.712721,13.0341835
Q9I5M1,208964,,6.4779916,12.416501
Q9HVR7,208964,,4.7968726,13.796708
P14532,208964,992261.0,6.507502,14.460162
P09786,208964,992122.0,6.8860297,13.562159
Q9HU85,208964,1030183.0,7.184966,13.324814
Q06579,208964,986860.0,13.334744,5.778477
Q9I0F4,208964,991967.0,6.443428,12.304286
Q9HTB5,208964,,6.3217797,12.169706
Q9HVC0,208964,949268.0,6.131898,15.316625
P48632,208964,,6.110558,15.268127
Q9I544,208964,,6.56887,13.693437
Q9HXE4,208964,,6.7061214,13.196924
Q9I3G3,208964,,10.072177,12.792653
Q9I2E9,208964,990888.0,6.0390186,14.659057
Q9I6J2,208964,,7.7470865,12.915211
Q9HYV7,208964,,7.55491,12.89844
Q9HUW6,208964,,10.896411,17.169518
Q9HU50,208964,,6.4178395,14.505937
Q9HXU3,208964,,6.8822794,11.896018
Q9I326,208964,,13.3080845,5.7858505
P22567,208964,1027451.0,6.7805514,13.571974
Q9HXC2,208964,,6.380696,13.220275
G3XD20,208964,,6.428664,14.48701
Q9I6J9,208964,1028587.0,7.0984507,13.311443
P38100,208964,1027591.0,7.5095487,12.969827
Q9I0P6,208964,,5.886465,13.472213
P18895,208964,961311.0,6.103923,15.2361555
Q9I299,208964,990916.0,6.648837,13.36155
Q9I6G3,208964,,6.1269574,15.19006
Q9HTH5,208964,,6.2547455,13.717869
Q9HX83,208964,1030684.0,5.055907,13.97888
Q9HWA4,208964,,5.961216,13.703296
P52003,208964,987243.0,5.824326,13.402478
Q9I546,208964,951473.0,13.192757,5.883414
Q9I6J8,208964,1035427.0,7.0948267,12.564434
Q9HZV2,208964,,5.9792457,14.633469
Q9I689,208964,,11.272658,9.291992
Q9I1N8,208964,990752.0,6.6952367,12.183644
Q9HY77,208964,991468.0,8.341189,12.48736
Q9HTQ3,208964,,6.3871045,13.486887
Q9HZJ8,208964,961780.0,5.8588476,13.859457
Q9I6R8,208964,,5.043128,13.7275915
Q00513,208964,1036182.0,6.61659,13.832045
Q9I235,208964,,7.0301237,13.150885
Q9HWA5,208964,990855.0,5.2204146,13.93597
Q9I016,208964,1027240.0,6.684529,12.455795
Q9I6D8,208964,1006347.0,7.3736825,12.929813
Q9HV50,208964,990696.0,7.389451,12.924893
Q9I5N7,208964,1033135.0,5.304044,12.371079
G3XCY1,208964,,6.4678392,13.6553545
P23747,208964,983331.0,6.441172,13.463987
Q9I6H0,208964,,6.824231,13.095471
Q9I2A0,208964,,7.2792273,12.917767
P33639,208964,983284.0,5.965075,14.002486
Q9HT86,208964,,6.463747,14.259019
P49988,208964,991419.0,6.7396693,13.81182
Q9HTQ0,208964,988180.0,6.8840747,12.934775
Q9I1Y9,208964,,6.6709538,12.217901
G3XCZ0,208964,,5.946307,14.129069
Q9HY46,208964,1030183.0,5.7423463,13.254631
Q9HZ34,208964,,6.0025105,14.066985
Q9HWT7,208964,,7.3332677,11.61237
Q9I589,208964,,6.116222,14.664299
Q9HZH6,208964,949057.0,12.789185,6.522748
Q9I0Q6,208964,990642.0,6.837157,13.224345
Q9HXA4,208964,994834.0,6.449837,14.43659
Q9HZ17,208964,994056.0,6.8086767,13.258517
Q9I3L9,208964,988161.0,6.5635996,14.743028
Q9HVR6,208964,,6.4274125,13.181936
G3XD80,208964,,6.975791,13.606545
Q9HV31,208964,,5.9505363,14.045572
Q9K3C5,208964,990642.0,6.3316402,14.521518
Q9I6Z9,208964,,6.088913,13.873105
Q9I3B2,208964,,7.6616244,12.813806
P54291,208964,983416.0,6.3432093,12.937209
G3XD61,208964,,7.5235286,13.129354
Q9I3H5,208964,,7.1120644,13.314323
Q9HW91,208964,,10.931322,17.192186
Q9I0F2,208964,1028550.0,6.0812325,14.312146
Q9I5I9,208964,1029756.0,6.4467707,14.399088
Q9HVA8,208964,,6.5238023,14.658606
P29365,208964,1030657.0,7.552424,13.345083
Q9I1M8,208964,1022862.0,4.880949,13.9244995
G3XCZ6,208964,,7.35588,13.393446
Q51372,208964,1015883.0,6.096823,14.696234
Q9I322,208964,991091.0,13.319263,5.8120346
Q9HUG5,208964,,6.406531,12.44997
Q9I433,208964,990887.0,7.0797777,13.208284
Q9ZFE4,208964,990764.0,7.120493,12.516479
P29248,208964,990729.0,6.0108204,13.655403
Q9I609,208964,,6.365765,14.541132
Q9I4V0,208964,807564.0,7.136862,13.135995
Q9HTE2,208964,,6.576321,13.363137
G3XCV1,208964,,5.965937,13.715543
Q9HUJ8,208964,990743.0,6.689147,12.306131
Q9HYY3,208964,992193.0,6.40653,14.517426
G3XD89,208964,,6.1441236,15.328733
Q9HWK6,208964,985307.0,6.1026707,14.656054
Q9HZG1,208964,992125.0,6.4414907,14.468609
Q9HVS2,208964,,6.389705,13.628216
Q9I1W5,208964,988161.0,6.7856402,12.190021
Q9HXM5,208964,,7.3757834,12.683311
P77915,208964,990754.0,6.99347,13.24962
P25060,208964,995303.0,6.0654182,14.281005
Q51559,208964,983468.0,6.28351,12.365836
Q9HT87,208964,,5.9355617,13.9871855
Q9HW69,208964,,5.8283734,13.749628
Q9HU94,208964,,6.7638865,11.576155
Q9I6H4,208964,1030185.0,7.5958867,12.971518
Q9HUY3,208964,,6.5145993,13.367067
Q9I2C8,208964,,6.0664454,14.110818
P0DPC1,208964,,7.0536027,13.381974
Q9I3L8,208964,,6.1303144,14.503319
Q9I5N9,208964,1028373.0,6.6419077,13.319731
Q9I487,208964,1039920.0,4.7497993,13.786331
Q9HUX1,208964,991457.0,6.886678,12.971703
Q9I150,208964,1027312.0,6.2056556,13.515943
Q9HYJ5,208964,988960.0,5.958861,13.668778
P52002,208964,990653.0,6.899589,14.017764
Q51391,208964,1029445.0,6.358114,13.798324
Q9I183,208964,,5.520057,13.826178
Q9I5U2,208964,991267.0,6.1406584,15.269773
Q9HXS0,208964,,5.7747602,13.298306
Q9I6I6,208964,990928.0,6.270857,14.544385
Q9I2T3,208964,,6.44765,14.483345
Q9HXB2,208964,,6.1501417,15.3041725
Q9I2F6,208964,990979.0,4.693263,13.758169
O82853,208964,990742.0,7.78857,12.976459
Q9HTF3,208964,,7.252249,13.314404
Q06553,208964,1039737.0,6.4597754,12.542735
G3XD78,208964,,6.6257076,11.824988
Q9HTQ2,208964,1028783.0,7.029474,13.49419
Q9HV74,208964,,5.4037156,13.886812
Q00516,208964,983352.0,6.037588,14.162108
Q9HTP6,208964,,6.1622233,13.407753
Q9ZN70,208964,991049.0,6.6328597,13.651227
Q9HWJ7,208964,,6.1621447,13.777022
G3XD48,208964,,6.291538,12.447302
P21627,208964,988196.0,4.747432,13.816205
Q9I1X7,208964,950637.0,6.6765122,12.075211
Q9I3B1,208964,,5.983637,14.01766
Q9I524,208964,,6.850635,13.751238
Q9I1N2,208964,1040200.0,6.9482265,11.84834
Q9HUI9,208964,,7.112766,13.064319
P55222,208964,990642.0,6.4890084,13.771749
Q9HUG2,208964,,6.3810487,12.468817
Q9I700,208964,,7.644429,12.978293
Q9HTL2,208964,,6.3235335,13.816079
Q9HUM0,208964,1038720.0,10.318512,12.5921135
P26995,208964,987293.0,5.8917146,13.494857
Q51508,208964,991459.0,6.4997773,13.651468
Q9HUA1,208964,,6.595672,14.76028
Q9I4R9,208964,,5.753193,12.593959
Q9HYF1,208964,,6.776677,12.452335
Q9HYC2,208964,,6.7355423,11.518851
Q9HUG1,208964,988520.0,6.51974,12.938656
Q9HTI5,208964,,7.188401,12.161027
Q9HZE8,208964,,5.9079037,13.942847
Q9I317,208964,960091.0,12.805345,6.093707
Q9HX08,208964,1027489.0,7.136819,13.061171
P15275,208964,1026475.0,5.948227,13.725265
Q9I5I6,208964,,7.4254327,13.348871
Q51423,208964,1033112.0,7.911956,12.936096
Q9I4F5,208964,990646.0,4.9389625,13.934734
Q9HTY2,208964,,6.7481294,13.091294
P95434,208964,987290.0,9.623692,9.803211
Q9I291,208964,990688.0,7.588245,12.556553
Q9HV34,208964,993843.0,6.3792253,12.4217005
Q9I262,208964,992073.0,6.8119655,13.062015
Q9I2U3,208964,1028544.0,6.342492,13.71641
G3XD58,208964,,6.311401,12.369796
Q9HVB9,208964,,6.8384166,13.026867
Q9HVD2,208964,,6.713094,13.609935
Q9HUF5,208964,,6.9411335,13.549978
P06200,208964,984839.0,6.712599,11.959816
Q9HUK9,208964,,6.905831,13.374309
Q9I509,208964,990804.0,7.0459886,13.204312
Q9HV88,208964,,6.1118426,15.3454895
Q9I2F2,208964,,5.9959292,14.648954
Q9HVG6,208964,990642.0,6.123256,14.665689
Q9HTR3,208964,,4.917,13.93889
G3XD55,208964,,12.3430195,6.906148
G3XDA3,208964,,10.929512,17.192616
Q9I5W4,208964,1030657.0,6.092672,14.679868
Q9HZ81,208964,950795.0,6.9472237,13.036068
Q9HUG6,208964,983845.0,5.4526734,13.938524
Q9I2N0,208964,991079.0,6.64842,13.638706
Q9HW35,208964,,6.0951033,13.887471
Q9I0I6,208964,1034446.0,10.930156,17.192623
Q9HT74,208964,,6.1995163,13.754365
Q9I0F3,208964,,6.6491437,12.317249
Q9HU21,208964,,7.1365595,13.373533
Q9HV49,208964,992118.0,7.3437543,13.184858
O50177,208964,,6.767607,13.280485
Q9I5D1,208964,,6.5623174,14.000479
P72139,208964,992123.0,7.590107,12.673803
Q9I2C9,208964,,6.0985756,13.935959
Q9HUK1,208964,990751.0,7.751028,13.557698
Q9HW23,208964,,6.345896,12.400124
Q9HXY3,208964,1033245.0,5.551156,13.853739
Q9I551,208964,,6.4687862,13.230112
Q9HUF6,208964,,7.028788,13.470718
Q9I072,208964,990642.0,6.198359,13.750681
Q9HZ59,208964,992222.0,7.126344,13.4780245
Q9I169,208964,,6.7360253,11.769611
P96956,208964,961312.0,6.03394,14.42819
Q9HW47,208964,991008.0,6.281609,13.1619835
Q9HT33,208964,,7.192039,13.41235
Q7DC81,208964,,7.127597,13.449835
P25084,208964,1038882.0,5.9897966,13.482734
P20581,208964,990740.0,6.3271003,12.312911
Q9I4F9,208964,,6.3519807,13.74925
P42512,208964,990774.0,6.1380672,15.301232
Q9I7C1,208964,950874.0,6.628954,12.955987
Q9I2W5,208964,993122.0,6.496411,13.323777
Q9I3G2,208964,991606.0,6.6290026,14.391088
Q9HXC7,208964,,6.2056446,14.357271
P26993,208964,990642.0,5.705039,13.450896
Q9I647,208964,990650.0,6.174343,14.299639
Q00515,208964,995272.0,5.999319,14.214506
Q9I4X1,208964,,7.421607,12.601895
Q9I1Y7,208964,,9.562764,7.4875245
Q9I194,208964,992292.0,6.19538,14.5492935
Q9Z4J7,208964,990642.0,6.5468836,14.488965
G3XD50,208964,,4.9165506,13.853091
G3XD10,208964,,6.6477146,13.224725
Q9HUF8,208964,,6.212029,12.723977
Q9HT43,208964,,4.810476,13.916024
Q9I6J7,208964,,5.7271132,13.201004
O50274,208964,990677.0,7.372104,13.48271
Q9HWU0,208964,,6.790396,12.725056
P72131,208964,986309.0,6.2684517,13.5187
P14789,208964,1015945.0,6.0260143,14.723266
Q9HUQ3,208964,,6.370026,13.17671
Q9HUZ7,208964,996553.0,6.506613,14.430308
Q9HX69,208964,,6.1951613,13.7249775
Q9HTL3,208964,,6.5994487,13.439553
P95435,208964,987289.0,5.9131866,13.318593
Q9I6K1,208964,,6.048259,13.895052
Q9HTE6,208964,,7.156348,13.373454
Q9HVF7,208964,990489.0,6.509916,13.298843
P21482,208964,1038932.0,5.0830903,14.022322
Q9HZ91,208964,950733.0,5.746801,13.231473
Q9HWG9,208964,,6.7281494,13.065646
Q9HXI7,208964,991109.0,5.9043117,13.428157
Q9HXW3,208964,951144.0,6.2237787,14.496091
Q9I115,208964,988643.0,6.148836,14.184129
Q9I327,208964,990734.0,6.7164755,12.32097
Q9HXW4,208964,,6.9138813,14.01991
Q9HTB9,208964,,6.509019,13.206051
Q9I0N5,208964,1027240.0,6.225179,12.238499
Q9HTI8,208964,,6.4407773,13.225941
Q9I737,208964,949390.0,6.732926,12.414317
Q07806,208964,990723.0,6.4048166,14.527913
P00282,208964,1011239.0,6.600417,14.774849
Q9HZZ1,208964,,6.6530027,13.508739
Q9L7T2,208964,1029741.0,6.80655,13.117378
Q51373,208964,990642.0,6.396694,13.747627
Q9I3S2,208964,950920.0,6.0826006,13.945305
Q9HWG2,208964,992308.0,6.7104497,13.588273
Q51426,208964,990642.0,6.824183,12.421597
Q9HV39,208964,,5.8400884,13.3985815
Q9HVR8,208964,,4.7620425,13.806939
P08308,208964,990750.0,7.7361417,12.411473
Q9HZJ9,208964,,5.6962204,13.227218
Q9I538,208964,,6.0926604,14.570437
Q9I133,208964,949708.0,6.362086,13.373875
Q03023,208964,1036792.0,6.1024966,14.648737
Q9HTG8,208964,,7.3049192,12.561689
Q9HZ23,208964,993567.0,6.0245075,13.841656
Q51507,208964,993068.0,6.3778253,12.385307
Q9I3N5,208964,990878.0,3.8354056,14.562123
Q9HUJ0,208964,,6.8658347,13.269957
Q52463,208964,1013490.0,6.6799345,11.873816
P50587,208964,991043.0,7.234646,12.864235
Q9HTI7,208964,,4.832021,13.737787
Q9HU20,208964,,6.082732,14.153327
Q9HW43,208964,,5.3046904,13.939984
Q9I6Y4,208964,1031170.0,7.41272,13.179854
Q9I168,208964,1028199.0,7.5513844,13.042114
Q9I730,208964,988161.0,6.8028345,12.956957
Q9I3T5,208964,990898.0,6.855758,13.14396
Q9I489,208964,1028398.0,6.877571,12.749792
Q9HZ76,208964,,7.6992664,13.19463
Q9I2J4,208964,949681.0,6.0994735,15.344675
Q9I5P4,208964,,6.551953,13.529932
Q05097,208964,987304.0,9.648798,7.3927293
P11436,208964,990813.0,7.213416,11.567074
Q9HVD1,208964,,6.1383915,15.305235
Q9HZD1,208964,,6.4037886,13.753346
O50174,208964,990726.0,7.409667,13.298181
G3XDA5,208964,,6.1431365,15.32226
Q9HTN0,208964,,6.1410146,15.275333
G3XDA8,208964,,6.566323,14.755993
Q9I3F6,208964,1005348.0,10.931112,17.1936
P10932,208964,988576.0,6.0848074,13.604467
Q9I3Y3,208964,990642.0,4.8252063,13.8326
G3XD64,208964,,6.613102,13.378131
Q9HZH0,208964,,6.1367035,15.328796
Q9HZ57,208964,990650.0,6.054629,13.920294
P35483,208964,991109.0,6.457661,14.723862
G3XCY5,208964,,6.910594,12.799031
Q9I1M7,208964,1020372.0,5.300659,13.934296
Q9I2Q7,208964,1036455.0,7.2954016,11.60781
Q04803,208964,990642.0,6.0495076,12.407576
P20582,208964,990763.0,7.506905,12.587523
G3XD01,208964,,7.30065,12.67668
Q9HYZ8,208964,1038858.0,6.7451367,13.231163
P95414,208964,991967.0,6.5558147,13.320372
Q9I0Q0,208964,949618.0,6.5362844,12.944055
Q9HYU4,208964,1003405.0,7.9996324,12.76645
Q9HTI9,208964,,4.9863806,13.930474
Q9I0P5,208964,,6.545104,14.689128
Q9I702,208964,990888.0,7.818958,13.409282
G3XD77,208964,,5.972726,13.512718
G3XD51,208964,,6.3450494,14.390379
G3XCZ2,208964,,5.9944086,14.074792
P24735,208964,991010.0,6.4015813,14.540437
Q9HU18,208964,,6.581168,14.771155
Q9I061,208964,950779.0,5.9702554,14.693402
Q9HTB1,208964,,6.342129,12.337961
P32265,208964,1003413.0,5.760176,13.260213
Q9I6I9,208964,950798.0,6.4690313,13.155059
Q9I184,208964,,12.341079,6.977018
Q9I2V7,208964,,6.230137,13.683374
P11759,208964,990724.0,7.579417,13.139227
Q9I2F3,208964,990916.0,6.146207,15.284575
Q9I6H1,208964,,6.6451616,14.104322
Q9I549,208964,,5.1089616,13.861405
Q9I402,208964,992690.0,6.6039186,14.774602
Q9HZE7,208964,990653.0,5.931392,14.045113
G3XD49,208964,,12.771693,6.4053674
Q9HVI8,208964,,6.0123982,14.0031395
Q9HUF1,208964,1027690.0,6.9425797,11.685027
Q9I6V6,208964,949081.0,10.932202,17.193926
Q9I1N1,208964,952956.0,6.538708,13.019848
Q9I405,208964,990751.0,6.403336,13.228792
Q9I5R6,208964,988340.0,6.923101,12.793451
Q9HWH9,208964,,6.972371,13.267155
Q04804,208964,990642.0,6.0552583,14.170085
G3XCZ8,208964,,6.351344,12.464252
Q51575,208964,1038676.0,6.0387244,14.62766
Q9HXN4,208964,,5.2552476,13.926638
G3XCT7,208964,,5.2401805,13.899421
P80357,208964,993744.0,6.793593,12.986326
P13794,208964,995847.0,6.179419,15.23187
Q9I1N0,208964,990740.0,6.4838777,12.989361
Q9I1Y5,208964,949191.0,6.1574826,15.044201
Q9HYT3,208964,961367.0,6.063472,13.875405
Q9I0H1,208964,949698.0,7.094913,12.664409
Q9HXN5,208964,998836.0,6.674987,13.578347
Q9I4B3,208964,,6.8536744,13.22664
Q9I6J5,208964,1033110.0,6.982498,13.343663
Q9I265,208964,1028773.0,5.9745226,13.737972
Q9I3I1,208964,,6.6347475,13.66846
Q9I060,208964,990888.0,6.092851,14.672295
Q9I1N6,208964,948183.0,6.6721625,13.162759
Q9HYG7,208964,,7.2546277,13.151734
Q9I1M9,208964,1022267.0,5.3930717,13.893378
P21630,208964,988166.0,6.405769,13.233669
Q9ZFK4,208964,1027695.0,7.558324,12.617007
Q9HUL1,208964,,7.682171,12.856033
Q9HZW1,208964,1035300.0,7.2342134,13.227409
Q9HUN4,208964,1028783.0,7.0793567,13.520647
Q03025,208964,990654.0,6.222383,14.484982
Q9HXT9,208964,,6.2267766,13.768123
Q9I185,208964,1000665.0,6.404042,14.459011
P47205,208964,1033119.0,7.31339,12.75032
Q9HV30,208964,991144.0,6.0202107,13.571776
Q00512,208964,990660.0,6.726036,13.332181
Q9I1K2,208964,994410.0,6.583752,13.474439
Q9HVQ3,208964,,7.33254,12.5408
P04739,208964,962110.0,9.771389,7.321088
G3XD97,208964,,6.241116,13.513342
Q9I1Y8,208964,951254.0,6.9834805,11.825582
Q9HXS2,208964,990516.0,13.313319,5.76305
Q9HTB2,208964,,5.371519,13.913108
Q9I5P0,208964,950837.0,6.192262,15.125741
Q9I3F1,208964,991697.0,6.750559,13.381739
Q9HZX6,208964,1028822.0,5.9932365,14.018829
Q9I5F3,208964,994056.0,6.828265,13.228976
Q9HWZ6,208964,1027717.0,8.100563,11.794191
Q9HYQ6,208964,,6.1252375,15.223665
P07344,208964,1027471.0,7.4660916,13.20857
Q9HU66,208964,1027340.0,7.3145866,13.300816
G3XCX7,208964,,6.354078,14.48623
O86062,208964,992735.0,6.7408347,13.555642
Q9HT99,208964,,6.713386,12.250969
Q9HXW2,208964,990642.0,5.7120543,13.265418
Q9HVN0,208964,,5.9778705,14.14021
Q9HU16,208964,,4.735375,13.814138
O85732,208964,990844.0,7.345563,13.536095
Q9I478,208964,,6.6876955,13.727369
Q9HZL8,208964,,5.022294,13.834951
Q9I114,208964,990816.0,5.948141,13.758597
P51691,208964,991161.0,6.845277,13.061981
Q9HTL4,208964,,6.2073455,13.756036
G3XDA6,208964,,6.343981,13.302889
Q9I403,208964,,4.776377,13.748743
G3XD21,208964,,6.2189336,14.487455
P24474,208964,995066.0,6.3564596,14.529854
Q51366,208964,990642.0,7.5226684,13.046416
Q9HTE7,208964,,6.801709,11.656854
Q9HW38,208964,993046.0,6.0780973,13.889711
Q9I245,208964,991381.0,6.150248,15.234384
Q9HVQ7,208964,1036245.0,6.8438134,13.18826
Q06062,208964,1015723.0,6.0873685,14.610769
Q9HZ86,208964,,6.5134487,13.448842
Q9I0M3,208964,992674.0,6.483524,13.523209
Q9HY22,208964,,6.2072315,13.746654
Q9I4R8,208964,,4.85859,13.8610325
Q9HX07,208964,,7.125629,13.434214
P54292,208964,1038882.0,5.9482584,13.486482
P38098,208964,1027596.0,6.778045,12.37355
P53652,208964,1027285.0,8.201027,11.40802
Q9HTI0,208964,,6.6569624,13.657168
Q9I3K2,208964,991468.0,6.853014,11.550252
Q9HTC0,208964,,6.86477,13.013805
G3XCU3,208964,,6.3059554,12.458269
Q51392,208964,990935.0,5.378231,13.8664875
Q9I6M5,208964,1027568.0,7.8164635,13.082313
Q9HZA6,208964,,6.2163963,14.520693
Q9I2V0,208964,991396.0,6.838972,13.45387
P38108,208964,1038362.0,6.0723543,14.400469
Q9HTZ9,208964,993572.0,7.002671,13.197416
Q9HUV6,208964,,5.0372667,13.975816
Q820A5,208964,,6.3483515,12.404354
Q9I082,208964,1036820.0,12.396541,6.3143296
Q9I0K4,208964,992321.0,7.2007504,11.491743
Q9HUR6,208964,,6.14771,15.274984
Q9I4K5,208964,949072.0,6.1060853,13.943784
Q9HVS0,208964,,6.142631,15.286305
G3XCY4,208964,,5.9232674,13.545887
Q9I741,208964,,6.697835,12.371996
G3XD23,208964,,7.1733046,12.351986
Q9I2F1,208964,990642.0,6.2158017,14.641947
Q9I484,208964,,6.5593185,14.744119
G3XD90,208964,,6.3849993,14.488568
P43336,208964,990674.0,7.082302,13.419021
Q9HXJ2,208964,1033471.0,6.353158,14.235531
Q9HVG7,208964,994412.0,6.142009,15.270632
Q9I1N7,208964,990686.0,7.0352745,13.283128
Q9I7B5,208964,948196.0,6.7946305,13.052854
Q9I740,208964,1038406.0,12.824971,6.1110053
Q00517,208964,1038727.0,6.025573,14.221306
Q9HTM8,208964,,6.6004457,12.431818
Q9I4W7,208964,,6.6044087,13.627292
G3XCW6,208964,,6.140767,13.674703
Q51566,208964,983306.0,6.395968,13.384334
Q9HU05,208964,,6.03681,14.277347
G3XD04,208964,,6.6487303,13.366403
Q9HTG6,208964,,7.273992,12.555094
Q9HUG8,208964,990642.0,6.3981066,13.2338505
Q9HVI1,208964,,6.068139,13.932492
Q9I237,208964,991617.0,6.1076627,14.647816
G3XD11,208964,,6.155179,15.301229
P14165,208964,1027836.0,7.3781095,11.133134
Q9I4X0,208964,,5.8617377,13.551154
Q7DC82,208964,,6.536524,12.474229
Q9I423,208964,990865.0,4.9062595,13.776772
Q06749,208964,1036339.0,6.073485,14.627097
Q9HVR5,208964,,6.4027834,13.274745
P57701,208964,1026474.0,5.0549517,14.052839
P72161,208964,991117.0,6.3903136,14.543979
P13982,208964,1027702.0,7.497079,13.141118
Q9HYU6,208964,990809.0,6.701636,12.314926
Q9I4H4,208964,,6.674327,13.043069
Q9HTM9,208964,,7.113167,13.001879
Q51371,208964,987217.0,6.103589,14.655885
Q9I3G5,208964,990642.0,6.610235,14.433532
Q9I0M4,208964,991453.0,6.325477,14.505657
P24559,208964,990660.0,7.34195,13.06293
Q9HUL2,208964,,6.4014955,14.514903
Q9HWF9,208964,991065.0,7.020868,12.33672
Q9I3G4,208964,950836.0,6.6612115,14.400046
P80358,208964,993744.0,7.0313854,13.3177395
G3XD37,208964,,13.391114,5.829134
Q9HTM7,208964,,6.0570383,14.634088
P15713,208964,998562.0,6.704656,12.19756
Q9I520,208964,,6.163909,14.559186
Q9I690,208964,992459.0,6.585952,14.77026
P07874,208964,1027736.0,7.0730305,13.3041935
Q9I222,208964,,5.958268,13.751256
Q9I4N3,208964,,6.3820314,13.556937
G3XCU9,208964,,5.720966,13.167876
Q9HTH6,208964,,6.5396376,14.667382
Q9HYJ7,208964,,6.113265,15.24762
Q9I1Y6,208964,,6.1448364,14.460734
P95413,208964,991967.0,6.614729,13.400345
P15276,208964,984362.0,12.599594,8.809012
D9IVE5,8355,801957.0,10.731218,11.359973
O42173,8355,704826.0,14.847062,8.45682
P49893,8355,761640.0,7.9793086,5.580273
Q800K6,8355,793990.0,12.152384,9.83221
Q642N8,8355,,10.493948,11.425979
P84233,8355,,-0.0014788109,14.946554
O73798,8355,778279.0,8.586346,7.1307116
P30664,8355,802189.0,10.679585,11.02936
Q7ZXH9,8355,781680.0,12.240842,10.975683
Q98U15,8355,739259.0,13.965984,9.143818
Q6GNW0,8355,756192.0,12.696224,9.602858
Q7ZYJ8,8355,802537.0,10.453663,11.415911
Q98TA5,8355,748297.0,13.33895,9.016645
Q6GNT6,8355,792933.0,11.008116,12.055363
Q8AVG7,8355,792938.0,10.921648,11.46349
P51142,8355,789259.0,13.172558,10.390288
P43695,8355,745707.0,14.346132,7.9554825
Q32NJ2,8355,752847.0,12.479724,11.214273
Q6AZF7,8355,,13.330241,11.611752
Q801P7,8355,802746.0,13.55044,1.952317
Q8UW72,8355,703673.0,14.932156,8.995796
K7SGN7,8355,736997.0,13.652077,9.911445
Q6NUD0,8355,805849.0,10.733435,11.168997
Q641F2,8355,803403.0,11.614962,11.737307
Q9PW62,8355,793722.0,13.460527,11.336537
Q5U4X3,8355,738075.0,14.435651,8.321079
B7ZR20,8355,793108.0,10.203696,10.766886
P28026,8355,761486.0,7.9680653,5.5383296
Q6INC4,8355,747293.0,13.834461,9.452719
P0CJ62,8355,737846.0,13.487093,8.408832
Q8AV69,8355,783551.0,12.075031,11.611409
P85120,8355,758900.0,12.681141,9.768039
P31287,8355,,7.9632263,5.5427775
P24781,8355,759654.0,14.500245,8.548257
Q32NM1,8355,752847.0,12.501815,11.223135
C0SPG1,8355,736997.0,13.66682,9.898503
Q90Z06,8355,746136.0,13.263801,8.301144
P51113,8355,806267.0,12.442963,11.147319
B7ZR30,8355,,12.418116,9.745922
Q6VVD7,8355,746619.0,14.516372,8.287593
Q01978,8355,746984.0,13.698521,10.14545
A0A1L8ER70,8355,780250.0,13.567355,9.281374
Q91580,8355,780062.0,8.296411,7.5946636
P40647,8355,758969.0,14.239624,8.7378645
A8E0R9,8355,789168.0,12.42892,11.425578
Q7ZTP2,8355,1027835.0,-0.21091685,13.508378
Q6GQG6,8355,0.0,12.065134,9.254275
Q9DEN3,8355,748988.0,14.454958,8.457478
Q05AW3,8355,802658.0,11.185822,11.563928
Q8AWF4,8355,801468.0,11.471285,8.647567
Q6NRV0,8355,,12.745265,9.074748
A0A1L8HU22,8355,762151.0,13.100491,9.452276
O42261,8355,748921.0,14.257493,7.906018
Q800X4,8355,704511.0,9.26293,5.9409904
Q7T0V8,8355,780129.0,13.03873,9.781338
Q6WKW9,8355,754176.0,13.1931095,10.324851
Q1L721,8355,739608.0,12.226422,10.625858
A5D8Q0,8355,790770.0,11.882201,9.6802225
B7ZS96,8355,754247.0,9.317954,10.612882
Q8UVQ4,8355,745562.0,13.823081,8.162953
Q90XW6,8355,745636.0,14.336847,7.9263706
Q7ZXM6,8355,763136.0,8.377746,6.2401752
Q6PAW2,8355,801468.0,13.382199,9.645484
Q9DGN0,8355,811696.0,11.484882,10.810669
A0A1L8I190,8355,,12.012656,9.6559305
Q7ZXV8,8355,792940.0,13.671805,8.823814
B1H1X1,8355,828529.0,12.489076,11.435032
O13024,8355,,13.125843,9.199032
O57686,8355,801898.0,10.873513,11.65973
Q6NRJ5,8355,789107.0,11.913886,8.643905
Q7T0N9,8355,801468.0,11.306467,12.256814
Q6DDW2,8355,805980.0,8.17852,6.756323
Q7ZT47,8355,802361.0,10.253804,10.031628
A5PKP9,8355,,10.786197,10.872303
Q6NRD3,8355,781998.0,13.236927,8.732805
Q1JQ73,8355,806926.0,12.843002,10.950905
A0A1L8I2G6,8355,737825.0,13.712097,6.7457547
Q5FWK6,8355,778607.0,8.797456,8.709037
O93309,8355,802143.0,5.61591,9.739903
P79944,8355,746183.0,14.433221,8.858253
Q9DFH4,8355,0.0,8.9125805,6.6700654
B5MFE9,8355,746112.0,8.183068,6.611761
Q8QGV2,8355,789710.0,12.517955,11.287264
P70032,8355,801468.0,12.295307,11.614455
Q0P031,8355,739038.0,14.703969,8.61257
Q50L39,8355,778332.0,12.072189,9.806087
A7UKY7,8355,752587.0,13.445888,10.553147
P0DPK0,8355,,13.728787,9.452449
A0A1L8F5J9,8355,0.0,13.366768,2.1624472
P09560,8355,,12.424234,11.302877
P87379,8355,793155.0,13.048769,11.5418215
Q6GPW6,8355,801695.0,8.861765,10.83615
O42123,8355,801973.0,9.45947,11.392782
Q5XK83,8355,802189.0,10.776854,11.05585
P54824,8355,792989.0,9.951777,10.816651
Q9YHB5,8355,802887.0,11.520644,10.975089
Q66KV4,8355,793578.0,11.216623,10.987046
Q0IH24,8355,802356.0,12.182607,10.163536
Q4FZ76,8355,778129.0,12.969401,9.050104
P15308,8355,740130.0,12.617309,8.769597
Q8AVJ9,8355,778376.0,10.951908,12.25531
P16143,8355,746200.0,13.991043,8.764078
A0A1L8GXY4,8355,801641.0,11.907969,9.780152
Q9PUN1,8355,752652.0,12.328182,9.442001
Q91350,8355,756223.0,8.623243,6.087862
K9ZTJ6,8355,807297.0,11.815518,10.553614
Q03414,8355,756256.0,14.342848,8.223957
A1L3K9,8355,738116.0,13.878481,10.09986
P43690,8355,1027363.0,7.649174,12.412268
P16863,8355,,9.01016,8.112711
P49011,8355,780735.0,8.90634,6.301232
Q91898,8355,,15.161314,8.326118
P47817,8355,746352.0,12.677119,10.74916
A0SNQ7,8355,756293.0,14.363776,8.762165
O13125,8355,738165.0,15.12224,8.632197
P55863,8355,745553.0,14.592681,8.311962
P58421,8355,778376.0,11.02613,12.316616
Q8JJ48,8355,754426.0,13.922535,9.49436
P70005,8355,739430.0,14.275297,7.921496
Q06BR1,8355,703948.0,13.973309,9.166231
A0A1L8HFX9,8355,753548.0,13.488191,8.402957
P55869,8355,752623.0,10.199673,9.253569
Q6DE87,8355,793157.0,12.32086,11.65664
B7ZSK1,8355,746699.0,12.133748,10.255979
P13903,8355,746407.0,15.087631,8.64574
B7ZRU9,8355,759193.0,14.420572,8.632643
Q90WE3,8355,752641.0,13.854222,9.096995
Q98SJ2,8355,777924.0,12.966884,9.18412
A0A0D3QS99,8355,781575.0,12.388047,12.582671
A0A1L8FDW4,8355,789402.0,11.77269,9.2280035
A0A1L8HBI7,8355,704705.0,13.809905,9.572372
A0A1L8EYB2,8355,780404.0,13.926993,9.337004
O13067,8355,804695.0,12.604155,10.300038
Q6DDF4,8355,803866.0,11.4613285,12.1802225
O93529,8355,752896.0,14.540273,8.471011
O57539,8355,746717.0,13.734802,10.157433
O93274,8355,778376.0,11.03417,12.294102
Q9PUK8,8355,778376.0,10.943148,12.221762
Q2I0E5,8355,789384.0,12.251419,10.763976
P70054,8355,1027304.0,9.332764,11.247971
Q9I897,8355,745910.0,8.884889,6.410935
B9V5F5,8355,760464.0,12.770163,9.768723
O93352,8355,737795.0,13.243858,8.757764
Q9YGY0,8355,782847.0,13.205436,10.056522
P12965,8355,778063.0,13.198247,10.884586
Q8AVN9,8355,703608.0,12.886963,9.504595
Q4KLP8,8355,746302.0,13.53873,8.862045
Q9PVV4,8355,781543.0,13.748736,7.350404
Q805F3,8355,802864.0,7.520465,7.634377
Q8QFR2,8355,802333.0,11.9053955,12.053921
Q91785,8355,792940.0,12.105848,8.9265585
A0A1L8G2K9,8355,738004.0,13.108941,9.38741
P31291,8355,761486.0,8.007706,5.5455856
Q9PTD7,8355,751878.0,12.632618,9.695781
P70033,8355,761338.0,14.241099,10.405811
Q2PG84,8355,752702.0,14.544112,8.400275
O13023,8355,752462.0,14.657317,8.347268
Q91905,8355,703352.0,14.550579,8.347521
Q9PUN2,8355,789075.0,11.410496,9.974774
Q91783,8355,748998.0,12.060793,8.859027
Q8UW74,8355,703673.0,14.954555,9.034755
O57311,8355,745552.0,14.408522,8.295857
P40650,8355,738937.0,14.200294,8.212173
Q6GQ04,8355,,12.151186,10.23246
P42700,8355,812449.0,11.322901,12.052909
Q4V7K4,8355,737857.0,12.880709,9.883761
O42263,8355,,12.77631,9.270823
B0F0H3,8355,896801.0,12.361428,9.970671
O73689,8355,756332.0,14.43227,8.233655
Q6SIX7,8355,,9.401328,5.729637
Q91677,8355,754488.0,14.325433,7.9119897
Q7ZX36,8355,0.0,12.162608,11.1000185
Q9W705,8355,748929.0,13.843458,10.01569
Q4QXM3,8355,803804.0,11.646223,11.192366
Q5FWP4,8355,803049.0,12.618807,10.622354
Q7ZX64,8355,802328.0,11.219137,12.479673
O57464,8355,756053.0,8.858865,6.0127916
P28021,8355,,10.092651,8.752451
Q6GNB7,8355,746620.0,15.11842,8.619477
B7ZQJ9,8355,746249.0,13.659836,7.5497074
Q641G7,8355,0.0,11.381584,12.475745
Q6DE08,8355,792940.0,13.769301,11.638327
Q6GN29,8355,793340.0,11.178217,11.456064
Q7ZYP6,8355,803389.0,11.41298,11.360011
Q641J8,8355,745573.0,13.735945,7.240592
P79958,8355,754005.0,14.476669,8.083049
O42342,8355,746675.0,14.64496,8.273321
Q66IV2,8355,,12.677995,8.537682
Q7ZXZ0,8355,802511.0,9.934517,10.45642
Q8UVR3,8355,754002.0,13.6993,10.7033
P48597,8355,801579.0,13.468807,2.0663395
Q91904,8355,703352.0,14.627075,8.350691
P48530,8355,749088.0,8.528348,6.300851
Q91765,8355,752400.0,14.602108,8.387314
Q7T0S3,8355,761391.0,9.398174,7.326746
O73613,8355,759650.0,12.528896,11.2149105
Q3MV19,8355,785369.0,12.427972,10.696233
Q7ZXW9,8355,749151.0,14.533969,8.257759
Q9DE27,8355,1028372.0,7.0811276,12.210119
O93235,8355,801468.0,12.464962,8.914627
Q63ZT4,8355,789284.0,13.147568,2.409619
Q9DG48,8355,746602.0,14.418244,8.245593
P19382,8355,738023.0,14.463819,8.3090315
Q8QGC4,8355,777935.0,14.37543,8.588586
Q32NQ7,8355,805179.0,11.134428,9.75645
Q9PSD8,8355,,14.351252,8.184972
Q2MJB4,8355,759707.0,14.463451,8.779038
Q90VV1,8355,756531.0,14.93416,9.003634
Q9W769,8355,704827.0,14.857773,8.411929
Q9W7F2,8355,801468.0,10.430966,11.243202
Q6RUW2,8355,761317.0,12.327988,12.855598
Q6DE18,8355,802383.0,10.073067,9.709099
A7XY94,8355,738986.0,12.145358,10.286778
Q640K3,8355,801552.0,11.849963,10.69188
P49188,8355,739434.0,13.784293,3.7595353
P70062,8355,738914.0,14.506223,8.478546
Q5XGK2,8355,,13.005927,6.3758483
Q9PWR3,8355,761491.0,14.609053,8.86921
Q66IZ6,8355,835164.0,10.890935,11.386688
Q5HZ83,8355,793547.0,11.105189,11.690178
Q7ZY18,8355,805784.0,9.835901,10.427337
Q6GLZ5,8355,793108.0,10.3435135,10.735845
Q9IB89,8355,746776.0,14.427608,8.206567
A0A8M2,8355,793637.0,13.142035,10.216795
A6P7H6,8355,758257.0,8.948638,6.869758
Q6DD33,8355,801695.0,8.879669,10.948991
B4ZIX8,8355,793132.0,13.246895,2.3037622
Q91628,8355,749861.0,11.943999,10.22037
Q2TAD5,8355,754115.0,5.8784246,5.6547623
Q90X64,8355,779868.0,12.267103,9.7832775
Q7T103,8355,738156.0,14.5815935,8.64714
Q6IRB2,8355,754248.0,14.906578,8.993057
P70041,8355,703404.0,9.3032465,5.958033
Q91908,8355,806030.0,11.659759,11.4505
Q9PSY4,8355,746413.0,14.525949,8.455428
Q6DJN2,8355,785369.0,12.338425,10.834163
B9X187,8355,747128.0,11.465947,10.956508
Q9PRJ8,8355,704581.0,14.693011,8.421569
Q6DD04,8355,752646.0,12.951663,10.832802
P26233,8355,789284.0,13.145202,2.40844
Q4FZW5,8355,802521.0,13.247838,2.3223958
Q5U259,8355,806926.0,12.791709,11.047241
P63282,8355,792943.0,10.857124,10.837043
Q08B36,8355,746013.0,13.7660885,9.563905
Q0IHI4,8355,739258.0,13.329459,8.312825
Q6IRD3,8355,802328.0,11.24907,12.413736
P33148,8355,747193.0,11.542346,15.148161
Q8AXB4,8355,0.0,13.462732,11.358813
P23787,8355,801631.0,9.558443,10.564503
A0A0H5BJW1,8355,804970.0,13.351829,2.1862674
Q8JGN5,8355,736838.0,12.0262985,9.820113
Q91572,8355,752639.0,13.267884,10.207106
Q6NTJ3,8355,781938.0,13.659615,8.7151575
A0JMY4,8355,801468.0,12.524938,10.081095
Q9DGN1,8355,811696.0,11.570423,10.741687
Q7T2V3,8355,740060.0,12.995703,10.001172
A0A1L8HYT7,8355,740423.0,8.94226,6.6665454
Q27IV2,8355,745819.0,13.634671,8.994148
O93509,8355,703538.0,8.72011,6.7860045
P31286,8355,761041.0,7.973661,5.5480127
Q7ZXF3,8355,748915.0,15.225929,8.678372
Q9I8W5,8355,749304.0,9.601599,10.981646
D3IUT5,8355,746895.0,13.674758,9.146838
Q8AXQ4,8355,737015.0,14.77007,8.336777
Q32N13,8355,782135.0,12.283431,12.650248
P79960,8355,754115.0,5.8461523,5.6539054
P23437,8355,801468.0,14.32591,12.111083
Q91603,8355,,13.646023,9.116731
Q4W815,8355,704513.0,9.007297,5.457466
Q5BP74,8355,801468.0,14.06799,11.773569
Q5PQ29,8355,802031.0,11.688004,9.690048
Q9PST7,8355,703880.0,15.731935,9.693781
A1A5I6,8355,0.0,13.162335,2.3891306
Q7ZWU1,8355,802529.0,10.363848,10.943099
Q07016,8355,759734.0,12.659203,12.021014
Q07937,8355,743987.0,14.021465,9.451752
Q08820,8355,736906.0,14.801282,8.368377
Q7ZY81,8355,793150.0,11.278632,10.302654
Q501Q9,8355,737905.0,13.88817,11.309166
P45593,8355,801487.0,10.814954,12.030574
P18117,8355,761248.0,14.307111,10.531708
P29674,8355,748890.0,13.8778925,10.575867
Q6GLY5,8355,781759.0,12.374129,10.398187
Q7ZX35,8355,789284.0,13.161532,2.3903136
P06180,8355,780442.0,12.702289,9.233396
P70039,8355,758943.0,13.685515,8.615018
Q9DE14,8355,783638.0,11.146259,9.516679
Q32N92,8355,789289.0,13.032389,9.955971
O73622,8355,703827.0,14.232902,8.440136
P17506,8355,1027386.0,8.331199,13.156899
Q6IRR4,8355,789466.0,13.684852,6.4066424
A0A1L8FNF3,8355,828344.0,11.667241,10.899057
P18119,8355,,14.315749,10.571141
Q641G4,8355,801468.0,12.733147,10.315167
Q670P5,8355,761640.0,7.992698,5.6480684
P24727,8355,748349.0,9.072147,5.903173
A0A1L8HX76,8355,,11.056607,11.407076
Q6AZN0,8355,804258.0,11.829544,10.766353
Q6DCJ4,8355,740002.0,13.85982,11.171872
Q91880,8355,793905.0,12.1282835,10.895246
D3YN49,8355,746857.0,13.807306,9.531978
Q9I9A7,8355,772851.0,11.902086,9.726547
Q5EE04,8355,792940.0,12.669767,9.629401
O73754,8355,745780.0,12.577807,12.722864
P33205,8355,705033.0,14.686267,8.394271
Q5XHF6,8355,761259.0,12.3389015,11.641456
P35617,8355,749063.0,7.619426,2.6650846
Q9DE26,8355,1028372.0,7.2942863,12.066746
Q9PWJ5,8355,746789.0,15.349182,8.581272
Q7T0S5,8355,801484.0,16.142633,13.621521
Q32NK7,8355,752449.0,14.478338,8.452022
A5J090,8355,793447.0,13.471141,2.098115
Q91790,8355,784282.0,11.174713,11.345642
Q8AW92,8355,780268.0,13.084641,2.4817576
P24033,8355,801468.0,14.276335,12.061154
Q91615,8355,752524.0,13.8640375,9.480292
Q8JH92,8355,756091.0,11.727192,11.514805
Q9YGK8,8355,754249.0,14.465668,8.328498
P87377,8355,739122.0,14.547672,8.534027
Q7ZZY7,8355,801726.0,10.226677,11.010748
A0A1L8HV70,8355,801695.0,8.909726,10.914358
Q3KPK4,8355,784079.0,12.627462,8.616903
P45695,8355,,10.783643,12.020884
Q9PTN1,8355,801468.0,13.668844,11.682199
Q6IRC5,8355,795650.0,10.87689,11.854716
Q804H7,8355,778332.0,12.051951,9.866864
Q6GLP3,8355,755569.0,12.418676,12.708444
Q6INX3,8355,794234.0,11.404334,12.189759
P23767,8355,704950.0,14.493843,8.100748
Q9YH71,8355,704826.0,14.916592,8.445455
Q6XQ84,8355,705017.0,9.453034,5.6479435
Q7ZYV9,8355,804326.0,11.456394,10.600059
Q8JIT7,8355,704775.0,14.785072,8.429061
Q4U0Y4,8355,793150.0,11.2319765,10.314773
B1H1W9,8355,748198.0,13.42998,9.4916725
Q8QFR4,8355,,12.152369,12.461485
Q91757,8355,801468.0,14.012197,11.487593
Q8QHA5,8355,812475.0,10.545603,11.350886
P70060,8355,781508.0,13.150833,10.301646
Q91731,8355,738937.0,14.242457,8.238341
Q8AWF5,8355,802648.0,11.41636,8.6430235
Q6NRT0,8355,801468.0,14.042883,11.687389
P62799,8355,,-0.01652924,14.960494
B7ZQA9,8355,704943.0,14.650317,8.678405
Q645N4,8355,739002.0,14.701039,8.80486
Q9PU20,8355,746916.0,14.722702,8.362985
Q92123,8355,793026.0,7.4789405,9.512478
A0A1L8I316,8355,737115.0,14.4593315,9.475073
Q90X95,8355,792955.0,13.097794,9.247677
Q9DE46,8355,,10.791112,9.832814
O42569,8355,,14.508821,8.362212
Q7ZX67,8355,792948.0,16.094376,13.675559
Q6GNL4,8355,780087.0,10.35465,11.028674
Q91684,8355,793331.0,11.820166,11.5236025
P13904,8355,754198.0,15.010363,8.563761
Q9W602,8355,802375.0,10.477312,10.454225
Q98SK0,8355,0.0,13.347088,10.340581
P0DP33,8355,,5.1771126,1.6932435
Q8AXF4,8355,748265.0,13.718455,9.302372
A5H447,8355,801468.0,13.526829,9.497341
P51115,8355,806267.0,12.464383,10.883832
Q7ZYQ0,8355,748217.0,14.654592,8.381683
Q5W1J5,8355,762215.0,14.168652,8.552437
Q6PA07,8355,781569.0,8.338267,6.2104144
O57682,8355,754189.0,14.601857,8.627559
Q91855,8355,1027386.0,10.668439,9.812699
A1L3G9,8355,747128.0,11.431449,11.005234
O73753,8355,737866.0,12.606288,12.694693
Q6DFD4,8355,792938.0,10.948856,11.447964
Q498I0,8355,801818.0,11.833392,11.330807
Q70AK3,8355,752528.0,7.8819036,6.288345
Q90Z80,8355,737086.0,13.639838,9.3167
Q9YHZ6,8355,805162.0,11.341728,10.804914
A0A1L8FZ84,8355,703962.0,13.645916,6.4489455
Q153D9,8355,761223.0,12.258377,12.682287
P48533,8355,770852.0,8.530041,6.2649603
Q91903,8355,806926.0,12.841699,10.934825
Q91399,8355,746152.0,15.235464,8.633292
Q8AVT9,8355,804822.0,11.156159,12.553756
Q498H0,8355,803804.0,11.605675,11.032162
Q6TY21,8355,801468.0,12.896754,9.482629
A0JMW2,8355,802722.0,11.414933,11.04784
Q91820,8355,792940.0,13.960775,11.677386
O57437,8355,748270.0,14.821292,8.572392
Q9IAB2,8355,739048.0,13.282944,10.249996
P50532,8355,802444.0,5.618728,9.738577
P51126,8355,762001.0,12.6348915,11.888851
B7ZSG3,8355,754005.0,14.518923,8.1423435
Q6GLP4,8355,804626.0,11.488559,11.976994
D5LMF5,8355,,13.220621,8.707754
P18115,8355,761248.0,14.311947,10.560877
P70056,8355,747076.0,14.699002,8.289796
P10108,8355,778538.0,7.995981,5.5107827
A2RV69,8355,802679.0,11.308966,10.170666
Q7ZZH7,8355,703936.0,14.05069,9.262456
Q9YHY6,8355,801600.0,11.49443,10.881427
Q6PHW7,8355,,10.45737,5.3050647
Q6DE09,8355,0.0,13.561498,10.193761
Q71U00,8355,801489.0,10.45519,5.291641
Q6INT1,8355,784310.0,11.739065,9.9107275
Q1XG42,8355,751291.0,12.97909,10.242883
Q6P704,8355,803054.0,11.161319,11.387619
Q8AVL7,8355,,9.4814005,11.266976
Q9W603,8355,801747.0,10.468933,10.601766
P52299,8355,805197.0,12.298958,8.91651
Q90ZH8,8355,748187.0,14.694962,8.277722
Q6GNV6,8355,746514.0,13.847559,9.375568
Q90XW5,8355,748995.0,14.296675,7.9069486
P36200,8355,756514.0,13.787534,10.621955
Q6GNU1,8355,804822.0,10.508641,11.389474
Q8AY29,8355,796353.0,11.308924,11.504929
Q8QGU6,8355,785191.0,13.701338,9.523595
Q90WX8,8355,,9.286171,6.1175327
Q6DFL3,8355,804434.0,11.339175,10.791302
Q6IRB1,8355,805565.0,13.360155,5.865154
B0I1G7,8355,737902.0,14.308177,8.280921
Q6GPB9,8355,803332.0,11.149712,11.311575
Q90ZH7,8355,748187.0,14.739657,8.298503
Q6NRZ0,8355,778122.0,12.35823,9.859874
P20965,8355,778154.0,13.027787,9.445637
Q6GN86,8355,802374.0,12.209093,11.186311
P52301,8355,801989.0,15.997072,13.473589
O13046,8355,802598.0,11.482511,10.812362
Q1XG44,8355,,12.920459,10.310364
P13350,8355,793386.0,12.18063,11.981819
P12226,8355,753945.0,8.741738,6.9289684
Q6AZV1,8355,,9.759889,8.415685
Q6NUA1,8355,801512.0,10.182107,11.797214
Q91752,8355,,9.957281,5.9708967
Q9PT61,8355,761150.0,14.730367,8.664217
Q25QX6,8355,703806.0,13.748382,9.413395
P29403,8355,754125.0,13.454779,2.0509183
P67963,8355,793427.0,14.070908,11.789663
Q3LGB9,8355,808387.0,11.738677,11.009044
Q9YHC5,8355,754267.0,14.659122,8.371904
Q9PVZ3,8355,745863.0,14.553105,8.400128
Q9YGY3,8355,801726.0,11.15919,12.572014
Q9I9K6,8355,,9.463383,11.04378
P79920,8355,739282.0,14.944664,8.517197
P35567,8355,801468.0,14.330691,12.120402
Q9PW90,8355,802272.0,13.330519,2.2150104
Q9PT68,8355,704581.0,14.726232,8.422725
Q6DCQ1,8355,745635.0,14.596659,8.276367
Q91821,8355,779921.0,12.427831,11.507537
Q91926,8355,704826.0,14.892054,8.4321
Q6GQB5,8355,780298.0,12.699731,11.700468
Q8JFZ2,8355,793002.0,7.9242053,10.514979
Q6VRB0,8355,801957.0,10.667148,11.818148
Q6TEC1,8355,789664.0,10.976593,9.935507
Q68FI1,8355,793637.0,13.089958,10.50638
Q33DM4,8355,784491.0,13.907623,9.312151
Q9PTK2,8355,746628.0,14.6733055,8.379483
B7XDF1,8355,750344.0,13.798145,9.504978
Q9DDY9,8355,792619.0,13.169451,9.930077
Q91808,8355,0.0,12.965711,9.238561
B7ZR65,8355,754322.0,14.427732,8.292128
Q7ZT46,8355,803361.0,11.68196,11.460446
Q9DEN4,8355,748988.0,14.485146,8.444711
Q7ZX96,8355,803470.0,11.571825,11.116029
Q8JI28,8355,784235.0,7.9026327,6.113181
Q9PVZ4,8355,778279.0,8.536831,7.003245
Q7ZYK8,8355,793026.0,7.4724393,9.505149
Q4V7H8,8355,748399.0,12.765478,8.520663
Q9YH70,8355,799680.0,14.801717,8.413475
O93343,8355,736497.0,14.471889,9.438275
P30309,8355,749227.0,13.628123,9.31391
Q68FJ0,8355,803197.0,11.654569,11.085982
Q8AXM9,8355,0.0,12.370111,10.1680355
Q91924,8355,739436.0,14.495007,8.2427
P48805,8355,,12.018618,12.650123
Q6INN8,8355,802672.0,10.561669,11.519
Q9W6G7,8355,780769.0,11.403086,10.030406
Q5HZM6,8355,1027332.0,13.531971,1.9973483
Q32NN2,8355,759102.0,12.68887,10.106588
Q4A520,8355,1039756.0,11.06672,9.763977
A0JC51,8355,745479.0,14.451207,8.283124
P32303,8355,752485.0,5.9705586,5.7128797
A1DPK7,8355,0.0,13.664292,5.744179
Q4JNX8,8355,784491.0,13.889306,9.351112
O42579,8355,754072.0,8.344271,8.459674
P50533,8355,802143.0,5.6270695,9.739837
P70040,8355,1027304.0,9.146741,11.329223
P05221,8355,0.0,12.194811,9.265157
Q9PT60,8355,780422.0,12.518183,10.978462
Q00P32,8355,738157.0,14.934016,8.996949
Q498K9,8355,793637.0,13.027309,10.527812
Q90X96,8355,748351.0,14.104128,9.193685
Q6NRK1,8355,796098.0,12.681523,9.819393
Q9PVY9,8355,754368.0,14.665771,8.377764
P28025,8355,748998.0,11.995898,8.9022665
Q6DE14,8355,754013.0,13.860387,8.531567
P21574,8355,751908.0,13.245125,7.8837113
P13351,8355,793386.0,12.230793,11.907541
Q91689,8355,746777.0,14.466116,8.34332
Q0IH87,8355,0.0,14.687745,8.765745
Q91620,8355,747034.0,8.7977,6.1280904
Q91876,8355,802248.0,9.7067585,10.424013
Q9YGV1,8355,746200.0,8.878589,6.3860817
Q90Z12,8355,756531.0,14.974087,9.006601
P07222,8355,758245.0,12.219785,9.243475
Q29201,9823,1027248.0,13.596257,1.907968
F1RX16,9823,0.0,11.795035,9.3686695
Q9GLM0,9823,0.0,8.598302,5.412981
Q28960,9823,792933.0,10.8371525,12.333596
F1CFE1,9823,0.0,9.58868,5.422853
A0A480NP79,9823,801468.0,12.280767,10.560923
Q05KH5,9823,,13.127395,10.299964
P49927,9823,736593.0,12.5757675,9.17976
F1RLL9,9823,801468.0,14.358446,14.610296
E5F1H4,9823,736642.0,12.509713,12.073532
P63053,9823,,10.7798195,11.480062
P17306,9823,730371.0,13.74286,5.592912
Q52NJ5,9823,1027819.0,1.8337371,12.546735
P45846,9823,754089.0,9.090095,6.7799106
F1SX59,9823,739517.0,13.919941,8.736881
F1SBE5,9823,793104.0,6.8724194,10.206262
P0DW16,9823,739327.0,14.133197,9.283432
F1S912,9823,,12.327711,12.178975
P19156,9823,793026.0,7.540057,9.480224
Q9TTX7,9823,,14.315226,8.339642
B5ATG0,9823,,12.283894,11.065503
Q764N1,9823,0.0,13.482594,10.00368
O97763,9823,801326.0,9.827943,11.994244
Q95441,9823,,8.5873,5.470243
A0A287B231,9823,802507.0,11.91462,10.54919
F1RMT5,9823,801468.0,11.662962,10.45284
Q49I35,9823,739611.0,10.9485855,11.885205
Q71KK5,9823,1027880.0,3.7451546,14.647099
Q29076,9823,0.0,13.98988,8.731623
F1RSU5,9823,,13.122201,8.478297
P59083,9823,807196.0,11.524897,12.456831
Q0PY11,9823,0.0,8.335474,13.178911
Q1T7A6,9823,,8.219717,6.6906905
Q29117,9823,,12.447493,11.663832
Q1T7A8,9823,,8.330424,7.065317
P25117,9823,785347.0,7.580084,6.871299
Q29551,9823,1028375.0,7.9513736,11.655564
F1RZU4,9823,0.0,6.7206397,12.611954
P32394,9823,1033326.0,11.7922125,11.656398
P26893,9823,0.0,9.640739,5.177115
Q9GKX0,9823,,13.947818,11.810641
C9K505,9823,801468.0,14.1291065,11.934836
Q29011,9823,,8.885663,6.2035756
P08001,9823,729925.0,7.7615848,5.829304
Q767K8,9823,752883.0,12.200776,10.386412
Q8MIP7,9823,,9.1914425,6.7252574
P01284,9823,,13.416885,6.015793
P16545,9823,0.0,13.357631,13.356324
Q9GLM2,9823,,8.550259,5.4251165
P01165,9823,753925.0,13.889874,4.026616
Q4PLW0,9823,765493.0,12.377424,15.372873
F1SD45,9823,792940.0,13.944036,11.879405
Q29118,9823,726746.0,9.599379,5.441921
P19620,9823,811656.0,10.688884,13.723718
Q29021,9823,,9.752924,6.144164
Q863D3,9823,726567.0,9.550923,5.4849124
A0A023VTS2,9823,0.0,10.571407,11.628202
A0A287BEZ3,9823,,6.977093,9.226796
P02554,9823,0.0,12.387076,18.143404
P07200,9823,790081.0,12.597081,12.64293
P62901,9823,801470.0,9.38452,13.566276
Q29549,9823,746049.0,9.708734,5.9429784
A1XQU9,9823,716338.0,9.218132,13.48093
P17560,9823,811803.0,6.8809695,12.88581
F1SDC3,9823,748224.0,9.107283,7.9223757
P56432,9823,,13.271144,10.657511
I3LSP4,9823,792940.0,12.784055,10.187557
P12682,9823,801468.0,1.0972683,10.999486
D5K8A9,9823,729657.0,8.776691,5.560897
G9BZS8,9823,816089.0,10.637013,10.371193
P35054,9823,763412.0,9.245334,5.973936
F1SD70,9823,0.0,8.010391,7.35655
F1SKJ2,9823,,11.662948,10.484388
A0A4X1TSK7,9823,0.0,7.0070443,9.261163
Q6SA96,9823,1027440.0,13.633843,1.8656921
G5DC08,9823,,12.384603,15.376639
Q9TUB2,9823,0.0,13.161132,9.821844
F1SPM8,9823,748439.0,13.307217,8.632857
F2Z5G6,9823,0.0,13.1864,10.256584
B2XWS1,9823,0.0,10.983128,10.476722
Q8WN98,9823,0.0,10.501192,11.143667
F1SA75,9823,733181.0,13.877911,9.285661
P00592,9823,752438.0,8.22467,6.944172
F1SBS4,9823,0.0,8.06398,6.7031403
Q2V0W2,9823,746202.0,14.250204,10.4992285
Q9BDK6,9823,780062.0,8.47705,7.6361523
Q9GKP7,9823,,5.711508,5.6039414
B3GDZ5,9823,731430.0,9.545008,5.4124537
P81558,9823,732958.0,13.011178,8.104472
Q29361,9823,802177.0,9.441517,13.399156
Q28969,9823,1034796.0,12.923245,9.879694
A0A287BK35,9823,0.0,8.198391,6.686992
P42098,9823,747367.0,8.605327,6.268765
A5J0K7,9823,746202.0,14.274018,10.502541
E1U8C5,9823,736642.0,12.597068,12.100756
Q95ND5,9823,779881.0,11.61486,12.277055
Q0PPT3,9823,,13.360651,13.357919
Q5H7B9,9823,792938.0,10.967186,11.447763
B3VP30,9823,746524.0,8.840582,8.092864
A0A287BEL5,9823,0.0,6.977149,9.282554
A1XQU5,9823,805041.0,9.832705,13.418618
P05024,9823,793026.0,7.4971085,9.562703
F1RR02,9823,0.0,7.619748,2.666134
Q28983,9823,753034.0,8.325753,6.4271483
Q95J99,9823,,13.35415,6.041491
R9WDQ0,9823,,12.390094,15.379983
A5GFW1,9823,792940.0,13.99648,11.631821
F4ZS18,9823,0.0,11.747417,9.323881
I2E6E0,9823,748303.0,8.609749,5.515132
Q6TA49,9823,804352.0,11.024635,8.756894
Q6GUA6,9823,745968.0,8.831149,5.781558
Q9MZG4,9823,759259.0,14.300955,10.408579
F1RNW6,9823,746869.0,14.639654,8.843546
P62831,9823,1027268.0,9.896128,13.34925
Q865U8,9823,745618.0,11.854994,8.98865
I3LSZ1,9823,0.0,14.598718,9.490586
P04101,9823,728647.0,13.76893,5.8242908
P86409,9823,,11.895006,10.610209
F1RSS8,9823,0.0,7.4809995,6.429008
A0A287BDC1,9823,0.0,12.753718,11.8359785
P04761,9823,,5.976939,5.8249984
P01192,9823,0.0,13.7439575,3.7391925
F1RII3,9823,0.0,8.580935,5.497894
P29258,9823,727058.0,14.440652,9.238981
I3LMB3,9823,739538.0,9.382653,5.914301
I3LUZ9,9823,754488.0,14.469379,8.036282
F1SDV6,9823,793203.0,11.123502,10.527899
P55931,9823,802533.0,10.507368,12.769455
P01281,9823,,13.6581135,5.6918426
F1SV76,9823,0.0,14.607522,8.850152
O77636,9823,0.0,8.144637,7.1833344
F2Z594,9823,,1.0992355,10.999084
I3LK75,9823,1027396.0,10.018086,12.043614
O97581,9823,0.0,13.740588,10.626746
P11708,9823,802405.0,9.035177,12.313993
C0SW08,9823,801468.0,14.318297,12.104449
Q8WMY6,9823,739399.0,8.876187,5.8011665
O02840,9823,746863.0,11.535764,15.133982
Q2YGT9,9823,802247.0,11.379792,12.600436
P16469,9823,0.0,11.208168,11.429273
P04574,9823,759583.0,11.593081,12.662617
F1S8C6,9823,,14.336576,9.311499
P20192,9823,792988.0,10.665718,10.092233
P80147,9823,807529.0,13.28788,2.2967422
K7GKN2,9823,804028.0,11.031225,10.411378
A5GZW8,9823,778055.0,11.962208,11.796022
O62807,9823,759259.0,14.285724,10.42613
F1SPG5,9823,746613.0,8.598487,6.0503683
P36968,9823,801892.0,9.962271,12.143396
Q9GLE3,9823,,7.5259266,7.368156
F1SD85,9823,802251.0,11.437618,12.553528
Q6YEY0,9823,,5.7312555,5.621648
Q0QF01,9823,802469.0,9.260994,12.399412
P63221,9823,,13.608764,1.8946617
O62680,9823,736589.0,9.135469,5.986476
P31006,9823,1033108.0,9.302039,12.0747595
M3VH45,9823,804002.0,10.707384,13.699431
D0G0B6,9823,,12.384817,15.377213
D7PF45,9823,789504.0,13.013387,10.737341
A5YV76,9823,803708.0,9.755628,11.582636
Q9GLX8,9823,752636.0,5.838969,5.6565876
O19073,9823,729669.0,13.674255,12.405108
B2DCZ9,9823,0.0,12.36968,12.118606
B8XSI6,9823,754131.0,11.928817,12.093448
C1PIG4,9823,802224.0,11.561384,12.556789
O19069,9823,0.0,9.729881,12.682328
P50584,9823,825030.0,8.077657,11.7829685
A2RQD8,9823,761410.0,8.100947,6.850993
P83686,9823,801945.0,8.907998,11.814381
P50118,9823,778063.0,13.303341,11.089212
K7GSE8,9823,772616.0,12.352053,10.157679
P09933,9823,755403.0,8.321316,6.900706
Q95J68,9823,731430.0,9.554116,5.3800006
P00795,9823,802864.0,7.572812,7.563463
J9S2W1,9823,0.0,8.440561,5.651488
P18871,9823,739573.0,6.0467257,5.8763905
Q28832,9823,0.0,8.238077,6.3582196
P00889,9823,802312.0,7.400612,10.938787
P81045,9823,807793.0,12.413717,8.176798
A7UNK0,9823,,12.068552,11.299685
F1SS88,9823,793498.0,10.496131,11.315902
Q95J98,9823,,13.554908,5.9373875
A0A024CBD6,9823,0.0,8.456263,5.451216
A7VK01,9823,804028.0,10.976145,10.448468
C0MHR2,9823,801655.0,10.701803,10.234875
M3TYT0,9823,793897.0,12.460528,9.859457
F1SK18,9823,0.0,13.304456,10.048506
Q9BEC7,9823,1028373.0,8.418238,11.695864
F1SVA2,9823,,8.176453,6.484174
Q02745,9823,748435.0,8.998901,7.1210866
A0A068CA64,9823,805911.0,8.815707,10.985446
Q6RVA9,9823,0.0,11.6695175,11.597677
Q4VQ11,9823,769729.0,5.779076,5.743961
J9T303,9823,0.0,8.439357,5.650924
Q864B5,9823,801468.0,10.50734,10.646199
P01248,9823,746845.0,9.577442,5.1454544
P02543,9823,0.0,7.6184583,2.6642365
P30880,9823,,9.700094,5.9414196
A0A4X1WD80,9823,0.0,8.653282,6.658711
P0DTA4,9823,0.0,8.782958,11.492882
Q29016,9823,733529.0,9.086137,5.9990664
P10668,9823,801487.0,10.799903,12.457914
A0A4X1TZW7,9823,802031.0,11.63234,9.764343
Q6KCM2,9823,,8.875282,5.7500916
Q95254,9823,756104.0,5.737569,5.6357226
P53590,9823,1027627.0,8.378467,12.209513
Q29122,9823,793067.0,11.13387,11.730437
P63153,9823,746598.0,13.764404,3.7309742
P0C5I2,9823,802638.0,7.302407,12.527241
Q9GLG4,9823,750343.0,13.911509,4.081072
P07802,9823,802224.0,13.407449,2.0722942
F1STP7,9823,746142.0,5.7325125,5.6364355
B9P414,9823,,9.771699,10.609372
Q6QAP6,9823,1029724.0,9.498016,13.82953
A7LCJ3,9823,0.0,8.432312,5.631608
Q9MZE5,9823,804868.0,12.3853245,15.378058
I3LEC2,9823,,13.3544,2.1988654
F1SSE8,9823,0.0,8.741973,6.1882076
A0ZVR1,9823,731659.0,14.281919,9.261621
F1SQ09,9823,746174.0,7.6434135,6.323291
Q9XSD9,9823,755730.0,7.6506157,6.3445845
P00346,9823,1027592.0,8.736174,11.958168
D0VWV4,9823,802653.0,9.103639,9.028173
A8DSD5,9823,793943.0,8.101744,7.143312
Q8WMN7,9823,745706.0,8.869832,6.4879966
P01025,9823,0.0,8.048278,6.7366524
P19756,9823,0.0,8.856844,5.441858
Q8WN93,9823,785347.0,7.5282216,6.866526
Q2HXZ9,9823,765835.0,9.881043,10.577492
P62272,9823,1027245.0,9.077493,13.755682
A0A286ZPL5,9823,,11.176712,11.408926
F1S0M0,9823,0.0,8.284595,6.6632524
A7WLH8,9823,801898.0,10.8427305,11.631186
Q6GWX0,9823,746012.0,11.7932205,9.37042
Q95274,9823,0.0,13.244244,6.516842
F1RYS0,9823,,8.323674,6.4647
P10173,9823,0.0,7.63269,11.746048
K7GN90,9823,,13.5649805,10.210964
A0ZVR0,9823,746951.0,13.243891,10.19937
E5Q8C6,9823,738187.0,14.600752,8.905852
P26889,9823,736490.0,12.109659,9.755258
P24853,9823,738981.0,8.590589,6.002477
P00772,9823,,7.5584,5.6320915
F1SRN1,9823,761611.0,7.415357,9.192221
D7EZN2,9823,755599.0,8.074061,7.2448173
Q6UV40,9823,,7.8857,11.494956
P01304,9823,747167.0,13.931758,3.9110477
C4TJC6,9823,754337.0,13.864296,10.553763
Q2EN75,9823,732725.0,11.630688,12.824693
P00348,9823,793076.0,8.255556,12.294419
P67985,9823,804747.0,13.596196,1.9082216
F1SPU1,9823,791143.0,11.09107,10.518752
Q9GL76,9823,748885.0,12.519079,12.745963
F1RK46,9823,0.0,13.7220335,8.690365
F1RQZ7,9823,756321.0,12.53196,12.7887745
F1SS24,9823,0.0,8.58465,6.6334457
Q95281,9823,726838.0,13.673911,5.5363927
F1RRA0,9823,0.0,12.75971,10.189728
P22412,9823,803602.0,8.023922,7.2135334
F1SEL7,9823,0.0,8.395666,7.119345
Q767L6,9823,813688.0,7.3285637,11.948083
F1S6D3,9823,,14.338579,9.721075
F1SRC8,9823,746528.0,12.472743,12.686089
P79282,9823,780041.0,11.385112,12.2403555
G9BWQ2,9823,0.0,10.44931,2.8861094
Q767L7,9823,1028112.0,12.387802,18.144438
Q9N0F1,9823,802718.0,9.106179,12.956317
P16549,9823,793394.0,10.731515,11.965809
F1RI95,9823,983316.0,13.334451,10.155059
P01965,9823,746899.0,8.93135,12.362243
F1RGY5,9823,780490.0,8.545465,6.605187
A1E295,9823,802365.0,7.5399632,7.3553247
Q00655,9823,0.0,13.196441,11.3899555
P68005,9823,,13.177417,5.9183607
P18434,9823,751285.0,8.312806,7.5534782
F2Z5D1,9823,,12.539942,11.999794
Q7YS66,9823,,8.524105,8.14757
F1RGL0,9823,758913.0,13.413923,10.132064
F1SS26,9823,758901.0,8.705954,6.6132026
Q6YEY1,9823,759169.0,5.717663,5.6116786
F1SE69,9823,759198.0,13.906257,9.38253
P27594,9823,804028.0,11.079705,10.445869
F1SBC5,9823,,11.411108,8.628836
P62844,9823,1027319.0,13.47459,5.6968627
Q9N135,9823,759259.0,14.278373,10.423591
Q06AA4,9823,801756.0,12.445432,11.849279
O02696,9823,0.0,13.317658,10.054906
Q8WNW5,9823,746863.0,11.538375,15.134834
K9IWF9,9823,0.0,11.658199,12.071171
D2IE28,9823,793386.0,12.232595,12.097265
F1S2H4,9823,752508.0,5.8683324,5.6646028
A9ZPH4,9823,793386.0,12.288813,12.002956
I3L8Q3,9823,726746.0,9.606104,5.4405704
F1S981,9823,,8.316525,6.483515
F1S6B4,9823,746388.0,7.608145,6.3446994
B5APU3,9823,1027835.0,-0.2111292,13.508409
Q1WEZ6,9823,1027880.0,3.784178,14.606235
P37176,9823,0.0,8.952124,5.747765
P01315,9823,754035.0,8.417596,5.99045
F1S9C0,9823,765835.0,9.691331,10.512204
F2Z540,9823,,10.696828,9.966947
A4UTN8,9823,792940.0,13.97479,11.671968
A5Z0F6,9823,716368.0,9.13628,9.682604
Q4VQ10,9823,,14.586392,9.148733
Q7YRB2,9823,793104.0,6.910586,10.255469
F1RIT1,9823,746524.0,8.881134,8.073038
Q9GKQ6,9823,738920.0,7.6327252,6.3135877
A5D9M6,9823,0.0,13.425171,9.849108
P45561,9823,,14.07078,7.0898533
P51524,9823,0.0,9.511748,6.4002867
A7VK00,9823,804028.0,11.038775,10.434961
A4L7N3,9823,745962.0,14.477742,8.869967
Q29195,9823,1027243.0,13.61664,1.881359
I6ZX61,9823,0.0,13.993535,11.4971895
Q66T47,9823,778499.0,12.371079,12.541267
Q9G1G3,9823,1029516.0,4.17817,14.197366
F2VYA1,9823,0.0,12.322522,12.407509
P00371,9823,807798.0,8.420289,10.90769
F1SPH6,9823,,13.964108,11.773352
F1SMJ6,9823,0.0,9.071884,6.9256034
P00571,9823,0.0,10.539715,12.638748
B2LUN4,9823,0.0,14.039723,11.559686
F1RVK2,9823,781938.0,13.644594,8.983681
P30555,9823,752485.0,5.966379,5.711287
F1RSW9,9823,747158.0,9.007573,8.040095
P12037,9823,,11.793663,8.970975
F1SDV5,9823,0.0,9.561348,5.705151
O11780,9823,772937.0,8.151562,6.517086
C0JJ14,9823,778509.0,8.789906,8.172531
P41535,9823,746484.0,13.9694805,3.9614382
P36887,9823,792940.0,13.929391,11.877673
Q764M6,9823,739594.0,12.77291,10.000101
Q1T7A5,9823,,8.392982,7.011964
Q8MIR4,9823,781675.0,10.916428,11.446287
O97788,9823,831465.0,9.5357065,11.991149
Q9GKY5,9823,737956.0,9.466643,5.710745
A0A1S6M251,9823,0.0,8.801695,7.5316586
Q29101,9823,746406.0,9.025517,8.086922
P05207,9823,,13.065823,11.399745
Q863D2,9823,,9.59174,5.45559
F1S285,9823,754161.0,8.441014,6.729365
P34994,9823,759169.0,5.7409678,5.6330895
Q007T0,9823,1027635.0,8.28802,11.39421
F1RKB1,9823,801917.0,12.379774,10.132939
P60588,9823,0.0,13.464339,2.0672753
B3FK65,9823,756381.0,13.503871,8.949701
Q1HE49,9823,0.0,10.793922,12.300779
A4PES0,9823,746352.0,12.760275,10.68073
P02547,9823,747471.0,7.619001,2.6642969
A9ED84,9823,778631.0,13.565579,1.9328313
B3GDZ6,9823,737819.0,8.664942,6.162387
Q7YS88,9823,754142.0,12.386759,12.468668
A5A4L7,9823,0.0,7.222317,9.094523
P01297,9823,729698.0,13.795821,3.7653697
G8G223,9823,801824.0,10.706969,11.888012
P27485,9823,752649.0,9.012595,6.9156184
Q95332,9823,778115.0,10.654178,12.71629
C1PIG3,9823,0.0,10.43472,2.8679204
Q08353,9823,746061.0,12.299544,9.923874
O18934,9823,,9.370964,10.624145
A0A287ABG2,9823,,10.177256,12.000902
Q29205,9823,1027271.0,9.881476,13.370668
F1RKI3,9823,801981.0,8.002338,12.168482
Q8WNV7,9823,792933.0,7.611051,12.1735325
Q29406,9823,737812.0,9.527702,5.3213387
F1RLP5,9823,0.0,12.411854,11.963723
P11607,9823,793026.0,7.6416245,9.427796
P35750,9823,779995.0,10.060221,11.291777
Q0PIT9,9823,802345.0,9.545993,11.467675
P01238,9823,747375.0,9.608026,5.12784
Q95LE2,9823,,13.248799,6.532648
C9K507,9823,794243.0,12.225145,10.890896
Q6QAQ1,9823,1027835.0,-3.1271067,6.204806
Q45QB4,9823,,13.359196,13.356461
P24964,9823,777846.0,4.121948,14.351373
F1SKM1,9823,748926.0,14.353291,14.603795
P08835,9823,0.0,9.620193,5.5107226
Q4GWZ2,9823,0.0,8.922699,13.58298
I3LVS7,9823,802052.0,16.028069,13.78549
Q2TJA5,9823,0.0,10.772153,12.318317
Q9TRC7,9823,809634.0,8.361939,6.7969737
F1RME6,9823,745962.0,14.475285,8.999505
P12675,9823,0.0,13.772405,8.767711
Q04745,9823,0.0,9.601063,5.4277368
P01348,9823,730027.0,13.87945,3.901271
P56471,9823,793068.0,11.067795,8.565927
A7LKB1,9823,756381.0,13.475067,8.971774
P79401,9823,793104.0,6.911826,10.266713
I3LFH3,9823,793897.0,12.483124,9.836059
F1SU97,9823,0.0,9.22648,5.5760293
A0A4X1T4U3,9823,802794.0,10.483265,11.352469
F1RGR1,9823,779954.0,13.202588,10.786611
P24786,9823,0.0,12.445578,12.743544
Q29599,9823,,11.61502,10.346359
P20305,9823,,11.078092,12.056966
F2Z5Q6,9823,,9.454694,13.881867
I3LEN5,9823,769729.0,5.7135606,5.6606755
A6M930,9823,1027284.0,9.899667,10.907298
Q5H7C0,9823,792938.0,10.957373,11.509883
Q2TCH2,9823,738444.0,13.174794,9.96641
A0SEG9,9823,0.0,9.020476,6.8963647
A0A287B8C4,9823,0.0,8.11959,6.2343655
F1RJ01,9823,801468.0,1.096613,10.999706
P42706,9823,,18.65632,9.401156
P49171,9823,1027844.0,13.637517,1.858569
Q8SQC1,9823,0.0,11.903359,12.883292
F1SFS3,9823,0.0,8.2712965,6.3674507
Q4R1K5,9823,748375.0,13.484363,7.4879384
P48819,9823,754119.0,8.648712,6.354175
Q6YEX9,9823,740089.0,5.7615523,5.641939
K7GND9,9823,,13.57562,10.1525545
F1SFQ0,9823,,12.149212,10.476818
C3VML1,9823,,8.519617,8.162501
F1SQJ5,9823,,12.465401,11.665073
Q8HZN9,9823,,5.7722216,5.6333323
P09858,9823,0.0,12.519515,12.703079
Q29116,9823,0.0,8.588497,6.5645566
Q02038,9823,1030484.0,10.435175,11.934158
I3L5D4,9823,,13.655556,11.594477
P53603,9823,1028140.0,7.6383715,13.335315
A7TX80,9823,802599.0,10.645293,10.004839
P19619,9823,811656.0,10.744118,13.655875
Q29073,9823,1027833.0,8.5204735,12.419707
A5LHG2,9823,732145.0,13.904169,3.90794
K7GS49,9823,789064.0,13.138457,2.451804
A9CQL8,9823,814234.0,13.263632,2.3125777
F1SHI5,9823,793895.0,12.515571,9.265055
Q28937,9823,0.0,-3.1241086,6.2081695
P83884,9823,,9.496163,13.86794
Q864W9,9823,,7.620953,2.6697762
P23563,9823,737819.0,8.672868,6.165482
F1RRV3,9823,752715.0,12.84656,6.9654636
P41566,9823,,11.26201,8.214429
Q9TT27,9823,,13.682684,5.808443
D0EWS6,9823,0.0,14.663411,8.892616
A7LCX1,9823,0.0,11.572873,11.038214
F1S6Q9,9823,0.0,12.907384,2.5784607
Q04967,9823,801582.0,9.700662,12.13385
Q2YHQ3,9823,,10.192952,11.478376
B6VNT8,9823,1027835.0,-3.1275861,6.2044344
A0A4X1UM84,9823,1027689.0,7.0486064,11.387833
K9J4V5,9823,802754.0,8.737425,8.023204
F1RZM4,9823,786265.0,8.710813,6.790492
Q6QAP7,9823,801882.0,13.602626,1.9007773
A1XQU3,9823,0.0,10.768377,12.863787
Q2XUT1,9823,,14.335902,8.360183
P53714,9823,793943.0,8.130176,7.135611
F1RGE0,9823,736558.0,12.745878,10.735899
A0MZ89,9823,,8.609671,6.537747
P80310,9823,732101.0,12.376108,13.879562
O97894,9823,,11.829127,10.32917
A9CDZ0,9823,739511.0,12.693719,12.06773
P79263,9823,0.0,8.337282,6.762138
A4PES2,9823,0.0,13.230799,10.173412
I3LSZ2,9823,749014.0,5.807179,5.675081
F1SGT4,9823,733508.0,13.583148,10.082242
P79432,9823,801468.0,14.296163,12.093555
P79384,9823,802222.0,8.58959,12.588854
G9BWQ1,9823,0.0,10.431871,2.8602722
Q6QAT1,9823,1027357.0,7.4638066,11.30354
Q9GLM1,9823,0.0,8.526254,5.3799024
P00761,9823,794303.0,7.5640173,5.6304364
Q867B9,9823,736686.0,8.652006,5.820612
O18896,9823,754322.0,14.46409,8.340278
Q8MIM5,9823,754488.0,14.46842,8.058173
Q95L23,9823,756272.0,8.647899,7.1307864
O02839,9823,0.0,8.495676,5.4175863
P05027,9823,780062.0,8.359148,7.6258836
A4Z6H1,9823,1027311.0,7.3962016,11.524441
P01274,9823,736486.0,13.929293,3.9216552
Q866U3,9823,759169.0,5.7388625,5.6241717
P60662,9823,0.0,11.457953,12.697849
Q0Z8U2,9823,1027267.0,9.031713,13.752169
Q9TTK7,9823,732074.0,8.606424,5.102874
Q4R1K4,9823,792940.0,13.970678,11.666459
Q4QTK1,9823,736507.0,8.688567,5.3216977
P18648,9823,738348.0,9.578973,5.384156
I3LL93,9823,740089.0,5.7856593,5.664445
Q69GF7,9823,1029516.0,4.192232,14.194457
O18866,9823,0.0,11.604617,11.562573
Q1HNM7,9823,802718.0,8.49176,6.5442796
F1S593,9823,0.0,10.953404,10.460035
Q8SPK6,9823,,-3.1104589,6.223046
F1SF88,9823,,11.164477,11.4384575
P02067,9823,746896.0,8.774982,12.167335
D3Y4D2,9823,,9.759361,6.0014243
O77741,9823,804612.0,7.2204013,9.30719
P50390,9823,754247.0,9.385039,10.659481
Q6QAT0,9823,802408.0,13.6085615,1.891024
A9ED79,9823,778631.0,13.547286,1.9531299
P19757,9823,717925.0,13.76052,5.7070723
Q2TJZ7,9823,814852.0,8.352522,9.087908
F1RRW5,9823,0.0,8.119734,7.323477
Q58K79,9823,730083.0,11.872852,11.457207
C9K506,9823,,12.163149,11.711436
Q29121,9823,762818.0,8.328791,7.322126
F1RYL4,9823,,12.434623,12.534667
Q02110,9823,0.0,9.403354,9.950122
F1RFU7,9823,758622.0,11.536504,15.135326
P17741,9823,801468.0,1.0970849,10.999531
