EntryID,taxonomyID,roothog_id,umap_x,umap_y
C9K074,9606,0.0,16.103252,10.622234
C9JEN1,9606,780264.0,12.122553,7.082342
M0R307,9606,802823.0,17.771965,9.962352
E9PQV1,9606,729901.0,13.761985,8.339557
P10911,9606,789596.0,11.782006,9.950861
D6RH20,9606,752383.0,11.438022,10.111751
H0Y4R1,9606,1027312.0,7.8190203,12.887588
Q96PU4,9606,778401.0,11.989642,10.13892
A8MTF4,9606,0.0,13.66466,8.206838
A0A087X1S6,9606,0.0,11.794007,9.64886
Q96AY4,9606,789525.0,11.736992,9.090851
Q9H5Q4,9606,756021.0,11.305272,9.56934
C9JQU7,9606,780310.0,15.844436,10.392643
P36578,9606,802082.0,9.519584,13.872075
Q5SYW2,9606,0.0,13.280916,8.60583
Q9P016,9606,805527.0,10.309077,9.227395
Q86VD1,9606,729705.0,11.907793,9.573532
Q7Z7B1,9606,803525.0,8.968068,10.334364
A0A024R6G5,9606,,16.299517,10.826906
F8VZP4,9606,0.0,13.893779,9.650586
Q8TEV9,9606,759288.0,12.240652,8.919584
P22760,9606,794011.0,10.778103,7.8729568
F5H1C8,9606,0.0,11.88867,8.180399
Q6EIG7,9606,732096.0,11.913304,6.2095723
B1ALM4,9606,0.0,10.075103,8.11124
O14981,9606,803301.0,11.652495,10.073608
Q15761,9606,746380.0,17.91821,13.327627
Q6XLA1,9606,,17.736422,10.058517
K7EKE6,9606,0.0,6.8142233,12.79371
C9JT45,9606,804892.0,7.835297,11.845056
A0A2R8YD50,9606,0.0,7.8423243,11.624073
H0Y875,9606,0.0,9.074359,8.334554
Q2M2Z5,9606,736653.0,13.650313,8.684688
Q9Y5G9,9606,763064.0,17.99998,10.993698
Q9C0I3,9606,746570.0,13.44039,8.63048
A0A348FV93,9606,0.0,12.358525,8.456029
Q70YC4,9606,737959.0,17.844282,9.964381
Q96N19,9606,793177.0,11.453232,8.188832
Q9BYN8,9606,759282.0,10.915417,12.880433
Q15369,9606,804618.0,4.2927556,7.632972
A2AAZ6,9606,,11.827845,6.390127
O15033,9606,789350.0,10.056757,8.856938
Q12959,9606,795444.0,9.04544,7.983166
Q9P0E6,9606,802436.0,16.44456,10.697528
O14497,9606,761121.0,13.8474655,9.461362
H0Y931,9606,0.0,12.167462,9.729157
Q92618,9606,747291.0,14.24801,8.589288
A0A0A0MT09,9606,778635.0,15.760047,10.303749
P30046,9606,756325.0,8.210071,12.015535
O95661,9606,727135.0,5.82706,18.587505
Q13153,9606,792940.0,11.337049,10.56186
O76009,9606,736545.0,-0.7139266,14.938414
Q99758,9606,802754.0,10.854928,8.414534
A0A3B3IRQ9,9606,0.0,10.500118,8.637356
E9PFF5,9606,0.0,11.233036,9.226745
Q5T8R3,9606,793048.0,7.8800106,8.811393
J9JIE5,9606,0.0,13.95053,8.584157
A4QPB0,9606,793040.0,9.613622,8.840674
P08861,9606,794303.0,14.318203,15.122281
Q5VVJ2,9606,785226.0,10.799078,8.484747
Q13432,9606,801589.0,14.71113,10.549367
Q96LR4,9606,748254.0,12.263967,6.8481107
H3BLT9,9606,0.0,11.869315,8.328557
O95833,9606,805789.0,10.308132,11.622298
A0A087WTI6,9606,0.0,14.405559,8.965922
Q96DT7,9606,748895.0,14.092551,8.8518915
Q9BPZ3,9606,758670.0,14.38396,7.5436726
P10646,9606,739685.0,12.339172,7.2480454
Q9ULD5,9606,732597.0,13.769359,8.587032
Q96T53,9606,747210.0,10.365964,8.535311
B4DHE8,9606,0.0,13.014769,10.096756
A0A0A0MSK4,9606,778536.0,9.833352,7.8938684
Q7RTP6,9606,759669.0,9.907333,8.014813
Q9ULV8,9606,795465.0,10.633952,8.083591
A0A5H1ZRP5,9606,0.0,13.166728,14.199143
Q13501,9606,784190.0,12.586595,8.824094
Q86WV2,9606,0.0,10.664041,13.111346
Q8IZF3,9606,737081.0,10.297722,7.804699
Q99697,9606,761491.0,14.293678,8.801512
P98194,9606,793026.0,8.234326,9.927446
Q05CH4,9606,,12.050912,8.147422
Q9H6T3,9606,778200.0,11.68962,9.964095
O15090,9606,745846.0,14.196916,8.904519
A0A024R7P2,9606,,9.897057,7.979659
O75078,9606,756321.0,9.396714,7.3375297
Q6UWB4,9606,726668.0,14.254807,15.006526
A0A0A0MRW6,9606,0.0,10.548002,8.226986
P0C5J1,9606,814974.0,10.264061,8.903015
A0A087X0H5,9606,0.0,11.982027,6.311694
P49917,9606,802437.0,10.252393,10.2159605
Q86WI3,9606,751374.0,11.812022,8.255914
Q8N9I8,9606,,13.750821,8.311778
A0A2R8YFK5,9606,0.0,14.405603,10.508627
A0A2R8Y6N0,9606,0.0,12.124893,11.440206
Q7Z465,9606,737837.0,11.690541,8.371174
D0VY79,9606,747315.0,13.734114,9.091817
Q9NP58,9606,801531.0,8.464837,10.034377
P40426,9606,0.0,14.246683,9.254675
F8VRD2,9606,777987.0,12.5788965,9.574061
F5H0E3,9606,0.0,10.074111,10.205766
P10155,9606,812449.0,9.20918,8.230279
Q9H019,9606,746145.0,13.408111,9.033712
F6Y2X3,9606,0.0,12.376459,8.746924
P31948,9606,802529.0,10.071502,10.888375
A0A024RDE6,9606,,14.997375,10.0915785
P68363,9606,1028112.0,8.156007,18.879599
O75909,9606,794228.0,10.007928,8.239951
P59780,9606,0.0,8.410717,7.7325344
A0A5F9ZHW5,9606,0.0,12.784118,8.640148
P13725,9606,730424.0,12.768156,6.131557
Q5VYD6,9606,0.0,12.640414,8.63912
A0A024RC21,9606,728642.0,13.811553,8.797893
Q14416,9606,789365.0,8.737934,8.763621
Q9BSA4,9606,795768.0,10.6405735,8.328588
Q9UDX5,9606,802035.0,10.899769,13.018511
A0PK11,9606,758993.0,9.434857,9.753894
Q70CQ2,9606,781564.0,12.066104,9.9752
P24539,9606,831155.0,10.707948,13.1403475
E9PML7,9606,0.0,7.6560497,10.96032
Q9Y2M0,9606,811693.0,11.026802,8.692163
Q9Y296,9606,789195.0,8.445417,7.581885
Q8TCD1,9606,737793.0,12.197673,8.945306
A0A0B4J294,9606,0.0,8.414934,7.563113
Q13002,9606,813795.0,11.01963,8.056716
A0A1C9HIH9,9606,732271.0,11.810058,6.3114524
Q8TE67,9606,746397.0,11.890004,8.531752
S4R303,9606,0.0,13.794805,8.583288
A0A024QZD1,9606,,9.414742,13.73695
Q8N6S5,9606,729924.0,11.963185,8.561593
A0A2R8Y7L2,9606,0.0,8.0284815,11.674234
A0A024R5Q8,9606,,12.154273,10.516214
P50613,9606,801468.0,13.164551,14.179457
H7C0R2,9606,0.0,9.849859,10.4418955
E9PFK5,9606,0.0,11.096109,9.330218
Q969I3,9606,752751.0,10.668122,10.2494755
J3JS69,9606,1027245.0,16.349949,10.911447
A0A1B0GWJ2,9606,0.0,13.652145,9.486567
Q4G176,9606,792977.0,9.650301,8.997428
P47775,9606,752708.0,18.29122,13.668409
O00144,9606,778376.0,8.7473135,8.773469
Q5JW53,9606,754591.0,13.364332,8.758536
E7ESY0,9606,,10.831401,10.732488
Q6IAU5,9606,808330.0,11.572756,10.4726305
Q9NTX7,9606,746382.0,13.455997,9.106881
P17538,9606,794303.0,14.304037,15.098063
Q6ZRY4,9606,745668.0,8.467956,7.545794
O95741,9606,801877.0,9.593535,10.734538
Q6UVY6,9606,804001.0,10.97177,7.3886724
P30926,9606,755417.0,12.439558,15.450741
X5DQN9,9606,745646.0,13.931172,9.051583
A0A024R7L8,9606,,11.2692795,11.06789
Q00688,9606,804774.0,10.652676,11.6895075
Q59GP6,9606,739970.0,12.861082,8.656165
A0A024R9G7,9606,,12.978294,10.10188
Q13439,9606,761405.0,12.618053,9.452921
O95294,9606,803578.0,9.6675205,7.807536
A0A024RB17,9606,,9.869865,7.856039
Q8N335,9606,1030684.0,7.4290414,10.965793
Q6P1J6,9606,769352.0,11.031332,7.6026473
G4XUV3,9606,,6.608624,13.379219
Q9NRA2,9606,793048.0,7.9000106,8.786233
O75175,9606,0.0,13.600095,9.956813
Q14962,9606,,17.806623,9.968976
Q2KHT4,9606,0.0,11.845387,8.703593
Q546G0,9606,723483.0,11.814948,6.1800585
Q00537,9606,789912.0,11.647103,10.704058
I3L0N3,9606,0.0,10.241563,10.438694
A0A140VK29,9606,802222.0,7.58266,10.297057
Q96LT9,9606,815399.0,12.24697,9.7664585
Q8NDV7,9606,765480.0,12.875268,8.66114
A2VDJ0,9606,747316.0,13.565216,8.662961
P60985,9606,729910.0,12.755328,6.9364467
Q13087,9606,802127.0,10.532344,7.2487464
Q8NA61,9606,733265.0,13.766967,8.412321
Q6L8H4,9606,732109.0,13.635908,10.632137
Q92785,9606,0.0,13.925431,9.952643
Q8NBZ7,9606,801706.0,9.482839,11.916462
Q8NDG6,9606,778204.0,11.765646,10.100477
H0YKT6,9606,,15.067562,11.244775
A0A384P5S9,9606,0.0,11.551182,10.066732
P43250,9606,793157.0,9.678982,7.8810124
A0A1W2PRV5,9606,,12.35555,9.0163555
P49757,9606,746071.0,13.37212,10.150857
O75342,9606,1033999.0,10.581202,8.163827
A0A0C4DG26,9606,0.0,12.538968,8.473418
Q6P988,9606,781575.0,9.572507,7.4377923
Q9NQI0,9606,746012.0,12.360678,10.929504
Q6P1K1,9606,761048.0,15.616489,11.381105
Q9Y534,9606,779918.0,15.365934,9.869994
Q96AP7,9606,746223.0,11.564738,6.489821
Q96BR5,9606,823279.0,10.4032545,10.852692
C9JUL4,9606,801468.0,12.543381,10.797056
P08567,9606,790250.0,11.018614,10.684575
Q96EK2,9606,748983.0,13.526222,8.676299
Q6SPF0,9606,751276.0,14.086029,8.490951
A0A087WTB0,9606,0.0,9.591112,10.834412
J3QRY6,9606,0.0,9.487399,8.156158
Q96AM1,9606,731717.0,18.086235,13.451774
Q96HJ5,9606,730003.0,12.371913,6.782179
A0A087WTK8,9606,0.0,12.634691,8.740677
Q96KK3,9606,747068.0,11.069028,8.542439
Q9HCN6,9606,728305.0,11.75998,6.1329827
P32119,9606,1028804.0,7.558001,12.213688
Q0VGL1,9606,781422.0,11.140415,10.8179035
Q6UWI4,9606,746461.0,12.445243,8.462789
A0A3B3ITW3,9606,0.0,8.31868,10.087055
Q9HCB6,9606,773714.0,10.859418,6.84431
E9PHX9,9606,803542.0,16.321875,10.834408
Q16670,9606,726724.0,15.958063,12.2064
H0YKT2,9606,0.0,14.11558,8.786234
P19971,9606,1027329.0,8.518083,10.927536
Q0D2M2,9606,801785.0,0.3594774,6.8664274
Q6P9G4,9606,727062.0,11.832982,6.361045
H0Y803,9606,0.0,14.03128,9.425894
A8MXZ3,9606,747944.0,13.675962,10.661809
O14835,9606,0.0,11.24208,11.598611
A0A0S2Z3N3,9606,801957.0,9.923162,8.768822
Q71SY5,9606,780011.0,12.4401455,8.707051
Q9Y287,9606,756200.0,12.082526,9.320451
Q6P9B9,9606,780107.0,12.48748,8.674129
O75683,9606,746927.0,12.197036,8.677333
C9JK89,9606,759135.0,14.96735,7.6968613
O00170,9606,794485.0,10.517071,11.363053
A0A1B0GWA8,9606,0.0,13.863291,9.535604
Q5BN46,9606,795705.0,12.465486,9.626088
J3QRM1,9606,0.0,11.782251,9.2293415
V9GYT8,9606,780410.0,16.03564,10.969748
J3QLL0,9606,,11.462165,10.01446
Q6UXK2,9606,752341.0,11.659881,7.029867
E5KRK5,9606,1029495.0,7.552138,10.648201
F8VS54,9606,777987.0,12.346529,9.65151
J3KPP0,9606,0.0,11.909651,9.6374445
H0Y9V7,9606,0.0,8.262811,9.935752
Q12962,9606,793464.0,12.351707,8.6847315
A0A140VJN8,9606,0.0,12.107721,16.895704
Q96DR7,9606,754018.0,11.266037,8.788921
E9KL30,9606,801894.0,7.9245043,15.889034
A0A024R7R0,9606,,12.80036,8.432577
A0A024R899,9606,,12.362108,8.969241
C9JQZ4,9606,801481.0,9.943926,10.47684
Q9H9F9,9606,805799.0,9.468715,7.7068305
Q9H6D7,9606,816082.0,12.449487,9.9333725
Q8WWM9,9606,758975.0,9.262325,7.7084413
O75129,9606,746239.0,10.386046,7.9853816
C9JTK6,9606,1033109.0,8.084242,13.171184
Q9BZ29,9606,0.0,10.926968,9.615857
Q5T9C2,9606,778575.0,12.317273,9.124594
A1A5B0,9606,0.0,12.237444,10.3903475
Q9Y6C9,9606,789183.0,9.074451,8.182024
P49747,9606,786208.0,11.522569,7.1323
B4E1B9,9606,761823.0,11.790116,7.4061513
V9GY73,9606,0.0,14.025721,8.856436
P49810,9606,,11.242974,8.735933
P78363,9606,802754.0,11.038377,8.614484
A0A2U3TZM0,9606,0.0,12.182784,11.239175
F5H0Q6,9606,0.0,12.357103,8.969281
L0R819,9606,767271.0,11.873117,9.604423
Q9NUB4,9606,730103.0,13.759647,8.26316
B1AJU4,9606,754083.0,10.385131,8.161513
Q8N122,9606,802773.0,8.497557,7.5740438
B3KPJ4,9606,0.0,12.577687,8.55302
Q9UBF8,9606,806616.0,10.0042925,8.621721
Q8TBB7,9606,0.0,10.550784,10.804753
H0Y2Y8,9606,0.0,12.706177,8.8344555
Q9HCZ1,9606,727830.0,15.964016,12.213625
A6NGQ2,9606,727213.0,11.784465,8.362439
P68366,9606,1028112.0,8.15442,18.877844
X6R4A7,9606,0.0,13.593399,8.954018
Q96PS8,9606,793167.0,14.309043,17.495033
P19113,9606,805243.0,11.486925,9.662457
B1ALM5,9606,0.0,9.539568,7.7952557
Q86VZ6,9606,780026.0,9.892969,8.197638
Q9NWZ5,9606,803366.0,8.933239,11.35335
P16118,9606,1033178.0,8.8516445,11.3599
O00189,9606,801701.0,10.206067,9.417772
P59510,9606,786540.0,11.003518,6.9295716
A0A024R5C5,9606,,7.608338,11.185613
Q13765,9606,0.0,11.132294,11.183815
Q9NZN4,9606,802091.0,10.006523,10.944267
P03973,9606,736724.0,11.758031,6.4708066
Q53FR4,9606,802514.0,9.881561,9.274043
B4DZN7,9606,1027592.0,9.296756,7.9853716
E5RK82,9606,0.0,12.208601,14.619611
Q14507,9606,729792.0,16.318613,10.806992
Q13009,9606,746651.0,12.26808,8.978857
P15169,9606,803627.0,10.983432,7.6167893
P00439,9606,802249.0,9.900168,12.65913
Q5VWC4,9606,0.0,10.263566,9.457655
H0Y3A8,9606,0.0,10.400653,7.9403605
Q96Q42,9606,780004.0,11.831367,9.28632
P29373,9606,753046.0,8.849386,8.484378
O94992,9606,729857.0,13.366564,8.652685
G3V4X8,9606,802171.0,13.346316,11.23738
A0AVN2,9606,792955.0,12.849889,9.553873
Q9UBD9,9606,751523.0,10.082232,7.5047474
P62760,9606,802889.0,12.255413,14.617122
A0A024RBX9,9606,,7.310499,11.133534
O95140,9606,792985.0,11.184505,10.271863
A0A0S2Z355,9606,0.0,13.215463,14.31105
A0A0C4DGN7,9606,0.0,8.722353,11.030681
Q9NZW4,9606,792940.0,14.927772,11.808096
Q15170,9606,726683.0,12.823696,8.687366
Q8TAV3,9606,793104.0,6.8680205,9.647667
I3L3Z0,9606,0.0,8.74191,12.064569
G5EA09,9606,0.0,10.018757,8.565397
H7C422,9606,0.0,9.432375,14.034282
A0A024R488,9606,,10.006771,10.458088
Q8IV53,9606,732365.0,12.128283,8.599255
H7C488,9606,0.0,12.564979,9.391979
Q96JN8,9606,780348.0,11.577109,9.149454
A0A3B3ISA7,9606,0.0,10.898014,10.771107
P13805,9606,755447.0,11.19376,9.446963
H0YND7,9606,1027345.0,7.47973,11.340113
E7EUL6,9606,0.0,14.291491,8.98428
A0A0B4J1S1,9606,0.0,11.916303,8.25812
Q96BR1,9606,,11.198228,10.454962
Q5VTE0,9606,1027386.0,7.630026,12.826917
Q6IAT9,9606,802466.0,7.9502554,15.853987
A1A5D2,9606,0.0,12.312334,8.859743
P19320,9606,737926.0,11.783909,6.2886095
F1D8T1,9606,0.0,12.406356,8.385116
Q5T2T1,9606,793648.0,9.096658,8.107449
Q9H568,9606,729805.0,1.4766955,5.486602
Q5T1Z4,9606,0.0,13.955608,9.364806
Q9H649,9606,794211.0,9.461704,8.600573
Q05329,9606,805243.0,8.159472,12.050274
Q7Z6J9,9606,761966.0,10.0341215,7.894182
A0A2R8Y880,9606,0.0,13.804332,9.691641
Q8IUL8,9606,784109.0,11.506954,7.187596
H3BM14,9606,0.0,10.794774,9.730172
Q9UP03,9606,0.0,10.486946,8.350382
Q9UHW5,9606,802292.0,8.342964,7.5274105
Q96CV9,9606,775106.0,12.598996,9.443237
G5E9G0,9606,1027265.0,9.491169,13.999594
Q7L2V5,9606,,17.898664,9.928616
A0A5F9ZI36,9606,0.0,12.033007,9.935633
Q9UF47,9606,746259.0,13.76663,10.839117
O94850,9606,731574.0,13.75468,8.305132
H0YKC5,9606,0.0,6.941011,14.180757
Q92953,9606,730367.0,12.133391,8.709761
B4DXZ6,9606,0.0,11.190311,9.198997
Q9NXB9,9606,793269.0,8.866669,10.2493515
P06870,9606,794303.0,14.272364,15.046343
A0A5F9ZHJ6,9606,0.0,12.035041,9.935745
Q96EA4,9606,793021.0,12.539997,9.453498
Q9UKB3,9606,0.0,11.602115,8.753346
C9JF66,9606,0.0,13.303488,8.692352
A0A024RBB9,9606,,10.13332,8.063029
Q9UHF1,9606,739133.0,10.931816,6.6997275
Q9Y6F7,9606,,12.849437,10.28174
Q92637,9606,0.0,11.869026,6.1801476
Q9Y664,9606,793957.0,9.533798,7.807341
O15273,9606,746503.0,17.683098,9.99961
E5RJN6,9606,805822.0,9.802052,11.00703
K7EJE9,9606,801468.0,10.3815155,10.992275
H0Y7S8,9606,0.0,9.22642,8.054852
H7C024,9606,780064.0,11.545485,7.7058177
A0A024RB73,9606,,13.292743,8.637556
Q9NPA2,9606,740087.0,10.941376,7.139368
Q9NSC5,9606,794922.0,12.44473,10.606948
Q8TAU3,9606,722231.0,15.96689,12.218916
O94827,9606,746318.0,9.823223,7.8660984
P46781,9606,1027246.0,8.774298,13.903832
Q8TAF7,9606,0.0,15.94252,12.211344
O15091,9606,,11.344427,9.608417
Q13454,9606,793091.0,9.67612,8.6265135
P83105,9606,729833.0,14.237934,14.987844
Q9BQT8,9606,792971.0,14.511276,14.255878
P01303,9606,747167.0,12.150054,5.282053
Q9NYK6,9606,751239.0,13.527534,8.722904
Q11201,9606,748435.0,11.662744,7.553742
Q6JQN1,9606,807615.0,8.5484915,11.447638
Q68CP9,9606,784091.0,13.833177,9.425585
P52945,9606,746458.0,14.302398,8.592782
Q7KZS0,9606,0.0,12.222078,8.906916
Q5T8R1,9606,0.0,9.320741,12.8155155
Q9BQI0,9606,816069.0,9.577515,8.766127
Q9H3M9,9606,761777.0,11.6879835,9.7502
P35749,9606,793067.0,18.280958,4.8104534
O75677,9606,742698.0,11.827093,6.4193287
P30301,9606,793167.0,14.308212,17.495264
Q9H3S3,9606,748892.0,14.235695,14.866468
C9JIA8,9606,745912.0,15.458385,10.503001
P48357,9606,748975.0,12.128703,6.312343
Q9Y4H2,9606,746075.0,13.185414,8.871568
A0A024R6R3,9606,,10.655688,9.162029
Q8TAG5,9606,749022.0,10.102753,7.1790195
H7C270,9606,804281.0,11.408167,10.698041
Q8NHG8,9606,751217.0,15.177033,7.775098
Q8IV31,9606,733163.0,11.760547,6.4771104
Q9BXS4,9606,784170.0,12.197646,7.95976
A0A669KB62,9606,0.0,9.741045,8.437443
Q8IYX1,9606,794263.0,11.410048,11.009538
Q8TC17,9606,765001.0,8.280818,7.423643
Q9H0W9,9606,822305.0,9.662205,12.874072
Q92485,9606,,10.361626,7.5908494
H0YE57,9606,0.0,8.642622,9.086395
W5XKT8,9606,737984.0,11.377593,6.670208
P04424,9606,1027433.0,6.906882,12.714603
Q8N7E2,9606,722385.0,14.509328,8.930147
Q16281,9606,790031.0,10.587047,8.975349
Q14449,9606,761921.0,11.664996,9.086003
Q5VUJ9,9606,801468.0,13.400069,8.285194
H0Y4E8,9606,0.0,14.243522,9.336279
Q9NNZ3,9606,789406.0,11.9228945,8.787217
Q8NEX5,9606,,12.174245,6.488258
H0YBT0,9606,,13.405233,8.832013
V9HVY9,9606,759424.0,13.442317,8.68156
O15529,9606,753062.0,18.244627,13.607397
Q16829,9606,795386.0,10.805848,8.813619
Q9H4B4,9606,801468.0,11.47244,8.329491
K7ERZ3,9606,0.0,12.106045,16.890923
P14550,9606,1027831.0,7.4265738,11.769508
P60006,9606,761053.0,14.210075,10.940527
Q96S90,9606,739170.0,12.422784,8.75476
Q9NTJ5,9606,,11.089151,12.077947
M0QYS5,9606,0.0,11.650087,8.697989
Q9P2D0,9606,781394.0,11.941666,9.831985
A0A024RA24,9606,,10.074883,9.191698
Q5TC82,9606,746589.0,12.262685,8.8356085
M0QZB9,9606,0.0,17.791798,9.998297
D6RFM5,9606,,7.5204196,11.16388
P16066,9606,761803.0,10.4381695,7.91773
P48645,9606,746039.0,11.403874,5.402631
A0A0D9SFQ2,9606,0.0,13.853389,8.805333
O60711,9606,793760.0,12.925248,10.260164
H0YIS7,9606,756202.0,11.242484,8.9145355
Q9H8M2,9606,752771.0,12.2917385,8.9310875
A0A024R7F9,9606,,8.556873,8.388878
Q9ULX9,9606,732600.0,14.234894,8.397405
P17021,9606,724845.0,15.949398,12.224426
P05155,9606,738263.0,11.819389,6.614599
Q99683,9606,762167.0,10.568208,8.9693365
B1AKA9,9606,,14.216225,9.416648
D6RDJ1,9606,794468.0,9.960595,9.828853
Q9ULQ1,9606,802277.0,9.398868,7.92441
A0A024R120,9606,,8.459503,7.5327663
P42166,9606,0.0,13.512385,8.929469
E9PF84,9606,0.0,7.5923543,11.409398
V9HW95,9606,789205.0,9.524104,8.631331
P49795,9606,782660.0,19.816536,9.72376
P61328,9606,758257.0,11.5460205,7.4761395
Q8N3J9,9606,804483.0,15.969256,12.235226
Q9Y2C4,9606,790041.0,10.665313,8.770587
O75155,9606,801994.0,10.518346,9.669518
Q6UVJ0,9606,801468.0,12.502245,9.370865
Q9Y3D8,9606,1029822.0,9.045181,8.550386
O43916,9606,810760.0,10.567343,7.0897493
O15355,9606,808330.0,11.560638,10.473549
Q9UBQ5,9606,802500.0,8.648812,7.6716504
P35222,9606,789284.0,8.490513,7.4502077
H7C560,9606,0.0,10.295712,8.478197
Q9NV12,9606,737097.0,9.759204,7.715175
O60840,9606,795766.0,11.286289,8.956849
G3V0J0,9606,0.0,11.163272,9.093152
Q8WZ82,9606,804931.0,8.761137,10.929411
P16083,9606,808060.0,8.360663,10.907427
K7EK33,9606,0.0,13.073929,10.173994
A0A024RD80,9606,,11.402773,12.406457
Q5QPM9,9606,789271.0,11.665586,10.707351
Q13617,9606,802691.0,10.260984,10.025951
Q96AT1,9606,777920.0,11.088191,9.2743225
Q13129,9606,753064.0,13.489574,8.754404
Q30201,9606,729839.0,11.691331,6.4195046
Q8IXJ6,9606,801848.0,11.455547,9.977101
Q9ULE3,9606,746708.0,10.237155,8.043429
Q6NSM0,9606,0.0,14.679541,9.287367
Q6UXZ4,9606,0.0,11.274462,7.3738847
Q66K89,9606,754099.0,14.059977,8.887019
Q9UG01,9606,801731.0,10.4459505,10.916785
P61966,9606,,10.211173,11.770642
Q9H6U8,9606,,8.255366,7.4009023
P14373,9606,726705.0,11.8735075,6.431067
Q8WTQ1,9606,,12.335461,6.6597934
Q5JSG7,9606,778163.0,11.306048,6.9080725
P51587,9606,733250.0,13.720296,8.6304245
O75864,9606,738138.0,9.502655,7.647875
O60861,9606,792530.0,9.98793,8.300298
Q8N726,9606,0.0,17.83248,9.940128
P28067,9606,736620.0,11.689958,6.383472
P09067,9606,746668.0,14.6978,8.997247
M0QXW7,9606,792940.0,9.414519,8.321408
Q9ULJ6,9606,783175.0,9.613207,8.024204
O75051,9606,795691.0,10.5431795,7.177752
Q15777,9606,802062.0,9.099918,11.993871
Q7L1W4,9606,786353.0,10.196623,8.721681
C9JZU6,9606,0.0,8.470065,13.493943
A0A2U3TZT9,9606,0.0,10.383175,9.5801525
H7BXH2,9606,0.0,12.0205765,10.211842
B8ZZ93,9606,0.0,12.501523,8.782838
Q6XPR3,9606,755603.0,15.804354,12.109547
P57740,9606,802679.0,11.168177,9.811393
Q12908,9606,802760.0,8.417258,8.919949
M0QZ79,9606,745854.0,13.651681,9.210004
P42575,9606,755703.0,10.228014,8.81466
Q53S70,9606,,17.819601,9.985522
E7EUL7,9606,0.0,13.458231,8.806041
Q5SW79,9606,758877.0,13.957974,9.738017
A0A1B0GU97,9606,0.0,16.114788,10.46994
Q96PC5,9606,733166.0,12.61014,8.676577
Q6NMF0,3702,248172.0,14.673714,7.1342125
Q9M0V5,3702,315163.0,15.459719,10.973833
O48717,3702,317903.0,12.132755,9.871307
Q500Z1,3702,0.0,10.968684,12.734481
Q9FM97,3702,1027422.0,7.5172286,11.826178
Q9SVZ8,3702,314386.0,11.482403,7.8762264
Q43292,3702,802697.0,16.466345,10.965233
Q8RWL4,3702,315461.0,14.629408,10.140667
Q8H1P9,3702,277592.0,14.68613,9.5012
Q9STK5,3702,293109.0,14.25205,6.7606688
Q9FNB0,3702,1028214.0,8.051202,13.294138
Q9ZU50,3702,802603.0,7.969912,9.36242
Q9FWX8,3702,801531.0,8.313802,10.054187
Q4F883,3702,292548.0,14.486671,6.9909096
Q9MAD0,3702,269938.0,12.100075,16.876087
P51424,3702,802198.0,16.43664,10.920041
Q9LYJ2,3702,313989.0,10.394696,9.292554
Q9FLJ6,3702,297152.0,14.253968,6.7642856
Q9FL03,3702,292892.0,14.545001,6.90857
Q9LT31,3702,811318.0,12.693029,11.725989
Q9SCN2,3702,802109.0,6.9107285,9.883903
Q9SYM0,3702,802080.0,10.000046,11.791296
Q9FIX3,3702,277648.0,14.192244,6.70942
O48715,3702,,8.48383,10.64656
Q9SJV1,3702,1027831.0,7.346884,11.811428
Q9ZVT7,3702,802423.0,9.44172,11.645365
Q9SHI4,3702,267999.0,14.028611,6.4706945
Q39232,3702,802886.0,8.426787,9.222792
Q84JS5,3702,0.0,14.374292,6.940216
Q84VQ4,3702,315020.0,11.668162,9.694768
Q9LIN5,3702,319285.0,13.126148,9.929711
Q9FG81,3702,307771.0,10.594884,9.531057
Q9LSS0,3702,263965.0,14.0761175,6.614853
Q9FME5,3702,285331.0,11.488894,7.6167607
Q9FFU3,3702,803785.0,10.847776,8.431889
Q8RXT7,3702,297909.0,12.15736,9.961094
O04336,3702,277846.0,14.893664,9.698464
Q9ZW16,3702,802096.0,7.221222,11.995883
Q9FI86,3702,804641.0,11.349376,9.97956
Q9SHH7,3702,278630.0,9.227003,12.696801
O24598,3702,815385.0,11.069682,7.7789745
Q0WQ63,3702,0.0,7.7889543,8.900172
Q9SCW5,3702,278422.0,14.267414,9.0184765
Q8L602,3702,293663.0,14.524307,9.17002
Q9FXF2,3702,252427.0,14.09232,6.616989
A0A0A7EPL0,3702,247962.0,14.771348,7.7511334
Q9M0P7,3702,251347.0,12.929358,10.666384
Q9LN09,3702,247954.0,12.951119,9.800184
Q39108,3702,307963.0,9.574722,11.810201
Q6NKW9,3702,319568.0,10.810956,7.7366304
Q9FVT2,3702,803249.0,10.876436,11.837342
Q9FK86,3702,250547.0,15.79604,10.493287
B3H4X8,3702,296024.0,15.640009,10.627338
Q67XU1,3702,293910.0,14.477772,7.257155
Q9FY68,3702,801967.0,7.8988285,6.136284
Q9FK66,3702,310952.0,14.03953,6.5218487
F2Y4A3,3702,801806.0,10.779408,10.95879
Q9LZI9,3702,801650.0,9.313688,12.765156
F4IS32,3702,0.0,9.549291,9.5502
A3KPF5,3702,,9.857774,12.5488825
Q8H1Y0,3702,1027857.0,7.3001966,11.163812
F4IN69,3702,,15.09961,10.214483
Q9ZSL6,3702,294460.0,12.411686,9.960099
Q3E9T2,3702,269246.0,14.466814,6.980252
Q9M339,3702,1027267.0,8.794029,13.973092
Q7XXN8,3702,268662.0,17.605925,10.151582
Q8VYP6,3702,812167.0,9.145986,11.422624
A0A178UKR9,3702,801468.0,11.171375,10.479715
P0DI08,3702,,7.7261405,12.182013
Q9FFC0,3702,801785.0,0.36666745,6.864506
O22469,3702,801910.0,10.142284,10.888644
Q9FY84,3702,314871.0,10.922323,9.005375
Q9FGM1,3702,310773.0,9.290511,8.531591
Q9LUM0,3702,803719.0,12.0273,8.947843
O48790,3702,267921.0,11.364286,10.862244
Q9SHB0,3702,297553.0,11.283939,9.534612
Q9LUS2,3702,310931.0,11.478926,9.091239
F4K685,3702,0.0,14.052292,6.5721107
Q9LU90,3702,270072.0,14.4335985,6.864016
O24603,3702,815385.0,11.110477,7.7688527
Q9SHV6,3702,0.0,16.54954,10.584061
F4I3N6,3702,0.0,11.8655405,9.674799
Q9SB38,3702,269452.0,14.135732,6.660276
Q9FLI3,3702,0.0,14.461397,6.4133253
Q3E9C0,3702,801468.0,11.298882,10.592597
A8R7K9,3702,802514.0,10.438414,10.356462
Q8W4D0,3702,802263.0,10.831814,11.3765135
F4IUM0,3702,296047.0,11.683209,9.720909
Q66LG9,3702,292229.0,14.720464,7.80218
Q8VZU3,3702,278426.0,11.089452,7.6040683
Q9S9P1,3702,801915.0,9.446217,13.393449
Q9MAX3,3702,802160.0,8.362581,9.437412
Q9FIS2,3702,802366.0,8.46272,9.677258
Q9LV09,3702,299231.0,10.533201,11.884045
Q8VXZ7,3702,802346.0,10.902932,7.740518
O22533,3702,252132.0,15.0320215,7.167415
P24102,3702,252874.0,11.010964,7.665571
Q9FWZ1,3702,248114.0,14.386846,6.8277693
B9DFZ0,3702,322306.0,12.130564,10.3255625
Q9LS90,3702,319079.0,11.864612,10.648787
Q8LG88,3702,804850.0,8.4220705,9.584229
Q8L796,3702,322100.0,11.732134,10.3257675
Q9S7N6,3702,248176.0,14.886186,7.6465173
Q9SXA1,3702,803311.0,11.901763,10.722229
P53497,3702,1027835.0,-4.6706777,9.370563
Q9XF50,3702,277723.0,14.467707,7.0945883
F4KHY7,3702,0.0,3.9328027,7.428211
O22682,3702,802575.0,9.345741,12.017152
O65787,3702,802109.0,6.9093585,9.88112
Q9LT10,3702,315019.0,8.465706,10.654836
Q9C9K2,3702,278056.0,12.440274,10.077571
Q8L7S7,3702,0.0,11.342959,10.6104355
Q8W4M7,3702,801532.0,9.101898,8.966595
Q9LXJ3,3702,277046.0,14.851215,7.200454
Q9STH1,3702,802529.0,9.362279,9.213136
Q9LMI1,3702,801468.0,10.360629,12.181329
Q9SQU9,3702,801878.0,8.89847,10.28585
Q9ZQI2,3702,293240.0,14.032626,6.665217
Q9SA47,3702,249892.0,14.780268,7.853094
Q8GXN7,3702,263695.0,14.349001,9.368013
Q8GYN9,3702,801468.0,7.3708253,13.201317
Q94BT9,3702,319510.0,7.8440924,9.88086
Q84W04,3702,801960.0,9.825497,8.778274
Q8LAD4,3702,308780.0,11.957195,9.73945
Q9LZM6,3702,319593.0,11.016241,12.584086
Q9M9M9,3702,0.0,10.21928,12.720207
Q9LMT8,3702,319456.0,14.562738,6.9329762
F4IW10,3702,802631.0,7.884745,12.734851
Q94AL3,3702,319449.0,7.7158413,12.057896
Q8VZU9,3702,0.0,8.974664,10.27808
P09468,3702,805731.0,7.369209,13.139909
Q39186,3702,814216.0,11.069939,7.480702
O82663,3702,802469.0,7.49616,11.194596
Q9FZA0,3702,253021.0,14.411952,7.1502852
O64820,3702,282448.0,15.408677,10.799837
O64682,3702,801468.0,11.6093025,10.811725
Q15KI9,3702,0.0,10.792584,9.424183
Q9LYU4,3702,814832.0,8.857431,11.112215
Q84RF2,3702,268725.0,14.805957,7.1339846
Q8GXP1,3702,319298.0,11.980685,9.931247
Q56XU4,3702,315144.0,13.487922,10.051667
O82279,3702,319906.0,12.023906,9.8098135
Q67XD9,3702,319123.0,11.158872,10.285869
Q93YV0,3702,278780.0,14.138163,6.7824974
Q9LUH9,3702,277542.0,14.425479,7.045787
Q9FI43,3702,801800.0,14.504134,14.256953
Q84JL5,3702,320199.0,11.550656,10.281355
Q9SZV4,3702,315045.0,10.739495,13.239555
Q9FYK5,3702,248034.0,15.118452,7.4279504
Q9SD05,3702,314723.0,11.072149,7.64585
Q9FMJ1,3702,250823.0,14.9697,7.5215435
A0A178W2W3,3702,803406.0,9.955459,9.407862
Q56XR7,3702,268283.0,11.339113,9.573409
Q9SU81,3702,803203.0,10.933238,7.644754
Q9FNC9,3702,316984.0,10.641439,13.280967
Q8LBL5,3702,822226.0,14.572931,7.1451983
Q9M394,3702,314619.0,11.27641,9.87425
F4HZY9,3702,0.0,11.355408,10.379579
Q9STW3,3702,292081.0,11.070362,12.091148
Q9SCQ6,3702,277456.0,14.467137,9.162026
Q9SFU7,3702,314948.0,12.331175,10.075194
Q3EBY6,3702,313931.0,11.98977,10.45486
A0A178W169,3702,294099.0,14.283656,7.074706
Q9LES3,3702,268614.0,14.394604,8.0887165
P82281,3702,0.0,10.766236,9.507176
Q9SRX6,3702,277737.0,14.38996,7.157032
O65554,3702,292843.0,10.904139,10.226727
C0LGS2,3702,314460.0,14.046603,6.4960227
Q8L557,3702,320897.0,12.325725,10.7201395
F4J4I9,3702,297226.0,12.06423,11.428866
Q9C717,3702,292090.0,12.753292,9.488497
Q945M9,3702,277616.0,15.044082,9.590172
F4K087,3702,0.0,13.601878,11.095925
O80448,3702,1027431.0,7.921538,13.467429
Q9M2Z4,3702,317754.0,11.571168,11.660793
Q8GS18,3702,314386.0,11.433461,7.8935833
Q9SJG2,3702,252039.0,14.022052,6.5894284
Q9FH57,3702,277695.0,14.592574,9.325707
Q9ZVQ4,3702,802275.0,9.37112,12.82584
Q2V3L3,3702,315276.0,14.462747,10.046773
Q9LFT9,3702,801484.0,5.696717,18.763191
O82197,3702,802298.0,9.145427,8.344011
Q8GXU8,3702,805762.0,10.575383,9.500175
Q9FH60,3702,319547.0,12.055049,9.774553
Q84WK5,3702,0.0,9.297668,8.513674
P39207,3702,801842.0,7.734079,12.937851
Q8LDB7,3702,0.0,14.056664,6.557919
Q8LDF9,3702,319519.0,13.048814,10.545364
O48890,3702,803052.0,10.843483,10.851499
O23090,3702,292311.0,14.597047,6.89714
Q8VYN9,3702,317841.0,14.583155,7.3024035
Q8H112,3702,804660.0,12.318976,9.998562
Q8LGH4,3702,802691.0,10.273251,10.330625
Q9LE59,3702,317838.0,12.2627325,9.505587
Q8S8K1,3702,801468.0,14.77039,9.267506
Q6X7J9,3702,294399.0,14.977005,7.498918
Q8LGI2,3702,802765.0,8.096458,11.975094
Q9SZC2,3702,250630.0,14.779085,7.7834454
Q9M2V2,3702,294036.0,14.691459,7.586493
Q9ASU8,3702,803403.0,10.249687,10.526474
F4J8R6,3702,0.0,10.489737,9.766724
Q9T0I6,3702,802436.0,15.666955,10.784563
Q9S810,3702,801484.0,5.6205773,18.845644
Q93YP0,3702,805063.0,10.703374,9.774767
Q9XI91,3702,804453.0,10.0631,11.61343
Q3ECW0,3702,251453.0,16.109066,10.633406
Q9FGF6,3702,249169.0,14.504059,7.14619
Q9ASX5,3702,805101.0,10.549163,9.521056
Q8S8S2,3702,,10.242133,9.249469
O23100,3702,237433.0,14.754009,7.716279
Q9LZT3,3702,801487.0,9.332186,12.430677
Q8VYM7,3702,310747.0,13.903466,9.650106
Q39048,3702,297326.0,14.489584,6.780427
O22795,3702,278860.0,10.948955,9.531167
Q8RYC3,3702,811233.0,12.947551,10.215327
Q9SVY5,3702,271037.0,14.093566,6.5879736
Q9SUT9,3702,320594.0,9.584987,9.5014715
Q9C998,3702,1027383.0,8.244264,12.13908
Q8VZ52,3702,805948.0,11.832326,9.712451
Q9SCV1,3702,805484.0,10.377026,14.215101
Q0WUQ1,3702,292731.0,14.624598,6.97264
B3H6R4,3702,277057.0,14.836081,7.161484
Q94AM9,3702,801468.0,13.609931,10.5646
Q9FHX0,3702,1028523.0,8.613741,12.078416
Q9SZU1,3702,276967.0,6.9098682,9.881503
Q9LJW3,3702,248530.0,15.005379,7.535786
F4HTA1,3702,0.0,11.753903,11.087915
Q8RY65,3702,313956.0,14.054862,6.536119
Q9LW33,3702,319650.0,12.273629,9.893573
Q8RWV3,3702,0.0,10.085731,8.620779
Q8VY10,3702,807966.0,11.917495,9.7266035
Q84TK0,3702,0.0,9.333456,12.752074
F4JEA6,3702,0.0,11.611531,10.577215
Q9LZP4,3702,0.0,14.38187,7.0059347
O82239,3702,263316.0,14.988975,7.5929832
Q9SAK7,3702,801468.0,7.9758205,9.327506
Q9LHL7,3702,802413.0,10.750061,11.335552
Q9LY29,3702,248970.0,15.167765,7.426917
Q645J1,3702,,14.5953865,6.8710814
Q9M1H3,3702,801771.0,10.776521,11.582586
Q1PE85,3702,252555.0,11.21021,8.818594
Q9C7X0,3702,251982.0,14.405217,6.834764
Q93VT6,3702,317987.0,11.455602,9.598341
P42799,3702,0.0,7.142591,11.912137
Q9SQK3,3702,292593.0,12.360462,10.256222
Q8GW32,3702,268109.0,14.674559,6.6538982
Q9SZP6,3702,314158.0,10.603818,10.725838
Q9SXD9,3702,801948.0,9.064783,11.932694
Q9LKR8,3702,1035691.0,12.406847,10.0862255
F4JN38,3702,268333.0,14.059693,6.5711236
Q9XIN0,3702,277064.0,14.691215,7.1527753
Q9M1I6,3702,814175.0,11.863223,10.8434
Q9LN63,3702,268372.0,14.725968,7.7309012
Q8LC53,3702,248092.0,14.399076,7.0486093
Q8W566,3702,0.0,10.552628,9.589034
P53494,3702,1027835.0,-4.670783,9.370509
Q9LPL4,3702,,13.976867,7.010042
Q9SM27,3702,237217.0,14.740564,9.640069
Q9STJ9,3702,801676.0,12.14652,10.250566
O48711,3702,292284.0,13.991942,6.66659
F4HXP9,3702,320493.0,10.037769,9.723674
Q8RX69,3702,0.0,11.756073,12.202845
F4JAD4,3702,294591.0,14.277173,6.7165337
Q8W2F1,3702,268800.0,14.529618,6.9900136
F4JW20,3702,0.0,15.381292,10.132802
P92958,3702,801468.0,11.082548,10.336341
P56757,3702,1029316.0,7.7100034,13.272519
F4K1Z5,3702,0.0,9.927442,9.954596
Q9SJ52,3702,295455.0,14.064927,6.6267557
Q8W4I9,3702,0.0,14.783742,7.680635
Q8RY46,3702,801531.0,8.336267,10.101907
Q93ZE9,3702,252344.0,11.677683,9.525202
O04499,3702,1027997.0,7.489573,10.488513
Q9LNV5,3702,802132.0,13.036414,10.146173
Q9FHB8,3702,317844.0,15.575358,11.182569
Q9SHF3,3702,293380.0,11.099358,11.283054
Q93VG5,3702,802362.0,9.568827,13.988081
Q5XEZ0,3702,293726.0,8.413548,9.684716
Q4VP09,3702,237521.0,15.585943,10.823366
P59220,3702,801468.0,3.4425285,5.185204
Q56WN1,3702,1028529.0,8.017134,13.268691
O81007,3702,307895.0,11.819237,12.615715
F4IDU4,3702,802594.0,9.652844,9.039569
Q93VJ2,3702,263345.0,11.783012,9.471275
O81914,3702,249262.0,14.959131,7.538307
F4JHM9,3702,0.0,12.051099,9.769333
Q94FT1,3702,807793.0,13.530129,10.484035
F4I8S3,3702,,13.0896225,9.541583
Q9LT25,3702,293442.0,13.141688,9.434902
Q9LU01,3702,319596.0,11.756271,9.751728
Q0WQ75,3702,802956.0,11.747419,11.028108
F4KBJ3,3702,0.0,10.415311,9.7110615
Q9ZU65,3702,292902.0,14.869487,7.091068
Q06738,3702,267185.0,14.108856,10.684761
Q9ZPX0,3702,250239.0,15.164333,7.4323826
O22929,3702,802261.0,12.104158,10.410407
Q9LN61,3702,315319.0,12.1956,9.667733
Q8GZ96,3702,250884.0,14.648692,7.8489656
Q8L776,3702,802821.0,12.170217,9.555694
F4I312,3702,803545.0,10.691916,9.662871
Q93VI4,3702,0.0,12.815393,10.007366
Q8LE47,3702,292849.0,14.241107,6.7477617
Q9C8L9,3702,292384.0,14.614379,10.291428
Q9LEW8,3702,804934.0,8.619539,11.103394
Q9ZRA2,3702,801525.0,9.758615,12.719585
Q38961,3702,805332.0,10.255612,9.820601
Q8H2D5,3702,312836.0,10.833491,8.835537
Q9SD73,3702,803090.0,7.6133986,12.320268
P41568,3702,802276.0,8.021763,7.2324557
F4KGL1,3702,0.0,14.050988,6.5321255
F4KAX4,3702,314668.0,14.011042,6.5683217
Q9ZWA9,3702,318919.0,8.606578,12.846678
Q9SZC9,3702,802820.0,8.41515,10.111975
Q8VZC9,3702,801683.0,10.261471,10.904758
Q94JV2,3702,319110.0,15.922045,10.771003
Q94JT6,3702,0.0,10.49346,11.070711
Q9FFF9,3702,0.0,11.964041,9.829206
Q8VYJ1,3702,802569.0,8.671425,11.761136
Q42599,3702,802967.0,7.8711495,10.794371
Q8LGE9,3702,801704.0,8.353443,9.433491
Q9SJZ2,3702,317898.0,10.933655,7.5963473
Q0WQE7,3702,0.0,12.657369,11.545634
O04663,3702,801579.0,9.980361,11.706564
Q8RW96,3702,804434.0,10.682461,10.032332
Q8W4P1,3702,801468.0,12.822722,11.176341
F4HYF3,3702,1028138.0,7.879095,10.978875
Q8L603,3702,0.0,14.965253,9.96238
Q9SZZ5,3702,,15.947643,10.547024
Q9FT74,3702,0.0,10.712405,11.402579
Q94AV5,3702,250160.0,14.727813,7.812938
Q39132,3702,252121.0,9.678569,11.263283
Q9FJP3,3702,308184.0,11.179236,9.543182
O80673,3702,318996.0,11.377351,10.617029
Q67XK8,3702,248361.0,12.798184,11.288343
Q7X9I0,3702,0.0,15.03229,7.5466895
Q9XIR0,3702,314937.0,10.150412,10.014969
Q9SFE4,3702,248024.0,15.198946,7.444939
P48731,3702,248883.0,14.95814,7.5656357
Q9FNA1,3702,293518.0,11.043353,9.481679
Q8L799,3702,1033464.0,10.045853,10.147124
Q8LCT6,3702,236940.0,14.273662,7.0837245
Q8L8A7,3702,294429.0,15.207027,7.4211764
Q9LTC9,3702,250197.0,10.932796,12.536078
Q9FDX9,3702,308126.0,14.391707,7.3797207
Q8RWY6,3702,802685.0,11.709358,9.669859
Q9SJR4,3702,293250.0,13.161355,10.994955
Q8LRK8,3702,314153.0,10.521468,9.8008
Q8RWY4,3702,0.0,14.588914,6.974354
Q9LSS7,3702,802620.0,9.472286,11.612353
Q7XA63,3702,292239.0,14.284859,6.9603243
F4I9M3,3702,0.0,9.560698,8.460099
Q84RD1,3702,296024.0,15.20835,10.589218
Q84UU4,3702,252412.0,14.087893,6.7865734
Q6NQI8,3702,803691.0,9.257428,8.15421
Q9ZWS7,3702,271134.0,14.666683,6.899217
Q9M9V9,3702,802124.0,16.33327,10.836073
Q94BQ2,3702,1031936.0,9.83348,11.835163
P15456,3702,318919.0,8.681035,12.835813
P56764,3702,805725.0,14.49548,11.261534
Q9LV16,3702,0.0,11.0315275,8.0708475
Q94AI4,3702,277487.0,13.980279,9.901922
F4JMF4,3702,0.0,11.926316,9.713963
Q9C5Z1,3702,802155.0,10.292519,11.03387
Q84UV0,3702,293114.0,14.119282,6.762915
F4I5N6,3702,249852.0,13.968175,10.275598
Q94C78,3702,310845.0,11.18237,9.560936
Q0WPN8,3702,293883.0,14.083031,6.6319914
F4KAQ2,3702,0.0,15.409149,10.665862
Q9FNM7,3702,314442.0,11.206264,9.151387
Q1H5D2,3702,321668.0,10.742935,9.179506
B9TSP7,3702,805963.0,10.349373,9.649353
Q9SIL5,3702,296126.0,14.165389,6.695176
Q9FKM5,3702,811296.0,9.046726,11.292287
Q3EAE5,3702,237031.0,14.435759,6.8152246
O23334,3702,801468.0,10.420104,8.822927
Q93ZV8,3702,801468.0,13.950616,7.063746
Q9M364,3702,0.0,11.793612,9.412977
F4I0X0,3702,0.0,12.891391,9.905163
Q9SI75,3702,802631.0,7.814799,12.765757
Q3E9F6,3702,237384.0,14.291309,6.8665595
Q41916,3702,277550.0,14.017984,6.6552753
Q9FF53,3702,801918.0,14.315723,17.506138
Q8GWY0,3702,808233.0,12.996862,11.322992
Q9ZVX8,3702,801918.0,14.314851,17.505518
Q9FPN7,3702,269976.0,14.580354,6.8552976
Q42539,3702,1027336.0,7.3632774,10.976474
F4KDJ9,3702,0.0,14.366156,9.8229475
Q9LY99,3702,802165.0,7.645135,13.225482
Q93XX8,3702,801495.0,16.291828,10.711276
Q9S7C9,3702,248628.0,15.058182,7.022191
Q9SF50,3702,277359.0,14.330872,7.0568714
Q84XU2,3702,801468.0,3.4523191,17.24671
O82794,3702,252439.0,14.579573,6.8438854
Q38935,3702,801973.0,9.4249935,12.091978
F4IU09,3702,0.0,11.59205,8.088795
Q9ZUB8,3702,320591.0,14.513198,6.9974704
Q9FE58,3702,804747.0,8.921837,13.547168
P42738,3702,1033365.0,10.247571,12.667327
F4IW45,3702,0.0,10.158622,9.807104
Q9LF33,3702,1027292.0,7.4223804,11.401385
Q9C776,3702,811407.0,12.33267,11.975274
Q9FIL7,3702,296244.0,14.026948,6.603137
Q9LXJ0,3702,1027257.0,9.418027,11.949049
Q9C6K3,3702,268370.0,15.087201,7.1629233
Q8RY24,3702,319382.0,11.960739,11.337664
P49597,3702,262979.0,14.523668,6.4016275
O81055,3702,801489.0,4.276228,7.625976
Q9ZV57,3702,297488.0,9.220425,9.895583
Q9LVZ8,3702,297965.0,14.324119,6.8778768
Q94K05,3702,802100.0,8.381805,13.010111
F4IRA9,3702,,14.678713,7.8849535
Q42342,3702,299402.0,10.746631,11.890854
Q8LDC9,3702,1030564.0,7.71609,12.716853
Q8L4B2,3702,277015.0,13.344396,9.987826
Q9XIM7,3702,319418.0,15.658259,11.3907795
O82221,3702,801996.0,8.317786,11.634861
Q8W580,3702,319434.0,9.815321,11.9979
A8MRF3,3702,0.0,15.961437,10.494319
Q9SKE0,3702,0.0,15.295315,11.338133
Q9LML3,3702,278406.0,13.058042,11.727882
Q9SCK3,3702,320519.0,10.646163,13.154591
Q9ZT82,3702,810107.0,11.717006,11.239926
Q9ZSI7,3702,278498.0,14.897496,9.701097
Q9STW1,3702,805983.0,11.041749,9.631158
O22216,3702,813872.0,8.98844,8.784153
Q8L4Y5,3702,320479.0,1.4763433,5.4868174
O81316,3702,268759.0,14.675569,7.00183
Q8VZ78,3702,0.0,11.816796,10.16182
C0LGQ9,3702,314197.0,14.04962,6.5175242
Q6DBB8,3702,250059.0,14.451755,7.2192917
Q1PER6,3702,801921.0,8.01317,12.528251
P57691,3702,1027295.0,8.41921,13.051468
Q9SY20,3702,252183.0,14.391681,6.8787103
Q9LE54,3702,276869.0,13.665786,10.595792
Q0V865,3702,277066.0,14.835773,7.2274327
Q9M263,3702,0.0,8.78349,12.848266
O22607,3702,805802.0,10.359507,11.062931
F4J8K6,3702,801697.0,10.677782,9.789985
Q9FQ04,3702,801940.0,11.334738,11.1615095
O48683,3702,278260.0,13.95379,10.085276
Q9FL05,3702,,9.718563,10.058107
O64764,3702,268040.0,11.30402,9.538347
Q8LFC0,3702,1027412.0,7.611232,11.929472
Q8VY70,3702,320478.0,12.4674835,10.129693
Q94IU8,3702,805142.0,10.281728,9.749969
Q9SYD6,3702,804610.0,8.72731,8.316279
Q9FJC9,3702,802134.0,9.910534,11.74828
Q9CA89,3702,277399.0,15.96318,10.582013
Q8LFN9,3702,802863.0,10.500567,9.820281
Q8S8M9,3702,320951.0,14.135033,10.024548
F4JYC8,3702,293256.0,12.995322,9.715096
O22433,3702,297466.0,12.15054,11.014152
Q41220,3702,248924.0,14.35404,6.841039
O80623,3702,268399.0,14.095346,6.64022
Q9SZ67,3702,0.0,14.390687,6.938799
Q9SU04,3702,237583.0,14.40994,6.895551
Q9SJ20,3702,802571.0,8.376408,13.299039
A8MR09,3702,0.0,9.333486,12.416689
Q9ZR04,3702,292683.0,14.528014,6.948828
Q8GYN5,3702,0.0,13.3858185,9.782658
Q8LF97,3702,317019.0,12.724839,10.377513
F4JTL0,3702,0.0,11.809138,9.831998
Q9SKP2,3702,277477.0,14.466076,6.888692
Q9ZQG4,3702,276876.0,8.318428,10.543715
Q0WMT6,3702,314864.0,10.75863,9.22112
Q56XP4,3702,801801.0,8.519673,9.502361
Q9FGY1,3702,803090.0,10.537174,14.432532
C0LGJ1,3702,292984.0,13.982789,6.4394526
O82647,3702,802609.0,7.855996,11.814126
Q7FZF1,3702,0.0,12.281181,14.503502
Q8VYW6,3702,802733.0,10.894305,7.711491
O82392,3702,0.0,8.103982,13.541333
Q93WB2,3702,277217.0,14.929093,9.72151
O65541,3702,309028.0,11.191667,11.649916
Q9LX86,3702,248539.0,14.902801,7.240595
Q9S7S5,3702,251388.0,14.4386015,7.3276544
Q93YQ7,3702,807878.0,10.776175,7.7753954
Q9LXT3,3702,807498.0,10.436426,12.062813
P59233,3702,802866.0,9.867289,9.764483
F4K460,3702,314179.0,12.087341,9.988228
Q9M2Y3,3702,0.0,14.020764,6.4719987
Q9C9N6,3702,294034.0,14.553487,7.0934443
F4K0Y2,3702,293063.0,14.642725,7.9662423
Q9SVF1,3702,0.0,14.550158,6.927937
Q9STY4,3702,0.0,10.417244,9.44105
Q8S8Y8,3702,278635.0,11.82547,9.500599
F4IGA5,3702,0.0,12.337159,11.3948145
Q9FJR9,3702,310830.0,14.580501,11.021183
Q8LFL8,3702,0.0,10.7960005,11.667765
Q9LVM9,3702,802309.0,9.614681,10.693325
O22043,3702,804941.0,8.844239,11.939505
P49692,3702,801681.0,9.465467,13.518234
Q9LTX3,3702,320581.0,8.811466,11.456492
Q9FYE2,3702,268219.0,14.834436,7.187316
Q9C6C8,3702,801650.0,9.31952,12.719104
Q9SZ44,3702,264961.0,14.387665,6.845453
Q9LFJ8,3702,293591.0,8.354995,10.628052
Q9FZ95,3702,803941.0,8.484442,9.680066
Q9FXD6,3702,0.0,14.837541,7.6383305
Q84L31,3702,802218.0,11.419793,10.037311
Q6XZL7,10090,,14.041789,8.849848
Q8JZV7,10090,1027553.0,8.180914,11.047712
P55849,10090,746159.0,17.95497,10.949727
O35949,10090,793269.0,8.876205,10.254997
Q9CR48,10090,793928.0,8.514231,9.572753
Q91YR1,10090,802106.0,9.872816,9.757374
P21803,10090,0.0,11.151202,7.85417
O08609,10090,778527.0,9.494615,7.7218018
Q60972,10090,801910.0,8.017371,7.221548
Q9R1A8,10090,801468.0,9.706288,8.466226
F8VQB6,10090,792999.0,11.0053835,10.324848
Q9D1C2,10090,789474.0,12.660286,9.817686
Q922V4,10090,801468.0,11.352806,11.017515
Q8BW96,10090,792940.0,11.20515,10.467565
P14428,10090,731840.0,11.698118,6.3580585
O08585,10090,0.0,11.005185,9.3093815
Q59IW6,10090,0.0,13.6068125,8.33937
Q9CXG9,10090,749070.0,9.73918,7.8890777
Q80UM3,10090,802081.0,9.149457,8.473819
Q99N91,10090,727108.0,10.626662,13.017317
A2A259,10090,801847.0,9.555984,7.760442
Q8BTS3,10090,793340.0,10.75647,10.423656
P19639,10090,793002.0,9.32589,12.811718
Q00560,10090,746011.0,11.783656,6.2624946
P50592,10090,747042.0,11.385733,6.9935813
E9Q2S0,10090,0.0,9.505728,7.316292
P15409,10090,754125.0,8.048307,7.2488747
P56581,10090,755613.0,12.193094,9.416885
Q8JZS6,10090,738454.0,14.078858,8.944477
O35160,10090,750920.0,14.287402,8.754421
Q91W40,10090,0.0,10.59011,8.296133
Q62009,10090,772937.0,11.200321,7.129046
Q923J1,10090,759359.0,10.343305,8.848134
Q91Y14,10090,763064.0,18.000572,10.994158
O35674,10090,755463.0,10.620381,7.0578175
Q920I9,10090,793064.0,11.813561,9.343907
P70425,10090,793952.0,5.563929,18.886658
Q9QUK9,10090,794303.0,14.349768,15.155185
Q9D4G2,10090,789317.0,10.088139,8.552563
Q3UCV8,10090,758643.0,11.8619995,9.277938
P39053,10090,793242.0,10.652471,10.412062
Q80Z24,10090,775658.0,11.459141,6.6433115
Q3UYI1,10090,,10.976059,7.874192
Q60992,10090,795421.0,10.716787,9.854745
Q0VGT2,10090,753926.0,14.495331,9.179789
Q9QXL8,10090,,9.679764,9.487495
Q9WTZ1,10090,803693.0,9.63569,8.553405
P12970,10090,801681.0,9.462486,13.541877
P27812,10090,735164.0,11.925942,6.0685987
Q6PHZ2,10090,0.0,11.187397,10.565657
Q5NCP0,10090,739138.0,13.779318,8.382177
Q8CAY6,10090,1027540.0,6.9567275,12.282409
P19973,10090,736626.0,13.256826,9.016435
Q9CYF5,10090,780307.0,9.213316,7.5781817
Q8C167,10090,1029548.0,10.759277,10.715473
Q64323,10090,806005.0,9.3058605,8.893593
P70696,10090,801785.0,0.38181737,6.8435364
O08581,10090,784150.0,11.082389,8.635609
P51661,10090,747063.0,9.551966,10.121445
P22361,10090,748277.0,14.188158,8.967597
P32067,10090,802901.0,10.836803,10.938331
Q5XFR0,10090,731589.0,12.608282,8.777668
Q9EPL4,10090,1033307.0,8.530991,7.5006084
Q61730,10090,751287.0,10.072309,7.023049
Q8R313,10090,0.0,9.262961,8.221508
Q9CQ91,10090,739964.0,10.916094,13.213175
Q9WUP1,10090,754142.0,10.002919,7.456289
P25911,10090,793013.0,10.827434,10.002957
Q5SX39,10090,793067.0,18.28129,4.8102574
Q2TJH5,10090,,15.671583,10.287004
O08850,10090,746192.0,19.825962,9.725611
P20615,10090,739028.0,14.658028,8.631755
Q2MHN3,10090,736659.0,13.912811,8.617627
P56677,10090,747251.0,14.24102,14.993149
Q9Z2C4,10090,805336.0,9.821151,8.744631
E9PV66,10090,789065.0,12.3168,8.989254
P28474,10090,801597.0,7.0882587,11.387867
P27659,10090,1027265.0,9.437697,14.044241
Q80Y84,10090,796303.0,12.062401,9.764373
Q8R2S9,10090,806036.0,9.749485,8.072121
O35129,10090,802165.0,7.62006,13.174302
Q8BU41,10090,,15.9672165,12.238142
P70327,10090,733191.0,12.887981,8.428888
A0A338P791,10090,725110.0,13.754559,8.359586
P09528,10090,805787.0,9.499324,9.571102
Q7TSG2,10090,803136.0,12.001509,8.528696
Q5BL07,10090,784188.0,11.772057,9.717402
Q8VCD5,10090,793072.0,11.636527,9.206519
Q9QYZ8,10090,746853.0,11.304413,6.547247
Q8K4A6,10090,,12.504003,8.685035
Q7TNF6,10090,,9.681582,8.856867
Q8R182,10090,736611.0,12.167847,7.047693
Q91ZF2,10090,802365.0,10.990178,7.459575
Q9CQ92,10090,805915.0,10.510127,11.509436
P10598,10090,726853.0,15.166051,9.868753
P35343,10090,738980.0,18.179256,13.522152
Q8C4V1,10090,752562.0,11.41315,8.788672
Q99K23,10090,756305.0,12.1411915,11.481496
V9GWV3,10090,0.0,14.065542,9.551683
Q99NA9,10090,761901.0,9.589412,7.7220526
P34884,10090,805847.0,8.427019,8.658347
Q9WV04,10090,0.0,12.31007,10.643306
Q5EBP3,10090,782625.0,11.594639,8.279996
Q9CR76,10090,781769.0,10.846677,8.694859
Q7TQQ0,10090,733164.0,18.492716,13.464182
Q78TU8,10090,752328.0,12.740782,9.576041
Q9R0X4,10090,807705.0,10.354492,9.013774
Q9WUD1,10090,802790.0,9.2578945,8.486793
Q5D1E7,10090,738059.0,12.211189,8.599115
O55022,10090,794236.0,10.545228,10.798364
Q91V98,10090,739216.0,11.873605,6.9322777
Q9DD02,10090,804972.0,15.992649,10.806786
Q9WUA3,10090,1033143.0,7.696163,11.321315
O08545,10090,739961.0,11.718044,7.050794
Q7TPG8,10090,752486.0,12.231208,6.8153443
Q6P253,10090,0.0,14.754603,10.756592
Q922U7,10090,,13.665353,8.76891
Q6EBV9,10090,732301.0,11.951474,8.421375
D3Z347,10090,0.0,15.734473,10.437509
Q9JHR7,10090,801773.0,9.2986765,10.877506
P09470,10090,780381.0,10.855511,7.638251
Q7JJ13,10090,794196.0,12.487849,9.028685
Q9D892,10090,1027427.0,8.039517,12.177197
P12660,10090,729790.0,9.875412,7.940494
Q9D0G0,10090,780050.0,12.186833,10.112926
A0A3Q4EHP3,10090,0.0,10.572976,7.7599554
Q3UTQ8,10090,0.0,13.793437,9.403601
Q9EQ48,10090,719662.0,18.13199,13.487115
Q9Z2D7,10090,731819.0,11.767498,8.402859
Q9D7M8,10090,803052.0,10.96456,10.356905
E9PYG6,10090,793552.0,8.9952345,7.5980854
Q6A087,10090,,11.578264,10.009811
Q3UZU4,10090,,17.587505,10.036042
O88199,10090,810760.0,10.462363,7.1522856
Q80XJ2,10090,0.0,13.307024,8.768178
Q925H1,10090,754044.0,13.870465,8.801513
Q8CF98,10090,756782.0,11.430077,7.1197233
Q8VGE3,10090,732285.0,18.538925,13.439574
Q99NH2,10090,0.0,12.490938,8.917768
Q99JG6,10090,0.0,11.249346,9.340059
Q5QNQ6,10090,793143.0,11.18963,8.810913
Q1WWJ5,10090,718991.0,15.95531,12.205403
Q8R1H9,10090,,11.157246,6.9509625
Q3UG93,10090,0.0,13.728648,8.362645
Q9JII1,10090,739132.0,10.816346,8.588
P50446,10090,736585.0,-0.716212,14.94049
Q9R0Q1,10090,760142.0,11.37317,9.550976
Q8CI52,10090,748223.0,11.758316,9.588119
Q70KF4,10090,731661.0,13.770465,8.701799
Q80X81,10090,1027540.0,6.948826,12.252747
Q3UGC3,10090,,13.0463295,9.384319
Q9D924,10090,802952.0,7.962227,11.859662
Q5DU25,10090,742078.0,13.11279,8.93707
P63323,10090,801915.0,9.437115,13.3696995
O54926,10090,778555.0,13.312237,9.35153
P41139,10090,748915.0,14.662139,8.429603
Q69ZS0,10090,761040.0,12.321683,9.259268
Q8BTW9,10090,751268.0,12.822139,10.829696
O35144,10090,0.0,12.2585945,8.513171
P51658,10090,751231.0,9.462367,10.353282
Q05504,10090,,11.373083,7.1352367
Q8VH37,10090,1027648.0,8.522465,7.646464
Q8BLR7,10090,786230.0,5.707996,18.735878
Q9D6T1,10090,803316.0,8.154162,18.877405
A4Q9F4,10090,778497.0,9.614727,7.727902
P60867,10090,1027387.0,8.993625,13.781377
P49891,10090,805156.0,9.185501,11.326315
Q59IW7,10090,0.0,13.60929,8.328959
Q9JHI0,10090,753070.0,11.237242,7.1271996
P13346,10090,747384.0,12.578445,8.566893
Q9JLC3,10090,789097.0,11.143696,11.968255
O35258,10090,0.0,12.75446,6.2478576
Q9WUJ4,10090,0.0,15.765872,10.668326
P56726,10090,761522.0,9.636989,7.6932163
I3ITR1,10090,802952.0,8.040451,11.971612
Q9JJQ7,10090,718966.0,13.644303,9.3641
Q3LRV9,10090,0.0,11.894379,6.2247257
P15037,10090,746959.0,13.981505,8.764869
Q9JIF3,10090,793066.0,7.8407063,8.886007
P48756,10090,726855.0,12.105752,5.312475
Q8C636,10090,745470.0,13.482661,8.755047
Q99LY9,10090,753951.0,10.441934,12.995439
A6NAW3,10090,,15.010394,10.827471
Q80U70,10090,781588.0,9.460524,8.009064
Q64467,10090,1027400.0,7.7894487,12.850277
Q8C5H8,10090,824922.0,9.762426,8.592522
A0A0A6YX79,10090,747110.0,13.741259,8.242064
P70314,10090,739362.0,14.218619,8.727375
Q3UW53,10090,817306.0,12.480968,8.760865
Q80WQ6,10090,747078.0,11.696842,8.418518
P82349,10090,781524.0,9.203583,7.8914375
B2RXA7,10090,802109.0,6.796742,9.743674
Q9ESN5,10090,0.0,12.1272335,9.637775
P97352,10090,739540.0,9.596901,8.875894
O35955,10090,740039.0,7.9518948,15.862895
Q80VR3,10090,805156.0,9.157544,11.341143
P0DOY1,10090,778516.0,11.397746,9.2415495
Q9D2G2,10090,802718.0,6.885001,10.979321
G3X8Z7,10090,756502.0,12.436694,15.448545
P0C7N9,10090,805895.0,11.569258,10.711288
B2RUS7,10090,792942.0,8.330554,10.075984
Q91X86,10090,780851.0,9.962634,8.393737
Q8VIG3,10090,777918.0,12.078559,8.860611
Q9WUL8,10090,730479.0,14.363113,8.711128
P81066,10090,745635.0,14.505489,8.795141
Q9WV60,10090,801468.0,13.012189,13.844412
E9PZC2,10090,801468.0,11.647018,10.005441
Q8R107,10090,813548.0,9.184102,8.320751
Q8VI51,10090,781423.0,11.324698,7.0778913
B1AQL3,10090,745811.0,11.380833,8.68312
D3YU50,10090,0.0,10.476015,9.979964
O08759,10090,778128.0,10.162091,9.017959
E9Q1C5,10090,0.0,14.845251,11.170876
Q9CPZ6,10090,801897.0,10.892425,12.468092
Q62441,10090,0.0,13.758156,9.646527
Q8C0I1,10090,1027832.0,9.355462,9.71033
P15089,10090,803069.0,10.949415,7.5868597
Q9JJ11,10090,0.0,12.699595,9.395682
P45448,10090,0.0,12.493598,8.375916
P56475,10090,807787.0,9.389791,7.643315
Q6R891,10090,747301.0,10.04307,8.036564
P33587,10090,745496.0,14.262449,15.02585
Q9JMA4,10090,724096.0,11.934004,6.070047
Q3U1B7,10090,801946.0,11.046663,4.7585044
Q80ZK9,10090,801468.0,9.978729,9.582289
Q9CXA2,10090,1028398.0,8.300296,11.839596
Q80SZ6,10090,789253.0,11.35916,9.302024
Q8CG48,10090,802143.0,11.970209,13.777501
P01863,10090,0.0,11.606734,6.3670406
P69744,10090,771782.0,11.148293,8.797253
P97792,10090,754127.0,11.455101,6.690836
Q6PCP5,10090,756118.0,10.281247,8.126456
Q9JIQ3,10090,759586.0,15.1699095,10.676982
Q80WQ8,10090,759733.0,13.600892,8.70782
Q8CBF3,10090,789610.0,11.199484,7.6296325
Q9D9Q6,10090,802225.0,11.533617,12.10114
Q07113,10090,,11.478702,7.30288
Q3TIR3,10090,779978.0,11.004671,10.606969
Q91Y19,10090,763064.0,18.030664,11.023602
Q9R061,10090,801479.0,8.394387,11.758377
Q2YFS2,10090,718883.0,11.875423,6.248385
O08674,10090,793905.0,11.714505,9.299755
O08750,10090,746430.0,14.042601,8.729686
Q8BY89,10090,801868.0,8.719771,8.742264
Q80XP9,10090,737963.0,13.794269,8.863809
Q588F6,10090,,11.950284,6.072053
Q2VPD4,10090,739410.0,13.867035,9.073648
P97474,10090,761491.0,14.329204,8.792169
O35943,10090,732352.0,10.810568,12.699691
Q924X1,10090,739087.0,12.256188,6.789792
Q9CQX2,10090,737827.0,10.904213,11.806716
P60154,10090,726983.0,12.393825,6.608242
Q00PI9,10090,792682.0,12.377763,10.431047
Q3LAC4,10090,781292.0,10.611799,8.885453
A2AS55,10090,794379.0,10.1446085,9.113503
O54901,10090,732613.0,11.8726,6.2543597
Q8C886,10090,0.0,13.294895,8.463923
O88843,10090,759013.0,8.5396185,7.5024333
Q8CH18,10090,761497.0,12.775087,9.852923
Q99MQ4,10090,746929.0,10.421622,6.717299
Q9QUM0,10090,764022.0,10.636268,7.2061696
A0A0G2JEJ5,10090,,16.337229,10.803926
P57725,10090,747337.0,12.394596,9.073324
Q8JZL1,10090,754021.0,11.353123,7.578497
Q9WU66,10090,758300.0,10.508399,6.8996067
P97767,10090,803336.0,14.672395,9.573666
Q91V10,10090,739038.0,14.175543,8.51401
Q8VE43,10090,761255.0,10.856375,6.784458
Q5K5D4,10090,773825.0,12.178529,7.4263163
P36369,10090,794303.0,14.257164,15.028417
Q5KU39,10090,802093.0,9.335007,8.680489
O35691,10090,775580.0,13.074099,9.265006
Q9CR95,10090,802680.0,10.889378,11.765381
Q8CHW5,10090,737912.0,12.495015,9.109908
Q8BSH1,10090,,13.638353,8.756085
Q8BH27,10090,751369.0,12.306317,7.052173
Q8C9W3,10090,765520.0,10.938073,6.9253454
P39039,10090,731924.0,11.40914,7.1032104
A1EGX6,10090,730157.0,13.768996,8.625622
A2AMM0,10090,746301.0,12.495382,9.363607
Q8BLF1,10090,794011.0,8.378697,7.430282
Q9EPK6,10090,780069.0,10.650438,8.416288
O35098,10090,803064.0,8.27366,11.242192
Q9QXZ9,10090,745588.0,17.923626,13.33439
Q05CI6,10090,,17.969275,10.963796
O88855,10090,740021.0,18.242153,13.611894
Q80TV8,10090,0.0,10.875513,9.512066
Q8K3J5,10090,753012.0,14.046568,8.875864
Q2EG98,10090,749427.0,11.83231,6.7445097
Q8CFX1,10090,822414.0,10.543697,7.9760795
Q8CIF6,10090,789080.0,9.214275,8.0225725
P82198,10090,772937.0,10.981971,7.040681
Q60737,10090,801822.0,8.935719,7.645618
Q07079,10090,758307.0,11.188934,6.5492826
O88509,10090,778516.0,10.770924,9.105355
P57759,10090,801700.0,9.739437,12.462809
Q8R4T1,10090,732502.0,13.381276,8.43156
P23591,10090,801706.0,7.1919165,11.769707
Q6Q473,10090,0.0,10.691728,7.190729
F6RGN9,10090,0.0,15.513911,10.456548
Q3TP92,10090,804281.0,9.870038,8.728668
Q80SS6,10090,747093.0,17.92946,13.346202
Q8VBW8,10090,823300.0,10.587586,8.31698
P13405,10090,762458.0,11.934005,11.149094
O35927,10090,745858.0,12.308793,8.823802
P58742,10090,803186.0,10.257419,9.052764
P10126,10090,,7.6461916,12.802906
Q64151,10090,746942.0,10.603436,7.1390057
Q8BLA2,10090,727492.0,15.955836,12.234224
Q920N2,10090,790034.0,9.853578,7.8524423
P58043,10090,803417.0,10.954048,8.894123
Q9D731,10090,719262.0,13.578791,10.685134
P70331,10090,735084.0,13.737638,8.286517
Q70LN3,10090,0.0,14.688638,11.22053
P54987,10090,796668.0,9.042587,11.91469
Q8CCQ2,10090,,17.79738,9.976453
Q8CFZ5,10090,793066.0,8.485479,8.841896
Q9CPU9,10090,771176.0,8.946357,10.021958
Q9WU78,10090,803092.0,10.632788,9.633806
P29416,10090,801707.0,10.688417,7.6294327
P42682,10090,0.0,11.059794,10.21836
Q62384,10090,811223.0,9.982433,10.780542
Q9Z0R6,10090,0.0,11.832647,10.050231
P53564,10090,0.0,12.630876,8.680294
Q60597,10090,1033103.0,8.395227,12.668434
Q3UPL0,10090,,12.79783,10.418019
Q61647,10090,797182.0,9.380545,9.238818
Q9D783,10090,756226.0,10.116122,8.943467
Q9WVH9,10090,758240.0,11.035987,6.900663
Q9Z0F3,10090,737796.0,11.95218,8.58673
B7ZWM3,10090,745986.0,13.434901,8.66872
Q9CYT3,10090,792933.0,7.216245,11.931175
P50540,10090,755456.0,14.600211,8.598625
Q07139,10090,781484.0,10.259607,8.8393135
Q923S6,10090,761307.0,11.588523,8.528399
A2AFK4,10090,803423.0,8.630701,11.026029
Q922S8,10090,737838.0,12.115106,10.49567
P62509,10090,761138.0,12.407347,8.364869
P62827,10090,801989.0,5.7219777,18.690193
Q3TM01,10090,,12.61911,6.3746915
Q9CPY4,10090,740005.0,14.976184,10.331473
Q05C01,10090,763064.0,18.006084,10.998482
Q91WB5,10090,729832.0,12.6545725,6.4036546
O35926,10090,748339.0,11.647519,8.762043
P97432,10090,747103.0,11.489024,8.405524
Q62007,10090,729021.0,18.527012,13.453348
Q8C0X2,10090,803067.0,8.487195,9.444205
P52651,10090,718849.0,15.754729,10.2954235
Q3UT31,10090,0.0,15.972995,12.24006
O70400,10090,772714.0,10.858925,9.565052
Q9D067,10090,0.0,13.344687,8.717081
Q8R5B6,10090,780964.0,9.43105,7.697797
G0XYH9,10090,,10.200725,8.803244
A0A0G2JEB6,10090,,11.865859,10.19836
Q3TSG4,10090,752463.0,10.051851,8.19706
Q99P88,10090,803154.0,10.456455,9.398136
Q8VF05,10090,729820.0,18.532045,13.452617
Q56A07,10090,754395.0,9.879628,7.1593976
P50405,10090,736706.0,11.975532,6.794094
Q9DCR2,10090,801612.0,8.180372,7.3891697
Q3U145,10090,746604.0,11.999422,8.837009
Q9Z204,10090,739310.0,9.955093,8.334316
P08730,10090,738002.0,-0.7133233,14.937828
Q99JX4,10090,802470.0,9.945809,9.457625
A2AUM9,10090,745679.0,12.511313,9.107865
Q8BZ52,10090,745673.0,11.352408,8.688954
Q8BKG4,10090,778376.0,8.718094,8.834977
P84078,10090,1027819.0,2.4385505,8.384694
B2RQC2,10090,733190.0,13.612513,8.784304
P97364,10090,1028748.0,10.986833,9.580439
P20109,10090,731430.0,12.695689,6.3253093
P97445,10090,795766.0,12.731915,10.346219
P22605,10090,762001.0,10.003559,8.234032
O08586,10090,803768.0,9.905812,8.609659
Q7TNC9,10090,810863.0,8.435747,7.5184007
P13020,10090,802055.0,9.379878,9.036117
Q9QZA0,10090,793892.0,9.869138,7.87907
Q9JHY3,10090,723422.0,12.29861,6.6920815
O54916,10090,761123.0,12.600684,8.813488
O88492,10090,0.0,12.822916,9.823515
P33611,10090,802369.0,10.155221,9.545165
A0A142K3A7,10090,,11.853022,6.3633404
Q9QYK4,10090,726791.0,9.804482,7.6562715
Q3UGP8,10090,801468.0,8.751958,8.846225
Q9CR27,10090,805631.0,9.587452,8.24294
Q9Z0U9,10090,752360.0,18.277655,13.659997
Q9JJN5,10090,803627.0,10.977702,7.5931168
Q62082,10090,0.0,12.27294,14.62047
P10820,10090,749177.0,11.285849,7.2761354
P22272,10090,737974.0,11.769981,6.3404365
Q4ZJN1,10090,752613.0,15.599076,14.057495
Q9R0M7,10090,1027831.0,7.4998817,11.66927
Q9CW42,10090,0.0,10.132967,8.153911
Q9DBN1,10090,794013.0,10.266475,8.580587
P56818,10090,778181.0,9.6675415,7.3421316
Q64267,10090,794201.0,10.906984,9.706015
P28309,10090,,12.315639,6.581044
Q8BMS9,10090,755435.0,9.959677,8.0830765
F8VPQ2,10090,758154.0,12.8220415,8.974877
Q9DBH5,10090,792973.0,10.175845,7.5005474
Q2TJH7,10090,0.0,13.901946,8.515142
Q8VCM2,10090,737732.0,11.633314,8.282248
Q8BS30,10090,718910.0,14.575334,11.170304
Q9R0L6,10090,781543.0,15.022633,10.08121
P42582,10090,739358.0,14.361184,8.658573
Q920P1,10090,729692.0,18.53088,13.451944
Q00286,10090,746208.0,14.164247,8.850691
G3X8W1,10090,731759.0,11.87902,8.445278
Q9WUP7,10090,802191.0,8.491946,7.6370335
O88859,10090,,15.969354,12.192227
Q91WV7,10090,1028014.0,10.938991,7.5516105
Q9QYL7,10090,770390.0,11.010914,11.029712
A2AVA0,10090,782051.0,11.347961,6.9183984
Q6NZL8,10090,762817.0,11.289791,6.971686
Q8R2F2,10090,801923.0,8.6105,9.061566
Q9ET35,10090,751985.0,12.147497,6.9512467
Q920G8,10090,,14.502284,14.261043
Q9ERZ3,10090,758885.0,17.876995,13.295213
Q8C924,10090,,18.00697,11.00293
Q9D0T1,10090,777963.0,8.1153555,7.347277
Q8VI38,10090,753993.0,10.700246,7.704311
P15532,10090,801842.0,7.7366366,12.905689
Q02248,10090,789284.0,8.517386,7.4799433
Q9R0I7,10090,0.0,13.747924,9.771368
Q9CQN4,10090,746408.0,11.588238,6.6852264
P53783,10090,752702.0,14.370361,9.219512
O55127,10090,802109.0,6.7730284,9.745546
A0A075B5J0,10090,,11.828301,6.222778
O08848,10090,812449.0,9.302108,8.384925
P63213,10090,760396.0,10.999344,12.100879
Q7TQN9,10090,0.0,18.213816,13.620344
Q99M59,10090,749362.0,10.777822,10.325587
Q61143,10090,,9.309981,8.008564
Q9D7Y7,10090,794303.0,14.330897,15.140172
Q62005,10090,732641.0,11.9307785,6.906491
Q3TCJ1,10090,750205.0,13.066857,9.538519
Q6AW69,10090,745683.0,12.533088,9.273089
Q9R1Q9,10090,781418.0,11.468149,7.342083
Q8VEK3,10090,792682.0,12.363154,10.476854
Q8K3I6,10090,733540.0,12.804312,6.1819396
Q9JM99,10090,738481.0,14.895016,11.76769
Q9Z0L0,10090,746705.0,10.456386,6.973441
A2AQ07,10090,1028112.0,8.23115,18.949394
Q0P614,10090,,11.214373,10.45787
Q99KI0,10090,803384.0,7.6990504,11.097726
E9PUT0,10090,733432.0,15.968002,12.221325
Q6R0H7,10090,0.0,14.391176,10.341997
Q8K1G9,10090,0.0,9.418447,11.296147
Q9EPU5,10090,752608.0,12.23867,6.9090786
Q8K4Z3,10090,802345.0,8.790865,11.38339
Q9Z275,10090,803406.0,10.572677,10.556215
Q80XR2,10090,793026.0,8.179099,9.913704
Q1WG82,10090,726854.0,13.692191,8.251052
O35405,10090,803705.0,10.587009,7.6837244
Q5F285,10090,804765.0,8.833128,11.005253
Q8CDJ8,10090,747261.0,11.722353,9.549516
O70496,10090,0.0,8.6154,7.9874153
E9QAM5,10090,0.0,11.780021,9.057037
Q925I4,10090,736750.0,10.721989,7.6668596
P46414,10090,749162.0,13.385807,8.89477
Q4KL71,10090,,13.968542,10.260098
E9PY03,10090,798554.0,8.469519,11.24313
Q9D8C4,10090,746985.0,11.887979,8.950871
P29319,10090,789610.0,11.223357,7.4325833
Q3V050,10090,801805.0,8.161909,9.457666
Q8BKK5,10090,730717.0,15.951118,12.190322
Q8BJQ2,10090,759172.0,13.332978,8.901798
P97798,10090,784231.0,9.429831,7.273955
Q0GUM3,10090,,10.75374,10.212239
Q61644,10090,792945.0,10.143622,8.413068
Q3US41,10090,0.0,9.740156,8.487102
A6H6T7,10090,0.0,9.852251,10.490458
Q9QZ20,10090,732353.0,18.509476,13.452095
P53702,10090,802141.0,10.506877,10.433573
P56655,10090,793104.0,6.802265,9.746462
Q8BG30,10090,789091.0,12.413493,8.904516
Q61510,10090,751332.0,11.496742,8.941188
Q68FD7,10090,780037.0,11.805607,8.609672
Q2LKW6,10090,0.0,11.843101,8.257649
Q99N50,10090,0.0,13.32071,9.053746
Q9CQ75,10090,802798.0,8.422492,11.400938
A0A1L1SUL4,10090,725012.0,16.546726,10.662996
P85094,10090,802924.0,8.703334,11.074742
A2AWF2,10090,718776.0,15.812746,12.2070265
O88838,10090,780964.0,10.381377,7.9904237
P28843,10090,803658.0,10.907312,7.6090283
Q3TCN2,10090,803012.0,10.6051655,7.57144
Q00724,10090,752649.0,11.942305,7.3188205
Q3TDZ7,10090,,12.562125,6.343619
Q9D753,10090,802119.0,8.940065,8.713121
Q8CI66,10090,777915.0,11.84594,9.14588
Q9D328,10090,761580.0,10.584258,8.896588
Q60823,10090,792940.0,8.942312,7.5377717
P38585,10090,806950.0,10.084514,9.962617
P08074,10090,792933.0,7.1579776,11.999901
Q9JIY8,10090,784340.0,10.412636,8.43359
Q8BLG0,10090,763944.0,13.466035,8.752193
O35716,10090,746697.0,11.418027,8.302718
Q8BH07,10090,729924.0,13.120855,11.107667
Q8R2K4,10090,0.0,11.795856,8.299172
I3IT07,7955,,14.575943,9.33017
Q6DHK7,7955,755486.0,12.342542,9.425719
A0A2R8Q880,7955,,11.253765,6.8795447
A0A2R8PXW3,7955,,11.727195,9.517808
B3DFP9,7955,700392.0,11.506499,12.954548
Q567C9,7955,,12.068343,6.317205
E7F4A6,7955,,13.788855,8.930679
F1QKA6,7955,,12.572893,7.2884965
Q6NW96,7955,753118.0,14.582717,9.11904
A0A0R4IU08,7955,,10.844814,6.8450303
E7F9Q3,7955,,9.94389,8.370133
A0A2R8QKQ0,7955,,11.188116,10.065078
Q6PFQ6,7955,,11.723271,11.363983
F8QXP3,7955,,10.95946,7.4546194
A4FUK8,7955,,8.167012,7.3530526
F1QDB2,7955,,12.109715,6.3034034
A0A2R8QRQ5,7955,753920.0,15.890376,10.341905
F1R4Z6,7955,682371.0,14.159992,9.236961
Q5CZN2,7955,1033118.0,8.4692955,12.241545
A3KNQ9,7955,,11.857629,11.24247
E7F4N7,7955,782115.0,16.126429,10.833584
F1R4W7,7955,,11.474536,9.567997
A0A0B5JK18,7955,,10.724499,6.8075666
Q08BE2,7955,701823.0,19.825277,9.725121
F1QX08,7955,0.0,12.44608,10.161079
F1QHE7,7955,,13.821219,8.798107
Q7ZW07,7955,803154.0,10.6206665,9.5757885
F1Q749,7955,804897.0,7.674461,10.463905
F1Q5Z8,7955,784190.0,12.917061,9.244848
F8QXP2,7955,,10.772745,7.610237
Q7ZVJ7,7955,,10.859707,8.991954
Q5RJ11,7955,801468.0,11.068822,10.14963
Q9I9P4,7955,,14.896102,9.800512
A0A1D5NSX4,7955,,11.528275,12.046539
B3DIZ6,7955,739204.0,10.814595,7.2276955
A0A0R4ITE7,7955,,9.535751,7.3410296
Q4V9Q9,7955,,11.660496,9.568463
Q7T2E1,7955,802537.0,9.855426,10.530536
Q98SM7,7955,,12.398788,8.4022255
Q6TNV4,7955,,8.641901,8.631736
E9QH22,7955,,9.590229,9.489557
Q90WX5,7955,807520.0,3.9048595,9.254775
A0A2R8QEH1,7955,,12.574571,7.167964
A0A2R8QDT8,7955,,11.082031,7.4440746
G1K2P7,7955,,11.217028,7.863846
Q803X7,7955,793150.0,10.98572,10.295315
Q1RM48,7955,,11.392715,6.6947694
A0A0R4IT56,7955,,11.9589615,6.3399534
A0A2R8QQS8,7955,,10.869133,11.94441
E9QJD9,7955,,15.638574,10.900381
A0MGZ2,7955,758155.0,10.60193,7.1706667
F1R5S7,7955,748988.0,14.3750725,9.071534
A0A2R8Q8S1,7955,0.0,5.464086,18.977448
Q6P0D4,7955,,10.232257,9.364776
A0A2R8QHC0,7955,702458.0,14.591402,9.07113
A9C3V4,7955,778380.0,8.752668,9.811925
A0A0R4IL71,7955,801773.0,9.27589,10.878461
B3DK48,7955,801992.0,10.282354,8.834797
A5X7A2,7955,,11.65921,9.077869
A0A2R8QK04,7955,803765.0,10.547728,9.673819
F1QYL9,7955,,11.954999,9.483662
I3ISG2,7955,,14.360395,9.29562
I3ITN9,7955,,7.5612564,12.097885
E7FGG5,7955,,9.221131,8.660836
Q2KNE0,7955,802576.0,10.12981,10.857017
A8E579,7955,,11.612231,8.992752
X1WET9,7955,802155.0,9.163244,8.583876
B0V3V6,7955,,14.146277,9.238265
Q571R1,7955,,12.845519,6.135757
A0A0R4IZ98,7955,,13.121189,10.308366
A4VAK4,7955,753918.0,13.758938,7.4600835
O42245,7955,,14.764535,8.599447
Q802F6,7955,,11.311863,11.622605
Q503H0,7955,,6.756721,9.735494
X1WGE7,7955,,11.294545,6.6888323
E9QDC6,7955,,9.54326,7.160721
D1L3Y5,7955,702281.0,13.83255,9.949263
Q08BN5,7955,,14.464481,9.483286
Q32LW4,7955,,10.285534,7.773449
A8WGQ0,7955,801946.0,11.032761,4.7386885
F1QMB9,7955,0.0,9.90305,8.329312
Q90490,7955,,9.504789,7.211165
Q503J4,7955,,8.2701645,9.670022
A0A2H4DYP4,7955,,11.361154,9.435316
E9QF86,7955,,10.358878,7.787891
A0A2R8QQC5,7955,,13.5440855,8.697632
A0A2R8RN27,7955,,9.305529,11.291141
Q803S1,7955,755606.0,9.837667,8.127201
E7EXI9,7955,,12.045461,10.815374
Q6DG24,7955,,12.941992,9.2898655
F8W3M1,7955,,12.048262,6.811161
E7F5L8,7955,803369.0,13.167741,11.439285
B3DKI8,7955,0.0,10.238661,9.888105
A0A0R4IIJ7,7955,,12.834269,9.262306
A0A2R8QJC5,7955,,11.456575,7.7174153
F1QYF8,7955,,11.822835,9.425505
F1QQS8,7955,,14.307852,8.711744
Q8JIZ3,7955,,14.475806,8.866245
Q3BDS6,7955,793477.0,12.000985,11.456117
A0A286YAF2,7955,0.0,11.641885,8.954983
Q6IQA6,7955,803020.0,10.990862,9.804292
F1R0R6,7955,,11.4874935,7.7934475
O73708,7955,749052.0,13.527418,9.338992
B3DIF4,7955,0.0,10.321403,8.517895
Q567J8,7955,752449.0,14.432544,9.000941
A2THE9,7955,785211.0,11.974216,9.686561
A9JT21,7955,1027286.0,8.1860075,12.148646
B0BLV5,7955,755639.0,13.011708,9.476632
F1Q9X9,7955,801975.0,10.059372,11.763356
Q568W5,7955,700347.0,11.954373,8.831977
Q7T372,7955,804822.0,9.867641,10.443927
Q4V8U0,7955,756312.0,12.795762,8.587211
Q6P0S9,7955,802369.0,9.984932,9.8054285
Q6PGX7,7955,,12.3748455,10.940279
A0A0J9YJK4,7955,,10.0698,11.602827
I3ITB4,7955,,12.990044,10.023726
A0A0R4IQ43,7955,700902.0,12.096389,6.6551533
Q78AN2,7955,794536.0,10.611519,9.16639
A8WHZ5,7955,0.0,8.478121,7.594615
O93430,7955,0.0,12.434767,15.439122
F1R2G3,7955,,11.128643,8.824317
A8WFV4,7955,,12.400833,9.266649
A0A2R8QU45,7955,,10.296748,9.423576
B3DJX7,7955,0.0,13.315267,9.834349
F1Q6N2,7955,,12.342475,6.7843513
F8W5C5,7955,,11.563505,6.377261
A0A286Y9D1,7955,789488.0,12.650384,10.103896
F1QRR8,7955,,11.985911,9.4552965
F1Q7Y5,7955,754007.0,12.098288,8.056216
A8BB35,7955,,10.44326,6.8796782
Q9PTU1,7955,745763.0,14.688374,8.752817
A0A2R8QRZ7,7955,801913.0,10.096215,9.114428
A0A2R8RZW5,7955,,11.973378,6.1033907
U3JAI2,7955,,11.926051,7.165459
Q6PNC5,7955,,13.177182,9.8414755
A0A2R8PWD5,7955,,10.204208,8.532664
A0A2R8PZT2,7955,,11.311868,10.527829
Q7T2N8,7955,794303.0,14.60024,9.10825
Q7ZW47,7955,759235.0,11.156982,8.879203
F1Q8E8,7955,,9.945983,8.42256
X1WEI8,7955,,12.223066,9.69943
A0A286Y8Z3,7955,,11.999052,11.036444
B0F0Y7,7955,,12.151004,5.2676873
A3KQW9,7955,738969.0,13.727985,9.371915
Q8UVC1,7955,700333.0,12.192986,9.926709
A7MCR7,7955,802365.0,10.955934,7.4549212
A0A0G2KZL6,7955,,11.553405,10.674322
A4QN78,7955,,8.525858,12.009357
A2CEW3,7955,752326.0,11.471378,7.0939064
F1R3Q5,7955,,11.244911,8.915483
B2KL77,7955,0.0,10.945328,9.807333
O57420,7955,,14.32578,8.865749
G9D324,7955,,10.697671,7.116144
A0A2R8QJI4,7955,,10.941816,10.0388
Q6WEE1,7955,,13.989564,8.789549
E9QFM2,7955,,15.800857,10.402116
A0A0R4ITC9,7955,,16.249197,10.491627
A0A0R4IZW3,7955,,9.634379,11.779019
Q7SY29,7955,793048.0,8.642369,8.227052
A0A2R8QSD0,7955,,13.691476,8.567937
F1Q5V0,7955,,9.894057,7.205989
A0A2R8QM92,7955,,12.099446,6.4438047
Q8JH68,7955,804028.0,10.7503195,10.450226
Q6YLA3,7955,,11.45003,9.235598
A7TUD4,7955,,9.122764,11.08152
A0A0B5JFA0,7955,,17.990557,10.98418
A1L224,7955,747269.0,12.545878,8.531191
Q5U3Q7,7955,,10.850131,10.131017
Q5RKQ4,7955,,8.999094,11.636143
E7F9Z1,7955,758674.0,11.221952,7.0818615
F6NZ60,7955,807605.0,8.349695,12.033682
A0A2R8Q4P3,7955,,11.648971,9.502863
A0A0B5JS36,7955,,12.368395,6.9322934
F1RAI8,7955,,8.125586,12.072628
E9QCC2,7955,,11.431803,6.8305864
Q6PBA4,7955,,14.559609,9.1602335
B3DJQ3,7955,792971.0,10.729878,7.183408
E9QHE3,7955,778859.0,11.352876,9.052114
F6P3F9,7955,,8.776922,8.108668
F1QVN3,7955,,15.696149,10.462724
Q6DGJ9,7955,740588.0,11.211275,5.389911
Q2Z1R2,7955,752702.0,14.376303,9.275083
Q6W2J8,7955,0.0,14.017198,8.858969
A0A0R4IKJ8,7955,,7.9970574,8.913278
Q9PWD8,7955,753109.0,-0.7139787,14.938271
A8BB75,7955,,10.397255,6.8435464
Q4V9G9,7955,,9.205967,11.372411
F1QH78,7955,,17.906374,13.314272
Q9PTR4,7955,,-4.6710215,9.370583
A1L2D9,7955,804677.0,14.2443905,14.965292
Q502J6,7955,745602.0,11.325656,13.014537
Q5QNP2,7955,,18.202766,13.562273
Q5RHV5,7955,,12.652961,6.714103
Q1LXG1,7955,,9.401011,9.145976
B3DI86,7955,701495.0,11.493814,6.9694886
F1R332,7955,,18.01999,13.406117
F1R452,7955,,7.9451833,11.65828
G5CIM4,7955,,13.787114,9.935838
Q7SXM7,7955,802676.0,10.3709955,9.419905
A8DZG9,7955,739153.0,14.281604,15.054592
Q8JHU4,7955,,10.890473,8.63898
A0A2R8RID6,7955,,10.760838,6.8469872
A0A0B5JK41,7955,,10.986455,6.5657935
A0A2R8QEC5,7955,,6.877962,10.981206
Q568P9,7955,745740.0,11.131464,9.496327
O42557,7955,,10.645052,12.2926445
F1QF55,7955,,9.945088,8.585834
X1WGV5,7955,739605.0,15.773822,10.335138
Q5RIW8,7955,0.0,14.297491,10.499041
Q92173,7955,,10.80553,7.157632
Q9W6I7,7955,759299.0,11.204474,6.870339
Q6TLG2,7955,801663.0,7.615854,10.516381
A6H8R3,7955,,10.531174,9.391133
Q502C8,7955,,7.6485615,12.169788
Q5U3T3,7955,804281.0,10.015616,8.847801
Q6ZM69,7955,,10.768921,7.3611927
Q7ZUT3,7955,804897.0,7.6481333,10.499546
P79739,7955,802109.0,6.787535,9.75882
A0A0R4IRF5,7955,,11.245338,8.642213
E7FFI0,7955,700653.0,13.289301,8.837958
B0V1H9,7955,,10.901534,7.864237
E7EXI2,7955,,10.856195,6.7524605
Q7ZW70,7955,,17.803726,10.028536
A0A0R4IPT5,7955,754515.0,13.693977,10.266043
F1QXA3,7955,,11.782798,7.3992662
O73783,7955,,14.636671,9.038788
Q1JPW0,7955,765483.0,13.015459,9.073598
B2BJC1,7955,746463.0,14.271044,9.360837
Q6IQB9,7955,,10.752769,9.871412
A4JYG8,7955,,10.982031,6.5197387
A0A2R8QFT6,7955,,10.451041,7.063616
E9QCH0,7955,,11.2904415,10.377424
E7EXY4,7955,,10.998349,11.151276
A7E2H8,7955,,10.491251,11.926708
A3KPJ8,7955,,8.843459,9.885463
A9JRD8,7955,822928.0,11.469559,9.462623
Q7ZU76,7955,783186.0,11.220997,9.997213
F8W3U9,7955,,11.501752,11.589367
Q7T2V6,7955,697993.0,12.97542,10.427119
A1L1U2,7955,697197.0,13.852324,9.678025
B8JKS6,7955,748987.0,14.285524,9.020208
Q8JHX6,7955,739452.0,11.285021,6.6455703
A0A2R8QU47,7955,,14.347312,10.161032
A0A1B4Z255,7955,0.0,12.538992,8.673491
Q6NYV1,7955,802607.0,9.026108,8.30083
A8E7B8,7955,702125.0,12.1312,6.741782
Q08BE4,7955,,11.5841875,10.087014
A2BG85,7955,,12.439696,15.46399
A0A0R4IGJ9,7955,,14.372459,10.249558
A9JSZ6,7955,,12.505627,9.104808
Q0P493,7955,,6.760126,9.71599
F1RD77,7955,,12.655527,10.306587
A9C3N3,7955,,12.553973,9.924537
Q8QGQ2,7955,,6.94077,12.011026
A0A0R4I9U3,7955,,11.58579,10.6174345
Q6PFJ6,7955,793002.0,9.344694,12.83674
Q4G099,7955,693545.0,13.37518,11.16486
B2BJ88,7955,,12.143887,6.347196
A0A0R4IE87,7955,,12.162365,10.990367
P53406,7955,780775.0,12.46251,8.356139
B8ZHI7,7955,700429.0,12.667049,6.3771267
Q6JIY4,7955,754090.0,14.763083,8.684525
F1QVE6,7955,,10.551333,9.81926
Q32PP9,7955,756329.0,14.6924,9.047178
E9QH15,7955,,8.9556265,8.834755
Q569P7,7955,747375.0,12.862282,6.1144376
Q8JH93,7955,,6.7704663,9.734545
P60622,7955,,13.093572,8.792735
A0A0R4IDS8,7955,,11.165192,6.928476
B8JME5,7955,,10.286593,7.0094233
D3TI82,7955,,14.3158865,17.506668
A0A0B5JSB7,7955,,11.153376,7.1059594
B0ZE98,7955,747379.0,12.156454,6.7452116
A0A0R4IC19,7955,,11.408694,10.600314
Q5GIT4,7955,761889.0,11.598931,7.3596354
F1RDZ6,7955,755515.0,12.438263,15.450641
Q8AWX9,7955,,12.508135,9.05695
E9QEX1,7955,,8.231498,7.393693
A0A0R4IFW9,7955,,11.225108,10.148142
E7F537,7955,0.0,12.157937,7.255999
B0V3R3,7955,0.0,11.4686165,8.790526
A1IMA9,7955,,10.843069,10.175925
Q4V9H0,7955,,11.486543,8.8871
O93409,7955,779281.0,12.269748,14.608864
D3KVM1,7955,,13.382746,8.491051
Q803T2,7955,0.0,9.686638,8.7033825
Q708S4,7955,778048.0,9.397311,7.6260557
X1WBQ2,7955,0.0,14.247934,9.012472
A4VAK3,7955,,8.000413,10.317905
I3ITM9,7955,683824.0,13.375408,8.614713
Q5NJL4,7955,,10.910728,7.127939
M1WXG8,7955,780388.0,10.751627,7.094322
E9QEB4,7955,,11.030804,4.766073
X1WBC5,7955,,15.078302,12.046112
Q803N0,7955,789228.0,10.6516695,9.596938
I3ISF7,7955,,12.23239,14.579931
B0S791,7955,,16.181095,10.627221
A8DZG7,7955,805983.0,11.638338,9.039218
A0A0R4IUY2,7955,,10.625235,10.578868
Q6PBT8,7955,756555.0,11.181815,7.4649763
A5PMG3,7955,0.0,8.205909,13.333413
D2DUP7,7955,,10.933703,7.2908654
A0A0R4IIY5,7955,0.0,10.234398,9.237282
Q5XJ81,7955,802558.0,10.028342,10.460352
A0A2R8Q0U9,7955,759644.0,11.700487,6.9973235
Q6DRL1,7955,792989.0,10.948788,11.335761
B0R0K7,7955,,11.415584,7.526964
A0A286Y9T9,7955,,11.276827,7.9668274
Q499C1,7955,,10.3047285,6.8575397
A0A0R4IGC8,7955,,11.2014,6.9354405
B8A458,7955,795171.0,10.620862,10.4326515
Q6JWU7,7955,802342.0,8.77906,8.090435
A0A0A1GU50,7955,,10.607776,8.704927
Q6IVB9,7955,702166.0,14.915371,10.121446
A8E566,7955,803980.0,9.993768,8.215563
F1R406,7955,,8.114751,7.299062
A1L245,7955,801908.0,9.236513,8.681954
A0A0R4IT86,7955,0.0,11.274922,6.78884
Q6PWU7,7955,702657.0,14.805374,9.233183
I3IT59,7955,,14.537311,10.459575
Q6IWP4,7955,,10.02101,12.659747
Q7T289,7955,746370.0,14.1846075,9.274065
F1QAS7,7955,,11.496057,7.6181035
A0A0B4P589,7955,,17.670801,10.083722
D3XD68,7955,,10.428569,7.7560425
A0A2R8QA47,7955,,10.385293,6.8101687
X1WED5,7955,,13.242443,9.421406
Q7ZTV9,7955,,10.91572,7.5662236
Q6STL0,7955,802359.0,8.442753,7.527258
Q0Z946,7955,0.0,0.35056698,6.87445
Q3YAA0,7955,,10.9200115,7.3298483
F1RBP8,7955,,11.4477625,7.081416
Q66I28,7955,758307.0,11.215348,6.5243726
A0A0R4IYF1,7955,,12.0064,9.5306425
Q1LUM9,7955,803191.0,10.226567,9.376633
G8CXX6,7955,702529.0,14.222846,14.983101
A0A0G2KTP6,7955,,12.568809,9.296383
Q1JQ71,7955,751267.0,11.927742,7.1709075
Q7ZU37,7955,,13.865539,9.088021
F1QW66,7955,,12.008149,7.1240177
Q6NWD4,7955,753054.0,9.643308,8.604258
Q7T2E2,7955,726596.0,12.249215,7.8210196
F1R914,7955,,11.329491,8.526279
F8W463,7955,0.0,10.884069,7.878253
A0A1D5NSQ7,7955,,14.608209,8.670944
Q5XJ87,7955,801878.0,8.879649,10.243638
F1QQP4,7955,,10.42875,10.367819
Q1ECV4,7955,780110.0,12.057833,9.555274
A1A601,7955,780712.0,13.074235,8.965737
A0A2R8QGD9,7955,,9.534312,9.410643
A8E7G5,7955,746626.0,10.69043,12.949012
E9QI60,7955,,14.9558,10.148051
A2ATX2,7955,,9.923819,9.807403
B3DGZ9,7955,0.0,7.538766,11.23841
A0A0R4IWM7,7955,,12.069131,9.372363
A0A193GP06,7955,752715.0,15.336571,10.3968115
Q9YHU2,7955,,11.429718,7.0487337
F1QQ36,7955,,12.109106,9.377488
A8KB18,7955,,12.123712,9.913498
Q6R5J2,7955,762794.0,10.210195,8.411843
O57416,7955,683818.0,14.368593,8.861409
Q08BE9,7955,,12.402705,8.389918
E9QI84,7955,,8.9566345,8.223928
Q6P0G6,7955,801468.0,12.242247,14.589975
A0T2N3,7955,754115.0,18.25564,13.621828
E7F1G8,7955,792989.0,9.851295,11.222176
B3DIJ2,7955,,18.281984,13.653887
Q5RIF1,7955,,8.022048,11.775805
A0A0R4IH56,7955,781566.0,12.257611,9.438197
A0A2R8QE16,7955,779933.0,11.786474,9.095772
F1R653,7955,,9.002539,11.758949
E7FAN3,7955,700933.0,13.872794,8.857456
A0A2R8QDU7,7955,,10.503297,10.85545
Q08BR0,7955,,11.946114,9.40934
Q6DGK6,7955,802274.0,8.551615,11.59087
Q5RHH4,7955,801731.0,10.394306,10.934208
A8WHV5,7955,139706.0,10.621293,8.8545475
Q708S8,7955,823345.0,12.431687,15.426067
Q8JFE3,7955,0.0,12.990023,9.33269
Q7ZV50,7955,793091.0,9.829391,8.849865
F1Q9F5,7955,802151.0,9.412543,8.521016
Q6DG42,7955,0.0,11.348053,10.538773
F1QAX3,7955,,11.334108,6.5433316
A4FVN3,7955,,8.698654,9.881211
E9QB18,7955,,12.95897,10.700961
Q6DGH9,7955,761359.0,14.2704315,8.812201
E9QI17,7955,793051.0,9.426779,11.214613
Q4QRC7,7955,755447.0,11.264425,9.852246
A0EXC6,7955,,9.073561,11.304097
B1Q3I6,7955,,11.765534,7.437044
O93275,7955,1040094.0,7.4369154,11.909183
A0A158VHB4,7955,,11.461573,7.131058
F6N9H6,7955,,9.022752,8.194707
A2BG45,7955,781699.0,9.991008,8.166457
Q1JQ65,7955,,11.574452,7.3843055
Q7ZVH8,7955,801468.0,11.219432,10.480737
A4QNU9,7955,793800.0,11.564512,8.165037
A0A0R4IDF8,7955,,12.442363,6.8341312
A0A2R8QF98,7955,,10.377034,6.7692966
Q4PLX4,7955,,11.000882,7.923181
Q56A56,7955,,12.199483,8.35075
A0A2R8QU90,7955,,11.424159,8.88765
F1R9S3,7955,793630.0,10.735571,9.234118
Q9DD59,7955,0.0,14.810425,9.7520895
A0A0R4IJX9,7955,747405.0,12.074902,7.3273015
E9QEX8,7955,,12.022478,7.584199
Q6P954,7955,702250.0,13.3222065,8.919776
A0A0R4IUB7,7955,,8.874497,12.265909
Q568G5,7955,,18.173382,13.529608
F1QPD2,7955,,13.505178,9.066404
A0A2R8QA90,7955,,11.046752,11.011602
D3J0E7,7955,779857.0,10.78225,8.060148
X1WE18,7955,739577.0,12.496871,8.642388
O13033,7955,766486.0,12.54564,10.682933
Q9W6G5,7955,824137.0,17.983517,10.971866
F1QSJ4,7955,,10.316508,7.588776
B3GQ72,7955,761375.0,11.370057,7.1133437
Q7ZW36,7955,0.0,10.283817,8.6818075
A0A140LGM8,7955,,15.513635,10.711055
D3KYL2,7955,802884.0,8.259994,7.4146247
A0A0R4INC0,7955,,10.130218,10.199699
Q6PBU2,7955,,12.269572,9.801732
Q561T3,7955,,10.571854,8.996748
A0A2R8Q8W1,7955,,15.763183,10.348039
Q6DEG6,7955,,9.928112,9.924685
B2BX11,7955,,8.906778,10.04386
A0A2R8RXI2,7955,0.0,8.350267,10.072698
B1NAT5,7955,,14.294502,9.2157545
Q6NW62,7955,761807.0,12.013507,9.143461
Q5CZM8,7955,,15.099697,10.044039
A0JPF2,7955,,10.604357,7.1172786
Q568S1,7955,701901.0,11.534476,8.770531
B8JM41,7955,769207.0,12.417586,8.835593
Q9PU61,7955,0.0,14.520293,8.8988285
A0A158VF47,7955,,11.482317,7.088249
Q6DGL6,7955,,14.400246,9.28687
Q6P0Y7,7955,746608.0,11.161546,8.475393
Q9IAI9,7955,761570.0,12.359387,8.446005
F2Z4R3,7955,805911.0,9.492144,9.1912
A0A0R4ISY7,7955,,13.869908,8.54578
Q32P38,7955,,11.668113,10.120013
F1RC79,7955,,13.348145,11.114012
Q1L913,7955,,11.693164,9.593479
Q32PQ7,7955,,9.53274,10.292973
A2CF37,7955,,11.540414,7.184625
A0A2R8QFL1,7955,,8.277766,9.959129
B0BLY0,7955,802477.0,10.575505,9.386033
E7F073,7955,,12.037623,6.83171
A0A2R8Q8P2,7955,,11.17317,10.592638
A0A0R4IPL2,7955,0.0,14.247483,8.842217
E7F7E3,7955,,10.421503,10.949251
A0A286YAA1,7955,,10.059967,9.824874
A0A0R4IN23,7955,,14.908928,10.079863
A9LDD9,7955,1027291.0,7.8597503,12.587511
B3DJW5,7955,802249.0,10.024097,12.6711
F1QKH5,7955,,12.404305,7.1551714
Q7SY37,7955,793488.0,10.913921,10.333586
A0A2R8QPH1,7955,,7.965947,7.175014
Q5TKT1,7955,,11.391086,6.703049
A0A2R8QP95,7955,,5.6793294,18.772776
A0A2R8RWL4,7955,,10.231284,11.032049
B3DHS1,7955,746055.0,15.60445,10.331096
Q1L8E9,7955,,11.337128,6.9851594
A0A2R8QDM4,7955,,13.191912,9.744273
Q1MT45,7955,,13.871816,10.220143
Q6DGW7,7955,746177.0,12.350273,8.336193
X1WH33,7955,,6.847107,9.804966
Q6PC35,7955,0.0,10.150988,9.61533
A7YX81,7955,739595.0,14.985702,10.079159
B7ZD71,7955,697496.0,14.7400465,8.379368
A0A2R8QN27,7955,,11.462735,10.14625
A0A0N9E2K8,7955,755455.0,10.829057,7.1440635
F6PEW1,7955,,14.245528,9.247041
A0A2R8Q3C5,7955,,14.115653,8.870211
Q8UUR6,7955,,13.419907,8.993976
Q561P8,7955,,9.7880745,11.009579
A5WWJ4,7955,765626.0,10.943412,7.113019
A0A2R8QQW1,7955,,11.822328,10.132217
Q6Q415,7955,801673.0,9.296363,13.994092
A0A0R4IPR8,7955,781699.0,9.625681,7.958274
Q7SZC8,7955,,8.717546,10.038494
F1RCM2,7955,,10.932338,8.446376
F1QLQ0,7955,,14.535739,9.235399
A0A2R8Q9Y9,7955,,11.319406,9.787196
Q1JQ00,7955,772714.0,14.720664,9.479346
E7F2H8,7955,803069.0,10.968093,7.6231847
B0S5G3,7955,780347.0,10.709563,7.1472
Q6AXJ2,7955,801492.0,10.4028015,11.187298
A0A0R4IPC6,7955,,18.125359,13.48106
A4KUH9,7955,,16.290857,10.872943
A7E2H6,7955,,11.504777,9.2472925
Q803V1,7955,,12.368722,8.80226
A0A1L1QZT2,7955,,17.863327,9.982869
A0A2R8RT44,7955,780453.0,11.822611,9.391452
A0A0R4IQT5,7955,,10.264083,7.5449886
B8A5G4,7955,0.0,11.487161,6.9287896
G8IHT9,7955,,11.316416,7.0662594
A3KPH5,7955,739614.0,10.703037,7.133919
Q29VH7,7955,,18.278715,4.811464
F1QGC8,7955,1028314.0,16.057838,10.702211
Q7PLT4,7227,802885.0,14.497857,14.257889
Q8IMH5,7227,0.0,12.033739,7.434101
Q9VMJ5,7227,805484.0,7.439442,13.578987
Q9U5L1,7227,802726.0,10.961094,11.408783
P18935,7227,777846.0,3.690391,12.445529
Q7JMZ1,7227,633214.0,12.48255,10.510832
Q9W1B0,7227,793470.0,11.797268,9.968492
Q95U43,7227,,14.736502,10.342953
Q8IHC2,7227,801975.0,9.833343,12.056448
Q8SYJ7,7227,,9.444474,8.9723
X2JAD3,7227,,9.715727,9.148843
Q9NFX3,7227,803384.0,8.032121,13.117002
Q2XST3,7227,803064.0,8.177038,11.8227
E1JHP9,7227,0.0,11.796297,9.935608
Q9VDS3,7227,625381.0,13.9199915,10.420791
Q8MRA9,7227,626179.0,14.364436,9.904058
M9PBJ9,7227,0.0,8.712284,12.375936
Q27320,7227,,14.969737,11.877769
Q9VZW3,7227,621971.0,12.901125,11.04246
Q95T68,7227,,17.904243,9.940984
A0A0B4K6Z6,7227,,9.518685,7.1914663
Q9XYN7,7227,802144.0,7.9542427,15.81287
Q7YTE8,7227,628549.0,17.7757,13.226557
Q9VFU7,7227,634043.0,11.513035,6.852556
M9NEJ8,7227,0.0,11.406772,6.6296587
Q9W224,7227,617043.0,12.521603,10.145063
Q9VG58,7227,801582.0,8.208704,11.069282
Q9VVR4,7227,808107.0,11.345152,7.6174583
Q56JH7,7227,628189.0,13.671974,9.557683
Q0E9B7,7227,621753.0,13.692927,9.878217
X2J9Z3,7227,647932.0,11.233539,7.4380026
Q2UYJ8,7227,620081.0,12.187164,6.811042
Q6V6S2,7227,643048.0,12.108565,7.332913
O76767,7227,802022.0,9.112439,10.309451
Q8SX64,7227,0.0,12.372133,9.734882
Q6GV06,7227,619148.0,12.049938,7.521624
A0A0S0WN65,7227,0.0,11.038916,10.727599
Q8IQI3,7227,630870.0,13.510593,9.469985
E1JJE4,7227,0.0,11.532034,7.2947817
Q9W381,7227,0.0,14.432395,9.902187
A0A4D6K823,7227,789416.0,8.962382,7.513807
A0A0B4LHM3,7227,0.0,11.088645,7.615125
B9A0M7,7227,626681.0,14.47034,10.048815
O77460,7227,803046.0,10.349041,12.82669
M9NFA6,7227,0.0,11.053284,8.069516
Q8IGW5,7227,634146.0,12.593491,9.9494095
B5RJR1,7227,0.0,12.587487,9.152054
Q9VJY6,7227,801774.0,9.448058,13.588451
Q7JUM5,7227,0.0,14.039848,10.2315
Q9V8R9,7227,630425.0,13.027592,10.448151
Q7KMQ0,7227,802378.0,9.903025,11.850138
Q8T948,7227,,17.977928,9.904054
Q8T401,7227,,13.325111,10.262557
Q9VYW6,7227,648234.0,8.79132,9.876585
Q4V3N1,7227,619945.0,12.212248,7.399134
Q9VC44,7227,622206.0,12.157318,5.270932
Q9XZB7,7227,,11.4852705,6.90647
Q9V9Z1,7227,,11.757051,9.747079
Q9VU87,7227,803866.0,10.462042,11.627943
Q9VL06,7227,795431.0,12.055926,9.959237
Q9VV52,7227,621895.0,14.417433,10.03832
A1Z6Y2,7227,619237.0,15.932753,10.750327
Q9VYE6,7227,0.0,12.305981,9.355769
Q95RS2,7227,,15.950619,10.75289
A1Z9R4,7227,0.0,14.32033,9.300241
Q9VJ64,7227,784137.0,11.965963,11.08992
Q9VZI9,7227,635099.0,13.558911,9.729059
Q7KRX5,7227,0.0,13.83666,9.833115
P40688,7227,626597.0,14.908267,10.090147
Q9VNZ8,7227,780004.0,12.147064,10.719729
P06605,7227,1028112.0,8.155447,18.87917
Q9VQG2,7227,804049.0,9.1634035,10.331033
Q9VZ07,7227,804672.0,11.809998,10.254766
Q86P82,7227,0.0,13.889681,9.585165
Q9VCY3,7227,804940.0,10.244976,10.815942
Q70HU3,7227,646142.0,13.292153,9.625179
P42284,7227,0.0,14.243365,9.4367
Q8INF0,7227,628479.0,12.404918,10.049041
Q8MR94,7227,,10.824224,11.11047
A1ZA17,7227,625492.0,11.382269,8.0071125
Q9VM14,7227,801738.0,6.884599,10.984856
A1XXK0,7227,,16.03304,10.607547
Q9V5R2,7227,0.0,10.442767,11.769831
Q8T8X5,7227,623027.0,15.660485,10.033927
A8DYE4,7227,0.0,12.275111,8.958466
C4NAP6,7227,0.0,12.871624,7.000386
Q9VX39,7227,802604.0,8.698367,9.842047
Q8MRN4,7227,622068.0,14.735189,10.338705
Q9VBI1,7227,801861.0,10.724193,11.367149
Q9VGW9,7227,761092.0,12.280358,11.333989
Q9VI10,7227,802099.0,10.618636,11.629009
Q9VCZ8,7227,802574.0,10.678093,11.84545
M9NHC5,7227,0.0,13.749786,7.4706154
Q9VWQ2,7227,617695.0,12.708172,11.156686
Q9VPS7,7227,635217.0,11.392946,8.352152
Q7KUL4,7227,627255.0,14.472687,9.138621
Q9VPT8,7227,814684.0,12.406178,9.939008
Q9VGP0,7227,1028314.0,16.291782,10.870887
A0A0C4DHC4,7227,0.0,9.9159355,8.186709
Q24418,7227,784285.0,11.107896,8.159934
A1Z7Z6,7227,622427.0,12.546665,7.553337
Q8IRJ9,7227,1027543.0,7.7855525,11.772883
Q95SQ7,7227,793219.0,10.376693,11.12252
Q9VVU1,7227,1027578.0,7.0615067,12.085307
Q9V3Y2,7227,815624.0,10.581078,11.981147
Q9GNH8,7227,805279.0,7.9940186,11.322849
Q9VP92,7227,0.0,14.285522,15.068364
Q9VCC6,7227,630358.0,8.011066,11.693148
Q9VDQ7,7227,805920.0,11.490085,10.826932
Q8IHC0,7227,,14.009222,10.690239
Q59DY1,7227,628770.0,9.989184,11.466698
P26016,7227,0.0,12.194364,7.6049423
A4UZI0,7227,793960.0,12.74695,10.367145
Q9VP05,7227,634415.0,13.773503,9.479994
Q2PNP6,7227,621971.0,12.603314,11.109155
Q9VKC2,7227,794261.0,8.112787,9.340403
Q9W3R8,7227,804674.0,8.612671,11.937509
Q9VF00,7227,626102.0,14.332976,9.55094
E1JGQ1,7227,0.0,13.668148,9.898797
Q8IFW3,7227,0.0,12.950725,11.404683
Q9VN58,7227,802318.0,13.8885145,9.522203
Q9XZ34,7227,627880.0,14.214215,10.553622
A0A0B4LID2,7227,0.0,12.228963,9.683814
Q9VX18,7227,0.0,13.884073,9.565127
Q6NR39,7227,0.0,10.033567,8.218789
Q6NR49,7227,,13.939139,9.319323
A0A0B4LEH9,7227,0.0,12.833847,9.824674
A0A0B4LFD7,7227,0.0,13.729455,9.465353
P42278,7227,794303.0,14.295449,15.083431
Q9W5R5,7227,621612.0,13.471556,9.331337
P21521,7227,781053.0,11.154011,10.327091
L0MN72,7227,0.0,15.083287,10.064687
A0A0B4JCY1,7227,793553.0,11.1618805,8.7141485
Q27884,7227,1027981.0,3.4248204,17.279568
Q9V6U8,7227,802564.0,7.7239156,11.193746
Q9W068,7227,784144.0,9.200823,9.839268
A0A0B4K6A2,7227,0.0,11.888745,7.419324
Q9VUU3,7227,620839.0,14.717561,10.141523
O18381,7227,628374.0,14.472631,9.259165
Q9VYX8,7227,831541.0,9.213521,9.814844
A1ZAW3,7227,635221.0,13.558143,9.970349
Q9V853,7227,789075.0,11.564748,10.460278
Q9VUL9,7227,649468.0,11.36188,7.8433156
Q960X3,7227,,11.57261,7.4138794
Q9VML2,7227,803152.0,11.794081,10.4506855
Q8IPI3,7227,0.0,8.819711,9.541457
Q7KMQ6,7227,,12.784656,9.737958
Q8T9I2,7227,621844.0,14.399372,9.773101
Q9NHZ3,7227,,11.203525,9.739097
Q95RH7,7227,801484.0,5.6862288,18.76736
Q8T3I6,7227,630855.0,13.0660515,10.282369
Q9VRW4,7227,634185.0,13.247376,9.968526
Q94522,7227,1027626.0,7.4136586,10.9535055
Q7JZD3,7227,801554.0,10.2901125,9.456542
Q7JZD5,7227,639314.0,14.348346,9.7022915
Q9VZJ8,7227,803407.0,8.433083,11.608673
Q9UAC5,7227,,10.086177,8.653074
Q9VGP3,7227,804896.0,8.099859,9.227648
O17142,7227,0.0,13.809718,9.494065
O62619,7227,1027422.0,7.500407,12.024563
X2JDJ3,7227,0.0,13.8709545,10.133417
Q9VVB8,7227,0.0,9.909366,8.289312
A8JUR4,7227,0.0,11.782113,10.246485
Q7KM15,7227,802139.0,14.720258,10.771529
Q9W0H3,7227,804226.0,8.975012,11.735938
Q9VQ30,7227,641007.0,13.790306,9.411708
Q7KTG5,7227,0.0,8.730079,9.897513
Q9W4D2,7227,802651.0,12.942958,11.021307
Q9I7V4,7227,628322.0,14.375691,15.154771
Q06559,7227,1027267.0,8.782269,13.972952
Q86B44,7227,,9.220825,11.636102
Q0E8K5,7227,641430.0,12.190938,9.500362
Q05652,7227,658624.0,11.057967,10.2741785
M9PJE4,7227,642755.0,14.258133,9.2441
Q9VZI2,7227,628606.0,12.756051,9.489526
Q9Y1A3,7227,806990.0,10.6538515,12.215324
Q960C7,7227,792933.0,8.408922,11.764381
Q9VS59,7227,780298.0,12.916625,9.07626
E1JHN2,7227,0.0,8.699351,11.940851
Q9W4Z4,7227,617771.0,12.206517,7.0682983
Q6TY75,7227,,9.702735,10.686494
Q9VSQ0,7227,0.0,11.984152,9.826021
A1Z903,7227,801693.0,9.301578,10.308853
Q95NU8,7227,626162.0,14.389931,9.68401
O18335,7227,793012.0,5.6473856,18.81447
Q2QBM1,7227,0.0,7.3923125,12.064997
A0A0B4KI45,7227,0.0,14.208596,9.915897
Q9U4U2,7227,,8.538035,12.749971
Q8MS36,7227,778182.0,11.040226,7.9781475
P15370,7227,626619.0,14.38444,9.32055
Q8T3P3,7227,,11.274793,7.8446436
A1Z7T0,7227,0.0,12.006099,9.087846
Q9V3J1,7227,807673.0,10.412267,10.534605
Q9VH70,7227,625364.0,14.484079,10.028802
Q9VL73,7227,630520.0,12.7682495,9.419454
Q7KY04,7227,801484.0,5.685881,18.767422
M9PEG6,7227,793112.0,9.2191925,9.146478
Q9VWU1,7227,622374.0,14.276001,15.04229
A0A0B4LIU0,7227,0.0,13.921388,9.43986
Q8SZL6,7227,794234.0,11.558123,7.8563976
M9NEQ1,7227,0.0,8.349066,9.965794
X2JCF3,7227,626293.0,13.49322,10.02182
Q9VYH3,7227,1028551.0,7.7770004,11.804576
M9MRD5,7227,801885.0,9.110912,12.009229
Q8INF1,7227,0.0,14.422913,10.4931965
Q9U9P6,7227,,11.976786,13.772059
Q7KM33,7227,627725.0,12.267772,9.5479355
Q8MRP0,7227,,14.389653,7.6269035
Q9GU55,7227,,14.702053,10.043973
Q9VFC6,7227,0.0,14.477888,10.490561
Q9VTX2,7227,639404.0,10.992547,11.117055
E1JIH3,7227,655339.0,13.264416,10.152671
P05084,7227,628503.0,14.111711,9.380893
Q8T0I2,7227,,13.04343,10.002951
E1JJ45,7227,0.0,12.582983,9.638824
M9PFF9,7227,0.0,13.632743,9.892544
Q8MTJ1,7227,627999.0,14.349645,9.300027
Q8SYR8,7227,0.0,11.462934,9.796311
A0A0C4DHC0,7227,0.0,9.844883,8.2541065
Q0E9J9,7227,0.0,9.531434,7.18483
P07665,7227,622071.0,14.458425,9.876454
Q24562,7227,0.0,12.56662,9.670304
Q8SXH5,7227,,15.848829,10.4953785
Q9VAQ8,7227,649900.0,11.332362,7.8566713
Q9VAS7,7227,778189.0,8.835016,9.550636
Q8T987,7227,0.0,13.138634,10.059702
Q23979,7227,801816.0,10.034987,9.899397
Q3YNC8,7227,,17.691162,10.081756
Q24279,7227,0.0,12.661307,9.282378
Q9W2W1,7227,617845.0,14.5040455,10.0231495
Q9V8Y7,7227,628765.0,9.143442,9.78743
Q8SXM2,7227,803807.0,12.553992,11.02256
Q7YU40,7227,,10.0982065,9.842534
Q2PDR9,7227,778148.0,10.070809,9.61387
Q9V589,7227,621692.0,9.089457,9.781222
Q24568,7227,616988.0,11.997258,7.456831
A0A0B4LGJ4,7227,792948.0,5.6843815,18.76687
Q7JQ32,7227,,11.454155,8.332298
Q9W0F7,7227,620942.0,11.260511,7.714755
A0A0B4KH49,7227,0.0,10.597581,8.908356
Q8IQF8,7227,0.0,7.428545,11.758852
Q9V359,7227,801874.0,10.321513,10.5102005
Q95TV3,7227,,8.493204,12.652054
A0A0B4K7W2,7227,0.0,13.477322,10.10798
A1Z7Q8,7227,634146.0,12.601263,9.798941
C0HK95,7227,617082.0,14.152211,10.433191
Q9VTS4,7227,802510.0,9.89244,9.811808
O18334,7227,801484.0,5.691388,18.767408
Q9VK45,7227,0.0,10.930536,11.105471
Q9XZS6,7227,756110.0,14.016402,9.830745
Q8IHB0,7227,0.0,13.299492,13.886073
Q7JWD6,7227,804618.0,4.2968082,7.6370177
Q58SN2,7227,,11.348228,7.625513
A0A0C4DHA4,7227,0.0,12.395725,7.468007
M9PF70,7227,0.0,11.425825,6.765521
Q4V566,7227,635847.0,11.1648855,7.4581895
Q8IH40,7227,0.0,9.789571,7.260769
Q8T3V6,7227,642646.0,10.487448,13.046153
A0A126GUV0,7227,633948.0,11.040172,11.901153
A0A0B4LF33,7227,0.0,10.939247,10.551363
Q5ELT0,7227,643048.0,12.182717,7.385741
Q8IH29,7227,1028492.0,7.8403945,11.131965
Q8IQW0,7227,0.0,12.815508,9.449994
Q8MQP4,7227,,9.036018,9.87877
Q9VBN5,7227,805041.0,9.210535,14.031778
O76804,7227,808262.0,11.3093195,7.715087
Q9VVM1,7227,625316.0,10.994469,7.659354
Q9VU95,7227,1027421.0,6.8350925,12.109467
Q9VLJ9,7227,649442.0,10.877324,13.044856
Q9VRQ1,7227,801566.0,8.836413,11.584106
Q7KS06,7227,0.0,8.811944,11.701727
Q7KND4,7227,,15.957899,11.057827
M9PFZ7,7227,0.0,17.64055,10.096843
Q8MM14,7227,763732.0,11.030052,8.045857
Q9VFK3,7227,622107.0,16.138323,10.510239
A0A0B4KHC8,7227,628561.0,14.010201,9.416642
A0A0B4KF12,7227,634055.0,10.971127,8.517658
A1Z7A8,7227,625651.0,14.705429,11.062454
Q9VNP7,7227,794261.0,8.156877,9.295935
E1JIS3,7227,620154.0,12.447001,7.1315107
Q9VJV8,7227,629377.0,11.075543,11.645566
Q1EC92,7227,0.0,12.245856,8.990963
Q9NGV4,7227,,11.398768,7.0245514
Q9VK85,7227,1027386.0,11.052366,11.276918
Q9W4T9,7227,625418.0,11.66975,7.179335
E1JIE2,7227,0.0,11.283767,7.0307894
P20193,7227,625358.0,14.442808,10.022733
Q8IRM5,7227,0.0,14.338982,9.3275795
Q9VCL2,7227,622850.0,15.773119,10.470744
Q9VH92,7227,0.0,13.582233,10.053185
Q9VUI0,7227,627611.0,14.555659,10.289573
Q9VGZ3,7227,803384.0,7.9938374,13.108449
Q8MYY5,7227,780032.0,9.502118,13.918005
X2JB44,7227,0.0,13.848266,9.479525
P10083,7227,625502.0,14.720897,8.681761
M9PC68,7227,626641.0,13.858729,9.506407
Q9W1S2,7227,621686.0,12.117181,10.1870165
Q9VZX7,7227,789821.0,11.994369,10.4135065
Q27268,7227,801468.0,9.783132,11.246404
P27398,7227,625428.0,12.699255,9.132531
M9PFF3,7227,0.0,13.496077,10.098247
Q45VV3,7227,0.0,14.743487,9.978793
Q9W3V8,7227,802358.0,8.949659,10.324923
Q9XYQ2,7227,801589.0,14.886807,10.470788
Q8IQ96,7227,0.0,11.485379,10.077475
M9PHU7,7227,627884.0,13.853605,9.891049
Q95TB1,7227,,13.259447,9.942493
Q59E67,7227,622240.0,14.798846,8.472041
Q9V5Z7,7227,0.0,14.313675,17.503588
Q9VKC7,7227,795409.0,11.660951,7.4626966
Q9VU38,7227,0.0,7.8468213,11.727565
Q3ZAK6,7227,620375.0,11.847393,7.4464874
Q9W251,7227,789044.0,9.311527,10.321612
Q95RR8,7227,649102.0,12.702685,9.763608
M9NG38,7227,0.0,12.670009,9.138877
Q8MZ70,7227,,12.225692,11.271966
Q7K554,7227,,13.959454,9.910892
M9NDD0,7227,0.0,14.509211,14.264514
Q9W2F6,7227,632640.0,12.284221,6.962014
Q9VFE3,7227,801571.0,8.83226,13.000493
Q7KUD4,7227,778252.0,10.499625,10.761799
Q9VPZ7,7227,630297.0,11.536236,7.102721
Q7JN04,7227,0.0,13.846589,9.410864
Q9VZY0,7227,822348.0,12.514396,10.513314
P22711,7227,625518.0,14.508152,9.350445
Q86NN1,7227,,14.301578,9.573575
A0A0B4JCV3,7227,0.0,13.713415,9.85748
Q9VW59,7227,801988.0,10.001278,11.0289
Q9VYN4,7227,626470.0,11.536646,7.86971
O96299,7227,793062.0,7.0405393,11.408883
Q8ST85,7227,,10.440087,10.165823
O44117,7227,770286.0,12.806033,10.13137
Q24463,7227,,10.453317,10.225258
A0T1Z4,7227,0.0,13.663374,9.715918
Q9XZE4,7227,803385.0,14.501852,14.256152
O46085,7227,789402.0,12.472949,10.529409
Q4V5L1,7227,623169.0,15.994217,10.697467
Q9VP18,7227,793607.0,15.58481,11.392557
Q7JUP3,7227,780371.0,11.645641,10.979615
Q24466,7227,802498.0,10.894119,11.79316
P81160,7227,617061.0,12.71678,7.0130787
Q9VSI6,7227,0.0,8.227475,13.313558
Q58SL2,7227,,11.886597,7.2756805
P92177,7227,802070.0,3.9350507,7.427071
Q24591,7227,654071.0,11.439394,7.2514777
Q9VU17,7227,793066.0,7.7973976,8.999789
Q24457,7227,0.0,13.748601,9.4165535
Q8IH89,7227,801468.0,14.135383,10.437417
Q9VSC3,7227,634099.0,12.016195,7.554637
Q9VJJ6,7227,620655.0,14.553738,10.0818615
A8DYN0,7227,0.0,14.169827,9.77231
P41044,7227,778029.0,9.674644,9.08383
Q7KTV5,7227,0.0,13.046617,10.479203
Q961D7,7227,,14.957617,10.073429
Q9VDZ3,7227,628168.0,14.319206,9.412732
Q961F0,7227,,14.815018,9.994294
O16125,7227,0.0,14.005158,9.613446
Q9VFR3,7227,642628.0,11.313444,7.6120386
Q8MZ81,7227,621698.0,15.229299,10.64264
Q9V345,7227,802042.0,9.31569,8.888553
Q9VQ97,7227,794303.0,14.297024,15.091312
Q7JWG9,7227,772853.0,10.726877,13.090621
O61362,7227,0.0,14.247614,9.443428
O44122,7227,629853.0,14.397345,9.935009
Q9XZ10,7227,802421.0,9.15122,10.362627
Q960B1,7227,793046.0,10.6925745,10.975794
Q8SZE8,7227,,17.751871,13.190043
Q8MZ98,7227,,12.352624,10.943157
Q15K25,7227,,12.333496,9.601964
A1Z8Q7,7227,0.0,14.026753,10.167267
A1ZA73,7227,0.0,12.558186,10.560684
Q9VYY9,7227,761324.0,11.684152,9.964451
Q965D9,7227,0.0,13.810017,9.503942
C0HL66,7227,,0.3483321,6.876486
A0A0B4KFZ8,7227,780419.0,13.708565,9.437536
A8JNR2,7227,0.0,12.6405325,9.44567
Q9N9Z7,7227,,15.987401,10.799255
Q6V6U6,7227,,11.030677,4.738744
Q8SXA5,7227,1027981.0,3.4236414,17.281292
Q9VJ27,7227,,14.46361,9.966515
Q6NND8,7227,0.0,12.657346,9.739061
Q9VFH4,7227,626037.0,14.298352,9.6235
Q9VVG4,7227,804228.0,10.966011,9.9759865
A0A0B4KEX6,7227,0.0,10.106323,10.624273
Q9W384,7227,641296.0,13.547073,9.815355
Q9W418,7227,617956.0,15.088947,12.094284
Q0E8V6,7227,619073.0,11.026714,4.7424693
Q9U4Y1,7227,1027262.0,8.202224,12.767957
B7Z0R1,7227,0.0,11.508668,6.889881
Q24157,7227,649688.0,11.252842,7.977846
M9PCW5,7227,0.0,11.674254,7.3847384
Q9VNX8,7227,801745.0,10.452852,11.083816
P00850,7227,805724.0,3.8566494,11.985439
Q9VEH5,7227,627853.0,4.2442455,14.498953
Q24595,7227,635076.0,12.672742,10.192471
Q7K4E2,7227,,12.295255,9.8287325
Q0KIF4,7227,0.0,11.159733,7.7764645
Q9W3N1,7227,801828.0,8.604943,11.802718
Q9VFX8,7227,622180.0,14.367038,9.589625
Q8I0J1,7227,0.0,13.794149,10.290459
E1JHS8,7227,0.0,12.890711,10.176077
Q94543,7227,,13.641939,9.94357
Q0E9K8,7227,0.0,9.538096,7.165607
Q0KIE7,7227,781925.0,11.807752,10.220274
Q008Z0,7227,,12.010083,11.742168
A1Z991,7227,638277.0,11.94461,7.3896737
Q9V7H4,7227,804044.0,12.122523,7.588426
M9PG36,7227,0.0,14.327798,9.49552
A1Z7F4,7227,0.0,8.931042,8.191691
Q9GQQ6,7227,0.0,12.554168,9.175582
Q8IRT8,7227,0.0,13.435208,9.347722
A8JQX0,7227,0.0,12.932295,9.41356
Q9VC05,7227,793143.0,11.3608465,10.192598
Q9VTN5,7227,784160.0,12.07067,9.94802
Q960V6,7227,649084.0,14.987047,10.120354
Q8T3I9,7227,,11.518094,7.330364
A0A0B4KFU1,7227,622179.0,14.422488,9.792012
Q9NBK5,7227,792940.0,11.2879305,10.552691
P37193,7227,807499.0,8.776293,12.4304695
Q95SH3,7227,,9.948923,8.289975
Q9VAT5,7227,623345.0,11.914101,7.38878
Q961A5,7227,,12.594691,11.49125
Q24413,7227,,8.802883,9.9636545
Q24523,7227,625597.0,14.264851,9.619511
M9PEP2,7227,778025.0,12.919964,9.828314
Q7M3K2,7227,,10.864741,11.079351
Q9VQ14,7227,793783.0,11.024914,14.043756
Q9VFC9,7227,622128.0,15.0854225,10.274097
A0A0B4KF62,7227,0.0,12.242554,8.978105
Q7JR49,7227,634175.0,11.641471,13.100372
A0A0B4KHE4,7227,0.0,11.138144,7.960687
Q9VGU4,7227,627954.0,12.329282,10.515468
M9PI28,7227,0.0,12.191496,9.797669
A4UZ58,7227,0.0,15.554613,11.249717
Q9VNI8,7227,801468.0,11.708591,10.835353
Q8SY87,7227,810532.0,10.364943,11.934633
Q6IH48,7227,616708.0,15.921633,10.71534
Q59DP7,7227,0.0,8.306467,7.452927
Q9VU02,7227,805032.0,7.8751116,10.415458
P81829,7227,627876.0,12.193046,5.32199
Q9VG70,7227,805952.0,8.703124,12.114676
Q9VEM8,7227,794303.0,14.303782,15.089115
Q58SL6,7227,,11.901637,7.257061
P30432,7227,778163.0,11.891707,7.483448
Q9VXE8,7227,801549.0,9.8730345,10.840124
P54361,7227,0.0,12.592065,10.375443
Q961U0,7227,641119.0,11.211973,8.012291
Q23986,7227,,14.284908,15.069257
Q95RP4,7227,,10.604943,10.143878
A0A0B4JCT2,7227,625220.0,11.575678,7.3974524
Q95SH2,7227,802131.0,10.39788,12.108196
D3DMF6,7227,0.0,13.585615,9.872788
Q7KV27,7227,802229.0,7.945676,11.6691475
X2JAJ8,7227,0.0,11.029651,4.733018
Q9VY87,7227,802365.0,11.001056,7.467219
Q27593,7227,793104.0,6.872192,9.8605995
Q24218,7227,,10.829856,9.88976
Q9VGF5,7227,805505.0,8.69519,9.861085
Q8MT65,7227,634280.0,12.9602785,10.945334
O18332,7227,801484.0,5.6759214,18.783905
Q9VVI1,7227,804826.0,12.285213,9.89147
Q9VN82,7227,629047.0,12.779277,9.119773
A0A0B4KGY6,7227,777984.0,13.365868,9.377469
Q7KN55,7227,,10.6434765,11.968813
A0A0B4KEQ3,7227,0.0,9.933229,8.197592
Q9VP65,7227,801482.0,8.5090275,12.55851
Q9W1Y1,7227,805566.0,10.293018,11.480092
Q8SXK8,7227,,15.05332,10.19154
Q9VTP4,7227,1027296.0,7.536241,10.729994
Q3YMU8,7227,638185.0,13.601682,10.80894
Q95S24,7227,780454.0,11.2833,11.974961
Q9BPQ3,7227,0.0,14.298887,9.62563
B7YZU5,7227,0.0,13.848103,9.507645
A1ZAC2,7227,621755.0,14.310819,9.135598
O61539,7227,803099.0,8.028903,10.911004
Q9VKU0,7227,793522.0,11.174417,11.478641
Q9NFV7,7227,1027653.0,10.737275,7.6260715
Q9VPB9,7227,803679.0,10.791269,12.748597
A0PDV0,7227,,11.760792,9.642249
Q9VGC3,7227,803372.0,11.740095,10.975082
Q95RW8,7227,618011.0,14.358029,9.220065
Q95U71,7227,761436.0,13.447164,10.027522
Q8MRK1,7227,,17.908659,9.955669
Q8IQR3,7227,621803.0,11.265218,11.900537
P17336,7227,1028632.0,9.342703,13.1652775
Q9VFB2,7227,781610.0,10.256423,12.917458
Q9VF56,7227,802199.0,10.268965,11.607855
Q7PL26,7227,802853.0,12.196997,10.925085
A0A0B4KFX4,7227,0.0,13.407104,9.607868
Q9V3Q4,7227,1028804.0,7.5639706,12.423737
Q9VBC5,7227,0.0,12.826688,10.396428
Q9VN89,7227,0.0,10.239624,11.698089
P91938,7227,802214.0,8.271225,11.742863
Q9VQA6,7227,804645.0,10.007799,11.654177
Q8SXY9,7227,,15.106348,11.993807
Q9VJX7,7227,620443.0,8.353777,13.027894
Q8SYU5,7227,628482.0,11.957917,10.676015
B5RJS0,7227,628558.0,13.637011,9.9047785
Q5U0V7,7227,793497.0,11.029683,11.332735
M9PGC9,7227,0.0,11.981049,13.690767
D4AAN8,10116,785124.0,11.784936,9.132876
Q63483,10116,801484.0,5.6316843,18.825722
Q2MHH0,10116,746467.0,12.350766,8.594051
Q04827,10116,0.0,10.97465,8.708907
Q99M98,10116,,11.529495,9.526814
P21555,10116,752659.0,18.205713,13.574073
P10759,10116,0.0,10.403631,10.540814
P55926,10116,823345.0,9.413972,7.6982675
O55006,10116,719466.0,12.079122,6.7127337
P18427,10116,748395.0,11.645329,6.8152514
A0A0G2K314,10116,725229.0,11.963162,6.0719705
A0A0G2JTH7,10116,778128.0,10.26229,9.163083
P12760,10116,746039.0,11.558782,5.402675
P63249,10116,0.0,14.326719,10.276629
Q9Z2P3,10116,729853.0,11.995851,6.415434
P49445,10116,793586.0,11.006002,9.938837
A0A8I5ZVX7,10116,0.0,10.60902,9.133139
P28840,10116,814636.0,11.339737,7.638452
Q62845,10116,761039.0,9.483161,7.187996
A0A0G2K628,10116,760611.0,10.180176,8.0235
F8WLE0,10116,801468.0,11.7369,10.041953
P30994,10116,762353.0,17.858906,13.279605
P56700,10116,738949.0,19.825476,9.725231
A0A8I6ADR2,10116,0.0,12.697921,8.622655
Q9EQV6,10116,803007.0,10.453812,7.4872174
Q4KM38,10116,,12.9803705,10.758883
A0A8I6B5A8,10116,0.0,8.440019,7.574048
F1LWM1,10116,0.0,13.498483,8.619816
P49287,10116,736476.0,17.927666,13.335646
Q6AYU2,10116,796473.0,8.0446205,7.2435246
Q63619,10116,813562.0,8.583335,8.731939
Q80Z40,10116,729015.0,14.257991,15.009268
P04652,10116,746178.0,11.651536,6.793649
A0A8I6G622,10116,0.0,11.088488,10.723404
P19332,10116,0.0,13.830112,8.865987
P28473,10116,745951.0,8.142931,7.320706
Q6JAM9,10116,761580.0,10.554437,8.914371
P01194,10116,747049.0,11.544477,5.4314322
Q9JHB5,10116,811347.0,10.180226,9.237062
A0A8I6AMI2,10116,,11.9334955,6.2525167
Q99NA5,10116,793068.0,7.5070977,12.225863
P22355,10116,736706.0,11.96697,6.7462664
D3Z8N9,10116,0.0,13.794903,8.642283
A0A8I6AF99,10116,0.0,12.462198,9.357109
G3V8U0,10116,737227.0,12.19385,6.837511
D3ZFT1,10116,802897.0,12.253102,10.629368
Q00195,10116,790031.0,10.549594,9.053338
F1LSY7,10116,0.0,11.42541,9.014797
Q9JKC1,10116,793469.0,10.970016,7.6427994
A0A8I5ZZC0,10116,0.0,8.009736,7.2131777
P43424,10116,1027437.0,6.610901,13.260291
P55063,10116,801582.0,8.276107,11.018332
Q9JKD6,10116,746919.0,8.32439,8.604205
A0A0G2K0Y8,10116,736901.0,17.7946,9.997229
A0A8I6GH02,10116,779839.0,10.77213,7.0355754
Q792Q4,10116,,9.286025,8.432557
Q6P7P8,10116,802892.0,10.715048,9.600112
P11598,10116,802127.0,9.691383,12.628387
P63138,10116,752455.0,8.162386,7.342338
Q7TSY4,10116,739557.0,11.705114,6.406367
P02317,10116,0.0,16.290802,10.768312
P02773,10116,739085.0,12.849618,6.2711277
O70249,10116,807722.0,10.126937,8.020741
Q62840,10116,737124.0,15.193112,9.781336
A0A8I6A4L8,10116,0.0,11.099922,7.1467724
Q08290,10116,811033.0,12.68227,10.544455
Q5PPL0,10116,727012.0,12.15299,8.719858
M0R5U4,10116,778025.0,11.441719,8.747823
A0A8I6AE51,10116,0.0,10.700645,6.827103
P26817,10116,795729.0,11.377235,10.676349
Q6AYH3,10116,0.0,11.597635,8.717588
P47864,10116,793167.0,14.313093,17.502298
Q62918,10116,0.0,10.666703,6.88434
Q1XIC8,10116,,17.787313,10.019482
A0A8I6GLP0,10116,0.0,8.1637535,11.245984
Q9EQ72,10116,0.0,13.75432,8.272022
Q08603,10116,802210.0,8.418981,11.693122
P70708,10116,731764.0,11.41272,10.102515
D4A8P8,10116,747315.0,13.815653,9.042147
A0A0G2JXK2,10116,793283.0,11.301838,12.142883
B2RZD6,10116,,10.613467,13.302908
Q9EPU2,10116,746717.0,12.933214,8.667117
F1M2Y4,10116,802335.0,9.105262,8.136029
A0A8I6A7N8,10116,0.0,9.81587,8.080621
A0A8I5Y701,10116,0.0,12.107641,9.861018
P13265,10116,739585.0,11.541502,7.55444
P18331,10116,756223.0,10.3259115,7.011622
Q8K3X8,10116,804756.0,11.92142,10.05513
P54645,10116,801468.0,11.38267,10.588825
Q62868,10116,793897.0,12.20185,9.733454
D4A9G4,10116,755624.0,10.900178,8.046646
Q01827,10116,801563.0,8.713722,8.101861
Q63691,10116,743949.0,11.919798,7.1290493
P02564,10116,793067.0,18.281263,4.8101745
A0A8I6A620,10116,0.0,12.831198,8.704858
P62893,10116,,16.44337,10.945371
P52020,10116,803429.0,10.6853485,9.409577
D3ZQM3,10116,0.0,10.682216,7.1439443
Q5U2N8,10116,802518.0,10.772353,11.07653
Q63486,10116,801493.0,9.193504,8.846621
O70461,10116,793048.0,8.480593,8.831753
P35433,10116,0.0,8.87502,8.709157
P09139,10116,1027442.0,7.7899,12.0239935
A0A8L2R539,10116,0.0,15.856695,10.687559
Q63237,10116,,10.765672,7.066396
P12939,10116,793104.0,6.839867,9.777851
G3V8R8,10116,772996.0,11.086893,8.565927
P23978,10116,805347.0,8.371797,9.380254
P00159,10116,777846.0,3.6619253,12.470802
A0A0G2K5I7,10116,795524.0,12.271631,10.158171
Q9ESQ7,10116,,12.252492,8.859774
P70582,10116,807297.0,11.039907,9.674006
A0A8I6A6E7,10116,0.0,11.35655,9.400981
Q9Z1N4,10116,0.0,8.902926,8.725488
Q4V8I0,10116,,11.833444,6.464739
P97525,10116,,12.361362,6.982749
P41123,10116,,16.35838,10.946285
O08564,10116,0.0,8.593743,8.045137
Q01992,10116,802065.0,9.721191,9.014586
D3ZGV2,10116,0.0,10.029603,8.295077
B2GV87,10116,0.0,10.971935,9.974754
Q5XI86,10116,803564.0,9.531375,8.231953
Q03190,10116,748427.0,11.509139,8.564218
Q9QZM5,10116,0.0,13.297762,10.276337
A0A8I6AMP4,10116,0.0,16.139729,10.479132
A0A8I6GK47,10116,0.0,13.393399,8.71595
A0A8I5ZT73,10116,0.0,16.323637,10.7698
P63322,10116,778026.0,8.189481,7.360064
D3ZVC2,10116,746607.0,11.4496765,8.5613165
D3ZCV0,10116,0.0,9.606555,9.158408
E9PTD9,10116,746646.0,10.265584,6.87598
Q6P2A7,10116,813688.0,7.637357,13.193733
Q6P762,10116,802236.0,10.630766,7.5227227
Q9QXQ0,10116,801468.0,9.61583,9.139883
A0A8I6ATQ5,10116,0.0,11.9257345,8.675611
P50282,10116,745703.0,11.40932,7.434762
P51868,10116,0.0,9.846411,12.523142
A0A8I5ZP90,10116,0.0,12.719164,9.864416
A0A8I6GIW1,10116,0.0,15.180895,10.667362
P49088,10116,804892.0,7.7799883,11.309682
A0A8I6G2I8,10116,0.0,8.799346,8.37007
Q5BJS0,10116,759563.0,11.17061,10.362484
P70579,10116,789365.0,8.6569605,7.88847
G3V6V8,10116,739415.0,10.823046,7.503851
G3V9H8,10116,754244.0,11.658079,7.4255085
Q9Z1N1,10116,1027382.0,8.156209,12.459758
P36506,10116,0.0,11.349857,10.529847
P10362,10116,745515.0,12.206341,5.3337774
D3ZAS9,10116,801468.0,11.078158,9.333203
A0A8I5Y1U3,10116,0.0,13.003975,9.362966
A0A0U1RRU5,10116,777991.0,10.561296,8.860346
Q8VI99,10116,0.0,10.536874,7.2117143
A0A0G2KAS9,10116,0.0,13.778584,8.883248
D3ZE85,10116,754037.0,9.476988,7.423481
A0A0G2K5V4,10116,0.0,12.088135,9.874388
P56719,10116,772658.0,18.158133,13.530747
Q794C0,10116,0.0,15.586488,11.429813
D3ZWA8,10116,761058.0,9.735047,8.197326
A0A8I6AUU9,10116,0.0,15.658966,14.113985
Q9ER34,10116,803384.0,7.7008214,11.052263
A0A0G2JTD7,10116,0.0,10.968622,9.524156
A0A8I6A416,10116,790178.0,9.704988,8.55634
P54290,10116,761036.0,10.3350525,7.2256656
Q63616,10116,802858.0,9.420191,8.39954
A0A8I6A0C2,10116,0.0,10.801344,8.963012
P70500,10116,807869.0,8.94501,10.211317
F1M5K2,10116,737739.0,11.688856,8.297968
P50123,10116,793081.0,10.78699,7.6591277
Q99MA1,10116,749102.0,14.257289,9.383449
G3V7T6,10116,802420.0,11.119782,10.018406
F1M7L9,10116,737872.0,12.081477,9.104326
Q63180,10116,731783.0,11.239455,7.2234554
P45592,10116,801487.0,8.806389,8.64207
Q9JK41,10116,0.0,9.06589,8.039548
Q8K4T4,10116,0.0,12.689569,9.382253
Q6MFY8,10116,730486.0,11.887619,8.238387
Q68G30,10116,791773.0,10.609557,8.284428
D3ZBE2,10116,0.0,11.272484,10.2297735
Q9QYW4,10116,745968.0,11.781113,6.7435894
P24135,10116,793203.0,10.823907,10.575161
A0A0G2K454,10116,0.0,12.086943,9.812472
A0A8L2QK69,10116,802153.0,9.495845,13.966381
O88873,10116,745690.0,12.311942,8.791668
Q8K4Y5,10116,756064.0,9.680275,7.1993155
P21743,10116,739452.0,11.061995,6.5422335
Q6PST4,10116,793340.0,9.924177,9.702857
A0A8I5ZQJ5,10116,0.0,12.105091,16.88812
O54912,10116,780016.0,11.224967,8.497122
A0A8I6ANE3,10116,0.0,8.951007,11.70266
P56405,10116,0.0,14.315522,17.50635
Q5FVF5,10116,,11.066656,10.472947
Q923Y7,10116,736849.0,18.209158,13.571675
F1M9B2,10116,759418.0,10.968044,6.6346793
F1LXS7,10116,758894.0,15.611601,11.4182825
P97541,10116,0.0,13.49117,7.5320034
P10716,10116,729955.0,12.30703,6.945703
Q9EPT8,10116,805789.0,9.538022,12.536283
G3V829,10116,792940.0,9.645266,8.433609
P14740,10116,803658.0,10.854864,7.5943546
F6SVZ3,10116,0.0,11.735741,6.367891
F1LQW0,10116,805347.0,8.434109,9.475029
Q5RJZ2,10116,,8.430892,11.708536
M0R3M4,10116,0.0,12.915801,9.734273
Q4L208,10116,,8.208342,7.3813906
Q4FZS6,10116,802115.0,15.93022,10.548705
P24393,10116,746598.0,11.62773,5.3917475
Q5XIT8,10116,748262.0,8.306909,8.602896
Q7TS60,10116,790275.0,11.786704,8.583719
A0A8I6AAF5,10116,0.0,11.627165,9.159168
Q08850,10116,0.0,11.089708,12.733587
Q8VHZ8,10116,0.0,11.396247,6.7191596
F7FEU1,10116,732668.0,11.977739,6.2780123
P98105,10116,0.0,11.628792,6.4454637
A0A8I6AC12,10116,746651.0,12.309183,9.068971
Q8VHW5,10116,739967.0,9.518911,7.6603827
A0A8I6AH35,10116,0.0,11.112933,7.362054
P02650,10116,0.0,12.677062,6.727195
A0A8I6ANJ2,10116,0.0,9.601607,9.6278715
Q03061,10116,0.0,13.971332,9.379969
P02528,10116,736973.0,9.600471,9.062082
Q62982,10116,724096.0,11.939379,6.0609665
P57097,10116,755392.0,10.554985,7.0740595
D3ZF61,10116,762001.0,10.002691,8.243838
P14646,10116,0.0,12.953408,10.015444
P15389,10116,801852.0,11.236141,8.92514
P60889,10116,744259.0,12.317906,9.076557
A0A8I6A795,10116,0.0,12.991622,10.783278
Q8R5I7,10116,0.0,13.877918,8.8153105
O89042,10116,802659.0,11.159887,11.276801
Q6P6T5,10116,752652.0,12.377405,9.805289
A0A0G2K3K6,10116,0.0,11.956891,6.080755
P33579,10116,718714.0,12.756095,6.258118
P20720,10116,0.0,10.26464,7.807972
P61810,10116,756099.0,11.516744,8.761393
A0A8I6GEC2,10116,0.0,9.593843,7.3090973
A0A8I5ZV65,10116,782660.0,19.819714,9.724042
B5DEP0,10116,,8.903809,11.840077
Q9JMJ4,10116,801468.0,9.899066,10.670978
Q9Z0N9,10116,801710.0,10.19156,10.725772
Q07205,10116,802869.0,10.914938,11.023149
F1M4J0,10116,0.0,10.392518,8.881185
A0A8J8XQI9,10116,793469.0,10.981993,7.6972704
Q8VHJ9,10116,,11.893077,9.97148
P28573,10116,0.0,8.4421835,9.423771
Q07141,10116,0.0,13.746849,9.588136
P13234,10116,781409.0,11.39672,10.469378
A0A8I6GLX0,10116,0.0,8.34799,9.400819
Q9Z2R7,10116,,12.241906,10.672095
Q3KR72,10116,0.0,9.355908,7.840971
Q8K1Q3,10116,746142.0,18.26918,13.64775
D3ZU00,10116,758873.0,14.8677845,10.086803
Q9Z2T2,10116,784150.0,10.983666,8.613047
Q62784,10116,790097.0,9.361156,7.8876657
F1M3F2,10116,0.0,11.132052,10.492807
Q66HA2,10116,739210.0,12.528306,8.540899
A0A8I5ZTA7,10116,0.0,10.819895,6.859605
P12392,10116,755417.0,12.440094,15.448218
Q8R5M5,10116,0.0,7.434563,10.542229
Q5S3S9,10116,752747.0,14.063453,8.862141
A0A8I5ZU90,10116,802534.0,16.575415,10.649912
P70512,10116,0.0,9.688354,7.997605
Q5M7T7,10116,,10.737255,8.590882
P97885,10116,726802.0,12.099636,6.6523247
P81795,10116,1027407.0,8.014952,7.2286377
I6L9G6,10116,,8.455409,7.6346426
F7FLN8,10116,0.0,11.969231,9.848657
Q9JI03,10116,761331.0,15.661349,14.116533
Q10728,10116,0.0,13.179067,9.879111
G3V817,10116,802892.0,10.733564,9.56401
O70153,10116,,11.888701,6.2238946
P08733,10116,0.0,12.264138,14.625047
O35431,10116,745661.0,9.755601,8.004599
Q5FVC7,10116,0.0,11.51552,9.825205
D4A2G6,10116,758901.0,11.541508,7.1415653
P04256,10116,0.0,13.030469,10.489086
G3V8L7,10116,739982.0,10.624441,7.154131
D4A915,10116,0.0,11.263321,8.730466
P30121,10116,759644.0,11.570131,6.9165688
P0C0T2,10116,782022.0,12.377561,8.901887
P01179,10116,761567.0,10.88251,6.6448007
A0A0G2K9C8,10116,0.0,15.558582,11.097251
Q9ERC5,10116,0.0,10.681528,9.715419
O88778,10116,745914.0,14.001807,8.856336
P0C6T3,10116,736730.0,12.711914,8.434478
Q66H17,10116,729024.0,15.573254,10.278347
A0A8I6A5T3,10116,835172.0,11.823228,9.071315
Q5XI32,10116,0.0,9.175622,8.476628
D3ZPE5,10116,0.0,9.086131,8.024341
A0A8I6AYW8,10116,0.0,6.84859,13.864644
Q08302,10116,,17.808088,9.93957
Q9JJ54,10116,790506.0,12.993237,10.07562
Q62880,10116,0.0,12.840875,9.990551
P53817,10116,0.0,9.327777,9.032451
Q66H98,10116,750229.0,12.553592,8.788002
Q8CJB9,10116,801468.0,10.735309,8.531568
E2CWF2,10116,,8.35154,7.6171827
P35332,10116,802889.0,12.247642,14.622778
Q6PDU5,10116,729005.0,14.929413,7.640347
F1LVB0,10116,0.0,6.841841,9.805001
E9PU71,10116,748433.0,12.033751,6.2983155
P63086,10116,0.0,13.2086735,14.283842
F7EEB9,10116,0.0,11.906042,8.630791
Q9QYU5,10116,,17.952185,9.921646
P62198,10116,,9.806964,11.83663
Q9QUL0,10116,,12.828442,6.1671424
P16970,10116,0.0,8.337954,10.046339
F1M0G0,10116,782660.0,19.82576,9.725116
P49192,10116,747283.0,11.107159,6.3524065
A0A8I6AMM4,10116,0.0,8.881345,8.128408
A0A8I6A5H5,10116,0.0,11.702229,8.681415
B5DFL4,10116,,12.386347,8.423805
A0A8I5Y8T8,10116,0.0,11.021023,6.5200024
O55158,10116,793372.0,9.103206,9.654173
Q7TNZ6,10116,0.0,10.707757,8.866772
A0A8I6ACI1,10116,0.0,9.540177,9.0947895
D4A7H1,10116,793317.0,8.513327,9.184935
A0A8I5ZND4,10116,0.0,12.484467,9.305418
P08010,10116,0.0,9.341325,12.816949
P63033,10116,761561.0,10.453159,8.684185
Q9QX10,10116,793075.0,8.590022,9.075321
Q32PX2,10116,789536.0,11.741489,10.719973
Q8R4S8,10116,732743.0,11.790494,6.714536
Q9Z2K0,10116,,9.619862,7.774337
A0A8I6A0U9,10116,,17.814007,9.929422
M0RBV9,10116,,10.194305,9.723746
A0A8I6GKS9,10116,0.0,11.468569,10.398903
P10158,10116,739215.0,12.45856,8.589308
Q63369,10116,763443.0,11.949426,9.418911
P70505,10116,731704.0,11.101084,7.0873914
A0A0G2K916,10116,746738.0,14.262306,9.065072
Q62712,10116,,11.981145,6.2896314
Q63666,10116,808156.0,11.060097,12.744867
Q9JKT5,10116,730377.0,18.131496,13.483783
A0A8I6AP78,10116,738915.0,14.858495,9.222519
P25304,10116,761375.0,11.182845,7.0536
D4ADV8,10116,0.0,12.080251,8.7602415
Q9WTT6,10116,801899.0,7.9699826,11.94756
O08954,10116,739436.0,14.470623,9.522589
P19804,10116,801842.0,7.7488265,12.9365225
A0A8I5ZXW9,10116,0.0,12.343145,8.825755
Q32PX7,10116,792940.0,9.687194,8.403651
A0A8I6AFF7,10116,0.0,10.010273,8.089847
P00406,10116,1029516.0,3.877238,12.045968
A0A8I5Y5E1,10116,0.0,9.830415,7.925842
A0A8I5ZR66,10116,754133.0,10.529428,8.27201
P70597,10116,0.0,18.132462,13.542107
F1M950,10116,746623.0,10.834366,6.99862
P49744,10116,0.0,11.536655,7.1057887
Q62792,10116,,15.918523,10.76672
Q791F6,10116,0.0,9.430201,7.938641
Q9QWJ9,10116,746931.0,10.82219,7.0065536
P18292,10116,752676.0,14.286591,15.048497
P61149,10116,753945.0,11.116545,7.4493074
P32551,10116,0.0,8.027311,11.651827
P08934,10116,0.0,12.258849,7.190844
P70549,10116,0.0,8.859299,9.868159
O88419,10116,755488.0,11.356431,7.8428
P97678,10116,736511.0,11.138215,8.721042
G3V830,10116,734835.0,12.208583,6.3433423
A0A8I6GI31,10116,0.0,9.52594,7.690044
Q9WV63,10116,778183.0,12.081266,10.541565
A0A8I6AHN7,10116,0.0,12.944664,10.7011
F1LNJ1,10116,781950.0,11.458915,11.009263
O54699,10116,802335.0,8.466756,9.43652
B2GUX5,10116,,8.920329,8.623943
A0A0G2JVI4,10116,810879.0,10.43629,8.602288
P23562,10116,789285.0,8.706183,9.6195545
Q811A2,10116,0.0,12.279298,6.8145876
Q5I2Z0,10116,0.0,10.154985,8.234383
P21677,10116,746984.0,12.850671,8.581442
A0A140UHX6,10116,0.0,11.603107,10.047209
B1H2A4,10116,,8.8217,8.726824
Q63433,10116,0.0,9.881991,7.891044
A0A8I5ZN64,10116,0.0,8.306655,7.4473586
P08503,10116,0.0,7.0232186,12.083102
Q9Z182,10116,,11.138963,8.72263
Q5XIL8,10116,804831.0,10.208734,9.966481
A0A8I6A7D4,10116,0.0,11.925108,6.2700496
P38656,10116,802901.0,10.938953,10.916879
D3ZKT0,10116,803051.0,10.203621,9.486843
P11250,10116,801520.0,16.427877,10.852038
A0A8I6AMN9,10116,0.0,14.633041,9.695249
D3ZRD9,10116,0.0,13.508183,8.275181
Q9GJD9,10116,0.0,11.884778,8.342043
A0A8I6ABD6,10116,0.0,-0.7174136,14.941328
A0JPN7,10116,0.0,9.218092,8.705483
F7F3J5,10116,0.0,11.729445,8.992949
Q80U96,10116,0.0,8.37716,7.538228
A0A8I5ZY93,10116,0.0,15.656805,14.118317
P42533,10116,754103.0,11.974899,6.285932
Q4QR83,10116,745651.0,11.682038,8.597026
P35704,10116,1028804.0,7.6109114,12.2378
A0A8I5Y224,10116,748873.0,10.450933,7.0441036
Q6J1Y9,10116,0.0,12.539577,8.796703
D4A433,10116,747159.0,13.923307,8.619363
F1M9C5,10116,754082.0,14.899359,9.639089
A0A8I6G3S6,10116,0.0,13.901023,9.486042
Q64194,10116,802977.0,10.270909,7.933835
A0A8I5ZZK7,10116,0.0,12.206062,9.126172
R4UB37,10116,,8.518272,7.466955
P13596,10116,0.0,9.453664,7.213217
Q07969,10116,0.0,10.802985,7.718735
C9WPN3,10116,835172.0,11.313997,8.980215
Q9JLT6,10116,0.0,12.008813,8.792247
P19222,10116,803069.0,10.960315,7.6223474
A0A8I6A5P5,10116,0.0,12.481532,8.786709
A0A8I5ZQU7,10116,779881.0,8.984722,8.236785
A0A096MJT2,10116,0.0,11.713344,9.555696
D3Z8P6,10116,0.0,8.460732,9.627871
A0A8I6ARH6,10116,0.0,9.725777,7.2767534
D3ZIG6,10116,0.0,14.757974,11.266053
Q9QZU7,10116,1033136.0,9.106332,11.1557665
Q9QWE9,10116,746182.0,10.479054,7.5160594
D3ZTE0,10116,0.0,14.208873,14.933967
Q9Z214,10116,794922.0,12.641856,10.130802
P68255,10116,802070.0,3.9269593,7.4267178
Q9JI66,10116,793956.0,8.7006,9.559618
O35770,10116,,12.833009,9.343327
P27768,10116,831492.0,9.381157,8.420449
Q91XT9,10116,803723.0,11.05457,7.6575546
A0A8I6AJG4,10116,0.0,9.556923,11.765945
P18090,10116,746749.0,17.901197,13.320907
Q9ESE2,10116,737068.0,11.641795,6.985196
Q9Z0N7,10116,781476.0,11.891731,8.86375
A0A096MJ01,10116,781553.0,13.0761385,9.622154
A0A8I6A623,10116,0.0,12.971843,10.903845
Q63618,10116,0.0,12.232152,9.244833
A0A0G2K7X6,10116,802915.0,9.76366,11.159993
Q03348,10116,831891.0,10.993265,9.956283
F7EXG8,10116,0.0,10.519448,8.753871
B7ZDJ4,10116,670497.0,17.712166,10.036216
A0A8I6GLU8,10116,789197.0,9.543872,8.508055
Q01984,10116,756247.0,11.316452,9.757432
A0A8I5YCG7,10116,0.0,11.028439,6.55954
A0A8I6GLL6,10116,0.0,11.587769,7.3501763
D4AE26,10116,738592.0,10.369447,8.088017
F7FL00,10116,736692.0,11.81889,6.7401905
F7ETC0,10116,,10.39378,7.3954983
A0A0G2K0D3,10116,748247.0,10.030902,8.07378
P40190,10116,0.0,11.803416,6.2845826
P22829,10116,738097.0,12.426741,8.480263
Q6REY9,10116,746745.0,13.351802,8.562637
Q6YAT4,10116,784846.0,10.364514,8.143657
A0A8I5ZW83,10116,746031.0,14.297069,8.650295
P47728,10116,778029.0,9.539731,8.847846
G3V6C0,10116,737811.0,11.883724,8.297592
Q9WVK3,10116,792933.0,7.4029236,12.0004225
A0A8I6GCP7,10116,0.0,13.503926,8.401804
F1LSC3,10116,801468.0,9.723303,8.224559
D4A1B8,10116,0.0,15.047461,10.818841
B4F7B6,10116,,9.934558,8.290292
A0A8I6ACG1,10116,0.0,14.557055,8.95636
Q8R553,10116,0.0,10.704288,7.022802
Q5XIG9,10116,,10.824912,13.007491
P63095,10116,807520.0,3.9107056,9.257909
F1LW91,10116,747065.0,12.51802,9.221294
G3V7L1,10116,0.0,11.7913,10.15815
P18297,10116,803718.0,9.487682,10.02276
Q9EST6,10116,0.0,10.829919,9.182353
Q9R0T4,10116,747193.0,17.979866,10.969126
A0A8I5ZXF9,10116,0.0,9.862666,8.288163
Q5RKH6,10116,762274.0,12.393539,7.1797276
P05506,10116,813597.0,3.8542767,11.979429
P52191,10116,,9.205689,9.254091
P47197,10116,792940.0,8.931321,7.5282326
P11951,10116,760369.0,10.563641,13.279085
E9PU28,10116,1027312.0,7.6784706,12.830982
P05710,10116,736580.0,12.189041,6.353269
P24483,10116,0.0,10.40127,12.701341
P52303,10116,793045.0,9.712611,9.270237
Q62711,10116,803363.0,10.417783,10.223636
P50298,10116,0.0,8.923612,11.84701
P24155,10116,1030484.0,9.50411,9.517767
Q8K1M5,10116,,13.753146,8.246738
P62997,10116,0.0,13.030747,10.756554
Q5M860,10116,,9.97411,9.908776
A0A8I5ZTT7,10116,0.0,8.665295,7.8457513
Q05754,10116,761325.0,11.133107,7.3112736
Q8K1M8,10116,756085.0,15.511092,10.321118
Q91Z80,10116,0.0,12.176986,8.866283
Q00918,10116,0.0,11.522283,6.8852935
A0A8I6AL99,10116,0.0,11.017349,9.811376
O70277,10116,803479.0,9.431483,7.6830716
F7END1,10116,0.0,16.099152,10.504804
P62425,10116,0.0,9.462505,13.563093
Q63081,10116,0.0,9.629782,12.652181
Q6P685,10116,,11.064444,10.752397
F1LM93,10116,793013.0,10.854793,10.027243
A0A0G2K6F4,10116,0.0,11.1178465,7.9138875
D3ZSC8,10116,0.0,12.031782,10.116233
F1LQ70,10116,1033999.0,10.52787,8.138118
Q63065,10116,804277.0,9.82774,11.96464
Q9R154,10116,793209.0,8.387346,8.945073
A0A8I6AAG4,10116,0.0,13.595538,8.344092
A0A8I6A4C7,10116,0.0,11.202353,8.51646
D4A0Z7,10116,763359.0,9.392989,7.311538
Q9QZ86,10116,801712.0,11.307263,12.196957
Q8BFS3,10116,732403.0,11.596382,5.437045
P57790,10116,801468.0,9.128987,7.56558
F1M9N4,10116,756204.0,12.67735,9.569935
Q12057,559292,402995.0,13.745932,11.263061
P04161,559292,813532.0,7.6676617,12.168319
P18496,559292,478509.0,10.765888,12.5939665
P36100,559292,793472.0,12.892085,11.551487
P53982,559292,1028488.0,8.248434,13.333915
P25336,559292,801472.0,9.92698,11.840267
Q05498,559292,801772.0,9.850211,10.936091
P47001,559292,403459.0,11.384148,14.565615
P32357,559292,405097.0,12.190106,12.1426
P47046,559292,403576.0,14.271585,11.523998
Q92328,559292,477466.0,11.230717,12.15053
P05316,559292,814215.0,8.119228,9.452453
P36136,559292,831192.0,11.633942,12.4043045
Q03913,559292,403038.0,17.936245,9.933893
Q04638,559292,477914.0,11.414015,11.920729
P43634,559292,405139.0,13.70789,12.3058405
P10614,559292,793104.0,8.4643345,11.600117
Q12340,559292,403235.0,13.720629,12.322415
P33767,559292,803200.0,10.697925,12.094098
P32570,559292,403766.0,12.5917635,11.80985
Q05777,559292,404120.0,11.451703,14.687336
P36059,559292,804998.0,8.485019,12.00567
P29056,559292,477536.0,11.969757,11.55781
P52919,559292,403863.0,14.701925,10.898717
P38911,559292,403444.0,12.475355,11.3766575
P25332,559292,801592.0,8.355677,12.058606
P17649,559292,807529.0,7.574,11.910406
Q12142,559292,403491.0,13.159157,11.929305
P38196,559292,814215.0,8.066415,9.422517
Q12010,559292,803215.0,8.698827,9.889498
P35723,559292,405653.0,11.045058,12.39782
P38232,559292,403033.0,15.511361,10.5698805
P40045,559292,403768.0,12.155472,12.280487
P22217,559292,793020.0,9.296123,12.709453
P40561,559292,812881.0,13.460031,11.412853
P21264,559292,808171.0,7.558601,12.224774
P32599,559292,801779.0,9.793697,10.96426
Q12466,559292,405711.0,11.094063,12.09899
Q12212,559292,404272.0,12.18857,12.401904
Q12514,559292,802269.0,13.297253,11.840505
P38688,559292,801843.0,12.108715,12.237722
P53734,559292,404705.0,12.132504,12.126256
Q03652,559292,405160.0,11.525273,12.173079
P52917,559292,802134.0,9.812337,11.630398
P38915,559292,478750.0,10.518317,11.286669
P32874,559292,802398.0,10.560017,12.470108
P05030,559292,1027976.0,8.259316,9.873094
P38127,559292,792958.0,7.9031405,6.1492705
P32559,559292,1033117.0,8.791218,12.156809
Q08457,559292,403350.0,12.669316,12.093253
Q02629,559292,801468.0,13.227168,10.603272
Q05788,559292,802334.0,8.399065,12.692988
P39714,559292,479189.0,7.370607,11.606497
P38156,559292,477033.0,7.8854756,9.264458
P25654,559292,806088.0,11.232195,12.258721
Q08673,559292,403265.0,11.485632,14.726439
P19263,559292,403337.0,12.835039,12.1561985
P38695,559292,793066.0,7.680543,9.036757
P32897,559292,806010.0,10.690915,13.204152
Q08281,559292,801884.0,13.567061,11.937002
Q03220,559292,402946.0,12.312375,12.054612
P39875,559292,403411.0,12.024997,11.678959
Q3E827,559292,403874.0,14.752629,10.800087
P12754,559292,802837.0,12.676837,12.208639
Q04409,559292,805279.0,8.761262,12.018893
P23292,559292,404957.0,13.24708,13.539689
P46655,559292,803138.0,8.55989,13.045869
Q12297,559292,403533.0,13.543495,11.877203
P36118,559292,403976.0,13.9137745,11.405381
P38330,559292,405587.0,13.339216,12.133348
P22133,559292,801922.0,8.976689,12.306049
Q03937,559292,402825.0,15.887391,10.482767
Q03195,559292,1027405.0,7.5051174,10.893494
Q04740,559292,813603.0,11.461851,12.114086
P16661,559292,1033134.0,8.838203,11.939671
P25808,559292,792989.0,10.858185,11.576588
P39955,559292,403346.0,13.611654,11.573736
P28239,559292,803046.0,10.38123,12.702767
P36054,559292,403618.0,12.792604,11.668194
P32909,559292,478548.0,13.693123,11.420993
Q07551,559292,1027831.0,7.3744545,11.811401
Q04489,559292,801517.0,8.865921,12.239354
Q12488,559292,802361.0,10.816246,11.391378
P40505,559292,405080.0,13.343394,11.649447
P03069,559292,403765.0,13.906476,11.790044
P49723,559292,802572.0,8.335334,12.907719
P53943,559292,404994.0,7.8285165,9.326217
Q06078,559292,802778.0,10.282943,11.42661
Q06563,559292,802457.0,7.915462,6.17373
P23724,559292,802458.0,7.960429,15.845726
P23643,559292,403329.0,12.447493,12.19786
P53241,559292,405410.0,7.8687377,9.301839
P32561,559292,802064.0,9.02382,11.733097
P28240,559292,1028864.0,8.395425,12.675124
Q12043,559292,403353.0,12.2011,12.195689
P30902,559292,794189.0,10.755407,13.081506
Q08645,559292,803629.0,9.026929,12.089752
Q05518,559292,403503.0,13.866259,11.293685
P89113,559292,404322.0,11.32212,14.39609
P01119,559292,803761.0,12.224146,10.991901
Q03233,559292,403604.0,15.941371,10.589814
Q12365,559292,403981.0,14.449305,10.9283495
P32622,559292,405256.0,11.594474,11.513168
P25646,559292,404706.0,11.816482,12.101794
P0C0W9,559292,1027271.0,9.161703,13.83871
P38857,559292,805867.0,10.659114,13.115271
P33418,559292,802272.0,12.073092,12.179986
P53122,559292,404128.0,16.108608,10.725158
Q3E824,559292,0.0,11.0610485,13.142597
P47129,559292,404333.0,14.021609,11.700771
P50089,559292,403227.0,13.850287,11.61462
Q06505,559292,804821.0,12.861911,11.571892
P0CX91,559292,0.0,16.212442,10.628283
P43590,559292,802320.0,9.020616,12.242297
P40006,559292,404926.0,11.284549,12.701957
P46993,559292,403477.0,14.522465,11.402986
O13535,559292,,9.546181,16.813953
Q12330,559292,801809.0,8.287578,11.775908
P56628,559292,804747.0,10.0482235,12.212247
P38750,559292,403505.0,9.037128,10.144444
P38113,559292,801597.0,7.104375,11.419953
P00163,559292,813592.0,3.645313,12.484389
Q02884,559292,806053.0,11.938022,11.934975
P31385,559292,404364.0,13.2438755,11.669902
P40537,559292,404093.0,14.049491,11.715361
Q3E6R4,559292,406037.0,11.291389,14.444419
Q06596,559292,404269.0,13.707858,11.73896
P38287,559292,,11.988984,12.88979
P53394,559292,793209.0,8.682647,10.055007
P53074,559292,403055.0,16.008652,10.6598835
Q07844,559292,801631.0,10.051143,11.765853
Q04439,559292,801816.0,10.035413,9.861015
P18562,559292,801566.0,7.450161,11.210583
Q99271,559292,,9.090447,10.201021
Q02774,559292,797915.0,10.750403,12.247244
P25579,559292,402817.0,14.498023,11.320812
Q03835,559292,802110.0,9.546166,12.669022
P40453,559292,405392.0,13.211904,12.086444
Q08967,559292,404671.0,9.137456,10.273673
P39968,559292,794714.0,10.223551,9.717241
Q06146,559292,404143.0,14.500242,11.300768
Q00816,559292,404683.0,14.547557,11.347312
P36166,559292,403515.0,14.087614,11.508469
P38158,559292,1028014.0,7.5431333,12.448235
P0CX08,559292,,7.3526115,12.541476
P38690,559292,804670.0,8.17143,13.366907
P32610,559292,1027411.0,10.196397,11.307278
P53296,559292,405975.0,12.179864,12.137713
P25608,559292,405454.0,8.088736,11.943829
Q99316,559292,403952.0,12.0791855,12.492514
Q06631,559292,801863.0,13.152846,11.520234
P36521,559292,404743.0,10.447525,12.760204
P18544,559292,1027421.0,7.478754,11.952316
P33308,559292,403844.0,13.965967,11.63702
P48581,559292,405003.0,12.100407,12.019003
P40970,559292,802012.0,7.922672,12.007174
P32841,559292,404046.0,14.986253,10.910782
P23501,559292,484531.0,8.9561615,10.29593
P41921,559292,802214.0,7.598561,11.678909
P52488,559292,802678.0,9.04788,12.218357
P16140,559292,1027410.0,7.834249,13.492129
P15179,559292,802782.0,8.810381,12.339735
P53146,559292,403608.0,12.702575,11.824156
P32381,559292,802118.0,1.4762881,5.486917
P38082,559292,,15.297494,10.634903
P05738,559292,1027273.0,8.772954,13.46388
P04819,559292,1027539.0,9.565748,11.283141
P40529,559292,405032.0,13.540649,11.388533
P47019,559292,406172.0,14.42066,11.149514
P53178,559292,405170.0,8.962171,12.149325
P53733,559292,805738.0,15.721309,10.91251
P40003,559292,403764.0,15.847317,10.639246
P17076,559292,801681.0,9.468962,13.536244
Q12490,559292,,9.54819,16.807606
P38090,559292,480692.0,8.030873,9.370627
P14741,559292,801536.0,8.574493,12.092761
P06779,559292,793173.0,12.008107,12.027282
Q02969,559292,405676.0,13.057452,11.944602
Q99258,559292,1027435.0,8.016874,13.3537445
P32457,559292,793108.0,12.050614,12.18556
P47034,559292,0.0,17.856182,10.000872
P46683,559292,793737.0,11.616719,12.056438
P40858,559292,402911.0,10.385608,12.846391
P40562,559292,404773.0,11.738506,11.547387
Q02205,559292,403732.0,13.869989,11.349123
P25659,559292,402811.0,13.198268,11.169997
P36519,559292,482084.0,10.443873,12.935522
P38281,559292,477545.0,10.304577,12.475764
P34252,559292,405545.0,14.136351,11.537054
P32465,559292,793066.0,7.678932,9.039691
P32449,559292,1033261.0,7.3806796,11.400668
P52870,559292,477480.0,14.575195,11.117451
P40064,559292,803154.0,12.03853,12.1562395
P22146,559292,482175.0,10.992528,14.543437
P25656,559292,802221.0,10.997509,7.946182
P53173,559292,801960.0,9.1516905,10.306898
Q02100,559292,403600.0,14.264103,11.943259
P30620,559292,404821.0,11.629088,12.151674
P38335,559292,405327.0,14.007997,11.586721
Q07987,559292,403265.0,11.346984,14.429897
P18899,559292,403334.0,13.176165,10.682098
P43598,559292,403824.0,14.732625,10.39731
P38971,559292,802603.0,7.975941,9.333821
P36029,559292,802603.0,8.327051,9.692207
P47164,559292,818729.0,9.619436,12.521319
P09368,559292,404656.0,9.776144,12.423195
Q03957,559292,801468.0,12.783418,11.244237
P40965,559292,801472.0,9.902232,11.801598
Q07794,559292,405522.0,16.300922,10.78812
Q06672,559292,808382.0,12.4778385,11.829945
P04803,559292,1033118.0,8.679987,12.276562
P38929,559292,801514.0,8.507268,10.0243435
Q8TGS5,559292,0.0,17.950346,9.9276495
P53751,559292,402978.0,11.747266,12.497484
P11747,559292,404817.0,12.546238,11.221717
P32432,559292,403440.0,14.238329,12.0510435
P47130,559292,804953.0,11.080283,11.759129
P33299,559292,802378.0,9.9425,11.842033
Q02201,559292,793414.0,11.096593,12.343427
P29295,559292,403524.0,13.266299,13.707319
P53746,559292,484500.0,8.909738,10.5567045
P24583,559292,801468.0,11.67589,10.678394
P38336,559292,403577.0,12.626821,12.193547
Q08422,559292,404209.0,13.41747,11.70031
P36025,559292,403000.0,16.256145,10.732704
P05747,559292,805271.0,16.432108,10.966208
P26263,559292,802609.0,7.627502,11.767869
Q06675,559292,403839.0,13.026378,11.977602
P40583,559292,404613.0,11.009582,14.138531
P14742,559292,1027254.0,8.11154,12.285257
P40528,559292,405036.0,9.412867,10.391276
P38747,559292,803483.0,10.922418,11.815538
P53242,559292,405233.0,12.045085,12.051388
P23293,559292,403424.0,12.903869,11.212933
P47026,559292,803525.0,8.856688,10.429417
P46997,559292,403478.0,14.519467,11.150411
P53079,559292,404166.0,13.479583,12.108212
P61830,559292,,0.34510946,6.8789544
Q06485,559292,403805.0,12.317744,12.175616
Q06091,559292,404359.0,15.784483,10.751931
Q00873,559292,478741.0,10.33074,12.615656
Q3E7B2,559292,404591.0,10.843287,13.211563
P34239,559292,403457.0,13.551297,11.915502
P53197,559292,801468.0,10.580784,10.623162
P22434,559292,478930.0,9.445707,12.162327
P32790,559292,482078.0,13.13814,10.596415
A0A023PZB3,559292,0.0,15.946505,10.571524
Q06671,559292,403442.0,13.666445,11.711803
P36163,559292,802142.0,9.66217,12.136054
P34248,559292,405937.0,12.782163,12.198713
Q03557,559292,1027258.0,8.472183,12.099192
P38992,559292,478551.0,9.014317,10.653449
P53897,559292,402964.0,13.403328,11.326023
Q12132,559292,477431.0,14.38134,11.817937
Q07799,559292,403674.0,12.652511,12.140526
P38887,559292,807572.0,11.427178,13.465645
P38111,559292,794372.0,12.237502,12.146916
P12685,559292,404686.0,9.155921,10.076725
Q12059,559292,804601.0,11.388088,12.0693245
P36106,559292,403730.0,12.855369,11.815603
P32452,559292,1029763.0,8.825332,12.129394
Q03707,559292,831967.0,13.358293,11.806597
P38961,559292,478491.0,11.281016,11.383209
P39723,559292,406219.0,13.793472,11.691473
P31111,559292,403621.0,13.739451,11.352949
P43600,559292,402871.0,15.92682,10.707238
Q05863,559292,404630.0,10.93764,12.283139
P13517,559292,819237.0,10.931314,12.197328
P22353,559292,403469.0,10.381083,13.199655
P00856,559292,0.0,8.523196,10.341794
P50088,559292,404330.0,15.6800165,11.207434
P46992,559292,1034848.0,11.024236,14.437329
P47030,559292,402913.0,13.876445,11.460925
Q08199,559292,404972.0,12.392436,12.1944475
P20134,559292,404033.0,14.268783,11.890303
P19262,559292,802718.0,6.8947277,10.995673
P53158,559292,403884.0,13.312077,11.812451
P07284,559292,1027289.0,7.977417,12.518187
Q12220,559292,802158.0,10.234001,11.308155
Q12008,559292,801815.0,9.522533,12.119151
P24004,559292,403626.0,10.527508,11.783102
P53882,559292,403334.0,11.509934,14.7307
P40026,559292,403852.0,14.105829,11.706876
Q08229,559292,403759.0,13.951909,11.498785
P46996,559292,793658.0,8.487567,10.184071
P14359,559292,404037.0,13.208926,11.295037
Q08032,559292,805162.0,11.791784,12.23216
P39991,559292,404365.0,13.791474,11.921305
Q06506,559292,801468.0,10.387315,11.316193
Q12347,559292,831951.0,11.053342,12.231628
P32380,559292,404700.0,13.775804,11.336117
Q12331,559292,404274.0,12.253683,12.370139
P0CX50,559292,,9.229003,14.015117
P38262,559292,801468.0,11.22808,11.717399
P19516,559292,405252.0,10.768308,12.747187
P25354,559292,404040.0,13.868725,11.683304
P48526,559292,802517.0,8.751782,12.425515
P38927,559292,403566.0,12.554973,12.124592
P48353,559292,405137.0,12.529453,10.754308
P21243,559292,805190.0,7.961337,15.847973
P28321,559292,801607.0,9.132801,11.77258
Q04347,559292,405317.0,13.372498,11.510333
Q04411,559292,406810.0,13.726551,12.303643
Q12139,559292,404803.0,13.695208,12.297064
P38292,559292,403248.0,12.769345,12.185107
Q08651,559292,792933.0,8.761703,11.730672
P39961,559292,404321.0,13.71933,12.204851
Q02821,559292,801710.0,10.249388,10.794819
Q06143,559292,792958.0,7.8987184,6.1360574
Q02775,559292,405243.0,13.496705,11.353204
P32500,559292,404987.0,12.339112,12.05776
P38329,559292,478699.0,8.770034,9.946123
Q01217,559292,1034227.0,7.6717596,10.805591
P21192,559292,403642.0,14.2413025,11.745829
P43619,559292,1027396.0,7.5553846,11.803051
P22936,559292,1027794.0,8.375367,12.090293
Q08920,559292,404963.0,12.946484,10.810374
Q6Q595,559292,,11.137652,11.897791
P40530,559292,804277.0,9.987065,12.135113
Q04004,559292,804019.0,10.801452,11.960546
P25594,559292,,7.802304,9.270578
Q04067,559292,804641.0,11.084978,11.705679
P32474,559292,802127.0,9.855858,12.604561
P10869,559292,804902.0,8.430933,11.985572
P46671,559292,403613.0,14.067677,11.46593
P22696,559292,802531.0,9.60426,11.922602
P40098,559292,405269.0,10.719521,12.524542
P43603,559292,793532.0,11.084335,11.753008
P0CY11,559292,0.0,13.51575,11.67307
P00360,559292,1027400.0,7.427116,12.581296
Q08490,559292,406975.0,14.206506,11.592357
P40574,559292,403861.0,13.572032,11.699141
Q03723,559292,405642.0,10.8589945,12.412469
Q02883,559292,404689.0,9.654439,12.014863
P32617,559292,477460.0,12.520196,11.845396
P39932,559292,793066.0,7.6979585,9.069275
P34756,559292,803719.0,13.450714,11.862611
P43611,559292,404329.0,12.904557,12.061337
Q6B0V8,559292,0.0,17.92481,9.927603
Q99189,559292,802151.0,11.843573,11.98466
P40096,559292,403898.0,12.594803,11.010521
Q12164,559292,482082.0,10.884592,12.457651
Q07350,559292,802410.0,15.942981,10.669588
P47113,559292,403376.0,14.080897,11.527624
P22515,559292,801647.0,7.9269075,11.974187
P40043,559292,405755.0,16.19982,10.942222
P04051,559292,801625.0,8.932231,13.404585
Q05902,559292,802733.0,9.585761,12.038739
P10127,559292,802862.0,7.105464,11.954985
Q08817,559292,405039.0,13.204711,11.906794
Q06466,559292,483866.0,11.608837,12.617252
P49954,559292,801550.0,7.681857,12.132988
P47185,559292,793066.0,7.6884685,9.05095
P08679,559292,802312.0,8.835003,13.315456
Q12255,559292,403638.0,11.284338,12.510772
Q12458,559292,1027831.0,7.4084516,11.8012
Q08226,559292,403753.0,14.026387,11.730622
Q12486,559292,815618.0,8.481727,12.049325
P38844,559292,403334.0,11.498366,14.737354
Q99373,559292,403744.0,15.215226,11.034642
Q2V2Q1,559292,403813.0,13.579035,10.785512
P32904,559292,804552.0,8.791735,13.382017
Q03868,559292,406061.0,13.140271,11.892703
Q07793,559292,,9.545602,16.817501
P32501,559292,802175.0,10.525128,11.855963
P21672,559292,802571.0,8.429778,13.283216
Q05636,559292,792964.0,8.354146,12.860237
P39702,559292,803706.0,11.876256,12.148477
Q12143,559292,405300.0,12.736459,11.776869
P38794,559292,403399.0,12.380053,12.2003145
P38880,559292,831945.0,11.258144,12.266773
Q12254,559292,403265.0,11.482711,14.7278805
P42945,559292,803466.0,12.179029,12.220802
P50273,559292,403501.0,13.387681,12.100252
P32892,559292,801468.0,12.18381,11.4750395
P41833,559292,404052.0,12.496893,11.96017
P36112,559292,484586.0,11.833735,12.7248335
P00420,559292,813650.0,3.716113,12.521398
Q00618,559292,803344.0,10.311848,11.758994
P25333,559292,404713.0,13.032989,11.0080595
P36103,559292,404378.0,14.967678,10.782739
P40018,559292,403564.0,13.049035,11.513314
Q05874,559292,801870.0,8.618278,12.123552
P33297,559292,802193.0,9.908083,11.855081
P46948,559292,1027282.0,8.404169,12.864925
P07560,559292,801484.0,5.6861434,18.770115
P37012,559292,802128.0,7.614359,11.875831
P00815,559292,1036150.0,7.8851953,12.026229
Q08951,559292,803324.0,12.073284,12.081423
Q06213,559292,816293.0,12.557669,11.78181
P32799,559292,830826.0,10.674018,13.229282
P32609,559292,477509.0,13.062869,11.975272
P19736,559292,807604.0,12.408991,11.715832
Q06510,559292,477948.0,10.650862,12.305493
P22289,559292,482097.0,10.681497,13.206428
P19211,559292,804453.0,10.013563,11.585952
P39931,559292,831284.0,11.563408,12.054808
P53857,559292,402968.0,13.576316,11.861472
Q06835,559292,805056.0,10.764878,12.271207
P0CX99,559292,,17.898705,9.957577
P47175,559292,402907.0,12.321924,11.829416
P40028,559292,403537.0,13.092873,11.857758
P11927,559292,404193.0,14.473064,11.4124155
P46969,559292,1027393.0,7.256807,12.326761
Q03088,559292,406971.0,13.550132,12.071368
P23624,559292,402898.0,15.288618,10.62206
P10662,559292,404695.0,11.217167,12.520014
P33306,559292,403899.0,14.359338,11.560007
P20133,559292,802210.0,8.531682,11.981859
Q05899,559292,402945.0,15.883846,10.69225
Q06630,559292,404916.0,16.29052,10.714335
P53049,559292,792942.0,8.336324,10.057687
Q12129,559292,405932.0,11.998119,12.073734
P53885,559292,402976.0,14.091049,10.928094
Q06089,559292,827692.0,10.671753,12.8471155
P53297,559292,405359.0,13.401789,11.006314
Q05911,559292,1027256.0,7.4157147,11.181496
Q01852,559292,803531.0,10.9148855,12.8944
P87108,559292,404776.0,10.606766,12.183051
Q3E841,559292,,14.384831,11.202812
P14284,559292,803451.0,11.4518585,12.096334
Q12280,559292,793040.0,12.397941,12.13195
Q12361,559292,403326.0,13.497838,11.965791
P47125,559292,1029627.0,10.13967,12.609039
Q07534,559292,801800.0,7.897826,6.13331
Q04792,559292,1028266.0,8.243851,12.249508
P09457,559292,802530.0,8.013371,11.674252
P06106,559292,802203.0,7.3461537,11.896885
P17695,559292,804677.0,9.504886,12.652721
P38089,559292,801468.0,11.59757,11.997957
Q05635,559292,403619.0,12.654153,12.07374
Q12193,559292,0.0,9.5474825,16.811405
Q12753,559292,403984.0,14.354219,11.729434
P38986,559292,1029409.0,8.084153,12.724469
P38875,559292,803137.0,11.52692,12.552787
P39718,559292,402794.0,14.99203,10.938266
P0CY08,559292,,13.279846,11.713789
P43545,559292,1027431.0,7.905609,13.528949
P40054,559292,802596.0,7.5507154,11.37533
P47018,559292,478528.0,13.388793,11.721212
Q12462,559292,793449.0,10.768005,12.674317
Q12159,559292,,13.070123,10.81622
P32914,559292,801510.0,11.472654,12.50181
P25573,559292,,15.361377,11.051062
P40693,559292,802461.0,9.613406,13.883593
Q12342,559292,403092.0,12.265235,12.081464
P39936,559292,404725.0,13.443453,11.1490965
Q04623,559292,405919.0,11.577823,12.236904
P47015,559292,405756.0,12.829415,11.815639
P31384,559292,801936.0,12.644103,12.456247
P40897,559292,828351.0,8.2150135,9.559915
P47171,559292,405244.0,12.626226,12.089086
Q04839,559292,403738.0,14.113122,11.382706
Q3E752,559292,404119.0,14.781031,10.254871
P36125,559292,803140.0,8.789986,10.441006
P02829,559292,1027825.0,11.432712,12.432353
P17891,559292,477546.0,12.987619,11.61787
Q12355,559292,484566.0,11.175154,14.494323
P09547,559292,405257.0,13.73783,12.3463125
P38894,559292,402915.0,14.95211,12.026072
Q12446,559292,792940.0,13.234248,10.510778
Q12242,559292,405263.0,12.539097,12.031511
P25655,559292,802107.0,12.150706,12.120405
P53164,559292,478724.0,9.245857,12.220048
P36047,559292,403066.0,11.397273,11.861023
P38283,559292,403725.0,14.464335,11.400178
P20606,559292,1027819.0,2.454278,8.403195
P18634,559292,403807.0,12.917254,12.110487
Q12030,559292,479303.0,12.627543,11.182592
P35189,559292,831964.0,10.739875,11.05753
P34758,559292,404900.0,13.865808,11.681001
Q12247,559292,404950.0,12.963227,11.44005
Q3E834,559292,802880.0,4.792262,12.577102
P08417,559292,1027840.0,7.8870654,12.840417
P35202,559292,804891.0,9.444371,12.289186
P49957,559292,802299.0,9.351089,12.100082
P40212,559292,802084.0,16.367613,10.922938
P53427,559292,,11.353349,14.469593
P50874,559292,803002.0,11.869049,12.194018
P41697,559292,831994.0,12.801583,11.704449
Q04598,559292,794445.0,10.587106,13.02579
Q06410,559292,405267.0,12.87449,11.884629
Q03612,559292,,9.547801,16.8124
P53142,559292,793066.0,7.891569,9.37588
P32768,559292,403334.0,14.983451,12.037143
P04802,559292,1027318.0,8.159432,12.383471
P25642,559292,403926.0,10.538558,12.892489
P32912,559292,831944.0,11.129652,12.546743
Q06409,559292,404703.0,12.529835,12.047838
Q03434,559292,,9.548029,16.816084
P32333,559292,803301.0,11.9426775,11.82013
P53632,559292,405091.0,12.6523905,11.8507185
P42951,559292,406829.0,14.105289,11.586398
Q04952,559292,406938.0,12.21486,11.3719425
Q3E750,559292,0.0,17.977728,9.904716
P37370,559292,403334.0,13.303221,10.570739
P33203,559292,801468.0,12.267068,11.9539585
P34164,559292,817991.0,13.361614,11.426724
P54964,559292,1028536.0,9.144848,11.743136
P22135,559292,1033216.0,11.066909,12.63054
Q388I9,185431,66737.0,10.348654,13.226327
Q385H8,185431,,15.966824,10.394518
Q57VZ6,185431,67398.0,11.730781,11.530056
Q38B51,185431,64595.0,15.438471,10.20657
Q381U5,185431,,11.545523,11.60759
Q38BJ7,185431,0.0,16.055449,9.758366
Q57U86,185431,1027591.0,7.986228,13.372526
Q380Y7,185431,,11.587854,11.421046
Q383Q7,185431,,15.105052,11.158841
Q38CC9,185431,64695.0,15.991631,9.74881
Q584Q1,185431,65787.0,13.103931,10.450638
Q387Z2,185431,58026.0,16.003252,9.788146
Q57XD3,185431,64380.0,16.3158,10.927747
Q381B5,185431,,15.682332,11.219016
Q38DT0,185431,65111.0,16.686901,10.561332
Q57UT1,185431,67593.0,15.411109,10.987702
Q57W91,185431,58595.0,15.677633,9.857261
Q57XG4,185431,66883.0,11.528205,11.267175
Q587E6,185431,801644.0,11.460187,11.50274
Q586J9,185431,801904.0,11.792436,11.378384
Q38FB1,185431,58175.0,15.603337,9.903935
D6XD86,185431,802011.0,11.101643,11.656414
Q387Z5,185431,58025.0,15.545981,10.062056
Q38BW6,185431,64433.0,15.963483,9.799195
Q584M7,185431,58077.0,12.35046,11.271851
Q582S0,185431,802195.0,9.5144415,12.928517
Q582G0,185431,818312.0,15.802934,9.744778
Q381B1,185431,,15.62453,10.8518715
Q38C27,185431,0.0,17.928255,9.941443
Q382X0,185431,,11.430825,11.558996
Q38AA4,185431,0.0,16.041733,10.143622
Q57W87,185431,803421.0,11.551032,11.477123
Q580M5,185431,0.0,17.801527,9.969972
Q586K9,185431,64891.0,15.617727,9.960386
Q382D0,185431,,11.590007,11.4172735
Q57VR9,185431,67122.0,16.025112,9.691458
Q384L4,185431,,13.579404,11.152667
Q57VI8,185431,1027819.0,2.4532337,8.400381
Q385B1,185431,,16.236565,9.622111
Q4GZ82,185431,67018.0,11.616013,11.498244
Q583F0,185431,1027306.0,7.579165,12.219371
Q57WT5,185431,59235.0,16.22735,9.632255
Q57WN8,185431,803852.0,15.566541,9.881803
Q57Y00,185431,64944.0,11.635743,11.545168
Q38AA1,185431,66147.0,11.816432,11.453588
Q389H2,185431,65339.0,16.156164,9.664669
Q57VZ7,185431,66651.0,15.899924,10.834389
Q386B4,185431,,16.113134,9.7977495
Q38AA9,185431,65620.0,11.503308,11.54879
Q38EU9,185431,802593.0,7.756947,12.434699
Q38AL3,185431,58516.0,15.143822,10.48468
Q585U3,185431,58432.0,11.590281,11.489634
Q4GYU9,185431,66913.0,15.330586,10.299215
Q57UR4,185431,64754.0,11.534325,11.544064
Q585Y2,185431,65964.0,10.877393,12.39624
Q388A9,185431,802503.0,10.223944,10.9903145
Q580J2,185431,1029002.0,8.0415945,13.230783
Q38CK1,185431,802889.0,12.270599,14.601709
Q57WC7,185431,64557.0,11.91247,11.217657
Q38DP9,185431,1027301.0,8.362601,12.940915
Q38DB4,185431,58401.0,15.835192,9.830482
Q388I8,185431,1027422.0,7.5249753,12.196187
Q57YH1,185431,60200.0,11.456063,11.74263
Q38BK7,185431,1027253.0,9.476692,14.01585
Q385Z8,185431,,15.781471,9.751645
Q584K4,185431,802225.0,11.413298,12.253376
Q38BJ1,185431,65490.0,15.67196,11.421716
Q386C1,185431,,15.901375,9.934262
Q381L1,185431,,11.225906,12.077889
Q38EJ5,185431,65833.0,11.929841,11.445298
Q38F22,185431,67000.0,15.001526,10.999483
Q57V68,185431,59524.0,15.066269,12.026032
Q38BM6,185431,66002.0,16.138474,9.713252
Q383M9,185431,,15.465734,10.139396
Q385A9,185431,,15.8578,9.703081
Q57W18,185431,801468.0,11.737615,11.444563
Q57V43,185431,66293.0,11.461958,11.750191
Q586Q3,185431,58241.0,15.913224,9.751782
Q57WS0,185431,801700.0,9.65793,12.628535
Q384R7,185431,,10.413485,11.606113
Q57VD1,185431,64348.0,15.660299,10.082099
Q389U1,185431,59139.0,15.10617,12.059362
Q586Q9,185431,801589.0,14.841856,11.010654
Q584H9,185431,58757.0,11.453783,7.8971915
Q57XD5,185431,1027326.0,7.0387692,12.287568
Q4GYS2,185431,64727.0,15.916619,10.010142
Q387G5,185431,,8.419227,12.160385
Q38A10,185431,64507.0,15.63194,10.008951
Q57V38,185431,1033268.0,11.529082,11.563623
Q38A13,185431,0.0,18.043322,9.855489
Q38CE9,185431,65987.0,15.475735,9.937134
Q581Q7,185431,66622.0,11.672894,11.571013
Q389H7,185431,64806.0,15.556228,10.059468
Q38DT1,185431,65952.0,15.868149,9.816709
Q384X8,185431,,16.038317,9.813465
Q38BH3,185431,804950.0,10.418544,11.68537
Q57UD0,185431,59262.0,15.068377,12.03694
D6XD01,185431,,8.159911,18.879524
Q38A68,185431,0.0,16.176315,9.696654
Q586D1,185431,65884.0,11.273671,11.492043
Q582X3,185431,58430.0,15.3792715,10.783669
Q386L9,185431,,10.432453,11.534342
Q386Q7,185431,,16.172697,9.675346
Q57YQ4,185431,801537.0,8.321319,12.059279
Q383N3,185431,,13.163082,10.983795
Q385Z1,185431,,15.549882,10.182882
Q38CB3,185431,58187.0,15.63072,9.871245
Q57YV2,185431,60075.0,14.93572,10.3869505
Q385Q9,185431,,7.5411043,11.893438
Q57WW9,185431,58837.0,10.70558,12.735812
Q384M6,185431,,10.692744,11.996478
Q384Y7,185431,,15.470535,10.652479
Q38AL7,185431,805253.0,11.578495,11.628185
Q57W24,185431,801468.0,13.3061075,13.879574
Q4GZ59,185431,64737.0,16.151814,9.690062
Q385K0,185431,,11.188109,11.718338
Q580U0,185431,58760.0,15.932677,11.010812
Q387H1,185431,,15.933563,9.721142
Q580S0,185431,801484.0,5.7260246,18.70771
Q38DY6,185431,66082.0,12.714383,11.168641
Q385S3,185431,,11.377932,11.415965
Q382E4,185431,,10.013708,13.420091
Q57VX4,185431,60609.0,15.342054,10.551888
Q57Z79,185431,67553.0,15.585523,10.910252
Q57YP6,185431,64636.0,8.251054,13.444865
Q585V9,185431,64407.0,15.463555,10.159145
Q383R0,185431,,15.49074,10.101528
Q38E42,185431,58954.0,15.766613,9.781389
Q585N4,185431,66505.0,12.414475,10.610657
Q380Y9,185431,,14.456998,10.592251
Q38A34,185431,1028748.0,8.10937,12.847068
Q57VV4,185431,801468.0,11.404391,11.853044
Q586W7,185431,802511.0,10.232333,11.592957
Q381N9,185431,,11.422855,11.470038
Q57ZW1,185431,64903.0,15.743,10.340628
Q586F2,185431,59126.0,15.086609,12.051691
Q584D9,185431,65214.0,15.646004,9.837978
Q386Q8,185431,,9.410648,11.870464
Q38C19,185431,806148.0,10.078373,11.421659
Q585I6,185431,1027981.0,3.424393,17.280666
Q388J6,185431,64684.0,15.050323,10.869751
Q38FN2,185431,58168.0,13.763646,11.028372
Q586Z4,185431,59215.0,15.572907,10.9757595
D6XFK6,185431,66757.0,9.124713,12.046348
Q382D6,185431,,11.63237,11.580049
Q580P4,185431,0.0,16.20848,8.694776
Q38EV6,185431,66683.0,12.269132,14.589456
Q582Y2,185431,58860.0,16.051432,9.775583
Q57ZX3,185431,67033.0,16.127293,9.681515
Q587A5,185431,64414.0,12.531363,10.561518
Q57US7,185431,67930.0,11.628583,11.642185
Q583K4,185431,58298.0,15.596729,10.44794
Q387I5,185431,,15.883453,9.903657
Q57Y27,185431,58223.0,16.111889,9.6703825
Q381Z1,185431,,13.156674,10.698932
Q585C9,185431,59371.0,15.743488,9.883176
Q382N5,185431,,15.5751915,9.94335
Q38CQ0,185431,60617.0,16.211592,8.691005
Q383H5,185431,,8.442749,12.776461
Q38AZ7,185431,65632.0,15.995665,9.790942
Q38BN6,185431,0.0,17.835808,9.976813
Q57YE0,185431,58368.0,14.249372,9.470972
Q57TR9,185431,0.0,16.211565,8.680872
Q57U78,185431,66139.0,15.612896,10.182571
Q384D8,185431,,10.730302,11.671366
Q582Q4,185431,65788.0,13.11501,11.005636
Q38B15,185431,64592.0,15.945011,9.807526
Q388F8,185431,67502.0,12.249693,10.444765
Q4GYR0,185431,59237.0,11.61766,11.032413
Q38EZ3,185431,58557.0,16.288471,9.598027
Q585Y7,185431,801887.0,9.605994,11.480937
Q57YJ8,185431,802691.0,10.998931,11.658491
Q38CK0,185431,66319.0,15.617617,10.929992
Q38AU6,185431,65877.0,15.096246,10.794739
Q57WR0,185431,64188.0,15.841326,9.939558
Q38FB7,185431,802573.0,8.270833,11.738111
Q382E2,185431,,11.655107,11.523762
Q582L5,185431,802227.0,11.149188,12.588642
Q581X5,185431,59747.0,11.734118,11.436676
Q580H7,185431,802785.0,8.701474,9.889385
Q57W11,185431,65003.0,16.059095,9.741248
Q4GYA8,185431,60633.0,16.139076,9.698899
Q582W2,185431,66405.0,12.217882,11.260521
Q388U6,185431,65650.0,11.388074,11.041318
Q38AA3,185431,1027303.0,9.663098,11.8266735
Q38E75,185431,805916.0,11.505669,11.519988
Q57V79,185431,58217.0,16.021515,9.861483
Q38CB2,185431,66784.0,15.404145,11.080729
Q389N3,185431,0.0,16.17336,10.429146
Q38CT5,185431,,16.117144,8.780939
Q381Y2,185431,,15.522097,10.090047
Q38BV9,185431,59403.0,15.950123,9.696615
Q384I5,185431,,18.033054,9.872422
Q38ED5,185431,0.0,17.987337,9.8988905
Q582V9,185431,58429.0,16.180794,9.690741
Q38B25,185431,65862.0,11.720497,11.498572
Q38BR3,185431,0.0,16.105871,9.6624565
Q57YU8,185431,802315.0,8.949998,9.938314
Q38C71,185431,802704.0,10.700137,11.673381
Q57WV5,185431,59712.0,13.066305,10.363567
Q57X51,185431,801878.0,8.884826,10.257292
Q388B8,185431,801468.0,11.813763,11.442392
Q57UT8,185431,59989.0,15.5764675,10.189733
Q585P3,185431,67293.0,14.798772,10.148883
Q57W34,185431,801654.0,8.978082,10.128547
Q57UJ7,185431,802115.0,10.615302,11.765632
Q38B29,185431,1030337.0,7.2137427,13.20411
Q4GZ80,185431,65808.0,16.064238,10.724511
Q386Q2,185431,,15.577307,10.934988
Q387M3,185431,,15.786875,10.214531
Q584P6,185431,801780.0,10.865862,12.36369
Q580E3,185431,58306.0,15.925636,9.932821
Q384L1,185431,,11.755067,11.391763
Q57YW3,185431,65354.0,15.393209,10.115952
Q387L3,185431,,9.238429,12.115835
Q38BH6,185431,65125.0,15.58149,10.975047
Q38DG9,185431,66136.0,15.969457,9.8118105
Q387L9,185431,,8.293416,12.861661
Q57XD6,185431,66743.0,15.626825,10.980796
Q57ZN7,185431,67417.0,16.06285,9.770336
Q57TX0,185431,66355.0,15.76968,10.479311
Q38ES3,185431,66684.0,15.598916,10.874421
Q381X2,185431,,15.59445,9.883948
Q581Q9,185431,64441.0,10.731331,11.717435
Q38FZ1,185431,64928.0,14.635077,10.528867
Q384C8,185431,,8.818458,9.9318
Q38BB1,185431,801468.0,10.478571,11.306761
Q38BK3,185431,64237.0,15.950459,9.79602
Q580S7,185431,64563.0,15.309763,10.775592
Q4GZ89,185431,58565.0,16.026009,9.854118
Q57ZM6,185431,65403.0,16.167534,9.675015
Q381T1,185431,,8.328985,13.054706
Q382K3,185431,,11.666877,11.607376
Q385P0,185431,,8.931154,13.031243
Q38DT6,185431,65953.0,16.201496,10.957445
Q384E0,185431,,9.723386,11.832546
Q38A01,185431,58030.0,15.470555,10.149183
Q583P8,185431,801468.0,11.251976,11.124407
Q57V01,185431,1033102.0,7.9777484,12.241499
Q38CJ9,185431,65746.0,11.90919,10.99212
Q57YB6,185431,58103.0,15.260245,10.310921
Q38DS0,185431,801800.0,7.8970838,6.1370916
Q38BX0,185431,66229.0,15.291079,10.36396
Q38D40,185431,66145.0,15.402271,11.004442
Q38FS0,185431,64931.0,15.803773,10.268557
Q57Y81,185431,801945.0,8.502422,11.961607
Q57VR1,185431,66927.0,15.637267,9.836652
Q38CA3,185431,0.0,16.077349,9.737726
Q57X89,185431,67107.0,15.49212,9.994106
Q389N2,185431,59297.0,16.298923,9.579851
Q57V31,185431,64217.0,9.465811,12.068327
Q385B4,185431,,15.978057,9.776471
Q57XZ1,185431,64624.0,16.286633,9.590045
Q38CY6,185431,801673.0,9.408711,13.9631405
Q38DV8,185431,803568.0,9.026991,11.87712
Q387A9,185431,,11.38833,11.671512
Q389A8,185431,0.0,11.771873,11.538418
Q383S2,185431,,11.569304,11.656853
Q580J7,185431,59311.0,17.79157,10.033939
Q584Q2,185431,1033307.0,11.1096945,11.875147
Q57YK7,185431,802012.0,6.74584,11.989182
Q581A5,185431,58669.0,15.846359,9.754253
Q57YP2,185431,66625.0,15.304595,10.285477
Q389C6,185431,817589.0,15.137057,11.049195
Q38DR1,185431,65948.0,13.044542,10.39363
Q38AD2,185431,67255.0,15.600931,10.993856
Q388M5,185431,,10.941889,12.02113
Q387X3,185431,0.0,15.661739,9.896971
Q38CL4,185431,58270.0,13.885958,10.790327
Q585M5,185431,66962.0,15.599773,10.035285
Q38C35,185431,59997.0,15.090293,10.862931
Q8IFH6,185431,0.0,17.876978,9.955659
Q580Z5,185431,801950.0,11.316126,12.25152
Q38A77,185431,66126.0,12.302532,12.603324
Q387T3,185431,801772.0,10.118659,10.884108
Q38DY4,185431,801856.0,8.358016,11.760047
Q585Z1,185431,65963.0,15.715801,10.723608
Q38CZ5,185431,801468.0,-0.66619515,14.91968
Q583M3,185431,65011.0,11.731068,11.102345
Q387S8,185431,67424.0,16.41071,10.804857
Q383W8,185431,,10.1842785,10.912701
Q585Q8,185431,801918.0,14.315903,17.506891
Q384B6,185431,,15.21365,10.233053
Q580T7,185431,66366.0,11.358216,11.473099
Q382T0,185431,,16.109037,9.738359
Q38DA9,185431,64212.0,15.661652,11.246088
Q381R3,185431,,11.206941,11.804301
D6XIY7,185431,801671.0,11.562519,11.549219
Q382N9,185431,,15.365951,11.125242
Q587F4,185431,,15.618223,10.416752
Q4GYD1,185431,59327.0,16.289417,9.590469
Q38CG0,185431,58280.0,15.815954,9.82026
Q387J6,185431,,12.9093075,10.61403
Q57WD8,185431,65256.0,15.571369,10.044437
Q38CG7,185431,807673.0,11.012149,11.502473
Q382B2,185431,,8.314144,13.000599
Q388D3,185431,1027275.0,8.842454,13.95354
Q4FKF6,185431,64718.0,15.7340975,10.819809
Q386T5,185431,,14.784281,11.070159
Q57XE3,185431,58591.0,15.469609,11.040461
Q57YB0,185431,64253.0,12.525533,10.52181
Q388S3,185431,59597.0,16.167463,9.665847
Q587A1,185431,802296.0,12.012309,11.373556
Q586Y4,185431,58232.0,16.29637,9.584039
Q586H3,185431,64408.0,15.387905,9.658961
Q57Y33,185431,58757.0,11.429421,7.8605185
Q389Y7,185431,64506.0,15.643486,10.083632
Q386B7,185431,,15.779797,9.731837
Q584G7,185431,67486.0,15.451739,10.148303
Q580W3,185431,64565.0,15.639374,10.142471
Q385V1,185431,,12.094803,10.6370735
Q57V86,185431,64663.0,8.307368,9.397829
Q580I8,185431,64556.0,15.575431,9.872406
Q57ZI4,185431,0.0,15.656847,9.79351
Q384J2,185431,,11.893222,11.527819
Q385Q7,185431,,15.9609785,9.925957
Q57V95,185431,58208.0,16.293089,9.587229
Q38FF1,185431,66609.0,11.479979,11.925526
Q38C46,185431,67125.0,15.631442,10.018234
Q580Z7,185431,801468.0,13.0316,13.870831
Q584S6,185431,801903.0,8.151486,11.89057
Q389E1,185431,60134.0,15.59063,11.189746
Q57Z15,185431,58791.0,15.879194,9.9248905
Q385S5,185431,,10.9088745,11.973893
Q382Z4,185431,,11.728415,11.566124
Q4GZA2,185431,64725.0,15.538205,10.020946
Q382L1,185431,,8.029306,12.610182
D6XHE1,185431,802365.0,11.162959,7.4876785
Q38DT8,185431,805594.0,7.9197307,12.288072
Q386K1,185431,,14.924731,10.712281
Q387I4,185431,,13.218975,10.498883
Q57VI9,185431,67170.0,11.478416,10.773121
Q38D18,185431,804645.0,9.914911,11.580501
Q38B91,185431,58497.0,15.915588,9.9157505
Q4FKJ2,185431,801730.0,8.706649,11.869227
Q57YI5,185431,65439.0,14.594323,10.265562
Q583W2,185431,58731.0,16.208942,9.640799
Q57VZ5,185431,58682.0,15.305113,10.263593
Q4GYQ8,185431,65030.0,15.676675,11.099592
Q57YS4,185431,58214.0,14.987706,10.009565
Q38EK0,185431,802335.0,8.664281,9.934786
Q383Z5,185431,,11.60442,11.492826
Q4GYJ9,185431,0.0,17.605436,10.053432
Q385C3,185431,,11.739059,11.416753
Q583V7,185431,65677.0,13.983162,11.027342
Q388J9,185431,803384.0,8.211098,13.000785
Q384V7,185431,,11.773562,11.426165
Q57XR7,185431,66828.0,15.98071,9.989886
Q57W95,185431,803369.0,13.66516,11.130964
Q57Y66,185431,,16.200207,9.639316
Q586T0,185431,64992.0,15.971606,9.701638
Q38AE7,185431,803154.0,11.892761,11.462753
Q386Z9,185431,,11.537485,11.406834
Q583K9,185431,802197.0,11.725972,11.30337
Q57XK0,185431,64561.0,15.73847,11.258938
Q581X4,185431,59747.0,11.394934,11.323831
Q57Z39,185431,801468.0,11.573028,11.5418
Q57VK0,185431,803744.0,8.9026,10.191922
Q585X3,185431,1027381.0,8.201337,11.2874155
Q57ZM4,185431,67201.0,15.571281,11.04121
Q57VJ1,185431,67226.0,15.767253,10.320639
Q388H1,185431,58473.0,15.976062,9.971146
Q57UX8,185431,801602.0,8.231659,9.429428
Q583F6,185431,59037.0,15.434833,10.09049
Q57VS6,185431,67120.0,15.57589,10.05236
Q581A6,185431,801468.0,11.462177,11.50757
Q388E8,185431,801468.0,12.385105,10.848959
Q57YZ1,185431,66129.0,15.778279,9.80162
Q38EI9,185431,1027271.0,9.1476345,13.912249
Q38AC6,185431,64481.0,15.510996,10.1425295
Q38DR9,185431,65950.0,14.210009,9.944422
Q38AH4,185431,60526.0,15.765921,11.127846
Q583L6,185431,0.0,16.215467,8.686943
Q388M9,185431,0.0,15.343908,10.913241
Q587C4,185431,67161.0,16.353405,10.74574
Q57X74,185431,60646.0,14.919167,11.775619
Q382D2,185431,,11.394284,11.578684
Q584D2,185431,66311.0,15.59404,10.997637
Q384I1,185431,,8.457924,11.787491
Q385K3,185431,,10.9795475,11.807
Q38EM1,185431,1027819.0,2.4892921,8.424602
Q57YH4,185431,68007.0,11.579745,11.666399
Q38BL5,185431,59402.0,16.32615,9.568408
Q38AK2,185431,802077.0,9.868113,11.893535
Q581X7,185431,802638.0,7.0310183,12.815982
Q57W30,185431,59499.0,15.033834,10.037844
Q582V8,185431,60678.0,18.023945,9.875127
Q57VG3,185431,65473.0,15.667813,10.772383
Q4GZG0,185431,64736.0,16.014067,9.784389
Q38E49,185431,65072.0,15.758053,9.735979
Q38C99,185431,67664.0,15.984472,10.083751
Q387J4,185431,,15.616802,10.44108
Q387U9,185431,64417.0,15.739199,10.440687
Q57ZU5,185431,801599.0,8.19509,12.278983
Q38F23,185431,801712.0,11.303303,12.210668
Q383M7,185431,,15.713847,9.895473
Q584H2,185431,59405.0,15.852131,9.968231
Q38CC8,185431,59731.0,14.567048,9.809003
Q38BN4,185431,802469.0,9.552694,11.860409
Q38BQ0,185431,58702.0,16.255262,9.609575
Q57Z58,185431,1027285.0,8.797409,12.729427
Q388I1,185431,58470.0,16.080015,10.524942
Q57ZS7,185431,1027312.0,7.6419806,12.475446
Q385Y4,185431,,15.727211,10.828359
Q387Q9,185431,67181.0,15.547507,10.935708
Q57W23,185431,58378.0,15.734961,9.794894
Q38BZ0,185431,64452.0,8.271143,13.259739
Q57UT3,185431,802172.0,11.7362995,11.426018
D7SGA2,185431,58077.0,12.378238,11.280529
Q38B40,185431,66802.0,16.136139,9.69787
Q38E25,185431,58952.0,15.114522,10.693169
Q389P9,185431,64798.0,15.714608,9.936166
Q38AY0,185431,801881.0,10.648746,11.45749
Q38EF3,185431,60672.0,16.248156,9.610602
Q38AK7,185431,801738.0,6.8837757,10.981436
Q381L0,185431,,15.286919,10.733204
Q383J3,185431,,11.350567,11.579547
Q387K3,185431,,11.480953,11.575647
Q57U60,185431,60611.0,16.29151,9.596054
Q38CI1,185431,58275.0,16.102356,9.706961
Q389W2,185431,67508.0,12.990522,10.718448
Q57W20,185431,64225.0,15.734957,10.013738
Q57UN0,185431,1033129.0,9.6167345,11.848593
Q57TT9,185431,60382.0,15.853724,9.77292
Q38FP7,185431,59349.0,16.298065,9.581686
Q4GYA2,185431,801752.0,11.736132,11.523913
Q580C7,185431,59812.0,15.992669,9.768117
Q386A8,185431,,11.763716,11.739318
Q57WJ6,185431,59424.0,10.678684,11.259512
Q38F18,185431,58553.0,15.275559,10.377096
Q57Z31,185431,801469.0,0.33899033,6.8840013
Q57ZY0,185431,66852.0,15.591374,10.957773
Q384S2,185431,,11.817215,11.63186
Q57TU0,185431,66507.0,12.1615,11.366374
Q382S6,185431,,15.898444,9.805832
Q38ER6,185431,65692.0,15.367448,10.28288
Q587E2,185431,65794.0,15.300483,10.394424
Q57UT9,185431,65946.0,12.5871105,11.099952
Q38EW4,185431,801803.0,10.930973,11.415964
Q38AA2,185431,806207.0,12.277225,14.626741
Q38F81,185431,65024.0,10.711196,11.651829
Q57X12,185431,60660.0,16.116571,9.705266
Q57X48,185431,801899.0,8.384288,11.843895
Q382I7,185431,,15.819643,10.330647
Q388N2,185431,801468.0,3.4293926,17.274227
Q580T8,185431,67657.0,14.06881,10.419829
Q57WB3,185431,58089.0,15.955879,9.991269
Q4GZ49,185431,66862.0,13.690532,11.127754
Q57Z68,185431,64899.0,16.096176,9.69352
Q57YU2,185431,1033187.0,9.017277,13.364128
Q387Y1,185431,0.0,16.298082,9.577586
Q38E60,185431,801468.0,13.111116,14.004332
Q580J5,185431,64575.0,11.800647,11.514467
Q57Z18,185431,802832.0,11.481474,11.492847
Q57UI4,185431,1033184.0,7.2932706,13.4681015
Q38G16,185431,0.0,16.217031,8.678018
Q582F5,185431,59079.0,15.60594,10.076187
Q57W96,185431,0.0,18.00222,9.890296
Q57VN9,185431,64893.0,15.223024,10.451841
Q38DP8,185431,67460.0,15.635038,10.9081
Q385C5,185431,,14.150418,10.004054
Q38BG3,185431,60229.0,15.156887,10.617547
Q388J0,185431,0.0,15.413059,10.029812
Q580V9,185431,58766.0,16.27032,9.595651
Q384R6,185431,,15.453801,10.080844
Q38BU2,185431,801930.0,10.786659,11.2666645
Q382C7,185431,,13.027606,10.250757
Q57VU6,185431,67404.0,15.375862,10.299755
Q38DJ3,185431,65740.0,14.991283,10.872018
Q585X7,185431,58334.0,10.531525,11.772053
Q585A7,185431,64398.0,11.650829,11.511219
Q57ZU8,185431,811223.0,10.951406,12.0504
Q38CG1,185431,66058.0,10.92718,12.422479
Q57U80,185431,802258.0,11.462715,11.410924
Q586B9,185431,58287.0,15.91152,10.504535
Q38DH3,185431,802203.0,7.6219645,11.922713
Q38BY2,185431,802621.0,11.028332,12.013019
Q585S8,185431,801645.0,11.964913,11.453247
Q586N3,185431,802335.0,8.7302265,9.95768
Q387Z8,185431,65636.0,11.044554,12.511507
Q387E2,185431,,15.9349785,9.966459
Q57V78,185431,58216.0,15.637128,9.84127
Q584J5,185431,64908.0,15.528195,9.985155
Q384P7,185431,,16.323574,9.569016
Q38EW1,185431,1027267.0,8.810634,14.034947
Q38AT8,185431,64596.0,11.011571,11.5645895
Q583E1,185431,58576.0,16.239635,9.619014
Q386P6,185431,,11.478583,11.485772
Q38D96,185431,65970.0,11.9944515,11.339226
Q38D15,185431,0.0,17.662804,10.100349
Q381I0,185431,,16.04539,9.73435
Q38BI2,185431,65851.0,11.532422,10.852246
Q57Y55,185431,58060.0,15.574117,9.851749
Q583Q2,185431,58324.0,15.759404,10.007148
Q4GYE7,185431,64861.0,15.504026,9.979595
Q387B9,185431,,8.9555,12.035272
Q57X11,185431,60323.0,15.902208,9.742022
Q580R8,185431,67992.0,11.154074,12.591686
Q384D3,185431,,13.189538,10.944032
Q387U6,185431,60253.0,16.33228,9.560339
Q8MQ90,6239,565008.0,14.754856,10.191
O02640,6239,1027592.0,7.783175,11.753938
Q19130,6239,1027254.0,8.205692,12.190676
Q9NAC5,6239,801468.0,12.429868,11.115144
Q19328,6239,802581.0,8.4783535,11.660571
Q23165,6239,793160.0,11.979508,11.972728
G5EEF3,6239,556206.0,15.809194,10.710698
Q20443,6239,564897.0,11.708005,9.34075
O17200,6239,550320.0,12.267736,11.52815
H2L2K0,6239,563908.0,15.645151,11.410125
Q9XUU8,6239,562077.0,11.886114,11.956278
O17297,6239,550678.0,11.365199,10.612514
O45307,6239,807798.0,8.524966,12.017734
Q9BLB5,6239,563230.0,11.362642,10.873211
G5ED35,6239,563803.0,11.637556,7.499823
Q4PIU4,6239,555365.0,13.309707,10.658518
Q9N5D3,6239,793037.0,12.527497,10.655195
Q19849,6239,793484.0,13.174629,9.160861
B3GWB6,6239,,17.84568,9.966333
Q94216,6239,793385.0,12.254504,11.414349
P46581,6239,551030.0,14.702521,8.816621
P47991,6239,802247.0,9.249321,14.026964
G5EFZ1,6239,1027997.0,7.4681993,12.609741
Q9NA25,6239,551113.0,9.446596,12.027733
Q20687,6239,551158.0,13.903557,10.834838
Q22888,6239,801579.0,10.131053,11.34369
Q20374,6239,565977.0,13.324904,10.831901
P35800,6239,563661.0,15.644703,14.133221
Q9N590,6239,1033178.0,8.615455,11.532536
G5EFH4,6239,801946.0,11.029023,4.7307234
Q22492,6239,801707.0,10.855038,7.8273754
O18302,6239,779842.0,11.764487,9.727282
O62137,6239,802701.0,7.7852936,12.488007
P90986,6239,569944.0,10.277331,12.670042
Q9TXM1,6239,0.0,15.015167,10.162698
Q18694,6239,553029.0,14.448677,9.128036
G5EFY3,6239,654016.0,11.013533,7.5730567
P46580,6239,,9.980195,12.186073
Q7JMB8,6239,,13.009186,10.01888
O18696,6239,650584.0,11.757718,10.026797
Q9XUJ7,6239,569743.0,10.9634905,10.272453
Q19124,6239,801468.0,10.538493,11.299616
E5QCG4,6239,,17.79035,10.016139
P41779,6239,777935.0,14.26243,9.178571
Q9U1Q7,6239,801533.0,11.050511,11.253865
P91497,6239,551011.0,15.059451,10.528075
O45915,6239,563301.0,9.010159,9.919008
H9G2S0,6239,,15.276422,10.762306
O45657,6239,795691.0,11.266711,7.5896025
Q22639,6239,801837.0,11.766135,10.994752
O02086,6239,801531.0,8.32475,10.060209
Q22387,6239,0.0,14.018597,11.306376
Q9U2Y6,6239,550625.0,15.665305,10.735678
Q9GYH7,6239,781604.0,12.392058,11.527298
O16850,6239,564719.0,14.621452,9.454785
Q17922,6239,653217.0,14.204697,9.699412
Q9TXR6,6239,,12.342561,7.448031
E1B6S7,6239,,13.314864,10.028508
Q9U2M1,6239,801600.0,12.280286,11.554643
Q18806,6239,568805.0,11.851035,7.4436493
O45815,6239,1027835.0,-4.6712112,9.370645
Q17936,6239,792940.0,13.048476,10.066112
P34308,6239,568987.0,11.432714,11.10372
G5EEK0,6239,793167.0,14.316155,17.507294
Q9TYX9,6239,550417.0,14.535896,10.679022
P91156,6239,801468.0,13.646988,10.63283
V6CLA7,6239,795431.0,12.443894,10.5876875
Q9U357,6239,803096.0,9.137775,10.434688
Q09423,6239,565916.0,14.501869,10.122577
A0A0K3AXH1,6239,552677.0,14.351154,10.391747
Q9N423,6239,,9.124664,12.102271
P91316,6239,561723.0,11.939394,13.253888
Q94185,6239,649310.0,14.978847,9.925291
Q20929,6239,566630.0,17.742447,13.213298
Q18787,6239,802378.0,9.951029,11.862509
Q18194,6239,811435.0,11.059741,11.9513035
Q19253,6239,793408.0,11.771277,11.278613
D5MCQ6,6239,553073.0,13.194451,10.127422
Q20595,6239,563324.0,12.215045,9.788753
G5EFF7,6239,802507.0,11.784691,10.483151
G5EFJ8,6239,824163.0,11.029423,14.040774
Q23482,6239,565215.0,16.097294,10.640794
G5ECG7,6239,565752.0,12.226345,7.640385
G5EEC1,6239,565652.0,12.433725,15.38941
Q21415,6239,813795.0,11.111426,7.946598
G5EBG7,6239,,11.436861,7.961997
A5A8R2,6239,,12.333929,7.2536135
G5EEH5,6239,551717.0,13.493241,10.175818
G5EG14,6239,802020.0,14.603501,10.565001
Q9U280,6239,801999.0,8.414703,9.83633
P17139,6239,801468.0,15.659614,14.123411
F5GUF0,6239,,13.2967205,10.49273
Q9BIF4,6239,793124.0,13.086477,10.475911
Q1ZXS5,6239,801752.0,10.76259,11.588904
H8ESF4,6239,,13.253801,9.922282
Q09573,6239,793075.0,8.6794405,9.827727
Q18124,6239,0.0,15.080438,11.277433
Q86MG7,6239,813603.0,10.356036,11.698739
P41936,6239,568050.0,14.6222725,9.188666
Q9NA81,6239,801986.0,10.18004,12.17042
O17395,6239,794261.0,8.084297,9.361724
G5EFA2,6239,550711.0,12.3377495,10.805482
Q20229,6239,564289.0,10.838378,11.655472
G5EFV0,6239,550637.0,19.8277,9.725405
O44516,6239,564715.0,12.385234,7.433917
G5ED08,6239,802308.0,7.583209,13.113033
H2KZU6,6239,,14.89559,10.146972
P05690,6239,656278.0,11.941365,7.579542
G5EFU2,6239,801800.0,14.508481,14.263091
P52713,6239,1027603.0,7.139306,11.873991
O61528,6239,,11.937078,10.872845
O18211,6239,803183.0,10.315836,10.724508
H2KYN7,6239,,11.661517,10.686245
Q09289,6239,807853.0,11.823285,10.8728895
G5EDI8,6239,567140.0,12.188857,11.227645
Q9N2W5,6239,802390.0,11.829284,10.96352
Q9XU12,6239,569398.0,12.171526,10.595318
O62103,6239,793926.0,10.797674,12.688892
G5EG28,6239,802837.0,12.221897,11.997951
G5EFN4,6239,0.0,12.441817,15.447511
Q18508,6239,561938.0,14.376952,10.478708
Q9XUK2,6239,552767.0,14.342922,9.460454
G5EF11,6239,553248.0,14.413262,10.181938
H2KZW3,6239,562116.0,11.8055105,10.632672
Q9XVF6,6239,563564.0,14.941544,10.193957
Q95Y84,6239,567657.0,12.771339,11.204685
O18214,6239,552889.0,14.30786,9.22356
H2L2K8,6239,799979.0,17.876356,9.957813
Q18986,6239,652832.0,12.181539,11.258393
Q20127,6239,807995.0,10.431166,11.816468
G5EBX3,6239,794228.0,11.969565,11.383034
Q8MQ33,6239,563363.0,11.593513,7.46813
O17869,6239,802120.0,11.114909,10.761309
P37209,6239,658566.0,10.879143,12.886547
Q93703,6239,802351.0,8.1011305,11.80354
P91409,6239,562027.0,11.095406,12.561134
Q93379,6239,802214.0,7.601535,11.662054
Q21502,6239,565626.0,13.183328,9.761972
Q9XW71,6239,550318.0,12.154928,5.272386
Q22640,6239,802213.0,16.165594,10.854937
Q20481,6239,801848.0,8.438639,12.244896
G5EEC2,6239,555516.0,12.158718,5.2625637
Q19348,6239,563007.0,11.430706,7.5483384
G5EFQ5,6239,552388.0,14.207783,10.296611
Q95ZV7,6239,784084.0,11.226493,7.6974654
G5EGB2,6239,567865.0,14.4443,9.297109
G1FC92,6239,554929.0,15.425249,10.695809
P34295,6239,550637.0,19.826185,9.725359
Q19852,6239,780713.0,12.514194,10.235026
E0R7L7,6239,206195.0,3.4263704,17.278442
O16500,6239,561925.0,13.2192745,10.549725
Q21443,6239,792940.0,-0.6879029,14.923414
H2KYL3,6239,555075.0,15.723524,10.7978525
G5ECJ4,6239,802986.0,12.7243,9.691547
Q20619,6239,553028.0,14.058159,9.314376
G5EEN8,6239,564421.0,11.166736,12.69617
Q9XVA9,6239,551341.0,12.537282,7.4949794
Q18225,6239,552554.0,14.43322,9.814071
Q95QH7,6239,781053.0,11.04619,10.304396
Q95YF3,6239,792989.0,9.768448,11.214988
G5ECE8,6239,561848.0,11.372946,7.6565537
P34258,6239,562934.0,12.948642,10.545404
O45784,6239,805463.0,12.52923,10.994094
G5EEF1,6239,565605.0,11.676403,7.3738213
D7SFK1,6239,553922.0,12.331643,12.139623
G5EGM1,6239,655379.0,11.398513,7.587747
Q9XVK6,6239,792940.0,13.142722,10.524642
O45935,6239,801468.0,12.544348,10.589091
Q95YF0,6239,802685.0,12.40595,11.497049
Q9TXI3,6239,802131.0,10.49304,12.100313
Q8MQC4,6239,551151.0,17.708199,13.207003
Q07749,6239,801487.0,9.48629,12.34443
O02151,6239,567769.0,12.466632,8.360162
P34418,6239,564149.0,14.082467,9.786679
Q22717,6239,550513.0,14.650455,8.876246
Q95ZS0,6239,798053.0,12.567758,11.187341
O02289,6239,556076.0,14.929088,9.808108
Q22099,6239,1027750.0,8.320016,12.366929
Q21898,6239,802003.0,8.776404,12.953273
P34561,6239,802767.0,11.372576,10.725201
Q9U299,6239,801940.0,11.502841,11.109373
Q09312,6239,551332.0,13.156514,11.831599
Q95XA8,6239,562631.0,14.173041,9.423872
G5EE72,6239,792942.0,8.327775,10.044661
Q8I7K5,6239,,12.656603,10.095033
H2KZ22,6239,562024.0,13.317768,10.53401
Q93538,6239,802931.0,12.775638,11.260532
Q23498,6239,792997.0,11.2208,7.799337
O01871,6239,565065.0,11.811065,12.0111475
G5EDF1,6239,569732.0,12.43945,15.436663
Q9N5M2,6239,802402.0,10.701246,11.893053
Q22125,6239,551052.0,11.817639,7.4167128
Q22100,6239,1027540.0,7.021906,12.18514
Q86NF9,6239,0.0,12.391148,10.786646
Q18235,6239,551003.0,14.750029,10.858961
D7SFQ6,6239,,13.424207,10.799067
Q9GZF3,6239,802046.0,9.679233,11.850607
Q09506,6239,654043.0,11.018677,10.596365
G5EEJ2,6239,0.0,13.861285,9.9833555
Q23064,6239,567933.0,14.254162,10.243728
Q95XH2,6239,793003.0,11.981842,10.54563
Q9N3B0,6239,808259.0,10.942496,11.968775
P61866,6239,802580.0,8.489509,13.354743
H2KY59,6239,552502.0,14.435123,9.4737625
Q9NAH3,6239,793322.0,12.897873,11.487517
Q22257,6239,792940.0,12.903841,10.122768
O76449,6239,1028133.0,10.039446,11.740981
Q86B36,6239,,8.307527,13.135199
I2HAA0,6239,789049.0,12.241085,10.880969
Q20684,6239,553802.0,13.971432,11.011721
Q20317,6239,550706.0,12.183896,11.8016815
C7FZU4,6239,,11.462211,7.342934
O76365,6239,1027303.0,8.15298,13.381439
Q19752,6239,802776.0,8.503617,12.098854
Q9BKP3,6239,,13.4503,10.249477
H2L082,6239,793908.0,11.212157,10.368144
P34529,6239,789062.0,11.129009,11.2714
O18282,6239,793179.0,11.058223,11.932935
G5EGQ3,6239,792940.0,11.68535,10.724191
Q9N3G1,6239,567711.0,14.163055,11.00224
G5ECA1,6239,779267.0,14.069592,10.977995
P14585,6239,789125.0,11.819973,7.3241324
Q11098,6239,563652.0,9.209522,9.77359
G5EEE2,6239,562696.0,10.711751,9.041469
Q6BEV5,6239,563233.0,14.450297,10.028775
G5EGA3,6239,562732.0,13.125094,10.749818
Q8TA52,6239,802371.0,15.236854,10.773069
Q9U329,6239,761596.0,10.674667,13.199245
G5EE53,6239,565628.0,12.422745,11.3361635
Q20748,6239,,10.454037,12.176067
O16425,6239,551693.0,12.437038,8.382364
P24349,6239,556188.0,15.670234,10.687384
P45972,6239,551356.0,14.410138,9.84943
Q22836,6239,802171.0,13.558916,11.131365
Q23342,6239,563429.0,13.774609,10.729326
O16305,6239,801468.0,3.443631,5.186001
Q23280,6239,802451.0,10.431387,11.908932
Q21433,6239,804612.0,8.280999,9.411167
P45894,6239,551910.0,11.537855,10.680155
O02141,6239,569706.0,14.572978,10.581225
Q10013,6239,805032.0,7.85099,10.407489
O44164,6239,780034.0,10.898136,9.019517
Q20756,6239,551266.0,15.622753,10.804766
Q18239,6239,551157.0,12.913779,10.325607
P34605,6239,801636.0,10.191885,12.151448
G5EFF4,6239,566177.0,14.368533,9.307892
P91907,6239,807520.0,3.8858728,9.241895
G5EC16,6239,564132.0,12.457623,10.887133
Q94055,6239,1027442.0,7.6711836,11.968799
Q20306,6239,793222.0,10.675429,11.588308
G5EC39,6239,,8.579312,9.9679365
Q22053,6239,802422.0,12.381452,10.878179
G5ECA3,6239,,19.825392,9.725464
D3YT20,6239,,8.5785885,13.528076
Q17603,6239,802460.0,14.353882,10.771736
O02057,6239,802785.0,8.768098,9.870831
G5EF68,6239,802446.0,10.602157,11.302295
Q9N3C7,6239,805347.0,8.55128,9.649422
U4PBK8,6239,0.0,13.499741,9.308237
Q8I7J8,6239,,13.713089,9.829886
H2KYE0,6239,802217.0,10.91763,12.370879
G5EE13,6239,565687.0,8.867702,9.77239
P91149,6239,803348.0,11.776756,11.029244
O44906,6239,1027689.0,8.086712,13.711705
Q20052,6239,804706.0,13.606242,9.673229
Q9BMI0,6239,0.0,12.025032,7.5246835
Q94051,6239,564181.0,11.143746,12.234527
B1V8J2,6239,,12.396817,8.947058
Q21446,6239,551927.0,14.400185,9.889371
G5EF44,6239,564227.0,9.225443,9.871426
Q69Z08,6239,771164.0,14.13937,10.491984
Q94392,6239,802034.0,10.595569,11.20618
Q93560,6239,567706.0,14.321673,9.373042
Q95XU6,6239,784149.0,13.509908,10.688688
Q18030,6239,551382.0,12.1750765,11.390068
P29355,6239,793155.0,10.823678,10.068717
Q8MNT0,6239,552321.0,14.058629,10.175093
Q27473,6239,793299.0,8.482792,14.961071
Q18221,6239,553271.0,14.430003,10.321215
E1NZ11,6239,,13.033478,13.879058
Q95ZS2,6239,805243.0,9.341795,11.631081
Q8I4H0,6239,563683.0,13.246812,10.424172
O61931,6239,550384.0,11.205242,11.405159
G5EE36,6239,564453.0,10.9634285,10.5698595
I2HAJ7,6239,,11.384605,7.257688
P34271,6239,562083.0,12.427839,15.285705
Q93761,6239,792933.0,7.403069,12.054227
O45995,6239,0.0,14.5967455,10.415629
P48181,6239,649028.0,12.440235,15.450466
Q9N527,6239,563605.0,15.646631,14.137304
Q9NLA1,6239,565636.0,12.916425,11.795825
Q18409,6239,793231.0,13.033227,10.761455
Q9XWG3,6239,789568.0,10.85615,11.076021
O18694,6239,805008.0,10.53509,11.679653
Q10667,6239,568145.0,13.271193,10.316477
Q9N5S9,6239,793322.0,11.09046,11.679302
G5EGE2,6239,568036.0,14.369654,9.278308
G5ECS4,6239,1027390.0,7.502774,12.469521
O45767,6239,555426.0,17.69475,13.202268
G5EBQ3,6239,563245.0,12.296254,11.187694
Q22945,6239,803062.0,7.8742943,11.833942
Q93791,6239,780490.0,11.517616,7.2131767
H2KYZ3,6239,569125.0,15.178632,11.264621
Q19802,6239,0.0,15.751727,10.60504
O01789,6239,802143.0,11.984056,13.782727
Q19829,6239,565851.0,12.454429,11.9049
C6KRL4,6239,805995.0,10.728901,11.017018
B2D6P4,6239,653082.0,13.408243,9.756494
O17209,6239,563686.0,15.644354,14.13636
H2KZD4,6239,565021.0,13.011735,10.380619
A5Z2V0,6239,566770.0,13.267382,10.587833
P90925,6239,802249.0,9.937212,12.71406
B7FAS0,6239,550744.0,14.453698,10.217057
P45965,6239,569269.0,10.709495,12.905476
Q2PJ68,6239,801468.0,11.212353,10.526391
Q17461,6239,761075.0,12.218436,11.202349
Q9XWX6,6239,0.0,12.366578,8.9865055
Q9TYN3,6239,804043.0,10.467862,11.374537
A2A266,6239,562093.0,13.808983,10.890877
P52899,6239,1027857.0,7.3135557,11.14181
Q19280,6239,771373.0,11.753455,7.676161
Q18336,6239,552258.0,13.876736,10.028222
O62308,6239,0.0,17.651346,13.178639
P34427,6239,551543.0,14.591569,10.378011
Q9U377,6239,,12.618532,9.753679
Q18550,6239,555057.0,14.481758,10.594736
G5ECN5,6239,568119.0,11.573595,10.613601
Q9XU42,6239,550962.0,11.380374,8.417006
O62139,6239,802701.0,7.8212895,12.423049
P34619,6239,0.0,15.012653,10.169014
Q21836,6239,566248.0,14.36359,9.225471
Q95XG7,6239,552893.0,14.778162,8.637084
Q23049,6239,805196.0,10.528905,11.077917
Q10573,6239,561961.0,14.135748,10.725497
Q21480,6239,789821.0,12.834764,11.575272
Q18743,6239,564435.0,12.378746,11.696202
Q18909,6239,563240.0,14.56569,9.585152
Q17602,6239,801468.0,13.452426,11.093774
G5EFK6,6239,802183.0,11.289702,7.8951
H1UBK7,6239,802181.0,8.857584,9.808959
O16501,6239,561925.0,13.209154,10.531436
Q9TZN2,6239,,12.415926,10.969317
Q9GYK2,6239,658592.0,11.628893,7.2249875
Q18605,6239,552211.0,14.572741,10.453208
Q7JM90,6239,569053.0,12.49876,10.559993
G5EBS4,6239,,13.033712,10.139692
Q8I113,6239,552708.0,12.811057,10.938276
Q21878,6239,563619.0,12.42344,8.345776
G5EG47,6239,789020.0,11.808211,11.070027
Q17519,6239,567037.0,17.601572,13.146369
P34609,6239,789609.0,11.6051445,10.2902355
Q9BKU2,6239,803102.0,8.669535,11.750356
Q20002,6239,561925.0,13.231523,10.59132
Q22306,6239,802062.0,10.879694,11.485794
Q94986,6239,801484.0,5.680027,18.78593
P41950,6239,,12.171579,7.506763
Q18510,6239,1027819.0,2.485487,8.424477
O76630,6239,801962.0,10.350886,11.36308
O02495,6239,808156.0,11.087224,12.722273
E5QCF8,6239,1027697.0,8.593322,11.904732
Q22397,6239,561827.0,8.111062,9.42395
H7BRM4,6239,801913.0,10.095876,9.170016
G5ECX2,6239,761044.0,11.278587,6.6624017
Q9XV14,6239,564403.0,12.25325,7.492853
A0A0K3AUE4,6239,552265.0,14.389416,9.583658
P49808,6239,550637.0,19.82631,9.725535
Q9N3Q8,6239,789228.0,11.283737,11.54847
H2KZH1,6239,565738.0,8.821419,9.654782
Q27497,6239,1027981.0,3.4251795,17.279531
O17003,6239,802267.0,12.565238,11.545074
Q9N431,6239,550788.0,15.619643,11.278219
H2KZV8,6239,0.0,12.895124,10.225537
G5EC21,6239,561871.0,14.636997,10.969635
Q10124,6239,551542.0,14.370356,10.1121025
P51875,6239,807520.0,3.8969278,9.251645
Q9XXU2,6239,0.0,15.205695,10.240936
Q9N5B7,6239,802091.0,11.652191,11.307822
Q9NEL2,6239,805406.0,14.392711,10.059642
Q09488,6239,650159.0,11.362515,8.062155
O02639,6239,1027274.0,9.393586,14.017813
Q11099,6239,564904.0,12.155599,5.269864
O17365,6239,801946.0,11.026185,4.7312756
Q09628,6239,551629.0,12.1203575,7.0975976
Q18074,6239,565654.0,14.3600235,10.441318
O17861,6239,792979.0,11.449951,13.21129
Q2YS41,6239,,9.896056,10.246141
P22981,6239,792948.0,5.4551497,18.984947
O01427,6239,792940.0,11.33975,10.658855
S6EZS3,6239,556303.0,12.548719,12.046897
Q9XVQ2,6239,795456.0,10.762225,13.161653
G5EGH7,6239,563731.0,12.448555,7.278998
Q9TY08,6239,802591.0,11.107427,12.696676
Q18163,6239,566631.0,11.279083,7.6752334
Q965N4,6239,793921.0,10.90533,10.525877
Q58AU6,6239,,11.101208,11.123262
Q9XWF2,6239,801569.0,10.556023,10.987083
Q21215,6239,804561.0,9.8492,10.530567
Q18089,6239,562467.0,9.178729,10.033651
C7FZU3,6239,780490.0,11.520295,7.1589084
Q9N4L8,6239,794227.0,10.270654,12.821574
Q10017,6239,552306.0,12.005177,12.018954
Q94361,6239,828116.0,13.468872,9.853837
P90747,6239,801947.0,8.505091,9.890327
O45562,6239,566185.0,15.934302,10.65582
Q95Q25,6239,1027293.0,7.527853,12.811758
P34889,6239,761041.0,10.814041,6.109975
H2L0C4,6239,562068.0,8.800802,9.912611
Q09291,6239,,12.485391,11.476093
Q9XXJ0,6239,1027251.0,8.250205,12.802844
G5ECM9,6239,564578.0,10.009861,12.422136
H2L0I1,6239,0.0,15.9321995,10.640417
Q22743,6239,801493.0,9.555673,10.553476
Q17958,6239,793527.0,12.391519,11.461059
O18209,6239,552207.0,13.446652,10.264984
P20163,6239,801582.0,8.160395,11.187793
P34548,6239,794038.0,11.339271,7.874599
P55954,6239,569059.0,10.642154,13.079032
Q966J6,6239,551135.0,14.144748,9.924181
A0FLQ6,6239,789273.0,10.920371,11.735338
Q20230,6239,793320.0,8.085353,11.3547535
Q19591,6239,567600.0,12.076973,13.158798
G5EG85,6239,801468.0,11.569282,9.981683
Q21339,6239,804850.0,8.383585,9.552028
Q9N5K3,6239,554618.0,14.391777,10.646892
G5EDP2,6239,1027326.0,6.999998,12.380726
Q966L9,6239,791690.0,12.479965,10.822717
Q5ZR41,6239,,12.420544,7.3492737
P34387,6239,1033221.0,11.633524,7.7209783
O01820,6239,555579.0,14.369589,10.405926
H7BRM7,6239,801913.0,10.030743,9.194942
Q9XXK6,6239,802731.0,7.6611004,12.153476
E7EM33,6239,,8.323482,13.509649
Q22145,6239,564702.0,14.280867,10.400697
Q05062,6239,802052.0,5.454136,18.980745
Q95XX0,6239,792943.0,9.844994,10.847054
H2L0H5,6239,778688.0,12.376511,11.9147625
Q9XVM9,6239,568968.0,9.158732,9.815847
Q18967,6239,801478.0,10.376603,11.667682
O18180,6239,804551.0,10.413698,12.109174
Q9XWQ4,6239,562023.0,12.913957,11.109938
Q18223,6239,790537.0,11.351456,10.521686
P52012,6239,802474.0,11.072067,11.37497
Q7YTI0,6239,801477.0,9.580507,12.237201
Q27GU1,6239,,11.129394,11.55242
G5EF87,6239,802450.0,13.259448,9.956246
B6VQ56,6239,563947.0,8.9571295,9.88057
Q9XUD6,6239,550654.0,12.027935,13.166229
B5BM28,6239,761223.0,11.2185755,7.6587186
Q23543,6239,802178.0,10.671166,11.620604
Q94360,6239,802709.0,7.975157,13.401594
G5EDM1,6239,801852.0,11.206718,8.927926
A4LBC2,6239,553749.0,14.193807,10.367354
A8DYS1,6239,0.0,12.915756,9.710941
Q20751,6239,804453.0,10.100267,11.515062
G3MVG9,6239,0.0,12.42879,7.415382
Q17744,6239,,11.597869,11.640151
Q11107,6239,568087.0,14.862251,10.226141
Q9XTB5,6239,566574.0,13.416486,10.699736
O02096,6239,,10.597826,12.083921
P34766,6239,551714.0,14.401754,9.159184
B3GWD5,6239,802046.0,10.011808,11.436731
Q5DX34,6239,566963.0,12.285962,11.523756
P34512,6239,803765.0,10.86484,10.797092
Q9U2Z2,6239,805156.0,10.968185,10.98698
Q17761,6239,803281.0,7.9129515,12.0786705
P58798,6239,801883.0,9.984524,10.742678
Q22782,6239,801484.0,5.6868644,18.768194
Q20871,6239,810179.0,11.135386,12.016374
A0A163UT06,6239,569433.0,12.935366,11.347179
G5EDI0,6239,565579.0,17.644966,13.171152
G5EDZ2,6239,1033315.0,8.3159685,12.08238
Q1NZ17,6239,,14.145077,10.767195
Q20870,6239,556091.0,14.285387,11.991353
G5EFU0,6239,782519.0,11.611383,10.666761
H2KZU7,6239,566518.0,12.077423,7.551162
G5EF72,6239,807520.0,3.9012597,9.251858
O76357,6239,763654.0,10.993628,7.685907
B7FAS6,6239,780186.0,14.103898,9.438255
Q9NF70,6239,561925.0,13.201381,10.529546
P34600,6239,801468.0,10.993282,10.85607
O44406,6239,555196.0,13.876803,10.402898
Q95XV8,6239,,11.145554,8.757801
Q18529,6239,562028.0,12.32902,7.446907
A7LPI4,6239,554585.0,14.007616,9.41945
H2KY84,6239,550919.0,13.733471,10.275562
G5EGG0,6239,803193.0,10.854325,11.278343
Q9XUS8,6239,561884.0,11.549021,7.4798856
G5EG78,6239,778526.0,11.3559,7.5797315
Q9N491,6239,790029.0,11.363486,7.908245
Q21281,6239,563901.0,11.412449,7.1192985
H2KZS7,6239,,13.664152,10.168199
P34420,6239,806011.0,13.31637,10.48042
Q11180,6239,801531.0,8.330786,9.999641
Q86RS9,6239,561776.0,12.56158,10.3453865
G5EEE5,6239,793269.0,8.874846,10.266209
O17699,6239,550986.0,17.641985,13.17161
H9G2S6,6239,550448.0,14.497604,9.455463
G5EEE1,6239,563002.0,11.384198,7.7459683
P34284,6239,801468.0,10.304814,10.479681
Q9NF71,6239,556142.0,14.469345,10.436738
Q10078,284812,,10.853066,10.8655815
Q9UUK2,284812,805141.0,10.116071,10.8129425
O94528,284812,399829.0,7.7689695,9.217284
O14305,284812,398627.0,12.592028,11.490571
O74740,284812,802251.0,10.212128,11.8707
Q10262,284812,0.0,17.755981,9.864329
Q9URY1,284812,399136.0,12.697137,11.591662
O42991,284812,802187.0,9.371065,13.939464
O13946,284812,802943.0,10.798169,12.258188
O74438,284812,399342.0,13.152731,11.860618
Q9P775,284812,804847.0,10.351622,11.183311
Q9P6Q1,284812,1027698.0,7.64412,12.17587
Q9UTI2,284812,804677.0,9.401588,12.658435
Q9UTH0,284812,831985.0,12.219447,12.078187
P21696,284812,1030684.0,8.093265,12.084395
O14090,284812,0.0,15.971619,10.59123
Q9P377,284812,810107.0,12.1315155,11.370103
Q9P7C0,284812,801468.0,10.275082,11.3353195
Q9Y7Y3,284812,482962.0,12.517744,11.457546
Q9US13,284812,803271.0,10.314901,11.60419
P0C8R3,284812,802866.0,9.916809,9.873668
Q04800,284812,803040.0,8.926466,10.545005
Q9Y7Q9,284812,793066.0,7.8676505,9.315628
Q9P7T0,284812,798541.0,8.717453,11.975295
O14141,284812,1027594.0,8.0661745,12.136154
Q9UUH2,284812,803518.0,10.500116,12.130219
Q9UUG2,284812,477848.0,13.131882,11.8842125
P0CT40,284812,485056.0,9.599456,16.723948
O13651,284812,1027302.0,8.182747,12.909131
O94493,284812,481682.0,10.687892,14.043511
O60081,284812,477606.0,12.280979,12.07009
O14147,284812,801496.0,9.86119,11.640465
Q10349,284812,1028139.0,7.701645,11.929338
Q9P7R4,284812,804705.0,11.429157,11.877641
Q9UR24,284812,,12.0622,11.556429
Q9HDV0,284812,805653.0,8.529215,12.554578
O14134,284812,793222.0,10.568699,11.576203
Q10093,284812,1028487.0,7.968469,12.894794
O94574,284812,802596.0,7.6736107,11.995474
Q9Y7X7,284812,398624.0,13.571848,11.616162
O14026,284812,398392.0,12.770857,11.708944
Q10133,284812,802052.0,5.6080036,18.843323
P0CT77,284812,1027271.0,9.180177,13.909664
Q9C0U3,284812,0.0,17.905186,9.947084
P87118,284812,803046.0,10.325888,12.756783
Q9C0X9,284812,802306.0,11.20704,13.967886
O14092,284812,,7.745189,11.549108
Q9UTI5,284812,804820.0,8.357304,12.210752
Q9UUF1,284812,802759.0,7.606143,11.814893
C6Y4A7,284812,399251.0,15.682906,11.338803
Q9UTM5,284812,477648.0,15.131827,10.791163
Q09682,284812,1027281.0,7.9583254,15.853474
O14158,284812,399699.0,12.077023,12.056969
O74431,284812,805560.0,8.658195,9.963674
O59733,284812,801468.0,12.919734,11.442981
O36022,284812,797845.0,9.008242,11.487092
Q9US51,284812,477554.0,9.88006,12.257806
Q9URV2,284812,399819.0,11.906738,12.133164
O94441,284812,482956.0,12.120831,12.129847
O14201,284812,398810.0,8.934782,10.05315
O13851,284812,398745.0,10.960644,11.820837
O74383,284812,831274.0,10.932419,13.215497
O60182,284812,802897.0,11.038567,11.410745
P78970,284812,832107.0,8.986059,10.36593
Q7Z9I5,284812,0.0,15.607144,11.086501
P0CT95,284812,814213.0,8.761046,10.394187
P54069,284812,801914.0,8.483371,11.857951
P36621,284812,801691.0,10.749501,12.037554
O13863,284812,399534.0,12.18126,11.790553
O43081,284812,478354.0,7.766449,9.224243
O14236,284812,807496.0,10.180845,10.999495
Q10186,284812,0.0,13.575886,10.151274
O74690,284812,801709.0,7.5367727,10.544334
O74538,284812,805041.0,9.186339,14.019751
O59711,284812,1027826.0,7.7834487,12.059271
O74827,284812,803374.0,8.938038,10.392574
Q09783,284812,806990.0,10.787277,12.176582
Q10064,284812,801722.0,12.283185,12.124919
Q10074,284812,817919.0,8.665206,9.815524
Q9Y7N0,284812,814058.0,12.284516,11.134858
O74836,284812,1027296.0,7.4803605,10.9189005
O59816,284812,801738.0,6.8601646,10.968007
Q12706,284812,792940.0,11.317197,10.52612
O94694,284812,482874.0,10.97332,12.532431
O13737,284812,802657.0,11.049271,11.988134
Q9UTA2,284812,399245.0,11.962606,12.14545
Q9US45,284812,479083.0,16.02482,10.723469
P87294,284812,478375.0,12.426593,10.649748
Q9Y7S5,284812,,15.333739,11.162861
P41391,284812,831938.0,8.969737,11.864484
Q10353,284812,801657.0,9.676231,13.417469
P0CY17,284812,399600.0,13.27888,11.368303
O43019,284812,0.0,14.640973,9.928748
Q9P7N1,284812,1027241.0,8.388102,12.481959
O60135,284812,802573.0,7.9826775,11.713414
Q8WZK1,284812,398868.0,10.600834,13.034934
Q9C116,284812,0.0,17.901047,9.952449
O74464,284812,399489.0,10.505057,13.027313
Q9UTE3,284812,831953.0,13.209516,10.422573
Q09885,284812,399703.0,9.856451,12.5834
O74455,284812,802959.0,7.8309135,11.99694
Q9P802,284812,813909.0,11.859314,11.807356
O74417,284812,398889.0,13.631369,10.757767
O94553,284812,802634.0,10.324155,11.7984295
O42634,284812,1027293.0,7.31589,12.813036
O94500,284812,1027823.0,8.316192,13.166175
O13660,284812,792958.0,7.897791,6.1403046
O94298,284812,399603.0,8.997207,10.62706
O43007,284812,801702.0,8.196507,13.191396
O74863,284812,399885.0,11.651995,11.843312
O14028,284812,478355.0,9.080797,12.200415
Q9UST8,284812,813603.0,10.722496,11.715221
Q92337,284812,479630.0,8.38,10.107522
P87146,284812,801763.0,10.69505,13.188659
Q9USN6,284812,0.0,15.064693,10.180613
O94294,284812,477694.0,13.176232,11.767287
O59666,284812,802820.0,8.28468,10.022631
O13986,284812,811227.0,12.128431,12.095085
O74958,284812,398916.0,14.63054,9.664393
Q7Z991,284812,801531.0,10.448477,11.870968
Q9UTI4,284812,399177.0,15.350105,10.632685
O13714,284812,400018.0,9.003455,10.30131
P17937,284812,802461.0,9.366887,13.9491625
O13848,284812,1027831.0,7.3493056,11.849046
O14258,284812,399217.0,14.752741,9.675406
O60126,284812,801516.0,8.342902,12.723825
O74791,284812,805916.0,10.216822,11.257039
O74780,284812,0.0,15.726377,10.472307
Q1MTR3,284812,817659.0,10.578064,11.315821
O14173,284812,0.0,14.080552,11.769432
O94689,284812,816746.0,10.786763,12.439014
Q10099,284812,802521.0,9.959756,10.597851
O94337,284812,1027251.0,8.176987,12.988436
Q9UUA5,284812,482960.0,12.082108,12.326262
O74427,284812,803366.0,8.916899,11.83479
P79081,284812,807716.0,7.5949235,12.3749075
O59677,284812,477893.0,11.400359,12.465435
Q9P3T9,284812,398581.0,13.158006,11.441914
O14064,284812,478371.0,14.653971,11.188303
O14177,284812,801729.0,10.402504,12.184727
Q9C0Y2,284812,399002.0,15.002771,12.038823
Q9P768,284812,802603.0,7.9837813,9.342177
O74368,284812,478627.0,11.185222,12.183701
Q9UTD0,284812,806683.0,8.231405,12.1593895
O43004,284812,802187.0,9.346574,13.974726
P0CT66,284812,1027245.0,8.83874,14.012755
Q10198,284812,802648.0,12.614082,11.552918
O42649,284812,802143.0,11.972561,13.780608
O14273,284812,399173.0,14.133385,10.810295
P09202,284812,1027382.0,8.171274,12.419631
Q9P7X3,284812,482024.0,11.143166,11.9040165
Q09858,284812,399851.0,12.594243,11.697478
O14109,284812,802853.0,12.092209,11.096974
Q9P7J4,284812,477891.0,12.707156,11.615286
P40373,284812,1028215.0,7.6280365,12.007238
Q9Y802,284812,477467.0,12.327344,12.005836
P48383,284812,477839.0,13.241838,11.803631
O94377,284812,831163.0,10.800589,13.239807
P87110,284812,793066.0,7.728247,9.165178
O14299,284812,482789.0,12.996336,11.793846
O94675,284812,794175.0,10.994978,12.797282
Q9P7K6,284812,830885.0,16.139568,10.834893
Q9P6L2,284812,398422.0,12.204819,12.097216
Q10497,284812,0.0,15.4994335,10.530923
O74794,284812,0.0,13.037074,11.17278
P87167,284812,398983.0,12.301239,13.138802
O74883,284812,399514.0,12.732292,11.505282
P87157,284812,802766.0,10.624397,11.823148
Q9Y709,284812,801489.0,4.2792845,7.625312
Q9US25,284812,,12.137174,11.725985
Q9P6P5,284812,801636.0,10.119495,12.144119
Q9P7J6,284812,801882.0,9.10652,13.869278
Q1MTQ9,284812,802102.0,8.130253,13.485888
O43062,284812,832147.0,11.956864,12.810873
Q1K9B6,284812,398826.0,13.300372,12.01995
Q11119,284812,804884.0,10.764908,11.828036
Q9P7W0,284812,398481.0,11.38961,12.75121
Q10281,284812,804561.0,9.830112,10.543761
P78847,284812,482178.0,12.4230995,12.064155
Q9UUJ0,284812,398842.0,12.667374,12.046174
O36016,284812,802498.0,9.862364,12.108098
O74992,284812,0.0,15.691125,11.314783
Q9P769,284812,1027243.0,9.398454,13.951492
Q9P7S7,284812,801712.0,11.265306,12.282192
Q9URW1,284812,0.0,16.037636,10.869305
O94435,284812,398782.0,16.091616,10.802029
Q10080,284812,400036.0,10.895586,12.815172
O60064,284812,803410.0,8.485716,11.833029
Q9UUD8,284812,794740.0,9.482833,12.114358
O13796,284812,803586.0,12.5880165,11.865298
O60091,284812,398942.0,10.270763,13.328973
O14007,284812,804897.0,7.6276903,10.463482
O59770,284812,801886.0,7.957158,15.857716
O74858,284812,477496.0,8.678406,12.364281
Q04665,284812,807520.0,3.9437628,9.29069
O74731,284812,801813.0,8.53533,12.141849
Q9US27,284812,477872.0,10.841832,11.831152
Q9P7L7,284812,399048.0,10.9292965,13.099373
O94385,284812,482698.0,11.746086,12.295899
O14369,284812,792982.0,13.403481,10.83955
Q09780,284812,802960.0,8.627242,12.1129465
Q09127,284812,1027243.0,9.383826,13.953616
Q9P6S4,284812,398968.0,15.816345,10.723684
O74560,284812,398905.0,15.995146,10.722806
Q9P7I0,284812,830792.0,10.960807,11.520362
O94715,284812,1027319.0,16.33587,10.92899
O94362,284812,1027252.0,8.536681,11.9689455
Q09130,284812,1027407.0,7.5259805,10.55279
O94289,284812,802347.0,10.218642,11.482817
Q10350,284812,399933.0,9.387152,12.189109
Q10111,284812,398640.0,12.513636,12.20479
P87317,284812,805597.0,12.153967,11.498727
O42978,284812,805008.0,8.780206,11.958763
O94583,284812,0.0,17.935265,9.938388
O42970,284812,399652.0,11.441437,14.635683
Q9C0U7,284812,793140.0,12.761415,11.83946
Q9URV3,284812,0.0,15.417254,10.610994
O60136,284812,398604.0,12.152079,12.004261
Q9USY3,284812,802267.0,12.582269,11.964645
O94716,284812,399920.0,12.853174,11.802366
O74774,284812,801690.0,10.360451,11.97249
O60063,284812,478502.0,12.2450905,11.900595
Q96WV1,284812,802103.0,10.698732,11.387656
O60101,284812,1027397.0,7.2071924,11.581453
O13684,284812,398823.0,13.544124,11.6749325
O94536,284812,802381.0,11.425909,12.061979
P50998,284812,806141.0,10.981964,11.992771
O59808,284812,1027603.0,6.947142,12.029071
Q10351,284812,793849.0,11.783803,11.823539
O13784,284812,802088.0,9.036482,13.914997
O13803,284812,399186.0,13.851054,11.618277
Q10213,284812,801664.0,11.830971,12.033622
O94414,284812,399564.0,13.005352,11.732231
Q9UT36,284812,801750.0,7.8294306,12.078699
P87243,284812,793183.0,12.590096,12.001758
Q09810,284812,1028548.0,8.292587,12.103376
Q9C115,284812,398436.0,15.121429,11.114988
Q09852,284812,793066.0,7.824101,9.283284
Q92355,284812,399465.0,12.21273,11.957715
Q09879,284812,802852.0,10.685855,11.561703
O59701,284812,792960.0,7.413739,12.039555
O14022,284812,398831.0,8.646002,10.271966
Q09699,284812,399695.0,12.914178,11.564672
P87060,284812,482859.0,12.311587,11.962051
Q9URY3,284812,801984.0,12.908789,11.786243
O94490,284812,400030.0,13.585905,12.066325
Q9URY9,284812,814598.0,8.405142,12.074585
Q10362,284812,479138.0,13.7766905,11.512908
O59787,284812,801843.0,12.148995,12.156871
O74991,284812,399592.0,12.319895,12.082843
O13926,284812,400016.0,9.416331,12.196498
Q9P7N3,284812,802093.0,10.564628,11.712837
P36614,284812,1027981.0,3.4253204,17.27942
O74885,284812,809524.0,8.827289,12.3380165
Q9Y7M8,284812,482477.0,12.417667,12.077171
Q09785,284812,1033113.0,8.071851,12.950614
P41831,284812,792939.0,8.277129,13.245627
O14280,284812,802036.0,7.6599917,12.176587
O43029,284812,478403.0,8.756878,12.009477
O74860,284812,801567.0,8.685961,12.085612
O74648,284812,801794.0,9.844269,12.165138
P78917,284812,1027788.0,7.4962735,12.087691
O14148,284812,800052.0,14.222746,11.014092
O94412,284812,803344.0,10.290253,11.6083355
O14246,284812,398397.0,14.980313,10.876525
O13769,284812,398434.0,13.1621065,11.857048
Q09933,284812,816661.0,12.459547,11.720987
Q9UU88,284812,1029822.0,8.835285,11.847644
C6Y4C9,284812,,13.134389,11.585738
P56286,284812,1027244.0,7.923754,11.004357
O94714,284812,484575.0,13.515746,10.997935
O94284,284812,1028850.0,8.060481,11.822972
Q9P7V4,284812,803434.0,8.98775,11.943024
Q9USY1,284812,802865.0,8.632505,12.191087
Q12126,284812,801468.0,13.112914,14.097607
O94264,284812,801468.0,12.71796,10.307992
Q9HGN4,284812,398597.0,14.6968775,11.121736
O94518,284812,803332.0,11.8629875,11.999704
O14238,284812,803310.0,9.161003,10.444702
O43058,284812,398497.0,14.297404,11.495536
O74899,284812,398716.0,7.8160224,9.275539
P40232,284812,802395.0,11.54781,12.536913
Q9P3W4,284812,398840.0,16.468725,10.722427
O14085,284812,830794.0,11.38409,11.52048
O94331,284812,1027990.0,7.141451,12.787012
Q10143,284812,804558.0,10.673464,11.863824
Q9USK3,284812,801805.0,7.945786,9.305083
O74737,284812,400023.0,11.5736265,11.940744
O14306,284812,399917.0,12.40211,11.937377
Q09684,284812,399724.0,12.686379,12.064097
O13598,284812,398557.0,13.077085,10.425421
O14300,284812,802793.0,10.859603,12.734807
Q9P7H6,284812,801468.0,13.006673,11.492406
O94400,284812,828249.0,14.99423,10.142278
O74736,284812,477841.0,13.252527,11.373594
O42914,284812,792961.0,13.542347,10.8539715
Q09669,284812,802862.0,7.0877585,11.896728
O13640,284812,477696.0,11.946988,12.716571
O74304,284812,398832.0,13.148931,11.925302
O74505,284812,0.0,13.994476,10.981527
O60104,284812,398849.0,13.356032,11.793652
O74335,284812,480697.0,12.6167555,11.81846
O43051,284812,801468.0,12.925045,11.446631
Q12704,284812,793331.0,10.698298,12.036089
O43032,284812,802726.0,10.747235,11.666539
O94329,284812,803361.0,10.56088,11.56156
Q9Y7M4,284812,801739.0,8.244467,11.654848
Q9P6P8,284812,802092.0,8.929135,10.110652
O74914,284812,807827.0,8.216144,12.1647
O94617,284812,802038.0,8.93141,11.982854
Q10347,284812,832149.0,12.277449,11.949056
Q10338,284812,398703.0,12.570164,12.108119
O74515,284812,802460.0,14.336849,10.63185
Q10241,284812,398642.0,12.258658,12.611937
O94457,284812,792981.0,8.99906,10.627091
O14264,284812,398545.0,9.101225,10.492347
Q10328,284812,0.0,14.698999,9.898991
O13612,284812,399668.0,12.682226,11.776972
O74522,284812,398818.0,14.587508,10.062662
O36015,284812,792952.0,8.4227705,11.542011
Q9C0Z1,284812,478356.0,13.638612,12.174358
O74800,284812,801866.0,8.670926,11.891319
Q10283,284812,482028.0,10.078257,12.50783
Q9UT03,284812,398395.0,12.652743,12.190767
P87297,284812,399629.0,12.758733,11.87424
Q09923,284812,801762.0,7.3903294,11.825539
Q09170,284812,801468.0,11.1948395,10.537792
Q10073,284812,809965.0,11.452623,12.252645
Q9Y7K0,284812,1029449.0,8.643074,12.089612
O43010,284812,802136.0,9.380997,12.045341
P87149,284812,804951.0,9.000218,10.412095
P79064,284812,805952.0,8.986642,12.13758
Q9UT00,284812,478467.0,11.263235,12.085999
P87315,284812,477615.0,12.611934,12.084886
Q10079,284812,813540.0,11.197741,12.245921
O94242,284812,802782.0,8.562573,12.30447
O14361,284812,1029763.0,8.708814,12.16665
Q9UTQ5,284812,801468.0,12.471155,11.393827
O42844,284812,398742.0,12.392949,11.119953
Q9C1W5,284812,802713.0,10.729826,12.581748
O94547,284812,478549.0,12.885727,10.997441
O14276,284812,817989.0,12.937937,11.495939
O13771,284812,399028.0,14.427611,11.302639
O74434,284812,398914.0,14.795065,11.058935
O14364,284812,479114.0,10.655017,12.601537
P0CT79,284812,1027357.0,8.6938715,13.547196
O13696,284812,793068.0,7.614873,12.015191
O94280,284812,482113.0,10.952347,12.511773
O13911,284812,811207.0,9.084314,12.206797
O74411,284812,484566.0,12.139027,12.735637
Q9UTR4,284812,399298.0,15.152345,10.710838
O42890,284812,1029029.0,11.38039,12.181248
Q9UT49,284812,399265.0,12.561724,11.731648
O59835,284812,398525.0,15.960089,10.713469
O94364,284812,398705.0,12.4134445,12.154501
Q9C1X1,284812,801468.0,10.008865,10.817529
O13765,284812,799919.0,10.282577,11.983852
Q09800,284812,399090.0,12.021978,12.112651
Q9US07,284812,806036.0,11.459429,12.098966
O14243,284812,793140.0,11.225188,12.023972
P87232,284812,481227.0,10.606502,12.962311
Q9P370,284812,807517.0,11.431346,11.419409
O74346,284812,399002.0,11.5020275,14.735183
Q9P6L5,284812,792940.0,10.856442,11.825792
O14460,284812,1027385.0,8.299725,12.707355
Q10149,284812,803425.0,12.215648,11.585738
O14205,284812,793191.0,12.000141,11.394755
P87074,284812,399302.0,13.420177,11.765152
O14255,284812,808147.0,8.905329,12.562446
P0CT70,284812,1027266.0,9.304095,14.043733
Q9USK0,284812,398759.0,12.413054,11.700441
P78962,284812,399168.0,14.748702,9.795123
P01129,284812,399432.0,13.199576,11.882163
O43090,284812,802833.0,8.2396145,11.950902
O74903,284812,831284.0,11.568716,12.059052
Q9UTN1,284812,792958.0,7.8989162,6.1365123
O74327,284812,792947.0,8.234407,9.438796
P87324,284812,802479.0,9.24195,12.100643
Q09790,284812,793199.0,12.000826,11.379901
Q10101,284812,802585.0,8.4949665,13.122407
P78972,284812,,10.256635,10.534231
Q4PIR3,284812,478542.0,11.90642,11.947352
O14211,284812,399198.0,10.6882715,13.01805
Q1K9C4,284812,399282.0,11.93089,12.124037
O60071,284812,801604.0,14.268908,11.024319
O94563,284812,802524.0,8.202163,11.96104
O60120,284812,398838.0,11.479848,14.687974
Q9HGM6,284812,794497.0,8.411462,9.582118
Q9P7M6,284812,803902.0,11.950733,11.907386
O42647,284812,0.0,15.892696,10.609168
Q9UUD2,284812,801468.0,11.367086,12.192556
Q9USI6,284812,793067.0,12.309844,10.670925
O42882,284812,399210.0,13.515711,11.679999
Q8TFH4,284812,398802.0,11.547793,12.095594
Q9UTH3,284812,399708.0,12.511647,11.797005
Q9USZ0,284812,482479.0,11.444621,11.850923
Q09686,284812,803464.0,8.521868,12.04057
O94537,284812,399705.0,12.339113,12.07904
Q10075,284812,398588.0,11.242763,12.116003
O14126,284812,802193.0,9.892477,11.8651705
O13775,284812,803138.0,8.68878,12.791637
Q9Y7P3,284812,801949.0,11.240932,12.080681
Q11120,284812,804865.0,9.299828,12.183188
P40377,284812,804798.0,10.078984,11.600541
O74409,284812,1029389.0,8.361715,12.808537
Q9UTK8,284812,801521.0,8.304419,9.370894
O94634,284812,804963.0,8.337653,12.208497
U3H0P2,284812,0.0,15.574543,11.2025585
O94320,284812,801928.0,7.584234,11.726535
O60119,284812,399301.0,13.898397,11.008423
O94487,284812,398665.0,12.565211,11.32381
O94655,284812,801484.0,5.674513,18.779762
O43082,284812,482744.0,12.943321,11.456532
Q9UT79,284812,482970.0,12.955752,11.702359
Q8WZJ7,284812,801702.0,8.029029,13.382277
O60128,284812,1027267.0,8.761978,13.96769
O94494,284812,398956.0,13.41067,11.691068
O60174,284812,484572.0,11.791271,12.072001
O94630,284812,1027835.0,1.4756615,5.4864726
Q9P6N3,284812,398544.0,11.099023,12.766561
P24865,284812,801902.0,11.458075,10.891043
O94397,284812,484031.0,13.629265,9.520712
O43067,284812,0.0,14.370936,11.458873
Q09150,284812,801468.0,9.876145,10.62822
P29458,284812,802189.0,10.087309,11.523293
O94261,284812,399054.0,14.40101,11.349756
Q09917,284812,477512.0,9.132028,10.26653
P87309,284812,399050.0,15.387632,10.629513
Q8WZK0,284812,807504.0,13.00254,11.195772
O74520,284812,399597.0,9.259794,10.3219795
O94325,284812,478545.0,12.4478855,12.119109
Q9UT74,284812,803384.0,7.712509,11.092783
O59725,284812,484586.0,11.847382,12.662593
O14354,284812,796078.0,9.247403,12.254848
Q4ZGE1,284812,399409.0,15.8523035,11.287751
O14143,284812,0.0,16.240057,10.834388
O13808,284812,803084.0,9.604457,12.318662
Q9P6M2,284812,804746.0,9.003158,12.065136
Q96WW1,284812,832108.0,11.995308,12.88804
O13828,284812,0.0,13.512657,11.488192
Q10369,284812,399139.0,13.43099,11.640379
P50515,284812,802003.0,8.449554,8.690745
Q09874,284812,477950.0,11.912391,12.055454
Q9USV4,284812,801468.0,12.892174,11.481335
P06652,284812,400040.0,13.58858,10.933397
Q96WW2,284812,399378.0,15.083797,10.038528
O94439,284812,482939.0,12.217206,12.331415
O60054,284812,399825.0,11.605694,12.008623
P41005,284812,399280.0,15.766175,10.524387
Q10070,284812,831945.0,11.301057,12.291223
P87153,284812,1027301.0,8.351475,12.951175
Q10492,284812,482743.0,12.930316,11.31834
Q9UU80,284812,792978.0,12.910537,11.4798975
P78875,284812,804664.0,8.608461,11.895402
P79071,284812,802247.0,9.279717,13.9822035
P04910,284812,801610.0,0.35404286,6.8721156
Q10412,284812,399904.0,13.070771,11.821293
Q9C0X6,284812,,7.690709,13.250053
Q9P6P2,284812,801468.0,12.947625,11.4684
O13853,284812,399559.0,12.860156,11.776241
O13787,284812,482046.0,11.047242,12.197323
Q9UUA7,284812,830780.0,16.10967,10.813051
Q10108,284812,398639.0,14.529436,10.416936
P08647,284812,792948.0,5.5626917,18.889982
O13928,284812,802052.0,5.6503954,18.804121
O94629,284812,0.0,15.666467,10.903129
Q10271,284812,400000.0,11.214936,12.24884
O94526,284812,399084.0,11.16017,12.156639
C6Y4C6,284812,398620.0,14.121666,11.446538
Q10173,284812,801468.0,12.625213,11.596944
Q9P7Y9,284812,478945.0,13.258402,11.87702
O14067,284812,0.0,15.636945,11.380065
Q9UUK3,284812,803483.0,11.347942,11.645734
Q9USM5,284812,801468.0,11.405875,11.923845
O74846,284812,802547.0,11.785964,11.001097
Q09803,284812,802134.0,9.818687,11.651504
Q10478,284812,802327.0,8.7783,12.139724
O60114,284812,398939.0,12.18264,12.06936
Q09701,284812,801468.0,10.906886,11.7264595
O94281,284812,802395.0,11.660087,12.531539
P78768,284812,801835.0,11.111061,12.7113085
O13760,284812,0.0,18.039028,9.870043
Q9Y7L2,284812,802922.0,9.2611265,12.195411
O13994,284812,399581.0,11.031413,11.652397
Q1MTR7,284812,802096.0,8.725986,11.97654
Q9USY7,284812,483256.0,11.264475,12.049627
O74653,284812,399830.0,13.831385,11.415426
Q10440,284812,482220.0,10.641588,12.916198
Q9UUN3,284812,477805.0,12.922175,11.448574
Q9USP1,284812,806053.0,11.101935,12.27797
G2TRJ4,284812,398785.0,12.388289,11.627735
Q09825,284812,398524.0,13.400472,11.9213705
Q10239,284812,399601.0,13.951341,11.093997
Q9US28,284812,832094.0,9.800545,12.153588
O14108,284812,398412.0,13.811518,11.236202
P0CT61,284812,1027268.0,9.19746,13.992942
O13822,284812,,8.899323,11.855141
P47946,284812,477626.0,8.994149,10.094243
P17610,284812,793012.0,5.639452,18.82255
O94461,284812,793038.0,8.605607,12.13896
P0A6F1,83333,,7.034413,13.051499
P0A9M2,83333,,6.8732977,12.567405
P23331,83333,,7.082525,12.977435
P38506,83333,,5.9217167,13.029065
P37747,83333,,7.45216,12.489145
P77499,83333,,6.0326495,13.305416
P0ABT5,83333,,6.306848,12.425527
Q46909,83333,,4.4717565,12.675192
P0AFP9,83333,,4.3517294,12.619991
P24216,83333,,4.90271,14.106006
P15640,83333,,6.3556314,12.331791
P23842,83333,,5.109822,13.390688
P0DMC5,83333,,5.157496,13.394996
P33340,83333,1026669.0,12.222307,13.022345
P69829,83333,,5.8345923,12.944288
P76264,83333,,4.515194,12.609028
P31442,83333,,4.5057993,12.704653
P75973,83333,1026948.0,15.88457,11.161344
P20605,83333,,7.0372005,13.691039
P0A8G9,83333,,5.8309884,12.969863
P46139,83333,,5.104335,13.393494
P06616,83333,,6.5309887,12.6083
P18775,83333,,7.119871,12.847374
P39305,83333,,6.3934317,12.626604
P69210,83333,,4.478767,12.616038
P0ABR9,83333,,6.73901,13.298243
P0A7M9,83333,,16.145468,11.043687
P13857,83333,,5.8743176,13.234058
P0ACM2,83333,,5.3903613,13.417164
P19642,83333,,4.6635447,12.634344
P0AB28,83333,,5.9343157,13.002739
P0AFJ5,83333,,9.40959,15.391959
P16692,83333,,6.068033,12.616257
P0A972,83333,,7.699898,12.7720375
P69853,83333,,5.369179,13.304879
P00393,83333,,8.400156,7.674633
P0A8L7,83333,,16.188774,10.944377
P13036,83333,,4.216698,14.468488
P33015,83333,,4.5357075,12.616237
P31224,83333,,5.173201,12.246267
Q47150,83333,,20.63891,8.4832735
P39832,83333,,4.3529124,12.605058
P21345,83333,,4.515728,12.515302
P00946,83333,,6.1764317,12.592232
P37744,83333,,7.147312,12.952151
P25894,83333,,4.6504235,13.961312
P0AF61,83333,,12.185296,12.02032
P25535,83333,,5.979174,12.620868
P0AFG6,83333,,6.8563757,10.996645
P60624,83333,,9.090797,14.01489
P0AEQ3,83333,,4.647404,14.245891
P00926,83333,,7.6320066,13.4890995
P0A6T1,83333,,7.3585978,11.81665
P24203,83333,,6.4248304,13.093111
P0A9G4,83333,,5.578182,13.436752
P77187,83333,,6.974043,12.841299
P75851,83333,,4.263644,12.644681
P0A6Q6,83333,,6.925047,12.930384
P0A9L3,83333,,7.0812807,13.27783
P0A710,83333,,4.6004624,12.652399
P32717,83333,,4.8459435,14.062869
P00550,83333,,4.6384773,12.583508
P02920,83333,,4.480185,12.594438
P64554,83333,,7.024839,12.83668
P0ABE9,83333,992073.0,6.1977153,12.850546
P11989,83333,,5.7003617,13.156333
P36937,83333,,4.476761,12.592593
P0AEH1,83333,,4.882793,12.826771
P41409,83333,,6.439492,12.351229
P76108,83333,,4.793032,14.272478
P27248,83333,,7.106322,12.789368
P39346,83333,,7.030413,11.454298
P11551,83333,,4.4455423,12.59805
P24174,83333,,6.3179617,12.475575
P33218,83333,,6.835976,13.577287
P0AE91,83333,,15.769012,11.114121
P23484,83333,,5.277905,13.230853
P76080,83333,,6.968193,13.487274
P64592,83333,,4.741856,12.774222
P75863,83333,,5.947651,12.735919
P0AG34,83333,,4.4984365,12.614588
P21693,83333,,5.8796773,12.996248
P0A800,83333,,16.200865,10.9091215
P0A6J1,83333,,6.544343,13.007603
P75820,83333,,5.0654855,13.888788
P0AEX7,83333,,4.2993956,12.574152
P0C054,83333,,6.071438,12.727689
P77377,83333,,4.365257,12.6428795
P23845,83333,,6.1464567,12.338752
P0ACJ8,83333,,5.5449204,12.992441
P46837,83333,,7.133781,13.161
P40874,83333,,6.3355455,12.861134
P06986,83333,,6.3630457,12.064591
P00816,83333,,7.3050356,13.852202
P37631,83333,,6.2582574,12.12791
P42910,83333,,4.511254,12.568246
P0A9X9,83333,,7.6585712,12.81946
P16678,83333,,5.880502,13.306005
P30235,83333,,6.2500067,12.497447
P33358,83333,,5.1983633,13.421099
P75780,83333,,4.201271,14.479575
P0AES0,83333,,7.465059,13.474462
P0AFG0,83333,,6.8268175,12.987195
P0AGH8,83333,,4.422008,12.57331
P19930,83333,,6.707469,13.362586
P37903,83333,,6.6387267,12.926894
P0ABL1,83333,,5.1192408,14.390357
P37340,83333,,4.30088,12.640662
P0AA04,83333,,7.292961,12.5941725
P76501,83333,,4.9764214,14.444244
Q46856,83333,,6.311638,12.076814
P32057,83333,,6.1001043,12.4142885
P33940,83333,,4.8811307,14.052433
P0A698,83333,,6.9669466,13.439584
P64604,83333,,4.8391275,13.938297
P25748,83333,,5.720649,13.334113
P0AAB6,83333,,6.8641534,12.822137
P37028,83333,,4.8645034,14.134754
P76555,83333,,7.012657,13.242993
P0A8S9,83333,,15.988511,11.0983925
P0ABC9,83333,,4.4440627,12.601263
P0A8I1,83333,,5.8645267,12.604761
P75733,83333,,4.200871,14.504133
P0AEC8,83333,,5.225075,13.211762
P0AEE8,83333,,7.0944657,12.545051
P0ABU2,83333,,7.3598495,12.875754
P00957,83333,,7.207405,12.85569
P12295,83333,,6.2032843,12.679038
P33931,83333,,5.794018,12.693823
P28861,83333,,6.1815214,12.392152
P71298,83333,,7.0001116,13.612044
P77219,83333,,4.672333,12.782004
P76173,83333,,3.938939,12.635465
P0ADU2,83333,,6.8198185,13.398416
P27431,83333,,5.8996086,12.776262
P0A703,83333,,6.0860705,13.049574
P39829,83333,,6.998999,11.400976
P46852,83333,,6.325097,12.711232
P0AAM3,83333,,6.4441466,13.192634
P08390,83333,,6.5273027,13.016011
P0ABG7,83333,,4.3671184,12.626207
P16700,83333,,4.6927567,14.214447
P76078,83333,,7.495755,13.875346
P52062,83333,,6.2568684,12.9098625
P0A8I3,83333,,6.1806717,12.453966
P23865,83333,,4.778732,13.949042
P33129,83333,,4.2595572,14.435513
P76208,83333,,15.642145,11.400737
P67701,83333,,6.392626,13.267907
P45537,83333,,4.940721,13.279324
P76198,83333,,4.5031323,12.626369
P0A7C6,83333,,6.713546,12.781433
P00888,83333,,6.3279138,12.472479
P12995,83333,990666.0,6.4653854,12.23764
P76469,83333,,6.3247514,12.428095
P0ABB4,83333,,7.997317,13.335092
P31663,83333,,6.9026985,12.884051
P0AGM0,83333,,4.630041,12.7231245
P0AB74,83333,,6.758711,12.577148
P37902,83333,,4.6496377,14.243414
P08555,83333,,4.491262,12.528844
P07762,83333,,6.6388803,12.912732
P0ADI4,83333,,6.024827,12.39946
P32715,83333,,4.929172,13.261743
P0ACY3,83333,,7.7064652,13.564809
P37671,83333,,5.6164246,13.45918
P77721,83333,,5.8348727,13.240508
P0AEH8,83333,,4.531973,12.522238
P21338,83333,,5.266497,14.436456
P33012,83333,,7.269469,13.25304
P21893,83333,,5.9942956,12.494873
P0A7X3,83333,,9.045335,14.009064
P0A8Y3,83333,,6.2593513,13.019319
P76273,83333,,6.2127495,12.142695
P29013,83333,,7.959316,13.702943
P0AF32,83333,,3.57266,12.543568
P32709,83333,,3.838499,12.6275215
P33607,83333,,4.39618,12.556993
P28721,83333,,4.8779807,14.508135
P30128,83333,,7.559799,13.107443
P33341,83333,,4.2668014,14.44157
P77376,83333,,6.295594,12.571234
P55734,83333,,5.964834,12.851018
P56579,83333,,4.6113825,12.636483
P05719,83333,,7.145229,11.482329
P27241,83333,,8.892686,12.91553
P76342,83333,992705.0,7.605298,13.846825
P06709,83333,,5.8193026,12.688295
P37646,83333,,5.2924876,13.420234
P0A7H0,83333,,5.769581,12.727079
P27253,83333,,7.0033226,12.77502
P0AFW0,83333,,6.1568522,12.874141
P31448,83333,,4.4159727,12.534944
P39297,83333,,5.1517186,14.382916
P76010,83333,,5.163162,13.486423
P04128,83333,,4.8014574,14.390587
P45548,83333,,6.551606,12.498264
P0AFV4,83333,,5.0148096,14.11855
P76594,83333,,5.6864295,12.750117
P37639,83333,,5.428913,13.55888
P31126,83333,,4.451305,12.666349
P64624,83333,,6.1121325,13.11944
P0AEP1,83333,,4.3663945,12.519077
P21362,83333,,7.289921,12.910599
P17994,83333,,5.161794,14.408716
P77615,83333,,5.792688,13.29303
P45546,83333,,10.87797,12.501888
P00861,83333,,6.3644958,12.197693
P66899,83333,,6.257649,12.37874
P69902,83333,,6.892536,12.647856
P0AAJ5,83333,,7.5960846,10.386695
P0ACF8,83333,,10.230555,11.612455
P76630,83333,,4.5670056,12.671266
P45463,83333,,5.4834647,13.335044
P76551,83333,,6.493793,11.815603
P25718,83333,,4.8605876,14.106171
P76170,83333,,15.402123,11.268082
P45767,83333,,4.32567,12.704267
P76339,83333,,5.069384,13.410588
P0ADP0,83333,,5.974277,12.884713
P0ABU5,83333,,6.2982564,12.486845
P76500,83333,,4.9561725,14.406904
P77731,83333,,6.2582927,12.78236
P0AE08,83333,,7.547418,12.22939
P27303,83333,,4.7422147,13.928754
P33024,83333,,4.5595264,12.538484
P37758,83333,,4.4655576,12.583381
P0AF12,83333,,6.4555554,12.496858
P24193,83333,990752.0,6.249443,12.447237
P0A867,83333,,8.276453,12.376298
P0AB06,83333,,6.103888,12.958653
P0CE48,83333,,7.606683,12.808965
P76575,83333,,7.5900187,13.794583
P08400,83333,,5.082189,13.299779
P21829,83333,,6.278604,13.207791
P39405,83333,,5.1968865,13.451755
P0A6F3,83333,,7.223766,12.078613
P36655,83333,,4.8004904,12.702523
P0A821,83333,990753.0,6.1642065,12.657932
P0ABL8,83333,,4.301839,12.656668
P0A812,83333,,6.894604,13.341181
P0AC19,83333,,6.5110126,12.5996065
P37678,83333,,6.2367554,12.607735
Q46855,83333,,5.382351,13.518013
P37657,83333,,5.210659,13.291135
P0ADV5,83333,,6.243347,12.891265
P75822,83333,,6.1399426,13.073526
P10442,83333,,6.5083685,12.6730995
P77319,83333,,5.9892497,13.098404
P0A6C8,83333,,6.377653,12.544074
P0AF45,83333,,11.459864,14.379289
P23917,83333,,6.2046943,12.266045
P36771,83333,,5.4153585,13.577449
P06609,83333,,4.5901756,12.814807
P10378,83333,,5.925082,12.838101
P77748,83333,,8.423969,7.7358394
P0AB58,83333,,5.690173,13.1684475
P77375,83333,,7.2829475,13.478525
P28905,83333,,5.7726793,13.008225
P23837,83333,,5.060576,13.447987
P62601,83333,,7.29638,13.449158
P30860,83333,,4.670267,14.215676
P25740,83333,,6.0939302,12.7785425
P06996,83333,,4.2149615,14.497257
P37760,83333,,6.202907,12.4822235
P0ACU2,83333,,5.6113663,13.737266
P0ADK6,83333,,8.60907,12.979096
P39099,83333,,4.815233,13.799908
P46118,83333,,5.484952,12.9155035
P55799,83333,,5.855021,13.23713
P0AEQ6,83333,,4.278376,12.631938
P0A7Y8,83333,,5.8124914,12.68234
P33643,83333,,6.2770348,12.834924
P0AEA8,83333,,6.045298,12.553045
P21503,83333,,4.483313,12.746825
Q46857,83333,,7.350452,11.805925
P0AC13,83333,,6.4005194,12.401396
P0A790,83333,,6.6442523,12.916196
P0A9M5,83333,,6.3861823,12.01621
P76141,83333,,5.9034085,13.191796
Q46824,83333,,5.1477146,13.427867
P0ABD3,83333,,7.1686325,13.168591
P24242,83333,,5.7579846,13.313359
P00561,83333,,6.3420234,12.401822
P30845,83333,,4.893547,13.97687
P00903,83333,,6.218541,12.447852
Q46919,83333,,5.4681635,13.254021
P0AC26,83333,,4.5623913,12.514272
P36767,83333,,6.0527906,12.575438
P0AFW2,83333,,11.02272,9.017154
P42619,83333,,4.4832296,12.579385
P23893,83333,,6.7152476,12.100822
P00909,83333,1030062.0,6.3976326,12.518378
P77549,83333,,4.4244733,12.502834
P0AFU4,83333,,5.8842278,13.144673
P37623,83333,,5.536813,13.2065935
P0AET5,83333,,4.6456447,12.868558
P64540,83333,,15.718648,11.18262
P00960,83333,1036192.0,7.2823887,12.078592
P0A7F6,83333,,8.424602,13.556764
P36561,83333,,4.611463,12.729094
P77432,83333,,6.591014,12.506766
P30137,83333,,6.173851,12.396097
P0A823,83333,,6.120537,12.570378
P29208,83333,,6.287913,12.0676985
P39453,83333,,5.0981145,13.501558
P00811,83333,,4.8083286,14.022466
P05704,83333,,4.065692,13.504078
P06988,83333,,6.310972,12.446386
P77399,83333,,6.3221874,12.443593
P77335,83333,,15.133619,10.9802065
P75736,83333,,6.0963597,12.59403
P0ABS5,83333,,5.7026014,12.847918
P77768,83333,,5.76886,12.929874
P08244,83333,,6.3250947,12.387696
P0AE58,83333,,12.581023,11.373409
P46859,83333,,6.2600775,12.624397
P19925,83333,1026608.0,5.5699167,13.174364
P0ABU0,83333,,7.018242,12.865851
P28635,83333,,4.6629286,14.23397
P0AG27,83333,,6.9414606,12.824025
P0A8B5,83333,,10.009163,12.1651125
P31469,83333,,7.8050814,13.796962
P0AAZ0,83333,,15.672585,11.454556
P06710,83333,,5.5775623,12.953982
P0ABN5,83333,,4.491567,12.512221
P0A7J3,83333,,6.536418,11.69219
P0AEG1,83333,,4.288283,12.616231
P77674,83333,,6.7119617,12.142304
P15082,83333,,5.8512897,13.283285
P0A9D4,83333,,7.407824,13.589237
P0ACG4,83333,977442.0,15.291804,11.359899
P0A905,83333,,5.8858924,13.804255
P43676,83333,,4.528852,12.550776
P33230,83333,,16.049805,11.11128
P0ABW0,83333,,6.0834827,12.8006115
P50466,83333,,4.068206,13.503643
P39451,83333,,7.027706,11.407882
P0AAE0,83333,,4.3976784,12.479225
P75691,83333,983434.0,7.004389,11.433511
P0AAT4,83333,,4.928666,12.829671
P25906,83333,,6.8759294,12.323103
P0AEE1,83333,,5.1561627,14.447874
P0C037,83333,,6.3934193,12.675263
P0AD59,83333,,5.16519,14.4520035
P0A6V5,83333,,6.3566313,12.561947
P0A6J3,83333,,4.724658,12.807964
P76082,83333,,6.2155075,12.495236
P0AE30,83333,,4.257586,12.657938
P08365,83333,,20.640385,8.482843
P25736,83333,,4.830184,14.105467
P0A9G6,83333,,8.055094,12.785707
P0AB01,83333,,5.1336,13.358262
P62552,83333,,20.644857,8.481359
P0AFP2,83333,,6.773321,13.914248
P0A8U6,83333,,16.021164,11.125574
P32056,83333,,6.9539633,12.960022
P52644,83333,,5.008967,14.383375
P0ACD4,83333,,7.29136,12.363644
P36562,83333,,7.1663375,13.003489
P0AAS0,83333,,15.580093,11.322446
P0AFK9,83333,,4.665333,14.227196
P64596,83333,,5.0785093,13.893928
P0A9M8,83333,,7.376657,10.550288
P76524,83333,,6.2257047,12.822797
P0A7K2,83333,,10.21023,12.211393
P0A9P0,83333,,7.375622,11.73569
P67697,83333,,6.7809615,13.013926
P16919,83333,,7.21926,13.711699
P76513,83333,,16.417828,10.941479
P0ABZ4,83333,,6.009998,12.900303
P42601,83333,,4.488382,12.635282
P25745,83333,,6.264979,12.25917
P0ADE2,83333,,16.598394,10.63174
P0AD27,83333,,5.086111,13.498528
P10908,83333,,5.9990864,12.671586
P0A9U3,83333,,6.068997,13.301604
P27833,83333,,6.4491115,12.105458
P03024,83333,,5.7231426,13.258827
Q46845,83333,,7.7482343,10.900111
P0CG19,83333,,7.1448507,12.700341
P0A9Q9,83333,,6.5266967,11.751325
P76334,83333,1026673.0,15.658044,11.380243
P60422,83333,,9.224846,14.028288
P0AAP7,83333,,15.651037,11.437932
P76193,83333,,4.880121,14.043218
P17583,83333,,4.3907347,12.716767
P0AFY8,83333,,15.473512,11.196287
P0ABG1,83333,,4.5348997,12.802048
P31125,83333,,4.3207316,12.584228
P39411,83333,,6.838025,12.817909
P76470,83333,,4.414069,12.518377
P11286,83333,,15.592776,11.419611
P0AF34,83333,,15.681943,11.457605
P0AAD6,83333,,4.448049,12.527111
Q46831,83333,,4.525622,12.53344
P0A6P9,83333,,7.1184497,12.494722
P0AA63,83333,,4.6026535,12.824454
P27859,83333,,6.2971797,12.340496
P0AE82,83333,,5.007142,13.426364
P00634,83333,,4.6818137,14.106297
P77365,83333,,15.506593,11.253597
P0A784,83333,,6.266058,12.107862
P0A731,83333,,6.0398474,13.043262
P69931,83333,,5.738439,13.02324
P75801,83333,,12.089691,12.176576
P27126,83333,,8.650532,12.885923
P60872,83333,,4.5061874,12.542208
P60340,83333,,6.1480184,12.219173
P37906,83333,,6.4427094,13.218641
P24207,83333,,4.3851357,12.565456
P21865,83333,,5.6318793,12.700517
P33650,83333,,4.682999,12.696949
P15070,83333,,6.857446,13.171903
P31550,83333,,4.711615,14.227246
P37610,83333,,6.2417793,12.781185
P75938,83333,,4.8260937,14.101854
P0A6T5,83333,,7.408851,12.86304
P39399,83333,,5.2908826,13.476077
P06864,83333,,6.577345,12.866732
P0AGJ9,83333,,6.8952665,12.653304
P75961,83333,,12.792722,12.048698
P18133,83333,,6.3952374,12.123949
P77596,83333,,7.562174,13.3884945
P10443,83333,,6.3381157,11.952852
P64467,83333,,15.883665,11.196426
P37051,83333,,6.3321333,12.492652
P0DMC7,83333,,5.4952874,13.414416
P03004,83333,,6.0256095,13.074194
P0AB38,83333,,5.1466274,14.43034
P68183,83333,,4.2776895,12.636635
P31802,83333,,9.29539,15.317555
P76518,83333,,6.6312666,12.274736
Q46800,83333,,6.8474765,12.548395
P00582,83333,,6.5786676,12.790611
P0AGG8,83333,,6.4190006,11.939755
P37909,83333,,4.894906,14.499246
P37049,83333,,6.4030166,13.2694235
P60293,83333,,12.5300455,11.509048
P0ACV6,83333,993717.0,6.5895324,13.329566
P0ABV2,83333,,4.837553,13.936787
P0A7N1,83333,,16.253695,11.010722
P0A6V8,83333,,6.180287,12.589859
P23894,83333,,4.746827,12.813633
P30850,83333,,6.309992,11.96909
P0AF16,83333,,4.2690787,12.64339
P0A8N0,83333,,7.334279,13.841521
Q46905,83333,,7.091855,13.448446
P31134,83333,,5.986645,13.292043
P30178,83333,,6.6185503,12.521175
P60869,83333,,4.5486245,12.565758
P30748,83333,,6.108649,12.759442
C1P607,83333,0.0,4.177967,12.287754
P0A6L2,83333,,6.346289,12.3348875
P14175,83333,,5.9163,13.297862
P77689,83333,,5.855425,12.915221
P31665,83333,,5.8243065,12.913246
P75959,83333,,6.214212,12.401709
Q46916,83333,,4.401797,12.545684
P0AE95,83333,,7.2397904,13.853647
P32154,83333,,4.6235914,12.617403
P31553,83333,,4.482445,12.54065
P0C8K0,83333,,6.4396396,12.561904
P39286,83333,,6.0686607,13.104149
P02919,83333,,4.7336793,14.024213
P45428,83333,,4.515863,12.476795
P43667,83333,,4.6389327,12.844596
P76134,83333,,6.420368,12.96591
P52044,83333,,5.5734634,13.652815
P60240,83333,,5.729954,12.968351
P76569,83333,,7.24278,12.197928
P43671,83333,,4.6828127,13.97283
P64612,83333,,5.8377666,12.733749
P24244,83333,,15.409024,11.475364
P37387,83333,,4.6528196,14.238393
P0AED9,83333,,7.5689735,13.6516485
P27844,83333,,4.365673,12.603734
P77247,83333,,6.136844,12.804138
P09378,83333,,5.2475963,13.462608
P69411,83333,,5.127228,14.419742
P33359,83333,,4.2905974,12.644116
P0AFP4,83333,,6.350683,13.0492735
P46481,83333,1036770.0,4.9825506,13.311951
P0A734,83333,,7.5607233,13.22411
P0A9K1,83333,,6.9750834,14.135488
P0AF96,83333,,6.6456466,12.859779
P0A6H1,83333,,6.929182,12.789701
P52133,83333,,5.383251,13.521755
P24169,83333,,7.317146,13.464694
P0AA49,83333,,4.524733,12.655286
P0AE26,83333,,4.186467,12.547186
P77183,83333,,5.7722683,12.960841
P0AAK1,83333,,7.1735077,13.426067
P07024,83333,,4.707265,14.121085
P0ACC9,83333,,7.017841,13.144787
P07623,83333,,6.8896856,12.88464
P75987,83333,,16.301107,10.600973
P0AA16,83333,,9.378623,15.39219
P77302,83333,,5.3007283,13.347552
P31677,83333,,6.049083,12.209547
P9WN09,83332,,6.5399027,13.597895
P9WGX3,83332,,6.2739577,13.719373
P9WP93,83332,,6.3240037,13.580969
P95087,83332,,6.5460973,14.003817
Q6MWW2,83332,,6.5203815,13.762234
O06216,83332,,6.348075,13.5482855
P9WQD1,83332,,6.353427,13.633466
P9WM45,83332,,5.9275136,14.677064
P9WIB5,83332,,6.8151817,14.1169195
P9WGH1,83332,,6.2158785,14.065754
P9WPE5,83332,,7.7053337,12.724053
P9WHS1,83332,,6.29868,12.462209
O53921,83332,,6.032052,13.512145
P9WPS7,83332,,6.2757177,13.820344
O05805,83332,,6.467705,13.852811
P9WPS9,83332,,6.286259,13.53216
P9WFF7,83332,,6.510943,13.549047
O33189,83332,,6.0601068,13.508898
P9WKY7,83332,,6.3635163,13.689129
O53158,83332,,7.3083286,12.549668
I6WZG6,83332,0.0,6.980009,13.68297
P9WHF7,83332,,6.176515,12.549688
P9WJI5,83332,,6.304884,13.694477
P9WGP1,83332,,5.9973245,14.373725
P9WPB9,83332,,7.04425,12.807097
P9WMT5,83332,995146.0,6.2432165,14.288405
P9WIA9,83332,,6.7790556,14.142817
P9WK37,83332,,5.921987,14.707986
O53666,83332,,7.38149,12.523698
P9WI87,83332,,15.225854,11.217984
Q10690,83332,906790.0,6.085284,15.2235565
P9WHK3,83332,,6.635076,13.420915
P9WJJ7,83332,,6.396513,13.0744295
O07414,83332,,5.887708,14.718276
O05888,83332,,6.472277,14.349829
P9WQD9,83332,,6.7658324,12.273304
O33329,83332,,6.4111285,14.190031
P9WFT9,83332,,7.0278006,12.975252
P9WMZ9,83332,,6.227507,14.282223
P9WGN1,83332,990764.0,9.398801,15.400601
P95189,83332,,6.2876844,13.603478
P9WJD9,83332,,6.0588884,15.22745
P9WNE5,83332,1033177.0,6.7694006,13.572015
P9WIU9,83332,,6.862903,13.122146
P9WKL9,83332,,11.08257,13.08235
P9WMY5,83332,,6.4082794,13.699676
P9WI63,83332,,6.243423,14.224746
O69723,83332,,4.449857,12.904556
P9WKX5,83332,,6.227802,14.130283
P9WM83,83332,,7.2091703,14.0743265
P9WP55,83332,,6.5774965,12.626027
P9WHJ9,83332,,6.4516516,13.365242
O33348,83332,,6.0719905,13.767751
P9WKA7,83332,,6.421726,13.8203945
P9WN43,83332,,6.8106623,13.020348
P9WIG5,83332,987361.0,5.8124647,14.87669
P71701,83332,,6.398296,13.37964
P9WPE1,83332,,6.3849735,13.394258
P9WHF3,83332,,7.121713,13.619785
P95232,83332,,15.46865,10.983075
P9WKS1,83332,,6.089425,15.089039
O50451,83332,,6.8590612,13.742148
P9WG21,83332,987371.0,4.7023363,13.098018
P96819,83332,,6.442416,13.908486
P9WML7,83332,,6.3964643,13.802256
O07226,83332,,6.468119,14.089453
P9WPU9,83332,,8.060251,13.542976
P9WIQ7,83332,,14.878605,11.252768
P9WFX5,83332,,6.3653,13.57741
P9WFX7,83332,,6.4154277,12.960604
P9WK97,83332,,7.279083,12.752244
P9WIU7,83332,,6.3873777,13.372036
P9WQK7,83332,,6.954079,13.622584
O06169,83332,,5.7960215,13.911057
P9WNU1,83332,,6.298074,14.036052
P71799,83332,,7.7245145,13.781701
P9WFK9,83332,,7.398074,12.959272
P9WHT1,83332,,6.630654,13.498307
O53417,83332,,6.193833,14.432278
P9WJM5,83332,,7.5611877,13.555429
P96277,83332,,6.016389,14.706605
O53509,83332,,6.4057665,14.31066
P96402,83332,,6.6951847,14.170478
P9WPS3,83332,,6.279139,13.472146
O06347,83332,,5.8589673,14.750842
P9WIR5,83332,,6.334751,14.032762
O53493,83332,,6.094972,14.304418
O05848,83332,,6.4695296,14.075435
P9WHY9,83332,,6.054993,15.248429
O50461,83332,,6.077363,13.773636
P9WHK7,83332,,6.733785,13.4732895
P9WF81,83332,,6.242949,13.673615
P9WGD5,83332,991161.0,8.96937,8.358865
P94996,83332,,6.29471,13.910924
O86315,83332,1038732.0,6.3740754,14.173292
O33333,83332,,6.4911184,13.882702
P9WP71,83332,,3.1244824,12.858177
P9WJH9,83332,,6.896703,13.685805
O69689,83332,,6.4740624,13.020638
P95137,83332,,6.687981,13.987068
P9WFK1,83332,,7.202804,13.691659
P9WPZ9,83332,961793.0,6.5577755,13.325416
P9WFR3,83332,,6.3955145,13.435925
P95272,83332,,6.3072376,13.970552
P9WNP3,83332,,6.5343733,13.510257
P9WFF9,83332,,4.4894166,12.626195
P9WHG7,83332,,6.028434,13.734616
O50431,83332,,6.5848937,13.127479
O86374,83332,877852.0,6.3944845,13.24602
O06574,83332,,7.1885657,12.141694
P9WQN5,83332,1034864.0,9.806128,11.971904
P9WGM3,83332,,9.407088,15.405638
P9WFR5,83332,,4.49475,12.697665
P9WKI1,83332,,7.39007,10.65667
P9WPX7,83332,,6.481043,13.065094
P9WLR9,83332,,5.8953447,14.707162
P9WH87,83332,984128.0,9.094685,14.000277
P9WHT9,83332,,7.447398,13.592688
P9WGH5,83332,,6.1674128,14.10813
P9WKD9,83332,,7.1039133,13.597996
P9WMH5,83332,,5.995517,13.760041
P9WMW5,83332,988166.0,4.375491,12.747568
P9WKG5,83332,,6.4271235,13.33405
O06583,83332,,7.6712885,13.778557
P9WIC9,83332,,6.3713284,13.083137
P9WJT5,83332,,5.895077,14.772222
O06777,83332,,20.675465,8.452019
P9WQJ7,83332,,6.205691,13.985536
P9WQK9,83332,,6.0561867,13.391974
P9WQ17,83332,,6.7178073,13.512197
P9WMY7,83332,,6.38604,13.950261
P9WKQ1,83332,,5.858697,14.751327
O06546,83332,,5.881487,14.246167
O06278,83332,,6.4676337,14.6538725
P96833,83332,,4.697356,12.618521
P9WPJ5,83332,,7.061806,13.433316
Q79FX8,83332,,6.9480996,13.17636
O53516,83332,,6.112823,13.467063
P9WKA3,83332,,6.3233523,13.987774
P9WPZ5,83332,,6.4202676,13.058473
O53778,83332,,20.64847,8.479357
O86331,83332,995503.0,6.0941067,14.078469
P9WN99,83332,,4.409268,12.715637
O53489,83332,,5.9185867,14.8380995
P9WHC3,83332,,8.778431,13.797762
P9WPY7,83332,,6.969138,12.881345
P9WIT1,83332,,6.878649,12.540087
P9WJS3,83332,,6.664399,13.300196
P9WHU3,83332,,5.8926454,14.76274
P9WG43,83332,,6.566595,12.598755
P9WHY3,83332,,6.056131,15.25111
P9WGV7,83332,,6.366036,13.507753
P9WP01,83332,,6.449834,13.544461
P9WMM5,83332,,6.340265,13.091392
P9WKJ5,83332,,6.753646,12.994256
O53406,83332,,6.392149,13.300772
P9WPF3,83332,996717.0,6.4765935,12.985139
P9WKB7,83332,,6.3973494,13.983248
O53692,83332,,6.0390215,15.535131
P9WH35,83332,,7.7974114,13.18796
P96409,83332,,6.000204,14.754793
O06570,83332,,6.6466923,14.393097
P9WM73,83332,,6.567427,14.529238
P96394,83332,,6.5174932,13.373534
P9WGA3,83332,,6.3046956,14.032335
P9WI57,83332,,7.1338267,12.881211
P9WNU3,83332,,6.377563,13.738362
P9WPI3,83332,,6.337187,14.226449
P9WPR9,83332,,7.57908,13.1971
O07430,83332,,7.1545215,12.895747
O07427,83332,,6.3804145,13.51915
O86326,83332,,17.856407,9.973817
P9WQ57,83332,,6.3171906,13.918709
P96812,83332,,5.9689445,14.039707
P9WPV7,83332,,4.476897,12.57121
P9WKH7,83332,,6.491511,13.876559
P96267,83332,,6.3574095,13.761125
P9WQ55,83332,,6.423172,14.001571
P9WFD7,83332,,6.284664,14.013361
O50455,83332,,6.065987,14.339049
P9WGF1,83332,,4.402682,12.614479
P9WH13,83332,990771.0,6.8436093,13.117388
Q93IG6,83332,,6.1961355,14.365583
O07788,83332,,5.886325,14.667953
P9WFD5,83332,,6.297691,14.106108
P9WMQ1,83332,,6.239702,13.257631
P9WNR3,83332,,5.9847445,14.588889
P9WIK1,83332,,7.0770364,13.336547
P9WIR1,83332,,5.8071637,14.208117
O53907,83332,,6.3381057,13.782239
O53494,83332,,6.317338,13.685833
P9WJL7,83332,,6.3960533,13.498298
P9WJM7,83332,,6.377198,14.009631
O53196,83332,,6.751789,14.202766
P9WH61,83332,,8.968323,14.0159025
P9WIS1,83332,,6.6128693,13.132859
P9WNB9,83332,,6.468282,13.8791685
O86335,83332,,6.298625,13.930792
P71552,83332,,6.828143,13.600345
O05316,83332,,6.5729074,13.750439
P9WK09,83332,,16.08844,11.082522
P9WPP1,83332,,6.4031935,13.661371
P9WFJ7,83332,,5.955866,14.527594
Q79FP2,83332,,5.8069797,14.913373
P9WJW7,83332,1037508.0,6.104257,14.300939
P9WFC3,83332,,20.648901,8.479405
P9WHK5,83332,988166.0,6.583662,13.037148
P9WHV1,83332,,6.437006,13.194783
P9WK07,83332,,6.6423864,13.842675
O53519,83332,,6.8831697,13.86142
P9WP81,83332,,6.4689817,13.603469
P9WNP7,83332,,6.5251503,13.021488
P9WIZ1,83332,,6.6056995,13.484453
O53931,83332,,6.289729,13.370341
P9WJ17,83332,,20.648424,8.4794
P9WFI9,83332,,6.332486,14.16135
P9WH53,83332,,12.339609,11.181893
P9WPP9,83332,,6.443667,13.617349
P71745,83332,,4.3758554,12.735905
P9WPC5,83332,,7.123527,12.765098
P9WJK7,83332,961679.0,6.4020553,13.932143
P9WNK5,83332,,6.041772,15.549567
P9WQ35,83332,,6.319622,14.115838
P9WF75,83332,,6.288392,13.680307
P9WNJ9,83332,,6.0403614,15.538624
P9WFF5,83332,,6.4134207,13.7064495
P9WNT7,83332,,6.823911,12.954779
P9WIM5,83332,,7.1948524,13.835558
P96217,83332,,6.1514897,14.313472
P9WH43,83332,,7.2008348,13.247252
P71750,83332,,5.838291,14.716472
P9WL67,83332,,6.7514887,13.964377
Q6MWY3,83332,,6.5054135,13.020551
P9WFK7,83332,,6.3839116,13.911592
P9WN27,83332,,6.2804,14.117447
P9WK63,83332,,5.8631244,14.741228
P9WPJ7,83332,,6.279146,12.845495
O53777,83332,,6.5875726,14.111716
P9WG97,83332,,5.9049454,14.285993
P9WIL7,83332,,6.6595864,12.989941
O06376,83332,,6.214149,13.383881
O53245,83332,,17.853106,9.964831
P9WGL9,83332,,9.414406,15.409998
P9WQM1,83332,,6.1354284,13.492164
O53346,83332,,6.1524043,14.250436
P9WPR1,83332,,6.3716006,13.498653
P9WLL9,83332,,6.7036886,13.794532
O05780,83332,,15.099208,11.217738
O53979,83332,,6.7802916,14.008707
P9WJK3,83332,,6.0832267,14.338089
P9WMI7,83332,,5.9591007,13.692682
P9WJT9,83332,,6.1552043,14.326194
Q6MX01,83332,,6.474724,14.3804655
P9WQ43,83332,,6.199822,13.851362
P9WHP1,83332,,6.41074,13.340432
O07233,83332,,6.1042943,12.770752
P9WLD7,83332,,6.585735,13.996279
P9WNA1,83332,,6.071747,14.584517
Q50616,83332,,6.5371513,13.253189
P71623,83332,,6.2828827,13.741805
P9WPG9,83332,,5.6460443,14.684067
P9WG45,83332,,7.0654287,13.570789
P71814,83332,,9.442683,15.438039
P71806,83332,,6.376986,13.98825
P9WQ73,83332,,6.669419,13.640024
P9WLX7,83332,,15.615142,11.087626
P9WPX9,83332,,6.4370413,13.337218
O53311,83332,,6.4796143,13.926643
P96281,83332,,6.308807,13.880357
P9WJD5,83332,,6.481526,14.688443
O50393,83332,,6.244704,13.973002
P9WP97,83332,,6.3026104,13.541236
O53863,83332,,6.328252,13.734461
O05592,83332,,5.879898,14.8040495
P9WPY5,83332,992188.0,6.391538,13.798802
P9WH23,83332,,7.5674515,13.915998
O05896,83332,,4.3960605,12.600557
P9WPM1,83332,,6.3311915,13.843395
P9WLH1,83332,,6.6769085,14.028186
P9WPX3,83332,,6.562937,12.716351
P9WL31,83332,,6.4328103,13.685515
O05591,83332,,6.395643,14.000914
P9WPN5,83332,990804.0,6.357082,13.797879
P9WH77,83332,,6.865168,13.343278
P9WL37,83332,,6.429903,13.876211
O69724,83332,,6.052158,13.430768
O07726,83332,,5.9133224,14.80369
P9WNU5,83332,,6.530314,13.2509365
P71751,83332,,6.405341,13.948246
P9WGQ3,83332,,6.5043144,12.978303
P9WHG9,83332,,6.5526924,13.093099
P9WQE5,83332,,6.36691,13.933881
P95006,83332,,20.64766,8.480187
P9WH55,83332,,7.2116256,13.313764
P9WF09,83332,,6.034082,13.769025
O05306,83332,,6.4400816,13.278591
P9WLP5,83332,,10.96114,13.119509
P9WL19,83332,983277.0,6.5164495,13.980148
Q79FH3,83332,908326.0,6.0676737,15.239654
P9WJY3,83332,,4.7640986,13.181219
P9WJ77,83332,,6.0013733,14.316601
O53448,83332,,5.958,14.827169
P9WGM7,83332,,9.405579,15.407623
P9WQ79,83332,,6.6621046,12.184087
P9WJB1,83332,,4.817665,13.027633
O06144,83332,,6.930011,12.423309
P9WP65,83332,,6.327843,14.122563
O50435,83332,,6.5830812,14.1963
P9WM69,83332,,6.51052,14.458795
P9WPL5,83332,,6.3389254,13.668785
P9WIN9,83332,,5.878494,14.797323
O53664,83332,,6.506301,13.975654
P9WNM1,83332,,7.239511,13.0805435
O07763,83332,,16.148176,10.913419
P9WPS5,83332,0.0,6.4257984,14.290177
P9WMW9,83332,961232.0,6.536732,13.71706
Q6MX39,83332,,6.9415894,13.094092
L0T905,83332,0.0,6.5142994,14.586342
P9WNX9,83332,,6.601084,12.200678
O69687,83332,,6.562546,13.930321
P9WFX1,83332,,6.430315,13.99027
P9WGI9,83332,1028317.0,6.6293516,13.252094
P9WF19,83332,,20.647808,8.479334
O53561,83332,,6.9511514,12.782871
P9WLZ3,83332,,6.4345775,13.590494
P9WJ23,83332,,20.649426,8.47857
O06582,83332,,6.7856894,13.791062
P71785,83332,,6.182983,12.869921
P9WI09,83332,988175.0,6.0413375,15.262192
P9WKM1,83332,,6.4704666,14.195804
P9WPZ3,83332,,6.427117,13.519601
P9WGW3,83332,,6.498346,13.332208
P9WGE9,83332,,5.94832,14.857332
P9WH81,83332,988586.0,8.6483345,13.5686035
P9WIL5,83332,,6.379581,13.582147
P9WMH1,83332,,6.264328,14.164331
P95187,83332,,6.579493,13.933735
P96368,83332,,6.1912713,14.337314
P95059,83332,,6.4511604,13.387651
P9WLY1,83332,,6.514069,13.98669
P9WKZ1,83332,,6.354156,13.397667
P95197,83332,,6.443873,14.14478
P9WN47,83332,,6.299081,13.647181
P9WPE3,83332,992347.0,6.4109206,13.248046
P9WMB9,83332,,5.740781,13.848995
P96233,83332,,6.531638,14.46943
P9WGV9,83332,,6.430739,13.321633
P9WNQ7,83332,,6.323071,14.402401
P9WG87,83332,,4.9632664,13.423362
P9WHD7,83332,,9.148765,14.035578
P95072,83332,,6.527024,13.655337
P96408,83332,,6.211461,14.316528
P71538,83332,,6.4728746,13.590246
O05444,83332,,6.065245,14.816559
O06585,83332,,6.330187,13.99068
P9WHB3,83332,,9.675319,13.593761
P9WNN3,83332,,6.418755,13.832291
O33187,83332,,5.8494554,13.978061
P9WQ21,83332,,6.4255114,13.735351
P9WHB5,83332,,7.0252624,12.933297
P9WLC7,83332,,6.215765,13.380898
P9WMN5,83332,1029732.0,7.305589,12.780605
P9WGQ9,83332,,6.9039826,12.305299
O05296,83332,,6.1537232,14.227654
Q6MWW7,83332,,7.95462,7.160856
P9WMZ5,83332,983434.0,6.3582597,13.509497
O05461,83332,,5.994717,14.633912
P9WQH7,83332,,7.120759,12.189844
P0CL61,83332,,20.648146,8.480088
P9WQ41,83332,,6.263978,13.979462
P9WQ09,83332,0.0,6.3278584,13.885528
P9WMQ9,83332,990815.0,6.4142447,14.005216
P9WQL7,83332,,5.9806795,13.452366
P9WG01,83332,,4.2753015,12.638008
O53361,83332,,6.5699625,14.352197
P9WGK5,83332,992287.0,6.272291,14.261271
P9WJL5,83332,,6.3347206,13.799902
P9WFV7,83332,,7.4403014,12.609841
P9WN45,83332,,6.600502,13.395801
P71619,83332,,5.6865706,14.556809
O53482,83332,,6.004396,13.302557
O33321,83332,,5.88079,13.8037
P9WG57,83332,,7.0386014,13.54129
P9WKI5,83332,,6.801526,13.947608
Q79FT7,83332,,4.439981,12.592883
P9WMI1,83332,,6.825666,13.727462
O53953,83332,,5.9000783,14.7141905
P71744,83332,,5.7377634,14.663641
O05900,83332,,6.006605,14.30943
P71738,83332,,6.618827,14.543756
P9WL93,83332,1029086.0,6.3999515,13.823771
P9WLV5,83332,,6.6913586,13.930015
P9WMG1,83332,,6.241581,14.144114
O53157,83332,,6.867829,13.41389
O07166,83332,,6.333784,14.00827
P96824,83332,,6.458465,13.309812
P9WH45,83332,990844.0,16.34812,10.949355
P9WHQ9,83332,961247.0,6.532171,12.694233
A0A089QRB9,83332,,6.326127,13.816136
O69704,83332,,6.1952653,14.327612
O50462,83332,,20.647968,8.479939
P9WLG7,83332,,5.9405007,14.831342
P9WPB1,83332,,6.913687,13.218167
P9WIX5,83332,991688.0,6.352896,13.944919
P9WN93,83332,,7.561243,12.947048
P9WK85,83332,,6.3933372,13.661195
P9WGC1,83332,,6.416743,13.920272
P9WPK3,83332,,6.622617,12.968953
P9WKA9,83332,,6.4004393,14.217814
P71830,83332,,5.9900923,14.061462
P9WJV3,83332,,6.0377293,14.32101
P9WP13,83332,,6.4671593,14.043374
Q6MX18,83332,,6.036059,15.527196
O53486,83332,,6.5432673,14.166408
P96826,83332,,6.5238543,13.097973
O07179,83332,,6.9842143,12.999465
P9WNE9,83332,,6.3749304,13.503864
P96859,83332,,6.4913306,13.440673
P71875,83332,,7.493142,13.457946
P9WMU9,83332,983368.0,6.3267155,14.217402
P9WGU7,83332,990889.0,5.9029427,14.8140135
O53178,83332,,17.838943,9.95763
P9WG89,83332,,4.895674,13.336393
P9WGJ7,83332,,6.512698,13.620093
P9WGJ3,83332,,6.142912,14.255492
P9WQE9,83332,990308.0,6.370595,13.87063
P9WGT1,83332,,6.932591,12.232165
O69727,83332,,6.3977933,13.928979
O07784,83332,,5.9295683,14.796522
P9WP51,83332,,6.67243,12.86694
P9WL45,83332,,6.7878537,13.678096
O86337,83332,,5.9115667,14.798422
P9WK29,83332,,6.715855,14.237869
P9WJ05,83332,,6.807426,14.049999
P9WMW1,83332,,6.476995,13.626431
O06802,83332,,6.6968803,13.3272
O07248,83332,,6.400851,12.980448
O53716,83332,,15.787903,11.048178
P9WL13,83332,,17.831156,9.962273
P9WNF3,83332,,5.84909,14.791345
P9WGY9,83332,,8.674623,13.515565
P9WPU7,83332,,7.5022035,13.5217705
P9WK17,83332,,15.329272,11.025443
P9WHV9,83332,,6.938336,13.59262
P9WMU7,83332,,6.344216,14.151668
P9WNZ5,83332,,7.0557775,13.818755
P9WNX7,83332,,6.5630355,12.235203
P9WPQ7,83332,,6.5727267,12.956087
P9WFL5,83332,,6.067809,14.632939
P96401,83332,,6.368618,14.439295
P9WIS9,83332,,7.3531923,13.6163
P9WN81,83332,,6.430517,13.550571
P9WMJ3,83332,990764.0,5.651976,13.260938
P9WNG7,83332,,7.377556,12.786733
P9WH75,83332,,8.38224,13.319856
P9WHR5,83332,,5.891068,14.699827
P9WLK1,83332,960383.0,16.182114,10.957196
P9WPV9,83332,991409.0,7.3339252,13.4831505
P9WJB7,83332,,6.322763,14.0639515
P9WK35,83332,,6.4424744,13.166432
P9WNA5,83332,,6.500725,14.128785
P9WNI9,83332,,6.0361676,15.538986
P95029,83332,,6.6020756,14.187318
P9WGB3,83332,,6.3649526,13.619809
P9WMK3,83332,,6.185908,14.241962
P9WK59,83332,,5.9785414,14.862867
O06597,83332,,6.335798,14.023025
P9WIV3,83332,,6.80238,13.051378
P9WI65,83332,,6.2107234,14.1671095
P95125,83332,,6.4202757,13.69911
P9WNR7,83332,,5.868376,14.787189
P9WI41,83332,,6.03145,15.235686
P9WGN5,83332,990642.0,4.6388893,12.612167
P71968,83332,,6.4683094,13.799924
P9WFZ5,83332,993046.0,6.280736,14.04279
P9WKE5,83332,,6.4559135,13.046058
P9WHI5,83332,,6.259371,14.055271
P95223,83332,,6.630932,13.30688
O69690,83332,,6.526022,14.61254
P9WIG7,83332,,6.034115,15.52966
P9WJG5,83332,,6.5571837,14.638972
O86327,83332,877263.0,6.4618807,13.147421
P9WGV3,83332,,7.8426986,13.477096
P9WMM1,83332,990902.0,6.3432136,13.228882
P9WIT5,83332,,6.9297676,14.058225
P9WKR5,83332,,6.138713,14.342009
P9WLL7,83332,,6.477411,14.03434
Q79FS8,83332,,16.240143,10.981067
P9WIQ5,83332,992675.0,6.305057,14.033439
O53896,83332,,5.839855,14.743706
P9WLX5,83332,,6.3602805,13.561864
P9WJW5,83332,,6.832826,13.670363
P9WFE1,83332,,6.4445286,13.3305025
P9WH31,83332,,6.6331854,13.05703
P9WIA3,83332,,6.822334,13.542882
P9WJE9,83332,961495.0,6.420373,14.376866
O06367,83332,,6.3799763,13.644361
O07251,83332,,6.4191933,13.578716
Q79FI9,83332,,5.9336543,15.142939
Q79FN7,83332,,7.3083234,13.357532
Q54LV6,44689,49963.0,13.763822,12.640059
Q54F93,44689,801764.0,8.183139,11.863135
P13833,44689,53544.0,12.276209,14.6129875
Q55BR7,44689,802773.0,12.622517,12.633131
Q9GSB0,44689,802825.0,8.593867,10.161275
Q54LH0,44689,51254.0,13.502874,12.973776
Q9GV71,44689,51950.0,13.762366,13.123072
P07670,44689,815327.0,7.9918633,12.835185
Q54DL1,44689,49188.0,8.496653,10.311605
Q54X06,44689,806133.0,13.138378,12.72342
Q54Y53,44689,52224.0,12.419926,13.281486
Q54K24,44689,801531.0,8.391982,10.244014
Q54UH8,44689,802596.0,7.2415175,11.830849
Q54MB4,44689,804892.0,7.9327803,12.119734
Q54BT5,44689,802754.0,8.5576725,10.379308
O15816,44689,49457.0,13.766164,13.099558
Q54NU8,44689,51774.0,13.574255,13.011
Q54B10,44689,801977.0,8.448944,11.925276
Q86K93,44689,803240.0,12.617527,12.694011
Q1ZXQ8,44689,801622.0,12.850901,12.783521
Q55E26,44689,53756.0,13.247486,12.973976
Q55C57,44689,51039.0,13.355145,13.028807
Q54EJ9,44689,802603.0,8.056222,9.368614
Q55BM4,44689,1027301.0,8.369228,13.061947
P34092,44689,801816.0,9.994996,9.931888
Q55FI1,44689,807529.0,7.5497174,11.779624
Q54H57,44689,50114.0,11.368911,13.051947
Q8T2A4,44689,803586.0,12.821761,12.453446
Q9XZE5,44689,1027981.0,3.4241574,17.28081
Q54KL2,44689,802524.0,8.855187,12.0469475
Q54Q68,44689,803111.0,11.431628,14.106186
P18142,44689,802656.0,10.888484,14.153136
O15743,44689,49487.0,13.089994,12.861826
Q54K81,44689,801468.0,11.1789465,11.986924
Q54P51,44689,801877.0,8.974014,12.042176
P54653,44689,51166.0,12.33608,14.139568
Q1ZXG4,44689,802363.0,8.783073,12.32778
Q54Z85,44689,811499.0,13.126895,13.00012
Q55BY0,44689,51016.0,13.851033,12.971085
Q54I22,44689,802096.0,8.873688,11.824569
Q54HH2,44689,804963.0,7.287339,11.9643135
Q6S003,44689,52280.0,13.468735,12.985255
Q1ZXF7,44689,1027542.0,7.1566834,12.32852
Q554C5,44689,801468.0,13.8776865,13.126008
Q8WQ86,44689,801554.0,13.176692,12.591559
Q86AT8,44689,52065.0,10.901733,10.851788
P34123,44689,802234.0,9.779469,11.918312
Q76NU3,44689,1027301.0,8.388156,12.962063
Q54KR1,44689,801684.0,8.715142,12.800124
Q54PK9,44689,801468.0,13.609806,12.997222
Q54SH8,44689,51334.0,8.598103,10.3610935
P36409,44689,801484.0,5.6559005,18.80636
Q557H7,44689,49356.0,13.615482,13.041695
Q556S4,44689,805603.0,13.041253,12.868669
Q54TY4,44689,1027750.0,8.408719,12.334714
Q86IZ4,44689,51310.0,14.000236,11.399276
P54647,44689,1027409.0,7.8786616,13.482324
Q54MM9,44689,52250.0,11.752753,11.271768
Q54ER9,44689,50756.0,13.838857,12.886242
Q54HC2,44689,53100.0,12.275535,14.632059
Q54PV1,44689,49839.0,13.666738,13.042636
Q95NZ8,44689,806028.0,10.678245,12.164467
Q54LF5,44689,52054.0,12.372176,13.249227
Q01501,44689,52257.0,11.382272,12.375231
Q54SA0,44689,802492.0,10.077614,10.927303
Q54F87,44689,803575.0,16.070932,10.857176
Q54FY7,44689,801877.0,9.390364,11.984293
Q54F20,44689,803154.0,13.35233,12.996942
Q55C62,44689,50375.0,12.3037195,14.412455
Q54IA6,44689,53680.0,13.016201,12.625527
Q8T137,44689,802214.0,7.5675797,11.6621275
Q54WJ0,44689,51542.0,13.614769,12.933301
Q54CA8,44689,803094.0,13.064828,12.798178
Q55BN0,44689,50378.0,13.774841,13.055369
Q556J3,44689,804756.0,13.002552,12.272561
P13021,44689,805168.0,10.759998,12.046626
Q555X5,44689,49424.0,13.727413,13.042049
P15649,44689,0.0,14.725572,10.721241
Q54JT7,44689,802045.0,11.364989,13.617841
Q55E74,44689,803615.0,13.173431,12.89175
Q55D99,44689,53320.0,13.668785,12.924738
Q55GV3,44689,801468.0,11.138044,10.48538
Q54V32,44689,0.0,14.663996,9.831329
O77082,44689,801972.0,11.97213,11.081037
Q55BN8,44689,801468.0,13.093759,13.308804
Q54VA2,44689,1027840.0,7.8443356,12.847042
Q54RD6,44689,1027981.0,3.4239192,17.281216
Q86G47,44689,52000.0,13.74862,13.065035
Q54GC1,44689,803530.0,7.6329083,12.108907
Q8T686,44689,801531.0,8.515305,10.451032
Q54ET0,44689,815386.0,8.607554,10.313835
P34042,44689,807520.0,3.9041882,9.255698
P34043,44689,807520.0,3.9031186,9.257324
Q552C6,44689,53408.0,12.597107,12.888595
Q55DN5,44689,52180.0,13.12572,13.061807
Q23924,44689,805467.0,10.113672,11.109296
Q54P69,44689,0.0,12.368022,13.258035
Q54RN0,44689,813358.0,12.760687,11.977726
Q54TD0,44689,803007.0,10.967659,14.2281275
Q54YD3,44689,802759.0,8.771232,12.083264
Q54SK0,44689,802109.0,9.007527,11.51596
Q54WZ2,44689,1034244.0,12.868823,11.8593025
P08799,44689,801468.0,12.359881,10.667336
Q54ND5,44689,804909.0,12.643213,13.120538
Q54D13,44689,802388.0,8.996601,12.157176
P16894,44689,807520.0,3.9000378,9.255048
P13466,44689,801527.0,9.88081,11.716611
Q65YR7,44689,803665.0,9.022803,12.455696
Q54Y09,44689,1027406.0,8.049689,13.358635
Q54BM7,44689,51928.0,12.630764,12.569708
Q9GPS3,44689,802052.0,5.5975394,18.852703
Q8MYF2,44689,801484.0,12.982725,12.920549
Q54XP4,44689,801943.0,10.452306,11.54813
O97470,44689,801800.0,14.503713,14.261272
Q552D1,44689,51779.0,12.45907,13.293949
Q54CS2,44689,53546.0,10.405454,11.799436
Q8WSR7,44689,803112.0,11.493959,14.079092
Q55FF7,44689,52715.0,13.680627,12.986394
P32073,44689,1033102.0,8.709748,12.25431
P35401,44689,51532.0,13.628762,12.845044
P36967,44689,1027626.0,7.4186893,10.9364805
Q27563,44689,801886.0,7.9596834,15.853068
Q54WT8,44689,801918.0,14.316268,17.507687
Q54M77,44689,52092.0,13.310196,13.0187025
Q54LT0,44689,813564.0,10.9320135,12.786697
Q55FF3,44689,801548.0,9.157185,12.664584
Q23921,44689,801981.0,7.6228795,12.346946
Q54PZ3,44689,801468.0,13.68027,13.132194
Q54T23,44689,0.0,13.767213,13.150862
Q6B9X6,44689,815264.0,11.556129,12.377014
Q54XZ0,44689,815290.0,7.949424,11.892856
Q9Y0C9,44689,52524.0,13.727347,12.916871
P26200,44689,53708.0,9.585031,11.621842
Q54IX5,44689,50055.0,12.429435,12.30544
Q75JH1,44689,811496.0,13.821172,12.963262
Q54EH1,44689,801468.0,13.223279,10.594469
Q54P24,44689,51139.0,11.621264,12.248434
Q558Z2,44689,50417.0,13.59767,12.988342
Q54X80,44689,49632.0,12.479205,13.320227
Q556R7,44689,52818.0,11.136167,14.532768
Q55CL6,44689,50934.0,13.701238,13.05751
P22699,44689,807878.0,10.754004,14.485296
Q54FX2,44689,53773.0,13.714728,13.122569
Q55GQ4,44689,52831.0,13.748309,12.940638
Q55BP9,44689,801468.0,13.42665,12.60255
Q55GV9,44689,801468.0,12.773489,12.749702
Q54LY5,44689,802892.0,11.991846,12.498735
Q86I19,44689,51353.0,12.476153,13.282454
Q86JA1,44689,802378.0,9.920888,11.867304
Q54CJ4,44689,801878.0,8.897469,10.303195
Q54RF4,44689,49789.0,12.335278,14.145301
Q54XF7,44689,50947.0,10.600277,11.738289
Q55CT0,44689,803007.0,11.194622,13.882664
Q86AD8,44689,53277.0,13.742547,13.10788
Q55CK2,44689,52405.0,13.154791,12.801722
Q54SP2,44689,801468.0,12.650634,12.735581
Q54CK9,44689,811321.0,13.407885,10.998679
P20609,44689,52868.0,10.888208,13.208249
Q54UZ8,44689,53302.0,13.648944,12.944419
O60952,44689,51215.0,12.961379,10.59087
Q54HS9,44689,801663.0,7.784975,10.7315235
Q86K89,44689,53179.0,15.389828,11.054059
Q54YL2,44689,801695.0,8.870969,11.878111
Q54BC0,44689,0.0,12.498164,13.319846
Q54JM3,44689,804601.0,8.872845,12.193048
Q54YE2,44689,52779.0,13.606357,12.368374
P54638,44689,803206.0,8.647534,12.358881
Q86JE1,44689,53880.0,12.324399,14.194855
Q54FJ6,44689,50180.0,12.519974,13.337309
Q55AP4,44689,51722.0,11.867679,12.497106
Q55GU8,44689,802322.0,12.467907,12.510549
Q1ZXH5,44689,0.0,12.333582,14.119592
O21050,44689,0.0,16.289446,10.825411
Q00766,44689,801665.0,7.789438,13.639406
Q54EX6,44689,802982.0,11.987504,12.879907
P20791,44689,801484.0,5.6587586,18.797518
P15519,44689,50001.0,12.25777,13.139259
P27685,44689,1027275.0,8.913926,14.025354
Q54D97,44689,50993.0,13.223694,12.885923
Q55C77,44689,801706.0,7.4329453,11.887273
Q553P5,44689,803731.0,11.097706,12.731555
Q54HY0,44689,814603.0,12.211221,12.846569
Q55CA0,44689,801603.0,12.324288,12.021236
Q869N2,44689,801468.0,13.477715,12.840187
O97113,44689,53297.0,12.290011,13.2124405
P46800,44689,804561.0,9.85649,10.580753
Q8T9W4,44689,801531.0,8.340242,10.0675535
Q54T56,44689,803692.0,12.443429,12.294038
Q54XN8,44689,801490.0,9.994709,10.696926
P15520,44689,50001.0,12.301674,13.161484
Q54TF3,44689,49737.0,12.510436,13.29502
Q556Z0,44689,804212.0,12.498504,12.420337
Q54RL3,44689,802656.0,10.97786,14.09099
Q54B43,44689,53752.0,12.116238,12.37849
Q54PQ2,44689,53549.0,10.551188,11.889725
Q54GP8,44689,804677.0,9.367558,12.68158
Q54KI3,44689,801512.0,8.857492,11.935607
P35084,44689,1033187.0,8.996979,13.330865
Q54PQ4,44689,53693.0,11.976709,12.037679
Q54B27,44689,801873.0,13.140028,12.857907
Q54M70,44689,1027538.0,8.622714,12.409327
Q27564,44689,1027259.0,8.299159,12.911317
Q54EX0,44689,51932.0,11.708589,12.792087
Q8T9S7,44689,52274.0,13.271443,12.907296
Q23917,44689,803323.0,13.095546,12.930306
Q54XG7,44689,52865.0,13.839156,12.908528
Q54EN4,44689,802127.0,9.678272,12.666252
Q55BT7,44689,0.0,15.668485,10.767628
Q54EY3,44689,804563.0,8.903063,8.037642
Q8ST66,44689,801531.0,8.471991,10.331103
Q54LP8,44689,801785.0,0.35860264,6.866887
Q967U1,44689,811408.0,12.493562,11.690837
Q54VB2,44689,53958.0,13.727964,13.149922
Q9NCL8,44689,802550.0,9.5115595,12.392061
Q54K14,44689,803228.0,13.235793,12.944224
Q6RZZ9,44689,50691.0,13.414166,12.99034
Q55CR5,44689,52936.0,13.290854,12.834526
Q54PK6,44689,802542.0,9.680506,10.647181
Q9Y0B7,44689,1027981.0,3.4242072,17.28071
Q54EU5,44689,803107.0,12.77404,12.779061
Q1ZXD6,44689,52123.0,13.318587,12.978664
Q8T133,44689,51945.0,13.900355,13.162775
Q9GS21,44689,804981.0,9.344476,13.99076
Q55AR3,44689,1028112.0,8.155589,18.877241
Q9U3X4,44689,802469.0,7.4939766,11.267715
O61122,44689,53970.0,11.47556,10.687028
Q551S0,44689,51022.0,13.210452,12.943857
Q55CE3,44689,53768.0,13.3088,12.776763
Q54U85,44689,51606.0,12.919194,12.277431
Q55AW9,44689,804272.0,11.046053,12.303182
Q54RJ3,44689,51355.0,13.808643,13.032365
Q54J97,44689,1027301.0,8.410206,12.994517
P03967,44689,53529.0,5.4376125,19.004007
Q8I7T3,44689,51849.0,12.151878,13.151583
P05987,44689,802224.0,11.08719,10.435761
B0G168,44689,,16.106077,10.706125
Q54T02,44689,816836.0,12.435188,13.115538
Q555G2,44689,53038.0,13.508259,12.805733
P54648,44689,802536.0,10.607349,11.959238
Q55CB7,44689,53529.0,5.601345,18.850342
Q8T6B4,44689,815289.0,12.491823,11.022415
Q54XR3,44689,52480.0,13.765903,13.136899
P52285,44689,801489.0,4.254657,7.6022077
Q54J47,44689,,7.9420652,13.4867115
P20054,44689,1027591.0,8.045488,12.881461
Q54DJ1,44689,51932.0,11.638768,12.994735
Q94465,44689,802283.0,7.6306033,12.984688
Q55FS2,44689,53559.0,12.7935295,12.771346
Q55FT4,44689,52420.0,13.689503,13.079722
Q54C61,44689,52587.0,13.674793,12.684182
Q55BW0,44689,53529.0,12.913189,12.904741
Q55C03,44689,51478.0,8.633537,10.378633
Q54BU4,44689,801531.0,8.380008,10.307475
Q55BW2,44689,802064.0,9.004855,11.708337
Q55CA9,44689,53529.0,5.615913,18.838001
Q54MZ3,44689,801468.0,10.166217,10.261089
Q76P07,44689,53043.0,13.612685,12.995193
Q54YW1,44689,50501.0,13.268439,12.985973
Q55GJ2,44689,51851.0,13.102647,12.968058
Q7KWQ2,44689,1027289.0,7.886145,12.455457
Q54YC4,44689,51552.0,12.76577,13.061504
P90521,44689,1033143.0,8.273651,12.443428
Q9GP84,44689,49988.0,12.352933,13.229581
Q54P13,44689,801531.0,8.3617325,10.063579
Q54YG2,44689,801468.0,15.043148,12.017889
O96099,44689,801821.0,8.926754,10.639116
Q54GM7,44689,49274.0,12.522878,13.356657
Q550D5,44689,53158.0,13.827561,13.123591
O21042,44689,1027880.0,3.1672287,12.825454
Q9U1M8,44689,,11.671176,12.434081
Q54HE7,44689,1027835.0,1.475515,5.486362
Q54P04,44689,802448.0,8.179282,11.933236
Q9Y0T2,44689,51642.0,12.922071,12.799803
Q86I66,44689,803094.0,13.1015835,12.86786
Q869S5,44689,49385.0,13.523769,13.056244
Q8WSV6,44689,805461.0,11.069459,12.496179
Q86IJ1,44689,801930.0,10.805369,11.257995
Q54FI3,44689,803708.0,12.857055,13.05538
Q54JL7,44689,811337.0,13.378747,13.031983
Q54PF9,44689,1027299.0,8.302381,12.325433
P04989,44689,802365.0,10.940808,7.4767227
Q54QT7,44689,0.0,12.350268,14.141502
Q54VB6,44689,804434.0,12.8418865,12.716331
P90648,44689,52481.0,12.571575,12.784947
Q54VQ5,44689,1028266.0,7.6108074,11.7828045
Q54LJ4,44689,816795.0,13.437771,12.987804
Q552E2,44689,801468.0,13.732891,11.47555
Q54X77,44689,801468.0,12.32446,14.490347
Q7Z1Z9,44689,1034246.0,12.358651,13.282726
Q54DL7,44689,49441.0,12.543966,12.656046
Q54J48,44689,1027430.0,8.688109,12.444541
Q54KJ1,44689,50669.0,13.85294,12.901159
Q54YH4,44689,49561.0,13.674976,13.004821
Q86CZ2,44689,51570.0,13.643461,13.089647
Q7KWS2,44689,811314.0,12.527508,13.342315
P14330,44689,0.0,16.109224,10.744669
Q86AS5,44689,1029548.0,8.868677,12.229743
Q54F55,44689,52129.0,13.665237,13.110254
P09402,44689,53664.0,12.263536,14.5925255
Q55E98,44689,51877.0,13.531734,13.048384
P51405,44689,1027270.0,7.603057,13.046577
Q8T6J2,44689,802754.0,8.501456,10.443756
P15269,44689,49507.0,14.5557995,10.838559
Q54EC1,44689,51055.0,13.240819,12.995662
Q55FC8,44689,53953.0,12.423155,13.041347
Q54CD2,44689,50781.0,13.647636,13.100314
Q557I6,44689,801468.0,13.873454,12.804856
P36408,44689,801468.0,9.879774,10.511961
O00841,44689,51384.0,13.840008,12.919796
P0CT32,44689,1027386.0,7.597567,12.829504
Q55BP1,44689,1033348.0,8.553111,10.416528
Q553Y0,44689,806016.0,11.453031,13.3470125
Q75JD4,44689,803174.0,12.964487,12.744019
B0G163,44689,802477.0,13.168843,12.842663
Q55G87,44689,802889.0,12.226042,14.595635
Q9BIW4,44689,52170.0,12.894654,10.500819
Q6S004,44689,53021.0,13.669884,12.994981
Q54JC0,44689,50038.0,12.315888,12.214501
P13723,44689,801707.0,10.8676605,14.276857
P54683,44689,52325.0,12.637274,13.131826
P34127,44689,1029529.0,13.851538,13.0757675
Q54RB7,44689,53650.0,11.030416,10.426092
Q54LV1,44689,802218.0,11.790553,10.797881
Q54CN9,44689,803173.0,8.849367,10.290095
Q556J2,44689,802997.0,8.716596,11.918663
Q551S9,44689,802942.0,13.344178,13.038861
Q54P00,44689,805208.0,8.46079,10.431205
Q54DE4,44689,53762.0,12.725716,12.85251
Q557D2,44689,1027769.0,7.9522867,12.016407
P54686,44689,801468.0,9.895634,10.74793
Q54NS9,44689,803380.0,8.826268,11.973875
Q54PX9,44689,801915.0,9.441069,13.3703
Q55GV1,44689,52517.0,13.807632,12.952348
Q75JJ2,44689,51645.0,12.540063,12.619845
Q54JN7,44689,801468.0,13.837932,13.103501
B0G108,44689,803175.0,10.923755,12.310985
P54642,44689,802003.0,8.795267,12.950251
Q557G4,44689,51987.0,16.105932,10.842967
Q54C82,44689,0.0,12.253741,13.180072
Q54J26,44689,801495.0,16.563028,10.6180105
Q9NCL7,44689,802550.0,9.448964,12.542791
Q54PP1,44689,801501.0,8.949247,10.317403
Q54XM7,44689,805190.0,7.961578,15.851704
Q54N76,44689,802163.0,7.6813498,12.123972
Q54PP0,44689,803811.0,9.419587,12.124982
Q54DW4,44689,51117.0,13.16446,12.884577
Q54PE2,44689,807493.0,13.077245,13.03572
Q54TF8,44689,802915.0,9.787055,11.259632
Q54B82,44689,802042.0,10.160761,11.107747
Q54NT1,44689,815944.0,14.684304,10.741583
Q54W40,44689,51575.0,13.4107685,12.972319
Q6TMJ3,44689,50353.0,11.396851,13.021661
Q54WK1,44689,814656.0,5.6981845,8.236075
Q55DY7,44689,801740.0,7.9601545,15.848903
Q1ZXI0,44689,813567.0,7.8655176,12.985419
Q71A38,44689,,10.625751,12.00521
Q54K15,44689,813538.0,16.056643,10.789961
Q54PB6,44689,49863.0,13.413477,13.023422
Q54KL5,44689,801468.0,9.977192,10.623484
Q86KF9,44689,814806.0,12.947127,12.872261
O77033,44689,51862.0,13.777339,12.953899
Q54X53,44689,802506.0,9.193289,14.054149
P33519,44689,801989.0,5.7436924,18.688185
Q869Q3,44689,,12.608558,11.985665
P02888,44689,51181.0,11.373743,7.7473803
B0G140,44689,814841.0,13.69234,13.163038
Q556Y9,44689,802490.0,10.444277,10.344578
Q75JN6,44689,801810.0,10.748725,11.874917
O96621,44689,802118.0,1.4755795,5.486216
P34115,44689,49112.0,12.505213,13.35374
Q55FG3,44689,802688.0,13.333407,13.039982
Q54UI0,44689,51230.0,12.157465,13.234704
Q54PE1,44689,49862.0,14.208589,11.662738
O96668,44689,0.0,13.827316,13.163029
P19198,44689,,12.95986,10.581363
Q55AQ4,44689,51140.0,13.749123,13.07706
Q54RB8,44689,49797.0,8.681908,10.362944
Q54H50,44689,50109.0,13.834725,13.175408
Q55E25,44689,0.0,13.793471,12.951822
Q95VZ3,44689,801468.0,11.592147,12.322819
Q55GF9,44689,50326.0,13.705685,12.844354
P54695,44689,51985.0,10.101872,11.812362
Q9GPM4,44689,1027397.0,7.2375536,11.619913
Q54AX5,44689,801468.0,11.568751,11.734048
P36410,44689,801484.0,5.6737843,18.785456
Q55C21,44689,802138.0,8.761427,12.363589
Q54T71,44689,801468.0,13.787151,13.034729
Q54YR8,44689,804459.0,9.263148,11.691032
Q8T1E3,44689,1033269.0,10.205909,12.460493
Q86AG7,44689,802960.0,8.832093,12.199671
Q94464,44689,802310.0,11.131816,10.82848
Q54WL7,44689,802569.0,8.441869,11.933706
Q550H6,44689,801484.0,5.673314,18.784388
Q54VJ6,44689,0.0,12.651065,13.260429
Q54I21,44689,802096.0,8.841105,11.829532
B0M0P5,44689,801667.0,10.415306,11.472636
Q75JY8,44689,811344.0,10.558784,11.966508
Q54Y98,44689,801468.0,13.085553,10.704027
Q54B59,44689,802927.0,9.063576,12.136172
O96623,44689,805565.0,16.160131,10.916104
Q9U8Q1,44689,0.0,12.494484,13.344688
Q54JV8,44689,1027416.0,8.207817,11.931427
P14328,44689,53360.0,14.814113,11.699441
Q86IA3,44689,801700.0,9.645354,12.687861
Q54XI5,44689,1027273.0,8.789688,13.495876
Q54YE5,44689,,11.22333,12.174102
Q54GL6,44689,51045.0,12.263604,12.865416
Q54R45,44689,803201.0,11.016675,12.474803
Q55BD5,44689,801746.0,10.017612,11.834407
Q94490,44689,53678.0,9.842231,10.865367
Q70GP4,44689,52872.0,13.799265,13.029269
Q54PT9,44689,52589.0,13.743976,13.0274725
P54705,44689,802171.0,13.559272,11.260581
Q55BX9,44689,53266.0,15.774482,11.350595
Q9NH03,44689,802028.0,8.833006,11.937624
Q7KWS3,44689,809042.0,11.176067,11.356104
Q54WU1,44689,51478.0,8.588056,10.359485
Q556W1,44689,807798.0,8.76352,11.963911
Q9BKJ9,44689,53796.0,12.190374,13.182997
Q95ZG3,44689,51231.0,13.534731,13.019162
Q54B44,44689,0.0,13.750506,13.174134
Q54RC0,44689,51551.0,13.2214,10.58457
Q555V8,44689,52206.0,13.556248,12.765017
O15818,44689,801938.0,11.990268,12.461388
Q54Q99,44689,802328.0,10.059209,10.372925
Q869Z5,44689,801650.0,9.138064,12.6675625
Q55GH4,44689,1027398.0,12.51792,12.603962
Q55BP0,44689,802280.0,0.34443444,6.8801856
Q1ZXE9,44689,53553.0,10.95364,12.090289
Q54RX7,44689,51325.0,13.584802,12.933124
Q8MQU6,44689,1027836.0,8.861327,13.326142
Q54QT8,44689,0.0,12.338388,14.1657505
Q55D87,44689,808674.0,9.093469,12.125422
P20425,44689,801939.0,8.104955,11.3324375
Q8T6B7,44689,801771.0,10.421944,11.6595745
Q559I6,44689,801468.0,8.058243,9.381867
P54201,44689,804884.0,10.796223,11.860743
Q54KF1,44689,803803.0,13.204709,13.010726
P16168,44689,1027271.0,9.172728,13.954253
Q54UL8,44689,49701.0,13.680521,12.987629
Q54U89,44689,51978.0,8.656086,10.34428
Q86B08,44689,801563.0,8.541377,10.287997
Q58A41,44689,811663.0,11.517358,12.091481
Q1ZXJ0,44689,801880.0,8.773141,9.949411
Q54SD4,44689,801910.0,9.979903,10.814557
Q55D63,44689,807856.0,12.983981,12.844931
Q54L90,44689,52159.0,13.467977,12.866242
Q55F68,44689,52139.0,13.694195,13.082185
Q54JG6,44689,801468.0,13.47831,12.915927
Q54R82,44689,51805.0,13.116414,13.02262
Q6XHA7,44689,53292.0,13.659677,13.072966
O96626,44689,53556.0,10.757282,12.131757
Q54CZ1,44689,51286.0,13.228263,12.953577
Q54TH8,44689,,8.356641,13.008298
Q54UF3,44689,801833.0,8.641197,12.12792
Q54UT6,44689,1033167.0,10.159286,12.776663
Q8T191,44689,802496.0,12.756196,12.937433
Q54U72,44689,801599.0,8.085586,12.2844925
Q55CR0,44689,801749.0,10.25854,12.048606
Q54GR0,44689,51268.0,13.810247,12.905824
P48160,44689,801751.0,9.164546,14.042654
Q54EV3,44689,802176.0,7.1344104,13.115418
Q557E6,44689,1027293.0,7.5202146,12.835077
Q54YE7,44689,1027393.0,7.2867727,12.234005
Q86HU8,44689,803235.0,7.851212,11.879469
Q54EW0,44689,53130.0,13.260092,12.976362
Q54FQ2,44689,803708.0,12.822556,13.047899
Q54S82,44689,52551.0,13.173135,11.37126
B0G141,44689,803249.0,10.838143,11.885518
Q54Q30,44689,801468.0,13.570854,11.164624
Q7Z203,44689,1034246.0,12.378928,13.276238
Q553N9,44689,52445.0,13.372673,12.778594
Q86KU7,44689,802977.0,12.679537,12.684712
Q55GW5,44689,803470.0,13.218274,12.952935
Q55FT9,44689,811331.0,13.351011,10.449791
Q86B07,44689,1033200.0,11.191063,13.900192
Q8T664,44689,49095.0,13.7247,13.134253
Q553C7,44689,52418.0,13.259152,12.37266
P32254,44689,53529.0,5.536779,18.918167
O96624,44689,802534.0,16.358309,10.674295
Q54WR9,44689,1027418.0,8.060336,13.226746
Q556Q0,44689,802291.0,7.9593825,15.855701
Q95YL4,44689,53701.0,12.746204,10.669768
Q54PT8,44689,53371.0,13.667989,13.105977
Q54Q13,44689,50620.0,13.729227,13.008877
Q54UN7,44689,52322.0,13.6698265,13.013779
Q9GRF8,44689,53673.0,10.268965,12.049534
Q54GV7,44689,51539.0,13.251555,12.95145
Q54KR8,44689,50667.0,12.508166,13.365295
P54673,44689,52050.0,13.2036705,12.998399
Q54DA7,44689,801484.0,5.688692,18.764145
Q8T131,44689,802222.0,7.29422,12.099534
Q55FW5,44689,0.0,12.414868,13.299201
Q552Y2,44689,49468.0,11.659367,12.361614
Q86HH3,44689,52688.0,8.543214,10.411757
Q95UQ1,44689,801988.0,9.994931,11.922071
P29505,44689,51413.0,10.737188,12.844955
Q54NG2,44689,1027353.0,9.171638,14.044601
P34140,44689,801484.0,5.6755385,18.78013
P08796,44689,50079.0,12.431722,13.336501
A0A1D8PNI0,237561,,11.168528,12.757027
Q5ANC8,237561,401834.0,14.2210655,12.218436
Q5APF2,237561,1033102.0,7.681076,12.403555
A0A1D8PPQ0,237561,814509.0,10.068157,12.302418
Q9P975,237561,801579.0,10.040866,11.804196
A0A1D8PE84,237561,801531.0,8.378163,9.805739
Q5AD07,237561,404872.0,11.182146,14.463123
A0A1D8PFJ9,237561,405626.0,11.426091,14.352734
Q59YK4,237561,404708.0,11.156526,11.580589
Q5AB69,237561,401077.0,14.457086,9.608253
Q07730,237561,401491.0,11.4745455,14.265327
A0A1D8PG81,237561,793066.0,7.6669044,9.021406
Q5A1M5,237561,406030.0,14.6610565,10.86274
Q5A7S4,237561,819717.0,7.988098,9.344468
Q59X47,237561,817991.0,13.571658,11.926984
Q5ANJ9,237561,401999.0,13.165885,11.786601
A0A1D8PJ01,237561,1027976.0,8.245036,9.881167
A0A1D8PMA5,237561,405896.0,13.635314,12.565876
Q59QN7,237561,1027635.0,8.387503,12.583065
A0A1D8PRE0,237561,801604.0,13.44574,12.206449
A0A1D8PLC9,237561,801555.0,15.67119,11.217852
Q59MJ1,237561,401566.0,13.709916,12.293581
A0A1D8PK25,237561,792959.0,11.10782,12.720489
A0A1D8PGJ9,237561,,15.398358,11.052698
A0A1D8PS46,237561,,8.190899,9.515744
A0A1D8PEJ5,237561,401767.0,13.10651,12.349458
Q5AMJ5,237561,402124.0,11.398565,14.551536
Q59UR2,237561,477494.0,11.965914,12.805618
Q5ABC5,237561,803797.0,12.260025,12.008774
A0A1D8PSK4,237561,401757.0,12.949273,12.01827
O13289,237561,1028632.0,8.99609,13.339324
A0A1D8PEM4,237561,805461.0,10.934524,12.562903
A0A1D8PPB2,237561,405511.0,10.95022,13.133751
A0A1D8PIH6,237561,405475.0,11.192804,12.24086
A0A1D8PDC4,237561,1029316.0,8.07091,13.211854
Q5AK53,237561,,8.358314,12.474254
Q59PZ6,237561,802959.0,7.83301,12.1632185
Q5ADN1,237561,802228.0,11.865517,12.073541
A0A1D8PQM2,237561,405291.0,8.851505,10.638991
A0A1D8PQI2,237561,401900.0,11.454742,14.657406
Q59K07,237561,807583.0,13.212124,13.025659
Q59YF0,237561,792959.0,11.087259,12.756099
P30575,237561,1027309.0,7.109529,12.473125
P40954,237561,401778.0,11.266402,14.553855
Q5A741,237561,404583.0,8.237184,9.664004
Q59LL5,237561,1027399.0,7.1629734,12.494598
Q5ALX8,237561,803006.0,7.599836,12.21021
Q5AMG5,237561,801940.0,11.54472,11.268198
A0A1D8PIK2,237561,,13.233576,11.867319
A0A1D8PHN5,237561,401724.0,9.059308,10.2664385
P43069,237561,405905.0,13.378665,11.968204
P0DJ06,237561,404613.0,10.998007,14.209438
Q5AP52,237561,401744.0,11.4896,14.72835
P83784,237561,1027381.0,8.174726,11.228081
A0A1D8PSQ3,237561,801468.0,10.187821,11.40146
Q5AC08,237561,404613.0,11.013169,14.124763
Q59WG7,237561,405584.0,12.700061,12.276036
A0A1D8PQ34,237561,801531.0,8.330552,10.168308
Q59W33,237561,1030684.0,7.8113184,12.033472
A0A1D8PKC9,237561,802310.0,11.211734,10.832459
A0A1D8PH17,237561,805627.0,7.7249956,13.161174
A0A1D8PR83,237561,482095.0,12.102593,11.8219185
A0A1D8PDT3,237561,1027247.0,8.865974,13.96854
A0A1D8PI19,237561,803398.0,9.064857,10.254447
Q5A0N3,237561,802571.0,8.359465,13.294076
A0A1D8PD79,237561,482082.0,10.818259,12.36122
A0A1D8PIG5,237561,802840.0,10.814953,12.011849
Q5A352,237561,801758.0,12.247073,12.153975
A0A1D8PGI8,237561,1033261.0,7.3559012,11.257071
A0A1D8PND0,237561,801631.0,9.994357,11.808872
Q9HEW1,237561,802224.0,11.471471,10.837025
A0A1D8PQK6,237561,793026.0,8.147967,9.927995
A0A1D8PNW1,237561,405165.0,11.253637,14.557309
A0A1D8PFP9,237561,401903.0,12.782057,12.056682
A0A1D8PSH3,237561,802312.0,8.831606,13.303158
Q5AND0,237561,802165.0,7.6303883,13.195804
A0A1D8PP94,237561,817659.0,10.826285,11.921614
A0A1D8PD60,237561,405808.0,13.294785,12.244233
Q5A4X5,237561,482940.0,13.593081,12.252048
Q5ALN1,237561,405495.0,13.033832,12.376763
Q5ALY1,237561,404677.0,12.705129,12.345891
Q5AMQ6,237561,406052.0,13.773226,12.274765
P46589,237561,404991.0,14.283955,12.060959
P83777,237561,803046.0,10.16425,12.764228
A0A1D8PRE2,237561,801477.0,9.209211,12.210159
Q5ALY0,237561,406044.0,11.420224,10.891328
A0A1D8PRR5,237561,,7.791265,13.313237
Q5A678,237561,482790.0,8.451702,11.43761
Q5AB84,237561,792984.0,12.851198,10.814218
A0A1D8PU51,237561,1029495.0,7.983039,11.972301
Q5A5B0,237561,793026.0,8.410382,9.890079
A0A1D8PCM6,237561,801531.0,8.431373,10.271383
A0A1D8PU31,237561,406367.0,13.203323,11.646154
A0A1D8PRG5,237561,801494.0,10.401848,12.055717
A0A1D8PPE6,237561,,10.708153,14.474816
Q5A7M2,237561,803531.0,10.919005,12.955158
Q5A328,237561,,10.681093,13.165218
Q59WV9,237561,802622.0,12.826872,10.309078
A0A1D8PLN4,237561,,12.636181,12.156082
A0A1D8PJG4,237561,404715.0,12.433479,11.603009
A0A1D8PCD8,237561,,8.880641,10.504381
Q5A904,237561,405659.0,12.345285,11.150752
A0A1D8PNP3,237561,802603.0,7.9363236,9.304901
Q5A8K2,237561,1027294.0,8.073097,12.32492
A0A1D8PCV7,237561,802569.0,8.249574,13.224235
Q5ANP2,237561,804960.0,10.540886,12.063682
P82610,237561,1029587.0,8.313773,12.837885
A0A1D8PFH4,237561,405045.0,13.92743,11.468302
A0A1D8PT36,237561,405945.0,13.181585,11.861513
A0A1D8PRZ6,237561,405525.0,14.222471,12.1511345
Q5ADM7,237561,1027400.0,7.4075303,12.584716
A0A1D8PNX9,237561,401795.0,14.350484,11.915456
A0A1D8PS56,237561,1029382.0,8.165659,12.308087
Q5AG89,237561,1027455.0,7.2596626,11.770147
A0A1D8PRQ1,237561,804700.0,7.795508,12.520499
Q5AJC1,237561,803092.0,13.138136,12.8382225
Q5ACW5,237561,476998.0,11.872958,12.49593
Q5AMR2,237561,824091.0,10.886579,14.350298
Q5A5S3,237561,401697.0,14.145572,11.854363
Q5AEI1,237561,831293.0,15.992092,10.799789
Q59VP1,237561,801785.0,0.36995775,6.855989
A0A1D8PCM9,237561,404621.0,13.599666,12.027428
Q9UW23,237561,402157.0,13.577315,11.603409
Q5ALV5,237561,482040.0,10.647196,13.037763
Q59YE8,237561,1027386.0,11.141397,11.446655
A0A1D8PKB4,237561,404957.0,13.251546,13.704404
Q92210,237561,808171.0,7.395365,12.314648
P29717,237561,805521.0,10.736285,14.5363035
Q5AD37,237561,405885.0,13.248194,11.503959
Q5ALL8,237561,802375.0,10.364695,11.134664
Q9UW14,237561,405595.0,14.286051,11.977088
Q5APR8,237561,482088.0,13.591487,12.796338
Q5A644,237561,803384.0,7.665578,11.047138
Q59S66,237561,404629.0,13.50571,13.012665
Q59ZE0,237561,831158.0,10.735578,13.157872
Q5AAG1,237561,404669.0,13.20079,11.72566
Q59P39,237561,401531.0,14.304628,12.019003
A0A1D8PIP6,237561,801468.0,13.257702,12.998318
Q5AA33,237561,401700.0,11.4370165,14.310883
Q5A034,237561,,10.109896,11.576631
Q5A943,237561,801957.0,9.167764,11.977879
Q5A3J0,237561,478734.0,7.9816804,9.322804
Q5AKZ4,237561,404934.0,15.2056675,11.1475525
Q59US5,237561,802203.0,7.4311,11.902537
A0A1D8PDI4,237561,406101.0,13.725067,12.244269
Q5A762,237561,792942.0,8.34862,10.089689
A0A1D8PUB1,237561,406342.0,11.812924,12.130863
A0A1D8PLY7,237561,801468.0,7.8829913,9.267295
A0A1D8PPE8,237561,802265.0,8.8719,10.603855
Q59VY9,237561,404652.0,13.58596,12.619197
A0A1D8PS27,237561,801468.0,7.916011,9.306513
Q5A8Z9,237561,406167.0,11.32677,13.068471
A0A1D8PFW3,237561,404996.0,12.817515,12.085163
Q5A3L9,237561,405462.0,13.754729,12.312096
Q5AI24,237561,1033175.0,8.839951,12.284042
Q5ADL8,237561,406491.0,14.185789,12.070222
P83774,237561,804561.0,9.839777,10.546138
A0A1D8PSD0,237561,,10.019498,11.847054
Q5A302,237561,802943.0,9.662373,11.542316
A0A1D8PCF2,237561,401680.0,14.43195,11.499753
Q59PZ5,237561,805141.0,10.20426,10.7367115
Q59XX2,237561,476943.0,11.080947,14.56579
P31225,237561,802949.0,9.661426,12.091405
A0A1D8PNS0,237561,1033108.0,8.057156,11.214557
A0A1D8PQQ3,237561,801665.0,7.8871884,13.646209
Q5ANB1,237561,402057.0,14.302591,12.034564
Q59X49,237561,401718.0,13.150297,10.677916
O94038,237561,801597.0,7.100188,11.403387
Q59UR3,237561,405257.0,12.8712015,11.723558
Q59UQ6,237561,478369.0,13.012481,12.176523
Q5ACL7,237561,401601.0,11.460488,14.651912
A0A1D8PF32,237561,822771.0,8.854406,10.148902
A0A1D8PJF9,237561,802609.0,7.326393,11.221799
Q5ADM2,237561,404718.0,13.742385,11.509122
A0A1D8PHE5,237561,404947.0,10.551152,12.061738
P46586,237561,1028215.0,7.607727,12.083135
A0A1D8PU10,237561,482026.0,10.892122,13.150838
P53697,237561,797845.0,9.0130825,11.374806
A0A1D8PHR5,237561,807664.0,7.6058636,12.090335
Q59LX5,237561,401385.0,13.213209,11.929041
Q5A879,237561,831990.0,8.942643,10.314839
A0A1D8PH87,237561,401157.0,12.4635105,12.119819
Q5AIA6,237561,1027431.0,7.9262447,13.4624405
A0A1D8PCX8,237561,802247.0,9.227018,14.032703
Q59YG5,237561,806010.0,10.724943,13.176466
A0A1D8PSH1,237561,793066.0,7.731468,9.188986
A0A1D8PDR2,237561,401388.0,14.157272,12.138927
A0A1D8PC97,237561,1028112.0,8.170724,18.894732
Q59SS1,237561,802695.0,8.689138,9.955798
A0A1D8PNF8,237561,483995.0,12.580495,11.95015
Q59NB3,237561,405563.0,11.659851,12.775531
P43073,237561,1033955.0,7.9144564,12.9910555
Q5ADT0,237561,401725.0,13.990949,11.131352
Q59NX5,237561,406275.0,13.716849,12.288022
A0A1D8PTS0,237561,801970.0,10.357788,12.030635
A0A1D8PH53,237561,404787.0,5.900803,8.670756
Q5ADX8,237561,401437.0,14.283317,12.022854
Q5ADY1,237561,405635.0,12.050078,12.243542
A0A1D8PCK2,237561,401083.0,12.457374,12.121427
A0A1D8PGK4,237561,404715.0,13.09221,11.653521
Q5A397,237561,801582.0,8.182576,11.149844
A0A1D8PCG9,237561,802836.0,11.169558,12.80524
Q59KY8,237561,1027981.0,3.4239066,17.28102
A0A1D8PD83,237561,793108.0,10.237515,11.181729
A0A1D8PPA9,237561,402261.0,13.895294,11.637581
A0A1D8PD38,237561,1033128.0,10.900143,8.088515
Q59ZW4,237561,406315.0,14.760612,10.991275
A0A1D8PEI6,237561,1034227.0,7.663574,10.985074
A0A1D8PNL8,237561,793048.0,7.7707376,9.225461
Q5AHE5,237561,401612.0,12.804601,12.546112
A0A1D8PJ86,237561,811307.0,13.124267,11.985098
A0A1D8PHD4,237561,401160.0,14.269919,11.571187
Q5AH24,237561,407027.0,14.320764,12.021167
A0A1D8PQP7,237561,801810.0,10.730505,11.892703
Q5A688,237561,793056.0,8.85978,10.489128
A0A1D8PMP1,237561,802266.0,8.565517,11.996006
A0A1D8PM87,237561,482789.0,13.210043,11.816439
P78599,237561,801833.0,8.84892,12.109151
A0A1D8PLP8,237561,,12.566722,12.08702
Q5AEM8,237561,482814.0,10.75751,13.076122
A0A1D8PTM6,237561,482792.0,13.394054,11.233483
A0A1D8PK89,237561,802603.0,7.932745,9.299436
Q5AAI8,237561,793150.0,12.479415,11.59988
A0A1D8PF33,237561,405687.0,15.644769,10.913774
A0A1D8PS61,237561,404583.0,8.232472,9.546243
Q5A850,237561,1027398.0,7.382533,13.622046
Q59UT4,237561,405780.0,11.358676,14.542509
Q59PU4,237561,793035.0,11.164901,7.726064
A0A1D8PEN6,237561,,11.406432,11.035262
A0A1D8PM97,237561,,12.843121,12.093314
Q5AND4,237561,801988.0,10.143262,12.082548
A0A1D8PI62,237561,406778.0,12.14499,12.147272
A0A1D8PE76,237561,476983.0,13.01727,12.51221
A0A1D8PSZ1,237561,401604.0,14.440939,11.447212
Q5A446,237561,404660.0,8.850637,10.586875
Q5ALK3,237561,,7.1247287,12.462742
Q59TD1,237561,792958.0,7.899097,6.1440763
A0A1D8PNM8,237561,405670.0,13.736441,12.35191
P46592,237561,,11.974505,12.891921
A0A1D8PG62,237561,405315.0,12.836979,11.888817
Q59YF9,237561,406372.0,12.923335,12.054523
Q5AMP4,237561,801922.0,7.8159027,11.712473
Q59RB8,237561,1028864.0,8.395511,12.734363
Q5ANI0,237561,401184.0,13.774413,12.483032
Q59XU9,237561,1030684.0,8.070885,12.038991
A0A1D8PMP0,237561,802848.0,7.788084,12.031487
A0A1D8PDK6,237561,1028399.0,8.311487,12.187286
Q5A6K0,237561,830829.0,8.96079,11.607497
Q59QN2,237561,405807.0,13.017738,12.090469
Q5AFP8,237561,404642.0,11.855841,12.830118
Q5AK78,237561,801683.0,11.598809,12.361071
Q5A8N2,237561,404613.0,10.995328,14.147346
Q59VN4,237561,,0.33916873,6.8837643
Q5A1D3,237561,801468.0,13.158169,14.095337
Q59KV8,237561,479624.0,12.925829,11.3663645
Q5A936,237561,801852.0,11.231782,8.994956
Q5ACY2,237561,404865.0,11.166529,12.295598
A0A1D8PHI5,237561,405176.0,10.856485,13.215259
Q5AL16,237561,0.0,14.13605,12.065131
A0A1D8PCP6,237561,478629.0,13.46466,11.078073
A0A1D8PU88,237561,405224.0,12.962066,11.944097
A0A1D8PNH8,237561,401975.0,13.649556,12.960597
A0A1D8PU36,237561,404851.0,13.706593,12.293611
A0A1D8PGW8,237561,401612.0,12.89182,12.562006
Q9UVL1,237561,805329.0,16.159452,14.995221
P83779,237561,802609.0,7.674509,11.833278
Q5A7Q2,237561,801671.0,12.344893,12.120792
A0A1D8PL95,237561,405872.0,14.278416,11.970694
Q5AEK8,237561,482043.0,8.966427,10.643435
Q5ADS0,237561,802337.0,15.078204,12.069711
A0A1D8PTR4,237561,1029724.0,9.169538,13.839176
P43063,237561,801468.0,13.223616,14.3126
A0A1D8PFV4,237561,801468.0,12.967456,10.714611
A0A1D8PKA4,237561,,13.447797,12.085455
Q5A6P9,237561,801691.0,10.712917,12.02136
A0A1D8PNG9,237561,1027449.0,7.659177,11.862067
Q5A645,237561,401537.0,14.296542,11.538868
A0A1D8PLU4,237561,405479.0,13.522846,12.914433
A0A1D8PNA4,237561,401705.0,13.725107,12.310049
Q5ANF0,237561,405021.0,14.20943,12.07911
Q5AKY0,237561,406518.0,14.282963,11.884152
Q59VM4,237561,405588.0,14.306143,11.935245
Q5A1Z4,237561,793167.0,14.315294,17.50594
A0A1D8PCB9,237561,802195.0,9.409376,12.842558
A0A1D8PTC8,237561,404905.0,13.317618,12.039149
Q5A687,237561,404605.0,12.063242,12.862507
A0A1D8PQW1,237561,801886.0,7.957733,15.85783
Q59ZX3,237561,404811.0,11.278098,14.543456
A0A1D8PN61,237561,,11.7449665,10.722785
Q5AAL9,237561,401251.0,11.500053,14.744321
A0A1D8PSW8,237561,802556.0,12.678095,13.06998
A0A1D8PU17,237561,794378.0,10.9061,14.298516
A0A1D8PQ26,237561,801903.0,7.7318616,11.870758
A0A1D8PKE2,237561,401619.0,11.401159,10.505099
Q5A756,237561,802158.0,10.289274,11.432458
A0A1D8PMZ4,237561,402156.0,14.281114,12.100618
Q59N31,237561,805058.0,11.893999,12.400651
Q5AG51,237561,802820.0,8.519818,10.562553
Q5AKW6,237561,406614.0,13.920073,11.843753
Q59P58,237561,402257.0,15.159742,10.698973
A0A1D8PJV0,237561,404621.0,13.514931,12.271556
A0A1D8PNN1,237561,401216.0,13.888601,13.140767
A0A1D8PQ56,237561,805186.0,8.464569,12.736882
Q59LZ9,237561,482041.0,11.065208,13.043501
Q5AH63,237561,406059.0,13.237363,10.581572
A0A1D8PGJ3,237561,401408.0,14.438688,11.583066
Q5A4Z1,237561,401620.0,14.383082,11.636878
Q59WD1,237561,402253.0,14.38178,11.71684
Q5AMR7,237561,807599.0,8.982953,10.294432
Q59NG2,237561,404988.0,13.48945,11.274501
Q5AK01,237561,402121.0,12.623913,12.007341
A0A1D8PRP3,237561,406195.0,14.007632,11.703176
Q5AG68,237561,801842.0,7.773562,12.911457
Q5AEB8,237561,1027281.0,7.958611,15.856902
Q9P8W0,237561,1037473.0,10.857159,14.364825
A0A1D8PS71,237561,824091.0,10.882677,14.32876
A0A1D8PSE7,237561,,7.9321175,11.910368
A0A1D8PQW4,237561,406235.0,12.013553,12.548883
Q59UP8,237561,801648.0,8.254596,9.491743
P56553,237561,,9.469188,12.274238
Q59W54,237561,801898.0,10.191409,11.565181
Q59UQ7,237561,802850.0,8.218906,9.503136
A0A1D8PPT8,237561,799919.0,10.292629,12.174355
Q5A119,237561,478141.0,13.2126465,11.753336
Q5AL36,237561,406577.0,13.876276,11.946615
Q5A784,237561,831290.0,9.926726,12.621284
Q5A9A9,237561,405065.0,12.76805,11.715584
A0A1D8PKL0,237561,792970.0,8.274997,11.8670025
A0A1D8PFN2,237561,404977.0,14.314425,12.007903
Q5ADX1,237561,808209.0,8.230181,9.516496
A0A1D8PJA8,237561,477543.0,11.0937805,14.5365505
A0A1D8PI71,237561,1029383.0,9.919298,12.6640625
P43075,237561,482807.0,10.1333475,12.187164
A0A1D8PU45,237561,405319.0,13.737238,12.34495
A0A1D8PGH7,237561,404824.0,13.672773,12.417061
Q5A201,237561,405556.0,14.234737,12.253819
A0A1D8PPK3,237561,803238.0,12.918845,12.376449
G1UB63,237561,401265.0,14.919836,11.993211
A0A1D8PNI6,237561,802395.0,11.648272,12.528103
A0A1D8PU48,237561,401780.0,14.585586,11.096125
A0A1D8PCC3,237561,482696.0,13.3499565,11.668639
Q5APF0,237561,801781.0,10.197368,11.257804
A0A1D8PUA3,237561,482098.0,8.888748,10.078806
A0A1D8PIM6,237561,404593.0,13.647323,12.099521
A0A1D8PDS4,237561,401093.0,12.600753,12.155036
Q5A2V2,237561,405587.0,13.282485,12.221854
A0A1D8PP58,237561,792950.0,12.267231,14.595187
P40953,237561,401956.0,11.211825,14.544508
Q59SJ1,237561,405194.0,11.01897,12.504001
Q5APH8,237561,406570.0,13.429513,12.075369
Q59QB8,237561,,12.337566,12.651496
Q5A5R5,237561,401425.0,14.3285885,11.750134
A0A1D8PIX3,237561,405187.0,12.228781,12.271245
A0A1D8PR98,237561,405947.0,13.22801,12.173164
Q5A044,237561,484586.0,11.75661,12.790137
P87207,237561,807099.0,12.013426,12.931011
Q5AFB9,237561,404639.0,11.915924,12.159481
Q5AND9,237561,1027819.0,2.4331162,8.380209
A0A1D8PM95,237561,401316.0,14.234586,12.193387
Q59PS6,237561,,10.66625,11.503046
Q5ALV9,237561,830826.0,10.77428,13.186487
Q59S06,237561,801712.0,11.3816185,12.329257
Q5AEJ0,237561,478532.0,7.9865303,9.344624
P31353,237561,,7.492803,11.729655
Q5A3Z5,237561,814862.0,12.19651,11.045483
A0A1D8PCV8,237561,404853.0,13.08646,11.781928
A0A1D8PPB0,237561,802421.0,9.080607,10.292588
A0A1D8PS11,237561,1027990.0,7.4302998,12.468888
Q5A318,237561,801468.0,8.769501,12.255558
A0A1D8PN84,237561,801764.0,8.470312,11.94327
A0A1D8PF20,237561,406622.0,14.326494,11.971952
Q5A4X3,237561,802380.0,10.561646,14.439636
Q59T80,237561,793051.0,12.233583,12.309526
Q5A3Y5,237561,805265.0,7.754321,13.468705
A0A1D8PJX3,237561,801629.0,7.9314194,13.644505
A0A1D8PJ62,237561,406514.0,13.91158,13.136196
A0A1D8PJ72,237561,406604.0,13.933874,12.928371
A0A1D8PIL5,237561,405332.0,14.011115,11.923951
Q5A2L1,237561,804866.0,10.277804,11.776609
O74189,237561,793056.0,8.828142,10.543499
A0A1D8PR99,237561,802127.0,9.779284,12.643934
A0A1D8PFE1,237561,803360.0,10.20647,11.862008
Q5ALV2,237561,482078.0,13.228161,10.531885
A0A1D8PG96,237561,,8.227474,11.156946
A0A1D8PP87,237561,405784.0,13.023471,11.603894
A0A1D8PEQ9,237561,802093.0,10.816981,11.924918
A0A1D8PQ08,237561,405630.0,15.828717,10.898784
A0A1D8PQH0,237561,801532.0,9.660946,10.765536
P83780,237561,1027788.0,7.462545,12.072287
A0A1D8PEG3,237561,405028.0,11.9766865,12.826214
Q59UY6,237561,824091.0,10.926774,14.335693
A0A1D8PLL5,237561,405899.0,13.864169,13.121346
A0A1D8PH81,237561,405688.0,13.615585,12.805316
A0A1D8PSD7,237561,832137.0,9.472192,12.412051
Q59PZ1,237561,1027281.0,7.9588413,15.850514
A0A1D8PF14,237561,405033.0,12.058729,12.089715
A0A1D8PPI5,237561,802603.0,7.9673805,9.3215685
Q5A753,237561,405510.0,14.057174,11.528161
P0CY19,237561,1027694.0,7.704189,12.312295
P86029,237561,1036050.0,8.600254,12.577492
Q5A389,237561,1027387.0,8.917652,13.711471
A0A1D8PHL8,237561,820468.0,8.145753,13.242466
A0A1D8PFU6,237561,793045.0,11.887274,12.074309
Q5AA40,237561,482066.0,9.393355,10.369624
Q59PA6,237561,404983.0,14.132222,11.878224
Q5ACU3,237561,405806.0,8.749338,10.458125
A0A1D8PIW0,237561,402225.0,13.973349,11.681916
A0A1D8PPL1,237561,801722.0,12.213969,12.153176
Q9UW21,237561,,10.691268,12.414233
Q5AB97,237561,805770.0,10.861108,12.407513
A0A1D8PE63,237561,802376.0,13.300348,12.297213
A0A1D8PMC4,237561,405464.0,14.204498,11.589706
A0A1D8PG16,237561,802246.0,9.007004,13.549124
A0A1D8PCD3,237561,482085.0,10.300633,12.881981
Q59VG6,237561,792981.0,8.990098,10.61792
A0A1D8PI35,237561,,13.287877,13.838935
A0A1D8PE85,237561,831994.0,12.598518,11.761077
A0A1D8PNL1,237561,,14.26301,12.069525
Q59PF0,237561,,8.90538,10.333923
P0CY31,237561,801484.0,5.7246175,18.729568
Q5A888,237561,477502.0,8.821524,11.776045
A0A1D8PJQ4,237561,476989.0,7.7826166,9.255465
A0A1D8PQ06,237561,801773.0,8.668628,12.0750065
Q59RL7,237561,405549.0,13.618461,12.134178
A0A1D8PFL9,237561,802522.0,9.195256,14.009036
A0A1D8PCQ5,237561,1027269.0,9.167813,14.035673
Q5A8L5,237561,405514.0,13.008293,12.627969
A0A1D8PDC6,237561,,7.6785884,12.451988
A0A1D8PNV9,237561,802253.0,8.886466,10.327395
G1UB61,237561,793108.0,10.535762,11.427132
P34948,237561,,7.8189354,12.107984
Q5ABD2,237561,404851.0,13.707243,12.3599615
A0A1D8PU84,237561,801986.0,10.423099,12.237236
Q5A5B4,237561,406023.0,13.254356,11.685723
Q59VQ3,237561,802490.0,10.941668,12.317391
Q5A6N7,237561,802873.0,10.236406,11.433711
Q92410,237561,804664.0,8.10998,11.880208
A0A1D8PFU3,237561,405392.0,12.416533,12.315084
Q59S57,237561,405336.0,12.43066,12.739858
A0A1D8PIP3,237561,477841.0,14.134002,12.366404
Q5AP71,237561,792940.0,11.278946,10.55709
A0A1D8PJN3,237561,801999.0,8.657967,10.00688
Q59M30,237561,831297.0,10.769457,13.17592
A0A1D8PSA6,237561,802064.0,9.053404,11.708917
Q5AJ71,237561,804864.0,11.214657,12.343239
Q5A876,237561,405139.0,13.713514,12.285562
A0A1D8PH51,237561,,12.002379,12.908307
A0A1D8PDH1,237561,802603.0,7.9641824,9.348768
A0A1D8PTY4,237561,793222.0,10.971652,11.796917
Q59WF8,237561,405054.0,13.153051,12.0725975
P82611,237561,803384.0,7.6783834,11.226705
Q8TG40,237561,1029822.0,10.685087,12.001542
Q5AJC2,237561,802077.0,9.995208,11.968105
Q5AHB8,237561,831960.0,13.179339,11.43512
Q9C0L9,237561,802684.0,12.245467,11.872526
A0A1D8PDR1,237561,405293.0,13.132767,12.909839
Q5A343,237561,404930.0,11.396551,14.624727
A0A1D8PFR4,237561,1027835.0,-4.6711216,9.3706665
Q59UE8,237561,801979.0,11.981727,13.726508
Q5ACV4,237561,477531.0,12.610174,11.984952
Q5ADM4,237561,401728.0,14.318431,11.924507
A0A1D8PKI5,237561,478703.0,8.396227,10.274923
A0A1D8PSV5,237561,1027267.0,8.787157,13.97546
A0A1D8PHU1,237561,792940.0,11.229029,10.557966
Q9UWF6,237561,794378.0,10.942991,14.250512
G1UB37,237561,478443.0,7.773244,9.238591
Q5A4L1,237561,405127.0,12.775741,12.294526
Q5AKU2,237561,402012.0,14.0123005,11.362804
Q59UY8,237561,1027293.0,7.403553,12.808215
Q59VW7,237561,405202.0,11.079788,12.81698
A0A1D8PIB5,237561,404915.0,12.849564,12.507895
Q5ADN2,237561,805380.0,9.490357,12.293178
A0A1D8PH27,237561,404816.0,8.819026,9.982569
Q59NQ5,237561,802214.0,7.67924,11.668905
A0A1D8PJ45,237561,404671.0,9.098155,10.187764
Q5AAV6,237561,404644.0,13.752219,12.32905
Q5AME8,237561,476996.0,12.950931,12.880583
A0A1D8PLU8,237561,801468.0,12.762267,11.89929
Q59MA6,237561,401580.0,12.215538,12.594665
A0A1D8PUA1,237561,482051.0,8.664426,12.133693
Q5AGZ8,237561,1033143.0,8.229531,12.273979
Q5A1Q0,237561,1033150.0,8.238174,12.098246
O43133,237561,1027305.0,10.110278,10.941703
A0A1D8PKQ8,237561,406058.0,13.701724,12.412183
A0A1D8PCT5,237561,401722.0,12.556396,12.497573
Q5A786,237561,802027.0,9.696589,11.463378
A0A1D8PRQ6,237561,482068.0,13.202582,11.983061
A0A1D8PPQ3,237561,406058.0,13.716808,12.352507
Q59TA5,237561,478529.0,9.193497,10.297088
Q5ANJ4,237561,405875.0,13.820254,11.9237795
A0A1D8PPI1,237561,406215.0,13.429728,12.131752
A0A1D8PFE4,237561,1027293.0,7.3995786,12.864741
A0A1D8PPC9,237561,801642.0,10.711575,14.482984
A0A1D8PG50,237561,405248.0,10.897623,13.25177
Q59QH2,237561,801762.0,7.328191,11.835537
Q5A4E3,237561,,11.988914,12.935016
Q59TS6,237561,402009.0,14.294349,11.699734
A0A1D8PP44,237561,407024.0,14.178353,12.106173
A0A1D8PNH4,237561,404656.0,9.583215,12.278708
Q5AD13,237561,406472.0,14.15383,11.854761
Q7JAJ0,39947,805168.0,15.18885,10.633681
Q5KQG3,39947,198519.0,14.89409,6.9584394
P12189,39947,,15.425162,11.441308
P0DKG9,39947,1029390.0,8.4579115,9.142762
Q6Z8P4,39947,314020.0,13.991592,7.1954865
Q2QX40,39947,,15.083054,7.0607257
Q7XQ85,39947,802516.0,8.667755,10.734149
Q8LII5,39947,297505.0,14.603887,6.830793
P53682,39947,801468.0,11.3031845,10.60938
Q53Q70,39947,293343.0,14.583648,7.4674516
Q0JBH9,39947,315627.0,10.60537,9.901643
Q6IVC3,39947,314367.0,14.537857,7.4921412
Q2F947,39947,278813.0,9.071468,13.904195
Q6Z3Y6,39947,214897.0,14.626711,7.0988836
Q5JLP4,39947,277892.0,9.810442,12.118175
Q10PE7,39947,1027831.0,7.52746,11.805958
W0RYD3,39947,321122.0,12.901819,9.833987
Q35964,39947,,17.889578,9.961649
Q10SX6,39947,803382.0,9.559646,9.292216
P0C2Y7,39947,,4.5593395,12.519228
Q0J9Y2,39947,801468.0,9.707639,8.412697
Q6ZBF6,39947,307868.0,13.250259,10.810908
Q5ZEF1,39947,220644.0,15.132002,7.031227
Q5VN06,39947,314978.0,11.616267,8.776594
P0C524,39947,,3.6605892,12.506134
Q5N802,39947,293818.0,15.219304,7.3330812
Q6L589,39947,,15.206408,7.097222
O04138,39947,815385.0,11.092396,7.792139
Q01859,39947,1029317.0,8.231432,13.3331785
Q75J39,39947,315501.0,14.031609,6.647181
Q8HCQ1,39947,,17.887962,9.979524
Q704V3,39947,198857.0,14.910993,7.35115
Q7X6L2,39947,217725.0,15.1737585,7.1055937
Q6K9A2,39947,802524.0,8.591837,11.304689
Q7XC51,39947,212663.0,14.881056,7.5107718
Q7XR02,39947,294052.0,15.033955,6.9269805
Q35302,39947,,17.846607,9.988646
Q6AVI0,39947,280621.0,14.44035,6.90333
Q2QY10,39947,314835.0,12.968014,10.573202
Q6ETM0,39947,293687.0,14.912308,6.950301
Q0D3I7,39947,278074.0,15.045968,7.011833
Q0D9V6,39947,1027557.0,9.733724,11.706402
Q8VWH2,39947,810152.0,11.36363,7.571208
A0A0P0V5U9,39947,801948.0,8.663664,10.913393
Q850M0,39947,807755.0,10.380613,9.07633
P0C410,39947,308805.0,17.961384,9.90795
Q9FWQ2,39947,808969.0,10.430136,11.558543
Q9ASJ3,39947,212242.0,15.236044,7.1665864
Q8H8C6,39947,312625.0,12.090623,8.98091
Q0DRX6,39947,314390.0,14.727825,7.8151913
Q84ST4,39947,1033431.0,9.451319,11.81979
Q9SXJ8,39947,801801.0,8.431561,9.498018
Q6ZD89,39947,314912.0,8.470066,10.751392
Q67UF5,39947,801700.0,9.693293,12.618342
Q10PQ9,39947,220670.0,14.82019,7.4997597
Q8GSQ1,39947,802109.0,6.846123,9.816556
Q0D3B6,39947,314018.0,15.145219,9.356105
Q5W6D6,39947,215352.0,15.247836,7.449629
Q0E342,39947,,15.290413,7.4351416
Q0JL44,39947,309324.0,9.922221,9.720233
P31924,39947,1035465.0,15.036575,11.138892
Q0DAJ3,39947,278391.0,15.229728,7.506043
Q10QW3,39947,215172.0,15.057959,6.988797
Q9AV71,39947,318993.0,11.533546,11.561296
P0C337,39947,,8.186532,12.985776
Q7F4G5,39947,277779.0,15.199142,7.2373295
Q5Z5F2,39947,212059.0,15.208452,7.4440284
Q8LMR2,39947,0.0,11.129148,9.76245
Q6H434,39947,212901.0,14.625489,7.499987
Q8H8V7,39947,801531.0,10.044694,8.999017
P62727,39947,,9.210545,13.9791765
Q35308,39947,,17.936571,9.9360895
Q0JCT1,39947,802280.0,0.34995642,6.8735337
A0A5S6RB44,39947,280899.0,15.051525,9.945112
Q6EPZ0,39947,213336.0,15.266895,7.4900675
Q6Q9I2,39947,,14.625301,6.8150115
Q7X8B5,39947,801514.0,8.389264,9.921613
Q2TQ34,39947,212404.0,15.187668,7.3363004
Q0J9J6,39947,210894.0,13.094941,9.569359
C0LT23,39947,827739.0,10.337829,8.884177
P0C494,39947,,8.497354,13.516437
P12192,39947,,15.659614,11.411157
Q8HCN2,39947,,14.843081,10.847724
Q10R47,39947,278547.0,14.695585,6.641462
P0C446,39947,805739.0,9.140179,14.035382
Q0ILJ3,39947,1027292.0,8.546315,9.126659
Q10QA5,39947,828703.0,8.95037,11.368005
Q69JW3,39947,802886.0,8.323904,9.286948
Q10Q07,39947,213303.0,15.031616,7.289063
Q6ZJU3,39947,292939.0,15.0022955,7.2007284
Q2F912,39947,,3.6381228,12.489384
P27777,39947,319299.0,13.820352,7.4249587
Q84R79,39947,,15.039137,6.928665
Q6ES51,39947,292939.0,15.0641165,7.186197
Q8LIN5,39947,807755.0,10.596303,8.970828
P37398,39947,293088.0,15.187282,7.1759863
Q42993,39947,314237.0,11.033294,7.8479204
Q2F940,39947,,11.310185,9.078832
P12212,39947,,11.048776,8.883661
Q0JAS4,39947,294243.0,14.600579,6.819691
Q6I583,39947,801800.0,14.502896,14.258196
P0C328,39947,,3.8441565,12.283395
C5MRJ8,39947,,8.133321,12.984793
Q6ZBI4,39947,215696.0,15.009108,6.877947
P0C506,39947,,14.600742,11.305075
Q6L4Y3,39947,296076.0,14.814296,6.4876213
Q0JA75,39947,801597.0,7.214643,11.416175
Q8H7N9,39947,215169.0,15.20174,7.6343136
Q2F8Y5,39947,,3.6360605,12.4973345
Q9SSX0,39947,802052.0,5.6214113,18.834064
Q35319,39947,,16.132872,10.844196
Q0DJ33,39947,807520.0,3.9026468,9.256126
Q6EPG8,39947,212087.0,8.460781,10.710227
Q10A77,39947,292911.0,11.009938,9.520703
Q8HCR5,39947,,14.268565,11.320384
Q9SB03,39947,,17.681087,10.080557
Q9TGM0,39947,,10.373279,12.872756
Q6K9C3,39947,801468.0,13.036767,10.756426
Q2F909,39947,,17.87517,10.01836
Q657A4,39947,,15.057628,7.058446
Q75GY0,39947,,14.981853,7.047142
Q6ASY2,39947,215107.0,14.597145,7.192983
Q35312,39947,,17.910416,9.946754
Q7Y0F6,39947,,14.743722,7.000085
Q5N8Q4,39947,803622.0,10.846208,11.640357
Q7FAD5,39947,320015.0,12.771718,9.764841
Q6Z058,39947,801582.0,8.191042,11.073415
Q5VS45,39947,221096.0,11.0046215,13.1647
Q7XVN7,39947,818640.0,10.848833,12.101277
Q9FXT4,39947,802346.0,10.795524,7.9285746
Q84LM2,39947,805657.0,11.230774,7.738878
O21799,39947,,10.815283,12.495918
P92683,39947,,11.282855,9.489769
Q851R2,39947,809042.0,11.127995,11.280353
B9F4Q9,39947,292965.0,14.471249,7.9676795
Q10PC5,39947,297971.0,14.856772,7.2743225
Q0DUR2,39947,297288.0,14.686264,6.6296015
Q9FNU2,39947,801531.0,8.300782,10.107637
Q2F8W6,39947,,8.628933,8.524975
Q8S0C6,39947,215396.0,15.141659,6.9701266
Q2R1U8,39947,294185.0,12.537148,9.535501
Q60EM5,39947,,14.494249,9.3937235
Q7XX84,39947,297275.0,10.4066,11.521128
Q7F8T6,39947,805481.0,8.62844,11.817193
Q8S7M7,39947,314020.0,13.991832,7.109702
Q2R480,39947,803281.0,7.8373847,12.074367
Q0DY81,39947,285239.0,12.964457,9.703152
Q10MQ0,39947,314507.0,11.82119,12.651986
Q6K762,39947,212704.0,14.599477,7.3723407
Q8RZV7,39947,801468.0,14.039297,6.490409
Q7XR46,39947,802949.0,9.222148,11.900847
P0C512,39947,1027333.0,8.021886,13.263052
Q84JI0,39947,277576.0,14.532387,6.367247
Q8HCP3,39947,,17.934057,9.928292
Q7XKU5,39947,294466.0,14.78016,6.4074173
Q9LWN0,39947,801468.0,13.0288515,13.881431
P0C440,39947,,9.158491,14.034978
Q6ETN3,39947,802569.0,7.9245195,11.775037
Q8LN68,39947,214863.0,15.257912,7.3239603
Q6ZHS4,39947,801597.0,7.139146,11.413601
Q6K431,39947,315796.0,11.739985,9.739575
P0C500,39947,,8.242229,13.217547
Q65XV7,39947,802535.0,12.838508,10.285298
Q6YYG9,39947,,14.998402,6.942913
Q10P60,39947,316987.0,13.9717455,7.362544
Q7EZ57,39947,211989.0,14.803034,7.0412908
Q9LG97,39947,221456.0,15.28484,7.2470703
Q6ASW7,39947,215897.0,13.471886,9.263105
Q8HCQ9,39947,,14.052344,11.769041
Q5N8J1,39947,805099.0,8.538358,9.7488785
Q7XBS0,39947,804896.0,8.215721,9.348082
P0C2Z6,39947,,7.804729,13.311492
A9UGV7,39947,218055.0,14.594624,7.205317
Q8H8C7,39947,297609.0,14.116562,6.833897
Q7X993,39947,314367.0,14.520086,7.4390054
Q9LSU3,39947,805190.0,7.9597235,15.853196
Q6K209,39947,303533.0,13.950754,6.8681626
Q10PI9,39947,311306.0,14.446686,6.976112
Q69WX7,39947,,14.939428,7.5797653
Q2R3B4,39947,814832.0,8.816555,11.020766
Q69PA8,39947,806921.0,9.713576,10.534061
P92813,39947,,17.783249,10.030404
Q6K9X3,39947,297622.0,8.477746,10.826945
Q6Z8D0,39947,802933.0,8.512099,9.1544285
Q9FDX8,39947,276881.0,15.154836,7.2761908
E5RQA1,39947,220667.0,15.254812,7.2019806
Q5JKX0,39947,,13.111392,9.909999
Q8LQM5,39947,814832.0,8.775312,11.021794
Q0JF01,39947,220358.0,6.9122796,9.887063
Q8L7J2,39947,807509.0,10.752183,7.7304745
P29618,39947,,13.240418,14.351742
P12186,39947,,8.57077,10.583262
Q7Y1H8,39947,211888.0,14.988116,7.084078
Q66VB0,39947,,10.735338,9.414711
Q8HCM3,39947,,3.838843,12.406252
Q6L5E5,39947,214311.0,15.304044,7.2037354
Q7X7S8,39947,805842.0,9.3345585,10.335771
Q53NF7,39947,212885.0,15.152772,7.1508694
Q6ATB2,39947,321899.0,9.994054,11.5257635
Q08480,39947,1027419.0,8.107293,11.4661455
D0TZF0,39947,1028947.0,8.82545,11.18737
Q6EN45,39947,1034174.0,14.373246,6.43092
Q2QXL0,39947,293343.0,14.689001,7.3979692
Q5W726,39947,,14.773124,6.4284673
Q84T68,39947,801926.0,8.362611,12.433669
Q5Z5B7,39947,1028531.0,9.51391,8.501231
Q0DBF4,39947,314190.0,6.908075,9.874764
Q943E6,39947,319299.0,13.8278675,7.421317
Q5ZEG0,39947,222109.0,11.105336,9.572723
Q10RX7,39947,801531.0,8.274684,10.077164
Q6Z7U5,39947,,14.590971,6.890922
Q7XHZ0,39947,278652.0,15.135505,7.3484383
Q03200,39947,277141.0,15.649793,10.615173
P0C509,39947,,14.757725,11.156328
Q9FTQ1,39947,296065.0,15.029001,6.7622743
P0C443,39947,307788.0,9.207688,13.997968
Q7XUW5,39947,277300.0,14.166513,7.2927556
P12151,39947,,9.035575,13.904479
Q5JK84,39947,801468.0,9.795531,11.232212
Q7XUS2,39947,1027443.0,8.473916,11.777724
C7IW64,39947,,14.360617,8.251303
B1Q3J6,39947,830778.0,11.783347,9.797349
A2CIR7,39947,316003.0,11.705526,8.921905
Q6ER94,39947,1028804.0,8.509602,11.774472
Q764B9,39947,1027443.0,8.441526,11.758931
B4XT64,39947,319666.0,11.083065,8.993584
Q5VRS4,39947,,15.173183,7.3244348
Q10F03,39947,297638.0,14.904434,7.2622967
Q7XHR2,39947,297719.0,12.430398,10.036432
Q0DGP6,39947,802034.0,10.302972,10.446783
Q67U21,39947,316454.0,14.894048,7.588286
Q9LI00,39947,803281.0,7.807141,11.897225
Q94DG6,39947,802366.0,8.873203,9.959877
Q35320,39947,,17.880972,9.957121
P0C319,39947,,3.6507385,12.487079
Q6K7V4,39947,212575.0,15.274076,7.1962533
Q6ZLB0,39947,291359.0,15.124268,7.299643
F2VYU4,39947,404707.0,14.343817,6.8435535
P04373,39947,,3.8994856,12.058766
Q6ZBH6,39947,220636.0,15.243461,7.417754
Q6ESJ0,39947,801892.0,8.310174,10.768166
Q69XJ4,39947,807680.0,11.317552,9.606456
Q10MC0,39947,320199.0,11.469935,10.119873
O04226,39947,804879.0,7.455967,11.143045
Q7XZF8,39947,278250.0,15.039672,6.7648344
Q5QN75,39947,801468.0,11.190779,10.466024
Q69SP5,39947,801468.0,14.064112,6.471039
Q2F946,39947,,7.8240023,11.704877
Q6K9T0,39947,806054.0,10.015277,9.74083
Q10LR1,39947,297505.0,14.597854,6.818837
Q75RY2,39947,214268.0,14.64345,10.23505
Q9SNN0,39947,1028160.0,8.990778,11.472931
P49030,39947,805070.0,15.727889,11.113804
Q6H4G3,39947,1027635.0,8.491423,12.848686
Q7X7H4,39947,277954.0,12.533788,9.983662
Q2F914,39947,,4.061155,12.236255
Q67UU9,39947,198718.0,14.228742,10.810305
Q6Z7V2,39947,296347.0,13.952557,7.3756943
Q6EPZ2,39947,212922.0,15.224437,7.5158305
Q6ERE5,39947,802695.0,7.571214,11.35554
B8YEK4,39947,197920.0,14.156203,6.745558
Q0D4T4,39947,211965.0,14.600824,6.826204
Q67W82,39947,802569.0,8.09618,11.491713
Q75H77,39947,801468.0,8.951518,7.543363
P0C386,39947,,9.547725,9.019539
Q7Y0B9,39947,801468.0,8.948835,7.544599
Q6ZI50,39947,314831.0,11.344577,12.605825
Q2R0K3,39947,292958.0,14.800675,6.395985
Q6YUL8,39947,801468.0,12.473498,10.538114
Q7XSN8,39947,804963.0,7.347874,12.042429
Q94HA7,39947,214848.0,15.226517,7.1066823
Q7XPS7,39947,293966.0,14.698786,6.8886366
Q0JIC2,39947,293314.0,14.529308,9.230025
Q7XSK0,39947,278881.0,10.741744,7.7136855
Q69V10,39947,293920.0,14.871975,7.64023
Q75IP6,39947,802892.0,11.054894,12.03748
Q6ZFZ4,39947,319459.0,15.395128,10.49573
Q5CCK3,39947,802109.0,6.7923126,9.762642
Q60EX6,39947,820693.0,10.925093,11.068135
Q7XKV4,39947,807509.0,10.729454,7.7279377
A1A698,39947,308863.0,10.100869,11.503355
Q336V8,39947,199907.0,15.112181,6.9571857
Q6YW48,39947,212562.0,15.275577,7.430012
Q6YX89,39947,811530.0,8.889265,11.249374
Q7F1K9,39947,1033966.0,9.939405,12.494342
Q9XG81,39947,317346.0,11.233536,7.778969
Q69V64,39947,,10.609685,9.232665
Q6K7V6,39947,807782.0,10.982363,10.036378
Q8HCN3,39947,990776.0,3.6649103,12.491497
A0A0P0VG31,39947,801468.0,10.528894,11.319512
Q5Z807,39947,317322.0,13.298434,10.467092
P0C413,39947,,15.354574,11.479254
P0C422,39947,,15.769222,11.342427
Q6Z0E2,39947,802990.0,8.581393,9.647359
Q0D4Z6,39947,814832.0,8.767575,11.051975
P14578,39947,,3.1198366,12.854144
Q6H3Y7,39947,803076.0,7.190259,12.502524
Q5JNJ5,39947,278274.0,14.556981,7.115603
Q84Z02,39947,,15.215718,7.449966
Q69P88,39947,222522.0,14.750549,7.261048
Q5VQG4,39947,810434.0,8.857649,11.258064
Q06967,39947,802070.0,3.9336221,7.4282618
Q5JNS0,39947,215271.0,15.097694,6.8481765
Q9XGP7,39947,805481.0,8.616218,11.985013
Q69XJ0,39947,807703.0,14.798281,7.0336976
Q5CD17,39947,198909.0,15.087452,7.45941
Q84TB5,39947,211878.0,15.189392,7.3418446
P0C361,39947,1033398.0,9.455888,8.637713
Q08479,39947,1027419.0,8.128009,11.399163
Q7XXN4,39947,311083.0,14.76275,6.405833
A0A0P0XP10,39947,222294.0,15.113553,6.861995
Q0J995,39947,213097.0,15.250397,7.328224
Q84UB1,39947,,14.424939,6.846842
Q7JAI6,39947,,3.1219435,12.85546
Q6K8D9,39947,802171.0,13.492303,11.169388
Q9LWU9,39947,222103.0,14.857076,7.1036587
Q7EZR4,39947,802109.0,6.8876133,9.857864
Q9AQU1,39947,,9.1541,8.3895235
P49027,39947,804561.0,9.84129,10.510042
Q7XQR9,39947,802930.0,9.991421,9.58862
Q75KP4,39947,220242.0,14.970895,7.4604225
Q10Q08,39947,802535.0,9.84846,11.644709
Q6ETQ5,39947,288299.0,15.090338,7.052222
Q10GQ6,39947,,15.015076,7.403724
Q0JNL3,39947,314367.0,14.527728,7.5438
Q2RAK2,39947,1027422.0,8.740729,8.610994
B9FKP6,39947,277382.0,14.551303,7.165794
Q69P94,39947,277871.0,15.101967,7.050064
Q6K8Y4,39947,,15.311328,7.2109027
P29835,39947,215320.0,14.659126,7.530043
Q9LRB7,39947,198220.0,15.261764,7.2761154
Q0DKN3,39947,802055.0,10.864016,10.537505
Q5ZAJ0,39947,1035862.0,9.52251,9.4000025
Q7Y0W5,39947,214372.0,14.557825,7.1533914
Q9ST27,39947,320525.0,11.161716,10.359022
P15280,39947,320429.0,8.696375,11.57371
Q94LR3,39947,,14.803293,7.6285543
Q6L4R7,39947,298287.0,14.547421,6.3925757
P69674,39947,,15.381953,11.4405365
Q75I93,39947,807509.0,10.761025,7.740854
Q5VP70,39947,317850.0,9.706392,9.391016
Q37066,39947,,15.781583,11.32753
Q8HCR3,39947,,3.961883,12.262138
Q75IR0,39947,215368.0,15.065137,6.7709846
Q6L5H6,39947,212327.0,14.565753,6.382778
P0C407,39947,,15.380897,11.460971
Q84ZA1,39947,220779.0,15.282287,7.443035
P17070,39947,1027287.0,9.327852,10.611773
P0C519,39947,,8.518272,8.610806
Q689G9,39947,317082.0,14.817863,7.687656
Q75WU1,39947,308126.0,14.472591,7.3727503
Q8HCR0,39947,,14.028328,6.603714
Q2F943,39947,,8.1410265,7.325788
Q5W6R4,39947,0.0,15.673796,9.395697
Q8HCP7,39947,,4.0127993,12.295137
A0A0P0WQ90,39947,216128.0,15.295917,7.205873
Q0DY72,39947,214265.0,14.643943,7.0248723
Q6EU39,39947,294243.0,14.608333,6.8095217
Q84QK0,39947,802848.0,7.7630157,12.196662
Q0JL46,39947,803723.0,11.056765,7.7844715
Q7X7H9,39947,0.0,9.8725395,11.741411
Q10CQ1,39947,276871.0,14.582377,6.8359456
Q0IQN6,39947,0.0,14.648703,7.795947
Q5VRR0,39947,220479.0,14.961736,7.0104456
Q75GI1,39947,278245.0,15.070121,6.952884
Q8S7T9,39947,805963.0,10.158581,9.595879
Q6YTW6,39947,319079.0,11.929279,10.865832
Q69T21,39947,198183.0,14.57398,7.5446115
Q0JCU7,39947,319829.0,10.674156,9.54717
Q0D840,39947,276834.0,9.431674,12.689394
P17654,39947,806346.0,6.8913503,12.858134
Q5NB28,39947,292371.0,15.224172,7.236438
Q5SMM8,39947,221291.0,14.786311,6.395239
Q6ZKC0,39947,802070.0,3.931665,7.4272084
Q69VR7,39947,801521.0,8.617845,10.019716
Q652L6,39947,805911.0,7.6783447,11.676162
P27933,39947,806346.0,6.9136095,12.807735
Q6Z339,39947,212770.0,14.984502,7.758956
Q6AT90,39947,218431.0,15.2918,7.2041492
Q69VD5,39947,,11.082661,11.242968
Q7XUN2,39947,294243.0,14.598067,6.822982
Q2QXE3,39947,277064.0,14.76663,7.41085
Q65XK7,39947,277861.0,14.594141,6.416838
Q6ETL8,39947,806921.0,9.833153,10.521538
Q35310,39947,,17.931381,9.930859
Q8W3L9,39947,220433.0,15.035609,7.052715
P41344,39947,,7.8937836,11.540472
Q0JEE2,39947,220057.0,15.252219,7.5024734
Q9AV81,39947,801468.0,9.796664,10.504133
Q943Q3,39947,806665.0,13.860419,7.4089484
Q8LNC7,39947,278547.0,14.680521,6.653272
O23875,39947,197581.0,15.313523,7.324269
Q6Z808,39947,802052.0,5.566919,18.886633
Q657D1,39947,215394.0,15.336863,7.237188
Q6Z1Y6,39947,316006.0,9.481252,11.676776
Q5Z5R4,39947,314190.0,6.92312,9.898458
Q35315,39947,,17.903744,9.95179
Q35309,39947,,17.939117,9.930648
A3BMZ5,39947,,10.794076,7.724542
Q6Z4G3,39947,1027754.0,8.973481,8.5012045
A3AZ88,39947,220349.0,12.018262,11.060878
Q53P49,39947,814832.0,8.748823,11.017265
Q6ZLA7,39947,,8.757829,11.108477
Q6EPW7,39947,807992.0,11.300063,11.063068
Q5N942,39947,,8.926651,7.5625324
Q7XU29,39947,808567.0,10.479966,9.802986
Q0JMB2,39947,280621.0,14.383093,6.9381766
P12180,39947,,4.212193,12.3310795
Q53P85,39947,801468.0,11.300884,10.53577
Q67V61,39947,214808.0,14.738529,7.149946
Q0IMG9,39947,317864.0,14.368293,6.8252473
A0A0P0WF46,39947,216078.0,14.901681,7.6143727
Q6F4F5,39947,297642.0,6.797066,9.770106
Q5Z8S0,39947,293049.0,14.789799,6.407106
Q75KV9,39947,214853.0,15.093005,6.874876
Q0E0W7,39947,293766.0,15.202638,7.172074
Q6ZJK7,39947,805243.0,8.51885,11.464851
Q0J705,39947,801977.0,8.475434,11.681989
Q5ZC82,39947,1027986.0,8.564275,11.594211
C0SQ89,39947,279920.0,11.695453,11.383691
Q6Z6D6,39947,802109.0,6.7814956,9.747921
Q7XT97,39947,213002.0,8.494207,10.714803
Q10ER2,39947,,15.189899,7.2879043
Q10AZ7,39947,319813.0,10.713268,9.388919
P0C454,39947,,16.443922,10.936731
Q6ZJC8,39947,215675.0,15.055988,6.7114573
Q6ZBQ2,39947,221688.0,15.156973,7.257508
Q6YUX0,39947,278547.0,14.680017,6.6632347
Q7XTB2,39947,820821.0,14.60607,7.07686
Q6YY75,39947,277620.0,11.924448,9.67832
Q84Q72,39947,319299.0,13.798786,7.4355373
Q2QMM0,39947,,15.297735,7.1989245
Q0E3C8,39947,802176.0,9.410704,11.859897
Q8LQ68,39947,805279.0,8.564585,11.547699
Q0D3C8,39947,277382.0,14.78399,7.119588
Q5ZAY9,39947,314054.0,6.9981127,13.834834
A6BLW4,39947,222323.0,13.4160185,9.880619
Q8H443,39947,212120.0,15.181295,7.377139
Q7X7E6,39947,202069.0,14.735408,7.3931727
Q6YVX7,39947,212717.0,14.880135,6.9735665
Q35305,39947,,17.84934,9.980457
Q70G58,39947,1027455.0,8.215562,11.6159
P0C370,39947,1033376.0,15.73888,11.339938
Q0JM17,39947,801468.0,9.81389,11.248245
Q01881,39947,209574.0,14.736478,7.3431077
Q5VRH9,39947,314776.0,14.202701,6.7497544
Q0D5R3,39947,211981.0,14.087267,6.573233
Q35316,39947,,15.187276,10.509527
Q6ZH94,39947,293114.0,14.096544,6.7831364
Q84LH4,39947,,14.898738,7.6744556
Q8H3I4,39947,1028583.0,7.407416,12.419651
Q7DNA1,39947,314237.0,11.128614,7.8476496
Q35318,39947,,17.938326,9.927211
Q35961,39947,,17.946033,9.921521
Q0DEV5,39947,805850.0,8.505845,11.869206
Q5SMQ0,39947,222608.0,14.797087,6.3977404
Q84LK3,39947,801556.0,6.904676,12.010587
P0C358,39947,,8.087079,13.625983
Q6ZKM2,39947,804940.0,10.268025,10.049222
Q6Z232,39947,197855.0,14.655623,7.122449
Q688R1,39947,802315.0,9.005752,9.048377
Q8LIL0,39947,814682.0,8.751364,11.082517
Q6AT88,39947,,14.3580265,6.8389416
Q0JKD0,39947,809525.0,7.86156,13.591346
Q6L4L4,39947,297647.0,14.380251,8.21908
Q6ZFJ3,39947,,7.941823,11.63527
Q9FTY0,39947,197825.0,15.1771965,7.2780466
Q8GZV6,39947,,14.882877,7.3099637
Q6YZ52,39947,801468.0,12.500659,10.767061
Q6Z4U4,39947,319393.0,14.071503,6.516836
Q2HWH1,39947,806054.0,10.079072,9.733048
P0C389,39947,,10.224333,9.061278
Q2QML8,39947,,15.30662,7.2067895
Q5QMG3,39947,277364.0,12.724552,10.736449
Q10I20,39947,276764.0,13.929219,6.7900224
Q6QHD1,39947,,15.195845,7.4768014
Q69MD0,39947,,15.002417,6.6998415
B7F8P5,39947,294231.0,14.566617,6.9424286
Q5Z610,39947,292823.0,15.013771,6.911359
Q35306,39947,,17.755402,10.02974
I7HHE1,39947,804951.0,8.9317875,10.397484
Q75H21,39947,,15.340341,7.1825895
Q53WK1,39947,320713.0,10.145782,11.718626
P42862,39947,1027788.0,7.5923276,12.117243
Q6Z7E7,39947,212719.0,15.3129425,7.2043147
Q7XIT1,39947,212002.0,11.985461,9.52037
P12123,39947,,8.230553,7.4605603
Q0JFZ0,39947,221143.0,14.682987,6.8345914
P17784,39947,1028525.0,8.183591,12.623032
Q8HCM2,39947,1036228.0,15.9526205,10.463105
Q0D9S3,39947,803485.0,8.869998,10.00008
Q5K4R0,39947,277414.0,14.573955,6.851556
G9LZD7,39947,276795.0,14.06288,6.5040727
Q6YV88,39947,212638.0,6.8977523,9.867099
Q942A1,39947,212532.0,14.780099,6.8964357
Q8HCR2,39947,278813.0,9.052446,13.921923
B9FJ61,39947,803173.0,8.723748,10.264805
Q6ET36,39947,277005.0,14.051535,6.7756653
Q762B4,39947,307868.0,13.339709,10.698727
Q8GRJ1,39947,,15.312276,7.2369223
P02789,9031,827731.0,10.841822,7.489261
P51901,9031,0.0,8.493893,14.9859495
Q90933,9031,,11.216311,6.8965726
Q5ZJ34,9031,752816.0,10.393156,6.75916
Q66T03,9031,736814.0,15.895513,10.660945
C8CLK2,9031,736814.0,12.682158,6.7459526
P35331,9031,0.0,10.939597,6.5250354
E1BY93,9031,736531.0,16.034468,10.740158
F1NV99,9031,,10.892041,7.622054
P08125,9031,0.0,15.63012,14.148042
Q90748,9031,801816.0,10.025579,9.882315
C3U1W4,9031,778608.0,12.689982,8.475515
O42284,9031,,10.465705,9.419122
Q7T0L4,9031,748896.0,11.554917,8.389281
Q7T2X8,9031,754183.0,11.306241,8.766599
Q90763,9031,758622.0,17.964334,10.955924
Q90670,9031,778499.0,9.92486,7.533824
A0A1D5NXF3,9031,748987.0,14.220237,9.124426
Q9I8E0,9031,710162.0,11.968732,6.6191382
P31395,9031,762804.0,9.397643,8.059468
P47990,9031,802606.0,8.212041,11.992195
F1NGG4,9031,0.0,8.120599,7.3324237
G5EI88,9031,0.0,17.886415,13.300599
Q9IAX2,9031,754519.0,11.539289,11.59897
P53352,9031,747178.0,13.186274,9.180819
P00340,9031,1027592.0,7.4658155,10.961629
E5KV57,9031,,12.347413,6.7179675
Q8AV57,9031,779964.0,10.899814,6.524148
Q7LZ83,9031,,14.924027,10.834321
P17785,9031,811656.0,8.500183,15.0014515
F1P5B4,9031,1029088.0,8.600126,11.036168
P01994,9031,746899.0,7.6209464,11.670839
Q8AYP8,9031,831895.0,8.400603,11.628884
Q07718,9031,,12.572902,9.444768
P23824,9031,0.0,14.672971,9.319484
Q92076,9031,,9.982427,8.710009
E5KV61,9031,,12.328272,6.744125
Q8AWW2,9031,0.0,17.969006,10.965071
P13863,9031,801468.0,13.238027,14.346221
Q90660,9031,759286.0,11.8834915,9.885972
Q90923,9031,0.0,11.098593,7.172665
Q8AV17,9031,711881.0,11.619195,5.3840857
P49285,9031,752431.0,17.919506,13.328368
Q56I98,9031,0.0,15.843666,10.404135
O57349,9031,747252.0,11.945356,6.2857943
Q98TQ8,9031,762223.0,9.594133,7.3104906
Q95601,9031,736687.0,11.602419,6.4718776
Q6XXM1,9031,732772.0,0.3451176,6.8797126
F1NWE9,9031,761248.0,12.205911,8.320584
F1NKI2,9031,,14.355417,9.035061
Q03669,9031,793026.0,8.299683,9.832072
P70082,9031,801610.0,0.35107478,6.873601
B3VHV0,9031,0.0,9.731482,5.4446692
Q9I9P2,9031,990642.0,15.995232,10.451284
Q92183,9031,0.0,11.993841,7.5382366
P40618,9031,801468.0,16.157143,14.991391
B6V3H8,9031,779995.0,9.448927,10.882361
B0FLN8,9031,831465.0,8.574526,7.939544
H6UQ64,9031,746845.0,12.865015,6.086255
P57074,9031,746619.0,14.548751,9.292344
C4P6Q2,9031,,10.847946,7.2416534
P14105,9031,793067.0,18.28134,4.8100233
P53449,9031,,8.113376,12.629785
E5Q3H3,9031,,12.877257,6.067245
Q5ZKE6,9031,,13.490383,9.413609
F1N9Y5,9031,0.0,10.96703,10.362244
Q6Q1Q8,9031,784917.0,10.547188,6.874131
Q90W82,9031,760426.0,14.126097,8.961486
Q5ZI23,9031,801750.0,8.524286,11.394762
Q90Z44,9031,,10.775182,6.83101
A0A1D5NTS2,9031,801807.0,8.717252,11.193706
F1P393,9031,793051.0,9.380306,11.150152
Q9DDT2,9031,756268.0,12.286899,9.320466
Q00944,9031,0.0,10.915708,8.997741
K4MNE5,9031,0.0,11.70774,6.7130437
E1C334,9031,793501.0,8.750876,8.302256
Q5ZIV8,9031,,8.291169,7.4662466
U3PTD3,9031,0.0,11.646986,6.425126
Q98SN7,9031,778538.0,10.776959,6.107057
G3LXI2,9031,,7.686926,13.217977
F1NW54,9031,0.0,18.307772,13.679924
P62597,9031,0.0,11.408936,9.373729
E7EC82,9031,,13.509586,8.687042
F1NQU9,9031,0.0,10.877832,10.068721
P17678,9031,,14.744117,9.280875
Q98SH5,9031,,13.418609,9.420713
F1NW42,9031,,13.479377,9.347921
P46896,9031,793066.0,7.7910857,8.849955
P62167,9031,802889.0,12.254831,14.621322
Q5ZJW3,9031,,10.271963,8.779425
D3Y682,9031,,10.880912,6.1517754
E1C3A6,9031,,11.126144,6.8647056
F1NSM7,9031,710232.0,13.763818,8.374185
Q9W734,9031,778608.0,12.847012,8.445315
P16075,9031,754198.0,14.789793,8.624859
P08106,9031,801582.0,8.21109,11.039232
Q9DGI1,9031,752876.0,18.216599,13.571242
E1C2U2,9031,762359.0,13.535602,9.017596
Q05826,9031,738187.0,14.224068,8.83711
Q92172,9031,763932.0,14.426802,9.294057
P02604,9031,801468.0,12.215442,14.562633
Q5ILH0,9031,0.0,12.428003,8.341724
F1NPG5,9031,736918.0,13.683783,9.016763
P28497,9031,802801.0,9.20833,8.481338
Q90999,9031,0.0,9.719218,7.3540688
Q6LC82,9031,0.0,5.4540563,18.981237
A0A1D5PVG0,9031,,14.459273,9.556596
P26446,9031,802322.0,10.364294,9.967351
P17153,9031,793299.0,8.499131,15.012523
O42130,9031,802157.0,10.4030075,10.662408
E1C3S7,9031,784868.0,11.753014,9.109551
Q05917,9031,750280.0,14.231976,8.497378
Q9PTB0,9031,,10.849461,5.3575864
Q5ZKL9,9031,0.0,15.771241,10.477507
D2XV92,9031,780717.0,10.771861,6.8043895
R4GKC8,9031,0.0,12.888354,10.145422
P19098,9031,775882.0,9.2768,11.6265545
O42348,9031,0.0,14.315744,8.885944
Q92058,9031,802382.0,10.280818,7.591777
Q98946,9031,,13.111928,14.127605
P00508,9031,801928.0,7.494176,11.559596
F1NHT3,9031,,11.603347,10.056491
P51913,9031,0.0,7.103493,12.498213
P38531,9031,0.0,12.894505,8.923434
B6ZI38,9031,738353.0,12.426788,7.9801397
P0C7A1,9031,754266.0,11.821861,9.0348
P07751,9031,0.0,11.524302,10.09224
Q8QGS3,9031,739002.0,14.328968,8.909129
P15143,9031,0.0,14.017334,9.405281
Q90669,9031,0.0,9.825655,7.37073
Q90684,9031,,12.771669,10.426827
M1T4V2,9031,739409.0,10.867598,5.3359303
Q5ZLW6,9031,,10.259987,9.78302
Q9PSQ5,9031,,12.006464,11.47006
O42124,9031,0.0,13.529434,9.7698345
F1P3Y2,9031,754125.0,8.044417,7.2404556
P46936,9031,0.0,14.0263815,9.47308
P37042,9031,738026.0,11.161287,5.4190183
Q91348,9031,1033178.0,8.758617,11.191082
H6UQ61,9031,746845.0,12.870557,6.0763144
F1P568,9031,,14.929184,10.014126
P26007,9031,0.0,10.728928,7.1680984
Q9PTI7,9031,0.0,13.991122,9.0667925
Q9BD54,9031,746883.0,12.3027525,8.020343
F1NTJ1,9031,793066.0,7.7878127,8.86997
I2E112,9031,,17.890745,13.307674
A0A0A0MQ56,9031,,10.218819,10.127009
Q8QGQ8,9031,0.0,14.02178,8.981725
Q9I8F4,9031,770515.0,9.35555,8.191191
P62149,9031,,3.4440587,5.1859846
P13127,9031,802801.0,9.198736,8.487878
P68306,9031,0.0,12.184609,8.327605
Q05623,9031,747021.0,10.979353,10.330603
O42410,9031,0.0,14.222421,8.975671
F1NZI4,9031,814620.0,9.979206,7.8906174
P79987,9031,,9.310588,8.265755
Q5ZJM7,9031,801695.0,8.91462,11.848486
Q5ZJ23,9031,1027434.0,7.647964,13.418477
Q5F425,9031,789056.0,11.579001,10.308352
A9YZQ5,9031,,17.884205,13.294689
E1C597,9031,,10.994908,10.3450985
P68139,9031,1027835.0,-4.6713066,9.370646
R4GKJ9,9031,,18.01776,13.405876
Q401C0,9031,801960.0,8.929894,8.392843
P33717,9031,746688.0,10.809577,5.3595243
P50141,9031,802283.0,7.522669,13.144994
Q90578,9031,803087.0,10.050954,8.799273
O42220,9031,778530.0,11.659935,7.0951
P02609,9031,779281.0,12.274696,14.623665
E1C5G3,9031,0.0,9.88664,8.144613
G0W2S9,9031,,11.523609,7.0766706
P13590,9031,0.0,9.57046,7.2343493
Q9I9D1,9031,0.0,8.607744,8.687724
Q6T7B9,9031,745599.0,10.860728,5.322759
E1C8M4,9031,0.0,8.396828,7.525323
Q7ZTG5,9031,739533.0,10.389574,6.809842
Q91018,9031,0.0,14.9539585,10.05393
C3U1W5,9031,778608.0,12.876633,8.482717
A0A1D5PUL6,9031,1027825.0,11.399619,12.415653
Q8AYI3,9031,803384.0,7.672656,11.084706
Q9DDZ6,9031,0.0,8.275887,11.119872
Q5ZIZ6,9031,0.0,9.881077,8.887686
F1NMG8,9031,,6.7465096,9.721992
F1NXU8,9031,0.0,8.680827,8.897547
F1N9F4,9031,,11.375251,6.9701633
P09482,9031,770364.0,12.439271,15.4518795
E1BUG7,9031,0.0,13.0689945,9.282239
A0A1D5PFN2,9031,0.0,12.6054735,8.768396
Q98TZ1,9031,,11.126504,7.090382
P19179,9031,801779.0,10.082231,11.402641
Q90592,9031,,7.8153763,8.839246
P36196,9031,0.0,11.0422125,7.5180683
A0A1D5P2B5,9031,780921.0,12.407369,8.382329
Q07496,9031,0.0,11.224096,7.447266
Q9W7C5,9031,738278.0,12.258448,6.9027643
F1NP39,9031,,11.396127,10.169015
A0A1D5NY17,9031,745714.0,9.800387,7.8051963
P14315,9031,805168.0,9.117485,8.430712
H6UQ57,9031,746845.0,12.867725,6.080312
Q9PSP7,9031,0.0,16.116795,10.710896
P10157,9031,746959.0,14.307908,8.841589
Q9DF77,9031,765852.0,14.410946,9.243392
P32760,9031,770852.0,10.10742,7.0864415
Q90WF0,9031,790558.0,10.053906,10.559721
Q90873,9031,710166.0,12.8878565,6.05441
Q5UB38,9031,710268.0,12.644939,6.491132
Q9YH58,9031,0.0,7.3421907,11.333692
F1P476,9031,1027835.0,-4.671624,9.370834
Q90690,9031,,14.751484,8.59274
Q6IV18,9031,711935.0,12.317221,6.6286726
Q9I8J4,9031,,13.059929,10.428268
Q9DEG0,9031,0.0,11.641998,6.4454827
Q6QLR2,9031,710595.0,12.307082,6.6609015
A0A1D5PPP7,9031,759034.0,9.24914,8.580069
Q90922,9031,784262.0,11.178637,7.1575193
F1NYV8,9031,745618.0,12.321489,10.241514
Q9YHD2,9031,,12.466777,10.359878
P59101,9031,0.0,14.811377,8.484916
H2EQW7,9031,756117.0,-0.71352917,14.93797
F1NB68,9031,0.0,12.97582,10.235346
A0A077K956,9031,752662.0,17.905416,13.314912
Q5F3X1,9031,0.0,10.826488,10.08652
O42396,9031,710268.0,12.595871,6.461023
Q6IT44,9031,0.0,9.766037,5.478803
Q53HW8,9031,0.0,11.879084,7.0508885
F1P1D4,9031,758622.0,17.963081,10.959538
R4HZM2,9031,,10.798638,5.3237343
Q9IAM7,9031,802930.0,10.153963,10.2944565
Q5ZMU9,9031,801631.0,9.755663,11.666954
Q90754,9031,745604.0,11.250758,7.8855844
Q8AXA8,9031,,10.621211,7.097421
F1P170,9031,,12.876113,6.0630083
P00940,9031,1027829.0,7.245996,11.370632
Q7T2H2,9031,0.0,11.30587,7.008656
Q8UUR2,9031,801818.0,10.633921,9.139421
Q5ZKJ2,9031,802070.0,3.9338002,7.4284496
Q5ZK76,9031,1033128.0,10.949769,7.9564314
Q9I993,9031,,8.558153,11.596284
H6UQ62,9031,746845.0,12.832853,6.114996
Q5ZIM8,9031,0.0,8.282793,7.506121
O73790,9031,801946.0,11.032554,4.736831
Q05876,9031,0.0,10.867763,10.051245
Q4PLA5,9031,0.0,9.443202,7.3515005
O57391,9031,1027309.0,7.112529,12.520243
B8YLW8,9031,756159.0,17.891945,13.304111
Q76I89,9031,802648.0,12.615673,11.544403
A0A1D5P556,9031,,10.88951,10.074656
E5L8C8,9031,737929.0,14.046232,8.984084
Q90674,9031,770308.0,10.358503,6.944152
P12957,9031,0.0,13.121539,9.383275
Q90827,9031,790547.0,10.57169,6.945003
Q9PVG4,9031,756320.0,14.797619,8.498617
Q5GQ97,9031,0.0,10.048745,6.9660873
P12276,9031,803708.0,8.796863,11.408257
Q5ZME2,9031,802405.0,7.64588,11.251489
H6UQ63,9031,746845.0,12.917657,6.0204625
Q9DEH4,9031,0.0,12.749615,10.458958
P25429,9031,0.0,11.722216,6.758041
P28685,9031,761039.0,10.911711,6.515836
P02612,9031,804288.0,12.265582,14.6273
P51903,9031,1027397.0,7.174667,11.500507
Q68Y81,9031,802543.0,11.523407,9.426301
A0A1D5P6Q5,9031,,8.734616,11.480696
C4P6Q0,9031,0.0,9.72973,5.440935
Q76MS9,9031,754305.0,14.804329,10.804132
P10587,9031,793067.0,18.28145,4.809892
Q5ZJE0,9031,759172.0,13.341805,8.862664
Q90XB3,9031,749103.0,14.548661,9.346238
Q9I8D9,9031,,8.179569,9.254273
Q3KTM2,9031,756421.0,10.851557,8.606229
E0AFT5,9031,0.0,9.729284,5.4413266
F1NBL0,9031,712938.0,8.302008,7.410658
Q9YHC0,9031,,13.16266,9.293375
Q8AYP7,9031,0.0,8.396038,11.586791
B3XZF5,9031,0.0,18.180424,13.547863
Q90663,9031,752760.0,10.568366,7.0501275
Q9PVN4,9031,0.0,11.012039,6.889771
R4GIU3,9031,736919.0,12.80265,6.1531625
P18943,9031,1027880.0,3.1234887,12.852701
F1NC42,9031,,14.639266,8.760234
O93525,9031,780735.0,11.477308,6.7338743
E1AVU6,9031,801977.0,8.264938,11.53988
B6EAX2,9031,801582.0,8.217362,11.070088
Q9DEE9,9031,801689.0,-4.671414,9.370758
Q9I8D2,9031,736097.0,9.730931,5.4417534
P55806,9031,737727.0,11.841352,6.725685
Q8UW76,9031,756290.0,14.051986,9.013871
P67881,9031,1033184.0,7.392388,13.390789
O73885,9031,801582.0,8.201301,10.94209
P08641,9031,0.0,17.980738,10.970503
Q9PU53,9031,739146.0,13.157328,8.592237
Q9I8T7,9031,0.0,13.895964,9.115819
A0A1D5PBZ7,9031,,11.098836,8.049466
Q9I870,9031,,17.670214,10.12048
H6UQ66,9031,746845.0,12.870861,6.0760503
P55807,9031,737727.0,11.822393,6.7176013
P46158,9031,710297.0,12.319014,6.649542
P79795,9031,0.0,10.75909,6.9744
P38529,9031,753973.0,12.927756,8.984787
Q9DG07,9031,747207.0,12.813809,8.908823
O42288,9031,710268.0,12.663415,6.435205
Q9DFH3,9031,737934.0,12.199332,8.425656
A0A1D5PNY8,9031,778608.0,12.640055,8.471679
P00698,9031,736637.0,11.000227,7.5597568
Q05705,9031,0.0,12.509914,10.561881
P16047,9031,790081.0,10.526939,6.9437504
Q2PUH1,9031,801468.0,11.387598,10.552641
P49024,9031,0.0,13.016671,10.205638
A5HUK9,9031,0.0,11.903347,6.0986967
P35915,9031,0.0,6.793483,12.528228
O73884,9031,0.0,8.655061,7.47935
F6RIN4,9031,,13.4573555,9.787034
P68259,9031,736486.0,12.160721,5.2782855
B0LHV2,9031,737795.0,13.471726,9.332825
P07630,9031,793892.0,8.724895,11.093717
F1NWN4,9031,,10.439957,7.0432854
A0A1D5NTK5,9031,,13.330999,9.205963
P04210,9031,,11.776706,6.3030977
Q6QLQ9,9031,712323.0,12.3520975,6.661055
Q9I871,9031,709301.0,17.77841,10.034081
E1BYE9,9031,793269.0,8.847929,10.230322
Q01635,9031,,9.520481,7.2973976
Q8JG54,9031,0.0,9.78492,7.337798
Q3L251,9031,761245.0,10.813648,6.1057186
Q5ZLU9,9031,751328.0,14.740535,9.386292
P54939,9031,0.0,10.484698,10.6615095
Q9IA88,9031,0.0,13.813069,9.669945
Q92178,9031,779995.0,9.569066,10.828057
A0A1D5P5H3,9031,,18.306715,13.67886
Q9IAK4,9031,770199.0,11.82273,7.4043775
A0A1D5PS27,9031,792972.0,10.686889,7.4088683
A8QJE7,9031,0.0,18.20718,13.570272
C4PFJ9,9031,732595.0,11.572806,6.5939713
Q9DEA6,9031,,10.219806,9.6317005
C1KB84,9031,0.0,14.380763,9.129055
Q9DG28,9031,807520.0,3.8965878,9.2515545
Q9IA31,9031,746329.0,14.487247,9.182446
P27731,9031,0.0,9.85164,12.147462
F1NBT0,9031,789053.0,12.137408,9.892973
O93574,9031,0.0,11.464446,7.259484
F1NBD7,9031,801468.0,13.227786,14.332426
Q9IA96,9031,763136.0,10.279737,6.9435477
P49339,9031,761640.0,10.595153,6.373485
P09206,9031,1028112.0,8.175131,18.898296
Q90712,9031,,11.966048,6.1314235
O42237,9031,739422.0,10.498472,7.0482078
Q5ZQU2,9031,0.0,13.942455,9.044084
P10184,9031,827247.0,11.658906,7.2009516
Q90738,9031,0.0,11.110389,8.830903
F1NA61,9031,,11.069015,7.6314797
Q6QLR1,9031,710760.0,12.3829,6.697089
P29332,9031,0.0,9.700805,8.496012
Q9DG15,9031,0.0,9.394061,7.673215
O73612,9031,786374.0,9.491918,7.385408
P42292,9031,746212.0,11.801608,6.280727
F1NEY2,9031,783221.0,18.185186,13.550693
P27093,9031,756223.0,10.972667,6.863442
Q5ZM06,9031,1027824.0,10.420662,10.641946
E1BSP0,9031,,11.455978,7.047592
E1C9C6,9031,,14.706367,9.457602
O42486,9031,789284.0,8.541736,7.4874253
P0CB50,9031,1028804.0,7.5403337,12.1886215
P08110,9031,1027825.0,11.469441,12.427532
Q8QGW7,9031,811374.0,10.148351,8.569242
Q00649,9031,753918.0,13.751992,7.4576535
F1NT98,9031,,9.927896,8.560204
Q8AYC6,9031,1028315.0,8.510131,11.752056
Q98917,9031,751267.0,11.770151,7.186434
V5NUE7,9031,711810.0,11.23003,6.8521404
Q90607,9031,0.0,10.60161,7.0546026
P51027,9031,804612.0,8.5306225,9.044712
P20763,9031,,11.5220785,6.51003
F1P4H2,9031,,10.65756,6.837775
O73909,9031,0.0,11.18074,8.088048
P05081,9031,793320.0,7.730339,10.093213
F4ZWC1,9031,0.0,11.280041,8.17166
Q05423,9031,831465.0,8.216709,11.218804
P00504,9031,801928.0,7.5553265,10.404872
Q5ZKC9,9031,802070.0,3.9492695,7.4352436
P28568,9031,793066.0,7.7739053,8.87885
F1NY98,9031,779447.0,11.368428,6.749522
O73861,9031,737767.0,14.399411,8.881825
Q90633,9031,774811.0,10.3819895,7.105734
Q9I9F1,9031,0.0,11.923511,8.262647
Q6J4Y8,9031,797424.0,13.119131,10.600044
Q5WA51,9031,711902.0,9.815908,7.1282387
Q90WF1,9031,790558.0,9.971184,10.595268
F1NAB7,9031,739204.0,14.273535,15.033455
Q5F354,9031,802488.0,11.032385,11.536229
P79765,9031,752406.0,14.327255,8.653487
Q01795,9031,747314.0,14.776539,8.495534
Q90979,9031,,12.330333,8.834241
Q9W719,9031,1029077.0,8.731967,11.719511
Q9IAU4,9031,761331.0,15.657014,14.121122
Q0PQ88,9031,756032.0,10.375667,6.7745733
F1N9Z0,9031,,10.092163,8.810197
P62207,9031,1027981.0,3.4242144,17.280619
P79761,9031,793104.0,6.7241836,9.708058
Q9PUK3,9031,805521.0,10.797702,6.884264
P70069,9031,751864.0,11.761577,6.367552
P43233,9031,0.0,10.970044,7.4344673
P14448,9031,739284.0,12.251298,7.410124
P07812,9031,711635.0,14.280428,8.594745
P98165,9031,0.0,10.833433,6.824326
Q9PSP5,9031,,16.541475,10.629086
F1NSA8,9031,792948.0,5.454251,18.985453
P28337,9031,1027417.0,8.186526,10.968839
P49288,9031,752431.0,17.891941,13.307745
A0A1D5P968,9031,,9.731257,7.9191294
Q6JHU8,9031,789773.0,11.369752,7.4634523
O57337,9031,0.0,14.20705,8.393068
Q537V4,9031,0.0,12.163471,9.497375
Q90Z42,9031,,10.959626,6.4969106
O93480,9031,0.0,11.299502,9.301664
O57604,9031,0.0,13.543086,8.167785
P18080,9031,,8.860766,11.438766
Q9I8V6,9031,748975.0,12.084663,6.3729267
Q703P0,9031,739434.0,11.645804,5.3922324
Q5W4U1,9031,710584.0,12.670052,6.3838496
Q9I8F3,9031,,12.431066,9.5186205
Q5ZMB9,9031,0.0,10.825285,10.03087
K9JA28,9031,,12.13393,6.3377576
Q90966,9031,762001.0,9.9890175,8.185563
Q9I8D1,9031,0.0,10.084836,9.826941
F1NV61,9031,0.0,9.079254,8.412676
Q9DEG5,9031,0.0,12.736936,10.416613
Q90733,9031,0.0,12.406222,8.388462
F1NY71,9031,,10.285188,9.618613
H6U4T4,9031,739409.0,10.8399,5.3065114
Q8AYD0,9031,0.0,17.963068,10.95335
P01013,9031,,11.033923,4.74673
P0CB05,9031,760464.0,12.394427,9.086845
A7M6V5,9031,,12.295415,6.9986286
Q5GR02,9031,0.0,10.354324,6.772301
F1NPL8,9031,0.0,13.016893,13.845845
F6SU23,9031,,9.806044,7.134479
O93344,9031,1027603.0,6.890062,12.026171
Q4R0X9,9031,788326.0,11.067325,7.2111225
H6ULX0,9031,746845.0,12.874794,6.0396066
F1N9S8,9031,801545.0,9.50319,8.405382
P16419,9031,758225.0,10.4907,9.974329
Q8AYC9,9031,793157.0,10.1336775,8.551519
A0A1D5NUC4,9031,,11.188398,8.780576
Q52P71,9031,752496.0,11.073171,7.641766
F1P0N0,9031,745491.0,12.291869,8.925287
Q9DD78,9031,746646.0,9.98284,6.9843364
P01875,9031,,11.410956,6.6081667
C5J073,9031,739409.0,10.854378,5.3089404
E1C7U0,9031,782115.0,13.746872,8.307795
P51030,9031,761486.0,10.790824,6.098064
Q76I90,9031,801468.0,12.587855,11.557146
P79760,9031,793104.0,6.7303205,9.701695
Q2ACD2,9031,,12.09448,5.29551
Q91006,9031,789836.0,10.228253,9.597829
P17920,9031,739247.0,14.7874775,8.524024
P27043,9031,711652.0,12.119186,6.753398
Q90978,9031,754203.0,14.248654,15.0062
I6QEA2,9031,756050.0,18.002016,13.39711
Q90ZG0,9031,0.0,9.226188,12.066588
O93345,9031,0.0,14.610071,9.140973
F1P054,9031,,6.743928,9.719479
Q5UMH8,9031,745467.0,11.859398,6.885827
P06212,9031,747230.0,12.454327,8.482858
P80566,9031,1029089.0,8.162929,11.746546
Q5ZIA4,9031,0.0,10.517715,7.6827784
F1NW21,9031,761889.0,11.710855,7.4257383
Q56I99,9031,789206.0,15.87058,10.403673
Q5ZHL1,9031,0.0,7.8651114,10.101721
A0A1D5PHC7,9031,,11.318691,7.0621
O93436,9031,0.0,12.119807,10.766458
Q5ZL72,9031,1027301.0,8.396265,13.015174
Q00709,9031,0.0,10.228038,8.130043
P60878,9031,805320.0,9.168367,8.432687
R4GK65,9031,,10.400836,8.639389
P31696,9031,761375.0,11.3161745,7.0662413
Q3YK19,9031,0.0,12.786038,9.657006
O42273,9031,0.0,11.924162,7.108146
O93257,9031,802174.0,9.966071,9.961087
P05083,9031,1027433.0,7.1481304,12.722158
G8HMZ3,9031,739409.0,10.871501,5.334751
E1C2F2,9031,775580.0,13.123027,9.3479
Q90655,9031,0.0,14.718564,8.909783
A3DTN6,9031,732578.0,11.820639,6.610788
O73684,9031,793104.0,6.8642435,9.824075
P43449,9031,0.0,11.352903,10.724455
B3GRU6,9031,0.0,18.088161,13.448395
Q90Z51,9031,0.0,13.780856,8.60516
P01012,9031,801946.0,11.032353,4.7366343
F1P5E1,9031,,10.335665,7.583305
Q6LDD0,9031,,9.8392,9.270827
Q1XG00,9031,,12.94593,5.998347
F1NJ08,9031,,-0.7058354,14.931486
Q90ZH5,9031,805258.0,10.737037,10.322521
F1NYE9,9031,,11.515157,10.143342
P18870,9031,780321.0,12.272008,8.737277
Q2XP49,9031,1033221.0,11.629786,7.548729
G1K325,9031,,14.344123,9.042533
P56732,9031,747133.0,11.947007,7.559135
B4Z8L9,9031,0.0,16.169947,10.491329
Q5ZLJ0,9031,,13.207,14.292005
O96269,36329,802981.0,16.510782,10.990801
C6KSN3,36329,1028534.0,8.644279,9.989796
Q8IEN9,36329,139923.0,5.3960843,7.8922167
O15770,36329,802214.0,8.631103,12.303429
Q8I5T4,36329,801594.0,10.148829,11.603446
Q8IB70,36329,138431.0,5.4192085,8.250751
Q8IIF0,36329,140613.0,14.685299,10.912862
Q9NDU7,36329,139074.0,5.6795545,8.037688
Q8I5S7,36329,802054.0,9.427582,11.747475
C6KSL4,36329,136549.0,5.2930756,7.4598618
Q8IC42,36329,136652.0,14.948064,10.668251
Q8IJB7,36329,140738.0,5.369233,7.750277
Q8IIZ9,36329,136254.0,10.125241,-1.4129441
Q8I2C8,36329,136254.0,10.025129,-1.3132038
Q8I4R4,36329,140734.0,12.145933,12.828999
Q8IBH7,36329,1027244.0,9.450991,11.768971
Q8IIC0,36329,140914.0,7.2597213,16.766628
O96189,36329,801534.0,11.194346,12.744391
Q9TY99,36329,141391.0,14.4735365,11.097604
Q8IDK6,36329,139050.0,7.266461,16.80533
Q8IFP2,36329,1027278.0,8.405083,13.395511
Q8IBY4,36329,801520.0,9.357256,14.052531
O96113,36329,136254.0,10.078901,-1.366763
Q8IIX3,36329,140973.0,11.31673,12.957223
Q8IDZ6,36329,138984.0,7.241036,16.7513
Q8ILJ9,36329,801531.0,8.494576,10.310495
C6KTA4,36329,1027422.0,7.623537,12.189924
C0H4D0,36329,139788.0,5.381391,7.496573
C0H516,36329,801484.0,5.6795545,18.766382
O96252,36329,1029316.0,8.602287,12.83746
Q8IAS5,36329,136676.0,10.047786,-1.3356873
C6KSM4,36329,802631.0,5.59638,8.532145
O97304,36329,141614.0,12.438832,12.285825
Q8IKC8,36329,138915.0,15.950885,10.701247
Q8IEJ7,36329,142736.0,5.388771,8.039538
Q8I2J4,36329,141953.0,11.225087,12.142085
C0H496,36329,1035326.0,5.342352,7.8141155
Q8I1Y8,36329,136577.0,7.2628107,16.814474
Q8IKR8,36329,140629.0,5.7553215,8.531038
Q8ILP3,36329,139246.0,5.40799,7.6995287
Q8IKM5,36329,805041.0,9.19994,14.043198
Q8I476,36329,140931.0,5.344359,7.7624617
Q8I5R3,36329,140052.0,5.7969356,8.526227
Q8I457,36329,146354.0,5.547229,8.418099
C6KSY6,36329,1027274.0,9.38122,14.021643
Q8IJ04,36329,136254.0,10.04254,-1.3307298
C6KT99,36329,1029547.0,8.567426,12.330521
C0H4C3,36329,139769.0,5.569997,8.113118
O77310,36329,139072.0,5.6156464,7.361823
C0H4Q5,36329,136254.0,10.057734,-1.3460897
Q8ILF0,36329,145888.0,7.2631,16.781723
Q8IE95,36329,140685.0,7.2668715,16.809832
Q8I0U9,36329,139382.0,5.5568986,8.2905445
Q8I4V8,36329,802592.0,9.800803,11.834676
Q9U5M0,36329,136401.0,-1.5291407,11.126337
Q8I1R7,36329,140173.0,5.5721045,8.449571
Q8IKH8,36329,1027267.0,8.782276,13.972363
Q8IIR7,36329,141949.0,12.320863,13.941237
Q8IDP4,36329,139028.0,12.239169,12.402805
Q8IBA0,36329,804561.0,9.848145,10.562152
C0H540,36329,147667.0,5.729601,8.452662
Q8ILF7,36329,803076.0,8.339484,12.896519
Q9NFA0,36329,141519.0,11.3150835,12.321182
Q8I608,36329,802748.0,12.446748,11.946233
Q8IDN4,36329,139036.0,12.531293,12.032443
O96293,36329,136254.0,10.214354,-1.5017344
Q8IDW1,36329,141812.0,5.945551,8.693101
Q8I339,36329,139431.0,5.3298736,7.9163713
Q8ILK3,36329,802506.0,9.226974,14.058015
Q8IJ88,36329,822261.0,14.753046,11.062588
Q8IEG6,36329,802023.0,9.927475,11.8826065
Q8IKX8,36329,138815.0,7.2436194,16.7574
Q8IDE8,36329,804738.0,5.8742356,8.581528
Q8I3A0,36329,139399.0,7.2555556,16.779291
Q8I5I9,36329,136374.0,7.284048,16.829884
Q8IKV8,36329,802240.0,12.086559,12.5648575
Q8IB67,36329,827579.0,7.2843113,16.802336
Q8I534,36329,147341.0,5.5963306,8.342368
Q8IIZ3,36329,136254.0,10.039137,-1.3270814
Q8IBX0,36329,136325.0,-1.9543989,17.828539
Q8IJ74,36329,805262.0,8.633068,12.313296
Q8I5E3,36329,136377.0,7.260926,16.81663
O97240,36329,1027545.0,5.4880624,8.213262
C6KTB1,36329,802787.0,7.643531,12.097996
C0H4K6,36329,139850.0,7.2654867,16.804575
Q8IKW2,36329,138824.0,7.260765,16.805859
O77361,36329,139105.0,5.338588,7.8541656
Q9NFB0,36329,136254.0,10.019192,-1.3073099
Q8IET3,36329,802418.0,10.528889,12.2356615
Q8I3Y8,36329,801611.0,5.662902,8.126766
Q8IKF0,36329,1027284.0,9.71455,11.292077
Q8I5V3,36329,1028216.0,5.5158296,8.477952
Q8IIJ6,36329,802191.0,5.6121287,8.399295
Q8I0Q0,36329,136800.0,5.619995,7.406223
Q8I2B1,36329,1027318.0,5.745917,8.666111
Q6LFD5,36329,138564.0,5.707537,8.413249
O96237,36329,141304.0,5.50799,8.130065
Q8I492,36329,145579.0,15.08413,11.947868
C6KTE9,36329,136549.0,5.279446,7.4556026
Q8IIK3,36329,801485.0,8.388484,11.952208
Q8ILP6,36329,1027299.0,5.612259,8.532153
Q76NN8,36329,801514.0,5.6956944,8.558752
Q8I5L5,36329,136325.0,-1.9844846,17.859253
Q7KQJ9,36329,1027287.0,9.942206,11.759767
Q8ILT9,36329,802012.0,9.92113,12.058426
Q8I5P0,36329,136370.0,5.3456783,7.8298674
Q8I415,36329,139793.0,5.5256343,8.224036
Q8I3C3,36329,136257.0,5.5598745,8.135402
Q8IFQ6,36329,136325.0,-1.9738683,17.848265
Q8IJ52,36329,136316.0,5.2988853,7.686522
C6KSS1,36329,1028706.0,5.791725,8.666841
Q8IHR4,36329,142593.0,11.107308,10.82425
Q9U5L9,36329,136401.0,-1.5300459,11.125767
Q8IDZ1,36329,138987.0,0.34567297,6.8813863
C0H5J6,36329,803390.0,12.2213745,12.617784
Q8IB73,36329,801967.0,7.898707,6.135244
Q8I346,36329,802309.0,10.4809,12.206103
Q9TY96,36329,140701.0,5.6295543,7.9502964
Q8I1S0,36329,1027819.0,2.4554553,8.402251
Q76NM5,36329,136404.0,5.337668,7.7632184
O96220,36329,,8.411531,12.966497
Q8I295,36329,136259.0,5.4648576,8.383987
Q8IIY2,36329,136755.0,5.278587,7.4463053
Q8IEE9,36329,139971.0,5.4336967,7.915358
Q8I4Q4,36329,136397.0,5.27743,7.433084
Q8IHZ5,36329,140508.0,5.381356,7.865087
Q8II24,36329,1027381.0,8.231973,11.139194
C6KSX0,36329,138559.0,12.22144,12.515903
Q8IEK7,36329,805584.0,10.775305,12.969531
Q8IK76,36329,827577.0,5.3517714,7.6079273
C6KT29,36329,138589.0,5.4539523,8.202096
Q8I4X1,36329,139642.0,5.440121,8.427496
O97462,36329,136800.0,5.582533,7.4268346
Q8I531,36329,144966.0,7.3002615,16.83196
Q8I236,36329,1029822.0,5.841062,8.745114
Q8IM30,36329,144561.0,5.470946,8.400593
Q7KWI9,36329,1028489.0,8.599383,12.31754
C0H571,36329,139524.0,5.6377587,7.3383365
C0H4V4,36329,136772.0,5.643713,7.3274536
Q8I3D1,36329,136401.0,-1.5306162,11.126162
Q8I470,36329,139770.0,5.4178677,8.276831
Q8I4Q6,36329,807901.0,5.3717823,7.590492
Q8IHY0,36329,140516.0,7.2705994,16.779467
Q8I2G1,36329,136774.0,14.632838,11.355194
Q8IBE3,36329,136804.0,10.039894,-1.3278846
Q8IAR7,36329,1027290.0,8.927398,12.367196
Q8IIA4,36329,801867.0,5.570859,8.509653
Q8IHM0,36329,136358.0,-1.956181,17.830145
O96291,36329,136554.0,-1.5306002,11.126088
Q7K6A7,36329,139834.0,5.7130814,8.337662
Q8I639,36329,136359.0,-1.9546762,17.82801
Q8IIA8,36329,805032.0,10.723702,11.731465
Q8IB59,36329,802544.0,11.339341,11.816108
Q8ILT4,36329,136468.0,7.287496,16.814228
Q8I3D6,36329,,10.026434,-1.314522
O96121,36329,136518.0,5.3381405,7.5344057
C6KTF8,36329,136254.0,10.075098,-1.3631562
C6KT01,36329,801567.0,5.489542,8.444503
O96295,36329,136254.0,10.040409,-1.3284612
C0H5I7,36329,1027301.0,8.348685,13.006075
Q8IDR5,36329,139017.0,13.537149,11.588727
Q8I1T4,36329,140163.0,7.26602,16.789183
Q8I098,36329,136358.0,-1.9590309,17.83322
O96288,36329,136254.0,10.211258,-1.4985567
Q8IBD1,36329,136687.0,5.4467945,7.6846604
Q8I4P2,36329,136254.0,10.060528,-1.3481951
Q8I440,36329,136615.0,5.424131,8.487682
Q8IHS5,36329,804823.0,8.382417,12.716646
Q8IKE1,36329,802398.0,7.2193027,16.717522
O96111,36329,136401.0,-1.530778,11.126125
Q8I6U4,36329,141128.0,5.745747,8.245859
Q8IM85,36329,136254.0,10.060994,-1.3495021
Q8IDS3,36329,141293.0,5.4206486,8.342514
Q8I2F7,36329,136719.0,5.4103527,7.6678433
Q8I5T5,36329,139325.0,7.2578745,16.805483
C0H5L4,36329,141167.0,5.5321274,8.165888
Q8IDG8,36329,,14.793166,10.379754
P61075,36329,801468.0,13.239293,14.353993
Q8IHM5,36329,136254.0,10.208502,-1.4958801
Q8I4X0,36329,1027835.0,-4.6711802,9.370637
Q8IJD4,36329,801562.0,8.483253,13.733925
O96117,36329,136515.0,10.027254,-1.3154618
Q8IDX6,36329,139162.0,5.401863,7.674984
Q8IB06,36329,138403.0,5.687652,8.559084
Q8I6Z9,36329,1029546.0,5.696201,8.545519
C6KT50,36329,1027431.0,7.9281335,13.512502
Q8IDR8,36329,803384.0,8.316969,12.9702215
Q8IDP1,36329,136434.0,5.3876987,8.224084
Q7YTF7,36329,141799.0,5.8308153,8.616939
Q8I5Q4,36329,141517.0,9.92463,12.244234
Q8I2Z8,36329,147599.0,10.223832,12.581086
Q8IEU8,36329,136254.0,10.017397,-1.3054624
Q8I298,36329,140987.0,5.3996263,7.8178473
Q8IAS4,36329,136325.0,-1.9854088,17.860176
Q8I0V4,36329,1027825.0,11.905762,12.499475
C0H473,36329,147585.0,12.2416525,12.494126
Q8IIY3,36329,136254.0,10.006876,-1.2947673
Q8I519,36329,136325.0,-1.9850702,17.859928
Q8ILZ1,36329,140953.0,5.599046,7.387401
Q8ILK1,36329,801957.0,9.406198,12.161846
Q8IJ72,36329,801468.0,12.452153,12.544714
Q8IEU6,36329,136254.0,10.209973,-1.4974935
Q8IK35,36329,136254.0,10.202752,-1.4902319
Q8I494,36329,136254.0,9.989775,-1.2783844
Q7KWJ5,36329,801468.0,7.8111024,9.327749
Q8ILQ7,36329,141741.0,9.185646,12.646838
Q8I3J0,36329,804627.0,12.500402,11.12553
C0Z3M4,36329,,5.511269,7.5538425
Q8IHZ9,36329,801468.0,13.308492,13.893497
Q8IAK3,36329,136325.0,-1.9685382,17.842812
Q8IIU3,36329,1028372.0,8.166777,13.097377
C6KT52,36329,141377.0,5.443677,7.79343
Q8IC44,36329,,5.386541,7.760527
Q8IJ32,36329,802310.0,10.827082,10.531427
Q8I0U6,36329,136354.0,5.404998,7.701012
Q8IJ64,36329,136312.0,7.2532578,16.815556
Q8ID61,36329,138699.0,5.4000087,8.164051
Q8I216,36329,136254.0,10.08654,-1.3746169
O97284,36329,140284.0,5.3639746,8.346372
Q7KQK3,36329,804213.0,12.688075,10.745429
Q8I599,36329,139578.0,12.420346,12.455402
Q8I4N5,36329,136325.0,-1.9823298,17.856918
Q9U0G5,36329,136325.0,-1.9854724,17.860252
C6S3C7,36329,136296.0,5.2813435,7.434959
Q8I5J9,36329,140084.0,14.362408,10.241641
Q8I4W3,36329,139646.0,7.2585835,16.745926
Q7KQL8,36329,801778.0,9.435006,12.698421
Q8IHP4,36329,141936.0,11.045647,12.674418
Q8I5Y8,36329,801750.0,5.7922225,8.661736
O96292,36329,136254.0,10.044305,-1.3325155
Q8IBZ7,36329,136655.0,5.3662915,8.352706
Q8I3L8,36329,138267.0,11.130657,12.992821
Q8IBB9,36329,138465.0,5.5256553,7.474061
O96279,36329,139072.0,5.6496134,7.3195486
Q8I2W7,36329,139468.0,5.4666333,8.412058
Q8IJC3,36329,139724.0,5.4587035,8.433936
C6KSK9,36329,136254.0,10.07173,-1.3601104
Q8ILY1,36329,143134.0,5.424631,8.373302
Q8IIW5,36329,802395.0,11.641263,12.472633
Q8IFN1,36329,141206.0,15.575644,11.167142
O96198,36329,801965.0,5.7275605,8.64048
Q8I2W3,36329,802748.0,12.439967,11.885197
Q9NFB5,36329,136254.0,10.043607,-1.3319143
Q8I2S0,36329,139492.0,5.4689536,8.377966
Q8I0X2,36329,140334.0,5.731058,8.561028
Q8I5V8,36329,139338.0,13.8890295,11.219511
Q8IDQ9,36329,814900.0,8.606176,12.7230625
Q8IC01,36329,804597.0,5.855163,8.751009
Q8I1W9,36329,140105.0,5.294306,7.854621
Q9NLB2,36329,804677.0,9.442374,12.701549
Q8IJ11,36329,136274.0,5.268246,7.409937
P62203,36329,801468.0,3.4424572,5.185172
Q8IBX3,36329,136325.0,-1.98221,17.856726
Q76NM6,36329,1027409.0,7.83684,13.473771
Q9NFB6,36329,136325.0,-1.9835032,17.85808
Q8I4Q9,36329,136361.0,5.4323826,7.584602
Q8I716,36329,802499.0,5.4791965,8.411599
Q76NN7,36329,801485.0,8.321395,11.855237
Q8I613,36329,139368.0,12.702493,12.032116
Q8IJJ4,36329,805454.0,5.690926,8.544292
B9ZSJ3,36329,136274.0,5.2748766,7.392087
Q8IK42,36329,136254.0,10.183933,-1.4717039
Q8IM81,36329,136401.0,-1.5308951,11.126085
Q8I1N7,36329,140190.0,5.3848047,8.290986
Q8ILC1,36329,142008.0,10.182604,11.120829
Q8I4P7,36329,136254.0,10.198996,-1.4869217
Q8IK40,36329,136254.0,10.2115555,-1.4993424
Q8IKM6,36329,141356.0,12.398623,12.408105
Q8I3I0,36329,801485.0,9.329004,12.216947
Q8I1V4,36329,136254.0,10.0429325,-1.3313404
Q8I1V5,36329,136254.0,10.049565,-1.337813
Q8I1V7,36329,136325.0,-1.9779643,17.852448
Q8IBB0,36329,138459.0,7.2691407,16.810724
Q7KQK0,36329,802224.0,11.387577,10.7806
O96116,36329,136254.0,10.251444,-1.5391109
Q76NM4,36329,801484.0,5.678521,18.77429
C0H4M6,36329,139890.0,5.7405567,8.378855
Q8I632,36329,,5.6500278,7.546209
Q8ID54,36329,138702.0,5.461168,8.464917
Q8IM80,36329,136254.0,10.237458,-1.5249915
Q8I6Z5,36329,141959.0,5.6686788,8.288966
Q08210,36329,804714.0,5.541102,8.474125
Q7KQM2,36329,801986.0,10.1756115,12.247215
Q8I3A2,36329,139398.0,5.556747,8.296973
Q9NFB2,36329,136254.0,10.054991,-1.3433068
C6KTE4,36329,801881.0,5.5690217,8.489337
Q8IDM2,36329,803102.0,5.5220966,8.204779
Q8IBZ6,36329,139873.0,7.256779,16.817175
Q7KQM0,36329,1027829.0,7.38091,11.83622
Q8I5R7,36329,1027308.0,5.8132286,8.754981
Q8I2E5,36329,136254.0,10.023526,-1.3123211
C6KTB8,36329,138631.0,7.2686014,16.815481
Q8IJR9,36329,1033102.0,8.673431,12.381203
Q8IJ02,36329,136254.0,10.042425,-1.3312557
Q8I3C0,36329,,5.647423,7.9793987
Q8IDY3,36329,136427.0,5.349834,7.762323
Q8IKL4,36329,142694.0,5.8418245,8.694716
Q8IC06,36329,1027241.0,8.629328,12.403395
Q8I3Z0,36329,139805.0,5.340061,7.6901317
Q4VWQ3,36329,801700.0,12.388704,12.526584
Q8IEU1,36329,140648.0,5.5951,7.5362077
Q8IL84,36329,138758.0,7.2734866,16.817757
Q8IIJ9,36329,145225.0,5.7446065,8.055327
C0H5C6,36329,805320.0,11.167143,12.722943
Q8I2X3,36329,805082.0,11.665888,12.593758
Q8I2X4,36329,801582.0,8.229024,11.202834
Q8IK58,36329,136503.0,5.386744,7.485921
Q8IE69,36329,143280.0,5.7426667,8.561196
Q8I1R6,36329,801876.0,5.6565337,8.5532255
Q8IBW6,36329,136254.0,10.039005,-1.3272301
Q8IM84,36329,136254.0,10.035588,-1.3241633
O97320,36329,801610.0,0.34907734,6.875622
Q8IK43,36329,136401.0,-1.5309498,11.126102
Q8I5Q3,36329,1030564.0,7.9736495,12.515301
Q8IFN2,36329,140677.0,5.396342,7.7786956
Q8IKU0,36329,143019.0,5.7019987,8.579106
Q8I2C6,36329,136401.0,-1.5308173,11.126114
Q8IKJ8,36329,138877.0,5.4223986,7.7671666
Q8IIW1,36329,140355.0,5.5153337,8.230807
Q8I0V2,36329,1029317.0,8.193049,13.483752
O96165,36329,136532.0,5.6997285,7.9439287
Q7KQM1,36329,801543.0,10.446388,12.644978
O96123,36329,801468.0,12.128303,12.476369
Q8IK23,36329,136281.0,5.2739377,7.4270453
C6KSK8,36329,136325.0,-1.9534801,17.827406
Q8I4T1,36329,801603.0,12.125811,11.981178
Q8IIL5,36329,140399.0,5.505666,8.191054
Q8IAL0,36329,138291.0,12.292479,12.898622
Q8I3V5,36329,139824.0,7.257329,16.816399
Q8I410,36329,142660.0,7.2417617,16.701443
Q8IKR1,36329,1027310.0,8.200765,13.122408
C0H535,36329,139437.0,14.199895,11.900207
Q8IB60,36329,801723.0,9.662554,11.107653
Q8I520,36329,136325.0,-1.9792941,17.853735
Q8IBW8,36329,136325.0,-1.9738122,17.848125
O77313,36329,802034.0,9.672094,11.985258
Q8I528,36329,802157.0,5.4964666,8.246929
Q8I507,36329,1028473.0,5.4815435,8.425329
Q8I288,36329,811402.0,10.524873,12.035958
C6KTC6,36329,801998.0,5.6740627,8.582126
Q8IC50,36329,136800.0,5.591716,7.4367094
Q8I2F5,36329,,5.2647886,7.402795
Q8IAS6,36329,136677.0,10.043516,-1.3316782
Q8IB86,36329,138444.0,5.81159,8.459789
Q8I4P3,36329,136254.0,10.095211,-1.3836993
O96118,36329,136401.0,-1.5307875,11.126146
Q8I6V3,36329,802864.0,11.046791,13.913148
Q8I6U5,36329,141128.0,5.757187,8.285155
Q8IE80,36329,141194.0,15.599905,11.199678
Q7KQK1,36329,141518.0,11.381318,12.310503
Q9U0J0,36329,140120.0,5.501554,8.219791
C6KTF3,36329,136756.0,10.041348,-1.329835
O97285,36329,804870.0,9.778564,11.217494
Q8I5K4,36329,141152.0,12.826302,12.02975
Q8I2S7,36329,141688.0,8.496577,12.225902
Q8I4W8,36329,141350.0,12.2233305,12.277596
C0H520,36329,139405.0,7.2493033,16.777111
Q8IK77,36329,140978.0,5.6128707,7.489386
Q8I487,36329,140992.0,14.60108,11.241072
Q8I3F9,36329,139388.0,5.3731413,7.856697
C0H4I0,36329,0.0,5.27254,7.4147205
Q8IL80,36329,1028804.0,7.5821886,12.221854
Q8IAU3,36329,140033.0,5.3944716,8.360199
O97474,36329,136549.0,5.2594385,7.444179
Q9U0J2,36329,812148.0,5.5243616,8.1727
C0H4H1,36329,136631.0,5.286205,7.445149
Q8IDW3,36329,1027262.0,9.164881,12.365368
Q7KQL1,36329,139750.0,5.432886,8.026076
Q8IL67,36329,141692.0,5.33036,8.280763
C6KT68,36329,805007.0,5.550011,8.496676
Q8IJ00,36329,136254.0,10.211019,-1.4984794
Q8I3U2,36329,139830.0,7.2439575,16.7618
Q8I3D9,36329,136254.0,10.044759,-1.3335384
O96229,36329,140333.0,5.32842,7.7775126
Q8I431,36329,,9.436356,13.992157
Q8IBC9,36329,136806.0,5.468505,7.5369596
Q8I3Z5,36329,802124.0,16.181356,10.981087
Q8IJT1,36329,1027307.0,7.9585166,15.855403
Q8IIK4,36329,1027430.0,8.607483,12.454857
O96156,36329,802494.0,8.49912,10.206627
O97282,36329,1027301.0,8.231935,13.026627
Q8I5B6,36329,1033237.0,7.9622283,15.846746
O97229,36329,139080.0,5.5971355,7.796452
Q8ILL9,36329,802419.0,9.627358,12.045653
Q8I468,36329,141609.0,5.5051517,8.073726
Q8ILW9,36329,1027835.0,-4.671242,9.370651
Q8IBF1,36329,136664.0,5.3628836,7.6110506
Q8I2C4,36329,136325.0,-1.9814396,17.855892
C0H5C2,36329,1027319.0,16.326773,11.022984
Q8I3D2,36329,136254.0,10.008195,-1.2970338
Q8II80,36329,140459.0,5.4286256,8.262779
C6KSZ2,36329,804691.0,5.4572735,8.311942
Q8I2E7,36329,136254.0,10.046392,-1.3347576
Q8I215,36329,136401.0,-1.5307636,11.126103
Q8IJP9,36329,,7.2985387,16.773907
Q8I495,36329,136325.0,-1.9790107,17.8534
Q8I6U8,36329,136729.0,15.058746,12.010176
Q8IBD2,36329,136688.0,5.2943015,7.525441
C0H4Q7,36329,136254.0,10.083438,-1.3718691
Q8ILA1,36329,140713.0,5.449179,7.639683
C0H4H3,36329,802198.0,16.475624,10.976351
Q8I4S1,36329,801759.0,8.79496,11.968268
O96201,36329,140755.0,7.3246694,16.862648
Q8IIN1,36329,805459.0,5.8285165,8.578422
Q8IBV0,36329,1027587.0,8.624455,12.344188
Q8IFQ3,36329,136254.0,10.066007,-1.354375
C0H4Q0,36329,801808.0,16.565933,10.685253
Q8IM15,36329,802864.0,11.06083,13.851273
Q8I2E6,36329,136254.0,10.051578,-1.3399044
Q8IE47,36329,1027909.0,8.449052,12.615268
Q8IKV1,36329,,11.139091,12.726753
Q8IBI5,36329,1027395.0,5.49472,8.465999
Q8IDY0,36329,136430.0,5.3860364,7.5851173
Q8IL79,36329,138760.0,11.516958,12.235707
Q8I5F9,36329,801647.0,5.80018,8.708643
Q8IIJ0,36329,802407.0,5.422552,8.407944
Q8ILN8,36329,801474.0,9.319351,13.588534
Q8I384,36329,1029088.0,5.526594,8.4717655
C6KTF2,36329,136254.0,10.090844,-1.3794615
Q8I3E4,36329,136254.0,10.068498,-1.3573222
Q8IE14,36329,802262.0,8.705214,11.905391
Q8IIZ5,36329,136325.0,-1.9863747,17.86107
Q8IJ07,36329,136401.0,-1.5304095,11.126145
Q8IHW5,36329,140523.0,5.3377385,7.83158
Q8I3I3,36329,136625.0,5.452204,8.133453
Q8I4R3,36329,140976.0,15.612832,11.3138275
Q8II81,36329,807498.0,10.5842495,12.121995
B9ZSJ2,36329,141609.0,15.067231,11.891505
Q8ID43,36329,801842.0,7.7778234,12.922988
C0Z3M5,36329,,5.4790993,7.5331664
O96175,36329,139135.0,5.3894744,7.8229494
Q8IJD0,36329,827565.0,14.099092,11.008103
Q8IJC6,36329,1027265.0,9.377464,14.04015
Q8I3B0,36329,802408.0,9.194186,14.055863
Q7KQL3,36329,1027819.0,2.438804,8.385847
Q8I2G2,36329,139072.0,5.676292,7.2746534
Q8IJ76,36329,136311.0,14.676726,10.931072
Q8IK17,36329,136287.0,5.2634206,7.4108377
Q8I3M5,36329,801590.0,11.745278,11.943939
Q8IBW7,36329,136325.0,-1.9870248,17.861767
Q8IDZ8,36329,807609.0,5.867808,8.770049
Q8I0X4,36329,136367.0,5.4113584,8.379796
Q8IE08,36329,802010.0,11.143298,12.711202
Q8IDQ2,36329,142162.0,5.6628313,8.359236
Q8IED5,36329,139979.0,5.6703715,8.438224
Q8I3T5,36329,141609.0,12.96761,10.788053
Q8II36,36329,801918.0,14.316106,17.507605
Q8I484,36329,139763.0,5.6494274,7.326606
Q8IAX8,36329,813586.0,12.686177,10.772911
Q8I301,36329,801587.0,9.8755045,10.877427
Q8I6Z7,36329,139998.0,5.622918,8.263538
C0H5E1,36329,136419.0,7.23648,16.732592
O77334,36329,139097.0,7.2783847,16.797153
C6KT25,36329,145196.0,7.36498,12.352952
Q8I615,36329,139370.0,5.5011854,8.138203
Q8IC49,36329,136254.0,10.043866,-1.3323528
C6KT82,36329,138614.0,5.429882,8.012846
Q8IIR9,36329,801822.0,13.177966,14.28172
O96164,36329,136531.0,5.6309075,7.9542766
Q8I395,36329,139403.0,5.644536,7.3205714
O97235,36329,805852.0,5.819519,8.683986
Q8IB99,36329,138451.0,11.978897,12.413358
C6KSP5,36329,142335.0,5.7547255,8.484112
Q8I2B9,36329,136254.0,10.209628,-1.49474
Q8IDX8,36329,140924.0,5.383836,7.6699314
Q8I3Y9,36329,139806.0,5.6090484,7.3566513
Q8I0G7,36329,136254.0,10.209264,-1.4971831
Q8IBR9,36329,,7.2666273,16.814306
P86148,36329,,5.3464885,7.751868
Q8IJ06,36329,136254.0,10.046597,-1.3357409
Q8I2C0,36329,136401.0,-1.5309118,11.126137
Q8I5K3,36329,140080.0,7.2675114,16.80772
Q8IEL5,36329,802530.0,5.725001,8.564144
B9ZSH6,36329,136254.0,10.035052,-1.323837
Q8IK01,36329,140200.0,14.307353,10.145117
C6KTF6,36329,136254.0,10.1075735,-1.396041
Q8IIF4,36329,140424.0,7.263132,16.811152
O97252,36329,139090.0,5.341095,8.368772
Q8IK27,36329,136279.0,5.279654,7.423378
Q8IBW9,36329,136325.0,-2.0076208,17.883272
Q8I5C4,36329,1027301.0,8.344157,13.025743
Q8I1Q2,36329,801636.0,10.1231575,12.148152
Q8IAS0,36329,139892.0,5.6481147,8.246093
Q8IKS4,36329,142974.0,10.079754,11.983019
Q8ID74,36329,811207.0,5.6324987,8.539237
Q8IFQ4,36329,136325.0,-1.9784837,17.852827
Q8I218,36329,136325.0,-1.961042,17.835062
Q8IJ45,36329,136318.0,5.3324957,7.7015634
Q8I719,36329,145333.0,11.116651,10.493887
Q76NL8,36329,1033130.0,5.802373,8.691997
Q8IBB7,36329,141765.0,8.490323,10.311125
Q8IAM2,36329,1028804.0,7.7396135,12.132477
Q8IBD9,36329,136254.0,9.966616,-1.2549895
Q8ILE4,36329,139295.0,5.430264,8.301548
Q8IFQ5,36329,136325.0,-1.9833142,17.857788
O96124,36329,141119.0,15.063002,11.99004
O97232,36329,139082.0,5.7920413,8.625213
Q8IBS5,36329,801468.0,11.154521,10.6586895
Q8IL68,36329,1028213.0,5.6465745,8.504016
O97247,36329,1027301.0,8.431935,12.994255
P14100,9913,790178.0,9.698793,8.533995
E1B9I5,9913,789185.0,15.999468,10.508907
P08057,9913,0.0,11.015347,9.423087
P02470,9913,773853.0,9.699729,8.480751
P42026,9913,802709.0,8.130556,13.329724
Q9TU23,9913,804477.0,12.4521265,9.498111
P82928,9913,738778.0,12.086617,9.856954
Q3ZBF6,9913,1027578.0,6.9909983,12.028813
Q17QQ5,9913,0.0,10.241596,8.454363
P00396,9913,1027880.0,3.1147404,12.859368
Q6TJY3,9913,792940.0,11.339721,10.524815
Q3T0B6,9913,779894.0,10.812956,12.756333
P00639,9913,1028186.0,10.435217,7.535977
E1BKH1,9913,801924.0,10.2328415,10.210007
P61223,9913,792948.0,5.446332,18.99278
Q28056,9913,739800.0,11.584087,7.960788
Q05204,9913,759147.0,9.62956,7.4214425
P82911,9913,,9.078487,11.529356
P51866,9913,0.0,11.794339,6.2452874
A6H772,9913,1027981.0,3.4232223,17.281324
A5PK71,9913,801546.0,11.861924,10.965284
Q28049,9913,,11.022018,7.516257
P82669,9913,789320.0,10.737598,12.8063965
Q9MZ34,9913,805347.0,8.391721,9.43677
Q01107,9913,746159.0,17.957272,10.957984
Q32KZ1,9913,746460.0,11.956574,9.989706
Q8HXG5,9913,731789.0,11.753589,9.401102
Q28142,9913,752976.0,9.464488,7.4031367
E1B8D6,9913,784312.0,13.8314,9.551106
A4LAP1,9913,,12.878872,6.053421
Q3SZ22,9913,805773.0,10.505733,8.827287
P00847,9913,805724.0,3.847637,11.962764
Q95MZ8,9913,,17.823391,10.015086
Q0VCK5,9913,0.0,8.437142,7.615118
P79106,9913,805923.0,10.327587,8.595108
P03924,9913,773707.0,3.892813,11.97387
P55052,9913,732675.0,8.235359,11.166733
P20004,9913,803384.0,7.6737256,11.121453
Q3ZCJ8,9913,811817.0,11.523649,7.4850254
Q2TBR2,9913,1033224.0,9.609312,13.787896
O46522,9913,0.0,8.814393,8.762058
Q9TVA8,9913,,12.2423935,7.2810917
F2X2F2,9913,,10.81784,5.298385
P49951,9913,801655.0,10.740095,11.069825
Q59HJ6,9913,803392.0,8.991738,11.40163
P01246,9913,,12.870568,6.058424
A7YWF3,9913,778095.0,11.038017,9.116076
P01272,9913,736486.0,12.159873,5.259642
Q3T0J3,9913,761200.0,9.584744,13.840618
Q2TA06,9913,792940.0,11.596594,10.800583
Q5EC27,9913,,12.8826065,6.050618
Q02375,9913,794227.0,9.49864,8.422219
F1MSG6,9913,0.0,12.396139,9.280579
A7MB62,9913,1027835.0,1.4754311,5.4861937
P43896,9913,805852.0,10.19652,8.39473
P61763,9913,0.0,10.41841,11.271428
Q3SZE9,9913,805702.0,11.026913,9.8542595
Q02369,9913,761423.0,10.848316,13.068462
Q8MJV3,9913,756400.0,18.272112,13.647332
P61285,9913,,8.301355,11.1097
F1N588,9913,778086.0,12.143146,8.075077
Q32PC9,9913,802441.0,9.341662,8.116535
A1A4K3,9913,801667.0,10.254608,10.7552395
Q2YDI5,9913,758238.0,10.562626,12.883069
P81134,9913,0.0,11.649843,8.071244
P82917,9913,746855.0,10.247267,8.635258
P18341,9913,790081.0,10.159326,7.115849
Q2HJ54,9913,802550.0,10.089961,9.152056
P03892,9913,794839.0,3.8502169,11.967
Q2TA38,9913,806750.0,11.743627,9.485629
P13619,9913,831155.0,10.723131,13.159669
P0C7Q4,9913,807520.0,3.896824,9.2516
P00741,9913,758227.0,14.266099,15.029375
E1BJL9,9913,801468.0,11.866714,9.495971
O18965,9913,780034.0,10.738437,8.981635
Q66LN0,9913,789124.0,10.517337,8.613221
F1MNT4,9913,779851.0,10.564453,6.949841
P07470,9913,,10.587857,13.323594
P23934,9913,789327.0,10.548,8.924412
Q05717,9913,758307.0,11.12561,6.505499
P02687,9913,,13.921134,10.40343
F1N348,9913,748391.0,10.65744,6.91664
A7Z073,9913,752373.0,13.234089,10.456043
P02699,9913,754125.0,8.022622,7.2177634
P01352,9913,729850.0,12.022476,5.289442
A1A4I9,9913,805993.0,10.351964,9.452961
Q2KJ63,9913,749045.0,14.257043,15.019243
Q8WN95,9913,806030.0,10.477929,9.381422
P25326,9913,802365.0,10.92145,7.4852934
P27674,9913,793066.0,7.815789,8.855951
Q762I5,9913,736625.0,12.411372,7.181039
P16068,9913,827817.0,8.32865,7.489466
P11541,9913,739371.0,10.647787,10.597295
P21327,9913,793925.0,8.207105,12.389642
Q5E9Y9,9913,802268.0,9.712055,9.609231
P82929,9913,,16.317196,10.88685
J9UJ96,9913,,15.532458,10.0969
P10894,9913,789570.0,10.160418,9.133914
P32871,9913,817621.0,10.406281,10.058497
P0C2B7,9913,772853.0,11.728241,9.508638
Q6QLP8,9913,,17.806557,10.025774
P13608,9913,749009.0,12.475017,7.513873
E1BF23,9913,746099.0,10.467021,9.924442
Q867D1,9913,,9.037747,10.65277
P48644,9913,1027603.0,6.9107866,12.0092325
P0CG53,9913,802337.0,15.090963,12.088465
Q2F6J2,9913,,11.897536,6.8296266
Q95JG8,9913,,8.266119,9.360532
P79331,9913,765520.0,10.926703,6.921837
Q9TT94,9913,803365.0,9.022597,10.631045
G8GZ67,9913,,14.644495,10.426643
Q28141,9913,778096.0,9.003021,8.160633
Q05589,9913,740077.0,14.255961,15.017796
Q05B81,9913,793658.0,8.661092,8.830371
Q9N2I8,9913,802214.0,8.366346,11.341176
F1N548,9913,789120.0,12.274241,9.975228
Q1RMR3,9913,793330.0,12.824966,10.427138
P62871,9913,801468.0,9.866274,10.523982
P48765,9913,804946.0,8.808339,9.957321
Q32P67,9913,795705.0,12.323137,9.905944
P00586,9913,1028865.0,9.337362,9.074995
Q28199,9913,756099.0,11.522459,8.757244
Q07537,9913,762818.0,11.08042,7.7343144
Q3B7N2,9913,0.0,9.626256,9.145141
F1MQ85,9913,761614.0,13.253733,9.411085
Q3SZ47,9913,,9.391298,14.002039
Q5W5U4,9913,746012.0,12.349528,10.861178
P38408,9913,807520.0,3.899647,9.251905
F1MNI5,9913,1038963.0,11.457357,7.6990275
Q3T0L3,9913,,9.568095,13.841699
Q2HJ22,9913,746919.0,8.330944,8.597663
O18964,9913,0.0,11.100777,10.757242
P13183,9913,745580.0,10.629936,13.315349
A1A4P5,9913,802402.0,9.274807,8.432034
P21457,9913,752426.0,12.249092,14.624846
P17810,9913,767193.0,10.450838,8.434029
Q05B58,9913,805631.0,9.350075,8.167175
Q2P9V4,9913,0.0,11.908121,6.2941375
E1BBG2,9913,717438.0,12.364445,8.94358
Q9BE97,9913,737904.0,13.90519,9.068435
P00727,9913,806210.0,7.449698,11.124554
Q2KIR7,9913,752751.0,10.746113,9.720929
G3N3N1,9913,,2.4074943,8.355575
P24627,9913,827731.0,10.711424,7.4732957
Q2F6J8,9913,,11.978403,6.845064
O19116,9913,758300.0,9.576442,7.2929783
Q2T9T3,9913,802611.0,7.8981586,12.645486
Q7M2Q5,9913,,15.644375,14.08756
B6V3I5,9913,,11.039796,7.561971
J9UHS4,9913,,15.407201,9.96429
Q28007,9913,1033131.0,8.7037945,8.536119
Q66WT7,9913,785202.0,10.181026,8.951899
Q32L40,9913,1027301.0,8.34484,12.993816
A7MAZ2,9913,792959.0,9.231615,8.286476
Q95L14,9913,814852.0,9.076296,10.158448
P19120,9913,0.0,8.227933,11.010012
T1T0C1,9913,,15.191596,9.857247
O46411,9913,0.0,8.374065,7.5316234
P15691,9913,0.0,11.648174,6.85226
P40673,9913,801468.0,16.157503,14.991951
O62698,9913,1038963.0,11.451377,7.758823
A1YQB2,9913,,11.025766,7.4841766
Q01314,9913,792940.0,8.931761,7.5316563
C7EXK4,9913,801999.0,8.811019,8.439145
Q3SZK1,9913,801468.0,9.915675,10.41735
A4FV68,9913,804434.0,10.600257,10.09243
P29473,9913,,12.146684,8.813372
P23726,9913,746369.0,9.608367,7.761986
Q2KIS2,9913,779880.0,10.699088,9.6347885
F1N2M7,9913,,9.23393,8.77844
P01966,9913,746899.0,7.5614486,11.5385895
Q9GMD3,9913,,15.104839,11.806635
P45478,9913,801839.0,10.384979,7.72046
Q28068,9913,748179.0,11.220223,10.57584
P02662,9913,831626.0,15.140598,9.894868
Q3SYU7,9913,801782.0,8.183992,7.366072
Q0VCQ1,9913,802596.0,9.914573,8.87648
P11151,9913,755598.0,10.74419,7.144324
A3FJ56,9913,,15.2029,9.929917
P03898,9913,813597.0,3.8566134,11.9868555
Q0VD32,9913,749106.0,8.927173,7.587374
Q29455,9913,772829.0,13.368163,10.872135
P20456,9913,801599.0,8.078092,12.3024435
P02721,9913,735220.0,10.685342,13.132624
P51143,9913,805347.0,8.381966,9.474063
P04695,9913,807520.0,3.89777,9.251711
Q27975,9913,801582.0,8.250344,11.027751
P0C2H4,9913,785474.0,10.81037,8.838035
P82923,9913,1033242.0,9.938945,7.9273415
F1MYR9,9913,803216.0,9.13416,9.077374
F1N3V0,9913,,7.4804425,11.184835
Q3ZBX6,9913,802724.0,9.511404,13.92611
Q02399,9913,801468.0,13.222842,14.327549
Q28139,9913,726872.0,13.35115,8.521445
Q2YDF6,9913,762890.0,10.211151,12.938129
Q6LDQ9,9913,,12.879951,6.048798
E1BC59,9913,0.0,13.217702,9.979261
Q17R13,9913,0.0,12.002927,8.691761
Q9N0F3,9913,802135.0,11.0554905,9.941373
P48616,9913,755418.0,-0.7096485,14.934825
Q32L31,9913,0.0,16.157446,14.992035
Q8MII7,9913,,16.087435,10.769804
F6RJC2,9913,802285.0,11.129922,9.314753
P18902,9913,752649.0,11.967611,7.35531
P52205,9913,729876.0,11.012369,7.645219
Q29RU1,9913,789439.0,9.589125,13.891028
P21758,9913,739875.0,12.181113,7.1361694
P00415,9913,777846.0,3.6703682,12.454337
U3GLJ1,9913,,17.819517,10.017044
P82925,9913,745961.0,12.066878,9.866583
P48427,9913,805067.0,9.254942,8.437192
Q0VC21,9913,801906.0,9.550112,13.861551
P11019,9913,805554.0,8.048444,10.904377
Q5E9F2,9913,0.0,9.986014,8.235455
Q32PC3,9913,761276.0,9.735977,13.565934
P03929,9913,731874.0,3.8492956,11.966995
P13620,9913,794189.0,10.658361,13.099469
P82919,9913,746117.0,10.183288,8.405421
P61625,9913,739313.0,10.7477665,7.141804
P81401,9913,748326.0,12.161429,5.2803025
P80473,9913,,16.144514,10.819898
P67868,9913,802395.0,11.539095,12.598686
F1N329,9913,759198.0,13.476934,8.71806
Q0IIJ3,9913,792940.0,12.457503,8.784267
Q3ZC04,9913,759055.0,16.244688,10.934481
Q3ZBF9,9913,1027587.0,10.112765,7.9754844
Q32PH0,9913,778616.0,11.326278,9.820836
Q28083,9913,,15.661104,14.106459
P81019,9913,716222.0,12.254357,6.9787226
P00426,9913,830764.0,10.540234,13.127559
P35604,9913,804950.0,10.215177,11.718946
Q76LV2,9913,,11.407262,12.436731
F1MMV1,9913,789189.0,13.381932,8.726134
Q8MJ10,9913,,16.717215,10.545495
P79343,9913,729925.0,14.261952,15.02185
P01252,9913,748991.0,13.635996,10.392861
Q32L75,9913,729786.0,16.023766,10.669899
B5B3R8,9913,831626.0,15.177297,9.902002
F1MWH2,9913,,8.195904,13.412277
F1N3B8,9913,760568.0,11.451849,9.330481
F1MP76,9913,740194.0,13.594369,8.258856
P84080,9913,1027819.0,2.4354422,8.382727
I7CLV3,9913,,10.699726,6.6863008
P00423,9913,761596.0,10.647925,13.252967
Q95135,9913,1027424.0,8.427434,9.191364
Q05688,9913,,11.335687,7.6748867
B1H0W5,9913,737775.0,11.457888,6.6902957
P79345,9913,801326.0,8.303301,10.932898
A4IFT3,9913,740418.0,11.995862,7.4004397
Q03763,9913,736595.0,12.694688,10.169744
P10152,9913,0.0,12.063052,6.7882004
Q2TBI6,9913,759218.0,11.616313,9.438221
A5PJB2,9913,754035.0,10.734158,6.6831274
Q3T0F7,9913,816089.0,10.650812,10.849386
Q0VD18,9913,778094.0,8.853015,7.6369605
Q3SYS1,9913,1033226.0,9.574607,13.786886
E1BMV3,9913,,10.914099,7.0919127
Q5EA32,9913,771782.0,11.166021,8.765476
Q3MHY7,9913,794223.0,10.78889,8.747431
Q2KI41,9913,0.0,10.689446,9.845168
P02784,9913,724932.0,12.234458,6.919804
Q3SYX9,9913,802383.0,10.686725,12.104209
A4FV08,9913,1028813.0,8.301586,7.536896
Q3ZEJ6,9913,801946.0,11.039573,4.768764
Q2NKZ1,9913,1027301.0,8.309339,12.991496
P62261,9913,802070.0,3.9497745,7.398794
Q28113,9913,773004.0,9.568056,7.4465446
Q28198,9913,756384.0,14.243377,15.0051
E1BIM8,9913,793013.0,11.459909,9.82143
Q32PD3,9913,,10.579291,9.570381
P04394,9913,805612.0,7.99216,11.465681
A0A3Q1N1R0,9913,801924.0,10.297284,10.158052
Q29626,9913,0.0,6.7647824,9.720112
P48018,9913,781053.0,10.963725,10.0995245
P11023,9913,801484.0,5.665289,18.79483
Q9TR36,9913,802550.0,9.940489,9.049411
P11017,9913,801468.0,9.8992815,10.56211
P32120,9913,793447.0,8.394082,7.613191
P07456,9913,746688.0,10.835118,5.360049
O77797,9913,733364.0,13.718645,8.782283
P46193,9913,811656.0,8.506655,15.006632
F1MQ39,9913,,11.875312,6.2505627
P60661,9913,801468.0,8.732577,7.976287
P35816,9913,796085.0,9.722396,8.602589
Q9XSK0,9913,,14.414153,8.837463
Q3SX44,9913,805782.0,10.396487,8.375505
P80457,9913,,8.129084,12.045635
F1SWA3,9913,,10.927673,6.6614423
F1MWD3,9913,1027301.0,8.35695,13.03158
P82908,9913,747214.0,12.014959,9.53712
P01223,9913,746178.0,11.648128,6.803929
F1MEW3,9913,738976.0,13.788341,8.847284
P20072,9913,0.0,8.511547,14.995945
Q01061,9913,790178.0,9.6675825,8.532052
Q95KV7,9913,793042.0,10.584964,13.24578
P42891,9913,0.0,10.810927,7.641559
Q32PI5,9913,802228.0,10.528288,10.707727
Q02376,9913,746304.0,10.635969,13.320926
P82670,9913,752473.0,10.038163,8.704278
U3GLD7,9913,7951.0,17.800198,10.03647
E1BEJ3,9913,802631.0,7.966986,12.627056
Q2M2T7,9913,761487.0,11.348539,9.348039
P82926,9913,789479.0,15.674604,10.894416
P79135,9913,804028.0,10.776401,10.441618
Q27974,9913,0.0,12.645017,10.020618
Q3ZBH0,9913,1027301.0,8.440459,8.819497
Q29W19,9913,746484.0,12.156723,5.279309
P79342,9913,0.0,9.584745,8.870446
Q6B860,9913,816012.0,9.700621,13.708448
G3MWM5,9913,0.0,17.916964,13.322181
Q3T0Y3,9913,805156.0,9.176765,11.353841
A5D7B9,9913,0.0,10.417382,10.225721
Q3SWZ3,9913,792959.0,11.05682,12.767277
A7MBH5,9913,801573.0,11.984662,9.281692
Q2F6J3,9913,,10.817784,5.311554
P0DPE2,9913,0.0,10.740541,7.58261
P61157,9913,802746.0,7.9957247,7.194386
P01017,9913,739033.0,11.907345,6.5971427
P00429,9913,715993.0,10.453309,12.859074
Q9TT93,9913,,10.683258,7.096128
B8QGI3,9913,746688.0,10.854617,5.3394356
G3X7B5,9913,792940.0,8.898774,7.517034
Q02373,9913,761261.0,10.541755,12.963706
P02769,9913,739085.0,12.83197,6.3327403
Q29RQ3,9913,0.0,10.141095,9.897091
Q3SYS0,9913,794957.0,9.606951,13.772976
O02740,9913,745576.0,10.938308,8.1319475
Q2TA14,9913,793188.0,11.033742,7.7626376
E1B9D1,9913,0.0,8.971985,7.5581665
P35526,9913,805789.0,13.144148,9.88238
P35507,9913,801468.0,13.302422,13.878299
A6QP74,9913,785347.0,10.296521,7.654079
P29172,9913,0.0,14.029591,9.932148
A7MB68,9913,0.0,13.317181,13.833537
Q2F6J6,9913,,11.9747,6.849637
Q28181,9913,0.0,13.339283,8.6440735
P79255,9913,732577.0,12.030394,6.6110272
Q6PP84,9913,,12.329828,9.873212
P02676,9913,752484.0,12.119012,7.415898
Q2YDI0,9913,1029676.0,8.582484,13.076985
P54349,9913,0.0,12.866816,6.0704403
P03920,9913,801468.0,3.8649504,12.020004
P48305,9913,759746.0,10.809404,13.248343
Q28172,9913,736580.0,12.154672,6.285919
P55156,9913,761495.0,11.717844,7.90206
Q32KY1,9913,801932.0,11.87767,9.401713
P21146,9913,795729.0,11.282896,10.647771
Q05752,9913,779912.0,15.688415,10.779848
Q0R5T3,9913,,13.7684965,8.646587
P17870,9913,793447.0,8.187602,7.370115
A3KMY8,9913,1028961.0,10.429115,7.715965
Q9MZL7,9913,0.0,9.935433,8.213328
P06836,9913,0.0,13.331586,9.308862
P27628,9913,739959.0,12.587476,9.328306
Q6PVY2,9913,,14.826176,10.4059515
P01096,9913,747234.0,10.737852,13.030028
P00157,9913,777846.0,3.6537309,12.476243
Q32S21,9913,,7.2093143,11.928536
E7E1P7,9913,,15.203605,9.901513
A3KFF6,9913,792976.0,12.37461,9.369117
A5PJQ9,9913,,10.248413,10.107089
Q24JZ1,9913,0.0,12.420468,6.544811
Q5E951,9913,804977.0,10.638559,10.890282
Q3T0X9,9913,0.0,13.714828,8.243224
P31096,9913,0.0,14.975882,10.155366
Q9TRY0,9913,802592.0,10.080365,11.4629545
F6RA30,9913,735821.0,9.899473,7.804166
A5PJW8,9913,1027625.0,8.603823,13.436553
Q28109,9913,717388.0,11.761326,6.0487275
Q05588,9913,736551.0,11.946388,6.749522
E1BJB4,9913,804423.0,10.764716,8.94664
O18738,9913,,11.802692,7.3120503
P00517,9913,792940.0,8.992458,7.5237346
P82649,9913,789496.0,11.56507,9.697927
Q0R5V0,9913,,13.759528,8.628123
P48452,9913,802854.0,8.246434,7.5230584
P05632,9913,,16.351572,10.786548
P02453,9913,801468.0,15.662974,14.121365
P46195,9913,1033108.0,8.117572,11.2104225
P68103,9913,1027386.0,7.6301184,12.726776
P79101,9913,804815.0,8.274235,7.4653883
P28327,9913,819651.0,10.1198635,8.928501
P23795,9913,793469.0,10.736191,7.394922
P46065,9913,753938.0,12.245498,14.604149
P27479,9913,1033999.0,10.519075,8.137046
O46469,9913,747191.0,10.376541,8.99843
Q95J56,9913,738351.0,13.447449,8.508643
Q8MJG0,9913,761364.0,11.506528,11.980056
Q28851,9913,759168.0,10.588678,13.372142
Q0VCG0,9913,805584.0,10.632202,13.127071
Q3ZC75,9913,717406.0,8.982524,13.043764
A6QR62,9913,748013.0,10.445058,7.1493382
Q08DN4,9913,792940.0,11.434943,10.638177
P07471,9913,737715.0,10.63544,13.297426
P00766,9913,794303.0,14.311845,15.111901
Q0IIG7,9913,801484.0,5.67128,18.798885
Q95142,9913,801817.0,14.665386,11.079169
Q5I2M5,9913,739336.0,10.38949,6.81374
Q9BE41,9913,793067.0,18.281704,4.8097677
P01239,9913,747375.0,12.895333,6.043943
Q647I9,9913,727176.0,11.831658,8.193099
P07589,9913,752326.0,11.425444,7.0799003
P00760,9913,,14.33116,15.139197
I6WN98,9913,746845.0,12.862325,6.060742
P98072,9913,746994.0,14.2396145,14.992591
G3MYZ3,9913,739085.0,12.876975,6.2332864
Q3ZBU7,9913,1028112.0,8.177915,18.89766
Q6Q144,9913,,11.430161,7.277228
P81287,9913,793299.0,8.496212,15.010571
Q2KI62,9913,789587.0,11.160647,9.710005
P80025,9913,807608.0,11.311293,7.591272
Q2TA24,9913,801571.0,8.830004,12.983407
P25712,9913,,11.94639,9.524032
F1MRS1,9913,793127.0,9.513659,7.685143
P32850,9913,792959.0,11.096325,12.7281475
A0A3Q1MV72,9913,0.0,8.628337,9.36503
Q32LJ7,9913,,11.712386,9.393522
Q9TU03,9913,801988.0,10.011122,9.766819
Q95107,9913,792940.0,11.876807,8.96209
Q2KI49,9913,752834.0,10.743454,12.799222
P13214,9913,793299.0,8.500436,15.01969
P13384,9913,738981.0,11.004735,6.511946
Q2TBR6,9913,801955.0,10.742634,11.836365
Q9XT49,9913,805347.0,8.374521,9.447344
Q9GL77,9913,793956.0,8.682698,9.583876
F2X2F1,9913,0.0,10.8377905,5.3015738
P20288,9913,752662.0,17.891571,13.302053
A7Z035,9913,756280.0,13.146657,10.358075
Q3T052,9913,0.0,11.060748,7.169675
P13621,9913,802530.0,8.144708,11.490366
P62998,9913,802052.0,5.440809,18.994385
P32592,9913,0.0,10.940772,7.3803563
A6QP89,9913,758225.0,10.4817705,9.971724
P55203,9913,736772.0,10.938356,8.2419405
Q59I47,9913,1028549.0,10.416186,8.1346245
Q29450,9913,0.0,11.273282,8.490946
P10175,9913,,10.663021,13.292174
Q9TVA9,9913,,11.929069,6.7719007
Q32LN4,9913,0.0,11.643779,9.4078
Q05927,9913,,10.316758,7.557724
P81125,9913,0.0,9.257785,8.728867
A0A3Q1LRJ2,9913,738776.0,12.743034,6.2050047
Q9BDZ4,9913,,16.332373,10.545747
O18836,9913,778530.0,11.670792,7.1658545
P05631,9913,1032582.0,8.398531,12.81749
A4IFJ7,9913,762842.0,9.312279,7.5791235
Q27957,9913,0.0,12.26797,10.617385
B2Z898,9913,,15.228375,9.889531
Q0R5T4,9913,,13.787662,8.652259
P41541,9913,803193.0,9.288015,8.419204
Q0P594,9913,1027981.0,3.4234052,17.281986
Q2T9X2,9913,1027301.0,8.362465,13.006136
Q9TU34,9913,806030.0,10.208034,9.072208
P10731,9913,,11.492825,7.4668326
P46411,9913,1027424.0,8.4485,9.024076
Q9XSC1,9913,758300.0,10.503665,6.867782
Q00194,9913,790031.0,10.627555,8.974223
O77836,9913,780084.0,9.805415,8.012119
P02722,9913,801800.0,14.507807,14.262654
G8BLB4,9913,737812.0,12.707095,6.2977643
P63212,9913,760396.0,10.94208,12.105333
P38573,9913,752650.0,9.6293335,7.687215
P00435,9913,801892.0,8.242142,10.94586
A7Z063,9913,811321.0,12.552634,9.579243
Q28021,9913,793897.0,12.131623,9.722077
P14099,9913,0.0,10.968666,10.615651
Q08DF7,9913,777989.0,10.581527,10.839126
P32876,9913,717406.0,8.985923,13.064858
Q8WN96,9913,806030.0,10.229435,9.064599
Q4A1L4,9913,803880.0,9.415614,8.375907
Q148J6,9913,801883.0,9.179792,8.547916
Q0P5I5,9913,1028373.0,8.580751,11.190725
P26882,9913,803728.0,8.904992,11.768602
P62803,9913,,0.33765325,6.884993
Q29442,9913,,15.658399,14.118862
O77480,9913,794238.0,10.277547,8.897713
Q5E9R3,9913,802091.0,10.100121,10.8645525
Q02366,9913,830763.0,10.459424,13.298896
Q8SPJ1,9913,789284.0,9.760468,8.654555
P04985,9913,0.0,13.967227,9.605185
P10096,9913,1027400.0,7.394044,12.625984
P62992,9913,802866.0,9.897553,9.735257
P00974,9913,0.0,12.260596,6.973205
P04972,9913,752667.0,16.08683,10.60156
B0LKN7,9913,739511.0,10.31806,7.208992
Q7M2Q7,9913,,15.646645,14.076045
G3MZR2,9913,794522.0,10.45627,7.556149
P60712,9913,1027835.0,-4.671366,9.370638
O46385,9913,0.0,10.133855,8.105241
E1BNE9,9913,803216.0,9.108916,9.251812
P19483,9913,1029316.0,8.055301,13.233006
P17694,9913,1027454.0,8.151713,12.901599
P20821,9913,1027416.0,8.271445,7.410878
Q95123,9913,778055.0,10.199568,8.53831
A6QPQ5,9913,780333.0,10.629726,9.556904
P63099,9913,792950.0,12.248524,14.6210575
P02698,9913,753544.0,11.092772,12.122028
P21793,9913,755730.0,10.428215,6.7272005
P00514,9913,802224.0,8.152594,7.3297315
P81948,9913,1028112.0,8.154002,18.87836
C8V8F5,227321,816196.0,10.081936,11.526821
P56859,227321,1028887.0,7.8570404,11.048906
C8V4E8,227321,1027455.0,7.5044312,11.759825
Q5AWN2,227321,1029505.0,8.718961,11.688278
C8V3K8,227321,801468.0,7.2630687,11.300195
Q5BGS7,227321,802166.0,12.166624,11.341489
C8V0A2,227321,801779.0,9.6069975,9.487016
G5EB28,227321,804561.0,9.830879,10.513046
Q5AVF8,227321,1027450.0,7.6840496,11.008947
C8VMQ0,227321,832025.0,12.655821,10.767054
Q5BG72,227321,478202.0,12.722707,11.254832
C8V9N8,227321,801684.0,11.706571,12.026868
C8VAU8,227321,801706.0,7.3610134,12.315272
C8V1T9,227321,474711.0,11.179727,11.29456
C8VMZ9,227321,466393.0,13.515776,10.935271
G5EB76,227321,798541.0,8.631632,11.65652
Q5BDC6,227321,803332.0,10.391653,11.153377
C8VN86,227321,1027586.0,7.448138,13.176565
Q5B4G0,227321,806128.0,12.75651,11.381547
G5EB64,227321,802064.0,11.652471,11.577639
C8VPQ8,227321,797915.0,10.39147,12.33877
Q00737,227321,802143.0,11.977039,13.783715
Q5AR27,227321,438828.0,8.807111,11.766254
G5EB42,227321,0.0,17.926878,9.948989
Q5BGU8,227321,805147.0,7.0604005,13.385833
Q5BAX8,227321,801489.0,4.272441,7.622593
Q5B5C1,227321,802470.0,10.647422,11.261424
Q5B4X8,227321,805822.0,7.8049235,10.85401
Q5BAB9,227321,802490.0,10.293076,9.686446
Q5B7T4,227321,483822.0,8.849297,11.871831
Q5BA81,227321,439713.0,8.425668,11.696492
Q5AX59,227321,481700.0,10.600513,14.43348
Q5BGN3,227321,807664.0,7.5688944,12.162889
C8VP37,227321,1027344.0,7.7495394,10.881778
Q5B334,227321,438172.0,11.201121,14.423386
C8V199,227321,477525.0,12.3031025,9.041147
Q5AUW6,227321,435002.0,7.614057,11.766124
Q5B5U3,227321,1027267.0,8.798815,13.999728
Q5B158,227321,796085.0,10.338041,11.357091
P0CY41,227321,,8.516857,10.39236
Q5BDW3,227321,475201.0,12.233656,12.618788
Q5BFM4,227321,480804.0,9.313572,12.0555725
Q5AQA4,227321,802010.0,11.099532,12.743107
Q5BG90,227321,475033.0,13.121009,11.238819
Q5B926,227321,794448.0,11.074369,14.506519
Q5B7W1,227321,467130.0,14.04603,5.561155
Q5B601,227321,436036.0,15.41189,10.778649
Q5AQP2,227321,824962.0,10.727078,14.433426
Q5BBW5,227321,1027260.0,7.0578465,12.412881
Q5B360,227321,1027819.0,2.4513829,8.400086
Q5AZN7,227321,801468.0,13.405187,10.93291
Q5AZC8,227321,438541.0,10.743949,14.306228
C8VAZ1,227321,802222.0,7.2423973,11.289809
Q9P905,227321,474980.0,11.632098,11.27052
Q5B5P5,227321,803365.0,7.858244,10.888411
Q5BD61,227321,809042.0,11.064599,11.24428
C8VI81,227321,434733.0,8.710098,11.80369
Q5BAJ9,227321,474731.0,13.110259,10.5051
Q5B224,227321,802157.0,10.98116,11.601951
Q5BBY2,227321,475192.0,13.796347,10.8986
Q5B1J1,227321,1027543.0,7.9292045,11.741375
Q5AX45,227321,1034857.0,10.994635,14.594305
Q5B0C8,227321,479153.0,8.979075,12.007696
Q5B8B7,227321,434478.0,14.394928,9.932232
Q1HFS8,227321,1034094.0,10.750587,14.587975
G5EAS8,227321,465643.0,14.52674,9.558253
Q5AW46,227321,475375.0,9.021619,12.081114
Q5BH30,227321,478773.0,8.924518,11.855212
C8V6P1,227321,472409.0,13.264114,11.580847
C8VRP6,227321,434515.0,12.866082,11.031997
C8V7M0,227321,482940.0,13.605625,10.05228
P28298,227321,1028864.0,8.153132,12.739985
Q9HEY7,227321,1029089.0,7.9774046,11.919285
Q5B2L2,227321,437793.0,14.226803,9.901132
Q00668,227321,435236.0,11.417558,12.81709
Q5ARN5,227321,483200.0,10.769291,14.579923
C8V8U3,227321,792943.0,9.8544445,10.866763
Q5B6I8,227321,801484.0,5.6885195,18.821836
Q5AX38,227321,483178.0,10.751115,14.478337
C8VCU1,227321,475415.0,10.723971,14.459371
C8VHB0,227321,818729.0,9.724417,12.499718
Q5AUB0,227321,482231.0,11.747988,11.20577
Q5B125,227321,475275.0,13.443852,10.960541
Q5AY46,227321,471536.0,9.91561,12.4553995
Q5B3C3,227321,802487.0,8.417113,12.004271
C8V8Z3,227321,478199.0,14.071011,5.599932
Q5AW66,227321,793026.0,8.44584,9.930045
G5EAZ6,227321,1027382.0,8.106302,12.524428
Q5BB47,227321,804940.0,10.699541,11.268275
Q12611,227321,1029088.0,7.4685173,11.122882
Q5B4F5,227321,435503.0,11.459469,14.34463
C8V8B5,227321,802382.0,7.8143625,10.927173
C8V8N6,227321,478011.0,8.977606,10.300668
Q5BFG8,227321,793459.0,7.6565957,12.129217
Q5BA83,227321,803708.0,9.012963,11.767383
Q5B0Q1,227321,802306.0,11.061735,14.024335
Q5BEH1,227321,,9.840658,11.890323
Q5BE28,227321,,9.071887,12.076184
Q5B4B4,227321,482790.0,8.787671,11.515718
P28344,227321,1028866.0,7.7628164,13.601485
Q00664,227321,801468.0,9.865843,10.571576
Q5B6T5,227321,830886.0,12.947259,11.483063
Q5AX28,227321,475117.0,10.783492,14.444475
Q5BH46,227321,801512.0,10.284054,11.427386
C8V7L2,227321,813657.0,8.818669,12.082442
C8VN91,227321,476396.0,8.656729,11.734831
Q5AU62,227321,474584.0,8.831629,12.013411
P52957,227321,434697.0,14.054023,5.5825906
C8VGD6,227321,801989.0,5.7447863,18.683794
Q5BFP0,227321,478551.0,9.039073,10.538826
C8VQ62,227321,832319.0,8.840517,11.975512
Q5BH26,227321,831323.0,12.344934,11.093595
C8VUD1,227321,434680.0,13.752295,10.459915
C8VRL0,227321,824867.0,8.814493,11.555802
Q5BEJ7,227321,438781.0,8.787045,11.960014
Q5B3L8,227321,831938.0,9.027573,11.923232
P27742,227321,803246.0,8.090724,13.269143
Q5B9L1,227321,476368.0,13.497053,9.7792
Q5B358,227321,801615.0,9.382979,11.505061
Q5AY35,227321,467272.0,11.22416,14.2127905
Q5AW19,227321,482175.0,10.8765745,14.54
C8V9R7,227321,481283.0,7.940193,13.0098095
Q9P4U6,227321,828373.0,12.304212,11.273735
G5EAW7,227321,803087.0,8.711849,12.12411
C8V3A3,227321,476940.0,10.589107,11.240088
Q5ATK1,227321,480386.0,9.109518,11.890512
C8VB12,227321,793108.0,9.02692,8.336195
Q5BDP1,227321,804317.0,11.299942,10.463857
G5EB54,227321,802187.0,9.339417,13.966591
C8V8S4,227321,477880.0,11.498917,11.820149
Q5BA61,227321,1034864.0,10.804057,14.618545
Q00757,227321,824090.0,7.702418,10.42857
Q00771,227321,792940.0,11.537005,10.63495
C8VFS8,227321,801468.0,13.112237,14.016721
C8VCR9,227321,792971.0,14.5085,14.257817
Q5BFT4,227321,801667.0,10.406024,11.12467
C8VMF9,227321,802330.0,10.1706295,11.825462
G5EB09,227321,801648.0,8.276729,9.5636
Q9TEM3,227321,802312.0,8.874674,13.291451
Q5BG78,227321,824596.0,10.97528,14.599093
P41764,227321,1027769.0,7.706133,11.17841
Q5B9Y2,227321,803021.0,10.712075,14.490614
Q00706,227321,468288.0,9.656151,12.156922
Q5B163,227321,801590.0,10.522519,10.87152
G5EB67,227321,1029052.0,7.700048,11.049436
A0A1U8QW91,227321,802569.0,8.814697,11.827743
Q5AUX1,227321,469802.0,9.070344,11.853336
C8V645,227321,477671.0,13.102661,11.205852
P60204,227321,801468.0,3.443487,5.1851997
Q5AYC2,227321,801738.0,6.953656,11.015196
Q5AY78,227321,802701.0,7.8334374,12.405079
C8VAX8,227321,466569.0,14.2162695,10.375654
C8V1M3,227321,793108.0,10.194114,11.032462
Q5BF83,227321,1036150.0,7.7870464,11.520039
Q5BCC6,227321,,10.571523,14.475219
Q00743,227321,807520.0,3.8944364,9.25203
C8VHC8,227321,804664.0,8.5455,11.45067
Q5AXD9,227321,434511.0,11.326121,14.562484
C8VLM4,227321,,11.096662,12.730195
C8V1D1,227321,802012.0,7.7661047,11.634886
Q9P4R5,227321,477892.0,10.656751,11.153849
C8VTS4,227321,479135.0,13.560744,10.30112
Q9P8I0,227321,801556.0,7.6936226,11.79713
C8V7P4,227321,468507.0,8.973226,11.900333
O74252,227321,474690.0,13.728599,10.27953
Q5BAP5,227321,468210.0,11.223952,14.566794
Q5B2V8,227321,793320.0,8.12036,11.584661
Q5B0I6,227321,435081.0,10.767878,14.390075
G5EAW8,227321,802076.0,10.383849,11.126978
C8V264,227321,1027912.0,7.8472795,12.222816
Q5ASX5,227321,792970.0,8.3553095,11.893743
G5EB49,227321,802310.0,10.847239,10.522165
Q5B2G3,227321,1034947.0,10.787155,14.566412
Q5AVN4,227321,,10.774639,14.631403
Q9P931,227321,802128.0,7.5572557,11.778502
Q5B4D5,227321,476461.0,13.192713,10.496577
Q5BAA2,227321,830784.0,10.758851,14.591268
Q5AVE5,227321,434511.0,11.207014,14.533988
O00098,227321,802312.0,8.854676,13.306978
Q5BH32,227321,434697.0,14.056575,5.5806675
C8VP84,227321,831990.0,8.990598,10.369101
Q5AWN4,227321,803804.0,11.59322,11.1993065
Q5AYN9,227321,801708.0,10.467372,10.826106
Q5ASG1,227321,808156.0,11.103327,12.748258
Q5B5W6,227321,801800.0,14.508489,14.258309
Q96WY0,227321,475028.0,5.775648,18.656439
Q5AYI6,227321,805095.0,7.748713,11.226315
Q5AUY3,227321,434825.0,8.875114,11.955102
Q92412,227321,803384.0,7.720034,10.986346
Q8TFN1,227321,802136.0,9.353314,12.172312
Q5BE08,227321,1027288.0,8.028521,13.567871
Q5BBF1,227321,802599.0,10.762276,11.242019
C8VTA5,227321,807992.0,11.686011,11.0996895
O43100,227321,804897.0,7.616152,10.433626
P28346,227321,475412.0,11.184308,14.425635
Q5BAH2,227321,801994.0,10.943532,11.3099375
A7XRY6,227321,,9.026392,12.000436
C8V3W5,227321,474834.0,10.978185,11.415916
Q5AZ57,227321,1037824.0,7.8397107,12.069889
C8V9H0,227321,466200.0,14.449639,9.674018
Q5BFD3,227321,801764.0,7.5829525,11.365597
Q5B8L8,227321,1027390.0,7.669155,10.730322
O93937,227321,793262.0,7.790396,13.455862
Q5B1Y9,227321,1027245.0,8.813858,14.014466
Q9Y708,227321,484466.0,12.928138,11.466515
C8VMY3,227321,802328.0,9.243018,8.583384
C8V3C2,227321,802872.0,10.69854,10.91073
Q5BE39,227321,,10.042501,11.625182
Q96WX8,227321,802320.0,7.645355,11.520284
Q5B8L7,227321,801521.0,8.300107,9.377216
P17120,227321,477599.0,12.593903,10.646187
Q5AWZ9,227321,809238.0,10.609421,14.478313
Q5ASA0,227321,477650.0,11.454972,9.457918
Q12526,227321,792948.0,5.572235,18.881285
Q5B0P7,227321,1033191.0,8.491442,12.590732
G5EAS6,227321,474887.0,12.537704,10.730806
Q5B7U2,227321,803474.0,10.73402,14.608201
Q5B0F7,227321,801468.0,11.271983,10.489995
G5EB27,227321,801707.0,10.718437,14.501717
C8VA57,227321,807652.0,7.6890717,11.811179
Q5B0J1,227321,801616.0,10.714107,14.5548725
Q5BAU9,227321,1034864.0,10.805706,14.637068
Q870L3,227321,801563.0,7.930196,9.26885
C8VGV3,227321,434511.0,13.052781,10.549964
Q5AZK7,227321,830853.0,10.935043,14.432662
Q5AUN2,227321,793225.0,10.711494,14.453753
Q5B0Q8,227321,1027281.0,7.9567647,15.855192
Q5BGH1,227321,802155.0,10.347711,11.016216
C8V0D4,227321,468869.0,8.651279,11.744698
Q5B3G0,227321,801514.0,8.532569,9.942079
P38094,227321,828576.0,9.014693,12.071498
C8V321,227321,831262.0,9.097264,12.727862
Q5AWY7,227321,1027831.0,7.398051,11.777181
Q5BGR9,227321,801723.0,9.626942,10.802648
Q9Y875,227321,806486.0,7.8272405,11.031623
G5EB61,227321,804714.0,7.99155,11.264506
C8VMJ6,227321,824536.0,10.700644,14.498055
Q8X1Z7,227321,480039.0,7.9117785,9.295109
C8V0H5,227321,474866.0,10.178205,12.117084
C8V793,227321,802620.0,9.625496,11.367557
C8VIR1,227321,477637.0,12.770583,10.79388
Q5BGS3,227321,804751.0,7.8990383,6.1406703
C8VEZ2,227321,1033144.0,15.687368,10.899358
P18695,227321,1028112.0,7.5258675,10.403049
G5EB11,227321,801507.0,10.699001,14.50381
C8V1V3,227321,801922.0,7.8312335,11.804499
Q5BBG0,227321,802913.0,10.541766,10.887546
Q96UL8,227321,1033240.0,7.9824967,13.712406
Q5BD38,227321,483665.0,7.5364523,13.625167
Q5BC09,227321,793449.0,10.65702,12.750922
C8VF00,227321,467023.0,8.893484,11.835559
C8VRX0,227321,466796.0,13.146883,11.2448
C8VBH4,227321,801671.0,11.600132,11.641649
Q5B1C0,227321,830881.0,11.213878,14.43382
C8V7D1,227321,801468.0,13.215663,14.275905
Q5AW79,227321,803558.0,9.832697,12.70553
G5EAY4,227321,802052.0,5.4566126,18.983938
Q5BCU2,227321,793081.0,8.090738,11.613139
C8VF02,227321,802598.0,10.43549,11.348311
C8VB89,227321,794372.0,11.738361,10.792202
Q5AU15,227321,793295.0,9.3536415,12.066111
Q5B440,227321,801537.0,8.301011,12.076172
C8VTU6,227321,439250.0,13.836599,10.837277
P17624,227321,811244.0,10.311342,11.9192095
C8VQG9,227321,466177.0,9.217021,11.7544
P10069,227321,438602.0,14.661373,9.469919
G5EB56,227321,468879.0,8.928569,11.951569
Q5BE62,227321,801852.0,11.181614,8.912166
Q5B587,227321,831985.0,11.860476,11.249525
C8V6E2,227321,1037219.0,10.737317,14.56887
C8V4B0,227321,475107.0,11.301609,13.106439
Q5BDV3,227321,1028839.0,7.7579484,11.31322
Q5BA93,227321,1037839.0,10.763886,14.565463
C8V1R3,227321,466140.0,13.656183,10.301842
C8V173,227321,477532.0,9.796139,11.9125185
G5EB74,227321,478486.0,9.66662,11.923736
Q5BFG1,227321,803681.0,10.679814,11.002892
G5EAS5,227321,433497.0,14.6041975,9.782734
Q5BCK1,227321,466456.0,14.040995,5.5611305
Q5BF72,227321,805502.0,10.347192,11.1884985
Q5BBX7,227321,1027835.0,1.4752213,5.4862
Q5AVY9,227321,468585.0,10.905139,14.589258
C8VQ71,227321,435180.0,11.791022,12.35378
Q5BEM5,227321,484744.0,11.856293,11.185564
Q5BGR2,227321,,10.722139,11.119541
Q5BET8,227321,793062.0,7.105508,11.410472
C8V449,227321,808171.0,7.708685,12.264927
Q00667,227321,801525.0,9.734655,12.71668
Q5ASH9,227321,,12.898788,11.04663
Q5BBX1,227321,439184.0,13.716079,10.231867
C8VS78,227321,466857.0,14.048461,5.5597405
G5EAT5,227321,436447.0,14.57501,9.736228
O74288,227321,1033709.0,10.955055,14.568644
O42777,227321,482027.0,9.035852,11.430802
Q9Y7B3,227321,831954.0,11.809773,11.249295
Q5BEJ2,227321,483069.0,11.674739,11.284296
C8VBC1,227321,474548.0,12.181088,11.247653
P33282,227321,1029389.0,8.368042,12.641906
P22944,227321,823653.0,8.068636,11.258207
P24634,227321,1028112.0,8.158945,18.875141
C8V089,227321,803008.0,16.388777,10.794774
Q5AW25,227321,479618.0,7.941696,13.321092
A7XRY8,227321,807589.0,8.116971,11.761504
Q5BGS1,227321,1027419.0,8.290143,11.965735
O43123,227321,802275.0,9.203675,12.681676
G5EAY5,227321,439294.0,13.77561,10.401856
Q5B6H7,227321,1033130.0,8.438524,12.127792
P08158,227321,803087.0,8.447688,12.0573435
P30583,227321,482008.0,7.810347,10.57162
Q5BFA4,227321,1027353.0,9.097987,14.03053
G5EAY3,227321,802996.0,7.766958,11.018924
Q5B0Y2,227321,474795.0,10.680222,11.230435
C8V7G9,227321,439224.0,13.410801,11.113434
C8VD04,227321,469130.0,10.842095,14.444725
C8VHB2,227321,482698.0,11.707558,12.216742
Q5B3B1,227321,802648.0,12.639001,11.455646
A0A1U8QH20,227321,479058.0,9.057441,11.864318
P24633,227321,1028112.0,8.154801,18.877493
G5EB26,227321,477620.0,12.947845,10.932188
G5EB21,227321,440189.0,14.048027,5.5607777
Q12555,227321,805173.0,6.9624634,13.430483
G5EB75,227321,475096.0,10.961193,13.181995
Q5AU60,227321,477557.0,12.420526,11.412701
Q5AVR1,227321,467834.0,11.081571,14.530672
Q5AX00,227321,468585.0,10.801478,14.597226
C8V1V6,227321,832329.0,13.598613,10.9640255
Q00083,227321,478523.0,13.398214,11.045105
C8VUP5,227321,801782.0,10.417298,10.815107
Q5AVZ7,227321,475257.0,10.787049,12.844231
C8VEZ6,227321,1028662.0,7.750406,13.582254
Q5ARF0,227321,479004.0,10.994854,14.129613
Q5AXD0,227321,477687.0,13.259902,11.191644
P04828,227321,1027829.0,7.2086897,11.498862
C8VNL0,227321,477603.0,10.740155,11.259923
C8VT14,227321,482789.0,12.741944,11.465668
C8V7I0,227321,1027538.0,8.613501,12.589739
Q00784,227321,479433.0,9.14709,11.7093315
Q5B0X2,227321,477295.0,14.04877,5.5624037
C8UZY3,227321,801669.0,10.918915,11.14235
Q5BAV0,227321,479710.0,10.889846,14.31476
Q5B0C0,227321,1027381.0,8.218232,11.244387
Q5AU26,227321,478724.0,9.230372,12.049677
C8VPD7,227321,482816.0,13.287994,11.15373
C8VHD4,227321,482337.0,13.179686,11.148115
C8V020,227321,793270.0,11.657591,11.865631
P36011,227321,832285.0,13.635699,10.280647
Q5AYG1,227321,793066.0,7.6922956,8.921461
C8VLZ3,227321,468976.0,10.706083,14.494985
Q5ATW8,227321,474585.0,10.226682,7.5184283
P11977,227321,1027397.0,7.1925173,11.575221
Q5B7U0,227321,820327.0,10.7646265,14.623196
P28348,227321,474860.0,14.040492,5.5717325
Q5B3U7,227321,801630.0,10.290177,11.124972
C8VJ72,227321,830791.0,13.443525,10.764491
C8VRM0,227321,802272.0,10.285019,10.679734
P16000,227321,822233.0,8.939655,13.03973
Q5AT15,227321,806486.0,7.7241564,10.839956
C8V0C1,227321,474865.0,12.864237,10.191276
Q5B9K7,227321,465738.0,11.934039,11.197944
Q5B7X2,227321,810306.0,10.789256,14.579057
C8VQL3,227321,476275.0,13.279399,11.094574
Q5BBG1,227321,802181.0,8.859317,9.930395
Q5B548,227321,832107.0,9.043029,10.385804
C8VP05,227321,801726.0,9.887627,10.716496
Q5B1L6,227321,803352.0,9.515631,12.0677
Q5BAP3,227321,438122.0,10.720992,14.455425
Q96VT4,227321,1028300.0,9.486262,12.6509
C8VTT5,227321,1033261.0,7.4874144,10.493767
C8VBM8,227321,475244.0,13.352194,10.865258
C8VUB6,227321,802959.0,7.6757193,10.811632
Q00646,227321,801468.0,13.188046,14.280257
Q5AR34,227321,809207.0,8.949857,12.32095
C8VAU1,227321,434548.0,14.6149845,9.680452
C8VG23,227321,437930.0,14.428205,9.300926
Q12553,227321,802606.0,8.151655,12.132346
Q5AWI5,227321,801507.0,10.658932,14.499575
G5EAX6,227321,438876.0,8.868007,10.688556
G5EAX9,227321,476928.0,13.32177,11.00129
C8VI80,227321,792933.0,8.144175,12.048856
P25415,227321,830903.0,8.971458,12.041624
Q5B082,227321,801928.0,7.4334855,11.461021
Q5BCX8,227321,475091.0,11.115166,14.5601225
G5EAS9,227321,816071.0,7.795034,10.955054
Q12609,227321,467287.0,8.654988,11.688024
P38096,227321,1028379.0,7.326716,12.25335
Q5BDC1,227321,793056.0,8.307332,10.803473
Q5B0P6,227321,1027990.0,9.135359,12.021429
Q5BF86,227321,474890.0,12.445854,11.1461735
C8VAL9,227321,815838.0,8.223259,7.4573183
C8V2B0,227321,802531.0,9.5370035,11.757031
C8VSQ3,227321,1027293.0,7.438278,12.919622
P79020,227321,803092.0,10.469316,10.622062
C8V329,227321,820466.0,8.047499,9.380435
Q5AST3,227321,1028302.0,7.584844,11.155682
Q9Y8C2,227321,474940.0,8.133096,11.783095
Q5B833,227321,,10.732517,14.517006
G5EB89,227321,801710.0,10.200544,10.733066
P30303,227321,475451.0,13.506585,10.935116
C8VA09,227321,437943.0,14.050063,5.5572605
Q5BFF9,227321,832259.0,16.062437,10.730803
C8V523,227321,1028014.0,6.9606647,12.86065
Q5BD89,227321,807491.0,10.432607,11.211398
Q9Y8C1,227321,806075.0,9.348578,12.08041
Q5B3G3,227321,482335.0,11.9820175,11.17144
Q5AX93,227321,1037995.0,7.493952,13.587031
Q5AXC9,227321,802203.0,7.6910663,11.649048
Q5AZ85,227321,480042.0,10.874538,14.4685
G5EAW6,227321,465717.0,13.473368,10.824136
Q5AQM4,227321,801934.0,10.252441,11.442649
C8VRM5,227321,802266.0,8.798943,11.867148
Q5B2R8,227321,1027857.0,7.317921,11.163185
Q5B2F7,227321,467126.0,8.142656,12.06909
C8V8H4,227321,801468.0,12.379203,10.822498
C8V9B5,227321,793150.0,11.323937,10.886388
Q9P896,227321,467960.0,10.043957,11.571667
Q5B823,227321,479412.0,11.629181,12.591714
Q5AUX2,227321,830832.0,10.783476,14.553911
Q8NK02,227321,807954.0,11.00864,14.568986
Q5B6G6,227321,832260.0,10.390317,11.470517
Q9C3Y4,227321,802052.0,5.4591765,18.97489
C8VUL7,227321,,11.118463,14.148325
Q5BH98,227321,476349.0,12.255676,11.252871
C8V3I9,227321,1034140.0,7.6643395,11.920686
Q5BH99,227321,801468.0,9.877908,10.546717
Q00675,227321,467853.0,6.4259515,13.53028
Q5B037,227321,478981.0,10.805349,14.625174
G5EB62,227321,483125.0,10.4305525,11.123081
Q5AQN1,227321,475498.0,13.105207,11.17
Q9P419,227321,801468.0,13.176215,14.210586
Q5B018,227321,801999.0,8.642816,9.878352
Q5AZ32,227321,434578.0,9.080574,11.907172
Q5AQQ0,227321,467813.0,10.68403,14.568681
Q5BDU5,227321,1034094.0,10.738832,14.576095
C8VT43,227321,478257.0,9.679198,12.5943985
P08157,227321,1027603.0,6.8589063,12.026869
G5EAY1,227321,792940.0,13.047851,11.020798
Q5B953,227321,466624.0,13.4227295,10.954685
Q5AWS8,227321,482541.0,13.357064,10.845989
G5EB34,227321,1033261.0,7.2707987,11.392882
A7XRY3,227321,468424.0,9.938143,12.449239
Q5AYD5,227321,802545.0,10.8574915,11.045987
Q5B424,227321,793067.0,12.458682,10.650669
G5EB23,227321,794175.0,10.844069,12.987455
P23754,227321,801785.0,0.39636362,6.8305116
C8V4D4,227321,484017.0,10.136702,10.641605
Q5AVS0,227321,477987.0,14.045221,5.565308
Q5B9Q0,227321,477651.0,8.456886,9.696157
G5EB57,227321,1027831.0,7.4145412,11.803792
C8V2A5,227321,474518.0,13.492307,10.9839735
Q5B041,227321,1027301.0,8.398207,12.990521
Q01981,227321,830889.0,14.451432,9.674767
Q5B671,227321,436536.0,11.3356,14.466213
Q5AS68,227321,793067.0,9.998439,9.773491
Q5B460,227321,478750.0,10.667099,11.21806
Q5ARE6,227321,483106.0,10.789392,14.638278
Q00770,227321,802464.0,8.657353,12.393785
Q5BEI0,227321,1027540.0,7.019736,12.233857
Q5AVD7,227321,476322.0,9.439682,10.411888
C8VU74,227321,439248.0,11.658236,11.11826
P10653,227321,1028112.0,8.199942,18.923796
Q5AR31,227321,433551.0,11.822162,12.413372
Q5B6V2,227321,803373.0,7.6975923,11.343296
C8VRQ4,227321,1027548.0,7.255564,12.856005
P17489,227321,466783.0,10.730402,14.478555
C8VQ61,227321,477617.0,9.623051,12.273228
Q5BEX9,227321,478608.0,10.710323,14.479815
G5EB63,227321,468318.0,14.051829,5.5560594
Q870L2,227321,436020.0,7.9037757,9.286306
Q5BBM1,227321,434870.0,14.754582,9.601012
Q5AVT2,227321,480122.0,10.949537,14.548613
Q5AUW5,227321,481711.0,10.717194,14.460298
Q96VK3,227321,475186.0,12.847787,11.110112
C8V3B2,227321,,10.735974,11.099062
Q00645,227321,830787.0,10.806306,14.634971
Q5ASP0,227321,,12.49562,11.504238
P10563,227321,437787.0,14.050704,5.5646763
Q5AVY3,227321,482793.0,12.467268,10.871677
Q5ASJ3,227321,793066.0,7.6888647,8.92369
Q5B580,227321,831293.0,15.681671,10.94741
Q5B4M9,227321,802070.0,3.9380622,7.4266305
Q5B8H6,227321,475086.0,13.180908,11.137046
C8VQ98,227321,434519.0,8.772473,11.941154
A0A1U8QGV2,227321,468886.0,8.896639,11.96024
Q5AZ10,227321,829266.0,10.760377,14.589141
P78617,227321,479554.0,10.709948,14.513782
G5EB22,227321,474553.0,13.571752,10.963624
Q5BEK7,227321,484268.0,12.6538725,11.203515
Q5AS72,227321,475185.0,13.894926,11.0293865
G5EAY6,227321,1027285.0,8.834866,12.722417
A7XRZ1,227321,,9.141047,11.836531
Q5ATJ0,227321,477652.0,8.616299,9.839108
Q92203,227321,1028114.0,7.9949565,12.212123
Q5BEJ5,227321,435215.0,10.726648,14.473749
C8V1Q0,227321,826666.0,9.4607,11.888367
Q5ATN7,227321,801973.0,9.306164,12.124458
G5EB03,227321,801507.0,10.676763,14.541208
Q5BAJ4,227321,1028132.0,8.001787,13.32128
C8VK89,227321,466593.0,12.887423,11.12232
Q5AZV1,227321,801498.0,9.866742,10.960932
Q5B6Q6,227321,432867.0,7.761866,13.633511
Q51485,208964,992273.0,4.2051673,14.46953
Q9I6Y9,208964,,5.048933,13.735537
G3XCX3,208964,,6.3791966,12.970225
Q06552,208964,961503.0,7.286444,13.881656
Q9HYN9,208964,991415.0,6.7735925,13.855708
Q9I189,208964,1036222.0,4.653971,13.894534
Q9I2E8,208964,951109.0,15.02384,11.211148
Q9I710,208964,,12.005545,13.212921
Q9HXN8,208964,,5.6885977,13.359445
P55218,208964,990766.0,6.5945816,12.227959
Q9I5M1,208964,,6.6973443,13.676971
Q9HVR7,208964,,4.319578,12.645912
P14532,208964,992261.0,7.211227,13.616907
P09786,208964,992122.0,5.990198,12.584375
Q9HU85,208964,1030183.0,6.367621,12.557566
Q06579,208964,986860.0,16.125454,11.044795
Q9I0F4,208964,991967.0,6.8097053,13.822234
Q9HTB5,208964,,6.874434,13.870478
Q9HVC0,208964,949268.0,4.228181,14.470176
P48632,208964,,4.2127423,14.468471
Q9I544,208964,,5.5870595,12.880735
Q9HXE4,208964,,6.097117,13.018199
Q9I3G3,208964,,7.5122213,10.449
Q9I2E9,208964,990888.0,5.10908,14.441761
Q9I6J2,208964,,6.681277,12.124831
Q9HYV7,208964,,6.669428,12.265505
Q9HUW6,208964,,4.3630276,13.545762
Q9HU50,208964,,4.8343415,13.974639
Q9HXU3,208964,,7.43508,13.618341
Q9I326,208964,,16.171198,10.968304
P22567,208964,1027451.0,5.698657,12.835103
Q9HXC2,208964,,6.024756,13.375683
G3XD20,208964,,4.827604,13.911177
Q9I6J9,208964,1028587.0,6.2854214,12.811776
P38100,208964,1027591.0,6.804002,12.434066
Q9I0P6,208964,,5.49875,13.590705
P18895,208964,961311.0,4.2712817,14.493009
Q9I299,208964,990916.0,5.9299455,13.004524
Q9I6G3,208964,,4.3786902,14.477988
Q9HTH5,208964,,5.493027,13.144736
Q9HX83,208964,1030684.0,4.5012026,12.637854
Q9HWA4,208964,,5.349862,13.522827
P52003,208964,987243.0,5.5573587,13.655087
Q9I546,208964,951473.0,16.119368,11.007577
Q9I6J8,208964,1035427.0,6.9069524,13.061344
Q9HZV2,208964,,5.1699076,14.413607
Q9I689,208964,,12.163164,11.193409
Q9I1N8,208964,990752.0,7.440605,13.55379
Q9HY77,208964,991468.0,7.424241,12.215456
Q9HTQ3,208964,,5.7787404,13.185404
Q9HZJ8,208964,961780.0,5.1525574,13.468928
Q9I6R8,208964,,4.5302105,12.722944
Q00513,208964,1036182.0,5.183252,12.615523
Q9I235,208964,,6.2691894,12.620689
Q9HWA5,208964,990855.0,4.6297855,12.909907
Q9I016,208964,1027240.0,6.6800427,13.422006
Q9I6D8,208964,1006347.0,6.674094,12.610075
Q9HV50,208964,990696.0,6.642123,12.5820055
Q9I5N7,208964,1033135.0,5.56226,14.603525
G3XCY1,208964,,5.6303797,12.950978
P23747,208964,983331.0,5.92844,13.181486
Q9I6H0,208964,,6.241785,12.812791
Q9I2A0,208964,,6.5637045,12.704889
P33639,208964,983284.0,5.056961,13.344885
Q9HT86,208964,,5.0234356,13.87024
P49988,208964,991419.0,5.6020746,12.660017
Q9HTQ0,208964,988180.0,6.408281,13.018879
Q9I1Y9,208964,,6.9537215,13.674094
G3XCZ0,208964,,5.02469,13.616794
Q9HY46,208964,1030183.0,5.6183467,13.768609
Q9HZ34,208964,,4.9916806,13.507094
Q9HWT7,208964,,7.96936,13.261733
Q9I589,208964,,5.060188,14.391078
Q9HZH6,208964,949057.0,15.294714,11.003684
Q9I0Q6,208964,990642.0,6.152096,12.968769
Q9HXA4,208964,994834.0,4.9497657,13.968577
Q9HZ17,208964,994056.0,6.1642833,13.004771
Q9I3L9,208964,988161.0,4.707341,14.196094
Q9HVR6,208964,,5.941163,13.344453
G3XD80,208964,,5.9709306,12.536931
Q9HV31,208964,,5.005852,13.523283
Q9K3C5,208964,990642.0,4.82713,14.072952
Q9I6Z9,208964,,5.2546315,13.345761
Q9I3B2,208964,,6.701995,12.179982
P54291,208964,983416.0,6.2457557,13.499581
G3XD61,208964,,6.5887194,12.281758
Q9I3H5,208964,,6.2138295,12.559667
Q9HW91,208964,,4.0689344,13.507014
Q9I0F2,208964,1028550.0,4.873572,13.753186
Q9I5I9,208964,1029756.0,4.935102,13.971205
Q9HVA8,208964,,4.748568,14.179508
P29365,208964,1030657.0,6.402979,12.1913
Q9I1M8,208964,1022862.0,4.4221125,12.514829
G3XCZ6,208964,,6.2478986,12.357302
Q51372,208964,1015883.0,5.0428343,14.384071
Q9I322,208964,991091.0,16.166359,10.947537
Q9HUG5,208964,,6.67972,13.704788
Q9I433,208964,990887.0,6.375839,12.603212
Q9ZFE4,208964,990764.0,6.966264,12.752186
P29248,208964,990729.0,5.3454456,13.169074
Q9I609,208964,,5.053631,14.108952
Q9I4V0,208964,807564.0,6.5633745,12.80984
Q9HTE2,208964,,6.001511,13.106942
G3XCV1,208964,,5.3104205,13.110794
Q9HUJ8,208964,990743.0,7.041794,13.572655
Q9HYY3,208964,992193.0,4.8263793,13.957972
G3XD89,208964,,4.1917973,14.467556
Q9HWK6,208964,985307.0,5.132972,14.504922
Q9HZG1,208964,992125.0,4.850007,13.958685
Q9HVS2,208964,,5.584209,13.094552
Q9I1W5,208964,988161.0,7.106963,13.583838
Q9HXM5,208964,,6.9232035,12.814285
P77915,208964,990754.0,6.231625,12.7361765
P25060,208964,995303.0,4.9103637,13.71694
Q51559,208964,983468.0,6.744488,13.833537
Q9HT87,208964,,5.117268,13.501517
Q9HW69,208964,,5.2034345,13.536117
Q9HU94,208964,,7.4384756,13.852455
Q9I6H4,208964,1030185.0,6.642441,12.440836
Q9HUY3,208964,,5.9605966,13.163994
Q9I2C8,208964,,5.0050373,13.5054245
P0DPC1,208964,,6.0148034,12.639195
Q9I3L8,208964,,4.8189797,13.994939
Q9I5N9,208964,1028373.0,6.169354,13.111746
Q9I487,208964,1039920.0,4.282636,12.659144
Q9HUX1,208964,991457.0,6.3083816,12.913523
Q9I150,208964,1027312.0,5.6366405,13.340802
Q9HYJ5,208964,988960.0,5.297505,13.183644
P52002,208964,990653.0,5.123754,12.325444
Q51391,208964,1029445.0,5.5021896,13.025556
Q9I183,208964,,4.922801,13.0453005
Q9I5U2,208964,991267.0,4.252531,14.474023
Q9HXS0,208964,,5.61824,13.714731
Q9I6I6,208964,990928.0,4.965361,14.117019
Q9I2T3,208964,,4.758085,14.135231
Q9HXB2,208964,,4.22656,14.468827
Q9I2F6,208964,990979.0,4.2886,12.629647
O82853,208964,990742.0,7.182329,12.898148
Q9HTF3,208964,,6.3623953,12.490529
Q06553,208964,1039737.0,6.7644978,13.547106
G3XD78,208964,,7.2997093,13.898831
Q9HTQ2,208964,1028783.0,5.997647,12.498301
Q9HV74,208964,,4.79691,12.931012
Q00516,208964,983352.0,4.9528933,13.617351
Q9HTP6,208964,,5.7232003,13.419401
Q9ZN70,208964,991049.0,5.6600804,12.925072
Q9HWJ7,208964,,5.467184,13.187525
G3XD48,208964,,6.6644335,13.750876
P21627,208964,988196.0,4.26105,12.55063
Q9I1X7,208964,950637.0,7.1627316,13.733615
Q9I3B1,208964,,5.0621886,13.427816
Q9I524,208964,,5.659129,12.581705
Q9I1N2,208964,1040200.0,7.354205,13.593942
Q9HUI9,208964,,6.1946754,12.640668
P55222,208964,990642.0,5.533512,12.891588
Q9HUG2,208964,,6.6117086,13.753589
Q9I700,208964,,6.6400337,12.13618
Q9HTL2,208964,,5.4394727,13.105905
Q9HUM0,208964,1038720.0,7.892326,10.395416
P26995,208964,987293.0,5.446278,13.6378355
Q51508,208964,991459.0,5.602915,13.10777
Q9HUA1,208964,,4.681034,14.227182
Q9I4R9,208964,,6.236375,14.019804
Q9HYF1,208964,,6.9541616,13.493915
Q9HYC2,208964,,15.128009,11.1665745
Q9HUG1,208964,988520.0,6.29578,13.337979
Q9HTI5,208964,,7.2200675,13.224938
Q9HZE8,208964,,5.156824,13.5600815
Q9I317,208964,960091.0,15.848925,11.269517
Q9HX08,208964,1027489.0,6.446808,12.816436
P15275,208964,1026475.0,5.275174,13.546167
Q9I5I6,208964,,6.290362,12.370561
Q51423,208964,1033112.0,7.2178183,12.940202
Q9I4F5,208964,990646.0,4.48932,12.527687
Q9HTY2,208964,,6.4552903,13.002687
P95434,208964,987290.0,10.541692,12.134147
Q9I291,208964,990688.0,6.9737864,12.594237
Q9HV34,208964,993843.0,6.5949006,13.63358
Q9I262,208964,992073.0,6.1793714,12.860206
Q9I2U3,208964,1028544.0,9.374134,15.389872
G3XD58,208964,,6.676065,13.841228
Q9HVB9,208964,,6.257664,12.837466
Q9HVD2,208964,,5.7943435,12.898716
Q9HUF5,208964,,5.869701,12.606336
P06200,208964,984839.0,7.11306,13.717306
Q9HUK9,208964,,6.187781,12.716686
Q9I509,208964,990804.0,6.2834854,12.909321
Q9HV88,208964,,4.2147245,14.477266
Q9I2F2,208964,,5.115985,14.431999
Q9HVG6,208964,990642.0,5.13415,14.472798
Q9HTR3,208964,,4.403373,12.576649
G3XD55,208964,,14.960975,11.135407
G3XDA3,208964,,4.0732126,13.504843
Q9I5W4,208964,1030657.0,5.066647,14.424767
Q9HZ81,208964,950795.0,6.2159553,12.975905
Q9HUG6,208964,983845.0,4.7759466,13.118623
Q9I2N0,208964,991079.0,5.6948447,12.9235735
Q9HW35,208964,,5.225632,13.370795
Q9I0I6,208964,1034446.0,4.055137,13.496
Q9HT74,208964,,5.3969984,13.161781
Q9I0F3,208964,,6.6881013,13.589505
Q9HU21,208964,,6.1232376,12.567632
Q9HV49,208964,992118.0,6.345475,12.539944
O50177,208964,,6.152776,13.008834
Q9I5D1,208964,,5.261887,13.738079
P72139,208964,992123.0,6.997483,12.580866
Q9I2C9,208964,,5.154726,13.444156
Q9HUK1,208964,990751.0,6.476501,11.818996
Q9HW23,208964,,6.651364,13.70198
Q9HXY3,208964,1033245.0,4.9514875,12.804444
Q9I551,208964,,6.082519,13.283842
Q9HUF6,208964,,6.076471,12.577029
Q9I072,208964,990642.0,5.491388,13.252223
Q9HZ59,208964,992222.0,6.035667,12.472464
Q9I169,208964,,7.3830132,13.896335
P96956,208964,961312.0,5.173715,14.248696
Q9HW47,208964,991008.0,5.996644,13.414391
Q9HT33,208964,,6.1829267,12.407312
Q7DC81,208964,,6.092549,12.532936
P25084,208964,1038882.0,5.570943,13.524559
P20581,208964,990740.0,6.5652003,13.864329
Q9I4F9,208964,,9.373744,15.392455
P42512,208964,990774.0,4.228496,14.466458
Q9I7C1,208964,950874.0,6.0649657,13.174571
Q9I2W5,208964,993122.0,9.7476425,12.001498
Q9I3G2,208964,991606.0,7.311252,13.502059
Q9HXC7,208964,,4.8899436,13.866994
P26993,208964,990642.0,5.4820333,13.602198
Q9I647,208964,990650.0,4.8138914,13.797009
Q00515,208964,995272.0,4.9400644,13.664989
Q9I4X1,208964,,6.8815894,12.450119
Q9I1Y7,208964,,4.910763,14.472623
Q9I194,208964,992292.0,4.9403944,14.146546
Q9Z4J7,208964,990642.0,5.043079,14.088621
G3XD50,208964,,4.395685,12.692829
G3XD10,208964,,6.117087,13.09421
Q9HUF8,208964,,6.35632,13.698376
Q9HT43,208964,,4.4002995,12.527441
Q9I6J7,208964,,5.7081566,13.835267
O50274,208964,990677.0,6.2102222,12.235671
Q9HWU0,208964,,6.5155025,13.156069
P72131,208964,986309.0,5.6981244,13.289103
P14789,208964,1015945.0,5.067508,14.428012
Q9HUQ3,208964,,5.9700727,13.346771
Q9HUZ7,208964,996553.0,4.981367,13.937092
Q9HX69,208964,,5.4408827,13.28484
Q9HTL3,208964,,5.919871,13.056874
P95435,208964,987289.0,5.679532,13.833009
Q9I6K1,208964,,5.2027087,13.437348
Q9HTE6,208964,,6.2709618,12.414172
Q9HVF7,208964,990489.0,5.9612074,13.178409
P21482,208964,1038932.0,4.5525007,12.682511
Q9HZ91,208964,950733.0,5.667483,13.814578
Q9HWG9,208964,,6.3732495,13.094188
Q9HXI7,208964,991109.0,5.5446205,13.573254
Q9HXW3,208964,951144.0,4.768888,13.882859
Q9I115,208964,988643.0,4.9090104,13.637865
Q9I327,208964,990734.0,7.060277,13.559667
Q9HXW4,208964,,5.2027864,12.356317
Q9HTB9,208964,,5.9399233,13.108016
Q9I0N5,208964,1027240.0,6.6017704,13.96132
Q9HTI8,208964,,5.992416,13.353122
Q9I737,208964,949390.0,6.663069,13.554171
Q07806,208964,990723.0,4.7733903,13.941811
P00282,208964,1011239.0,4.750816,14.218966
Q9HZZ1,208964,,5.7991366,12.973438
Q9L7T2,208964,1029741.0,6.304619,13.104852
Q51373,208964,990642.0,5.4762573,13.075288
Q9I3S2,208964,950920.0,5.2352395,13.375597
Q9HWG2,208964,992308.0,5.736711,12.940462
Q51426,208964,990642.0,6.9092484,13.434003
Q9HV39,208964,,5.559369,13.671735
Q9HVR8,208964,,4.2923527,12.610599
P08308,208964,990750.0,7.1970778,12.543162
Q9HZJ9,208964,,5.6761622,13.821779
Q9I538,208964,,5.0990825,14.339565
Q9I133,208964,949708.0,5.868385,13.249109
Q03023,208964,1036792.0,5.2847047,14.516302
Q9HTG8,208964,,7.0066037,12.721992
Q9HZ23,208964,993567.0,5.2976475,13.161254
Q51507,208964,993068.0,6.775613,13.804302
Q9I3N5,208964,990878.0,3.1763313,12.822295
Q9HUJ0,208964,,6.1148534,12.928894
Q52463,208964,1013490.0,7.1799917,13.76865
P50587,208964,991043.0,6.4925985,12.721277
Q9HTI7,208964,,4.3897834,12.7059145
Q9HU20,208964,,4.996463,13.58146
Q9HW43,208964,,4.867044,12.723271
Q9I6Y4,208964,1031170.0,6.4114175,12.43321
Q9I168,208964,1028199.0,6.562295,12.227952
Q9I730,208964,988161.0,6.058396,12.859779
Q9I3T5,208964,990898.0,6.274929,12.927319
Q9I489,208964,1028398.0,6.776371,13.132203
Q9HZ76,208964,,6.588672,12.076277
Q9I2J4,208964,949681.0,4.212374,14.471311
Q9I5P4,208964,,5.6547084,13.146338
Q05097,208964,987304.0,11.965041,13.16413
P11436,208964,990813.0,7.833523,13.436846
Q9HVD1,208964,,4.2291,14.497061
Q9HZD1,208964,,9.358067,15.390274
O50174,208964,990726.0,6.4204526,12.229005
G3XDA5,208964,,4.1994596,14.490812
Q9HTN0,208964,,4.257797,14.493557
G3XDA8,208964,,4.6417327,14.19919
Q9I3F6,208964,1005348.0,4.0561104,13.503259
P10932,208964,988576.0,5.4385014,13.365913
Q9I3Y3,208964,990642.0,4.318535,12.645892
G3XD64,208964,,5.889356,13.104778
Q9HZH0,208964,,4.1700525,14.465224
Q9HZ57,208964,990650.0,5.1632857,13.386225
P35483,208964,991109.0,4.740865,14.113043
G3XCY5,208964,,6.526508,12.984955
Q9I1M7,208964,1020372.0,4.690226,12.977286
Q9I2Q7,208964,1036455.0,7.8113546,13.417505
Q04803,208964,990642.0,6.507534,13.980542
P20582,208964,990763.0,6.88162,12.358108
G3XD01,208964,,6.786585,12.698172
Q9HYZ8,208964,1038858.0,5.966021,12.950001
P95414,208964,991967.0,5.9695415,13.210718
Q9I0Q0,208964,949618.0,6.2785926,13.242389
Q9HYU4,208964,1003405.0,6.948642,12.067982
Q9HTI9,208964,,4.4181128,12.553056
Q9I0P5,208964,,4.6857557,14.288433
Q9I702,208964,990888.0,6.4922395,11.961682
G3XD77,208964,,5.5472503,13.505324
G3XD51,208964,,4.8739166,13.957444
G3XCZ2,208964,,4.9685855,13.472681
P24735,208964,991010.0,4.8042445,13.930479
Q9HU18,208964,,4.6553836,14.236233
Q9I061,208964,950779.0,5.128811,14.425397
Q9HTB1,208964,,6.744167,13.80705
P32265,208964,1003413.0,5.6717415,13.788145
Q9I6I9,208964,950798.0,5.989427,13.280491
Q9I184,208964,,14.936211,11.131953
Q9I2V7,208964,,5.432026,13.195176
P11759,208964,990724.0,6.62612,12.323976
Q9I2F3,208964,990916.0,4.273537,14.5284
Q9I6H1,208964,,6.4108553,13.321186
Q9I549,208964,,4.865601,12.841062
Q9I402,208964,992690.0,4.652202,14.229566
Q9HZE7,208964,990653.0,5.064031,13.508672
G3XD49,208964,,15.244265,11.012564
Q9HVI8,208964,,5.069911,13.505504
Q9HUF1,208964,1027690.0,7.7459974,13.605425
Q9I6V6,208964,949081.0,4.042089,13.50829
Q9I1N1,208964,952956.0,6.116964,13.161797
Q9I405,208964,990751.0,5.9724154,13.334231
Q9I5R6,208964,988340.0,6.638719,13.005831
Q9HWH9,208964,,6.428302,12.841191
Q04804,208964,990642.0,4.9674497,13.605014
G3XCZ8,208964,,6.6773357,13.683771
Q51575,208964,1038676.0,5.1341467,14.394505
Q9HXN4,208964,,4.8331203,12.748415
G3XCT7,208964,,4.644961,12.869338
P80357,208964,993744.0,6.5316396,13.203015
P13794,208964,995847.0,4.251616,14.505101
Q9I1N0,208964,990740.0,6.1360483,13.285034
Q9I1Y5,208964,949191.0,4.321585,14.373068
Q9HYT3,208964,961367.0,5.32795,13.362304
Q9I0H1,208964,949698.0,10.275381,11.4029
Q9HXN5,208964,998836.0,5.7160635,12.893663
Q9I4B3,208964,,6.145071,12.977868
Q9I6J5,208964,1033110.0,6.0456963,12.722757
Q9I265,208964,1028773.0,5.252747,13.187244
Q9I3I1,208964,,5.6622305,12.965987
Q9I060,208964,990888.0,5.035169,14.412735
Q9I1N6,208964,948183.0,6.097141,13.037703
Q9HYG7,208964,,6.583402,12.714582
Q9I1M9,208964,1022267.0,4.714213,13.057289
P21630,208964,988166.0,5.9544063,13.351199
Q9ZFK4,208964,1027695.0,7.112046,12.582997
Q9HUL1,208964,,7.149787,12.749502
Q9HZW1,208964,1035300.0,6.321531,12.647455
Q9HUN4,208964,1028783.0,5.9826083,12.450418
Q03025,208964,990654.0,4.7058887,13.850351
Q9HXT9,208964,,5.512221,13.194074
Q9I185,208964,1000665.0,4.83999,14.0008955
P47205,208964,1033119.0,6.9382553,12.890476
Q9HV30,208964,991144.0,5.594488,13.458784
Q00512,208964,990660.0,6.0844116,13.064688
Q9I1K2,208964,994410.0,5.867523,13.009426
Q9HVQ3,208964,,7.0004463,12.75003
P04739,208964,962110.0,12.152696,13.174887
G3XD97,208964,,5.715719,13.287937
Q9I1Y8,208964,951254.0,7.4398904,13.54601
Q9HXS2,208964,990516.0,16.227182,10.964826
Q9HTB2,208964,,4.7293797,12.988118
Q9I5P0,208964,950837.0,4.4195547,14.368699
Q9I3F1,208964,991697.0,5.9641,12.799946
Q9HZX6,208964,1028822.0,5.164188,13.518075
Q9I5F3,208964,994056.0,6.1106167,12.939966
Q9HWZ6,208964,1027717.0,8.016353,12.493308
Q9HYQ6,208964,,4.3561974,14.449475
P07344,208964,1027471.0,6.3462043,12.373553
Q9HU66,208964,1027340.0,6.3144603,12.432181
G3XCX7,208964,,4.9158344,14.016178
O86062,208964,992735.0,5.816352,12.875939
Q9HT99,208964,,7.103696,13.521767
Q9HXW2,208964,990642.0,5.644091,13.772793
Q9HVN0,208964,,4.9568357,13.592239
Q9HU16,208964,,4.2832017,12.601994
O85732,208964,990844.0,6.1397624,12.349276
Q9I478,208964,,5.6231465,12.842667
Q9HZL8,208964,,4.629679,12.698896
Q9I114,208964,990816.0,5.2338963,13.22895
P51691,208964,991161.0,6.324873,12.691637
Q9HTL4,208964,,5.405058,13.202601
G3XDA6,208964,,6.105023,13.420473
Q9I403,208964,,4.3182626,12.655967
G3XD21,208964,,4.750814,13.835028
P24474,208964,995066.0,5.249224,14.269202
Q51366,208964,990642.0,6.540143,12.458796
Q9HTE7,208964,,7.5912776,13.8488865
Q9HW38,208964,993046.0,5.2330885,13.37946
Q9I245,208964,991381.0,4.313648,14.46102
Q9HVQ7,208964,1036245.0,6.29735,12.970827
Q06062,208964,1015723.0,5.039103,14.3429165
Q9HZ86,208964,,5.7570553,12.91826
Q9I0M3,208964,992674.0,5.7269063,12.903293
Q9HY22,208964,,5.466628,13.201266
Q9I4R8,208964,,4.348304,12.629406
Q9HX07,208964,,6.065291,12.432801
P54292,208964,1038882.0,5.5355954,13.527594
P38098,208964,1027596.0,6.9325476,13.420347
P53652,208964,1027285.0,8.711145,12.77647
Q9HTI0,208964,,5.644519,12.912694
Q9I3K2,208964,991468.0,7.6163683,13.830735
Q9HTC0,208964,,6.362509,12.999979
G3XCU3,208964,,6.6277413,13.821076
Q51392,208964,990935.0,4.7729545,12.871773
Q9I6M5,208964,1027568.0,6.648104,12.0735855
Q9HZA6,208964,,5.3258524,14.211814
Q9I2V0,208964,991396.0,5.9836082,12.70699
P38108,208964,1038362.0,4.8560624,13.881292
Q9HTZ9,208964,993572.0,6.2796726,12.8028145
Q9HUV6,208964,,4.550189,12.593912
Q820A5,208964,,6.622122,13.754831
Q9I082,208964,1036820.0,15.436695,11.338403
Q9I0K4,208964,992321.0,7.8964944,13.529128
Q9HUR6,208964,,4.2815733,14.474726
Q9I4K5,208964,949072.0,5.1551313,13.47517
Q9HVS0,208964,,4.2175245,14.520394
G3XCY4,208964,,5.4490952,13.643275
Q9I741,208964,,6.8183093,13.564896
G3XD23,208964,,7.0813556,13.095169
Q9I2F1,208964,990642.0,4.946939,14.209355
Q9I484,208964,,4.709803,14.229307
G3XD90,208964,,4.9263473,13.933292
P43336,208964,990674.0,6.0866246,12.523725
Q9HXJ2,208964,1033471.0,5.20837,13.814603
Q9HVG7,208964,994412.0,4.302876,14.515875
Q9I1N7,208964,990686.0,6.1868396,12.805263
Q9I7B5,208964,948196.0,6.0248427,13.172745
Q9I740,208964,1038406.0,15.879116,11.177068
Q00517,208964,1038727.0,4.929036,13.639522
Q9HTM8,208964,,6.777092,13.524952
Q9I4W7,208964,,5.624182,12.861001
G3XCW6,208964,,5.5347996,13.315706
Q51566,208964,983306.0,5.912671,13.10173
Q9HU05,208964,,4.9103775,13.731998
G3XD04,208964,,6.0461655,13.037313
Q9HTG6,208964,,6.9222584,12.773209
Q9HUG8,208964,990642.0,5.901658,13.244721
Q9HVI1,208964,,5.1797013,13.389972
Q9I237,208964,991617.0,5.15939,14.374448
G3XD11,208964,,4.2332096,14.502233
P14165,208964,1027836.0,8.510769,13.339836
Q9I4X0,208964,,5.415187,13.59854
Q7DC82,208964,,6.705472,13.52084
Q9I423,208964,990865.0,4.4198627,12.695625
Q06749,208964,1036339.0,5.1027045,14.3813095
Q9HVR5,208964,,5.9397798,13.314241
P57701,208964,1026474.0,4.515774,12.7439
P72161,208964,991117.0,4.787634,13.903068
P13982,208964,1027702.0,6.7465343,12.183554
Q9HYU6,208964,990809.0,6.9688845,13.592777
Q9I4H4,208964,,6.032919,13.109938
Q9HTM9,208964,,6.3649426,12.879158
Q51371,208964,987217.0,5.0893035,14.417909
Q9I3G5,208964,990642.0,7.3434978,13.52156
Q9I0M4,208964,991453.0,4.8126407,14.043816
P24559,208964,990660.0,6.6828713,12.818573
Q9HUL2,208964,,4.8826904,13.954287
Q9HWF9,208964,991065.0,7.07685,13.161084
Q9I3G4,208964,950836.0,7.3949904,13.54476
P80358,208964,993744.0,6.191714,12.85502
G3XD37,208964,,16.195154,10.9357605
Q9HTM7,208964,,5.113642,14.301599
P15713,208964,998562.0,6.6944003,13.700088
Q9I520,208964,,5.0700803,14.232161
Q9I690,208964,992459.0,4.681152,14.237268
P07874,208964,1027736.0,6.1359696,12.621698
Q9I222,208964,,5.2408543,13.182996
Q9I4N3,208964,,5.676993,13.083779
G3XCU9,208964,,5.701465,13.815948
Q9HTH6,208964,,4.7655334,14.16204
Q9HYJ7,208964,,4.256177,14.46675
Q9I1Y6,208964,,4.795424,13.908983
P95413,208964,991967.0,5.877066,13.057092
P15276,208964,984362.0,13.181853,10.482303
D9IVE5,8355,801957.0,10.098201,9.432663
O42173,8355,704826.0,14.714179,8.668649
P49893,8355,761640.0,10.7247715,6.157875
Q800K6,8355,793990.0,11.989309,9.7257805
Q642N8,8355,,9.760625,10.470778
P84233,8355,,0.3469533,6.876963
O73798,8355,778279.0,11.1976,7.5716567
P30664,8355,802189.0,10.094216,10.192235
Q7ZXH9,8355,781680.0,11.040696,9.295151
Q98U15,8355,739259.0,13.648646,8.729886
Q6GNW0,8355,756192.0,12.616522,9.542347
Q7ZYJ8,8355,802537.0,9.783254,10.477117
Q98TA5,8355,748297.0,13.303186,9.35232
Q6GNT6,8355,792933.0,9.493739,9.01951
Q8AVG7,8355,792938.0,10.101261,10.096059
P51142,8355,789259.0,12.411215,8.950801
P43695,8355,745707.0,14.759812,9.38124
Q32NJ2,8355,752847.0,10.923848,8.825102
Q6AZF7,8355,,10.852147,10.083656
Q801P7,8355,802746.0,8.063285,7.2572374
Q8UW72,8355,703673.0,14.21359,8.382754
K7SGN7,8355,736997.0,12.8675995,8.616109
Q6NUD0,8355,805849.0,10.112201,10.374482
Q641F2,8355,803403.0,9.901053,9.246164
Q9PW62,8355,793722.0,11.41097,10.555227
Q5U4X3,8355,738075.0,14.523872,9.336894
B7ZR20,8355,793108.0,10.153003,11.051276
P28026,8355,761486.0,10.7904625,6.0964575
Q6INC4,8355,747293.0,13.377461,8.752162
P0CJ62,8355,737846.0,13.935915,9.783426
Q8AV69,8355,783551.0,10.492741,8.418692
P85120,8355,758900.0,12.490725,9.42818
P31287,8355,,10.796349,6.0953884
P24781,8355,759654.0,14.316926,8.963692
Q32NM1,8355,752847.0,10.952412,8.745541
C0SPG1,8355,736997.0,12.903755,8.607293
Q90Z06,8355,746136.0,13.848736,9.820929
P51113,8355,806267.0,11.172684,9.097703
B7ZR30,8355,,12.091705,9.803497
Q6VVD7,8355,746619.0,14.553374,9.230998
Q01978,8355,746984.0,12.896895,8.607775
A0A1L8ER70,8355,780250.0,13.35104,9.156565
Q91580,8355,780062.0,10.646371,7.7496624
P40647,8355,758969.0,14.132682,9.197818
A8E0R9,8355,789168.0,10.5840435,8.560264
Q7ZTP2,8355,1027835.0,1.4755272,5.4858603
Q6GQG6,8355,0.0,12.464319,10.468085
Q9DEN3,8355,748988.0,14.43183,9.083048
Q05AW3,8355,802658.0,10.06863,9.922742
Q8AWF4,8355,801468.0,12.600944,11.514883
Q6NRV0,8355,,12.9066725,9.735268
A0A1L8HU22,8355,762151.0,12.566291,9.3437395
O42261,8355,748921.0,14.804811,9.533347
Q800X4,8355,704511.0,12.17186,6.8031693
Q7T0V8,8355,780129.0,12.568478,9.05204
Q6WKW9,8355,754176.0,12.450489,8.850369
Q1L721,8355,739608.0,11.396696,9.444688
A5D8Q0,8355,790770.0,11.892167,9.959508
B7ZS96,8355,754247.0,9.901086,12.155248
Q8UVQ4,8355,745562.0,14.268806,9.74989
Q90XW6,8355,745636.0,14.811709,9.429884
Q7ZXM6,8355,763136.0,10.29435,7.0002856
Q6PAW2,8355,801468.0,12.598839,8.971561
Q9DGN0,8355,811696.0,10.715166,9.828192
A0A1L8I190,8355,,11.969429,9.967939
Q7ZXV8,8355,792940.0,13.687447,9.576354
B1H1X1,8355,828529.0,10.550148,8.452724
O13024,8355,,13.167943,9.569556
O57686,8355,801898.0,9.957796,9.61971
Q6NRJ5,8355,789107.0,12.880251,10.969592
Q7T0N9,8355,801468.0,9.262621,8.748267
Q6DDW2,8355,805980.0,10.676768,7.17193
Q7ZT47,8355,802361.0,10.691387,11.351581
A5PKP9,8355,,9.8584795,10.844341
Q6NRD3,8355,781998.0,13.478072,9.789557
Q1JQ73,8355,806926.0,12.486416,9.635067
A0A1L8I2G6,8355,737825.0,15.509877,10.260007
Q5FWK6,8355,778607.0,9.507961,10.347408
O93309,8355,802143.0,11.972164,13.789268
P79944,8355,746183.0,14.1869335,8.947781
Q9DFH4,8355,0.0,11.742555,7.3151197
B5MFE9,8355,746112.0,10.764391,7.1961923
Q8QGV2,8355,789710.0,10.651181,8.541755
P70032,8355,801468.0,10.282603,8.85422
Q0P031,8355,739038.0,14.488865,8.656794
Q50L39,8355,778332.0,11.882657,9.744037
A7UKY7,8355,752587.0,12.397405,8.406045
P0DPK0,8355,,13.275237,8.857475
A0A1L8F5J9,8355,0.0,8.224696,7.39479
P09560,8355,,10.672438,8.737051
P87379,8355,793155.0,10.7913885,9.96907
Q6GPW6,8355,801695.0,8.888452,11.926045
O42123,8355,801973.0,9.263374,12.09528
Q5XK83,8355,802189.0,10.118378,10.131936
P54824,8355,792989.0,9.779353,11.261803
Q9YHB5,8355,802887.0,10.612124,9.57368
Q66KV4,8355,793578.0,10.422954,9.950974
Q0IH24,8355,802356.0,11.848067,9.750512
Q4FZ76,8355,778129.0,12.758129,9.297574
P15308,8355,740130.0,13.261321,10.39357
Q8AVJ9,8355,778376.0,8.672739,8.890613
P16143,8355,746200.0,13.965142,9.400507
A0A1L8GXY4,8355,801641.0,11.935902,10.042073
Q9PUN1,8355,752652.0,12.202206,9.957806
Q91350,8355,756223.0,10.824895,6.871571
K9ZTJ6,8355,807297.0,11.126219,9.763838
Q03414,8355,756256.0,14.520343,9.339437
A1L3K9,8355,738116.0,13.040815,8.546603
P43690,8355,1027363.0,7.613509,13.096964
P16863,8355,,11.478157,8.668623
P49011,8355,780735.0,11.565004,6.7397923
Q91898,8355,,14.763355,8.478878
P47817,8355,746352.0,11.574591,8.878478
A0SNQ7,8355,756293.0,14.132338,9.034618
O13125,8355,738165.0,14.807668,8.4586
P55863,8355,745553.0,14.47545,9.2489605
P58421,8355,778376.0,8.685104,8.808211
Q8JJ48,8355,754426.0,13.459335,8.667061
P70005,8355,739430.0,14.710364,9.4670925
Q06BR1,8355,703948.0,13.698934,8.791708
A0A1L8HFX9,8355,753548.0,13.819067,9.757212
P55869,8355,752623.0,11.267353,12.093748
Q6DE87,8355,793157.0,10.425047,8.867773
B7ZSK1,8355,746699.0,11.279722,8.407729
P13903,8355,746407.0,14.751342,8.49619
B7ZRU9,8355,759193.0,14.268108,9.011452
Q90WE3,8355,752641.0,13.639749,8.746562
Q98SJ2,8355,777924.0,13.035349,10.130781
A0A0D3QS99,8355,781575.0,9.885978,7.496391
A0A1L8FDW4,8355,789402.0,12.446608,10.519627
A0A1L8HBI7,8355,704705.0,13.098814,8.62449
A0A1L8EYB2,8355,780404.0,13.479234,8.669783
O13067,8355,804695.0,12.066113,9.312673
Q6DDF4,8355,803866.0,9.435426,8.760401
O93529,8355,752896.0,14.404201,8.992546
O57539,8355,746717.0,12.90815,8.635701
O93274,8355,778376.0,8.683819,8.790958
Q9PUK8,8355,778376.0,8.659904,8.854539
Q2I0E5,8355,789384.0,11.276479,9.105415
P70054,8355,1027304.0,8.629168,12.168302
Q9I897,8355,745910.0,11.520678,6.841266
B9V5F5,8355,760464.0,12.496527,9.276052
O93352,8355,737795.0,13.410247,9.420006
Q9YGY0,8355,782847.0,12.497317,8.971902
P12965,8355,778063.0,11.552843,10.4308605
Q8AVN9,8355,703608.0,12.833681,9.64932
Q4KLP8,8355,746302.0,13.528881,9.183971
Q9PVV4,8355,781543.0,14.946734,10.076079
Q805F3,8355,802864.0,11.023495,14.075932
Q8QFR2,8355,802333.0,9.652586,8.48856
Q91785,8355,792940.0,12.517771,10.372862
A0A1L8G2K9,8355,738004.0,12.957347,9.517283
P31291,8355,761486.0,10.840958,6.1329007
Q9PTD7,8355,751878.0,12.575029,9.448504
P70033,8355,761338.0,12.416518,8.346251
Q2PG84,8355,752702.0,14.385151,9.280166
O13023,8355,752462.0,14.678963,9.074135
Q91905,8355,703352.0,14.602916,9.137112
Q9PUN2,8355,789075.0,11.133151,10.378903
Q91783,8355,748998.0,12.516262,10.474406
Q8UW74,8355,703673.0,14.240554,8.356801
O57311,8355,745552.0,14.474248,9.253493
P40650,8355,738937.0,14.344067,9.457141
Q6GQ04,8355,,11.611796,9.597971
P42700,8355,812449.0,9.700106,8.99441
Q4V7K4,8355,737857.0,12.54244,9.25123
O42263,8355,,12.78058,9.699688
B0F0H3,8355,896801.0,12.181452,9.399902
O73689,8355,756332.0,14.512777,9.327856
Q6SIX7,8355,,12.366452,6.7186036
Q91677,8355,754488.0,14.704726,9.504182
Q7ZX36,8355,0.0,10.89845,9.022489
Q9W705,8355,748929.0,13.091961,8.687365
Q4QXM3,8355,803804.0,10.561704,9.505234
Q5FWP4,8355,803049.0,11.661766,8.996676
Q7ZX64,8355,802328.0,9.000462,8.338477
O57464,8355,756053.0,11.41089,6.6669116
P28021,8355,,11.538926,12.5623
Q6GNB7,8355,746620.0,14.796661,8.490803
B7ZQJ9,8355,746249.0,14.837183,10.098652
Q641G7,8355,0.0,9.2010355,8.568381
Q6DE08,8355,792940.0,11.372667,10.593836
Q6GN29,8355,793340.0,9.948992,9.623251
Q7ZYP6,8355,803389.0,10.310286,9.403112
Q641J8,8355,745573.0,15.011393,10.0620775
P79958,8355,754005.0,14.74635,9.164896
O42342,8355,746675.0,14.737163,8.954955
Q66IV2,8355,,13.326346,10.254383
Q7ZXZ0,8355,802511.0,10.070953,11.489662
Q8UVR3,8355,754002.0,12.390568,8.333078
P48597,8355,801579.0,8.273223,7.476031
Q91904,8355,703352.0,14.634608,9.060601
P48530,8355,749088.0,10.909422,6.7779145
Q91765,8355,752400.0,14.519555,9.146505
Q7T0S3,8355,761391.0,11.680958,8.242062
O73613,8355,759650.0,10.994025,8.7279625
Q3MV19,8355,785369.0,11.441483,9.004808
Q7ZXW9,8355,749151.0,14.606649,9.21361
Q9DE27,8355,1028372.0,7.289244,13.280993
O93235,8355,801468.0,13.092752,10.72073
Q63ZT4,8355,789284.0,8.507673,7.502198
Q9DG48,8355,746602.0,14.497271,9.222306
P19382,8355,738023.0,14.46367,9.470904
Q8QGC4,8355,777935.0,14.193504,9.1451435
Q32NQ7,8355,805179.0,11.526688,10.51069
Q9PSD8,8355,,14.534895,9.409659
Q2MJB4,8355,759707.0,14.286138,8.791077
Q90VV1,8355,756531.0,14.223354,8.355608
Q9W769,8355,704827.0,14.679405,8.718723
Q9W7F2,8355,801468.0,9.890086,10.68349
Q6RUW2,8355,761317.0,10.103799,7.0350127
Q6DE18,8355,802383.0,10.777711,12.059072
A7XY94,8355,738986.0,11.273358,8.414087
Q640K3,8355,801552.0,11.134404,9.4247465
P49188,8355,739434.0,11.645644,5.381211
P70062,8355,738914.0,14.415332,9.166226
Q5XGK2,8355,,15.408555,10.915951
Q9PWR3,8355,761491.0,14.306832,8.825346
Q66IZ6,8355,835164.0,10.072089,10.098428
Q5HZ83,8355,793547.0,9.986106,9.550696
Q7ZY18,8355,805784.0,10.054042,11.61654
Q6GLZ5,8355,793108.0,10.187812,10.969887
Q9IB89,8355,746776.0,14.43513,9.344382
A0A8M2,8355,793637.0,12.5125265,8.979003
A6P7H6,8355,758257.0,11.547486,7.4279118
Q6DD33,8355,801695.0,8.829539,11.898726
B4ZIX8,8355,793132.0,8.509933,7.4625998
Q91628,8355,749861.0,11.460434,9.750493
Q2TAD5,8355,754115.0,18.21428,13.574168
Q90X64,8355,779868.0,12.039029,9.497313
Q7T103,8355,738156.0,14.4526005,9.042544
Q6IRB2,8355,754248.0,14.185767,8.353992
P70041,8355,703404.0,12.235666,6.944047
Q91908,8355,806030.0,10.181361,9.055491
Q9PSY4,8355,746413.0,14.459554,8.983067
Q6DJN2,8355,785369.0,11.281807,9.037365
B9X187,8355,747128.0,10.93849,8.833644
Q9PRJ8,8355,704581.0,14.67317,8.825921
Q6DD04,8355,752646.0,12.062907,8.922174
P26233,8355,789284.0,8.513547,7.4733152
Q4FZW5,8355,802521.0,8.558442,7.729653
Q5U259,8355,806926.0,12.386621,9.592235
P63282,8355,792943.0,9.829715,10.888603
Q08B36,8355,746013.0,13.2812,8.634202
Q0IHI4,8355,739258.0,13.945712,9.763221
Q6IRD3,8355,802328.0,9.054276,8.399206
P33148,8355,747193.0,17.981031,10.971175
Q8AXB4,8355,0.0,11.441341,10.639498
P23787,8355,801631.0,9.733832,11.620887
A0A0H5BJW1,8355,804970.0,8.293672,7.4276805
Q8JGN5,8355,736838.0,11.884014,9.7810755
Q91572,8355,752639.0,12.3341055,8.72715
Q6NTJ3,8355,781938.0,13.593604,9.133319
A0JMY4,8355,801468.0,12.105396,9.435295
Q9DGN1,8355,811696.0,10.880783,9.81771
Q7T2V3,8355,740060.0,12.361439,9.090836
A0A1L8HYT7,8355,740423.0,11.736017,7.3638062
Q27IV2,8355,745819.0,13.6055975,9.193231
O93509,8355,703538.0,11.749398,7.406876
P31286,8355,761041.0,10.765805,6.117791
Q7ZXF3,8355,748915.0,14.812567,8.390967
Q9I8W5,8355,749304.0,10.3491535,10.436454
D3IUT5,8355,746895.0,13.46151,9.006412
Q8AXQ4,8355,737015.0,14.741019,8.82262
Q32N13,8355,782135.0,10.005832,7.178174
P79960,8355,754115.0,18.195362,13.556818
P23437,8355,801468.0,13.263586,14.383906
Q91603,8355,,13.44207,9.130515
Q4W815,8355,704513.0,12.137356,6.3280206
Q5BP74,8355,801468.0,13.327061,13.835453
Q5PQ29,8355,802031.0,12.011352,10.091116
Q9PST7,8355,703880.0,15.965313,12.222015
A1A5I6,8355,0.0,8.515697,7.473781
Q7ZWU1,8355,802529.0,10.120593,10.953545
Q07016,8355,759734.0,9.901969,8.127432
Q07937,8355,743987.0,13.457678,8.63446
Q08820,8355,736906.0,14.704203,8.80542
Q7ZY81,8355,793150.0,11.007973,10.316484
Q501Q9,8355,737905.0,12.887764,11.233162
P45593,8355,801487.0,9.768728,9.725258
P18117,8355,761248.0,12.221272,8.353503
P29674,8355,748890.0,12.55476,8.274984
Q6GLY5,8355,781759.0,11.759592,9.245
Q7ZX35,8355,789284.0,8.507808,7.4655995
P06180,8355,780442.0,12.754363,10.03174
P70039,8355,758943.0,13.768225,9.297434
Q9DE14,8355,783638.0,11.665593,10.858804
Q32N92,8355,789289.0,12.548472,9.108406
O73622,8355,703827.0,14.528514,9.216485
P17506,8355,1027386.0,7.5904136,12.827888
Q6IRR4,8355,789466.0,15.966496,10.447116
A0A1L8FNF3,8355,828344.0,10.758209,9.528165
P18119,8355,,12.185164,8.380388
Q641G4,8355,801468.0,12.042431,9.194919
Q670P5,8355,761640.0,10.614431,6.310793
P24727,8355,748349.0,11.805173,6.7736235
A0A1L8HX76,8355,,10.185464,9.33944
Q6AZN0,8355,804258.0,10.918151,9.686924
Q6DCJ4,8355,740002.0,12.996224,11.15181
Q91880,8355,793905.0,11.32102,9.17488
D3YN49,8355,746857.0,13.300525,8.618817
Q9I9A7,8355,772851.0,12.1362295,10.285094
Q5EE04,8355,792940.0,12.575018,9.561031
O73754,8355,745780.0,9.855162,7.2242737
P33205,8355,705033.0,14.603706,9.013482
Q5XHF6,8355,761259.0,10.341161,8.695493
P35617,8355,749063.0,-0.7095344,14.934621
Q9DE26,8355,1028372.0,7.661532,13.285782
Q9PWJ5,8355,746789.0,14.850401,8.27178
Q7T0S5,8355,801484.0,5.676321,18.799831
Q32NK7,8355,752449.0,14.346784,9.052168
A5J090,8355,793447.0,8.50026,7.7661753
Q91790,8355,784282.0,10.2942705,9.3581505
Q8AW92,8355,780268.0,8.671621,7.5631533
P24033,8355,801468.0,13.241823,14.351869
Q91615,8355,752524.0,13.318754,8.750697
Q8JH92,8355,756091.0,10.23836,9.091918
Q9YGK8,8355,754249.0,14.568799,9.230535
P87377,8355,739122.0,14.322982,8.883122
Q7ZZY7,8355,801726.0,9.974764,10.874521
A0A1L8HV70,8355,801695.0,8.872629,11.838193
Q3KPK4,8355,784079.0,13.286506,10.275468
P45695,8355,,9.730712,9.746424
Q9PTN1,8355,801468.0,11.270759,10.5267105
Q6IRC5,8355,795650.0,9.722652,9.517268
Q804H7,8355,778332.0,11.785883,9.818938
Q6GLP3,8355,755569.0,9.622738,7.383776
Q6INX3,8355,794234.0,9.710805,8.361555
P23767,8355,704950.0,14.729589,9.194039
Q9YH71,8355,704826.0,14.746522,8.676755
Q6XQ84,8355,705017.0,12.370476,6.7439837
Q7ZYV9,8355,804326.0,10.931114,9.94069
Q8JIT7,8355,704775.0,14.628309,8.814029
Q4U0Y4,8355,793150.0,11.09081,10.2959175
B1H1W9,8355,748198.0,13.2113085,8.939332
Q8QFR4,8355,,9.396125,7.850071
Q91757,8355,801468.0,13.024548,13.8544855
Q8QHA5,8355,812475.0,10.036904,9.663607
P70060,8355,781508.0,12.323528,9.05859
Q91731,8355,738937.0,14.463473,9.382677
Q8AWF5,8355,802648.0,12.579189,11.549228
Q6NRT0,8355,801468.0,13.256949,13.760629
P62799,8355,,0.33876014,6.8837442
B7ZQA9,8355,704943.0,14.424656,9.018876
Q645N4,8355,739002.0,14.36137,8.87813
Q9PU20,8355,746916.0,14.672927,8.78627
Q92123,8355,793026.0,8.279824,9.638834
A0A1L8I316,8355,737115.0,13.751105,8.256053
Q90X95,8355,792955.0,13.009615,9.476472
Q9DE46,8355,,11.19694,11.324211
O42569,8355,,14.419548,9.186672
Q7ZX67,8355,792948.0,5.52856,18.923805
Q6GNL4,8355,780087.0,9.942404,10.650355
Q91684,8355,793331.0,10.261012,8.918539
P13904,8355,754198.0,14.77958,8.619924
Q9W602,8355,802375.0,10.435265,11.177822
Q98SK0,8355,0.0,12.482187,8.6341095
P0DP33,8355,,3.4440098,5.1858582
Q8AXF4,8355,748265.0,13.380785,8.928456
A5H447,8355,801468.0,13.053268,8.923317
P51115,8355,806267.0,11.270209,9.2045965
Q7ZYQ0,8355,748217.0,14.6651945,9.043315
Q5W1J5,8355,762215.0,14.1188755,9.274534
Q6PA07,8355,781569.0,11.2752495,6.83688
O57682,8355,754189.0,14.420963,9.029455
Q91855,8355,1027386.0,11.0599375,11.176724
A1L3G9,8355,747128.0,10.8769655,8.788528
O73753,8355,737866.0,10.071567,7.1175246
Q6DFD4,8355,792938.0,10.088396,10.110246
Q498I0,8355,801818.0,10.536554,9.19718
Q70AK3,8355,752528.0,10.618045,6.883594
Q90Z80,8355,737086.0,13.357526,8.9109535
Q9YHZ6,8355,805162.0,10.701952,9.929114
A0A1L8FZ84,8355,703962.0,15.731362,10.443951
Q153D9,8355,761223.0,9.713613,7.3049493
P48533,8355,770852.0,10.717477,6.782128
Q91903,8355,806926.0,12.572339,9.610623
Q91399,8355,746152.0,14.829706,8.391192
Q8AVT9,8355,804822.0,8.852366,8.200786
Q498H0,8355,803804.0,10.759046,9.583406
Q6TY21,8355,801468.0,12.784511,9.990381
A0JMW2,8355,802722.0,10.526806,9.660511
Q91820,8355,792940.0,11.618631,10.735384
O57437,8355,748270.0,14.565552,8.603134
Q9IAB2,8355,739048.0,12.491032,8.838381
P50532,8355,802444.0,11.975333,13.779262
P51126,8355,762001.0,10.10002,8.32333
B7ZSG3,8355,754005.0,14.739418,9.122111
Q6GLP4,8355,804626.0,9.617732,8.860371
D5LMF5,8355,,13.512494,9.8466835
P18115,8355,761248.0,12.190814,8.324102
P70056,8355,747076.0,14.640603,9.001925
P10108,8355,778538.0,10.7513895,6.1133604
A2RV69,8355,802679.0,11.157544,10.156572
Q7ZZH7,8355,703936.0,13.623474,8.649849
Q9YHY6,8355,801600.0,10.690317,9.655867
Q6PHW7,8355,,4.3084707,7.641766
Q6DE09,8355,0.0,12.795292,8.681103
Q71U00,8355,801489.0,4.2633843,7.6085744
Q6INT1,8355,784310.0,11.66797,9.945279
Q1XG42,8355,751291.0,12.28856,9.133871
Q6P704,8355,803054.0,9.989985,9.703363
Q8AVL7,8355,,9.187772,12.012562
Q9W603,8355,801747.0,10.330614,11.03742
P52299,8355,805197.0,12.726824,10.768403
Q90ZH8,8355,748187.0,14.769281,8.909294
Q6GNV6,8355,746514.0,13.470918,8.714209
Q90XW5,8355,748995.0,14.788538,9.507194
P36200,8355,756514.0,12.484676,8.338169
Q6GNU1,8355,804822.0,9.878085,10.492636
Q8AY29,8355,796353.0,9.676397,9.306013
Q8QGU6,8355,785191.0,13.341148,8.783238
Q90WX8,8355,,12.212259,6.837844
Q6DFL3,8355,804434.0,10.657035,10.045495
Q6IRB1,8355,805565.0,16.14836,10.871818
B0I1G7,8355,737902.0,14.330208,9.233588
Q6GPB9,8355,803332.0,10.234596,9.950695
Q90ZH7,8355,748187.0,14.758842,8.908024
Q6NRZ0,8355,778122.0,12.157487,9.608084
P20965,8355,778154.0,12.893495,9.983131
Q6GN86,8355,802374.0,10.676366,8.944346
P52301,8355,801989.0,5.737262,18.696503
O13046,8355,802598.0,10.8742695,9.873351
Q1XG44,8355,,12.188691,9.115643
P13350,8355,793386.0,9.706974,8.547043
P12226,8355,753945.0,11.284286,7.4614053
Q6AZV1,8355,,11.429329,12.411398
Q6NUA1,8355,801512.0,9.557015,10.079537
Q91752,8355,,12.667888,6.8550854
Q9PT61,8355,761150.0,14.491919,8.857224
Q25QX6,8355,703806.0,13.398868,8.784101
P29403,8355,754125.0,8.090884,7.2032213
P67963,8355,793427.0,13.319007,13.8542595
Q3LGB9,8355,808387.0,10.853053,9.564794
Q9YHC5,8355,754267.0,14.561109,9.08023
Q9PVZ3,8355,745863.0,14.566088,9.128641
Q9YGY3,8355,801726.0,8.852213,8.307176
Q9I9K6,8355,,9.450701,11.914274
P79920,8355,739282.0,14.7322035,8.664457
P35567,8355,801468.0,13.239592,14.347186
Q9PW90,8355,802272.0,8.30628,7.477031
Q9PT68,8355,704581.0,14.65241,8.873221
Q6DCQ1,8355,745635.0,14.611134,9.146909
Q91821,8355,779921.0,10.645381,9.006434
Q91926,8355,704826.0,14.752978,8.69293
Q6GQB5,8355,780298.0,10.143825,8.046675
Q8JFZ2,8355,793002.0,9.324199,12.802687
Q6VRB0,8355,801957.0,9.665587,9.607303
Q6TEC1,8355,789664.0,10.8791,9.140955
Q68FI1,8355,793637.0,12.276556,8.907813
Q33DM4,8355,784491.0,13.637235,8.84837
Q9PTK2,8355,746628.0,14.683689,8.95668
B7XDF1,8355,750344.0,13.355987,8.714698
Q9DDY9,8355,792619.0,12.602224,9.392954
Q91808,8355,0.0,13.079723,10.049198
B7ZR65,8355,754322.0,14.549649,9.230898
Q7ZT46,8355,803361.0,10.190056,9.1533375
Q9DEN4,8355,748988.0,14.4525175,9.065667
Q7ZX96,8355,803470.0,10.5210495,9.617142
Q8JI28,8355,784235.0,14.223757,14.975258
Q9PVZ4,8355,778279.0,11.16606,7.5250983
Q7ZYK8,8355,793026.0,8.284648,9.651139
Q4V7H8,8355,748399.0,13.3796425,10.313533
Q9YH70,8355,799680.0,14.711673,8.750665
O93343,8355,736497.0,13.757773,8.309041
P30309,8355,749227.0,13.32794,8.926786
Q68FJ0,8355,803197.0,10.581463,9.50493
Q8AXM9,8355,0.0,12.169661,9.557234
Q91924,8355,739436.0,14.474038,9.515126
P48805,8355,,10.223572,7.4421587
Q6INN8,8355,802672.0,9.755278,10.1043
Q9W6G7,8355,780769.0,11.315888,9.760689
Q5HZM6,8355,1027332.0,8.145514,7.3585186
Q32NN2,8355,759102.0,12.421567,9.540071
Q4A520,8355,1039756.0,11.1666765,10.548013
A0JC51,8355,745479.0,14.500188,9.276586
P32303,8355,752485.0,18.159863,13.515989
A1DPK7,8355,0.0,16.560766,10.657009
Q4JNX8,8355,784491.0,13.51737,8.768798
O42579,8355,754072.0,9.068187,9.786795
P50533,8355,802143.0,11.963478,13.778788
P70040,8355,1027304.0,8.464817,12.281323
P05221,8355,0.0,12.522002,10.560866
Q9PT60,8355,780422.0,11.051213,8.879075
Q00P32,8355,738157.0,14.212933,8.353847
Q498K9,8355,793637.0,12.226572,8.968561
Q90X96,8355,748351.0,13.75407,8.581339
Q6NRK1,8355,796098.0,12.452374,9.431225
Q9PVY9,8355,754368.0,14.619014,9.010933
P28025,8355,748998.0,12.502889,10.470702
Q6DE14,8355,754013.0,14.044739,9.333294
P21574,8355,751908.0,14.228633,10.226102
P13351,8355,793386.0,9.733953,8.559741
Q91689,8355,746777.0,14.427867,9.315549
Q0IH87,8355,0.0,14.322204,8.857947
Q91620,8355,747034.0,11.309168,6.8232703
Q91876,8355,802248.0,9.975369,11.637851
Q9YGV1,8355,746200.0,11.656117,6.9474525
Q90Z12,8355,756531.0,14.213057,8.338561
P07222,8355,758245.0,12.392045,10.481323
Q29201,9823,1027248.0,8.034897,7.243777
F1RX16,9823,0.0,12.349502,10.844678
Q9GLM0,9823,0.0,11.884288,6.3464828
Q28960,9823,792933.0,9.242257,8.994259
F1CFE1,9823,0.0,12.655357,6.4299664
A0A480NP79,9823,801468.0,11.695072,9.387541
Q05KH5,9823,,12.373483,9.073114
P49927,9823,736593.0,12.665679,10.112671
F1RLL9,9823,801468.0,15.669711,14.114528
E5F1H4,9823,736642.0,9.935083,7.9625363
P63053,9823,,9.992209,9.841719
P17306,9823,730371.0,16.444563,10.880405
Q52NJ5,9823,1027819.0,2.4399853,8.387506
P45846,9823,754089.0,11.893945,7.382321
F1SX59,9823,739517.0,13.70431,8.447806
F1SBE5,9823,793104.0,6.7524753,9.7211275
P0DW16,9823,739327.0,13.551495,8.578872
F1S912,9823,,9.866022,7.9359145
P19156,9823,793026.0,8.229501,9.74207
Q9TTX7,9823,,14.413493,9.320978
B5ATG0,9823,,10.871038,9.172149
Q764N1,9823,0.0,12.438894,8.023726
O97763,9823,801326.0,8.3839655,10.878541
Q95441,9823,,11.729638,6.4109488
A0A287B231,9823,802507.0,11.626757,10.200914
F1RMT5,9823,801468.0,11.103909,9.92201
Q49I35,9823,739611.0,9.655868,9.343703
Q71KK5,9823,1027880.0,3.1167161,12.856437
Q29076,9823,0.0,13.953159,9.433146
F1RSU5,9823,,13.415303,9.798797
P59083,9823,807196.0,9.1956215,8.519341
Q0PY11,9823,0.0,7.5841856,12.813113
Q1T7A6,9823,,10.88496,7.0909443
Q29117,9823,,10.4606,10.050989
Q1T7A8,9823,,11.034022,7.2398643
P25117,9823,785347.0,10.372305,7.65626
Q29551,9823,1028375.0,8.085168,12.588513
F1RZU4,9823,0.0,6.6562853,13.440235
P32394,9823,1033326.0,10.193629,8.815158
P26893,9823,0.0,12.8933735,6.0454555
Q9GKX0,9823,,13.119874,14.133305
C9K505,9823,801468.0,13.167863,14.208638
Q29011,9823,,11.730056,7.008126
P08001,9823,729925.0,14.274448,15.0332985
Q767K8,9823,752883.0,11.820586,9.211321
Q8MIP7,9823,,12.028895,7.3811474
P01284,9823,,15.90562,10.89075
P16545,9823,0.0,10.826647,5.299307
Q9GLM2,9823,,11.787824,6.270584
P01165,9823,753925.0,12.21099,5.3518157
Q4PLW0,9823,765493.0,12.10784,16.888512
F1SD45,9823,792940.0,9.013116,7.5328946
Q29118,9823,726746.0,12.652295,6.4521413
P19620,9823,811656.0,8.495629,15.020606
Q29021,9823,,12.617035,7.0840445
Q863D3,9823,726567.0,12.643763,6.4227567
A0A023VTS2,9823,0.0,9.70585,10.0788765
A0A287BEZ3,9823,,8.3380575,8.923925
P02554,9823,0.0,8.174529,18.898504
P07200,9823,790081.0,10.134573,7.1304073
P62901,9823,801470.0,9.1029825,13.916485
Q29549,9823,746049.0,12.615283,7.0592685
A1XQU9,9823,716338.0,8.98104,13.798578
P17560,9823,811803.0,6.435422,12.988983
F1SDC3,9823,748224.0,11.646402,8.476282
P56432,9823,,12.311319,8.743057
I3LSP4,9823,792940.0,12.26442,8.999763
P12682,9823,801468.0,16.162556,15.000687
D5K8A9,9823,729657.0,11.904011,6.4635944
G9BZS8,9823,816089.0,10.689375,10.822911
P35054,9823,763412.0,12.108562,7.043467
F1SD70,9823,0.0,11.062994,7.6282215
F1SKJ2,9823,,11.265228,9.610031
A0A4X1TSK7,9823,0.0,8.34033,8.943215
Q6SA96,9823,1027440.0,8.023092,7.231778
G5DC08,9823,,12.109481,16.897387
Q9TUB2,9823,0.0,12.693966,9.314829
F1SPM8,9823,748439.0,13.663327,9.877652
F2Z5G6,9823,0.0,12.404605,9.076281
B2XWS1,9823,0.0,10.788242,10.379572
Q8WN98,9823,0.0,9.93921,10.21426
F1SA75,9823,733181.0,13.566646,8.752626
P00592,9823,752438.0,10.848958,7.488292
F1SBS4,9823,0.0,10.446946,7.0897384
Q2V0W2,9823,746202.0,12.240265,8.357755
Q9BDK6,9823,780062.0,10.96188,7.8274174
Q9GKP7,9823,,18.320223,13.69172
B3GDZ5,9823,731430.0,12.665117,6.3930387
P81558,9823,732958.0,13.93514,10.379537
Q29361,9823,802177.0,9.4168415,13.614135
Q28969,9823,1034796.0,12.195145,8.888784
A0A287BK35,9823,0.0,10.866053,7.073702
P42098,9823,747367.0,11.3494215,6.9039903
A5J0K7,9823,746202.0,12.234071,8.373299
E1U8C5,9823,736642.0,9.938291,7.882115
Q95ND5,9823,779881.0,9.096957,8.45856
Q0PPT3,9823,,10.825878,5.294975
Q5H7B9,9823,792938.0,10.100854,10.106005
B3VP30,9823,746524.0,11.271293,8.730807
A0A287BEL5,9823,0.0,8.335471,8.940166
A1XQU5,9823,805041.0,9.201901,13.91486
P05024,9823,793026.0,8.279368,9.688752
F1RR02,9823,0.0,-0.70854974,14.9337845
Q28983,9823,753034.0,11.158095,7.0384226
Q95J99,9823,,15.9724865,10.7662115
R9WDQ0,9823,,12.138795,16.927023
A5GFW1,9823,792940.0,11.615256,10.768799
F4ZS18,9823,0.0,12.352771,10.828917
I2E6E0,9823,748303.0,11.704212,6.4294376
Q6TA49,9823,804352.0,11.895737,11.412851
Q6GUA6,9823,745968.0,11.766904,6.708207
Q9MZG4,9823,759259.0,12.428336,8.329928
F1RNW6,9823,746869.0,14.296758,8.807538
P62831,9823,1027268.0,9.263031,13.861345
Q865U8,9823,745618.0,12.320708,10.277784
I3LSZ1,9823,0.0,13.791429,8.2325
P04101,9823,728647.0,15.069709,10.501489
P86409,9823,,11.215575,9.452823
F1RSS8,9823,0.0,10.330071,6.9232974
A0A287BDC1,9823,0.0,10.121181,7.9896035
P04761,9823,,18.063597,13.469179
P01192,9823,0.0,11.514221,5.4628534
F1RII3,9823,0.0,11.733776,6.355041
P29258,9823,727058.0,13.920952,8.394088
I3LMB3,9823,739538.0,12.013049,7.18793
I3LUZ9,9823,754488.0,14.683171,9.274862
F1SDV6,9823,793203.0,10.819321,10.409942
P55931,9823,802533.0,8.640596,8.541545
P01281,9823,,16.487825,10.7012005
F1SV76,9823,0.0,14.308003,8.655889
O77636,9823,0.0,11.119879,7.505639
F2Z594,9823,,16.153866,14.990257
I3LK75,9823,1027396.0,8.311214,10.795014
O97581,9823,0.0,12.371934,8.28945
P11708,9823,802405.0,7.6484914,11.371311
C0SW08,9823,801468.0,13.268573,14.397984
Q8WMY6,9823,739399.0,11.864501,6.7286315
O02840,9823,746863.0,17.967655,10.961452
Q2YGT9,9823,802247.0,9.514247,8.375808
P16469,9823,0.0,10.517147,8.21071
P04574,9823,759583.0,9.490837,8.74689
F1S8C6,9823,,13.720857,8.3572855
P20192,9823,792988.0,10.838611,10.973763
P80147,9823,807529.0,8.532022,7.888044
K7GKN2,9823,804028.0,10.806702,10.395019
A5GZW8,9823,778055.0,10.019532,8.39792
O62807,9823,759259.0,12.436781,8.368814
F1SPG5,9823,746613.0,11.041509,6.7045
P36968,9823,801892.0,8.319588,10.859612
Q9GLE3,9823,,10.951732,7.4302197
F1SD85,9823,802251.0,9.032037,8.377734
Q6YEY0,9823,,18.315893,13.688504
Q0QF01,9823,802469.0,7.4895144,11.16988
P63221,9823,,8.025866,7.2398953
O62680,9823,736589.0,12.104226,6.724044
P31006,9823,1033108.0,8.126661,11.26222
M3VH45,9823,804002.0,8.497947,15.0101
D0G0B6,9823,,12.110887,16.898909
D7PF45,9823,789504.0,11.7655,8.417302
A5YV76,9823,803708.0,8.795198,11.095229
Q9GLX8,9823,752636.0,18.22898,13.590868
O19073,9823,729669.0,9.730543,5.440148
B2DCZ9,9823,0.0,9.895701,7.9167204
B8XSI6,9823,754131.0,9.883781,8.584076
C1PIG4,9823,802224.0,8.889773,7.8523
O19069,9823,0.0,7.439209,10.827013
P50584,9823,825030.0,8.3455515,12.166301
A2RQD8,9823,761410.0,10.672461,7.2275443
P83686,9823,801945.0,8.053091,11.6752615
P50118,9823,778063.0,11.502044,10.453659
K7GSE8,9823,772616.0,11.802918,8.856447
P09933,9823,755403.0,11.129267,7.3895326
Q95J68,9823,731430.0,12.67203,6.368241
P00795,9823,802864.0,11.02203,14.073985
J9S2W1,9823,0.0,11.51504,6.502653
P18871,9823,739573.0,17.955206,13.361808
Q28832,9823,0.0,10.907878,6.7692485
P00889,9823,802312.0,8.81456,13.268748
P81045,9823,807793.0,13.391569,10.38219
A7UNK0,9823,,10.574983,8.954832
F1SS88,9823,793498.0,9.919773,10.541605
Q95J98,9823,,16.36095,10.647299
A0A024CBD6,9823,0.0,11.764953,6.2602754
A7VK01,9823,804028.0,10.767727,10.411027
C0MHR2,9823,801655.0,10.743281,11.078626
M3TYT0,9823,793897.0,12.198505,9.710555
F1SK18,9823,0.0,12.505612,8.586799
Q9BEC7,9823,1028373.0,8.057527,12.141349
F1SVA2,9823,,10.517249,7.140855
Q02745,9823,748435.0,11.694119,7.6205287
A0A068CA64,9823,805911.0,8.879625,11.772983
Q6RVA9,9823,0.0,10.064474,8.939881
Q4VQ11,9823,769729.0,18.268806,13.643015
J9T303,9823,0.0,11.555024,6.4538274
Q864B5,9823,801468.0,10.247675,10.894928
P01248,9823,746845.0,12.866781,6.0748963
P02543,9823,0.0,-0.7102792,14.93508
P30880,9823,,12.522883,6.719631
A0A4X1WD80,9823,0.0,11.31992,7.2226205
P0DTA4,9823,0.0,8.251903,12.0577135
Q29016,9823,733529.0,11.993102,6.84493
P10668,9823,801487.0,8.81867,8.6837225
A0A4X1TZW7,9823,802031.0,11.875602,10.097296
Q6KCM2,9823,,11.849112,6.7766237
Q95254,9823,756104.0,18.316978,13.689401
P53590,9823,1027627.0,7.7484574,12.15063
Q29122,9823,793067.0,10.086398,9.79829
P63153,9823,746598.0,11.637926,5.3722773
P0C5I2,9823,802638.0,6.8509145,12.739221
Q9GLG4,9823,750343.0,12.25579,5.4026957
P07802,9823,802224.0,8.153766,7.331388
F1STP7,9823,746142.0,18.269115,13.646727
B9P414,9823,,9.726154,11.046191
Q6QAP6,9823,1029724.0,9.446963,13.945295
A7LCJ3,9823,0.0,11.527845,6.495974
Q9MZE5,9823,804868.0,12.111482,16.8995
I3LEC2,9823,,8.364355,7.5293374
F1SSE8,9823,0.0,11.264142,6.714361
A0ZVR1,9823,731659.0,13.690967,8.375904
F1SQ09,9823,746174.0,10.397398,6.7507796
Q9XSD9,9823,755730.0,10.416688,6.699627
P00346,9823,1027592.0,7.803562,11.72123
D0VWV4,9823,802653.0,10.556087,13.000839
A8DSD5,9823,793943.0,10.922294,7.31781
Q8WMN7,9823,745706.0,11.695317,7.1707687
P01025,9823,0.0,10.425963,7.1270056
P19756,9823,0.0,11.884581,6.28008
Q8WN93,9823,785347.0,10.335878,7.639541
Q2HXZ9,9823,765835.0,9.766878,11.0280485
P62272,9823,1027245.0,8.823992,14.029777
A0A286ZPL5,9823,,10.212237,9.939864
F1S0M0,9823,0.0,11.074494,7.0433774
A7WLH8,9823,801898.0,9.911855,9.650783
Q6GWX0,9823,746012.0,12.304018,10.924019
Q95274,9823,0.0,15.349618,10.87599
F1RYS0,9823,,11.16476,7.027221
P10173,9823,0.0,7.872723,12.868124
K7GN90,9823,,11.487018,6.2435884
A0ZVR0,9823,746951.0,12.131908,8.509117
E5Q8C6,9823,738187.0,14.350591,8.684594
P26889,9823,736490.0,11.986743,9.5091715
P24853,9823,738981.0,11.041706,6.505657
P00772,9823,,14.326424,15.134638
F1SRN1,9823,761611.0,8.558533,9.3820305
D7EZN2,9823,755599.0,11.001738,7.568819
Q6UV40,9823,,8.010858,12.742192
P01304,9823,747167.0,12.150476,5.273269
C4TJC6,9823,754337.0,12.555287,8.34466
Q2EN75,9823,732725.0,9.588328,8.904594
P00348,9823,793076.0,7.4720516,11.991255
P67985,9823,804747.0,8.022408,7.2349315
F1SPU1,9823,791143.0,10.849842,9.738291
Q9GL76,9823,748885.0,9.773633,7.1898584
F1RK46,9823,0.0,13.82552,9.557157
F1RQZ7,9823,756321.0,9.389396,7.317586
F1SS24,9823,0.0,11.46667,7.0794363
Q95281,9823,726838.0,16.468103,10.959755
F1RRA0,9823,0.0,12.3190975,9.095838
P22412,9823,803602.0,10.402295,7.694716
F1SEL7,9823,0.0,11.01902,7.651948
Q767L6,9823,813688.0,7.625619,13.207158
F1S6D3,9823,,13.481366,8.133375
F1SRC8,9823,746528.0,9.746075,7.1599708
P79282,9823,780041.0,9.921895,8.121348
G9BWQ2,9823,0.0,8.907403,7.5047674
Q767L7,9823,1028112.0,8.216518,18.940466
Q9N0F1,9823,802718.0,6.8713145,10.983655
P16549,9823,793394.0,9.398652,9.076718
F1RI95,9823,983316.0,12.483673,8.693399
P01965,9823,746899.0,7.5583653,11.580063
F1RGY5,9823,780490.0,11.32294,7.106944
A1E295,9823,802365.0,10.970779,7.4167137
Q00655,9823,0.0,10.997428,10.289383
P68005,9823,,16.036268,11.041191
P18434,9823,751285.0,10.807566,7.7386537
F2Z5D1,9823,,9.937391,8.250436
Q7YS66,9823,,8.311479,8.607497
F1RGL0,9823,758913.0,12.645622,8.63709
F1SS26,9823,758901.0,11.54669,7.0823245
Q6YEY1,9823,759169.0,18.28013,13.655605
F1SE69,9823,759198.0,13.484459,8.7243395
P27594,9823,804028.0,10.745722,10.431531
F1SBC5,9823,,12.531554,11.479272
P62844,9823,1027319.0,16.295773,11.00616
Q9N135,9823,759259.0,12.42234,8.3725195
Q06AA4,9823,801756.0,9.640579,8.402704
O02696,9823,0.0,12.49747,8.635873
Q8WNW5,9823,746863.0,17.968718,10.960171
K9IWF9,9823,0.0,9.611356,8.738979
D2IE28,9823,793386.0,9.739548,8.462004
F1S2H4,9823,752508.0,18.214634,13.573578
A9ZPH4,9823,793386.0,9.693187,8.565947
I3L8Q3,9823,726746.0,12.669262,6.430758
F1S981,9823,,10.865376,6.886833
F1S6B4,9823,746388.0,10.433714,6.727193
B5APU3,9823,1027835.0,1.4752392,5.4860396
Q1WEZ6,9823,1027880.0,3.1141307,12.856974
P37176,9823,0.0,11.934717,6.7772436
P01315,9823,754035.0,10.770812,6.6076736
F1S9C0,9823,765835.0,9.724516,11.115026
F2Z540,9823,,10.858683,11.199022
A4UTN8,9823,792940.0,11.554879,10.756866
A5Z0F6,9823,716368.0,9.949239,12.39992
Q4VQ10,9823,,14.081598,8.469601
Q7YRB2,9823,793104.0,6.7600656,9.726899
F1RIT1,9823,746524.0,11.249016,8.761946
Q9GKQ6,9823,738920.0,10.461811,6.7376013
A5D9M6,9823,0.0,12.912179,8.942355
P45561,9823,,15.18438,9.833478
P51524,9823,0.0,12.276045,7.3797956
A7VK00,9823,804028.0,10.740444,10.449613
A4L7N3,9823,745962.0,14.134498,8.958701
Q29195,9823,1027243.0,8.02381,7.235785
I6ZX61,9823,0.0,12.9849825,13.849795
Q66T47,9823,778499.0,10.05123,7.5278234
Q9G1G3,9823,1029516.0,3.8635983,12.019228
F2VYA1,9823,0.0,9.681844,7.788349
P00371,9823,807798.0,8.636811,11.957216
F1SPH6,9823,,13.125603,14.047218
F1SMJ6,9823,0.0,11.700633,7.5771546
P00571,9823,0.0,7.7532806,10.002762
B2LUN4,9823,0.0,13.015844,13.840408
F1RVK2,9823,781938.0,13.585706,9.138779
P30555,9823,752485.0,18.170044,13.514343
F1RSW9,9823,747158.0,11.358403,8.576589
P12037,9823,,12.2869835,10.8137045
F1SDV5,9823,0.0,12.423844,7.1637883
O11780,9823,772937.0,10.972887,6.9854474
C0JJ14,9823,778509.0,11.112,8.710375
P41535,9823,746484.0,12.162427,5.2791862
P36887,9823,792940.0,8.984195,7.512825
Q764M6,9823,739594.0,12.06104,8.764474
Q1T7A5,9823,,11.120793,7.1716695
Q8MIR4,9823,781675.0,10.118114,8.988161
O97788,9823,831465.0,8.226642,11.141365
Q9GKY5,9823,737956.0,12.366946,6.877503
A0A1S6M251,9823,0.0,11.422278,7.817947
Q29101,9823,746406.0,11.48997,8.680466
P05207,9823,,10.990938,10.233183
Q863D2,9823,,12.64072,6.470588
F1S285,9823,754161.0,11.253705,6.969969
P34994,9823,759169.0,18.3003,13.6714
Q007T0,9823,1027635.0,8.3288,12.811197
F1RKB1,9823,801917.0,12.043086,9.488125
P60588,9823,0.0,8.191689,7.43316
B3FK65,9823,756381.0,13.429535,9.082793
Q1HE49,9823,0.0,9.232535,9.050365
A4PES0,9823,746352.0,11.677187,8.852138
P02547,9823,747471.0,-0.7097185,14.934765
A9ED84,9823,778631.0,7.9963536,7.199353
B3GDZ6,9823,737819.0,11.42549,6.9257307
Q7YS88,9823,754142.0,9.836554,7.5210752
A5A4L7,9823,0.0,8.412554,9.221483
P01297,9823,729698.0,11.641028,5.3722
G8G223,9823,801824.0,9.712979,9.842385
P27485,9823,752649.0,11.952432,7.347906
Q95332,9823,778115.0,8.768491,8.473591
C1PIG3,9823,0.0,8.908093,7.5409727
Q08353,9823,746061.0,11.988436,8.889413
O18934,9823,,9.721688,12.470473
A0A287ABG2,9823,,9.285517,10.740741
Q29205,9823,1027271.0,9.290098,13.813441
F1RKI3,9823,801981.0,7.505891,12.305767
Q8WNV7,9823,792933.0,7.191097,11.998787
Q29406,9823,737812.0,12.7136755,6.2739544
F1RLP5,9823,0.0,10.01304,8.020115
P11607,9823,793026.0,8.251361,9.755052
P35750,9823,779995.0,9.574547,10.813416
Q0PIT9,9823,802345.0,8.82695,11.321769
P01238,9823,747375.0,12.891707,6.0405235
Q95LE2,9823,,15.558833,10.640984
C9K507,9823,794243.0,11.161865,9.388536
Q6QAQ1,9823,1027835.0,-4.671421,9.370624
Q45QB4,9823,,10.8245535,5.2984476
P24964,9823,777846.0,3.665732,12.458749
F1SKM1,9823,748926.0,15.655969,14.114075
P08835,9823,0.0,12.850956,6.297818
Q4GWZ2,9823,0.0,8.683068,13.867479
I3LVS7,9823,802052.0,5.459378,18.975183
Q2TJA5,9823,0.0,9.245518,9.044372
Q9TRC7,9823,809634.0,10.688271,7.6383467
F1RME6,9823,745962.0,13.962538,8.908834
P12675,9823,0.0,13.790561,9.261632
Q04745,9823,0.0,12.63907,6.428723
P01348,9823,730027.0,12.120744,5.3620186
P56471,9823,793068.0,11.835493,11.601888
A7LKB1,9823,756381.0,13.383463,9.113953
P79401,9823,793104.0,6.800229,9.770937
I3LFH3,9823,793897.0,12.229771,9.7998295
F1SU97,9823,0.0,11.912506,6.775437
A0A4X1T4U3,9823,802794.0,9.857314,10.291483
F1RGR1,9823,779954.0,11.686971,9.9688
P24786,9823,0.0,9.376106,7.3476906
Q29599,9823,,11.2992735,9.397138
P20305,9823,,9.246172,8.93963
F2Z5Q6,9823,,9.526109,13.998733
I3LEN5,9823,769729.0,18.293404,13.666076
A6M930,9823,1027284.0,9.741666,11.249512
Q5H7C0,9823,792938.0,10.032386,10.01977
Q2TCH2,9823,738444.0,12.412204,8.657758
A0SEG9,9823,0.0,11.709095,7.634675
A0A287B8C4,9823,0.0,10.644453,7.1153073
F1RJ01,9823,801468.0,16.160677,14.994138
P42706,9823,,17.778603,10.015245
P49171,9823,1027844.0,7.9925423,7.203833
Q8SQC1,9823,0.0,9.385798,7.6433
F1SFS3,9823,0.0,10.903629,6.855907
Q4R1K5,9823,748375.0,14.989406,10.181998
P48819,9823,754119.0,11.346556,6.9852214
Q6YEX9,9823,740089.0,18.25588,13.634571
K7GND9,9823,,11.616264,6.3886914
F1SFQ0,9823,,11.084742,9.289691
C3VML1,9823,,8.330175,8.579996
F1SQJ5,9823,,10.360169,7.786926
Q8HZN9,9823,,18.268248,13.636826
P09858,9823,0.0,9.871499,7.1780214
Q29116,9823,0.0,11.558842,7.1626306
Q02038,9823,1030484.0,9.436004,9.970948
I3L5D4,9823,,11.291541,10.522206
P53603,9823,1028140.0,6.803756,11.797681
A7TX80,9823,802599.0,10.776554,11.265917
P19619,9823,811656.0,8.507411,15.009441
Q29073,9823,1027833.0,7.2568774,11.5377655
A5LHG2,9823,732145.0,12.136084,5.327172
K7GS49,9823,789064.0,8.641713,7.696388
A9CQL8,9823,814234.0,8.758913,7.5523114
F1SHI5,9823,793895.0,12.70024,9.90586
Q28937,9823,0.0,-4.6712265,9.370493
P83884,9823,,9.413031,14.010752
Q864W9,9823,,-0.70716685,14.932841
P23563,9823,737819.0,11.393465,6.931716
F1RRV3,9823,752715.0,15.302465,10.380456
P41566,9823,,11.862597,11.621353
Q9TT27,9823,,16.300812,10.751314
D0EWS6,9823,0.0,14.313281,8.629767
A7LCX1,9823,0.0,10.686717,9.544032
F1S6Q9,9823,0.0,8.961747,7.4928913
Q04967,9823,801582.0,8.269306,11.006177
Q2YHQ3,9823,,10.057955,10.53068
B6VNT8,9823,1027835.0,-4.6714544,9.370608
A0A4X1UM84,9823,1027689.0,8.025608,13.720754
K9J4V5,9823,802754.0,11.063141,8.544833
F1RZM4,9823,786265.0,11.468408,7.224753
Q6QAP7,9823,801882.0,8.020336,7.2301736
A1XQU3,9823,0.0,9.448575,8.452181
Q2XUT1,9823,,14.50912,9.151196
P53714,9823,793943.0,10.896755,7.330751
F1RGE0,9823,736558.0,11.350695,8.323342
A0MZ89,9823,,11.396966,7.0236435
P80310,9823,732101.0,12.242267,14.639781
O97894,9823,,11.549711,9.932215
A9CDZ0,9823,739511.0,10.374047,7.2413473
P79263,9823,0.0,11.105567,7.1016417
A4PES2,9823,0.0,12.430704,8.685165
I3LSZ2,9823,749014.0,18.254267,13.626265
F1SGT4,9823,733508.0,11.637799,6.411067
P79432,9823,801468.0,13.17198,14.277215
P79384,9823,802222.0,7.1918836,11.849962
G9BWQ1,9823,0.0,8.968059,7.5482035
Q6QAT1,9823,1027357.0,8.555733,13.539239
Q9GLM1,9823,0.0,11.834976,6.234944
P00761,9823,794303.0,14.359999,15.166298
Q867B9,9823,736686.0,11.086141,6.6471667
O18896,9823,754322.0,14.53815,9.221914
Q8MIM5,9823,754488.0,14.701619,9.304962
Q95L23,9823,756272.0,11.241401,7.888687
O02839,9823,0.0,11.761347,6.2926755
P05027,9823,780062.0,10.546346,7.7808537
A4Z6H1,9823,1027311.0,7.945091,13.366439
P01274,9823,736486.0,12.163648,5.2677355
Q866U3,9823,759169.0,18.292252,13.663964
P60662,9823,0.0,8.708732,7.9163895
Q0Z8U2,9823,1027267.0,8.800518,14.025882
Q9TTK7,9823,732074.0,11.893289,6.044943
Q4R1K4,9823,792940.0,11.558797,10.7412615
Q4QTK1,9823,736507.0,11.890176,6.1961856
P18648,9823,738348.0,12.686759,6.630635
I3LL93,9823,740089.0,18.250395,13.629403
Q69GF7,9823,1029516.0,3.8629904,12.041776
O18866,9823,0.0,9.976025,9.073916
Q1HNM7,9823,802718.0,11.330652,7.016856
F1S593,9823,0.0,10.659479,10.4538
Q8SPK6,9823,,-4.6709857,9.370365
F1SF88,9823,,10.205568,9.943104
P02067,9823,746896.0,7.8060417,11.887792
D3Y4D2,9823,,12.521492,6.7829247
O77741,9823,804612.0,8.420991,9.173664
P50390,9823,754247.0,9.86248,12.168154
Q6QAT0,9823,802408.0,7.987536,7.1988525
A9ED79,9823,778631.0,7.999288,7.201117
P19757,9823,717925.0,16.234976,10.733257
Q2TJZ7,9823,814852.0,9.154836,10.059834
F1RRW5,9823,0.0,10.867331,7.6505513
Q58K79,9823,730083.0,10.6131115,8.686509
C9K506,9823,,10.187806,8.859279
Q29121,9823,762818.0,11.017339,7.692261
F1RYL4,9823,,9.985388,7.226239
Q02110,9823,0.0,10.049407,12.512465
F1RFU7,9823,758622.0,17.948517,10.939586
P17741,9823,801468.0,16.158371,14.993811
