EntryID,taxonomyID,taxon_name,umap_x,umap_y,kmeans_cluster
Q9FGQ7,3702,A. thaliana,10.636527,-1.7756411,0
Q9XI90,3702,A. thaliana,6.9777303,-1.6388488,6
P0DN99,3702,A. thaliana,10.429573,-2.459759,0
Q9SL95,3702,A. thaliana,5.3087106,5.242645,2
Q9LXJ0,3702,A. thaliana,8.253321,3.7793217,3
Q9LYF8,3702,A. thaliana,6.421863,3.9933164,17
Q949S7,3702,A. thaliana,8.62956,4.230925,17
Q9ZWS6,3702,A. thaliana,11.095031,-1.5538366,7
Q9M2D8,3702,A. thaliana,7.7130156,-0.410056,1
Q9FF86,3702,A. thaliana,7.6122293,3.8216069,3
Q93Z08,3702,A. thaliana,6.0995965,3.7393608,17
O50008,3702,A. thaliana,8.854392,5.147562,17
Q8VZP7,3702,A. thaliana,6.6671,1.9539851,4
Q9SSM4,3702,A. thaliana,8.70354,2.4892917,12
Q9LUK7,3702,A. thaliana,10.804289,-1.8213043,0
Q9LEU9,3702,A. thaliana,8.072924,3.6263456,7
Q9SF36,3702,A. thaliana,10.106021,-1.9530793,0
Q9LNN3,3702,A. thaliana,6.6613255,3.6082227,3
Q6NQE2,3702,A. thaliana,9.4577265,5.493899,11
F4JRS4,3702,A. thaliana,7.70912,1.4797949,3
Q9M1C7,3702,A. thaliana,6.157624,5.5689983,17
F4ISV6,3702,A. thaliana,8.4098625,3.2985904,3
Q8L7S6,3702,A. thaliana,5.7980022,3.6128361,17
F4I0R0,3702,A. thaliana,6.1263576,3.7017088,17
Q9C958,3702,A. thaliana,4.0009427,3.559713,15
Q94C12,3702,A. thaliana,7.8178167,2.1436236,4
Q8GWP4,3702,A. thaliana,6.89825,2.7170496,4
Q9LD18,3702,A. thaliana,5.375298,4.705462,7
Q9STG5,3702,A. thaliana,7.9759836,0.38405192,3
A0A1P8B554,3702,A. thaliana,6.587192,3.796829,12
Q84WK5,3702,A. thaliana,5.312463,2.8823552,10
Q9LTF7,3702,A. thaliana,9.963459,-1.5267607,0
Q39160,3702,A. thaliana,7.041955,2.2184482,7
Q9STK8,3702,A. thaliana,12.033662,4.950431,2
Q9S9U6,3702,A. thaliana,7.7426863,4.2239842,2
Q9M1P5,3702,A. thaliana,10.70409,3.8305616,11
Q9ZV65,3702,A. thaliana,10.826412,-1.5227644,3
Q9SJQ1,3702,A. thaliana,7.0525117,3.5099297,7
Q8RXH2,3702,A. thaliana,6.5040846,1.8176537,4
Q9FK23,3702,A. thaliana,10.609132,-1.3692454,3
Q8LPN5,3702,A. thaliana,10.502068,-1.8551296,0
F4K2T3,3702,A. thaliana,7.5835495,1.5362879,3
P46416,3702,A. thaliana,5.834244,3.0296304,2
Q9LUB6,3702,A. thaliana,10.928236,-1.8662338,0
F4IPE3,3702,A. thaliana,10.392785,-2.0217967,0
Q9SK55,3702,A. thaliana,10.649598,-2.078937,0
Q9FVQ6,3702,A. thaliana,8.039954,4.3381524,2
Q9FLH5,3702,A. thaliana,10.970218,-1.5970798,0
Q6NLQ7,3702,A. thaliana,8.149208,3.5450633,12
Q9FK81,3702,A. thaliana,8.697072,4.3319964,17
Q9ZUI9,3702,A. thaliana,10.389264,-2.0499356,0
Q93Z13,3702,A. thaliana,5.897355,4.4109488,3
Q9SLG3,3702,A. thaliana,5.1272635,4.7763295,2
Q9SU17,3702,A. thaliana,10.887964,-1.725439,4
O81852,3702,A. thaliana,8.570115,4.894858,11
Q8LPT3,3702,A. thaliana,10.176637,-1.9494796,0
Q9FH18,3702,A. thaliana,10.181053,-2.0270782,16
Q1ECE0,3702,A. thaliana,5.9581003,1.5787518,4
O22870,3702,A. thaliana,6.7404785,2.78267,10
Q8L866,3702,A. thaliana,7.095729,3.5590975,14
F4K217,3702,A. thaliana,7.0525923,3.5153067,3
Q8GYJ9,3702,A. thaliana,7.95834,3.34923,3
Q9C977,3702,A. thaliana,10.738684,-1.452249,7
O81791,3702,A. thaliana,10.134836,-2.0561273,0
Q9S7W5,3702,A. thaliana,10.250012,-2.210411,16
O04351,3702,A. thaliana,10.250556,-2.098874,0
Q94BR1,3702,A. thaliana,7.092966,2.1074235,3
Q9LMI1,3702,A. thaliana,8.949765,3.2045932,12
Q93V88,3702,A. thaliana,10.104204,-1.895404,0
Q9ZPY9,3702,A. thaliana,7.1206136,2.5094538,7
Q9SJG8,3702,A. thaliana,10.4983225,-2.0061605,0
Q9LIA2,3702,A. thaliana,10.669025,-1.4210082,0
Q9C776,3702,A. thaliana,8.692723,0.6506188,14
O82264,3702,A. thaliana,7.649515,2.9299502,12
O49196,3702,A. thaliana,7.973478,3.3519025,3
Q8LPS6,3702,A. thaliana,10.704126,-1.4013379,3
Q9C9V9,3702,A. thaliana,8.957889,1.230005,1
Q9SR43,3702,A. thaliana,8.779996,-2.1642737,16
Q9ZP06,3702,A. thaliana,9.328097,5.4258237,17
Q0WT31,3702,A. thaliana,6.483695,3.1706374,3
F4HXH4,3702,A. thaliana,9.61166,-0.6221194,4
O04291,3702,A. thaliana,9.159753,-0.7891157,14
F4K1Z0,3702,A. thaliana,8.134993,-0.22875604,14
O81097,3702,A. thaliana,8.6043825,4.0245843,17
O80475,3702,A. thaliana,7.6581693,4.011802,17
F4J264,3702,A. thaliana,10.697027,-1.3998445,3
Q9LTJ5,3702,A. thaliana,9.760658,-0.8920795,18
Q9LUC5,3702,A. thaliana,11.82203,4.818254,7
Q8VXZ0,3702,A. thaliana,7.0855107,2.7917452,7
O49608,3702,A. thaliana,9.91667,-1.4367373,0
Q84VQ3,3702,A. thaliana,6.546095,2.8598788,2
Q9FI70,3702,A. thaliana,7.331139,3.3734853,7
F4I4E1,3702,A. thaliana,11.042107,-1.6293627,0
Q6NQK9,3702,A. thaliana,7.7905984,1.2187939,14
Q9LF34,3702,A. thaliana,10.23035,-2.0357845,0
P52032,3702,A. thaliana,7.0952134,3.153105,2
Q8GZM7,3702,A. thaliana,10.601438,-2.1415029,0
Q9FIJ4,3702,A. thaliana,7.83584,1.2245321,3
Q8RX77,3702,A. thaliana,5.158104,5.0692563,2
Q9M1W4,3702,A. thaliana,8.815853,5.314976,11
Q9SLE4,3702,A. thaliana,13.83313,6.3675847,11
Q1PDG8,3702,A. thaliana,10.306161,-2.444706,14
Q8GW29,3702,A. thaliana,9.295005,6.5326905,17
Q9M841,3702,A. thaliana,8.317445,1.6727834,12
Q9FGH3,3702,A. thaliana,8.731273,4.3869715,17
O80632,3702,A. thaliana,5.898212,4.6328607,17
Q9SF09,3702,A. thaliana,5.2059684,5.1753764,11
Q9M0V1,3702,A. thaliana,9.16597,3.290743,12
Q9FI19,3702,A. thaliana,10.858486,-1.7040368,3
O24598,3702,A. thaliana,6.6180873,3.9396338,17
F4IMB5,3702,A. thaliana,8.1985235,6.844972,14
Q6NQM0,3702,A. thaliana,9.038739,4.646858,17
Q9LZJ8,3702,A. thaliana,10.468801,-1.9696263,0
Q1JPL7,3702,A. thaliana,6.582547,3.6540203,17
Q9LK28,3702,A. thaliana,10.934309,-1.7919161,0
O64798,3702,A. thaliana,7.0981345,3.4421797,3
A4GSN8,3702,A. thaliana,7.633961,-0.26890287,14
Q9M0D2,3702,A. thaliana,6.678819,3.7069004,3
Q7XA87,3702,A. thaliana,11.971642,5.773178,11
A8MRD9,3702,A. thaliana,10.091758,-1.897106,0
O23722,3702,A. thaliana,8.954247,4.8485413,17
P43288,3702,A. thaliana,10.809077,2.2687166,3
Q84ME1,3702,A. thaliana,10.636074,-1.800287,1
P29381,3702,A. thaliana,11.036457,-1.630801,0
Q9SZP6,3702,A. thaliana,7.3924785,3.2675352,3
F4K8Y4,3702,A. thaliana,7.067788,3.3619049,4
Q9SUN5,3702,A. thaliana,6.6563454,0.08464935,4
Q9FM64,3702,A. thaliana,7.4026628,3.6657765,7
Q9SXE1,3702,A. thaliana,9.097917,4.442812,17
Q9FLZ5,3702,A. thaliana,7.2809577,1.9272765,3
Q9LP46,3702,A. thaliana,10.158905,-2.0322587,16
Q9FT70,3702,A. thaliana,7.5035443,0.8150218,3
Q93YQ3,3702,A. thaliana,8.465323,5.108981,11
Q9LFN1,3702,A. thaliana,7.242596,3.3862307,2
O64490,3702,A. thaliana,4.5413604,3.8482208,2
O48848,3702,A. thaliana,7.144038,-0.3340923,1
Q9M120,3702,A. thaliana,6.9129615,2.7149951,7
P42825,3702,A. thaliana,9.638995,3.286632,17
Q9M0Y5,3702,A. thaliana,9.92472,-0.64482987,18
Q7XXN8,3702,A. thaliana,8.421993,-3.640317,9
F4JUL8,3702,A. thaliana,6.7110224,2.129693,4
Q9S851,3702,A. thaliana,10.571443,-2.111861,0
Q9CAL3,3702,A. thaliana,7.0512486,3.511734,3
Q9FKW8,3702,A. thaliana,8.873079,3.726785,12
Q9LG02,3702,A. thaliana,10.759918,-1.5571566,3
Q94AR8,3702,A. thaliana,8.533167,5.3851852,2
Q6NLH0,3702,A. thaliana,3.942668,3.83967,15
Q9XFK7,3702,A. thaliana,8.153364,3.1471264,17
O80396,3702,A. thaliana,10.341609,2.1923213,3
Q8LPG9,3702,A. thaliana,8.603581,-0.49783507,6
Q9LV37,3702,A. thaliana,10.783981,2.2262354,3
Q9SAV3,3702,A. thaliana,9.695721,5.8524084,11
Q9ZQB9,3702,A. thaliana,8.725233,1.0214876,3
A0A178WAA1,3702,A. thaliana,10.825234,-1.8687787,0
P49677,3702,A. thaliana,11.231251,-2.1015313,0
Q66WT5,3702,A. thaliana,8.565352,-3.1161823,9
Q9C8J8,3702,A. thaliana,6.0262213,5.209331,7
Q8GXB3,3702,A. thaliana,10.5383215,-1.8826579,0
Q8VYT1,3702,A. thaliana,4.710873,3.8235292,2
Q9ZQI2,3702,A. thaliana,6.6101465,3.5276525,7
Q8LF28,3702,A. thaliana,7.6357656,3.9231906,7
Q39191,3702,A. thaliana,7.0646496,3.4935844,7
Q9LUJ9,3702,A. thaliana,7.5047965,5.2712984,4
P17597,3702,A. thaliana,9.444514,5.73408,2
Q38837,3702,A. thaliana,11.067144,-1.6055043,0
O22958,3702,A. thaliana,7.204427,2.1750193,1
Q9T081,3702,A. thaliana,7.722961,4.132586,7
Q9LNE4,3702,A. thaliana,9.476609,5.5598655,11
Q9M9B9,3702,A. thaliana,10.540295,-1.9708409,0
F4HWE6,3702,A. thaliana,6.4851823,1.0016325,4
Q9LM88,3702,A. thaliana,9.920637,-1.8640753,6
Q39254,3702,A. thaliana,5.071697,4.751315,2
P42813,3702,A. thaliana,6.5737815,3.6436374,7
Q9ZQQ0,3702,A. thaliana,5.6253014,3.6142194,7
Q8H1N6,3702,A. thaliana,7.2612233,3.4119654,7
Q9FJR1,3702,A. thaliana,6.342923,3.8033433,7
Q8GYQ5,3702,A. thaliana,11.246159,2.462707,11
O65693,3702,A. thaliana,6.14627,2.717392,10
Q9M9B3,3702,A. thaliana,10.233909,-2.0387666,0
Q8W4Q5,3702,A. thaliana,9.011903,0.70476633,14
O81153,3702,A. thaliana,3.7806752,4.0469646,15
Q9C843,3702,A. thaliana,10.207064,-2.0169876,0
O64806,3702,A. thaliana,6.563479,5.2517996,7
Q9C968,3702,A. thaliana,7.6726437,1.6660609,3
Q94K78,3702,A. thaliana,7.6829023,2.0951562,1
O22822,3702,A. thaliana,7.6840734,4.0159035,7
O80932,3702,A. thaliana,6.6489196,3.7957408,12
O23413,3702,A. thaliana,6.643297,3.5817666,7
Q9FHQ6,3702,A. thaliana,12.042292,0.22469747,7
C0LGH8,3702,A. thaliana,7.0792403,3.487868,7
Q8W569,3702,A. thaliana,9.695505,-1.8171052,0
O82768,3702,A. thaliana,7.5463777,2.7921982,3
P24101,3702,A. thaliana,6.4220643,3.785704,17
Q9LJR2,3702,A. thaliana,6.6145353,3.6821296,12
Q96243,3702,A. thaliana,5.1250453,5.7126565,2
Q9SQY0,3702,A. thaliana,10.602338,-2.1033087,0
O80698,3702,A. thaliana,8.933438,-2.5201275,16
P51568,3702,A. thaliana,11.120953,2.4142785,7
Q8VZ21,3702,A. thaliana,6.480572,3.175261,3
Q9XGM1,3702,A. thaliana,7.905396,3.0798965,7
Q9M277,3702,A. thaliana,6.9479694,2.714894,4
B3H5J1,3702,A. thaliana,10.439166,-2.4416516,0
Q8S4F6,3702,A. thaliana,7.985773,3.631536,3
Q9LTC4,3702,A. thaliana,9.72945,-1.0705553,6
Q6NLD5,3702,A. thaliana,10.233927,-2.2390537,0
Q9SQZ1,3702,A. thaliana,7.634787,5.371834,2
Q9SH93,3702,A. thaliana,6.050705,4.128711,3
Q9SV30,3702,A. thaliana,10.282435,-2.1337507,6
Q5KS41,3702,A. thaliana,7.618982,3.7829385,7
F4IPB2,3702,A. thaliana,5.9227257,1.2298439,4
Q9MAQ0,3702,A. thaliana,8.635672,4.4092474,17
Q56XQ0,3702,A. thaliana,1.9727185,13.063398,19
Q9M3D1,3702,A. thaliana,8.741643,4.2924147,7
A0A178WMH3,3702,A. thaliana,8.01851,3.110812,3
Q9M817,3702,A. thaliana,5.08359,5.0165806,2
P36428,3702,A. thaliana,9.115504,4.784668,17
P60129,3702,A. thaliana,8.314854,-2.1284828,16
Q9ZNV5,3702,A. thaliana,8.195683,3.1600707,12
Q8LB65,3702,A. thaliana,7.704866,1.7741274,3
A0A178V0E5,3702,A. thaliana,10.396246,-2.1038375,0
Q9LQZ2,3702,A. thaliana,10.274258,-2.2069266,0
Q9LXX5,3702,A. thaliana,7.146516,2.7796004,1
Q8LE06,3702,A. thaliana,10.436319,-2.402012,0
Q1G3G9,3702,A. thaliana,8.7282915,-2.1284475,16
Q9SRX5,3702,A. thaliana,6.595659,3.622549,17
P82873,3702,A. thaliana,8.215951,1.1337193,14
O03986,3702,A. thaliana,9.390152,2.8671727,12
Q9FJB8,3702,A. thaliana,10.352879,-2.1586828,0
P11829,3702,A. thaliana,7.570588,3.188449,1
Q9LM84,3702,A. thaliana,10.966119,-1.8279158,0
O80983,3702,A. thaliana,8.365667,3.6732085,3
Q93ZV1,3702,A. thaliana,7.94757,3.6032019,3
Q9ZT71,3702,A. thaliana,8.822231,2.1973214,12
Q9LYR4,3702,A. thaliana,5.95074,3.061235,10
Q9SN51,3702,A. thaliana,7.6635604,3.9891882,17
Q940U6,3702,A. thaliana,6.9120574,2.7071965,4
Q93ZB7,3702,A. thaliana,10.034828,-1.9210252,0
Q9SN27,3702,A. thaliana,9.37696,-0.8690261,14
Q9LSY7,3702,A. thaliana,6.4670424,3.8557673,17
Q9FKZ2,3702,A. thaliana,7.230691,3.3686147,7
Q6NQ99,3702,A. thaliana,10.191449,-2.0259304,0
Q94CK4,3702,A. thaliana,9.813472,3.7875237,7
Q67ZM4,3702,A. thaliana,9.54067,4.4820256,17
Q9FVT9,3702,A. thaliana,7.246512,3.4028645,2
F4I1S8,3702,A. thaliana,7.9682064,2.4212894,17
P19172,3702,A. thaliana,6.6130295,3.8958552,17
Q7Y217,3702,A. thaliana,7.2106957,3.3754811,3
Q8L5A7,3702,A. thaliana,7.7201357,3.9891768,7
O64635,3702,A. thaliana,11.982884,4.911763,2
Q9CA28,3702,A. thaliana,8.700667,4.4043255,11
P49077,3702,A. thaliana,8.927997,4.7554684,17
Q9FMD9,3702,A. thaliana,8.281916,6.5525556,17
P34881,3702,A. thaliana,7.7164555,1.0590664,14
Q682T9,3702,A. thaliana,5.71225,-5.5192947,11
Q9FJY5,3702,A. thaliana,8.65281,0.4705922,14
Q8RWZ7,3702,A. thaliana,6.293692,4.778327,12
Q9FJZ7,3702,A. thaliana,8.643009,5.2840924,11
Q9C525,3702,A. thaliana,5.9846005,3.6904812,17
Q9SRX7,3702,A. thaliana,7.9645844,5.1944532,17
Q84MC2,3702,A. thaliana,9.364908,6.196495,17
F4HQM3,3702,A. thaliana,6.314726,4.4219017,17
Q9ZSI1,3702,A. thaliana,6.6867776,3.8067973,12
Q9ZQH0,3702,A. thaliana,9.628161,5.1920805,17
Q8LG21,3702,A. thaliana,6.5623536,1.3571966,0
F4ILF8,3702,A. thaliana,4.844533,2.4856367,7
O04492,3702,A. thaliana,11.944053,0.19106565,4
Q8H1D3,3702,A. thaliana,10.742738,-1.5676414,3
Q9LQV4,3702,A. thaliana,10.201907,-1.9850012,0
F4K6X0,3702,A. thaliana,6.8209133,2.6938653,4
F4IGM0,3702,A. thaliana,7.8244514,1.32859,0
Q9LNN7,3702,A. thaliana,10.33861,-2.3518274,0
F4J2Z0,3702,A. thaliana,8.4959,-2.5064964,16
Q8VZ08,3702,A. thaliana,5.3218107,2.9111545,10
Q9FFD9,3702,A. thaliana,6.328777,3.5537038,3
Q9SY07,3702,A. thaliana,10.717846,-1.4336344,3
Q8LBQ7,3702,A. thaliana,10.216989,-2.112986,0
Q8RWN3,3702,A. thaliana,9.991595,-1.7530993,3
Q93VK8,3702,A. thaliana,10.461871,-2.4894712,0
Q9M3B8,3702,A. thaliana,10.17383,-1.9331794,0
Q8VYK7,3702,A. thaliana,9.119899,2.8266764,17
Q9MAH0,3702,A. thaliana,8.40488,6.228491,12
Q501F7,3702,A. thaliana,9.616934,6.11042,11
O04541,3702,A. thaliana,10.792903,-1.5027771,3
Q8VZI9,3702,A. thaliana,10.963212,-1.8507142,7
F4KFB3,3702,A. thaliana,10.11188,-1.9904939,0
Q0WSL5,3702,A. thaliana,8.552231,1.5976869,14
Q9FDX9,3702,A. thaliana,10.743315,-1.551403,14
Q9SZH0,3702,A. thaliana,8.452119,2.5370793,1
Q9LSP5,3702,A. thaliana,8.655708,4.354764,7
Q96299,3702,A. thaliana,7.391406,2.3577714,7
A8R7K9,3702,A. thaliana,7.847849,2.5377645,12
Q9ZWA8,3702,A. thaliana,6.7046423,3.4989738,3
Q9SL48,3702,A. thaliana,8.251942,3.0361133,17
Q9SRP6,3702,A. thaliana,5.094362,2.7628303,7
O49623,3702,A. thaliana,9.0769005,4.8019633,11
Q8VY69,3702,A. thaliana,8.673733,2.8720431,12
Q9ZW22,3702,A. thaliana,5.5498924,4.4922805,2
Q8LPF1,3702,A. thaliana,10.724524,-1.4810088,0
Q8L716,3702,A. thaliana,6.1851654,1.423431,4
Q8L7N0,3702,A. thaliana,8.569257,5.258958,12
Q93Z81,3702,A. thaliana,5.071707,4.777917,2
Q9M8R4,3702,A. thaliana,9.033063,4.6464095,17
Q9LJ45,3702,A. thaliana,6.8612785,1.8695596,7
Q9LMT6,3702,A. thaliana,8.556311,1.7050713,14
O48847,3702,A. thaliana,7.007853,-0.40876082,1
Q9M9M3,3702,A. thaliana,10.257138,-2.4134119,0
Q9FIW1,3702,A. thaliana,10.408158,-2.4393313,16
Q8GXN2,3702,A. thaliana,5.0874176,5.026868,2
F4JP48,3702,A. thaliana,6.6821957,2.5560095,11
Q9M150,3702,A. thaliana,10.793892,-1.5150081,14
Q9ZW36,3702,A. thaliana,7.5121646,0.05226162,1
Q6DYB5,3702,A. thaliana,8.309292,-1.2935044,16
Q93ZG3,3702,A. thaliana,7.3828087,2.3296728,7
Q9ZSK2,3702,A. thaliana,9.473766,4.491117,17
P0C7R1,3702,A. thaliana,8.605604,-2.2108889,16
Q93YS8,3702,A. thaliana,6.1896935,4.503427,12
Q9LSC2,3702,A. thaliana,7.0737305,3.495004,7
Q9C9M1,3702,A. thaliana,8.748402,-0.35025948,3
Q9LVQ8,3702,A. thaliana,7.032687,2.6119714,7
Q9LNC5,3702,A. thaliana,8.582105,3.973499,11
Q9FJV5,3702,A. thaliana,10.342334,-2.1266022,0
P93828,3702,A. thaliana,7.729763,4.177289,2
Q5XF06,3702,A. thaliana,8.281958,1.0202368,14
O82785,3702,A. thaliana,7.965337,0.45861253,0
Q9SJX7,3702,A. thaliana,8.082464,3.665279,12
Q9FX34,3702,A. thaliana,8.569885,1.6756345,14
Q4PT02,3702,A. thaliana,7.599651,3.7503514,3
Q9LZF2,3702,A. thaliana,6.933893,2.7053578,4
Q93ZR1,3702,A. thaliana,4.620909,3.838952,2
Q8RWW0,3702,A. thaliana,7.207818,3.2624798,3
Q9M2D2,3702,A. thaliana,8.077294,3.6503758,7
Q9C9H8,3702,A. thaliana,6.2234945,1.8931805,7
O48832,3702,A. thaliana,6.9760017,2.3527954,1
O22711,3702,A. thaliana,9.669938,5.5465145,11
F4IDQ5,3702,A. thaliana,10.203115,-2.0625975,0
Q5HZ38,3702,A. thaliana,10.342507,2.1190996,7
Q8GWD0,3702,A. thaliana,7.7816367,1.1207677,3
P42761,3702,A. thaliana,10.337462,4.635,17
Q9ZU51,3702,A. thaliana,9.914773,-1.7733651,0
Q9T080,3702,A. thaliana,7.7307916,4.148303,7
P42643,3702,A. thaliana,7.3965054,2.3410292,17
Q9SGD2,3702,A. thaliana,4.817657,1.7405177,14
Q56X52,3702,A. thaliana,6.8800573,2.7876425,7
F4JGZ1,3702,A. thaliana,8.912826,-1.4109597,16
O49292,3702,A. thaliana,7.830033,1.5920047,14
Q93ZN3,3702,A. thaliana,6.9070754,3.540863,14
Q9ZPQ3,3702,A. thaliana,8.406798,6.464457,12
Q9T0J6,3702,A. thaliana,8.927787,3.969087,17
F4KCU5,3702,A. thaliana,11.030979,-1.638596,0
Q9FH90,3702,A. thaliana,6.51693,3.0595777,4
Q9FJF1,3702,A. thaliana,15.238625,2.265786,11
Q9LZY2,3702,A. thaliana,7.152045,2.712806,3
Q940I2,3702,A. thaliana,7.4277053,3.0926936,7
Q9C8U5,3702,A. thaliana,8.304606,1.8566226,3
Q9CAT4,3702,A. thaliana,7.206253,1.3253311,0
Q9FN26,3702,A. thaliana,7.718543,4.1455946,2
Q9LJ95,3702,A. thaliana,8.2053585,1.0076444,14
Q9FUJ1,3702,A. thaliana,8.303321,6.594732,8
Q9SJJ0,3702,A. thaliana,10.3220215,-2.06918,0
O82782,3702,A. thaliana,5.856036,3.0491078,2
Q93ZJ3,3702,A. thaliana,7.9284263,1.2195675,0
Q8W456,3702,A. thaliana,7.9792156,4.1761613,17
Q9C5P4,3702,A. thaliana,10.7184105,-1.4082754,3
Q9LZK5,3702,A. thaliana,9.628826,3.29221,17
Q9MAB6,3702,A. thaliana,8.771327,4.851973,17
Q9SQR2,3702,A. thaliana,10.045899,5.3399887,11
Q9C5H5,3702,A. thaliana,9.831188,-1.4782846,4
P25818,3702,A. thaliana,5.6379595,4.7435694,17
P49209,3702,A. thaliana,8.049656,5.8486466,12
O64654,3702,A. thaliana,7.0070157,2.778223,4
Q9LYK6,3702,A. thaliana,7.6007285,2.4797647,7
O80690,3702,A. thaliana,5.990887,3.6761973,17
A0A178UG69,3702,A. thaliana,7.7978835,0.6342816,14
Q9C6Z3,3702,A. thaliana,9.702963,5.9109035,11
Q93ZJ9,3702,A. thaliana,9.977827,-1.9661417,6
Q9STH2,3702,A. thaliana,6.642231,3.5074272,7
Q9LV90,3702,A. thaliana,8.653164,6.452142,12
Q9FHF1,3702,A. thaliana,6.1682806,5.6134796,11
Q9C641,3702,A. thaliana,9.070711,5.621668,17
Q2V2S7,3702,A. thaliana,8.804291,-2.2047172,16
Q9LYL6,3702,A. thaliana,10.225103,-2.0475633,0
F4I901,3702,A. thaliana,7.1965084,3.4365184,3
F4JXE3,3702,A. thaliana,7.0865436,0.10758166,1
P30187,3702,A. thaliana,5.800933,-5.412831,12
F4K2L8,3702,A. thaliana,6.820674,2.7803588,7
Q9FRI0,3702,A. thaliana,7.5400662,-1.2333434,16
Q9SNB4,3702,A. thaliana,10.515146,-2.1213138,0
Q9FNG5,3702,A. thaliana,6.91226,2.7268913,4
Q9S826,3702,A. thaliana,8.016964,5.046641,12
P34047,3702,A. thaliana,8.820054,4.7689567,17
F4IXH3,3702,A. thaliana,10.002261,-1.955282,16
Q8VYD7,3702,A. thaliana,7.715504,1.1080248,3
Q9LNL3,3702,A. thaliana,11.951893,4.904384,2
O82413,3702,A. thaliana,9.027728,4.7380066,17
O80722,3702,A. thaliana,6.6150665,3.6824298,17
Q94A40,3702,A. thaliana,8.773577,2.2717817,12
Q9FHF4,3702,A. thaliana,7.225607,3.400192,7
Q9LJG6,3702,A. thaliana,7.773569,-1.1143758,16
O49627,3702,A. thaliana,8.704923,4.8410125,17
Q9LT35,3702,A. thaliana,10.397174,2.1024096,7
Q9SJH9,3702,A. thaliana,6.3720913,2.9591117,10
Q9SKW5,3702,A. thaliana,10.36062,-2.1941953,0
F4JEI8,3702,A. thaliana,8.569286,0.9048619,14
P05466,3702,A. thaliana,8.462806,5.0636444,2
Q67Y01,3702,A. thaliana,8.860869,4.7510223,11
Q9C9P3,3702,A. thaliana,8.774348,4.3597765,17
Q9FIX1,3702,A. thaliana,8.488668,3.310315,3
Q9LUB2,3702,A. thaliana,6.223478,2.9235208,10
Q9ZVA4,3702,A. thaliana,6.839347,3.4103093,7
Q9LU68,3702,A. thaliana,10.180032,-2.0638978,16
Q8LAD4,3702,A. thaliana,7.865117,1.5279436,1
Q9LUJ3,3702,A. thaliana,8.54546,-3.2434678,9
Q9ZNT1,3702,A. thaliana,9.371086,5.004108,17
O04173,3702,A. thaliana,5.5953608,2.389332,10
Q683K3,3702,A. thaliana,6.552967,1.0175773,1
Q9ASV6,3702,A. thaliana,7.4108295,2.9430792,1
Q9SVT4,3702,A. thaliana,6.6771,3.8193395,17
Q9FWX7,3702,A. thaliana,6.199896,5.622781,11
Q9FHH2,3702,A. thaliana,10.930272,-1.7768458,0
Q9C778,3702,A. thaliana,8.34342,2.9979458,12
Q42547,3702,A. thaliana,7.8615026,6.818842,14
Q9C8Y4,3702,A. thaliana,8.744872,-1.7222962,16
Q9LYR2,3702,A. thaliana,7.877988,1.4752083,14
Q93XX5,3702,A. thaliana,7.0553155,3.617604,3
Q9M3D2,3702,A. thaliana,7.5569243,5.8309274,12
Q945L0,3702,A. thaliana,7.8843656,2.2616289,11
Q9FJ90,3702,A. thaliana,10.265453,-2.2108636,0
A0MEB5,3702,A. thaliana,7.7399035,1.9078674,3
Q9SZE0,3702,A. thaliana,10.934111,-2.1277535,0
Q0WVM4,3702,A. thaliana,7.0969954,3.5003629,7
Q9LRZ3,3702,A. thaliana,8.808494,2.4364047,12
Q93VC7,3702,A. thaliana,6.1850467,2.5133107,10
Q9SV68,3702,A. thaliana,10.171501,5.5586753,11
Q9SBJ1,3702,A. thaliana,8.192239,4.9888325,2
Q9LRP2,3702,A. thaliana,5.614717,5.173408,17
Q9SU81,3702,A. thaliana,5.5276766,3.5697067,7
Q9SCZ4,3702,A. thaliana,6.9037757,3.450084,7
Q9MAJ7,3702,A. thaliana,6.2730327,3.854373,7
Q93V47,3702,A. thaliana,10.776921,-1.5880139,0
Q9M9L8,3702,A. thaliana,8.324422,3.9191566,17
Q8VZ52,3702,A. thaliana,7.1958814,1.6172075,3
Q94BP3,3702,A. thaliana,8.472031,4.0725775,7
O80516,3702,A. thaliana,7.408093,0.968324,14
F4JXH7,3702,A. thaliana,10.479386,-2.0364416,0
Q9FKM2,3702,A. thaliana,8.05085,3.0000527,17
Q9SIN3,3702,A. thaliana,8.082955,-0.73763376,1
Q9LZ87,3702,A. thaliana,10.216262,-1.9866091,0
Q9LHL5,3702,A. thaliana,9.44413,4.414847,11
Q9FMR3,3702,A. thaliana,10.6836815,-2.030272,0
O48850,3702,A. thaliana,8.654522,2.6798413,3
P34066,3702,A. thaliana,0.26316962,-2.7646947,17
F4JYP3,3702,A. thaliana,7.8454943,0.5876187,14
Q9FJ70,3702,A. thaliana,6.3010654,2.4407945,7
Q9C562,3702,A. thaliana,6.7166634,2.7339046,2
Q9SJF0,3702,A. thaliana,7.6039596,1.2986616,3
O80513,3702,A. thaliana,7.2317805,1.8710752,7
Q9C5T5,3702,A. thaliana,11.207562,3.7915397,7
Q8LEF6,3702,A. thaliana,8.02645,3.567706,3
Q9C6Z2,3702,A. thaliana,9.151922,5.0419874,7
Q42381,3702,A. thaliana,6.6664276,2.5820758,7
F4J8R4,3702,A. thaliana,8.654325,-3.1570253,9
F4I448,3702,A. thaliana,6.3714705,1.5108001,4
Q8RWC9,3702,A. thaliana,6.7134247,2.7293792,2
Q9SJE1,3702,A. thaliana,8.291747,5.1668715,2
Q8GYE0,3702,A. thaliana,8.131495,1.8548003,3
Q9SLL7,3702,A. thaliana,7.6622214,5.7278986,17
Q39196,3702,A. thaliana,5.6395,4.737926,17
Q9ZUU9,3702,A. thaliana,5.8161354,3.624197,7
Q6IDB6,3702,A. thaliana,9.212802,4.9912753,11
F4KDI6,3702,A. thaliana,8.988996,0.5327148,16
Q9LZ31,3702,A. thaliana,11.91563,4.886654,2
Q42202,3702,A. thaliana,6.595203,2.2319613,7
O22229,3702,A. thaliana,8.742704,4.8734636,11
F4IN59,3702,A. thaliana,7.102279,2.702289,1
Q6E279,3702,A. thaliana,6.347919,3.380468,3
Q38970,3702,A. thaliana,8.330903,3.8846328,14
Q9LYH2,3702,A. thaliana,5.808134,1.9689035,10
O23684,3702,A. thaliana,6.8513317,2.7219348,4
Q9SIX3,3702,A. thaliana,7.358573,-0.049677275,1
O81299,3702,A. thaliana,9.046113,4.511134,17
Q9SZL8,3702,A. thaliana,7.18215,3.2579472,2
Q3EBY8,3702,A. thaliana,10.576838,-1.8411218,0
Q9XI28,3702,A. thaliana,8.058267,3.2619333,12
Q94JM3,3702,A. thaliana,10.782427,-1.8994915,4
Q8L7U0,3702,A. thaliana,9.044135,4.230749,17
Q9FIQ5,3702,A. thaliana,5.401133,4.4519095,7
F4I2I5,3702,A. thaliana,7.828451,-0.3565536,14
Q9LTA6,3702,A. thaliana,10.975329,-1.854899,0
Q94AT5,3702,A. thaliana,7.6933465,0.9426472,0
Q9LXU0,3702,A. thaliana,10.47003,-2.4602528,0
Q9LSY8,3702,A. thaliana,7.6915083,3.9614959,17
Q9S9Z0,3702,A. thaliana,10.839024,-1.531949,3
O48767,3702,A. thaliana,8.708807,-1.5834868,16
Q05212,3702,A. thaliana,8.649178,4.3845024,17
O81270,3702,A. thaliana,7.339604,3.2400413,17
Q9FVQ4,3702,A. thaliana,8.011121,3.7194228,12
Q9SIY8,3702,A. thaliana,4.6945834,2.357423,7
Q9LZS0,3702,A. thaliana,10.78165,-1.9774505,0
Q9S7R5,3702,A. thaliana,8.107985,3.1332178,3
F4I7B6,3702,A. thaliana,4.084215,3.4666827,2
G5EGE3,6239,C. elegans,7.5390716,0.92246974,3
G5EBX8,6239,C. elegans,3.1378508,-0.9545196,7
A0A0K3AUE4,6239,C. elegans,7.135841,-1.5608698,6
Q27497,6239,C. elegans,-2.0197315,12.0030155,11
Q8I4L0,6239,C. elegans,7.837098,-0.8684512,6
Q19191,6239,C. elegans,8.016772,-1.1806098,6
G5EC21,6239,C. elegans,7.9921904,-1.4606142,6
P38433,6239,C. elegans,4.9383845,2.9450357,17
O02298,6239,C. elegans,8.470707,3.465238,17
Q9XUH6,6239,C. elegans,4.502942,0.39572623,14
Q23022,6239,C. elegans,2.9403365,2.9121811,7
Q18677,6239,C. elegans,9.221134,5.6019816,11
D1MN68,6239,C. elegans,7.7980466,2.508963,11
G5EG26,6239,C. elegans,9.512484,4.914795,17
D5MCQ3,6239,C. elegans,7.107485,-0.096400335,1
P90900,6239,C. elegans,1.7617521,8.723596,1
Q17336,6239,C. elegans,7.940843,0.6432954,1
Q19722,6239,C. elegans,9.284274,4.692274,17
Q17740,6239,C. elegans,7.237974,-1.3371342,6
Q93619,6239,C. elegans,9.727859,5.7558236,11
Q18986,6239,C. elegans,7.857753,0.70662445,14
Q7JNM3,6239,C. elegans,6.8174014,-2.014546,6
G5EC36,6239,C. elegans,5.88823,-0.35278338,3
Q09604,6239,C. elegans,6.6064105,-1.9190952,6
Q19876,6239,C. elegans,6.630968,3.8588152,17
Q8I4M5,6239,C. elegans,7.7069764,-1.6813205,6
A0FLQ6,6239,C. elegans,9.085267,3.0777266,12
Q27371,6239,C. elegans,8.442166,0.83833224,1
O16462,6239,C. elegans,8.513853,3.3231514,12
P91193,6239,C. elegans,7.647753,-0.892102,6
G5ED46,6239,C. elegans,4.460143,1.7637932,3
Q22347,6239,C. elegans,10.1249275,6.160471,11
Q95XR2,6239,C. elegans,8.876826,3.2274773,3
G5EC16,6239,C. elegans,8.236273,0.60453004,14
Q18775,6239,C. elegans,3.1421883,-0.97298247,3
H2KZS7,6239,C. elegans,8.030774,-0.5008021,14
D3YT36,6239,C. elegans,9.38039,5.393512,11
O01519,6239,C. elegans,6.67327,-1.6474489,14
O16369,6239,C. elegans,8.703405,2.8442557,17
Q9XTT4,6239,C. elegans,7.9217615,-0.49217686,6
V6CJ54,6239,C. elegans,8.802736,2.585328,14
U4PMB4,6239,C. elegans,6.997296,-1.5591536,6
G5EEK3,6239,C. elegans,7.634263,-0.8231107,6
H2KZ17,6239,C. elegans,6.9335575,0.59270936,1
Q03614,6239,C. elegans,5.4402213,4.92614,17
A5JYS9,6239,C. elegans,8.317249,-0.96127766,16
G5EDZ7,6239,C. elegans,10.19685,4.4032235,12
Q9N537,6239,C. elegans,8.534493,0.5150871,14
P29506,6239,C. elegans,6.8097806,-2.0492482,6
H1UBK1,6239,C. elegans,8.927705,4.5712876,17
Q95Y17,6239,C. elegans,8.815643,-2.4509583,16
P42171,6239,C. elegans,8.332936,1.2149421,14
Q9Y0V2,6239,C. elegans,8.304648,0.8921802,1
P91495,6239,C. elegans,4.530902,1.7441471,12
Q9XVX8,6239,C. elegans,8.757063,0.4149421,14
Q7Z204,6239,C. elegans,6.9782805,-1.3251207,6
O61219,6239,C. elegans,5.001202,3.9290166,2
Q19204,6239,C. elegans,4.191236,1.8789238,3
Q22036,6239,C. elegans,8.693375,3.4043088,12
G5ECL3,6239,C. elegans,8.544819,2.6356854,1
Q9XXK1,6239,C. elegans,8.48606,5.4157405,12
O44572,6239,C. elegans,8.475647,0.7707463,14
Q11181,6239,C. elegans,7.4554973,-0.8235821,6
Q93367,6239,C. elegans,8.120709,-0.5842372,14
Q9GYJ3,6239,C. elegans,7.1176405,4.314592,1
Q20709,6239,C. elegans,8.212503,-0.9344376,6
G5EGQ6,6239,C. elegans,4.6099434,1.4811217,14
Q9XV14,6239,C. elegans,4.651765,1.3567837,14
P34441,6239,C. elegans,8.713673,-0.5963928,16
Q19788,6239,C. elegans,8.175703,-0.4546105,14
P18948,6239,C. elegans,4.566031,1.5131011,14
O17828,6239,C. elegans,8.495908,-0.18733627,14
H2KYY1,6239,C. elegans,6.811448,-1.9593556,6
Q86NC2,6239,C. elegans,8.84949,-2.33554,16
D5MCQ2,6239,C. elegans,7.076611,0.004485004,1
Q9XW36,6239,C. elegans,5.6699467,4.5345125,3
G5EGB1,6239,C. elegans,9.723186,4.069161,11
G5EE68,6239,C. elegans,6.7791495,0.17522123,7
O62422,6239,C. elegans,15.205985,2.2812557,17
Q09363,6239,C. elegans,4.9251637,2.2193346,3
P41937,6239,C. elegans,-3.4773376,1.6117482,12
Q9TZK5,6239,C. elegans,4.8019323,2.4631088,7
D2KT99,6239,C. elegans,7.300595,-1.1397355,6
G5EF62,6239,C. elegans,7.2787614,-0.48402542,6
A5PEX5,6239,C. elegans,7.861756,0.7748529,3
D2N109,6239,C. elegans,5.519241,4.65884,7
P91189,6239,C. elegans,8.749614,2.2853143,12
H2FLH5,6239,C. elegans,7.6081886,-1.3071202,6
G5ECT7,6239,C. elegans,7.752704,-1.1767244,6
O45298,6239,C. elegans,4.7589197,2.5243824,3
O45952,6239,C. elegans,7.815368,-0.797664,6
Q9GYF0,6239,C. elegans,5.9857707,3.9842103,12
O16999,6239,C. elegans,8.916556,3.4088593,12
G5EFN4,6239,C. elegans,2.9629617,2.8908913,7
Q21501,6239,C. elegans,8.856103,3.3882167,12
Q23628,6239,C. elegans,2.865963,1.5244098,1
F5GUA9,6239,C. elegans,8.657458,-1.2950532,6
G5EE33,6239,C. elegans,5.88056,3.5337694,14
P81299,6239,C. elegans,8.569612,0.43948266,14
Q17922,6239,C. elegans,7.08872,-1.6029917,6
O44953,6239,C. elegans,6.3580403,4.4139013,12
Q10128,6239,C. elegans,4.8316846,0.95636344,14
Q53U87,6239,C. elegans,4.1394825,1.7739873,3
Q20712,6239,C. elegans,8.074452,-0.5215526,6
Q22747,6239,C. elegans,8.047968,0.75060105,14
P27715,6239,C. elegans,7.192232,0.6906099,1
Q3T903,6239,C. elegans,8.759263,0.9704046,14
G5EGA5,6239,C. elegans,6.103789,4.938475,17
Q9TYX9,6239,C. elegans,8.129039,-1.3176404,14
P91457,6239,C. elegans,7.7358685,-0.45730782,6
G5EED7,6239,C. elegans,4.6077676,2.4016426,3
Q9TYX6,6239,C. elegans,8.360535,0.07371088,14
O01759,6239,C. elegans,8.180575,0.015425696,14
H9G2Q2,6239,C. elegans,7.753384,0.50878626,14
Q22918,6239,C. elegans,8.502696,0.9423652,1
Q09248,6239,C. elegans,8.827646,1.0071127,14
P91829,6239,C. elegans,5.246587,-0.5323882,12
G5EBZ8,6239,C. elegans,7.599023,-0.08282927,14
B2MZC3,6239,C. elegans,8.699516,2.6378696,12
Q93830,6239,C. elegans,9.08951,3.8274832,12
G5ED80,6239,C. elegans,7.748383,-0.25943837,14
Q58AA5,6239,C. elegans,7.3989553,1.8013251,3
H9G2V3,6239,C. elegans,7.9959335,0.93814147,14
Q19635,6239,C. elegans,5.760929,3.8630948,12
G5EBK4,6239,C. elegans,9.078972,3.7010336,12
Q95PX7,6239,C. elegans,8.322839,0.98069876,1
Q95R18,6239,C. elegans,7.1849456,-1.4817849,6
Q20766,6239,C. elegans,5.7669597,3.7852998,3
Q17695,6239,C. elegans,8.277316,-0.76171535,16
Q9XUU8,6239,C. elegans,8.8211,2.30201,14
Q94251,6239,C. elegans,6.7780156,2.012025,7
Q2PJ98,6239,C. elegans,7.6653748,-1.4514954,14
Q9U3S9,6239,C. elegans,4.304296,2.0746703,3
P47209,6239,C. elegans,8.534422,5.4380374,12
O45346,6239,C. elegans,4.6377735,0.51540077,14
Q20898,6239,C. elegans,7.258557,-1.1761856,6
Q9XVM9,6239,C. elegans,5.677585,4.174875,3
Q2L6W9,6239,C. elegans,10.476548,2.2384117,7
P53013,6239,C. elegans,8.992702,6.230401,17
G5EF88,6239,C. elegans,8.28882,0.2743122,14
P49809,6239,C. elegans,7.788113,0.78580135,14
Q9N413,6239,C. elegans,4.3610983,1.0262403,14
O01869,6239,C. elegans,8.029149,6.8847423,1
G4S9F5,6239,C. elegans,8.787719,1.6815965,12
P34673,6239,C. elegans,9.611432,5.557982,11
B7WN72,6239,C. elegans,7.3145127,0.46712446,1
O01465,6239,C. elegans,7.7766414,-1.5462042,6
Q9U238,6239,C. elegans,8.500283,3.0832608,12
Q09566,6239,C. elegans,4.550162,1.8162119,3
Q20347,6239,C. elegans,10.768203,2.2510452,7
Q9NAH3,6239,C. elegans,8.53814,0.5961435,14
Q18530,6239,C. elegans,4.649466,0.5805875,16
Q20618,6239,C. elegans,5.5378847,4.446805,3
Q94207,6239,C. elegans,8.579479,-0.18972616,14
Q20057,6239,C. elegans,8.736339,-2.8531973,16
P48181,6239,C. elegans,2.9404662,2.9144561,7
Q18129,6239,C. elegans,5.506943,4.702931,7
G5ED40,6239,C. elegans,6.6471624,5.149514,17
Q20456,6239,C. elegans,8.439336,1.040394,14
Q8I113,6239,C. elegans,8.387795,-0.21501191,14
G5EBL3,6239,C. elegans,9.110061,-2.955653,16
O45526,6239,C. elegans,7.154899,-1.0658109,6
Q04908,6239,C. elegans,8.657813,2.5268238,12
Q8MQ40,6239,C. elegans,12.983064,2.9726114,2
Q7YZR6,6239,C. elegans,5.705033,3.7437515,3
G5EDP9,6239,C. elegans,8.304247,0.15438393,14
Q21473,6239,C. elegans,5.571567,4.7211065,11
P34424,6239,C. elegans,7.9659905,-0.3277518,14
A8DYS3,6239,C. elegans,6.835362,0.08253502,7
P54141,6239,C. elegans,5.5100045,4.405945,3
P10038,6239,C. elegans,6.5802226,-1.9633247,6
Q20693,6239,C. elegans,7.960639,-1.3016245,6
H2KY60,6239,C. elegans,7.195939,-1.4864594,6
H2KZU6,6239,C. elegans,8.232854,-1.6587458,16
O44169,6239,C. elegans,8.984167,1.8898612,3
Q23590,6239,C. elegans,7.961433,0.070428915,14
Q10664,6239,C. elegans,10.8064995,2.2752638,7
Q18217,6239,C. elegans,9.120327,3.4687486,12
Q69Z13,6239,C. elegans,8.790619,5.1310534,12
G8JY24,6239,C. elegans,9.435119,5.680873,11
Q23542,6239,C. elegans,8.307228,-0.49532753,14
G5EF39,6239,C. elegans,6.959352,1.3166687,7
Q93198,6239,C. elegans,5.9053264,4.394491,17
Q9U2C3,6239,C. elegans,15.259907,2.2921665,11
H2KYB3,6239,C. elegans,6.8177543,-1.2841505,6
Q21793,6239,C. elegans,7.517533,-0.8964252,6
Q20164,6239,C. elegans,8.903938,3.374661,17
Q22703,6239,C. elegans,7.145827,-1.4598799,6
Q19350,6239,C. elegans,4.160411,1.7663249,3
Q86MP3,6239,C. elegans,8.76497,2.261033,12
G5EBJ9,6239,C. elegans,9.09383,4.527916,17
G5EBG0,6239,C. elegans,8.991426,1.5559294,14
G5EGS5,6239,C. elegans,7.5786743,1.0211452,14
P27420,6239,C. elegans,9.79155,4.2110677,17
Q18779,6239,C. elegans,5.467961,5.2135353,2
P49594,6239,C. elegans,9.384806,2.2414372,3
G5EE67,6239,C. elegans,11.184897,3.7894258,17
Q22640,6239,C. elegans,8.841733,-3.0430398,16
Q7Z138,6239,C. elegans,5.650486,4.6855097,17
Q20684,6239,C. elegans,8.126113,-0.54309046,1
Q95XS0,6239,C. elegans,8.382433,0.0944854,14
A0A0K3AXH1,6239,C. elegans,7.892513,-1.0762963,16
O17645,6239,C. elegans,4.717878,2.518533,7
Q9UAV8,6239,C. elegans,9.375161,4.916802,11
O77469,6239,C. elegans,4.1200833,1.7790471,3
O45818,6239,C. elegans,7.207939,0.9955696,3
Q09413,6239,C. elegans,8.216733,0.42659423,14
Q09628,6239,C. elegans,4.4815235,0.6789049,14
P34455,6239,C. elegans,8.834458,5.4616556,17
G5EGU4,6239,C. elegans,4.693955,0.7524845,14
Q93413,6239,C. elegans,8.449079,0.293004,14
O18191,6239,C. elegans,9.049552,0.566371,14
G5EG62,6239,C. elegans,8.67562,2.1823823,12
P41999,6239,C. elegans,5.2415524,-0.52647126,3
A8WI01,6239,C. elegans,5.652181,3.7234168,7
Q93575,6239,C. elegans,8.905488,3.3921556,12
Q22355,6239,C. elegans,6.931993,-1.8228004,6
Q18320,6239,C. elegans,8.258978,-1.7670388,16
O44743,6239,C. elegans,6.9485564,-1.6970263,6
G8JYF6,6239,C. elegans,7.6395087,1.9249809,3
Q19749,6239,C. elegans,9.129863,4.4660425,11
Q17603,6239,C. elegans,8.439116,-0.87519085,16
Q17848,6239,C. elegans,8.262044,3.278375,12
G5EBP0,6239,C. elegans,9.518001,0.44134837,16
Q9XXJ0,6239,C. elegans,8.549437,5.497234,12
Q9XUL8,6239,C. elegans,9.048812,1.2695217,12
O61220,6239,C. elegans,5.7057014,3.686473,3
Q9XXH8,6239,C. elegans,8.4306555,-0.071216986,14
B6VQ55,6239,C. elegans,5.954971,4.9694853,12
Q22361,6239,C. elegans,6.1236377,4.528939,17
D1MN51,6239,C. elegans,7.823406,-1.013783,6
Q20930,6239,C. elegans,4.4512663,1.7204206,3
Q95QW4,6239,C. elegans,5.752785,4.166588,3
Q11179,6239,C. elegans,10.899308,2.2866416,3
G5EBH0,6239,C. elegans,7.153282,1.3156385,3
G5EDE2,6239,C. elegans,8.878809,0.6034323,14
O17239,6239,C. elegans,3.138392,-0.9505373,7
Q95XA8,6239,C. elegans,6.9182644,-1.3947039,6
Q21740,6239,C. elegans,8.683614,-1.5104992,16
Q19280,6239,C. elegans,4.7728624,1.642428,14
O45434,6239,C. elegans,8.944547,1.3883557,3
O45681,6239,C. elegans,7.7071867,-1.3016028,6
Q95ZI4,6239,C. elegans,9.704932,4.020875,11
G5EE01,6239,C. elegans,8.404907,-0.97021675,16
P91863,6239,C. elegans,7.207223,3.7928238,17
P34713,6239,C. elegans,6.137337,5.6347866,17
G5EDQ4,6239,C. elegans,4.3838887,1.4348704,14
G5EFC3,6239,C. elegans,5.554923,3.8528764,7
G5EF54,6239,C. elegans,5.3926783,4.4616036,17
P56570,6239,C. elegans,8.9290285,3.5218248,12
Q22909,6239,C. elegans,6.634489,-1.933624,6
G5EFA2,6239,C. elegans,8.203359,0.35930878,14
O18180,6239,C. elegans,8.41721,2.7902076,1
G5EF76,6239,C. elegans,6.534261,-1.8507203,6
Q22145,6239,C. elegans,8.164852,-0.89189935,16
C1P635,6239,C. elegans,7.5889134,0.29377574,3
Q965M2,6239,C. elegans,4.1772532,1.6709019,3
Q8I4J5,6239,C. elegans,7.7756443,-0.24546026,6
Q09541,6239,C. elegans,8.955575,3.3617802,12
Q9XVI2,6239,C. elegans,8.228456,0.30472717,14
Q9XXI7,6239,C. elegans,8.570344,0.5823495,14
Q9N4D8,6239,C. elegans,9.301706,-4.951783,14
Q95QP3,6239,C. elegans,9.075718,0.95542264,14
Q9N595,6239,C. elegans,8.939169,2.4269047,12
A0A0K3AWM6,6239,C. elegans,5.6439524,4.439998,17
Q21805,6239,C. elegans,5.254377,-0.5130423,14
P34260,6239,C. elegans,8.71383,2.8540998,12
Q19189,6239,C. elegans,8.585198,1.6634332,12
Q9N4G4,6239,C. elegans,7.5547686,-1.0908657,6
Q95Y26,6239,C. elegans,7.617981,0.9497486,3
Q09626,6239,C. elegans,4.3650885,0.6885002,14
Q9BPN3,6239,C. elegans,8.21531,0.18723704,14
Q95ZQ4,6239,C. elegans,10.2977295,2.0330477,3
Q965X6,6239,C. elegans,6.8645372,-0.8472193,3
G5EFU0,6239,C. elegans,10.303392,2.003505,3
A5JYU8,6239,C. elegans,8.60222,-2.208031,16
P90986,6239,C. elegans,8.7627535,2.315231,14
Q19862,6239,C. elegans,8.354835,-1.9861788,16
G5EFW7,6239,C. elegans,8.688809,2.8048012,12
O01314,6239,C. elegans,9.075845,0.6103225,14
O16305,6239,C. elegans,5.7154207,-5.516934,11
G5EE07,6239,C. elegans,7.0834975,-1.6083794,6
Q21441,6239,C. elegans,7.5674057,-0.7606191,6
Q9N428,6239,C. elegans,8.98501,-0.94852906,16
Q93712,6239,C. elegans,8.595313,0.49164075,14
P55216,6239,C. elegans,9.850992,5.929693,2
Q93931,6239,C. elegans,8.758158,2.408384,12
G5EDT1,6239,C. elegans,8.905267,0.5825182,14
Q9GT24,6239,C. elegans,8.168907,0.005621626,14
O61955,6239,C. elegans,8.857846,3.4384816,17
O45499,6239,C. elegans,7.596078,5.6767,11
Q18801,6239,C. elegans,9.363304,5.4032054,11
G5EBE3,6239,C. elegans,7.5729723,-0.29615283,1
G5ECA3,6239,C. elegans,7.38685,1.4479886,3
Q17589,6239,C. elegans,5.270536,-0.5558631,14
G5EFM0,6239,C. elegans,8.333366,-0.5059828,14
Q9N4Z7,6239,C. elegans,8.435004,2.5739486,3
Q27512,6239,C. elegans,9.612378,3.355288,17
G5EDT6,6239,C. elegans,10.443395,2.1754382,3
Q95QD1,6239,C. elegans,7.6113787,3.1103227,12
Q9XXD7,6239,C. elegans,4.4426274,1.5877858,14
Q27873,6239,C. elegans,9.588726,5.583275,11
Q18917,6239,C. elegans,8.869832,3.4862506,12
G3MTY7,6239,C. elegans,5.703578,3.728274,14
Q93725,6239,C. elegans,9.26699,3.463185,11
H9G2S7,6239,C. elegans,7.18275,-1.8324829,6
Q9XWF2,6239,C. elegans,8.402942,3.0542004,1
G5EGD2,6239,C. elegans,6.20333,-1.2575468,3
G5ECA1,6239,C. elegans,8.626204,0.41675782,16
Q23579,6239,C. elegans,6.638479,-1.8503063,6
P91026,6239,C. elegans,7.7657137,-1.2370156,6
Q21540,6239,C. elegans,4.3658447,2.167741,17
Q9U3I4,6239,C. elegans,7.7385693,1.875467,14
Q09601,6239,C. elegans,7.690274,-0.5145828,6
P0DM42,6239,C. elegans,20.421335,4.079902,2
B7WN96,6239,C. elegans,7.201623,-2.0938933,6
Q20574,6239,C. elegans,4.383769,-1.7750562,12
Q9XX14,6239,C. elegans,8.092584,-0.23117846,6
Q8ITW3,6239,C. elegans,6.6742883,-1.2445916,1
C8JQR7,6239,C. elegans,5.818378,3.6707492,3
Q09309,6239,C. elegans,8.418993,2.25438,3
O45595,6239,C. elegans,8.525655,-1.008002,16
O02207,6239,C. elegans,7.90667,2.8030124,17
Q9N3G1,6239,C. elegans,8.637207,-0.6685973,14
Q10007,6239,C. elegans,9.972849,-0.61908865,6
P34517,6239,C. elegans,9.290965,5.2069283,11
Q9U2H1,6239,C. elegans,10.920055,2.3070388,17
O61742,6239,C. elegans,8.577984,3.009817,17
O01299,6239,C. elegans,7.6930027,-1.23155,6
P90781,6239,C. elegans,9.910149,5.190177,17
A3QM96,6239,C. elegans,9.333778,-5.0254493,14
Q03615,6239,C. elegans,7.911702,0.45175576,14
Q10002,6239,C. elegans,8.9976,4.1466703,17
Q21915,6239,C. elegans,8.832287,3.5732596,12
P41829,6239,C. elegans,6.6670594,-1.6140391,6
G5EDL5,6239,C. elegans,8.951634,4.270616,17
Q9GS03,6239,C. elegans,5.407444,4.4837265,17
D5MCP9,6239,C. elegans,7.042855,-1.3017081,6
Q19829,6239,C. elegans,10.164653,0.83627075,14
Q22888,6239,C. elegans,8.873777,3.323,17
O61770,6239,C. elegans,8.5140295,-0.8850635,16
O76337,6239,C. elegans,7.5063434,-0.040062007,14
Q9U1Q0,6239,C. elegans,8.192756,2.3896797,17
Q23023,6239,C. elegans,8.416612,-0.018012099,14
Q21323,6239,C. elegans,9.068436,3.965485,17
Q21281,6239,C. elegans,4.119102,1.8393502,3
Q9XVP0,6239,C. elegans,8.71861,-3.0563538,16
Q968Y9,6239,C. elegans,4.7063923,1.3305935,14
Q09442,6239,C. elegans,7.1629925,0.012154658,1
Q9BL15,6239,C. elegans,9.030984,4.0189867,17
G5ECU1,6239,C. elegans,11.178068,3.8027067,7
O61931,6239,C. elegans,8.585865,2.2816176,14
O62106,6239,C. elegans,9.293277,5.6300755,11
Q22262,6239,C. elegans,7.4269133,-0.99517405,1
A0A163UT06,6239,C. elegans,8.299662,0.007621256,14
Q03206,6239,C. elegans,2.94387,5.096797,2
H2KZG6,6239,C. elegans,10.149706,6.1407394,11
P56173,6239,C. elegans,4.4645452,0.7114979,14
Q9GYQ9,6239,C. elegans,7.743894,-0.21760061,6
Q02334,6239,C. elegans,5.5707164,5.189644,17
Q21614,6239,C. elegans,8.89533,3.454991,12
Q22387,6239,C. elegans,8.460937,-1.0172781,16
H2KZZ2,6239,C. elegans,7.171717,-1.687911,6
Q9XXU2,6239,C. elegans,8.35714,-1.8892112,16
Q86B36,6239,C. elegans,8.479794,5.6498346,12
Q9XWN9,6239,C. elegans,6.9734044,-1.614423,6
Q3V5J3,6239,C. elegans,7.4985924,0.19139709,14
Q17491,6239,C. elegans,9.143867,1.4939145,14
P34575,6239,C. elegans,8.400053,5.968463,12
H2L0C1,6239,C. elegans,4.3675604,1.6768347,14
Q95QN2,6239,C. elegans,9.367672,2.6932025,3
Q20065,6239,C. elegans,4.76636,2.5446806,7
Q17330,6239,C. elegans,4.5512266,1.9885262,12
O16530,6239,C. elegans,5.5138493,4.736442,7
Q9NAP8,6239,C. elegans,8.626391,-0.34440777,14
P34286,6239,C. elegans,0.26276836,-2.7649674,17
Q22717,6239,C. elegans,6.721063,-1.9739983,6
Q9TY07,6239,C. elegans,8.2542305,0.74945855,14
Q19594,6239,C. elegans,10.215749,0.694259,1
H1UBJ2,6239,C. elegans,8.289664,0.13985033,14
Q95Y90,6239,C. elegans,8.123096,5.8912516,12
Q10931,6239,C. elegans,9.08476,2.5361693,12
Q86NH1,6239,C. elegans,7.566848,0.31989026,14
Q23647,6239,C. elegans,8.459058,-1.5799409,16
P52013,6239,C. elegans,11.282977,6.222224,17
Q22306,6239,C. elegans,9.197155,2.2089357,3
Q9N4U5,6239,C. elegans,8.514234,0.5730146,1
B2D6M2,6239,C. elegans,8.360314,0.18922567,14
Q6BER6,6239,C. elegans,8.562,1.085083,14
O17586,6239,C. elegans,0.26573363,-2.762339,17
Q9BL17,6239,C. elegans,6.1703124,5.637467,11
Q22075,6239,C. elegans,4.275754,1.5545082,3
Q21621,6239,C. elegans,8.802707,-2.8116348,16
P29691,6239,C. elegans,8.732344,4.7247844,17
G5EES2,6239,C. elegans,6.965817,1.2829103,3
G5EGG0,6239,C. elegans,8.67986,2.155507,12
P91351,6239,C. elegans,8.230165,0.60910964,14
Q94402,6239,C. elegans,8.482221,0.73874,14
O62471,6239,C. elegans,8.763929,2.5828476,12
Q9XW53,6239,C. elegans,7.2737703,0.41232228,14
H2L008,6239,C. elegans,6.441213,-0.9124935,4
H2KZ73,6239,C. elegans,4.5040483,1.66041,3
Q94218,6239,C. elegans,8.717942,-1.5153685,16
P17343,6239,C. elegans,7.7645607,2.530513,11
Q9U295,6239,C. elegans,4.9073577,2.896063,17
Q9N5M2,6239,C. elegans,8.572632,2.424142,12
Q19468,6239,C. elegans,6.085948,4.8594594,12
Q1ZXS6,6239,C. elegans,8.43412,-1.6992184,16
G5EFV0,6239,C. elegans,7.321168,1.308038,3
O62108,6239,C. elegans,8.963897,3.5467658,17
P34548,6239,C. elegans,4.8489623,2.3170528,17
Q17345,6239,C. elegans,8.657247,3.7747955,17
P61866,6239,C. elegans,7.958101,5.615871,12
P80361,6239,C. elegans,8.913261,3.5789402,12
Q9BIC1,6239,C. elegans,7.5213714,0.3929999,14
Q9N2S7,6239,C. elegans,5.342003,4.4219646,7
Q9UAV3,6239,C. elegans,9.186368,3.8057714,17
O45451,6239,C. elegans,10.340185,4.626065,17
Q27355,6239,C. elegans,7.1755223,-1.6117728,6
Q09457,6239,C. elegans,7.6864223,-1.4249207,6
O44498,6239,C. elegans,7.740149,-1.0684894,6
Q95XU6,6239,C. elegans,7.7256994,-0.4522925,6
P34540,6239,C. elegans,7.9313855,0.7144458,3
Q18624,6239,C. elegans,7.849078,-0.35099196,14
Q95ZS2,6239,C. elegans,8.577378,3.7446976,3
O01514,6239,C. elegans,8.81506,2.5221894,12
Q17667,6239,C. elegans,8.35159,0.9194998,14
G5EGI5,6239,C. elegans,4.6182866,1.8670571,3
Q9XVW6,6239,C. elegans,8.598037,0.35338417,14
Q09208,6239,C. elegans,5.4954133,4.430336,3
H2KZN1,6239,C. elegans,5.8227334,4.8018155,17
Q65XX8,6239,C. elegans,8.459312,3.7596145,3
Q9XVE7,6239,C. elegans,7.8196645,0.972388,3
P34574,6239,C. elegans,8.752618,2.0406883,12
P34605,6239,C. elegans,8.563001,3.106948,12
Q22947,6239,C. elegans,5.5399065,5.0965075,17
Q22308,6239,C. elegans,7.7868705,-0.27353147,1
A5PEW7,6239,C. elegans,6.221421,4.1032224,14
O17898,6239,C. elegans,5.235435,-0.4998653,14
Q9U2S4,6239,C. elegans,10.671402,3.822478,11
Q27GT3,6239,C. elegans,5.8947926,4.0379386,3
V6CLJ5,6239,C. elegans,6.3293943,-0.17857014,4
H2KZ68,6239,C. elegans,7.6823244,-1.4986221,16
O01592,6239,C. elegans,9.530623,6.259832,17
Q5H9M9,6239,C. elegans,7.0151625,2.4647267,7
Q18761,6239,C. elegans,4.18275,1.5027726,3
Q11117,6239,C. elegans,8.256586,2.9393065,12
G5EGA9,6239,C. elegans,8.781014,2.0722206,14
D0IMZ6,6239,C. elegans,7.1406655,2.5646076,7
P45962,6239,C. elegans,7.8460565,0.8379719,3
O16997,6239,C. elegans,8.543581,0.74356645,1
Q19130,6239,C. elegans,8.953735,5.08073,17
Q7Z1P9,6239,C. elegans,7.140517,0.7806404,14
Q7Z291,6239,C. elegans,4.189205,1.8913728,3
O45100,6239,C. elegans,8.458184,3.1703944,12
Q20670,6239,C. elegans,8.517394,-3.3973908,9
B2D6N9,6239,C. elegans,8.54153,1.4380914,14
Q9N4E9,6239,C. elegans,8.4415,2.0388975,12
Q19752,6239,C. elegans,9.420254,4.3351455,17
Q9XYD3,6239,C. elegans,6.796106,-1.4499105,6
G5EES6,6239,C. elegans,8.712403,2.7844493,12
Q9TZ51,6239,C. elegans,4.5680885,0.44172704,14
Q8I136,6239,C. elegans,4.7930264,2.4280734,17
Q9TY06,6239,C. elegans,8.269677,-3.9012845,9
G8JYF1,6239,C. elegans,8.048539,-1.1759386,16
G5ED77,6239,C. elegans,8.475432,2.6071641,12
P90917,6239,C. elegans,8.243525,2.4808636,17
Q22993,6239,C. elegans,8.370813,5.5101147,12
A0A486WWJ9,6239,C. elegans,6.905993,-1.630928,6
Q19345,6239,C. elegans,6.7518973,-1.4599829,6
O77133,6239,C. elegans,7.3986964,-0.28720164,14
G5ECN5,6239,C. elegans,10.33637,2.1377363,3
G5ECF0,6239,C. elegans,7.377213,-0.8524277,6
G5EC72,6239,C. elegans,7.4628315,0.052410044,1
P34331,6239,C. elegans,10.328455,1.9702336,3
H2FLL7,6239,C. elegans,5.427626,5.0338783,17
Q8ITW8,6239,C. elegans,5.2831984,-0.5356585,14
O44183,6239,C. elegans,9.071155,4.5388937,11
D7SFQ6,6239,C. elegans,7.7843575,-0.34874883,6
Q18090,6239,C. elegans,8.032796,3.0275126,17
Q93373,6239,C. elegans,4.3639293,1.4584553,3
Q9N491,6239,C. elegans,4.8652225,2.2008936,3
Q19257,6239,C. elegans,8.540708,-0.3146906,14
G5EFF1,6239,C. elegans,6.8298063,0.059832335,1
Q20775,6239,C. elegans,8.737402,-2.4842753,16
P47991,6239,C. elegans,7.550454,5.7436986,12
H2KYP1,6239,C. elegans,4.8530645,1.4389453,3
O61980,6239,C. elegans,7.6884265,-1.2425946,6
O18054,6239,C. elegans,8.555662,2.4964743,12
Q5ZR76,6239,C. elegans,7.790377,0.60302603,14
Q9U757,6239,C. elegans,8.719865,3.288575,17
Q19641,6239,C. elegans,8.963606,3.9037952,17
Q5CZ37,6239,C. elegans,6.0841885,4.095951,12
Q20331,6239,C. elegans,6.1246057,5.6527786,17
P34643,6239,C. elegans,8.112456,-0.42353168,6
G5EGK6,6239,C. elegans,7.7447453,-1.0689107,6
H2KZE8,6239,C. elegans,5.5799694,3.8936963,7
Q8I0Z1,6239,C. elegans,7.6684318,-0.16658556,14
B3GWA0,6239,C. elegans,6.959298,-1.2135149,6
P91303,6239,C. elegans,8.697965,2.3482506,12
Q9W221,7227,D. melanogaster,7.4791303,0.21565142,7
M9PDI9,7227,D. melanogaster,7.221999,1.5388849,3
A0A0B4K6S2,7227,D. melanogaster,3.4808702,3.3031414,2
M9NEZ2,7227,D. melanogaster,6.7492986,-0.849218,4
Q7KIF8,7227,D. melanogaster,7.356655,2.348479,7
P54358,7227,D. melanogaster,8.331048,3.4240515,17
Q2XST3,7227,D. melanogaster,8.954223,5.079031,17
Q9VGE2,7227,D. melanogaster,8.13658,0.5141792,14
Q7K105,7227,D. melanogaster,7.6435266,0.23406923,14
Q9VRI6,7227,D. melanogaster,8.234817,-3.6924007,5
A0A0B4KFM5,7227,D. melanogaster,6.8212914,-1.1110474,6
Q9W0S5,7227,D. melanogaster,4.157627,1.6736985,4
O97394,7227,D. melanogaster,3.6688607,1.8493454,7
O18660,7227,D. melanogaster,6.887227,-1.41965,6
B9EQU3,7227,D. melanogaster,7.8593235,-1.455418,14
Q9U9B0,7227,D. melanogaster,8.184627,0.29456195,14
Q7JW00,7227,D. melanogaster,7.6771784,2.3543873,12
Q6V6S2,7227,D. melanogaster,4.316798,1.3083202,3
F0JAG2,7227,D. melanogaster,6.8254037,0.18191811,1
Q6NR39,7227,D. melanogaster,5.456109,1.9372455,10
Q27297,7227,D. melanogaster,9.259998,6.221386,17
Q24212,7227,D. melanogaster,7.52724,-0.0660874,14
Q9W324,7227,D. melanogaster,7.542438,0.7975802,3
Q9VNE4,7227,D. melanogaster,7.6947894,-0.2816864,14
Q86P50,7227,D. melanogaster,4.6815915,2.2966957,3
Q9U6I2,7227,D. melanogaster,8.229772,1.9096464,3
Q8MSW8,7227,D. melanogaster,7.728247,2.4912803,2
X2JE74,7227,D. melanogaster,6.7763324,-0.6214721,4
A0A0B4KFJ0,7227,D. melanogaster,8.630016,0.4055107,14
Q9VNI0,7227,D. melanogaster,8.262244,-0.08306548,14
Q95U23,7227,D. melanogaster,4.396473,1.3976192,1
Q9VR25,7227,D. melanogaster,3.9902682,1.646734,3
Q7JX57,7227,D. melanogaster,7.658442,2.1274161,12
Q9VXA8,7227,D. melanogaster,8.875057,3.2990057,12
B7YZK8,7227,D. melanogaster,7.548492,-0.73091006,6
Q6NR49,7227,D. melanogaster,6.8147283,-1.3441702,6
Q8IN97,7227,D. melanogaster,4.6696916,1.7770113,3
M9PI96,7227,D. melanogaster,7.762598,3.489095,12
Q6NL34,7227,D. melanogaster,8.366057,2.006559,3
Q8SWS3,7227,D. melanogaster,7.4168034,-0.88919246,1
C0HL66,7227,D. melanogaster,8.425514,-7.3586497,1
Q7JVW9,7227,D. melanogaster,3.387036,1.7371875,7
Q9VKW1,7227,D. melanogaster,7.9699197,2.4113555,17
Q9V426,7227,D. melanogaster,7.7258945,-0.22649375,1
Q9VHM6,7227,D. melanogaster,6.663069,-1.3764523,3
Q8IQU1,7227,D. melanogaster,4.614871,2.3770015,17
Q24595,7227,D. melanogaster,7.461387,-0.14610165,14
P62152,7227,D. melanogaster,5.7302775,-5.5029325,11
Q9V3V2,7227,D. melanogaster,9.418131,3.8911757,17
Q8SWT7,7227,D. melanogaster,7.435457,-1.2085693,5
Q9VJD4,7227,D. melanogaster,8.451602,1.0535586,1
M9PCJ1,7227,D. melanogaster,4.4595795,1.6810805,14
Q963J2,7227,D. melanogaster,7.5456486,-1.3460541,6
A0A0B4K7X1,7227,D. melanogaster,7.3995695,-1.3364962,6
Q9W4X6,7227,D. melanogaster,5.394416,4.392117,7
Q95TT5,7227,D. melanogaster,6.802143,-0.80985993,4
M9PEJ7,7227,D. melanogaster,7.320402,-1.3240918,6
M9PBH0,7227,D. melanogaster,7.3421206,-1.1318957,6
Q8MT11,7227,D. melanogaster,8.489689,-3.3801317,9
M9PG98,7227,D. melanogaster,8.798182,-0.6639954,14
Q8IRJ7,7227,D. melanogaster,8.792558,2.324228,12
Q8MM49,7227,D. melanogaster,4.2415195,2.256293,7
A0A0B4KG65,7227,D. melanogaster,7.7936554,-1.1029003,16
B9ZW35,7227,D. melanogaster,7.456756,-1.3690295,6
Q8IGG1,7227,D. melanogaster,7.8731737,1.6232793,1
Q9VCZ4,7227,D. melanogaster,8.2520895,-0.720346,14
Q7YZA1,7227,D. melanogaster,7.7741137,-1.4829103,14
O96306,7227,D. melanogaster,5.9035416,3.5900304,3
Q06KR8,7227,D. melanogaster,8.237566,-4.0041323,9
Q9VII8,7227,D. melanogaster,8.550453,2.516887,12
A0A0B4KH24,7227,D. melanogaster,7.39709,0.20691943,3
O18391,7227,D. melanogaster,8.679053,4.2178326,17
Q58SL2,7227,D. melanogaster,4.0175624,1.5557415,14
Q9VXY7,7227,D. melanogaster,6.452489,0.95993125,1
Q9VAQ8,7227,D. melanogaster,4.9032636,2.2436855,3
Q9VND0,7227,D. melanogaster,7.8773384,0.47314227,14
O44940,7227,D. melanogaster,4.507005,1.9727509,3
Q9V3F2,7227,D. melanogaster,9.18911,4.8806496,17
O16866,7227,D. melanogaster,7.8282294,0.64745617,3
Q27606,7227,D. melanogaster,11.606079,4.756929,11
A0A0S0WGR0,7227,D. melanogaster,7.970389,3.3020272,3
A0A0B4KGW6,7227,D. melanogaster,6.9349546,-1.2448232,6
Q9VC05,7227,D. melanogaster,7.1083603,1.4409566,3
Q95RR0,7227,D. melanogaster,8.587644,-1.8900046,16
Q7KS11,7227,D. melanogaster,8.525636,-1.4408053,16
Q9V3A6,7227,D. melanogaster,4.776891,1.9549624,12
Q9VBV8,7227,D. melanogaster,5.917576,4.7904854,17
Q7JVA5,7227,D. melanogaster,7.9893847,-0.4037538,14
M9PEP3,7227,D. melanogaster,6.8843665,-1.7571458,6
M9PBU6,7227,D. melanogaster,7.5627103,-0.074552774,1
Q8MSP3,7227,D. melanogaster,7.2208676,-0.46437463,3
A0A0B4LH34,7227,D. melanogaster,8.515877,1.6058506,14
Q9VHQ7,7227,D. melanogaster,5.540503,4.3703465,7
Q27320,7227,D. melanogaster,12.165696,0.3129585,1
Q9VHJ8,7227,D. melanogaster,9.094152,4.798213,17
Q9VQ93,7227,D. melanogaster,8.445817,2.3154683,14
Q8MPN7,7227,D. melanogaster,4.2165704,2.2825265,7
P02283,7227,D. melanogaster,8.415083,-7.3489695,1
Q7KSB5,7227,D. melanogaster,8.660856,7.381101,8
X2JE07,7227,D. melanogaster,7.2900324,-0.8554292,6
O45116,7227,D. melanogaster,7.8579197,-0.43333983,6
Q8MRW9,7227,D. melanogaster,4.2875524,0.9085032,5
Q86DT5,7227,D. melanogaster,8.256822,2.8026106,11
Q9VSC4,7227,D. melanogaster,8.39529,-2.0098991,16
Q9VH60,7227,D. melanogaster,5.126554,2.4274817,10
Q9VD62,7227,D. melanogaster,4.684477,1.8047385,12
Q9VCI3,7227,D. melanogaster,6.4165163,0.93453866,14
Q008Z0,7227,D. melanogaster,8.317222,0.86566293,14
X2J927,7227,D. melanogaster,7.0744085,-1.6747794,6
Q9VJ56,7227,D. melanogaster,5.679937,3.8607333,3
Q8SWV8,7227,D. melanogaster,7.145447,-0.8048335,6
Q8IH57,7227,D. melanogaster,5.192395,4.3423634,7
Q86PD0,7227,D. melanogaster,15.239377,2.2675843,7
Q9VVH6,7227,D. melanogaster,8.236898,-0.8159025,16
Q8T0X9,7227,D. melanogaster,4.6555233,1.4346914,3
Q9VD00,7227,D. melanogaster,8.91896,4.766567,17
E1JIE0,7227,D. melanogaster,3.3180325,1.5544645,4
Q9W5D4,7227,D. melanogaster,5.902245,4.728241,17
Q95U66,7227,D. melanogaster,7.1360264,2.5966413,7
Q8MSE1,7227,D. melanogaster,8.818214,3.1831915,12
Q9VZX1,7227,D. melanogaster,7.504603,-1.0657023,6
Q9NBK8,7227,D. melanogaster,3.790066,1.5343399,3
P26016,7227,D. melanogaster,7.8571196,-1.057683,18
P35421,7227,D. melanogaster,8.428297,6.5187063,12
A0A0B4K7H7,7227,D. melanogaster,3.4770272,3.2902732,2
A0A0B4K7Y4,7227,D. melanogaster,5.2382708,4.2910676,2
Q8SY61,7227,D. melanogaster,8.438584,3.3360207,17
A0JL24,7227,D. melanogaster,7.172473,-1.5584807,6
Q2Q3W0,7227,D. melanogaster,8.826044,2.2687883,12
Q9VCZ9,7227,D. melanogaster,4.115168,1.8300776,3
E1JGL8,7227,D. melanogaster,7.665592,-0.48799372,1
Q9W3V5,7227,D. melanogaster,3.1367264,-0.95015407,7
Q9VKH0,7227,D. melanogaster,7.546522,1.6098647,3
Q86BJ0,7227,D. melanogaster,8.278877,3.338958,12
M9MSB2,7227,D. melanogaster,6.91703,-1.1746308,6
A8JQT4,7227,D. melanogaster,7.1414456,-1.044372,4
Q8IMC6,7227,D. melanogaster,8.222942,-2.0162587,16
A0A0B4LHS3,7227,D. melanogaster,7.518735,-1.1988112,6
Q9VDR7,7227,D. melanogaster,7.9352283,-0.47059366,6
A0A0B4KH51,7227,D. melanogaster,7.5582533,-0.23687762,6
Q9GQM8,7227,D. melanogaster,8.710447,2.854637,17
Q9VR95,7227,D. melanogaster,4.469077,0.58758366,3
Q9Y170,7227,D. melanogaster,9.038676,1.6898878,14
Q9W0D9,7227,D. melanogaster,8.584641,-0.8793812,14
Q9W2M6,7227,D. melanogaster,6.482045,4.124099,17
Q86NK7,7227,D. melanogaster,5.301301,-0.5221732,3
P25172,7227,D. melanogaster,7.2998853,-1.4556305,6
Q9VGA1,7227,D. melanogaster,10.349465,4.6347294,11
P47938,7227,D. melanogaster,9.150664,3.7082684,17
Q9GPQ1,7227,D. melanogaster,9.606985,5.230217,17
Q8SZB6,7227,D. melanogaster,8.596118,3.021123,12
Q7K1V5,7227,D. melanogaster,8.832756,0.5808546,14
Q9VDQ7,7227,D. melanogaster,8.02646,1.518661,14
Q9VFA3,7227,D. melanogaster,7.86836,-1.7259486,16
M9MSL2,7227,D. melanogaster,6.4053717,0.49167943,10
P13496,7227,D. melanogaster,8.230698,-0.50715166,14
B7Z043,7227,D. melanogaster,7.172249,-1.531521,6
Q8SWT2,7227,D. melanogaster,8.873528,3.2223988,12
Q24548,7227,D. melanogaster,7.6585345,-0.65374494,6
O62602,7227,D. melanogaster,10.986853,2.343801,2
A1Z881,7227,D. melanogaster,5.621656,4.130123,14
Q7PLT4,7227,D. melanogaster,6.0817327,5.073938,2
Q8INJ3,7227,D. melanogaster,11.985044,5.7523465,2
Q9VT24,7227,D. melanogaster,3.839328,2.3680747,17
M9ND89,7227,D. melanogaster,7.488619,-0.1665947,6
O46080,7227,D. melanogaster,7.818474,0.27295238,14
Q7YU85,7227,D. melanogaster,7.636683,-0.6131326,6
Q8IQD9,7227,D. melanogaster,7.714737,-1.3526812,6
Q9VGR0,7227,D. melanogaster,8.422303,0.9681666,14
Q59DX6,7227,D. melanogaster,3.8407989,1.7032257,7
Q8IR54,7227,D. melanogaster,7.9677634,-0.3952444,14
Q9VHG4,7227,D. melanogaster,8.308013,2.7489688,14
Q01603,7227,D. melanogaster,4.474357,2.592793,7
Q8IGK8,7227,D. melanogaster,7.6622334,-0.27775115,14
A8DYY6,7227,D. melanogaster,8.421482,-1.3704064,16
A8DYJ1,7227,D. melanogaster,6.970999,0.9538685,3
Q7KUA8,7227,D. melanogaster,6.8638315,-1.5145577,6
Q95RF4,7227,D. melanogaster,8.633082,-1.8750062,16
Q9V9S7,7227,D. melanogaster,7.03974,-1.1658704,6
Q8T464,7227,D. melanogaster,8.14167,6.3453493,12
Q9V480,7227,D. melanogaster,6.9628396,-1.8386824,6
X2JCQ6,7227,D. melanogaster,6.9498305,-1.8735362,6
Q9VZW0,7227,D. melanogaster,7.204522,1.2601868,3
A1Z8K9,7227,D. melanogaster,7.5150414,4.3158665,12
Q86RA0,7227,D. melanogaster,7.4740024,-0.8378596,6
Q9W5R5,7227,D. melanogaster,7.2729087,-0.53683233,14
Q9V4D8,7227,D. melanogaster,7.343459,-1.8947896,6
Q9VB20,7227,D. melanogaster,4.370027,1.8732831,3
Q8MSI5,7227,D. melanogaster,6.4137855,5.169985,11
O18388,7227,D. melanogaster,7.7408037,2.4686046,11
Q29R16,7227,D. melanogaster,6.4232674,3.7374468,17
Q9W1F6,7227,D. melanogaster,7.9626646,2.22594,3
P40809,7227,D. melanogaster,7.154443,0.8722259,3
Q24078,7227,D. melanogaster,8.402725,-1.8612685,16
Q95SX0,7227,D. melanogaster,8.427341,0.45437708,1
Q6WSQ9,7227,D. melanogaster,8.34046,-1.5165024,6
Q9GP63,7227,D. melanogaster,8.160734,0.2322077,14
M9PG25,7227,D. melanogaster,6.8756037,-0.8509477,1
A0A0B4KGB4,7227,D. melanogaster,7.1457415,-1.6823611,6
M9PC13,7227,D. melanogaster,7.515792,-0.77752405,6
Q59DQ4,7227,D. melanogaster,4.2008667,2.04528,7
Q9VWL5,7227,D. melanogaster,5.7349343,3.7568915,12
Q59DN5,7227,D. melanogaster,6.875972,-1.8855652,6
Q7K028,7227,D. melanogaster,8.205024,0.44920677,3
Q7KPK2,7227,D. melanogaster,8.884274,2.2299361,17
Q8T9D9,7227,D. melanogaster,8.680693,-0.5823795,16
A0A0B4K7C4,7227,D. melanogaster,5.977734,2.3771412,7
Q8WR53,7227,D. melanogaster,6.7862363,0.23401603,7
Q9W4S9,7227,D. melanogaster,8.243163,-0.2986866,6
Q9XZ63,7227,D. melanogaster,8.077014,3.060935,12
P91679,7227,D. melanogaster,5.3286357,4.844171,11
Q8IPZ2,7227,D. melanogaster,7.5037866,-0.7749409,6
Q9W1B9,7227,D. melanogaster,8.020306,5.5289683,12
A1ZAM7,7227,D. melanogaster,8.130764,3.6775484,12
Q8MSV2,7227,D. melanogaster,6.942472,-0.10073224,1
M9PES4,7227,D. melanogaster,3.818392,1.6749885,7
Q8T492,7227,D. melanogaster,9.496938,5.240324,11
Q9W1K5,7227,D. melanogaster,7.8559985,0.84468657,14
Q9VP80,7227,D. melanogaster,6.9744964,-1.0884529,6
Q6GUX5,7227,D. melanogaster,4.354014,0.39587668,14
Q0E9L4,7227,D. melanogaster,3.4766495,3.3219178,2
P06605,7227,D. melanogaster,-3.4702005,1.6182489,17
Q9VPC0,7227,D. melanogaster,7.16438,-0.7180671,3
Q9VD83,7227,D. melanogaster,4.368957,1.011387,14
Q9VEE5,7227,D. melanogaster,7.0742598,-1.1813188,6
Q9VMB9,7227,D. melanogaster,7.9326053,2.360729,12
B7Z026,7227,D. melanogaster,7.2386427,0.26911065,3
A0A0B4LHD7,7227,D. melanogaster,5.802211,4.355097,3
A1Z987,7227,D. melanogaster,8.063436,0.6916124,14
Q9TVI0,7227,D. melanogaster,4.878413,4.127367,17
A1Z6P8,7227,D. melanogaster,7.0345163,1.8501111,7
Q9VYN4,7227,D. melanogaster,4.5573287,2.0380688,3
Q9VAY4,7227,D. melanogaster,7.4368815,-0.9939063,6
P19334,7227,D. melanogaster,8.084,0.19928417,3
Q9W1S2,7227,D. melanogaster,7.3261175,0.8659005,3
Q6GUX1,7227,D. melanogaster,4.368042,0.35499033,14
Q9W4M5,7227,D. melanogaster,7.748514,-1.7175717,6
Q9W0T5,7227,D. melanogaster,5.78201,3.5877833,7
Q9VTU2,7227,D. melanogaster,7.727436,2.1192741,12
A0A0B4LFC1,7227,D. melanogaster,6.857612,-1.0260098,6
Q5BHZ7,7227,D. melanogaster,8.332755,-1.5911901,16
Q8SYG2,7227,D. melanogaster,8.667077,2.521481,12
O18381,7227,D. melanogaster,7.000878,-1.8743954,6
Q9VZN4,7227,D. melanogaster,7.05824,-1.6302752,6
Q9NHC2,7227,D. melanogaster,7.064525,-1.6807289,6
A1Z833,7227,D. melanogaster,8.182449,0.66117543,14
Q8IGQ5,7227,D. melanogaster,9.39399,4.9860373,11
Q9VUH1,7227,D. melanogaster,6.524905,3.8647738,17
M9ND55,7227,D. melanogaster,3.3729627,1.5507877,4
X2J9B0,7227,D. melanogaster,5.5371304,4.6340785,17
B5A5T4,7227,D. melanogaster,3.8933983,2.5899477,10
Q9U5E0,7227,D. melanogaster,8.2101,0.70904875,3
Q9VJB6,7227,D. melanogaster,3.2617366,2.0408905,7
Q9VU83,7227,D. melanogaster,7.514562,-0.64777017,6
Q6AWM9,7227,D. melanogaster,6.6645336,-0.16775618,4
Q9W351,7227,D. melanogaster,8.688897,2.2489946,12
Q8T3N6,7227,D. melanogaster,7.1064095,-0.9596325,1
Q8SZ30,7227,D. melanogaster,8.439929,3.384106,12
Q961L4,7227,D. melanogaster,8.682416,2.7989235,3
Q9VJJ9,7227,D. melanogaster,6.8902893,-1.1725311,3
Q7JQU5,7227,D. melanogaster,8.471009,-2.1795902,16
P11584,7227,D. melanogaster,4.420402,2.2942772,17
A0A0B4KFV2,7227,D. melanogaster,6.0401797,0.8037639,0
Q9VK13,7227,D. melanogaster,7.0410604,-1.6797745,6
Q9VSJ2,7227,D. melanogaster,3.9587977,2.6034079,11
Q6XK18,7227,D. melanogaster,7.2501144,-1.0475687,6
Q9VKQ9,7227,D. melanogaster,8.056095,-0.21732494,6
Q9VRF2,7227,D. melanogaster,7.360607,-1.2394016,16
Q99140,7227,D. melanogaster,6.357936,2.4355693,17
Q86PE7,7227,D. melanogaster,7.1279144,1.5027221,3
Q29QQ9,7227,D. melanogaster,8.821643,4.004033,17
Q8T9I2,7227,D. melanogaster,7.1923656,-1.4757602,6
Q8MSR5,7227,D. melanogaster,4.119013,1.8731805,3
Q8SYQ4,7227,D. melanogaster,4.4333386,1.463166,1
Q0KIF2,7227,D. melanogaster,4.846653,4.1203756,7
O96880,7227,D. melanogaster,8.524086,0.780042,14
Q9VZ21,7227,D. melanogaster,4.3941064,1.7168527,3
Q9VTZ2,7227,D. melanogaster,9.263949,0.952391,14
Q9VD61,7227,D. melanogaster,4.6550736,1.9355443,12
Q9VUY8,7227,D. melanogaster,8.44259,1.1689303,14
Q9VGV3,7227,D. melanogaster,5.348729,4.4924355,7
X2JDP4,7227,D. melanogaster,5.8547244,3.7685375,3
Q9VS45,7227,D. melanogaster,7.217077,0.68361616,3
Q7K0A0,7227,D. melanogaster,7.849483,1.2086768,14
Q5UEC5,7227,D. melanogaster,8.415894,0.26738143,14
Q9W1H3,7227,D. melanogaster,7.659455,-0.40459397,14
Q7JUY8,7227,D. melanogaster,7.8647614,0.9710674,14
A0A0B4JDA0,7227,D. melanogaster,7.957794,0.15498796,1
Q9VJ82,7227,D. melanogaster,4.267903,1.8008409,3
Q9W205,7227,D. melanogaster,7.194334,2.5106544,17
Q01083,7227,D. melanogaster,4.3234234,1.0805584,3
Q709R6,7227,D. melanogaster,7.773801,-0.8631118,6
Q7YU15,7227,D. melanogaster,7.3986154,-1.1049609,6
Q9VQL7,7227,D. melanogaster,8.973821,4.6149435,17
Q95R98,7227,D. melanogaster,8.634182,3.6907675,17
Q7KSN8,7227,D. melanogaster,7.8395743,3.0857117,3
Q7K9B7,7227,D. melanogaster,5.6160955,4.433779,7
A1ZAG5,7227,D. melanogaster,4.6537437,1.4144,3
Q95TU4,7227,D. melanogaster,7.1285625,0.9794846,3
Q9VVN2,7227,D. melanogaster,7.4377007,1.1831161,14
Q9VT75,7227,D. melanogaster,4.9614058,3.9494221,2
Q95U21,7227,D. melanogaster,4.193017,2.2735605,3
Q962D1,7227,D. melanogaster,7.144425,-1.6836869,6
Q86LG3,7227,D. melanogaster,4.643093,2.0264564,7
Q9W1N3,7227,D. melanogaster,7.737011,2.2694943,12
Q9VEP3,7227,D. melanogaster,4.5116644,2.5745142,3
Q86B79,7227,D. melanogaster,7.1510324,0.9185277,3
Q9VEN3,7227,D. melanogaster,9.894344,0.3730399,3
O46098,7227,D. melanogaster,8.28155,2.2634645,12
Q9VW51,7227,D. melanogaster,7.0627666,-1.2754003,6
P25991,7227,D. melanogaster,7.284197,2.194168,7
Q95SD3,7227,D. melanogaster,8.016565,4.9773607,12
A1Z8V7,7227,D. melanogaster,8.177242,0.02739342,14
M9PGS8,7227,D. melanogaster,5.4855113,2.072518,10
Q9V4E9,7227,D. melanogaster,4.899216,4.1151133,7
P49735,7227,D. melanogaster,8.693916,3.3044376,12
Q7K159,7227,D. melanogaster,8.522857,-1.9704393,16
X2JCC3,7227,D. melanogaster,8.281647,3.4068913,7
O16117,7227,D. melanogaster,7.291018,-1.8821468,6
Q8IPY3,7227,D. melanogaster,9.524,5.408737,11
A0A0B4KEL5,7227,D. melanogaster,7.8315263,-1.5700316,16
Q9VF33,7227,D. melanogaster,5.0428176,2.4351132,3
Q8IGU1,7227,D. melanogaster,7.998574,0.42410466,14
C3KKC3,7227,D. melanogaster,7.7522936,0.671987,14
P23792,7227,D. melanogaster,6.958729,-1.6769874,6
Q9VH33,7227,D. melanogaster,4.7324066,1.493261,12
Q7KVY7,7227,D. melanogaster,4.4048266,-1.766768,12
M9MRZ0,7227,D. melanogaster,6.399499,0.4816738,10
Q9V4E7,7227,D. melanogaster,5.3600755,4.968633,17
Q8MVX6,7227,D. melanogaster,4.4342914,0.5370333,14
Q7K1R0,7227,D. melanogaster,8.502204,1.6898898,14
P51406,7227,D. melanogaster,8.506149,-0.48288488,16
Q9W4J8,7227,D. melanogaster,6.898705,-1.8777158,6
Q961J2,7227,D. melanogaster,8.6869135,-0.7113977,14
P11612,7227,D. melanogaster,-2.0209758,12.003798,11
Q9W0B0,7227,D. melanogaster,7.338651,-0.81355166,6
Q9VPL4,7227,D. melanogaster,6.88815,-1.9471104,16
Q8T3N7,7227,D. melanogaster,8.283869,0.38972262,14
Q9VWI2,7227,D. melanogaster,8.116391,2.6881714,17
M9NEG1,7227,D. melanogaster,7.033218,-1.6070629,6
Q9XYQ2,7227,D. melanogaster,8.613359,-1.6308497,16
Q960Q9,7227,D. melanogaster,6.6417723,-1.4322053,3
P16241,7227,D. melanogaster,6.7868166,-1.5742235,6
Q95RU5,7227,D. melanogaster,7.468618,-1.3016062,6
Q7YU60,7227,D. melanogaster,4.194086,2.2395802,3
Q7JWP9,7227,D. melanogaster,4.504633,1.4201474,14
O61639,7227,D. melanogaster,7.81732,0.578108,1
Q9VSC5,7227,D. melanogaster,8.475591,2.5524442,1
Q4V3N1,7227,D. melanogaster,4.4989357,0.5870189,14
Q26278,7227,D. melanogaster,6.611701,0.35634854,2
A1ZA16,7227,D. melanogaster,4.70444,2.11191,3
Q9VVM6,7227,D. melanogaster,5.3377843,4.706524,11
Q9VPH0,7227,D. melanogaster,7.693246,0.56259465,14
Q9Y1H2,7227,D. melanogaster,8.319891,0.7474547,3
A0A0B4K7J2,7227,D. melanogaster,7.756118,-0.39038602,14
Q05337,7227,D. melanogaster,10.2247505,3.9099386,17
Q9W2G5,7227,D. melanogaster,8.242311,0.09504397,14
Q8MLQ5,7227,D. melanogaster,5.5549903,4.9418964,17
Q24090,7227,D. melanogaster,8.5799,1.3703367,14
Q9VZW3,7227,D. melanogaster,8.342407,0.15195109,14
P28285,7227,D. melanogaster,7.257233,-1.2001588,6
Q9NBA1,7227,D. melanogaster,3.4813836,3.2989304,2
Q9VQN8,7227,D. melanogaster,7.855891,0.715969,3
Q9VIE8,7227,D. melanogaster,8.839083,5.4013076,17
M9PEL3,7227,D. melanogaster,9.124752,4.121332,7
Q9VEG2,7227,D. melanogaster,3.2131884,-0.956712,3
O77277,7227,D. melanogaster,8.314673,3.50789,12
Q86NT0,7227,D. melanogaster,6.713841,-0.8255027,4
Q9W4M4,7227,D. melanogaster,7.9989524,-1.0788954,14
C3KGP2,7227,D. melanogaster,7.772424,-1.7536037,16
Q9U8A9,7227,D. melanogaster,8.693977,3.1220765,17
Q8I8H9,7227,D. melanogaster,8.345943,0.8765881,14
Q8WTI7,7227,D. melanogaster,7.6760383,-1.6318581,16
Q9VAK8,7227,D. melanogaster,8.41626,-1.7950592,16
Q94882,7227,D. melanogaster,7.3334846,1.9400437,3
Q5LJX7,7227,D. melanogaster,5.212763,4.857525,2
P07188,7227,D. melanogaster,9.486867,4.836282,17
A1ZAK7,7227,D. melanogaster,7.0401597,-0.044821676,1
Q9VCI4,7227,D. melanogaster,4.417151,1.5715786,3
Q9VAD6,7227,D. melanogaster,8.936155,1.2759073,14
Q8IHF4,7227,D. melanogaster,8.055293,0.50663173,3
Q8SYQ0,7227,D. melanogaster,7.3632016,0.062447794,14
A0A0B4KG78,7227,D. melanogaster,6.2365746,0.8796816,0
Q24492,7227,D. melanogaster,9.361221,3.7756402,11
Q4V621,7227,D. melanogaster,4.413985,1.2760203,12
V9GZM3,7227,D. melanogaster,8.911682,5.4031434,2
Q86NT8,7227,D. melanogaster,8.577625,-3.4052453,9
Q8T5F4,7227,D. melanogaster,2.9175,2.8982005,7
Q8SX15,7227,D. melanogaster,7.82554,1.456179,14
X2JFR5,7227,D. melanogaster,7.7194457,0.56385845,14
P21520,7227,D. melanogaster,7.754251,-0.75712854,14
Q7K566,7227,D. melanogaster,11.970138,5.753749,2
Q7K141,7227,D. melanogaster,8.833157,3.5444403,17
Q9VFJ2,7227,D. melanogaster,7.9856515,5.4615364,12
Q9NGV4,7227,D. melanogaster,4.091145,1.8610319,3
P45975,7227,D. melanogaster,7.7355943,0.72978944,3
Q2PDZ4,7227,D. melanogaster,4.6015515,1.7365316,3
Q9VY43,7227,D. melanogaster,8.002327,-0.46062276,14
Q9VHH1,7227,D. melanogaster,7.658768,0.8858414,14
P21521,7227,D. melanogaster,7.5688753,1.8194437,7
M9PIQ9,7227,D. melanogaster,8.5729265,-0.94722056,14
Q9VEL5,7227,D. melanogaster,7.896407,-1.6446419,16
Q9GNL3,7227,D. melanogaster,7.3383384,-0.9165409,6
Q0E9K4,7227,D. melanogaster,3.4361806,3.3027267,2
Q76NP9,7227,D. melanogaster,8.860366,1.9318973,12
Q9NGU8,7227,D. melanogaster,5.3754416,4.833105,17
Q961K5,7227,D. melanogaster,7.6315794,-0.22283386,6
Q9VTB8,7227,D. melanogaster,6.9675455,-1.1732668,6
Q9VE50,7227,D. melanogaster,4.4024262,-1.7869142,17
Q59DP7,7227,D. melanogaster,3.7423518,3.7816298,15
Q9VSL7,7227,D. melanogaster,5.6954722,3.9327652,3
Q9VST0,7227,D. melanogaster,6.3566413,-0.81815696,6
Q7K9Q9,7227,D. melanogaster,8.24225,-1.6781338,16
Q9VJ37,7227,D. melanogaster,6.1536713,-0.64581996,3
Q8MT46,7227,D. melanogaster,8.828342,2.46788,12
Q7JYN8,7227,D. melanogaster,8.124104,-1.6357695,16
A1Z6W5,7227,D. melanogaster,7.374543,1.311645,3
Q24256,7227,D. melanogaster,6.9429026,-1.6389148,6
Q9VU88,7227,D. melanogaster,7.299953,0.43572873,14
Q95U34,7227,D. melanogaster,9.045076,5.0402274,17
Q9BPQ1,7227,D. melanogaster,8.960224,-1.124735,16
M9PEI8,7227,D. melanogaster,6.716333,1.7819872,7
O46063,7227,D. melanogaster,8.381625,-3.6924925,5
Q8MLR7,7227,D. melanogaster,7.0153522,2.2202952,7
Q9VV48,7227,D. melanogaster,7.052188,0.4754215,1
P33085,7227,D. melanogaster,4.9070992,4.255444,2
Q9VSR7,7227,D. melanogaster,9.328814,4.5141144,12
Q9VKC2,7227,D. melanogaster,5.021014,5.1441507,2
X2JFJ0,7227,D. melanogaster,9.425547,2.8618069,1
A1Z7X7,7227,D. melanogaster,10.343385,4.6226206,17
P15278,7227,D. melanogaster,3.892764,2.768259,10
Q8T626,7227,D. melanogaster,7.973777,0.33148658,14
Q7K1Q6,7227,D. melanogaster,6.0690494,0.9794027,4
Q95T46,7227,D. melanogaster,6.9040713,-1.0875357,1
P08841,7227,D. melanogaster,-3.4727821,1.6159158,12
M9MSK7,7227,D. melanogaster,7.139014,0.7754085,3
Q8INN6,7227,D. melanogaster,7.4833226,-0.647192,6
Q8IGR6,7227,D. melanogaster,8.751032,3.4214325,17
Q9VQY4,7227,D. melanogaster,6.064684,3.6266677,7
Q9VI97,7227,D. melanogaster,7.552043,-0.82403946,6
Q9VUY1,7227,D. melanogaster,5.5795274,4.685657,17
A0A0B4LFU6,7227,D. melanogaster,6.2855024,3.868366,11
Q9VKE2,7227,D. melanogaster,7.811813,-1.1077052,6
Q9NHY0,7227,D. melanogaster,8.488999,1.5776119,14
Q9W281,7227,D. melanogaster,7.5760593,0.53114253,3
M9PDC9,7227,D. melanogaster,2.9324093,2.911065,7
Q9BI20,7227,D. melanogaster,8.486263,3.5970247,17
P22816,7227,D. melanogaster,6.8764157,-1.8751842,6
Q9VCZ8,7227,D. melanogaster,8.504479,2.4811184,12
Q9W2H1,7227,D. melanogaster,5.7123656,3.2579794,14
Q9V730,7227,D. melanogaster,5.326515,3.857133,7
Q9V9K7,7227,D. melanogaster,7.730031,0.35636386,1
A0A0B4K7W7,7227,D. melanogaster,6.8252068,0.112282895,3
X2JCH3,7227,D. melanogaster,4.4278927,1.0605391,14
Q9VKL9,7227,D. melanogaster,7.1503935,0.6921542,3
P54361,7227,D. melanogaster,7.6561103,0.6479996,14
Q8SYI9,7227,D. melanogaster,7.526761,5.325733,12
Q9VTN0,7227,D. melanogaster,5.5959964,4.1793203,3
P02842,7227,D. melanogaster,8.337299,-1.7729076,16
Q8IGG0,7227,D. melanogaster,8.275754,-3.9920776,9
Q9V4C1,7227,D. melanogaster,6.3860097,-0.2474391,6
Q9VKM6,7227,D. melanogaster,8.532456,0.45404962,14
A0A0B4KED8,7227,D. melanogaster,5.485392,4.7183475,17
Q8T085,7227,D. melanogaster,6.288473,3.4383907,12
M9PFV8,7227,D. melanogaster,8.142389,-0.9124123,14
P42124,7227,D. melanogaster,8.118884,0.27886465,14
Q7JN04,7227,D. melanogaster,6.660679,-1.2053539,1
Q9VKG8,7227,D. melanogaster,7.7635117,-0.076878965,6
M9NDN0,7227,D. melanogaster,7.1350207,-1.5857139,6
B7Z0G4,7227,D. melanogaster,5.251088,4.8775983,7
Q9I7P4,7227,D. melanogaster,6.0477824,4.1052833,3
Q8SXY5,7227,D. melanogaster,7.676564,-1.4931388,16
Q8MZ04,7227,D. melanogaster,6.78925,-1.3026056,6
C0HKQ7,7227,D. melanogaster,8.259188,-1.1595724,12
A0A0B4KH28,7227,D. melanogaster,7.422293,0.9465012,1
Q9VAI1,7227,D. melanogaster,8.645693,3.5875068,17
Q8IRS0,7227,D. melanogaster,4.184913,1.841448,3
Q7KI49,7227,D. melanogaster,6.009518,3.5431216,14
Q8MRH2,7227,D. melanogaster,6.3910346,2.4604204,7
Q9VYE9,7227,D. melanogaster,7.8838935,-0.29322025,6
Q960J1,7227,D. melanogaster,7.49185,-0.14867054,14
Q8T0A7,7227,D. melanogaster,7.3978486,0.042158157,14
Q95R84,7227,D. melanogaster,9.173533,3.9890623,17
Q9VFE4,7227,D. melanogaster,7.6398005,5.825055,12
A8JNC7,7227,D. melanogaster,3.9231303,1.6330712,7
A0A0B4KFE4,7227,D. melanogaster,9.327602,4.9079866,11
Q9VK52,7227,D. melanogaster,5.7759194,3.6790588,3
Q9VTW7,7227,D. melanogaster,6.7798457,-0.80833286,7
Q9VW37,7227,D. melanogaster,7.6501813,0.58434534,14
Q9VLF0,7227,D. melanogaster,3.9832182,1.6317492,3
A0A0B4JD03,7227,D. melanogaster,6.293945,0.36765304,3
O61307,7227,D. melanogaster,4.391734,1.6038347,3
O18363,7227,D. melanogaster,7.3607025,-0.9490513,6
M9PEK7,7227,D. melanogaster,7.779798,0.49219266,14
Q9VHW4,7227,D. melanogaster,8.496639,2.0963159,12
Q59DN7,7227,D. melanogaster,7.2930117,-1.8542662,6
A1Z9K0,7227,D. melanogaster,8.437794,0.4073478,14
P19538,7227,D. melanogaster,7.5813465,-1.9738511,6
Q9VJ07,7227,D. melanogaster,7.665367,0.6615805,14
Q8SYU1,7227,D. melanogaster,8.047982,1.9583548,1
A1L270,7955,D. rerio,5.7630835,1.946088,10
F1QZB1,7955,D. rerio,3.589494,0.9612689,5
K7DY84,7955,D. rerio,6.6684856,-1.363185,6
B0S5J5,7955,D. rerio,8.332331,4.6486945,7
F1QEF1,7955,D. rerio,4.9448915,3.8530273,2
A0A140LFR2,7955,D. rerio,7.983558,-1.9772834,16
A0A158VIB5,7955,D. rerio,4.1123657,1.7506665,3
E7EZM1,7955,D. rerio,4.948083,3.4272249,2
Q8JJ09,7955,D. rerio,7.3919344,-0.7905933,1
A0A2R8Q587,7955,D. rerio,3.594363,3.1614475,15
A4JYM3,7955,D. rerio,3.4355838,1.1475159,7
E9QI22,7955,D. rerio,7.1139803,0.1732163,14
E7FH23,7955,D. rerio,6.2870064,0.16232252,5
Q6TNQ3,7955,D. rerio,5.274896,2.8242776,10
Q6DG36,7955,D. rerio,5.625064,3.880142,7
A2BFV8,7955,D. rerio,9.849983,3.7710855,11
A0A140LH88,7955,D. rerio,4.5745654,1.524192,3
F1R3I3,7955,D. rerio,8.898718,4.633923,7
Q6NY44,7955,D. rerio,10.22773,2.094593,3
F1R0W9,7955,D. rerio,7.8739595,-0.39641777,14
A0A0R4IQS2,7955,D. rerio,7.4715223,0.7258281,3
A4FVH4,7955,D. rerio,6.9508767,-1.9188005,6
X1WCU2,7955,D. rerio,8.444278,-2.1416643,16
A0A0R4IBH8,7955,D. rerio,8.430314,-3.2862206,9
B0R0V8,7955,D. rerio,6.69605,2.207008,7
F1QZP2,7955,D. rerio,6.6866007,-1.7566221,6
A8BB40,7955,D. rerio,3.482609,1.7170234,10
A0A2R8QJ71,7955,D. rerio,4.206413,1.691717,7
Q66ID6,7955,D. rerio,5.9194736,4.809008,2
A0A2R8QCP3,7955,D. rerio,3.7461243,2.0786922,7
F1RC38,7955,D. rerio,8.862462,4.177981,17
A0A2R8PZA4,7955,D. rerio,7.850942,0.8598148,1
B0S7X5,7955,D. rerio,7.4828653,1.3675178,3
A0A2R8RI11,7955,D. rerio,6.465258,0.8387345,5
Q1LU99,7955,D. rerio,6.100896,0.47622234,5
E9QFS0,7955,D. rerio,9.208185,-4.7955785,16
A0A2R8RYW1,7955,D. rerio,6.5630097,-1.8349496,6
Q90YM2,7955,D. rerio,3.5542564,1.7863114,10
A0A0R4IZ74,7955,D. rerio,4.0108895,1.8928883,7
F1RER2,7955,D. rerio,6.6545105,-1.3622814,5
H2DL87,7955,D. rerio,3.972283,1.5604732,3
K4I874,7955,D. rerio,8.452954,2.6246648,17
A2BG80,7955,D. rerio,4.4220395,3.83021,2
F1R083,7955,D. rerio,6.656979,0.47028413,5
A0A2R8QQE5,7955,D. rerio,8.394686,-3.5426717,9
Q8JHI2,7955,D. rerio,4.466056,2.264614,7
Q5CZU6,7955,D. rerio,8.7552185,-1.6698251,16
Q4V935,7955,D. rerio,7.3148913,0.9551764,14
Q08C84,7955,D. rerio,6.638395,1.5691065,7
Q7T2E4,7955,D. rerio,6.1788783,-0.87819624,3
A0A2R8RSH7,7955,D. rerio,5.0326385,4.852636,2
A4QN53,7955,D. rerio,4.7131505,2.8516204,10
Q8AW26,7955,D. rerio,6.7789965,-1.1117023,16
Q4V9F0,7955,D. rerio,5.1672525,4.0652676,11
A5PL67,7955,D. rerio,3.7233312,0.8000513,5
Q8QFW2,7955,D. rerio,8.6757,2.3552072,17
F1QLL3,7955,D. rerio,6.1645126,0.7162477,4
F1Q8U0,7955,D. rerio,6.8506355,0.71611667,14
Q90XA8,7955,D. rerio,6.4947014,0.19088544,14
Q8AXK9,7955,D. rerio,6.9574957,-2.0333037,6
Q8UUR5,7955,D. rerio,6.514482,-0.22362386,5
A7MCK1,7955,D. rerio,5.6906652,2.108002,10
Q7SYL9,7955,D. rerio,8.438119,0.7771284,1
Q6DGZ7,7955,D. rerio,7.6142144,3.0266411,12
Q1LXM2,7955,D. rerio,17.133844,-4.3313656,14
Q08JS2,7955,D. rerio,5.4636893,3.7427304,7
A0A0R4IJJ5,7955,D. rerio,4.496095,1.5576577,14
I3ISF3,7955,D. rerio,11.99078,0.24920748,1
E7FFQ3,7955,D. rerio,6.026257,1.9885466,7
E9QHW5,7955,D. rerio,4.518397,1.8734013,3
A4JYG5,7955,D. rerio,3.8111522,1.6777117,7
Q7ZZW4,7955,D. rerio,5.7987146,1.7103044,4
E9QHH8,7955,D. rerio,7.084611,0.8258172,1
A8C984,7955,D. rerio,6.93921,-0.7630132,3
Q5PR62,7955,D. rerio,5.67815,1.8986609,4
Q5BLE8,7955,D. rerio,9.02233,4.4800305,17
F6PC65,7955,D. rerio,5.806265,4.3350396,3
Q0P4A5,7955,D. rerio,7.920774,0.91687065,14
D3KYK8,7955,D. rerio,3.6848521,3.8589456,15
A0A0G2KI51,7955,D. rerio,4.0407763,1.9071418,7
A0PJQ1,7955,D. rerio,6.94085,-1.9631188,6
O42362,7955,D. rerio,4.3380136,1.797806,3
F1QDR1,7955,D. rerio,6.7808867,1.9715759,7
Q4V9B9,7955,D. rerio,10.40832,2.1154673,7
F1R251,7955,D. rerio,4.943941,3.6646602,7
A0A161VUG4,7955,D. rerio,4.135346,1.7361375,3
A2BIC5,7955,D. rerio,6.9403753,0.095263526,4
F1R452,7955,D. rerio,9.434314,5.0561867,11
A0A2R8QP40,7955,D. rerio,6.96858,-1.7329377,6
Q6V7J8,7955,D. rerio,5.8175483,1.856005,7
A0A0R4IH97,7955,D. rerio,6.199431,-1.277731,14
F1R4F4,7955,D. rerio,5.818729,4.2844768,3
O57585,7955,D. rerio,13.02226,2.959145,15
Q6ELZ9,7955,D. rerio,6.7212296,0.5979469,5
A0A2R8Q0M3,7955,D. rerio,8.8067465,5.8027687,12
Q6DC02,7955,D. rerio,7.5641026,0.6298593,14
Q6GQN0,7955,D. rerio,5.8979473,1.6072165,4
Q90421,7955,D. rerio,5.756659,-0.2003139,4
B3DJE0,7955,D. rerio,6.6493316,-1.3917027,6
Q90468,7955,D. rerio,6.22585,-1.6254957,6
B2KTE5,7955,D. rerio,6.798379,-2.0688417,6
F1RCW4,7955,D. rerio,4.858957,3.8749084,2
Q1L695,7955,D. rerio,5.7525034,-0.64049095,6
F6P4J7,7955,D. rerio,8.550612,-0.29663527,14
F1Q9C4,7955,D. rerio,8.683457,3.067837,3
Q6IQ68,7955,D. rerio,6.92001,1.2853267,7
Q5PRB3,7955,D. rerio,7.103521,1.2663829,3
Q32LT1,7955,D. rerio,11.729309,4.7693467,2
E7FAJ1,7955,D. rerio,6.1359615,-1.0185707,5
Q5U870,7955,D. rerio,11.359522,4.6388235,12
E9QGS6,7955,D. rerio,8.548349,-1.8894911,16
Q32PR1,7955,D. rerio,4.678656,2.2587087,17
A0A0R4IJL9,7955,D. rerio,7.7774878,0.08201313,14
B5DDG5,7955,D. rerio,8.821859,-2.273625,16
Q503G7,7955,D. rerio,5.8397813,1.858766,4
B0V0E4,7955,D. rerio,4.7579956,1.4436669,4
U3JB35,7955,D. rerio,3.1604974,-0.9315007,2
A0A2R8RYT7,7955,D. rerio,6.8916917,0.6367073,3
Q6NY58,7955,D. rerio,7.153599,-1.8654296,6
A0A2R8RVI8,7955,D. rerio,6.1404295,2.1654398,7
A5WWJ8,7955,D. rerio,8.388045,-3.5196397,9
A0A2R8QQW1,7955,D. rerio,7.076948,0.8943641,14
Q05AQ1,7955,D. rerio,3.7257073,0.86477536,3
F1QNG2,7955,D. rerio,7.325343,1.122679,14
A0A2R8RIU9,7955,D. rerio,4.4427896,1.5318096,1
A0A0G2KRC3,7955,D. rerio,4.372333,3.0472808,10
Q56E96,7955,D. rerio,4.2612014,2.7735612,10
A8BB35,7955,D. rerio,3.4934611,1.7310152,10
A0A2R8QCK8,7955,D. rerio,6.5399065,-1.9921789,6
Q6DHG1,7955,D. rerio,3.7580273,1.748142,4
F1R7W8,7955,D. rerio,5.2371216,2.8959458,2
E7FD27,7955,D. rerio,4.399732,3.04042,10
Q7SYM7,7955,D. rerio,6.175183,1.812749,4
Q66L52,7955,D. rerio,7.573727,-0.83811074,6
E9QIN8,7955,D. rerio,7.4763417,2.342782,7
Q2QKJ9,7955,D. rerio,5.70206,0.4431328,5
A0A0J9YJH5,7955,D. rerio,4.4409747,0.65894186,14
Q8QGI4,7955,D. rerio,6.411273,-2.0192616,6
Q5PQZ4,7955,D. rerio,8.245214,-2.2517729,16
Q5BJ06,7955,D. rerio,3.5871887,1.0629233,7
E9QF94,7955,D. rerio,5.701491,2.131302,10
A0A2R8QME5,7955,D. rerio,3.7377303,1.7864691,3
Q8AVZ9,7955,D. rerio,6.1802535,5.558181,17
Q9IAT0,7955,D. rerio,6.8947945,-2.1087325,6
A0A2R8QA47,7955,D. rerio,3.622174,1.6215981,3
B0V1P1,7955,D. rerio,3.1457205,-0.94808066,7
A0A2R8QQU7,7955,D. rerio,4.2499323,2.0341823,7
F1R0I7,7955,D. rerio,4.050478,1.8416294,3
A2BG85,7955,D. rerio,2.9834,2.9254441,2
Q6NUY5,7955,D. rerio,7.4684925,1.2239262,3
B8JME8,7955,D. rerio,4.213407,1.389905,4
A2CEA2,7955,D. rerio,6.3927517,-1.0139608,6
P0CF95,7955,D. rerio,6.559613,0.28329906,5
A0A2R8QLK7,7955,D. rerio,6.5368385,0.5365806,14
X1WH03,7955,D. rerio,8.289051,-0.7622071,16
Q6DGE4,7955,D. rerio,5.914195,3.5111787,3
Q6IQE5,7955,D. rerio,3.843312,4.001497,15
A0A0R4IXP1,7955,D. rerio,6.7993655,1.8772832,1
B5DDC5,7955,D. rerio,7.3893447,2.454826,7
F1QDE6,7955,D. rerio,4.108213,2.9583282,10
A0A2R8QBL5,7955,D. rerio,6.3717575,2.4965003,7
Q804R9,7955,D. rerio,8.397423,-3.4315228,9
A0A286YAE3,7955,D. rerio,6.327139,0.95419264,1
E7FFP2,7955,D. rerio,7.6514974,-1.8602314,6
A7MCK8,7955,D. rerio,8.660352,4.1097364,17
E7F632,7955,D. rerio,7.025697,0.6207396,1
Q566W8,7955,D. rerio,6.3618603,2.4248562,7
A8KBN1,7955,D. rerio,7.952745,-0.08647496,6
Q7ZUH9,7955,D. rerio,5.257326,4.579016,2
U3JA59,7955,D. rerio,6.4318037,-1.409145,6
A2BIA5,7955,D. rerio,5.8127155,1.3588678,4
Q7ZVR3,7955,D. rerio,-2.0199432,12.003161,11
Q697I0,7955,D. rerio,3.8952987,2.2374282,10
A0A0R4IMA3,7955,D. rerio,2.6177924,1.5191857,4
G2ZGB0,7955,D. rerio,6.716169,-1.9274893,14
Q5RIF2,7955,D. rerio,9.082984,4.55464,17
Q6DHQ1,7955,D. rerio,5.606636,3.8571808,7
Q6PFL2,7955,D. rerio,4.0263343,1.6359713,3
Q7SY42,7955,D. rerio,8.152983,-0.0077828127,14
F1QEP4,7955,D. rerio,3.7245293,2.0415661,7
E7FAG6,7955,D. rerio,8.362922,-1.7723666,6
A4JYE1,7955,D. rerio,3.4992766,3.3796437,15
A0A0J9YJE5,7955,D. rerio,3.5311477,0.9659828,7
U3JB32,7955,D. rerio,4.288482,2.295639,7
F1R4A0,7955,D. rerio,7.259065,-0.15014465,1
B0R0F2,7955,D. rerio,3.8975656,1.8926743,7
Q1LYF8,7955,D. rerio,6.0749764,1.4590899,4
Q588C6,7955,D. rerio,5.5277658,2.1938827,10
Q0PJT8,7955,D. rerio,2.945284,2.8860848,3
Q6PEH5,7955,D. rerio,13.721316,6.2538023,7
Q4VBU7,7955,D. rerio,8.167319,2.473393,12
Q4V8U3,7955,D. rerio,9.246978,4.4605556,17
A0A0G2KXP0,7955,D. rerio,6.751411,1.5154715,3
A0A0R4IH26,7955,D. rerio,8.535413,2.0098853,3
F1R9R1,7955,D. rerio,4.501865,2.5673048,7
Q9I8P3,7955,D. rerio,9.360315,-5.061485,5
Q9I9B4,7955,D. rerio,6.863843,-1.646663,6
A0MQ61,7955,D. rerio,3.5380626,5.243571,17
F1QLP1,7955,D. rerio,8.783491,4.124523,17
Q7SXR7,7955,D. rerio,5.651474,1.9726076,4
A0A2R8QDW0,7955,D. rerio,7.344422,-0.011628319,1
A0A0R4ISZ8,7955,D. rerio,5.723739,2.4770334,2
Q5RGQ2,7955,D. rerio,6.9164386,2.7314122,7
A0A0G2L9X9,7955,D. rerio,7.585617,0.33667335,3
F1RAB7,7955,D. rerio,6.7251987,-1.6061591,6
Q08BJ1,7955,D. rerio,3.911807,2.2470493,7
F1QLX9,7955,D. rerio,3.6988254,0.7877687,5
A0A0R4IJ89,7955,D. rerio,8.075812,0.1043875,14
Q9DDE3,7955,D. rerio,4.9508133,2.9309216,3
A4VAK2,7955,D. rerio,3.728661,3.9646788,15
B3DK56,7955,D. rerio,4.0219073,1.9461462,7
Q6UFS5,7955,D. rerio,5.1619873,1.8324072,4
Q9IAA9,7955,D. rerio,6.098301,1.537102,4
A0A0R4IIP2,7955,D. rerio,7.0386147,1.6146759,3
Q6YLA3,7955,D. rerio,6.3076696,1.5928375,4
Q90Z70,7955,D. rerio,3.6361196,1.642169,4
A1L1S7,7955,D. rerio,5.967113,2.0671954,4
A0A2R8Q6Q1,7955,D. rerio,8.991873,4.7554607,17
Q1JQ21,7955,D. rerio,5.904427,4.1691456,3
F1QC44,7955,D. rerio,6.873531,-1.842371,6
F1QGG3,7955,D. rerio,8.682046,3.449792,7
F1R175,7955,D. rerio,4.119321,2.0546722,7
C6GHV6,7955,D. rerio,4.079947,1.9140534,3
F8W331,7955,D. rerio,9.885307,3.821678,11
Q5XJ12,7955,D. rerio,9.750296,4.209686,17
A2BFT4,7955,D. rerio,6.137093,1.1682593,7
Q6TEL4,7955,D. rerio,8.962251,2.573712,12
Q1LWJ6,7955,D. rerio,8.766239,-2.8800282,16
B8A5T9,7955,D. rerio,6.637185,-1.482265,6
A4FUL1,7955,D. rerio,3.916098,2.250882,3
B0S7W7,7955,D. rerio,5.498745,3.382368,10
Q330P5,7955,D. rerio,3.5897498,-0.1721626,5
R4GDZ6,7955,D. rerio,8.471897,-3.3529863,9
B3DFP6,7955,D. rerio,12.210572,3.5333903,10
F8W2Q6,7955,D. rerio,8.127998,-2.1716766,16
A0A0G2KD98,7955,D. rerio,7.982741,0.86556983,3
A1L240,7955,D. rerio,8.173801,3.7599337,3
Q6NWF3,7955,D. rerio,5.3236017,2.7387207,10
B8A5N7,7955,D. rerio,6.2356434,0.026800541,5
F1QHM9,7955,D. rerio,7.501292,1.4593633,17
Q568I3,7955,D. rerio,7.7311015,1.3512651,17
Q6DEG0,7955,D. rerio,6.77998,1.2325021,7
A0A286YBK1,7955,D. rerio,3.1465955,-0.94380736,7
F1QLG1,7955,D. rerio,3.9323502,3.9358802,15
A0A0R4IFH8,7955,D. rerio,6.796013,-0.81377274,1
X1WBR0,7955,D. rerio,6.391073,0.045849964,5
F1RC58,7955,D. rerio,4.188776,2.3282776,7
F8W290,7955,D. rerio,7.446469,2.7530682,7
P83238,7955,D. rerio,8.703784,-2.978508,16
A5PMX8,7955,D. rerio,8.3030405,-1.4606615,16
A8KC60,7955,D. rerio,9.25995,4.804073,11
Q5BJ08,7955,D. rerio,6.769265,-2.0752199,6
Q7T3E6,7955,D. rerio,5.4465804,2.1561167,10
F1QXE3,7955,D. rerio,8.31375,-0.010924503,6
Q7SXK3,7955,D. rerio,9.353117,5.361735,11
Q6PHV3,7955,D. rerio,4.511784,0.41913903,14
A8BBF9,7955,D. rerio,3.4560742,1.6737798,7
F1R937,7955,D. rerio,3.640833,1.5908543,3
F1QLM9,7955,D. rerio,4.0075355,2.0202436,7
B7ZVN5,7955,D. rerio,6.949254,-1.3019778,6
A0A2R9YJK7,7955,D. rerio,7.884033,0.13180636,14
B6E524,7955,D. rerio,4.284003,1.823009,3
Q8UVZ0,7955,D. rerio,6.521322,-1.9670135,6
Q071E0,7955,D. rerio,5.7470937,0.47539908,4
Q7ZTW2,7955,D. rerio,8.848693,-1.6641324,16
A0T2N3,7955,D. rerio,12.960306,2.9326515,10
Q7T2J0,7955,D. rerio,8.757426,4.500035,7
A9JRN4,7955,D. rerio,6.573495,-2.0101967,6
A8KBL6,7955,D. rerio,3.9268148,1.6688594,3
B0S8G3,7955,D. rerio,3.1473045,1.5294849,4
Q6TV19,7955,D. rerio,5.5684934,2.217338,10
A0A2R8QGQ2,7955,D. rerio,3.7356572,0.78909504,5
A0A2R8QRE0,7955,D. rerio,4.4646964,4.3383055,15
Q6W2J8,7955,D. rerio,6.4825845,-1.2666681,6
Q6NW77,7955,D. rerio,6.927158,0.7484564,3
Q4KMJ0,7955,D. rerio,6.431494,-1.2130305,6
A0A0R4IAE9,7955,D. rerio,8.412095,-7.369983,14
Q499A3,7955,D. rerio,6.5285954,0.27628714,4
G3KFL5,7955,D. rerio,3.5419858,5.243219,4
A0A2R8QFJ1,7955,D. rerio,7.0431833,1.2542508,3
B8JJL3,7955,D. rerio,5.5732594,-0.06730233,5
F1QJX5,7955,D. rerio,7.476633,0.9916968,14
Q29RF4,7955,D. rerio,7.3329897,0.87467885,3
Q90449,7955,D. rerio,5.1364837,4.3614607,2
Q6PBW9,7955,D. rerio,9.731987,6.281426,11
A8WGN3,7955,D. rerio,7.3278,1.2915939,3
B1Q3I5,7955,D. rerio,3.8478653,1.834852,3
A5LHA8,7955,D. rerio,5.518364,5.147213,17
U3JB41,7955,D. rerio,4.413346,0.293627,14
F1QKS8,7955,D. rerio,5.897512,3.6613832,7
Q7ZUI7,7955,D. rerio,8.204316,6.3237305,12
Q4V965,7955,D. rerio,4.238628,2.7504418,10
Q5TLZ1,7955,D. rerio,9.337305,-5.0323586,14
Q803E5,7955,D. rerio,3.959987,3.910522,15
A0A2R8PVH1,7955,D. rerio,7.519233,2.8065588,7
Q66HZ3,7955,D. rerio,5.711678,4.1414533,7
B3DJJ9,7955,D. rerio,7.1264944,-0.57910407,6
Q7T3X9,7955,D. rerio,4.252343,3.1566334,15
A0A2R8QQM8,7955,D. rerio,8.6391735,-0.6898852,14
A0A0B5JS61,7955,D. rerio,12.212028,3.5335555,10
A0A0B4P508,7955,D. rerio,8.514229,-3.628795,9
A2CE73,7955,D. rerio,6.8044286,0.17014,1
E9QET2,7955,D. rerio,8.630234,-3.287138,9
Q58EE8,7955,D. rerio,9.158773,5.5186815,17
B8JK21,7955,D. rerio,5.044462,3.4868047,2
E7FF76,7955,D. rerio,5.2914853,4.2188606,7
E9QIU2,7955,D. rerio,6.4000306,-1.2638177,6
F1QRV7,7955,D. rerio,6.7481813,-1.7263374,6
Q4ZGL0,7955,D. rerio,7.413473,0.14364053,1
Q6DRK4,7955,D. rerio,9.005879,4.094918,11
B3DGP6,7955,D. rerio,6.323454,-1.2895261,6
Q69DB5,7955,D. rerio,12.208273,3.5357301,10
Q6DRK9,7955,D. rerio,7.9725976,0.15844554,14
Q0PIA1,7955,D. rerio,9.354158,-5.0514607,5
Q5BL27,7955,D. rerio,6.1114244,0.15301499,6
O93596,7955,D. rerio,7.270066,1.4392519,3
A7E285,7955,D. rerio,5.7517095,2.4333498,2
Q8JH28,7955,D. rerio,5.0101175,3.7413044,2
Q7SXE7,7955,D. rerio,4.9195375,3.8897347,2
U3PYP4,7955,D. rerio,8.220614,-3.9725542,9
F6PBX5,7955,D. rerio,6.9328003,-1.237372,6
A0A2R8Q454,7955,D. rerio,7.548511,-0.44290558,14
A7MD83,7955,D. rerio,7.195499,0.89867294,14
A2BGT0,7955,D. rerio,5.7823386,0.86833715,4
F1RE65,7955,D. rerio,6.8102694,0.11221348,1
Q9W6A8,7955,D. rerio,12.951704,3.054768,15
E9QCQ5,7955,D. rerio,8.44781,-3.1040218,16
Q5RGB0,7955,D. rerio,5.70974,3.9394307,3
B7ZV11,7955,D. rerio,7.695415,1.082765,3
Q6P125,7955,D. rerio,7.4730225,2.3866534,3
F6NJ65,7955,D. rerio,6.131618,0.01394874,5
A1L2F3,7955,D. rerio,6.842561,-0.26820734,6
Q90YN0,7955,D. rerio,7.169624,-1.9123943,6
Q9YI49,7955,D. rerio,5.1449046,4.2122746,7
F8W533,7955,D. rerio,8.303401,-1.2909749,14
Q7T384,7955,D. rerio,5.0426993,4.9589252,2
A0A2R8QHK1,7955,D. rerio,7.245926,-0.01205515,1
Q58EK5,7955,D. rerio,6.919883,0.7825138,3
Q7SXN1,7955,D. rerio,8.814453,6.2207303,17
Q1LVF3,7955,D. rerio,6.897685,-1.0536131,6
Q5RHT8,7955,D. rerio,5.4710774,2.0006108,10
X1WDF7,7955,D. rerio,6.8573337,-2.0602233,6
Q6NY90,7955,D. rerio,6.5100923,2.1182795,7
A2ATX5,7955,D. rerio,1.7557423,8.730442,14
A0A2R8RTF4,7955,D. rerio,3.7599823,2.014649,7
Q5GA13,7955,D. rerio,3.6892328,3.8612432,15
Q6DHH8,7955,D. rerio,8.759359,4.247803,17
A0A1L1QZC2,7955,D. rerio,6.7009788,1.9032239,4
Q7ZVK8,7955,D. rerio,11.159963,2.451301,2
Q801V8,7955,D. rerio,3.6764987,1.7602135,7
O73862,7955,D. rerio,6.719403,-1.934053,6
Q68EL8,7955,D. rerio,8.372656,0.77317655,1
A0A0A1GU50,7955,D. rerio,5.677253,2.0102017,10
F8W3Q5,7955,D. rerio,5.612561,1.1061208,4
Q7SZ60,7955,D. rerio,4.665556,1.0567465,4
Q24JV0,7955,D. rerio,6.5440955,0.90838504,1
Q5BJ14,7955,D. rerio,5.9421353,2.4489465,2
A5A8J7,7955,D. rerio,9.211136,4.372392,11
A0A2R8Q566,7955,D. rerio,3.6449351,1.8438807,3
Q8QHJ9,7955,D. rerio,4.8393846,0.8824826,5
Q91428,7955,D. rerio,7.0260963,-2.2249002,6
E7FFX1,7955,D. rerio,5.9483457,-0.42703024,5
F8W3U1,7955,D. rerio,5.9917016,1.4539738,4
B3DJM7,7955,D. rerio,3.7691288,1.9098134,7
F1QJG8,7955,D. rerio,13.003871,2.9903023,15
A0A286YA02,7955,D. rerio,7.6295633,1.702861,3
Q8JFP9,7955,D. rerio,4.3044333,1.4938636,3
A0A0R4IPG4,7955,D. rerio,8.36854,1.2503527,14
F1QSX2,7955,D. rerio,5.7231874,3.775153,3
Q9DGL6,7955,D. rerio,5.6788106,6.4883556,2
Q568M6,7955,D. rerio,7.0037165,1.7574879,3
Q5NE09,7955,D. rerio,10.356743,2.2016342,3
Q7SY29,7955,D. rerio,4.5044703,4.30844,15
Q5TKT0,7955,D. rerio,4.284601,1.2470896,5
B0Z6G1,7955,D. rerio,4.271921,0.8769252,5
Q9I9L7,7955,D. rerio,6.595956,2.2521935,7
E3P7I7,7955,D. rerio,4.15518,1.8845096,3
Q8JFD2,7955,D. rerio,5.887129,3.4471633,14
Q7ZVV0,7955,D. rerio,6.749324,1.6146528,3
A0A0R4IDX9,7955,D. rerio,5.759949,4.167983,3
A0A2R8QFF0,7955,D. rerio,5.2859797,4.7744403,7
A0A2R8RMT9,7955,D. rerio,5.4974613,2.6592522,2
A0A2R8QFC7,7955,D. rerio,5.552229,2.1447518,10
A4FVJ0,7955,D. rerio,7.879482,0.9051599,14
Q6PFQ1,7955,D. rerio,5.2888303,2.8187969,10
A0A0R4ISN1,7955,D. rerio,12.942787,2.9232173,10
F1RCQ6,7955,D. rerio,5.2917533,4.1471953,3
Q6NWD4,7955,D. rerio,5.4868307,2.689387,10
Q0PIP5,7955,D. rerio,4.9019513,1.8130306,14
U3JAG5,7955,D. rerio,6.4770584,1.6902643,4
A0A0R4IHC8,7955,D. rerio,4.169012,0.7991468,5
F1QP02,7955,D. rerio,5.8241434,3.60341,3
Q7SXH1,7955,D. rerio,8.71784,2.84885,17
Q92050,7955,D. rerio,16.134647,6.4683213,17
B3DKK1,7955,D. rerio,7.2104254,1.5566254,7
A0A140LFP6,7955,D. rerio,5.912717,2.4465952,7
A0A0B5JSG0,7955,D. rerio,4.125669,2.1531045,7
F1QJY8,7955,D. rerio,6.60986,2.067679,4
Q800C7,7955,D. rerio,3.0050468,2.928688,2
E9QG17,7955,D. rerio,10.006058,2.9366472,17
Q5RIP7,7955,D. rerio,6.143262,2.2644308,7
P87360,7955,D. rerio,1.754858,8.73177,14
Q1LXG1,7955,D. rerio,4.8765917,3.8918936,2
E7F4V8,7955,D. rerio,8.216914,1.6671029,3
A7MCJ8,7955,D. rerio,4.572244,1.432424,12
A0A0R4IQY8,7955,D. rerio,5.7110586,1.7766901,4
Q6NZW4,7955,D. rerio,5.782809,0.8892253,4
Q6DRJ4,7955,D. rerio,8.678412,0.56707907,14
Q4G5U9,7955,D. rerio,5.9383407,-0.95189357,5
A0A0K0K5Q2,7955,D. rerio,6.771514,1.6965767,3
Q4KM19,7955,D. rerio,7.2962475,-0.97372687,16
Q6PCA5,7955,D. rerio,7.1341176,0.46941897,14
B8JHS1,7955,D. rerio,7.0756564,0.38942227,5
Q98UH1,7955,D. rerio,12.999367,2.9935179,15
Q9W747,7955,D. rerio,12.38708,-4.0061984,3
Q8UUR7,7955,D. rerio,6.5998855,-0.43755612,6
A0A2R8RL39,7955,D. rerio,9.246169,4.177872,17
Q7ZV21,7955,D. rerio,7.477511,-0.2856934,14
F1QYN7,7955,D. rerio,3.7366748,1.5576966,3
F1QB46,7955,D. rerio,10.538709,2.2751946,7
A0A0J9YJ67,7955,D. rerio,12.37844,-3.9982257,3
D1LXJ0,7955,D. rerio,9.357746,-5.0561194,5
A0A2R8Q844,7955,D. rerio,4.342321,1.9356741,3
Q32SK8,7955,D. rerio,4.011966,1.9994507,7
Q5BJ05,7955,D. rerio,5.1092954,1.0701776,1
Q5WN09,7955,D. rerio,3.187328,2.0181055,7
A0A0R4IU08,7955,D. rerio,3.7433252,1.8444235,7
Q5RI92,7955,D. rerio,3.16998,-0.9231549,7
A2BG18,7955,D. rerio,8.705883,-3.0749397,16
A8E544,7955,D. rerio,7.346681,-0.25942788,1
F1R4U0,7955,D. rerio,11.825434,5.5853705,15
F8W4J4,7955,D. rerio,11.500579,4.7219696,7
A9JSZ0,7955,D. rerio,6.216696,4.1413183,12
F6P697,7955,D. rerio,6.390713,0.2577037,5
F1R008,7955,D. rerio,5.473533,2.662327,10
A4JYL8,7955,D. rerio,3.8280396,0.71540374,5
Q2PBM7,7955,D. rerio,3.323861,1.518844,4
Q68EH9,7955,D. rerio,6.803748,1.6483028,3
F1R9D7,7955,D. rerio,6.471519,-0.39032698,6
Q8AW67,7955,D. rerio,10.504046,2.1845636,7
F1QDD1,7955,D. rerio,6.858144,2.90785,7
Q6XZH0,7955,D. rerio,6.6715565,-1.544305,1
Q5XX14,7955,D. rerio,6.6622696,-2.0636559,6
Q5TLZ9,7955,D. rerio,7.91532,-1.9507912,16
Q90Z09,7955,D. rerio,8.6385565,-1.565536,16
A0A0R3P9C0,7955,D. rerio,5.111346,2.3936703,10
A0A2R8PW40,7955,D. rerio,6.5127897,-1.502185,6
F1R8H5,7955,D. rerio,6.167078,-1.2685314,3
Q9I8U8,7955,D. rerio,5.784682,-5.4342175,17
A0A2R8QDP7,7955,D. rerio,7.776565,1.0195801,3
F1QKX0,7955,D. rerio,5.029244,4.9792128,7
A0A0R4IWK4,7955,D. rerio,4.144191,0.89999914,14
Q8UVT6,7955,D. rerio,8.059456,-0.4040356,14
B5DC62,7955,D. rerio,3.7121143,1.8414166,7
E9QCY7,7955,D. rerio,7.4905076,0.20994295,7
A0A1D5NT15,7955,D. rerio,4.088461,2.0016332,7
Q05AK3,7955,D. rerio,8.816763,-2.1765933,16
Q802C8,7955,D. rerio,7.5327096,1.2089381,1
Q90WB3,7955,D. rerio,4.483402,2.5597858,7
I6YR87,7955,D. rerio,7.026965,-0.68720967,6
A0A0R4ITC9,7955,D. rerio,8.54772,-3.298919,9
Q7SZV1,7955,D. rerio,6.662457,-1.5073888,6
Q503G2,7955,D. rerio,3.8423173,1.5161494,3
A0A0R4IWM3,7955,D. rerio,7.2882977,0.9813621,3
A0A140LGI0,7955,D. rerio,3.9954271,1.8798238,3
Q6P952,7955,D. rerio,6.576286,-1.9408698,6
O57335,7955,D. rerio,6.548989,-0.1670718,3
F1QV12,7955,D. rerio,5.4471264,2.7287526,2
A0A2R8QM07,7955,D. rerio,4.45534,1.8681791,3
A0A1Y7AKU3,7955,D. rerio,8.433188,-3.2372131,14
F6NIX9,7955,D. rerio,8.844463,3.1395652,12
A0A2R8Q9F2,7955,D. rerio,6.401379,-0.8289857,6
A0A0R4IBQ7,7955,D. rerio,4.590477,2.0940864,3
A0A2R8Q359,7955,D. rerio,7.435517,2.3793871,7
Q6PFN3,7955,D. rerio,8.9987335,4.276246,11
C6KIB1,7955,D. rerio,9.3483925,-5.0431156,5
Q7SYE6,7955,D. rerio,3.7835917,2.0634625,7
Q08BR0,7955,D. rerio,6.461747,0.87861055,5
A0A0R4IDV1,7955,D. rerio,7.3145156,-0.22249073,1
Q6NW57,7955,D. rerio,3.0225785,1.5605431,1
Q6NSN7,7955,D. rerio,7.0016494,-1.7243246,6
B3DJV4,7955,D. rerio,6.9240513,-1.2641209,6
Q7T2V6,7955,D. rerio,8.524464,-0.31427345,14
Q673G8,7955,D. rerio,6.030587,-0.62411386,5
Q6T494,7955,D. rerio,3.7504842,1.938855,7
Q08C93,7955,D. rerio,4.3322687,2.999927,10
F1QM07,7955,D. rerio,5.414975,4.7980504,7
B0S6I8,7955,D. rerio,7.222749,-2.1570735,6
A0A2R8QPC0,7955,D. rerio,8.157671,0.06563544,14
F1RD28,7955,D. rerio,6.6334434,4.28189,11
Q5W7F1,7955,D. rerio,6.2152677,4.296979,17
A0A2R8QQD9,7955,D. rerio,12.942018,2.9274564,10
E7EZD1,7955,D. rerio,7.704396,0.7059584,14
E7FCE2,7955,D. rerio,5.495184,4.757321,7
Q5RIW8,7955,D. rerio,8.350997,0.4240553,16
Q8JIR0,7955,D. rerio,5.3802166,2.2002864,10
A2BEM4,7955,D. rerio,3.7991233,1.9449464,7
Q5GIT3,7955,D. rerio,3.7545505,1.5000542,3
Q8UUT1,7955,D. rerio,6.015437,3.9080172,14
E7FCG1,7955,D. rerio,7.213761,1.5218667,3
Q5PQ53,8355,X. laevis,7.473843,0.0034566452,1
Q91989,8355,X. laevis,6.51363,-1.9642818,6
Q4W815,8355,X. laevis,3.7728941,0.744254,5
Q9I9K6,8355,X. laevis,9.228927,4.45043,17
Q9YH71,8355,X. laevis,6.487244,-2.1092052,6
A0A1L8I316,8355,X. laevis,5.8670716,-1.3423476,16
Q498I0,8355,X. laevis,6.079602,1.8519647,4
Q9I9A7,8355,X. laevis,7.4111776,0.8416313,1
Q9PVZ3,8355,X. laevis,6.666743,-1.9413546,6
P35617,8355,X. laevis,1.7548003,8.731698,14
A0A1L8HYT7,8355,X. laevis,4.410128,1.7023292,3
Q5XGK2,8355,X. laevis,8.36495,-1.5168682,16
P31291,8355,X. laevis,16.131458,6.4668255,3
Q7ZX67,8355,X. laevis,15.232944,2.2684948,2
Q641A1,8355,X. laevis,5.882844,0.5246671,7
O13024,8355,X. laevis,7.0981255,-0.21115653,6
Q800K6,8355,X. laevis,7.1650577,0.98114896,3
Q800X4,8355,X. laevis,4.2460995,0.90993226,5
Q7ZT48,8355,X. laevis,8.451516,2.1084995,12
Q90XW5,8355,X. laevis,7.2438893,-1.9350065,6
Q1L721,8355,X. laevis,6.8761992,1.2029696,7
Q08B36,8355,X. laevis,6.290616,0.15475486,5
Q8AXX8,8355,X. laevis,6.853738,-1.952365,6
O42480,8355,X. laevis,7.124449,2.243012,7
Q91689,8355,X. laevis,6.755992,-1.8986381,6
O42342,8355,X. laevis,6.7076874,-2.0330954,6
Q6GLP4,8355,X. laevis,5.6119413,2.5116243,7
Q9PSY4,8355,X. laevis,6.480203,-1.8282108,6
P62972,8355,X. laevis,12.108394,0.19426508,2
Q91727,8355,X. laevis,11.237697,2.4702945,11
Q6INT1,8355,X. laevis,7.214172,1.2380826,3
Q9PU20,8355,X. laevis,6.8080993,-2.097411,6
Q6AZN0,8355,X. laevis,6.6883435,1.8632021,4
P87377,8355,X. laevis,6.341444,-1.4135883,5
Q90WV8,8355,X. laevis,4.0309157,1.408895,3
Q91572,8355,X. laevis,5.983274,0.07121794,5
P16143,8355,X. laevis,6.7263293,-1.4156661,6
O73798,8355,X. laevis,4.390518,2.1141543,3
Q66IV2,8355,X. laevis,7.5386167,-0.2799622,6
Q05AW3,8355,X. laevis,7.364151,2.3282928,7
Q9IB89,8355,X. laevis,6.86112,-2.1115537,6
P79944,8355,X. laevis,6.4283175,-1.5588547,6
Q6DJN2,8355,X. laevis,6.337727,1.1405766,7
P18115,8355,X. laevis,5.1046534,-0.35311863,3
Q6TEC1,8355,X. laevis,6.755308,2.1534934,3
Q91649,8355,X. laevis,4.251606,0.8302872,5
O93614,8355,X. laevis,6.7630305,2.181021,7
Q0P031,8355,X. laevis,6.6327105,-2.0709834,6
P23767,8355,X. laevis,6.9849653,-2.1792424,6
O57537,8355,X. laevis,3.765761,3.2819362,15
Q6AZR2,8355,X. laevis,4.6948886,3.055728,10
A0A1L8FZ84,8355,X. laevis,8.511876,-2.2133489,16
A5H447,8355,X. laevis,6.5544558,-0.33150354,5
Q9PT60,8355,X. laevis,5.9338675,1.5294552,4
Q641G7,8355,X. laevis,5.2000623,2.946467,10
Q6NRK1,8355,X. laevis,6.530297,0.35835,5
Q6DE87,8355,X. laevis,5.749169,2.1450913,2
O57539,8355,X. laevis,5.996647,0.2958915,4
Q4FZW5,8355,X. laevis,3.9601762,3.7730641,15
Q32N92,8355,X. laevis,6.248809,0.4136524,5
Q7ZY18,8355,X. laevis,8.732927,3.3696818,12
Q6RUW2,8355,X. laevis,12.210146,3.5355082,10
O42263,8355,X. laevis,7.69992,-0.3388104,14
Q670P5,8355,X. laevis,16.13264,6.46798,10
Q9DGN0,8355,X. laevis,6.9948883,1.9396058,3
Q8AWF5,8355,X. laevis,8.296803,1.1321689,14
P18117,8355,X. laevis,5.083739,-0.33545202,7
Q9PWJ5,8355,X. laevis,6.341637,-2.0779216,0
Q7ZWU1,8355,X. laevis,8.320573,2.8354042,11
Q6NRT0,8355,X. laevis,5.9514303,2.3828695,7
Q4A520,8355,X. laevis,8.31781,2.1504977,3
Q90Z80,8355,X. laevis,6.621638,-0.51613957,5
Q8AXB4,8355,X. laevis,10.3958645,2.0776632,3
B7ZRU9,8355,X. laevis,6.6626296,-1.477986,6
O73689,8355,X. laevis,6.84134,-2.1043148,6
A0SNQ7,8355,X. laevis,6.6115255,-1.2502499,6
Q7ZYF2,8355,X. laevis,8.779179,-3.0404336,16
P55861,8355,X. laevis,8.720025,3.28854,12
Q6GPD1,8355,X. laevis,6.5696926,0.65034,1
P29403,8355,X. laevis,12.88369,3.1169858,15
Q9DEN4,8355,X. laevis,6.6259236,-1.7793059,6
P40647,8355,X. laevis,6.727087,-1.4580033,6
Q8AXC5,8355,X. laevis,4.1440406,1.9565033,7
B7ZR30,8355,X. laevis,7.085695,0.90039647,3
P10108,8355,X. laevis,16.13377,6.46792,3
Q91880,8355,X. laevis,6.277706,1.5550917,4
Q641F2,8355,X. laevis,5.8959913,2.2655897,2
Q32NR3,8355,X. laevis,5.8386235,1.2965865,4
Q6IRR4,8355,X. laevis,8.333681,-2.4601483,16
O93309,8355,X. laevis,8.04743,2.128168,7
Q8UVQ4,8355,X. laevis,6.7893257,-1.1818557,6
Q6IFY7,8355,X. laevis,5.549357,4.0208726,7
Q6NRG6,8355,X. laevis,6.53707,0.616087,1
Q9YGY3,8355,X. laevis,4.2561593,3.768375,2
Q8AXW8,8355,X. laevis,6.3922596,-0.96629846,6
P50533,8355,X. laevis,8.085023,2.0508456,7
Q90ZH9,8355,X. laevis,6.9394684,-2.1196835,6
Q3B8L5,8355,X. laevis,6.5097528,0.67104906,14
P35373,8355,X. laevis,3.2486112,-0.846732,7
Q6TY21,8355,X. laevis,7.131222,0.15491855,3
Q0IHI4,8355,X. laevis,7.50145,-0.21671985,6
Q6DCJ4,8355,X. laevis,8.562085,-0.06297635,3
Q7T0V8,8355,X. laevis,6.496699,0.052080125,3
Q6JPI2,8355,X. laevis,6.2890253,-0.11062636,3
O73613,8355,X. laevis,5.846452,1.8580922,4
Q9DE33,8355,X. laevis,8.635508,3.5176024,17
Q9PUK8,8355,X. laevis,5.202372,4.3417435,7
O13125,8355,X. laevis,6.2871637,-1.9663748,5
A0A1L8ER70,8355,X. laevis,6.640579,-0.31251916,6
P98070,8355,X. laevis,4.0954623,2.0294304,3
Q498H0,8355,X. laevis,6.6023693,1.9662186,4
Q98U15,8355,X. laevis,6.2499523,-0.82031834,16
Q6DCQ1,8355,X. laevis,6.7916102,-1.963813,6
Q7ZTP2,8355,X. laevis,9.818074,4.1749654,17
P13350,8355,X. laevis,5.6293964,2.3057904,2
K9ZTJ6,8355,X. laevis,7.2519803,0.34137002,1
D3IUT5,8355,X. laevis,6.582205,-0.68938243,6
Q91580,8355,X. laevis,4.488221,2.5211027,7
A1L3G9,8355,X. laevis,5.940225,3.5633318,3
Q6INC4,8355,X. laevis,6.0956783,-0.72531974,5
Q8UVD7,8355,X. laevis,3.8703039,1.4706168,3
O73622,8355,X. laevis,7.001641,-1.0833813,16
Q06615,8355,X. laevis,6.550657,-2.0552387,6
Q91783,8355,X. laevis,7.6475015,0.3698662,14
Q8QGC4,8355,X. laevis,6.9876127,-1.4098732,6
Q6DCP4,8355,X. laevis,7.28031,-0.17113723,1
Q91550,8355,X. laevis,6.0714126,1.1508423,4
Q91731,8355,X. laevis,6.9372296,-1.7926464,6
Q5BP74,8355,X. laevis,5.9020796,2.426116,2
B5TR11,8355,X. laevis,3.5974126,1.8744988,3
A5D8Q0,8355,X. laevis,7.0087147,1.0847825,3
P31287,8355,X. laevis,16.133177,6.4676294,12
Q5U259,8355,X. laevis,6.6261554,0.3329694,2
Q7ZYK8,8355,X. laevis,5.685371,6.4902124,2
A5PKP9,8355,X. laevis,13.833848,6.3686275,11
Q7ZX96,8355,X. laevis,6.6977553,2.016076,4
P40650,8355,X. laevis,6.928108,-1.8008097,6
A7UKY7,8355,X. laevis,5.5316978,0.5287041,4
Q6DFD4,8355,X. laevis,7.5514607,2.241965,7
Q6PAW2,8355,X. laevis,6.519621,-0.04836947,4
Q91855,8355,X. laevis,8.8032055,2.5989933,3
P07222,8355,X. laevis,7.884443,0.90001756,1
Q6INX3,8355,X. laevis,5.2559104,2.85777,10
Q7ZXW9,8355,X. laevis,6.9608517,-1.8939976,6
Q90Z06,8355,X. laevis,7.6223927,-1.0658629,6
Q91905,8355,X. laevis,6.7174335,-1.9211204,6
Q91908,8355,X. laevis,6.191569,2.0852864,4
Q3LH63,8355,X. laevis,6.827621,-1.7927688,6
B7ZSK1,8355,X. laevis,4.652624,1.906975,7
Q03414,8355,X. laevis,6.983141,-1.6793447,6
Q6GNB7,8355,X. laevis,6.4111905,-1.9349284,6
Q9PT68,8355,X. laevis,6.5258822,-2.020608,6
Q9DE26,8355,X. laevis,8.447414,6.338141,12
P45593,8355,X. laevis,6.178246,2.61934,11
Q6NRZ0,8355,X. laevis,6.9205236,0.6816798,3
Q4FZ76,8355,X. laevis,6.8527665,0.5604013,5
A8E0R9,8355,X. laevis,5.657204,1.9981035,10
Q8QGU6,8355,X. laevis,6.5010347,-0.16362783,5
Q6DE18,8355,X. laevis,8.844212,2.3246539,12
Q8UW74,8355,X. laevis,6.172392,-1.7178117,5
P09560,8355,X. laevis,5.7539134,1.9364119,7
Q08820,8355,X. laevis,6.6307015,-2.0615156,6
Q1AGV6,8355,X. laevis,7.83611,-1.4825476,16
Q90VV1,8355,X. laevis,6.2265096,-1.6625049,5
Q91898,8355,X. laevis,6.7681446,-2.112765,0
Q98TA5,8355,X. laevis,6.831647,-0.5037097,6
D9IVE5,8355,X. laevis,6.8823304,2.6616137,7
Q640K3,8355,X. laevis,6.6694946,1.6700045,1
Q9YHY6,8355,X. laevis,6.9709945,2.0441487,3
Q8QHA5,8355,X. laevis,6.8853984,2.6010568,7
Q6IP18,8355,X. laevis,9.160737,3.274462,17
Q25QX6,8355,X. laevis,6.495152,-0.23713368,5
P49893,8355,X. laevis,16.13468,6.4684553,7
Q1AGV7,8355,X. laevis,7.7513976,-1.4899639,16
P36200,8355,X. laevis,5.766219,-0.28366712,4
B0ZTE1,8355,X. laevis,6.8481913,-2.1355224,6
Q91399,8355,X. laevis,6.296832,-2.0405586,5
Q9YHZ6,8355,X. laevis,7.172331,2.0418842,3
O13067,8355,X. laevis,6.2593017,0.5081843,1
Q9I897,8355,X. laevis,4.2030053,1.5159018,3
B7ZSG3,8355,X. laevis,7.023872,-2.0988858,6
Q6DCV2,8355,X. laevis,6.515934,-0.070364304,5
Q805B4,8355,X. laevis,6.8628573,-1.9159021,6
Q4U0Y4,8355,X. laevis,6.420074,1.5071225,1
A0A0D3QS98,8355,X. laevis,4.0628905,2.7600436,10
P27633,8355,X. laevis,8.204629,3.5374465,3
Q90X96,8355,X. laevis,6.2659583,-0.8445238,16
Q2I0E5,8355,X. laevis,6.0534635,1.481493,4
Q33DM4,8355,X. laevis,6.272834,-0.7831044,5
P28021,8355,X. laevis,8.784103,3.0101178,12
Q6P704,8355,X. laevis,6.3229904,2.369811,7
P19382,8355,X. laevis,6.6262646,-1.4472694,5
Q7SZL5,8355,X. laevis,6.281362,-0.7342537,6
O57686,8355,X. laevis,6.3925314,2.14728,2
Q9DE27,8355,X. laevis,8.697079,6.70655,17
Q642N8,8355,X. laevis,7.6682606,2.5065396,2
Q07016,8355,X. laevis,5.4281173,1.775442,10
Q98SP8,8355,X. laevis,7.0819173,0.13062058,3
Q7ZXZ0,8355,X. laevis,8.72657,3.4445186,12
Q8JH92,8355,X. laevis,5.49952,3.4080656,7
A0A1L8HV70,8355,X. laevis,9.174096,4.1005692,17
Q6AZM3,8355,X. laevis,6.063738,3.3637455,1
Q6GLP3,8355,X. laevis,4.211661,3.104051,10
Q1XG42,8355,X. laevis,6.18494,0.7324288,1
Q6DE09,8355,X. laevis,6.0234747,0.3106647,6
Q9PST7,8355,X. laevis,12.390986,-4.0124497,5
Q9DDY9,8355,X. laevis,6.5165467,0.099316984,4
Q8AXM9,8355,X. laevis,6.937022,0.56796694,3
P48805,8355,X. laevis,4.054708,2.8826215,10
P23787,8355,X. laevis,9.024759,3.650907,11
Q71U00,8355,X. laevis,11.188268,3.8001056,2
Q6GN86,8355,X. laevis,5.9017267,1.5765337,4
P79958,8355,X. laevis,6.9961143,-2.0668054,6
P02281,8355,X. laevis,8.422967,-7.3534126,1
O42478,8355,X. laevis,6.845406,-1.0574814,14
Q91752,8355,X. laevis,7.857645,-1.9251806,16
P50755,8355,X. laevis,6.887129,1.6633805,7
Q7ZYP6,8355,X. laevis,6.269538,1.9746532,4
Q9YH70,8355,X. laevis,6.6212697,-2.053788,6
B0F0H3,8355,X. laevis,6.743173,0.7556125,3
P12965,8355,X. laevis,10.0304575,2.2187393,3
P0DPK0,8355,X. laevis,6.4393544,-0.386535,5
Q7ZT01,8355,X. laevis,6.3508983,1.9353821,4
Q6DKE2,8355,X. laevis,5.966038,1.124476,4
Q9YHC5,8355,X. laevis,6.679633,-1.9555838,6
P49338,8355,X. laevis,16.130327,6.465512,7
Q9YGV1,8355,X. laevis,4.2533636,1.4370854,3
Q7ZYB4,8355,X. laevis,5.9836464,1.3858263,4
Q66KI8,8355,X. laevis,4.6780047,1.6766229,4
Q7ZY81,8355,X. laevis,6.3384213,1.5378468,1
Q641G4,8355,X. laevis,6.0934463,0.59200263,4
P11048,8355,X. laevis,1.7686942,8.726307,1
Q6NTJ3,8355,X. laevis,7.135459,-0.89275646,6
Q91821,8355,X. laevis,5.945548,2.0488155,7
P16863,8355,X. laevis,5.928809,3.5194426,14
P20965,8355,X. laevis,7.028648,0.10224817,3
O13097,8355,X. laevis,4.013573,2.8096347,10
P15308,8355,X. laevis,7.3685164,-0.81896895,1
Q91813,8355,X. laevis,6.491198,-1.9991952,6
Q8QFR4,8355,X. laevis,4.494686,2.985529,10
O42569,8355,X. laevis,6.833697,-1.8624575,6
Q91619,8355,X. laevis,4.156929,1.4180645,3
P36874,8355,X. laevis,-2.0202093,12.003341,11
Q6PAY1,8355,X. laevis,7.1586456,0.34052533,1
Q9W603,8355,X. laevis,8.396095,3.1779041,17
Q9PVV4,8355,X. laevis,8.06297,-1.7332534,16
B7ZQJ9,8355,X. laevis,7.761541,-1.4443765,16
P70060,8355,X. laevis,5.8992624,0.73048,4
Q8AVG7,8355,X. laevis,7.543378,2.2799034,7
P48530,8355,X. laevis,4.108018,1.8174655,7
O73932,8355,X. laevis,7.0019174,0.33918583,7
A0A1L8EYB2,8355,X. laevis,6.2802224,-0.74605703,5
P26233,8355,X. laevis,3.8327322,3.6982074,15
Q98SJ2,8355,X. laevis,7.21861,-0.0012121071,1
Q92123,8355,X. laevis,5.6771655,6.4809384,2
Q8JI28,8355,X. laevis,4.052706,2.0440633,7
C0SPG1,8355,X. laevis,5.776014,0.19896503,5
Q9W6G7,8355,X. laevis,6.9644227,1.5544361,3
Q4V865,8355,X. laevis,4.1476626,3.0902286,10
B7ZR65,8355,X. laevis,6.8526154,-1.9487517,6
Q01978,8355,X. laevis,5.91606,0.35638055,6
Q8QFR2,8355,X. laevis,5.4085894,2.52595,10
Q06BR1,8355,X. laevis,6.599348,-0.8543846,5
Q3LGB9,8355,X. laevis,6.5162663,1.8589417,4
P70041,8355,X. laevis,4.2712007,0.9088423,5
P31286,8355,X. laevis,16.129509,6.465023,3
Q91808,8355,X. laevis,7.092024,0.026524842,3
Q1XG44,8355,X. laevis,6.2563825,0.6698112,1
Q7ZYE9,8355,X. laevis,7.2603073,-0.033452787,1
Q7ZX35,8355,X. laevis,3.820067,3.685908,15
P87379,8355,X. laevis,10.785696,2.7361665,2
P45441,8355,X. laevis,7.9018717,-0.3390806,6
P70039,8355,X. laevis,6.7824326,-0.9944486,6
Q9PU13,8355,X. laevis,6.143594,-0.97691065,5
Q7ZXF3,8355,X. laevis,6.2424383,-1.9581745,5
P70032,8355,X. laevis,5.8662996,2.2198918,10
Q153D9,8355,X. laevis,4.0510497,2.9045763,10
A0A1L8H8C0,8355,X. laevis,6.9940357,-0.90796465,6
Q8QGV6,8355,X. laevis,3.9275022,3.3281217,15
Q9DGP9,8355,X. laevis,10.331428,3.0693474,7
Q7T2X6,8355,X. laevis,4.103645,1.4211247,4
Q4V7H8,8355,X. laevis,7.6223936,-0.40118527,6
Q7ZXM6,8355,X. laevis,3.784401,2.4227183,10
Q9PVM0,8355,X. laevis,6.5392575,-2.0411077,6
Q6GNV6,8355,X. laevis,6.3052692,-0.66502804,5
P26696,8355,X. laevis,11.215577,2.4871364,2
Q7ZZH7,8355,X. laevis,6.237646,-0.8044589,5
A5J090,8355,X. laevis,4.0120087,3.9109814,15
P24033,8355,X. laevis,11.313552,2.5366497,2
Q91616,8355,X. laevis,6.478453,-2.079747,6
Q7T3U0,8355,X. laevis,5.723423,0.34386232,5
Q9DF36,8355,X. laevis,9.273233,2.612714,3
Q6DFI7,8355,X. laevis,3.9293883,3.7125292,15
Q1JQ73,8355,X. laevis,6.610086,0.38464352,2
P43695,8355,X. laevis,7.16576,-2.1910298,6
Q9W701,8355,X. laevis,5.2656755,4.695712,2
P79920,8355,X. laevis,6.446026,-2.0769484,6
Q9PTK2,8355,X. laevis,6.5884953,-2.0099049,6
Q5HZM6,8355,X. laevis,3.5571501,4.134365,15
P51113,8355,X. laevis,6.140181,1.6236774,4
Q8JGN5,8355,X. laevis,6.994529,1.016093,3
Q6GPJ9,8355,X. laevis,10.791546,2.7555845,2
Q9PUN1,8355,X. laevis,6.0758705,3.516194,1
Q8AVN9,8355,X. laevis,11.9183855,0.19335298,1
Q6DDW2,8355,X. laevis,4.12671,2.1398005,7
Q9DED4,8355,X. laevis,7.332378,-0.09990176,1
Q8AWG4,8355,X. laevis,3.7918813,2.4350579,7
Q6IRD3,8355,X. laevis,4.416347,3.7474043,2
Q32NM1,8355,X. laevis,5.844725,1.4273641,10
Q8JIT7,8355,X. laevis,6.521401,-2.128401,6
Q6AZF7,8355,X. laevis,10.736633,2.496939,2
Q9PVY9,8355,X. laevis,6.684557,-1.9640507,6
P15204,8355,X. laevis,5.077844,-0.3401934,3
K7SGN7,8355,X. laevis,5.768374,0.21684103,5
Q9I8W5,8355,X. laevis,8.7590275,3.930772,17
Q6EHH9,8355,X. laevis,7.0152993,0.5142299,14
Q6XQ84,8355,X. laevis,3.95329,0.6447608,5
Q8AXQ4,8355,X. laevis,6.564464,-2.017608,5
Q9PSD8,8355,X. laevis,6.968492,-1.7470527,6
A0A1L8HX76,8355,X. laevis,7.334669,2.322339,7
Q91677,8355,X. laevis,7.206327,-2.1840668,6
Q8UVR3,8355,X. laevis,5.6596007,-0.09271273,4
Q9YHB5,8355,X. laevis,6.77816,2.0491712,4
Q8AV69,8355,X. laevis,5.083362,2.239606,10
P29674,8355,X. laevis,5.7956038,-0.28943965,4
Q6GNT6,8355,X. laevis,4.7798567,3.841162,2
Q66KV4,8355,X. laevis,7.742057,2.717803,7
Q8AV13,8355,X. laevis,6.8134575,2.85352,7
P51128,8355,X. laevis,5.334462,-0.4772566,14
Q7ZXB1,8355,X. laevis,8.713478,3.4802604,12
Q9PVX8,8355,X. laevis,4.811912,2.7026925,10
B9X187,8355,X. laevis,5.921945,3.5448208,3
Q5FWP4,8355,X. laevis,5.9043474,0.71013117,4
Q91790,8355,X. laevis,6.704673,2.0385072,7
O42173,8355,X. laevis,6.5066066,-2.1359646,6
P48597,8355,X. laevis,3.6903222,4.0146236,15
O93352,8355,X. laevis,7.568409,-0.50502455,14
Q7ZX64,8355,X. laevis,4.3959126,3.7977893,2
Q6GLZ5,8355,X. laevis,8.666966,3.3727431,12
Q68FJ0,8355,X. laevis,6.4770713,1.8393569,4
P23437,8355,X. laevis,11.341374,2.5296586,2
O93529,8355,X. laevis,6.635942,-1.8873048,6
O73823,8355,X. laevis,6.2495184,-1.4832485,6
Q2MJB4,8355,X. laevis,6.320445,-1.668167,6
A0A1L8HBI7,8355,X. laevis,5.8484216,-0.0077994964,5
Q6NRV0,8355,X. laevis,7.629074,-0.4253854,14
Q50L39,8355,X. laevis,6.8888927,0.9897225,7
Q6PHW7,8355,X. laevis,11.243667,3.761071,7
Q98SK0,8355,X. laevis,5.7740364,0.749198,4
Q9I8G4,8355,X. laevis,10.041861,-1.9906405,16
Q8QGV2,8355,X. laevis,5.5736837,1.6597966,10
P49739,8355,X. laevis,8.778274,3.42743,12
Q91926,8355,X. laevis,6.4865303,-2.1685553,6
Q5XK83,8355,X. laevis,8.328958,3.4687526,7
O42579,8355,X. laevis,5.7166696,4.150221,3
Q9PUN2,8355,X. laevis,7.3291,1.8114522,3
Q9DF49,8355,X. laevis,6.41614,0.055793863,5
Q32NK7,8355,X. laevis,6.685329,-1.643031,6
Q6GQG6,8355,X. laevis,7.8354225,0.92045486,1
Q9PTN1,8355,X. laevis,10.65271,2.372992,7
Q8AXF4,8355,X. laevis,6.62056,-0.5488515,5
Q6DD04,8355,X. laevis,6.0862937,1.0926801,4
Q7ZT46,8355,X. laevis,6.299857,2.0581052,7
Q63ZQ7,8355,X. laevis,6.1661415,-0.008241492,5
Q9DE46,8355,X. laevis,8.265691,1.8714792,3
Q4JNX8,8355,X. laevis,6.434037,-0.8203747,5
Q6DEB4,8355,X. laevis,5.7925577,1.4378725,4
Q6PA07,8355,X. laevis,3.901018,1.7397102,7
P0DP35,8355,X. laevis,5.7320085,-5.5004506,11
Q8AV66,8355,X. laevis,6.3737817,-1.82569,5
A4FU91,8355,X. laevis,7.2210407,-0.022599474,4
Q66IZ6,8355,X. laevis,7.4797997,2.3751583,7
Q6IRB2,8355,X. laevis,6.224426,-1.7375909,6
Q7SZT9,8355,X. laevis,6.727127,2.1957128,4
Q3KPK4,8355,X. laevis,7.4920063,-0.32265115,14
P47817,8355,X. laevis,5.782487,0.7895405,4
Q00P32,8355,X. laevis,6.1766934,-1.7263371,5
P35567,8355,X. laevis,11.310123,2.5251815,2
Q9DDA3,8355,X. laevis,6.028509,1.5291508,4
Q6GNL4,8355,X. laevis,7.1350656,2.6327374,7
Q7T103,8355,X. laevis,6.625387,-1.8952068,6
Q6DDF4,8355,X. laevis,5.4788404,2.6389253,10
P18248,8355,X. laevis,9.720659,4.0216184,2
Q9YGL1,8355,X. laevis,6.1394134,-0.9146172,5
Q7ZW57,8355,X. laevis,7.716042,-0.29175392,14
Q2PG84,8355,X. laevis,6.836431,-1.8101896,6
Q7T0N9,8355,X. laevis,5.5067787,2.6924126,2
Q5XG46,8355,X. laevis,9.89454,4.393404,11
Q5FWP9,8355,X. laevis,6.539039,0.3410132,5
Q91820,8355,X. laevis,10.671029,2.2205472,3
Q91684,8355,X. laevis,6.0479436,2.009356,4
P05221,8355,X. laevis,7.719178,1.1463604,1
Q91785,8355,X. laevis,7.757004,0.22333975,14
Q90WW4,8355,X. laevis,4.2443414,0.9215611,5
P0DP33,8355,X. laevis,5.72608,-5.5062017,11
P70005,8355,X. laevis,7.1754923,-2.1946619,6
A7XY94,8355,X. laevis,4.5591497,1.8974884,7
Q9DFH4,8355,X. laevis,4.1097317,1.5452855,14
Q8QG92,8355,X. laevis,6.155649,-0.475781,5
A0A0D3QS99,8355,X. laevis,3.9631002,2.8489006,10
Q9W6Z2,8355,X. laevis,8.3290825,3.645384,17
B7ZQA9,8355,X. laevis,6.6037226,-1.9576423,6
Q91912,8355,X. laevis,8.438856,-2.4416404,16
Q8JFZ2,8355,X. laevis,10.376082,4.606993,17
P51142,8355,X. laevis,6.040662,1.002847,4
P79960,8355,X. laevis,12.924769,2.905058,10
Q6GQ04,8355,X. laevis,7.124065,1.1029344,3
Q32N13,8355,X. laevis,3.816365,2.5596738,10
Q6DFL3,8355,X. laevis,7.19673,2.0797176,3
Q9PT61,8355,X. laevis,6.4946957,-2.0084038,6
P70054,8355,X. laevis,9.118801,4.8154974,17
Q91615,8355,X. laevis,6.274596,0.01527449,6
P54824,8355,X. laevis,10.240643,3.0465415,17
A0A1L8HU22,8355,X. laevis,7.346939,0.6639107,3
Q9DE14,8355,X. laevis,8.370239,1.5088229,14
Q2MHQ9,8355,X. laevis,7.432225,1.1901907,3
Q90ZH7,8355,X. laevis,6.6160483,-2.0324557,6
Q3KQ35,8355,X. laevis,6.9148073,-2.1267142,6
Q8AX98,8355,X. laevis,6.3651648,-1.2405407,6
Q6GPW6,8355,X. laevis,9.191964,3.895374,12
Q8UW72,8355,X. laevis,6.189475,-1.6821356,5
Q8AW92,8355,X. laevis,3.7005544,3.8000605,15
O93343,8355,X. laevis,6.074884,-1.3222066,16
P18119,8355,X. laevis,5.080482,-0.32113245,3
P85120,8355,X. laevis,6.675972,0.32198846,5
Q4QXM3,8355,X. laevis,6.520961,2.0023797,4
Q2PYN8,8355,X. laevis,6.7515473,-2.0644913,6
Q6NUA1,8355,X. laevis,8.53092,4.288573,11
A6P7H6,8355,X. laevis,4.292054,1.9791462,3
Q91620,8355,X. laevis,4.174746,1.3517312,3
Q2TAV5,8355,X. laevis,6.118333,1.1531347,4
Q6NUD0,8355,X. laevis,7.8519754,2.3426173,7
Q32NN2,8355,X. laevis,6.8369403,0.13391209,4
Q9DF35,8355,X. laevis,9.306033,2.7533472,3
A0A1L8F5J9,8355,X. laevis,3.5609226,3.9307337,15
Q6INN8,8355,X. laevis,7.5399656,2.6179397,7
Q6WKW9,8355,X. laevis,5.8889027,0.6535283,4
P06180,8355,X. laevis,6.684515,0.0145553555,1
Q98998,8355,X. laevis,3.1376925,-0.95111966,7
D5LMF5,8355,X. laevis,7.329128,-0.4814131,6
A0A1L8H1I9,8355,X. laevis,7.822178,1.3058854,14
P13903,8355,X. laevis,6.3494167,-1.9568337,5
P28025,8355,X. laevis,7.6177707,0.38826656,14
Q5XHF6,8355,X. laevis,5.7447495,2.258792,10
P48533,8355,X. laevis,3.930391,1.8773822,10
Q6ZXA0,8355,X. laevis,4.421307,2.0436227,7
Q5W1J5,8355,X. laevis,6.6481724,-1.5322555,6
P70040,8355,X. laevis,9.089252,4.760278,17
O93509,8355,X. laevis,3.5996768,1.8604301,3
Q91713,8355,X. laevis,3.7758467,1.9740256,7
Q90X64,8355,X. laevis,6.09256,3.3288586,14
Q91603,8355,X. laevis,6.635076,-0.4996872,5
P51644,8355,X. laevis,10.699639,3.8236613,11
Q7ZXE9,8355,X. laevis,6.7113647,1.8855834,4
Q640Z6,8355,X. laevis,7.4492683,-0.42851666,6
Q6GQB5,8355,X. laevis,5.4118032,1.520401,4
P52301,8355,X. laevis,15.187053,2.2474804,17
Q8JHV9,8355,X. laevis,6.9153333,0.99818236,3
Q91628,8355,X. laevis,7.162605,1.5095654,3
Q6VRB0,8355,X. laevis,6.8353434,2.8245034,7
Q6SIX7,8355,X. laevis,3.947232,0.66552776,5
P37137,8355,X. laevis,5.779414,-0.29450038,4
A2RV69,8355,X. laevis,7.9224916,1.4839338,14
P33148,8355,X. laevis,3.1101496,2.0419314,7
Q7ZXH9,8355,X. laevis,5.8328304,1.4001957,4
Q5UE94,8355,X. laevis,8.125056,3.4617755,3
P0CJ62,8355,X. laevis,7.5359945,-1.3366094,16
Q9PTD7,8355,X. laevis,6.7801237,0.46613142,14
Q501Q9,8355,X. laevis,10.712371,2.175324,3
Q09003,8355,X. laevis,6.499636,-0.48353004,5
P86413,8355,X. laevis,6.6176486,-1.5617645,6
A0A1L8GR68,8355,X. laevis,5.6364293,0.6652326,4
Q8AVT9,8355,X. laevis,4.2308426,3.712656,2
Q91903,8355,X. laevis,6.6646395,0.32221106,2
P28026,8355,X. laevis,16.12607,6.463595,12
P55862,8355,X. laevis,8.7398205,3.5370255,17
P21783,8355,X. laevis,4.1400824,1.71758,3
Q2TAD5,8355,X. laevis,12.930221,2.9127448,10
Q5PQ29,8355,X. laevis,7.5381985,0.84736556,14
O13023,8355,X. laevis,6.7145615,-2.0236807,6
Q27IV2,8355,X. laevis,6.4299784,-0.5337875,6
Q9PWR3,8355,X. laevis,6.5130334,-1.9311739,6
A0A1L8FDW4,8355,X. laevis,8.148606,1.3929365,1
Q6DFJ8,8355,X. laevis,6.210941,0.40025234,4
B7XDF1,8355,X. laevis,6.398867,-0.24744456,5
Q90XW6,8355,X. laevis,7.4562545,-1.916294,6
B4ZIX8,8355,X. laevis,3.7673235,3.7698858,15
Q7ZYJ8,8355,X. laevis,7.788518,2.469669,11
Q6GN29,8355,X. laevis,6.326161,2.4234247,7
Q6GNW0,8355,X. laevis,6.976147,0.33329898,14
Q641J8,8355,X. laevis,8.321394,-1.8319396,6
Q90ZB6,8355,X. laevis,6.6875525,-1.7841065,6
Q9IAB2,8355,X. laevis,6.015092,0.8336916,4
B0I1G7,8355,X. laevis,7.01393,-1.7058287,6
P70033,8355,X. laevis,5.2555113,-0.48929587,14
Q9PRJ8,8355,X. laevis,6.549575,-2.1298442,6
P51126,8355,X. laevis,5.456778,1.7440034,4
O93274,8355,X. laevis,5.0048347,4.180079,2
Q68FI1,8355,X. laevis,6.260842,0.23317246,4
Q5HZ83,8355,X. laevis,6.0433927,2.3738759,7
Q98931,9031,G. gallus,3.716768,1.8414787,7
Q9PSP7,9031,G. gallus,8.703862,-2.9660633,16
F1NWT5,9031,G. gallus,9.349282,-5.0436964,5
P79795,9031,G. gallus,3.7379723,1.9592702,7
O42392,9031,G. gallus,5.1798897,-0.3672102,3
F1NGB5,9031,G. gallus,6.7999644,-1.0641569,6
P05300,9031,G. gallus,3.9597912,1.0638456,3
Q90Z45,9031,G. gallus,3.6784568,1.939782,7
A0A1D5NUC4,9031,G. gallus,5.8124437,1.6940807,4
Q6IV18,9031,G. gallus,4.0189166,0.7164149,5
F1NWD0,9031,G. gallus,6.3610125,-0.4819856,6
Q90ZH5,9031,G. gallus,8.855101,2.897088,1
P18944,9031,G. gallus,6.53927,6.953506,11
Q8UW33,9031,G. gallus,5.321737,3.5508082,7
Q5ZI83,9031,G. gallus,7.2594085,0.53919387,14
P40618,9031,G. gallus,10.928455,-6.6850514,1
Q9I8F3,9031,G. gallus,6.5327067,0.6093703,4
Q9PUK2,9031,G. gallus,4.177222,0.90491056,5
F1NTM6,9031,G. gallus,4.388783,2.439809,3
Q90X15,9031,G. gallus,6.2358427,-1.7214724,0
Q9DEA3,9031,G. gallus,9.664801,4.0502434,2
A0A1D5PBF0,9031,G. gallus,4.4286485,1.8826892,3
Q75XU6,9031,G. gallus,9.344458,-5.037722,5
P07341,9031,G. gallus,8.957869,5.249682,17
A0A1D5PMB2,9031,G. gallus,6.0141263,-0.8430802,5
Q6PVZ5,9031,G. gallus,1.7556123,8.729881,1
P26007,9031,G. gallus,3.8669217,2.1741555,7
F1NBD7,9031,G. gallus,11.296481,2.517641,11
Q90752,9031,G. gallus,4.170394,1.4907994,3
H6UQ65,9031,G. gallus,3.6031034,-0.16401468,5
F1P5E1,9031,G. gallus,5.31319,4.249554,7
Q5ZI23,9031,G. gallus,8.999861,4.656409,11
A5HUK9,9031,G. gallus,3.5449677,0.9888273,10
Q7LZ14,9031,G. gallus,7.5565376,2.0502698,12
P02467,9031,G. gallus,2.625596,1.5270255,1
Q9I8C7,9031,G. gallus,3.809239,3.264471,15
Q5F3B5,9031,G. gallus,10.352379,3.9621942,11
C3U1W5,9031,G. gallus,6.133624,-0.78954715,5
P68306,9031,G. gallus,5.07619,-0.32688594,7
Q90YB1,9031,G. gallus,8.205064,3.1525724,17
R4HZM2,9031,G. gallus,2.999451,3.4963105,15
Q8QG61,9031,G. gallus,7.471654,1.3585982,3
Q90955,9031,G. gallus,3.6168795,3.9791656,15
Q789F1,9031,G. gallus,6.6231337,0.3553143,14
E1C3A6,9031,G. gallus,3.9646997,1.7904894,7
Q90923,9031,G. gallus,4.2197037,2.051832,3
Q06BS3,9031,G. gallus,4.26545,1.5218248,3
Q5F378,9031,G. gallus,4.1487293,0.5726307,5
A0A024B7I3,9031,G. gallus,3.5462885,1.9584901,10
Q5KTJ0,9031,G. gallus,8.650439,-2.9445841,16
Q6X0K9,9031,G. gallus,3.625451,0.9080064,3
Q90669,9031,G. gallus,4.1743164,2.8414412,10
D0PRN4,9031,G. gallus,3.7185042,1.2370305,4
P08023,9031,G. gallus,20.421352,4.0799146,2
Q9I8D9,9031,G. gallus,5.0923977,5.044214,2
A0A1D5PFN2,9031,G. gallus,6.1485763,0.2847426,5
P18908,9031,G. gallus,9.371915,-5.0751624,5
A0A1D5P5R0,9031,G. gallus,9.364417,2.927712,12
P09481,9031,G. gallus,2.9337964,2.9121246,7
Q9I9D1,9031,G. gallus,4.323294,3.789497,2
G1K325,9031,G. gallus,6.819036,-1.6001966,6
Q7T2H2,9031,G. gallus,3.8398795,1.487166,3
O57429,9031,G. gallus,8.866667,3.915087,11
Q5UB38,9031,G. gallus,4.193806,0.14179808,14
Q56I98,9031,G. gallus,8.306431,-2.3665752,16
P14791,9031,G. gallus,5.80091,2.0602753,7
Q9PTQ7,9031,G. gallus,6.172898,-1.6887515,6
Q5ZLN1,9031,G. gallus,9.490684,5.530216,2
R4GLE8,9031,G. gallus,4.1983914,3.2633193,10
Q98SR2,9031,G. gallus,5.1871543,4.52887,2
Q9YHC0,9031,G. gallus,6.5892053,-0.44982296,5
Q90WG2,9031,G. gallus,4.473111,3.2339396,15
Q8AV73,9031,G. gallus,5.671576,0.67773914,1
P28497,9031,G. gallus,5.114795,2.9098427,10
Q564K5,9031,G. gallus,16.10092,6.4363103,3
E5KV61,9031,G. gallus,4.0503173,0.7824953,5
Q90633,9031,G. gallus,3.6293645,2.4199643,10
E1BYJ2,9031,G. gallus,6.7922487,2.4604602,7
Q10751,9031,G. gallus,4.493923,2.5462024,17
A8QJE7,9031,G. gallus,12.999222,2.9837987,2
Q9PUA4,9031,G. gallus,6.3885036,0.6725597,4
Q9PUQ7,9031,G. gallus,5.6927023,2.5229883,10
A0A1D5PSF9,9031,G. gallus,5.8633046,2.40596,10
P31696,9031,G. gallus,4.047549,1.8211455,3
P26584,9031,G. gallus,10.925929,-6.6815624,1
P18519,9031,G. gallus,3.7346961,1.2373091,10
Q6J4Y8,9031,G. gallus,7.3856254,-0.16487867,1
F1NEQ2,9031,G. gallus,6.1008825,2.0547116,4
Q9PVT8,9031,G. gallus,7.21817,2.5711603,7
P43233,9031,G. gallus,5.097844,3.4121892,7
Q9W7R5,9031,G. gallus,6.773548,-2.1183307,6
Q90ZF0,9031,G. gallus,11.121428,2.473283,11
F1NPE8,9031,G. gallus,4.185552,2.010738,7
Q8UUW7,9031,G. gallus,6.2857857,0.79586565,4
Q9DEC7,9031,G. gallus,6.379876,-0.506585,6
Q05423,9031,G. gallus,9.761134,4.2375755,11
Q90ZK6,9031,G. gallus,4.201503,2.286533,7
Q04861,9031,G. gallus,7.3670287,1.4148918,3
Q9IA96,9031,G. gallus,3.7928827,2.4573855,10
O57513,9031,G. gallus,4.0614386,3.4783149,15
P28701,9031,G. gallus,5.3148394,-0.51137996,14
Q9DEH4,9031,G. gallus,7.9973536,0.00061714347,14
Q90623,9031,G. gallus,7.5366793,-0.782727,6
F1NUT2,9031,G. gallus,3.8596048,2.086313,4
F6RIN4,9031,G. gallus,7.146795,-0.7470939,5
Q6T7B9,9031,G. gallus,3.005228,3.333522,10
Q5ZMU9,9031,G. gallus,9.03265,3.6641812,11
Q90ZG0,9031,G. gallus,9.890596,4.406525,11
P02607,9031,G. gallus,4.054392,3.8196988,15
Q9PUB4,9031,G. gallus,11.871685,4.820291,2
A0A1D5PPP7,9031,G. gallus,5.1482162,3.3852088,2
P28173,9031,G. gallus,4.506373,3.6456685,2
Q9PSQ5,9031,G. gallus,8.54999,-0.53104633,14
E0AFT5,9031,G. gallus,6.5018644,1.3885906,4
P28238,9031,G. gallus,5.2910533,4.374561,7
A6MCV0,9031,G. gallus,5.7527614,1.097574,4
P00356,9031,G. gallus,9.3686,6.1178975,17
P79761,9031,G. gallus,11.828233,4.784599,2
O73883,9031,G. gallus,4.1874123,0.16470714,14
P15143,9031,G. gallus,6.7449403,-1.4486809,6
Q9I9L8,9031,G. gallus,8.096983,-2.2168796,16
Q90656,9031,G. gallus,4.078266,1.7708496,3
F1NTD3,9031,G. gallus,4.2118526,2.3161693,7
Q3L255,9031,G. gallus,16.131857,6.4659066,17
P07322,9031,G. gallus,9.493054,6.317249,11
A0A1D5NTK5,9031,G. gallus,6.66701,-0.80528086,5
Q91029,9031,G. gallus,16.135605,6.4684396,7
A0A1D5PI24,9031,G. gallus,5.170624,1.9008293,10
Q9PS89,9031,G. gallus,16.129921,6.46501,12
Q90688,9031,G. gallus,5.972816,2.453832,2
Q8JHF6,9031,G. gallus,9.368309,6.284812,11
F1NY98,9031,G. gallus,3.8320336,1.7004963,7
A0A1D5PGJ0,9031,G. gallus,6.0833545,0.5351422,5
K4MNE5,9031,G. gallus,4.177445,0.8946325,5
F1NXU8,9031,G. gallus,5.074765,4.431695,10
P09654,9031,G. gallus,1.7554644,8.731785,1
P01005,9031,G. gallus,4.4246044,1.6088824,3
Q7T110,9031,G. gallus,4.2075024,0.1696315,14
P09572,9031,G. gallus,5.685578,6.4782677,2
Q90874,9031,G. gallus,3.5484767,1.0571805,7
A0A1D5PBZ7,9031,G. gallus,5.856788,3.1719759,7
R4GLV5,9031,G. gallus,5.3665137,1.4482459,4
F1P0P6,9031,G. gallus,8.013041,-2.1262395,16
F1NWM4,9031,G. gallus,3.6395772,0.8574245,5
F1NWE3,9031,G. gallus,3.966619,1.9332371,7
U3NEE3,9031,G. gallus,6.8713446,1.3641105,3
Q8QG62,9031,G. gallus,7.118563,-2.0072112,6
E1BYE9,9031,G. gallus,5.6517906,4.6082544,7
F1NYE9,9031,G. gallus,7.455052,1.3792837,3
Q9PRP6,9031,G. gallus,8.650227,-2.8501105,16
P01013,9031,G. gallus,4.2470193,2.2767987,2
Q5ZMB9,9031,G. gallus,10.784328,2.581356,2
A0A3Q2UBM5,9031,G. gallus,6.0968914,0.428546,5
C4P6Q0,9031,G. gallus,6.525971,1.392166,4
Q5ZLC5,9031,G. gallus,8.293897,5.4620066,12
Q8UW76,9031,G. gallus,6.352009,-0.8753511,6
A0A1D5P556,9031,G. gallus,7.198905,1.8088812,3
Q9DER5,9031,G. gallus,4.4041758,1.5764506,3
Q5ZMU3,9031,G. gallus,9.210747,6.0404835,11
F1P1D3,9031,G. gallus,3.1629028,2.0195136,7
P08317,9031,G. gallus,3.8365843,1.3860245,10
B0FLN7,9031,G. gallus,3.688094,-0.10108381,5
P62801,9031,G. gallus,8.429592,-7.354921,12
Q05705,9031,G. gallus,17.133417,-4.3310723,14
E5KV57,9031,G. gallus,4.0822406,0.7242713,5
F1NPL8,9031,G. gallus,10.876796,2.2432806,3
P35431,9031,G. gallus,5.50301,3.1795955,4
P24367,9031,G. gallus,11.289034,6.234398,11
Q7T2T1,9031,G. gallus,6.352747,0.60032415,15
Q92063,9031,G. gallus,6.3822165,0.22162807,5
F6SU23,9031,G. gallus,3.9362597,2.9834375,10
Q05502,9031,G. gallus,6.375098,-1.8571073,6
O73665,9031,G. gallus,1.754416,8.732433,1
P08106,9031,G. gallus,9.809611,4.193738,11
Q6XBN7,9031,G. gallus,7.347971,-0.00062877906,1
Q5ZMQ7,9031,G. gallus,6.7281666,-0.46473515,5
Q5ZIV9,9031,G. gallus,6.0677457,2.601906,2
B4ER10,9031,G. gallus,3.8367908,0.020814052,5
E3VVZ8,9031,G. gallus,5.5249057,4.498327,2
Q90WR7,9031,G. gallus,6.4976325,-1.4580673,1
P35001,9031,G. gallus,6.775282,-0.81209123,1
A4VAR9,9031,G. gallus,4.296813,1.3831154,1
Q90998,9031,G. gallus,4.2119927,0.8546098,5
Q5ZIZ4,9031,G. gallus,3.9727585,3.8673553,15
Q6XLQ0,9031,G. gallus,6.2361765,-1.7328314,6
P79772,9031,G. gallus,6.3687134,-1.6501846,6
P79760,9031,G. gallus,11.8166685,4.764451,2
P16419,9031,G. gallus,5.9434648,2.4555418,2
P38529,9031,G. gallus,6.3177967,0.3904949,1
Q4LDF5,9031,G. gallus,3.8336306,2.05582,7
Q90607,9031,G. gallus,3.7034395,2.1685677,7
Q8AYP7,9031,G. gallus,8.921117,4.0790453,17
P47990,9031,G. gallus,9.064248,5.0478654,17
P60878,9031,G. gallus,4.949147,2.892898,2
P63283,9031,G. gallus,13.75361,6.2816834,17
P48434,9031,G. gallus,6.841987,-1.9064162,6
P80566,9031,G. gallus,7.7470675,4.546199,17
Q90WU0,9031,G. gallus,6.9088974,1.0120184,3
Q90660,9031,G. gallus,6.930698,1.053038,3
Q04929,9031,G. gallus,10.112252,2.2593327,7
Q9PU41,9031,G. gallus,9.391167,-5.0967216,4
A7Y7W3,9031,G. gallus,6.5249896,-2.142693,6
Q0ZM14,9031,G. gallus,3.8260307,3.086131,10
F1P4H2,9031,G. gallus,3.8467245,2.0626514,4
E1BSN7,9031,G. gallus,8.246557,6.7578,12
O42254,9031,G. gallus,6.8965974,0.33166078,7
Q00944,9031,G. gallus,6.1319604,1.7293891,7
H6UQ62,9031,G. gallus,3.6427917,-0.12654203,5
O13111,9031,G. gallus,8.177671,-2.2438362,16
Q9DG23,9031,G. gallus,4.753324,3.1531193,10
Q2AB81,9031,G. gallus,3.273533,-0.7528963,7
Q4KS30,9031,G. gallus,3.8724146,1.3454592,7
O42288,9031,G. gallus,4.217921,0.13475156,14
A0A1D5PVE2,9031,G. gallus,5.3046227,-0.5025324,14
P79781,9031,G. gallus,6.521962,2.2071946,2
P05094,9031,G. gallus,6.2793765,2.5066898,2
Q6B0K7,9031,G. gallus,4.02939,0.8300019,5
P08110,9031,G. gallus,9.362409,2.7895339,12
P18870,9031,G. gallus,5.791885,1.1123886,4
A9YZQ5,9031,G. gallus,3.1286514,-0.9531156,7
P43691,9031,G. gallus,7.282043,-2.1515377,6
Q9IAL7,9031,G. gallus,5.490894,4.555767,7
Q4R0X9,9031,G. gallus,4.142096,1.9530505,7
Q5ILH0,9031,G. gallus,5.2878385,-0.51644224,14
Q8AWW2,9031,G. gallus,3.166926,2.025832,7
Q5ZJT4,9031,G. gallus,8.965424,3.105501,17
Q3MUH5,9031,G. gallus,6.05127,1.9414815,7
Q9I969,9031,G. gallus,6.5412173,0.11379567,5
O93345,9031,G. gallus,6.827986,-1.9571211,6
Q9PVG4,9031,G. gallus,6.3097315,-1.928662,6
Q90922,9031,G. gallus,4.1787896,2.0292048,3
P37042,9031,G. gallus,2.965046,3.2873695,10
Q5ZMN5,9031,G. gallus,6.702489,-1.8034904,6
P68497,9031,G. gallus,7.713799,3.167136,17
P83308,9031,G. gallus,8.441884,-3.1906955,14
P19204,9031,G. gallus,4.7249722,1.6703422,7
P07812,9031,G. gallus,6.166546,-1.5146419,6
P79774,9031,G. gallus,5.4203987,1.8477712,10
P57074,9031,G. gallus,6.7329206,-1.9563702,6
Q4W5Z4,9031,G. gallus,3.6253643,3.9547765,15
P04354,9031,G. gallus,5.7855105,-5.4134583,7
P79762,9031,G. gallus,4.0709476,1.7152877,3
F1NW90,9031,G. gallus,6.413661,0.25255027,5
P28568,9031,G. gallus,4.9527965,5.19024,2
Q90933,9031,G. gallus,3.9363441,1.8254906,7
R4GK65,9031,G. gallus,5.5523214,3.2174048,4
A0A077K956,9031,G. gallus,3.1334429,-0.9507392,7
H6UQ66,9031,G. gallus,3.60947,-0.15879987,5
Q90763,9031,G. gallus,3.1669648,2.034236,7
F1NB68,9031,G. gallus,7.3259115,0.070456505,1
P46158,9031,G. gallus,4.05031,0.7223835,5
P15340,9031,G. gallus,7.7487874,-1.2426767,6
P70069,9031,G. gallus,3.6841798,0.98225474,4
A0A1D5PRD7,9031,G. gallus,6.5300756,-1.4899154,6
Q90979,9031,G. gallus,5.895654,0.9623386,4
A0A1D5PEN8,9031,G. gallus,6.1632643,-0.96562356,6
A0A1D5PC94,9031,G. gallus,6.467476,0.13926876,14
P48143,9031,G. gallus,9.345243,-5.0367646,5
Q90674,9031,G. gallus,3.5138843,1.7768192,10
Q9I8J4,9031,G. gallus,7.836409,0.053951055,14
A0A1D5NTS2,9031,G. gallus,8.672015,4.501153,11
Q7SX63,9031,G. gallus,9.839036,4.180159,11
Q64EU6,9031,G. gallus,3.934597,1.3201895,4
F1P0Q4,9031,G. gallus,6.534582,0.124942414,5
Q5ZKL9,9031,G. gallus,8.461896,-2.4725997,16
Q76I90,9031,G. gallus,7.3199887,1.2064424,14
P11183,9031,G. gallus,4.5137925,3.4646096,15
P12105,9031,G. gallus,2.6268177,1.5250924,1
Q98SN3,9031,G. gallus,6.1958394,-1.2895966,6
Q0GGW5,9031,G. gallus,3.9335208,3.3948524,15
Q07718,9031,G. gallus,7.560467,-0.27908093,14
F1N973,9031,G. gallus,5.5783195,0.9586896,4
P22770,9031,G. gallus,3.0725267,2.958161,2
P19352,9031,G. gallus,17.133766,-4.3313265,14
P55807,9031,G. gallus,4.317681,1.1738153,7
P50478,9031,G. gallus,5.216133,1.9587308,10
Q90ZH6,9031,G. gallus,6.258399,-1.4745008,6
Q9DDT2,9031,G. gallus,6.9536705,0.6861178,14
F1NC42,9031,G. gallus,6.485231,-1.9664669,6
P18254,9031,G. gallus,2.9041305,3.4097023,10
H6UQ70,9031,G. gallus,9.389266,-5.0910597,5
Q8JG54,9031,G. gallus,3.9860754,2.795967,10
P0CG62,9031,G. gallus,12.115523,0.19997819,2
F1NBU2,9031,G. gallus,5.510392,0.6292904,5
C8CLK2,9031,G. gallus,4.4268327,0.22966826,16
P0C7A1,9031,G. gallus,6.614415,1.6345203,3
Q9DE09,9031,G. gallus,6.0952697,-1.6507639,5
E1C7U0,9031,G. gallus,8.095288,-2.5020816,16
P23825,9031,G. gallus,7.0530167,-2.2424939,6
G3CUT1,9031,G. gallus,8.231794,-4.045103,9
H6UQ69,9031,G. gallus,9.389268,-5.092307,5
P46156,9031,G. gallus,3.9885342,0.753054,5
P23824,9031,G. gallus,6.9890428,-2.2564394,6
Q9PSP5,9031,G. gallus,8.717963,-3.1284838,9
P49288,9031,G. gallus,3.1734254,-0.9354045,7
P00504,9031,G. gallus,4.5536475,3.8610263,2
Q8JHU1,9031,G. gallus,5.064342,-0.35791904,3
P56520,9031,G. gallus,8.757289,4.097901,17
P09324,9031,G. gallus,10.772577,2.5637875,2
Q5QGZ1,9031,G. gallus,5.892359,0.56393325,4
P21804,9031,G. gallus,4.1195135,1.9840151,7
Q8AYI3,9031,G. gallus,8.820922,5.399809,17
Q04205,9031,G. gallus,6.2058644,0.23827384,5
P02259,9031,G. gallus,7.518512,-0.8537304,1
P02542,9031,G. gallus,1.7541486,8.732665,1
F1NVW1,9031,G. gallus,12.934688,2.9177177,10
Q5ZL72,9031,G. gallus,8.542855,5.4534416,17
P28693,9031,G. gallus,4.139336,2.0084946,7
Q07496,9031,G. gallus,4.117266,2.0989661,7
P17251,9031,G. gallus,9.331472,-5.017426,5
H6UQ63,9031,G. gallus,3.6145604,-0.1546983,5
Q9YHY9,9031,G. gallus,9.186668,4.9526196,17
F1NT18,9031,G. gallus,11.693121,4.7651563,11
Q90881,9031,G. gallus,5.836484,-0.311152,3
A0A068Q816,9031,G. gallus,7.2503023,2.3748348,3
Q8AWB8,9031,G. gallus,8.040315,2.1180437,7
Q5ZMA3,9031,G. gallus,6.4706535,0.4978991,10
P04625,9031,G. gallus,5.030847,-0.30400968,3
F1NHX1,9031,G. gallus,7.3041205,2.443613,3
P00940,9031,G. gallus,9.638411,5.696067,2
D8UWE0,9031,G. gallus,3.8902905,0.14070703,5
Q90855,9031,G. gallus,4.891905,4.1352224,7
E1C9C6,9031,G. gallus,7.252415,-2.183358,6
H6ULX1,9031,G. gallus,3.6022956,-0.16576366,5
F1NLX8,9031,G. gallus,6.2462063,-1.366601,6
Q5ZMJ6,9031,G. gallus,11.810289,5.5860386,15
Q76F78,9031,G. gallus,5.9485955,1.5762732,4
Q6XXM1,9031,G. gallus,8.427894,-7.3547897,5
O57392,9031,G. gallus,6.265486,-0.7832451,5
Q788Q8,9031,G. gallus,9.160634,5.201657,17
P38531,9031,G. gallus,6.3119955,0.15665033,5
A0A1D5PFK3,9031,G. gallus,4.3556747,1.4184408,1
Q5ZIH3,9031,G. gallus,5.4998035,3.627213,10
Q91049,9031,G. gallus,6.0399303,3.472232,1
A0A140T8F5,9031,G. gallus,3.5860221,0.8835417,7
Q9PTD5,9031,G. gallus,5.9917727,0.4433742,5
P49337,9031,G. gallus,16.126883,6.462503,17
A5HNF6,9031,G. gallus,6.330391,1.7554622,7
P00565,9031,G. gallus,4.3929453,3.723297,2
Q703P0,9031,G. gallus,9.40111,-5.1080585,5
Q2TV23,9031,G. gallus,7.453479,1.3715764,3
Q04584,9031,G. gallus,6.016532,0.24920124,4
Q5ZKE6,9031,G. gallus,7.601107,-0.5536595,14
Q5ZMN0,9031,G. gallus,6.3717732,1.6113043,7
Q1KMD4,9031,G. gallus,4.379884,0.23056713,16
P08125,9031,G. gallus,2.6898272,1.5221833,1
Q9DEB8,9031,G. gallus,16.12241,6.4599195,17
Q90751,9031,G. gallus,4.17536,1.528985,3
O93467,9031,G. gallus,2.951732,5.0865593,2
Q6UG49,9031,G. gallus,4.245062,0.19383173,14
A1DYI3,9031,G. gallus,3.5312717,3.8192255,15
O73691,9031,G. gallus,7.0664496,-1.9033914,6
Q9I9E2,9031,G. gallus,6.2169876,-1.2394854,6
Q0GMA8,9031,G. gallus,4.744128,4.391419,2
E1C8P7,9031,G. gallus,3.8900294,1.6283939,7
P26153,9031,G. gallus,2.9431098,2.9254124,2
P05083,9031,G. gallus,9.115173,6.130609,11
Q90WF1,9031,G. gallus,7.2130446,2.6416707,17
Q8JJ00,9031,G. gallus,4.2051687,0.15354662,14
E1BUG7,9031,G. gallus,6.4096246,-0.17017977,6
P41366,9031,G. gallus,4.1144223,2.157161,7
P98165,9031,G. gallus,3.7472887,1.8010728,7
P79784,9031,G. gallus,4.3176165,2.456195,7
Q9I993,9031,G. gallus,9.019398,4.4436016,17
F1NZE9,9031,G. gallus,11.738807,4.755367,2
F1NLP2,9031,G. gallus,8.9155655,3.4029765,12
Q9I871,9031,G. gallus,8.432445,-3.7398586,9
Q91035,9031,G. gallus,6.108121,3.1120849,7
F1NWN4,9031,G. gallus,3.5817134,1.9160048,10
Q9YHT1,9031,G. gallus,9.226768,5.456269,11
F5HN09,9031,G. gallus,4.3955035,-1.7527388,7
H9KZU7,9031,G. gallus,5.1530385,0.93926734,4
P56517,9031,G. gallus,8.738014,4.0212464,17
Q5WA51,9031,G. gallus,3.9381022,2.9938753,10
H6UQ76,9031,G. gallus,9.387967,-5.091347,5
Q5ZJE0,9031,G. gallus,6.5300393,-0.5397534,5
Q9YIC3,9031,G. gallus,3.8062272,2.6720464,10
P51903,9031,G. gallus,9.704735,5.6649857,11
A0A1D5P5P2,9031,G. gallus,5.7701087,-1.5281595,5
Q9DF77,9031,G. gallus,6.844302,-1.5568014,6
A0A1D5P7D9,9031,G. gallus,3.1031291,3.5698974,15
A0A1D5NY17,9031,G. gallus,4.2531586,3.1878293,10
P02604,9031,G. gallus,5.7955112,-5.4134827,11
R4GI90,9031,G. gallus,4.100644,0.7596224,5
Q90YI1,9031,G. gallus,4.0323577,0.7943119,5
Q9I9P2,9031,G. gallus,8.307735,-2.4568968,16
Q27J90,9031,G. gallus,4.2570395,1.2515036,14
Q5GR02,9031,G. gallus,3.5693629,1.6566114,7
Q5ZME4,9031,G. gallus,8.191232,6.735793,12
F1NHE9,9031,G. gallus,5.493037,3.8745334,7
F1P3J5,9031,G. gallus,4.731195,3.800124,15
B8YLW8,9031,G. gallus,3.1298637,-0.94077855,7
Q5MNV6,9031,G. gallus,5.6527114,4.1287575,7
Q805F9,9031,G. gallus,7.4981356,2.4091988,7
P83145,9031,G. gallus,8.415891,5.5323753,12
Q9DE64,9031,G. gallus,4.6579146,2.9180589,10
Q2XP49,9031,G. gallus,4.5798545,1.730724,3
Q9DDC9,9031,G. gallus,12.935762,2.9214683,10
Q6A2H4,9031,G. gallus,3.637265,-0.1416917,5
O42486,9031,G. gallus,3.8094537,3.7055225,15
Q95601,9031,G. gallus,3.1691327,1.0029655,7
Q5ZHQ3,9031,G. gallus,8.569761,6.5450487,12
P79987,9031,G. gallus,4.8910313,2.9206526,10
Q5ZHL1,9031,G. gallus,8.299758,4.773856,2
Q9I8F4,9031,G. gallus,4.7989626,2.914198,10
Q5I1Y9,9031,G. gallus,5.1507115,2.3563538,10
F1P3Y2,9031,G. gallus,12.85708,3.1510663,15
O42220,9031,G. gallus,4.3192225,1.5204636,3
Q9W6N2,9031,G. gallus,8.294077,-2.3013976,16
P79765,9031,G. gallus,6.323536,-1.835774,6
F1P1D4,9031,G. gallus,3.1751885,2.0319402,7
F1DFL1,9031,G. gallus,2.9628303,3.461052,15
P0DJH6,9031,G. gallus,5.6578307,2.4884648,2
Q9YH58,9031,G. gallus,8.958517,5.615695,11
F1NBL0,9031,G. gallus,3.5894163,3.8174841,15
Q8AYC6,9031,G. gallus,9.024837,4.7729673,17
Q90YA3,9031,G. gallus,8.848248,5.1828666,11
P79777,9031,G. gallus,6.3174777,-1.337976,6
Q5ZK76,9031,G. gallus,5.680226,3.4708998,7
P08998,9031,G. gallus,3.631244,-0.1385415,5
F1NWE9,9031,G. gallus,5.1231003,-0.35639182,3
Q2ACD8,9031,G. gallus,9.386807,-5.0898986,5
E2IFI5,9031,G. gallus,3.156059,3.5542552,15
Q9PU44,9031,G. gallus,11.676878,4.7655573,11
P35331,9031,G. gallus,3.5259728,1.8898499,2
F1NHC7,9031,G. gallus,4.191868,2.0451207,7
P19098,9031,G. gallus,11.328999,4.609216,12
P48435,9031,G. gallus,6.465645,-1.7683641,6
F2XNG5,9031,G. gallus,3.9799633,0.9836964,4
B4Z8L9,9031,G. gallus,8.61446,-2.8300118,9
P09206,9031,G. gallus,-3.4778209,1.6114389,12
Q9PWB0,9031,G. gallus,4.1886206,0.8855841,5
P81475,9031,G. gallus,4.063521,0.9901289,5
O93436,9031,G. gallus,7.964906,0.8027195,14
Q9YH14,9031,G. gallus,6.386961,2.263133,10
P68139,9031,G. gallus,20.421432,4.0799065,2
P02612,9031,G. gallus,5.792048,-5.4254737,17
P01038,9031,G. gallus,3.9355028,1.4028503,7
Q6GXJ1,9031,G. gallus,4.0073457,0.7202569,5
C5J073,9031,G. gallus,2.8971224,3.41235,10
Q9W7C5,9031,G. gallus,4.1693683,0.7472071,5
Q8QGC7,9031,G. gallus,13.011881,2.9873993,10
B5M4C4,9031,G. gallus,3.6480625,-0.12350435,5
F1NT98,9031,G. gallus,5.498571,2.4463532,10
Q5F354,9031,G. gallus,8.693414,2.3535335,12
Q2IAL7,9031,G. gallus,3.9840033,1.0403918,4
R4GI14,9031,G. gallus,5.792353,0.55765593,5
Q5ZLF4,9031,G. gallus,5.6146593,3.6878164,7
Q27J91,9031,G. gallus,4.289686,1.2731267,14
P42324,9031,G. gallus,5.784583,-5.423098,7
Q07883,9031,G. gallus,10.805314,2.7440345,2
Q7T1F6,9031,G. gallus,3.3594563,4.2598825,15
Q5GQ97,9031,G. gallus,3.5454886,1.9736857,10
F1NW42,9031,G. gallus,7.496304,-0.62629306,16
P07228,9031,G. gallus,4.455226,2.3457716,17
E1C3S7,9031,G. gallus,5.906198,0.66901004,4
Q9DDZ6,9031,G. gallus,8.545319,5.152041,11
Q64HY5,9031,G. gallus,6.667402,-2.0395823,6
P09531,9031,G. gallus,3.7846322,2.1547983,4
Q8QGW7,9031,G. gallus,5.5460615,2.5783033,2
Q8QFT4,9031,G. gallus,11.727049,4.7238293,2
P56519,9031,G. gallus,8.710754,4.0438056,17
Q5ZIA4,9031,G. gallus,5.2580123,3.518713,7
P55806,9031,G. gallus,4.32495,1.1513602,7
P08250,9031,G. gallus,6.216462,0.8545634,1
P53352,9031,G. gallus,6.7475457,-0.3275959,5
Q5ZLJ0,9031,G. gallus,11.283734,2.4986632,2
Q92076,9031,G. gallus,5.716359,2.2591918,10
Q9PSS5,9031,G. gallus,7.6516604,-1.303534,6
I2E112,9031,G. gallus,3.1373582,-0.94795305,17
Q3C1E9,9031,G. gallus,8.662254,-1.5474427,16
O42273,9031,G. gallus,4.2571325,0.9687175,14
Q64HY4,9031,G. gallus,6.5398946,-1.4046894,5
Q90WF0,9031,G. gallus,7.211768,2.5761294,17
Q9W6Q4,9031,G. gallus,8.391718,-2.5182953,16
Q5ZME2,9031,G. gallus,9.106217,5.4544888,11
Q52P71,9031,G. gallus,6.7759213,3.300432,12
Q6PVZ1,9031,G. gallus,1.754664,8.731853,1
Q5R1S9,9031,G. gallus,5.6871157,2.3741944,10
Q9I9P1,9031,G. gallus,8.318746,-2.4396632,16
Q9IBA7,9031,G. gallus,3.7033722,0.76926756,5
P17790,9031,G. gallus,3.5295823,1.7624661,7
Q5ZJJ2,9031,G. gallus,9.363621,3.823905,2
Q90578,9031,G. gallus,6.6227183,3.0463753,7
F1NBV0,9031,G. gallus,8.585677,5.403916,2
O42479,9031,G. gallus,8.679818,4.8009105,7
Q6T7C0,9031,G. gallus,3.0868306,3.5038786,15
Q91006,9031,G. gallus,6.1720767,2.1815617,4
Q76KB1,9031,G. gallus,4.6157374,2.6930428,10
A0A1D5NXF3,9031,G. gallus,6.4567127,-1.6093566,6
Q9I8D2,9031,G. gallus,6.44686,1.3998778,4
P36381,9031,G. gallus,5.8662567,3.4701219,14
C6KJC5,9031,G. gallus,4.414448,0.22436799,16
Q90748,9031,G. gallus,7.13958,2.1533735,11
P63247,9031,G. gallus,7.719051,2.4970942,11
Q9YHD2,9031,G. gallus,7.1605983,0.2018587,5
Q90830,9031,G. gallus,5.054395,1.8142171,14
Q9YH06,9031,G. gallus,10.927835,-6.683963,1
Q2XQ10,9031,G. gallus,3.6727822,1.5933772,3
Q5F3X1,9031,G. gallus,10.756415,2.5611212,2
J3QLU0,9606,H. sapiens,8.489071,-2.1484761,16
A0A140VK14,9606,H. sapiens,8.341493,5.200424,11
Q96T51,9606,H. sapiens,6.325623,0.8056678,5
Q03933,9606,H. sapiens,6.446516,0.18981585,14
O60939,9606,H. sapiens,3.970321,2.9564145,10
O95497,9606,H. sapiens,4.364768,2.6128812,7
Q9NX24,9606,H. sapiens,4.510415,3.7899642,2
Q9NZV1,9606,H. sapiens,3.816754,1.7385454,4
M0R0X3,9606,H. sapiens,6.532541,0.4437696,5
Q9BU23,9606,H. sapiens,4.512759,2.6092894,4
P12830,9606,H. sapiens,3.197641,2.1749117,10
Q58F21,9606,H. sapiens,6.7665057,-0.5637211,6
P12277,9606,H. sapiens,4.1754303,3.828249,15
O43424,9606,H. sapiens,4.4399486,2.0209966,3
P63220,9606,H. sapiens,3.5030715,4.1768823,15
Q16143,9606,H. sapiens,8.153561,-0.8569601,14
B1AL88,9606,H. sapiens,4.459893,1.0545344,4
Q5VU21,9606,H. sapiens,7.5512986,-0.21307737,1
I3L4Y9,9606,H. sapiens,4.481503,3.8264575,2
A0A0S2Z5B5,9606,H. sapiens,6.7530346,0.31841287,3
Q9Y3L3,9606,H. sapiens,5.7387996,1.4813797,4
P42768,9606,H. sapiens,7.0512843,0.24670634,1
Q17RY0,9606,H. sapiens,9.53317,-1.746185,6
Q13591,9606,H. sapiens,3.710989,2.522457,10
Q8NEV9,9606,H. sapiens,3.9170878,0.06122579,5
Q96HP8,9606,H. sapiens,4.795666,0.8042542,5
P02730,9606,H. sapiens,5.5024943,4.389201,17
Q5T8R3,9606,H. sapiens,4.670178,4.668195,2
Q96G97,9606,H. sapiens,4.334815,2.8912508,10
Q6IQ32,9606,H. sapiens,5.9307313,0.12037289,5
A0A024R8U8,9606,H. sapiens,6.4577518,3.5874658,7
P30049,9606,H. sapiens,8.942251,4.5942826,11
E9PQA6,9606,H. sapiens,5.7489505,0.7246773,4
P0CK97,9606,H. sapiens,4.3321314,2.8616405,10
A0A494C1N1,9606,H. sapiens,4.338151,3.341781,10
Q6FHG5,9606,H. sapiens,8.157662,-0.8739427,14
I3L3B0,9606,H. sapiens,8.411911,2.160684,12
P42226,9606,H. sapiens,4.896354,2.3444722,10
Q15345,9606,H. sapiens,5.1935625,0.60290927,5
O94818,9606,H. sapiens,7.1378593,-0.8766197,6
A0A0B4J1S1,9606,H. sapiens,5.027216,0.7246292,5
Q16740,9606,H. sapiens,8.585326,4.6614785,11
Q4AC94,9606,H. sapiens,5.661088,0.5988774,5
Q5JX44,9606,H. sapiens,7.233476,2.7953951,11
Q4G148,9606,H. sapiens,4.856781,1.8917187,3
K7ESG8,9606,H. sapiens,9.039638,4.941824,17
P10144,9606,H. sapiens,3.7156856,2.3675363,10
P52298,9606,H. sapiens,7.6265388,0.082959875,3
O60682,9606,H. sapiens,6.238706,-1.7315154,5
Q9BWM7,9606,H. sapiens,7.693296,2.9928992,12
P47813,9606,H. sapiens,3.3847637,4.2495255,15
Q9Y6I3,9606,H. sapiens,7.3046584,0.03649135,1
O14958,9606,H. sapiens,4.759357,1.6462373,7
Q6PJI9,9606,H. sapiens,6.3867726,1.7162337,4
Q9Y3Y4,9606,H. sapiens,6.580955,-1.6759447,6
U3KQ96,9606,H. sapiens,6.37227,-1.4630961,6
A0A024R4E2,9606,H. sapiens,6.076263,1.3306371,10
Q32MZ4,9606,H. sapiens,6.187031,-0.75015086,5
M0R102,9606,H. sapiens,5.8618846,2.1486723,10
A0A2R8YGN6,9606,H. sapiens,7.918811,0.79882157,14
O43657,9606,H. sapiens,5.4913874,4.4713116,17
A0A3B3IT55,9606,H. sapiens,5.9013834,0.31757244,5
Q9P0J1,9606,H. sapiens,5.2523613,2.7133918,10
Q9NY99,9606,H. sapiens,6.21263,1.5501263,7
Q9ULV3,9606,H. sapiens,6.0857177,-0.84033436,5
Q708E9,9606,H. sapiens,6.897217,-1.1358509,6
A0A024RAJ3,9606,H. sapiens,5.839373,1.4997526,4
Q96R54,9606,H. sapiens,14.236711,12.723023,2
Q96B67,9606,H. sapiens,6.0408096,2.1677296,7
P28336,9606,H. sapiens,13.000061,3.0023298,15
X6R4W8,9606,H. sapiens,6.8505483,-0.8338276,1
Q8WWV6,9606,H. sapiens,5.7328267,-1.2304742,5
Q12959,9606,H. sapiens,4.232817,3.3393617,15
E9PHF7,9606,H. sapiens,9.100218,5.3559866,17
Q8N9E0,9606,H. sapiens,7.3825655,-0.78482795,6
A0A087WYZ1,9606,H. sapiens,8.746002,5.217458,11
Q15834,9606,H. sapiens,5.055776,0.72523415,5
O75173,9606,H. sapiens,3.9497252,2.3810842,7
Q86Y39,9606,H. sapiens,7.662656,3.041754,12
P07437,9606,H. sapiens,-3.4773006,1.6120877,12
O75914,9606,H. sapiens,10.396079,2.0887191,3
Q9BQ65,9606,H. sapiens,4.6077595,2.8697276,10
O15375,9606,H. sapiens,4.5130825,4.423428,15
Q9NV06,9606,H. sapiens,7.5631685,2.487433,11
Q8TD22,9606,H. sapiens,3.7322721,3.862475,15
F8W061,9606,H. sapiens,9.22966,6.2440863,17
A0A075B6S6,9606,H. sapiens,3.3678374,0.96917665,10
I3L2N2,9606,H. sapiens,6.0660915,0.99334097,4
A0A1W2PNS7,9606,H. sapiens,6.595218,-1.9975592,6
Q8N0U1,9606,H. sapiens,5.649404,-1.6941168,9
O43521,9606,H. sapiens,5.4495225,0.89005864,4
Q8N0Z8,9606,H. sapiens,5.4542656,2.1556766,10
Q15302,9606,H. sapiens,7.279943,-0.74742454,6
Q13876,9606,H. sapiens,5.613887,-1.5590478,5
Q9UBI4,9606,H. sapiens,7.309154,1.1749003,3
A0A024R415,9606,H. sapiens,6.604218,1.9711714,3
Q9UBX2,9606,H. sapiens,5.7554994,-1.3005631,5
A0A2R8YEH2,9606,H. sapiens,8.577508,-2.6944427,16
A0A024R1S2,9606,H. sapiens,6.8095965,1.718078,7
A0A090N7W4,9606,H. sapiens,11.319184,2.532836,11
Q5T481,9606,H. sapiens,6.196648,-1.0733515,5
Q9Y6X5,9606,H. sapiens,4.9791493,3.0476863,7
B3KN02,9606,H. sapiens,8.124146,1.6047679,14
P68106,9606,H. sapiens,9.8684845,4.3841066,11
C9JCS7,9606,H. sapiens,6.914271,1.6665199,3
Q86XT2,9606,H. sapiens,4.9971147,0.857353,4
A0AVK6,9606,H. sapiens,5.8623314,0.3370646,5
Q6FHJ7,9606,H. sapiens,3.7926798,2.4606485,10
Q92574,9606,H. sapiens,5.99963,0.59720725,5
Q8NHX9,9606,H. sapiens,4.1314797,3.1349852,15
P56749,9606,H. sapiens,5.8344383,3.5956364,3
Q8IYJ0,9606,H. sapiens,5.694581,-1.245236,5
Q8IY40,9606,H. sapiens,4.4383864,2.1211958,3
Q9P2C4,9606,H. sapiens,5.1249013,2.9066005,4
Q7Z7A3,9606,H. sapiens,9.222105,7.7793193,8
B2RNB2,9606,H. sapiens,4.415719,1.9555323,3
E5RFM9,9606,H. sapiens,6.0969825,-0.8605023,16
P18206,9606,H. sapiens,8.6767235,1.6823742,1
Q8IVH2,9606,H. sapiens,6.3852644,-1.4502982,6
M0R1W4,9606,H. sapiens,5.615573,-1.6704257,9
Q969W8,9606,H. sapiens,12.390022,-4.004596,5
Q5T749,9606,H. sapiens,7.4857035,-1.6620381,6
Q7Z4H9,9606,H. sapiens,5.599973,-1.6751999,9
Q9NPP4,9606,H. sapiens,6.702406,1.3554441,3
A0A2R8YFN1,9606,H. sapiens,6.2457695,-0.09532218,5
Q8TBE0,9606,H. sapiens,5.775607,-1.2252207,5
A7E2U8,9606,H. sapiens,8.168933,-1.5637463,16
A0A3B3ITD0,9606,H. sapiens,4.495064,2.9817655,10
O15182,9606,H. sapiens,5.759724,-5.466019,7
H7C101,9606,H. sapiens,8.513333,-2.9461892,9
H3BMI0,9606,H. sapiens,8.679743,-2.2525802,16
Q9H832,9606,H. sapiens,6.1726274,1.4074333,4
Q8IZA0,9606,H. sapiens,3.7586467,1.273027,3
Q16627,9606,H. sapiens,3.8818195,1.419959,7
Q24JT5,9606,H. sapiens,6.022842,2.3601756,7
Q6UN15,9606,H. sapiens,7.703528,-0.9323413,6
Q9H361,9606,H. sapiens,7.0369062,0.09530833,3
Q8WV22,9606,H. sapiens,8.830218,3.0651033,12
G3V2Q3,9606,H. sapiens,3.4788404,4.188052,15
Q9BVU3,9606,H. sapiens,6.417533,0.18046892,5
A7KAX9,9606,H. sapiens,6.7662745,-1.112409,6
Q96EH3,9606,H. sapiens,5.207918,2.262151,10
Q5T398,9606,H. sapiens,8.966101,4.905038,17
P49675,9606,H. sapiens,6.765518,1.5691074,7
C9JP00,9606,H. sapiens,6.7213955,0.17294116,4
A0A384N6H6,9606,H. sapiens,8.66034,3.4926064,12
Q9UNY5,9606,H. sapiens,12.31033,-3.9562085,5
H0Y3C5,9606,H. sapiens,10.785725,2.6449952,2
P78380,9606,H. sapiens,3.462912,0.9620649,10
Q9UPZ9,9606,H. sapiens,8.081761,-0.34719443,3
Q12841,9606,H. sapiens,3.5451634,3.8015363,15
P55283,9606,H. sapiens,3.7423458,3.1188521,15
P07510,9606,H. sapiens,3.582161,2.8040476,10
A0A024R5W6,9606,H. sapiens,17.133839,-4.331377,14
P14778,9606,H. sapiens,3.499791,1.1565253,10
Q14990,9606,H. sapiens,7.705602,-1.251709,14
Q9NUQ7,9606,H. sapiens,8.426586,-0.06147661,14
B3KRD1,9606,H. sapiens,5.866375,0.7851546,4
Q9UJF2,9606,H. sapiens,7.0835605,0.65447295,14
O14593,9606,H. sapiens,5.637294,0.9707849,10
P15622,9606,H. sapiens,12.370925,-3.9951398,5
Q9H5Q4,9606,H. sapiens,6.890072,1.4527981,3
P20396,9606,H. sapiens,9.396762,-5.099506,5
Q96QR8,9606,H. sapiens,3.7809443,3.714623,15
Q86YV6,9606,H. sapiens,10.503906,2.2680607,7
B3KQ23,9606,H. sapiens,6.188415,-1.5855976,6
A0A2R8Y6L0,9606,H. sapiens,7.9070916,0.6780765,3
Q9BYR3,9606,H. sapiens,7.1722,-0.4756192,4
A0A087X173,9606,H. sapiens,13.032812,3.016925,10
H0Y803,9606,H. sapiens,6.7266417,-1.4598686,6
Q9BZJ8,9606,H. sapiens,12.990825,2.9691114,10
Q9ULJ7,9606,H. sapiens,6.30599,1.6667327,7
Q15269,9606,H. sapiens,7.501192,2.435445,7
Q8IWF9,9606,H. sapiens,6.956409,-0.15418524,14
Q08357,9606,H. sapiens,5.405408,4.7599926,7
G3V256,9606,H. sapiens,5.810788,0.5176474,4
A0A024R539,9606,H. sapiens,5.8679934,1.2843963,4
Q6ZUV0,9606,H. sapiens,4.779802,3.1258252,10
P20273,9606,H. sapiens,3.5633354,0.97942126,7
Q96RR4,9606,H. sapiens,6.0386343,0.033772316,3
Q7Z7C8,9606,H. sapiens,4.5814805,2.9939938,10
Q5TA77,9606,H. sapiens,7.215684,-1.0279115,5
A0A087X1X7,9606,H. sapiens,6.2311983,-0.7511702,16
G8JLP4,9606,H. sapiens,5.7009416,0.7223957,4
O95278,9606,H. sapiens,4.418077,3.3141472,10
O60840,9606,H. sapiens,6.0173044,-0.023651158,3
J3KQ99,9606,H. sapiens,3.1814086,1.045702,10
Q86YI5,9606,H. sapiens,9.0345745,4.463779,11
A0A1B0GVV3,9606,H. sapiens,5.852296,1.2859768,4
Q5U5U6,9606,H. sapiens,12.091638,0.16896166,2
A0A2R8YD30,9606,H. sapiens,7.0073442,0.45387745,3
P35270,9606,H. sapiens,6.521406,3.0348089,11
F8VV39,9606,H. sapiens,6.7305865,0.5900508,14
P41240,9606,H. sapiens,10.631547,2.4367375,7
Q6B0J5,9606,H. sapiens,3.1670144,0.9350049,7
O60658,9606,H. sapiens,7.5170827,1.9968426,3
A0A2R8Y7R1,9606,H. sapiens,3.7926748,0.7032272,5
O14524,9606,H. sapiens,5.6225038,3.2376642,4
Q92843,9606,H. sapiens,6.517042,2.0061169,1
J3KNH0,9606,H. sapiens,4.6641273,2.8966084,10
Q8WVR3,9606,H. sapiens,5.209443,1.8222055,4
Q16850,9606,H. sapiens,11.842916,4.8107095,2
P0CG04,9606,H. sapiens,3.321703,1.0591674,7
P43357,9606,H. sapiens,5.216292,0.6115202,7
Q96S55,9606,H. sapiens,6.6242604,2.6540282,7
Q59GR1,9606,H. sapiens,5.4975643,4.6374784,17
Q96IG2,9606,H. sapiens,3.6610436,3.7967758,15
Q9BU27,9606,H. sapiens,8.484536,-2.4964814,16
Q9P217,9606,H. sapiens,6.7385097,0.5607935,5
Q9Y4U1,9606,H. sapiens,8.756657,-3.0285378,16
H0YCE5,9606,H. sapiens,8.428106,-3.5733433,9
E5RFV4,9606,H. sapiens,5.745557,-1.163794,5
V9HWI2,9606,H. sapiens,12.3877325,-4.0086045,5
Q4G0G5,9606,H. sapiens,4.3849916,0.4922985,14
Q9UNS1,9606,H. sapiens,5.854477,1.7512465,4
Q8N4Y2,9606,H. sapiens,5.001577,0.9325802,4
Q8N3F0,9606,H. sapiens,6.1133933,1.6440464,4
Q9UKL3,9606,H. sapiens,6.2354684,-0.8626459,16
Q8IYS2,9606,H. sapiens,4.610848,1.4096874,4
A0A024R216,9606,H. sapiens,6.640038,-0.5327299,4
Q9UN73,9606,H. sapiens,2.6946445,2.0865932,7
Q3KNR5,9606,H. sapiens,6.118137,0.006488996,5
Q5ST81,9606,H. sapiens,-3.488432,1.6008284,12
Q7Z478,9606,H. sapiens,8.653037,2.041217,3
Q15916,9606,H. sapiens,6.4219217,-0.8454879,5
Q68D91,9606,H. sapiens,8.729042,7.4781184,7
Q96C86,9606,H. sapiens,8.728978,3.47883,12
Q13535,9606,H. sapiens,7.9342046,1.3630377,14
Q9BT56,9606,H. sapiens,9.3877125,-5.0936,5
Q9BRG6,9606,H. sapiens,8.163606,-3.974494,9
P61278,9606,H. sapiens,9.3740225,-5.077319,5
Q8TBZ3,9606,H. sapiens,8.322705,1.8075882,3
X6R5W5,9606,H. sapiens,6.269055,0.17548175,6
O60563,9606,H. sapiens,7.5462003,-0.4873214,6
Q8IZ07,9606,H. sapiens,8.168857,1.8009901,12
P50461,9606,H. sapiens,6.1241055,1.957617,2
Q96RP8,9606,H. sapiens,5.886645,3.2110858,7
F8VVM2,9606,H. sapiens,11.95857,5.756709,2
Q04828,9606,H. sapiens,4.5917068,3.843832,15
A0A024R5T5,9606,H. sapiens,7.0795407,-1.5826551,6
O75608,9606,H. sapiens,4.833697,3.8192303,2
A0A0U1RQE9,9606,H. sapiens,8.270785,2.8127756,17
Q86YD5,9606,H. sapiens,4.117135,0.73170376,5
S4R303,9606,H. sapiens,5.960204,-1.216078,16
Q14152,9606,H. sapiens,5.885865,1.5764229,4
C9JK89,9606,H. sapiens,6.264826,-1.0021905,6
Q8WU08,9606,H. sapiens,10.517334,2.2760978,7
O15342,9606,H. sapiens,8.494309,-2.3921669,16
A0A024QZZ7,9606,H. sapiens,8.424021,-7.3525815,1
M0QX64,9606,H. sapiens,7.3327193,-0.23408048,1
Q9Y6C5,9606,H. sapiens,4.1318965,3.05014,10
O60669,9606,H. sapiens,4.4877906,4.4492073,15
Q5SXM8,9606,H. sapiens,6.0217094,0.02055245,5
J3QSV6,9606,H. sapiens,8.003983,1.0662789,1
F8VRX0,9606,H. sapiens,6.9488597,-1.1480403,1
Q13562,9606,H. sapiens,6.460479,-2.0358145,6
A8K0Y0,9606,H. sapiens,3.8659012,1.591467,3
Q5T8U5,9606,H. sapiens,4.510429,3.7548125,10
Q14055,9606,H. sapiens,2.6679044,1.5225701,1
Q59GC3,9606,H. sapiens,6.7958484,-0.58094627,5
J3KR49,9606,H. sapiens,6.138961,1.5779763,4
H0YN38,9606,H. sapiens,3.8809457,3.9828496,15
P35609,9606,H. sapiens,6.2894874,2.5053473,7
Q96CE8,9606,H. sapiens,5.9581604,3.6030962,3
O75077,9606,H. sapiens,3.843239,3.0020645,10
Q8TBQ9,9606,H. sapiens,8.407443,-2.473887,16
Q9Y5X4,9606,H. sapiens,5.403946,-0.1407768,4
Q92844,9606,H. sapiens,6.2537904,-0.7425426,5
O60635,9606,H. sapiens,5.3660626,4.551151,7
Q5VVH5,9606,H. sapiens,5.620201,1.208817,10
Q8TED1,9606,H. sapiens,3.878613,2.034437,7
Q14202,9606,H. sapiens,5.424244,1.3541243,4
A0A024R858,9606,H. sapiens,8.988852,7.2223477,8
Q96HR9,9606,H. sapiens,5.8367896,2.818667,7
M0QZG7,9606,H. sapiens,6.7771235,-0.002896393,4
A0A075B736,9606,H. sapiens,-3.468196,1.6184424,12
Q9BRT2,9606,H. sapiens,6.8334794,1.5781301,4
P60323,9606,H. sapiens,6.190013,-0.96031284,5
A0A494BYR6,9606,H. sapiens,6.092223,-0.16103435,5
G3V5D4,9606,H. sapiens,6.646985,0.362469,1
P34820,9606,H. sapiens,3.7852485,2.132432,4
Q155Q3,9606,H. sapiens,5.9575477,0.8230352,4
Q02978,9606,H. sapiens,11.815472,5.585002,15
Q8N883,9606,H. sapiens,12.389083,-4.009407,5
F5GXK6,9606,H. sapiens,10.186338,-2.0460181,0
Q9BWW4,9606,H. sapiens,6.9210143,-1.2228798,6
U3KQ86,9606,H. sapiens,12.945039,2.9204934,10
Q09470,9606,H. sapiens,5.537586,3.8452353,7
Q8NH87,9606,H. sapiens,14.236742,12.723066,2
E9PFY5,9606,H. sapiens,6.893773,0.6145018,3
Q6ZUS5,9606,H. sapiens,7.7017255,-0.57106966,16
P07288,9606,H. sapiens,3.731326,2.3730364,10
P22888,9606,H. sapiens,3.4984756,1.7801641,10
P30040,9606,H. sapiens,7.4071407,3.2397342,3
H9KVD0,9606,H. sapiens,8.577792,-3.2104092,9
D6R9P3,9606,H. sapiens,7.2023125,0.0052569397,3
P36957,9606,H. sapiens,9.074644,4.534627,17
Q16655,9606,H. sapiens,3.9068646,0.62569135,5
F8WAN0,9606,H. sapiens,8.8304615,5.0693507,17
A0A494C0U1,9606,H. sapiens,6.320955,2.8075967,7
Q9Y314,9606,H. sapiens,6.2907434,1.9947302,4
P62937,9606,H. sapiens,11.289578,6.2305064,11
A0A0S2Z6I7,9606,H. sapiens,6.1404805,-0.7866453,16
P49137,9606,H. sapiens,3.9777515,3.5627809,15
Q96SB3,9606,H. sapiens,5.297879,1.5966581,4
A0A0S2Z4E4,9606,H. sapiens,10.7658615,2.7379556,10
Q96D53,9606,H. sapiens,6.4189415,2.8651783,7
Q13107,9606,H. sapiens,7.662387,1.3713746,3
A0A024R7W0,9606,H. sapiens,9.067785,4.7021637,7
Q4VXN5,9606,H. sapiens,6.9036174,0.3987663,5
A0A0S2Z4R1,9606,H. sapiens,4.368937,3.7973425,2
Q99954,9606,H. sapiens,7.548971,-1.8784267,6
A0A0S2Z5T0,9606,H. sapiens,6.380815,0.64337236,5
I3L3I8,9606,H. sapiens,8.6562605,-3.2197602,9
Q9BS22,9606,H. sapiens,4.4551187,0.7320867,14
B3KXW5,9606,H. sapiens,7.8618836,2.577294,17
E7EWP9,9606,H. sapiens,10.836752,0.9307234,1
Q9Y285,9606,H. sapiens,8.316554,5.9793324,12
O95274,9606,H. sapiens,3.9472306,0.75967747,5
Q9P2M4,9606,H. sapiens,5.2983522,2.0349286,10
O95644,9606,H. sapiens,5.1621943,1.8227034,4
O75425,9606,H. sapiens,5.1060753,0.93553555,4
O43805,9606,H. sapiens,5.8668733,1.5209271,4
P51884,9606,H. sapiens,3.4193103,1.7484963,10
Q9H8M5,9606,H. sapiens,5.2680454,3.213555,10
Q9Y3M8,9606,H. sapiens,5.524216,1.9069697,10
P17020,9606,H. sapiens,12.380209,-4.0016656,5
Q05086,9606,H. sapiens,6.122582,2.1025925,7
Q9C0A0,9606,H. sapiens,3.7514408,2.0275702,7
A0A024R162,9606,H. sapiens,5.9584107,-0.80105317,5
Q8IZF0,9606,H. sapiens,5.658979,3.707059,3
P19429,9606,H. sapiens,5.8251247,1.6936628,4
O95685,9606,H. sapiens,4.444117,2.7759547,10
Q9H4E7,9606,H. sapiens,5.9431276,1.2032758,4
A0A024RCG4,9606,H. sapiens,7.2505283,1.1077256,5
Q9NVV2,9606,H. sapiens,5.5785027,-1.6982266,9
D6RIA4,9606,H. sapiens,5.2506633,0.60086894,5
A0A087WT53,9606,H. sapiens,6.3667884,0.1284806,4
H0Y360,9606,H. sapiens,6.508073,1.6061828,3
A0A087WZX2,9606,H. sapiens,8.637005,-2.7051013,16
Q9HD26,9606,H. sapiens,5.9619017,1.3470505,4
A0A0G4PYZ0,9606,H. sapiens,3.199638,1.0056823,7
Q9UKR5,9606,H. sapiens,3.8554423,3.9037068,15
Q13421,9606,H. sapiens,4.411868,1.0801455,5
P10746,9606,H. sapiens,9.157183,4.320068,17
Q5T752,9606,H. sapiens,7.1686015,-0.50392854,4
P0DOY2,9606,H. sapiens,3.2805812,1.0831293,7
Q86UT6,9606,H. sapiens,4.9202547,0.772928,4
V9HWH0,9606,H. sapiens,5.7276134,2.0955465,2
Q5H943,9606,H. sapiens,8.67477,-2.7941895,16
A0A024QZQ6,9606,H. sapiens,7.993351,-2.4819531,9
A0A0S2Z5C3,9606,H. sapiens,8.104828,2.4088502,3
Q9NXR5,9606,H. sapiens,5.6680083,0.67931306,4
A0A024R6B2,9606,H. sapiens,5.3331666,0.6140531,4
Q9NVA2,9606,H. sapiens,8.829237,3.1891987,12
Q58EX7,9606,H. sapiens,5.057809,0.7435074,5
H0Y742,9606,H. sapiens,4.4058795,0.76325786,5
Q9UKJ3,9606,H. sapiens,6.696543,-1.0197107,6
O60755,9606,H. sapiens,12.94939,2.9218204,10
Q9NZG7,9606,H. sapiens,5.756801,4.1922073,12
Q96BM1,9606,H. sapiens,4.986304,0.7667778,4
Q9NWH7,9606,H. sapiens,6.58576,-0.24836235,5
Q9BSF8,9606,H. sapiens,5.8805165,0.99836606,4
Q14973,9606,H. sapiens,5.2969704,5.1320744,7
P15085,9606,H. sapiens,5.4353304,3.4754927,17
Q96QE5,9606,H. sapiens,6.0196595,1.7953259,4
Q1KMD3,9606,H. sapiens,7.418741,0.50156105,1
Q9NXB0,9606,H. sapiens,6.145116,1.5194114,4
Q14493,9606,H. sapiens,8.509344,-2.3638964,16
Q96HP0,9606,H. sapiens,6.301191,1.5729176,1
A0A494C0M1,9606,H. sapiens,6.770266,2.5912375,7
Q9P253,9606,H. sapiens,7.2663946,2.4861257,8
Q5XKR9,9606,H. sapiens,8.417326,-2.9209828,9
E9PSE8,9606,H. sapiens,6.8685846,-0.939984,6
Q6PUV4,9606,H. sapiens,8.354394,0.6300492,14
D4Q8H0,9606,H. sapiens,4.00767,3.3096116,15
Q92604,9606,H. sapiens,8.881651,3.8447094,3
A0A0S2Z5H3,9606,H. sapiens,7.4324265,-0.110894546,1
Q8N5C8,9606,H. sapiens,6.8630366,-1.3994408,6
P10515,9606,H. sapiens,8.945492,4.556354,11
A0A024R862,9606,H. sapiens,5.9830403,1.1862599,4
B1AH88,9606,H. sapiens,5.6029906,-1.6990308,9
M0R0I0,9606,H. sapiens,5.0409036,2.2125888,10
Q9H6K4,9606,H. sapiens,5.5344415,2.2637594,4
A0A0A0MRT2,9606,H. sapiens,6.749533,-1.3011281,6
P0C8F1,9606,H. sapiens,4.0120792,0.79378706,3
Q96SN8,9606,H. sapiens,6.9580307,-0.2621969,5
Q8ND23,9606,H. sapiens,5.0656786,0.93963397,4
Q8NI38,9606,H. sapiens,5.004723,0.85094315,7
O60244,9606,H. sapiens,7.743703,0.7767455,14
Q96GR2,9606,H. sapiens,9.308032,4.865586,7
Q5STZ8,9606,H. sapiens,8.84231,2.6039205,3
Q96PP4,9606,H. sapiens,8.477163,-2.4473217,16
Q6UXU4,9606,H. sapiens,5.3136463,0.7824984,4
Q9NZL8,9606,H. sapiens,5.8965197,-1.2346839,9
A0A1X7SBS0,9606,H. sapiens,6.265134,2.307284,7
F1D8N9,9606,H. sapiens,5.4853144,2.0399015,10
E9PQX3,9606,H. sapiens,8.456474,1.6199056,14
Q8TE23,9606,H. sapiens,4.3627424,2.3904982,7
P62318,9606,H. sapiens,3.7872074,4.00037,15
Q9UJL9,9606,H. sapiens,12.377251,-4.0001755,5
P58418,9606,H. sapiens,5.922116,3.5898652,3
A0A0B4J211,9606,H. sapiens,7.719445,-0.020061327,14
V9GY01,9606,H. sapiens,7.0536714,-0.3715052,16
Q01726,9606,H. sapiens,3.20078,-0.89786696,10
P22680,9606,H. sapiens,11.838543,4.7831225,2
P05111,9606,H. sapiens,4.356623,1.1477635,5
A0A024R8A5,9606,H. sapiens,6.621372,0.57776755,14
Q8N465,9606,H. sapiens,4.4465213,2.991648,10
O75477,9606,H. sapiens,4.9537587,3.0155466,10
Q9ULD0,9606,H. sapiens,8.689656,5.3726006,12
Q9BPX5,9606,H. sapiens,8.772869,2.318622,12
Q8NH05,9606,H. sapiens,14.234943,12.721561,2
P36543,9606,H. sapiens,8.146298,2.6940646,11
Q8TC83,9606,H. sapiens,6.834251,1.1665603,3
O60749,9606,H. sapiens,5.8690443,1.7004306,4
Q9H6Y2,9606,H. sapiens,7.369539,2.45088,7
Q96AP4,9606,H. sapiens,7.562207,1.0732656,14
F8W7U3,9606,H. sapiens,6.174897,-0.7718648,5
Q96JC4,9606,H. sapiens,12.38622,-4.004131,3
C9JZP6,9606,H. sapiens,10.033556,5.2996106,11
Q6PXP3,9606,H. sapiens,4.9147563,4.9859843,2
Q9Y5K1,9606,H. sapiens,7.883352,3.2585905,17
Q9UNU6,9606,H. sapiens,11.857924,4.797304,7
Q13490,9606,H. sapiens,6.9672933,1.0390099,3
H3BSL4,9606,H. sapiens,6.456355,-1.5193306,6
Q9UEY8,9606,H. sapiens,7.1207967,0.7002536,1
Q9Y2Y1,9606,H. sapiens,8.877484,3.5360005,17
Q5VZB9,9606,H. sapiens,6.069881,-1.5504352,6
Q9NPF2,9606,H. sapiens,4.147136,2.835363,10
Q9H8E5,9606,H. sapiens,5.596161,-1.6975406,9
Q8NBJ9,9606,H. sapiens,4.6122236,3.230921,10
Q13509,9606,H. sapiens,-3.475012,1.6138479,12
P0CI26,9606,H. sapiens,3.5246272,0.9541934,10
X6RLR1,9606,H. sapiens,8.330661,1.2294297,14
A0A0D9SGC1,9606,H. sapiens,7.070078,2.2069733,2
Q8N4Z0,9606,H. sapiens,15.219601,2.254917,7
E7ERS3,9606,H. sapiens,6.9784803,-0.8372635,6
Q6UX15,9606,H. sapiens,3.7327855,1.0698825,4
O60921,9606,H. sapiens,3.8961582,3.8137448,15
P09603,9606,H. sapiens,5.701952,-1.2781435,5
O95182,9606,H. sapiens,8.668164,-2.2038372,16
J3QQY0,9606,H. sapiens,5.8379674,-1.258067,5
Q14C61,9606,H. sapiens,12.356532,-3.9844127,5
Q96IK5,9606,H. sapiens,4.152469,3.1569269,10
A0A024R3M3,9606,H. sapiens,12.304567,-3.9565709,5
H0YH81,9606,H. sapiens,8.337914,5.4668655,12
H3BPZ1,9606,H. sapiens,5.5472574,4.195043,7
Q9Y5E7,9606,H. sapiens,2.6804852,2.0885522,7
A8MW49,9606,H. sapiens,9.6872225,4.1754184,7
B0QYY7,9606,H. sapiens,7.7975273,-1.4875623,6
Q14416,9606,H. sapiens,5.0474467,4.24983,11
P30291,9606,H. sapiens,5.2877226,1.8525566,10
Q8IX07,9606,H. sapiens,5.8729987,-1.2973577,5
O15519,9606,H. sapiens,5.3253326,1.3221008,10
B1AK43,9606,H. sapiens,4.382445,2.9820642,10
P48058,9606,H. sapiens,4.9312744,4.1612134,7
Q96MD2,9606,H. sapiens,4.6932764,2.8985941,10
P05106,9606,H. sapiens,3.8600771,2.7481642,10
Q8N9Y4,9606,H. sapiens,5.7412143,-1.3391358,5
Q96HA8,9606,H. sapiens,6.8257666,2.1522448,4
Q9C0K1,9606,H. sapiens,5.5933285,4.408831,3
P26436,9606,H. sapiens,5.939477,-0.69440645,5
Q8NBN7,9606,H. sapiens,9.831863,5.1569095,11
Q96HQ0,9606,H. sapiens,12.376794,-3.9993918,5
A0A0S2Z645,9606,H. sapiens,7.6644325,0.50323135,14
H0Y630,9606,H. sapiens,10.388186,2.1826687,3
O75078,9606,H. sapiens,3.727939,3.2961166,15
Q13325,9606,H. sapiens,6.5026026,1.7081106,7
V9HWJ8,9606,H. sapiens,6.193777,1.6587898,4
O95239,9606,H. sapiens,7.6009746,0.44006088,14
O43312,9606,H. sapiens,5.117649,2.1156669,10
Q9Y617,9606,H. sapiens,9.505334,5.286789,11
O95487,9606,H. sapiens,5.388122,2.1360543,10
Q18PE1,9606,H. sapiens,5.8404036,-0.45665118,5
B1AQT4,9606,H. sapiens,6.93263,1.6731796,7
Q17RA1,9606,H. sapiens,5.1608562,0.6407794,5
D6RIF6,9606,H. sapiens,5.1703157,1.8975079,4
Q9BXB7,9606,H. sapiens,7.57524,-0.10188291,16
Q53SE7,9606,H. sapiens,4.1505394,3.1863146,10
Q96AB6,9606,H. sapiens,4.577643,3.163987,10
O00116,9606,H. sapiens,8.128954,4.7794666,7
A0A2R8YEB4,9606,H. sapiens,6.109039,0.5434803,4
P29353,9606,H. sapiens,6.0128207,0.34286824,4
H3BNA0,9606,H. sapiens,6.8728447,-1.8350459,6
Q9HAC8,9606,H. sapiens,5.8723974,1.7185048,4
Q8IX03,9606,H. sapiens,6.2634892,0.26688895,5
Q9NPH5,9606,H. sapiens,5.5404143,4.167389,7
Q9BVH7,9606,H. sapiens,4.5349345,1.8421487,4
Q9H1K6,9606,H. sapiens,7.527106,0.98075557,14
Q7RTS9,9606,H. sapiens,7.0787315,2.1040728,3
P13385,9606,H. sapiens,4.260668,0.7713069,5
J3QLD9,9606,H. sapiens,8.611433,6.535525,17
F8WAI0,9606,H. sapiens,6.4059043,0.69182307,4
P21266,9606,H. sapiens,10.367442,4.610311,11
J3QRS9,9606,H. sapiens,6.815158,-0.6572062,1
Q96G30,9606,H. sapiens,6.2280855,0.19448051,5
Q6AI14,9606,H. sapiens,5.374931,4.4541154,7
P14780,9606,H. sapiens,4.2591305,1.8998322,3
F6VDH7,9606,H. sapiens,5.560143,2.44189,10
A0A4X1UM84,9823,S. scrofa,8.135367,6.697419,12
F1SRC8,9823,S. scrofa,3.9446566,3.0285125,15
Q0PPT3,9823,S. scrofa,2.909214,3.4385774,10
P00795,9823,S. scrofa,5.0022964,3.7027311,2
B6VNT8,9823,S. scrofa,20.421381,4.0799203,2
P30555,9823,S. scrofa,12.878626,2.877293,2
Q9GLE3,9823,S. scrofa,5.050848,3.4102645,7
Q29116,9823,S. scrofa,4.0243425,1.8835244,3
O97894,9823,S. scrofa,6.774213,1.1142238,17
P41535,9823,S. scrofa,9.333436,-5.027384,5
P62272,9823,S. scrofa,7.740286,5.9170566,12
O62680,9823,S. scrofa,3.9644465,0.7707071,3
A0ZVR0,9823,S. scrofa,5.1555934,0.7289702,5
B5ATG0,9823,S. scrofa,5.825931,1.4959633,4
Q6QAT1,9823,S. scrofa,8.609524,-0.20621507,14
A0A287BDC1,9823,S. scrofa,5.3220725,1.6351904,4
P18648,9823,S. scrofa,6.2181487,0.8756799,1
G9BZS8,9823,S. scrofa,8.549636,2.3864,11
Q8WNV7,9823,S. scrofa,10.099583,5.356063,11
P01281,9823,S. scrofa,8.665013,-3.1444016,9
Q9GLG4,9823,S. scrofa,9.320042,-4.9963245,5
P60588,9823,S. scrofa,3.8246582,3.9142656,15
P80310,9823,S. scrofa,5.7884836,-5.425715,17
A5YV76,9823,S. scrofa,6.559412,3.0145652,17
P01192,9823,S. scrofa,9.403144,-5.1111755,4
Q8WN98,9823,S. scrofa,8.318571,4.179245,7
I3LEC2,9823,S. scrofa,3.719591,3.925708,15
F1SPG5,9823,S. scrofa,3.6379778,1.6174033,4
Q04745,9823,S. scrofa,4.147675,0.1580122,5
Q95332,9823,S. scrofa,4.3965,3.6945899,10
E7FLX9,9823,S. scrofa,5.421234,0.5998483,4
Q29011,9823,S. scrofa,3.6673698,1.5224093,4
B3FK65,9823,S. scrofa,6.388851,-0.73084205,5
P53714,9823,S. scrofa,4.4195995,2.2844722,17
K9J4V5,9823,S. scrofa,5.8012133,3.5889611,3
F1RH90,9823,S. scrofa,7.544898,0.5099416,3
Q9GL76,9823,S. scrofa,3.993681,3.0002358,10
P56432,9823,S. scrofa,5.7017684,1.0983433,4
Q29549,9823,S. scrofa,4.424769,0.2827443,14
P26889,9823,S. scrofa,7.044582,0.97490835,14
Q29205,9823,S. scrofa,7.5375524,5.4547977,2
P07480,9823,S. scrofa,9.355577,-5.05325,5
F1RZU4,9823,S. scrofa,9.001207,7.3844743,8
A4PES2,9823,S. scrofa,5.965113,0.07734141,5
P25117,9823,S. scrofa,5.263165,4.177692,7
Q28943,9823,S. scrofa,4.4974737,3.6686163,2
F1S9C0,9823,S. scrofa,7.142374,3.4411361,1
I3LVS7,9823,S. scrofa,2.949389,5.086727,2
Q29117,9823,S. scrofa,5.970678,2.4244616,2
F1SVA2,9823,S. scrofa,3.9805992,2.5406015,10
Q0QF01,9823,S. scrofa,9.246121,5.4449425,11
Q29195,9823,S. scrofa,3.4738047,4.173086,15
Q863D2,9823,S. scrofa,4.284561,0.45368296,14
A4PES0,9823,S. scrofa,5.8401785,0.5846085,4
P30880,9823,S. scrofa,4.4216094,0.23017862,14
Q864B5,9823,S. scrofa,9.629475,3.2740664,17
A0A024CBD6,9823,S. scrofa,3.494191,1.0125483,10
A9ZPH4,9823,S. scrofa,5.576246,2.276493,10
P01315,9823,S. scrofa,3.6260998,2.2059567,10
P02543,9823,S. scrofa,1.7546796,8.731662,1
Q9TT27,9823,S. scrofa,8.621038,-3.2118578,9
F1RRW5,9823,S. scrofa,4.5056825,2.4826174,3
D7EZN2,9823,S. scrofa,4.7758327,2.7854848,17
Q9N0F1,9823,S. scrofa,9.048077,4.58234,17
F2Z5D1,9823,S. scrofa,5.353488,2.2050793,10
F1S2H4,9823,S. scrofa,12.931371,2.904312,10
P24853,9823,S. scrofa,3.7433126,1.5820711,4
Q95ND5,9823,S. scrofa,5.010823,3.4886262,2
Q1WEZ6,9823,S. scrofa,9.475004,9.629497,17
Q4VQ11,9823,S. scrofa,12.981132,2.9571984,10
F1SDV5,9823,S. scrofa,4.8250937,0.46183774,5
P16549,9823,S. scrofa,4.821396,3.8211405,2
P17306,9823,S. scrofa,8.713897,-2.9921255,16
P19756,9823,S. scrofa,3.7209713,0.85563296,4
D0VWV4,9823,S. scrofa,7.631291,2.8837767,12
P19619,9823,S. scrofa,9.801372,3.7527807,2
Q9TTK7,9823,S. scrofa,3.5116055,0.93410754,10
P27594,9823,S. scrofa,8.403512,1.8218157,3
P01965,9823,S. scrofa,9.248261,5.476911,11
Q95J98,9823,S. scrofa,8.519998,-3.2310836,9
P79401,9823,S. scrofa,11.751425,4.7688875,2
M3VH45,9823,S. scrofa,9.89989,3.8232925,17
Q69GF7,9823,S. scrofa,6.539356,6.9627085,2
E1U8C5,9823,S. scrofa,4.896205,2.4066322,10
B5APU3,9823,S. scrofa,9.838396,4.164372,17
P31006,9823,S. scrofa,9.826533,4.86381,11
B9P414,9823,S. scrofa,7.143519,3.402098,4
Q767L6,9823,S. scrofa,8.601972,6.546667,17
F1SPU1,9823,S. scrofa,1.9918913,12.970433,7
Q2XUT1,9823,S. scrofa,6.4915943,-1.8565931,6
P04101,9823,S. scrofa,7.708784,-1.2561507,6
F1S8C6,9823,S. scrofa,5.804141,-1.2474791,5
P12675,9823,S. scrofa,7.101151,-1.0428944,6
P37176,9823,S. scrofa,4.1583037,0.8884331,5
F1RSW9,9823,S. scrofa,5.8349085,3.4772093,3
Q9XSD9,9823,S. scrofa,3.4180474,1.710924,7
P01297,9823,S. scrofa,9.396547,-5.104421,5
P45561,9823,S. scrofa,7.6944556,-2.0901222,6
A0A4X1TSK7,9823,S. scrofa,4.637474,4.6906023,2
Q4R1K5,9823,S. scrofa,6.3141165,-1.0203123,5
O77741,9823,S. scrofa,5.10844,4.8638196,2
F1SBE5,9823,S. scrofa,11.865023,4.7973595,10
F1RRA0,9823,S. scrofa,6.1852636,0.8340824,4
F1RII3,9823,S. scrofa,3.625611,0.9886836,4
P00348,9823,S. scrofa,9.681616,5.5399556,11
F1RGE0,9823,S. scrofa,5.063399,0.93812,7
A4Z6H1,9823,S. scrofa,8.372465,6.2790723,12
Q764M6,9823,S. scrofa,5.758757,0.5466474,5
R9WDQ0,9823,S. scrofa,2.127073,12.642634,4
B3VP30,9823,S. scrofa,5.763999,3.5786703,3
I3L8Q3,9823,S. scrofa,4.1705074,0.128645,16
K7GND9,9823,S. scrofa,3.7963283,1.1348499,4
Q6UV40,9823,S. scrofa,8.908471,5.3035035,17
Q767L7,9823,S. scrofa,-3.477257,1.6119579,12
P20305,9823,S. scrofa,6.127791,2.623922,2
F1SF88,9823,S. scrofa,6.946481,2.0514252,4
P59083,9823,S. scrofa,5.198334,2.8803709,10
Q9GKQ6,9823,S. scrofa,3.5752103,1.6142316,3
K7GSE8,9823,S. scrofa,6.4627614,1.4905361,3
F1RGL0,9823,S. scrofa,6.0940375,0.2695479,5
P01348,9823,S. scrofa,9.340332,-5.031768,5
Q29551,9823,S. scrofa,9.030167,5.503658,17
A9CDZ0,9823,S. scrofa,3.8641481,1.7856249,10
P32394,9823,S. scrofa,5.7792916,2.0282893,10
F1SD70,9823,S. scrofa,6.0392766,3.3492854,12
P63221,9823,S. scrofa,3.4817333,4.2115817,15
Q4R1K4,9823,S. scrofa,10.6856785,2.1842127,3
P12682,9823,S. scrofa,10.928592,-6.6842136,1
Q71KK5,9823,S. scrofa,9.476134,9.628335,17
C1PIG4,9823,S. scrofa,4.0566382,3.6044946,15
F1RKI3,9823,S. scrofa,9.678423,5.8459044,11
G9BWQ1,9823,S. scrofa,4.0297914,3.4916377,15
F2Z5G6,9823,S. scrofa,5.890108,0.68678826,4
F1SPH6,9823,S. scrofa,11.059749,2.3669598,7
P18871,9823,S. scrofa,3.1340094,-0.9574618,7
F2VYA1,9823,S. scrofa,4.1517315,2.8040423,10
P42706,9823,S. scrofa,8.335715,-3.7465823,9
P35750,9823,S. scrofa,8.60084,3.8936076,17
A5A4L7,9823,S. scrofa,5.1715665,4.771346,2
F1S6D3,9823,S. scrofa,5.683873,-1.4456295,5
Q2YGT9,9823,S. scrofa,5.224601,2.4757817,10
P36887,9823,S. scrofa,10.831294,2.583991,2
F1SS26,9823,S. scrofa,4.1749496,1.8190829,3
D5K8A9,9823,S. scrofa,3.8409078,0.87170714,5
Q8HZN9,9823,S. scrofa,12.964002,2.9310536,10
P01025,9823,S. scrofa,3.6603138,2.4229198,10
Q29016,9823,S. scrofa,4.2182837,0.9983676,5
Q764N1,9823,S. scrofa,5.6396832,0.19867885,5
F1SBC5,9823,S. scrofa,8.243976,1.018779,14
K7GS49,9823,S. scrofa,3.9782019,3.6078694,15
Q28983,9823,S. scrofa,4.098425,1.9817313,3
P86409,9823,S. scrofa,6.730529,1.5750644,14
Q865U8,9823,S. scrofa,8.229147,0.46027765,14
P29258,9823,S. scrofa,7.126021,-1.5434104,16
J9T303,9823,S. scrofa,3.8705723,0.9951784,7
P17560,9823,S. scrofa,9.4475355,7.4001102,11
F1RVK2,9823,S. scrofa,6.86736,-0.9487688,6
P34994,9823,S. scrofa,13.019994,2.998737,15
B2DCZ9,9823,S. scrofa,5.417285,1.9481933,4
O19073,9823,S. scrofa,6.4682264,1.444979,4
P62831,9823,S. scrofa,7.5156245,5.565169,2
Q867B9,9823,S. scrofa,3.9153943,1.3598088,4
P48819,9823,S. scrofa,4.0750976,1.500272,4
Q8MIR4,9823,S. scrofa,6.5154457,2.8158891,7
O97763,9823,S. scrofa,9.658326,4.068395,7
Q8WMY6,9823,S. scrofa,4.2342734,1.0928051,5
D0G0B6,9823,S. scrofa,2.1253195,12.64682,4
Q29406,9823,S. scrofa,3.821539,-0.019715557,5
P45846,9823,S. scrofa,4.531052,1.672607,14
A7LCJ3,9823,S. scrofa,3.9188845,1.0102386,7
A9ED84,9823,S. scrofa,3.3489525,4.267609,15
K7GN90,9823,S. scrofa,3.6725507,1.1789002,10
Q29073,9823,S. scrofa,10.234594,5.6827126,11
F1STP7,9823,S. scrofa,13.002028,2.91658,10
F1SU97,9823,S. scrofa,4.408842,0.9206288,4
P49927,9823,S. scrofa,7.1724873,-0.33140558,1
F1SMJ6,9823,S. scrofa,4.7399287,1.470898,3
Q5H7C0,9823,S. scrofa,7.4726095,2.272817,7
F1CFE1,9823,S. scrofa,4.151222,0.16525279,5
P18434,9823,S. scrofa,4.5107627,2.3505354,17
Q8WMN7,9823,S. scrofa,4.083557,1.5002868,3
Q6QAQ1,9823,S. scrofa,20.421492,4.079934,2
C9K505,9823,S. scrofa,11.184009,2.4571397,7
Q8WN93,9823,S. scrofa,5.2832127,4.1578465,7
A7LCX1,9823,S. scrofa,6.540114,1.8141259,7
F1RSU5,9823,S. scrofa,7.7652726,0.24855135,3
F1RJ01,9823,S. scrofa,10.926242,-6.6819367,1
Q767K8,9823,S. scrofa,6.1309986,0.6288993,4
Q5H7B9,9823,S. scrofa,7.4953527,2.2556572,7
P62844,9823,S. scrofa,8.70612,-3.0291362,16
F1RFU7,9823,S. scrofa,3.1660607,2.0322754,7
A0A286ZPL5,9823,S. scrofa,6.964995,2.0503025,7
A7LKB1,9823,S. scrofa,6.452682,-0.6364311,5
Q66T47,9823,S. scrofa,4.2247,2.7358775,10
Q8SQC1,9823,S. scrofa,4.039799,3.0011842,10
I3LUZ9,9823,S. scrofa,6.953758,-2.1901867,6
Q29101,9823,S. scrofa,5.943415,3.5735781,14
F1SA75,9823,S. scrofa,6.0884585,-0.81705445,5
I3LFH3,9823,S. scrofa,6.7424626,0.71787894,3
Q7YS66,9823,S. scrofa,5.1872215,4.4932027,2
O02840,9823,S. scrofa,3.1643171,2.053618,7
Q29599,9823,S. scrofa,6.6331897,1.4366418,7
F1SEL7,9823,S. scrofa,4.207802,2.001429,3
P01284,9823,S. scrofa,8.6182165,-2.8058956,14
P16469,9823,S. scrofa,4.9937644,1.9774418,7
A5J0K7,9823,S. scrofa,5.1528716,-0.3830381,3
P20192,9823,S. scrofa,8.775605,3.3048198,12
Q9GKP7,9823,S. scrofa,12.994125,2.965553,15
Q28969,9823,S. scrofa,6.1304703,-0.27399042,5
Q95LE2,9823,S. scrofa,8.359963,-1.1147698,16
F1S6Q9,9823,S. scrofa,3.9573364,3.416246,15
A5GFW1,9823,S. scrofa,10.689133,2.2194228,3
A1XQU5,9823,S. scrofa,7.5817127,5.567453,2
P04761,9823,S. scrofa,12.923108,2.9095106,10
I3LK75,9823,S. scrofa,4.4599676,3.029986,2
C9K507,9823,S. scrofa,5.990371,1.1796718,4
A4UTN8,9823,S. scrofa,10.678293,2.2083907,3
Q9GLM0,9823,S. scrofa,3.758779,0.86139214,4
F1SS88,9823,S. scrofa,7.5872536,2.4504194,7
D0EWS6,9823,S. scrofa,6.2515674,-1.4798665,6
C3VML1,9823,S. scrofa,5.204797,4.4982514,7
A0A287BEL5,9823,S. scrofa,4.644517,4.69996,2
P51524,9823,S. scrofa,4.1391683,0.7502695,5
P36968,9823,S. scrofa,8.415396,4.97745,2
I3L5D4,9823,S. scrofa,10.7956,2.2799773,7
P19156,9823,S. scrofa,5.762478,6.3283963,2
P80147,9823,S. scrofa,4.0766425,3.8170693,15
I3LEN5,9823,S. scrofa,13.013214,2.9809682,10
Q1T7A5,9823,S. scrofa,4.3665333,1.980318,3
P0DTA4,9823,S. scrofa,9.131227,4.8657017,17
Q2TJA5,9823,S. scrofa,4.5311007,3.797655,2
I2E6E0,9823,S. scrofa,3.5995066,1.0155346,4
Q9TUB2,9823,S. scrofa,6.2516723,-0.3628565,14
Q58K79,9823,S. scrofa,5.7474523,3.3499868,4
Q9TRC7,9823,S. scrofa,4.391886,1.7240795,4
F1RQZ7,9823,S. scrofa,3.755207,3.277643,15
P67985,9823,S. scrofa,3.5406523,4.118188,15
F1SHI5,9823,S. scrofa,7.6666646,0.41086805,14
A1XQU3,9823,S. scrofa,5.420694,2.439052,10
Q6QAP6,9823,S. scrofa,7.543576,6.0284624,14
I3LMB3,9823,S. scrofa,5.7014565,3.2807705,3
F1RZM4,9823,S. scrofa,4.3909583,1.7785681,14
D2IE28,9823,S. scrofa,5.3193727,2.4474864,15
A1E295,9823,S. scrofa,5.0745068,3.4386346,7
P00889,9823,S. scrofa,8.336902,5.958305,12
P26893,9823,S. scrofa,3.6152515,-0.16191402,5
Q29122,9823,S. scrofa,7.0740604,2.1819334,7
Q52NJ5,9823,S. scrofa,10.695902,3.832457,11
K9IWF9,9823,S. scrofa,5.657183,2.6536937,10
Q29118,9823,S. scrofa,4.159038,0.11096948,16
Q9TTX7,9823,S. scrofa,6.875122,-1.9194566,6
F1S912,9823,S. scrofa,4.515456,2.7479095,10
A4L7N3,9823,S. scrofa,6.5119424,-1.6340127,6
O18734,9823,S. scrofa,5.022188,1.0105133,4
P01248,9823,S. scrofa,3.6578584,-0.11753243,5
Q29121,9823,S. scrofa,4.697924,2.3793724,17
P0DW16,9823,S. scrofa,6.079817,-1.0291027,5
Q4PLW0,9823,S. scrofa,2.12495,12.647509,4
P24786,9823,S. scrofa,3.9354663,3.2777653,15
P81045,9823,S. scrofa,4.7034116,0.583541,1
F1RGR1,9823,S. scrofa,6.2474265,0.14218622,3
P02547,9823,S. scrofa,1.7546108,8.731729,1
Q2HXZ9,9823,S. scrofa,7.1567793,3.340832,4
F1S0M0,9823,S. scrofa,4.0450125,1.9387954,7
P68005,9823,S. scrofa,8.753465,-2.9497468,16
F1SV76,9823,S. scrofa,6.1717515,-1.5479246,6
A5D9M6,9823,S. scrofa,6.3034105,0.38306788,5
F1S593,9823,S. scrofa,8.127278,1.983802,3
P23563,9823,S. scrofa,3.7905707,1.8839903,4
F1SKJ2,9823,S. scrofa,7.214095,3.036379,7
P00592,9823,S. scrofa,4.4264483,1.5604893,7
A0A480NP79,9823,S. scrofa,6.3511205,1.0617454,4
P42098,9823,S. scrofa,4.07707,1.7230546,3
F1SQJ5,9823,S. scrofa,3.8565514,2.2500403,4
O77636,9823,S. scrofa,4.4349785,2.175089,17
Q9GLM1,9823,S. scrofa,3.593745,0.9534522,10
O62807,9823,S. scrofa,5.2695384,-0.5030267,14
P56471,9823,S. scrofa,8.623839,-0.4576332,14
Q7YS88,9823,S. scrofa,3.8368464,2.4749053,10
P16545,9823,S. scrofa,2.9123836,3.4385257,10
O18866,9823,S. scrofa,5.653392,3.4220757,7
F2Z540,9823,S. scrofa,7.5523014,2.942861,3
Q28960,9823,S. scrofa,4.609848,3.83516,2
F1RNW6,9823,S. scrofa,6.3714733,-1.7909629,6
P79432,9823,S. scrofa,11.2481575,2.4868515,11
Q863D3,9823,S. scrofa,4.3135247,0.32482278,5
Q9MZE5,9823,S. scrofa,2.1266413,12.643507,4
O97581,9823,S. scrofa,5.738814,-0.14821982,4
P00761,9823,S. scrofa,3.7035682,2.5408905,2
F1RME6,9823,S. scrofa,6.526748,-1.7104317,6
A0MZ89,9823,S. scrofa,4.064593,1.8752698,7
A9CQL8,9823,S. scrofa,4.017918,3.4810076,15
Q95281,9823,S. scrofa,8.733473,-3.0133648,16
Q9GLX8,9823,S. scrofa,12.965706,2.937063,10
Q1T7A8,9823,S. scrofa,4.483845,2.127044,17
Q49I35,9823,S. scrofa,9.679691,4.0356483,2
Q9GLM2,9823,S. scrofa,3.5479774,0.9298661,7
P00371,9823,S. scrofa,9.081121,4.4310985,17
I6ZX61,9823,S. scrofa,10.799548,2.1878603,3
F1SD45,9823,S. scrofa,10.86133,2.5798917,2
P12037,9823,S. scrofa,8.109251,-0.48595878,14
P79282,9823,S. scrofa,5.0593834,2.857689,10
Q2YHQ3,9823,S. scrofa,7.1311364,2.6083422,7
Q9GKY5,9823,S. scrofa,4.8726625,0.3271272,5
P00772,9823,S. scrofa,3.7425725,2.5218937,2
G8G223,9823,S. scrofa,7.3860097,2.513172,2
P79263,9823,S. scrofa,4.0744424,1.8896824,7
P01165,9823,S. scrofa,9.299756,-4.954241,16
P09933,9823,S. scrofa,4.43838,2.4402826,7
F1SDV6,9823,S. scrofa,7.6166563,2.4459293,3
Q05KH5,9823,S. scrofa,5.8801985,0.7271755,4
Q7YRB2,9823,S. scrofa,11.86472,4.7983007,7
F1SE69,9823,S. scrofa,6.452449,-0.80789745,5
F1SBS4,9823,S. scrofa,3.6529965,2.4958856,10
Q6YEX9,9823,S. scrofa,12.930292,2.8993134,10
Q8MIM5,9823,S. scrofa,6.9906993,-2.2299738,6
P08001,9823,S. scrofa,4.0404463,2.1785176,3
P49171,9823,S. scrofa,3.4371579,4.2075124,15
O19069,9823,S. scrofa,8.85723,5.4227343,2
O02839,9823,S. scrofa,3.492902,0.9841759,10
Q6QAP7,9823,S. scrofa,3.4775987,4.1938734,15
P55931,9823,S. scrofa,4.400899,3.7682002,2
B3GDZ5,9823,S. scrofa,3.9850185,0.12321647,5
P19757,9823,S. scrofa,7.863919,-1.776682,16
A0A287B8C4,9823,S. scrofa,3.5919957,1.973387,10
Q95274,9823,S. scrofa,8.5123825,-2.2107077,16
A0A068CA64,9823,S. scrofa,8.557942,4.2731614,3
F1S981,9823,S. scrofa,4.097959,1.7618022,7
P05207,9823,S. scrofa,10.626373,2.4939225,7
P11607,9823,S. scrofa,6.5172057,5.2492075,11
Q4QTK1,9823,S. scrofa,3.4533794,0.9934798,7
Q1T7A6,9823,S. scrofa,3.7661006,2.0089307,7
Q6YEY0,9823,S. scrofa,12.986975,2.9568658,15
P60662,9823,S. scrofa,4.093646,3.8532825,15
P01238,9823,S. scrofa,3.5961478,-0.17451145,5
A0A1S6M251,9823,S. scrofa,4.8403563,2.1905077,3
O11780,9823,S. scrofa,3.8691258,2.0607455,7
A0A4X1TZW7,9823,S. scrofa,7.4833956,0.9136527,1
O18934,9823,S. scrofa,4.6935554,1.7247869,7
Q9G1G3,9823,S. scrofa,6.53213,6.959296,2
Q29361,9823,S. scrofa,7.555006,5.818063,1
P35054,9823,S. scrofa,4.1614227,0.8086346,5
B3GDZ6,9823,S. scrofa,3.746091,1.8887297,4
P07802,9823,S. scrofa,3.5436153,4.066283,15
A5GZW8,9823,S. scrofa,5.303056,2.2857802,10
Q2TCH2,9823,S. scrofa,5.998138,0.5006394,5
A0SEG9,9823,S. scrofa,4.7600365,1.4634118,3
Q2TJZ7,9823,S. scrofa,6.153615,4.0638204,17
P62901,9823,S. scrofa,7.7456837,5.5915494,17
F1RX16,9823,S. scrofa,9.881624,2.798034,7
P00346,9823,S. scrofa,9.281144,5.5351715,17
F1SS24,9823,S. scrofa,3.9947453,1.8568956,3
F1RLL9,9823,S. scrofa,2.668384,1.5221839,1
Q6SA96,9823,S. scrofa,3.4775293,4.176228,15
F1RMT5,9823,S. scrofa,7.026694,1.5940845,1
P17741,9823,S. scrofa,10.926492,-6.6833463,1
C0SW08,9823,S. scrofa,11.309864,2.5298033,2
F1SPM8,9823,S. scrofa,7.1666155,-0.7024421,6
P50118,9823,S. scrofa,10.105937,2.2335873,7
G5DC08,9823,S. scrofa,2.1266062,12.643509,4
Q29201,9823,S. scrofa,3.5046592,4.159786,15
P50390,9823,S. scrofa,7.6123166,3.3486178,7
P08835,9823,S. scrofa,4.536209,0.7716537,3
Q9BDK6,9823,S. scrofa,4.520958,2.102886,3
A0A287BK35,9823,S. scrofa,3.718607,1.9762979,7
Q00655,9823,S. scrofa,10.144705,2.313965,3
Q95J68,9823,S. scrofa,3.9854867,0.09690051,5
A0A287ABG2,9823,S. scrofa,9.633121,3.955964,2
P27485,9823,S. scrofa,4.4798245,1.3937277,3
F1RI95,9823,S. scrofa,5.9099603,0.1346835,5
Q29021,9823,S. scrofa,4.4475536,0.27203238,14
F2Z5Q6,9823,S. scrofa,7.53035,5.9333215,14
E5F1H4,9823,S. scrofa,4.903977,2.4145746,10
Q02110,9823,S. scrofa,8.39886,4.0229597,3
F1RGY5,9823,S. scrofa,4.0517316,1.7073115,3
Q0PIT9,9823,S. scrofa,6.692173,2.9705334,7
A8DSD5,9823,S. scrofa,4.395491,2.2738414,17
Q007T0,9823,S. scrofa,8.5170765,5.269013,17
C9K506,9823,S. scrofa,5.7626243,2.165603,10
Q6TA49,9823,S. scrofa,8.361253,2.5120919,3
Q95254,9823,S. scrofa,12.985856,2.9573917,15
B2LUN4,9823,S. scrofa,10.869783,2.2431388,3
P0C5I2,9823,S. scrofa,9.4166765,6.250852,11
F1SFS3,9823,S. scrofa,3.9153686,1.8583647,7
Q6GUA6,9823,S. scrofa,4.1423683,1.142482,5
F1SSE8,9823,S. scrofa,3.3763068,1.5159649,4
E5Q8C6,9823,S. scrofa,6.308236,-1.8067886,6
Q28937,9823,S. scrofa,20.421394,4.079916,2
Q28832,9823,S. scrofa,3.761654,1.8188972,7
F1S285,9823,S. scrofa,3.6687212,1.8602293,7
M3TYT0,9823,S. scrofa,6.686204,0.78814614,3
A0A287BEZ3,9823,S. scrofa,4.6463866,4.7283916,2
A7UNK0,9823,S. scrofa,6.071121,1.9282099,7
A1XQU9,9823,S. scrofa,7.6305513,5.8995385,12
O02696,9823,S. scrofa,5.704246,0.56940764,5
Q02038,9823,S. scrofa,8.767489,4.443361,11
P10668,9823,S. scrofa,5.57014,2.871732,2
Q4VQ10,9823,S. scrofa,6.0327406,-1.4143182,5
P01304,9823,S. scrofa,9.354764,-5.0525517,5
F1SRN1,9823,S. scrofa,5.3063416,5.1876316,7
I3LSZ2,9823,S. scrofa,12.962301,2.9234226,10
P41566,9823,S. scrofa,8.657334,-0.5038221,14
Q0Z8U2,9823,S. scrofa,7.8795433,5.885101,12
F1RIT1,9823,S. scrofa,5.7455125,3.6289916,3
A7TX80,9823,S. scrofa,7.550526,2.9525492,3
B8XSI6,9823,S. scrofa,5.498602,2.4100504,10
Q95441,9823,S. scrofa,3.1786108,0.98646986,3
F1RSS8,9823,S. scrofa,3.4797854,1.8282245,7
F2Z594,9823,S. scrofa,10.947235,-6.7028174,1
F1RKB1,9823,S. scrofa,6.4877005,0.8858062,5
C1PIG3,9823,S. scrofa,4.072091,3.405387,15
Q867C0,9823,S. scrofa,3.8493946,1.4951524,10
I3LSZ1,9823,S. scrofa,5.601939,-1.6909989,5
Q06AA4,9823,S. scrofa,6.3710933,0.54996425,2
A5Z0F6,9823,S. scrofa,9.185878,2.3064623,17
Q8SPK6,9823,S. scrofa,20.42152,4.0799193,2
B2XWS1,9823,S. scrofa,8.216875,1.9672698,12
F1RR02,9823,S. scrofa,1.7546357,8.7324915,1
Q1HNM7,9823,S. scrofa,3.9157062,1.7912316,7
Q4GWZ2,9823,S. scrofa,8.095797,5.872914,12
Q95J99,9823,S. scrofa,8.636609,-2.8270426,16
F1SGT4,9823,S. scrofa,3.739479,1.1083077,4
F1SQ09,9823,S. scrofa,3.3760662,1.7570426,10
P02554,9823,S. scrofa,-3.477646,1.61181,12
A6M930,9823,S. scrofa,10.349145,3.136276,2
Q864W9,9823,S. scrofa,1.7540236,8.73289,12
P05024,9823,S. scrofa,5.655926,6.5475636,2
Q6RVA9,9823,S. scrofa,5.5455256,3.197323,4
F1SK18,9823,S. scrofa,5.8583283,0.46251145,5
D7PF45,9823,S. scrofa,5.597122,0.62355334,4
Q0PY11,9823,S. scrofa,8.94414,6.218552,17
P79384,9823,S. scrofa,9.611649,5.7604675,11
I3LSP4,9823,S. scrofa,6.095336,0.8508536,4
F1SFQ0,9823,S. scrofa,6.93588,1.9246302,7
Q8MIP7,9823,S. scrofa,4.415046,1.445021,14
A0A287B231,9823,S. scrofa,8.21873,1.2059417,4
Q6GWX0,9823,S. scrofa,9.808068,2.7525709,3
F1SKM1,9823,S. scrofa,2.7269504,1.5192943,1
Q45QB4,9823,S. scrofa,2.9102347,3.440849,10
A7WLH8,9823,S. scrofa,6.413171,2.1340613,2
Q95L23,9823,S. scrofa,4.191762,2.2871058,7
D3Y4D2,9823,S. scrofa,4.4144673,0.22623473,14
P24964,9823,S. scrofa,6.742554,7.212335,12
F1SPZ9,9823,S. scrofa,8.242401,-1.6070527,14
Q29076,9823,S. scrofa,6.715063,-1.3761201,6
P50584,9823,S. scrofa,9.28124,7.4241605,11
P07200,9823,S. scrofa,3.8821332,2.5074759,10
F1SDC3,9823,S. scrofa,5.842828,3.3606126,5
P81558,9823,S. scrofa,7.2615013,-0.8779971,6
P53590,9823,S. scrofa,9.2954235,5.388275,17
Q04967,9823,S. scrofa,9.830311,4.167608,11
F1RK46,9823,S. scrofa,6.864114,-1.0765373,6
Q9BEC7,9823,S. scrofa,9.36749,5.379144,17
Q866U3,9823,S. scrofa,12.987253,2.9593942,10
C0JJ14,9823,S. scrofa,5.6352005,3.7683785,3
O97788,9823,S. scrofa,9.748665,4.217211,11
P04574,9823,S. scrofa,5.4982734,2.6820793,10
C0MHR2,9823,S. scrofa,8.789834,2.0297232,12
P53603,9823,S. scrofa,9.176688,6.0461445,11
G9BWQ2,9823,S. scrofa,4.0792336,3.4415374,2
P00571,9823,S. scrofa,4.4194326,3.8430016,2
J9S2W1,9823,S. scrofa,4.005965,1.0450354,7
A0ZVR1,9823,S. scrofa,5.881563,-1.1067972,5
Q9N135,9823,S. scrofa,5.269098,-0.5058922,14
K7GKN2,9823,S. scrofa,8.297513,1.7971891,3
P01274,9823,S. scrofa,9.337456,-5.0294213,14
Q9GKX0,9823,S. scrofa,10.867254,2.388985,17
Q6QAT0,9823,S. scrofa,3.41628,4.2115936,15
P11708,9823,S. scrofa,9.212686,5.451073,11
P10173,9823,S. scrofa,8.815672,6.1129165,17
F1S6B4,9823,S. scrofa,3.5362391,1.6368062,3
Q6YEY1,9823,S. scrofa,12.970214,2.9358947,10
Q9MZG4,9823,S. scrofa,5.217939,-0.48547715,3
F1RYL4,9823,S. scrofa,3.841427,2.4878716,10
P09858,9823,S. scrofa,4.0040483,2.8298855,10
A0A4X1WD80,9823,S. scrofa,4.099618,1.7181807,3
Q2V0W2,9823,S. scrofa,5.1517916,-0.36406896,3
Q08353,9823,S. scrofa,5.742908,0.46502438,3
P19620,9823,S. scrofa,9.867545,3.7349086,11
P22412,9823,S. scrofa,5.0831957,3.5052605,11
P83686,9823,S. scrofa,9.3317,4.9872775,11
P83884,9823,S. scrofa,7.5074596,5.9701033,14
F1RRV3,9823,S. scrofa,6.226454,-0.40713888,5
Q6KCM2,9823,S. scrofa,4.189383,0.98482156,5
Q02745,9823,S. scrofa,4.744608,1.9207035,3
P63053,9823,S. scrofa,6.60794,2.1944928,7
A7VK00,9823,S. scrofa,8.296491,1.7948283,3
C4TJC6,9823,S. scrofa,5.8590155,-0.32970372,3
Q1HE49,9823,S. scrofa,4.6254683,3.8408237,2
A0A4X1T4U3,9823,S. scrofa,6.728866,2.7159526,7
F4ZS18,9823,S. scrofa,9.908214,2.8658307,7
Q8WNW5,9823,S. scrofa,3.1818018,2.0613763,7
A5LHG2,9823,S. scrofa,9.351245,-5.0488944,5
P63153,9823,S. scrofa,9.392366,-5.0996084,5
O18896,9823,S. scrofa,6.8408213,-1.8415691,6
A9ED79,9823,S. scrofa,3.389064,4.2349524,15
P05027,9823,S. scrofa,4.631901,2.6457565,7
P02067,9823,S. scrofa,9.077138,5.180903,17
F1SD85,9823,S. scrofa,4.930788,3.0803194,10
Q2EN75,9823,S. scrofa,5.7616115,-5.36318,2
E1BKZ9,9913,B. taurus,4.567563,1.8701444,3
O02675,9913,B. taurus,8.627202,5.1993976,11
Q58CU2,9913,B. taurus,6.983617,0.9841586,3
P31039,9913,B. taurus,9.159375,5.376687,11
P19483,9913,B. taurus,8.423879,4.952272,12
B8QGI3,9913,B. taurus,2.9341497,3.3639143,10
Q3ZBX6,9913,B. taurus,7.435185,5.49441,3
Q32KY1,9913,B. taurus,6.3923903,0.92815125,4
Q2HJF1,9913,B. taurus,5.119266,2.7128913,10
Q3SZE9,9913,B. taurus,6.9699254,1.8199413,3
P04973,9913,B. taurus,5.8626885,1.4170637,4
I6WN98,9913,B. taurus,3.6317053,-0.15374729,5
Q32LN4,9913,B. taurus,6.318315,1.0187911,4
P63097,9913,B. taurus,10.408514,3.9706824,11
Q05B58,9913,B. taurus,4.875767,2.87998,10
Q9BDI7,9913,B. taurus,8.473986,1.7845856,3
Q5KR49,9913,B. taurus,17.133936,-4.3314085,14
Q28172,9913,B. taurus,3.7166731,0.729424,5
P35720,9913,B. taurus,7.58504,2.8574808,12
P03887,9913,B. taurus,6.5327787,6.973738,11
P62326,9913,B. taurus,8.499338,-2.1722925,16
Q5EC27,9913,B. taurus,3.587054,-0.17663012,5
P20959,9913,B. taurus,3.6743257,1.9230162,10
P00711,9913,B. taurus,4.4601765,2.4329224,17
Q3ZBF6,9913,B. taurus,10.169753,6.177881,11
P13909,9913,B. taurus,4.204429,2.2436795,7
P31081,9913,B. taurus,8.509796,5.417767,17
A0A3Q1LY00,9913,B. taurus,6.023554,2.1605093,7
Q862E7,9913,B. taurus,2.9685953,3.208731,4
P67939,9913,B. taurus,6.266524,-0.34644508,14
Q1H629,9913,B. taurus,8.375726,-3.7678235,9
P79136,9913,B. taurus,5.1266212,2.8434563,4
Q28056,9913,B. taurus,6.549464,2.9321609,1
B1H0W5,9913,B. taurus,4.2151494,1.2655363,3
A6QP11,9913,B. taurus,7.0829067,1.2732542,3
P01223,9913,B. taurus,4.2933664,1.4560328,3
Q95J56,9913,B. taurus,5.9885693,-0.7671689,5
F1MFD1,9913,B. taurus,7.111287,0.11528244,5
E1B8W3,9913,B. taurus,7.8448925,0.2524958,3
P09487,9913,B. taurus,4.690608,3.3676643,2
A7Z063,9913,B. taurus,6.963511,0.33056304,1
Q03763,9913,B. taurus,4.4433045,1.7825316,14
Q9N0E7,9913,B. taurus,4.519412,2.9746466,10
Q10741,9913,B. taurus,4.309794,2.1320171,3
P06624,9913,B. taurus,5.406594,4.6901565,11
E7E1P7,9913,B. taurus,7.748264,-2.0768328,16
P48830,9913,B. taurus,4.060206,1.7212921,3
Q3ZBF3,9913,B. taurus,6.2454014,1.6301185,4
Q28901,9913,B. taurus,9.079491,4.306129,17
Q2KI43,9913,B. taurus,5.52325,3.2656875,7
Q28146,9913,B. taurus,3.6997805,2.0467777,7
Q3T0C2,9913,B. taurus,9.920159,5.1934333,11
Q2TA38,9913,B. taurus,6.603428,1.3197118,4
Q08DZ3,9913,B. taurus,6.661284,1.986656,3
Q3ZBI7,9913,B. taurus,7.431706,2.1544602,1
P10103,9913,B. taurus,10.929261,-6.685606,1
A4FV08,9913,B. taurus,3.8182597,4.0181193,15
P00639,9913,B. taurus,4.648039,3.1043992,2
P82911,9913,B. taurus,7.8204575,5.165269,7
P61823,9913,B. taurus,4.259051,1.2590334,3
A1YQB2,9913,B. taurus,4.4648857,2.509234,7
Q1JQ99,9913,B. taurus,7.5528765,5.342906,10
F1MIW3,9913,B. taurus,4.305832,3.5505714,15
Q3T0F7,9913,B. taurus,8.505066,2.404546,11
P04695,9913,B. taurus,10.370484,3.9687054,11
Q862G1,9913,B. taurus,2.9576797,3.2944303,10
P35604,9913,B. taurus,8.734533,2.8698494,17
P24627,9913,B. taurus,4.390025,2.4966676,7
P82928,9913,B. taurus,7.322858,1.1156771,5
P61420,9913,B. taurus,8.186859,6.7032967,12
P00435,9913,B. taurus,8.518173,5.0697265,11
Q9XT49,9913,B. taurus,5.383779,4.906256,17
G3MZR2,9913,B. taurus,4.0569797,2.6262686,10
P01096,9913,B. taurus,8.015589,2.0554698,1
Q3T0U3,9913,B. taurus,8.862942,5.5286245,2
Q58CN9,9913,B. taurus,8.837307,4.3773704,7
Q2T9X2,9913,B. taurus,8.522701,5.2652125,12
P82927,9913,B. taurus,6.98801,0.9711651,14
P34942,9913,B. taurus,5.5449967,2.6790972,7
P63171,9913,B. taurus,4.2518277,3.5012343,15
Q2TA12,9913,B. taurus,7.5321894,5.3668704,7
P13605,9913,B. taurus,3.4056,1.731877,7
P61223,9913,B. taurus,2.9568923,5.0838137,2
A4LAP1,9913,B. taurus,3.5629601,-0.19713141,5
P21146,9913,B. taurus,10.33001,2.2405465,3
P02459,9913,B. taurus,2.6254992,1.5236428,4
Q00361,9913,B. taurus,6.35388,2.3202903,10
P21457,9913,B. taurus,5.7869873,-5.427265,17
A4GX95,9913,B. taurus,3.6045544,-0.17083631,5
Q9TT93,9913,B. taurus,3.9482505,2.310574,7
Q9XSC1,9913,B. taurus,3.7407954,2.379507,10
Q9MZL7,9913,B. taurus,5.532657,1.885102,10
F1MQ39,9913,B. taurus,3.6592004,0.8626512,4
P25712,9913,B. taurus,6.676277,0.74126685,5
Q0P5I5,9913,B. taurus,9.204321,5.3245487,11
Q2TBK2,9913,B. taurus,5.308847,2.4600327,10
Q9XSC9,9913,B. taurus,4.0083537,1.7788888,3
Q02399,9913,B. taurus,11.314452,2.5246148,11
F1MQ85,9913,B. taurus,6.7766366,-0.6846152,5
Q24JZ1,9913,B. taurus,4.20839,0.44899812,5
P23206,9913,B. taurus,2.6845987,1.5213677,1
P82916,9913,B. taurus,7.579702,5.393698,7
P02662,9913,B. taurus,7.808693,-2.0005996,16
P05630,9913,B. taurus,8.883516,4.6020207,11
P00760,9913,B. taurus,3.7183018,2.5094285,2
P07926,9913,B. taurus,7.3277774,4.1702447,17
Q5EA32,9913,B. taurus,5.8138037,3.4283876,3
P38573,9913,B. taurus,4.2449193,3.3074934,10
E1B836,9913,B. taurus,7.4221964,0.8387735,1
P53619,9913,B. taurus,3.9956682,3.8026307,15
Q8MJV3,9913,B. taurus,12.959431,2.929031,10
P48427,9913,B. taurus,5.1782045,2.8700447,10
Q95135,9913,B. taurus,5.0642605,4.772011,2
P61157,9913,B. taurus,3.4099066,4.225311,15
Q9TTY3,9913,B. taurus,4.118103,2.751237,10
Q5E9R3,9913,B. taurus,8.540837,3.71823,17
Q0R5T9,9913,B. taurus,5.6415095,-0.8753246,16
O62768,9913,B. taurus,9.577599,5.601068,11
P46282,9913,B. taurus,3.5892253,0.8699494,5
Q27975,9913,B. taurus,9.821744,4.1795435,11
P63315,9913,B. taurus,5.7754455,-5.444313,17
P01966,9913,B. taurus,9.154364,5.4780655,2
P00515,9913,B. taurus,4.0644217,3.6264615,15
P02687,9913,B. taurus,7.273199,-0.840785,6
O18964,9913,B. taurus,7.4353933,1.3455417,3
O46563,9913,B. taurus,6.853361,2.1903658,7
P23935,9913,B. taurus,6.389907,2.1654377,4
P00730,9913,B. taurus,5.3959317,3.4500837,17
O77836,9913,B. taurus,5.0451994,2.9270372,10
A7YWF3,9913,B. taurus,6.017441,1.520778,4
E1B8N5,9913,B. taurus,5.6892257,6.47343,2
Q3ZCJ8,9913,B. taurus,4.6382837,1.9286852,3
P00366,9913,B. taurus,8.240292,5.073648,7
P25500,9913,B. taurus,5.388733,2.1704316,10
Q28199,9913,B. taurus,5.844929,0.8716335,4
Q704P2,9913,B. taurus,5.646499,3.9316082,17
O97764,9913,B. taurus,10.111774,5.7662215,2
Q9TU03,9913,B. taurus,6.081598,2.355385,11
P32850,9913,B. taurus,4.358996,-1.7223388,7
P10894,9913,B. taurus,6.0145607,2.1507857,7
Q28851,9913,B. taurus,6.5649137,2.3161366,10
P02722,9913,B. taurus,11.804325,5.5826592,15
A8JZM8,9913,B. taurus,8.257624,-3.8904917,9
Q0VD18,9913,B. taurus,4.1309986,3.6250634,15
P00396,9913,B. taurus,9.48925,9.646377,17
P29172,9913,B. taurus,7.4352283,-1.0871412,6
F6Q1T7,9913,B. taurus,4.0969024,2.7290792,10
A5PK42,9913,B. taurus,6.640252,0.70609033,4
A5PJQ9,9913,B. taurus,7.1500607,2.2427971,3
Q2NKZ1,9913,B. taurus,8.556801,5.349591,17
Q0IIM2,9913,B. taurus,10.538348,3.7820466,17
Q7YS70,9913,B. taurus,6.4078307,3.0853405,2
Q0VCQ1,9913,B. taurus,5.688939,2.446854,10
Q28139,9913,B. taurus,6.018391,-0.7350137,5
P45879,9913,B. taurus,4.1062136,3.864343,15
Q0R5V0,9913,B. taurus,5.6714587,-0.87333816,16
P01267,9913,B. taurus,6.3285613,-0.4034136,14
Q148J6,9913,B. taurus,5.16984,2.9406066,10
Q2YDI0,9913,B. taurus,8.143343,5.554345,12
Q690N0,9913,B. taurus,5.4779234,-0.66421425,14
P17694,9913,B. taurus,8.509867,5.7918024,17
Q3SX44,9913,B. taurus,4.9945555,2.5805886,7
Q05B79,9913,B. taurus,8.691202,3.0175984,3
Q07536,9913,B. taurus,10.02197,5.9004865,11
Q02827,9913,B. taurus,7.555012,2.121625,1
P50595,9913,B. taurus,3.8237817,-0.011175252,5
Q0R5T2,9913,B. taurus,5.643962,-0.89080113,16
P07589,9913,B. taurus,3.859973,1.875255,3
P60519,9913,B. taurus,9.108369,2.8668892,12
I3PGL3,9913,B. taurus,2.9610448,3.239343,4
A4IFT3,9913,B. taurus,4.627387,1.345569,14
P42029,9913,B. taurus,6.055603,2.5218585,2
P30546,9913,B. taurus,3.1117928,-0.94928956,7
Q66WT7,9913,B. taurus,5.5729976,3.2401595,7
Q0R5T3,9913,B. taurus,5.6618156,-0.87712866,16
P14790,9913,B. taurus,7.297572,2.1768765,4
Q28046,9913,B. taurus,6.151076,2.5906508,2
F1MR06,9913,B. taurus,5.6779504,6.488829,2
P11456,9913,B. taurus,3.9188895,2.587054,10
A1A4K3,9913,B. taurus,7.5255423,2.4273784,7
Q28862,9913,B. taurus,7.7685184,-1.543365,16
P46065,9913,B. taurus,5.7870255,-5.4173865,7
P01252,9913,B. taurus,7.283597,-0.72351557,1
Q7SIH1,9913,B. taurus,3.8788013,2.0137691,7
E1BJL9,9913,B. taurus,6.4460244,0.9787146,14
Q9XSK0,9913,B. taurus,6.4855423,-1.9885834,6
D8MIT8,9913,B. taurus,3.5820644,-0.18258063,5
B0LKN7,9913,B. taurus,4.2723393,1.869537,10
Q9TU34,9913,B. taurus,6.152813,2.0627012,4
Q3MHR7,9913,B. taurus,8.82636,-2.8974771,16
Q00194,9913,B. taurus,5.639154,3.646702,7
P00974,9913,B. taurus,4.2582693,1.0927684,3
F1N4I3,9913,B. taurus,3.1326327,-0.95774466,7
Q3SZK1,9913,B. taurus,7.4433947,2.4452376,7
Q58D49,9913,B. taurus,7.273046,2.3288226,3
Q9TVA9,9913,B. taurus,3.955111,0.8013856,5
Q17QQ5,9913,B. taurus,5.271778,1.614778,4
P82669,9913,B. taurus,8.18299,1.476455,14
P00415,9913,B. taurus,6.6059637,7.040373,17
Q2KJE7,9913,B. taurus,8.190538,1.1387297,14
Q6LDQ9,9913,B. taurus,3.5785916,-0.18461786,5
Q9BEA2,9913,B. taurus,6.235219,3.2247128,2
Q32S21,9913,B. taurus,10.1063,5.361941,2
P02453,9913,B. taurus,2.6217048,1.5231702,4
P82908,9913,B. taurus,6.3745203,0.72469467,5
Q0IIG7,9913,B. taurus,15.221673,2.2533176,11
Q28852,9913,B. taurus,7.721285,2.798396,12
P80221,9913,B. taurus,3.8553336,1.4586948,7
P62998,9913,B. taurus,2.950179,5.085998,15
Q95476,9913,B. taurus,3.192875,0.98096704,7
P48765,9913,B. taurus,5.7949653,4.27814,3
P67868,9913,B. taurus,8.802925,3.0066824,12
P02754,9913,B. taurus,3.6056175,1.3363439,10
P01175,9913,B. taurus,3.679689,2.0692916,10
O02776,9913,B. taurus,5.6814322,0.3779603,5
F6RJC2,9913,B. taurus,6.110135,1.4423827,4
P00430,9913,B. taurus,6.475032,2.3556936,10
P38447,9913,B. taurus,8.067234,3.8440256,7
Q08DF7,9913,B. taurus,8.015791,3.3599467,3
P00727,9913,B. taurus,8.896711,5.283751,2
Q5XWB7,9913,B. taurus,8.440295,-3.5916638,9
P82917,9913,B. taurus,5.4196196,2.180431,10
Q27954,9913,B. taurus,8.76762,2.3326697,12
P18203,9913,B. taurus,9.862115,4.4275875,11
Q8HYI9,9913,B. taurus,8.434416,2.6275277,11
Q3SZX5,9913,B. taurus,4.204527,3.438368,15
Q2M2T2,9913,B. taurus,8.4932575,-1.9730897,16
Q05588,9913,B. taurus,3.9350026,0.780173,5
P42026,9913,B. taurus,8.3035345,5.4932604,12
A4IFJ7,9913,B. taurus,4.0725474,3.2711668,10
P13536,9913,B. taurus,3.5134444,2.8462353,10
Q9BGI0,9913,B. taurus,4.281607,3.720991,15
Q3SYS1,9913,B. taurus,7.524377,5.2669096,10
P00428,9913,B. taurus,7.8650513,2.1799943,12
P00442,9913,B. taurus,7.714355,4.542478,17
P80025,9913,B. taurus,4.4878035,2.5186267,7
Q66LN0,9913,B. taurus,6.059871,2.4369314,7
Q7M2W9,9913,B. taurus,2.717818,1.5196202,1
Q02373,9913,B. taurus,7.890245,2.0553765,1
F1MNP4,9913,B. taurus,10.398176,2.2077684,3
A7MBH5,9913,B. taurus,6.300771,0.793062,4
P55918,9913,B. taurus,4.455333,1.6984462,3
P79110,9913,B. taurus,11.823816,5.58476,15
Q0VC49,9913,B. taurus,5.955272,2.3037577,10
P00766,9913,B. taurus,3.7244468,2.499139,11
P25975,9913,B. taurus,5.0469904,3.4104383,11
A1A4P5,9913,B. taurus,4.9805055,2.9294295,10
P11151,9913,B. taurus,3.7850819,1.9707394,7
Q02365,9913,B. taurus,7.739629,1.9358289,14
P03929,9913,B. taurus,6.518403,6.9515505,10
Q3ZBU7,9913,B. taurus,-3.477673,1.6119248,12
P43896,9913,B. taurus,5.5703807,2.0755477,4
Q17QA9,9913,B. taurus,7.238544,-0.76633215,6
P25326,9913,B. taurus,5.095682,3.4218428,7
Q08E54,9913,B. taurus,4.7867336,1.5145259,4
Q6TJY3,9913,B. taurus,10.453506,2.177837,3
Q27968,9913,B. taurus,8.7795725,2.4076126,3
Q2KI41,9913,B. taurus,6.9597034,1.8646694,7
F1MRS1,9913,B. taurus,4.2758045,2.9817834,10
F1MP76,9913,B. taurus,6.010977,-1.0611048,5
Q28109,9913,B. taurus,3.3169432,0.9622412,10
P81125,9913,B. taurus,5.4099655,2.7529361,2
Q9BE41,9913,B. taurus,3.5430179,5.2422624,17
Q3T116,9913,B. taurus,7.103941,1.2538302,3
A3KMY8,9913,B. taurus,5.094587,3.4249997,7
Q3ZC75,9913,B. taurus,7.3480096,4.1693897,17
Q2KIM0,9913,B. taurus,5.2465434,3.464781,17
P48644,9913,B. taurus,10.109998,6.043839,11
Q32KZ9,9913,B. taurus,6.6854577,1.3070188,3
J9UHS4,9913,B. taurus,7.9273725,-2.2295628,16
Q9TT94,9913,B. taurus,6.0864487,4.966201,17
P62157,9913,B. taurus,5.7275825,-5.5053697,11
Q0VCX4,9913,B. taurus,3.8050168,3.7060602,15
Q3T0Y3,9913,B. taurus,8.760815,4.2400784,7
P00586,9913,B. taurus,4.392955,3.7166855,2
Q08537,9913,B. taurus,4.1607447,0.97389096,5
P14100,9913,B. taurus,5.4320254,2.3606222,10
P80109,9913,B. taurus,3.8520548,1.9328858,7
P28339,9913,B. taurus,7.802355,3.380891,17
Q3SYX9,9913,B. taurus,8.722821,2.2550933,12
P10152,9913,B. taurus,4.2754235,1.2882143,3
Q0VCG0,9913,B. taurus,8.33294,2.2440567,12
A7MAZ2,9913,B. taurus,5.019889,2.857305,10
P61286,9913,B. taurus,7.042994,0.11695567,3
P48616,9913,B. taurus,1.754569,8.732005,1
Q9TTY5,9913,B. taurus,3.2750015,-0.8323665,7
P48305,9913,B. taurus,7.7762394,1.9114256,14
P02313,9913,B. taurus,7.226046,-0.7544883,1
P05631,9913,B. taurus,8.67997,5.372092,17
Q32PC3,9913,B. taurus,7.6110725,5.3184867,1
P55156,9913,B. taurus,4.406799,1.611622,3
Q32PH0,9913,B. taurus,7.008867,1.651989,3
P82915,9913,B. taurus,7.5155177,5.1954584,10
Q9TU23,9913,B. taurus,6.608566,0.6463071,14
F1MUI0,9913,B. taurus,5.5217714,2.2890682,4
Q6PVY2,9913,B. taurus,7.8271494,-1.5981538,16
P08037,9913,B. taurus,4.860033,1.9655476,3
Q3ZCD8,9913,B. taurus,5.816923,1.2489377,4
P81019,9913,B. taurus,4.247296,0.9074961,5
Q8WN95,9913,B. taurus,6.4842463,2.0482714,3
P53620,9913,B. taurus,7.4922934,2.464651,17
P00847,9913,B. taurus,4.0009804,3.946968,15
P35507,9913,B. taurus,5.881905,2.428377,2
F1SY23,9913,B. taurus,6.2713757,-0.3686506,14
Q29451,9913,B. taurus,4.9412503,3.4111495,7
Q2KJ63,9913,B. taurus,4.0440507,2.1448019,3
Q27979,9913,B. taurus,4.4503317,3.0509334,2
Q02371,9913,B. taurus,7.731244,1.8900958,14
F1MF50,9913,B. taurus,6.7913356,0.939422,3
Q05688,9913,B. taurus,4.373444,1.9408427,3
O18756,9913,B. taurus,5.318547,2.7883043,4
E1B8D6,9913,B. taurus,6.8630433,-1.1861931,6
P03892,9913,B. taurus,6.519709,6.9568133,2
P68401,9913,B. taurus,9.016489,4.1753774,7
F1MUM9,9913,B. taurus,5.6630173,1.71831,4
A0A3Q1M3C0,9913,B. taurus,5.060408,4.8309174,2
A6H782,9913,B. taurus,6.5143795,1.4602712,4
E1BJB4,9913,B. taurus,5.942402,1.4850891,4
P32120,9913,B. taurus,3.7580204,3.9913843,15
P56966,9913,B. taurus,7.9621277,4.6010404,2
P07514,9913,B. taurus,9.329931,4.9262643,11
Q02374,9913,B. taurus,7.5047426,2.101756,4
Q3SZ47,9913,B. taurus,7.5664864,5.8742266,12
P02769,9913,B. taurus,4.574009,0.7128156,1
P82913,9913,B. taurus,7.0398545,1.0241909,5
Q28205,9913,B. taurus,7.1718574,2.0672357,3
E1BNE9,9913,B. taurus,5.5014653,3.8540747,7
Q29W19,9913,B. taurus,9.338894,-5.029898,5
P60661,9913,B. taurus,4.05821,3.899198,15
F1MMV1,9913,B. taurus,7.0235753,-0.3503506,5
Q17R13,9913,B. taurus,5.8785577,0.32731718,4
P68103,9913,B. taurus,8.95614,6.216184,17
P45478,9913,B. taurus,5.2326827,3.5571132,7
P54349,9913,B. taurus,3.6730928,-0.10084273,5
P63292,9913,B. taurus,9.361128,-5.0619655,5
P01239,9913,B. taurus,3.5799346,-0.18759716,5
P23934,9913,B. taurus,5.6875906,2.2014585,4
P79105,9913,B. taurus,5.8144994,-5.398259,17
Q02368,9913,B. taurus,7.912581,1.9147475,14
P48452,9913,B. taurus,3.707253,4.0463724,15
F1N476,9913,B. taurus,4.352807,2.452205,7
P01272,9913,B. taurus,9.338472,-5.031298,14
Q7M2Q7,9913,B. taurus,2.751785,1.5110494,14
A1A4I9,9913,B. taurus,6.4393225,2.1208148,4
Q0P594,9913,B. taurus,-2.0197825,12.003087,11
Q3SZE2,9913,B. taurus,4.1614347,3.4549215,15
P80195,9913,B. taurus,7.860947,-1.8283397,16
Q95KE5,9913,B. taurus,6.468694,1.6592314,4
F1N3V0,9913,B. taurus,8.846471,5.3307896,11
Q29455,9913,B. taurus,8.061415,0.24036801,14
A0A3Q1N1R0,9913,B. taurus,7.54478,2.624034,17
Q02379,9913,B. taurus,7.7794313,2.0772529,7
P01317,9913,B. taurus,3.633516,2.2051766,10
P00189,9913,B. taurus,11.85433,4.790528,2
A5PJB2,9913,B. taurus,3.6481586,2.2562299,10
A2VDL6,9913,B. taurus,5.6766458,6.4903755,2
P63214,9913,B. taurus,8.766073,2.51816,14
P03920,9913,B. taurus,6.523565,6.9684477,11
E1B9V6,9913,B. taurus,7.0472546,-0.021369072,14
P10096,9913,B. taurus,9.343696,6.1273456,17
Q32L26,9913,B. taurus,5.756797,2.0868604,10
Q0VC10,9913,B. taurus,3.786364,0.83748424,5
P21793,9913,B. taurus,3.3647025,1.7003993,7
P17870,9913,B. taurus,3.5818038,4.043918,15
P63212,9913,B. taurus,8.764483,2.7254412,12
P00741,9913,B. taurus,3.9530952,2.219252,3
P82919,9913,B. taurus,5.295892,2.2197895,10
F2X2F1,9913,B. taurus,2.90011,3.4085352,10
Q3MHL7,9913,B. taurus,8.526041,5.3227253,12
A2VE81,9913,B. taurus,5.977828,3.4306247,1
P22226,9913,B. taurus,4.105826,0.91214144,5
F1N548,9913,B. taurus,6.0318747,3.7507894,1
O75601,9913,B. taurus,4.6892996,3.2287126,10
O19137,9913,B. taurus,3.6090832,3.9506497,15
B2Z898,9913,B. taurus,7.749642,-2.0871587,16
Q3SZ22,9913,B. taurus,5.961277,1.9020143,4
F1N588,9913,B. taurus,5.137664,0.6015323,5
Q95KV7,9913,B. taurus,7.5339293,2.112428,1
P07456,9913,B. taurus,2.9298646,3.3525255,10
Q32LI4,9913,B. taurus,5.8507166,2.5085425,2
Q3ZBF9,9913,B. taurus,4.362965,2.8956652,10
Q28022,9913,B. taurus,4.2991295,0.90580976,5
Q2KJE9,9913,B. taurus,5.036887,5.0084634,2
P41520,9913,B. taurus,9.393712,-5.101011,4
E1BHE1,9913,B. taurus,6.7773557,0.93750924,4
P04557,9913,B. taurus,4.2084017,0.9188708,5
Q17QL5,9913,B. taurus,4.497296,2.6116512,7
P23726,9913,B. taurus,4.426147,2.7980473,10
P62964,9913,B. taurus,3.9222088,3.8330376,15
P20456,9913,B. taurus,9.064206,4.8438635,11
P20072,9913,B. taurus,9.651385,3.483968,11
P02668,9913,B. taurus,7.7372875,-2.0679011,16
P0C2B7,9913,B. taurus,7.06523,1.1028141,5
Q0VD32,9913,B. taurus,3.8626409,3.6863232,15
P80473,9913,B. taurus,8.702015,-2.954087,16
Q0IIJ3,9913,B. taurus,5.855412,0.59211725,4
P34943,9913,B. taurus,8.64671,4.5525384,7
Q5E9F2,9913,B. taurus,5.625008,2.1342099,10
P79114,9913,B. taurus,7.203239,1.9952594,3
F1MUJ6,9913,B. taurus,5.0750036,4.819744,2
E1B705,9913,B. taurus,6.220888,0.5821918,5
Q3ZCI9,9913,B. taurus,4.370756,3.7645655,15
P61602,9913,B. taurus,5.784019,-5.425266,7
O18965,9913,B. taurus,5.59537,3.6047897,7
P13183,9913,B. taurus,7.483316,2.2390444,1
A6QP89,9913,B. taurus,5.902964,2.4485455,2
Q3T052,9913,B. taurus,4.0402956,1.953879,7
P07516,9913,B. taurus,5.471646,0.47689977,5
P52205,9913,B. taurus,4.2396407,1.3532819,4
Q9N1C1,9913,B. taurus,2.9348516,3.4622931,15
P00426,9913,B. taurus,7.979094,2.3757768,12
P16068,9913,B. taurus,3.7688143,3.8117049,15
F1N3B8,9913,B. taurus,6.7512865,1.2230327,3
F1MWH2,9913,B. taurus,8.332572,5.6054554,12
Q9BE97,9913,B. taurus,6.1939197,-1.2749519,6
Q8WMP9,9913,B. taurus,4.952535,3.439707,7
P39942,9913,B. taurus,7.7620397,2.9901025,7
Q5QF96,9913,B. taurus,6.1332836,4.1692934,12
P02638,9913,B. taurus,5.7777658,-5.416407,2
P00257,9913,B. taurus,7.972252,2.8597455,12
Q2TBS2,9913,B. taurus,5.0805473,2.5968733,10
Q3T0J3,9913,B. taurus,7.5083222,5.4022098,1
Q95L03,9913,B. taurus,8.562356,-3.1944606,16
P62803,9913,B. taurus,8.429442,-7.3550267,12
Q29458,9913,B. taurus,4.8831353,3.7535524,2
P42891,9913,B. taurus,4.384876,2.4263058,7
Q32L31,9913,B. taurus,10.924943,-6.678063,1
Q0R5T4,9913,B. taurus,5.650551,-0.8509146,16
Q1RMR3,9913,B. taurus,7.6777024,0.2234522,1
I7CLV3,9913,B. taurus,3.6661108,2.267812,10
Q95MZ8,9913,B. taurus,8.33226,-3.8567297,9
Q3SZX0,9913,B. taurus,5.754796,3.3680804,3
P11019,9913,B. taurus,8.15911,2.6534028,11
Q02378,9913,B. taurus,7.722721,1.7956582,14
B5B3R8,9913,B. taurus,7.803482,-2.0074177,16
E7E1Q1,9913,B. taurus,7.7367406,-2.0905674,16
P0C2H4,9913,B. taurus,6.948745,3.0896087,4
F1MSG6,9913,B. taurus,6.9668818,0.56856924,3
Q2P9V4,9913,B. taurus,3.6514716,0.7611354,4
O97725,9913,B. taurus,8.367744,1.8748982,12
P01017,9913,B. taurus,4.274981,1.1507497,7
Q2PBN9,9913,B. taurus,3.739821,0.7233391,5
P82920,9913,B. taurus,7.6105337,5.3598814,17
Q27958,9913,B. taurus,4.3333535,3.7976727,2
A0A3Q1LFK7,9913,B. taurus,6.7770886,0.11363665,5
P07857,9913,B. taurus,9.405481,5.331825,17
Q2F6J3,9913,B. taurus,2.9709556,3.4765413,15
O18738,9913,B. taurus,4.333932,1.380227,1
Q7YRC6,9913,B. taurus,10.66149,2.2352302,17
Q95M05,9913,B. taurus,8.228052,-3.971714,9
Q3SZ86,9913,B. taurus,7.5947485,1.094306,14
Q762I5,9913,B. taurus,8.33651,-1.7282321,14
P49004,9913,B. taurus,6.6986475,2.7511992,7
P55203,9913,B. taurus,5.884798,2.9833062,7
Q6B860,9913,B. taurus,7.558415,5.292894,10
P06836,9913,B. taurus,6.7185826,-0.77540654,4
Q8MIT6,9913,B. taurus,6.5683947,0.6564138,1
Q7M2Q5,9913,B. taurus,2.7435734,1.51201,5
F1MXL7,9913,B. taurus,8.25867,-3.9597147,9
P31404,9913,B. taurus,8.232478,6.3440447,12
Q2KIQ2,9913,B. taurus,6.405778,0.9859345,1
O19131,9913,B. taurus,3.9310732,1.1829687,10
Q0R5T7,9913,B. taurus,5.6605377,-0.88373095,16
G3MWM5,9913,B. taurus,3.1360147,-0.9558361,7
F1N339,9913,B. taurus,8.477714,1.9901724,3
P11023,9913,B. taurus,15.240583,2.2696154,11
P32876,9913,B. taurus,7.345406,4.1280937,17
P04975,9913,B. taurus,5.906007,1.4754776,4
P00517,9913,B. taurus,10.836617,2.5869687,2
P19120,9913,B. taurus,9.849989,4.1553693,11
P61085,9913,B. taurus,13.748652,6.279073,17
A7MB68,9913,B. taurus,5.912805,2.43182,2
Q32P67,9913,B. taurus,7.387846,0.56598336,14
P35526,9913,B. taurus,7.093513,-0.21640068,14
P19754,9913,B. taurus,5.888058,3.2776518,3
P10731,9913,B. taurus,4.5187616,1.9638462,3
Q0V8G5,9913,B. taurus,3.6430569,1.5871819,3
Q28181,9913,B. taurus,6.0405555,-0.74258286,5
Q3T0K2,9913,B. taurus,8.540535,5.3967066,11
P04394,9913,B. taurus,9.22833,4.977675,11
Q5ZGI1,9913,B. taurus,7.733996,-2.1076891,16
P35605,9913,B. taurus,4.1368036,3.7782183,15
Q2KIS7,9913,B. taurus,3.9379654,3.0502052,15
P43033,9913,B. taurus,4.1905775,3.7801876,2
P13620,9913,B. taurus,7.650048,1.9076546,1
Q9TVA8,9913,B. taurus,4.392942,1.3740315,3
Q58DV5,9913,B. taurus,7.4647174,5.2860208,4
Q3T0B6,9913,B. taurus,8.097172,2.020615,14
P13384,9913,B. taurus,3.7262397,1.6277629,4
Q0VCU1,9913,B. taurus,8.529823,6.0772905,12
P61625,9913,B. taurus,3.6990776,1.87787,7
Q3SZM5,9913,B. taurus,8.391583,5.0165877,2
O46522,9913,B. taurus,4.979277,4.1489935,2
Q705V4,9913,B. taurus,7.7259607,-2.1043856,16
P79342,9913,B. taurus,5.5679026,2.5699577,10
P03968,9913,B. taurus,4.135694,2.055767,7
P18341,9913,B. taurus,3.8856008,2.461149,10
A6QLN6,9913,B. taurus,3.5456789,5.2480984,11
P0C2B8,9913,B. taurus,6.8312945,1.0713875,4
Q2F6J6,9913,B. taurus,4.50657,0.9125123,3
O88962,10090,M. musculus,11.86288,4.8119025,7
Q8BRB8,10090,M. musculus,7.426538,-0.84788275,14
O88427,10090,M. musculus,6.046574,-0.07966601,5
P68404,10090,M. musculus,10.74741,2.5322099,2
Q9QUN3,10090,M. musculus,6.100347,0.22310497,4
Q8CBW3,10090,M. musculus,7.5443788,-0.12976123,6
Q06335,10090,M. musculus,4.5828066,1.2034208,5
Q9JIY5,10090,M. musculus,8.394105,7.8954525,7
A4Q9F0,10090,M. musculus,7.2153764,0.6396123,14
Q9D5A0,10090,M. musculus,7.891893,-1.8011833,16
Q62446,10090,M. musculus,9.205942,2.7615538,3
A0A3B2WAR9,10090,M. musculus,4.3834577,2.363123,7
Q64511,10090,M. musculus,8.283608,2.9277499,1
P70190,10090,M. musculus,6.8703756,0.9276192,14
P01868,10090,M. musculus,3.2809227,1.2076703,10
Q810N9,10090,M. musculus,7.086422,-0.35665053,16
Q9R0Q8,10090,M. musculus,3.7280724,0.8669065,7
Q9Z1U5,10090,M. musculus,14.236741,12.723124,2
P97391,10090,M. musculus,4.372089,1.3239563,3
P10833,10090,M. musculus,15.226397,2.2633514,7
P51637,10090,M. musculus,5.5429826,3.2219367,7
Q9QZL0,10090,M. musculus,5.900382,0.114940025,5
P31001,10090,M. musculus,1.7542776,8.7321415,1
P20065,10090,M. musculus,8.502655,-2.3353293,16
P62858,10090,M. musculus,8.615903,-0.21936464,14
Q8K3A0,10090,M. musculus,7.3856044,2.0321789,3
Q9JI38,10090,M. musculus,7.8464565,2.1763399,3
P70182,10090,M. musculus,8.10946,0.030406753,14
O35280,10090,M. musculus,5.705456,2.2277017,10
Q924A2,10090,M. musculus,6.128309,-1.3453751,5
Q9Z1N5,10090,M. musculus,10.303791,3.093796,17
Q71M36,10090,M. musculus,5.7924256,-1.277527,5
Q3ULJ3,10090,M. musculus,5.5698824,0.5122079,4
Q04887,10090,M. musculus,6.87027,-1.9916761,6
Q99LJ8,10090,M. musculus,6.792099,1.7503431,3
Q9EQF4,10090,M. musculus,4.279952,1.4385344,5
Q9WUB6,10090,M. musculus,5.260789,4.6850066,2
Q9QZB0,10090,M. musculus,7.2673273,1.1266456,3
Q8BXP5,10090,M. musculus,5.0258303,0.8128017,4
Q9CWZ3,10090,M. musculus,7.221216,0.18284975,3
Q8CI71,10090,M. musculus,3.8215346,3.789394,15
Q8CGV2,10090,M. musculus,7.8772526,3.4518661,3
Q9DBQ7,10090,M. musculus,5.659071,1.0329329,4
P28650,10090,M. musculus,8.374975,6.258303,12
Q11127,10090,M. musculus,4.0110426,2.4718738,7
O35864,10090,M. musculus,7.5801516,2.9384103,3
Q8R5M8,10090,M. musculus,3.8890345,2.966174,10
Q8BP48,10090,M. musculus,8.91667,5.1130342,11
D3Z5S8,10090,M. musculus,6.214406,1.5113896,4
P29391,10090,M. musculus,6.3013043,2.9568472,7
Q9D4H4,10090,M. musculus,5.827668,0.6686478,4
Q9CZK6,10090,M. musculus,5.7344666,0.7868537,4
Q9JMK2,10090,M. musculus,5.8763423,2.4090915,2
Q6PCX8,10090,M. musculus,12.368402,-3.993944,5
Q924W5,10090,M. musculus,8.172304,1.9630266,3
Q6TAC4,10090,M. musculus,4.3862004,2.3473399,7
E9Q3E1,10090,M. musculus,10.013631,5.890579,11
Q8VCG9,10090,M. musculus,5.365602,1.413968,4
Q7TNS7,10090,M. musculus,3.8602839,3.218615,15
Q8VI75,10090,M. musculus,7.309079,2.3041964,7
A0A0A6YX38,10090,M. musculus,5.811045,-1.3101292,5
O88351,10090,M. musculus,7.0771394,1.2337669,3
Q09014,10090,M. musculus,5.72886,2.0516202,10
Q8K4G1,10090,M. musculus,3.6065435,1.6197301,4
Q8BKV0,10090,M. musculus,4.295751,1.0029641,14
P83741,10090,M. musculus,6.6880083,-1.2354358,6
Q3UF38,10090,M. musculus,8.060398,1.7461996,3
Q9JLB2,10090,M. musculus,6.094466,2.1165972,7
Q3UES3,10090,M. musculus,8.541448,2.1631835,3
Q9CWM2,10090,M. musculus,5.594685,1.1665255,4
A2AUU0,10090,M. musculus,7.240546,0.88205904,3
Q8CIN4,10090,M. musculus,10.490929,2.1653428,7
Q9R1K7,10090,M. musculus,6.120245,2.270614,7
Q8CDK2,10090,M. musculus,7.2208147,0.7640331,3
Q9CQC4,10090,M. musculus,4.220116,3.773796,15
Q99MK8,10090,M. musculus,10.366143,2.2838235,3
Q504M2,10090,M. musculus,7.0404043,2.4692996,7
Q62314,10090,M. musculus,6.267683,-0.975176,6
P19221,10090,M. musculus,4.0075254,2.1946332,3
P10810,10090,M. musculus,4.1221023,1.2369115,5
Q3USQ7,10090,M. musculus,5.7122273,-0.8307826,5
Q80XN0,10090,M. musculus,8.801872,4.237271,7
Q9D563,10090,M. musculus,4.2713947,3.2095404,10
A2AL36,10090,M. musculus,6.9672832,-0.15216178,5
Q99LE6,10090,M. musculus,8.798725,3.3892431,17
Q8K124,10090,M. musculus,5.577075,0.32268634,5
Q9ER62,10090,M. musculus,3.6649253,0.9260836,3
Q3URD3,10090,M. musculus,6.172961,1.0556228,4
Q9Z0L4,10090,M. musculus,4.1940246,1.0302732,5
E9PYI1,10090,M. musculus,12.33178,-3.9628901,5
O08691,10090,M. musculus,9.343696,5.026868,11
Q3TLH4,10090,M. musculus,6.6988134,-1.1866366,6
Q60715,10090,M. musculus,4.711873,2.480945,7
P80560,10090,M. musculus,3.8086922,1.3523781,4
Q8R0T6,10090,M. musculus,3.501052,1.614505,10
O70279,10090,M. musculus,8.32823,0.38211766,14
Q9D8H4,10090,M. musculus,5.010949,5.0145926,2
Q8BHE4,10090,M. musculus,5.7668753,-1.2151891,5
P20109,10090,M. musculus,3.952854,0.045768283,5
E9PXF8,10090,M. musculus,7.298936,1.0928775,14
B1AVB4,10090,M. musculus,6.000995,-0.6128343,4
Q9CYP7,10090,M. musculus,6.4706874,1.6933337,4
O89084,10090,M. musculus,6.1784744,-0.12015516,5
Q8BG60,10090,M. musculus,5.84936,2.2267528,10
E0CZ42,10090,M. musculus,7.297566,1.8826603,3
A0A3B2W851,10090,M. musculus,4.4310336,2.319322,7
Q64112,10090,M. musculus,6.833226,1.2781402,3
Q9Z0F6,10090,M. musculus,5.1097307,0.8823606,7
Q6P4T1,10090,M. musculus,5.4863915,0.53143114,5
P33435,10090,M. musculus,4.170164,2.0949707,7
O88576,10090,M. musculus,5.266127,4.9362307,17
Q5SUV1,10090,M. musculus,3.9980698,3.2664523,15
A0A075B5J0,10090,M. musculus,3.4428186,0.9798803,7
Q923I7,10090,M. musculus,5.139448,4.999634,2
B6A8R8,10090,M. musculus,3.309558,0.9274132,7
O09114,10090,M. musculus,3.597735,1.2242354,10
Q9DCC8,10090,M. musculus,6.816804,2.1830308,4
F8VQ70,10090,M. musculus,5.793948,1.4956226,4
Q8K212,10090,M. musculus,6.142877,1.0017523,4
Q6KAQ7,10090,M. musculus,6.603201,-0.72269094,6
Q9Z2X8,10090,M. musculus,3.972981,3.3950021,15
Q8K409,10090,M. musculus,4.302008,3.8015804,2
P08680,10090,M. musculus,8.874915,4.5781865,7
Q64685,10090,M. musculus,4.680636,1.7264935,5
Q9DCA2,10090,M. musculus,7.792648,5.2021184,7
F6ZJR3,10090,M. musculus,8.491465,-2.8115613,16
Q9QX29,10090,M. musculus,5.627493,3.71054,3
Q91YM2,10090,M. musculus,7.4180837,1.4295676,3
Q80X90,10090,M. musculus,7.2048016,2.6039875,17
Q8R089,10090,M. musculus,6.3332534,-1.6256009,6
Q9JI81,10090,M. musculus,5.0112185,3.3995261,7
P23242,10090,M. musculus,5.8999667,3.5680547,14
O54957,10090,M. musculus,5.8273225,-0.93431044,5
G5E8G2,10090,M. musculus,6.3098683,-0.038597062,5
B3GLJ6,10090,M. musculus,4.085133,0.8766648,3
P35295,10090,M. musculus,5.6998706,2.2813525,10
Q61072,10090,M. musculus,3.8107324,2.8193219,10
Q6NXL1,10090,M. musculus,8.188852,2.3440769,17
Q9D2N9,10090,M. musculus,8.1904955,2.993094,7
O88559,10090,M. musculus,4.8882475,2.447771,4
O08983,10090,M. musculus,5.754011,1.4458642,4
Q9Z1Z0,10090,M. musculus,5.165039,2.857759,10
Q64446,10090,M. musculus,8.162377,4.2395167,7
P60766,10090,M. musculus,2.9445462,5.0948696,2
Q9Z1Q5,10090,M. musculus,10.330311,4.564346,3
Q99PH7,10090,M. musculus,5.955308,-0.65636265,4
Q5SXY1,10090,M. musculus,7.416773,-0.34994718,6
O88792,10090,M. musculus,3.4584105,1.5147316,10
Q8C9E1,10090,M. musculus,3.884061,2.7730093,10
B5KM66,10090,M. musculus,8.540187,-2.5155454,16
Q61039,10090,M. musculus,6.4230905,-2.0714152,6
Q5HZK2,10090,M. musculus,4.1541057,0.7377124,5
Q8BIF0,10090,M. musculus,6.0240755,-0.5511246,5
Q61043,10090,M. musculus,6.7336187,0.09156827,5
Q9DCT2,10090,M. musculus,8.846913,-2.3915606,16
P63137,10090,M. musculus,3.5888186,3.9205287,15
Q9JHE4,10090,M. musculus,4.0972967,2.633016,10
Q9CR11,10090,M. musculus,4.8679037,3.038569,10
Q925E8,10090,M. musculus,5.3629465,4.236226,2
P70412,10090,M. musculus,3.9216697,1.7573587,3
Q91YJ3,10090,M. musculus,6.2927403,2.536862,7
Q06890,10090,M. musculus,4.431023,0.32099172,14
P49935,10090,M. musculus,5.020092,3.3873253,17
Q99NE5,10090,M. musculus,6.806966,-0.42776963,6
G3X939,10090,M. musculus,5.6481295,4.6285343,3
Q9JK97,10090,M. musculus,5.6114016,0.46300906,4
B2RX88,10090,M. musculus,6.1290135,0.35292944,5
Q61823,10090,M. musculus,6.94191,2.025352,3
A0A087WPM2,10090,M. musculus,6.054637,0.9098346,4
Q4QQN0,10090,M. musculus,6.1233478,1.4263719,4
P97303,10090,M. musculus,5.5935106,0.3968771,5
Q9CQ54,10090,M. musculus,7.6366982,2.135955,1
Q8K4C2,10090,M. musculus,4.485972,0.91546273,4
Q9CPY1,10090,M. musculus,8.812176,-2.1566348,16
Q52KH0,10090,M. musculus,5.8081446,-1.2638279,16
Q9CZS3,10090,M. musculus,7.3417788,1.0306722,3
P43345,10090,M. musculus,6.4143696,-1.9110892,6
Q9JJL9,10090,M. musculus,12.931909,2.8947375,10
O08843,10090,M. musculus,3.8755934,0.67014605,5
L7N477,10090,M. musculus,3.6714182,0.70901084,5
P70290,10090,M. musculus,7.6390185,2.5844564,17
Q91WV7,10090,M. musculus,4.7362027,2.7446814,17
Q8R180,10090,M. musculus,4.960452,1.6238936,4
D3YVF0,10090,M. musculus,5.974619,-0.68084574,5
Q6K1E7,10090,M. musculus,5.7781386,-1.2807058,5
P63260,10090,M. musculus,20.421543,4.079932,2
Q9D073,10090,M. musculus,8.604901,-1.1246029,16
Q9EPK7,10090,M. musculus,7.230828,2.2363086,17
Q62305,10090,M. musculus,8.296031,-3.8596592,9
Q571L0,10090,M. musculus,5.7928185,-1.2332218,5
Q0GA42,10090,M. musculus,4.359464,2.9095156,10
Q6PCP5,10090,M. musculus,5.8866596,1.0565231,4
Q9DCR4,10090,M. musculus,8.696613,-2.4266834,16
Q8R4I1,10090,M. musculus,6.1218615,-1.2724322,6
Q6Y684,10090,M. musculus,8.709199,3.3646605,12
H3BJD0,10090,M. musculus,6.2419105,0.16515699,5
Q3UH98,10090,M. musculus,6.511183,1.4081215,4
O70624,10090,M. musculus,4.037355,1.7200441,3
Q9JLQ4,10090,M. musculus,6.0960784,-1.1141971,4
Q922J9,10090,M. musculus,8.858217,4.491346,11
Q8BG07,10090,M. musculus,4.0927005,1.8767225,7
Q8BI84,10090,M. musculus,6.219895,-0.90082157,5
Q80UY9,10090,M. musculus,7.0936775,-0.26048073,5
Q9DA75,10090,M. musculus,4.524375,4.3763785,10
Q8R4R6,10090,M. musculus,5.8702936,0.86451656,4
Q9QYY8,10090,M. musculus,7.6549196,1.0387491,3
O08599,10090,M. musculus,8.401042,3.009256,12
Q66T02,10090,M. musculus,4.8025537,2.4091878,10
Q01320,10090,M. musculus,8.077659,2.9227433,1
Q9WTW5,10090,M. musculus,5.0609603,5.026415,2
Q80T82,10090,M. musculus,5.791727,-1.2745965,5
Q8VED9,10090,M. musculus,3.6346302,3.8452432,15
Q9CWX4,10090,M. musculus,5.831192,2.0003746,10
P0C605,10090,M. musculus,3.4495313,4.194955,15
Q91ZP4,10090,M. musculus,5.1626167,5.03532,11
P12023,10090,M. musculus,4.7558036,1.4400288,4
Q0VDU3,10090,M. musculus,3.2188053,-0.8688432,7
Q9CPZ8,10090,M. musculus,6.0874844,2.4612033,10
P70679,10090,M. musculus,3.2297363,1.032551,7
Q8BGY9,10090,M. musculus,5.1531005,5.0891976,2
Q6ZQM0,10090,M. musculus,5.7915416,0.6460784,4
O08795,10090,M. musculus,4.4622912,1.6202338,1
P43023,10090,M. musculus,7.649784,2.2998636,17
P47758,10090,M. musculus,8.713495,3.4241376,12
Q9D3A8,10090,M. musculus,6.1070614,0.21726766,5
Q9CUS9,10090,M. musculus,5.3735437,3.4238877,10
Q3UUY6,10090,M. musculus,4.1209188,1.4903613,4
Q8VHI5,10090,M. musculus,3.585254,1.916719,10
O70309,10090,M. musculus,3.8279161,2.7093441,10
P48025,10090,M. musculus,10.248723,2.3507576,3
Q810M1,10090,M. musculus,8.76652,-2.9771805,16
Q8K023,10090,M. musculus,4.6530066,3.8569722,2
Q68FE2,10090,M. musculus,5.7953086,2.7825685,4
O70258,10090,M. musculus,5.0058985,1.9535949,4
Q64464,10090,M. musculus,11.727266,4.7654357,2
Q9D9K8,10090,M. musculus,6.3083982,0.91498256,4
Q9DCE5,10090,M. musculus,8.073829,2.420242,3
Q9CQX2,10090,M. musculus,9.082629,2.822125,3
Q9WTN3,10090,M. musculus,5.5008917,1.3265841,4
A2A6A1,10090,M. musculus,6.7236867,-0.9790263,6
P63087,10090,M. musculus,-2.0217605,12.0040655,11
P81269,10090,M. musculus,6.724944,-1.4643687,6
Q9DCW4,10090,M. musculus,9.217559,6.22798,17
Q7TS63,10090,M. musculus,6.586537,-1.4402184,5
P01895,10090,M. musculus,3.2204058,1.0144861,7
Q9EPJ9,10090,M. musculus,7.6265874,-0.04814772,1
P81183,10090,M. musculus,6.684212,-1.2611234,6
Q7TN08,10090,M. musculus,5.6986537,-1.009292,5
Q60754,10090,M. musculus,2.7608783,1.5199308,1
Q91XX4,10090,M. musculus,2.6883433,2.0903554,7
Q8BG30,10090,M. musculus,6.01669,0.60011584,5
Q0PHV7,10090,M. musculus,5.7947154,-1.1433499,5
P30993,10090,M. musculus,3.2757576,-0.8097814,2
P54797,10090,M. musculus,3.7185504,3.8791382,15
Q7TT18,10090,M. musculus,6.3556848,-1.0513179,6
B1AWC8,10090,M. musculus,7.20204,0.8588618,3
Q9DCU6,10090,M. musculus,7.544544,5.280966,10
Q8CBY0,10090,M. musculus,7.025186,1.3680513,4
Q8K4Z0,10090,M. musculus,3.721671,2.0441742,10
Q3TFD2,10090,M. musculus,4.590874,3.0246103,10
B1ATE0,10090,M. musculus,6.087728,-0.56852627,5
P27664,10090,M. musculus,7.4947534,2.1040566,7
O08644,10090,M. musculus,4.257881,1.7298707,3
P59267,10090,M. musculus,5.9835463,3.3641484,5
Q9QWY8,10090,M. musculus,7.3582845,0.6650886,14
Q3UGC3,10090,M. musculus,6.7679243,-0.24868312,14
P48722,10090,M. musculus,5.2492156,2.8628743,2
Q2NL51,10090,M. musculus,10.799795,2.1957588,3
Q9JIP9,10090,M. musculus,3.5969303,0.8247749,4
P24721,10090,M. musculus,3.5387475,0.9240895,10
V9GXY9,10090,M. musculus,8.369584,-3.284856,9
Q99JI1,10090,M. musculus,8.223343,-1.3582995,16
D3YXJ0,10090,M. musculus,7.0228143,1.242405,3
Q3TWI9,10090,M. musculus,5.652665,3.74477,7
P28357,10090,M. musculus,6.353988,-1.8527683,6
Q80U12,10090,M. musculus,6.9480867,0.620409,5
Q3TU38,10090,M. musculus,3.1629558,2.01264,7
Q62440,10090,M. musculus,6.787458,-1.106269,6
Q5NCC3,10090,M. musculus,5.1675715,0.6162147,5
G0XYF0,10090,M. musculus,6.8778167,1.3736434,3
A2AET8,10090,M. musculus,6.8937163,0.8240735,3
Q80SZ6,10090,M. musculus,6.4183903,0.9882723,7
P63030,10090,M. musculus,7.598606,3.0587966,12
Q9WUD1,10090,M. musculus,5.1375303,2.9207296,10
Q9R257,10090,M. musculus,9.281396,4.5864983,17
P19437,10090,M. musculus,3.9855921,0.6924931,5
A0A0J9YUW0,10090,M. musculus,3.0040295,2.9351275,2
O88393,10090,M. musculus,4.1902094,0.8152122,5
P35285,10090,M. musculus,15.248528,2.2755408,11
E9Q9S8,10090,M. musculus,12.284321,0.34438977,4
Q9WUZ6,10090,M. musculus,3.8576124,1.4144282,7
Q6PH97,10090,M. musculus,5.827991,-1.201121,16
Q02853,10090,M. musculus,4.0362763,1.8549235,3
Q8C5H8,10090,M. musculus,5.0747776,2.820285,10
Q80TY0,10090,M. musculus,4.8782787,2.7746084,10
Q3U319,10090,M. musculus,5.7971516,1.2886016,4
Q9CR14,10090,M. musculus,5.9911222,1.9298829,7
Q91YX7,10090,M. musculus,3.7678425,3.745851,15
Q8K021,10090,M. musculus,5.602204,2.650989,4
P12025,10090,M. musculus,3.975599,1.797372,4
Q6NS46,10090,M. musculus,7.0608344,1.7665915,7
Q6P3Y9,10090,M. musculus,3.499589,1.9704478,10
Q6NSW3,10090,M. musculus,5.9269023,-0.9634218,16
O08583,10090,M. musculus,4.8504534,2.9544415,10
Q8R534,10090,M. musculus,4.2434425,1.9551052,3
Q8K0F1,10090,M. musculus,4.150592,3.4127982,10
O35594,10090,M. musculus,7.148532,1.2923558,1
Q70LN0,10090,M. musculus,8.714795,-1.367004,14
Q9CRB0,10090,M. musculus,6.919783,0.6399566,3
Q3UYW8,10090,M. musculus,8.0662365,-1.3428754,16
Q8BLR2,10090,M. musculus,9.280699,4.204416,11
Q8QZS1,10090,M. musculus,9.236574,5.1902795,11
Q6P5D8,10090,M. musculus,6.200877,1.921169,4
Q08460,10090,M. musculus,5.654898,3.4375935,7
Q9ERE3,10090,M. musculus,10.698674,2.4374406,7
Q99N13,10090,M. musculus,6.6063833,-1.2761295,6
P35583,10090,M. musculus,6.6476293,-1.8287219,6
Q9ERB0,10090,M. musculus,4.4002194,-1.7437234,1
Q9Z1P6,10090,M. musculus,8.731249,-2.145905,16
Q9ESN5,10090,M. musculus,6.6668215,0.7078522,14
Q6P1Y8,10090,M. musculus,6.613228,1.3684461,3
P0DP59,10090,M. musculus,3.9480822,0.7822048,3
Q8R191,10090,M. musculus,6.0697026,3.7944002,12
O89112,10090,M. musculus,9.245447,4.3786144,17
B1AY10,10090,M. musculus,5.848723,1.0341129,4
P54923,10090,M. musculus,8.117102,4.805685,2
Q9Z1M2,10090,M. musculus,6.591475,0.9706419,3
Q60707,10090,M. musculus,6.50803,-1.629991,6
Q99N93,10090,M. musculus,7.461422,5.446238,12
P53347,10090,M. musculus,3.6820517,-0.08274271,5
Q8BS92,10090,M. musculus,2.6800663,2.0880659,7
Q9DB07,10090,M. musculus,5.9979105,1.4724982,4
Q14B46,10090,M. musculus,6.0355873,1.3866292,4
Q8BYK4,10090,M. musculus,9.710706,5.0263996,11
Q8VD72,10090,M. musculus,5.458303,2.6772308,10
Q8C2S7,10090,M. musculus,4.377893,1.0809243,5
Q3TNS5,10090,M. musculus,5.9660635,1.7382833,10
Q9D2L1,10090,M. musculus,7.0348005,3.3916173,7
V9GXI3,10090,M. musculus,8.203235,-1.4208021,14
P61514,10090,M. musculus,8.737402,-3.0131655,16
Q8BL66,10090,M. musculus,7.582509,-0.30197546,14
Q8K0P3,10090,M. musculus,5.611435,2.0081632,10
Q8VCC6,10090,M. musculus,5.282798,1.0212487,4
P68372,10090,M. musculus,-3.4779408,1.6117239,12
P27106,10090,M. musculus,4.7673726,0.7696775,5
Q80Y84,10090,M. musculus,7.2044096,0.7861247,14
Q62165,10090,M. musculus,4.3605585,1.4828995,1
Q9QWL7,10090,M. musculus,1.7544296,8.731845,1
D3YUS5,10090,M. musculus,6.940263,0.5731776,14
Q9DA57,10090,M. musculus,5.6594086,-1.5583857,9
Q6GQT6,10090,M. musculus,4.301168,2.794276,10
Q1WG82,10090,M. musculus,5.708881,-1.4542751,9
Q8BG39,10090,M. musculus,4.8959646,4.5979896,2
O70355,10090,M. musculus,3.2500648,0.95744145,10
Q9CWT3,10090,M. musculus,6.8628664,0.6055786,3
Q71KT5,10090,M. musculus,5.3281136,3.9079096,11
Q9DA19,10090,M. musculus,5.777233,1.0780076,4
Q3UZP0,10090,M. musculus,5.9980307,3.4199677,14
Q62422,10090,M. musculus,8.735287,2.169822,3
Q9QYS9,10090,M. musculus,6.7697964,0.1655782,4
Q8BMJ3,10090,M. musculus,3.3831742,4.2534194,15
F7AD18,10090,M. musculus,3.2601705,1.0687124,7
E9PUT0,10090,M. musculus,12.391583,-4.013698,5
Q91X86,10090,M. musculus,5.7368774,2.022154,10
Q64191,10090,M. musculus,8.9168,4.7078085,7
P40338,10090,M. musculus,4.514933,2.59635,10
P23818,10090,M. musculus,4.8889737,4.1417623,7
A0A1B0GRD7,10090,M. musculus,7.7199516,0.18167803,3
Q9CUN6,10090,M. musculus,7.348008,1.8088858,3
Q69ZR9,10090,M. musculus,6.282356,-0.7883854,5
Q9DD03,10090,M. musculus,15.243536,2.270794,11
Q8K1T0,10090,M. musculus,3.9035277,2.2778125,7
Q8BFW9,10090,M. musculus,3.1140647,-0.89557815,7
P10637,10090,M. musculus,6.5672297,-1.0409156,6
Q8BXQ6,10090,M. musculus,7.428123,0.68811655,14
Q99JX1,10090,M. musculus,8.28139,0.15137243,14
P56656,10090,M. musculus,11.765105,4.7620163,2
Q91XY0,10090,M. musculus,2.7106853,2.106382,10
Q9CZB0,10090,M. musculus,7.557928,2.989229,12
Q3TAS6,10090,M. musculus,5.464599,1.4430381,4
P97865,10090,M. musculus,4.331351,3.7133129,2
Q9D291,10090,M. musculus,8.500707,4.0499153,7
Q14AT5,10090,M. musculus,5.8319745,3.3661366,3
Q9CZP5,10090,M. musculus,8.527906,3.9807653,11
Q6ZQD4,10090,M. musculus,2.6832006,2.088461,7
Q8CII9,10090,M. musculus,4.279621,1.0187658,5
Q91XL9,10090,M. musculus,6.114397,2.183632,7
Q9WUP1,10090,M. musculus,3.8119035,2.3842065,10
P13542,10090,M. musculus,3.5431893,5.24187,17
Q64324,10090,M. musculus,8.430017,3.0866585,12
Q9WVM1,10090,M. musculus,7.1605806,0.9421507,3
Q91X34,10090,M. musculus,6.4137077,2.970978,7
P42567,10090,M. musculus,5.9759855,0.7174396,4
Q8C2B3,10090,M. musculus,5.9833703,-0.09639834,5
Q8K2F8,10090,M. musculus,6.1770964,0.23217666,4
Q9D125,10090,M. musculus,8.260238,1.4429523,14
Q9JKT4,10090,M. musculus,3.2969046,-0.7104772,10
Q60864,10090,M. musculus,8.31828,2.7898755,11
Q8VFX2,10090,M. musculus,14.236844,12.723222,2
P43027,10090,M. musculus,4.2064767,0.9259123,5
E9PZZ1,10090,M. musculus,6.024388,-1.5131193,5
O35732,10090,M. musculus,5.597614,1.2620286,7
O88544,10090,M. musculus,4.000752,3.738745,15
B0V2N1,10090,M. musculus,3.8607354,1.9158902,7
Q91X51,10090,M. musculus,5.8832936,-0.66653883,5
A0A1Y7VME9,10090,M. musculus,7.47693,0.9726618,14
Q8C8C1,10090,M. musculus,5.9363856,-0.59438324,5
Q6R653,10090,M. musculus,5.2351565,1.0469949,4
Q9WTI7,10090,M. musculus,7.110502,2.198893,7
Q9D8K8,10090,M. musculus,11.967131,5.7630377,2
P21956,10090,M. musculus,12.211442,3.5352898,10
Q08024,10090,M. musculus,8.790021,-3.0241687,16
Q9DCH6,10090,M. musculus,5.472332,1.1235482,4
P17932,10090,M. musculus,3.4579067,4.1769557,15
Q9Z0I7,10090,M. musculus,6.18299,1.7899839,7
O35227,10090,M. musculus,4.3047776,1.9800999,3
Q8VGS3,10090,M. musculus,14.236869,12.72328,2
Q9CQD8,10090,M. musculus,8.434721,-2.4325593,16
Q923B6,10090,M. musculus,5.4194646,4.112862,7
Q80SY4,10090,M. musculus,6.638489,1.8822284,7
P24823,10090,M. musculus,4.8200073,3.3835707,2
B2RX12,10090,M. musculus,6.141274,5.57785,7
Q8BK30,10090,M. musculus,6.705644,0.77234674,5
A2AT93,10090,M. musculus,6.720191,0.8076329,4
Q9JHS4,10090,M. musculus,4.9515285,3.0054064,10
Q61112,10090,M. musculus,4.4539943,1.7557724,3
A0A0G2JEZ5,10090,M. musculus,8.262581,-3.972248,9
Q3U2K5,10090,M. musculus,7.362734,0.63109255,14
A0A3Q4EGZ3,10090,M. musculus,8.523611,-3.1751864,9
Q9CQX8,10090,M. musculus,6.3258305,0.68574667,5
A4Q9F4,10090,M. musculus,4.3608212,2.9185183,10
Q5SVD0,10090,M. musculus,7.9890094,-1.9196041,16
P21278,10090,M. musculus,10.3928995,3.9421818,11
P04925,10090,M. musculus,7.167108,-0.33063725,1
Q9R0A5,10090,M. musculus,6.184225,-0.09779633,3
Q8BUZ1,10090,M. musculus,8.185299,-1.0176286,16
Q5QD08,10090,M. musculus,13.012899,2.9868376,2
Q62431,10090,M. musculus,6.697604,-1.4846772,6
P25233,10090,M. musculus,5.986707,0.29260656,5
Q1RNF8,10090,M. musculus,6.1505737,-1.3367791,5
Q8VEA6,10090,M. musculus,3.7922864,1.2955705,4
Q5SUC9,10090,M. musculus,8.434878,3.5739815,17
Q8BX51,10090,M. musculus,4.480777,2.28461,7
Q3UFU7,10090,M. musculus,7.577918,-0.33107904,14
Q8BJT9,10090,M. musculus,4.4591517,2.1031306,3
P61458,10090,M. musculus,9.090968,6.4328237,8
Q8BRM2,10090,M. musculus,5.8576145,0.588854,4
P51670,10090,M. musculus,3.9811914,0.7513128,5
Q8VHI3,10090,M. musculus,4.8224163,3.058879,10
Q61070,10090,M. musculus,6.2698617,3.9796376,12
Q8BVN4,10090,M. musculus,5.623627,1.0350453,4
O55128,10090,M. musculus,8.902979,2.845204,1
Q99M59,10090,M. musculus,8.200188,1.8670417,17
Q91YS3,10090,M. musculus,6.053085,0.37894264,5
Q8BPB5,10090,M. musculus,3.6148686,2.5439553,10
Q9WU78,10090,M. musculus,6.500362,1.9681649,4
P01844,10090,M. musculus,3.3147652,1.0630133,7
Q61469,10090,M. musculus,4.383426,4.16435,15
Q62261,10090,M. musculus,6.3675976,2.4794405,7
Q8VG11,10090,M. musculus,14.236911,12.723311,2
Q99NC2,10090,M. musculus,5.985082,-0.6791654,4
Q5FWH3,10090,M. musculus,6.062946,0.8368042,4
Q8C1D4,10090,M. musculus,6.829873,2.3927937,7
E9Q4K7,10090,M. musculus,6.730918,0.29861304,5
Q9ESG6,10090,M. musculus,12.913605,2.8876173,10
Q99P47,10090,M. musculus,3.7746968,1.9969398,7
Q8VDX6,10090,M. musculus,6.782004,3.190431,4
Q00493,10090,M. musculus,5.332559,3.3965895,7
Q8K4A2,10090,M. musculus,2.671497,2.0947208,10
Q9DCW2,10090,M. musculus,8.469335,2.687042,17
P09027,10090,M. musculus,6.5635633,-2.0120704,6
A0A076N8A1,10090,M. musculus,7.4624453,-1.3129126,6
Q3TKY6,10090,M. musculus,8.537545,0.6504264,1
A0A3B2WD64,10090,M. musculus,4.527383,2.626994,3
P48772,10090,M. musculus,7.6479855,2.3143785,1
O35185,10090,M. musculus,5.2447014,1.6114556,4
Q99NF3,10090,M. musculus,5.8059554,1.4481039,4
Q80XL8,10090,M. musculus,6.10105,-0.047646835,3
O08603,10090,M. musculus,3.8747725,0.370583,5
Q8VHQ9,10090,M. musculus,4.529114,3.0356653,10
Q8BUG8,10090,M. musculus,5.8483596,3.3545222,3
P36371,10090,M. musculus,6.166546,5.5375643,7
Q3TAQ1,10090,M. musculus,8.246826,-2.5856628,9
Q8VE10,10090,M. musculus,4.165729,3.4360678,15
Q921M7,10090,M. musculus,8.068039,0.702403,14
Q62151,10090,M. musculus,3.9568162,0.9829633,5
A2A891,10090,M. musculus,5.7513223,0.57836044,5
Q62277,10090,M. musculus,6.075405,3.658771,1
Q9DBK7,10090,M. musculus,6.357401,2.963107,17
F6TQW2,10090,M. musculus,3.2639265,1.0902833,10
Q5DID3,10090,M. musculus,3.8650374,0.9054877,5
P25916,10090,M. musculus,5.3573394,2.1742165,10
Q02384,10090,M. musculus,5.9349566,1.919304,4
Q80UF4,10090,M. musculus,6.525878,0.5941256,5
Q8BUE7,10090,M. musculus,5.836648,-1.133169,5
Q9EQ20,10090,M. musculus,10.03828,5.9366364,11
Q60631,10090,M. musculus,10.787341,2.7257469,2
Q6ZPX4,10090,M. musculus,6.0135026,-0.095593154,5
Q8C838,10090,M. musculus,5.675737,0.7533981,4
P11942,10090,M. musculus,3.6575284,0.94639623,4
Q6J1Y9,10116,R. norvegicus,6.076616,-0.25247493,5
P37089,10116,R. norvegicus,3.938609,2.9459927,10
B5DES0,10116,R. norvegicus,9.230787,2.830018,12
G3V6G7,10116,R. norvegicus,4.3873997,3.67998,10
Q5PPK9,10116,R. norvegicus,5.5938234,2.7565956,10
A0A8I6AMS6,10116,R. norvegicus,6.926269,2.1270995,7
A0A0G2K2S1,10116,R. norvegicus,4.558964,3.0739508,10
D4A109,10116,R. norvegicus,3.5611658,0.94259405,7
A0A8I6A8E0,10116,R. norvegicus,7.580436,-0.29192358,14
P63036,10116,R. norvegicus,9.642624,3.2955294,7
Q9ERZ8,10116,R. norvegicus,5.757529,3.5960608,3
Q7TPK6,10116,R. norvegicus,5.911955,-0.73424596,5
A0A8I6AP78,10116,R. norvegicus,6.8551636,-2.0138412,6
Q4V7D2,10116,R. norvegicus,8.242658,-2.5345955,16
Q3KR75,10116,R. norvegicus,4.1211123,0.8341068,5
Q06647,10116,R. norvegicus,9.543688,4.6747627,11
O70461,10116,R. norvegicus,4.5600934,4.5693913,10
A0A8I6GM01,10116,R. norvegicus,7.352312,1.4633708,3
Q9Z1D3,10116,R. norvegicus,3.7491179,2.3574107,2
D3ZVC2,10116,R. norvegicus,5.8546824,3.3753638,5
P30009,10116,R. norvegicus,6.927654,-0.8011015,1
Q9Z340,10116,R. norvegicus,6.261809,0.08574074,5
Q6UPR8,10116,R. norvegicus,6.0621424,3.86218,12
P35353,10116,R. norvegicus,3.3892539,4.234744,15
P51907,10116,R. norvegicus,5.049754,4.800176,2
Q6AYA1,10116,R. norvegicus,7.2698965,-0.17439236,1
F7END1,10116,R. norvegicus,8.285718,-2.359546,9
D3ZW08,10116,R. norvegicus,8.915703,5.7683496,2
P28818,10116,R. norvegicus,7.2127275,1.570312,3
P50170,10116,R. norvegicus,4.6478696,3.836736,2
Q9Z1E1,10116,R. norvegicus,8.596547,6.5234303,17
Q63618,10116,R. norvegicus,6.7845225,0.3874572,3
D3ZH22,10116,R. norvegicus,4.4866643,4.2957454,15
Q80WA4,10116,R. norvegicus,6.363766,0.6688985,10
F1LZZ3,10116,R. norvegicus,5.2101407,-0.42995328,3
O88461,10116,R. norvegicus,6.864292,-0.6588959,6
A0A0G2JZ01,10116,R. norvegicus,7.4008665,-1.7755394,6
P62630,10116,R. norvegicus,8.949036,6.181384,17
P49897,10116,R. norvegicus,8.720807,-0.7134944,14
Q9Z0J5,10116,R. norvegicus,9.517454,5.6127496,11
Q7TQ20,10116,R. norvegicus,8.429878,1.032289,1
Q80WY6,10116,R. norvegicus,3.775311,0.80198824,5
A0A8I6B4P2,10116,R. norvegicus,6.69777,-1.4140223,6
Q6DLV9,10116,R. norvegicus,5.42148,2.279167,10
A0A0G2JZL2,10116,R. norvegicus,4.852915,3.391453,2
B2RYH5,10116,R. norvegicus,5.8207836,0.03836043,5
Q63396,10116,R. norvegicus,4.6379848,3.0947018,15
A0A096MJ99,10116,R. norvegicus,4.78113,2.9255185,10
Q8K4K9,10116,R. norvegicus,5.574159,3.8699012,3
Q4V8I9,10116,R. norvegicus,8.758287,5.323436,12
Q71F54,10116,R. norvegicus,6.5379825,-0.6049152,5
Q10473,10116,R. norvegicus,4.7200384,2.4808097,17
A0A8I6AFV6,10116,R. norvegicus,5.6019764,1.9447943,10
A0A8I5ZLS2,10116,R. norvegicus,6.6601205,-0.9293201,6
A0A8I6G6D0,10116,R. norvegicus,3.784302,2.8615522,10
P04166,10116,R. norvegicus,9.054627,2.8514462,3
A0A8I6A4N6,10116,R. norvegicus,6.061265,1.4796247,4
Q32PW9,10116,R. norvegicus,9.0346155,3.629206,17
Q80U96,10116,R. norvegicus,3.7684376,3.7937157,15
D4A453,10116,R. norvegicus,13.736567,6.266354,3
Q63503,10116,R. norvegicus,5.5854154,-0.3681014,6
O54960,10116,R. norvegicus,6.150605,0.24047253,5
Q6P6T4,10116,R. norvegicus,7.396704,2.4440386,7
P24594,10116,R. norvegicus,3.8053954,1.6207125,4
D4A7K6,10116,R. norvegicus,8.151258,1.2266344,14
A1A5S2,10116,R. norvegicus,7.2195425,0.24215496,14
Q9R0N2,10116,R. norvegicus,4.1977696,1.875303,14
Q8K4V4,10116,R. norvegicus,3.7513015,3.7860203,15
Q0HA29,10116,R. norvegicus,6.8823485,2.6436605,7
Q62997,10116,R. norvegicus,3.4187891,2.9358642,10
O35276,10116,R. norvegicus,12.211274,3.5363126,10
O88873,10116,R. norvegicus,5.7266464,0.96027786,4
Q6IE65,10116,R. norvegicus,4.3420897,2.4681137,7
D4A9L2,10116,R. norvegicus,7.3374434,-0.03789863,1
P35286,10116,R. norvegicus,15.244796,2.2710364,11
Q715S9,10116,R. norvegicus,8.844462,3.3130312,17
Q3LRZ1,10116,R. norvegicus,5.843702,0.63927275,4
Q9NQR8,10116,R. norvegicus,8.351556,1.4182909,14
M0RA08,10116,R. norvegicus,5.8806005,-0.8663472,5
A0A0G2JX15,10116,R. norvegicus,6.046025,3.0996532,7
P08050,10116,R. norvegicus,5.899779,3.516738,14
F1LQ22,10116,R. norvegicus,6.1204305,1.5046475,4
A0A0G2JVU1,10116,R. norvegicus,3.8329809,2.7388737,10
P01026,10116,R. norvegicus,3.6482446,2.4186924,7
P29995,10116,R. norvegicus,6.2301373,2.0143316,4
P20781,10116,R. norvegicus,2.928079,2.8959713,7
Q9Z2M4,10116,R. norvegicus,10.055581,5.319027,11
O55162,10116,R. norvegicus,3.931897,0.7506172,5
Q63413,10116,R. norvegicus,10.275854,3.068749,17
Q8K5A9,10116,R. norvegicus,4.760716,0.9634553,4
O88923,10116,R. norvegicus,4.458075,1.9234036,3
P47742,10116,R. norvegicus,3.4475822,2.9540024,10
P24049,10116,R. norvegicus,7.644918,5.840084,12
Q63621,10116,R. norvegicus,3.5154488,1.6334801,10
D4A5A8,10116,R. norvegicus,5.8135757,-1.187472,5
Q9ES54,10116,R. norvegicus,6.4154406,2.0245152,4
A0A8I5ZML8,10116,R. norvegicus,7.7342234,-0.20157589,14
A0A8I6GLH8,10116,R. norvegicus,5.9706306,-0.750261,5
A0A8I5ZTJ7,10116,R. norvegicus,5.911036,-1.1913414,5
A0A8I5ZV35,10116,R. norvegicus,4.0758233,1.8837887,3
Q62902,10116,R. norvegicus,4.6653304,2.3652213,4
A0A8I6A0F9,10116,R. norvegicus,3.7829785,2.944801,10
P23811,10116,R. norvegicus,5.2222195,4.160497,7
Q63604,10116,R. norvegicus,3.9575188,3.1640775,10
P0C865,10116,R. norvegicus,6.1150503,-0.06249422,3
A0A8J8XMF6,10116,R. norvegicus,3.6223574,0.89567775,3
Q63016,10116,R. norvegicus,5.018373,5.0473046,2
A0A8I6AQU5,10116,R. norvegicus,4.5263634,3.1158965,10
O70248,10116,R. norvegicus,5.0960584,0.8338002,7
A0A8I6AFK7,10116,R. norvegicus,2.6609287,1.5189192,1
B1WC72,10116,R. norvegicus,5.577116,1.0517234,10
A0A8I6AP88,10116,R. norvegicus,5.890391,1.5661162,4
A0A0G2JTI7,10116,R. norvegicus,5.7648606,1.7273829,4
A0A8I6A188,10116,R. norvegicus,9.021114,3.8804584,17
P20037,10116,R. norvegicus,3.1942945,1.0302554,10
O08618,10116,R. norvegicus,8.505024,4.8470707,17
D4A1W6,10116,R. norvegicus,9.393591,-5.1013756,5
P35739,10116,R. norvegicus,4.1285634,2.6936457,10
Q99P99,10116,R. norvegicus,6.311365,-0.64764124,14
A0A8I5ZJE7,10116,R. norvegicus,7.3410516,0.76024157,3
P97603,10116,R. norvegicus,3.65839,3.6910667,15
Q9ES08,10116,R. norvegicus,5.661291,3.9214423,3
A0A8I6GFP9,10116,R. norvegicus,6.272841,-1.3283408,6
Q99PS2,10116,R. norvegicus,5.944401,2.363418,7
Q68FP2,10116,R. norvegicus,4.757331,3.233394,7
A0A0G2K9J2,10116,R. norvegicus,6.7822266,2.1757631,7
Q02874,10116,R. norvegicus,8.424147,-7.3396797,3
Q9QZE9,10116,R. norvegicus,4.9666095,3.300753,10
A0A0G2JXD8,10116,R. norvegicus,3.667259,0.78005534,5
F1LQW0,10116,R. norvegicus,5.3889346,4.908845,17
O54857,10116,R. norvegicus,5.581874,2.4955118,10
P20411,10116,R. norvegicus,3.6070044,0.99069375,10
D3ZAF6,10116,R. norvegicus,6.8521733,2.2718785,7
A0A0G2K1P3,10116,R. norvegicus,7.3240666,0.91363114,3
P0C089,10116,R. norvegicus,8.756422,4.33603,17
Q66H70,10116,R. norvegicus,8.458889,-2.4375124,16
A0A8I6GBA2,10116,R. norvegicus,8.453093,-0.115488715,14
F7F661,10116,R. norvegicus,5.596326,2.214943,10
C0HLN0,10116,R. norvegicus,7.664162,2.0227087,1
P63116,10116,R. norvegicus,4.57804,4.6576676,2
Q99PP0,10116,R. norvegicus,3.7449427,1.8925781,7
D4A740,10116,R. norvegicus,4.6521487,0.9186731,4
O55006,10116,R. norvegicus,4.000192,0.78941697,5
A0A096MKF8,10116,R. norvegicus,6.1361036,0.6250123,6
Q5PPP4,10116,R. norvegicus,6.2286463,0.334185,5
Q6AXR3,10116,R. norvegicus,4.205048,1.180636,5
F7F588,10116,R. norvegicus,9.224023,4.6988826,17
Q5RJZ2,10116,R. norvegicus,9.221312,5.0525517,17
Q62733,10116,R. norvegicus,6.2960315,0.070298,5
Q03238,10116,R. norvegicus,3.8286645,2.2975664,10
P62853,10116,R. norvegicus,7.919473,5.3002687,17
Q9EQV9,10116,R. norvegicus,5.2955217,3.3964267,17
P13264,10116,R. norvegicus,3.6716666,3.8850791,15
P43165,10116,R. norvegicus,4.4472694,2.7731185,10
A0A0G2JWP1,10116,R. norvegicus,6.602485,0.40667704,4
F1MA59,10116,R. norvegicus,2.62437,1.5229263,1
Q07490,10116,R. norvegicus,3.9949918,0.6891078,5
Q8R4A9,10116,R. norvegicus,7.6072626,-1.8397007,16
P06762,10116,R. norvegicus,5.746254,2.0009549,7
B5DEH6,10116,R. norvegicus,6.1387024,3.0732086,7
P30713,10116,R. norvegicus,6.4376054,2.841293,7
Q8K415,10116,R. norvegicus,4.5875344,4.6186666,2
Q924C9,10116,R. norvegicus,5.005647,4.824061,2
Q9EQR2,10116,R. norvegicus,8.18802,4.7803335,7
F1M4J0,10116,R. norvegicus,6.056809,1.584163,4
Q6IN12,10116,R. norvegicus,4.404911,1.4369454,5
F1LYQ8,10116,R. norvegicus,6.7557297,1.3715585,3
A0A8I5ZXX2,10116,R. norvegicus,5.5631866,0.8720515,4
A0A8I6GLU0,10116,R. norvegicus,7.362618,1.7980542,3
D3ZJK6,10116,R. norvegicus,7.265584,1.4107966,3
B5DFB2,10116,R. norvegicus,3.3852985,4.2411985,15
O70607,10116,R. norvegicus,8.488034,-3.1223364,9
Q9WVK7,10116,R. norvegicus,9.716903,5.5493674,11
A0A8I6AV81,10116,R. norvegicus,7.3585353,0.85060143,3
Q712G6,10116,R. norvegicus,4.0383096,2.539264,10
Q1KQ07,10116,R. norvegicus,5.0554605,2.3147144,4
P04256,10116,R. norvegicus,7.285161,-0.095448256,1
F1MAK3,10116,R. norvegicus,6.583077,-1.1148196,6
D3ZFJ3,10116,R. norvegicus,5.7404337,1.5266079,4
Q62880,10116,R. norvegicus,7.070714,-0.3484148,1
P01244,10116,R. norvegicus,3.6248713,-0.14461502,5
P62193,10116,R. norvegicus,9.020771,3.539882,3
P60889,10116,R. norvegicus,6.2550135,0.13530222,4
P97609,10116,R. norvegicus,5.7360077,-1.083505,5
P30120,10116,R. norvegicus,4.1294165,1.5654471,4
Q2TGK3,10116,R. norvegicus,6.0427885,3.5120888,14
Q920L7,10116,R. norvegicus,5.462922,4.4905953,2
A0A8I6AL66,10116,R. norvegicus,5.95876,2.0466692,4
P49801,10116,R. norvegicus,8.760266,-2.996171,16
A0A8I5ZK58,10116,R. norvegicus,5.0210886,0.7774222,5
B2RYN2,10116,R. norvegicus,6.883596,0.5960213,5
Q6MG90,10116,R. norvegicus,3.7299688,2.0115533,7
P0C6T3,10116,R. norvegicus,6.0506616,-0.87533927,5
F1LNP1,10116,R. norvegicus,6.864281,-1.1370591,6
Q62952,10116,R. norvegicus,8.717675,5.2199297,11
Q6TXF6,10116,R. norvegicus,5.984514,-0.6217282,5
P04634,10116,R. norvegicus,4.8938375,3.8065553,2
Q5XIA6,10116,R. norvegicus,4.1359487,2.605401,7
Q4FZY2,10116,R. norvegicus,8.916164,5.1242766,11
D4ACZ2,10116,R. norvegicus,6.6159015,-1.8556849,6
Q6TXG7,10116,R. norvegicus,7.793431,0.7020001,3
Q793F9,10116,R. norvegicus,8.957873,3.6194284,17
Q812A4,10116,R. norvegicus,3.9025037,0.72375566,5
A0A8J8Y6U2,10116,R. norvegicus,10.285653,3.0964372,7
P41232,10116,R. norvegicus,12.926263,2.8940358,10
D3ZE20,10116,R. norvegicus,5.174563,1.8819212,4
A0A8I6AL48,10116,R. norvegicus,7.8617725,0.8518948,3
Q924S5,10116,R. norvegicus,8.570753,4.353713,17
A0A8I6G8I6,10116,R. norvegicus,7.3966446,2.290099,7
A0A8I5ZMD9,10116,R. norvegicus,4.230591,3.4325542,15
A0A8I6AWM3,10116,R. norvegicus,6.3876095,2.3888083,7
A0A0G2JVS9,10116,R. norvegicus,5.8218446,1.2621703,4
Q04631,10116,R. norvegicus,4.3747706,3.376392,10
Q63645,10116,R. norvegicus,12.935402,2.9063165,10
A0A0G2K9X2,10116,R. norvegicus,5.552978,2.4400947,10
Q5XIU2,10116,R. norvegicus,6.6356845,-1.5398458,1
A0A0G2K3N6,10116,R. norvegicus,7.2343316,0.73649234,14
Q8QZZ9,10116,R. norvegicus,8.2916355,-3.9255455,9
A0A096MJY1,10116,R. norvegicus,4.746187,1.4007386,4
A0A8I5ZQQ2,10116,R. norvegicus,7.458089,1.2883252,1
A0A1W2Q698,10116,R. norvegicus,6.8546295,-1.0829138,6
P55054,10116,R. norvegicus,9.632169,4.1986594,17
O08835,10116,R. norvegicus,7.4085956,1.787969,3
A0A8I6ACM8,10116,R. norvegicus,7.0361023,2.1424432,7
A0A8J8XQI9,10116,R. norvegicus,4.827422,2.8401423,17
D4A9A6,10116,R. norvegicus,6.959123,0.30241084,14
Q2PYT4,10116,R. norvegicus,6.571256,-0.054870605,5
Q9R0I6,10116,R. norvegicus,6.975026,1.0903333,3
Q01984,10116,R. norvegicus,6.992771,1.3954337,3
A0A8I6G2G6,10116,R. norvegicus,7.0187716,3.5916064,3
A0A8I6AQ99,10116,R. norvegicus,5.9138966,1.0440433,4
Q5U2Y9,10116,R. norvegicus,6.3725824,-0.11176952,5
P04904,10116,R. norvegicus,10.345482,4.580123,17
P43884,10116,R. norvegicus,6.0321536,0.57383066,5
P16446,10116,R. norvegicus,6.3755836,2.0586514,7
Q63184,10116,R. norvegicus,10.360236,2.2152927,3
P83941,10116,R. norvegicus,11.209141,3.7930846,7
Q6IRK9,10116,R. norvegicus,8.557522,5.142616,2
A0A8I6A920,10116,R. norvegicus,3.8629353,1.9787506,7
O35331,10116,R. norvegicus,4.3410535,3.6835546,2
P16612,10116,R. norvegicus,4.2212954,1.2570283,3
P04905,10116,R. norvegicus,10.374314,4.6027246,11
Q6XDA0,10116,R. norvegicus,6.3832445,2.4231853,7
Q7TN40,10116,R. norvegicus,3.2589183,-0.7664764,7
Q9R168,10116,R. norvegicus,3.8265064,2.3230996,4
A0A096MIY8,10116,R. norvegicus,8.005908,-1.3966304,16
P13413,10116,R. norvegicus,5.578895,1.9895676,10
Q9Z1C7,10116,R. norvegicus,6.466282,1.9257447,7
A0A8I6A3I6,10116,R. norvegicus,8.302532,-3.8946495,9
P58775,10116,R. norvegicus,17.133974,-4.331456,14
P22831,10116,R. norvegicus,6.035312,3.7951941,3
P51146,10116,R. norvegicus,15.233512,2.2621908,11
O08962,10116,R. norvegicus,6.0224786,-0.048550773,3
P01346,10116,R. norvegicus,2.9696448,3.2814221,10
G3V6W8,10116,R. norvegicus,3.8620822,2.1017356,4
Q3T1J5,10116,R. norvegicus,6.9678707,0.6435638,5
Q9QZA6,10116,R. norvegicus,4.2933264,4.0549455,15
P07824,10116,R. norvegicus,9.37864,5.257365,11
A0A0G2JUS4,10116,R. norvegicus,8.062228,0.03637162,14
Q6MGC9,10116,R. norvegicus,4.434181,2.7388742,10
Q62740,10116,R. norvegicus,3.985562,0.9131271,4
Q9R0Z3,10116,R. norvegicus,8.24311,0.90973306,3
D3Z8G7,10116,R. norvegicus,5.7364635,1.6463106,4
A9UMV5,10116,R. norvegicus,4.1837544,1.4775848,4
A0A8I5ZR99,10116,R. norvegicus,3.676407,3.8725903,15
O35763,10116,R. norvegicus,6.8372035,1.2836809,7
F7F711,10116,R. norvegicus,8.155877,-2.2651024,16
P52303,10116,R. norvegicus,6.629141,2.2932155,7
Q9WTQ3,10116,R. norvegicus,5.9792476,-1.5046725,5
Q99PR0,10116,R. norvegicus,5.3198204,3.9606574,7
A0A1B0GWQ7,10116,R. norvegicus,5.7593017,0.4132694,4
Q1ERS7,10116,R. norvegicus,4.326291,1.0107161,5
A0A8I5ZV54,10116,R. norvegicus,3.2554867,1.545392,4
A0A0G2K6I4,10116,R. norvegicus,6.4447803,0.31719977,1
Q63081,10116,R. norvegicus,7.4508176,3.2800455,11
P0C5E3,10116,R. norvegicus,7.433408,0.2557072,3
P26824,10116,R. norvegicus,12.819451,2.804132,10
D4A7M5,10116,R. norvegicus,6.37829,-2.1094072,6
A0A0G2K051,10116,R. norvegicus,7.591496,-0.28912136,14
A0A0G2K3Y9,10116,R. norvegicus,6.202329,-1.3126372,6
A0A8I6A448,10116,R. norvegicus,3.5312529,0.9312095,4
P53670,10116,R. norvegicus,5.792727,1.9902146,7
P19633,10116,R. norvegicus,4.780612,1.6531029,7
Q63623,10116,R. norvegicus,6.8161907,-1.093697,6
A0A8I5Y680,10116,R. norvegicus,5.8306084,0.6088568,4
Q9WUK0,10116,R. norvegicus,9.347832,-5.0454183,5
P63149,10116,R. norvegicus,13.718998,6.2472267,17
A0A0G2K5B0,10116,R. norvegicus,6.410274,2.0184035,7
Q8K3M6,10116,R. norvegicus,7.465583,-0.18954293,14
A0A8I5ZZ88,10116,R. norvegicus,5.868517,2.3545487,10
A0A0G2K4H2,10116,R. norvegicus,7.292677,2.355708,3
P0C1T0,10116,R. norvegicus,4.391883,2.4724789,7
F1M950,10116,R. norvegicus,3.5347724,1.5278008,4
Q9QYK3,10116,R. norvegicus,6.0340137,0.29927775,5
A0A8I6A3C4,10116,R. norvegicus,5.478259,2.545176,10
Q4KM64,10116,R. norvegicus,8.503841,0.63359743,14
Q80WE1,10116,R. norvegicus,6.074562,1.5302178,4
D4A7T8,10116,R. norvegicus,6.624036,0.6055872,1
O08718,10116,R. norvegicus,6.251266,-1.9203812,5
A0A8I5ZXI9,10116,R. norvegicus,8.352779,3.1003933,17
A0A0G2JTZ2,10116,R. norvegicus,6.7411222,-1.3906623,6
P31596,10116,R. norvegicus,5.061305,4.8131604,2
A0A8I5Y973,10116,R. norvegicus,8.288346,2.9701257,3
P10536,10116,R. norvegicus,15.242401,2.2721105,11
Q8CIU0,10116,R. norvegicus,6.7985964,-1.0809367,6
A0A8I6GLB4,10116,R. norvegicus,6.64252,-1.1052489,6
Q99MC1,10116,R. norvegicus,16.102804,6.4475408,12
S6C2T2,10116,R. norvegicus,6.458853,-0.47720203,5
A0A8I6ALD4,10116,R. norvegicus,5.9125032,1.4873976,4
G3V6V8,10116,R. norvegicus,4.595117,2.6690102,7
A0A8I6ABJ7,10116,R. norvegicus,6.086748,-0.3517241,4
A0A8I6AI80,10116,R. norvegicus,5.8346376,0.543978,4
A0A8I6A6Q8,10116,R. norvegicus,6.2170362,0.22307698,5
B3STT9,10116,R. norvegicus,7.2194877,1.1713029,3
Q62795,10116,R. norvegicus,5.0547533,5.032102,2
O35460,10116,R. norvegicus,4.3953805,1.1161791,5
Q64244,10116,R. norvegicus,8.702355,-2.7656498,16
A0A8I6ALF4,10116,R. norvegicus,5.4389462,0.88521534,4
A0A0G2JU49,10116,R. norvegicus,4.8771515,1.3002801,10
A0A8I5ZVL7,10116,R. norvegicus,3.6077058,1.797094,7
P62703,10116,R. norvegicus,8.81453,6.231549,11
P50575,10116,R. norvegicus,6.714358,-2.0142252,6
A0A0G2K437,10116,R. norvegicus,6.4807153,0.43534395,5
P36511,10116,R. norvegicus,4.9687877,3.7765024,7
P52591,10116,R. norvegicus,6.2761045,-1.1836628,5
P70619,10116,R. norvegicus,9.607447,5.649801,11
O89107,10116,R. norvegicus,4.5546694,2.6567502,7
A0A8I5ZVT6,10116,R. norvegicus,5.899452,0.7745551,4
P09483,10116,R. norvegicus,2.9550395,2.90156,7
A0A8I6B402,10116,R. norvegicus,6.915794,-1.8754102,6
Q63945,10116,R. norvegicus,6.28171,1.5403641,4
P15887,10116,R. norvegicus,6.03148,2.2833018,2
A0A8I5XWV8,10116,R. norvegicus,9.187895,4.5190625,11
M0R7K9,10116,R. norvegicus,4.220203,1.0805907,3
G3V977,10116,R. norvegicus,7.8907294,1.3903767,14
Q9Z122,10116,R. norvegicus,6.0666003,4.964954,7
F1MAS1,10116,R. norvegicus,6.1627913,-1.0889845,6
Q6IN33,10116,R. norvegicus,4.49165,3.2134755,10
A0A8I5ZWX2,10116,R. norvegicus,6.2560177,0.07542643,5
A0A8I5ZYY1,10116,R. norvegicus,5.9978995,0.7774603,4
A0A0G2K1E1,10116,R. norvegicus,3.160026,0.9563612,7
Q924Y4,10116,R. norvegicus,6.8988085,-2.2541323,6
B1WC20,10116,R. norvegicus,7.249392,0.76374155,5
G3V6W6,10116,R. norvegicus,9.018726,3.672318,17
A0A8I6A1V1,10116,R. norvegicus,3.7406402,1.8559,7
A0A0G2K3I9,10116,R. norvegicus,7.0377,1.9477038,7
A0A8I6GH61,10116,R. norvegicus,3.6948962,1.7662313,7
Q6XVN8,10116,R. norvegicus,9.056498,2.8223898,12
Q9EQY6,10116,R. norvegicus,5.908764,4.6689463,17
F1LRA7,10116,R. norvegicus,6.085846,0.010492339,5
A0A8I6G7N1,10116,R. norvegicus,8.355306,6.2179565,12
P58197,10116,R. norvegicus,8.20614,-2.2255402,16
P52925,10116,R. norvegicus,10.928048,-6.6850753,1
D3ZQG2,10116,R. norvegicus,4.07092,0.67090446,5
Q6P6G4,10116,R. norvegicus,9.505275,5.363531,11
A0A8I6GM10,10116,R. norvegicus,6.804384,3.1456203,3
Q62950,10116,R. norvegicus,8.664151,5.169661,11
P59996,10116,R. norvegicus,3.9553862,2.3433514,7
A0A0G2K7W4,10116,R. norvegicus,8.038861,-0.08393009,14
D3ZXP3,10116,R. norvegicus,8.4097395,-7.3731947,1
O70257,10116,R. norvegicus,4.386297,-1.756663,7
Q5FVP8,10116,R. norvegicus,5.128832,4.031872,2
A0A8I6AUV5,10116,R. norvegicus,6.6801634,-1.0108708,16
A3E0T0,10116,R. norvegicus,6.9733253,0.26266038,14
A0A8I6AMI2,10116,R. norvegicus,3.589253,1.2143812,7
Q8R515,10116,R. norvegicus,6.4405775,-0.7433571,5
Q9JKC1,10116,R. norvegicus,4.8931403,2.8936405,17
A0A8I5ZT32,10116,R. norvegicus,9.504471,4.9526477,11
Q99M75,10116,R. norvegicus,3.5015693,1.9984816,10
P27364,10116,R. norvegicus,8.562172,4.416653,7
B0K019,10116,R. norvegicus,7.135589,0.002012614,14
Q8K3E7,10116,R. norvegicus,8.16027,0.14410071,14
A0A8I6A6L8,10116,R. norvegicus,6.516536,0.3796995,5
P04764,10116,R. norvegicus,9.507838,6.319157,11
F1M491,10116,R. norvegicus,5.83856,0.41484988,4
Q62921,10116,R. norvegicus,5.6089287,1.8062274,10
D3ZFC6,10116,R. norvegicus,4.1736236,1.9441199,7
Q6AXS4,10116,R. norvegicus,6.4358077,1.3239491,14
O70600,10116,R. norvegicus,7.5300255,3.297147,7
Q63678,10116,R. norvegicus,3.2048693,0.9833521,7
P50430,10116,R. norvegicus,5.0001397,3.4614267,7
G3V7K5,10116,R. norvegicus,5.4782505,4.7095885,17
A0A0G2JW67,10116,R. norvegicus,7.1122274,0.39636225,14
F1LVW7,10116,R. norvegicus,5.844537,2.0382223,4
Q00IM8,10116,R. norvegicus,3.7077909,2.0478437,7
P26801,10116,R. norvegicus,5.5211277,1.435831,4
Q8CH84,10116,R. norvegicus,6.645344,0.30325323,2
I4DUB5,10116,R. norvegicus,3.8048856,2.1497123,7
Q8CIS9,10116,R. norvegicus,1.7556876,8.729192,1
A0A8I6B3H1,10116,R. norvegicus,3.9909523,3.560907,15
D4A7T3,10116,R. norvegicus,6.604709,-0.45746055,5
P19491,10116,R. norvegicus,4.8925605,4.143929,7
G3V7E6,10116,R. norvegicus,8.029626,-1.7257228,16
O88483,10116,R. norvegicus,5.235475,2.7426789,10
Q8CHI5,10116,R. norvegicus,6.1363034,-1.2381729,5
P18125,10116,R. norvegicus,11.859786,4.806999,2
A0A0G2K310,10116,R. norvegicus,8.242577,-3.9476113,9
Q03344,10116,R. norvegicus,7.989911,2.0094798,1
Q498S1,10116,R. norvegicus,10.786862,2.2559571,11
Q80WA5,10116,R. norvegicus,5.335281,4.8702016,7
F7EY53,10116,R. norvegicus,4.1948667,2.2905114,7
A0A8I5YBA0,10116,R. norvegicus,5.280821,1.1285322,4
Q63617,10116,R. norvegicus,6.6056113,2.7680051,3
Q9Z2P6,10116,R. norvegicus,4.3913326,-1.7515973,1
A0A8I6AJE9,10116,R. norvegicus,3.9027421,2.011505,7
Q63881,10116,R. norvegicus,5.3144917,3.4614697,10
P07522,10116,R. norvegicus,3.7687366,1.8192557,7
P20291,10116,R. norvegicus,5.3593483,3.499755,10
P10867,10116,R. norvegicus,4.3044662,3.7070515,2
F1LW77,10116,R. norvegicus,15.212102,2.2545083,7
O54922,10116,R. norvegicus,8.866141,1.3031403,3
P30100,10116,R. norvegicus,11.854128,4.7862864,10
Q63584,10116,R. norvegicus,7.860537,3.52864,17
P21816,10116,R. norvegicus,3.763676,3.829279,15
P17982,10116,R. norvegicus,4.3451133,1.6716521,3
P68511,10116,R. norvegicus,7.429167,2.3694801,17
P28232,10116,R. norvegicus,5.896787,3.5136738,14
F1M0R2,10116,R. norvegicus,6.077078,-1.0513788,5
O88846,10116,R. norvegicus,6.901561,-0.41633654,3
G3V7X8,10116,R. norvegicus,11.847474,4.8074737,7
B1WBR9,10116,R. norvegicus,16.131237,6.4659595,7
A0A8I5ZQX0,10116,R. norvegicus,5.942014,-0.7453714,5
P30337,10116,R. norvegicus,4.059303,3.3304658,15
A0A8I6GHW6,10116,R. norvegicus,6.4115443,0.7734417,4
Q99PD6,10116,R. norvegicus,7.1861415,0.16558832,3
A0A0G2KB10,10116,R. norvegicus,6.6214023,-0.9544192,6
Q6DGF2,10116,R. norvegicus,7.412632,-0.032316655,1
G3V6F3,10116,R. norvegicus,5.741367,-1.4360824,5
Q99NH5,10116,R. norvegicus,7.007996,-2.2395277,6
G3V9Y1,10116,R. norvegicus,3.548189,5.2346053,2
A0A8I6G9X7,10116,R. norvegicus,8.328085,6.2853365,12
Q6AYI1,10116,R. norvegicus,10.022702,2.9222476,7
P35560,10116,R. norvegicus,5.220914,3.5966992,2
D3ZDE6,10116,R. norvegicus,6.1281776,0.6410771,5
Q64663,10116,R. norvegicus,4.522567,1.7670482,3
P19223,10116,R. norvegicus,5.347364,3.5135999,17
Q9Z0R8,10116,R. norvegicus,4.1530595,2.2644386,7
O88209,10116,R. norvegicus,10.717443,2.3641481,17
A0A8I5ZUT5,10116,R. norvegicus,7.803462,-0.10999797,14
B2RYF3,10116,R. norvegicus,5.874479,0.66311705,4
D3ZWX4,10116,R. norvegicus,5.814924,1.7143267,4
D3Z8N9,10116,R. norvegicus,6.021801,-1.1860414,6
Q8R2H3,10116,R. norvegicus,5.780697,-0.9103956,5
Q9R1K2,10116,R. norvegicus,4.340553,1.5662186,3
A0A0G2K475,10116,R. norvegicus,7.35941,0.9217742,3
A0A096MK21,10116,R. norvegicus,8.535946,-2.7218637,9
B1H237,10116,R. norvegicus,5.663262,0.31292212,5
D3Z9R8,10116,R. norvegicus,7.0451603,2.2812927,4
O08658,10116,R. norvegicus,6.115187,1.66669,4
P24587,10116,R. norvegicus,5.9812713,-0.7583864,5
F1M1B3,10116,R. norvegicus,6.8677874,1.6001326,1
A0A8I6GL89,10116,R. norvegicus,6.9759383,2.0555391,7
Q6MFY8,10116,R. norvegicus,5.0251513,0.70119816,5
P70507,10116,R. norvegicus,4.3063445,3.1353698,10
Q7TMD5,10116,R. norvegicus,5.9008603,0.39195955,5
A0A8I6AW60,10116,R. norvegicus,4.8581557,2.3674765,10
P50231,10116,R. norvegicus,3.17315,3.2956448,10
Q63475,10116,R. norvegicus,3.7924361,1.2653134,4
P15725,10116,R. norvegicus,3.6243298,1.0053608,4
A0A8I6AJC3,10116,R. norvegicus,5.560716,-1.6978959,9
Q64563,10116,R. norvegicus,10.210798,5.6797595,11
D3ZKL3,10116,R. norvegicus,9.739539,-1.8008013,6
B2GUX4,10116,R. norvegicus,5.7337227,0.7020387,10
A0A8I5ZM37,10116,R. norvegicus,4.3715134,2.4298077,7
Q64595,10116,R. norvegicus,10.790989,2.5373101,2
P20428,10116,R. norvegicus,5.708227,-1.4536722,5
D4A648,10116,R. norvegicus,10.516046,2.1719704,7
P0DP31,10116,R. norvegicus,5.7054644,-5.527296,11
Q8K3P4,10116,R. norvegicus,7.111246,0.063075885,3
P34900,10116,R. norvegicus,6.110464,-0.71707535,5
D3ZNQ6,10116,R. norvegicus,13.741258,6.2698436,7
Q6MG75,10116,R. norvegicus,6.273532,0.0718881,1
P53813,10116,R. norvegicus,3.5628011,2.048402,10
Q9Z1I1,10116,R. norvegicus,6.2242484,1.887407,7
Q6IFV4,10116,R. norvegicus,1.7541133,8.73208,1
F7ES56,10116,R. norvegicus,7.5575995,2.0411885,3
O35779,10116,R. norvegicus,5.243008,1.577453,4
Q62867,10116,R. norvegicus,5.0894523,3.3708742,7
B4F7C5,10116,R. norvegicus,3.510686,1.7857001,4
P00762,10116,R. norvegicus,3.668037,2.5899699,2
A0A8I6AHX8,10116,R. norvegicus,7.5667253,2.932748,3
D4A7Q2,10116,R. norvegicus,3.25626,-0.82707936,7
M0R9T2,10116,R. norvegicus,6.24067,0.03721697,6
Q9Z1L1,10116,R. norvegicus,5.253356,4.509817,11
F7EUD8,10116,R. norvegicus,4.4362106,3.0572069,10
A0A8I6ALR5,10116,R. norvegicus,6.97042,0.43067905,14
A0A8I5ZLE7,10116,R. norvegicus,5.177289,1.7707632,4
O35569,10116,R. norvegicus,6.226164,-1.052079,5
P62255,10116,R. norvegicus,13.746621,6.274649,17
O35240,10116,R. norvegicus,3.920857,2.3679779,7
Q6TEK3,10116,R. norvegicus,6.0903683,3.989853,3
P41739,10116,R. norvegicus,6.2236633,-1.3640211,6
A0A8I5Y4Q9,10116,R. norvegicus,6.2649717,-1.3794799,6
Q9Z1P2,10116,R. norvegicus,6.2654076,2.5880756,2
A0A8I5ZTX5,10116,R. norvegicus,7.556832,1.8260323,3
O55171,10116,R. norvegicus,6.304605,2.9143238,7
P01237,10116,R. norvegicus,3.5601687,-0.1993461,5
P29419,10116,R. norvegicus,6.389657,2.2343032,10
P02651,10116,R. norvegicus,6.1620364,0.8147156,14
D4A4U3,10116,R. norvegicus,6.029233,2.1672862,7
Q8IBT4,36329,P. falciparum,12.234527,1.4215313,17
Q8IB03,36329,P. falciparum,8.168787,5.8367715,12
C0Z3M5,36329,P. falciparum,12.715159,0.7701831,13
Q8I490,36329,P. falciparum,13.0522785,0.32450116,13
Q8IKZ6,36329,P. falciparum,12.3488,1.2182935,13
Q8IDR5,36329,P. falciparum,8.453437,-0.9074075,18
Q8IDB0,36329,P. falciparum,7.6637754,5.8726673,12
O97336,36329,P. falciparum,12.972447,0.35789883,13
Q8IIN1,36329,P. falciparum,10.236831,1.7587042,3
Q7K6A4,36329,P. falciparum,8.156074,6.4624114,14
Q8IIC4,36329,P. falciparum,8.657874,5.4146023,17
Q8IIZ7,36329,P. falciparum,1.8857378,13.188335,19
A0A5K1K8H0,36329,P. falciparum,10.632022,2.4126127,17
Q8I5U8,36329,P. falciparum,12.18339,1.2348005,13
Q8I410,36329,P. falciparum,12.764877,0.9724613,13
Q8I1S0,36329,P. falciparum,10.57903,3.7982435,7
Q8IFQ3,36329,P. falciparum,1.9063797,13.163619,19
Q8I2W3,36329,P. falciparum,8.705931,0.81269103,14
O97266,36329,P. falciparum,8.938394,1.8654683,12
Q8I4R5,36329,P. falciparum,9.19892,-3.0660691,9
Q8IFL9,36329,P. falciparum,12.429715,0.46114168,13
O77313,36329,P. falciparum,9.801056,2.5522735,17
C0H4F3,36329,P. falciparum,9.7885,3.0106997,17
Q8ILW6,36329,P. falciparum,9.430636,3.866111,17
O96207,36329,P. falciparum,8.889737,-2.6438363,16
B9ZSJ3,36329,P. falciparum,13.088213,0.31121877,13
Q8IEJ7,36329,P. falciparum,12.637077,1.037214,13
Q8IJC7,36329,P. falciparum,5.788478,-5.428564,7
Q8I3D2,36329,P. falciparum,1.8792654,13.194961,19
Q8IE95,36329,P. falciparum,12.892787,1.0537939,13
Q8IK27,36329,P. falciparum,12.992949,0.36697865,13
C6KT52,36329,P. falciparum,12.712679,0.72318316,13
Q8I2F6,36329,P. falciparum,12.947497,0.4036428,13
Q8I5F9,36329,P. falciparum,11.51621,1.9075817,12
Q8IC43,36329,P. falciparum,8.44547,-1.856452,16
Q8I6U4,36329,P. falciparum,12.104187,1.1460717,18
Q8IJ01,36329,P. falciparum,1.8050534,13.257161,19
Q8IJ48,36329,P. falciparum,12.816892,0.5117593,13
Q8ID61,36329,P. falciparum,12.546494,1.0875076,13
Q8I5P2,36329,P. falciparum,12.816036,0.46191257,13
Q8IBD2,36329,P. falciparum,12.928858,0.40535352,13
Q8I082,36329,P. falciparum,1.8058407,13.2641945,19
Q8I0U8,36329,P. falciparum,12.818586,0.4031328,13
Q8I0V4,36329,P. falciparum,9.595046,2.5405047,18
Q8I224,36329,P. falciparum,10.186675,1.1581085,18
Q8I2G2,36329,P. falciparum,9.199518,-3.033632,16
Q8I592,36329,P. falciparum,11.629334,1.8395936,17
O77309,36329,P. falciparum,9.203265,-3.0240722,16
Q8IJS7,36329,P. falciparum,12.714154,0.8290099,13
Q8I211,36329,P. falciparum,1.916793,13.156537,19
Q8IJ04,36329,P. falciparum,1.9117335,13.160766,19
Q8IBA3,36329,P. falciparum,12.803269,1.0806197,13
Q8IIY1,36329,P. falciparum,13.101161,0.32282886,13
Q8IJ76,36329,P. falciparum,8.408995,-1.6254692,16
Q9TY94,36329,P. falciparum,10.255207,3.0485227,17
O96156,36329,P. falciparum,5.9753203,5.291344,17
Q8I0U6,36329,P. falciparum,12.59948,0.49031273,13
Q8IJ60,36329,P. falciparum,10.433944,2.9205296,12
O96229,36329,P. falciparum,12.772533,0.73057014,13
Q8I2G6,36329,P. falciparum,12.864371,0.9935446,13
Q8ILK3,36329,P. falciparum,7.589114,5.68022,12
Q9NLB2,36329,P. falciparum,9.961559,4.392506,17
Q8IJ88,36329,P. falciparum,8.26369,-1.7020068,16
Q8IJ77,36329,P. falciparum,12.642833,1.137472,13
Q8I2C8,36329,P. falciparum,1.9179298,13.154879,19
Q8IIK3,36329,P. falciparum,11.285191,6.2288265,17
Q8I4P5,36329,P. falciparum,1.9001018,13.173646,19
Q8IE02,36329,P. falciparum,12.487852,1.2788911,13
O96258,36329,P. falciparum,7.591577,5.6841125,17
Q8IJP3,36329,P. falciparum,10.987193,1.8345526,12
C0H4Z2,36329,P. falciparum,8.533491,-2.0537941,16
O96164,36329,P. falciparum,12.2674675,1.0157934,13
Q8IIA8,36329,P. falciparum,9.231765,2.760952,12
Q8I415,36329,P. falciparum,12.294727,1.1583619,13
Q7KWJ5,36329,P. falciparum,5.508888,5.619892,17
Q8IJ45,36329,P. falciparum,12.81133,0.4831553,13
Q8I4R3,36329,P. falciparum,8.526463,-2.1332893,16
Q8IBC9,36329,P. falciparum,12.789964,0.6009007,13
Q8IFQ4,36329,P. falciparum,-5.417642,4.27418,19
Q8IDD3,36329,P. falciparum,11.478514,1.7801738,12
Q7KQM5,36329,P. falciparum,8.321125,-1.3325348,14
C6KTC6,36329,P. falciparum,11.809598,1.6949307,12
Q8I5S7,36329,P. falciparum,9.508526,3.4928548,12
Q8I2E3,36329,P. falciparum,-5.4138427,4.277681,19
Q8ILG3,36329,P. falciparum,9.686574,3.0936875,12
O96117,36329,P. falciparum,1.9473002,13.124699,19
Q8I2E5,36329,P. falciparum,1.9079652,13.164925,19
Q9NFA0,36329,P. falciparum,9.210374,2.3076658,14
Q8IB99,36329,P. falciparum,10.331275,1.2776538,18
Q8I641,36329,P. falciparum,1.7766254,13.285773,19
Q08210,36329,P. falciparum,12.201266,1.4323764,13
C6KT15,36329,P. falciparum,-5.4207387,4.2707057,19
Q8I3F0,36329,P. falciparum,12.798216,0.46882507,13
Q7KQK1,36329,P. falciparum,8.885399,2.7825463,12
Q8IM71,36329,P. falciparum,10.1586685,1.7786826,18
O96237,36329,P. falciparum,12.389338,1.1408675,13
Q8I520,36329,P. falciparum,-5.421592,4.2701316,19
Q8I531,36329,P. falciparum,12.878928,1.0127333,13
Q8IC06,36329,P. falciparum,10.240779,3.2479854,17
Q8I3D8,36329,P. falciparum,9.053199,-9.659299,13
Q8ID74,36329,P. falciparum,12.034582,1.540957,18
Q8IE82,36329,P. falciparum,11.922292,1.2106,13
O96155,36329,P. falciparum,12.233108,1.3828431,13
Q8IFL0,36329,P. falciparum,9.053951,-9.654427,13
Q8I346,36329,P. falciparum,8.622737,2.7822063,12
O96173,36329,P. falciparum,12.745757,1.095429,13
Q8IIK2,36329,P. falciparum,12.107909,1.3079132,18
Q8IIU3,36329,P. falciparum,8.342073,6.16778,12
Q8IIB7,36329,P. falciparum,10.474442,1.6493546,3
Q8IJN7,36329,P. falciparum,9.473894,6.0855856,11
Q8I1R7,36329,P. falciparum,12.272001,1.3295985,13
Q7KQK3,36329,P. falciparum,8.3475485,0.93232805,1
C6KSR7,36329,P. falciparum,10.70348,1.7451016,12
C0H496,36329,P. falciparum,12.793617,0.933681,13
O77310,36329,P. falciparum,9.161576,-3.02968,16
C6KT99,36329,P. falciparum,10.231716,3.7084982,11
C6KT26,36329,P. falciparum,6.1609526,5.363995,18
Q8IBX1,36329,P. falciparum,-5.4424057,4.2493186,19
Q8I3T5,36329,P. falciparum,7.3976836,-0.05865443,3
O96108,36329,P. falciparum,-5.423921,4.2675524,19
Q8I3B1,36329,P. falciparum,12.581093,0.960289,13
Q8IJ78,36329,P. falciparum,12.560028,1.1211524,13
Q8I0E0,36329,P. falciparum,1.8665227,13.206735,19
Q8IEN9,36329,P. falciparum,12.645337,0.8815568,13
Q7KQM4,36329,P. falciparum,7.093836,4.5296173,12
C0H5B7,36329,P. falciparum,6.0137496,4.8648973,17
Q7K6A1,36329,P. falciparum,8.703504,4.0623417,17
Q8I2A8,36329,P. falciparum,6.105653,5.300376,18
Q8ILJ9,36329,P. falciparum,6.1417556,5.4030747,17
Q8ILG2,36329,P. falciparum,12.380986,1.1814057,13
O97224,36329,P. falciparum,10.328548,1.3410492,18
Q8IHM1,36329,P. falciparum,1.928129,13.142032,19
Q8IJA9,36329,P. falciparum,9.990084,3.5336487,12
Q8IM30,36329,P. falciparum,12.367786,1.2333431,13
C6KSY6,36329,P. falciparum,7.558116,5.8690686,12
Q8IED5,36329,P. falciparum,12.045168,1.3534579,18
Q8I3E2,36329,P. falciparum,1.9744186,13.095125,19
Q8I6Z7,36329,P. falciparum,12.067061,1.232673,18
Q8IKE7,36329,P. falciparum,12.558489,1.1835737,13
O97282,36329,P. falciparum,8.565227,5.356039,12
Q8I5Y5,36329,P. falciparum,10.028926,1.71977,12
O96289,36329,P. falciparum,1.9718144,13.100782,19
Q8IK38,36329,P. falciparum,1.9246912,13.147064,19
Q8IHM2,36329,P. falciparum,1.873859,13.199184,19
Q8IK23,36329,P. falciparum,13.02187,0.36808342,13
Q8I2B4,36329,P. falciparum,12.7979355,0.48738214,13
Q8IK36,36329,P. falciparum,1.8794196,13.193662,19
Q8IIW1,36329,P. falciparum,12.259944,1.2211956,13
C0H4A5,36329,P. falciparum,8.823536,1.5989211,14
Q8IE80,36329,P. falciparum,8.53874,-2.3586597,16
Q8IES4,36329,P. falciparum,11.561952,1.8297346,12
Q8I6Z9,36329,P. falciparum,11.716311,1.7614104,12
Q8I444,36329,P. falciparum,9.115333,3.0246613,17
C0H4R1,36329,P. falciparum,12.847095,1.0163196,13
Q8IBS5,36329,P. falciparum,10.597585,2.5205383,17
P62368,36329,P. falciparum,11.729697,1.7428282,17
Q7KQK5,36329,P. falciparum,8.964622,-2.7314868,16
O97284,36329,P. falciparum,12.607257,1.1722435,13
Q8IC44,36329,P. falciparum,12.528545,0.4716811,13
Q8IIF0,36329,P. falciparum,8.384652,-1.762413,16
Q8IIZ9,36329,P. falciparum,1.8553104,13.215095,19
Q8I457,36329,P. falciparum,12.195939,1.3869425,13
O97273,36329,P. falciparum,12.802933,0.9576599,13
Q8IHR4,36329,P. falciparum,8.916202,1.5576398,18
Q8IBA0,36329,P. falciparum,7.9361935,2.4794543,17
Q8IJS1,36329,P. falciparum,9.178759,3.9364145,17
C0H4Q7,36329,P. falciparum,1.8472166,13.224461,19
Q8IIY3,36329,P. falciparum,1.9491642,13.120785,19
Q8IKQ9,36329,P. falciparum,6.035628,4.893147,12
Q8IAK9,36329,P. falciparum,12.547953,0.44264364,13
Q8ILQ7,36329,P. falciparum,10.328416,4.574438,17
Q7KQL2,36329,P. falciparum,10.689621,1.1813856,18
Q8I6U7,36329,P. falciparum,9.767847,2.0282443,18
Q7K740,36329,P. falciparum,12.345879,0.37210557,1
C0H5I7,36329,P. falciparum,8.489103,5.2953825,12
O96123,36329,P. falciparum,10.885183,1.3845683,18
Q8IDB7,36329,P. falciparum,7.286649,0.10684339,3
Q8IJ74,36329,P. falciparum,10.095587,3.5755744,17
O77323,36329,P. falciparum,8.529055,5.2893367,12
O96166,36329,P. falciparum,12.297936,0.9855334,13
Q8I599,36329,P. falciparum,10.336181,1.1038693,18
C6KTF3,36329,P. falciparum,1.994762,13.077526,19
Q8I613,36329,P. falciparum,9.527984,1.070911,18
Q8I6U8,36329,P. falciparum,12.242825,0.32862872,1
Q8I6V0,36329,P. falciparum,12.207693,1.1513159,13
Q8IIZ3,36329,P. falciparum,1.9430548,13.125333,19
Q8I5B6,36329,P. falciparum,0.26939827,-2.7589166,17
Q8IJH3,36329,P. falciparum,10.282139,3.1849246,12
Q8IKK0,36329,P. falciparum,10.430226,1.3004318,18
Q8I2F2,36329,P. falciparum,12.752047,0.49580014,13
Q8IFM9,36329,P. falciparum,8.34887,-1.4061168,16
Q7KQM2,36329,P. falciparum,8.696484,3.0654063,12
B9ZSJ2,36329,P. falciparum,12.468601,0.4369977,13
Q8IFN1,36329,P. falciparum,8.597892,-2.350291,16
Q8IKH2,36329,P. falciparum,12.667572,0.90140104,13
Q8IBE9,36329,P. falciparum,12.890241,0.44112906,13
Q8I5A0,36329,P. falciparum,10.136481,4.089416,17
Q8IJ05,36329,P. falciparum,1.7689626,13.293569,19
Q8IEU7,36329,P. falciparum,1.9917653,13.079066,19
O96163,36329,P. falciparum,12.283431,1.0179828,13
O96293,36329,P. falciparum,1.7679887,13.294372,19
Q8ID96,36329,P. falciparum,11.634106,1.7792859,18
Q8I468,36329,P. falciparum,12.69942,0.9521297,13
C0H514,36329,P. falciparum,12.4212475,1.0673748,13
Q8IBV0,36329,P. falciparum,10.181866,3.6183755,17
Q03400,36329,P. falciparum,12.337493,0.35906956,4
Q8I5S4,36329,P. falciparum,12.70675,0.8630553,13
Q8I2D6,36329,P. falciparum,12.631013,0.43600154,13
Q9NFB2,36329,P. falciparum,1.872599,13.200648,19
C6KTF9,36329,P. falciparum,-5.4165697,4.275045,19
Q8I470,36329,P. falciparum,12.490252,1.1967924,13
Q8IKK7,36329,P. falciparum,9.3998375,6.1358104,17
Q6ZMA7,36329,P. falciparum,8.393315,-1.6774343,16
Q8I1V6,36329,P. falciparum,-5.4211035,4.270887,19
Q8IBN1,36329,P. falciparum,12.8434725,0.9452268,13
Q8IJX8,36329,P. falciparum,8.750167,3.6940875,12
Q8I5A9,36329,P. falciparum,15.235506,2.262713,11
Q8IBB0,36329,P. falciparum,12.861695,1.0248501,13
Q8I418,36329,P. falciparum,12.897866,1.0404512,13
Q8IKD3,36329,P. falciparum,12.441985,1.2404264,13
Q8I5T4,36329,P. falciparum,8.716772,3.3974316,12
Q8IBI4,36329,P. falciparum,12.796144,1.0907297,13
Q8I3C3,36329,P. falciparum,12.392374,1.0717564,13
Q8II72,36329,P. falciparum,12.759711,0.42101392,16
Q8IJ09,36329,P. falciparum,1.9163442,13.158679,19
Q8I2W7,36329,P. falciparum,12.366867,1.3138639,13
Q8I3X4,36329,P. falciparum,9.500028,6.068095,17
Q8IBZ9,36329,P. falciparum,6.1031184,5.297017,12
Q8I3G6,36329,P. falciparum,4.426692,-1.768164,18
Q8I642,36329,P. falciparum,1.8032868,13.268576,19
C6KSL1,36329,P. falciparum,1.935878,13.137915,19
O96269,36329,P. falciparum,8.743224,-3.0201771,16
Q8II01,36329,P. falciparum,11.761771,1.6564982,18
Q6LFH8,36329,P. falciparum,9.795692,5.794248,11
C0Z3M4,36329,P. falciparum,12.654767,0.86389583,13
Q8I494,36329,P. falciparum,1.9338188,13.140365,19
Q8I201,36329,P. falciparum,9.053477,-9.658003,13
Q8ILJ2,36329,P. falciparum,8.564815,-1.6976037,16
Q8IIY2,36329,P. falciparum,13.011298,0.35460854,13
Q8I2F7,36329,P. falciparum,12.738678,0.43792632,16
Q8I215,36329,P. falciparum,9.053364,-9.659592,13
Q8IIS8,36329,P. falciparum,9.246276,6.1405625,17
Q8I5I8,36329,P. falciparum,8.231302,-1.6250193,16
Q8IEG4,36329,P. falciparum,10.61546,2.4853663,17
Q7KQK7,36329,P. falciparum,11.708653,1.5629047,3
Q8IDR9,36329,P. falciparum,8.579577,-1.4332021,14
Q8I3K7,36329,P. falciparum,8.119216,-1.7428629,16
Q8I3Y3,36329,P. falciparum,10.058792,0.94314265,18
Q8IAK1,36329,P. falciparum,-5.429457,4.2622075,19
O97285,36329,P. falciparum,10.275591,3.0533047,17
Q8I0X4,36329,P. falciparum,12.473821,1.254868,13
Q8IBW7,36329,P. falciparum,-5.441367,4.2501926,19
C6KSL4,36329,P. falciparum,13.028712,0.33571815,13
C6KTE9,36329,P. falciparum,13.047738,0.31854448,13
Q8IE14,36329,P. falciparum,9.097963,4.11683,17
Q8IHY0,36329,P. falciparum,12.797433,1.0849674,13
Q8IBY4,36329,P. falciparum,7.5745287,5.7752843,12
Q8IBX0,36329,P. falciparum,-5.4258265,4.2656293,19
Q8I1V2,36329,P. falciparum,10.583788,1.9581064,12
Q8I1Y8,36329,P. falciparum,12.905105,1.022493,13
Q8IK76,36329,P. falciparum,12.789864,0.54998755,13
Q7KQM0,36329,P. falciparum,9.655438,5.53103,11
Q8I5K4,36329,P. falciparum,9.138844,0.58405155,18
A0A144A134,36329,P. falciparum,9.815505,2.0075786,12
Q8I553,36329,P. falciparum,12.193495,1.4391347,13
C0H5C6,36329,P. falciparum,4.418339,-1.7652205,18
Q8ILZ1,36329,P. falciparum,9.182659,-2.961351,16
Q8IFM5,36329,P. falciparum,12.838432,0.91123503,13
Q8I4N7,36329,P. falciparum,1.7787218,13.282184,19
Q8IJV6,36329,P. falciparum,9.787277,5.2282515,17
C6KSL2,36329,P. falciparum,1.9326892,13.139191,19
C6KTC8,36329,P. falciparum,12.353366,0.8847464,13
Q8I534,36329,P. falciparum,12.132545,1.2990352,3
Q8IJ99,36329,P. falciparum,12.469325,1.2506307,13
Q8IDG8,36329,P. falciparum,7.977384,-1.5929773,16
Q8I4X1,36329,P. falciparum,12.421325,1.3056742,13
Q8IIX3,36329,P. falciparum,8.294892,-1.2881908,1
Q8IAM2,36329,P. falciparum,9.599299,5.2001667,17
Q8I4N9,36329,P. falciparum,1.9523385,13.120792,19
Q8IIZ2,36329,P. falciparum,1.9668847,13.105429,19
Q8I5D2,36329,P. falciparum,12.805907,0.5172846,13
Q8ILT0,36329,P. falciparum,8.734815,5.8272843,12
Q8IAY6,36329,P. falciparum,8.512446,5.1224346,17
Q8II73,36329,P. falciparum,10.057539,4.362314,17
Q8IK62,36329,P. falciparum,12.983512,0.35965037,13
C6KT16,36329,P. falciparum,9.053359,-9.6588335,13
Q8IDQ2,36329,P. falciparum,12.084243,1.2608055,18
Q8IJK2,36329,P. falciparum,9.092437,2.7624366,12
Q8I5R4,36329,P. falciparum,12.503449,1.185639,13
Q8I2E1,36329,P. falciparum,11.911105,1.3488581,18
Q6ZMA8,36329,P. falciparum,8.286644,6.2591944,12
Q8IDQ0,36329,P. falciparum,11.450763,1.7926536,12
Q8I2G0,36329,P. falciparum,8.497959,-2.2485507,16
Q8IIZ1,36329,P. falciparum,1.9780402,13.094244,19
Q8IBW9,36329,P. falciparum,-5.4314327,4.260385,19
Q8I3D6,36329,P. falciparum,1.9242871,13.148773,19
Q8IM81,36329,P. falciparum,9.053331,-9.659424,13
Q8I5Q4,36329,P. falciparum,9.781498,2.0688772,12
Q8IIM5,36329,P. falciparum,10.657763,2.0163121,17
O96121,36329,P. falciparum,12.916355,0.4909941,13
Q9NFB3,36329,P. falciparum,1.9082792,13.164892,19
Q76NM4,36329,P. falciparum,15.279406,2.3093894,11
Q8IAS4,36329,P. falciparum,-5.4387846,4.252852,19
C0H4H1,36329,P. falciparum,13.050456,0.31574267,13
Q8IM80,36329,P. falciparum,1.819487,13.2460375,19
Q8I488,36329,P. falciparum,12.931427,0.37526333,13
Q8IJ72,36329,P. falciparum,10.283929,1.1364442,18
Q8IC50,36329,P. falciparum,9.177564,-3.020823,16
Q7KQL9,36329,P. falciparum,8.839996,5.2143235,12
Q8IM31,36329,P. falciparum,12.502048,1.0768623,13
Q8I0V0,36329,P. falciparum,12.269197,1.183559,13
Q8IL07,36329,P. falciparum,5.7887645,-5.428577,17
Q8I643,36329,P. falciparum,-5.421221,4.270739,19
P62344,36329,P. falciparum,10.602517,2.5059876,17
C0H4C3,36329,P. falciparum,12.078096,1.1153318,13
Q8IM85,36329,P. falciparum,1.8777924,13.19417,19
Q8I2P2,36329,P. falciparum,11.744049,1.6671274,18
Q8IL98,36329,P. falciparum,11.699037,1.7600828,17
Q9U0J7,36329,P. falciparum,12.568324,1.1704798,13
Q8I2F5,36329,P. falciparum,13.151314,0.2792405,13
Q8IDK6,36329,P. falciparum,12.880389,1.0526352,13
O97307,36329,P. falciparum,13.093017,0.30529064,13
Q8IB73,36329,P. falciparum,11.974233,5.773301,11
Q8I2B1,36329,P. falciparum,11.654016,1.8023174,17
Q8I5C4,36329,P. falciparum,8.494574,5.3134103,17
Q8IJ02,36329,P. falciparum,1.936926,13.136363,19
Q8I2C1,36329,P. falciparum,1.8498572,13.223077,19
Q8IKM6,36329,P. falciparum,10.235986,1.156774,18
Q8I4Z1,36329,P. falciparum,12.620123,0.97399116,13
Q8IIJ8,36329,P. falciparum,8.297306,5.9469585,12
Q8IAS3,36329,P. falciparum,-5.4365687,4.2552037,19
Q8I5L5,36329,P. falciparum,-5.4409947,4.250706,19
Q8ID58,36329,P. falciparum,10.247389,3.3504364,17
Q8IHP9,36329,P. falciparum,12.910178,1.0150157,13
Q8IJD0,36329,P. falciparum,8.319167,-1.0529132,18
Q8IC42,36329,P. falciparum,8.211302,-1.7952797,16
Q8II62,36329,P. falciparum,7.9093585,5.704515,12
C6KTF6,36329,P. falciparum,1.8486375,13.221539,19
Q8IFM0,36329,P. falciparum,12.866447,0.45838654,13
Q8IB60,36329,P. falciparum,8.734984,2.9745543,17
Q8I4P3,36329,P. falciparum,1.8592898,13.212727,19
C6KSX6,36329,P. falciparum,12.591053,1.0345049,13
Q8I607,36329,P. falciparum,13.833924,6.367984,11
Q8IL67,36329,P. falciparum,12.565885,1.1796949,13
C6KSN9,36329,P. falciparum,12.864017,0.9992209,13
C6KT01,36329,P. falciparum,12.313521,1.3313442,13
C6KSL5,36329,P. falciparum,13.089046,0.31090605,13
Q8I528,36329,P. falciparum,12.193841,1.275783,13
Q8I637,36329,P. falciparum,12.363719,1.1072501,13
C0H4D0,36329,P. falciparum,12.925121,0.42954084,13
Q8IL04,36329,P. falciparum,9.918308,1.5245354,18
Q8I298,36329,P. falciparum,12.3714485,1.0663522,13
Q8IIY5,36329,P. falciparum,1.8806432,13.1921625,19
O97267,36329,P. falciparum,10.5561695,1.0968902,18
Q8IHQ2,36329,P. falciparum,12.861774,0.9897184,13
Q8IKQ5,36329,P. falciparum,10.013264,3.1058118,17
Q8IL02,36329,P. falciparum,7.7133517,5.941642,12
Q8II42,36329,P. falciparum,10.372359,1.2789416,18
Q8ILP6,36329,P. falciparum,12.068482,1.5154108,18
Q8I4P4,36329,P. falciparum,9.053256,-9.659497,13
Q8IJ06,36329,P. falciparum,1.9328396,13.144312,19
Q6LFD5,36329,P. falciparum,11.564284,1.3493121,18
Q8I288,36329,P. falciparum,9.142481,3.2315369,17
Q8I719,36329,P. falciparum,10.768381,2.5541015,11
P61075,36329,P. falciparum,11.294027,2.5281785,2
Q8IHM4,36329,P. falciparum,9.053349,-9.659423,13
C6KT65,36329,P. falciparum,12.901642,1.0518543,13
Q8IL19,36329,P. falciparum,12.785193,1.0521537,13
Q8IJ83,36329,P. falciparum,9.927355,3.6378183,17
Q8IBZ6,36329,P. falciparum,12.8918495,1.032819,13
Q76NN7,36329,P. falciparum,11.287554,6.228184,11
O77334,36329,P. falciparum,12.734401,1.1282212,13
Q8I566,36329,P. falciparum,8.821499,6.049389,17
Q8IE08,36329,P. falciparum,4.4420147,-1.7345247,12
C6KTE4,36329,P. falciparum,12.123201,1.4834707,17
Q8ID50,36329,P. falciparum,6.5673714,2.1938717,7
Q8I2D4,36329,P. falciparum,1.7900996,13.272192,19
O96198,36329,P. falciparum,11.683251,1.7495669,12
Q8I5M8,36329,P. falciparum,10.257452,0.81784374,18
Q8I6Z5,36329,P. falciparum,12.244033,1.1859351,13
Q8IAS0,36329,P. falciparum,12.234838,1.2158902,13
Q8I5T5,36329,P. falciparum,12.881102,1.0294186,13
O96201,36329,P. falciparum,12.878533,0.98667514,13
Q7KWJ4,36329,P. falciparum,11.398233,2.0384889,17
Q8IDN0,36329,P. falciparum,11.964907,1.1188838,18
Q8IHS5,36329,P. falciparum,8.852973,5.0859103,12
C0H490,36329,P. falciparum,10.098049,4.3093176,17
Q8IE38,36329,P. falciparum,10.305304,3.196567,17
O96118,36329,P. falciparum,9.053364,-9.6595955,13
Q8IAR7,36329,P. falciparum,9.310635,4.6454225,17
O97474,36329,P. falciparum,13.009334,0.34829152,13
Q8I420,36329,P. falciparum,5.651718,5.257999,17
C0H5C2,36329,P. falciparum,8.72008,-2.9950235,16
Q8ILW9,36329,P. falciparum,20.421524,4.079914,2
O77394,36329,P. falciparum,12.711832,0.9190924,13
O97275,36329,P. falciparum,12.575167,1.138975,13
Q7KQL3,36329,P. falciparum,10.701737,3.8248608,11
Q8IFQ2,36329,P. falciparum,-5.4277725,4.264242,19
Q8I1Y0,36329,P. falciparum,11.660857,0.9457412,16
Q8I3T2,36329,P. falciparum,10.332036,1.477877,18
Q8IJ32,36329,P. falciparum,8.635136,1.7030382,3
Q8I2Z8,36329,P. falciparum,9.649872,2.050409,12
Q8I3D1,36329,P. falciparum,9.053343,-9.659693,13
Q8I669,36329,P. falciparum,13.062444,0.3139748,13
Q8IEU4,36329,P. falciparum,9.053217,-9.659966,13
C6KTD3,36329,P. falciparum,12.495755,1.1806359,13
Q8I3L8,36329,P. falciparum,8.255723,0.8528817,14
Q8IK21,36329,P. falciparum,8.3042345,-1.3149714,14
Q8I485,36329,P. falciparum,9.104965,-3.0274572,16
Q8IEU8,36329,P. falciparum,1.979683,13.08907,19
O97295,36329,P. falciparum,12.301578,1.3342514,13
Q8I3H4,36329,P. falciparum,12.063945,1.2616445,13
C0H5L9,36329,P. falciparum,8.078708,-1.4145862,16
Q8IJ11,36329,P. falciparum,13.081427,0.31292993,13
Q8IIK5,36329,P. falciparum,12.701348,0.55123526,13
Q8IK41,36329,P. falciparum,1.9204532,13.151739,19
Q8IKS4,36329,P. falciparum,6.1582932,5.2004504,12
Q8IBW5,36329,P. falciparum,13.079315,0.3183486,13
Q8IB86,36329,P. falciparum,11.077133,1.3674242,14
Q8I5V8,36329,P. falciparum,8.931825,0.0098512815,16
Q8ILZ6,36329,P. falciparum,12.254271,1.2828218,13
Q8I4N5,36329,P. falciparum,-5.433485,4.2583094,19
Q8I3F9,36329,P. falciparum,12.713469,0.82700974,13
Q7K6A5,36329,P. falciparum,6.1670113,5.519226,12
Q8IK14,36329,P. falciparum,12.838782,0.4820624,13
Q8I2X4,36329,P. falciparum,9.788608,4.231004,17
O15770,36329,P. falciparum,10.282092,3.3314474,17
Q8ID54,36329,P. falciparum,12.213033,1.4440591,13
Q8IDY0,36329,P. falciparum,12.84109,0.52067727,13
Q8I3E7,36329,P. falciparum,1.8782195,13.193545,19
Q8IM26,36329,P. falciparum,8.506127,-2.3911395,16
Q8IKM8,36329,P. falciparum,9.513529,3.4011548,12
Q8IL11,36329,P. falciparum,11.454697,2.025844,17
Q8IEJ0,36329,P. falciparum,13.07427,0.31470656,13
C6KST5,36329,P. falciparum,8.623275,5.2282557,12
O96212,36329,P. falciparum,9.626691,3.2074106,12
Q8I716,36329,P. falciparum,12.341307,1.3440207,13
Q8IL17,36329,P. falciparum,12.681379,0.9147889,13
B9ZSH7,36329,P. falciparum,13.092219,0.3107304,13
Q8I302,36329,P. falciparum,10.3117695,3.2487025,17
Q8IJN9,36329,P. falciparum,8.505881,5.4237814,17
C6KT66,36329,P. falciparum,11.907903,1.5466275,18
O96128,36329,P. falciparum,8.271375,-1.3210695,14
Q8I4W3,36329,P. falciparum,12.734869,1.1228791,13
Q9U0G6,36329,P. falciparum,-5.4322195,4.2598147,19
C0H5E1,36329,P. falciparum,12.710141,1.1049526,13
Q8IEG6,36329,P. falciparum,9.81112,3.203504,12
Q7K6A0,36329,P. falciparum,10.834454,2.4937823,11
Q8IHU9,36329,P. falciparum,10.137191,3.5828753,11
Q8IIB6,36329,P. falciparum,12.409478,1.3115991,13
Q8I408,36329,P. falciparum,12.344668,1.3313973,13
Q8IKF0,36329,P. falciparum,10.362001,3.159182,11
Q8I4R4,36329,P. falciparum,9.925911,1.553888,14
Q7KQL8,36329,P. falciparum,9.90318,5.195998,17
Q8IAX4,36329,P. falciparum,9.653405,5.251922,11
Q8I207,36329,P. falciparum,12.545813,0.41305476,13
Q8IFK7,36329,P. falciparum,-5.398985,4.2931123,19
Q9U0G5,36329,P. falciparum,-5.438952,4.2528896,19
O96124,36329,P. falciparum,12.342843,0.35258526,1
Q8I5T7,36329,P. falciparum,12.405124,1.2629858,13
Q8IBB7,36329,P. falciparum,6.0902867,5.3500853,12
Q8IJ64,36329,P. falciparum,12.8937,1.0378649,13
Q8I2B9,36329,P. falciparum,1.7916529,13.269876,19
O96295,36329,P. falciparum,1.8502488,13.222797,19
Q8II35,36329,P. falciparum,12.154626,1.4840487,13
Q8IKH5,36329,P. falciparum,9.738101,1.8589658,3
O96175,36329,P. falciparum,12.646347,0.91387963,13
C0H478,36329,P. falciparum,12.638405,0.9294402,13
Q8I4Z9,36329,P. falciparum,4.417129,-1.7633591,12
Q8IK40,36329,P. falciparum,1.7743014,13.288086,19
Q8I3N7,36329,P. falciparum,6.152001,5.229034,18
Q8IEL5,36329,P. falciparum,12.021583,1.4927061,18
Q8IAW0,36329,P. falciparum,8.422623,2.6637902,17
Q4VWQ3,36329,P. falciparum,10.334362,1.1605054,18
Q8IM84,36329,P. falciparum,1.9305242,13.143436,19
Q8IBZ7,36329,P. falciparum,12.6062355,1.1793747,13
Q8IIK8,36329,P. falciparum,11.284046,6.2271047,17
O96165,36329,P. falciparum,12.163838,1.042766,18
O97227,36329,P. falciparum,11.490669,1.9513762,17
Q25799,36329,P. falciparum,11.598416,1.7454975,18
Q8I430,36329,P. falciparum,12.484925,1.1767457,13
Q8IBD8,36329,P. falciparum,-5.407267,4.2846518,19
Q8IB14,36329,P. falciparum,10.924486,-6.6782775,17
C0H4V4,36329,P. falciparum,9.187445,-3.0351288,16
Q8IBW8,36329,P. falciparum,-5.421666,4.2703915,19
Q8I4P6,36329,P. falciparum,9.053386,-9.65962,13
Q8IBV7,36329,P. falciparum,8.424116,-7.3548336,14
Q8I3T9,36329,P. falciparum,7.5051885,5.7600136,12
Q8IDP1,36329,P. falciparum,12.583312,1.1215799,13
Q8I1T4,36329,P. falciparum,12.819288,1.0588431,13
Q8I493,36329,P. falciparum,1.7560014,13.308347,19
C0H5M9,36329,P. falciparum,12.141851,0.34978047,1
Q8IDM6,36329,P. falciparum,6.103519,5.2932944,12
Q8ILA4,36329,P. falciparum,9.030734,5.8109365,17
Q8IIX5,36329,P. falciparum,12.912371,0.43569618,13
Q8IBX2,36329,P. falciparum,-5.4185205,4.2735744,19
Q8I714,36329,P. falciparum,10.601714,2.4277174,12
Q8I3Y0,36329,P. falciparum,12.216224,1.4400868,13
Q8IIZ8,36329,P. falciparum,1.7727087,13.291231,19
Q8I1T1,36329,P. falciparum,10.25363,3.260934,17
Q7XHR2,39947,O. sativa,7.6996517,0.7363611,14
Q75LL6,39947,O. sativa,6.2774887,0.993814,4
Q53Q70,39947,O. sativa,9.955275,-1.6116321,6
Q6AT33,39947,O. sativa,11.224509,-2.0798194,0
P0C454,39947,O. sativa,8.702814,-2.9223268,16
Q2QY10,39947,O. sativa,7.4663534,0.034757864,1
Q75KV9,39947,O. sativa,11.00798,-2.1562102,0
Q651E8,39947,O. sativa,11.191159,3.7893715,7
Q6YVX7,39947,O. sativa,11.08479,-1.9866802,0
Q9FXQ3,39947,O. sativa,10.6087675,2.2193367,17
Q336V5,39947,O. sativa,6.5905156,2.052485,7
Q75HC2,39947,O. sativa,8.456656,2.6591687,3
Q0IMS9,39947,O. sativa,7.902288,0.72966635,3
Q8S0N2,39947,O. sativa,10.829531,-2.2563736,0
Q7XTV7,39947,O. sativa,8.385643,-1.839871,0
Q68Y45,39947,O. sativa,7.6403475,3.8548334,7
Q0J8J8,39947,O. sativa,6.733498,3.4417293,0
Q5N7C7,39947,O. sativa,9.967458,-1.6539267,6
Q75L84,39947,O. sativa,6.5095906,3.2799828,4
Q8LII5,39947,O. sativa,11.073384,-1.5940846,7
Q5K4R0,39947,O. sativa,11.054357,-1.6111507,0
Q6H4G3,39947,O. sativa,8.340785,4.9362283,12
Q653S9,39947,O. sativa,9.191254,4.8421063,17
Q10PZ9,39947,O. sativa,11.071122,-1.6228479,0
Q5QMG3,39947,O. sativa,8.149512,0.089123294,1
Q8H8V7,39947,O. sativa,5.7999444,3.4682252,2
Q6F2Y7,39947,O. sativa,8.782753,7.0446534,8
Q0JBH9,39947,O. sativa,6.949582,2.5941374,2
Q84LM2,39947,O. sativa,6.3942604,3.4646924,12
Q67U26,39947,O. sativa,6.6827993,2.3941863,7
Q2QYY8,39947,O. sativa,10.199285,1.9437726,7
Q9XJ61,39947,O. sativa,10.951185,-1.6178963,0
Q8H3Q1,39947,O. sativa,10.743859,-2.2564907,0
P29835,39947,O. sativa,10.199477,-1.7357646,1
P0C506,39947,O. sativa,8.592911,0.9866385,14
Q764B9,39947,O. sativa,8.7352085,4.46817,17
Q0J466,39947,O. sativa,11.078905,-1.608957,0
Q8HCM9,39947,O. sativa,8.570875,-2.4781084,16
P0C389,39947,O. sativa,6.2847667,2.0520275,4
Q2F912,39947,O. sativa,6.735454,7.1520634,12
Q9FWK4,39947,O. sativa,8.275809,7.128584,1
Q10QA5,39947,O. sativa,8.098776,4.0034113,7
Q5Z5F2,39947,O. sativa,9.934762,-1.9185889,0
Q84KJ3,39947,O. sativa,7.713356,1.4939436,3
Q84TW8,39947,O. sativa,6.523145,3.4359448,7
Q0DF13,39947,O. sativa,7.745194,1.8967177,14
Q10BH4,39947,O. sativa,6.57297,3.4552515,3
Q6ZH92,39947,O. sativa,8.301901,-3.7572532,9
Q9SXQ6,39947,O. sativa,9.072085,4.7867055,17
Q7G7J6,39947,O. sativa,11.017625,-1.9298166,4
Q75M33,39947,O. sativa,10.686296,-2.1905386,0
Q6H8A9,39947,O. sativa,10.638218,-2.1066582,0
A0A0P0WGX7,39947,O. sativa,8.097197,0.68216413,3
Q7JAI4,39947,O. sativa,8.752437,-3.0009885,16
Q8HCM5,39947,O. sativa,8.18754,-3.8892329,9
Q01882,39947,O. sativa,10.197448,-1.7764226,0
A0A0P0V5U9,39947,O. sativa,7.797221,4.083994,11
Q84T68,39947,O. sativa,8.70821,3.9908872,17
P15280,39947,O. sativa,8.6783085,4.290973,17
Q5NAZ7,39947,O. sativa,7.7882457,3.8603492,7
Q70G58,39947,O. sativa,8.8087435,4.778311,11
Q6YZF3,39947,O. sativa,5.6250877,4.5923347,17
Q2V0P1,39947,O. sativa,10.994264,-1.6788414,0
O48653,39947,O. sativa,7.713444,1.5393736,3
Q5TKG1,39947,O. sativa,5.1020226,4.4649153,2
Q5KQH7,39947,O. sativa,11.963307,4.8883624,7
Q6K9X3,39947,O. sativa,7.7402983,4.0418167,17
Q5SMX4,39947,O. sativa,10.929478,-2.211834,0
Q5VRR0,39947,O. sativa,11.267364,-2.1224446,0
Q6ES51,39947,O. sativa,10.976775,-2.0217009,0
Q35307,39947,O. sativa,8.348801,-3.7968304,9
Q0J9Y2,39947,O. sativa,6.7354083,0.21352178,2
Q9XG81,39947,O. sativa,4.515339,1.462845,4
P0C494,39947,O. sativa,7.850106,5.853284,12
Q94DG6,39947,O. sativa,5.6755843,4.434573,12
Q9AQU1,39947,O. sativa,5.069797,2.9551659,2
Q2R480,39947,O. sativa,9.122152,5.696716,17
Q9LG86,39947,O. sativa,11.225237,-2.0993645,0
Q0D840,39947,O. sativa,9.891153,5.1098742,11
Q8HCR5,39947,O. sativa,8.737954,-1.3373159,14
Q10SE7,39947,O. sativa,6.12989,3.2049963,10
Q8H936,39947,O. sativa,7.6021495,2.9217737,1
Q2QYW3,39947,O. sativa,6.5258775,3.4519806,3
Q7X7H9,39947,O. sativa,8.023894,3.3916628,3
Q0D715,39947,O. sativa,10.566027,2.2651505,17
Q7XC81,39947,O. sativa,7.688328,3.910341,17
Q8LNC7,39947,O. sativa,11.089617,-1.5976323,4
Q7XSK2,39947,O. sativa,6.0011516,3.7062185,17
Q944S9,39947,O. sativa,11.019089,-1.6353207,0
Q5JKX0,39947,O. sativa,7.007192,-0.21714434,7
Q6Z5I0,39947,O. sativa,8.024149,3.4081786,3
Q7XQJ2,39947,O. sativa,10.749201,-2.2211132,0
Q75GK0,39947,O. sativa,11.218145,-2.108545,0
Q75J39,39947,O. sativa,7.311696,3.4519281,3
P0C361,39947,O. sativa,5.1514354,2.7004542,10
Q6AVI0,39947,O. sativa,7.158171,3.1637125,7
Q2QM00,39947,O. sativa,9.1284685,1.3695604,14
P53684,39947,O. sativa,10.537742,2.2613049,7
P0C467,39947,O. sativa,7.627846,5.870129,17
P0C413,39947,O. sativa,8.329673,-2.0359333,14
Q0DIQ5,39947,O. sativa,10.172597,-2.050691,16
P0C464,39947,O. sativa,7.9735775,5.9628153,17
Q84R94,39947,O. sativa,11.047844,-2.0650878,0
A3A4E0,39947,O. sativa,6.022009,3.4502387,14
Q84ZA1,39947,O. sativa,10.248958,-2.1689007,0
Q35304,39947,O. sativa,8.253071,-4.002945,9
P04373,39947,O. sativa,6.546916,6.9445686,2
Q0DX67,39947,O. sativa,6.8629365,2.6583915,7
Q10MB4,39947,O. sativa,9.764592,-1.752093,6
Q84R79,39947,O. sativa,10.9998665,-2.1519673,0
Q8H7N9,39947,O. sativa,9.837952,-1.8821453,16
Q69TG5,39947,O. sativa,11.050581,-1.625137,0
Q9XJ29,39947,O. sativa,7.534887,3.2933297,7
Q8LGZ9,39947,O. sativa,7.594582,3.8469303,3
A3AHG5,39947,O. sativa,8.097905,-0.797314,1
P12153,39947,O. sativa,8.686097,-3.0530005,16
A9UGV5,39947,O. sativa,6.722306,3.4380736,1
Q0J954,39947,O. sativa,8.920209,3.9975905,17
Q7XUS2,39947,O. sativa,8.707414,4.590482,17
Q75IP6,39947,O. sativa,8.802005,2.8919082,12
Q35964,39947,O. sativa,8.29871,-3.9232247,9
Q7XQN1,39947,O. sativa,9.853078,-1.8569304,6
P92683,39947,O. sativa,7.655706,2.2156684,1
Q6IVC2,39947,O. sativa,10.083815,-1.6086148,14
Q2F947,39947,O. sativa,7.6354423,5.827984,17
Q9ZP20,39947,O. sativa,7.326585,3.1934102,7
Q5Z988,39947,O. sativa,10.854097,-2.23265,0
Q69IU0,39947,O. sativa,11.033695,-2.145238,0
Q7XSN8,39947,O. sativa,9.561846,5.921744,11
Q94LR3,39947,O. sativa,10.747618,-1.9915619,0
Q7XAQ6,39947,O. sativa,10.847943,-2.220293,0
B9G5N1,39947,O. sativa,10.144823,-2.02797,16
P0C497,39947,O. sativa,7.510591,5.722702,17
Q6K8Y4,39947,O. sativa,10.788823,-2.2445886,0
Q0JMB2,39947,O. sativa,7.1760635,3.2583952,7
Q9SNQ6,39947,O. sativa,10.229194,-2.057714,6
Q0JFI2,39947,O. sativa,12.035851,4.949738,11
P0C410,39947,O. sativa,8.342052,-3.816069,9
A0A0N7KIY3,39947,O. sativa,11.024542,-2.1661391,0
Q7X7K8,39947,O. sativa,9.176114,4.847931,17
Q84NN4,39947,O. sativa,6.8765244,3.2721686,10
Q35303,39947,O. sativa,8.302825,-3.7778065,9
Q0D5R2,39947,O. sativa,7.048859,3.496346,7
P0C519,39947,O. sativa,4.4511957,3.8016624,2
Q7X7S8,39947,O. sativa,6.168656,4.2499676,12
Q0JD85,39947,O. sativa,6.8928123,2.8278599,7
Q6EPG8,39947,O. sativa,7.7330923,4.0571046,7
Q9LJ04,39947,O. sativa,7.084762,0.14010087,1
Q7XR46,39947,O. sativa,8.945613,4.1319594,17
Q6ZJX0,39947,O. sativa,7.4660077,2.3603694,7
Q35312,39947,O. sativa,8.233112,-3.9311752,9
F7J0N2,39947,O. sativa,7.2151303,3.3772547,7
Q0DUR2,39947,O. sativa,11.071374,-1.6099199,4
Q9SAR1,39947,O. sativa,11.07065,-1.6040894,4
P27933,39947,O. sativa,6.768176,4.3941603,11
Q5VP70,39947,O. sativa,5.360951,4.1503935,7
Q8H8H9,39947,O. sativa,11.034045,-2.1436028,0
Q10M41,39947,O. sativa,10.73495,-1.9626579,0
P0C470,39947,O. sativa,5.4372554,2.6012566,10
F7J0M4,39947,O. sativa,7.144283,3.4092634,7
Q8S2G4,39947,O. sativa,8.868739,-2.1846774,16
Q75WV3,39947,O. sativa,7.9669633,3.3300858,3
Q7XUN6,39947,O. sativa,7.062161,3.5139215,7
Q0ING3,39947,O. sativa,7.5921917,3.8083162,7
Q7XIM7,39947,O. sativa,10.671086,-1.9911493,0
Q651V6,39947,O. sativa,5.3458695,4.101275,10
Q84TV3,39947,O. sativa,6.610517,3.452909,7
Q6H3Y7,39947,O. sativa,9.291829,6.129334,17
Q35315,39947,O. sativa,8.255288,-3.9429953,9
Q8LIB3,39947,O. sativa,10.805976,-1.9863743,0
Q0D3I7,39947,O. sativa,10.938109,-1.8215616,4
Q8GT95,39947,O. sativa,7.01114,3.5239332,3
Q67U21,39947,O. sativa,10.600251,-2.026382,0
Q6I5C3,39947,O. sativa,6.133538,3.1798549,15
Q10RP4,39947,O. sativa,10.114409,-2.011766,0
Q35301,39947,O. sativa,8.298232,-3.9107733,9
B9FMJ3,39947,O. sativa,8.049084,0.45181775,3
Q0JL44,39947,O. sativa,6.6047893,2.2032495,7
Q7FA29,39947,O. sativa,5.457032,1.6420068,3
Q653T6,39947,O. sativa,7.7875705,4.4980783,2
Q8VWH2,39947,O. sativa,8.149263,3.162273,3
Q8LIY8,39947,O. sativa,7.4738364,3.5009596,7
Q943E6,39947,O. sativa,9.6612015,4.070839,11
Q651K2,39947,O. sativa,10.880712,-2.2734642,0
Q9FU53,39947,O. sativa,7.6057634,3.861762,7
Q0DY81,39947,O. sativa,7.6676097,-0.35612723,14
P41095,39947,O. sativa,8.560833,5.4121594,17
Q0JAS4,39947,O. sativa,11.052733,-1.6717957,0
P62727,39947,O. sativa,7.605492,5.81581,17
Q7EXZ2,39947,O. sativa,10.5587845,-2.1711528,6
Q6ZLA3,39947,O. sativa,7.844928,3.792624,7
P0C328,39947,O. sativa,6.5346484,6.9032655,17
Q75IR0,39947,O. sativa,11.065779,-2.1415873,0
Q7Y1V5,39947,O. sativa,12.023011,4.945264,7
P12194,39947,O. sativa,8.274111,-2.1345246,14
A9UGV6,39947,O. sativa,6.760479,3.443696,1
O82117,39947,O. sativa,10.523502,-2.1020288,0
Q0JHU7,39947,O. sativa,9.893124,-1.864644,6
Q2QW53,39947,O. sativa,11.015142,-1.6584378,0
Q6Z339,39947,O. sativa,10.496014,-2.1177056,0
Q7XXN5,39947,O. sativa,7.5998187,3.8899162,7
Q8LPA1,39947,O. sativa,5.3929214,4.8852563,2
Q8LIL0,39947,O. sativa,7.872209,3.898168,7
Q338B0,39947,O. sativa,10.117568,-1.5996592,0
Q657Z3,39947,O. sativa,10.814511,-2.2477186,0
Q8HCQ4,39947,O. sativa,6.4401207,6.2950377,17
Q69TW5,39947,O. sativa,10.647805,-1.8432717,0
Q6ZKM2,39947,O. sativa,7.469406,2.8853874,7
Q9LSU3,39947,O. sativa,0.26470602,-2.7630908,11
Q8HCP7,39947,O. sativa,6.592144,7.101276,11
W0RYD3,39947,O. sativa,7.8682528,1.0702455,14
Q2R3B4,39947,O. sativa,7.773967,3.8461678,3
Q2F909,39947,O. sativa,8.281436,-3.9205189,9
Q7X7H4,39947,O. sativa,8.024714,0.55603725,0
Q65XV2,39947,O. sativa,8.138921,0.68882984,3
Q8LIN5,39947,O. sativa,6.904115,3.3172982,7
Q10G56,39947,O. sativa,9.85754,5.7838974,2
Q6K762,39947,O. sativa,9.974315,-1.5060531,14
Q8HCQ6,39947,O. sativa,6.5915494,7.047939,7
Q35317,39947,O. sativa,8.305316,-2.1931882,16
P0C0M3,39947,O. sativa,7.8466544,3.6756673,7
Q336V9,39947,O. sativa,7.310827,3.3131564,3
Q5JNJ5,39947,O. sativa,6.656509,3.4511263,0
Q08479,39947,O. sativa,9.808891,5.326211,17
Q6K846,39947,O. sativa,11.256648,-2.116537,0
Q6ZBI4,39947,O. sativa,11.057847,-2.1513464,0
Q53WK1,39947,O. sativa,6.8755803,3.601963,12
Q6EPW7,39947,O. sativa,7.88679,1.9581801,1
Q0DEC8,39947,O. sativa,8.244097,4.938222,2
Q6Z0E2,39947,O. sativa,5.410696,4.941963,7
B9FMS2,39947,O. sativa,6.028978,3.4961529,1
Q8LSP3,39947,O. sativa,10.8677225,-2.2224784,0
Q6Z1J6,39947,O. sativa,8.990812,6.137012,17
Q5JLP4,39947,O. sativa,7.5239553,3.9942274,3
Q2QYU2,39947,O. sativa,6.5463157,3.4639645,3
Q40687,39947,O. sativa,7.864201,2.4519396,17
Q8HCQ8,39947,O. sativa,8.388323,-3.624683,9
Q5Z5R4,39947,O. sativa,11.575202,4.7554674,17
Q2QML8,39947,O. sativa,10.813563,-2.2684176,0
P0C524,39947,O. sativa,6.766327,7.2868977,12
Q338X7,39947,O. sativa,7.6226544,3.9172397,7
Q10N03,39947,O. sativa,7.809498,3.0480807,1
Q53NL5,39947,O. sativa,6.6005335,3.7271812,12
Q2F901,39947,O. sativa,8.36336,-3.6742125,9
B6DMK2,39947,O. sativa,7.2637415,1.4827651,3
Q6YZ49,39947,O. sativa,9.073619,3.4138966,17
Q5SMQ9,39947,O. sativa,5.3130746,4.269296,7
Q0D9C4,39947,O. sativa,7.8519783,6.813643,14
Q6YV88,39947,O. sativa,12.029613,4.9481306,7
Q6YZ52,39947,O. sativa,8.0448675,0.63220423,3
A0A0P0X9Z7,39947,O. sativa,10.168492,-2.054895,6
I1Z695,39947,O. sativa,7.019255,3.5354543,7
Q84ST4,39947,O. sativa,8.374205,3.9893312,7
Q10PE7,39947,O. sativa,9.300737,5.074877,17
Q94EE9,39947,O. sativa,7.9306417,3.9492095,8
P0C380,39947,O. sativa,7.8825727,5.867918,3
Q2HWG4,39947,O. sativa,10.999356,-1.9865448,0
Q7XR61,39947,O. sativa,8.741902,4.643709,17
Q5QN75,39947,O. sativa,10.820908,2.3128238,7
Q6YUS3,39947,O. sativa,11.007289,-2.17103,0
Q10L71,39947,O. sativa,6.1804996,2.4856195,10
Q658G7,39947,O. sativa,7.065997,3.521083,7
Q6Z1Z3,39947,O. sativa,10.667451,-2.2269459,0
Q6ZFH6,39947,O. sativa,6.440038,3.031648,3
Q9XGP7,39947,O. sativa,9.071612,4.57363,17
A4LBC0,39947,O. sativa,10.750805,-2.2109644,0
P0C434,39947,O. sativa,8.564804,-2.4953136,16
Q655X8,39947,O. sativa,8.710856,4.859941,17
Q6ZJM9,39947,O. sativa,10.110442,-1.9844722,0
Q65XS5,39947,O. sativa,6.494459,3.3043325,7
Q6H711,39947,O. sativa,11.104863,-1.6470499,0
Q6VAK3,39947,O. sativa,6.985318,2.1498249,7
Q6T367,39947,O. sativa,8.45137,-7.3800015,14
Q0DET3,39947,O. sativa,5.89343,4.2511215,7
Q35321,39947,O. sativa,8.277912,-3.9023774,9
Q6ZKC0,39947,O. sativa,7.3905,2.3530376,7
Q9FU27,39947,O. sativa,9.908942,-1.8952627,6
Q5VRI5,39947,O. sativa,12.031869,4.948885,11
Q10PL5,39947,O. sativa,5.9525146,2.948911,10
Q7XQ85,39947,O. sativa,7.856797,4.2794733,2
P0C392,39947,O. sativa,8.329904,-2.1548383,14
Q942X4,39947,O. sativa,7.883068,1.3962138,14
Q5KQG3,39947,O. sativa,11.025813,-2.1114533,0
Q7XX84,39947,O. sativa,8.114911,3.3426492,3
Q6QHD1,39947,O. sativa,10.279813,-2.055582,0
Q5N942,39947,O. sativa,3.997019,3.499187,15
Q6EN45,39947,O. sativa,7.7234564,3.2380471,7
Q6ZHS4,39947,O. sativa,10.263265,5.6930666,11
Q8HCR3,39947,O. sativa,6.552847,7.0145936,11
P29250,39947,O. sativa,7.869225,6.7652297,14
Q10N20,39947,O. sativa,11.190121,2.4531865,2
Q6Z2G7,39947,O. sativa,10.687478,-2.211169,0
Q10LR1,39947,O. sativa,11.07838,-1.5759293,7
Q2RAP4,39947,O. sativa,11.993914,4.9256277,2
Q5Z7J0,39947,O. sativa,10.870161,2.29074,3
Q69KN0,39947,O. sativa,7.5927076,0.7340816,14
Q8S919,39947,O. sativa,13.83133,6.3643236,11
B1Q3J6,39947,O. sativa,7.468796,1.0465604,3
Q0JJ05,39947,O. sativa,9.961532,-1.917154,0
Q5VRM7,39947,O. sativa,11.955426,4.8950434,7
Q1G1M8,39947,O. sativa,8.820574,0.754586,1
Q8LR34,39947,O. sativa,8.640704,4.6818676,17
Q6H7J5,39947,O. sativa,9.009805,3.147713,1
Q2F8W6,39947,O. sativa,4.3871818,3.8183968,15
Q7F8T6,39947,O. sativa,8.754983,4.4217615,17
Q8HCR1,39947,O. sativa,9.311369,4.9561515,2
Q10D00,39947,O. sativa,5.8262916,3.0377238,2
P25765,39947,O. sativa,6.753862,4.179421,17
P0C446,39947,O. sativa,7.6719975,5.8864236,12
Q0D3S3,39947,O. sativa,8.582276,2.7558477,3
Q9LG97,39947,O. sativa,10.786912,-2.2847672,0
Q7XS69,39947,O. sativa,10.285622,-1.9194119,0
C5MRM9,39947,O. sativa,8.577914,-2.6062136,16
Q5ZAY9,39947,O. sativa,8.322131,6.610464,8
Q6AUE8,39947,O. sativa,10.717394,-2.2760344,0
Q5VS45,39947,O. sativa,7.763537,1.8158888,14
Q65XK7,39947,O. sativa,10.993398,-1.9357747,7
Q10B19,39947,O. sativa,7.8494267,3.3654225,3
Q6EUK7,39947,O. sativa,10.962754,-1.882604,7
Q6EPZ0,39947,O. sativa,10.03346,-1.9773457,0
Q8HCQ9,39947,O. sativa,9.549464,-0.26208335,16
Q03200,39947,O. sativa,8.74352,-1.6980805,16
Q60EW9,39947,O. sativa,4.880707,3.949782,2
Q2RBP2,39947,O. sativa,10.962763,-1.869237,0
Q67W82,39947,O. sativa,8.714664,4.818572,11
Q5NB25,39947,O. sativa,11.228523,-2.137853,0
Q08480,39947,O. sativa,9.804606,5.2238736,11
P17784,39947,O. sativa,8.943264,5.2726264,17
Q69XM6,39947,O. sativa,11.991268,4.911547,2
Q8S237,39947,O. sativa,6.546319,3.4938343,3
Q655V5,39947,O. sativa,8.068366,-0.070109636,1
Q6EPZ2,39947,O. sativa,10.205333,-2.0335858,0
Q652A1,39947,O. sativa,11.28231,-2.1178129,0
Q6EU39,39947,O. sativa,11.071136,-1.631146,0
Q7XR52,39947,O. sativa,6.563344,3.535769,3
Q7F9R9,39947,O. sativa,5.912622,2.154029,2
Q75IS2,39947,O. sativa,7.7697062,3.4790742,3
E3VXF2,39947,O. sativa,10.112779,-1.9967122,0
Q5JNB5,39947,O. sativa,8.789393,2.2766137,12
Q84QW1,39947,O. sativa,10.674622,-2.2088363,0
Q35319,39947,O. sativa,8.734455,-2.7850468,16
Q2QUC5,39947,O. sativa,12.013441,4.942757,11
Q8H4L8,39947,O. sativa,10.202743,-1.7324979,0
Q942F3,39947,O. sativa,7.0598955,3.5339108,3
Q84R60,39947,O. sativa,10.981948,-2.1738157,0
Q40703,39947,O. sativa,11.018932,-1.6135366,0
Q109R6,39947,O. sativa,7.855944,3.4576516,3
Q6ASY2,39947,O. sativa,6.676292,3.5174503,1
Q6Z6M4,39947,O. sativa,8.700469,5.272235,12
Q8S920,39947,O. sativa,13.836424,6.369102,11
Q84J50,39947,O. sativa,9.454409,3.838147,7
Q0J8R9,39947,O. sativa,7.922648,4.280947,1
Q6K9N1,39947,O. sativa,5.9118896,2.3682818,7
Q9SB03,39947,O. sativa,8.411029,-3.3977437,9
C7IW64,39947,O. sativa,10.171989,-2.1116683,16
Q75I93,39947,O. sativa,5.9585624,3.6924124,17
Q69XV0,39947,O. sativa,10.863412,-2.185736,0
Q2RAK2,39947,O. sativa,4.475534,3.7324615,2
B2ZX90,39947,O. sativa,10.078239,-1.9757146,0
C5MRJ8,39947,O. sativa,8.49777,5.908853,17
Q8HCP3,39947,O. sativa,8.240841,-3.93648,9
Q6L4S0,39947,O. sativa,7.559222,2.424692,7
Q6ZC03,39947,O. sativa,10.547071,-2.1242266,0
Q5VR96,39947,O. sativa,10.599821,-2.1280584,0
Q6ETQ5,39947,O. sativa,11.030397,-2.1649928,0
Q6K9C3,39947,O. sativa,7.3144646,-0.15282165,1
Q9LI00,39947,O. sativa,9.135498,5.619925,17
Q01859,39947,O. sativa,8.304107,5.3459496,12
Q7Y0F6,39947,O. sativa,11.063813,-1.8539485,0
Q6H501,39947,O. sativa,6.0170135,4.321092,3
Q10CQ1,39947,O. sativa,11.067471,-1.6294181,0
Q84JN3,39947,O. sativa,7.9456215,0.6968645,0
Q2F8Z6,39947,O. sativa,6.5676503,6.9851327,17
Q8H4S4,39947,O. sativa,10.892138,-2.1301482,0
Q5W670,39947,O. sativa,11.099804,-2.0630603,0
Q53WJ1,39947,O. sativa,7.540268,0.5698431,14
Q10I20,39947,O. sativa,6.4757986,3.4118938,3
Q8GSI0,39947,O. sativa,11.089634,-2.099816,0
P14578,39947,O. sativa,9.483832,9.640227,17
Q7FAD5,39947,O. sativa,7.680519,-0.29942158,14
Q6AT90,39947,O. sativa,10.796746,-2.249014,0
Q66VB0,39947,O. sativa,6.9142647,2.2085443,7
Q7XHL3,39947,O. sativa,8.18035,4.083745,11
Q9SSX0,39947,O. sativa,15.204621,2.2439628,2
Q7XEZ1,39947,O. sativa,11.085459,-2.1128032,0
Q69T22,39947,O. sativa,5.2507052,4.080788,2
O21799,39947,O. sativa,9.167111,1.2246002,14
Q0JLP9,39947,O. sativa,11.012445,-1.8896867,10
Q6K7V4,39947,O. sativa,10.833581,-2.267248,0
Q6Z861,39947,O. sativa,10.883717,-2.2499733,0
Q6Z2Z4,39947,O. sativa,10.353871,3.1355364,2
Q6EPZ6,39947,O. sativa,10.648013,-2.2140741,6
Q0J7T6,39947,O. sativa,7.8199425,0.8352428,14
Q69T31,39947,O. sativa,7.2765923,3.130873,3
P29421,39947,O. sativa,6.676467,3.430171,0
B9X287,39947,O. sativa,11.976979,4.89841,2
Q75RY2,39947,O. sativa,8.485686,-1.0279137,6
Q75GK1,39947,O. sativa,11.242934,-2.1111162,0
A0A0P0WF46,39947,O. sativa,10.625755,-2.098222,0
Q35311,39947,O. sativa,8.564282,-3.4316106,9
B8YEK4,39947,O. sativa,7.606515,3.8490016,17
Q5VRH9,39947,O. sativa,7.218606,3.4505289,7
Q35963,39947,O. sativa,8.219293,-3.9839485,9
Q5VN06,39947,O. sativa,6.013705,0.9916293,4
Q0JFZ0,39947,O. sativa,11.089585,-1.9041106,0
Q8VWJ6,39947,O. sativa,7.705467,4.048453,7
P12123,39947,O. sativa,3.758052,4.1419005,15
Q9LGE3,39947,O. sativa,8.769189,-2.9659793,16
Q8RZ35,39947,O. sativa,10.684928,-2.0194905,0
Q0DAJ3,39947,O. sativa,10.332786,-2.0732615,0
Q6L4V0,39947,O. sativa,5.726493,2.5971093,2
Q60EZ2,39947,O. sativa,10.879025,2.2713752,3
Q7JAI8,39947,O. sativa,7.4825997,5.99353,12
Q2F8W2,39947,O. sativa,8.319575,-3.8741658,9
Q7XPK7,39947,O. sativa,7.5696387,3.8690283,2
Q7XPM8,39947,O. sativa,11.011185,-2.0480492,0
Q5NTH4,39947,O. sativa,7.984517,3.2185109,3
Q7XI96,39947,O. sativa,10.191081,-1.9711603,0
Q0J7V9,39947,O. sativa,5.4588614,2.0901883,10
Q6K209,39947,O. sativa,4.4652886,1.1804951,7
Q5NB28,39947,O. sativa,10.835299,-2.2998695,0
Q6K5X1,39947,O. sativa,7.058539,-2.2721195,6
A3AWH5,39947,O. sativa,10.420319,-2.0949435,0
A1A698,39947,O. sativa,7.919016,3.514485,3
Q5WMQ1,39947,O. sativa,11.068616,-1.5629253,7
Q6ZJC8,39947,O. sativa,11.085501,-2.086068,0
Q7XXN4,39947,O. sativa,7.6166244,3.9059381,7
Q10AZ7,39947,O. sativa,6.1779594,2.0159051,7
Q5CCK3,39947,O. sativa,11.9700165,4.8995576,2
A0A0P0WFI1,39947,O. sativa,7.763158,-0.21118753,6
Q7XC57,39947,O. sativa,9.972353,-1.900144,6
Q67VC8,39947,O. sativa,6.8476872,2.0667675,7
Q7JAJ0,39947,O. sativa,9.085855,-2.2917194,16
Q0JAI1,39947,O. sativa,9.806987,-1.89815,16
Q8GVZ6,39947,O. sativa,9.8961,-1.9341793,6
Q7XBY6,39947,O. sativa,7.6665545,3.9784608,7
Q8S0S6,39947,O. sativa,7.603222,3.9304745,2
P12139,39947,O. sativa,7.561576,5.8451047,12
Q6T804,39947,O. sativa,10.454747,-2.120344,0
Q10R54,39947,O. sativa,5.092651,4.8720536,2
Q2QUP1,39947,O. sativa,8.235139,1.3402334,14
Q0D5R3,39947,O. sativa,7.052411,3.5399232,7
Q5VRD7,39947,O. sativa,6.0315914,3.513817,1
Q941T1,39947,O. sativa,9.032154,5.2800627,11
Q10NQ3,39947,O. sativa,7.8499317,0.87572986,14
Q69SP5,39947,O. sativa,7.079172,3.5307772,7
P0C370,39947,O. sativa,8.6148615,-2.7523432,16
Q75H21,39947,O. sativa,10.901799,-2.2194462,0
Q0JCT1,39947,O. sativa,8.458662,-7.386929,1
Q7XT88,39947,O. sativa,11.030008,-2.1736205,0
Q8HCP1,39947,O. sativa,8.315669,-3.7821174,9
Q35308,39947,O. sativa,8.2772875,-3.9606814,9
P17654,39947,O. sativa,6.745371,4.4029655,11
Q5N8Q4,39947,O. sativa,8.345761,3.0496008,12
P17814,39947,O. sativa,8.552282,4.536861,11
P28520,39947,O. sativa,7.4654274,6.036111,12
Q84MQ9,39947,O. sativa,11.020744,-2.0137424,0
P0C422,39947,O. sativa,8.520874,-2.8507054,16
Q0IP69,39947,O. sativa,7.7674484,4.09384,11
Q8HCR6,39947,O. sativa,6.6804523,7.112115,17
Q8H8C6,39947,O. sativa,5.798495,0.90123594,4
Q8W1L6,39947,O. sativa,9.561707,5.2996373,17
Q0J7U6,39947,O. sativa,7.8989725,1.5573344,3
Q01883,39947,O. sativa,10.232709,-1.7615353,0
Q5ZAJ0,39947,O. sativa,5.2139187,4.1796885,2
Q6H611,39947,O. sativa,7.8079343,1.6230867,14
Q6VVA6,39947,O. sativa,5.6971436,4.7974787,17
Q6ZBH6,39947,O. sativa,10.0697155,-2.0816462,6
Q8HCN1,39947,O. sativa,8.527351,-1.9219608,16
Q6ZLA7,39947,O. sativa,7.8478947,3.8696227,17
Q10NY2,39947,O. sativa,7.9512186,1.4992605,3
P0C522,39947,O. sativa,8.455434,6.359966,12
Q2F946,39947,O. sativa,9.238806,4.945202,2
Q69X58,39947,O. sativa,12.015399,4.9421883,11
Q2F948,39947,O. sativa,6.537385,6.9976144,11
Q5W6R4,39947,O. sativa,10.056583,-2.1642785,16
Q8LNV6,39947,O. sativa,7.581992,4.030727,3
Q69V10,39947,O. sativa,10.705373,-2.0114994,0
Q5QM25,39947,O. sativa,6.4716845,3.065338,0
Q75KD7,39947,O. sativa,7.075294,2.5278926,4
Q8HCN4,39947,O. sativa,8.564424,-2.44013,16
Q10DK7,39947,O. sativa,7.620286,4.189699,2
Q0JM17,39947,O. sativa,10.280727,3.0780406,17
Q8HCP4,39947,O. sativa,8.240914,-3.9780333,9
Q6Z058,39947,O. sativa,9.840376,4.197411,11
Q7XR02,39947,O. sativa,11.048598,-2.1584117,0
Q35320,39947,O. sativa,8.267356,-3.959416,9
Q53L62,39947,O. sativa,10.993691,-2.1568115,0
Q6MWE5,39947,O. sativa,5.5394444,5.057471,11
P0C482,39947,O. sativa,4.3081837,3.8663974,15
Q8LHH9,39947,O. sativa,7.9982586,3.258903,3
Q2F937,39947,O. sativa,8.539128,-3.1058352,9
Q67WQ7,39947,O. sativa,7.4934344,3.3758795,3
B9G434,39947,O. sativa,8.293314,4.970816,2
B9FJ61,39947,O. sativa,6.0376983,4.8747535,17
Q60EY1,39947,O. sativa,7.7953215,3.7601702,3
Q9LWU9,39947,O. sativa,11.023865,-2.0918455,0
Q6YW41,39947,O. sativa,10.991222,-2.181844,0
Q8HCP5,39947,O. sativa,8.340111,-3.9002054,9
Q6L568,39947,O. sativa,5.3866343,4.894159,2
Q8MPQ7,44689,D. discoideum,9.147151,2.5265234,12
Q54YZ6,44689,D. discoideum,10.722111,0.34339434,18
Q54PN9,44689,D. discoideum,8.568042,-0.07356924,18
Q557E6,44689,D. discoideum,9.237585,6.0404987,17
O60950,44689,D. discoideum,10.374331,1.1654334,18
P0DJ26,44689,D. discoideum,9.52717,4.4865365,17
P54675,44689,D. discoideum,10.554764,0.6798874,18
Q9U1M8,44689,D. discoideum,9.406006,1.8828961,12
Q86H98,44689,D. discoideum,8.742175,2.4949017,12
Q54F00,44689,D. discoideum,10.602135,0.69040614,18
Q86M88,44689,D. discoideum,10.685245,0.5022458,18
Q75JE7,44689,D. discoideum,9.5301695,3.7780373,17
Q55AP4,44689,D. discoideum,10.330188,1.4489042,18
Q54N00,44689,D. discoideum,9.396543,1.7175816,18
Q553P5,44689,D. discoideum,4.399127,-1.7745018,12
Q553C7,44689,D. discoideum,9.035249,0.36573973,18
Q54TL8,44689,D. discoideum,7.6044154,5.714853,17
Q54YE2,44689,D. discoideum,10.224062,1.6231896,18
Q55FE6,44689,D. discoideum,6.9784513,4.3236756,12
Q54GM7,44689,D. discoideum,10.6151905,1.1158907,18
Q54J47,44689,D. discoideum,8.219354,6.4133472,12
Q54TV1,44689,D. discoideum,6.131288,5.3905277,17
Q54KF1,44689,D. discoideum,10.504528,0.74077755,18
Q03479,44689,D. discoideum,7.2401395,2.0501094,17
Q556J3,44689,D. discoideum,9.503656,0.84327924,18
Q1ZXG4,44689,D. discoideum,9.083514,4.606048,17
Q54KJ1,44689,D. discoideum,10.724166,0.14521484,18
P34142,44689,D. discoideum,15.233176,2.2783942,17
Q54CD2,44689,D. discoideum,10.84293,0.35473007,18
Q55CR0,44689,D. discoideum,8.628561,2.8070076,17
Q54GT9,44689,D. discoideum,10.709479,0.52798325,18
Q86AQ3,44689,D. discoideum,9.841752,4.894988,17
P46793,44689,D. discoideum,7.922623,5.657265,17
Q54JV8,44689,D. discoideum,9.475621,4.5673842,17
Q7Z1I0,44689,D. discoideum,10.560041,0.9695433,18
Q8T673,44689,D. discoideum,6.0101867,5.5206566,17
Q556G3,44689,D. discoideum,10.331609,4.587318,12
Q54I64,44689,D. discoideum,9.173851,1.5812641,12
Q8T1G4,44689,D. discoideum,8.3535795,-1.6902859,14
Q54MG5,44689,D. discoideum,10.799356,0.09083682,18
Q869S5,44689,D. discoideum,10.735468,0.47814083,18
Q9GPR7,44689,D. discoideum,15.209317,2.2714574,11
Q553Y1,44689,D. discoideum,9.5118475,1.9251351,14
Q54Z26,44689,D. discoideum,8.823252,6.159577,17
Q54LW0,44689,D. discoideum,9.405819,3.999755,17
Q54RA9,44689,D. discoideum,10.85756,0.3382127,18
Q54G18,44689,D. discoideum,10.321838,1.0121541,18
Q75JQ1,44689,D. discoideum,9.394417,4.7151055,17
Q54TU2,44689,D. discoideum,9.098969,1.6120206,14
Q54HY0,44689,D. discoideum,10.007621,1.5846938,18
Q54EC1,44689,D. discoideum,10.479496,0.7330071,18
P90520,44689,D. discoideum,9.701201,2.3402042,12
Q552E2,44689,D. discoideum,8.02134,-0.40180212,6
Q54UC9,44689,D. discoideum,10.668729,0.4436473,18
Q54SA3,44689,D. discoideum,10.769152,0.49016625,18
B0G115,44689,D. discoideum,10.549988,0.24216008,18
Q6S004,44689,D. discoideum,10.756442,0.37879282,18
Q55DB0,44689,D. discoideum,9.736597,1.9097904,3
Q554C5,44689,D. discoideum,10.907937,0.08677599,18
Q55BZ4,44689,D. discoideum,9.090905,4.6502657,17
Q54YE1,44689,D. discoideum,10.228316,1.5587891,18
P46800,44689,D. discoideum,7.800831,2.4934807,17
Q8I8U2,44689,D. discoideum,8.588965,2.3985884,17
Q9Y0B7,44689,D. discoideum,-2.0200932,12.003287,11
Q54S04,44689,D. discoideum,8.916055,1.2662159,12
Q54NL0,44689,D. discoideum,10.714004,0.2090888,18
Q7KWU0,44689,D. discoideum,10.162999,1.7276086,12
Q54FJ6,44689,D. discoideum,10.68653,1.1360584,18
Q7YTA6,44689,D. discoideum,6.2424417,5.0418854,18
Q555G2,44689,D. discoideum,10.677766,0.3692543,18
Q54QE9,44689,D. discoideum,10.2167635,0.78019065,18
Q54JJ5,44689,D. discoideum,9.559224,4.626925,17
Q550D5,44689,D. discoideum,10.870238,0.06553702,18
Q54SF9,44689,D. discoideum,10.608322,0.794027,18
Q86HI2,44689,D. discoideum,10.3818865,0.74724543,18
Q54QR3,44689,D. discoideum,15.243983,2.2718549,2
P83401,44689,D. discoideum,10.059846,6.065499,11
P0DJ29,44689,D. discoideum,10.222605,0.66050917,18
Q54LR0,44689,D. discoideum,10.793703,0.18917237,18
P54651,44689,D. discoideum,9.403612,2.9202878,12
Q86JP5,44689,D. discoideum,10.63088,0.71509814,18
Q8T9S7,44689,D. discoideum,10.464095,0.79737437,18
O96923,44689,D. discoideum,10.465535,0.62823963,18
Q54Z09,44689,D. discoideum,7.6428146,5.665589,12
Q556J8,44689,D. discoideum,10.213543,0.99170107,18
Q86AQ7,44689,D. discoideum,8.5332155,2.798652,17
Q54HG2,44689,D. discoideum,9.161265,2.0939035,12
Q86IE7,44689,D. discoideum,9.368486,2.6764731,12
Q94469,44689,D. discoideum,9.399302,6.1341734,17
Q55BY0,44689,D. discoideum,10.845423,0.094695084,18
P34115,44689,D. discoideum,10.713625,1.2390536,18
Q54D73,44689,D. discoideum,9.399519,5.4742904,17
Q54TA5,44689,D. discoideum,10.791608,0.23652126,18
Q54M56,44689,D. discoideum,10.231044,1.4793329,12
Q54GP3,44689,D. discoideum,9.837077,4.84281,17
Q54LV6,44689,D. discoideum,7.97093,-0.7369216,6
Q9BLG3,44689,D. discoideum,5.505723,5.166603,17
Q54TZ2,44689,D. discoideum,4.4496274,-1.7579002,18
Q54UB5,44689,D. discoideum,8.307877,2.7301307,17
Q54MI3,44689,D. discoideum,10.865017,0.095868565,18
Q54H46,44689,D. discoideum,10.523953,0.9228058,18
Q54E04,44689,D. discoideum,6.234285,4.7544985,12
Q8T1G6,44689,D. discoideum,8.303886,-1.6808674,14
P22699,44689,D. discoideum,6.793299,4.177697,17
P36412,44689,D. discoideum,15.244088,2.2724423,11
Q54JE1,44689,D. discoideum,10.688539,1.2209107,18
Q9TW28,44689,D. discoideum,10.566747,0.80891925,18
O77203,44689,D. discoideum,9.16175,1.9812698,12
Q54BY9,44689,D. discoideum,10.296506,1.112479,18
Q54RV9,44689,D. discoideum,9.413104,5.0408134,17
Q54J33,44689,D. discoideum,9.709035,1.7672219,18
Q37315,44689,D. discoideum,7.186591,4.3286715,17
Q550R2,44689,D. discoideum,9.156773,2.0162823,12
Q55CE3,44689,D. discoideum,10.519096,0.6154849,18
Q54HI5,44689,D. discoideum,10.671883,0.37450987,18
Q6RZZ9,44689,D. discoideum,10.674081,0.42313528,18
Q54FX2,44689,D. discoideum,10.859447,0.30142617,18
Q54H57,44689,D. discoideum,8.18366,-1.0724759,14
Q54W34,44689,D. discoideum,9.8465185,0.5360901,18
Q54R53,44689,D. discoideum,10.452848,0.2690891,18
Q8MN58,44689,D. discoideum,8.843988,0.6520886,14
Q54JX0,44689,D. discoideum,10.666185,0.3912361,18
Q75K18,44689,D. discoideum,9.027171,4.908157,12
Q55FX5,44689,D. discoideum,10.207237,1.0724571,18
Q54MU8,44689,D. discoideum,9.485722,2.1841366,3
Q9GTN7,44689,D. discoideum,10.373594,1.1884058,18
Q55BH9,44689,D. discoideum,6.1619434,4.9353824,18
Q54ME1,44689,D. discoideum,6.8357267,3.846244,17
Q54TP5,44689,D. discoideum,10.555099,0.24342965,18
Q54XS3,44689,D. discoideum,10.553787,0.42001945,18
Q54XU5,44689,D. discoideum,8.873779,3.865218,17
Q54PF9,44689,D. discoideum,9.376453,4.671122,17
Q55BA2,44689,D. discoideum,10.615927,1.062089,18
P22887,44689,D. discoideum,9.021096,6.074648,17
Q54GY8,44689,D. discoideum,15.241133,2.2798178,17
Q54GX7,44689,D. discoideum,20.42157,4.0799427,2
Q54J48,44689,D. discoideum,10.14574,3.284989,17
P35401,44689,D. discoideum,10.425937,0.20002382,16
Q55FK4,44689,D. discoideum,9.86551,4.8279567,17
Q1ZXF7,44689,D. discoideum,9.577342,5.905626,11
Q54T88,44689,D. discoideum,10.45128,0.2520399,18
Q54W23,44689,D. discoideum,10.41809,0.07741465,16
Q86L44,44689,D. discoideum,10.287511,1.2016522,18
Q552S0,44689,D. discoideum,6.1249037,5.2502565,17
Q7KWS3,44689,D. discoideum,8.841259,2.4275033,12
Q1ZXL0,44689,D. discoideum,10.668351,0.33175915,18
Q54YW1,44689,D. discoideum,10.523683,0.7467754,18
Q55AR6,44689,D. discoideum,10.346159,0.9195443,18
P12019,44689,D. discoideum,10.06681,1.5692123,18
Q55AQ4,44689,D. discoideum,10.849931,0.2990378,18
Q23921,44689,D. discoideum,9.603661,5.6987486,17
Q54F38,44689,D. discoideum,7.7765965,-1.0669034,6
Q54XR4,44689,D. discoideum,8.632286,2.666045,17
P07828,44689,D. discoideum,20.421618,4.079923,11
Q54PN5,44689,D. discoideum,9.905296,1.927495,18
Q54E53,44689,D. discoideum,8.825742,2.4415083,12
Q54R82,44689,D. discoideum,10.664783,0.91791046,17
Q55D82,44689,D. discoideum,10.438296,0.9840736,18
Q54HY6,44689,D. discoideum,10.1692,0.89520085,18
P34092,44689,D. discoideum,7.221858,2.0372248,17
Q54X80,44689,D. discoideum,10.581182,1.2035884,18
Q54EX0,44689,D. discoideum,9.015363,2.3683338,12
Q54CG0,44689,D. discoideum,6.0341463,5.482853,17
Q8MMR8,44689,D. discoideum,10.041322,2.5897913,17
P14132,44689,D. discoideum,7.8425493,5.9250355,12
O21043,44689,D. discoideum,9.754284,2.1571121,14
Q54R52,44689,D. discoideum,10.467804,1.088035,18
P90521,44689,D. discoideum,8.9869585,4.8305182,17
Q54DM8,44689,D. discoideum,10.443892,0.3291618,18
Q54WA6,44689,D. discoideum,8.489342,-1.5395732,6
Q9GV71,44689,D. discoideum,10.893338,0.21514198,18
Q55FU3,44689,D. discoideum,7.803705,-0.39884526,18
Q54K46,44689,D. discoideum,10.103864,3.1371741,17
Q54W52,44689,D. discoideum,8.775203,2.379694,17
P15064,44689,D. discoideum,2.9550252,5.0909233,2
Q54UL8,44689,D. discoideum,10.816653,0.26820755,18
Q55BR7,44689,D. discoideum,9.84794,1.2851627,12
Q54N17,44689,D. discoideum,8.635417,-3.3663263,9
Q54HM2,44689,D. discoideum,10.77529,0.17351626,18
P54697,44689,D. discoideum,10.617731,0.46784377,18
Q54R45,44689,D. discoideum,8.5641575,2.9132872,12
P10819,44689,D. discoideum,8.577332,6.1257586,12
Q54WH2,44689,D. discoideum,9.191757,2.0967276,12
Q86B07,44689,D. discoideum,7.115715,4.1111283,12
Q54I71,44689,D. discoideum,10.734864,0.46222654,18
Q54SK5,44689,D. discoideum,10.91229,0.12905298,18
Q6B516,44689,D. discoideum,10.69949,0.59261227,18
Q552Y2,44689,D. discoideum,9.914399,1.8045799,14
Q54J08,44689,D. discoideum,9.99559,1.4317843,18
Q54DL7,44689,D. discoideum,10.267895,0.9885709,18
Q54NE5,44689,D. discoideum,10.833784,0.1490607,18
Q54VX6,44689,D. discoideum,10.74294,0.28078237,18
Q54G01,44689,D. discoideum,10.698649,0.3674856,18
Q869Q6,44689,D. discoideum,10.695678,1.1945884,18
P51136,44689,D. discoideum,10.62494,1.0960577,18
Q86H13,44689,D. discoideum,10.823995,0.39795,18
Q95YL4,44689,D. discoideum,7.488545,0.11521143,12
Q54W90,44689,D. discoideum,10.196904,0.8951474,18
Q54K14,44689,D. discoideum,10.586171,0.60653365,18
Q54JH6,44689,D. discoideum,10.066998,2.345864,17
Q869Q3,44689,D. discoideum,9.113153,0.83545357,14
Q55CH0,44689,D. discoideum,10.331114,1.0411836,18
Q8I7C6,44689,D. discoideum,8.884349,2.9796271,12
Q54XE5,44689,D. discoideum,9.542093,4.649154,17
Q54XY4,44689,D. discoideum,10.164472,-0.041288998,16
Q86K21,44689,D. discoideum,9.366646,4.660594,17
Q54E20,44689,D. discoideum,8.735731,-3.0089715,16
Q6RYT0,44689,D. discoideum,9.023426,4.792225,17
P54683,44689,D. discoideum,10.444127,1.1098819,18
Q54TY7,44689,D. discoideum,10.805616,0.12273351,18
Q54C50,44689,D. discoideum,10.678682,0.3954688,18
Q54WA7,44689,D. discoideum,10.715979,0.21112473,18
Q54XP9,44689,D. discoideum,10.783988,0.16540155,18
Q54I22,44689,D. discoideum,9.664495,3.6930616,17
Q55FF3,44689,D. discoideum,10.331718,4.5596876,12
Q55FQ9,44689,D. discoideum,10.617605,1.0379267,18
Q54N80,44689,D. discoideum,8.905924,2.9818735,12
Q94497,44689,D. discoideum,9.014005,4.785735,17
Q54DW7,44689,D. discoideum,10.630798,0.38497952,18
Q869N2,44689,D. discoideum,10.345405,0.42705765,18
Q9BLG4,44689,D. discoideum,5.526302,5.152061,17
Q54BE5,44689,D. discoideum,10.231301,1.6686823,12
Q553S7,44689,D. discoideum,9.28739,4.700574,17
Q54D70,44689,D. discoideum,10.307217,1.6225504,18
Q55A06,44689,D. discoideum,10.760444,0.3336012,18
P32256,44689,D. discoideum,-3.4693289,1.6171285,12
Q55BP0,44689,D. discoideum,8.432464,-7.362028,14
Q54U89,44689,D. discoideum,6.2078857,5.255924,12
Q54FL2,44689,D. discoideum,15.272132,2.3143156,17
Q54MA6,44689,D. discoideum,7.611615,5.820989,12
Q1ZXD6,44689,D. discoideum,10.596706,0.6931748,18
P34125,44689,D. discoideum,10.715534,0.6459766,18
Q8T869,44689,D. discoideum,9.81029,4.218134,17
P54704,44689,D. discoideum,7.8257294,-1.504174,6
Q553W9,44689,D. discoideum,8.84651,-1.979481,16
Q55AW9,44689,D. discoideum,9.317648,2.3530233,12
Q54UT6,44689,D. discoideum,8.1380205,6.359306,12
Q54PB7,44689,D. discoideum,10.178482,0.96641535,18
Q54X65,44689,D. discoideum,8.887479,1.0943042,14
Q54G86,44689,D. discoideum,7.572757,5.7026477,17
Q54LU5,44689,D. discoideum,10.745614,0.086987175,18
Q54P51,44689,D. discoideum,9.413123,4.4350977,17
Q8T664,44689,D. discoideum,10.743062,0.42718756,18
Q55BW2,44689,D. discoideum,8.750125,4.128308,17
Q9Y0T2,44689,D. discoideum,10.46187,0.77221227,18
Q966Q9,44689,D. discoideum,9.214147,1.0909197,14
Q55CA1,44689,D. discoideum,10.778635,0.4045799,18
Q54Z69,44689,D. discoideum,7.529468,5.786777,12
O96668,44689,D. discoideum,10.64587,0.26051757,18
Q55GK8,44689,D. discoideum,10.436756,0.92967844,18
Q9GSB0,44689,D. discoideum,6.072232,5.2046957,12
Q75JL5,44689,D. discoideum,8.548189,-2.785769,16
Q54H39,44689,D. discoideum,8.680153,2.9373212,11
Q55DL5,44689,D. discoideum,10.258509,0.62953854,18
Q54IK9,44689,D. discoideum,10.584223,0.37946266,18
Q7KWP7,44689,D. discoideum,7.719137,-0.59045047,6
Q54YD3,44689,D. discoideum,10.087657,2.984063,17
P24005,44689,D. discoideum,8.469877,-1.4506863,16
Q54DX3,44689,D. discoideum,9.503708,4.5492144,17
Q86AT9,44689,D. discoideum,10.834081,0.36949039,18
Q86KP5,44689,D. discoideum,8.589886,-2.3296006,16
Q54Y08,44689,D. discoideum,10.4597,0.7971803,18
O77257,44689,D. discoideum,10.551761,0.9821279,14
Q54QV8,44689,D. discoideum,7.773289,1.965109,14
Q54T56,44689,D. discoideum,9.524806,1.1963991,18
Q55BN9,44689,D. discoideum,8.433247,-7.3617754,1
P13773,44689,D. discoideum,6.141248,5.084613,12
Q54MR6,44689,D. discoideum,9.752212,4.200934,17
Q86HH3,44689,D. discoideum,6.139282,5.2255793,12
P34045,44689,D. discoideum,10.254734,3.9112144,17
Q54IF7,44689,D. discoideum,9.098776,4.7908854,17
Q54TW2,44689,D. discoideum,10.759583,0.79225713,18
P26355,44689,D. discoideum,8.257773,3.6240232,17
P15521,44689,D. discoideum,8.35545,-1.6656871,14
Q86C65,44689,D. discoideum,8.740222,1.8713443,12
P13021,44689,D. discoideum,9.033705,2.6746027,12
Q54JA5,44689,D. discoideum,10.70024,1.2296275,18
Q54AX5,44689,D. discoideum,8.616372,2.296121,12
Q54TB8,44689,D. discoideum,10.639935,0.5079277,18
Q1ZXK2,44689,D. discoideum,9.470184,1.5878382,18
Q86IA3,44689,D. discoideum,9.908537,4.9230137,17
Q54SP4,44689,D. discoideum,10.746083,0.59356385,18
P34120,44689,D. discoideum,0.258581,-2.7688227,17
Q86JB5,44689,D. discoideum,9.677978,3.439354,12
Q8T145,44689,D. discoideum,10.783388,0.29799476,18
Q555X5,44689,D. discoideum,10.704464,0.2504758,18
P34112,44689,D. discoideum,11.316333,2.5239494,2
Q54WU6,44689,D. discoideum,9.411617,1.1439542,18
Q54K47,44689,D. discoideum,9.694991,3.998586,11
Q9NIV0,44689,D. discoideum,5.583524,5.117207,12
P34093,44689,D. discoideum,8.952798,3.5325193,12
Q54XY1,44689,D. discoideum,10.055145,1.4071187,12
Q55FC8,44689,D. discoideum,9.976399,2.3440971,12
Q55FD8,44689,D. discoideum,10.503001,0.7922898,18
P20791,44689,D. discoideum,15.276463,2.2580426,11
Q75JH9,44689,D. discoideum,10.282887,0.9376867,18
Q9Y1W0,44689,D. discoideum,6.0857363,4.9218464,17
Q9U9R7,44689,D. discoideum,8.69737,2.2484565,12
Q54LJ4,44689,D. discoideum,10.618023,0.52488256,18
Q8MLZ3,44689,D. discoideum,9.519795,2.245642,3
Q54D12,44689,D. discoideum,9.757263,2.0014987,17
Q54PV1,44689,D. discoideum,10.779772,0.29704726,18
Q86CR6,44689,D. discoideum,9.296537,2.5298128,12
Q54LC3,44689,D. discoideum,10.773376,1.204639,18
Q55G81,44689,D. discoideum,8.531668,3.387872,17
Q54Z78,44689,D. discoideum,10.599954,0.7240046,18
P18160,44689,D. discoideum,10.820881,0.21276873,18
Q54L90,44689,D. discoideum,10.540096,0.4798248,18
Q54SG2,44689,D. discoideum,8.6264,-1.5549185,16
Q86KU2,44689,D. discoideum,9.279291,4.53122,17
Q54KA7,44689,D. discoideum,8.870768,2.104274,17
Q54G77,44689,D. discoideum,6.844997,4.156819,17
B0M0P5,44689,D. discoideum,9.12786,2.1571646,12
O44007,44689,D. discoideum,9.385015,1.9590127,12
P34043,44689,D. discoideum,10.327637,3.998755,17
Q54TY4,44689,D. discoideum,9.357995,4.661184,17
Q558Y3,44689,D. discoideum,6.307754,5.310403,18
O77033,44689,D. discoideum,10.763618,0.20367843,18
Q1ZXJ2,44689,D. discoideum,10.418463,0.786339,18
P34119,44689,D. discoideum,0.2566464,-2.770448,12
Q54B44,44689,D. discoideum,10.800663,0.35807735,18
Q9U720,44689,D. discoideum,8.92193,0.39940983,14
P34098,44689,D. discoideum,6.7490897,4.199739,17
Q54WH7,44689,D. discoideum,10.945355,0.013880843,18
Q9GPF1,44689,D. discoideum,8.602991,2.9080563,17
Q54Y02,44689,D. discoideum,6.8397937,4.191836,17
Q54R74,44689,D. discoideum,8.728663,1.150386,14
Q8T8P3,44689,D. discoideum,6.268318,5.3873405,12
Q54HC2,44689,D. discoideum,5.8397694,-5.3793106,12
Q8I0F4,44689,D. discoideum,7.7496085,2.5480864,11
Q54WX4,44689,D. discoideum,10.654182,1.3845147,17
P13466,44689,D. discoideum,9.238672,3.8194375,17
P36411,44689,D. discoideum,15.246527,2.2747784,11
Q54KR7,44689,D. discoideum,13.74615,6.2736177,17
Q54FU0,44689,D. discoideum,8.928979,2.798331,12
Q54PF3,44689,D. discoideum,7.5599666,2.955623,3
Q55BN8,44689,D. discoideum,10.824608,1.715416,7
P54679,44689,D. discoideum,6.5257277,5.0674257,3
Q54RC0,44689,D. discoideum,7.45826,-0.18905184,1
Q70GP4,44689,D. discoideum,10.814866,0.25466648,18
P54653,44689,D. discoideum,9.175396,1.1065159,14
Q54QF1,44689,D. discoideum,10.78669,0.47090983,18
Q54ZW0,44689,D. discoideum,6.0839243,4.6855936,12
Q556Y2,44689,D. discoideum,9.406152,5.0893707,11
P34042,44689,D. discoideum,10.319824,3.9395795,17
Q54Z13,44689,D. discoideum,8.730632,2.3619256,12
Q55AV3,44689,D. discoideum,10.64062,0.40889734,18
Q54HM0,44689,D. discoideum,6.177367,5.435226,17
P42530,44689,D. discoideum,9.013402,2.876758,17
Q54FB1,44689,D. discoideum,10.374216,0.5245151,18
Q54LT0,44689,D. discoideum,8.832902,2.2326872,12
Q55G04,44689,D. discoideum,0.21760789,-2.8083255,17
Q556Y4,44689,D. discoideum,5.9366226,2.4318364,7
Q54EV3,44689,D. discoideum,8.680089,6.777131,17
Q55BT7,44689,D. discoideum,8.7540045,-2.0629594,16
Q54F23,44689,D. discoideum,8.797692,1.8179282,12
Q54NP8,44689,D. discoideum,10.62575,0.44463605,18
Q54K81,44689,D. discoideum,8.931632,1.7552183,12
O96042,44689,D. discoideum,8.725864,-2.9733815,16
Q54JA3,44689,D. discoideum,10.7062,1.2255988,18
Q95UP9,44689,D. discoideum,8.92331,2.4522638,14
P32073,44689,D. discoideum,9.548812,3.4395835,17
Q54HW9,44689,D. discoideum,8.634507,-2.669134,16
O96621,44689,D. discoideum,9.876692,4.186168,17
Q54X71,44689,D. discoideum,10.587839,0.8915037,18
P13023,44689,D. discoideum,7.4922733,5.748331,12
Q54F26,44689,D. discoideum,8.372679,0.89233476,1
Q54WD4,44689,D. discoideum,10.483307,0.72554296,18
Q6S000,44689,D. discoideum,10.759589,0.34647512,18
Q55CA9,44689,D. discoideum,15.19289,2.3113225,11
Q54XJ0,44689,D. discoideum,8.868765,1.8184394,12
Q556Z0,44689,D. discoideum,9.620486,1.1253954,18
Q54HR9,44689,D. discoideum,9.215427,3.930317,12
Q54MP1,44689,D. discoideum,10.387865,0.16748391,18
O96626,44689,D. discoideum,8.812773,2.3342438,12
P42521,44689,D. discoideum,9.108641,5.2212796,11
Q54J96,44689,D. discoideum,10.74736,0.26870796,18
Q54EW0,44689,D. discoideum,10.571886,0.7017445,18
Q553U6,44689,D. discoideum,20.424568,4.0800614,2
Q869W9,44689,D. discoideum,10.031328,2.0159717,18
Q54GE3,44689,D. discoideum,8.463144,3.0561023,12
Q54VG4,44689,D. discoideum,8.92093,2.4191542,1
Q54HV0,44689,D. discoideum,10.501073,0.6151207,18
Q54BI7,44689,D. discoideum,9.893825,4.81761,17
Q54NT1,44689,D. discoideum,8.4236765,-1.4713098,16
P35352,44689,D. discoideum,10.364115,0.7091714,18
Q54XL6,44689,D. discoideum,9.992506,0.44187596,3
Q55FS3,44689,D. discoideum,9.322343,1.1237202,18
Q54TU5,44689,D. discoideum,7.7070827,4.516817,17
Q557H7,44689,D. discoideum,10.802387,0.36152977,18
Q54BF0,44689,D. discoideum,10.703485,0.8804698,18
Q8T6H3,44689,D. discoideum,6.181043,5.538768,17
Q54PA9,44689,D. discoideum,9.560918,6.264729,11
Q555X4,44689,D. discoideum,10.370821,0.8725488,18
Q54VJ0,44689,D. discoideum,6.1702776,5.555085,17
Q54B85,44689,D. discoideum,9.666203,3.154949,12
Q02465,44689,D. discoideum,6.5079403,4.2180037,14
Q557I6,44689,D. discoideum,10.679653,0.15208341,6
Q9U1M9,44689,D. discoideum,10.356484,0.81433046,18
P02886,44689,D. discoideum,8.957224,2.919476,17
P08796,44689,D. discoideum,10.751228,1.1967107,18
Q55DD4,44689,D. discoideum,10.886874,0.32942635,18
Q54JI6,44689,D. discoideum,10.207042,1.0434841,18
Q54D21,44689,D. discoideum,9.878856,4.812994,17
Q55GQ4,44689,D. discoideum,10.439625,0.3052712,18
Q54E29,44689,D. discoideum,8.585593,3.2919233,12
Q55CW4,44689,D. discoideum,10.802782,0.031527944,18
P12729,44689,D. discoideum,10.767598,1.1539205,18
Q54WT5,44689,D. discoideum,8.029757,-0.46234724,18
Q54RQ4,44689,D. discoideum,9.032839,0.526666,18
P34090,44689,D. discoideum,9.652876,1.472236,14
Q86HU8,44689,D. discoideum,9.308079,4.9371123,17
Q7YSJ4,44689,D. discoideum,10.726284,1.2440553,12
P22467,44689,D. discoideum,7.236698,2.0969822,17
Q553Y7,44689,D. discoideum,10.565733,0.6059247,18
Q54HP0,44689,D. discoideum,8.375529,-3.3706326,14
Q54JM3,44689,D. discoideum,9.348069,3.6094794,12
Q8T6J0,44689,D. discoideum,6.1970277,5.3883657,17
Q55FS1,44689,D. discoideum,10.446898,0.47515875,18
Q54PV8,44689,D. discoideum,9.014896,2.9207344,12
P13651,44689,D. discoideum,8.463855,3.322089,17
Q54JM5,44689,D. discoideum,8.569813,2.8363087,12
Q54QT7,44689,D. discoideum,9.117381,1.1252453,14
Q8T6B4,44689,D. discoideum,8.980822,2.3048117,1
Q86A84,44689,D. discoideum,10.514256,1.0231212,18
Q55DL8,44689,D. discoideum,10.805518,0.19900562,18
Q94465,44689,D. discoideum,8.795057,5.4680367,17
Q559R0,44689,D. discoideum,10.482967,3.7797272,17
Q7Z2B8,44689,D. discoideum,5.788187,-5.431236,17
Q55BH2,44689,D. discoideum,10.652089,0.37062314,18
P54642,44689,D. discoideum,7.1151605,4.463216,17
Q86B08,44689,D. discoideum,6.0751557,5.362265,12
Q55B61,44689,D. discoideum,10.567376,0.30502602,18
Q550L8,44689,D. discoideum,10.440638,0.68557745,18
Q76NU1,44689,D. discoideum,8.285047,6.3222117,12
Q9GS21,44689,D. discoideum,7.557207,5.799252,12
Q8T662,44689,D. discoideum,9.344354,4.8629613,11
Q558U1,44689,D. discoideum,10.773024,0.34443858,18
P11874,44689,D. discoideum,7.5485735,5.644217,12
Q54XR3,44689,D. discoideum,10.923062,0.26458767,18
Q76P36,44689,D. discoideum,7.5379424,6.09974,14
Q8T1G5,44689,D. discoideum,8.323872,-1.7134242,14
Q55D63,44689,D. discoideum,7.133998,0.0383077,17
Q9NIF3,44689,D. discoideum,8.260507,1.1920891,1
Q54VD6,44689,D. discoideum,10.6816025,0.38295817,18
Q86L18,44689,D. discoideum,4.9825387,2.95124,17
P05987,44689,D. discoideum,10.765693,2.5139513,11
Q54Z85,44689,D. discoideum,10.815836,0.74441516,18
Q94489,44689,D. discoideum,9.993766,0.69805247,18
Q54JG6,44689,D. discoideum,10.703599,0.37123814,18
Q54SM3,44689,D. discoideum,11.288607,6.2351017,11
Q54X10,44689,D. discoideum,10.101064,1.2935028,18
Q54R76,44689,D. discoideum,10.394081,0.22197048,18
P14329,44689,D. discoideum,7.5582657,5.886126,12
Q54DF1,44689,D. discoideum,8.900768,3.700083,12
Q55BY1,44689,D. discoideum,8.209317,5.931619,12
Q54DT1,44689,D. discoideum,6.149737,5.3052287,17
Q54P24,44689,D. discoideum,9.347994,1.746281,12
Q95UQ1,44689,D. discoideum,8.989123,3.3937328,12
Q54XS2,44689,D. discoideum,8.819176,5.429941,17
Q54HH2,44689,D. discoideum,9.599918,6.0021186,11
Q86IL5,44689,D. discoideum,10.672877,0.2875659,18
Q558Z2,44689,D. discoideum,10.825866,0.23210846,18
Q86JE1,44689,D. discoideum,9.254923,1.2780927,14
O00910,44689,D. discoideum,10.30742,0.7740223,18
Q54LB9,44689,D. discoideum,10.76043,1.1991184,18
Q55GJ6,44689,D. discoideum,0.266863,-2.7613685,17
Q54LJ3,44689,D. discoideum,10.35596,0.66690433,18
Q8T9W4,44689,D. discoideum,6.1536527,5.5918097,17
Q54K22,44689,D. discoideum,10.061694,1.3123959,18
Q54E92,44689,D. discoideum,15.2291565,2.2881587,17
Q9XY92,44689,D. discoideum,9.72827,6.2168636,11
Q556J0,44689,D. discoideum,8.832198,6.160677,17
Q54DL1,44689,D. discoideum,6.105365,5.3411174,18
Q86I79,44689,D. discoideum,10.554073,1.2231728,18
Q7YXD4,44689,D. discoideum,10.457585,1.2433848,18
Q551V8,44689,D. discoideum,10.692077,0.48949435,18
P36967,44689,D. discoideum,9.092515,5.547378,2
Q55BT6,44689,D. discoideum,4.2648153,1.663733,18
Q6TMK2,44689,D. discoideum,10.070755,0.46355855,18
Q54MZ3,44689,D. discoideum,7.934607,2.1584535,17
Q54E24,44689,D. discoideum,7.5004287,5.9590907,16
Q9XZE5,44689,D. discoideum,-2.020206,12.003362,11
Q86JM8,44689,D. discoideum,8.289414,0.64427185,14
Q54HV7,44689,D. discoideum,10.424281,1.3246031,18
Q54P47,44689,D. discoideum,10.814564,0.22894499,18
Q54SP2,44689,D. discoideum,9.387448,1.7832237,18
Q86A78,44689,D. discoideum,10.73805,0.17931205,18
Q54UM5,44689,D. discoideum,10.751439,0.64742637,18
P20425,44689,D. discoideum,9.806892,5.3492403,11
Q54YA2,44689,D. discoideum,9.223788,4.7927938,17
Q76NW2,44689,D. discoideum,8.427706,-7.354505,12
Q55BS9,44689,D. discoideum,8.327912,6.2029076,17
Q54GL7,44689,D. discoideum,5.7985525,-5.416371,12
Q8T191,44689,D. discoideum,10.193228,1.2509966,18
Q54V86,44689,D. discoideum,6.1557064,5.521619,17
Q54TN2,44689,D. discoideum,10.740194,0.1479927,18
Q86L04,44689,D. discoideum,9.444874,2.9167354,12
Q54D84,44689,D. discoideum,10.523069,0.60788774,18
P36418,44689,D. discoideum,9.257386,2.2470486,12
P9WII3,83332,M. tuberculosis,8.968318,7.450941,11
P9WP21,83332,M. tuberculosis,7.855166,7.500382,14
P9WQ81,83332,M. tuberculosis,9.599517,7.078988,11
P9WIT3,83332,M. tuberculosis,9.179846,7.2675157,8
P9WI65,83332,M. tuberculosis,8.657988,7.7132616,8
P9WHH7,83332,M. tuberculosis,9.1755085,7.365821,8
P9WPL5,83332,M. tuberculosis,8.989061,7.3589377,11
P9WNP9,83332,M. tuberculosis,8.08565,7.7674503,12
P9WFB9,83332,M. tuberculosis,8.9712515,7.8380866,8
P71719,83332,M. tuberculosis,8.744616,7.629352,8
P9WN83,83332,M. tuberculosis,9.352169,6.180179,17
P9WPF9,83332,M. tuberculosis,7.874182,7.608077,14
P9WFV1,83332,M. tuberculosis,8.99427,7.1809425,8
P9WJG3,83332,M. tuberculosis,9.354838,7.124147,2
P9WLJ3,83332,M. tuberculosis,8.451247,7.6350503,8
P9WLP5,83332,M. tuberculosis,7.727897,7.4914217,14
O53580,83332,M. tuberculosis,8.758679,7.474157,8
Q6MWZ7,83332,M. tuberculosis,8.789975,7.6081414,8
P9WMG5,83332,M. tuberculosis,8.670202,8.070168,8
P9WM45,83332,M. tuberculosis,7.8347197,8.003971,8
P9WGJ7,83332,M. tuberculosis,8.745965,7.607769,8
P9WIQ3,83332,M. tuberculosis,8.980739,7.274789,8
O53682,83332,M. tuberculosis,8.074885,7.597993,12
P71658,83332,M. tuberculosis,8.011181,7.556411,4
P9WLG1,83332,M. tuberculosis,8.952378,7.477151,8
P9WG29,83332,M. tuberculosis,8.012413,8.334492,8
O53701,83332,M. tuberculosis,8.763562,7.615065,8
P9WH33,83332,M. tuberculosis,7.818667,5.938253,12
P9WHU5,83332,M. tuberculosis,7.796673,7.98864,8
P9WNA3,83332,M. tuberculosis,8.906244,7.16566,2
O53708,83332,M. tuberculosis,9.584366,6.3146925,11
P9WK61,83332,M. tuberculosis,7.751945,7.99639,1
P9WP49,83332,M. tuberculosis,8.331434,7.3970075,12
P9WJD5,83332,M. tuberculosis,7.743508,7.599897,1
O05598,83332,M. tuberculosis,8.994183,7.353301,8
P9WNN9,83332,M. tuberculosis,9.803114,6.705417,11
O50406,83332,M. tuberculosis,8.600789,5.6409388,12
P9WIF5,83332,M. tuberculosis,7.8257976,7.90386,11
P9WIW1,83332,M. tuberculosis,7.0167084,8.153083,11
P9WNZ3,83332,M. tuberculosis,8.346469,7.2556057,11
P9WKJ3,83332,M. tuberculosis,9.355398,6.484733,11
P72005,83332,M. tuberculosis,7.834798,7.654117,14
P9WF87,83332,M. tuberculosis,9.020919,7.831854,8
P9WFN3,83332,M. tuberculosis,8.119881,8.622144,8
P9WKR5,83332,M. tuberculosis,7.7493176,7.879546,8
O86340,83332,M. tuberculosis,8.485128,7.585797,8
P9WL53,83332,M. tuberculosis,8.287296,-3.9378073,9
P9WGH3,83332,M. tuberculosis,8.762784,7.6971483,8
O53486,83332,M. tuberculosis,8.4605665,7.6373215,8
P96811,83332,M. tuberculosis,8.901096,7.471704,8
O06769,83332,M. tuberculosis,8.886171,7.298864,8
P9WHN7,83332,M. tuberculosis,9.527126,6.83039,11
O06218,83332,M. tuberculosis,8.288966,7.6522675,8
P9WK41,83332,M. tuberculosis,8.20825,8.623997,8
O86318,83332,M. tuberculosis,9.665512,6.301325,11
P9WI41,83332,M. tuberculosis,7.6006546,7.5250025,1
P9WFQ9,83332,M. tuberculosis,9.272811,7.1991606,8
P9WIJ9,83332,M. tuberculosis,8.92818,7.459434,11
Q50732,83332,M. tuberculosis,8.490865,7.4512577,8
P9WH75,83332,M. tuberculosis,8.460462,6.1117716,12
P9WQ05,83332,M. tuberculosis,9.046669,7.144353,8
P9WQ07,83332,M. tuberculosis,8.948646,7.5540533,8
P9WGH7,83332,M. tuberculosis,9.338299,8.984743,11
P9WH51,83332,M. tuberculosis,7.660506,5.913908,1
P9WI59,83332,M. tuberculosis,8.468305,7.5149703,8
P9WJT9,83332,M. tuberculosis,7.8416142,7.912347,8
O06574,83332,M. tuberculosis,9.466961,6.4672246,11
P9WJ23,83332,M. tuberculosis,0.99557847,0.7345033,8
P9WLN1,83332,M. tuberculosis,8.694574,7.6730795,8
O65933,83332,M. tuberculosis,8.899369,7.493084,8
P9WLI5,83332,M. tuberculosis,7.890443,7.472828,1
P9WIT5,83332,M. tuberculosis,8.033005,7.4308124,8
O53780,83332,M. tuberculosis,7.746304,8.009384,1
P9WNK3,83332,M. tuberculosis,7.763899,7.5161457,8
O05306,83332,M. tuberculosis,9.385948,7.0205436,8
P9WM01,83332,M. tuberculosis,7.7597857,7.987944,8
P9WJ09,83332,M. tuberculosis,0.9972335,0.73833615,12
P9WGQ9,83332,M. tuberculosis,10.122647,5.776259,11
P9WGE7,83332,M. tuberculosis,8.503293,5.171453,12
P9WGW9,83332,M. tuberculosis,8.859067,7.5764804,8
O05853,83332,M. tuberculosis,9.258234,7.3711286,8
P9WLJ5,83332,M. tuberculosis,7.5817614,-0.07678521,1
O05848,83332,M. tuberculosis,8.594917,7.588922,8
P9WFN9,83332,M. tuberculosis,7.0014033,8.073364,8
O05877,83332,M. tuberculosis,8.291378,6.881317,8
P9WJQ3,83332,M. tuberculosis,8.284303,6.6615205,8
P9WNY7,83332,M. tuberculosis,8.571631,7.567704,8
P9WHR7,83332,M. tuberculosis,9.163961,7.57095,8
P9WPT9,83332,M. tuberculosis,9.0980425,7.4295425,11
O05591,83332,M. tuberculosis,8.640894,7.7645745,8
P9WGQ1,83332,M. tuberculosis,8.644841,7.68271,8
P71592,83332,M. tuberculosis,7.8536487,7.570173,14
P71898,83332,M. tuberculosis,8.503532,7.4918947,8
P9WNE5,83332,M. tuberculosis,8.706036,7.0322537,8
P9WH43,83332,M. tuberculosis,8.593274,7.015974,17
O53493,83332,M. tuberculosis,7.9164233,7.900351,8
P71947,83332,M. tuberculosis,8.302425,6.987844,8
O33263,83332,M. tuberculosis,8.961027,7.4371734,8
P9WPT5,83332,M. tuberculosis,9.126202,7.413881,8
P9WMM9,83332,M. tuberculosis,8.911044,7.315709,8
P9WNU5,83332,M. tuberculosis,9.268805,7.0683827,11
Q6MWY2,83332,M. tuberculosis,7.5605583,7.5063095,14
P9WKA5,83332,M. tuberculosis,8.647196,7.6038284,11
P9WKW9,83332,M. tuberculosis,8.492332,7.933313,12
P9WIK9,83332,M. tuberculosis,8.347632,7.614777,3
O33285,83332,M. tuberculosis,8.326877,-3.8993294,9
P9WHR5,83332,M. tuberculosis,7.791238,8.0090065,8
P9WJ35,83332,M. tuberculosis,0.9981132,0.736729,8
P9WF55,83332,M. tuberculosis,8.98828,7.8719845,8
O53630,83332,M. tuberculosis,8.557881,-0.37878028,14
O50392,83332,M. tuberculosis,8.290231,7.672567,8
P9WHP1,83332,M. tuberculosis,9.258033,7.0795145,11
O07177,83332,M. tuberculosis,8.740183,7.5202312,8
O06543,83332,M. tuberculosis,10.006767,6.8622737,2
P96276,83332,M. tuberculosis,8.5869255,7.620195,8
P9WKA3,83332,M. tuberculosis,8.563406,7.658076,8
A0A089QRB9,83332,M. tuberculosis,8.875422,7.5295563,8
P9WJB1,83332,M. tuberculosis,7.4227953,7.983299,8
P9WPU9,83332,M. tuberculosis,8.50355,5.470574,12
P9WKI7,83332,M. tuberculosis,9.063455,6.9964447,8
P9WGN1,83332,M. tuberculosis,9.733117,8.106217,8
O07742,83332,M. tuberculosis,8.457783,7.629375,8
P9WP93,83332,M. tuberculosis,9.030984,7.3589396,8
P9WPI9,83332,M. tuberculosis,8.287222,7.740436,8
P96391,83332,M. tuberculosis,8.305748,7.752019,14
Q79FS8,83332,M. tuberculosis,8.570503,-3.462556,0
P9WIS1,83332,M. tuberculosis,9.745386,6.162565,8
P9WI25,83332,M. tuberculosis,7.5962644,7.555701,1
P9WGI7,83332,M. tuberculosis,9.047508,6.8384595,8
O06406,83332,M. tuberculosis,8.90255,7.4993978,8
P9WL21,83332,M. tuberculosis,8.559444,7.4501314,8
P9WQ01,83332,M. tuberculosis,9.410315,6.9791994,11
P9WQ85,83332,M. tuberculosis,8.863001,7.472519,8
P9WJF3,83332,M. tuberculosis,7.757665,7.579816,14
P9WMI9,83332,M. tuberculosis,8.653056,8.002209,8
P9WNG7,83332,M. tuberculosis,9.256517,6.2398396,17
P9WNG5,83332,M. tuberculosis,9.158027,7.2777414,11
O06625,83332,M. tuberculosis,7.815684,7.937591,8
P9WLY1,83332,M. tuberculosis,8.215552,7.761947,8
O69699,83332,M. tuberculosis,7.777416,8.016487,12
P9WGC7,83332,M. tuberculosis,9.609692,6.227521,11
P9WHN1,83332,M. tuberculosis,8.993775,7.1217856,8
Q10690,83332,M. tuberculosis,7.673585,7.5307417,6
O69721,83332,M. tuberculosis,8.821553,7.5777626,8
O53448,83332,M. tuberculosis,7.75621,7.971201,1
P95272,83332,M. tuberculosis,8.746182,7.5253067,8
P95217,83332,M. tuberculosis,8.82005,7.5641537,8
O05819,83332,M. tuberculosis,8.71238,7.5939217,8
P9WH79,83332,M. tuberculosis,8.71141,6.5821686,8
P9WQJ1,83332,M. tuberculosis,9.23127,7.701426,11
O06342,83332,M. tuberculosis,7.8116217,7.5149584,14
P96878,83332,M. tuberculosis,7.836862,7.8663454,11
P9WF93,83332,M. tuberculosis,9.010386,7.850593,8
O53287,83332,M. tuberculosis,8.676713,7.585267,8
P9WQM1,83332,M. tuberculosis,9.115052,7.567128,8
O07809,83332,M. tuberculosis,8.622553,7.5293813,8
I6YFP0,83332,M. tuberculosis,8.9184265,7.49405,8
P9WQP7,83332,M. tuberculosis,9.142443,7.460288,8
P9WFE1,83332,M. tuberculosis,9.349462,7.0559106,8
O06608,83332,M. tuberculosis,8.810163,7.4532447,11
P9WPW9,83332,M. tuberculosis,9.288216,7.218761,11
P9WGE1,83332,M. tuberculosis,8.464722,7.7572536,8
O50419,83332,M. tuberculosis,8.797519,7.612509,11
P9WGX5,83332,M. tuberculosis,7.866765,7.9381576,8
P9WQC5,83332,M. tuberculosis,10.236979,5.749713,11
O53930,83332,M. tuberculosis,7.7467337,7.592697,14
P9WL63,83332,M. tuberculosis,8.387315,7.606986,8
O53181,83332,M. tuberculosis,8.348448,6.685164,8
P9WH59,83332,M. tuberculosis,7.6645646,5.8982735,8
O05882,83332,M. tuberculosis,8.729902,7.620344,8
P9WJD9,83332,M. tuberculosis,7.7073364,7.5334907,1
P9WNF9,83332,M. tuberculosis,9.665851,7.3138022,11
P9WJI1,83332,M. tuberculosis,8.750239,7.3798203,8
P71623,83332,M. tuberculosis,8.974271,7.8623433,8
P9WIM1,83332,M. tuberculosis,8.600546,7.6159897,8
O06542,83332,M. tuberculosis,9.255559,7.1928635,8
P96408,83332,M. tuberculosis,7.8185706,7.8914266,8
P9WNN1,83332,M. tuberculosis,9.045747,6.2452836,11
P96874,83332,M. tuberculosis,7.7689724,7.4648404,14
O07430,83332,M. tuberculosis,9.22161,7.135336,8
L0TCG5,83332,M. tuberculosis,8.645242,7.6816297,8
P9WMV9,83332,M. tuberculosis,8.253947,6.662319,8
P96284,83332,M. tuberculosis,9.088604,7.250205,11
P9WFK1,83332,M. tuberculosis,8.372854,7.05186,8
P9WNM5,83332,M. tuberculosis,9.498954,7.2785625,11
P9WL69,83332,M. tuberculosis,7.7072015,8.073759,14
P9WHX5,83332,M. tuberculosis,7.577172,7.5961037,12
P9WG33,83332,M. tuberculosis,9.140362,7.119375,8
P9WK63,83332,M. tuberculosis,7.7544336,8.053881,12
P9WJE7,83332,M. tuberculosis,8.213981,7.644808,14
P9WJU9,83332,M. tuberculosis,7.8983274,7.8893757,8
P9WNQ7,83332,M. tuberculosis,8.091579,7.77272,12
P71622,83332,M. tuberculosis,0.9950166,0.7353938,12
O50440,83332,M. tuberculosis,7.676404,7.9084687,14
O07728,83332,M. tuberculosis,8.2843895,7.743234,8
O07788,83332,M. tuberculosis,7.7168174,8.012223,11
P95034,83332,M. tuberculosis,9.152335,7.2530565,11
O53459,83332,M. tuberculosis,9.199403,6.4416127,17
P9WQA7,83332,M. tuberculosis,9.203172,7.242138,8
P9WQ11,83332,M. tuberculosis,9.131373,7.4484425,8
P9WK35,83332,M. tuberculosis,9.360944,6.982538,11
P9WFC7,83332,M. tuberculosis,8.303858,6.9250097,12
O69727,83332,M. tuberculosis,8.932688,7.4786024,8
P9WJA9,83332,M. tuberculosis,8.981266,1.1285661,3
P95228,83332,M. tuberculosis,8.880977,7.4363904,8
P9WJH9,83332,M. tuberculosis,8.535384,7.0379853,8
P9WL19,83332,M. tuberculosis,8.554017,7.1927915,8
I6YG32,83332,M. tuberculosis,9.000679,7.462628,8
P9WK23,83332,M. tuberculosis,8.760951,7.551571,8
I6Y946,83332,M. tuberculosis,8.294887,7.016513,12
O06418,83332,M. tuberculosis,9.01326,7.245218,8
O07431,83332,M. tuberculosis,9.250056,7.2133045,8
P9WQ55,83332,M. tuberculosis,8.634153,7.644681,8
P9WLU7,83332,M. tuberculosis,8.454172,7.612694,8
P9WJS1,83332,M. tuberculosis,9.101709,7.3790445,8
P9WKX5,83332,M. tuberculosis,8.50141,7.44513,8
O69659,83332,M. tuberculosis,7.9795585,7.8802767,8
P71744,83332,M. tuberculosis,7.8000073,7.9989104,8
O53398,83332,M. tuberculosis,8.968922,7.484983,8
P95017,83332,M. tuberculosis,7.8453298,7.538448,14
P71875,83332,M. tuberculosis,8.35447,6.9162817,7
O33268,83332,M. tuberculosis,8.667333,7.119854,8
P9WL41,83332,M. tuberculosis,0.9956249,0.73506945,8
O05880,83332,M. tuberculosis,7.8900404,7.58553,5
P9WIA1,83332,M. tuberculosis,9.036993,7.3838487,8
P9WFA5,83332,M. tuberculosis,9.012374,7.9221363,8
P9WQN7,83332,M. tuberculosis,7.8531194,8.08768,8
P9WGC5,83332,M. tuberculosis,9.552078,6.2531724,11
O50430,83332,M. tuberculosis,7.8307505,7.9817996,1
P71830,83332,M. tuberculosis,8.723812,8.151699,8
P9WJY9,83332,M. tuberculosis,9.276596,7.129929,8
O06585,83332,M. tuberculosis,8.642478,7.6142197,8
Q50702,83332,M. tuberculosis,8.538753,-3.4955275,9
P9WQ67,83332,M. tuberculosis,8.9242525,7.48136,8
P9WP25,83332,M. tuberculosis,9.356765,7.08425,11
P96901,83332,M. tuberculosis,8.513863,7.5504427,8
P95072,83332,M. tuberculosis,8.463694,7.524543,8
P9WJC5,83332,M. tuberculosis,7.6870985,7.5710373,4
P71922,83332,M. tuberculosis,8.6972475,7.301504,8
O53562,83332,M. tuberculosis,8.883374,7.7071424,11
P9WKT1,83332,M. tuberculosis,8.602612,7.531072,8
O07778,83332,M. tuberculosis,8.352194,7.7013264,8
P9WIW9,83332,M. tuberculosis,7.1018615,8.156436,11
O65936,83332,M. tuberculosis,8.860546,7.4118495,8
P9WMK7,83332,M. tuberculosis,7.4407105,-0.7969059,1
P9WNA7,83332,M. tuberculosis,8.821032,7.653385,8
P9WKR7,83332,M. tuberculosis,7.71031,8.061215,14
O53873,83332,M. tuberculosis,9.172517,7.0423913,2
O06291,83332,M. tuberculosis,7.7552934,7.9733152,1
P9WK71,83332,M. tuberculosis,7.7176704,8.047986,14
P9WIN1,83332,M. tuberculosis,8.938958,7.4442577,11
P9WK19,83332,M. tuberculosis,9.357143,6.4097905,11
P71906,83332,M. tuberculosis,7.6151533,7.9922576,8
P96402,83332,M. tuberculosis,8.450795,7.692618,8
O53182,83332,M. tuberculosis,9.530816,6.9689226,11
P9WJS7,83332,M. tuberculosis,7.7738667,8.00925,12
P72041,83332,M. tuberculosis,8.574208,7.608375,8
I6Y1Q2,83332,M. tuberculosis,9.1231575,7.372741,11
P9WM57,83332,M. tuberculosis,8.50811,7.590366,8
P9WN01,83332,M. tuberculosis,7.808837,7.9162416,8
P9WPM5,83332,M. tuberculosis,8.774207,7.613235,8
P9WK47,83332,M. tuberculosis,7.733065,8.026053,1
O07252,83332,M. tuberculosis,8.696107,8.085497,8
P9WHC3,83332,M. tuberculosis,8.267079,6.0778513,17
P9WIT1,83332,M. tuberculosis,9.7253475,6.4083185,11
P9WKV5,83332,M. tuberculosis,8.412839,7.6073184,8
P9WQN3,83332,M. tuberculosis,8.208593,7.3427095,12
P9WFV5,83332,M. tuberculosis,9.365689,7.019066,11
P9WMZ3,83332,M. tuberculosis,9.100348,7.3776393,11
P9WKX9,83332,M. tuberculosis,7.6515646,7.918277,8
O50431,83332,M. tuberculosis,9.141484,7.2935877,11
P9WHI9,83332,M. tuberculosis,8.8717575,7.4960914,8
P9WQ91,83332,M. tuberculosis,9.692993,7.082978,2
P9WJV1,83332,M. tuberculosis,7.888994,7.912946,8
P9WPC5,83332,M. tuberculosis,9.528187,6.3357315,11
P9WGG9,83332,M. tuberculosis,8.7275915,8.031316,8
O07784,83332,M. tuberculosis,7.7035336,8.007637,1
P9WF09,83332,M. tuberculosis,9.188494,7.8207808,11
O06546,83332,M. tuberculosis,7.9719667,7.8156586,2
P9WM87,83332,M. tuberculosis,7.7683907,7.866106,1
P9WH05,83332,M. tuberculosis,8.892135,7.088836,8
P9WHH1,83332,M. tuberculosis,9.263702,7.1857624,11
O07415,83332,M. tuberculosis,7.712106,7.9843836,1
P9WPM9,83332,M. tuberculosis,8.801824,7.552027,8
P9WMW9,83332,M. tuberculosis,8.721147,7.4147086,8
O33270,83332,M. tuberculosis,7.6448836,7.527604,6
P9WHE1,83332,M. tuberculosis,7.99111,5.970676,17
P9WGL7,83332,M. tuberculosis,8.660094,7.622306,8
I6Y748,83332,M. tuberculosis,7.7506113,7.9275613,8
P9WMA7,83332,M. tuberculosis,7.7511897,7.583991,1
O05574,83332,M. tuberculosis,7.697067,-0.4020907,1
P71799,83332,M. tuberculosis,8.161253,7.0434384,3
P9WG45,83332,M. tuberculosis,8.491353,7.1114664,8
O53926,83332,M. tuberculosis,8.991829,7.3132296,11
I6X5U4,83332,M. tuberculosis,8.50736,7.7412395,12
P9WQB7,83332,M. tuberculosis,9.685778,5.589872,11
P96395,83332,M. tuberculosis,8.602244,7.592814,8
O53498,83332,M. tuberculosis,9.291208,7.0988483,11
O05581,83332,M. tuberculosis,8.648266,7.7123585,8
P9WND5,83332,M. tuberculosis,9.043608,7.2211375,8
P9WNT1,83332,M. tuberculosis,8.945044,7.488918,11
P9WJ01,83332,M. tuberculosis,8.928187,7.5677047,11
P9WPC7,83332,M. tuberculosis,8.642867,7.6409526,8
O53623,83332,M. tuberculosis,8.783817,8.125414,8
O86315,83332,M. tuberculosis,8.530174,7.7271366,8
P9WQD1,83332,M. tuberculosis,9.051696,6.870966,11
O06816,83332,M. tuberculosis,8.596608,7.569957,8
P9WNW9,83332,M. tuberculosis,9.282694,7.1567492,8
P9WPM1,83332,M. tuberculosis,8.812202,7.5554953,8
P9WIC5,83332,M. tuberculosis,8.457389,7.681829,3
P9WJG7,83332,M. tuberculosis,8.306728,-1.7537881,14
P9WMT5,83332,M. tuberculosis,8.365861,7.530291,8
O07421,83332,M. tuberculosis,7.755659,7.994726,12
P9WFW1,83332,M. tuberculosis,9.070492,7.266559,8
P71619,83332,M. tuberculosis,7.9732943,7.903339,8
P9WGY5,83332,M. tuberculosis,8.776948,-3.0022423,16
O69689,83332,M. tuberculosis,9.105277,7.0341682,11
O86339,83332,M. tuberculosis,7.1709347,8.156364,11
O33362,83332,M. tuberculosis,7.810742,7.9176154,8
P9WIY7,83332,M. tuberculosis,8.6310005,7.681373,8
P9WNN7,83332,M. tuberculosis,9.302435,7.341005,8
P9WMH5,83332,M. tuberculosis,8.869378,8.258429,8
P9WIL9,83332,M. tuberculosis,8.587574,7.5933156,8
P96202,83332,M. tuberculosis,8.826305,7.5174384,8
Q79FZ9,83332,M. tuberculosis,7.7184973,7.9907703,8
P9WQE7,83332,M. tuberculosis,8.801924,7.543644,8
P9WIM5,83332,M. tuberculosis,8.30287,6.7582245,8
O06422,83332,M. tuberculosis,7.8367968,7.894392,3
P9WN25,83332,M. tuberculosis,8.494995,7.2542386,8
I6Y4U9,83332,M. tuberculosis,8.489165,7.456761,8
O86327,83332,M. tuberculosis,9.460007,7.6367693,8
P9WH23,83332,M. tuberculosis,7.962652,7.1942825,1
P9WGE3,83332,M. tuberculosis,8.302277,7.7434793,8
P9WM59,83332,M. tuberculosis,7.7754498,7.5866,14
P9WG55,83332,M. tuberculosis,8.624091,7.447332,8
P9WG65,83332,M. tuberculosis,7.781461,8.044745,8
P9WQA3,83332,M. tuberculosis,8.537218,5.5955186,12
P9WNE1,83332,M. tuberculosis,9.091755,6.8874865,11
P71599,83332,M. tuberculosis,7.7710266,7.582105,16
P9WII9,83332,M. tuberculosis,8.272935,6.50628,12
P9WLL7,83332,M. tuberculosis,8.639958,7.6786675,8
P9WJW3,83332,M. tuberculosis,8.84995,7.6260643,8
O86336,83332,M. tuberculosis,8.630341,7.519459,8
P9WFC9,83332,M. tuberculosis,8.801263,7.5912313,8
O53664,83332,M. tuberculosis,8.444812,7.5233154,8
P9WHP7,83332,M. tuberculosis,9.404419,7.5212255,8
O53622,83332,M. tuberculosis,8.85353,7.4867196,8
P9WGG3,83332,M. tuberculosis,9.241834,7.1004353,8
Q50681,83332,M. tuberculosis,8.42475,7.6130686,8
P9WI35,83332,M. tuberculosis,7.619623,7.6064286,3
P9WNK9,83332,M. tuberculosis,9.33685,6.7254105,11
O06391,83332,M. tuberculosis,9.052615,7.3050303,2
P9WFJ5,83332,M. tuberculosis,7.9873633,7.7891903,8
P9WJ33,83332,M. tuberculosis,1.0015742,0.7335671,8
P9WP43,83332,M. tuberculosis,7.8207374,7.993963,8
P9WM53,83332,M. tuberculosis,8.500332,7.5984793,8
P9WLT9,83332,M. tuberculosis,8.253353,7.628418,8
P9WK67,83332,M. tuberculosis,7.8528514,7.955451,8
P9WG95,83332,M. tuberculosis,9.27504,7.0971565,11
P9WGY1,83332,M. tuberculosis,9.235782,6.485381,11
P9WGD1,83332,M. tuberculosis,8.319687,7.4112964,12
P9WPA3,83332,M. tuberculosis,8.918198,7.424259,8
O53399,83332,M. tuberculosis,8.559254,7.7639966,8
P9WGP9,83332,M. tuberculosis,10.033511,6.2253942,11
O07763,83332,M. tuberculosis,8.752494,-3.214973,16
P9WQ43,83332,M. tuberculosis,8.84741,7.5490866,11
P9WH83,83332,M. tuberculosis,8.24298,6.0107822,17
P9WHW1,83332,M. tuberculosis,7.7967873,7.9725523,1
P9WNV5,83332,M. tuberculosis,8.730133,7.4885926,8
P9WP51,83332,M. tuberculosis,9.474106,6.4835215,11
P96258,83332,M. tuberculosis,7.8749094,7.9845285,8
P9WQN9,83332,M. tuberculosis,7.8994174,8.136028,11
P96832,83332,M. tuberculosis,9.374916,6.9868574,11
O07256,83332,M. tuberculosis,8.690827,7.6605024,8
Q6MWW7,83332,M. tuberculosis,3.3792589,4.273553,15
P9WGD3,83332,M. tuberculosis,8.115741,6.0300913,12
P9WLH5,83332,M. tuberculosis,9.089788,7.3904405,11
P9WHC1,83332,M. tuberculosis,7.6341605,5.8814597,1
O53246,83332,M. tuberculosis,7.7906027,8.0405035,12
P9WFK5,83332,M. tuberculosis,8.479649,7.6297245,8
P9WIP1,83332,M. tuberculosis,7.7395883,8.024233,12
O53863,83332,M. tuberculosis,8.8363285,7.537491,8
P9WJ75,83332,M. tuberculosis,0.997322,0.7386707,14
O06807,83332,M. tuberculosis,8.659194,7.7806263,8
P9WP71,83332,M. tuberculosis,9.48444,9.644538,17
O53716,83332,M. tuberculosis,8.874099,-2.8898673,16
P9WJE5,83332,M. tuberculosis,8.292912,7.6831985,8
P9WPX9,83332,M. tuberculosis,9.373768,7.0459995,11
O53772,83332,M. tuberculosis,8.883986,7.4258986,8
O33194,83332,M. tuberculosis,8.900827,7.5751257,8
P9WF41,83332,M. tuberculosis,8.167987,7.611938,8
O53179,83332,M. tuberculosis,8.429118,-3.3651354,9
O53842,83332,M. tuberculosis,8.190922,7.4864564,12
P9WLA5,83332,M. tuberculosis,8.490226,7.676849,8
P9WNS1,83332,M. tuberculosis,9.094101,7.238752,8
O05296,83332,M. tuberculosis,8.616892,7.8108215,8
P9WK55,83332,M. tuberculosis,7.789613,8.064522,1
P9WN35,83332,M. tuberculosis,9.152356,7.215136,8
P9WPE5,83332,M. tuberculosis,9.268963,6.2528434,11
P9WJ79,83332,M. tuberculosis,8.69709,7.732267,8
P9WPY3,83332,M. tuberculosis,9.112525,7.3644996,8
O50459,83332,M. tuberculosis,7.8185573,8.000357,8
O53605,83332,M. tuberculosis,8.9311,7.2991786,8
O53692,83332,M. tuberculosis,7.737328,7.5278687,8
O86331,83332,M. tuberculosis,8.803714,7.937624,8
P9WP69,83332,M. tuberculosis,8.014443,6.9312706,3
P9WIN9,83332,M. tuberculosis,7.699984,8.071888,12
O05592,83332,M. tuberculosis,7.7208753,8.050761,14
P9WHB3,83332,M. tuberculosis,7.6369734,5.5034747,12
O69670,83332,M. tuberculosis,8.775429,7.56801,8
P9WJ93,83332,M. tuberculosis,9.229071,7.147499,11
P9WPB3,83332,M. tuberculosis,9.392956,6.586174,11
P9WNB9,83332,M. tuberculosis,8.879934,7.4726186,8
P9WM07,83332,M. tuberculosis,8.956501,8.262702,8
P9WG67,83332,M. tuberculosis,9.865227,5.4804597,11
O53968,83332,M. tuberculosis,7.7341604,7.992086,8
P9WFD9,83332,M. tuberculosis,8.594747,7.7238803,8
P9WFK3,83332,M. tuberculosis,8.304822,7.463946,8
P9WG49,83332,M. tuberculosis,9.0341,7.26673,11
P9WLR5,83332,M. tuberculosis,9.168731,7.1458406,11
P94983,83332,M. tuberculosis,7.8108325,7.906935,8
P9WPB1,83332,M. tuberculosis,8.979539,7.076999,8
P9WLS3,83332,M. tuberculosis,8.3378935,7.535212,8
P9WNB1,83332,M. tuberculosis,8.579038,7.55164,8
P9WGR5,83332,M. tuberculosis,9.566355,6.8030114,11
O53859,83332,M. tuberculosis,7.791392,7.5985293,5
P9WNC3,83332,M. tuberculosis,9.107129,7.368431,8
P9WHQ5,83332,M. tuberculosis,9.091757,7.2239966,8
P9WHI5,83332,M. tuberculosis,8.811407,7.588067,2
P9WPS5,83332,M. tuberculosis,8.235292,7.7310743,8
O53650,83332,M. tuberculosis,7.7631717,7.957977,14
P9WPD3,83332,M. tuberculosis,8.448772,6.3841944,12
P9WKB7,83332,M. tuberculosis,8.6329365,7.61466,8
P9WF49,83332,M. tuberculosis,8.939943,7.807513,8
P9WKV7,83332,M. tuberculosis,7.7187495,7.97018,1
P9WMN5,83332,M. tuberculosis,9.358151,6.4119797,8
P9WNP3,83332,M. tuberculosis,9.309899,7.1519694,11
P71814,83332,M. tuberculosis,9.707704,8.110295,11
O05456,83332,M. tuberculosis,8.353223,7.5163364,8
P9WG47,83332,M. tuberculosis,9.263067,6.7290177,11
P95147,83332,M. tuberculosis,8.844897,-3.0161915,16
P9WMZ5,83332,M. tuberculosis,9.247998,7.249636,8
P9WFN5,83332,M. tuberculosis,8.017477,8.458747,12
P9WK11,83332,M. tuberculosis,8.835192,7.523545,8
P9WNG3,83332,M. tuberculosis,9.765014,6.5472426,11
P9WQ87,83332,M. tuberculosis,9.257607,7.177671,11
P9WPI1,83332,M. tuberculosis,8.289864,7.416823,12
O50398,83332,M. tuberculosis,8.550766,7.6693068,8
P9WLZ7,83332,M. tuberculosis,8.661545,7.726642,8
P9WMG1,83332,M. tuberculosis,8.671488,7.6937265,8
P9WF13,83332,M. tuberculosis,0.9931261,0.73488593,8
P95185,83332,M. tuberculosis,9.43516,7.0270586,11
P96825,83332,M. tuberculosis,10.0379095,6.119515,11
P9WH09,83332,M. tuberculosis,9.189715,7.2843018,11
P9WHJ5,83332,M. tuberculosis,7.8946424,7.0140862,14
O53482,83332,M. tuberculosis,9.490571,7.6328425,11
O07412,83332,M. tuberculosis,6.864175,8.328313,11
P9WPV9,83332,M. tuberculosis,8.438437,6.5293503,8
P9WGG7,83332,M. tuberculosis,8.497387,7.858412,3
O53675,83332,M. tuberculosis,9.571825,7.3779955,8
P9WGX3,83332,M. tuberculosis,9.1367235,7.3225346,11
P9WM83,83332,M. tuberculosis,8.075871,7.301594,3
P96374,83332,M. tuberculosis,9.1924515,7.301217,11
P9WPG9,83332,M. tuberculosis,7.8760033,8.244934,12
O50393,83332,M. tuberculosis,8.699472,7.723383,11
P9WHS3,83332,M. tuberculosis,7.8479314,7.876566,11
P9WMY5,83332,M. tuberculosis,9.080072,7.395105,8
O53907,83332,M. tuberculosis,8.874981,7.436426,8
P9WLX5,83332,M. tuberculosis,8.697562,7.679006,8
P9WK09,83332,M. tuberculosis,8.759675,-2.9019308,16
P94978,83332,M. tuberculosis,9.088847,7.3927784,11
Q50631,83332,M. tuberculosis,8.790387,7.4043484,2
P71707,83332,M. tuberculosis,7.7833877,7.9711165,7
P9WQE1,83332,M. tuberculosis,8.705034,7.62439,8
P9WPI3,83332,M. tuberculosis,8.518227,7.5955334,8
Q6MX34,83332,M. tuberculosis,8.809937,7.4369445,2
O06556,83332,M. tuberculosis,7.570524,7.4378543,1
O06169,83332,M. tuberculosis,8.750023,8.126253,8
P9WFD7,83332,M. tuberculosis,8.643514,7.721739,8
P9WQ29,83332,M. tuberculosis,8.337423,7.824331,8
O53516,83332,M. tuberculosis,8.871224,7.545977,11
P9WPW3,83332,M. tuberculosis,9.33778,6.4549646,8
P9WIK5,83332,M. tuberculosis,8.327335,7.6679487,8
P95159,83332,M. tuberculosis,9.214317,7.0423975,8
O53703,83332,M. tuberculosis,8.65264,7.808626,8
P9WMX3,83332,M. tuberculosis,8.825114,7.9250374,8
P9WG21,83332,M. tuberculosis,7.543588,7.999108,8
P9WMU1,83332,M. tuberculosis,7.993623,7.588017,1
P96809,83332,M. tuberculosis,8.832429,7.1992407,8
P9WJW5,83332,M. tuberculosis,8.563463,7.3855004,8
P9WHY9,83332,M. tuberculosis,7.6131034,7.559851,14
P9WJU5,83332,M. tuberculosis,7.8135676,7.909871,8
P9WJ45,83332,M. tuberculosis,0.99541247,0.7363566,8
P9WHK7,83332,M. tuberculosis,8.903772,7.1342773,8
P9WKB3,83332,M. tuberculosis,8.525257,7.60147,8
O53585,83332,M. tuberculosis,8.449025,7.405158,8
P75019,83332,M. tuberculosis,9.705302,6.941698,11
P9WHT1,83332,M. tuberculosis,8.98807,7.1616488,8
Q11028,83332,M. tuberculosis,8.536873,7.752816,8
O53954,83332,M. tuberculosis,8.307645,-3.886551,9
P37326,83333,E. coli,9.557526,5.8831267,11
P0AEB5,83333,E. coli,6.9068747,5.5168834,7
P0ADY3,83333,E. coli,7.542567,5.7390103,17
P39286,83333,E. coli,9.271141,7.2040973,8
P77234,83333,E. coli,8.724451,2.2992349,12
P0AGL2,83333,E. coli,9.897171,6.410497,11
P37645,83333,E. coli,8.257874,8.763325,8
P39177,83333,E. coli,9.102521,7.648,8
P27249,83333,E. coli,9.722389,7.8611917,11
P0ABH7,83333,E. coli,8.415639,6.060805,12
P09163,83333,E. coli,9.4804325,7.569214,8
P0AA25,83333,E. coli,9.889606,5.336033,11
P28631,83333,E. coli,8.924164,8.485033,8
P52613,83333,E. coli,8.679438,8.443609,8
P23908,83333,E. coli,9.79957,7.3219514,11
P21179,83333,E. coli,7.9113736,6.931464,14
P11667,83333,E. coli,6.8752284,8.228344,11
P27828,83333,E. coli,9.876113,6.8124375,2
P77754,83333,E. coli,8.232455,8.40195,1
P52133,83333,E. coli,8.891966,8.334419,8
P0A707,83333,E. coli,8.769618,6.366997,17
P0A8W0,83333,E. coli,8.834643,8.181295,8
P69506,83333,E. coli,9.63513,6.497909,11
P00816,83333,E. coli,8.265247,7.261886,12
P21345,83333,E. coli,6.8465023,8.175708,11
P0ACS2,83333,E. coli,8.772958,8.091012,8
P25552,83333,E. coli,9.561964,8.029778,8
P0AEY8,83333,E. coli,6.8077064,8.230136,2
P76403,83333,E. coli,9.46224,6.6819754,11
P0AG55,83333,E. coli,8.175163,5.9640265,17
P42601,83333,E. coli,7.011911,8.163921,11
P0A6L0,83333,E. coli,9.628767,6.3552594,11
P37631,83333,E. coli,9.846354,7.0607085,2
P0A9N0,83333,E. coli,9.304353,6.2548122,17
P33647,83333,E. coli,8.847327,7.3378267,8
P33931,83333,E. coli,9.756393,7.840335,11
P75919,83333,E. coli,8.729082,8.365272,8
P0AB55,83333,E. coli,9.791516,6.65732,2
P0AFJ7,83333,E. coli,6.7238216,8.030653,2
P21514,83333,E. coli,9.076139,8.479551,8
P25742,83333,E. coli,8.742521,7.5378675,8
P0AAB2,83333,E. coli,9.797933,7.421592,11
P25718,83333,E. coli,8.206347,8.908552,11
P76093,83333,E. coli,7.1485443,8.141293,8
P21369,83333,E. coli,9.701547,7.3524866,8
P0ACL0,83333,E. coli,9.528189,8.281468,11
P23865,83333,E. coli,8.304159,8.938797,11
P09391,83333,E. coli,7.1647115,8.144229,11
P0AEJ2,83333,E. coli,9.819256,7.6476755,8
P33371,83333,E. coli,9.711046,7.316825,11
P27306,83333,E. coli,9.725891,5.9862385,11
P13656,83333,E. coli,8.118836,8.598263,1
P37351,83333,E. coli,9.579666,6.517206,11
P16692,83333,E. coli,9.860234,7.4555726,11
P75810,83333,E. coli,6.766113,8.253739,2
P64634,83333,E. coli,8.715255,8.571757,8
P71239,83333,E. coli,8.900524,7.946148,8
P75796,83333,E. coli,9.58013,7.746213,11
P75853,83333,E. coli,8.291354,8.991062,11
P09836,83333,E. coli,6.798581,8.202605,11
P42620,83333,E. coli,9.552785,5.9384937,11
P39288,83333,E. coli,9.8256,7.7128463,2
P0A7A5,83333,E. coli,9.813563,7.698674,11
P10906,83333,E. coli,6.6897078,8.393767,2
P28303,83333,E. coli,6.839262,8.251742,11
P64483,83333,E. coli,9.693294,7.324842,11
P0A6X1,83333,E. coli,9.749178,7.8087335,11
P37640,83333,E. coli,9.131398,8.418726,12
P76016,83333,E. coli,9.164734,8.331708,8
P0AFS5,83333,E. coli,6.9348392,8.259653,11
P07330,83333,E. coli,9.846656,6.8561053,11
P24192,83333,E. coli,9.022348,6.5862055,12
P63201,83333,E. coli,9.064095,8.488864,3
P0A8P3,83333,E. coli,8.422373,6.261849,12
P30149,83333,E. coli,7.1304564,8.096618,8
P09155,83333,E. coli,9.743507,7.7009463,8
P69924,83333,E. coli,8.670959,5.5506086,11
P32156,83333,E. coli,8.985769,6.542354,8
P75987,83333,E. coli,8.713803,-3.163897,9
P33937,83333,E. coli,8.866436,6.028933,2
P39379,83333,E. coli,6.868583,7.997781,11
P25740,83333,E. coli,9.527929,7.566686,11
P00954,83333,E. coli,9.701108,6.742648,11
P0A9N8,83333,E. coli,9.519224,6.639958,11
P77608,83333,E. coli,9.67443,7.2331524,11
P27843,83333,E. coli,8.405778,-2.4818583,14
P13035,83333,E. coli,9.672831,7.3870687,11
P11446,83333,E. coli,9.878202,6.9936113,11
P09831,83333,E. coli,8.341774,6.7865167,12
Q47536,83333,E. coli,8.142205,6.6091614,3
P75804,83333,E. coli,8.421505,8.758852,11
Q47319,83333,E. coli,8.888983,8.097678,8
P32719,83333,E. coli,9.764389,6.3605237,11
Q47150,83333,E. coli,1.0014635,0.7396943,8
P60595,83333,E. coli,9.854103,6.7028623,11
P0ACF8,83333,E. coli,8.3316555,7.3238273,1
P0AEM4,83333,E. coli,8.189174,8.512599,1
P06986,83333,E. coli,9.946637,7.2094226,2
P0ACZ8,83333,E. coli,9.726525,8.162904,11
P0ABZ6,83333,E. coli,8.355478,8.939383,11
P0A9G8,83333,E. coli,9.516406,8.079807,8
P75925,83333,E. coli,6.9084687,7.5431194,11
P60624,83333,E. coli,7.9652557,5.869631,11
P46482,83333,E. coli,8.458476,9.069845,11
P0AEL3,83333,E. coli,9.485587,7.6749763,11
P76578,83333,E. coli,7.8806343,8.852499,2
P02930,83333,E. coli,8.2208805,9.193861,2
P77610,83333,E. coli,6.7321696,8.212493,2
P0A9X4,83333,E. coli,9.851517,4.1607847,11
P0AF36,83333,E. coli,7.1769543,0.61580807,1
P46130,83333,E. coli,8.11439,8.674909,12
P76186,83333,E. coli,8.483393,8.427318,8
P77182,83333,E. coli,9.853286,7.6757708,11
P0A7E3,83333,E. coli,9.633817,6.9483466,11
P56579,83333,E. coli,7.060707,7.6374497,12
P32684,83333,E. coli,8.66889,6.701856,17
P76498,83333,E. coli,8.774529,-2.7839766,16
P21177,83333,E. coli,9.745949,6.3076687,11
P0AC53,83333,E. coli,9.317815,6.342545,17
Q46909,83333,E. coli,6.9464946,8.14188,11
P0A8K8,83333,E. coli,6.8223205,8.313432,2
P19317,83333,E. coli,8.648896,8.191113,8
P23878,83333,E. coli,9.659491,7.7363477,11
P33022,83333,E. coli,9.873573,6.5566754,11
Q47083,83333,E. coli,9.438484,8.502043,11
P77551,83333,E. coli,2.0369225,13.055425,19
Q46939,83333,E. coli,9.827501,6.6074696,11
P65870,83333,E. coli,9.826823,6.914496,11
P22564,83333,E. coli,9.886347,6.678008,11
P0A991,83333,E. coli,8.676119,6.3721147,8
P09372,83333,E. coli,9.643522,7.6244326,2
P05042,83333,E. coli,8.966355,6.359898,8
P37689,83333,E. coli,9.493001,6.1442404,11
P35340,83333,E. coli,9.660698,6.72088,2
P77503,83333,E. coli,9.954818,6.934765,11
P75742,83333,E. coli,6.9178023,8.150887,11
P0A6Q6,83333,E. coli,9.509006,6.3076878,11
P05706,83333,E. coli,8.727446,6.7519164,8
P64442,83333,E. coli,8.5191,-2.756767,16
P20099,83333,E. coli,9.149407,6.9091916,8
P33599,83333,E. coli,8.504891,5.8834004,12
P64559,83333,E. coli,8.513074,7.686843,12
P0ADD7,83333,E. coli,9.089948,8.455129,3
P33353,83333,E. coli,8.669744,8.390954,14
P0AD17,83333,E. coli,7.6874423,7.5284157,7
P0AB96,83333,E. coli,9.680524,5.9936156,11
P23910,83333,E. coli,6.7993493,8.25101,2
P0AEJ4,83333,E. coli,8.7232485,8.557123,8
P0A825,83333,E. coli,8.980942,6.366006,11
P08189,83333,E. coli,7.9502354,8.637902,8
P0AD44,83333,E. coli,8.434708,8.58114,1
P0ABQ0,83333,E. coli,9.804658,6.7326612,11
P09169,83333,E. coli,8.081782,9.158728,12
Q93K97,83333,E. coli,9.828595,7.334621,11
P62517,83333,E. coli,7.7441707,7.403427,8
P17846,83333,E. coli,8.482836,5.908083,12
P0ADE6,83333,E. coli,8.2934885,8.302063,17
P0AEU0,83333,E. coli,8.247254,9.007934,11
P0AEU7,83333,E. coli,8.3946295,8.730786,17
P19926,83333,E. coli,7.9371815,8.833564,2
P37338,83333,E. coli,9.352424,8.413041,8
P0AE12,83333,E. coli,7.821622,7.449031,14
P0ADK6,83333,E. coli,8.861167,1.9410452,12
P22188,83333,E. coli,9.990907,7.4687366,2
P0AB35,83333,E. coli,8.117863,8.560737,1
P09184,83333,E. coli,9.114428,7.324707,8
P0AD96,83333,E. coli,8.234443,9.036192,11
P0A6I9,83333,E. coli,9.92783,7.6970096,11
P15070,83333,E. coli,8.634167,7.1102753,8
P0A817,83333,E. coli,8.194199,6.4646397,12
P0A7W1,83333,E. coli,8.101946,5.9766765,17
P76561,83333,E. coli,8.875497,7.5171094,8
Q46867,83333,E. coli,8.446803,-2.534141,16
P42915,83333,E. coli,8.199184,9.278302,11
P0ACC3,83333,E. coli,9.349482,6.3419266,11
P0DP90,83333,E. coli,9.924217,6.667127,11
P0ACS7,83333,E. coli,9.399086,8.163184,8
P31600,83333,E. coli,8.287364,8.680308,12
P45577,83333,E. coli,8.398325,7.2101455,1
P37666,83333,E. coli,9.8164215,6.409475,11
P09377,83333,E. coli,9.0149355,8.378006,8
P0A9P6,83333,E. coli,8.7208395,7.0864353,8
P32176,83333,E. coli,8.81992,6.0072246,2
P38054,83333,E. coli,7.0399656,8.454643,2
P0AF10,83333,E. coli,8.614705,-0.0048507364,14
P0A6L9,83333,E. coli,8.777012,8.3758545,8
P0AFI0,83333,E. coli,9.936168,6.916539,11
P78061,83333,E. coli,9.764107,7.4736485,8
P0AF26,83333,E. coli,8.674562,8.226013,8
P37619,83333,E. coli,7.0434165,7.9970293,8
P0A9I8,83333,E. coli,9.776225,7.3659987,11
P15977,83333,E. coli,9.789346,7.4273634,11
P0AF18,83333,E. coli,9.881882,6.5592575,11
P0A6K3,83333,E. coli,9.383594,6.4646893,11
P52599,83333,E. coli,8.431072,9.079812,11
P0A763,83333,E. coli,9.024469,6.0533967,17
P31801,83333,E. coli,6.957185,7.9772468,8
P23869,83333,E. coli,11.227764,6.237252,2
P0A8H8,83333,E. coli,8.013575,7.014258,12
P32701,83333,E. coli,8.806396,8.599133,8
P0ACI0,83333,E. coli,9.040679,8.29067,8
P36879,83333,E. coli,9.473781,7.776576,17
P0ACK5,83333,E. coli,9.443281,8.204439,8
P0AFH8,83333,E. coli,8.200337,8.654523,17
P0A9G2,83333,E. coli,9.130235,8.430078,8
P0AFV4,83333,E. coli,8.325142,8.690604,8
P67430,83333,E. coli,9.279566,8.361415,8
P0C058,83333,E. coli,9.245776,8.143241,8
P39176,83333,E. coli,8.357485,8.82798,8
P08555,83333,E. coli,6.9311676,8.14079,11
P33348,83333,E. coli,8.368467,6.9351788,8
P0AFR4,83333,E. coli,9.368637,6.176033,11
P37128,83333,E. coli,9.772322,7.135679,2
P27835,83333,E. coli,7.214734,7.500916,14
P31456,83333,E. coli,9.114683,7.621367,8
P0AGK4,83333,E. coli,8.984597,6.4913664,11
P23484,83333,E. coli,9.4281435,9.199519,11
Q46863,83333,E. coli,8.251396,8.882257,11
P36554,83333,E. coli,6.81952,8.278041,11
P37649,83333,E. coli,9.058605,8.531273,8
P33135,83333,E. coli,6.9853473,8.234766,11
P15034,83333,E. coli,9.8528805,6.8403096,11
P0A7B3,83333,E. coli,9.677158,8.001403,11
P0C7L2,83333,E. coli,9.7573805,6.511225,11
P32662,83333,E. coli,9.674771,7.1191688,11
P69441,83333,E. coli,9.895145,5.4123187,11
P76085,83333,E. coli,9.8531,6.6984863,2
P0AAC8,83333,E. coli,9.3781595,6.371574,17
P77732,83333,E. coli,9.418002,8.307056,8
P0A9A6,83333,E. coli,9.014713,6.7347455,17
P24215,83333,E. coli,9.197002,6.3128657,17
P07862,83333,E. coli,9.890466,6.759033,11
P77624,83333,E. coli,9.15376,6.4091725,8
P19934,83333,E. coli,8.277377,7.826656,1
P64590,83333,E. coli,7.08114,7.9421353,11
P64588,83333,E. coli,8.58205,7.5389295,8
P39375,83333,E. coli,8.722833,8.449405,14
P75769,83333,E. coli,6.407729,4.4437637,12
P46852,83333,E. coli,9.450098,7.504144,11
P0A8Q3,83333,E. coli,6.918703,7.447123,8
P0AC02,83333,E. coli,8.348992,8.879462,11
P75942,83333,E. coli,8.336639,8.725968,8
P75916,83333,E. coli,6.9924355,7.7625203,8
P0AD47,83333,E. coli,7.0213857,8.1525755,11
P07604,83333,E. coli,9.217714,8.185975,8
P0CB39,83333,E. coli,7.890695,8.767347,2
P0A8P1,83333,E. coli,9.227053,7.5142865,8
P39199,83333,E. coli,9.631925,7.2918844,11
P0AG59,83333,E. coli,7.5838127,5.8033686,12
P12008,83333,E. coli,9.193638,6.4910955,17
P75857,83333,E. coli,8.151899,9.365404,11
P31826,83333,E. coli,8.92124,8.603587,8
P45562,83333,E. coli,6.912339,8.102296,17
P24171,83333,E. coli,9.670326,7.232463,8
P0AFZ7,83333,E. coli,6.86554,8.207624,2
P76063,83333,E. coli,9.030967,8.302425,3
P0A9R4,83333,E. coli,9.726244,6.9657726,2
P18393,83333,E. coli,8.629182,8.288321,12
P23830,83333,E. coli,7.871711,8.700138,10
P0AA41,83333,E. coli,9.834874,7.4708614,11
P0AE16,83333,E. coli,6.800693,8.248748,2
P36938,83333,E. coli,8.561557,6.0494003,17
P76471,83333,E. coli,8.066736,9.153383,17
P0AC16,83333,E. coli,9.756277,6.9777174,11
P15723,83333,E. coli,8.244053,6.762808,12
P25534,83333,E. coli,9.99232,7.6968794,11
P63204,83333,E. coli,9.117021,8.498708,12
P07013,83333,E. coli,9.195256,8.375704,8
P45422,83333,E. coli,7.9387136,8.615415,12
P37353,83333,E. coli,10.018748,7.4482665,11
P37002,83333,E. coli,7.000752,8.153095,11
P38394,83333,E. coli,7.57062,6.234864,14
P0C018,83333,E. coli,8.240459,6.0766325,17
P05825,83333,E. coli,8.112574,9.379362,8
P0ACP1,83333,E. coli,9.392409,8.098528,8
P21338,83333,E. coli,8.167627,8.349211,14
Q46800,83333,E. coli,9.735907,6.564971,11
P37597,83333,E. coli,6.896102,8.283558,11
P56258,83333,E. coli,9.03658,7.832075,8
P76535,83333,E. coli,9.878628,6.6679,11
P0A9U6,83333,E. coli,9.507451,8.175674,8
P37653,83333,E. coli,7.7187476,7.355858,8
P76146,83333,E. coli,9.123661,8.407404,11
P0ACB0,83333,E. coli,9.23838,6.706364,11
P0DKB3,83333,E. coli,8.691439,-2.908153,16
P45544,83333,E. coli,9.44594,8.134217,8
P41409,83333,E. coli,9.890148,6.606652,11
P75680,83333,E. coli,8.680737,7.75697,8
P77791,83333,E. coli,9.392989,6.232543,11
P12995,83333,E. coli,9.962314,7.160127,11
P0ABG1,83333,E. coli,7.092776,8.113085,8
P16690,83333,E. coli,9.945351,7.6650667,11
P0ABT2,83333,E. coli,8.753109,6.888048,11
P0A7U3,83333,E. coli,8.686426,-3.076951,16
P0ADP9,83333,E. coli,8.757579,-2.950329,16
Q2EEQ2,83333,E. coli,7.5744166,5.826882,12
P76149,83333,E. coli,10.027066,6.9862404,11
P08204,83333,E. coli,10.030475,7.2510805,2
P46889,83333,E. coli,8.394818,7.3783507,1
P0AB67,83333,E. coli,7.0900664,8.032953,11
P0AEI6,83333,E. coli,9.294603,7.5213065,11
P09099,83333,E. coli,10.063655,7.376098,2
P33340,83333,E. coli,7.9043646,8.630135,14
P77183,83333,E. coli,9.492485,7.8184676,8
P0ABU5,83333,E. coli,9.897879,6.876447,11
P76041,83333,E. coli,9.027486,6.986788,8
P0AAE2,83333,E. coli,6.6906776,8.234246,2
P03030,83333,E. coli,9.462347,8.535235,8
P37908,83333,E. coli,8.982505,8.314147,2
P77504,83333,E. coli,7.436711,8.532941,2
P0A7B8,83333,E. coli,9.653103,6.317321,11
P45532,83333,E. coli,9.714862,7.5126543,8
P0AEB0,83333,E. coli,6.7752976,8.351385,11
Q47679,83333,E. coli,10.010487,7.4256234,11
P77400,83333,E. coli,6.970266,8.188968,11
P0A6L7,83333,E. coli,9.300913,6.4283957,11
P39371,83333,E. coli,8.193659,8.894424,8
P77409,83333,E. coli,7.00834,7.556516,8
P0A7B1,83333,E. coli,8.42593,6.6214504,12
P40191,83333,E. coli,9.613765,7.4525857,8
P76569,83333,E. coli,9.76326,5.9117317,11
P76221,83333,E. coli,7.038562,8.219076,11
P0A953,83333,E. coli,9.930067,6.631081,2
P0ABH4,83333,E. coli,6.9969716,8.1929035,2
P0ABV2,83333,E. coli,8.420314,8.85808,11
P80668,83333,E. coli,9.961694,6.477224,11
P75825,83333,E. coli,8.760835,6.3216934,12
P64550,83333,E. coli,7.0837736,7.6883144,12
P0AF24,83333,E. coli,9.610103,6.338485,17
P30130,83333,E. coli,8.159876,9.377752,11
P0ACV2,83333,E. coli,9.435205,7.6416273,11
P63228,83333,E. coli,9.811267,7.119651,11
P13445,83333,E. coli,8.6212015,7.342483,8
P76632,83333,E. coli,8.357165,8.014438,14
P0C079,83333,E. coli,0.99834526,0.73921037,8
P0A955,83333,E. coli,9.711285,6.3661995,11
P75910,83333,E. coli,8.509163,-2.5121481,16
P45537,83333,E. coli,8.399002,8.4015665,8
P0AAZ7,83333,E. coli,8.776219,6.567636,17
P77463,83333,E. coli,6.794671,8.398396,11
P63883,83333,E. coli,8.319606,8.915704,11
P0A9M5,83333,E. coli,9.613501,6.629383,11
P0AF52,83333,E. coli,6.919531,8.186075,11
P06722,83333,E. coli,8.489644,7.27029,8
P0ACN4,83333,E. coli,9.491041,8.30007,11
P52138,83333,E. coli,9.114943,-2.935499,16
P0A9V8,83333,E. coli,9.974069,6.7038794,11
P76440,83333,E. coli,9.599897,6.7223163,11
Q47005,83333,E. coli,9.43903,8.615157,8
P39180,83333,E. coli,8.145986,8.845527,8
P31825,83333,E. coli,9.93127,7.711732,11
P0AD24,83333,E. coli,8.202303,1.2561607,14
P0C0R7,83333,E. coli,9.75471,6.8152347,11
P0ABR5,83333,E. coli,8.456668,6.8745856,8
P37197,83333,E. coli,8.234979,8.417246,8
P0AF63,83333,E. coli,9.549118,8.40782,11
P0AE52,83333,E. coli,9.760378,5.6293473,11
P0AFZ5,83333,E. coli,8.831476,8.334965,8
P45763,83333,E. coli,8.703088,8.481093,12
P17117,83333,E. coli,9.73766,7.2026873,11
P0A9W3,83333,E. coli,9.234811,6.848449,17
P68767,83333,E. coli,9.748882,6.676596,11
P16700,83333,E. coli,8.21301,8.947824,11
P0A6D7,83333,E. coli,9.36444,6.705127,17
P07649,83333,E. coli,9.68775,7.282797,11
P25437,83333,E. coli,10.2074375,5.754318,11
P39404,83333,E. coli,9.0963335,8.463269,3
P39396,83333,E. coli,7.1844993,7.3351173,12
P77783,83333,E. coli,8.913914,6.3594117,11
P64526,83333,E. coli,8.697431,-2.9982226,16
P0ACR7,83333,E. coli,9.474214,8.533475,8
P33919,83333,E. coli,9.45906,6.9783363,11
P08401,83333,E. coli,8.9839525,8.568832,11
P39306,83333,E. coli,9.879612,6.787398,2
P23331,83333,E. coli,8.768693,6.5214953,8
P38134,83333,E. coli,8.600383,8.798605,11
P39452,83333,E. coli,8.501228,6.1465764,12
P76514,83333,E. coli,9.2728405,5.713137,17
P37596,83333,E. coli,9.884323,7.506538,11
P76226,83333,E. coli,6.9780536,8.009063,11
P32170,83333,E. coli,8.734656,6.2513003,8
P37642,83333,E. coli,7.7270274,7.8901215,8
P24178,83333,E. coli,9.689965,7.695996,8
P0ADW3,83333,E. coli,8.492176,8.0708885,8
P29208,83333,E. coli,9.9038,7.238737,11
P0ADW6,83333,E. coli,9.432116,7.3102026,8
P37643,83333,E. coli,6.903236,8.183897,11
P30178,83333,E. coli,9.88978,7.296086,11
P23845,83333,E. coli,9.738218,7.3809843,11
P0ACE7,83333,E. coli,9.825057,6.326379,11
P0ABU2,83333,E. coli,9.190282,6.2790775,17
P0AGF6,83333,E. coli,9.56191,6.24044,11
P27550,83333,E. coli,9.120673,6.6929116,11
P08331,83333,E. coli,8.219648,8.952026,11
P07024,83333,E. coli,8.149206,9.051883,11
P0A9T4,83333,E. coli,9.647409,6.7214603,11
P0AAM3,83333,E. coli,9.086898,6.866427,8
P43329,83333,E. coli,8.403807,7.0257473,12
P27830,83333,E. coli,9.903345,6.863711,11
P0ADC8,83333,E. coli,8.246197,7.2735696,1
P64481,83333,E. coli,7.181391,8.08993,12
P76251,83333,E. coli,9.400564,6.3579955,17
P06720,83333,E. coli,8.608525,6.2840786,12
P11350,83333,E. coli,6.9235563,7.445544,12
P07117,83333,E. coli,6.71411,8.220412,2
P69451,83333,E. coli,9.860095,6.255707,2
P62395,83333,E. coli,8.654867,-2.7481341,16
P0A964,83333,E. coli,9.696229,8.080181,2
P0AGJ2,83333,E. coli,9.742249,7.091387,11
P0AEI4,83333,E. coli,9.388556,6.6012893,17
Q46871,83333,E. coli,9.635179,7.6170225,8
P17446,83333,E. coli,9.039384,8.270879,8
P32141,83333,E. coli,8.655686,6.557714,8
P16691,83333,E. coli,9.632169,7.552902,11
P0A7A7,83333,E. coli,8.418972,7.8452954,12
P0AB71,83333,E. coli,8.460517,5.722341,12
P0AAQ2,83333,E. coli,7.503819,2.7600405,4
P0AAN3,83333,E. coli,9.450723,7.173136,8
P0AF40,83333,E. coli,8.452999,-2.4112031,16
P07102,83333,E. coli,8.328282,8.741617,8
P41067,83333,E. coli,7.9900894,7.4067597,1
P75728,83333,E. coli,9.985099,7.5651927,11
P42615,83333,E. coli,8.413257,8.671308,8
P0A6D5,83333,E. coli,9.784832,6.2744193,11
P0AG07,83333,E. coli,9.769968,6.350081,11
P37016,83333,E. coli,7.9205027,8.635754,3
P76339,83333,E. coli,8.768855,8.664115,8
P0A7J7,83333,E. coli,8.439966,5.9411674,11
P0A8C8,83333,E. coli,8.399162,-3.7896059,9
P76217,83333,E. coli,9.999775,7.344256,11
P77626,83333,E. coli,9.51906,8.359577,11
P52645,83333,E. coli,8.068233,8.814602,7
P0AA86,83333,E. coli,8.435705,8.749084,8
P08622,83333,E. coli,9.690733,3.325784,17
P62554,83333,E. coli,8.646322,6.6806397,8
P68183,83333,E. coli,6.7465396,8.403077,2
P0A746,83333,E. coli,9.116189,5.978359,17
P32689,83333,E. coli,8.093147,9.359665,11
P23849,83333,E. coli,6.900528,8.158458,11
Q6BF17,83333,E. coli,9.728631,6.331554,11
P69367,83333,E. coli,6.9021425,8.177526,8
P0A7I0,83333,E. coli,9.29604,6.7579837,11
P76230,83333,E. coli,6.8480096,8.116402,11
P60566,83333,E. coli,9.344903,6.200366,17
P0AEP3,83333,E. coli,9.604367,6.3551817,11
P0ADM4,83333,E. coli,8.470066,-0.88431853,14
P02918,83333,E. coli,8.280647,8.944545,2
P02359,83333,E. coli,7.6059256,5.838485,12
P0ADL1,83333,E. coli,6.7230988,8.3050585,2
P0AES6,83333,E. coli,8.313949,6.8419676,12
P0AGE0,83333,E. coli,9.3790455,3.3083673,11
P0A9G6,83333,E. coli,8.767195,5.9416776,17
P75799,83333,E. coli,6.8518395,8.357897,11
P0A850,83333,E. coli,9.641792,7.532512,2
P69820,83333,E. coli,9.732185,6.2983837,11
P0A6S5,83333,E. coli,8.375115,8.839543,8
P77329,83333,E. coli,8.532212,5.928142,8
P33224,83333,E. coli,9.669948,7.419691,8
Q6BF25,83333,E. coli,6.246371,4.5773916,12
P76657,83333,E. coli,7.3711405,8.200968,8
P75829,83333,E. coli,8.799496,8.044495,8
P33221,83333,E. coli,9.152518,7.2428603,8
P69411,83333,E. coli,8.096518,8.43492,14
P0AGM7,83333,E. coli,6.901737,8.129358,11
P10905,83333,E. coli,6.861869,8.379072,11
P75793,83333,E. coli,8.524431,6.1760516,12
P71229,83333,E. coli,8.91602,8.264838,8
P18777,83333,E. coli,6.9880023,7.493341,12
P37342,83333,E. coli,8.605745,6.242295,8
P0A9P9,83333,E. coli,10.137256,5.842672,11
P0AGA2,83333,E. coli,7.029256,8.059544,11
P36655,83333,E. coli,7.2778106,8.487391,2
P23256,83333,E. coli,9.962939,7.2989435,11
P75990,83333,E. coli,9.042571,8.473142,8
P0A6V1,83333,E. coli,9.411349,6.1297092,11
P07364,83333,E. coli,9.733467,7.9318633,11
P0AD86,83333,E. coli,8.373144,-3.2042537,16
P39356,83333,E. coli,9.414735,8.06275,8
P0AGC5,83333,E. coli,8.356118,8.74763,8
P09551,83333,E. coli,8.24453,9.015474,11
P39401,83333,E. coli,7.9292636,8.742657,7
P0A6I6,83333,E. coli,9.437595,6.1357284,17
P18390,83333,E. coli,7.650625,0.8451354,1
P62399,83333,E. coli,8.404243,6.0939713,17
P28635,83333,E. coli,8.235059,9.021298,11
P00811,83333,E. coli,8.204926,8.956428,2
P0A9W0,83333,E. coli,9.446888,8.092908,8
P28304,83333,E. coli,10.250987,5.731465,11
P0AAX8,83333,E. coli,8.309847,8.831499,17
P33941,83333,E. coli,8.959241,8.568723,8
P0A948,83333,E. coli,9.677126,7.650939,11
P0ABB8,83333,E. coli,5.750821,6.5878787,2
P0A7A9,83333,E. coli,8.863927,6.0558825,17
P76141,83333,E. coli,9.423946,8.115808,8
P69783,83333,E. coli,9.729537,5.739188,11
P0A8N3,83333,E. coli,9.344961,4.803173,11
P66817,83333,E. coli,9.731848,7.0585394,11
P0AF08,83333,E. coli,9.6616335,7.167336,8
P21361,83333,E. coli,8.207131,7.6287923,11
P0AAW9,83333,E. coli,8.287044,-2.0757432,14
Q38D82,185431,T. brucei,8.952103,-0.92916936,14
Q586V9,185431,T. brucei,8.772368,3.3937755,12
Q4GZ77,185431,T. brucei,9.074314,-1.9818971,6
Q381L6,185431,T. brucei,8.818642,-2.117318,16
Q580K1,185431,T. brucei,8.280159,-0.17439948,14
Q4GZ58,185431,T. brucei,8.811753,-2.9684575,16
Q38BV1,185431,T. brucei,8.651183,2.0615907,14
Q38CP0,185431,T. brucei,19.789347,0.62553173,19
Q381P1,185431,T. brucei,8.877132,-2.315623,16
Q38FM3,185431,T. brucei,8.384676,3.5377898,12
Q383N2,185431,T. brucei,9.231682,-1.9077204,16
Q4GYJ5,185431,T. brucei,8.282443,5.668181,12
Q385J6,185431,T. brucei,8.847986,0.24326043,14
Q38C90,185431,T. brucei,8.74318,-0.38642058,14
Q387M6,185431,T. brucei,9.178543,3.7113204,17
Q384A1,185431,T. brucei,9.075279,-1.6239758,16
Q381K9,185431,T. brucei,8.474182,2.1781788,12
Q38BJ6,185431,T. brucei,8.911209,4.349486,17
Q57XN5,185431,T. brucei,8.759617,-1.6729279,16
Q57VT0,185431,T. brucei,8.87131,-2.2444274,16
Q38AM0,185431,T. brucei,8.731634,3.4476614,12
Q586P9,185431,T. brucei,8.628607,-1.5434906,16
Q57UA2,185431,T. brucei,8.451691,-3.5592234,9
Q38FD9,185431,T. brucei,8.854115,3.212579,12
Q382W3,185431,T. brucei,8.405523,-0.5085474,14
Q38DA9,185431,T. brucei,8.707864,-2.269333,16
Q582S2,185431,T. brucei,8.811964,-0.573612,14
Q38BI2,185431,T. brucei,10.07926,2.2979074,3
Q57Z31,185431,T. brucei,8.431984,-7.3571186,12
Q38DT2,185431,T. brucei,8.41204,-0.12062557,14
Q580J1,185431,T. brucei,9.289704,-1.926976,16
Q38AA2,185431,T. brucei,5.7956667,-5.4218726,12
Q386C9,185431,T. brucei,8.880063,-0.8389388,14
Q38FG7,185431,T. brucei,8.009531,0.55195767,3
Q383M0,185431,T. brucei,9.25858,-1.9853647,16
Q584Z3,185431,T. brucei,8.075684,3.318858,14
Q38EY5,185431,T. brucei,9.419226,-2.267157,9
Q38BN6,185431,T. brucei,8.33781,-3.8534007,9
Q57UM9,185431,T. brucei,9.262202,-1.8930006,16
Q583H0,185431,T. brucei,8.133162,-1.9125264,16
Q38E02,185431,T. brucei,8.536322,0.593227,14
Q57XR2,185431,T. brucei,9.07466,-2.0419168,16
Q57Y10,185431,T. brucei,9.13631,-1.5775249,16
Q57W44,185431,T. brucei,8.977928,-1.4060912,16
Q38A56,185431,T. brucei,9.294705,-2.1370497,16
Q38DG0,185431,T. brucei,8.988098,-0.62276715,14
Q38CG7,185431,T. brucei,8.624992,2.1449447,12
Q583W3,185431,T. brucei,8.878454,-0.63042736,14
Q386U2,185431,T. brucei,9.113097,-1.3647659,14
Q38D56,185431,T. brucei,9.181358,-1.741919,16
Q386C0,185431,T. brucei,8.833296,-0.9953292,14
Q384N6,185431,T. brucei,8.91526,-0.91642797,14
Q383Y9,185431,T. brucei,8.848633,-1.5875094,16
Q57Y65,185431,T. brucei,8.560638,-1.9970009,16
Q385W3,185431,T. brucei,9.180651,-1.2496958,14
Q383R4,185431,T. brucei,8.91093,-2.25805,16
Q38EV6,185431,T. brucei,5.802695,-5.405834,12
Q384M4,185431,T. brucei,9.086847,-1.9067724,16
Q38AP4,185431,T. brucei,8.672894,-2.89586,16
Q388Q1,185431,T. brucei,9.258283,-1.9918703,16
Q38E99,185431,T. brucei,8.8716755,-0.22208007,12
Q57WZ2,185431,T. brucei,8.315519,0.82629704,14
Q387P6,185431,T. brucei,6.8766837,3.2648082,3
Q386K6,185431,T. brucei,9.330023,-2.2460852,16
Q57VA4,185431,T. brucei,8.640142,-2.15788,16
Q57UP8,185431,T. brucei,6.050702,4.8510175,17
Q38B32,185431,T. brucei,8.227033,-3.9926817,9
Q4GYA9,185431,T. brucei,9.008275,4.149741,17
Q57XW0,185431,T. brucei,9.296149,-2.0541422,16
Q385K9,185431,T. brucei,9.179588,-1.4543581,16
Q4GZ81,185431,T. brucei,8.546214,2.2067993,12
Q38CY6,185431,T. brucei,7.5630426,5.780129,12
Q383K4,185431,T. brucei,8.716691,2.2485282,12
Q38B91,185431,T. brucei,9.192678,-1.7163205,16
Q385V6,185431,T. brucei,9.061028,3.2592602,12
Q38E54,185431,T. brucei,6.0403256,4.0802174,14
Q385F7,185431,T. brucei,8.124907,3.5942166,3
Q583Z0,185431,T. brucei,8.102432,0.5107912,14
Q384N8,185431,T. brucei,8.441854,-1.0248429,14
Q57YV2,185431,T. brucei,8.612497,-1.6588299,16
Q389C2,185431,T. brucei,9.65176,6.1312785,11
Q38AR0,185431,T. brucei,8.591917,-1.1955101,16
Q583P6,185431,T. brucei,8.732362,-0.95841277,14
Q57Z84,185431,T. brucei,8.694127,-2.891163,16
Q387L4,185431,T. brucei,9.021162,-1.5463669,16
Q38BQ1,185431,T. brucei,9.272472,-2.1454215,16
Q387M7,185431,T. brucei,9.174749,-1.7754878,16
Q384I6,185431,T. brucei,8.700859,-2.5788136,16
Q386S6,185431,T. brucei,8.504743,3.5608385,17
Q38BX3,185431,T. brucei,9.16569,-1.7134151,16
Q385Q4,185431,T. brucei,9.024416,3.5629044,12
Q57X73,185431,T. brucei,8.896641,4.561038,12
Q382R9,185431,T. brucei,9.117587,-2.0281398,16
Q4GZA9,185431,T. brucei,8.470201,-3.1917446,9
Q389U7,185431,T. brucei,9.124516,-1.5263661,14
Q38CJ5,185431,T. brucei,8.830777,-0.9233808,14
Q4GZ06,185431,T. brucei,8.738536,-1.7067045,16
Q586K6,185431,T. brucei,8.555105,-2.5061376,16
Q583M0,185431,T. brucei,8.59888,-0.5632169,14
Q38FR1,185431,T. brucei,8.563889,1.9741375,14
Q38BK5,185431,T. brucei,9.160667,-1.1472114,14
Q389K0,185431,T. brucei,9.133435,-0.9907315,14
Q4GZE4,185431,T. brucei,8.858905,-1.0628362,14
Q38A77,185431,T. brucei,10.901474,-6.622724,1
Q38EE1,185431,T. brucei,8.250167,-1.7340012,16
Q389X2,185431,T. brucei,9.287811,-2.2245953,16
Q38BD8,185431,T. brucei,8.161406,-0.7683026,16
Q4GYA2,185431,T. brucei,8.914748,-0.5987002,14
Q386P5,185431,T. brucei,9.342175,3.0627372,12
Q386T2,185431,T. brucei,8.834444,-0.5456208,14
Q57YI8,185431,T. brucei,8.364588,-3.708097,9
Q57TV4,185431,T. brucei,9.018368,-0.7178547,12
Q38BM6,185431,T. brucei,9.256932,-2.1404963,16
Q57W87,185431,T. brucei,8.900988,-0.3480074,14
Q381H2,185431,T. brucei,8.66497,3.480847,12
Q388G2,185431,T. brucei,9.3408985,-2.130841,16
Q583U3,185431,T. brucei,8.610348,3.575358,17
Q57XL4,185431,T. brucei,8.385446,-2.5067127,16
Q57Y59,185431,T. brucei,8.634211,-2.5026455,9
Q580J9,185431,T. brucei,9.188569,-1.6644804,16
Q57YK9,185431,T. brucei,8.417116,3.7684958,12
Q382H6,185431,T. brucei,8.868844,3.6097515,12
Q580F6,185431,T. brucei,8.313221,-0.94061387,16
Q383E0,185431,T. brucei,8.897911,-2.1660497,16
Q389Y0,185431,T. brucei,9.347474,-2.0262823,16
Q580V4,185431,T. brucei,8.763544,-1.9675028,16
Q584V7,185431,T. brucei,8.426118,-1.1013954,16
Q389C9,185431,T. brucei,9.092617,-1.1976666,14
Q38BX9,185431,T. brucei,8.317336,-1.7361131,16
Q385F3,185431,T. brucei,8.833595,2.6863482,1
Q57XB3,185431,T. brucei,8.858012,-1.0736524,14
Q38DJ8,185431,T. brucei,9.410109,-2.2756555,9
Q57YI9,185431,T. brucei,8.834773,2.672144,12
Q385Z6,185431,T. brucei,9.01278,-1.1477923,16
Q57WX0,185431,T. brucei,8.469464,-2.3823452,16
Q38AA8,185431,T. brucei,8.550481,2.4047992,12
Q38D60,185431,T. brucei,8.786687,-2.6112056,16
Q381H8,185431,T. brucei,8.754794,2.2886417,12
Q38CL3,185431,T. brucei,8.6327715,-1.8570555,16
Q581A2,185431,T. brucei,7.930498,-2.086983,16
Q386M1,185431,T. brucei,8.889765,-1.0620232,14
Q386I9,185431,T. brucei,8.61795,3.4228778,12
Q38BB2,185431,T. brucei,8.567204,-1.6111846,6
Q580J7,185431,T. brucei,8.432139,-3.7177782,9
Q581S9,185431,T. brucei,8.515277,-0.0122984,14
Q57XM6,185431,T. brucei,8.461609,-0.053752843,3
Q385H2,185431,T. brucei,8.6198635,-2.0644429,16
Q583I0,185431,T. brucei,6.9054503,3.2915764,7
Q586Y2,185431,T. brucei,7.0608783,3.6014326,14
Q385W6,185431,T. brucei,9.254754,-1.6224357,16
Q383B5,185431,T. brucei,8.424083,-1.1219383,16
Q384F5,185431,T. brucei,6.8803005,7.162653,12
Q57UX9,185431,T. brucei,5.309475,5.234917,7
Q581V4,185431,T. brucei,8.501111,6.5233865,12
Q57TT7,185431,T. brucei,8.781509,-2.9296868,16
Q57UH6,185431,T. brucei,8.907129,-0.5571137,14
Q38CL0,185431,T. brucei,8.737785,-3.0100312,16
Q385D3,185431,T. brucei,7.6442785,5.3375216,12
Q381L8,185431,T. brucei,8.542137,-0.55752045,14
Q38B38,185431,T. brucei,8.81025,-1.5907743,16
Q38CI9,185431,T. brucei,8.844121,-0.689337,14
Q586H7,185431,T. brucei,6.8850517,4.5029807,12
Q584P6,185431,T. brucei,7.666857,3.2181997,12
Q57V91,185431,T. brucei,8.723006,-3.0438554,16
Q57V21,185431,T. brucei,9.04217,-2.1888642,16
Q389D6,185431,T. brucei,9.255005,-2.0462909,16
Q585L0,185431,T. brucei,9.2026825,-1.5832161,16
Q38B04,185431,T. brucei,8.905629,-0.55907273,14
Q381H0,185431,T. brucei,8.772113,3.4410007,12
Q580H2,185431,T. brucei,10.045477,2.9697585,17
Q585F0,185431,T. brucei,6.5426884,3.7307358,17
Q9N949,185431,T. brucei,8.553931,2.2614572,12
Q57UI4,185431,T. brucei,8.225692,8.517796,11
Q4GZ02,185431,T. brucei,9.227851,-1.4766589,16
Q57ZL3,185431,T. brucei,8.4450245,7.7388177,12
Q585L6,185431,T. brucei,8.832953,-0.43548587,14
Q381W7,185431,T. brucei,9.106035,-1.3471771,16
Q38AH3,185431,T. brucei,8.813327,-1.8586247,16
Q382H5,185431,T. brucei,8.662364,3.7764537,12
Q385Z1,185431,T. brucei,8.968701,-1.0975332,14
Q387X2,185431,T. brucei,9.262922,5.5405626,17
Q4GZB6,185431,T. brucei,9.05346,-1.6615633,16
Q382P1,185431,T. brucei,8.874275,3.8211424,12
Q382G8,185431,T. brucei,8.500433,-0.2737561,14
Q4GYA7,185431,T. brucei,8.739742,-2.586206,16
Q57ZD1,185431,T. brucei,9.304644,-2.0882423,16
Q384B3,185431,T. brucei,9.4094305,-2.2080348,16
Q57U66,185431,T. brucei,9.212065,-1.3420396,14
Q386U3,185431,T. brucei,8.901187,-2.1073027,16
Q581T5,185431,T. brucei,8.900332,-0.88663185,14
P86939,185431,T. brucei,8.966321,6.233224,17
Q386Z3,185431,T. brucei,8.827847,-0.85008866,14
Q38CI1,185431,T. brucei,9.26855,-1.9921764,16
Q381V6,185431,T. brucei,9.234191,-1.6143637,14
Q38AF4,185431,T. brucei,8.855087,-1.0700862,14
Q381Y0,185431,T. brucei,9.210898,-1.7361531,16
Q57Y02,185431,T. brucei,8.95474,-1.7057207,16
Q583H8,185431,T. brucei,8.896838,3.0092962,3
Q383L7,185431,T. brucei,7.9886956,-0.0826232,14
Q38CK8,185431,T. brucei,8.821615,-0.7718811,14
Q57VS2,185431,T. brucei,9.052097,-1.7367003,16
Q38CF2,185431,T. brucei,8.444261,2.4966583,3
Q389N4,185431,T. brucei,9.053493,-2.5200217,9
Q585C1,185431,T. brucei,0.2722387,-2.7568471,12
Q581T4,185431,T. brucei,8.882938,-1.1483873,14
Q38CH0,185431,T. brucei,8.653092,-2.5912263,16
Q582T1,185431,T. brucei,8.873046,-2.308436,16
Q57Z45,185431,T. brucei,8.821351,-2.449137,16
Q38BZ4,185431,T. brucei,9.101175,-1.3277081,14
Q386X7,185431,T. brucei,9.035371,-1.3513165,16
Q38B67,185431,T. brucei,8.583794,-0.38728845,14
Q38AP0,185431,T. brucei,8.96182,-0.956657,14
Q38BM1,185431,T. brucei,9.376197,-2.26391,9
Q386W5,185431,T. brucei,9.073308,-2.2593408,16
Q38FU7,185431,T. brucei,9.101214,-1.6934334,16
Q57UZ8,185431,T. brucei,8.939964,-0.7385084,14
Q38C78,185431,T. brucei,9.031745,5.1163454,11
Q388G9,185431,T. brucei,8.732682,0.17501336,14
Q382T2,185431,T. brucei,9.097878,-1.5512755,14
Q38AL4,185431,T. brucei,8.259134,5.403449,12
Q38D32,185431,T. brucei,9.153304,-1.5633669,16
Q387W2,185431,T. brucei,8.524813,-3.3532166,9
Q38G01,185431,T. brucei,9.00503,-1.9070916,16
Q587E6,185431,T. brucei,8.542391,1.8445768,14
Q38BU5,185431,T. brucei,9.210501,-1.7783252,16
Q583Y8,185431,T. brucei,8.394783,3.5465226,12
Q388F3,185431,T. brucei,8.710866,-2.099396,16
Q381I7,185431,T. brucei,9.177115,-1.6139477,16
Q57Z10,185431,T. brucei,8.768609,-2.9768865,16
Q38C58,185431,T. brucei,9.250198,-1.8356642,16
Q57U68,185431,T. brucei,8.894721,-2.1017146,16
Q38EM7,185431,T. brucei,8.926436,-2.2116313,16
Q384H0,185431,T. brucei,8.556187,-3.3759468,9
Q586I0,185431,T. brucei,8.690024,2.1733809,12
Q388F8,185431,T. brucei,7.664247,0.5399492,14
Q57UQ9,185431,T. brucei,8.924732,3.371547,17
Q38BP7,185431,T. brucei,9.022376,3.6712313,17
Q4GYI2,185431,T. brucei,8.965441,4.590511,17
Q4GYE7,185431,T. brucei,8.153214,-1.3089237,16
Q387F7,185431,T. brucei,8.744049,-1.0270804,16
Q385M3,185431,T. brucei,9.223971,5.2499876,17
Q38DQ3,185431,T. brucei,8.616582,-3.2510948,9
Q386R0,185431,T. brucei,9.244483,6.360178,17
Q388P4,185431,T. brucei,7.721775,-2.1010141,6
Q57YX2,185431,T. brucei,8.936599,-0.7598341,14
Q57ZL6,185431,T. brucei,8.78159,4.9336343,17
Q57ZB3,185431,T. brucei,9.31195,-1.9014683,16
Q586U1,185431,T. brucei,8.789043,2.315296,14
B2ZWC1,185431,T. brucei,4.497696,0.17178334,16
Q582P2,185431,T. brucei,8.6064415,5.1703863,12
Q387G6,185431,T. brucei,8.912016,-0.7160758,14
Q381N6,185431,T. brucei,12.215213,0.3844918,13
Q38D22,185431,T. brucei,8.913055,-1.0738734,14
Q57WA2,185431,T. brucei,8.856211,-2.3536334,16
Q582I1,185431,T. brucei,8.71386,-1.0355821,16
Q57UJ5,185431,T. brucei,8.743904,-0.7832793,3
Q57VQ7,185431,T. brucei,8.9682045,-0.7352919,3
Q57XQ1,185431,T. brucei,8.043753,3.2766204,3
Q586J3,185431,T. brucei,8.508003,-2.0216827,16
Q57XT4,185431,T. brucei,8.34901,0.6067341,14
Q383Z0,185431,T. brucei,8.405834,3.6993985,12
Q584H9,185431,T. brucei,4.8670626,2.1360722,3
Q38B37,185431,T. brucei,8.78672,2.4508278,12
Q585I6,185431,T. brucei,-2.0204172,12.003321,11
Q585K7,185431,T. brucei,8.424282,-0.9551988,14
Q57YJ7,185431,T. brucei,8.411302,-0.9094197,16
Q38BE7,185431,T. brucei,8.645648,-3.2154827,9
Q38DZ6,185431,T. brucei,8.890877,-1.0594476,14
Q385M5,185431,T. brucei,8.313927,0.13408856,3
Q57TW1,185431,T. brucei,8.871389,-2.138897,16
Q57YA9,185431,T. brucei,8.938132,-2.181652,16
Q38CG3,185431,T. brucei,8.749333,-1.4058421,16
Q38D73,185431,T. brucei,8.940482,-2.36841,16
Q389W8,185431,T. brucei,8.952327,-0.8492389,14
Q581R2,185431,T. brucei,9.002455,-2.4925644,9
Q4GYH3,185431,T. brucei,8.547303,-1.71268,16
Q57V56,185431,T. brucei,8.373784,-1.779069,16
Q385J0,185431,T. brucei,8.95357,-0.7859404,14
Q57X39,185431,T. brucei,19.78935,0.6255034,19
Q9N946,185431,T. brucei,8.521292,2.3176599,12
Q38FP0,185431,T. brucei,9.168621,-2.4058495,9
Q583Z1,185431,T. brucei,8.55089,0.6928604,14
Q57Y23,185431,T. brucei,7.3896,1.6453531,3
Q38DJ7,185431,T. brucei,9.133155,-1.6830806,16
Q38DV2,185431,T. brucei,8.9509325,-0.95669085,14
Q57YD4,185431,T. brucei,8.925313,-2.190849,16
Q385G9,185431,T. brucei,8.967118,-0.92715394,14
Q38EV2,185431,T. brucei,9.2262535,4.8703103,17
Q38CQ0,185431,T. brucei,19.789442,0.6255054,19
Q38CI8,185431,T. brucei,8.869307,-1.9523754,16
Q385W5,185431,T. brucei,9.267087,-2.0094852,16
Q38C53,185431,T. brucei,8.546759,2.649662,14
Q57UT3,185431,T. brucei,8.567603,1.5523808,14
Q4GZ19,185431,T. brucei,8.299897,-3.9143693,9
Q38C19,185431,T. brucei,6.373391,4.1240625,3
Q384Y5,185431,T. brucei,8.656287,-0.8994541,14
Q38G02,185431,T. brucei,8.680862,4.0178785,12
Q38AZ4,185431,T. brucei,8.870652,-0.66280395,14
Q4GZB9,185431,T. brucei,8.241747,-0.6486916,16
Q57XA2,185431,T. brucei,9.208332,-1.9607878,16
Q38EN1,185431,T. brucei,8.235939,-0.19231196,14
Q389F6,185431,T. brucei,5.947008,-0.7067389,5
Q587A9,185431,T. brucei,8.926085,4.301879,17
Q57YB4,185431,T. brucei,9.092245,-0.9919325,14
Q383D1,185431,T. brucei,9.144188,-1.9642086,16
Q580P7,185431,T. brucei,19.789434,0.62549984,19
Q38D75,185431,T. brucei,8.446743,2.3259456,12
Q583X2,185431,T. brucei,8.898136,-0.7989085,14
Q57XM7,185431,T. brucei,8.949367,-0.804217,14
Q57YT4,185431,T. brucei,4.4650154,0.29837653,14
Q57XV4,185431,T. brucei,8.6818905,2.7220364,12
Q586H1,185431,T. brucei,8.855911,3.3334103,12
Q57VB2,185431,T. brucei,8.900723,-2.3021665,16
Q583I5,185431,T. brucei,8.1854925,-0.71628475,14
Q385F9,185431,T. brucei,9.333445,4.946306,17
Q4GZ27,185431,T. brucei,9.424744,-2.3008392,9
Q583J0,185431,T. brucei,9.256385,2.639602,1
Q389N9,185431,T. brucei,8.873524,-2.7248473,16
Q580P0,185431,T. brucei,19.789381,0.6254959,19
Q383T6,185431,T. brucei,8.906031,-2.196519,16
Q388S1,185431,T. brucei,9.391922,-2.273381,9
Q389J3,185431,T. brucei,9.246931,-2.0813067,16
Q582F3,185431,T. brucei,7.967118,-2.069967,6
Q4GZ56,185431,T. brucei,8.3831005,-0.60065424,14
Q389T7,185431,T. brucei,8.880691,-2.1154299,16
Q38BV9,185431,T. brucei,9.138367,-1.7710749,6
Q385R2,185431,T. brucei,8.873354,-2.1651857,16
Q381Q0,185431,T. brucei,8.283026,-0.06325225,14
Q38AL7,185431,T. brucei,8.798188,1.6888236,12
Q586H9,185431,T. brucei,8.630844,-1.2634677,16
Q381X2,185431,T. brucei,9.061261,-0.91439027,14
Q57WV5,185431,T. brucei,7.390944,0.0039608525,1
Q389D8,185431,T. brucei,10.929307,2.3102086,7
Q57YP7,185431,T. brucei,8.560948,-3.4203308,9
Q38C57,185431,T. brucei,9.112268,-0.8921449,14
Q580W2,185431,T. brucei,8.802453,-0.7500111,14
Q389G0,185431,T. brucei,9.2673235,-1.6569449,16
Q38C64,185431,T. brucei,8.456449,-3.6853442,9
Q388D4,185431,T. brucei,8.931572,-1.8269147,16
Q387J4,185431,T. brucei,8.81845,-1.4637289,14
Q383F3,185431,T. brucei,9.197399,5.7473755,17
Q388K2,185431,T. brucei,8.957478,4.818266,17
Q57YL1,185431,T. brucei,9.130423,-1.7585381,16
Q38CM9,185431,T. brucei,8.203499,-4.0311446,9
Q586X2,185431,T. brucei,8.771274,2.4888427,12
Q57W26,185431,T. brucei,9.394307,-2.268165,16
Q38DS7,185431,T. brucei,8.907292,-0.82255226,3
Q384E8,185431,T. brucei,8.6197815,-2.2904289,16
D6XK31,185431,T. brucei,9.72584,5.326916,11
Q57X13,185431,T. brucei,9.113833,-2.0333915,16
Q38DX8,185431,T. brucei,5.3360686,5.328512,17
Q584W7,185431,T. brucei,8.706675,-1.758664,16
Q586T0,185431,T. brucei,9.241783,-1.8456274,16
Q385K8,185431,T. brucei,8.804711,-2.3793194,16
Q38BR9,185431,T. brucei,8.01464,5.638529,12
Q38CA7,185431,T. brucei,9.258306,-2.21203,16
Q57YL3,185431,T. brucei,8.825584,-2.3666446,16
Q57XF3,185431,T. brucei,8.723413,-3.1829777,9
Q38FX1,185431,T. brucei,8.588531,3.2393594,12
Q584I9,185431,T. brucei,8.493302,-0.107404955,14
Q387N4,185431,T. brucei,8.737038,-2.7484007,9
Q38CD0,185431,T. brucei,8.041672,5.849749,12
Q582V6,185431,T. brucei,9.145982,-1.5402449,16
Q57UX1,185431,T. brucei,8.603485,6.4374247,17
Q57UP4,185431,T. brucei,8.851047,-1.2178767,14
Q57Y69,185431,T. brucei,8.660321,-2.1534045,16
Q388A0,185431,T. brucei,8.315515,-3.9058213,9
Q388J9,185431,T. brucei,8.7016,5.4382105,12
Q38D26,185431,T. brucei,8.739631,2.4913104,12
Q38B59,185431,T. brucei,8.813742,-1.5991733,16
Q57VI9,185431,T. brucei,10.239273,2.232759,3
Q38A52,185431,T. brucei,9.06549,-1.7794335,16
Q57XQ5,185431,T. brucei,8.442505,2.7256672,14
Q382K4,185431,T. brucei,9.453099,-2.3016148,9
Q38CB2,185431,T. brucei,8.815306,-1.650963,14
Q381D9,185431,T. brucei,8.398769,-1.987002,16
Q38CJ1,185431,T. brucei,8.699742,3.8145642,12
Q38CZ1,185431,T. brucei,7.871458,3.4978735,12
Q381P5,185431,T. brucei,9.220326,-1.6041237,16
Q57X68,185431,T. brucei,7.8352857,6.6660857,14
Q38EP6,185431,T. brucei,8.128777,-0.694591,16
Q57WN7,185431,T. brucei,8.746539,0.31529003,14
Q38G47,185431,T. brucei,19.789522,0.6254606,19
Q586I9,185431,T. brucei,4.6246004,0.90957236,14
D6XKM9,185431,T. brucei,9.228857,3.1467178,12
Q4GZA1,185431,T. brucei,8.245719,-3.939105,9
Q382J7,185431,T. brucei,9.10673,-1.5330832,16
Q38F90,185431,T. brucei,9.307576,-2.132515,16
Q38B80,185431,T. brucei,9.020053,3.3805454,12
Q38BZ2,185431,T. brucei,9.818812,5.4250374,17
Q4GZ47,185431,T. brucei,9.115624,-1.496291,16
Q38D89,185431,T. brucei,8.583299,-1.3924152,16
Q38BP3,185431,T. brucei,8.610231,1.9338684,14
Q38BQ0,185431,T. brucei,9.373787,-2.199109,16
Q388P3,185431,T. brucei,8.647352,2.2132018,14
Q586P3,185431,T. brucei,8.882678,-2.323563,16
Q38BB0,185431,T. brucei,8.146486,3.4676178,3
Q38DR0,185431,T. brucei,9.354867,-2.1423562,9
Q582T9,185431,T. brucei,8.825185,-2.2047553,16
Q386R3,185431,T. brucei,8.587236,4.7488174,17
Q383G8,185431,T. brucei,9.490629,6.146326,17
Q57TX3,185431,T. brucei,11.217083,2.4409924,7
Q57V85,185431,T. brucei,5.2602262,5.2229176,2
Q57VD0,185431,T. brucei,9.244976,-1.8574232,16
Q57W11,185431,T. brucei,9.1733,-2.0919976,16
Q381M9,185431,T. brucei,7.5964694,-0.2803928,6
Q38CQ1,185431,T. brucei,19.789726,0.6254331,19
Q57WA7,185431,T. brucei,8.985594,-0.44202197,12
Q38C43,185431,T. brucei,9.012415,-0.9881919,14
Q57WP0,185431,T. brucei,9.403319,6.3477116,17
Q57VZ8,185431,T. brucei,9.148618,-2.3246336,16
Q38AU8,185431,T. brucei,8.57226,-1.9499967,16
Q587G4,185431,T. brucei,9.165228,-1.338209,14
Q38A75,185431,T. brucei,9.333561,-2.022615,16
Q38AF0,185431,T. brucei,9.120753,4.8624487,17
Q57XR8,185431,T. brucei,9.17067,-1.3952467,16
Q38G13,185431,T. brucei,19.789436,0.62546813,19
Q580M0,185431,T. brucei,9.144658,-1.7471899,16
Q57Z42,185431,T. brucei,9.285951,-1.8176069,16
Q38AV6,185431,T. brucei,5.293742,5.1320767,7
Q38B02,185431,T. brucei,0.25762638,-2.7694983,12
Q57ZE4,185431,T. brucei,8.498604,2.2473369,12
Q383S3,185431,T. brucei,9.015859,7.911245,8
Q389K8,185431,T. brucei,8.290328,1.0126505,14
Q580C9,185431,T. brucei,8.190552,-4.069699,9
Q38A90,185431,T. brucei,8.985039,-2.3787632,16
Q57XM5,185431,T. brucei,9.203742,-1.9479033,16
Q38F48,185431,T. brucei,8.829518,-2.5013359,16
Q57ZJ1,185431,T. brucei,8.509202,-0.97584015,16
Q583U6,185431,T. brucei,8.818596,-3.00287,16
Q387K0,185431,T. brucei,7.009753,0.024818413,1
Q38DE1,185431,T. brucei,9.49104,2.993628,1
Q57UD5,185431,T. brucei,8.903076,-1.4045247,14
Q384T3,185431,T. brucei,8.849418,2.2646127,12
Q38A45,185431,T. brucei,8.926837,-0.6591039,14
Q587C7,185431,T. brucei,8.297716,1.0467687,14
Q57W62,185431,T. brucei,8.871915,-1.2612506,16
Q57XJ9,185431,T. brucei,10.923971,-6.673539,1
Q583Q5,185431,T. brucei,9.134299,4.968618,17
Q584H3,185431,T. brucei,8.523563,-0.8812574,14
Q57W18,185431,T. brucei,8.8887415,-0.5586499,14
Q585N3,185431,T. brucei,10.954403,2.3094256,17
Q57Y33,185431,T. brucei,4.8734174,2.0998683,3
Q38DP8,185431,T. brucei,8.928916,-2.257196,16
Q585I5,185431,T. brucei,8.707269,-2.4684372,16
Q388G3,185431,T. brucei,9.109957,-1.3167137,14
Q57V96,185431,T. brucei,8.334217,2.249633,12
Q57ZN5,185431,T. brucei,9.313258,-2.0141265,16
Q4GZ10,185431,T. brucei,8.513137,3.3246272,12
Q586R1,185431,T. brucei,9.245726,5.3687425,17
Q57YJ8,185431,T. brucei,8.752436,2.341449,12
Q388W9,185431,T. brucei,9.697025,-1.7106177,6
Q38BK6,185431,T. brucei,7.5032487,5.9846606,14
Q38AE7,185431,T. brucei,8.905367,-0.5799789,14
Q38D48,185431,T. brucei,8.992626,-1.048893,3
Q581X4,185431,T. brucei,8.616836,2.4027426,14
Q381V9,185431,T. brucei,8.839391,-1.0098372,14
Q4GZ96,185431,T. brucei,8.922298,-0.57050425,14
Q382A4,185431,T. brucei,8.89825,-0.60565245,14
Q57WH7,185431,T. brucei,9.22964,4.631908,12
Q38E17,185431,T. brucei,9.449103,4.6201534,17
Q57UN2,185431,T. brucei,8.832252,-1.8359563,6
Q584C7,185431,T. brucei,9.431498,-2.2958188,9
Q384K4,185431,T. brucei,8.985252,-0.87312037,14
Q580I0,185431,T. brucei,8.511297,-3.5298893,9
Q381S8,185431,T. brucei,9.306927,-2.0539246,16
Q387L0,185431,T. brucei,8.645554,-3.25455,9
Q389P9,185431,T. brucei,9.243757,-1.6715404,16
Q38EJ7,185431,T. brucei,8.159486,-4.102748,9
Q57UT1,185431,T. brucei,8.854146,-2.1508305,16
Q38DT6,185431,T. brucei,8.784418,-2.9954789,16
Q385A9,185431,T. brucei,8.013214,-2.1155353,16
Q57ZW9,185431,T. brucei,8.924224,-2.4040904,16
Q585X9,185431,T. brucei,9.03966,-1.1833984,14
Q384W8,185431,T. brucei,8.971736,-0.64793617,14
Q383Y7,185431,T. brucei,8.836006,2.583725,12
Q381D1,185431,T. brucei,7.3170323,-2.076953,6
Q38BV7,185431,T. brucei,9.201769,-1.9704919,16
Q57TY3,185431,T. brucei,8.671772,-0.014892977,14
Q57UT5,185431,T. brucei,7.085062,0.14795557,12
Q580L2,185431,T. brucei,8.617883,-1.3155591,16
Q38BE0,185431,T. brucei,9.459481,6.1663284,11
Q38FB0,185431,T. brucei,7.6609573,3.0268626,12
Q38BX7,185431,T. brucei,8.925995,-0.92947567,14
Q38A48,185431,T. brucei,8.189762,-0.10287824,14
Q389I0,185431,T. brucei,8.653118,-0.38313073,14
Q57YL9,185431,T. brucei,7.683975,5.7893305,11
Q383K8,185431,T. brucei,9.192376,-1.3489685,14
Q583Y7,185431,T. brucei,8.45086,2.3327436,12
Q389Q0,185431,T. brucei,9.083105,-1.4149606,16
Q38E06,185431,T. brucei,8.545736,2.1560287,14
Q389H5,185431,T. brucei,8.944366,-1.6407546,16
Q380U9,185431,T. brucei,19.789606,0.6254571,19
Q57WF5,185431,T. brucei,8.9379,-1.0212235,3
Q4GZ89,185431,T. brucei,9.170019,-2.2952776,16
Q57Y19,185431,T. brucei,9.204144,-1.9464555,16
Q387L6,185431,T. brucei,8.863612,-1.1576219,14
Q38A53,185431,T. brucei,9.367546,-2.0548694,16
Q386N5,185431,T. brucei,12.117975,0.2829895,1
Q57YD9,185431,T. brucei,13.744094,6.272445,3
Q9I589,208964,P. aeruginosa,8.178676,8.707339,1
Q9I6J2,208964,P. aeruginosa,10.0041895,6.5593824,11
Q9I5I9,208964,P. aeruginosa,8.349961,8.776925,8
G3XD28,208964,P. aeruginosa,9.738256,7.9377875,2
Q9I1X7,208964,P. aeruginosa,8.352594,7.1142206,8
Q9I025,208964,P. aeruginosa,8.92037,8.599737,8
Q9I1Y3,208964,P. aeruginosa,8.698999,8.781989,8
Q51507,208964,P. aeruginosa,8.687482,7.777708,8
Q9HX69,208964,P. aeruginosa,9.393586,8.441398,8
Q9HWA5,208964,P. aeruginosa,7.1588044,8.034075,8
Q9HWI4,208964,P. aeruginosa,9.021913,8.599394,8
P14756,208964,P. aeruginosa,8.2390175,8.889459,11
P04739,208964,P. aeruginosa,7.9069815,8.525273,14
Q9I1M7,208964,P. aeruginosa,7.1831446,7.789206,8
P11759,208964,P. aeruginosa,9.892655,6.7315636,11
Q9I0Q6,208964,P. aeruginosa,9.59349,7.0521073,8
Q9I6Y4,208964,P. aeruginosa,9.890722,6.9465556,11
Q9HWZ6,208964,P. aeruginosa,8.883729,6.068184,17
Q9I4I1,208964,P. aeruginosa,8.510306,6.130499,12
Q9I537,208964,P. aeruginosa,7.1606145,8.18586,8
Q9I6J4,208964,P. aeruginosa,9.896566,7.083525,11
Q9HTK8,208964,P. aeruginosa,8.100138,6.856984,12
Q9HTA0,208964,P. aeruginosa,9.457858,7.744111,8
Q9I237,208964,P. aeruginosa,8.172753,8.426813,1
Q9HWS7,208964,P. aeruginosa,9.648852,8.325834,8
Q9HTN0,208964,P. aeruginosa,8.088236,9.077361,8
Q9HZ64,208964,P. aeruginosa,9.992034,7.1038713,11
Q9I291,208964,P. aeruginosa,9.621884,6.2297244,11
P07874,208964,P. aeruginosa,9.779549,7.222124,11
Q9I491,208964,P. aeruginosa,9.869264,7.463349,11
Q9I516,208964,P. aeruginosa,9.351374,8.234246,8
P72171,208964,P. aeruginosa,9.331824,8.347187,8
Q9HU37,208964,P. aeruginosa,9.890584,7.504729,11
Q9HUG6,208964,P. aeruginosa,7.37834,8.055308,8
Q9HZV6,208964,P. aeruginosa,9.562921,7.7787266,8
Q9HTC0,208964,P. aeruginosa,9.549081,7.4701195,11
Q9I189,208964,P. aeruginosa,8.425469,9.102641,8
Q03025,208964,P. aeruginosa,8.489656,9.036992,11
Q9HTB8,208964,P. aeruginosa,6.8800664,8.415389,11
P11720,208964,P. aeruginosa,9.381814,8.430746,8
Q51434,208964,P. aeruginosa,8.507328,7.911881,8
Q9I703,208964,P. aeruginosa,6.770458,8.226636,2
Q9HUR7,208964,P. aeruginosa,9.427886,9.191727,8
G3XCY5,208964,P. aeruginosa,9.074534,7.1617594,8
G3XD37,208964,P. aeruginosa,8.779616,-3.0297785,16
Q9I133,208964,P. aeruginosa,9.427183,7.903456,8
Q9I183,208964,P. aeruginosa,9.001155,8.577986,8
Q9HV49,208964,P. aeruginosa,9.937024,7.118341,11
G3XCU3,208964,P. aeruginosa,8.82043,7.959655,8
Q51423,208964,P. aeruginosa,9.061615,6.4252987,11
Q9I6Z9,208964,P. aeruginosa,9.498334,8.540043,11
Q9HWS1,208964,P. aeruginosa,8.146309,8.516807,1
Q9HX28,208964,P. aeruginosa,8.351261,8.753549,8
Q9HT77,208964,P. aeruginosa,7.738023,6.691195,14
Q9I0F4,208964,P. aeruginosa,8.644544,8.305744,8
Q52463,208964,P. aeruginosa,7.818929,7.276549,8
G3XD48,208964,P. aeruginosa,8.946994,7.971203,8
Q9I548,208964,P. aeruginosa,7.5602202,8.244512,12
Q9HTE8,208964,P. aeruginosa,9.306073,7.3140373,11
Q9I1N6,208964,P. aeruginosa,9.665815,7.6017613,11
Q9I2J4,208964,P. aeruginosa,8.118937,9.407655,11
Q51567,208964,P. aeruginosa,9.666342,5.991868,11
Q9I700,208964,P. aeruginosa,9.978424,6.670058,11
Q9I6J5,208964,P. aeruginosa,9.755236,7.2881336,11
Q07806,208964,P. aeruginosa,8.239869,8.992134,11
Q9HZJ8,208964,P. aeruginosa,8.846985,8.474385,8
Q9HT24,208964,P. aeruginosa,9.533414,8.019671,8
Q9HY77,208964,P. aeruginosa,9.842749,5.655268,11
P22567,208964,P. aeruginosa,9.703241,7.650675,11
P48632,208964,P. aeruginosa,8.134481,9.396104,11
O85732,208964,P. aeruginosa,9.943338,7.333773,11
G3XD99,208964,P. aeruginosa,8.792321,-2.9710813,16
G3XCV1,208964,P. aeruginosa,9.402185,9.068476,8
Q9I238,208964,P. aeruginosa,8.141019,8.342079,1
Q9HUI8,208964,P. aeruginosa,9.955333,7.324166,11
G3XCV4,208964,P. aeruginosa,9.129294,7.7670646,8
Q9I3H8,208964,P. aeruginosa,10.146406,6.2545,11
P32722,208964,P. aeruginosa,8.092247,9.361285,11
Q9I1N2,208964,P. aeruginosa,8.478671,8.220661,12
Q9I404,208964,P. aeruginosa,6.7600636,8.338112,11
G3XCV0,208964,P. aeruginosa,9.068206,8.058594,8
Q9I222,208964,P. aeruginosa,9.429854,9.199613,8
Q9I5N9,208964,P. aeruginosa,9.553972,7.537942,11
Q06579,208964,P. aeruginosa,8.729427,-2.864899,16
Q9HXM5,208964,P. aeruginosa,9.466604,6.2499657,17
Q9HUG2,208964,P. aeruginosa,8.865471,7.9070315,8
Q9I5F3,208964,P. aeruginosa,9.612464,7.360425,8
G3XD35,208964,P. aeruginosa,9.945336,7.620232,11
Q9I5W4,208964,P. aeruginosa,8.199686,8.625581,1
P57668,208964,P. aeruginosa,9.663753,5.6758003,11
Q9HZ59,208964,P. aeruginosa,9.998291,7.435355,11
Q9I5F9,208964,P. aeruginosa,9.333359,6.6772923,11
Q9HZ04,208964,P. aeruginosa,8.259745,8.970931,11
Q9HTK9,208964,P. aeruginosa,9.922455,7.5380354,11
G3XD10,208964,P. aeruginosa,9.4269905,7.8181953,8
Q9I1N4,208964,P. aeruginosa,8.459235,8.51258,8
Q9HW93,208964,P. aeruginosa,9.0931425,8.661412,8
P19572,208964,P. aeruginosa,10.002761,7.018078,11
Q9HZ17,208964,P. aeruginosa,9.659316,7.327658,8
Q9HUJ8,208964,P. aeruginosa,8.570991,6.874317,12
P13794,208964,P. aeruginosa,8.098641,9.054428,17
G3XD58,208964,P. aeruginosa,8.719292,7.8117275,8
Q9I2J2,208964,P. aeruginosa,9.43223,9.20064,8
P26995,208964,P. aeruginosa,8.738829,8.324028,12
Q51368,208964,P. aeruginosa,7.7473507,-0.17891258,1
P21628,208964,P. aeruginosa,6.951638,8.263938,11
Q9I596,208964,P. aeruginosa,8.43599,8.333182,8
Q9HT87,208964,P. aeruginosa,8.908979,8.58397,8
P08308,208964,P. aeruginosa,9.431277,6.227462,17
Q9HUM0,208964,P. aeruginosa,5.1040797,2.9690194,2
Q9I184,208964,P. aeruginosa,7.9102154,6.752696,14
P06200,208964,P. aeruginosa,8.481931,6.8893523,12
Q9I082,208964,P. aeruginosa,7.646746,0.23576356,14
Q9I476,208964,P. aeruginosa,9.619589,7.451936,8
Q9I1Y6,208964,P. aeruginosa,8.648413,8.87148,8
P11221,208964,P. aeruginosa,8.164981,8.246076,1
Q9I4L5,208964,P. aeruginosa,9.003517,8.630383,8
Q9HTQ0,208964,P. aeruginosa,9.5182295,7.4158187,11
Q9HYU4,208964,P. aeruginosa,9.900814,6.1923256,11
Q9HT33,208964,P. aeruginosa,10.010955,7.2971387,11
Q9I701,208964,P. aeruginosa,9.194108,7.641491,8
Q9HU16,208964,P. aeruginosa,6.839092,8.374134,2
Q9HVC0,208964,P. aeruginosa,8.1149645,9.394826,11
Q9I2T7,208964,P. aeruginosa,9.653674,7.7304006,11
Q9HZ23,208964,P. aeruginosa,9.010725,8.53921,8
Q9HT12,208964,P. aeruginosa,9.50096,7.9396977,8
Q9I3L9,208964,P. aeruginosa,8.240483,9.036977,11
P52477,208964,P. aeruginosa,8.422693,9.077697,2
Q9I0F2,208964,P. aeruginosa,8.566272,8.781146,8
P54291,208964,P. aeruginosa,9.216479,8.174104,8
Q9HUZ9,208964,P. aeruginosa,6.9031363,7.4601994,11
P14165,208964,P. aeruginosa,8.412315,6.084092,12
P95414,208964,P. aeruginosa,9.560333,7.8014297,8
P20581,208964,P. aeruginosa,8.84883,8.019441,8
Q9HUV6,208964,P. aeruginosa,7.033687,8.199511,11
Q9I3H5,208964,P. aeruginosa,9.752871,7.388192,11
Q9HW50,208964,P. aeruginosa,9.366624,8.255808,8
Q9HTI4,208964,P. aeruginosa,9.483563,8.49428,11
Q9I299,208964,P. aeruginosa,9.586955,7.720532,8
G3XCW2,208964,P. aeruginosa,7.0062776,8.433207,2
Q9HTR6,208964,P. aeruginosa,9.31533,6.2653503,11
Q9I4F9,208964,P. aeruginosa,9.72327,8.147504,8
Q51404,208964,P. aeruginosa,8.952309,6.3950095,8
Q9I265,208964,P. aeruginosa,9.429362,9.189538,8
Q9HX24,208964,P. aeruginosa,8.366854,8.901708,11
Q9HXE0,208964,P. aeruginosa,8.375483,-1.0028584,16
Q9I4F5,208964,P. aeruginosa,6.8880615,8.193152,11
Q9I670,208964,P. aeruginosa,9.433933,8.472506,8
Q9I0H1,208964,P. aeruginosa,8.312013,7.279831,1
Q9I0Q8,208964,P. aeruginosa,9.617304,7.770446,8
Q9I757,208964,P. aeruginosa,9.63806,8.109189,11
Q9HUB3,208964,P. aeruginosa,6.758879,8.289467,2
Q9I485,208964,P. aeruginosa,9.893402,7.499756,8
Q9I4R9,208964,P. aeruginosa,7.8769617,7.7916594,8
Q9HUT5,208964,P. aeruginosa,9.0688925,8.154431,8
P29365,208964,P. aeruginosa,9.974506,6.6113687,11
Q9I538,208964,P. aeruginosa,8.266601,8.69961,8
Q9I0M3,208964,P. aeruginosa,9.189413,7.255593,11
Q9I1Y7,208964,P. aeruginosa,7.924586,8.603434,8
Q9HZH0,208964,P. aeruginosa,8.101099,9.3563175,11
Q9HXH7,208964,P. aeruginosa,8.799057,8.603444,8
Q9HXC7,208964,P. aeruginosa,8.475164,8.789699,8
Q9I6I7,208964,P. aeruginosa,6.7272186,8.357241,2
Q9I018,208964,P. aeruginosa,9.086606,8.477699,8
Q9HZL7,208964,P. aeruginosa,9.627022,7.748444,11
Q9L7T2,208964,P. aeruginosa,9.365937,7.2026234,11
Q9HVQ3,208964,P. aeruginosa,9.619887,6.5320897,11
Q9I4H2,208964,P. aeruginosa,9.586472,7.94177,8
P25061,208964,P. aeruginosa,8.62071,8.663014,8
Q9I168,208964,P. aeruginosa,10.029444,6.9464636,11
Q9I594,208964,P. aeruginosa,8.832634,8.550807,8
Q9I115,208964,P. aeruginosa,8.817133,8.75011,8
Q9HTF3,208964,P. aeruginosa,9.366391,6.970446,11
Q9I3B2,208964,P. aeruginosa,9.996595,6.5915194,2
Q9HZ60,208964,P. aeruginosa,9.303236,8.482887,8
G3XD98,208964,P. aeruginosa,9.085121,8.566385,8
Q9I188,208964,P. aeruginosa,7.8234367,7.511685,14
Q9S508,208964,P. aeruginosa,8.083653,6.7385345,12
Q9I5D1,208964,P. aeruginosa,9.417185,7.40331,8
Q9I547,208964,P. aeruginosa,8.587182,8.150755,14
Q9HUA1,208964,P. aeruginosa,8.285608,8.978773,11
Q9I2T3,208964,P. aeruginosa,8.335795,8.827138,8
G3XCV7,208964,P. aeruginosa,8.275835,8.975249,2
Q9HUZ8,208964,P. aeruginosa,8.8895645,6.6456776,11
Q9HZP8,208964,P. aeruginosa,8.525001,6.5105963,12
P95415,208964,P. aeruginosa,9.541662,7.880905,8
Q9I3I1,208964,P. aeruginosa,9.006562,7.3053617,11
Q9I489,208964,P. aeruginosa,9.587056,7.2656474,8
P95413,208964,P. aeruginosa,9.554323,7.798704,8
Q9HZD1,208964,P. aeruginosa,9.725757,8.154556,11
Q9HW23,208964,P. aeruginosa,8.821978,7.87072,8
Q9I5U2,208964,P. aeruginosa,8.129917,9.355067,8
Q9HU99,208964,P. aeruginosa,9.859293,7.603029,11
Q9I509,208964,P. aeruginosa,9.74734,7.018021,11
Q9HTZ9,208964,P. aeruginosa,9.688,7.129301,11
Q9I114,208964,P. aeruginosa,9.430591,9.189731,8
P21175,208964,P. aeruginosa,8.251229,9.015986,11
Q9HV27,208964,P. aeruginosa,9.548502,8.242786,8
Q9I2F6,208964,P. aeruginosa,6.885393,8.322256,11
Q9HWA4,208964,P. aeruginosa,9.073799,8.509557,8
Q9HUF2,208964,P. aeruginosa,9.320259,8.463673,8
Q9HZE7,208964,P. aeruginosa,8.780156,8.532708,8
Q9HWW1,208964,P. aeruginosa,8.060377,9.183593,17
Q9HZE4,208964,P. aeruginosa,8.359244,8.74969,8
Q9I4R7,208964,P. aeruginosa,7.412403,8.280768,8
Q9I514,208964,P. aeruginosa,9.902531,7.423713,11
Q9I520,208964,P. aeruginosa,8.423872,8.63696,8
Q9I2A9,208964,P. aeruginosa,9.377155,6.3482127,17
Q9HX07,208964,P. aeruginosa,9.957951,7.3254814,11
Q9I3G2,208964,P. aeruginosa,8.247359,8.336905,17
Q9I0Z1,208964,P. aeruginosa,9.442763,7.29706,8
Q9HUF8,208964,P. aeruginosa,8.924672,8.120937,8
Q9HZ34,208964,P. aeruginosa,8.902031,8.629946,8
Q9HV34,208964,P. aeruginosa,9.178301,7.680998,8
Q9HV48,208964,P. aeruginosa,8.699258,6.91909,17
Q9HV35,208964,P. aeruginosa,8.825279,7.664201,8
Q51373,208964,P. aeruginosa,9.635961,8.283129,11
Q9I747,208964,P. aeruginosa,9.800242,4.166554,11
O50174,208964,P. aeruginosa,10.017119,7.268973,11
Q9HVF7,208964,P. aeruginosa,9.415317,7.8490906,8
Q05097,208964,P. aeruginosa,8.6318,2.4974704,14
Q9I262,208964,P. aeruginosa,9.571195,7.336167,8
Q9HTG8,208964,P. aeruginosa,9.6282,6.4621725,11
Q9HXT9,208964,P. aeruginosa,9.523591,8.355572,8
Q9HTP6,208964,P. aeruginosa,9.611412,8.265509,11
Q9I1Y9,208964,P. aeruginosa,8.374302,7.133366,8
Q9I524,208964,P. aeruginosa,9.729411,7.937391,11
Q9I3K2,208964,P. aeruginosa,8.040676,6.9588614,12
Q9I689,208964,P. aeruginosa,8.637377,7.0467653,1
Q51566,208964,P. aeruginosa,9.537531,7.951702,8
Q9HZ91,208964,P. aeruginosa,8.881565,8.012064,8
Q9HVR8,208964,P. aeruginosa,6.7938113,8.413887,11
Q9HU91,208964,P. aeruginosa,9.992788,7.160083,11
Q9I234,208964,P. aeruginosa,9.546473,7.5601687,8
Q9HZY8,208964,P. aeruginosa,8.455753,8.8071165,11
Q9I6Y1,208964,P. aeruginosa,8.138735,9.413837,11
P47205,208964,P. aeruginosa,9.291919,6.4106574,17
P09786,208964,P. aeruginosa,9.905517,7.2797656,11
Q9HXW3,208964,P. aeruginosa,8.463037,9.078198,11
G3XD89,208964,P. aeruginosa,8.103138,9.416541,11
Q9HZV2,208964,P. aeruginosa,8.126258,8.351781,14
Q9I156,208964,P. aeruginosa,9.5117445,8.045394,8
P80358,208964,P. aeruginosa,9.578665,7.363855,8
P38098,208964,P. aeruginosa,8.726537,7.0051045,8
Q9I323,208964,P. aeruginosa,8.057578,0.08882054,14
Q9HUJ0,208964,P. aeruginosa,9.704256,7.2049704,8
Q9HTI8,208964,P. aeruginosa,9.489161,7.801839,8
Q9HTM7,208964,P. aeruginosa,8.324921,8.612606,8
Q9HUZ7,208964,P. aeruginosa,8.259271,8.750651,8
Q9HTN1,208964,P. aeruginosa,9.095852,8.450459,8
P26993,208964,P. aeruginosa,9.100356,8.495407,3
Q9HXN4,208964,P. aeruginosa,7.111254,8.154045,8
G3XCW6,208964,P. aeruginosa,9.333791,8.465402,11
Q9I646,208964,P. aeruginosa,9.448883,9.205687,8
G3XD77,208964,P. aeruginosa,9.240649,8.521605,8
P26876,208964,P. aeruginosa,8.226796,8.80065,8
Q9I4I2,208964,P. aeruginosa,8.529962,5.550884,11
Q9HW91,208964,P. aeruginosa,9.082341,8.661091,8
Q51559,208964,P. aeruginosa,8.807438,7.8624544,8
P15713,208964,P. aeruginosa,8.76437,6.9983735,8
Q51371,208964,P. aeruginosa,8.146209,8.583073,3
O30508,208964,P. aeruginosa,10.0471115,6.5061793,11
Q9HXA4,208964,P. aeruginosa,8.362187,8.799701,11
Q9HU98,208964,P. aeruginosa,9.335763,8.570961,8
G3XDA6,208964,P. aeruginosa,9.18646,8.018096,8
P09785,208964,P. aeruginosa,8.785904,7.9449687,8
Q9HUF5,208964,P. aeruginosa,9.829159,7.5896454,11
P15275,208964,P. aeruginosa,8.863414,8.41263,8
Q9HXJ2,208964,P. aeruginosa,8.455338,8.621855,8
Q9I194,208964,P. aeruginosa,8.342391,8.88362,8
Q9I544,208964,P. aeruginosa,9.03002,8.298949,11
O68822,208964,P. aeruginosa,9.663195,6.6322246,11
Q9I405,208964,P. aeruginosa,9.631733,7.777185,11
Q9I2F0,208964,P. aeruginosa,7.5424542,7.4593387,1
Q9I2N0,208964,P. aeruginosa,9.5770645,8.067792,8
P55222,208964,P. aeruginosa,9.497608,8.427152,2
Q9I2Q7,208964,P. aeruginosa,8.425892,6.0003448,12
Q9I326,208964,P. aeruginosa,8.82941,-3.022121,16
Q9HTG5,208964,P. aeruginosa,8.653727,7.143692,8
Q9I1R7,208964,P. aeruginosa,8.741681,8.523583,8
P26275,208964,P. aeruginosa,9.617737,8.118814,11
Q9HX72,208964,P. aeruginosa,9.695803,7.796892,11
P10932,208964,P. aeruginosa,9.079225,8.314409,8
Q9HVR7,208964,P. aeruginosa,6.8673697,8.365339,11
Q9HTQ3,208964,P. aeruginosa,9.501372,8.175759,11
Q9I6G3,208964,P. aeruginosa,8.177321,9.137958,8
Q9HUL2,208964,P. aeruginosa,8.319172,8.894603,8
Q9HZL6,208964,P. aeruginosa,7.088525,8.500876,2
G3XD84,208964,P. aeruginosa,7.980591,8.601039,3
Q9I2C5,208964,P. aeruginosa,8.195356,8.471661,3
Q9I193,208964,P. aeruginosa,9.467933,9.191115,8
Q9HWG2,208964,P. aeruginosa,9.622698,7.9183335,8
Q01725,208964,P. aeruginosa,8.364388,8.557176,1
Q9HTH9,208964,P. aeruginosa,9.725724,7.7199087,11
G3XD15,208964,P. aeruginosa,8.017381,8.658957,8
Q9HT76,208964,P. aeruginosa,8.50522,6.11418,8
Q9I492,208964,P. aeruginosa,9.84424,7.3277197,11
Q9I4N3,208964,P. aeruginosa,9.519435,8.030568,8
P95434,208964,P. aeruginosa,8.159474,1.0260102,1
Q9HUG8,208964,P. aeruginosa,9.220336,7.74944,11
Q9HTH7,208964,P. aeruginosa,9.555077,6.289286,11
G3XD11,208964,P. aeruginosa,8.050505,9.192962,12
Q00516,208964,P. aeruginosa,8.72367,8.622034,8
Q9I647,208964,P. aeruginosa,8.700077,8.864278,8
Q9I1F6,208964,P. aeruginosa,9.483713,8.506516,8
Q9HZ80,208964,P. aeruginosa,9.430216,7.530586,11
Q9I178,208964,P. aeruginosa,7.459871,7.709334,8
P33883,208964,P. aeruginosa,9.2987585,8.108584,8
Q9I3F2,208964,P. aeruginosa,9.275602,7.539652,8
Q9HY69,208964,P. aeruginosa,8.376273,8.561444,8
Q9I034,208964,P. aeruginosa,9.803567,8.190698,11
G3XD04,208964,P. aeruginosa,9.487586,7.5284796,11
Q9I6J7,208964,P. aeruginosa,8.767993,8.240231,8
P21627,208964,P. aeruginosa,6.7367487,8.371837,2
Q9I296,208964,P. aeruginosa,10.175415,6.2198963,11
Q06553,208964,P. aeruginosa,8.9530115,7.817261,8
Q9HWH9,208964,P. aeruginosa,9.664661,7.551017,8
Q9HVW2,208964,P. aeruginosa,6.8575687,8.342917,11
Q9I321,208964,P. aeruginosa,8.75757,-2.952136,16
Q9HXY3,208964,P. aeruginosa,7.3870516,8.159021,11
G3XCW3,208964,P. aeruginosa,7.1808434,7.5554104,12
P52003,208964,P. aeruginosa,8.908126,8.35374,8
Q9HTM8,208964,P. aeruginosa,9.070274,7.3343315,8
P20586,208964,P. aeruginosa,9.148237,7.4002576,8
Q9I7C1,208964,P. aeruginosa,9.348488,7.6353817,11
Q9HU05,208964,P. aeruginosa,8.665757,8.602358,8
G3XD23,208964,P. aeruginosa,9.061086,7.5269985,8
Q59636,208964,P. aeruginosa,8.978221,6.093129,17
Q9HU94,208964,P. aeruginosa,7.9544725,7.034343,14
Q9I6M5,208964,P. aeruginosa,10.073105,6.3798313,11
Q9I035,208964,P. aeruginosa,8.287877,-1.369847,14
P19072,208964,P. aeruginosa,6.9126344,8.206571,11
Q9HXE4,208964,P. aeruginosa,9.558796,7.737743,8
Q9I739,208964,P. aeruginosa,8.2128315,6.7706695,12
Q9HV74,208964,P. aeruginosa,7.1897554,8.224807,8
Q9HXE9,208964,P. aeruginosa,7.040927,7.8915777,8
Q9I6J9,208964,P. aeruginosa,9.457113,6.818932,11
Q51575,208964,P. aeruginosa,8.349855,8.479879,1
Q9HT62,208964,P. aeruginosa,9.590343,8.010838,8
Q9I403,208964,P. aeruginosa,6.7546763,8.357043,2
Q9HV55,208964,P. aeruginosa,8.601028,6.9529877,8
Q9HYN9,208964,P. aeruginosa,8.564684,7.803499,12
Q9HWH2,208964,P. aeruginosa,8.981121,7.440401,8
Q9I3G0,208964,P. aeruginosa,6.6055975,7.961895,2
G3XCY2,208964,P. aeruginosa,8.523071,8.657321,8
Q9I1J5,208964,P. aeruginosa,8.475033,7.7662926,12
P42512,208964,P. aeruginosa,8.172327,9.424444,11
Q9I3F1,208964,P. aeruginosa,9.790859,7.408715,8
Q9HY80,208964,P. aeruginosa,9.302877,6.9276495,8
Q9HUF7,208964,P. aeruginosa,9.035057,7.892108,8
Q9HVS2,208964,P. aeruginosa,9.544265,8.371053,2
Q9HU67,208964,P. aeruginosa,9.229461,6.471509,11
Q9HYV7,208964,P. aeruginosa,9.973023,6.6253557,11
Q9I325,208964,P. aeruginosa,8.737,8.411942,8
P0DPC1,208964,P. aeruginosa,9.939806,7.5124245,11
Q9HT73,208964,P. aeruginosa,9.503103,7.9386873,8
Q9ZFK4,208964,P. aeruginosa,9.4263115,6.2330785,17
Q9I2C7,208964,P. aeruginosa,9.553727,8.243972,8
Q9I6I6,208964,P. aeruginosa,8.386,8.860822,8
G3XD69,208964,P. aeruginosa,8.580026,8.507209,8
G3XD90,208964,P. aeruginosa,8.392673,8.813047,8
Q9I191,208964,P. aeruginosa,8.46594,9.094342,11
G3XCZ8,208964,P. aeruginosa,8.881412,7.9245763,8
Q03023,208964,P. aeruginosa,8.195602,8.765793,8
Q9I609,208964,P. aeruginosa,8.350292,8.664187,8
Q9HW06,208964,P. aeruginosa,9.658385,7.6870394,8
G3XCT7,208964,P. aeruginosa,7.06025,8.177328,8
Q9I2B1,208964,P. aeruginosa,9.447606,8.570454,8
Q9HTY2,208964,P. aeruginosa,9.230677,7.8908515,11
Q9HWK6,208964,P. aeruginosa,8.14128,8.724533,8
Q9I4R5,208964,P. aeruginosa,7.080573,8.175133,11
Q9I2U1,208964,P. aeruginosa,9.691397,6.4434114,11
G3XCU6,208964,P. aeruginosa,9.537704,8.52714,2
Q9HXS2,208964,P. aeruginosa,8.843963,-2.9809122,16
Q9HV43,208964,P. aeruginosa,9.861835,4.2167063,11
Q51455,208964,P. aeruginosa,9.665839,8.289022,11
Q9I322,208964,P. aeruginosa,8.846564,-3.0429995,16
Q9I3M6,208964,P. aeruginosa,8.973113,6.763388,8
P18275,208964,P. aeruginosa,6.6490307,8.174679,2
Q9HT69,208964,P. aeruginosa,6.756489,8.363095,11
Q9I478,208964,P. aeruginosa,9.901026,7.6343503,11
G3XD61,208964,P. aeruginosa,9.874182,6.8836226,11
Q9I6Y3,208964,P. aeruginosa,9.428643,9.146833,8
Q9HX83,208964,P. aeruginosa,7.044181,8.149399,11
P25060,208964,P. aeruginosa,8.839838,8.577889,8
Q9I5F6,208964,P. aeruginosa,9.8161,7.305239,11
O33407,208964,P. aeruginosa,8.139835,9.074643,8
Q9I3F6,208964,P. aeruginosa,9.085996,8.672427,8
Q9HUS3,208964,P. aeruginosa,8.851564,8.225522,8
P21630,208964,P. aeruginosa,9.649917,7.80575,11
Q9I169,208964,P. aeruginosa,8.212792,7.2071223,8
Q9HXD3,208964,P. aeruginosa,9.708385,8.090947,8
Q9I2U4,208964,P. aeruginosa,8.897554,8.609693,8
G3XDA5,208964,P. aeruginosa,8.095007,9.359028,11
Q9I433,208964,P. aeruginosa,9.787718,7.1262507,11
Q9HZE8,208964,P. aeruginosa,8.686749,8.429706,8
G3XCU9,208964,P. aeruginosa,8.84146,8.233162,8
Q9HYJ7,208964,P. aeruginosa,8.120568,9.390596,8
Q9HWX1,208964,P. aeruginosa,9.314614,7.138917,11
Q9HU77,208964,P. aeruginosa,10.034148,7.342639,11
Q9HYF1,208964,P. aeruginosa,8.428667,6.9281616,8
Q9HVM9,208964,P. aeruginosa,7.9053254,8.5522,14
G3XCX7,208964,P. aeruginosa,8.366854,8.845806,8
Q9HT74,208964,P. aeruginosa,9.4353695,8.433527,11
Q9I477,208964,P. aeruginosa,9.840816,7.597955,11
Q9HU66,208964,P. aeruginosa,9.60657,6.9581685,11
O86062,208964,P. aeruginosa,9.784766,7.781046,8
P50587,208964,P. aeruginosa,9.72384,7.1932416,8
Q9HY46,208964,P. aeruginosa,8.867356,8.215062,8
Q9I061,208964,P. aeruginosa,8.101142,8.324318,14
Q9I5I6,208964,P. aeruginosa,10.029484,6.8064537,11
Q9I4X2,208964,P. aeruginosa,8.514253,7.966919,14
Q00514,208964,P. aeruginosa,9.06655,7.8115716,11
Q9I1Y5,208964,P. aeruginosa,8.2335005,9.3201065,8
Q9HTB1,208964,P. aeruginosa,8.779073,7.7876816,8
P80357,208964,P. aeruginosa,9.3423815,7.552424,8
Q9HTL2,208964,P. aeruginosa,9.350639,8.428794,8
Q9I0K1,208964,P. aeruginosa,7.031137,8.1334505,8
P52002,208964,P. aeruginosa,6.7556005,8.316368,2
P54292,208964,P. aeruginosa,9.265821,8.426997,8
P20576,208964,P. aeruginosa,9.957639,6.9900603,11
Q9I1S1,208964,P. aeruginosa,9.24145,8.408082,11
P55218,208964,P. aeruginosa,10.05049,6.612865,11
Q9HUK1,208964,P. aeruginosa,9.450882,6.9980288,11
P25084,208964,P. aeruginosa,9.264248,8.484779,8
Q06062,208964,P. aeruginosa,8.240447,8.741802,8
Q9HTY9,208964,P. aeruginosa,9.719968,8.171223,8
Q00934,208964,P. aeruginosa,9.467218,7.977493,8
Q9HVQ8,208964,P. aeruginosa,9.598533,8.064399,11
P53652,208964,P. aeruginosa,8.5666485,5.2266474,8
Q9HT84,208964,P. aeruginosa,8.6581335,8.606546,8
P22610,208964,P. aeruginosa,7.0685973,8.112667,11
P15276,208964,P. aeruginosa,7.449956,-0.8003228,1
Q9I165,208964,P. aeruginosa,8.40521,8.824926,8
Q9I4D4,208964,P. aeruginosa,9.799085,6.9865627,11
Q9HYY3,208964,P. aeruginosa,8.323075,8.895419,11
P48636,208964,P. aeruginosa,9.73706,6.982784,11
Q9HZG3,208964,P. aeruginosa,9.638988,8.371629,11
Q9I319,208964,P. aeruginosa,8.443321,8.789376,8
G3XD21,208964,P. aeruginosa,8.459559,9.056385,11
O05927,208964,P. aeruginosa,8.906826,5.584844,8
Q9I190,208964,P. aeruginosa,9.30187,7.8680925,8
Q9HU83,208964,P. aeruginosa,8.281343,6.5628138,12
Q9I6I8,208964,P. aeruginosa,6.7442775,8.367408,2
Q51426,208964,P. aeruginosa,8.796192,7.1825404,8
Q9HV30,208964,P. aeruginosa,9.340689,8.412043,8
Q9HZE0,208964,P. aeruginosa,8.416151,7.0541277,12
Q9HZ57,208964,P. aeruginosa,9.168024,8.564567,8
Q9I1Y4,208964,P. aeruginosa,7.9212003,8.658816,1
Q9I527,208964,P. aeruginosa,8.12256,9.369055,8
P23620,208964,P. aeruginosa,9.735049,8.143454,11
P72138,208964,P. aeruginosa,9.873878,6.7598147,11
P11439,208964,P. aeruginosa,8.865966,-3.0258555,16
Q9I5R6,208964,P. aeruginosa,9.468693,7.3507714,8
Q9HWH1,208964,P. aeruginosa,8.107297,6.926134,3
Q9I6H0,208964,P. aeruginosa,9.66406,7.314123,11
Q9I0N5,208964,P. aeruginosa,8.746157,7.98576,8
Q00518,208964,P. aeruginosa,8.637997,8.651016,8
Q9I572,208964,P. aeruginosa,9.365426,8.011303,8
G3XD55,208964,P. aeruginosa,8.43794,-0.31775522,14
Q9HTH8,208964,P. aeruginosa,9.858988,6.9664516,11
Q04804,208964,P. aeruginosa,8.872699,8.625833,8
Q9I0R4,208964,P. aeruginosa,9.3020935,8.425919,8
Q06749,208964,P. aeruginosa,8.277654,8.636316,8
Q9I181,208964,P. aeruginosa,9.569968,7.978761,8
G3XD45,208964,P. aeruginosa,8.644927,8.623404,8
P24559,208964,P. aeruginosa,9.624053,6.5069647,11
Q9I551,208964,P. aeruginosa,9.0653305,7.847172,11
Q9I5P4,208964,P. aeruginosa,8.939959,8.214401,8
Q9HW35,208964,P. aeruginosa,9.178925,8.573597,8
Q9HTF4,208964,P. aeruginosa,8.369394,6.9454503,8
G3XCY1,208964,P. aeruginosa,9.240607,8.059698,8
Q9I2V7,208964,P. aeruginosa,9.488937,8.322848,8
Q9HU21,208964,P. aeruginosa,9.834413,7.105071,11
Q9I737,208964,P. aeruginosa,8.855709,6.9601526,8
Q9HTH6,208964,P. aeruginosa,8.293286,8.919993,8
Q9HU85,208964,P. aeruginosa,9.488747,7.0568314,11
Q9I2W2,208964,P. aeruginosa,9.834142,7.4553685,11
P13982,208964,P. aeruginosa,9.381538,6.42119,11
Q9HU15,208964,P. aeruginosa,9.00405,6.957536,8
Q9I3B1,208964,P. aeruginosa,9.026064,8.623189,8
G3XDA3,208964,P. aeruginosa,9.05267,8.690898,8
Q9HU50,208964,P. aeruginosa,8.361904,8.867319,8
Q9I7B5,208964,P. aeruginosa,9.401081,7.6606383,8
Q9I298,208964,P. aeruginosa,9.850554,7.166353,11
Q9HT32,208964,P. aeruginosa,8.354995,8.769176,8
O50177,208964,P. aeruginosa,9.503236,7.761682,8
Q9HXE3,208964,P. aeruginosa,9.9013605,7.472218,11
Q9HUB4,208964,P. aeruginosa,8.179246,7.964879,1
Q9HUW6,208964,P. aeruginosa,8.9995365,8.717822,8
Q9I3G3,208964,P. aeruginosa,6.584551,7.9415526,2
P95435,208964,P. aeruginosa,8.676518,8.153513,14
Q9I1Y8,208964,P. aeruginosa,8.365259,6.9315767,12
Q9HVJ0,208964,P. aeruginosa,8.841499,8.267109,8
P34750,208964,P. aeruginosa,8.374738,8.954825,11
Q9HWF9,208964,P. aeruginosa,8.800405,7.0461483,8
Q51366,208964,P. aeruginosa,9.927126,6.8442516,11
O82853,208964,P. aeruginosa,9.17519,6.4922647,11
Q9HV93,208964,P. aeruginosa,8.895303,8.279816,8
Q9HZA6,208964,P. aeruginosa,8.21049,7.9221606,1
P54202,227321,E. nidulans,10.219859,5.694198,2
Q8NK02,227321,E. nidulans,6.9834523,4.3226376,1
C8VMY3,227321,E. nidulans,4.7020164,3.7649238,2
P16000,227321,E. nidulans,7.336625,4.2506084,17
G5EB89,227321,E. nidulans,7.948867,2.6055322,11
C8V3A3,227321,E. nidulans,8.923134,1.3587557,7
Q5B7Q8,227321,E. nidulans,10.031488,1.7441056,7
C8VMJ6,227321,E. nidulans,6.8198767,4.274203,17
C8VAX8,227321,E. nidulans,7.8646255,-0.98806524,6
C8VM39,227321,E. nidulans,9.571551,-0.57853395,7
C8V3I9,227321,E. nidulans,9.533738,5.4414215,11
G5EB37,227321,E. nidulans,8.337042,4.192308,12
Q5BB95,227321,E. nidulans,8.285665,4.0376635,17
C8VQL3,227321,E. nidulans,8.866028,0.17247102,14
Q5B2F7,227321,E. nidulans,9.383886,5.360783,17
C8VK94,227321,E. nidulans,8.753893,0.9605093,14
C8V8C3,227321,E. nidulans,9.579755,1.4690722,7
Q5AQA4,227321,E. nidulans,4.4008956,-1.7962065,1
C8VHC8,227321,E. nidulans,8.732427,4.5777807,7
Q5AVU0,227321,E. nidulans,11.532581,5.515617,15
Q5AUW9,227321,E. nidulans,9.208156,4.919566,17
P36011,227321,E. nidulans,8.129585,-0.21555324,1
C8VIP3,227321,E. nidulans,6.9364505,4.173717,12
Q5BEK7,227321,E. nidulans,8.570932,1.1327446,1
Q5B2R8,227321,E. nidulans,9.521008,5.7713842,2
G5EB13,227321,E. nidulans,5.4897423,5.183382,11
Q5B7U3,227321,E. nidulans,5.8106475,4.4456706,17
Q5BFI1,227321,E. nidulans,10.347714,2.3864355,3
Q5B0L2,227321,E. nidulans,7.863563,6.8332973,14
Q5ASR1,227321,E. nidulans,8.674347,0.3317232,1
C8VS47,227321,E. nidulans,8.242099,2.6487117,1
C8VNL0,227321,E. nidulans,8.905177,1.8392926,12
Q5B6G6,227321,E. nidulans,8.505308,3.0041275,12
Q5AUG0,227321,E. nidulans,8.7329235,0.082597435,1
P30584,227321,E. nidulans,6.402533,4.9144263,17
C8VTF2,227321,E. nidulans,8.723597,-1.7999218,16
C8VF00,227321,E. nidulans,10.971889,4.713445,17
C8VPD7,227321,E. nidulans,8.924065,-0.009011744,6
C8VLE0,227321,E. nidulans,7.5682793,-0.0566202,1
Q5ASP0,227321,E. nidulans,8.443829,1.3779008,1
P24634,227321,E. nidulans,-3.4748175,1.614683,17
Q5AXD0,227321,E. nidulans,9.375777,-0.42580795,3
Q5B8R5,227321,E. nidulans,10.604085,2.2816734,17
Q12397,227321,E. nidulans,8.703067,4.2844152,3
Q5B0J1,227321,E. nidulans,6.7186923,4.2503166,11
C8V9R7,227321,E. nidulans,8.783171,4.977601,17
Q5AR31,227321,E. nidulans,8.368963,3.5746517,14
O74689,227321,E. nidulans,8.686521,-0.0052733496,6
Q5BA83,227321,E. nidulans,8.726572,4.3327665,17
Q6SCL4,227321,E. nidulans,8.656895,1.9288763,3
Q5AR21,227321,E. nidulans,6.1432166,4.923733,17
G5EAZ6,227321,E. nidulans,8.872981,5.1232,17
C8VSQ3,227321,E. nidulans,9.231175,6.2293735,17
P56859,227321,E. nidulans,8.770802,5.3002586,7
G5EB66,227321,E. nidulans,10.604089,2.214206,7
Q5BEU9,227321,E. nidulans,9.866806,1.6352392,4
Q5B8G1,227321,E. nidulans,8.448484,4.8580933,12
Q5BDU5,227321,E. nidulans,6.7094016,4.256091,17
Q96VC4,227321,E. nidulans,6.727384,4.203642,17
C8VTU6,227321,E. nidulans,8.490206,-0.69732755,6
Q9Y8C1,227321,E. nidulans,8.3632965,4.327461,17
C8V199,227321,E. nidulans,5.9426165,0.74226326,4
G5EB86,227321,E. nidulans,8.943949,0.69336,14
C8VAK7,227321,E. nidulans,6.8635855,4.2808566,17
C8VU80,227321,E. nidulans,10.066479,1.7607255,4
Q5AW79,227321,E. nidulans,8.228536,4.0350003,12
C8V3W5,227321,E. nidulans,8.217166,3.9265833,3
Q5BEJ7,227321,E. nidulans,9.016633,4.4467936,17
C8VRP6,227321,E. nidulans,8.021207,0.28707343,14
C8VAU1,227321,E. nidulans,9.323014,-0.6330406,6
C8V3K9,227321,E. nidulans,8.586955,-2.4845243,16
C8VA09,227321,E. nidulans,9.564908,-0.57610565,3
Q5AUY1,227321,E. nidulans,8.65096,4.3905,8
Q5B4G0,227321,E. nidulans,8.445199,0.6183133,1
Q5AZ57,227321,E. nidulans,9.615598,5.1036215,17
Q5BE08,227321,E. nidulans,8.215352,6.545859,12
P08158,227321,E. nidulans,9.451451,4.908652,11
C8VRM5,227321,E. nidulans,8.735841,4.3981514,17
P08157,227321,E. nidulans,10.104006,6.182347,11
Q5AZC8,227321,E. nidulans,6.837111,4.163297,3
Q96V54,227321,E. nidulans,8.761911,0.25321984,3
C8VP84,227321,E. nidulans,6.068365,4.7538295,3
C8VF02,227321,E. nidulans,8.442173,2.695139,12
Q5AZV1,227321,E. nidulans,9.120654,3.2673435,11
Q5BAJ9,227321,E. nidulans,7.638791,-0.14301546,1
Q5BBP2,227321,E. nidulans,6.903763,4.2190905,12
C8VJ72,227321,E. nidulans,8.444165,-0.0767048,1
Q5B082,227321,E. nidulans,9.518966,5.566249,11
Q96WY0,227321,E. nidulans,15.121465,2.2362309,3
C8VRV0,227321,E. nidulans,6.22051,4.9753823,11
Q5BCH3,227321,E. nidulans,0.2550978,-2.7717776,12
Q5BFG8,227321,E. nidulans,9.445768,5.268253,17
Q5BFD3,227321,E. nidulans,9.428142,5.2996116,2
C8VJ67,227321,E. nidulans,9.136277,6.146398,11
Q5B460,227321,E. nidulans,8.53136,1.0237385,1
C8VLL6,227321,E. nidulans,11.27731,4.7604847,11
C8V449,227321,E. nidulans,9.510028,5.734555,17
Q5BD61,227321,E. nidulans,8.438766,2.6419215,17
Q5BC09,227321,E. nidulans,7.702436,3.5153365,17
C8V3Q2,227321,E. nidulans,9.5511465,5.1315064,11
Q5B4X8,227321,E. nidulans,7.9371996,3.120036,2
C8VJ09,227321,E. nidulans,8.7300825,5.112806,12
Q9TEM3,227321,E. nidulans,8.305515,5.8470573,12
C8V264,227321,E. nidulans,9.101379,5.385449,11
Q5BAP3,227321,E. nidulans,6.8733196,4.2422967,17
Q5BF02,227321,E. nidulans,6.777557,4.178748,17
Q5B153,227321,E. nidulans,6.722276,4.26028,17
Q5BAJ5,227321,E. nidulans,8.867464,5.2471395,17
Q5B9T8,227321,E. nidulans,8.515184,-1.0034314,16
Q5B5U3,227321,E. nidulans,7.8499265,5.867688,12
Q5BB47,227321,E. nidulans,8.075746,2.74697,1
P20945,227321,E. nidulans,9.12961,-0.6695562,6
Q5BEW6,227321,E. nidulans,9.010996,1.2424401,4
Q5B1Q9,227321,E. nidulans,8.148032,2.182373,1
Q5AYQ2,227321,E. nidulans,8.224605,-0.21169315,1
Q9P931,227321,E. nidulans,9.578192,5.477696,11
P22152,227321,E. nidulans,5.211129,5.670189,11
Q96UL8,227321,E. nidulans,8.071538,6.777731,14
Q5AS68,227321,E. nidulans,7.089431,2.199604,7
P49413,227321,E. nidulans,9.529988,-0.522461,3
Q5AU15,227321,E. nidulans,8.410402,4.3473105,12
C8VMZ9,227321,E. nidulans,8.432049,-0.1989077,14
Q5BGS7,227321,E. nidulans,8.278792,0.36369175,14
Q5B358,227321,E. nidulans,8.73204,3.9136872,17
Q5AZ42,227321,E. nidulans,6.6925473,4.1983857,17
P16928,227321,E. nidulans,9.065538,6.588663,11
Q5AUW6,227321,E. nidulans,10.158791,5.518316,11
C8V1Z0,227321,E. nidulans,8.945323,4.4688864,11
P20445,227321,E. nidulans,9.345709,6.045634,17
Q5AW25,227321,E. nidulans,8.596827,5.7180195,17
Q5B9S0,227321,E. nidulans,8.33074,-1.7932322,14
Q5B9K7,227321,E. nidulans,8.755918,0.9249254,14
C8V8F5,227321,E. nidulans,8.239554,3.4297457,12
Q5B399,227321,E. nidulans,8.683346,0.1449158,1
C8VUF6,227321,E. nidulans,8.7794695,5.2972775,11
Q5B0C8,227321,E. nidulans,8.74619,4.357823,3
Q5B7U0,227321,E. nidulans,6.6455674,4.391728,17
Q5AZ98,227321,E. nidulans,7.157362,3.8852253,14
G5EAY6,227321,E. nidulans,8.453798,5.090249,12
C8VE82,227321,E. nidulans,9.104796,4.411772,12
G5EAW6,227321,E. nidulans,8.706002,-0.1694388,1
C8VS78,227321,E. nidulans,9.565515,-0.56297666,3
Q5AX11,227321,E. nidulans,9.513313,5.2461176,11
C8V9N8,227321,E. nidulans,8.955944,2.2430782,14
Q5BC91,227321,E. nidulans,5.9730415,4.674954,12
Q00664,227321,E. nidulans,7.783281,2.4845672,11
G5EB41,227321,E. nidulans,8.718649,0.5798642,3
Q5BBD0,227321,E. nidulans,9.19671,4.707743,17
Q5B0P7,227321,E. nidulans,8.873334,4.9714985,12
Q5BE39,227321,E. nidulans,9.0928545,3.137542,17
C8V020,227321,E. nidulans,8.882495,1.8041097,14
G5EAX4,227321,E. nidulans,8.726706,-0.017332962,1
Q00706,227321,E. nidulans,8.493251,4.154315,12
Q5B8B9,227321,E. nidulans,7.0500836,4.2906275,12
Q5BAI0,227321,E. nidulans,8.66707,4.542725,17
C8V3Z5,227321,E. nidulans,15.242941,2.270527,11
Q5BE28,227321,E. nidulans,9.155907,4.725017,17
C8V1M3,227321,E. nidulans,8.568971,3.400165,17
Q5AVY9,227321,E. nidulans,6.8474083,4.34695,17
C8V7S3,227321,E. nidulans,6.014797,4.487258,12
Q5B424,227321,E. nidulans,7.9256063,0.32040104,14
Q5BE62,227321,E. nidulans,5.7374,3.730069,3
Q5BBW5,227321,E. nidulans,9.569862,6.309823,11
Q5B7Z3,227321,E. nidulans,6.684399,4.3486347,11
Q01981,227321,E. nidulans,7.489579,-1.9624753,6
Q5BBH9,227321,E. nidulans,8.731858,0.01317663,6
Q5B0P4,227321,E. nidulans,8.5617075,5.3688765,12
C8VGD6,227321,E. nidulans,15.142417,2.2111871,17
C8V0D4,227321,E. nidulans,11.319473,4.7667027,11
G5EB54,227321,E. nidulans,7.544485,5.79414,12
G5EB00,227321,E. nidulans,5.3634505,5.0704393,11
Q5BCK1,227321,E. nidulans,9.589402,-0.5519514,7
P60204,227321,E. nidulans,5.74743,-5.4809346,11
Q00791,227321,E. nidulans,10.096576,5.7904453,11
G5EB19,227321,E. nidulans,8.6290045,4.8368406,17
O59921,227321,E. nidulans,9.269045,4.9354234,11
Q5AS60,227321,E. nidulans,7.5876956,5.9471188,14
Q5B926,227321,E. nidulans,7.138394,4.317383,1
Q5ASU0,227321,E. nidulans,8.251164,1.1293797,1
C8V5T7,227321,E. nidulans,8.326252,6.324433,17
P17489,227321,E. nidulans,6.80713,4.197218,17
Q00208,227321,E. nidulans,6.7093134,4.2729063,11
Q5AWS8,227321,E. nidulans,8.617504,0.1419761,1
Q5AX28,227321,E. nidulans,6.792342,4.257831,17
Q5B8L8,227321,E. nidulans,8.278641,5.346926,2
Q5B0Q1,227321,E. nidulans,7.34317,3.936933,17
C8VIL4,227321,E. nidulans,8.474562,4.419387,17
Q5BGE3,227321,E. nidulans,7.61428,1.5255246,8
A0A1U8QH20,227321,E. nidulans,8.772781,4.361954,12
A7XRY3,227321,E. nidulans,8.486845,3.9947395,12
Q5B8L7,227321,E. nidulans,5.578376,6.242076,2
Q5BH99,227321,E. nidulans,7.733961,2.5070117,11
Q00707,227321,E. nidulans,11.237135,4.7594337,11
Q5BFC4,227321,E. nidulans,6.8134394,4.2839584,17
Q5BAA2,227321,E. nidulans,6.72634,4.2644234,11
C8VLZ3,227321,E. nidulans,6.7775846,4.273666,17
P11977,227321,E. nidulans,9.704594,5.6308045,11
Q5AW46,227321,E. nidulans,8.5035515,4.3387294,12
Q5BD89,227321,E. nidulans,8.417227,2.719295,17
Q5BET8,227321,E. nidulans,10.266168,5.7257257,11
Q96WX8,227321,E. nidulans,9.335632,5.3325095,11
Q5AS82,227321,E. nidulans,5.5943327,6.2394075,2
P33282,227321,E. nidulans,8.904024,5.1843543,17
Q5ARF0,227321,E. nidulans,7.230982,3.819872,12
G5EB71,227321,E. nidulans,8.769388,0.8808134,14
Q5BA93,227321,E. nidulans,6.6923723,4.2794876,17
Q5B1Q1,227321,E. nidulans,10.407154,2.0137758,3
C8VRQ4,227321,E. nidulans,8.88982,6.2435246,17
C8V2E0,227321,E. nidulans,5.110142,5.6354346,11
Q5AST3,227321,E. nidulans,5.4879518,4.897609,11
Q5B4P6,227321,E. nidulans,8.632723,-0.82683104,16
Q5BEJ2,227321,E. nidulans,8.684579,1.0492151,14
Q5ASI9,227321,E. nidulans,7.3424206,-2.0661047,6
Q5B8B7,227321,E. nidulans,8.193465,-1.0929253,6
Q5BEH1,227321,E. nidulans,8.001497,4.134358,3
Q5B7B5,227321,E. nidulans,8.783879,5.0316076,12
C8VPQ8,227321,E. nidulans,7.4070234,4.2746263,12
Q5B6T5,227321,E. nidulans,8.640667,0.46211624,1
Q5AWN2,227321,E. nidulans,8.700544,4.377888,7
C8VB15,227321,E. nidulans,8.630987,1.282741,1
Q5ASJ3,227321,E. nidulans,5.0541334,5.7620416,2
G5EB53,227321,E. nidulans,10.35706,3.9858465,11
Q5BCJ9,227321,E. nidulans,8.391488,4.283014,12
P28348,227321,E. nidulans,9.606243,-0.5835023,4
Q5AXD9,227321,E. nidulans,7.1982226,4.4438577,1
Q5AY46,227321,E. nidulans,8.494406,3.9736176,12
Q5B163,227321,E. nidulans,7.9010835,2.488348,17
Q5AUM3,227321,E. nidulans,6.724829,4.2200775,17
Q5B430,227321,E. nidulans,7.0151067,4.2776527,1
C8VTX5,227321,E. nidulans,6.1186748,4.9805946,11
Q5AYI6,227321,E. nidulans,8.804217,5.3134255,11
P08844,227321,E. nidulans,8.409248,-7.374195,1
G5EB25,227321,E. nidulans,5.838145,4.3474154,17
Q5BE41,227321,E. nidulans,6.454822,4.8799176,3
Q5B038,227321,E. nidulans,7.034203,4.1774035,12
C8VU74,227321,E. nidulans,8.688516,0.9298353,3
C8V793,227321,E. nidulans,8.242312,3.6231873,7
Q5AYU5,227321,E. nidulans,6.896783,4.284273,17
Q5B7R2,227321,E. nidulans,6.9702997,4.3121786,12
Q00770,227321,E. nidulans,8.959147,5.382231,17
P05147,227321,E. nidulans,9.502407,6.2965574,11
G5EB21,227321,E. nidulans,9.548119,-0.5632236,3
G5EAS5,227321,E. nidulans,9.30888,-0.64561653,6
Q5ASG1,227321,E. nidulans,4.385752,-1.7573578,11
Q5ASA2,227321,E. nidulans,8.500022,3.4649444,7
Q5B7I4,227321,E. nidulans,8.742455,4.3558674,17
Q12526,227321,E. nidulans,15.223681,2.2641315,2
P48457,227321,E. nidulans,5.3259563,4.161121,2
C8V9H4,227321,E. nidulans,9.530683,1.5938176,7
Q5BHH6,227321,E. nidulans,6.9514394,3.987222,12
Q5AQM2,227321,E. nidulans,8.368741,4.36596,12
C8VT14,227321,E. nidulans,8.867867,0.64427084,14
A0A1U8QTJ9,227321,E. nidulans,6.131817,5.6966176,17
Q5BH30,227321,E. nidulans,8.758902,4.3222523,17
Q5B4D4,227321,E. nidulans,8.7502165,1.491307,14
Q5AZ10,227321,E. nidulans,6.7108784,4.28344,17
Q5B6W8,227321,E. nidulans,9.676585,5.2719955,11
Q5AZ85,227321,E. nidulans,7.058816,4.237031,12
Q5B0C0,227321,E. nidulans,9.70393,4.356574,17
C8VQG9,227321,E. nidulans,8.765327,4.2243004,17
Q5B671,227321,E. nidulans,7.2028785,4.352606,14
Q00204,227321,E. nidulans,8.5177555,3.743927,3
Q5AZ53,227321,E. nidulans,6.7332897,4.262695,11
Q12609,227321,E. nidulans,11.247306,4.765683,11
Q5AVY3,227321,E. nidulans,8.25668,-0.03230745,14
C8VCU1,227321,E. nidulans,6.911902,4.2026525,17
Q00681,227321,E. nidulans,8.58235,4.17286,12
P10563,227321,E. nidulans,9.592928,-0.6199696,5
C8V9T1,227321,E. nidulans,8.608491,-0.7695035,6
C8VUL7,227321,E. nidulans,7.2391195,3.9792879,14
P17429,227321,E. nidulans,8.442655,-1.2838022,6
C8V8J7,227321,E. nidulans,8.793838,5.1225457,12
Q5BEM5,227321,E. nidulans,8.743542,0.97855365,14
Q5B4G8,227321,E. nidulans,8.584641,-0.23201355,1
C8V4B0,227321,E. nidulans,6.497262,0.9595472,1
Q5AVW7,227321,E. nidulans,9.098132,0.7100179,3
C8VMB1,227321,E. nidulans,8.746981,1.0885408,3
Q5AVS0,227321,E. nidulans,9.523923,-0.53882676,3
P18819,227321,E. nidulans,8.622193,6.006367,12
Q5AY35,227321,E. nidulans,6.892951,4.0958433,12
C8VPT2,227321,E. nidulans,8.720274,4.236181,12
Q5B4F5,227321,E. nidulans,8.064462,-1.0365033,14
C8VQ27,227321,E. nidulans,7.6329436,5.8645906,12
Q5B360,227321,E. nidulans,10.626407,3.813228,17
C8UZY3,227321,E. nidulans,8.6316595,1.2211825,3
Q5AWI5,227321,E. nidulans,6.750982,4.22957,17
Q5BD38,227321,E. nidulans,8.307678,6.7417693,12
Q5BFN9,227321,E. nidulans,8.773258,-2.8953705,16
Q5BCU2,227321,E. nidulans,9.261242,4.5888724,17
Q5B5X4,227321,E. nidulans,8.474977,1.5569688,4
G5EB15,227321,E. nidulans,9.462508,5.9158964,11
Q5BAU9,227321,E. nidulans,6.69519,4.352825,11
Q5ASQ8,227321,E. nidulans,6.3588305,4.800532,12
Q5ATH9,227321,E. nidulans,6.8170347,4.272491,17
Q5B6M6,227321,E. nidulans,7.1371207,4.369916,14
C8V6E2,227321,E. nidulans,6.7476,4.2538095,8
P10069,227321,E. nidulans,7.1612773,-2.1504824,6
Q5AUX2,227321,E. nidulans,6.7942433,4.280489,7
Q5AUN2,227321,E. nidulans,6.8500376,4.211104,17
Q9Y7B3,227321,E. nidulans,8.76362,1.0194987,14
Q5AVJ7,227321,E. nidulans,6.021268,4.519145,17
C8VCR9,227321,E. nidulans,11.978102,5.7594204,2
Q5BFG1,227321,E. nidulans,8.2774935,1.4888731,4
P28346,227321,E. nidulans,7.1105423,4.3040133,1
G5EB18,227321,E. nidulans,5.2152166,5.6108956,11
Q5AW17,227321,E. nidulans,9.507551,-0.40804255,6
Q5AXT7,227321,E. nidulans,8.771024,0.6472142,1
C8VIR1,227321,E. nidulans,7.9401507,-0.18555288,14
Q5AS72,227321,E. nidulans,8.707775,-0.79543453,6
Q5AWX2,227321,E. nidulans,8.311017,4.213187,3
P21228,227321,E. nidulans,9.550208,-0.5752991,3
Q5B836,227321,E. nidulans,7.0663095,3.7984474,12
P28344,227321,E. nidulans,8.151212,6.689274,12
A0A1U8QW91,227321,E. nidulans,8.74187,4.3434014,7
C8VN86,227321,E. nidulans,8.8561,6.5154853,17
Q5B9J0,227321,E. nidulans,6.8803263,4.1550694,12
C8VMQ0,227321,E. nidulans,8.437093,1.0457792,1
P78611,227321,E. nidulans,6.615607,4.534854,14
P22944,227321,E. nidulans,8.854546,5.1882515,17
Q5AU81,227321,E. nidulans,6.841674,4.2641606,17
Q5AQQ0,227321,E. nidulans,6.6000204,4.2371993,17
P78617,227321,E. nidulans,6.8653035,4.254538,17
C8VT24,227321,E. nidulans,8.653187,-0.12043722,14
Q8X1Z7,227321,E. nidulans,5.21809,5.699511,11
C8VIN1,227321,E. nidulans,4.4841228,2.3031082,3
C8VTS4,227321,E. nidulans,8.156845,-0.10363821,1
Q5AVE5,227321,E. nidulans,7.2035537,4.4061756,1
C8VQF1,227321,E. nidulans,10.131255,6.170361,11
C8V1J5,227321,E. nidulans,8.737069,0.1353047,1
P10653,227321,E. nidulans,-3.476861,1.6127789,12
Q5BCC6,227321,E. nidulans,6.8281813,4.3178744,11
Q5AXB0,227321,E. nidulans,8.813864,4.2871017,17
G5EAY4,227321,E. nidulans,2.9462433,5.0954247,2
Q5BEI0,227321,E. nidulans,9.540491,5.697371,17
Q5B2K4,227321,E. nidulans,5.9936895,4.5839577,12
Q5B041,227321,E. nidulans,8.503425,5.4538207,17
C8V523,227321,E. nidulans,9.417508,5.9639344,11
Q5BG90,227321,E. nidulans,8.60826,0.3812491,14
P38093,227321,E. nidulans,7.887016,1.2270126,1
P04828,227321,E. nidulans,9.636238,5.61468,11
G5EB20,227321,E. nidulans,7.749169,-1.8275102,6
Q5AQN1,227321,E. nidulans,8.736848,0.5327973,14
Q5B5Z6,227321,E. nidulans,8.113428,0.017230347,6
Q5B698,227321,E. nidulans,0.2726191,-2.7568965,12
C8VBC1,227321,E. nidulans,8.52099,1.0240599,1
Q5BH32,227321,E. nidulans,9.530148,-0.5664062,0
Q5AU60,227321,E. nidulans,8.665309,0.74753785,14
Q00177,227321,E. nidulans,6.6716957,4.2376747,17
O43123,227321,E. nidulans,10.170184,4.706037,11
C8V321,227321,E. nidulans,10.323049,4.6113105,12
Q5B2L3,227321,E. nidulans,8.66328,0.81408143,14
Q5B7X2,227321,E. nidulans,6.745525,4.303191,17
P55305,227321,E. nidulans,7.8687077,6.8454843,14
Q5BF86,227321,E. nidulans,8.594562,0.40899816,1
A7XRZ1,227321,E. nidulans,8.798362,4.2616134,17
Q5BGB2,227321,E. nidulans,5.191959,5.456694,2
Q5B018,227321,E. nidulans,6.441251,4.854877,17
G5EAW7,227321,E. nidulans,9.361934,4.834839,17
Q5BF66,227321,E. nidulans,8.348269,1.8982984,3
Q5BDV3,227321,E. nidulans,9.069458,5.342285,11
P0CY41,227321,E. nidulans,6.4413633,6.800244,17
C8V2A5,227321,E. nidulans,8.770824,-0.020114953,6
C8VT43,227321,E. nidulans,8.29746,4.374979,12
Q5BGS3,227321,E. nidulans,11.959428,5.780168,11
Q5BGN3,227321,E. nidulans,9.466183,5.3696065,17
G5EB63,227321,E. nidulans,9.563872,-0.57328016,3
Q5AQP2,227321,E. nidulans,6.8504653,4.2266097,17
C8V333,227321,E. nidulans,9.475817,5.0375605,11
C8VAZ1,227321,E. nidulans,9.533314,5.81088,2
Q5B4D5,227321,E. nidulans,7.4875436,-0.08205815,1
C8VUP5,227321,E. nidulans,7.8840666,2.4735477,17
Q5B833,227321,E. nidulans,6.8288302,4.2207546,17
Q1HFS8,227321,E. nidulans,6.7325635,4.2603164,17
Q00646,227321,E. nidulans,11.270384,2.499385,11
Q5BFA4,227321,E. nidulans,7.7277727,5.9301114,12
C8V4D4,227321,E. nidulans,7.9910784,2.7174897,11
C8V494,227321,E. nidulans,8.80748,4.1622124,17
Q00757,227321,E. nidulans,6.5800414,5.112777,2
Q5B7U2,227321,E. nidulans,6.7178497,4.3012204,17
C8V0B5,227321,E. nidulans,8.048742,-0.12849154,1
Q5BET9,227321,E. nidulans,6.766292,4.2461267,17
Q5AW66,227321,E. nidulans,6.5858417,5.089299,17
Q12553,227321,E. nidulans,9.055751,5.338266,17
G5EB06,227321,E. nidulans,8.892252,-0.26755095,6
Q5BG06,227321,E. nidulans,8.835759,4.400979,17
Q5BAP5,227321,E. nidulans,7.1772256,4.41722,1
P78612,227321,E. nidulans,8.972051,0.10153472,1
C8V2B0,227321,E. nidulans,9.050595,4.038045,17
Q5AS22,227321,E. nidulans,6.7906747,4.2643814,17
Q5B5P5,227321,E. nidulans,6.057932,4.9914303,2
Q5BA81,227321,E. nidulans,9.349908,4.897734,11
A7XRY0,227321,E. nidulans,8.769507,4.373865,7
Q92413,227321,E. nidulans,9.79965,5.8568373,2
P50867,227321,E. nidulans,9.515418,5.4828563,11
Q5BGS1,227321,E. nidulans,9.7107935,5.235761,17
Q5BBF1,227321,E. nidulans,7.5920553,2.9632022,12
P50125,227321,E. nidulans,10.004536,6.408558,11
Q5B6H7,227321,E. nidulans,9.281558,4.2587204,17
Q5AVT6,227321,E. nidulans,9.728981,5.3139977,11
Q5B093,227321,E. nidulans,9.167393,6.0015383,11
P30583,227321,E. nidulans,6.5323215,5.0577893,11
C8VDH4,227321,E. nidulans,9.233886,5.084997,11
Q9P896,227321,E. nidulans,8.291471,3.5157056,17
P20654,227321,E. nidulans,-2.0203993,12.003456,11
G5EAU1,227321,E. nidulans,9.686982,6.1359787,11
Q8TFN0,227321,E. nidulans,9.041248,6.076016,17
G5EB23,227321,E. nidulans,8.242795,2.3705616,1
Q8TFN1,227321,E. nidulans,8.88368,4.258445,12
Q5AW19,227321,E. nidulans,6.873105,4.3191104,17
C8V1R3,227321,E. nidulans,8.230689,-0.22909558,1
Q5AWZ9,227321,E. nidulans,6.747303,4.2560062,11
P30303,227321,E. nidulans,8.781253,-0.13186745,1
G5EB36,227321,E. nidulans,9.566864,-0.5228976,3
Q5ASC2,227321,E. nidulans,6.7824697,4.2594237,12
Q5ATW8,227321,E. nidulans,5.35703,4.35012,7
Q5B9A9,227321,E. nidulans,8.22694,-0.26637837,1
Q5AYD5,227321,E. nidulans,8.173078,1.8453887,1
C8VRK6,227321,E. nidulans,9.800312,5.952004,11
Q5AVD7,227321,E. nidulans,6.092933,4.2894964,14
Q5B915,227321,E. nidulans,8.075944,1.9693955,3
C8V3Z7,227321,E. nidulans,10.045839,1.8101974,7
Q5BFP0,227321,E. nidulans,6.214055,4.798789,3
Q460G9,227321,E. nidulans,5.935961,4.6942396,17
Q5AX38,227321,E. nidulans,6.9250927,4.263959,17
P28739,227321,E. nidulans,7.9573493,0.6429153,1
Q5B125,227321,E. nidulans,8.780473,-0.068574086,6
Q5AYN9,227321,E. nidulans,7.891532,2.4715636,17
A7XRY6,227321,E. nidulans,8.609312,4.334583,17
C8VN91,227321,E. nidulans,11.239054,4.751783,11
C8VPR1,227321,E. nidulans,9.416916,-0.44491598,14
C8V916,227321,E. nidulans,9.427384,5.786585,2
Q5BG04,227321,E. nidulans,9.042447,4.510169,17
Q5B5Y9,227321,E. nidulans,8.332717,2.671702,14
Q5B0C9,227321,E. nidulans,9.047664,4.569322,17
Q5BH26,227321,E. nidulans,8.594393,0.37839136,1
C8VJF3,227321,E. nidulans,8.289945,5.627979,12
Q9HEY7,227321,E. nidulans,7.715266,4.518369,17
C8VA57,227321,E. nidulans,9.673743,5.3011575,11
G5EB24,227321,E. nidulans,11.979456,5.7625723,2
Q5B7T4,227321,E. nidulans,8.721032,4.345435,7
P52957,227321,E. nidulans,9.45197,-0.5623533,0
C8V4E8,227321,E. nidulans,9.785132,5.928908,11
C8VIM6,227321,E. nidulans,8.865443,3.4474332,12
G5EAT0,227321,E. nidulans,6.7638564,4.2939763,17
Q9P419,227321,E. nidulans,11.103495,2.4432707,2
Q9P959,227321,E. nidulans,8.0071,3.9513104,3
Q5BBP1,227321,E. nidulans,9.943279,5.170932,11
C8VRM0,227321,E. nidulans,7.84456,2.5378392,17
O94111,227321,E. nidulans,9.048798,3.9679518,17
Q5B587,227321,E. nidulans,8.768426,1.0015557,14
Q5BDW3,227321,E. nidulans,8.655997,0.97254777,1
Q5BF72,227321,E. nidulans,8.212611,2.1646438,3
C8V8S4,227321,E. nidulans,8.910823,1.2202363,14
H9D0N7,227321,E. nidulans,9.658977,2.48056,3
G5EB49,227321,E. nidulans,8.5711355,1.7460955,3
Q9Y8C2,227321,E. nidulans,9.41805,5.3314753,11
Q5ARV3,227321,E. nidulans,6.8142247,4.253999,17
Q9P4R5,227321,E. nidulans,8.190686,1.4001253,3
Q5B365,227321,E. nidulans,8.197421,7.5906467,1
G5EB64,227321,E. nidulans,8.180335,0.18971932,1
Q5B2G3,227321,E. nidulans,6.7173953,4.1995325,8
Q5ARJ4,227321,E. nidulans,8.491413,3.1508303,17
C8VQM0,227321,E. nidulans,10.062741,1.9351884,7
Q5BBG1,227321,E. nidulans,5.5880704,4.610863,17
Q00645,227321,E. nidulans,6.607023,4.342604,17
G5EAZ4,227321,E. nidulans,7.8652735,2.4966013,17
G5EB58,227321,E. nidulans,6.705385,4.255165,17
P17624,227321,E. nidulans,8.937049,3.479234,17
Q5B6I8,227321,E. nidulans,15.229658,2.2635574,11
Q5B184,227321,E. nidulans,7.8304086,0.30454308,1
Q5BBG0,227321,E. nidulans,7.9135394,2.4693875,17
C8V173,227321,E. nidulans,7.608744,4.2861524,12
A0A1U8QIH0,227321,E. nidulans,9.471676,-0.7354186,6
Q5B0F7,227321,E. nidulans,10.157512,1.9137664,7
C8VHB6,227321,E. nidulans,9.951629,1.6987466,7
Q5AZ32,227321,E. nidulans,8.710651,4.3030443,12
Q5B0D1,227321,E. nidulans,8.839189,5.2128663,12
C8V668,227321,E. nidulans,0.23272458,-2.7950706,17
G5EB11,227321,E. nidulans,6.786781,4.250291,17
C8VJ45,227321,E. nidulans,8.972131,5.13007,11
G5EB22,227321,E. nidulans,8.761478,-0.18134925,6
Q9C3Y4,227321,E. nidulans,2.948518,5.089944,2
Q6SIF1,227321,E. nidulans,8.902238,0.1821073,3
Q5AV81,227321,E. nidulans,9.994158,5.334207,11
Q5AYG1,227321,E. nidulans,5.053799,5.759633,2
C8V7G9,227321,E. nidulans,8.395149,-0.5712887,6
Q5AR32,227321,E. nidulans,11.227807,4.740509,17
Q5BEJ5,227321,E. nidulans,6.8790584,4.240432,17
G5EB34,227321,E. nidulans,9.481307,5.679292,11
Q5AVZ7,227321,E. nidulans,7.0319967,4.292135,1
Q5B508,227321,E. nidulans,6.669731,4.3675876,11
Q5BFF9,227321,E. nidulans,8.815207,-2.790155,16
G5EB42,227321,E. nidulans,8.224114,-3.998944,9
Q5BH98,227321,E. nidulans,8.828905,0.6027895,1
C8VEZ6,227321,E. nidulans,8.126574,6.6678257,12
C8V7P4,227321,E. nidulans,8.683399,4.2207155,3
Q5B3B1,227321,E. nidulans,8.451589,0.91672724,14
C8V9K6,227321,E. nidulans,8.743913,-0.0009150845,14
P23754,227321,E. nidulans,8.424087,-7.352956,1
Q5AVN4,227321,E. nidulans,6.689786,4.3512745,11
O42825,237561,C. albicans,2.945317,5.0959044,2
A0A1D8PCG9,237561,C. albicans,8.836844,1.9104217,12
Q59NC4,237561,C. albicans,9.497595,4.9895396,17
Q5AGE4,237561,C. albicans,9.690906,2.5128803,12
Q5ADQ9,237561,C. albicans,9.948901,1.3593153,18
Q5APF5,237561,C. albicans,7.732942,2.9893131,12
Q5A0E5,237561,C. albicans,10.247272,-0.51546896,6
A0A1D8PE67,237561,C. albicans,9.658982,5.558686,17
A0A1D8PN45,237561,C. albicans,8.56385,1.7508798,3
A0A1D8PU46,237561,C. albicans,9.01475,2.4855652,12
O59931,237561,C. albicans,8.71529,-2.9432993,16
A0A1D8PEH5,237561,C. albicans,8.061138,3.8720348,12
A0A1D8PU56,237561,C. albicans,9.538799,5.030691,11
Q5A663,237561,C. albicans,9.470251,3.222336,17
A0A1D8PP00,237561,C. albicans,9.459378,5.2739515,11
A0A1D8PQ26,237561,C. albicans,9.5266695,5.258977,11
Q5A8Z4,237561,C. albicans,8.471208,5.069821,12
A0A1D8PJZ1,237561,C. albicans,10.341872,1.9892529,3
Q5AGV1,237561,C. albicans,9.951152,0.8985572,18
Q5A9D8,237561,C. albicans,8.792298,2.3130822,3
Q59KY8,237561,C. albicans,-2.0202408,12.003394,11
A0A1D8PN80,237561,C. albicans,10.008417,0.44802094,18
Q5AFA2,237561,C. albicans,7.1990366,4.415732,1
Q5AEM8,237561,C. albicans,8.188043,2.4506543,12
Q5A1M5,237561,C. albicans,8.306707,-1.583179,16
P82611,237561,C. albicans,8.880823,5.4339867,17
A0A1D8PDS4,237561,C. albicans,9.43078,0.45347878,14
A0A1D8PLF1,237561,C. albicans,6.2705426,4.527672,12
A0A1D8PPK4,237561,C. albicans,10.506718,0.64455926,18
P31353,237561,C. albicans,9.345474,5.1678877,11
A0A1D8PLN4,237561,C. albicans,9.567692,0.8518207,18
Q59PZ1,237561,C. albicans,0.25316596,-2.7736084,17
A0A1D8PU31,237561,C. albicans,9.045739,0.19061013,18
Q5AH99,237561,C. albicans,8.782677,2.4363787,12
A0A1D8PF54,237561,C. albicans,5.152369,5.7516136,11
Q59UP8,237561,C. albicans,5.499153,5.1687837,17
Q5AIB8,237561,C. albicans,7.4457173,5.403507,12
Q5A4X0,237561,C. albicans,8.802807,0.3102253,18
Q9P8W0,237561,C. albicans,6.8842826,4.2623324,17
Q5ADS0,237561,C. albicans,12.114809,0.19194959,2
A0A1D8PDK6,237561,C. albicans,9.402355,4.12515,17
A0A1D8PFT5,237561,C. albicans,10.938689,2.364834,17
Q5A7N4,237561,C. albicans,9.460728,3.7269723,12
A0A1D8PJR4,237561,C. albicans,9.833311,0.2638136,18
Q5A683,237561,C. albicans,9.670599,-0.28557998,18
A0A1D8PIC7,237561,C. albicans,6.05137,4.867368,17
Q59M56,237561,C. albicans,10.156406,0.09206106,18
A0A1D8PCT7,237561,C. albicans,9.913622,1.369066,14
Q5A651,237561,C. albicans,7.1549907,4.4549646,17
A0A1D8PQ34,237561,C. albicans,6.184207,5.5378475,17
A0A1D8PH98,237561,C. albicans,5.1738176,5.7101398,11
Q59PF0,237561,C. albicans,6.093835,4.8391967,12
A0A1D8PJF2,237561,C. albicans,5.5430765,5.1774883,17
Q5AJY5,237561,C. albicans,6.9065638,4.307197,17
Q5A2J1,237561,C. albicans,9.027899,1.5220133,12
Q59X49,237561,C. albicans,7.3840337,-0.17875263,1
A0A1D8PJ13,237561,C. albicans,9.558602,5.0536585,17
Q5AA11,237561,C. albicans,9.741537,0.64073545,18
A0A1D8PEB4,237561,C. albicans,9.562219,1.1812465,18
Q59VG6,237561,C. albicans,6.1420245,4.8348083,3
Q5AL52,237561,C. albicans,9.173181,0.85213107,14
Q5ALP4,237561,C. albicans,9.745124,1.0585772,18
A0A1D8PJM6,237561,C. albicans,9.304217,1.2361519,18
Q5AL16,237561,C. albicans,10.0603895,-0.45081717,18
A0A1D8PTG2,237561,C. albicans,9.166994,4.9572005,11
A0A1D8PLA9,237561,C. albicans,10.085502,-0.3867027,18
Q5AD05,237561,C. albicans,7.161262,4.355061,1
Q5AH14,237561,C. albicans,8.074383,3.0235147,17
Q5A9B2,237561,C. albicans,6.5768504,5.0934834,3
Q5A672,237561,C. albicans,9.712638,0.30535448,16
Q59P39,237561,C. albicans,10.16626,-0.50746953,6
A0A1D8PL45,237561,C. albicans,7.979675,-1.497224,14
A0A1D8PSM6,237561,C. albicans,9.178952,2.1670094,12
Q5ACZ8,237561,C. albicans,5.669935,5.15859,17
A0A1D8PH08,237561,C. albicans,8.170281,2.5770855,1
A0A1D8PFE4,237561,C. albicans,9.175613,6.1321893,17
A0A1D8PF68,237561,C. albicans,8.200813,6.459537,12
P43075,237561,C. albicans,9.509781,2.7077334,12
A0A1D8PU74,237561,C. albicans,8.440673,1.2373945,12
Q5A1D3,237561,C. albicans,11.120162,2.3813407,11
A0A1D8PGE6,237561,C. albicans,10.207556,-0.35278568,6
A0A1D8PM87,237561,C. albicans,9.288364,0.2311447,14
A0A1D8PJ15,237561,C. albicans,9.348013,2.4207735,12
Q5AD07,237561,C. albicans,7.2097235,4.350127,1
Q5A779,237561,C. albicans,8.766442,6.1806397,17
A0A1D8PUB6,237561,C. albicans,9.34562,4.314279,17
Q5A7R7,237561,C. albicans,7.234027,4.4594235,14
A0A1D8PIP6,237561,C. albicans,10.594211,0.7058864,18
A0A1D8PCR4,237561,C. albicans,5.1176324,5.632333,11
A0A1D8PJD3,237561,C. albicans,9.019959,2.1757965,12
A0A1D8PU10,237561,C. albicans,7.867436,1.8282162,14
Q5AMQ5,237561,C. albicans,9.521053,4.8129354,17
Q5A1E4,237561,C. albicans,8.866197,1.3968751,18
P83780,237561,C. albicans,9.158578,5.977882,17
Q5AHE5,237561,C. albicans,10.064934,1.3038311,18
Q5A860,237561,C. albicans,8.881928,-2.9385254,16
O93827,237561,C. albicans,9.447304,6.221839,11
Q5AF81,237561,C. albicans,9.658034,4.6628942,17
A0A1D8PQH5,237561,C. albicans,8.492915,5.1536536,12
A0A1D8PKC2,237561,C. albicans,10.014848,0.08364194,18
Q5A109,237561,C. albicans,6.5588703,2.1639376,7
A0A1D8PIF7,237561,C. albicans,10.280889,0.6550567,18
Q5AAL9,237561,C. albicans,7.2522764,4.559564,6
A0A1D8PFV0,237561,C. albicans,5.7750764,5.0832925,17
Q07730,237561,C. albicans,8.219189,-1.0490636,14
Q59PT0,237561,C. albicans,8.248055,6.326347,12
A0A1D8PRE0,237561,C. albicans,9.960567,0.24949317,18
Q59M48,237561,C. albicans,9.565373,2.2155254,12
A0A1D8PMH6,237561,C. albicans,9.508286,5.2875857,17
Q5A3L9,237561,C. albicans,9.875049,0.14463748,18
Q5A6P1,237561,C. albicans,9.502688,-0.29046142,18
A0A1D8PCZ5,237561,C. albicans,9.810059,1.690947,18
Q5AAN7,237561,C. albicans,8.136208,2.939608,14
A0A1D8PH05,237561,C. albicans,10.013807,-0.4466146,6
A0A1D8PGN0,237561,C. albicans,9.629291,1.2970421,18
Q5A0N3,237561,C. albicans,8.420641,6.059182,17
A0A1D8PPI5,237561,C. albicans,5.142351,5.618856,17
Q59QH4,237561,C. albicans,9.971203,1.5853258,12
A0A1D8PGB7,237561,C. albicans,7.6336145,-0.086714156,1
A0A1D8PFU3,237561,C. albicans,9.663508,1.0864627,18
Q59Q34,237561,C. albicans,6.4272676,5.091046,17
P34948,237561,C. albicans,9.399465,4.8931766,17
Q5AJC3,237561,C. albicans,9.72485,-0.42372203,16
O94048,237561,C. albicans,9.450755,5.14976,17
Q5AJG7,237561,C. albicans,8.1511545,2.1100998,12
Q9UWF6,237561,C. albicans,6.9614425,4.2395024,12
Q59RL7,237561,C. albicans,9.818168,0.07626115,18
A0A1D8PKC1,237561,C. albicans,9.756317,2.0160663,17
P46589,237561,C. albicans,10.228466,-0.49585333,6
A0A1D8PDV7,237561,C. albicans,9.96046,1.2152969,18
Q5AMR1,237561,C. albicans,8.516144,0.42458904,14
Q5AGZ8,237561,C. albicans,8.976193,4.8121877,17
A0A1D8PI35,237561,C. albicans,5.9376907,2.413855,2
Q59MN0,237561,C. albicans,6.660147,2.194603,2
A0A1D8PIG5,237561,C. albicans,9.153082,2.295,1
A0A1D8PMQ3,237561,C. albicans,9.960417,1.3995489,18
A0A1D8PPK3,237561,C. albicans,9.995186,1.0769914,18
Q59UQ7,237561,C. albicans,5.6356387,5.2945538,17
Q5AGC4,237561,C. albicans,7.2324753,4.4075823,12
A0A1D8PP91,237561,C. albicans,8.497005,-3.409051,9
Q5A0X8,237561,C. albicans,7.262555,4.3145814,14
A0A1D8PQ17,237561,C. albicans,9.686653,2.093968,18
Q5A318,237561,C. albicans,8.99633,4.5455556,17
Q59NH3,237561,C. albicans,11.983541,5.756286,2
A0A1D8PLV0,237561,C. albicans,5.651997,5.5675673,17
Q5A644,237561,C. albicans,8.84237,5.445283,17
P46273,237561,C. albicans,9.774976,5.7570486,11
A0A1D8PJ86,237561,C. albicans,9.410449,0.404116,16
A0A1D8PGH4,237561,C. albicans,9.574982,-0.34796986,16
A0A1D8PDY7,237561,C. albicans,9.794951,-0.13970089,6
Q59XW9,237561,C. albicans,8.592597,2.6552253,12
P31225,237561,C. albicans,9.512537,3.3936775,12
A0A1D8PPH3,237561,C. albicans,9.109936,-0.67954487,16
Q5ALX8,237561,C. albicans,9.557106,5.3972373,17
A0A1D8PGK4,237561,C. albicans,8.541218,0.042803846,18
Q5AEB5,237561,C. albicans,9.612075,1.0790201,18
A0A1D8PME2,237561,C. albicans,9.947341,-0.010567189,18
Q59XU9,237561,C. albicans,9.427412,5.0845485,17
Q5AMT3,237561,C. albicans,9.284552,2.3297668,12
Q5ABC5,237561,C. albicans,9.425307,1.8839716,18
Q5APC5,237561,C. albicans,8.759668,1.6518337,12
A0A1D8PQL1,237561,C. albicans,9.303536,4.4790688,17
A0A1D8PQG3,237561,C. albicans,9.369311,5.1716213,17
Q5A5B0,237561,C. albicans,6.5811133,5.1669545,17
Q5AB69,237561,C. albicans,9.576849,-0.39008972,6
Q9UW20,237561,C. albicans,9.575966,1.3403935,18
A0A1D8PP87,237561,C. albicans,9.160405,0.3237874,18
O42766,237561,C. albicans,7.384993,2.3837585,7
Q59YD2,237561,C. albicans,8.935043,3.2860198,12
A0A1D8PJ29,237561,C. albicans,6.294324,4.799459,12
P0CY34,237561,C. albicans,8.331502,1.8471853,3
Q5A201,237561,C. albicans,10.431139,-0.3056895,6
A0A1D8PH53,237561,C. albicans,10.533565,2.2443542,12
Q5A688,237561,C. albicans,5.9733343,4.8113976,17
Q5AND9,237561,C. albicans,10.726836,3.8316326,11
Q5AL49,237561,C. albicans,9.826294,0.31829154,18
Q59N31,237561,C. albicans,9.637906,1.2520283,18
A0A1D8PFT9,237561,C. albicans,15.225304,2.2631385,17
P28870,237561,C. albicans,9.894463,4.342432,17
A0A1D8PK40,237561,C. albicans,7.5476975,5.8679333,12
Q5AMQ6,237561,C. albicans,9.958511,0.014919289,18
A0A1D8PKC9,237561,C. albicans,9.073849,1.4159231,3
A0A1D8PRF5,237561,C. albicans,9.057264,1.7842307,12
A0A1D8PMZ3,237561,C. albicans,10.173673,1.1673084,18
A0A1D8PRR1,237561,C. albicans,10.184761,0.86739564,18
P46587,237561,C. albicans,9.835241,4.1879206,11
A0A1D8PI19,237561,C. albicans,6.355803,4.895093,12
Q5A850,237561,C. albicans,8.324639,6.9070215,12
Q5AFP3,237561,C. albicans,7.1646767,-1.5829359,6
Q5AF03,237561,C. albicans,9.559857,5.259014,17
A0A1D8PDH1,237561,C. albicans,5.1787333,5.633355,17
A0A1D8PJ72,237561,C. albicans,10.109598,0.0186937,18
Q5AAJ8,237561,C. albicans,8.716179,-3.258348,9
A0A1D8PED2,237561,C. albicans,9.901734,0.33704275,18
A0A1D8PKD7,237561,C. albicans,6.0501127,4.654622,12
A0A1D8PG62,237561,C. albicans,8.936808,0.7895399,18
Q59X88,237561,C. albicans,9.508229,3.8572636,17
Q5AMN3,237561,C. albicans,9.871181,0.42005813,18
A0A1D8PJE0,237561,C. albicans,8.671723,5.3023906,12
Q59X89,237561,C. albicans,15.2334175,2.2672663,17
Q5A4M8,237561,C. albicans,5.991854,4.6015058,12
A0A1D8PCT0,237561,C. albicans,8.938565,0.65913165,14
Q5A4G2,237561,C. albicans,9.967153,0.09978839,18
A0A1D8PDD8,237561,C. albicans,9.417428,-0.6494749,6
A0A1D8PMA5,237561,C. albicans,10.202846,-0.012265995,18
A0A1D8PCT5,237561,C. albicans,9.99451,1.4182415,14
A0A1D8PQ10,237561,C. albicans,9.789616,0.29576555,18
A0A1D8PFV7,237561,C. albicans,8.241342,-0.5530871,1
Q59TA5,237561,C. albicans,6.1294513,4.6431346,12
A0A1D8PS15,237561,C. albicans,8.959089,2.2112558,1
A0A1D8PRR5,237561,C. albicans,8.463023,6.1492043,12
Q5AH07,237561,C. albicans,8.54499,5.854043,12
O74198,237561,C. albicans,9.239782,4.6148663,17
Q5APK5,237561,C. albicans,8.013225,2.4000661,12
Q5ABD0,237561,C. albicans,8.713305,2.5157816,12
A0A1D8PRH1,237561,C. albicans,9.755237,4.3029733,17
Q59M50,237561,C. albicans,9.347702,0.06534164,18
A0A1D8PPQ0,237561,C. albicans,9.429363,3.0723205,12
Q5AAF4,237561,C. albicans,9.314805,0.8151134,14
A0A1D8PQ80,237561,C. albicans,9.984321,0.23527792,18
A0A1D8PSE5,237561,C. albicans,5.1862082,5.704418,17
Q5AND4,237561,C. albicans,8.880418,3.2254245,12
Q9UW13,237561,C. albicans,9.649393,0.074759565,18
A0A1D8PL65,237561,C. albicans,6.2185097,4.564395,14
A0A1D8PJX3,237561,C. albicans,8.44976,3.6510923,12
A0A1D8PQJ5,237561,C. albicans,5.063617,5.7518806,2
Q5A7K3,237561,C. albicans,9.208916,1.0475999,14
A0A1D8PNY6,237561,C. albicans,11.982824,5.758047,2
A0A1D8PSW8,237561,C. albicans,9.97315,2.5819197,17
Q59VM4,237561,C. albicans,10.011742,-0.4142099,6
O43133,237561,C. albicans,8.265971,3.5717368,17
A0A1D8PDR1,237561,C. albicans,10.145616,0.9329627,18
A0A1D8PHJ7,237561,C. albicans,5.6815643,5.2528815,17
A0A1D8PHP8,237561,C. albicans,6.050832,4.629561,17
A0A1D8PSW6,237561,C. albicans,10.077036,6.0340586,11
A0A1D8PCD3,237561,C. albicans,8.076906,2.6810844,12
Q5A687,237561,C. albicans,9.974424,1.5625271,18
A0A1D8PH22,237561,C. albicans,10.002898,0.8700984,18
A0A1D8PHQ6,237561,C. albicans,9.875386,5.058876,17
A0A1D8PN01,237561,C. albicans,9.938486,1.4191482,18
O13289,237561,C. albicans,7.8653445,6.843361,14
A0A1D8PJ02,237561,C. albicans,10.102522,0.09742259,18
Q5AJC0,237561,C. albicans,7.129084,4.3685994,3
A0A1D8PGP2,237561,C. albicans,8.731073,2.3996096,12
Q5A4H5,237561,C. albicans,10.052235,-0.45409355,6
Q5AEL8,237561,C. albicans,9.427777,3.840299,17
Q5AK08,237561,C. albicans,10.056392,0.39634264,18
Q59ZI9,237561,C. albicans,11.193781,2.450125,2
A0A1D8PU36,237561,C. albicans,10.031764,0.057154223,18
A0A1D8PT88,237561,C. albicans,10.708534,0.3984632,18
A0A1D8PU48,237561,C. albicans,9.271328,-0.7157623,16
Q5AHG6,237561,C. albicans,10.162416,1.8102995,3
A0A1D8PKU7,237561,C. albicans,9.207458,1.5883331,14
Q5ACV4,237561,C. albicans,9.260427,1.289413,18
A0A1D8PQG5,237561,C. albicans,9.710788,0.05708209,18
A0A1D8PFF9,237561,C. albicans,13.737336,6.2650766,3
Q5A873,237561,C. albicans,9.858458,1.0349,18
Q59UR3,237561,C. albicans,9.172941,1.0230662,14
Q59SU1,237561,C. albicans,7.168019,4.45227,3
Q5AD13,237561,C. albicans,9.861867,-0.30052269,18
P43094,237561,C. albicans,7.1674185,4.4948072,17
Q5AME8,237561,C. albicans,10.150583,1.1493475,18
A0A1D8PFE0,237561,C. albicans,9.796266,0.61991954,18
Q96VB9,237561,C. albicans,9.698621,4.213538,17
A0A1D8PNI0,237561,C. albicans,4.409967,-1.7670379,12
A0A1D8PUC0,237561,C. albicans,9.370176,0.29443198,18
Q5APU2,237561,C. albicans,10.29109,-0.17153013,18
A0A1D8PH11,237561,C. albicans,9.343213,0.93869567,14
A0A1D8PTU3,237561,C. albicans,8.643333,3.0389636,3
P79023,237561,C. albicans,9.549097,5.458468,11
A0A1D8PMP1,237561,C. albicans,9.174426,4.539416,17
A0A1D8PEV5,237561,C. albicans,9.324927,2.1310225,18
A0A1D8PHL8,237561,C. albicans,8.515004,5.5999007,12
A0A1D8PL78,237561,C. albicans,8.075498,0.39890328,14
A0A1D8PMC4,237561,C. albicans,9.480728,-0.6230665,16
Q5AFB7,237561,C. albicans,8.894687,1.5431222,3
A0A1D8PIK8,237561,C. albicans,9.827314,-0.059546445,16
A0A1D8PLB6,237561,C. albicans,9.844847,0.5694535,18
Q5AH74,237561,C. albicans,6.154951,5.1787934,17
A0A1D8PEG3,237561,C. albicans,10.153387,1.3625141,3
A0A1D8PTW0,237561,C. albicans,8.17927,1.1336633,1
Q59Q40,237561,C. albicans,5.9960785,5.018358,17
Q59KP9,237561,C. albicans,8.479968,-2.0939121,16
Q5AAI8,237561,C. albicans,8.71171,0.75968397,1
A0A1D8PKY1,237561,C. albicans,6.1285753,4.649716,12
Q59YT1,237561,C. albicans,5.205951,5.681078,11
A0A1D8PFV2,237561,C. albicans,5.80812,5.0685725,17
A0A1D8PND0,237561,C. albicans,9.125144,3.3098965,3
A0A1D8PGL8,237561,C. albicans,5.780454,4.2571673,7
Q9HFQ7,237561,C. albicans,8.625597,2.874201,1
A0A1D8PMD1,237561,C. albicans,9.935187,-0.47740397,6
Q59QC7,237561,C. albicans,9.957904,-0.01797337,6
Q5A213,237561,C. albicans,8.862091,2.2450523,7
A0A1D8PK89,237561,C. albicans,5.1187267,5.651544,11
A0A1D8PCM0,237561,C. albicans,10.122699,0.38475537,18
P82610,237561,C. albicans,8.833189,5.1725144,12
A0A1D8PE76,237561,C. albicans,10.065713,0.88068604,18
A0A1D8PEI6,237561,C. albicans,8.741675,5.361731,11
Q59VZ0,237561,C. albicans,5.053246,5.761771,2
A0A1D8PFV1,237561,C. albicans,7.487316,5.7437925,12
Q5A5B4,237561,C. albicans,9.223444,-0.024137903,6
Q5A4H9,237561,C. albicans,10.082684,0.8094841,18
P46592,237561,C. albicans,9.9427595,1.5963647,17
A0A1D8PGP6,237561,C. albicans,9.188224,1.6687187,17
A0A1D8PNL1,237561,C. albicans,10.21799,-0.48256782,6
Q5ADX1,237561,C. albicans,5.5733924,5.1663876,11
A0A1D8PES2,237561,C. albicans,7.7407103,1.9872159,14
Q5AGV0,237561,C. albicans,10.591301,-0.03544296,18
A0A1D8PE35,237561,C. albicans,10.594233,-0.037824642,6
Q5A6P6,237561,C. albicans,5.2003136,5.6911793,11
Q5ADN2,237561,C. albicans,9.564487,3.1146576,17
Q59LZ9,237561,C. albicans,8.264408,1.8124021,1
A0A1D8PCF5,237561,C. albicans,9.94339,-0.21218742,16
A0A1D8PTJ4,237561,C. albicans,9.838543,1.0913757,18
Q9UW24,237561,C. albicans,9.518356,1.4693159,18
A0A1D8PTV3,237561,C. albicans,6.351452,4.847368,17
P42800,237561,C. albicans,8.03443,6.680345,12
Q59S57,237561,C. albicans,10.012594,1.4858079,18
A0A1D8PFF4,237561,C. albicans,9.251758,1.5875593,12
Q59QB8,237561,C. albicans,8.738002,0.6616736,14
Q59PU4,237561,C. albicans,6.234172,3.4684596,3
A0A1D8PJF1,237561,C. albicans,9.388428,1.7854785,12
Q59VP0,237561,C. albicans,9.677442,1.7826822,12
A0A1D8PDB5,237561,C. albicans,5.24633,5.5214686,11
Q59UY6,237561,C. albicans,7.1138387,4.2983055,17
Q59VM7,237561,C. albicans,9.808827,1.3651774,18
A0A1D8PQL0,237561,C. albicans,5.205119,5.716395,11
Q5AK46,237561,C. albicans,9.595585,5.0336123,17
Q5A3P6,237561,C. albicans,9.70445,-0.0035801919,18
A0A1D8PQV0,237561,C. albicans,10.302477,0.007629899,16
Q5AEH7,237561,C. albicans,8.636574,0.89147997,12
A0A1D8PH80,237561,C. albicans,9.121668,0.0861853,18
A0A1D8PKA5,237561,C. albicans,6.0992303,4.8377056,3
A0A1D8PI15,237561,C. albicans,8.002082,6.908475,1
A0A1D8PI76,237561,C. albicans,6.2826266,4.5889792,12
Q5AG51,237561,C. albicans,6.669109,5.123814,17
A0A1D8PS12,237561,C. albicans,9.34569,4.583446,17
P0C075,237561,C. albicans,9.085437,2.7382834,12
A0A1D8PP08,237561,C. albicans,9.35433,4.4511046,17
Q59WB3,237561,C. albicans,5.1204214,5.63931,11
A0A1D8PG44,237561,C. albicans,9.589726,1.243549,14
A0A1D8PCY4,237561,C. albicans,7.2017426,4.37157,12
Q5ACW8,237561,C. albicans,8.962995,1.9675698,12
Q5A6T5,237561,C. albicans,9.9620495,0.2762475,18
A0A1D8PNB5,237561,C. albicans,9.677136,0.6301112,18
A0A1D8PPX8,237561,C. albicans,9.310454,0.96606624,18
Q5ADM4,237561,C. albicans,9.94698,-0.45303866,6
A0A1D8PMS5,237561,C. albicans,8.652512,-1.6718876,16
A0A1D8PCN8,237561,C. albicans,10.235787,0.89846885,18
A0A1D8PPN1,237561,C. albicans,10.305945,-0.21484253,18
Q5A7M3,237561,C. albicans,9.124043,4.4889846,17
Q9UW23,237561,C. albicans,9.250223,-0.23189625,16
Q5A388,237561,C. albicans,9.525154,2.1594617,3
A0A1D8PRQ1,237561,C. albicans,9.276706,5.8567557,17
Q5A2V2,237561,C. albicans,9.765675,0.2681282,14
Q5AG89,237561,C. albicans,9.887771,6.0937896,11
A0A1D8PGF0,237561,C. albicans,7.0738077,4.2789626,12
A0A1D8PCN0,237561,C. albicans,9.52619,5.2621064,11
Q59SU5,237561,C. albicans,8.412634,-7.370853,1
Q59M00,237561,C. albicans,6.0472136,4.8669014,17
A0A1D8PK74,237561,C. albicans,10.231928,0.13103333,18
P0CY35,237561,C. albicans,8.945022,6.226227,17
A0A1D8PQP7,237561,C. albicans,9.080195,2.8408456,17
A0A1D8PP98,237561,C. albicans,8.179596,-4.058691,9
A0A1D8PCM2,237561,C. albicans,9.347109,4.1401787,17
Q9P8E3,237561,C. albicans,6.26825,4.7428107,12
Q59P58,237561,C. albicans,8.560909,-1.8815969,16
A0A1D8PI26,237561,C. albicans,7.8203616,-0.3820045,6
A0A1D8PP94,237561,C. albicans,9.078333,2.2155395,12
Q59VF4,237561,C. albicans,9.261143,2.4778457,12
A0A1D8PSE7,237561,C. albicans,9.929787,5.3111115,17
A0A1D8PKB6,237561,C. albicans,6.901209,4.401613,3
A0A1D8PG37,237561,C. albicans,9.288587,5.191688,11
Q59UQ6,237561,C. albicans,9.67968,0.7558958,18
A0A1D8PT60,237561,C. albicans,8.1037245,2.4412858,17
Q5A9X7,237561,C. albicans,9.959454,1.2312893,18
Q5AAV6,237561,C. albicans,10.015424,0.062014684,18
A0A1D8PGL1,237561,C. albicans,6.3822403,4.3243027,12
Q5ACV9,237561,C. albicans,9.755942,0.6268368,18
O93852,237561,C. albicans,9.24601,3.601009,12
Q5AK66,237561,C. albicans,9.623087,0.9727391,18
P83774,237561,C. albicans,7.806311,2.5051396,11
Q5A741,237561,C. albicans,5.7179694,5.169174,17
Q3MNT0,237561,C. albicans,8.921279,2.6141756,12
Q5A6B6,237561,C. albicans,10.04873,1.7784355,3
Q5AIA2,237561,C. albicans,9.468931,5.2670193,17
Q5AB97,237561,C. albicans,8.352422,3.1761692,12
A0A1D8PS27,237561,C. albicans,5.188672,5.6813316,17
A0A1D8PFN2,237561,C. albicans,10.197421,-0.48804662,6
Q5A8J5,237561,C. albicans,5.072973,5.752605,2
A0A1D8PTL7,237561,C. albicans,6.2536936,4.563492,3
A0A1D8PGN7,237561,C. albicans,8.097283,6.4778814,12
Q5ADQ8,237561,C. albicans,9.843675,1.3861295,18
Q92206,237561,C. albicans,9.105843,4.444527,17
Q5AHH4,237561,C. albicans,8.343376,0.6193545,14
Q5A6M6,237561,C. albicans,8.520812,2.8806863,17
Q04782,237561,C. albicans,9.442749,4.219674,17
Q59WF4,237561,C. albicans,9.945508,1.5745926,12
Q5A762,237561,C. albicans,6.174341,5.5268855,17
Q59VQ3,237561,C. albicans,9.169912,2.0976903,12
Q92410,237561,C. albicans,9.326252,4.7936225,11
A0A1D8PMU9,237561,C. albicans,8.948268,2.1074972,3
A0A1D8PTS0,237561,C. albicans,8.598797,2.8963914,1
A0A1D8PP13,237561,C. albicans,9.108663,0.94026786,3
Q59PA3,237561,C. albicans,8.261391,2.5642838,12
Q5AH24,237561,C. albicans,10.237065,-0.51689136,6
Q5A849,237561,C. albicans,7.255436,4.556904,16
A0A1D8PNM8,237561,C. albicans,9.984359,0.036271516,18
A0A1D8PJA6,237561,C. albicans,9.032861,4.5947328,17
A0A1D8PKH9,237561,C. albicans,5.2640357,5.6682324,17
Q59XM1,237561,C. albicans,9.689718,0.51579976,18
Q5A432,237561,C. albicans,10.090743,-0.47041023,6
A0A1D8PEI4,237561,C. albicans,6.6234913,5.142089,17
A0A1D8PC43,237561,C. albicans,9.008718,5.1908755,17
Q5AHD6,237561,C. albicans,9.875852,1.4825195,14
Q5AKY0,237561,C. albicans,9.946362,-0.4698922,6
P46593,237561,C. albicans,7.2689395,4.5264807,1
A0A1D8PMP0,237561,C. albicans,9.434131,5.1617913,17
Q5A3Z6,237561,C. albicans,6.118065,5.1102786,12
Q5A786,237561,C. albicans,8.981475,4.374644,17
A0A1D8PCC3,237561,C. albicans,9.065512,0.06812165,6
A0A1D8PM53,237561,C. albicans,8.299414,-0.5227364,1
Q5A310,237561,C. albicans,9.158917,1.9947433,3
Q5A1N6,237561,C. albicans,9.863185,0.6403041,18
A0A1D8PQ07,237561,C. albicans,9.423322,4.7658334,17
A0A1D8PQI2,237561,C. albicans,7.2726655,4.5513196,6
Q59XX2,237561,C. albicans,6.8697033,4.322359,17
A0A1D8PHX3,237561,C. albicans,8.902685,1.7848449,12
A0A1D8PSW2,237561,C. albicans,9.619635,4.884634,17
A0A1D8PNH8,237561,C. albicans,10.740154,0.21060327,18
A0A1D8PSE1,237561,C. albicans,5.7902565,-5.4272904,17
Q5ANN8,237561,C. albicans,8.938731,4.6366463,17
A0A1D8PUA1,237561,C. albicans,9.253031,4.4499354,17
A0A1D8PIM6,237561,C. albicans,9.686478,0.14714788,18
A0A1D8PS45,237561,C. albicans,10.144801,5.648424,11
A0A1D8PSD7,237561,C. albicans,9.672856,2.805291,12
Q59YG5,237561,C. albicans,7.7134676,2.864109,17
Q5A2U9,237561,C. albicans,9.465659,2.1661723,12
Q5A4M9,237561,C. albicans,8.246303,-4.013666,9
A0A1D8PIH2,237561,C. albicans,5.218293,5.5975575,17
Q59WT3,237561,C. albicans,6.1152067,4.976517,17
Q5AG77,237561,C. albicans,5.161741,5.617061,11
P83781,237561,C. albicans,8.035006,3.081294,17
A0A1D8PN91,237561,C. albicans,9.54678,-0.10839936,18
Q5AJ65,237561,C. albicans,6.5847173,5.0948076,17
A0A1D8PMH8,237561,C. albicans,8.636794,5.9617143,17
A0A1D8PSQ3,237561,C. albicans,9.620901,3.3218825,17
Q5A5U4,237561,C. albicans,7.1989026,4.318125,1
A0A1D8PS56,237561,C. albicans,9.68417,5.142796,17
P0CY31,237561,C. albicans,15.24771,2.2803397,17
Q5ABB1,237561,C. albicans,9.805492,5.0783916,11
A0A1D8PI78,237561,C. albicans,7.651289,2.8730867,17
Q5AJC1,237561,C. albicans,10.134006,0.93497163,18
A0A1D8PTR4,237561,C. albicans,7.5276084,6.070976,14
A0A1D8PNZ7,237561,C. albicans,9.406434,2.3413515,12
A0A1D8PF53,237561,C. albicans,8.464047,-0.31789058,6
A0A1D8PHW6,237561,C. albicans,10.001442,-0.0081742,18
P0CY29,237561,C. albicans,7.2174573,4.5394115,17
A0A1D8PK25,237561,C. albicans,4.3964634,-1.7761465,12
P53698,237561,C. albicans,8.203702,8.444402,11
Q59VW7,237561,C. albicans,8.643614,1.772546,1
A0A1D8PE85,237561,C. albicans,9.27034,1.0272158,14
P83783,237561,C. albicans,8.539699,5.978045,12
Q5ALL8,237561,C. albicans,8.518804,3.0485544,17
Q5AKX6,237561,C. albicans,10.067153,-0.47098973,6
Q5A1Z4,237561,C. albicans,5.6356735,4.719999,17
Q5ADP3,237561,C. albicans,8.309619,-0.4415721,6
A0A1D8PSM7,237561,C. albicans,8.523233,-0.2933917,16
Q59Z14,237561,C. albicans,8.575178,2.7326114,12
Q59SS4,237561,C. albicans,8.637625,6.5091114,17
Q59ZE0,237561,C. albicans,8.107449,2.5550773,12
Q59QH2,237561,C. albicans,9.516553,5.3695707,17
A0A1D8PSH4,237561,C. albicans,8.520898,0.016662873,18
A0A1D8PHN5,237561,C. albicans,5.9850345,4.9141636,3
A0A1D8PTY4,237561,C. albicans,9.000597,2.4545605,12
Q59U06,237561,C. albicans,10.013561,1.687289,3
A0A1D8PPT5,237561,C. albicans,7.490108,5.640324,11
Q5A8K2,237561,C. albicans,9.446437,4.766012,17
A0A1D8PPA5,237561,C. albicans,8.724756,2.3763435,12
A0A1D8PQ19,237561,C. albicans,10.009702,1.3666914,18
Q5A650,237561,C. albicans,9.687347,-0.42047277,6
Q5A7R0,237561,C. albicans,10.153951,0.30550152,18
Q5A7N6,237561,C. albicans,8.6714525,0.37658545,14
A0A1D8PHX1,237561,C. albicans,6.1260433,4.877027,12
A0A1D8PGA8,237561,C. albicans,9.4819355,4.6136484,17
A0A1D8PG16,237561,C. albicans,8.048592,5.6820364,12
A0A1D8PH51,237561,C. albicans,9.952124,1.5546043,3
A0A1D8PFE8,237561,C. albicans,9.469032,0.76576513,14
A0A1D8PRQ6,237561,C. albicans,9.707224,0.5221615,18
Q5ANB1,237561,C. albicans,10.228404,-0.48964754,6
Q5A5R4,237561,C. albicans,8.985153,0.60062504,18
Q5ALY5,237561,C. albicans,10.083266,-0.25280285,16
A0A1D8PSF9,237561,C. albicans,9.127866,1.3990113,12
A0A1D8PRE4,237561,C. albicans,10.363459,0.7891684,18
Q5AK53,237561,C. albicans,8.944446,4.7057443,17
A0A1D8PHT4,237561,C. albicans,9.208978,1.4098405,14
Q5AP90,237561,C. albicans,9.931169,1.5638629,12
A0A1D8PL01,237561,C. albicans,6.1487265,4.8524523,17
Q59MW1,237561,C. albicans,9.549586,2.1376872,3
Q59MV9,237561,C. albicans,9.462812,5.123404,17
O42654,284812,S. pombe,8.802678,-2.9391572,9
O13705,284812,S. pombe,9.166522,1.1441915,14
Q0E7J8,284812,S. pombe,9.081485,2.0105815,14
O42846,284812,S. pombe,7.533078,5.658262,17
Q9P7G6,284812,S. pombe,9.363441,-0.50726134,16
Q10087,284812,S. pombe,5.1657367,5.6418433,17
Q96WV5,284812,S. pombe,8.887093,2.4287772,12
Q10348,284812,S. pombe,9.372437,3.9701977,12
O42869,284812,S. pombe,9.144336,0.57860124,14
O74493,284812,S. pombe,6.8803196,4.223939,12
O42667,284812,S. pombe,8.589383,-1.0433728,16
P36602,284812,S. pombe,8.447772,6.0863714,17
O94432,284812,S. pombe,7.417035,-0.0060954737,1
Q10164,284812,S. pombe,9.531698,-0.3295201,6
P78926,284812,S. pombe,8.645957,-1.7389317,16
Q9UT19,284812,S. pombe,8.843018,5.195112,12
O13641,284812,S. pombe,9.224986,2.5591624,12
P87236,284812,S. pombe,9.227938,1.0814731,14
P28748,284812,S. pombe,15.118322,2.2058487,17
Q09724,284812,S. pombe,9.166696,2.6017845,12
Q9P7A1,284812,S. pombe,9.023604,3.337948,12
O94531,284812,S. pombe,4.398026,-1.7782258,12
Q9P382,284812,S. pombe,9.35724,1.0808374,14
O14326,284812,S. pombe,7.3710933,1.7143673,3
Q9USS7,284812,S. pombe,8.725247,2.8408153,12
Q09677,284812,S. pombe,9.557051,6.590654,17
P87127,284812,S. pombe,8.634676,1.6387432,14
Q9Y7J3,284812,S. pombe,9.179799,4.3495846,17
O14180,284812,S. pombe,8.002047,5.0185976,12
O74860,284812,S. pombe,9.339474,4.1236706,17
O74904,284812,S. pombe,7.5538716,5.8243747,12
Q10309,284812,S. pombe,6.521243,5.2000523,17
P78759,284812,S. pombe,9.333195,1.2413497,14
P41878,284812,S. pombe,7.566953,2.9567554,3
O14131,284812,S. pombe,8.727133,2.2499704,14
O13947,284812,S. pombe,9.452484,4.311415,17
O14055,284812,S. pombe,9.256448,4.676285,17
Q09684,284812,S. pombe,9.270347,0.60815734,14
Q9US06,284812,S. pombe,8.640448,0.37543222,14
O14290,284812,S. pombe,6.3715262,4.354318,12
Q9UTP4,284812,S. pombe,8.714252,2.9342017,12
O94394,284812,S. pombe,8.193157,2.4048457,3
O14238,284812,S. pombe,6.2338343,4.4929466,12
O74389,284812,S. pombe,9.329495,-0.78228575,16
O14116,284812,S. pombe,8.982646,1.7183017,14
C6Y4C9,284812,S. pombe,9.024311,0.5625387,14
O13652,284812,S. pombe,9.051776,0.5168865,14
P26359,284812,S. pombe,8.936564,3.0451398,17
Q92365,284812,S. pombe,7.615576,5.7303195,12
P14068,284812,S. pombe,7.859703,2.447363,17
Q9HFR0,284812,S. pombe,8.605022,2.764946,17
Q09681,284812,S. pombe,9.881205,1.6107211,12
Q9UTR9,284812,S. pombe,8.152748,2.33897,3
O59731,284812,S. pombe,8.501697,-1.4003588,16
O74899,284812,S. pombe,5.18902,5.69424,17
O14192,284812,S. pombe,9.347871,4.883004,11
O74456,284812,S. pombe,11.341351,2.5395532,11
O94386,284812,S. pombe,9.595527,2.9840236,12
Q8WZJ7,284812,S. pombe,8.325443,6.2068524,12
O60147,284812,S. pombe,8.688171,-3.2191696,9
O42951,284812,S. pombe,8.988724,5.287504,12
Q9HDW0,284812,S. pombe,9.337466,-0.47879952,16
O74419,284812,S. pombe,9.184359,2.9406981,12
G2TRL1,284812,S. pombe,8.675654,-1.4744523,16
P87173,284812,S. pombe,9.013916,2.1054928,3
O14206,284812,S. pombe,8.028925,4.9440928,12
P79083,284812,S. pombe,7.712606,2.5222433,11
Q10480,284812,S. pombe,8.351286,3.898096,17
O74846,284812,S. pombe,9.051694,1.2430103,14
Q9C0W3,284812,S. pombe,9.092001,0.9569475,14
Q9UUH1,284812,S. pombe,6.2301826,4.504304,12
O43088,284812,S. pombe,8.622577,0.5528651,14
Q10181,284812,S. pombe,9.272138,2.901647,12
Q9P7M4,284812,S. pombe,9.490203,-0.35318923,16
Q92374,284812,S. pombe,8.931293,3.3584588,12
O14327,284812,S. pombe,7.0960746,0.16384715,17
O74774,284812,S. pombe,9.05679,3.31097,12
O74906,284812,S. pombe,9.229833,0.8682421,14
O14280,284812,S. pombe,9.593474,5.4969826,11
Q9UT07,284812,S. pombe,9.176337,3.7666965,17
Q9HDZ5,284812,S. pombe,9.238341,3.4759154,12
O60107,284812,S. pombe,9.198806,0.7870068,14
Q9HE02,284812,S. pombe,9.427993,-0.21656115,16
Q1MTR7,284812,S. pombe,9.32523,4.030306,17
Q09778,284812,S. pombe,9.267976,0.6329435,14
Q10140,284812,S. pombe,9.3461275,0.078125365,14
O14218,284812,S. pombe,8.253867,-1.7222242,16
O74806,284812,S. pombe,9.465921,3.4087634,12
Q9P7K3,284812,S. pombe,9.494675,2.2751226,3
O42906,284812,S. pombe,8.6834755,3.3089893,17
Q09707,284812,S. pombe,9.215175,6.099084,17
O94276,284812,S. pombe,8.483133,-0.9328045,16
Q09817,284812,S. pombe,8.203029,4.7736096,12
O94745,284812,S. pombe,9.266371,4.4700503,17
Q09719,284812,S. pombe,9.034974,0.97861683,14
O14289,284812,S. pombe,8.5659895,5.61869,12
Q9UQX0,284812,S. pombe,8.471412,5.0784903,12
O74502,284812,S. pombe,8.758294,3.0709803,17
O74945,284812,S. pombe,9.048387,3.3513083,12
O74317,284812,S. pombe,8.241799,-2.0020857,16
O94363,284812,S. pombe,2.980682,5.0482717,2
O43085,284812,S. pombe,8.991836,0.5146398,14
O14343,284812,S. pombe,8.413733,0.53066605,14
O60178,284812,S. pombe,9.413113,4.187422,17
O94451,284812,S. pombe,9.203685,-0.3667513,6
P78870,284812,S. pombe,10.232385,5.71684,11
O59680,284812,S. pombe,8.892839,4.9734797,17
Q9P7I3,284812,S. pombe,9.520929,-0.18490812,18
O74339,284812,S. pombe,9.389217,2.5761669,12
Q9UT04,284812,S. pombe,8.740669,-1.3781791,6
O74880,284812,S. pombe,8.64677,3.7204962,17
O42874,284812,S. pombe,9.497577,0.2635134,14
O42917,284812,S. pombe,9.308283,2.6586707,12
Q09877,284812,S. pombe,9.304282,1.5506833,3
O94720,284812,S. pombe,9.175887,-1.0174631,6
Q92360,284812,S. pombe,9.353698,-0.32388633,16
Q9P7N9,284812,S. pombe,8.587261,3.100776,12
Q10356,284812,S. pombe,9.564953,5.371538,17
O74977,284812,S. pombe,9.154767,2.1475992,12
P78953,284812,S. pombe,9.357582,-0.5018068,16
Q9P7J0,284812,S. pombe,9.066795,2.4338799,14
Q09871,284812,S. pombe,8.867998,-0.14668392,6
O74316,284812,S. pombe,9.303699,0.80956614,14
Q9P6P8,284812,S. pombe,6.1096597,4.595667,12
Q9P7Z3,284812,S. pombe,9.305475,4.3804975,17
O14171,284812,S. pombe,9.398648,4.6285276,17
Q9UUJ9,284812,S. pombe,8.444587,6.2501473,12
O13688,284812,S. pombe,9.379209,-0.026833773,16
Q9UT97,284812,S. pombe,0.25435475,-2.7724748,17
P40923,284812,S. pombe,10.380382,-2.118417,0
O74983,284812,S. pombe,13.737,6.265133,3
O60128,284812,S. pombe,7.878556,5.8643293,12
O94508,284812,S. pombe,9.480915,0.97677964,14
Q9P4W9,284812,S. pombe,8.8150015,6.216613,11
Q9UT86,284812,S. pombe,8.442919,0.7842883,3
Q09181,284812,S. pombe,10.201232,3.0572212,17
O14318,284812,S. pombe,9.919353,-1.95798,16
P0CU07,284812,S. pombe,8.320483,-3.927288,9
O14200,284812,S. pombe,9.314372,0.24583918,14
O14217,284812,S. pombe,8.674339,2.5437918,12
Q09732,284812,S. pombe,9.2351,1.995374,12
Q10255,284812,S. pombe,6.2229166,4.1894946,14
O42841,284812,S. pombe,9.712399,1.8116393,12
Q9P7R6,284812,S. pombe,8.634018,-3.2345624,9
O14164,284812,S. pombe,8.718712,2.4096549,12
O94330,284812,S. pombe,9.294779,2.7486117,12
Q09142,284812,S. pombe,9.284356,1.1952559,14
Q9P6L8,284812,S. pombe,9.344102,0.5649234,16
P50519,284812,S. pombe,8.167218,-0.8428543,1
Q09737,284812,S. pombe,9.471265,5.3216596,11
Q09885,284812,S. pombe,8.213435,4.3191023,12
O74796,284812,S. pombe,9.274745,0.75929904,14
P47943,284812,S. pombe,10.340356,3.145929,2
Q9UT62,284812,S. pombe,8.236608,-4.0345306,9
P28706,284812,S. pombe,9.116421,0.39573452,14
Q10329,284812,S. pombe,0.2338849,-2.7933764,17
O74312,284812,S. pombe,8.986676,1.3211429,12
Q09705,284812,S. pombe,8.723556,1.0518479,14
O14183,284812,S. pombe,8.306181,-3.9832675,9
O13854,284812,S. pombe,7.246109,4.497774,18
Q09879,284812,S. pombe,9.210377,2.536746,3
P56287,284812,S. pombe,8.809888,3.9961936,17
Q9UUF1,284812,S. pombe,9.391214,5.150467,11
Q9UTN9,284812,S. pombe,8.923377,6.208332,17
Q9P3W1,284812,S. pombe,8.93621,0.8039707,14
Q9P7Y2,284812,S. pombe,8.38292,2.2464414,12
P78812,284812,S. pombe,9.077109,5.637022,17
O14208,284812,S. pombe,9.375954,0.46195558,16
P28758,284812,S. pombe,7.727909,4.548061,17
Q9US10,284812,S. pombe,8.955942,3.498935,12
Q9UTG3,284812,S. pombe,9.2073965,-0.83692044,16
Q9UTQ5,284812,S. pombe,8.655996,1.240468,14
Q9UTG2,284812,S. pombe,7.3901224,1.8018982,3
Q9Y7P8,284812,S. pombe,8.181546,-4.073477,9
O14175,284812,S. pombe,9.052428,0.51391125,16
O94653,284812,S. pombe,8.101542,1.407297,14
Q9UT67,284812,S. pombe,9.935746,1.5593251,3
O13769,284812,S. pombe,9.069858,0.58470863,18
O14268,284812,S. pombe,9.009129,-3.0209148,16
Q9Y807,284812,S. pombe,8.776299,-1.2873893,16
O74440,284812,S. pombe,8.759072,2.968335,12
O74423,284812,S. pombe,7.6715336,-0.099232845,1
Q92350,284812,S. pombe,9.199518,1.9229398,12
O14324,284812,S. pombe,7.896177,3.5331166,12
O74482,284812,S. pombe,8.775864,4.2442937,17
O74941,284812,S. pombe,9.164533,3.1755278,3
O42914,284812,S. pombe,7.8599257,-0.32726985,6
O13724,284812,S. pombe,8.943628,3.2564344,12
O14388,284812,S. pombe,7.6251445,5.632565,11
O13820,284812,S. pombe,11.780208,4.822303,7
O13931,284812,S. pombe,7.7436886,2.1234593,12
O94586,284812,S. pombe,9.690964,5.7006655,11
O74832,284812,S. pombe,9.2043295,1.1454271,14
Q9URY2,284812,S. pombe,8.761493,-0.601213,6
Q9C0Y7,284812,S. pombe,8.805226,-2.6683092,16
Q92344,284812,S. pombe,7.233714,4.550067,14
O59760,284812,S. pombe,9.545495,4.9035916,11
O14328,284812,S. pombe,10.23045,1.9804767,3
Q8TFG0,284812,S. pombe,5.2894225,5.498511,17
O42978,284812,S. pombe,9.171402,3.319156,17
P36594,284812,S. pombe,8.468934,1.3865142,1
Q09860,284812,S. pombe,9.07589,2.5414224,12
O13856,284812,S. pombe,8.514573,2.3888993,12
Q10411,284812,S. pombe,7.958729,-0.35653684,14
Q10212,284812,S. pombe,9.285432,4.5302258,17
Q9P6S3,284812,S. pombe,9.279809,-0.6792716,16
Q10065,284812,S. pombe,6.245985,4.518216,3
Q9Y7Y5,284812,S. pombe,8.872397,-1.4356645,16
Q10209,284812,S. pombe,8.432916,-1.4260643,16
O14187,284812,S. pombe,8.816206,-1.8781363,16
Q10153,284812,S. pombe,5.9978294,4.8212934,17
O13712,284812,S. pombe,9.42263,-0.45860887,16
O14254,284812,S. pombe,8.468112,5.643566,12
O94667,284812,S. pombe,8.48566,0.5450106,14
O94655,284812,S. pombe,15.267897,2.2962804,11
O94710,284812,S. pombe,9.347125,4.0361066,17
Q9P7F5,284812,S. pombe,8.279572,-4.0011435,9
O94270,284812,S. pombe,6.125346,4.496617,17
O59806,284812,S. pombe,9.00744,4.2651877,17
O60188,284812,S. pombe,9.328704,1.1208481,14
Q9UR27,284812,S. pombe,8.445871,-3.4732013,9
O60163,284812,S. pombe,8.67086,4.669037,11
Q09834,284812,S. pombe,11.948866,5.770645,17
O59668,284812,S. pombe,8.839981,2.696886,12
O13602,284812,S. pombe,8.638989,1.0998371,14
P87131,284812,S. pombe,9.330734,5.3334703,17
Q9HDY9,284812,S. pombe,7.239715,4.544863,18
P36587,284812,S. pombe,9.367161,5.0307755,17
Q09804,284812,S. pombe,9.433898,0.6213285,16
Q9UUH7,284812,S. pombe,9.28429,1.6015844,12
O74510,284812,S. pombe,8.49025,-2.4445856,16
Q9UTL4,284812,S. pombe,6.042905,4.838419,12
Q9UUA7,284812,S. pombe,8.777591,-2.9530256,16
Q1MTR5,284812,S. pombe,9.344996,-0.65291905,16
A6X980,284812,S. pombe,9.180122,1.1396523,14
Q9URX3,284812,S. pombe,9.574359,6.2474074,11
O36029,284812,S. pombe,8.151195,-0.89083153,14
Q09794,284812,S. pombe,8.696993,5.5807376,12
O13819,284812,S. pombe,7.23455,2.266375,17
O14100,284812,S. pombe,9.236316,-0.7532808,16
Q09755,284812,S. pombe,9.486195,5.485806,11
P87179,284812,S. pombe,7.2122517,4.503041,18
Q10268,284812,S. pombe,8.623477,-0.75371814,6
O13727,284812,S. pombe,8.771509,-2.950052,16
P87159,284812,S. pombe,9.474568,-0.5339987,16
P87138,284812,S. pombe,9.422396,3.9260445,12
O14053,284812,S. pombe,8.565266,2.6449916,17
P40996,284812,S. pombe,8.203836,0.97568035,3
Q10489,284812,S. pombe,9.445831,5.632832,11
O60109,284812,S. pombe,6.534826,4.229639,17
Q9P7V3,284812,S. pombe,8.943699,2.1379504,12
Q9P6I7,284812,S. pombe,9.287075,5.3450885,11
O13914,284812,S. pombe,9.315597,4.6694884,17
Q92355,284812,S. pombe,9.354965,0.9042545,14
O13731,284812,S. pombe,9.249881,0.8664037,14
O14304,284812,S. pombe,9.2244625,2.6154397,12
Q8TFF9,284812,S. pombe,9.469718,4.7260013,17
O74391,284812,S. pombe,7.581214,5.9083505,12
O94395,284812,S. pombe,8.984788,3.0591722,12
O14015,284812,S. pombe,8.654144,-1.5662826,16
Q9P6I6,284812,S. pombe,9.207186,0.11108061,16
Q9USV1,284812,S. pombe,9.202139,-0.25250375,16
P87228,284812,S. pombe,8.407611,4.957095,2
O14047,284812,S. pombe,10.884397,2.3539686,11
O14341,284812,S. pombe,9.18241,2.3590906,12
G2TRP0,284812,S. pombe,8.465069,-1.1731958,14
O14195,284812,S. pombe,9.571539,2.7978957,12
P32834,284812,S. pombe,7.176459,4.4378586,12
Q9P7W8,284812,S. pombe,9.082788,1.665454,14
O42948,284812,S. pombe,9.431185,0.72435737,14
P05733,284812,S. pombe,8.738287,-3.0058138,16
Q09791,284812,S. pombe,8.476205,-2.0452933,16
O42932,284812,S. pombe,7.741849,-0.49235544,14
O74309,284812,S. pombe,8.921779,2.2985985,12
O94459,284812,S. pombe,8.767591,1.8319646,14
Q10439,284812,S. pombe,9.328577,4.311452,17
O74311,284812,S. pombe,9.2979355,4.7094874,11
P87027,284812,S. pombe,3.905242,3.876672,15
Q9USM7,284812,S. pombe,7.6673603,2.841917,17
P78890,284812,S. pombe,7.9872446,-0.9276184,6
O14010,284812,S. pombe,8.9937315,0.9940719,14
Q09172,284812,S. pombe,7.744579,3.035156,11
P26659,284812,S. pombe,8.506491,3.6768205,11
Q10094,284812,S. pombe,8.764826,5.589917,17
Q10239,284812,S. pombe,8.578563,0.5131758,14
O14258,284812,S. pombe,9.2394905,-0.96685827,6
Q10136,284812,S. pombe,9.430042,-0.73329186,6
O14212,284812,S. pombe,9.144766,1.5263187,14
O13930,284812,S. pombe,9.063036,0.59361994,14
Q9P7L5,284812,S. pombe,9.820326,5.899588,2
O74824,284812,S. pombe,8.543347,3.6647263,11
O13453,284812,S. pombe,9.374097,0.860055,3
O59781,284812,S. pombe,9.119353,3.3783844,12
Q09872,284812,S. pombe,9.494933,-0.27839547,16
Q12702,284812,S. pombe,7.4551587,2.488304,11
P50531,284812,S. pombe,9.31958,0.973832,14
P87128,284812,S. pombe,8.717815,0.3011854,14
P0CT84,284812,S. pombe,7.9881477,5.613473,12
O94716,284812,S. pombe,9.189139,0.5815336,14
O74484,284812,S. pombe,9.429788,6.1562786,11
O74905,284812,S. pombe,8.025218,5.8509884,12
P79082,284812,S. pombe,7.6867924,2.9714315,12
Q9P6K3,284812,S. pombe,8.916545,1.7964847,14
O14220,284812,S. pombe,9.535827,-0.4311993,6
P15398,284812,S. pombe,8.5227375,1.083775,14
Q9UUG3,284812,S. pombe,8.932581,3.1958451,12
Q9P7K9,284812,S. pombe,10.011482,5.843524,11
P34068,284812,S. pombe,8.530022,-1.8862268,16
Q10215,284812,S. pombe,9.513647,4.637003,17
O94365,284812,S. pombe,8.314067,2.644601,17
Q09864,284812,S. pombe,8.497295,5.5018106,17
O74331,284812,S. pombe,9.014553,-1.553224,16
O74442,284812,S. pombe,8.147121,1.3335067,3
Q9Y7J5,284812,S. pombe,9.279426,1.7157334,12
O13748,284812,S. pombe,9.228085,4.4414525,17
P52808,284812,S. pombe,8.340806,6.303419,17
Q9P7W6,284812,S. pombe,8.956883,3.3429797,17
Q9UR09,284812,S. pombe,7.1501856,4.4224033,1
P0CF96,284812,S. pombe,8.536355,4.704477,12
O74939,284812,S. pombe,9.356457,-0.6969844,16
O94242,284812,S. pombe,9.431462,4.4534082,17
Q9USH2,284812,S. pombe,8.692587,0.50358444,14
Q9URY9,284812,S. pombe,9.28822,4.7667856,17
O14143,284812,S. pombe,8.780541,-3.0266929,16
O14337,284812,S. pombe,7.5900316,5.1686854,12
Q9UTT1,284812,S. pombe,9.112522,2.560174,3
Q9HGP8,284812,S. pombe,8.502793,-2.312277,16
P78966,284812,S. pombe,6.2168436,5.546422,12
Q9UTM1,284812,S. pombe,8.51193,-1.2501081,16
O74542,284812,S. pombe,9.4556675,5.0341344,17
P87133,284812,S. pombe,8.793829,-1.5602912,16
O94406,284812,S. pombe,8.799575,1.2437845,14
Q9P7X1,284812,S. pombe,9.551793,5.3536096,11
P87227,284812,S. pombe,9.301445,0.8091532,14
O14066,284812,S. pombe,9.282956,-0.6714115,16
Q09808,284812,S. pombe,8.686275,0.28832984,14
O13909,284812,S. pombe,9.219353,1.2026645,14
Q09686,284812,S. pombe,9.4004965,4.6292753,17
Q9US27,284812,S. pombe,9.475975,2.8258743,12
O14357,284812,S. pombe,9.040342,1.283918,14
Q9US34,284812,S. pombe,9.5716915,5.2111864,17
O14022,284812,S. pombe,6.640398,5.1637483,12
P29458,284812,S. pombe,8.6949,3.3124492,3
O59710,284812,S. pombe,8.7604265,5.0959396,12
O74536,284812,S. pombe,10.339533,2.1557922,3
O13942,284812,S. pombe,8.973264,2.023869,12
Q09746,284812,S. pombe,8.661965,2.009672,12
Q9C106,284812,S. pombe,8.913307,1.9934344,12
Q9UTQ9,284812,S. pombe,9.020571,2.3970246,14
P41838,284812,S. pombe,7.743058,2.519391,11
O14011,284812,S. pombe,8.736481,2.4623222,12
O14057,284812,S. pombe,9.264259,5.06776,17
O74343,284812,S. pombe,9.253943,2.6186771,12
O74761,284812,S. pombe,9.003598,3.1678581,12
Q9US04,284812,S. pombe,8.900579,4.4316435,17
O59782,284812,S. pombe,5.9555054,5.148594,17
O14040,284812,S. pombe,9.0683775,2.6614568,3
Q9Y822,284812,S. pombe,7.4740014,5.4331875,12
Q9Y7Z6,284812,S. pombe,8.766952,0.18064982,14
Q92340,284812,S. pombe,8.850133,-2.5292437,16
P25457,284812,S. pombe,7.5577006,5.669077,12
O94288,284812,S. pombe,9.14937,2.0840201,12
O74952,284812,S. pombe,9.47674,4.095173,12
Q2L4W6,284812,S. pombe,9.727707,-0.33267274,6
O14031,284812,S. pombe,5.7023396,5.151304,17
Q9USU8,284812,S. pombe,9.221878,0.090696104,16
O94503,284812,S. pombe,9.072643,3.266543,12
Q10183,284812,S. pombe,8.663079,0.3703722,14
O14274,284812,S. pombe,8.74974,-3.0590775,16
O94462,284812,S. pombe,9.864275,-0.035025492,18
P48003,284812,S. pombe,8.40706,-7.3773103,3
O60072,284812,S. pombe,9.04431,3.235519,12
O94438,284812,S. pombe,7.545207,5.8686185,14
O13958,284812,S. pombe,10.993209,2.3612912,17
O13706,284812,S. pombe,8.423989,0.62669986,14
Q92346,284812,S. pombe,8.496298,0.4175862,1
P40371,284812,S. pombe,7.8238654,3.0453167,7
O13791,284812,S. pombe,8.161176,-1.8016627,16
O94721,284812,S. pombe,8.583035,1.9345162,12
O74395,284812,S. pombe,5.1944833,5.696852,11
Q9C0U9,284812,S. pombe,5.173068,5.731398,11
Q9USU9,284812,S. pombe,9.219956,-0.43929863,6
Q10435,284812,S. pombe,9.312523,1.0702541,14
Q8TFG7,284812,S. pombe,9.2416115,4.415917,17
Q9UTF8,284812,S. pombe,9.253322,1.173191,14
Q10073,284812,S. pombe,9.1925955,2.0005484,14
P0CT97,284812,S. pombe,6.149836,5.039931,12
O14032,284812,S. pombe,8.563587,1.7665296,12
O14026,284812,S. pombe,8.9356785,0.57795495,18
O13955,284812,S. pombe,9.247282,1.9251338,12
Q09847,284812,S. pombe,8.947056,-0.29767275,14
Q09678,284812,S. pombe,8.276637,-3.967926,9
O94670,284812,S. pombe,8.83204,-1.1697779,16
Q10448,284812,S. pombe,9.144329,1.8083988,14
O74453,284812,S. pombe,8.204371,2.4512026,12
Q9Y810,284812,S. pombe,8.764071,3.504084,12
P50524,284812,S. pombe,8.857013,2.346464,12
O74465,284812,S. pombe,9.232974,2.4116242,3
Q10350,284812,S. pombe,9.6219425,2.9355218,12
Q10103,284812,S. pombe,9.375768,-0.41312724,16
O13825,284812,S. pombe,6.215708,4.568969,12
P36599,284812,S. pombe,9.386538,3.9124193,12
O60079,284812,S. pombe,9.1284485,1.3701894,3
O59836,284812,S. pombe,8.79244,-0.38422582,6
Q9HDW1,284812,S. pombe,9.3343935,1.9857843,12
O60100,284812,S. pombe,7.922201,2.4746068,17
Q9P7G0,284812,S. pombe,9.048449,2.1254897,12
Q9UT02,284812,S. pombe,9.320374,1.3741775,12
Q10415,284812,S. pombe,9.444906,3.0817864,12
Q9URX8,284812,S. pombe,8.981544,1.7724614,12
Q09908,284812,S. pombe,9.271997,-0.5171018,16
P78813,284812,S. pombe,7.543879,-0.086126685,1
O60126,284812,S. pombe,9.053758,4.8243833,17
Q1MTR1,284812,S. pombe,9.286473,3.338604,17
P36597,284812,S. pombe,8.276503,6.7375493,8
P33277,284812,S. pombe,9.078767,1.5810724,14
Q9HDV9,284812,S. pombe,9.401679,4.5961933,17
Q9C0V9,284812,S. pombe,9.281984,-0.11110466,6
P36596,284812,S. pombe,8.239645,3.6736677,3
Q12701,284812,S. pombe,10.235511,1.8918629,3
O14299,284812,S. pombe,9.160178,0.5694312,14
Q8WZK0,284812,S. pombe,8.441405,0.08935175,14
Q9HDX8,284812,S. pombe,9.37425,4.135934,17
Q9P7E7,284812,S. pombe,7.258852,4.5395555,16
A6X982,284812,S. pombe,9.421111,3.5198922,12
O14211,284812,S. pombe,8.674104,1.324001,14
Q9P7W0,284812,S. pombe,8.636993,1.5042747,14
Q9HFE4,284812,S. pombe,9.137259,4.4833255,17
O74337,284812,S. pombe,7.752824,-1.9362892,16
O74359,284812,S. pombe,9.42522,1.0114634,14
O14450,284812,S. pombe,8.522976,2.3918152,1
Q10112,284812,S. pombe,8.537569,-0.5194847,14
P0C016,284812,S. pombe,6.555275,2.1909876,7
Q9UT32,284812,S. pombe,9.090232,2.5148373,12
O59719,284812,S. pombe,9.382133,-0.0757711,14
P56286,284812,S. pombe,9.195083,4.018252,11
P05933,284812,S. pombe,5.721697,-5.504715,11
O74747,284812,S. pombe,8.957763,0.616601,1
O43067,284812,S. pombe,9.397299,-0.6641453,16
P55306,284812,S. pombe,7.8495684,6.850381,14
Q9UTI3,284812,S. pombe,9.095679,4.9221215,2
Q9URZ2,284812,S. pombe,8.290896,0.7800805,14
Q9URX0,284812,S. pombe,10.112892,5.4799175,17
Q9USH7,284812,S. pombe,4.379627,-1.7751604,17
P36626,284812,S. pombe,9.05205,0.58117193,14
Q9C102,284812,S. pombe,8.260291,6.70696,12
O59727,284812,S. pombe,8.773603,-2.983481,16
Q9Y823,284812,S. pombe,9.640464,6.3960676,17
O13945,284812,S. pombe,10.250903,2.0375793,3
Q10434,284812,S. pombe,9.025468,2.533744,12
O74483,284812,S. pombe,8.997683,4.037096,11
Q10422,284812,S. pombe,7.9030747,-0.35915086,6
O94238,284812,S. pombe,7.66751,5.70642,17
O74549,284812,S. pombe,13.744268,6.2712965,17
Q10108,284812,S. pombe,8.770413,-1.3034734,6
Q92349,284812,S. pombe,9.461661,-0.45408636,16
Q09786,284812,S. pombe,8.6663475,1.9751663,14
Q9Y809,284812,S. pombe,9.259807,1.6160218,14
P87315,284812,S. pombe,9.435094,0.5976266,14
Q10752,284812,S. pombe,8.831738,3.0328085,12
O74352,284812,S. pombe,7.8489003,0.6960848,1
O59741,284812,S. pombe,10.002711,0.13759173,18
O13959,284812,S. pombe,5.220643,4.047706,2
Q10224,284812,S. pombe,9.255856,4.4663954,17
Q9Y7V0,284812,S. pombe,8.787413,-2.5481892,16
P78968,284812,S. pombe,10.032073,1.8398077,3
O94487,284812,S. pombe,8.578191,-0.15537156,14
P78810,284812,S. pombe,7.9923725,3.5975895,17
O74314,284812,S. pombe,8.728915,4.733686,17
O74386,284812,S. pombe,9.236581,4.521646,17
Q09893,284812,S. pombe,9.514048,4.8896008,17
P87214,284812,S. pombe,9.289464,4.302898,17
O43065,284812,S. pombe,7.80567,1.0537084,3
O74497,284812,S. pombe,9.245166,0.9460097,3
Q9USS6,284812,S. pombe,8.967046,2.2060578,12
O94286,284812,S. pombe,9.0113535,3.401893,12
Q09180,284812,S. pombe,11.87057,0.36683437,1
P59289,284812,S. pombe,8.739057,-3.010476,16
O13733,284812,S. pombe,9.134721,1.9744941,12
O13859,284812,S. pombe,8.4700365,-2.4719512,9
O59675,284812,S. pombe,7.7974634,5.918014,12
O74458,284812,S. pombe,8.904249,1.9167702,14
Q9P7C1,284812,S. pombe,8.649974,1.4651648,14
Q09803,284812,S. pombe,9.000898,3.6586103,17
Q9USR2,284812,S. pombe,9.16871,2.6446846,17
O13298,284812,S. pombe,8.658564,4.0177903,17
P79051,284812,S. pombe,8.80923,2.9093192,7
O14295,284812,S. pombe,9.578024,5.348342,17
O94325,284812,S. pombe,9.283601,0.69399434,14
Q10097,284812,S. pombe,5.1309104,5.7301073,11
P33075,284812,S. pombe,9.850144,5.503243,11
Q9HDZ0,284812,S. pombe,9.515712,5.2925196,11
P36581,284812,S. pombe,9.1773405,2.6961691,14
Q9USX2,284812,S. pombe,8.373963,-3.8291988,9
P36592,284812,S. pombe,9.034694,-0.037662,6
O94311,284812,S. pombe,8.943582,0.667123,1
O59821,284812,S. pombe,9.074098,3.8983622,17
Q10256,284812,S. pombe,8.576147,2.654501,17
O74752,284812,S. pombe,9.581899,3.2956133,17
Q7Z996,284812,S. pombe,8.993731,3.1146526,12
Q04418,559292,S. cerevisiae,8.841759,0.6915439,14
Q12139,559292,S. cerevisiae,9.989385,0.06506169,18
P80428,559292,S. cerevisiae,9.369959,2.0485668,12
P25346,559292,S. cerevisiae,5.185522,5.719936,11
P22137,559292,S. cerevisiae,8.911937,1.9621532,12
P37020,559292,S. cerevisiae,5.843152,4.8845286,17
Q06592,559292,S. cerevisiae,9.42467,4.6767693,17
P38875,559292,S. cerevisiae,9.522951,2.0059686,12
P50076,559292,S. cerevisiae,6.1122117,4.915469,12
Q08685,559292,S. cerevisiae,9.056898,3.5464268,12
P33448,559292,S. cerevisiae,8.266782,-1.4162527,14
P05748,559292,S. cerevisiae,7.4573326,5.59241,11
P10961,559292,S. cerevisiae,9.916619,-0.4485407,6
P23638,559292,S. cerevisiae,0.2542717,-2.7727067,12
P25560,559292,S. cerevisiae,8.54432,-2.4860516,16
P40041,559292,S. cerevisiae,9.487959,-0.24056353,18
P32611,559292,S. cerevisiae,7.464397,5.683094,12
Q12209,559292,S. cerevisiae,9.475907,0.8221363,3
P40362,559292,S. cerevisiae,9.019544,2.078132,12
P31376,559292,S. cerevisiae,8.661962,-0.84941745,16
P02293,559292,S. cerevisiae,8.425187,-7.358092,1
P32504,559292,S. cerevisiae,9.45906,-0.17400603,16
Q07555,559292,S. cerevisiae,8.481453,-1.9133562,16
P20049,559292,S. cerevisiae,8.306595,3.9802396,12
P07834,559292,S. cerevisiae,9.613455,0.923604,3
Q04922,559292,S. cerevisiae,8.344488,-1.4091675,16
Q08968,559292,S. cerevisiae,9.276127,2.1116703,12
P25349,559292,S. cerevisiae,9.392477,5.173207,17
Q12486,559292,S. cerevisiae,9.531509,4.8792286,17
Q12074,559292,S. cerevisiae,9.777874,5.9648066,11
Q03796,559292,S. cerevisiae,9.558866,2.946065,12
P10662,559292,S. cerevisiae,9.055132,1.5619434,14
P26188,559292,S. cerevisiae,9.411208,1.7788887,12
Q06598,559292,S. cerevisiae,5.9251757,5.251038,17
P53155,559292,S. cerevisiae,8.952857,1.827258,12
P38962,559292,S. cerevisiae,6.2689767,4.5198226,12
Q12222,559292,S. cerevisiae,10.687222,2.296784,3
P26309,559292,S. cerevisiae,8.37629,1.9573102,3
Q03834,559292,S. cerevisiae,8.90078,2.8990872,17
P36097,559292,S. cerevisiae,9.344322,1.4145038,14
P07260,559292,S. cerevisiae,8.962049,3.4673862,12
P50277,559292,S. cerevisiae,9.4278145,4.7727275,17
Q07622,559292,S. cerevisiae,9.651501,0.73966587,18
P27466,559292,S. cerevisiae,10.468303,2.332914,3
P32623,559292,S. cerevisiae,7.126304,4.365267,3
P32523,559292,S. cerevisiae,8.805487,2.5298312,12
Q12497,559292,S. cerevisiae,8.160515,-0.80479026,14
P11655,559292,S. cerevisiae,9.100833,2.160678,3
P53878,559292,S. cerevisiae,9.161145,4.228513,12
P14680,559292,S. cerevisiae,9.851734,-0.09285181,18
P32862,559292,S. cerevisiae,9.976014,-0.23867464,6
P34252,559292,S. cerevisiae,9.299188,-0.34131914,6
P53319,559292,S. cerevisiae,9.096178,5.5697007,17
P47131,559292,S. cerevisiae,7.541989,3.1490633,12
P36160,559292,S. cerevisiae,7.9999385,4.9268184,12
P35191,559292,S. cerevisiae,9.374911,2.6677625,12
P03882,559292,S. cerevisiae,9.818593,2.6473112,12
Q05979,559292,S. cerevisiae,9.435577,4.807469,17
Q02781,559292,S. cerevisiae,8.373085,-3.8089006,9
P38256,559292,S. cerevisiae,9.52471,3.0452292,3
Q02866,559292,S. cerevisiae,9.811843,0.21221125,18
P49960,559292,S. cerevisiae,9.179479,2.3810227,3
P53287,559292,S. cerevisiae,8.2598915,-4.0362,9
Q08957,559292,S. cerevisiae,9.618728,-0.38913324,18
P38883,559292,S. cerevisiae,9.33107,1.2543819,18
P53955,559292,S. cerevisiae,9.746792,0.40103278,18
P03872,559292,S. cerevisiae,8.579752,-1.9554394,16
P17558,559292,S. cerevisiae,8.888263,0.299529,14
Q03612,559292,S. cerevisiae,9.496982,0.3224827,3
P20433,559292,S. cerevisiae,8.89257,0.47256982,14
Q06522,559292,S. cerevisiae,9.381091,3.8621898,12
P38198,559292,S. cerevisiae,9.863274,0.33283734,18
P20486,559292,S. cerevisiae,8.431281,-1.8352934,16
P53111,559292,S. cerevisiae,9.839402,5.1182437,17
P43592,559292,S. cerevisiae,9.243439,-0.24879223,16
Q12051,559292,S. cerevisiae,9.34542,4.118142,17
P53331,559292,S. cerevisiae,9.315568,2.7359896,12
P53918,559292,S. cerevisiae,5.4853497,5.4761925,3
P35734,559292,S. cerevisiae,9.470283,-0.4480463,6
P17898,559292,S. cerevisiae,6.037868,4.8939576,17
Q02793,559292,S. cerevisiae,8.727189,2.2426586,12
Q05543,559292,S. cerevisiae,9.181439,0.63649493,14
O13329,559292,S. cerevisiae,9.144315,-0.47233662,16
P38348,559292,S. cerevisiae,9.445246,0.66053706,16
P53749,559292,S. cerevisiae,9.99913,0.2141417,18
P22007,559292,S. cerevisiae,9.448637,4.1842613,12
Q05791,559292,S. cerevisiae,9.201973,3.0634964,12
Q06188,559292,S. cerevisiae,9.063421,0.6532205,18
P09368,559292,S. cerevisiae,9.477253,2.9262764,12
Q05788,559292,S. cerevisiae,8.573449,5.423061,17
P31380,559292,S. cerevisiae,9.095531,0.47908074,18
P25379,559292,S. cerevisiae,9.489999,4.9389215,17
Q12230,559292,S. cerevisiae,8.665237,0.80962,14
P00724,559292,S. cerevisiae,6.8045,4.2880144,17
Q3E769,559292,S. cerevisiae,8.768941,-3.0619178,16
P39692,559292,S. cerevisiae,8.8638935,4.9606304,17
P42941,559292,S. cerevisiae,9.521406,5.8656025,17
P32500,559292,S. cerevisiae,9.239844,1.0237026,14
P33753,559292,S. cerevisiae,9.381557,2.5993404,17
Q06593,559292,S. cerevisiae,5.7195797,5.216646,17
P13393,559292,S. cerevisiae,8.267935,3.6061983,17
P47029,559292,S. cerevisiae,9.701846,-0.05590016,18
P38682,559292,S. cerevisiae,8.935818,0.009823108,6
P27344,559292,S. cerevisiae,8.53479,0.31058592,14
P47035,559292,S. cerevisiae,9.384905,-0.71578175,16
P10363,559292,S. cerevisiae,9.011223,3.1072516,12
Q12427,559292,S. cerevisiae,9.766488,-0.3730628,6
P40014,559292,S. cerevisiae,8.3947,-0.38784683,14
P07560,559292,S. cerevisiae,15.255918,2.288731,11
Q04471,559292,S. cerevisiae,8.344893,0.87036246,3
P46983,559292,S. cerevisiae,8.421381,-2.4122689,16
P53314,559292,S. cerevisiae,8.917813,-0.6743378,14
Q12477,559292,S. cerevisiae,9.656498,0.8173813,18
Q04712,559292,S. cerevisiae,9.255955,-0.039141055,16
P38278,559292,S. cerevisiae,9.261465,2.0300071,12
Q12025,559292,S. cerevisiae,8.937559,2.55013,14
P00175,559292,S. cerevisiae,9.110268,4.460739,17
Q12463,559292,S. cerevisiae,9.304838,4.3012757,17
P23202,559292,S. cerevisiae,9.297458,1.2290182,3
Q01939,559292,S. cerevisiae,9.011142,3.629588,17
Q08580,559292,S. cerevisiae,9.77002,-0.06958721,16
P20133,559292,S. cerevisiae,9.486401,4.3484445,11
P23394,559292,S. cerevisiae,9.393809,2.5689497,3
P46974,559292,S. cerevisiae,9.90292,-0.18790007,6
P32943,559292,S. cerevisiae,8.946404,1.5637858,3
P39101,559292,S. cerevisiae,8.498943,-1.5809182,16
P25646,559292,S. cerevisiae,9.503598,2.1014764,12
P01098,559292,S. cerevisiae,8.080583,1.9818712,1
P20449,559292,S. cerevisiae,10.341796,3.120396,11
P47037,559292,S. cerevisiae,8.214759,2.04095,17
P32660,559292,S. cerevisiae,6.424333,4.827569,12
Q08234,559292,S. cerevisiae,6.113604,5.4255314,17
P25693,559292,S. cerevisiae,9.732423,0.70692056,18
P38263,559292,S. cerevisiae,9.526346,0.21288833,18
Q06512,559292,S. cerevisiae,9.275315,2.0413888,12
P53725,559292,S. cerevisiae,8.845844,0.17741445,6
P15938,559292,S. cerevisiae,9.456107,1.7296666,3
P49775,559292,S. cerevisiae,9.327662,2.18983,3
P40508,559292,S. cerevisiae,8.927335,0.15146801,14
P53298,559292,S. cerevisiae,9.339607,-0.3638342,16
P28778,559292,S. cerevisiae,9.310722,2.5661983,3
P39005,559292,S. cerevisiae,7.208525,4.4988246,14
Q3E772,559292,S. cerevisiae,8.453438,0.6148174,14
P53154,559292,S. cerevisiae,6.095306,4.8913627,17
Q08650,559292,S. cerevisiae,9.45488,3.736839,17
P53088,559292,S. cerevisiae,8.534542,5.7486076,12
P38731,559292,S. cerevisiae,5.1941037,5.704748,11
P53743,559292,S. cerevisiae,8.700532,0.4954839,1
P25046,559292,S. cerevisiae,8.454284,-1.9133095,16
P36025,559292,S. cerevisiae,8.694613,-3.2690074,9
P32499,559292,S. cerevisiae,7.9501505,-0.37582743,1
Q08484,559292,S. cerevisiae,9.736962,0.42301092,18
P15790,559292,S. cerevisiae,11.081507,2.3163996,7
Q06815,559292,S. cerevisiae,9.609751,0.9110606,18
Q86ZR7,559292,S. cerevisiae,9.60219,4.934272,11
P40212,559292,S. cerevisiae,8.711699,-3.0072198,16
Q06704,559292,S. cerevisiae,8.022606,-0.1361549,18
Q06554,559292,S. cerevisiae,9.425472,0.9145646,18
P53172,559292,S. cerevisiae,9.7844515,0.5303557,18
P25336,559292,S. cerevisiae,8.9932165,2.968965,17
Q03860,559292,S. cerevisiae,6.246049,4.5964537,12
P40356,559292,S. cerevisiae,10.168876,-0.52332854,6
P09798,559292,S. cerevisiae,9.569902,0.98560935,18
P47136,559292,S. cerevisiae,9.271692,-0.646154,16
P54785,559292,S. cerevisiae,10.284499,-0.48867917,6
P53227,559292,S. cerevisiae,9.174942,-0.36231127,16
Q06466,559292,S. cerevisiae,8.964893,1.2071408,14
P36134,559292,S. cerevisiae,8.705147,-1.401652,16
Q03088,559292,S. cerevisiae,9.738656,0.25873438,18
P36519,559292,S. cerevisiae,7.6198425,5.206666,12
P17065,559292,S. cerevisiae,9.606437,0.28590867,18
P35996,559292,S. cerevisiae,7.4293356,5.7095175,12
Q99383,559292,S. cerevisiae,7.4173265,-0.13855861,1
P53845,559292,S. cerevisiae,8.869868,1.788749,12
Q07949,559292,S. cerevisiae,8.779314,0.04240655,18
Q08287,559292,S. cerevisiae,8.808706,0.4102768,14
P43585,559292,S. cerevisiae,9.307381,1.8442057,14
Q04178,559292,S. cerevisiae,8.072501,6.4939446,12
P39935,559292,S. cerevisiae,8.063172,-0.21506849,1
P53688,559292,S. cerevisiae,9.371994,3.145441,12
Q12153,559292,S. cerevisiae,7.9844046,4.8213806,12
P32489,559292,S. cerevisiae,9.248929,-0.20180963,16
P43574,559292,S. cerevisiae,9.939799,-0.53537786,6
P53199,559292,S. cerevisiae,9.850646,5.0959578,11
Q3E7B2,559292,S. cerevisiae,7.782181,1.9339261,14
P39083,559292,S. cerevisiae,9.642494,-0.12336256,18
Q3E7B0,559292,S. cerevisiae,8.491845,-3.0995104,9
P25719,559292,S. cerevisiae,11.2947855,6.231517,17
P47122,559292,S. cerevisiae,8.705219,3.2519617,12
P25341,559292,S. cerevisiae,8.657585,-0.16764863,18
P47064,559292,S. cerevisiae,8.68643,2.8235972,17
P14741,559292,S. cerevisiae,8.952264,3.9954536,17
P32829,559292,S. cerevisiae,8.704031,3.0706744,12
P19735,559292,S. cerevisiae,8.938877,1.9519954,12
P36224,559292,S. cerevisiae,9.243949,0.6438761,14
P47009,559292,S. cerevisiae,8.472613,-2.9066577,9
Q03823,559292,S. cerevisiae,9.850305,0.11859579,18
P41810,559292,S. cerevisiae,8.53985,2.886311,12
P32454,559292,S. cerevisiae,9.255085,4.437845,17
P0C5L6,559292,S. cerevisiae,8.204535,-4.070278,9
Q12242,559292,S. cerevisiae,9.302631,0.7581153,14
Q06524,559292,S. cerevisiae,8.759125,-2.6715827,16
P18408,559292,S. cerevisiae,9.003475,5.3438106,17
P40011,559292,S. cerevisiae,9.069972,4.579639,12
Q02516,559292,S. cerevisiae,8.272962,-0.063723855,1
Q04048,559292,S. cerevisiae,9.105543,1.902572,12
Q05812,559292,S. cerevisiae,9.0617485,-0.6593763,6
Q05676,559292,S. cerevisiae,8.595312,-3.4547718,9
P36006,559292,S. cerevisiae,7.17615,2.0747337,17
P31787,559292,S. cerevisiae,8.8831,3.064845,12
Q03148,559292,S. cerevisiae,8.264459,6.4897094,12
P40051,559292,S. cerevisiae,9.342798,4.3968587,17
P35200,559292,S. cerevisiae,9.120904,3.4816704,12
P47050,559292,S. cerevisiae,9.505696,0.7122558,14
P43582,559292,S. cerevisiae,7.6055727,-0.075853266,1
P38156,559292,S. cerevisiae,5.183888,5.75505,11
Q05778,559292,S. cerevisiae,9.402759,0.9485857,14
P81450,559292,S. cerevisiae,7.720016,2.0364242,14
P34239,559292,S. cerevisiae,9.720447,-0.07311652,6
Q06135,559292,S. cerevisiae,6.996604,4.1283593,12
P15496,559292,S. cerevisiae,9.768411,2.1136603,3
P32787,559292,S. cerevisiae,9.325207,2.617039,12
P32563,559292,S. cerevisiae,6.5063677,4.6952505,12
Q12496,559292,S. cerevisiae,9.23821,3.9566483,17
P0CF19,559292,S. cerevisiae,5.18241,5.7197614,11
Q04930,559292,S. cerevisiae,8.492229,-2.283802,16
P40097,559292,S. cerevisiae,8.29184,-3.9922473,9
P06245,559292,S. cerevisiae,10.815499,2.4221523,11
P43568,559292,S. cerevisiae,10.325437,2.1757069,12
P29467,559292,S. cerevisiae,9.037116,-3.1381304,9
P04386,559292,S. cerevisiae,10.090181,0.11166069,18
P22515,559292,S. cerevisiae,9.330708,4.9803977,17
P25594,559292,S. cerevisiae,5.227626,5.6507716,17
P26755,559292,S. cerevisiae,9.55971,0.9529015,14
Q12342,559292,S. cerevisiae,9.363702,1.1933849,14
P47977,559292,S. cerevisiae,9.326974,-0.8182398,16
Q08281,559292,S. cerevisiae,9.7340355,-0.055844754,18
P00899,559292,S. cerevisiae,8.87193,5.510161,17
Q04228,559292,S. cerevisiae,9.293535,1.1339602,14
Q07887,559292,S. cerevisiae,9.380811,0.6601054,14
Q08967,559292,S. cerevisiae,6.114527,4.654847,12
P15179,559292,S. cerevisiae,9.489491,4.155882,12
P33413,559292,S. cerevisiae,5.2249236,5.5361567,11
P29468,559292,S. cerevisiae,8.736344,3.299126,17
Q06810,559292,S. cerevisiae,9.42636,-0.3728386,6
P47130,559292,S. cerevisiae,8.814182,2.116128,12
P0CY11,559292,S. cerevisiae,9.2186365,-0.043912116,14
P43563,559292,S. cerevisiae,9.351748,1.1618181,1
P33331,559292,S. cerevisiae,9.719668,5.4002,2
P53318,559292,S. cerevisiae,9.258084,4.50773,17
Q06252,559292,S. cerevisiae,8.883973,2.9209666,12
P0C2H7,559292,S. cerevisiae,7.673258,5.681284,11
P38844,559292,S. cerevisiae,7.2710395,4.561504,6
P38011,559292,S. cerevisiae,7.8760586,2.5134022,17
Q06208,559292,S. cerevisiae,9.732897,-0.07711157,16
P47771,559292,S. cerevisiae,10.088638,5.962316,11
Q00582,559292,S. cerevisiae,8.86838,3.463086,17
Q12093,559292,S. cerevisiae,9.380784,4.488925,17
P41816,559292,S. cerevisiae,9.436334,5.0588336,17
Q07788,559292,S. cerevisiae,9.2127285,0.39490938,14
Q05541,559292,S. cerevisiae,9.548467,1.1358505,18
P03962,559292,S. cerevisiae,9.507283,5.5029526,17
Q12454,559292,S. cerevisiae,9.020144,1.7088249,3
P32048,559292,S. cerevisiae,9.543252,3.005699,12
P04050,559292,S. cerevisiae,8.453679,1.4137901,14
P32626,559292,S. cerevisiae,9.458423,4.9442687,17
Q12431,559292,S. cerevisiae,6.2801723,4.504991,12
P01094,559292,S. cerevisiae,8.169956,-1.1091622,16
Q12091,559292,S. cerevisiae,8.977136,3.2314084,12
P29366,559292,S. cerevisiae,9.706575,0.6447543,18
P53271,559292,S. cerevisiae,9.3147955,0.8276253,14
P48353,559292,S. cerevisiae,8.333147,1.0750362,1
P39552,559292,S. cerevisiae,9.25212,-0.07350821,16
P39735,559292,S. cerevisiae,8.759165,-3.272767,9
P53073,559292,S. cerevisiae,8.787191,1.810596,12
P25611,559292,S. cerevisiae,9.997148,0.111596696,14
P53738,559292,S. cerevisiae,8.937282,3.233651,12
P0CF35,559292,S. cerevisiae,8.504806,5.719186,17
P38904,559292,S. cerevisiae,8.369015,-1.485567,16
P53911,559292,S. cerevisiae,9.283871,-0.7018991,6
P25582,559292,S. cerevisiae,8.668683,0.9843717,12
P36164,559292,S. cerevisiae,6.189136,4.9665666,12
P41546,559292,S. cerevisiae,9.55042,-0.51137465,6
P25616,559292,S. cerevisiae,9.529393,2.880501,12
P53629,559292,S. cerevisiae,6.1912823,4.8113394,12
P50091,559292,S. cerevisiae,9.202124,0.14209642,16
Q12207,559292,S. cerevisiae,5.9950504,4.4915075,12
Q12380,559292,S. cerevisiae,9.231076,1.7348924,14
P48563,559292,S. cerevisiae,9.507769,1.0857544,18
P53220,559292,S. cerevisiae,8.600453,1.8511521,12
P32867,559292,S. cerevisiae,4.3692327,-1.7919784,17
P38625,559292,S. cerevisiae,9.184553,5.680367,17
Q08285,559292,S. cerevisiae,9.106876,3.8155205,12
Q12034,559292,S. cerevisiae,9.661777,-0.42546824,6
P15732,559292,S. cerevisiae,13.836491,6.3699555,11
Q08995,559292,S. cerevisiae,7.5617743,0.63992876,3
P39006,559292,S. cerevisiae,9.343698,2.4333026,12
P32874,559292,S. cerevisiae,9.423002,2.035027,12
Q9URQ5,559292,S. cerevisiae,8.6318865,-2.849461,16
P22354,559292,S. cerevisiae,8.580622,1.13895,14
P39110,559292,S. cerevisiae,10.448616,3.7756505,17
P53294,559292,S. cerevisiae,9.184681,2.7007794,12
P53388,559292,S. cerevisiae,5.1135364,5.5555315,17
P40016,559292,S. cerevisiae,9.2223,1.9952121,12
P53243,559292,S. cerevisiae,9.885944,-0.15174647,16
Q06218,559292,S. cerevisiae,9.3571005,2.4327285,12
Q01159,559292,S. cerevisiae,8.687056,3.0974805,12
P38880,559292,S. cerevisiae,9.458927,2.37341,12
Q02908,559292,S. cerevisiae,9.048883,5.488628,2
P32335,559292,S. cerevisiae,8.311194,3.6110866,14
P0CX30,559292,S. cerevisiae,7.54455,5.67578,11
Q04364,559292,S. cerevisiae,9.72062,0.9779798,14
P50086,559292,S. cerevisiae,8.7480545,2.412729,17
P39551,559292,S. cerevisiae,8.674028,-2.3798459,16
Q3E7A4,559292,S. cerevisiae,7.98883,1.9318758,14
Q12015,559292,S. cerevisiae,9.067517,0.9568444,14
P21595,559292,S. cerevisiae,11.59936,4.779697,7
P0CX45,559292,S. cerevisiae,7.528315,5.788115,12
P53144,559292,S. cerevisiae,9.204217,4.4033127,17
Q07844,559292,S. cerevisiae,9.087102,3.3745995,3
Q07845,559292,S. cerevisiae,9.420654,2.1352298,12
P53938,559292,S. cerevisiae,9.170532,0.49874547,16
P22213,559292,S. cerevisiae,9.354053,2.182853,12
Q3E792,559292,S. cerevisiae,7.8792143,5.3162246,12
P40364,559292,S. cerevisiae,8.763662,-0.72086734,16
P47002,559292,S. cerevisiae,9.348634,-0.07935283,14
Q02457,559292,S. cerevisiae,9.463942,0.17844914,18
P38221,559292,S. cerevisiae,6.0062094,4.8021894,12
Q08756,559292,S. cerevisiae,8.392922,-3.822748,9
Q3E743,559292,S. cerevisiae,6.043577,4.19498,12
P38800,559292,S. cerevisiae,9.63197,-0.06605595,18
P19658,559292,S. cerevisiae,9.143029,1.1963258,14
P33122,559292,S. cerevisiae,9.748681,-0.50039405,18
P35198,559292,S. cerevisiae,8.860086,-1.0873096,16
P38813,559292,S. cerevisiae,9.665351,0.756725,14
P25567,559292,S. cerevisiae,9.25667,-0.36550993,6
P38217,559292,S. cerevisiae,8.431193,2.4454427,12
P06738,559292,S. cerevisiae,8.140801,6.713261,12
P14127,559292,S. cerevisiae,7.7808704,5.414222,17
Q07915,559292,S. cerevisiae,7.696163,5.241977,1
P49095,559292,S. cerevisiae,8.745386,5.253303,12
P47158,559292,S. cerevisiae,9.44485,2.1913667,18
P47159,559292,S. cerevisiae,5.599896,5.2936983,17
P53295,559292,S. cerevisiae,8.783051,6.1854568,17
P36104,559292,S. cerevisiae,8.455956,2.5081494,17
Q12482,559292,S. cerevisiae,9.810419,0.36231145,18
Q07468,559292,S. cerevisiae,9.558333,1.0864229,18
P25384,559292,S. cerevisiae,9.48698,0.3618438,3
P53864,559292,S. cerevisiae,8.234032,-4.0289392,9
P38228,559292,S. cerevisiae,9.437825,1.1219662,14
Q05911,559292,S. cerevisiae,9.090532,6.0727997,2
P36125,559292,S. cerevisiae,6.24061,4.9016457,12
P32833,559292,S. cerevisiae,9.334357,1.0548289,18
Q12116,559292,S. cerevisiae,6.2618337,4.538008,12
Q12072,559292,S. cerevisiae,9.674118,-0.07250456,16
Q03178,559292,S. cerevisiae,7.2459793,4.401374,1
P38276,559292,S. cerevisiae,9.12969,3.7545226,12
P40506,559292,S. cerevisiae,9.375472,3.6267757,12
Q07541,559292,S. cerevisiae,8.502421,-1.6961551,16
P26364,559292,S. cerevisiae,9.71024,5.2380195,17
P0CX36,559292,S. cerevisiae,8.822034,6.2050805,11
P53303,559292,S. cerevisiae,8.986009,3.267503,12
P0CF33,559292,S. cerevisiae,7.6273475,0.02494455,3
Q04347,559292,S. cerevisiae,8.867137,0.22758897,14
Q07589,559292,S. cerevisiae,9.156311,4.542194,17
Q05611,559292,S. cerevisiae,8.663619,-2.5651298,16
P32383,559292,S. cerevisiae,9.348086,2.4585009,3
Q04359,559292,S. cerevisiae,8.685213,0.14436491,14
P0CX56,559292,S. cerevisiae,7.7451577,5.9198523,12
P46969,559292,S. cerevisiae,9.669161,6.1983852,17
Q08218,559292,S. cerevisiae,8.984819,0.5878679,14
P48559,559292,S. cerevisiae,9.805055,0.024421403,18
P38131,559292,S. cerevisiae,9.934261,1.6015049,12
P47190,559292,S. cerevisiae,5.945335,4.837037,17
P52911,559292,S. cerevisiae,7.0084753,4.290827,12
Q05636,559292,S. cerevisiae,8.720494,4.1614623,17
P53437,559292,S. cerevisiae,8.95338,-2.7811227,16
Q04952,559292,S. cerevisiae,8.977573,0.59100765,14
P50110,559292,S. cerevisiae,9.538011,1.1168311,14
P42834,559292,S. cerevisiae,8.444776,1.5596937,14
P26448,559292,S. cerevisiae,9.242087,1.7495363,12
Q3E7A9,559292,S. cerevisiae,7.9923286,2.2518172,1
P28004,559292,S. cerevisiae,8.781551,0.124528535,16
P40957,559292,S. cerevisiae,9.52779,0.327027,18
Q6Q560,559292,S. cerevisiae,8.41204,2.2218752,12
P0CX99,559292,S. cerevisiae,8.261964,-4.0366163,9
P31755,559292,S. cerevisiae,9.980466,1.4257543,18
P38750,559292,S. cerevisiae,6.24273,4.5806036,14
P46676,559292,S. cerevisiae,9.811349,-0.47959498,16
P53210,559292,S. cerevisiae,9.923508,1.1627597,18
P38261,559292,S. cerevisiae,9.451737,0.793509,18
P38704,559292,S. cerevisiae,9.537801,-0.49183717,6
P26785,559292,S. cerevisiae,7.564856,5.8135586,12
Q04053,559292,S. cerevisiae,9.808736,0.41297707,18
Q04210,559292,S. cerevisiae,6.4253564,4.3240333,14
P11076,559292,S. cerevisiae,10.706891,3.8307989,11
P43548,559292,S. cerevisiae,5.12485,5.6346707,11
P40009,559292,S. cerevisiae,9.577896,1.7016016,3
P13586,559292,S. cerevisiae,6.588396,5.2057986,17
Q06891,559292,S. cerevisiae,8.785159,-2.8884857,16
P36103,559292,S. cerevisiae,8.527029,-1.6347926,16
P38773,559292,S. cerevisiae,9.483012,4.8121014,17
P25364,559292,S. cerevisiae,9.511481,-0.7139292,6
Q02950,559292,S. cerevisiae,8.813222,-1.6181488,16
Q08750,559292,S. cerevisiae,9.875641,0.24566779,18
Q03494,559292,S. cerevisiae,9.462018,0.37035894,3
Q12375,559292,S. cerevisiae,11.966013,5.783451,11
P40537,559292,S. cerevisiae,9.725718,-0.32304353,18
P00401,559292,S. cerevisiae,9.469678,9.630128,12
P61829,559292,S. cerevisiae,7.1655827,4.352482,11
P40580,559292,S. cerevisiae,9.981309,5.202654,17
P38877,559292,S. cerevisiae,9.114519,1.9731696,12
Q02979,559292,S. cerevisiae,9.42359,2.1753972,12
Q12445,559292,S. cerevisiae,9.042049,-0.107653305,16
P40858,559292,S. cerevisiae,7.7301044,4.986489,12
P38374,559292,S. cerevisiae,8.159055,1.3480703,14
P46985,559292,S. cerevisiae,9.848501,1.4134654,14
Q12248,559292,S. cerevisiae,9.175433,0.9045951,14
Q06338,559292,S. cerevisiae,8.776332,-2.7216432,16
Q04458,559292,S. cerevisiae,9.576183,4.755028,17
P40036,559292,S. cerevisiae,9.716376,-0.40743443,6
P42841,559292,S. cerevisiae,8.363503,2.3534098,17
P53256,559292,S. cerevisiae,8.875647,3.8706424,12
P46367,559292,S. cerevisiae,10.088609,5.9941826,11
P39517,559292,S. cerevisiae,10.237905,3.0369697,17
O60200,559292,S. cerevisiae,7.977696,2.1638973,12
P53867,559292,S. cerevisiae,7.6392627,1.2254596,14
Q03125,559292,S. cerevisiae,9.426317,-0.67731386,6
P53724,559292,S. cerevisiae,8.65884,-0.31275588,14
P53919,559292,S. cerevisiae,7.9609475,-0.21466276,1
P00950,559292,S. cerevisiae,9.647054,5.482084,11
P53337,559292,S. cerevisiae,6.232488,4.6477976,12
Q04602,559292,S. cerevisiae,9.716371,0.46648097,18
P43634,559292,S. cerevisiae,10.048117,0.138506,18
Q05166,559292,S. cerevisiae,9.845274,-0.41320822,6
P53179,559292,S. cerevisiae,9.601253,0.21172574,18
P38073,559292,S. cerevisiae,9.888547,-0.20571478,16
P39003,559292,S. cerevisiae,5.058935,5.7653275,2
P04912,559292,S. cerevisiae,8.411624,-7.371239,1
P32773,559292,S. cerevisiae,9.268207,-0.004567551,6
P40088,559292,S. cerevisiae,5.8692565,5.0078926,17
P51979,559292,S. cerevisiae,9.298351,2.4549053,3
Q08109,559292,S. cerevisiae,9.057233,0.72377944,14
Q08926,559292,S. cerevisiae,9.21672,-0.6629049,16
P47083,559292,S. cerevisiae,8.672375,0.43193775,14
Q12180,559292,S. cerevisiae,9.987075,-0.004498786,18
P40077,559292,S. cerevisiae,9.476866,-0.18065692,16
Q12403,559292,S. cerevisiae,7.83587,3.514475,12
P24783,559292,S. cerevisiae,10.05826,2.952685,11
P40528,559292,S. cerevisiae,9.073363,1.3628585,14
Q12269,559292,S. cerevisiae,9.50754,0.2753663,3
P32643,559292,S. cerevisiae,9.26052,4.4332213,17
P48365,559292,S. cerevisiae,9.567266,1.4165261,18
P40317,559292,S. cerevisiae,9.83853,0.09224915,18
P80967,559292,S. cerevisiae,8.25533,-1.3688372,14
Q08245,559292,S. cerevisiae,8.175681,-0.83888614,1
Q08920,559292,S. cerevisiae,7.973954,0.024773361,14
P36088,559292,S. cerevisiae,9.159386,3.6634157,17
P32767,559292,S. cerevisiae,9.228055,1.5810437,18
P14832,559292,S. cerevisiae,11.295012,6.2330985,11
P32795,559292,S. cerevisiae,8.892112,3.359242,12
P32074,559292,S. cerevisiae,9.096768,1.9440036,12
Q12251,559292,S. cerevisiae,11.985255,5.7915373,11
Q04477,559292,S. cerevisiae,9.304944,0.60068893,14
P12868,559292,S. cerevisiae,9.182499,1.9366528,12
P38728,559292,S. cerevisiae,8.592956,-2.3354404,16
Q12343,559292,S. cerevisiae,9.119015,0.33372796,14
Q07959,559292,S. cerevisiae,9.5473385,0.61060756,18
P52286,559292,S. cerevisiae,11.167108,3.7880566,3
Q06107,559292,S. cerevisiae,6.097948,4.8753433,12
P42846,559292,S. cerevisiae,8.692242,0.43930894,14
P33200,559292,S. cerevisiae,9.9393015,-0.10449499,16
P32839,559292,S. cerevisiae,8.691119,3.8771393,17
P53551,559292,S. cerevisiae,7.491715,-0.7823735,1
P40414,559292,S. cerevisiae,7.777127,-0.24138123,14
P53946,559292,S. cerevisiae,9.207726,1.9630584,12
P00937,559292,S. cerevisiae,9.5028925,5.4076242,11
Q05359,559292,S. cerevisiae,7.874606,3.5318284,12
P40579,559292,S. cerevisiae,9.971725,5.2411823,11
P41921,559292,S. cerevisiae,9.662518,5.610858,11
P0CX13,559292,S. cerevisiae,9.233136,0.40011713,14
P47046,559292,S. cerevisiae,9.44419,-0.57158947,16
P38787,559292,S. cerevisiae,9.229581,4.3886857,12
P0CH08,559292,S. cerevisiae,6.5438976,2.171417,7
Q08961,559292,S. cerevisiae,9.31577,1.3618073,3
Q3E752,559292,S. cerevisiae,8.565254,-1.4681025,16
P36026,559292,S. cerevisiae,9.614008,0.82080424,18
P53857,559292,S. cerevisiae,9.6195545,-0.31079218,18
P53239,559292,S. cerevisiae,8.744995,2.008886,12
P18852,559292,S. cerevisiae,9.669855,0.92779285,14
P48510,559292,S. cerevisiae,8.330633,1.2305909,1
P53898,559292,S. cerevisiae,9.240816,1.0766922,14
P16451,559292,S. cerevisiae,9.1571665,1.9988163,1
P38911,559292,S. cerevisiae,8.543581,0.65914035,1
P38797,559292,S. cerevisiae,9.550616,2.2601216,17
P54837,559292,S. cerevisiae,7.879846,3.589842,17
P38148,559292,S. cerevisiae,9.316103,0.8459039,18
P38077,559292,S. cerevisiae,8.955876,3.6345394,12
P38753,559292,S. cerevisiae,8.378147,0.8759874,14
P36172,559292,S. cerevisiae,5.192855,5.682667,17
