dataset,source_label,group,group_normalized,gene,n_cells,pct_expressing,mean_expression,score,rank_within_dataset_label_gene
HBCA non-neuronal,cell_type,oligodendrocyte precursor cell,oligodendrocyte precursor cell,ADORA1,105734,23.35010498042257,0.31160271167755127,6.333712086838214,1
HBCA non-neuronal,cell_type,oligodendrocyte,oligodendrocyte,ADORA1,494966,20.163809231341144,0.2640868127346039,4.725388175702494,2
HBCA non-neuronal,cell_type,astrocyte,astrocyte,ADORA1,155025,13.8409933881632,0.17366231977939606,2.2163450920832606,3
HBCA non-neuronal,cell_type,Bergmann glial cell,bergmann glial cell,ADORA1,8041,7.21303320482527,0.08668076246976852,0.5996041458787107,4
HBCA non-neuronal,cell_type,ependymal cell,ependymal cell,ADORA1,5882,3.0431825909554573,0.03451206907629967,0.10325483447696164,5
HBCA non-neuronal,cell_type,central nervous system macrophage,central nervous system macrophage,ADORA1,91838,2.958470349964067,0.03503996133804321,0.10188982524063883,6
HBCA non-neuronal,cell_type,choroid plexus epithelial cell,choroid plexus epithelial cell,ADORA1,7689,0.7153075822603719,0.007933411747217178,0.005652437548317407,7
HBCA non-neuronal,cell_type,vascular associated smooth muscle cell,vascular associated smooth muscle cell,ADORA1,1074,0.6517690875232774,0.0074487896636128426,0.004836898603537078,8
HBCA non-neuronal,cell_type,endothelial cell,endothelial cell,ADORA1,5165,0.5808325266214909,0.00600193627178669,0.0034756997478070863,9
HBCA non-neuronal,cell_type,fibroblast,fibroblast,ADORA1,9156,0.49148099606815204,0.005351681727916002,0.0026232367463978495,10
HBCA non-neuronal,cell_type,pericyte,pericyte,ADORA1,3693,0.37909558624424583,0.0037909557577222586,0.0014344174035694826,11
HBCA non-neuronal,cell_type,pericyte,pericyte,ADORA2A,3693,25.209856485242348,0.3170863687992096,6.943349107114792,1
HBCA non-neuronal,cell_type,vascular associated smooth muscle cell,vascular associated smooth muscle cell,ADORA2A,1074,5.21415270018622,0.05865921825170517,0.29722348845367325,2
HBCA non-neuronal,cell_type,endothelial cell,endothelial cell,ADORA2A,5165,4.859632139399806,0.051500484347343445,0.24404186588965282,3
HBCA non-neuronal,cell_type,fibroblast,fibroblast,ADORA2A,9156,1.9877675840978593,0.0204237662255764,0.04018868124187094,4
HBCA non-neuronal,cell_type,oligodendrocyte precursor cell,oligodendrocyte precursor cell,ADORA2A,105734,0.8824030113303195,0.009126676246523857,0.008016878272607381,5
HBCA non-neuronal,cell_type,Bergmann glial cell,bergmann glial cell,ADORA2A,8041,0.6964307921900261,0.007088670507073402,0.0049193531069717305,6
HBCA non-neuronal,cell_type,oligodendrocyte,oligodendrocyte,ADORA2A,494966,0.4889224714424829,0.005046811420470476,0.002461293880585973,7
HBCA non-neuronal,cell_type,astrocyte,astrocyte,ADORA2A,155025,0.45347524592807614,0.0046766651794314384,0.002115808276201155,8
HBCA non-neuronal,cell_type,ependymal cell,ependymal cell,ADORA2A,5882,0.42502550153009183,0.00493029598146677,0.0020903527173340877,9
HBCA non-neuronal,cell_type,central nervous system macrophage,central nervous system macrophage,ADORA2A,91838,0.3615061303599817,0.0037566148675978184,0.0013554948590602392,10
HBCA non-neuronal,cell_type,choroid plexus epithelial cell,choroid plexus epithelial cell,ADORA2A,7689,0.19508388607101051,0.0019508388359099627,0.000380206480887403,11
HBCA non-neuronal,cell_type,pericyte,pericyte,ADORA2B,3693,17.84457080963986,0.22041700780391693,3.5545066342033373,1
HBCA non-neuronal,cell_type,Bergmann glial cell,bergmann glial cell,ADORA2B,8041,17.684367615968164,0.22161422669887543,3.5399350552338915,2
HBCA non-neuronal,cell_type,astrocyte,astrocyte,ADORA2B,155025,10.884696016771489,0.13462990522384644,1.3748081085175377,3
HBCA non-neuronal,cell_type,fibroblast,fibroblast,ADORA2B,9156,4.641764962865881,0.06105286255478859,0.27507879785893463,4
HBCA non-neuronal,cell_type,choroid plexus epithelial cell,choroid plexus epithelial cell,ADORA2B,7689,1.7037326050201589,0.020548835396766663,0.034654869321337795,5
HBCA non-neuronal,cell_type,vascular associated smooth muscle cell,vascular associated smooth muscle cell,ADORA2B,1074,1.675977653631285,0.01769087463617325,0.029390300315359892,6
HBCA non-neuronal,cell_type,ependymal cell,ependymal cell,ADORA2B,5882,0.6290377422645359,0.006630397867411375,0.00415700438728943,7
HBCA non-neuronal,cell_type,oligodendrocyte precursor cell,oligodendrocyte precursor cell,ADORA2B,105734,0.31683280685493787,0.0033101935405284166,0.0010470459028808729,8
HBCA non-neuronal,cell_type,endothelial cell,endothelial cell,ADORA2B,5165,0.271055179090029,0.0027105517219752073,0.0007337151446232891,9
HBCA non-neuronal,cell_type,oligodendrocyte,oligodendrocyte,ADORA2B,494966,0.2622402346827863,0.0026830125134438276,0.000702651640552211,10
HBCA non-neuronal,cell_type,central nervous system macrophage,central nervous system macrophage,ADORA2B,91838,0.13393148805505348,0.001382869784720242,0.00018508186546863193,11
HBCA non-neuronal,cell_type,central nervous system macrophage,central nervous system macrophage,ADORA3,91838,0.1067096408893922,0.0010779851581901312,0.0001149694525601878,1
HBCA non-neuronal,cell_type,oligodendrocyte,oligodendrocyte,ADORA3,494966,0.000404068158216928,4.040681687911274e-06,1.6327075089517313e-09,2
HBCA non-neuronal,cell_type,fibroblast,fibroblast,ADORA3,9156,0.0,0.0,0.0,3
HBCA non-neuronal,cell_type,ependymal cell,ependymal cell,ADORA3,5882,0.0,0.0,0.0,4
HBCA non-neuronal,cell_type,endothelial cell,endothelial cell,ADORA3,5165,0.0,0.0,0.0,5
HBCA non-neuronal,cell_type,astrocyte,astrocyte,ADORA3,155025,0.0,0.0,0.0,6
HBCA non-neuronal,cell_type,vascular associated smooth muscle cell,vascular associated smooth muscle cell,ADORA3,1074,0.0,0.0,0.0,7
HBCA non-neuronal,cell_type,Bergmann glial cell,bergmann glial cell,ADORA3,8041,0.0,0.0,0.0,8
HBCA non-neuronal,cell_type,pericyte,pericyte,ADORA3,3693,0.0,0.0,0.0,9
HBCA non-neuronal,cell_type,choroid plexus epithelial cell,choroid plexus epithelial cell,ADORA3,7689,0.0,0.0,0.0,10
HBCA non-neuronal,cell_type,oligodendrocyte precursor cell,oligodendrocyte precursor cell,ADORA3,105734,0.0,0.0,0.0,11
HBCA non-neuronal,roi,Human CEN,human cen,ADORA1,12647,37.16296354866767,0.676998496055603,19.213459748247708,1
HBCA non-neuronal,roi,Human LP-VPL,human lp-vpl,ADORA1,16179,35.144322887693924,0.5228382349014282,14.780853594146881,2
HBCA non-neuronal,roi,Human CM,human cm,ADORA1,6909,29.700390794615718,0.41670283675193787,10.345603231643604,3
HBCA non-neuronal,roi,Human VA,human va,ADORA1,4310,29.76798143851508,0.4146171808242798,10.325290812310982,4
HBCA non-neuronal,roi,Human CA1R-CA2R,human ca1r-ca2r,ADORA1,1569,26.704907584448694,0.35882729291915894,8.188313325634532,5
HBCA non-neuronal,roi,Human MD-Re,human md-re,ADORA1,4439,26.312232484793874,0.3570623993873596,8.033713001531401,6
HBCA non-neuronal,roi,Human CoA,human coa,ADORA1,2476,26.292407108239097,0.35460421442985535,7.97999057609778,7
HBCA non-neuronal,roi,Human Cla,human cla,ADORA1,12236,24.87741091860085,0.3430042564868927,7.336574539017598,8
HBCA non-neuronal,roi,Human PN,human pn,ADORA1,15355,24.69553891240638,0.3409312963485718,7.244791210875283,9
HBCA non-neuronal,roi,Human PAG,human pag,ADORA1,17187,24.914179321580264,0.33007505536079407,7.1064052378465306,10
HBCA non-neuronal,roi,Human Gpe,human gpe,ADORA1,2478,23.930589184826474,0.3284907042980194,6.797328047131256,11
HBCA non-neuronal,roi,Human CA3R,human ca3r,ADORA1,3276,23.748473748473746,0.3144078254699707,6.492505976308187,12
HBCA non-neuronal,roi,Human SN,human sn,ADORA1,50837,22.566241123591084,0.3123708963394165,6.134301962661766,13
HBCA non-neuronal,roi,Human SN-RN,human sn-rn,ADORA1,37737,21.67368895248695,0.2919415831565857,5.551632849792785,14
HBCA non-neuronal,roi,Human TH-TL,human th-tl,ADORA1,8423,21.939926392021842,0.2862400710582733,5.522790428361422,15
HBCA non-neuronal,roi,Human HTHpo,human hthpo,ADORA1,1722,21.138211382113823,0.25783970952033997,4.849015499478399,16
HBCA non-neuronal,roi,Human BM,human bm,ADORA1,4806,20.266333749479816,0.2636288106441498,4.742070594858273,17
HBCA non-neuronal,roi,Human CbDN,human cbdn,ADORA1,28652,19.94974172832612,0.26717156171798706,4.723845479550056,18
HBCA non-neuronal,roi,Human IC,human ic,ADORA1,4290,19.953379953379955,0.2594405710697174,4.602598887393656,19
HBCA non-neuronal,roi,Human CM-Pf,human cm-pf,ADORA1,8333,18.58874354974199,0.28009119629859924,4.590143028385557,20
HBCA non-neuronal,roi,Human A14,human a14,ADORA1,877,19.84036488027366,0.25313568115234375,4.476957603824475,21
HBCA non-neuronal,roi,Human MoRF-MoEN,human morf-moen,ADORA1,9086,19.656614571868808,0.25038519501686096,4.392303153260968,22
HBCA non-neuronal,roi,Human MN,human mn,ADORA1,10739,18.7913213520812,0.2552379071712494,4.271739420504767,23
HBCA non-neuronal,roi,Human CA1U,human ca1u,ADORA1,24394,19.32032467000082,0.24157579243183136,4.180558382414312,24
HBCA non-neuronal,roi,Human CA1-3,human ca1-3,ADORA1,814,18.42751842751843,0.2506142556667328,4.121035045723493,25
HBCA non-neuronal,roi,Human Idg,human idg,ADORA1,3241,19.376735575439678,0.2366553544998169,4.115820941059267,26
HBCA non-neuronal,roi,Human HTHso-HTHtub,human hthso-hthtub,ADORA1,1247,19.0056134723336,0.24057738482952118,4.097171314228867,27
HBCA non-neuronal,roi,Human A35-36,human a35-36,ADORA1,72,18.055555555555554,0.25,4.028980787617676,28
HBCA non-neuronal,roi,Human V2,human v2,ADORA1,2982,18.947015425888665,0.2327297180891037,3.9643028597608705,29
HBCA non-neuronal,roi,Human Pir,human pir,ADORA1,4755,18.46477392218717,0.23722396790981293,3.9305989054747488,30
HBCA non-neuronal,roi,Human V1C,human v1c,ADORA1,2872,18.419220055710305,0.23433147370815277,3.8777893117513917,31
HBCA non-neuronal,roi,Human SI,human si,ADORA1,4835,18.221302998965875,0.2361944168806076,3.863602119822514,32
HBCA non-neuronal,roi,Human A32,human a32,ADORA1,2016,18.055555555555554,0.2375992089509964,3.848963825356142,33
HBCA non-neuronal,roi,Human PAG-DR,human pag-dr,ADORA1,3406,18.408690546095126,0.23253083229064941,3.8486983546628566,34
HBCA non-neuronal,roi,Human Sub,human sub,ADORA1,13773,18.50722427938721,0.22950699925422668,3.823838227345401,35
HBCA non-neuronal,roi,Human CaB,human cab,ADORA1,2787,18.119842124147826,0.23286688327789307,3.7932486412754804,36
HBCA non-neuronal,roi,Human S1C,human s1c,ADORA1,2726,17.828319882611883,0.2281731516122818,3.664215768346,37
HBCA non-neuronal,roi,Human A38,human a38,ADORA1,3165,17.44075829383886,0.22843602299690247,3.5882936027903796,38
HBCA non-neuronal,roi,Human Ig,human ig,ADORA1,3617,17.721868952170308,0.22145424783229828,3.5451208609500577,39
HBCA non-neuronal,roi,Human A35-A36,human a35-a36,ADORA1,1948,17.813141683778234,0.2197125256061554,3.5379606309943203,40
HBCA non-neuronal,roi,Human STG,human stg,ADORA1,13196,17.66444377083965,0.22127917408943176,3.5311013385887136,41
HBCA non-neuronal,roi,Human A43,human a43,ADORA1,3796,17.2550052687039,0.22049525380134583,3.43817578983779,42
HBCA non-neuronal,roi,Human PnRF,human pnrf,ADORA1,33322,17.465938419062482,0.21535322070121765,3.4064649534973426,43
HBCA non-neuronal,roi,Human LEC,human lec,ADORA1,2878,17.19944405837387,0.2168172299861908,3.3751952002076977,44
HBCA non-neuronal,roi,Human Pro,human pro,ADORA1,2760,16.992753623188406,0.2188405841588974,3.362867064088208,45
HBCA non-neuronal,roi,Human CBL,human cbl,ADORA1,3218,16.407706650093225,0.22498446702957153,3.329585784976745,46
HBCA non-neuronal,roi,Human MTG,human mtg,ADORA1,22134,17.186229330441854,0.21003885567188263,3.2765970927781405,47
HBCA non-neuronal,roi,Human ITG,human itg,ADORA1,2911,17.073170731707318,0.21092407405376434,3.2675277071610163,48
HBCA non-neuronal,roi,Human A24,human a24,ADORA1,3653,16.589104845332603,0.21708184480667114,3.259030226993624,49
HBCA non-neuronal,roi,Human CA4C-DGC,human ca4c-dgc,ADORA1,19743,16.60841817352986,0.2071113884449005,3.1262062603024443,50
HBCA non-neuronal,roi,Human A35r,human a35r,ADORA1,17491,16.865816705734378,0.2018180787563324,3.10053544003864,51
HBCA non-neuronal,roi,Human A5-A7,human a5-a7,ADORA1,2758,16.533720087019578,0.20050761103630066,3.021446022688654,52
HBCA non-neuronal,roi,Human MD,human md,ADORA1,3396,16.28386336866902,0.20376914739608765,3.019966063723838,53
HBCA non-neuronal,roi,Human HTHso,human hthso,ADORA1,3013,16.495187520743446,0.19980086386203766,3.0046907179584954,54
HBCA non-neuronal,roi,Human BL,human bl,ADORA1,4596,16.166231505657095,0.20213228464126587,2.9761528435569287,55
HBCA non-neuronal,roi,Human DGR-CA4Rpy,human dgr-ca4rpy,ADORA1,14520,15.702479338842975,0.20847107470035553,2.9733584578088936,56
HBCA non-neuronal,roi,Human NAC,human nac,ADORA1,2720,15.992647058823529,0.20110294222831726,2.9304966961853345,57
HBCA non-neuronal,roi,Human FI,human fi,ADORA1,2338,15.953806672369547,0.2001710832118988,2.9109972309125287,58
HBCA non-neuronal,roi,Human ANC,human anc,ADORA1,6272,15.768494897959185,0.1997767835855484,2.8720031095123852,59
HBCA non-neuronal,roi,Human A46,human a46,ADORA1,3136,15.752551020408163,0.19228316843509674,2.7704026892337943,60
HBCA non-neuronal,roi,Human DGU-CA4Upy,human dgu-ca4upy,ADORA1,13331,15.28767534318506,0.1957092434167862,2.732511729243837,61
HBCA non-neuronal,roi,Human CMN,human cmn,ADORA1,3966,15.456379223398892,0.19238527119159698,2.7196384972563794,62
HBCA non-neuronal,roi,Human HTHtub,human hthtub,ADORA1,2166,15.189289012003693,0.19252078235149384,2.674368564968048,63
HBCA non-neuronal,roi,Human A19,human a19,ADORA1,2886,15.315315315315313,0.18988218903541565,2.662633445048024,64
HBCA non-neuronal,roi,Human A1C,human a1c,ADORA1,2607,15.304948216340621,0.1860375851392746,2.6112995131638086,65
HBCA non-neuronal,roi,Human Pu,human pu,ADORA1,3675,15.292517006802722,0.18557822704315186,2.6032545120570347,66
HBCA non-neuronal,roi,Human BNST,human bnst,ADORA1,3656,15.289934354485776,0.18490153551101685,2.594085350521902,67
HBCA non-neuronal,roi,Human PB,human pb,ADORA1,8575,14.96209912536443,0.18425655364990234,2.5303183383544696,68
HBCA non-neuronal,roi,Human A25,human a25,ADORA1,2663,14.570033796470147,0.1798723191022873,2.4099743389906667,69
HBCA non-neuronal,roi,Human A44-A45,human a44-a45,ADORA1,2555,14.403131115459884,0.1776908040046692,2.355712397131448,70
HBCA non-neuronal,roi,Human A40,human a40,ADORA1,3050,13.967213114754099,0.18163934350013733,2.3311662574830954,71
HBCA non-neuronal,roi,Human CA2U-CA3U,human ca2u-ca3u,ADORA1,1185,13.755274261603375,0.17468354105949402,2.2145824374527154,72
HBCA non-neuronal,roi,Human Pul,human pul,ADORA1,15945,13.759799310128567,0.1673251837491989,2.128846852199019,73
HBCA non-neuronal,roi,Human PTR,human ptr,ADORA1,2285,13.522975929978118,0.16849015653133392,2.105695726062009,74
HBCA non-neuronal,roi,Human MG,human mg,ADORA1,3691,13.790300731509076,0.16255757212638855,2.0771279400272236,75
HBCA non-neuronal,roi,Human MEC,human mec,ADORA1,3480,13.620689655172413,0.16379310190677643,2.0660486714816986,76
HBCA non-neuronal,roi,Human AON,human aon,ADORA1,1967,13.37061514997458,0.16370107233524323,2.0270588702513024,77
HBCA non-neuronal,roi,Human CA1C-CA3C,human ca1c-ca3c,ADORA1,4448,13.534172661870503,0.15962229669094086,2.0043344462514296,78
HBCA non-neuronal,roi,Human La,human la,ADORA1,4420,13.416289592760181,0.15882353484630585,1.9776321437062747,79
HBCA non-neuronal,roi,Human ETH,human eth,ADORA1,2048,13.0859375,0.1591796875,1.9329577077508597,80
HBCA non-neuronal,roi,Human GPe,human gpe,ADORA1,33090,13.00090661831369,0.15418554842472076,1.864264255128294,81
HBCA non-neuronal,roi,Human SC,human sc,ADORA1,2741,12.769062385990516,0.15505290031433105,1.8406111062387092,82
HBCA non-neuronal,roi,Human PnAN,human pnan,ADORA1,9651,12.610092218422961,0.15169411897659302,1.7809738311454029,83
HBCA non-neuronal,roi,Human HTHpo-HTHso,human hthpo-hthso,ADORA1,2019,12.67954432887568,0.1505695879459381,1.7783962896314909,84
HBCA non-neuronal,roi,Human TF,human tf,ADORA1,2486,12.711182622687048,0.1484312117099762,1.7591876007685407,85
HBCA non-neuronal,roi,Human M1C,human m1c,ADORA1,6320,12.68987341772152,0.1460442990064621,1.7298362475460216,86
HBCA non-neuronal,roi,Human LG,human lg,ADORA1,8595,12.635253054101222,0.14659686386585236,1.7284812178352487,87
HBCA non-neuronal,roi,Human VLN,human vln,ADORA1,12582,12.39866475917978,0.1490224152803421,1.7223172088210807,88
HBCA non-neuronal,roi,Human A13,human a13,ADORA1,2279,12.373848179025888,0.14831066131591797,1.7112026308873627,89
HBCA non-neuronal,roi,Human CBV,human cbv,ADORA1,17133,11.801786026965505,0.14539194107055664,1.6020556911222839,90
HBCA non-neuronal,roi,Human VPL,human vpl,ADORA1,4553,12.189764990116407,0.13771140575408936,1.5727077028744227,91
HBCA non-neuronal,roi,Human SpC,human spc,ADORA1,18152,11.849933891582195,0.14136183261871338,1.5668236116981964,92
HBCA non-neuronal,roi,Human HTHma,human hthma,ADORA1,1074,12.104283054003725,0.1378026008605957,1.5626491337031638,93
HBCA non-neuronal,roi,Human RN,human rn,ADORA1,2973,12.008072653884964,0.13622602820396423,1.5335782049055953,94
HBCA non-neuronal,roi,Human A23,human a23,ADORA1,2409,11.124948111249482,0.1390618532896042,1.4485237341917103,95
HBCA non-neuronal,roi,Human CA1R-CA2R-CA3R,human ca1r-ca2r-ca3r,ADORA1,7010,11.01283880171184,0.12667617201805115,1.313521740158217,96
HBCA non-neuronal,roi,Human DTg,human dtg,ADORA1,8080,10.594059405940595,0.11955445259809494,1.1963955613645425,97
HBCA non-neuronal,roi,Human SEP,human sep,ADORA1,20296,9.859085534095389,0.12746353447437286,1.1827989275428965,98
HBCA non-neuronal,roi,Human GPi,human gpi,ADORA1,32242,9.059611686619936,0.12046398967504501,1.0304662888040623,99
HBCA non-neuronal,roi,Human IO,human io,ADORA1,11015,9.58692691783931,0.11012256145477295,1.0015503291086167,100
HBCA non-neuronal,roi,Human STH,human sth,ADORA1,19559,9.60683061506212,0.10920803993940353,0.9957122860639036,101
HBCA non-neuronal,roi,Human PnEN,human pnen,ADORA1,22144,9.524024566473988,0.10996206849813461,0.9936018841846609,102
HBCA non-neuronal,roi,Human HTHma-HTHtub,human hthma-hthtub,ADORA1,2211,9.226594301221166,0.1022161915898323,0.8979586617624495,103
HBCA non-neuronal,roi,Human A29-A30,human a29-a30,ADORA1,2427,9.147095179233622,0.10053563863039017,0.8762643271475269,104
HBCA non-neuronal,roi,Human LP,human lp,ADORA1,13608,8.715461493239271,0.09619341790676117,0.8004597875482569,105
HBCA non-neuronal,roi,Human MoAN,human moan,ADORA1,11580,7.340241796200346,0.0854058712720871,0.6015621170695047,106
HBCA non-neuronal,roi,Human CA1U-CA2U-CA3U,human ca1u-ca2u-ca3u,ADORA1,5917,7.250295757985466,0.0816292017698288,0.5689192861569643,107
HBCA non-neuronal,roi,Human MoSR,human mosr,ADORA1,6454,5.469476293771304,0.06290672719478607,0.3336782580280539,108
HBCA non-neuronal,roi,Human CaB,human cab,ADORA2A,2787,3.803372802296376,0.041980624198913574,0.1564074246141504,1
HBCA non-neuronal,roi,Human Pu,human pu,ADORA2A,3675,3.6734693877551026,0.03891156613826752,0.14022952932683289,2
HBCA non-neuronal,roi,Human VA,human va,ADORA2A,4310,2.2273781902552203,0.0236658938229084,0.052098816477321654,3
HBCA non-neuronal,roi,Human NAC,human nac,ADORA2A,2720,2.1323529411764706,0.02242647111415863,0.04729280649198303,4
HBCA non-neuronal,roi,Human HTHpo,human hthpo,ADORA2A,1722,1.5679442508710801,0.01684088259935379,0.02618568377022354,5
HBCA non-neuronal,roi,Human ANC,human anc,ADORA2A,6272,1.3392857142857142,0.016262754797935486,0.0216052669390166,6
HBCA non-neuronal,roi,Human CM,human cm,ADORA2A,6909,1.3026487190620928,0.014039658010005951,0.018161547808572164,7
HBCA non-neuronal,roi,Human CA2U-CA3U,human ca2u-ca3u,ADORA2A,1185,1.2658227848101267,0.012658228166401386,0.015922509520482898,8
HBCA non-neuronal,roi,Human MD-Re,human md-re,ADORA2A,4439,1.1489074115791844,0.013066005893051624,0.014914405960270037,9
HBCA non-neuronal,roi,Human CEN,human cen,ADORA2A,12647,1.0911678658970507,0.011860520578920841,0.012865672076507342,10
HBCA non-neuronal,roi,Human CBL,human cbl,ADORA2A,3218,1.0876320696084525,0.011187072843313217,0.012099863652595466,11
HBCA non-neuronal,roi,Human CBV,human cbv,ADORA2A,17133,0.9922372030584252,0.011206443421542645,0.011057606931632994,12
HBCA non-neuronal,roi,Human LG,human lg,ADORA2A,8595,1.0122164048865618,0.010587550699710846,0.010660556972452518,13
HBCA non-neuronal,roi,Human SI,human si,ADORA2A,4835,0.9720785935884179,0.010961737483739853,0.010597691341598292,14
HBCA non-neuronal,roi,Human LP-VPL,human lp-vpl,ADORA2A,16179,0.9580320168119166,0.010816490277647972,0.010306901694015339,15
HBCA non-neuronal,roi,Human TH-TL,human th-tl,ADORA2A,8423,0.9379081087498516,0.009972693398594856,0.009307138141335913,16
HBCA non-neuronal,roi,Human CA3R,human ca3r,ADORA2A,3276,0.9462759462759462,0.00976801011711359,0.00919838086101368,17
HBCA non-neuronal,roi,Human PN,human pn,ADORA2A,15355,0.9247802018886355,0.009833930060267448,0.00904979885656111,18
HBCA non-neuronal,roi,Human HTHso,human hthso,ADORA2A,3013,0.9293063391968137,0.009624958969652653,0.00890176422009849,19
HBCA non-neuronal,roi,Human MD,human md,ADORA2A,3396,0.8539458186101295,0.010306242853403091,0.008755929727935234,20
HBCA non-neuronal,roi,Human CA1R-CA2R,human ca1r-ca2r,ADORA2A,1569,0.8922880815806247,0.009560229256749153,0.008489959997524485,21
HBCA non-neuronal,roi,Human A32,human a32,ADORA2A,2016,0.8928571428571428,0.009424603544175625,0.00837541879603395,22
HBCA non-neuronal,roi,Human FI,human fi,ADORA2A,2338,0.8554319931565441,0.009837468154728413,0.008374161920148315,23
HBCA non-neuronal,roi,Human V2,human v2,ADORA2A,2982,0.8383635144198525,0.009389671497046947,0.007835230174816738,24
HBCA non-neuronal,roi,Human CA1-3,human ca1-3,ADORA2A,814,0.85995085995086,0.008599508553743362,0.007363538554249414,25
HBCA non-neuronal,roi,Human MoRF-MoEN,human morf-moen,ADORA2A,9086,0.8254457406999779,0.008914814330637455,0.00732608846349819,26
HBCA non-neuronal,roi,Human V1C,human v1c,ADORA2A,2872,0.8356545961002786,0.008704734966158867,0.007242674536117315,27
HBCA non-neuronal,roi,Human SC,human sc,ADORA2A,2741,0.7661437431594309,0.00948558934032917,0.007233073916997957,28
HBCA non-neuronal,roi,Human BM,human bm,ADORA2A,4806,0.8114856429463172,0.008531003259122372,0.00689342438187923,29
HBCA non-neuronal,roi,Human Pul,human pul,ADORA2A,15945,0.783944810285356,0.008654750883579254,0.006755654772648777,30
HBCA non-neuronal,roi,Human CA4C-DGC,human ca4c-dgc,ADORA2A,19743,0.8002836448361444,0.008458694443106651,0.0067408852981505835,31
HBCA non-neuronal,roi,Human A24,human a24,ADORA2A,3653,0.8212428141253765,0.008212428539991379,0.006716854677201602,32
HBCA non-neuronal,roi,Human A19,human a19,ADORA2A,2886,0.693000693000693,0.009009009227156639,0.006215294663174145,33
HBCA non-neuronal,roi,Human A14,human a14,ADORA2A,877,0.6841505131128849,0.009122006595134735,0.006212532993115046,34
HBCA non-neuronal,roi,Human CoA,human coa,ADORA2A,2476,0.7269789983844911,0.007673667278140783,0.005557299683516158,35
HBCA non-neuronal,roi,Human CbDN,human cbdn,ADORA2A,28652,0.7259528130671506,0.007573642302304506,0.00547739111726885,36
HBCA non-neuronal,roi,Human A35r,human a35r,ADORA2A,17491,0.7089360242410383,0.007661082781851292,0.0054105187149175015,37
HBCA non-neuronal,roi,Human Pir,human pir,ADORA2A,4755,0.7150368033648791,0.007570977788418531,0.005393137757128143,38
HBCA non-neuronal,roi,Human IC,human ic,ADORA2A,4290,0.7226107226107227,0.007459207437932491,0.005370099739701319,39
HBCA non-neuronal,roi,Human DGR-CA4Rpy,human dgr-ca4rpy,ADORA2A,14520,0.6955922865013774,0.007713498547673225,0.005344862695418317,40
HBCA non-neuronal,roi,Human Cla,human cla,ADORA2A,12236,0.6783262504086303,0.00776397529989481,0.005246168941555381,41
HBCA non-neuronal,roi,Human A13,human a13,ADORA2A,2279,0.7020623080298377,0.007459411863237619,0.005217536137165374,42
HBCA non-neuronal,roi,Human SN-RN,human sn-rn,ADORA2A,37737,0.7048785012057133,0.00741977384313941,0.005210731657888943,43
HBCA non-neuronal,roi,Human ITG,human itg,ADORA2A,2911,0.7214015802129852,0.007214015815407038,0.00518552060309586,44
HBCA non-neuronal,roi,Human ETH,human eth,ADORA2A,2048,0.68359375,0.00732421875,0.004988543787399799,45
HBCA non-neuronal,roi,Human A35-A36,human a35-a36,ADORA2A,1948,0.6673511293634496,0.00718685844913125,0.004779005580711399,46
HBCA non-neuronal,roi,Human A1C,human a1c,ADORA2A,2607,0.6904487917146145,0.00690448796376586,0.004750813214169685,47
HBCA non-neuronal,roi,Human SN,human sn,ADORA2A,50837,0.6530676475795189,0.007101126946508884,0.004621128011908391,48
HBCA non-neuronal,roi,Human SpC,human spc,ADORA2A,18152,0.6665932128691053,0.006941383704543114,0.004611094029534269,49
HBCA non-neuronal,roi,Human BL,human bl,ADORA2A,4596,0.6309834638816362,0.007180156651884317,0.004514372490014464,50
HBCA non-neuronal,roi,Human CA1U,human ca1u,ADORA2A,24394,0.6517996228580798,0.0068869395181536674,0.004473517778326115,51
HBCA non-neuronal,roi,Human MN,human mn,ADORA2A,10739,0.6518297793090605,0.00661141611635685,0.00429533438111341,52
HBCA non-neuronal,roi,Human Gpe,human gpe,ADORA2A,2478,0.645682001614205,0.006456819828599691,0.0041556505985826005,53
HBCA non-neuronal,roi,Human PTR,human ptr,ADORA2A,2285,0.612691466083151,0.0065645514987409115,0.0040089007136991815,54
HBCA non-neuronal,roi,Human CM-Pf,human cm-pf,ADORA2A,8333,0.6120244809792391,0.006480259355157614,0.003953282011870239,55
HBCA non-neuronal,roi,Human DGU-CA4Upy,human dgu-ca4upy,ADORA2A,13331,0.6076063311079438,0.0064511289820075035,0.003907157530509828,56
HBCA non-neuronal,roi,Human A43,human a43,ADORA2A,3796,0.6059009483667017,0.006322444882243872,0.003818716219247356,57
HBCA non-neuronal,roi,Human PAG,human pag,ADORA2A,17187,0.605108512247629,0.0061674523167312145,0.003720516598405166,58
HBCA non-neuronal,roi,Human PnRF,human pnrf,ADORA2A,33322,0.5881999879959185,0.0063021425157785416,0.0036952882276999077,59
HBCA non-neuronal,roi,Human HTHtub,human hthtub,ADORA2A,2166,0.6001846722068329,0.006001846864819527,0.0035914495767583295,60
HBCA non-neuronal,roi,Human GPe,human gpe,ADORA2A,33090,0.5893019038984587,0.006104563362896442,0.0035864949233721808,61
HBCA non-neuronal,roi,Human CA1C-CA3C,human ca1c-ca3c,ADORA2A,4448,0.5845323741007195,0.006070144008845091,0.0035374700414862164,62
HBCA non-neuronal,roi,Human HTHpo-HTHso,human hthpo-hthso,ADORA2A,2019,0.5943536404160475,0.005943536292761564,0.0035221058881464897,63
HBCA non-neuronal,roi,Human A40,human a40,ADORA2A,3050,0.5901639344262295,0.005901639349758625,0.00347269744395949,64
HBCA non-neuronal,roi,Human MTG,human mtg,ADORA2A,22134,0.5511882172223729,0.006144393235445023,0.0033763549171474463,65
HBCA non-neuronal,roi,Human CMN,human cmn,ADORA2A,3966,0.5547150781643975,0.0057992939837276936,0.0032076636871097206,66
HBCA non-neuronal,roi,Human A44-A45,human a44-a45,ADORA2A,2555,0.547945205479452,0.005870841443538666,0.003207493264643723,67
HBCA non-neuronal,roi,Human AON,human aon,ADORA2A,1967,0.5592272496187087,0.005592272616922855,0.0031186391993029785,68
HBCA non-neuronal,roi,Human Sub,human sub,ADORA2A,13773,0.5372830901038264,0.005590648390352726,0.002995395521390333,69
HBCA non-neuronal,roi,Human BNST,human bnst,ADORA2A,3656,0.5470459518599562,0.005470459349453449,0.0029844369438245077,70
HBCA non-neuronal,roi,Human PAG-DR,human pag-dr,ADORA2A,3406,0.5284791544333529,0.005578391253948212,0.0029398712195324982,71
HBCA non-neuronal,roi,Human M1C,human m1c,ADORA2A,6320,0.5221518987341772,0.005537974648177624,0.0028836864361838736,72
HBCA non-neuronal,roi,Human STG,human stg,ADORA2A,13196,0.5153076689906032,0.005456198938190937,0.0028039785612802826,73
HBCA non-neuronal,roi,Human SEP,human sep,ADORA2A,20296,0.5074891604256997,0.00546905817463994,0.0027679256485613115,74
HBCA non-neuronal,roi,Human Ig,human ig,ADORA2A,3617,0.525297207630633,0.00525297224521637,0.002752149481688667,75
HBCA non-neuronal,roi,Human Pro,human pro,ADORA2A,2760,0.5072463768115941,0.005434782709926367,0.0027493096369680466,76
HBCA non-neuronal,roi,Human PnEN,human pnen,ADORA2A,22144,0.5057803468208093,0.005419075023382902,0.0027334618984829295,77
HBCA non-neuronal,roi,Human A46,human a46,ADORA2A,3136,0.5102040816326531,0.005102040711790323,0.002596463981360057,78
HBCA non-neuronal,roi,Human A38,human a38,ADORA2A,3165,0.5055292259083728,0.005055292043834925,0.002549159914920147,79
HBCA non-neuronal,roi,Human A23,human a23,ADORA2A,2409,0.45662100456621,0.004981319885700941,0.0022689288401316478,80
HBCA non-neuronal,roi,Human HTHma,human hthma,ADORA2A,1074,0.4655493482309125,0.004655493423342705,0.002162332463050041,81
HBCA non-neuronal,roi,Human A25,human a25,ADORA2A,2663,0.4506196019526849,0.004506195895373821,0.0020260188025138315,82
HBCA non-neuronal,roi,Human PnAN,human pnan,ADORA2A,9651,0.41446482229820747,0.0045591131784021854,0.001885297648796552,83
HBCA non-neuronal,roi,Human CA1R-CA2R-CA3R,human ca1r-ca2r-ca3r,ADORA2A,7010,0.42796005706134094,0.004279600456357002,0.0018275901610625353,84
HBCA non-neuronal,roi,Human VLN,human vln,ADORA2A,12582,0.41328882530599265,0.004371324088424444,0.0018026822077429857,85
HBCA non-neuronal,roi,Human DTg,human dtg,ADORA2A,8080,0.40841584158415845,0.004331683274358511,0.0017653074479139841,86
HBCA non-neuronal,roi,Human MoAN,human moan,ADORA2A,11580,0.4058721934369603,0.00431778933852911,0.0017486980855957208,87
HBCA non-neuronal,roi,Human GPi,human gpi,ADORA2A,32242,0.40940388313380066,0.004187085200101137,0.0017106301567943695,88
HBCA non-neuronal,roi,Human PB,human pb,ADORA2A,8575,0.3848396501457726,0.0039650145918130875,0.0015228777033729835,89
HBCA non-neuronal,roi,Human S1C,human s1c,ADORA2A,2726,0.36683785766691124,0.00403521629050374,0.0014772915043825868,90
HBCA non-neuronal,roi,Human MEC,human mec,ADORA2A,3480,0.3735632183908046,0.0037356321699917316,0.0013928947217763377,91
HBCA non-neuronal,roi,Human RN,human rn,ADORA2A,2973,0.3699966363942146,0.003699966473504901,0.0013664487985818785,92
HBCA non-neuronal,roi,Human A5-A7,human a5-a7,ADORA2A,2758,0.36258158085569253,0.003625815734267235,0.0013122763996706891,93
HBCA non-neuronal,roi,Human IO,human io,ADORA2A,11015,0.34498411257376305,0.0036314118187874556,0.0012505101966732645,94
HBCA non-neuronal,roi,Human LEC,human lec,ADORA2A,2878,0.3127171646977068,0.003822098718956113,0.0011929575233776595,95
HBCA non-neuronal,roi,Human LP,human lp,ADORA2A,13608,0.30864197530864196,0.003233392024412751,0.000996350572020721,96
HBCA non-neuronal,roi,Human TF,human tf,ADORA2A,2486,0.2815768302493966,0.00321802101098001,0.0009046653193917354,97
HBCA non-neuronal,roi,Human Idg,human idg,ADORA2A,3241,0.2776920703486578,0.002776920795440674,0.0007700601809755381,98
HBCA non-neuronal,roi,Human HTHma-HTHtub,human hthma-hthtub,ADORA2A,2211,0.27137042062415195,0.0027137042488902807,0.0007354216557390796,99
HBCA non-neuronal,roi,Human MoSR,human mosr,ADORA2A,6454,0.26340254105980787,0.0026340254116803408,0.000692896832808368,100
HBCA non-neuronal,roi,Human MG,human mg,ADORA2A,3691,0.2438363587103766,0.002709292806684971,0.0006597307937197042,101
HBCA non-neuronal,roi,Human La,human la,ADORA2A,4420,0.24886877828054296,0.0024886878672987223,0.0006185872925864572,102
HBCA non-neuronal,roi,Human VPL,human vpl,ADORA2A,4553,0.21963540522732264,0.002196354093030095,0.0004818681382139271,103
HBCA non-neuronal,roi,Human A29-A30,human a29-a30,ADORA2A,2427,0.20601565718994644,0.002060156548395753,0.0004239879142976629,104
HBCA non-neuronal,roi,Human STH,human sth,ADORA2A,19559,0.19428396134771717,0.0019939669873565435,0.00038701009052664095,105
HBCA non-neuronal,roi,Human CA1U-CA2U-CA3U,human ca1u-ca2u-ca3u,ADORA2A,5917,0.1521041068108839,0.0016900455811992288,0.000256845894047004,106
HBCA non-neuronal,roi,Human HTHso-HTHtub,human hthso-hthtub,ADORA2A,1247,0.08019246190858059,0.0008019246160984039,6.428253779883845e-05,107
HBCA non-neuronal,roi,Human A35-36,human a35-36,ADORA2A,72,0.0,0.0,0.0,108
HBCA non-neuronal,roi,Human A32,human a32,ADORA2B,2016,13.640873015873014,0.195932537317276,2.440710214699535,1
HBCA non-neuronal,roi,Human A14,human a14,ADORA2B,877,11.972633979475484,0.1687571257352829,1.8670233000270944,2
HBCA non-neuronal,roi,Human CoA,human coa,ADORA2B,2476,10.09693053311793,0.130048468708992,1.2344560224879848,3
HBCA non-neuronal,roi,Human HTHso,human hthso,ADORA2B,3013,10.255559243279123,0.12612015008926392,1.2181371669380074,4
HBCA non-neuronal,roi,Human CBL,human cbl,ADORA2B,3218,8.91858297078931,0.12336855381727219,1.037514888489407,5
HBCA non-neuronal,roi,Human TH-TL,human th-tl,ADORA2B,8423,8.548023269618902,0.1114804670214653,0.903465203979361,6
HBCA non-neuronal,roi,Human ITG,human itg,ADORA2B,2911,8.07282720714531,0.10889728367328644,0.8344565304107531,7
HBCA non-neuronal,roi,Human AON,human aon,ADORA2B,1967,7.88002033553635,0.10574478656053543,0.7920927326453382,8
HBCA non-neuronal,roi,Human A35-36,human a35-36,ADORA2B,72,6.944444444444445,0.1111111119389534,0.7316702527978081,9
HBCA non-neuronal,roi,Human Idg,human idg,ADORA2B,3241,7.250848503548288,0.09102129191160202,0.6316520307205866,10
HBCA non-neuronal,roi,Human A46,human a46,ADORA2B,3136,7.079081632653061,0.09215561300516129,0.6240449018722909,11
HBCA non-neuronal,roi,Human A38,human a38,ADORA2B,3165,6.9510268562401265,0.09194312989711761,0.6114039610081929,12
HBCA non-neuronal,roi,Human Ig,human ig,ADORA2B,3617,7.077688692286426,0.08985347300767899,0.6089873996539444,13
HBCA non-neuronal,roi,Human A43,human a43,ADORA2B,3796,7.007376185458377,0.08877766132354736,0.596016973799667,14
HBCA non-neuronal,roi,Human CBV,human cbv,ADORA2B,17133,7.091577657152863,0.08539076894521713,0.5810844253901118,15
HBCA non-neuronal,roi,Human A44-A45,human a44-a45,ADORA2B,2555,6.418786692759296,0.07710371911525726,0.4767598572034152,16
HBCA non-neuronal,roi,Human V2,human v2,ADORA2B,2982,6.371562709590879,0.07645875215530396,0.46943584468067656,17
HBCA non-neuronal,roi,Human V1C,human v1c,ADORA2B,2872,6.197771587743732,0.07590529322624207,0.45344409451329004,18
HBCA non-neuronal,roi,Human A40,human a40,ADORA2B,3050,6.065573770491803,0.07737705111503601,0.45206376053869024,19
HBCA non-neuronal,roi,Human MEC,human mec,ADORA2B,3480,5.948275862068965,0.0752873569726944,0.43177305967975804,20
HBCA non-neuronal,roi,Human A35-A36,human a35-a36,ADORA2B,1948,5.95482546201232,0.07238192856311798,0.41613675552645546,21
HBCA non-neuronal,roi,Human LEC,human lec,ADORA2B,2878,5.837387074357193,0.07123002409934998,0.4016562648943874,22
HBCA non-neuronal,roi,Human A24,human a24,ADORA2B,3653,5.611825896523405,0.07336435467004776,0.3973058945824637,23
HBCA non-neuronal,roi,Human MTG,human mtg,ADORA2B,22134,5.647420258425951,0.06993765383958817,0.3817677517425927,24
HBCA non-neuronal,roi,Human A25,human a25,ADORA2B,2663,5.595193390912505,0.06947052478790283,0.3757938307880463,25
HBCA non-neuronal,roi,Human A5-A7,human a5-a7,ADORA2B,2758,5.293691080493111,0.06780275702476501,0.3472822226615986,26
HBCA non-neuronal,roi,Human FI,human fi,ADORA2B,2338,5.132591958939265,0.06971770524978638,0.345909940783706,27
HBCA non-neuronal,roi,Human CEN,human cen,ADORA2B,12647,4.767929153158852,0.07084684073925018,0.3263636796263019,28
HBCA non-neuronal,roi,Human NAC,human nac,ADORA2B,2720,5.147058823529411,0.06507352739572525,0.32449033537139926,29
HBCA non-neuronal,roi,Human Sub,human sub,ADORA2B,13773,5.125971102882451,0.06338488310575485,0.31502735128533454,30
HBCA non-neuronal,roi,Human A23,human a23,ADORA2B,2409,5.06434205064342,0.06392694264650345,0.31382069437820453,31
HBCA non-neuronal,roi,Human A19,human a19,ADORA2B,2886,4.92030492030492,0.05855855718255043,0.2800053568268441,32
HBCA non-neuronal,roi,Human TF,human tf,ADORA2B,2486,4.827031375703942,0.059131134301424026,0.2773075818707073,33
HBCA non-neuronal,roi,Human Pro,human pro,ADORA2B,2760,4.565217391304348,0.056521739810705185,0.25100539919257364,34
HBCA non-neuronal,roi,Human Pir,human pir,ADORA2B,4755,4.374342797055731,0.05573080852627754,0.23723476796587886,35
HBCA non-neuronal,roi,Human A35r,human a35r,ADORA2B,17491,4.528042993539535,0.05259848013520241,0.2321158608262887,36
HBCA non-neuronal,roi,Human CA1-3,human ca1-3,ADORA2B,814,4.176904176904177,0.052825551480054855,0.21501679911382868,37
HBCA non-neuronal,roi,Human SI,human si,ADORA2B,4835,4.074457083764219,0.054188210517168045,0.21501318304225803,38
HBCA non-neuronal,roi,Human HTHpo,human hthpo,ADORA2B,1722,4.29732868757259,0.051103368401527405,0.21418075040546697,39
HBCA non-neuronal,roi,Human BM,human bm,ADORA2B,4806,4.20307948397836,0.051602162420749664,0.21147739861939,40
HBCA non-neuronal,roi,Human SEP,human sep,ADORA2B,20296,3.9810800157666533,0.0541485995054245,0.20993599012167963,41
HBCA non-neuronal,roi,Human S1C,human s1c,ADORA2B,2726,4.145267791636097,0.049523111432790756,0.20036517239263393,42
HBCA non-neuronal,roi,Human A13,human a13,ADORA2B,2279,4.036858271171567,0.0500219389796257,0.19704332408979047,43
HBCA non-neuronal,roi,Human STG,human stg,ADORA2B,13196,4.099727190057593,0.04910578951239586,0.19653342838550544,44
HBCA non-neuronal,roi,Human CA1U,human ca1u,ADORA2B,24394,4.078871853734524,0.04751168191432953,0.1893311359875403,45
HBCA non-neuronal,roi,Human DGR-CA4Rpy,human dgr-ca4rpy,ADORA2B,14520,3.898071625344353,0.04573002830147743,0.17430318172346565,46
HBCA non-neuronal,roi,Human Pu,human pu,ADORA2B,3675,3.8095238095238098,0.045986395329236984,0.1712775587837905,47
HBCA non-neuronal,roi,Human CA1R-CA2R,human ca1r-ca2r,ADORA2B,1569,3.696622052262587,0.045889101922512054,0.1658575944614185,48
HBCA non-neuronal,roi,Human CaB,human cab,ADORA2B,2787,3.659849300322928,0.04449228569865227,0.15931659373446191,49
HBCA non-neuronal,roi,Human CMN,human cmn,ADORA2B,3966,3.7317196167423092,0.04261220246553421,0.15572203681833044,50
HBCA non-neuronal,roi,Human A1C,human a1c,ADORA2B,2607,3.64403528960491,0.04296125844120979,0.15328281330358073,51
HBCA non-neuronal,roi,Human DGU-CA4Upy,human dgu-ca4upy,ADORA2B,13331,3.4806091065936537,0.04178231209516525,0.1424718002985392,52
HBCA non-neuronal,roi,Human BL,human bl,ADORA2B,4596,3.372497824194952,0.040034811943769455,0.13238465558025997,53
HBCA non-neuronal,roi,Human Cla,human cla,ADORA2B,12236,3.3671134357633212,0.0397188626229763,0.1311502542475063,54
HBCA non-neuronal,roi,Human CA1C-CA3C,human ca1c-ca3c,ADORA2B,4448,2.922661870503597,0.033048562705516815,0.09502801365400589,55
HBCA non-neuronal,roi,Human HTHso-HTHtub,human hthso-hthtub,ADORA2B,1247,2.405773857257418,0.033680833876132965,0.0796938022560585,56
HBCA non-neuronal,roi,Human CA2U-CA3U,human ca2u-ca3u,ADORA2B,1185,2.447257383966245,0.03291139379143715,0.07924564679425826,57
HBCA non-neuronal,roi,Human CA1R-CA2R-CA3R,human ca1r-ca2r-ca3r,ADORA2B,7010,2.596291012838802,0.03038516454398632,0.07771394418056077,58
HBCA non-neuronal,roi,Human CA4C-DGC,human ca4c-dgc,ADORA2B,19743,2.4464367117459354,0.028921643272042274,0.06975110454546825,59
HBCA non-neuronal,roi,Human M1C,human m1c,ADORA2B,6320,2.5158227848101267,0.027848102152347565,0.06910309959708084,60
HBCA non-neuronal,roi,Human CA3R,human ca3r,ADORA2B,3276,2.503052503052503,0.02777777798473835,0.06858107142666306,61
HBCA non-neuronal,roi,Human VA,human va,ADORA2B,4310,1.6937354988399074,0.021577727049589157,0.036158243931506295,62
HBCA non-neuronal,roi,Human MD,human md,ADORA2B,3396,1.8551236749116609,0.019434629008173943,0.03570776988349484,63
HBCA non-neuronal,roi,Human La,human la,ADORA2B,4420,1.6742081447963801,0.0194570142775774,0.03226223640579374,64
HBCA non-neuronal,roi,Human MD-Re,human md-re,ADORA2B,4439,1.5994593376886685,0.019373733550310135,0.030691148749207534,65
HBCA non-neuronal,roi,Human A29-A30,human a29-a30,ADORA2B,2427,1.6069221260815822,0.01771734654903412,0.028221126209223155,66
HBCA non-neuronal,roi,Human SC,human sc,ADORA2B,2741,1.6052535570959505,0.01751185767352581,0.027867670485069756,67
HBCA non-neuronal,roi,Human CA1U-CA2U-CA3U,human ca1u-ca2u-ca3u,ADORA2B,5917,1.5717424370458002,0.01740746945142746,0.02712465173120182,68
HBCA non-neuronal,roi,Human BNST,human bnst,ADORA2B,3656,1.449671772428884,0.015864333137869835,0.022817558063533368,69
HBCA non-neuronal,roi,Human PTR,human ptr,ADORA2B,2285,1.400437636761488,0.016192561015486717,0.02249503335712469,70
HBCA non-neuronal,roi,Human Pul,human pul,ADORA2B,15945,1.317027281279398,0.014675446785986423,0.01918751298150445,71
HBCA non-neuronal,roi,Human CM-Pf,human cm-pf,ADORA2B,8333,1.1640465618624745,0.013440537266433239,0.015541202536962891,72
HBCA non-neuronal,roi,Human MN,human mn,ADORA2B,10739,1.0429276468944968,0.013036595657467842,0.013508364567672662,73
HBCA non-neuronal,roi,Human CbDN,human cbdn,ADORA2B,28652,1.0924193773558566,0.012110847048461437,0.013150651001272348,74
HBCA non-neuronal,roi,Human PAG-DR,human pag-dr,ADORA2B,3406,1.0569583088667058,0.012331180274486542,0.012953838530528044,75
HBCA non-neuronal,roi,Human MoRF-MoEN,human morf-moen,ADORA2B,9086,1.0565705480959717,0.011886418797075748,0.012484786450837216,76
HBCA non-neuronal,roi,Human Gpe,human gpe,ADORA2B,2478,1.0088781275221952,0.010895883664488792,0.010933163053210026,77
HBCA non-neuronal,roi,Human IC,human ic,ADORA2B,4290,0.9557109557109558,0.010722611099481583,0.010193165370209305,78
HBCA non-neuronal,roi,Human MoAN,human moan,ADORA2B,11580,0.932642487046632,0.010103627108037472,0.009375786547556574,79
HBCA non-neuronal,roi,Human LG,human lg,ADORA2B,8595,0.9307737056428156,0.009889470413327217,0.009159641308078123,80
HBCA non-neuronal,roi,Human PB,human pb,ADORA2B,8575,0.9212827988338192,0.009912536479532719,0.009087284374472303,81
HBCA non-neuronal,roi,Human PnAN,human pnan,ADORA2B,9651,0.8703761268262356,0.010154387913644314,0.008793565364337898,82
HBCA non-neuronal,roi,Human ANC,human anc,ADORA2B,6272,0.8450255102040817,0.010044642724096775,0.00844563331383055,83
HBCA non-neuronal,roi,Human LP,human lp,ADORA2B,13608,0.8450911228689008,0.009406231343746185,0.007911969762267088,84
HBCA non-neuronal,roi,Human GPi,human gpi,ADORA2B,32242,0.8188077662676013,0.009118541143834591,0.0074324968078190445,85
HBCA non-neuronal,roi,Human HTHma-HTHtub,human hthma-hthtub,ADORA2B,2211,0.8141112618724559,0.008593396283686161,0.006966092182187478,86
HBCA non-neuronal,roi,Human SN,human sn,ADORA2B,50837,0.7651907075555205,0.008419064804911613,0.00641522280104143,87
HBCA non-neuronal,roi,Human VLN,human vln,ADORA2B,12582,0.7470990303608329,0.008504211902618408,0.006326624954858983,88
HBCA non-neuronal,roi,Human PAG,human pag,ADORA2B,17187,0.7098388316751033,0.007912957109510899,0.005594817532439199,89
HBCA non-neuronal,roi,Human HTHtub,human hthtub,ADORA2B,2166,0.6925207756232686,0.007848569191992283,0.0054140785231826935,90
HBCA non-neuronal,roi,Human SN-RN,human sn-rn,ADORA2B,37737,0.7075284203831783,0.007631767075508833,0.005379191744040428,91
HBCA non-neuronal,roi,Human ETH,human eth,ADORA2B,2048,0.68359375,0.00732421875,0.004988543787399799,92
HBCA non-neuronal,roi,Human CM,human cm,ADORA2B,6909,0.636850484874801,0.007671153638511896,0.004866734953265693,93
HBCA non-neuronal,roi,Human HTHpo-HTHso,human hthpo-hthso,ADORA2B,2019,0.6438831104507181,0.007429420482367277,0.004765995916247491,94
HBCA non-neuronal,roi,Human LP-VPL,human lp-vpl,ADORA2B,16179,0.6180851721367204,0.0074788304045796394,0.004605354232378829,95
HBCA non-neuronal,roi,Human GPe,human gpe,ADORA2B,33090,0.6074342701722575,0.006860078778117895,0.004152818844284763,96
HBCA non-neuronal,roi,Human VPL,human vpl,ADORA2B,4553,0.5710520535910389,0.006589062046259642,0.0037503552751405006,97
HBCA non-neuronal,roi,Human PnRF,human pnrf,ADORA2B,33322,0.5942020286897545,0.006272132508456707,0.003715274655018747,98
HBCA non-neuronal,roi,Human SpC,human spc,ADORA2B,18152,0.5178492728074042,0.005619215313345194,0.002901761366833537,99
HBCA non-neuronal,roi,Human PN,human pn,ADORA2B,15355,0.5144903940084663,0.00560078164562583,0.0028735088982376764,100
HBCA non-neuronal,roi,Human IO,human io,ADORA2B,11015,0.5174761688606446,0.005537902936339378,0.002857826894631098,101
HBCA non-neuronal,roi,Human HTHma,human hthma,ADORA2B,1074,0.4655493482309125,0.005586592014878988,0.0025935963158630958,102
HBCA non-neuronal,roi,Human RN,human rn,ADORA2B,2973,0.4709048099562731,0.005045408848673105,0.0023699336676938467,103
HBCA non-neuronal,roi,Human DTg,human dtg,ADORA2B,8080,0.47029702970297027,0.004950494971126318,0.0023224591507230393,104
HBCA non-neuronal,roi,Human PnEN,human pnen,ADORA2B,22144,0.41094653179190754,0.004290101118385792,0.001759231228151544,105
HBCA non-neuronal,roi,Human STH,human sth,ADORA2B,19559,0.4039061301702541,0.0042435708455741405,0.001710377784947979,106
HBCA non-neuronal,roi,Human MoSR,human mosr,ADORA2B,6454,0.4028509451502944,0.004183452110737562,0.0016817922358370744,107
HBCA non-neuronal,roi,Human MG,human mg,ADORA2B,3691,0.3793010024383636,0.0037930100224912167,0.001435970896132428,108
HBCA non-neuronal,roi,Human CA1R-CA2R,human ca1r-ca2r,ADORA3,1569,0.12746972594008923,0.0012746972497552633,0.0001623818372154513,1
HBCA non-neuronal,roi,Human CA2U-CA3U,human ca2u-ca3u,ADORA3,1185,0.08438818565400844,0.0008438818622380495,7.118362819682385e-05,2
HBCA non-neuronal,roi,Human HTHso-HTHtub,human hthso-hthtub,ADORA3,1247,0.08019246190858059,0.0008019246160984039,6.428253779883845e-05,3
HBCA non-neuronal,roi,Human GPi,human gpi,ADORA3,32242,0.04342162396873643,0.0004652316856663674,2.0196417670819904e-05,4
HBCA non-neuronal,roi,Human A13,human a13,ADORA3,2279,0.04387889425186486,0.0004387889348436147,1.9249350378698072e-05,5
HBCA non-neuronal,roi,Human A25,human a25,ADORA3,2663,0.03755163349605708,0.0003755163343157619,1.4098604795454668e-05,6
HBCA non-neuronal,roi,Human CEN,human cen,ADORA3,12647,0.031628054083972484,0.00031628055148757994,1.0001756790943599e-05,7
HBCA non-neuronal,roi,Human A38,human a38,ADORA3,3165,0.0315955766192733,0.0003159557527396828,9.981227463889256e-06,8
HBCA non-neuronal,roi,Human CBL,human cbl,ADORA3,3218,0.031075201988812924,0.00031075201695784926,9.65518158950511e-06,9
HBCA non-neuronal,roi,Human Idg,human idg,ADORA3,3241,0.030854674483184203,0.0003085467324126512,9.518640594220077e-06,10
HBCA non-neuronal,roi,Human MD,human md,ADORA3,3396,0.029446407538280327,0.0002944640873465687,8.669633136225743e-06,11
HBCA non-neuronal,roi,Human MN,human mn,ADORA3,10739,0.027935561970388306,0.00027935561956837773,7.802866385679115e-06,12
HBCA non-neuronal,roi,Human Ig,human ig,ADORA3,3617,0.02764722145424385,0.00027647221577353776,7.642632136390798e-06,13
HBCA non-neuronal,roi,Human IO,human io,ADORA3,11015,0.027235587834770765,0.00027235588640905917,7.416762712959602e-06,14
HBCA non-neuronal,roi,Human A43,human a43,ADORA3,3796,0.026343519494204423,0.00026343518402427435,6.938895971257807e-06,15
HBCA non-neuronal,roi,Human GPe,human gpe,ADORA3,33090,0.024176488365064974,0.00024176487931981683,5.844319344839723e-06,16
HBCA non-neuronal,roi,Human CM-Pf,human cm-pf,ADORA3,8333,0.024000960038401537,0.00024000959820114076,5.759769602910114e-06,17
HBCA non-neuronal,roi,Human MD-Re,human md-re,ADORA3,4439,0.022527596305474205,0.00022527595865540206,5.074354310359243e-06,18
HBCA non-neuronal,roi,Human CA1C-CA3C,human ca1c-ca3c,ADORA3,4448,0.02248201438848921,0.00022482014901470393,5.053841743528355e-06,19
HBCA non-neuronal,roi,Human PAG,human pag,ADORA3,17187,0.017455053237912375,0.00017455052875448018,3.0465228937586403e-06,20
HBCA non-neuronal,roi,Human CA1U-CA2U-CA3U,human ca1u-ca2u-ca3u,ADORA3,5917,0.01690045631232043,0.00016900456103030592,2.856012867472436e-06,21
HBCA non-neuronal,roi,Human SpC,human spc,ADORA3,18152,0.01652710445130013,0.00016527104889973998,2.731226197849014e-06,22
HBCA non-neuronal,roi,Human CA1U,human ca1u,ADORA3,24394,0.01639747478888251,0.00016397474973928183,2.688551403614999e-06,23
HBCA non-neuronal,roi,Human SN-RN,human sn-rn,ADORA3,37737,0.015899515064790523,0.00015899515710771084,2.5277449513845268e-06,24
HBCA non-neuronal,roi,Human STG,human stg,ADORA3,13196,0.01515610791148833,0.00015156107838265598,2.2969020030732782e-06,25
HBCA non-neuronal,roi,Human DGU-CA4Upy,human dgu-ca4upy,ADORA3,13331,0.015002625459455406,0.00015002625877968967,2.25061894780575e-06,26
HBCA non-neuronal,roi,Human CA1R-CA2R-CA3R,human ca1r-ca2r-ca3r,ADORA3,7010,0.014265335235378032,0.00014265335630625486,2.0348528143193004e-06,27
HBCA non-neuronal,roi,Human DGR-CA4Rpy,human dgr-ca4rpy,ADORA3,14520,0.013774104683195591,0.00013774105173069984,1.8971290124386466e-06,28
HBCA non-neuronal,roi,Human SN,human sn,ADORA3,50837,0.013769498593544071,0.00013769498036708683,1.8958603162734053e-06,29
HBCA non-neuronal,roi,Human PN,human pn,ADORA3,15355,0.013025073266037123,0.00013025072985328734,1.696414822057709e-06,30
HBCA non-neuronal,roi,Human PnRF,human pnrf,ADORA3,33322,0.012004081387671808,0.00012004081509076059,1.4408932329230273e-06,31
HBCA non-neuronal,roi,Human PB,human pb,ADORA3,8575,0.011661807580174927,0.00011661807366181165,1.3598982425991018e-06,32
HBCA non-neuronal,roi,Human LG,human lg,ADORA3,8595,0.011634671320535195,0.00011634671682259068,1.3535770688570706e-06,33
HBCA non-neuronal,roi,Human CbDN,human cbdn,ADORA3,28652,0.010470473265391597,0.00010470473353052512,1.0962507228728752e-06,34
HBCA non-neuronal,roi,Human PnAN,human pnan,ADORA3,9651,0.010361620557455186,0.00010361620661569759,1.0735761975686555e-06,35
HBCA non-neuronal,roi,Human MTG,human mtg,ADORA3,22134,0.009035872413481522,9.035872062668204e-05,8.16432985663558e-07,36
HBCA non-neuronal,roi,Human PnEN,human pnen,ADORA3,22144,0.00903179190751445,9.03179170563817e-05,8.156957969551896e-07,37
HBCA non-neuronal,roi,Human Sub,human sub,ADORA3,13773,0.007260582298700355,7.260582060553133e-05,5.271413993357623e-07,38
HBCA non-neuronal,roi,Human Pul,human pul,ADORA3,15945,0.0062715584822828465,6.271558231674135e-05,3.9331210897980583e-07,39
HBCA non-neuronal,roi,Human CBV,human cbv,ADORA3,17133,0.005836689429755443,5.836689524585381e-05,3.4065949900717904e-07,40
HBCA non-neuronal,roi,Human CA4C-DGC,human ca4c-dgc,ADORA3,19743,0.005065086359722433,5.065086224931292e-05,2.565444944420963e-07,41
HBCA non-neuronal,roi,Human SEP,human sep,ADORA3,20296,0.004927079227433977,4.9270791350863874e-05,2.4275511226494057e-07,42
HBCA non-neuronal,roi,Human A1C,human a1c,ADORA3,2607,0.0,0.0,0.0,43
HBCA non-neuronal,roi,Human A5-A7,human a5-a7,ADORA3,2758,0.0,0.0,0.0,44
HBCA non-neuronal,roi,Human A14,human a14,ADORA3,877,0.0,0.0,0.0,45
HBCA non-neuronal,roi,Human A19,human a19,ADORA3,2886,0.0,0.0,0.0,46
HBCA non-neuronal,roi,Human A23,human a23,ADORA3,2409,0.0,0.0,0.0,47
HBCA non-neuronal,roi,Human A24,human a24,ADORA3,3653,0.0,0.0,0.0,48
HBCA non-neuronal,roi,Human A29-A30,human a29-a30,ADORA3,2427,0.0,0.0,0.0,49
HBCA non-neuronal,roi,Human A32,human a32,ADORA3,2016,0.0,0.0,0.0,50
HBCA non-neuronal,roi,Human A35-36,human a35-36,ADORA3,72,0.0,0.0,0.0,51
HBCA non-neuronal,roi,Human A35-A36,human a35-a36,ADORA3,1948,0.0,0.0,0.0,52
HBCA non-neuronal,roi,Human A35r,human a35r,ADORA3,17491,0.0,0.0,0.0,53
HBCA non-neuronal,roi,Human A40,human a40,ADORA3,3050,0.0,0.0,0.0,54
HBCA non-neuronal,roi,Human A44-A45,human a44-a45,ADORA3,2555,0.0,0.0,0.0,55
HBCA non-neuronal,roi,Human A46,human a46,ADORA3,3136,0.0,0.0,0.0,56
HBCA non-neuronal,roi,Human ANC,human anc,ADORA3,6272,0.0,0.0,0.0,57
HBCA non-neuronal,roi,Human AON,human aon,ADORA3,1967,0.0,0.0,0.0,58
HBCA non-neuronal,roi,Human BL,human bl,ADORA3,4596,0.0,0.0,0.0,59
HBCA non-neuronal,roi,Human BM,human bm,ADORA3,4806,0.0,0.0,0.0,60
HBCA non-neuronal,roi,Human BNST,human bnst,ADORA3,3656,0.0,0.0,0.0,61
HBCA non-neuronal,roi,Human CA1-3,human ca1-3,ADORA3,814,0.0,0.0,0.0,62
HBCA non-neuronal,roi,Human CA3R,human ca3r,ADORA3,3276,0.0,0.0,0.0,63
HBCA non-neuronal,roi,Human CM,human cm,ADORA3,6909,0.0,0.0,0.0,64
HBCA non-neuronal,roi,Human CMN,human cmn,ADORA3,3966,0.0,0.0,0.0,65
HBCA non-neuronal,roi,Human CaB,human cab,ADORA3,2787,0.0,0.0,0.0,66
HBCA non-neuronal,roi,Human Cla,human cla,ADORA3,12236,0.0,0.0,0.0,67
HBCA non-neuronal,roi,Human CoA,human coa,ADORA3,2476,0.0,0.0,0.0,68
HBCA non-neuronal,roi,Human DTg,human dtg,ADORA3,8080,0.0,0.0,0.0,69
HBCA non-neuronal,roi,Human ETH,human eth,ADORA3,2048,0.0,0.0,0.0,70
HBCA non-neuronal,roi,Human FI,human fi,ADORA3,2338,0.0,0.0,0.0,71
HBCA non-neuronal,roi,Human Gpe,human gpe,ADORA3,2478,0.0,0.0,0.0,72
HBCA non-neuronal,roi,Human HTHma,human hthma,ADORA3,1074,0.0,0.0,0.0,73
HBCA non-neuronal,roi,Human HTHma-HTHtub,human hthma-hthtub,ADORA3,2211,0.0,0.0,0.0,74
HBCA non-neuronal,roi,Human HTHpo,human hthpo,ADORA3,1722,0.0,0.0,0.0,75
HBCA non-neuronal,roi,Human HTHpo-HTHso,human hthpo-hthso,ADORA3,2019,0.0,0.0,0.0,76
HBCA non-neuronal,roi,Human HTHso,human hthso,ADORA3,3013,0.0,0.0,0.0,77
HBCA non-neuronal,roi,Human HTHtub,human hthtub,ADORA3,2166,0.0,0.0,0.0,78
HBCA non-neuronal,roi,Human IC,human ic,ADORA3,4290,0.0,0.0,0.0,79
HBCA non-neuronal,roi,Human ITG,human itg,ADORA3,2911,0.0,0.0,0.0,80
HBCA non-neuronal,roi,Human LEC,human lec,ADORA3,2878,0.0,0.0,0.0,81
HBCA non-neuronal,roi,Human LP,human lp,ADORA3,13608,0.0,0.0,0.0,82
HBCA non-neuronal,roi,Human LP-VPL,human lp-vpl,ADORA3,16179,0.0,0.0,0.0,83
HBCA non-neuronal,roi,Human La,human la,ADORA3,4420,0.0,0.0,0.0,84
HBCA non-neuronal,roi,Human M1C,human m1c,ADORA3,6320,0.0,0.0,0.0,85
HBCA non-neuronal,roi,Human MEC,human mec,ADORA3,3480,0.0,0.0,0.0,86
HBCA non-neuronal,roi,Human MG,human mg,ADORA3,3691,0.0,0.0,0.0,87
HBCA non-neuronal,roi,Human MoAN,human moan,ADORA3,11580,0.0,0.0,0.0,88
HBCA non-neuronal,roi,Human MoRF-MoEN,human morf-moen,ADORA3,9086,0.0,0.0,0.0,89
HBCA non-neuronal,roi,Human MoSR,human mosr,ADORA3,6454,0.0,0.0,0.0,90
HBCA non-neuronal,roi,Human NAC,human nac,ADORA3,2720,0.0,0.0,0.0,91
HBCA non-neuronal,roi,Human PAG-DR,human pag-dr,ADORA3,3406,0.0,0.0,0.0,92
HBCA non-neuronal,roi,Human PTR,human ptr,ADORA3,2285,0.0,0.0,0.0,93
HBCA non-neuronal,roi,Human Pir,human pir,ADORA3,4755,0.0,0.0,0.0,94
HBCA non-neuronal,roi,Human Pro,human pro,ADORA3,2760,0.0,0.0,0.0,95
HBCA non-neuronal,roi,Human Pu,human pu,ADORA3,3675,0.0,0.0,0.0,96
HBCA non-neuronal,roi,Human RN,human rn,ADORA3,2973,0.0,0.0,0.0,97
HBCA non-neuronal,roi,Human S1C,human s1c,ADORA3,2726,0.0,0.0,0.0,98
HBCA non-neuronal,roi,Human SC,human sc,ADORA3,2741,0.0,0.0,0.0,99
HBCA non-neuronal,roi,Human SI,human si,ADORA3,4835,0.0,0.0,0.0,100
HBCA non-neuronal,roi,Human STH,human sth,ADORA3,19559,0.0,0.0,0.0,101
HBCA non-neuronal,roi,Human TF,human tf,ADORA3,2486,0.0,0.0,0.0,102
HBCA non-neuronal,roi,Human TH-TL,human th-tl,ADORA3,8423,0.0,0.0,0.0,103
HBCA non-neuronal,roi,Human V1C,human v1c,ADORA3,2872,0.0,0.0,0.0,104
HBCA non-neuronal,roi,Human V2,human v2,ADORA3,2982,0.0,0.0,0.0,105
HBCA non-neuronal,roi,Human VA,human va,ADORA3,4310,0.0,0.0,0.0,106
HBCA non-neuronal,roi,Human VLN,human vln,ADORA3,12582,0.0,0.0,0.0,107
HBCA non-neuronal,roi,Human VPL,human vpl,ADORA3,4553,0.0,0.0,0.0,108
HBCA non-neuronal,supercluster_term,Oligodendrocyte precursor,oligodendrocyte precursor,ADORA1,105734,23.35010498042257,0.31160271167755127,6.333712086838214,1
HBCA non-neuronal,supercluster_term,Oligodendrocyte,oligodendrocyte,ADORA1,490246,20.20291853477642,0.26457738876342773,4.7423924149113,2
HBCA non-neuronal,supercluster_term,Committed oligodendrocyte precursor,committed oligodendrocyte precursor,ADORA1,4720,16.101694915254235,0.21313560009002686,3.110982917019528,3
HBCA non-neuronal,supercluster_term,Astrocyte,astrocyte,ADORA1,155025,13.8409933881632,0.17366231977939606,2.2163450920832606,4
HBCA non-neuronal,supercluster_term,Bergmann glia,bergmann glia,ADORA1,8041,7.21303320482527,0.08668076246976852,0.5996041458787107,5
HBCA non-neuronal,supercluster_term,Ependymal,ependymal,ADORA1,5882,3.0431825909554573,0.03451206907629967,0.10325483447696164,6
HBCA non-neuronal,supercluster_term,Microglia,microglia,ADORA1,91838,2.958470349964067,0.03503996133804321,0.10188982524063883,7
HBCA non-neuronal,supercluster_term,Choroid plexus,choroid plexus,ADORA1,7689,0.7153075822603719,0.007933411747217178,0.005652437548317407,8
HBCA non-neuronal,supercluster_term,Vascular,vascular,ADORA1,9932,0.5134917438582359,0.005336286965757608,0.0027328541206717203,9
HBCA non-neuronal,supercluster_term,Fibroblast,fibroblast,ADORA1,9156,0.49148099606815204,0.005351681727916002,0.0026232367463978495,10
HBCA non-neuronal,supercluster_term,Vascular,vascular,ADORA2A,9932,12.464760370519533,0.15102697908878326,1.7532254995968168,1
HBCA non-neuronal,supercluster_term,Fibroblast,fibroblast,ADORA2A,9156,1.9877675840978593,0.0204237662255764,0.04018868124187094,2
HBCA non-neuronal,supercluster_term,Committed oligodendrocyte precursor,committed oligodendrocyte precursor,ADORA2A,4720,1.0381355932203389,0.010805084370076656,0.011156974611799892,3
HBCA non-neuronal,supercluster_term,Oligodendrocyte precursor,oligodendrocyte precursor,ADORA2A,105734,0.8824030113303195,0.009126676246523857,0.008016878272607381,4
HBCA non-neuronal,supercluster_term,Bergmann glia,bergmann glia,ADORA2A,8041,0.6964307921900261,0.007088670507073402,0.0049193531069717305,5
HBCA non-neuronal,supercluster_term,Oligodendrocyte,oligodendrocyte,ADORA2A,490246,0.48363474663740247,0.004991371650248766,0.002407996148508249,6
HBCA non-neuronal,supercluster_term,Astrocyte,astrocyte,ADORA2A,155025,0.45347524592807614,0.0046766651794314384,0.002115808276201155,7
HBCA non-neuronal,supercluster_term,Ependymal,ependymal,ADORA2A,5882,0.42502550153009183,0.00493029598146677,0.0020903527173340877,8
HBCA non-neuronal,supercluster_term,Microglia,microglia,ADORA2A,91838,0.3615061303599817,0.0037566148675978184,0.0013554948590602392,9
HBCA non-neuronal,supercluster_term,Choroid plexus,choroid plexus,ADORA2A,7689,0.19508388607101051,0.0019508388359099627,0.000380206480887403,10
HBCA non-neuronal,supercluster_term,Bergmann glia,bergmann glia,ADORA2B,8041,17.684367615968164,0.22161422669887543,3.5399350552338915,1
HBCA non-neuronal,supercluster_term,Astrocyte,astrocyte,ADORA2B,155025,10.884696016771489,0.13462990522384644,1.3748081085175377,2
HBCA non-neuronal,supercluster_term,Vascular,vascular,ADORA2B,9932,6.957309706000806,0.0852799043059349,0.5693718249938776,3
HBCA non-neuronal,supercluster_term,Fibroblast,fibroblast,ADORA2B,9156,4.641764962865881,0.06105286255478859,0.27507879785893463,4
HBCA non-neuronal,supercluster_term,Choroid plexus,choroid plexus,ADORA2B,7689,1.7037326050201589,0.020548835396766663,0.034654869321337795,5
HBCA non-neuronal,supercluster_term,Ependymal,ependymal,ADORA2B,5882,0.6290377422645359,0.006630397867411375,0.00415700438728943,6
HBCA non-neuronal,supercluster_term,Committed oligodendrocyte precursor,committed oligodendrocyte precursor,ADORA2B,4720,0.2966101694915254,0.003601694945245981,0.0010663801109425343,7
HBCA non-neuronal,supercluster_term,Oligodendrocyte precursor,oligodendrocyte precursor,ADORA2B,105734,0.31683280685493787,0.0033101935405284166,0.0010470459028808729,8
HBCA non-neuronal,supercluster_term,Oligodendrocyte,oligodendrocyte,ADORA2B,490246,0.26190932715412263,0.0026741677429527044,0.0006994546609783689,9
HBCA non-neuronal,supercluster_term,Microglia,microglia,ADORA2B,91838,0.13393148805505348,0.001382869784720242,0.00018508186546863193,10
HBCA non-neuronal,supercluster_term,Microglia,microglia,ADORA3,91838,0.1067096408893922,0.0010779851581901312,0.0001149694525601878,1
HBCA non-neuronal,supercluster_term,Committed oligodendrocyte precursor,committed oligodendrocyte precursor,ADORA3,4720,0.0211864406779661,0.00021186440426390618,4.488177207001226e-06,2
HBCA non-neuronal,supercluster_term,Oligodendrocyte,oligodendrocyte,ADORA3,490246,0.00020397922675554722,2.0397922071424546e-06,4.160748128019728e-10,3
HBCA non-neuronal,supercluster_term,Astrocyte,astrocyte,ADORA3,155025,0.0,0.0,0.0,4
HBCA non-neuronal,supercluster_term,Bergmann glia,bergmann glia,ADORA3,8041,0.0,0.0,0.0,5
HBCA non-neuronal,supercluster_term,Choroid plexus,choroid plexus,ADORA3,7689,0.0,0.0,0.0,6
HBCA non-neuronal,supercluster_term,Ependymal,ependymal,ADORA3,5882,0.0,0.0,0.0,7
HBCA non-neuronal,supercluster_term,Fibroblast,fibroblast,ADORA3,9156,0.0,0.0,0.0,8
HBCA non-neuronal,supercluster_term,Oligodendrocyte precursor,oligodendrocyte precursor,ADORA3,105734,0.0,0.0,0.0,9
HBCA non-neuronal,supercluster_term,Vascular,vascular,ADORA3,9932,0.0,0.0,0.0,10
HBCA non-neuronal,tissue,midbrain,midbrain,ADORA1,121456,21.762613621393754,0.29385125637054443,5.606555048607593,1
HBCA non-neuronal,tissue,thalamic complex,thalamic complex,ADORA1,130419,17.265122413145324,0.22841763496398926,3.551899516963685,2
HBCA non-neuronal,tissue,cerebellum,cerebellum,ADORA1,49003,16.868354998673553,0.22182315587997437,3.379475962761281,3
HBCA non-neuronal,tissue,hypothalamus,hypothalamus,ADORA1,24191,16.679756934397087,0.21421189606189728,3.2374611103203046,4
HBCA non-neuronal,tissue,cerebral nuclei,cerebral nuclei,ADORA1,150926,15.952851066085366,0.22117461264133453,3.187590105780178,5
HBCA non-neuronal,tissue,cerebral cortex,cerebral cortex,ADORA1,148874,16.661740800945765,0.20676545798778534,3.131467633019893,6
HBCA non-neuronal,tissue,hippocampal formation,hippocampal formation,ADORA1,109980,16.523004182578653,0.20789234340190887,3.120815061810679,7
HBCA non-neuronal,tissue,pons,pons,ADORA1,97127,15.522975073872352,0.1941375732421875,2.75415188122374,8
HBCA non-neuronal,tissue,spinal cord,spinal cord,ADORA1,18152,11.849933891582195,0.14136183261871338,1.5668236116981964,9
HBCA non-neuronal,tissue,myelencephalon,myelencephalon,ADORA1,38135,10.607053887504916,0.12804509699344635,1.2780028935569157,10
HBCA non-neuronal,tissue,cerebellum,cerebellum,ADORA2A,49003,0.8428055425178052,0.009081076830625534,0.007619039466396869,1
HBCA non-neuronal,tissue,cerebral nuclei,cerebral nuclei,ADORA2A,150926,0.7632879689384201,0.008149689063429832,0.006195348680930424,2
HBCA non-neuronal,tissue,thalamic complex,thalamic complex,ADORA2A,130419,0.7153865617739746,0.007859284058213234,0.005600447162666631,3
HBCA non-neuronal,tissue,spinal cord,spinal cord,ADORA2A,18152,0.6665932128691053,0.006941383704543114,0.004611094029534269,4
HBCA non-neuronal,tissue,hypothalamus,hypothalamus,ADORA2A,24191,0.669670538630069,0.006862055975943804,0.0045796218198559105,5
HBCA non-neuronal,tissue,midbrain,midbrain,ADORA2A,121456,0.6562047161111844,0.0069984192959964275,0.004576400575767093,6
HBCA non-neuronal,tissue,hippocampal formation,hippocampal formation,ADORA2A,109980,0.641025641025641,0.0067830514162778854,0.004333429503568185,7
HBCA non-neuronal,tissue,cerebral cortex,cerebral cortex,ADORA2A,148874,0.5964775582035816,0.006387952249497175,0.003798151827952922,8
HBCA non-neuronal,tissue,pons,pons,ADORA2A,97127,0.5724463846304323,0.00611570430919528,0.0034902509950895367,9
HBCA non-neuronal,tissue,myelencephalon,myelencephalon,ADORA2A,38135,0.4641405532974957,0.0049298545345664024,0.0022825237676871338,10
HBCA non-neuronal,tissue,cerebral cortex,cerebral cortex,ADORA2B,148874,5.589290272310813,0.07005252689123154,0.37843820036569026,1
HBCA non-neuronal,tissue,cerebellum,cerebellum,ADORA2B,49003,3.703854866028611,0.04503805935382843,0.16316704878466903,2
HBCA non-neuronal,tissue,hippocampal formation,hippocampal formation,ADORA2B,109980,3.4751773049645394,0.04120749235153198,0.14033144749551899,3
HBCA non-neuronal,tissue,cerebral nuclei,cerebral nuclei,ADORA2B,150926,2.500563189907637,0.03198918700218201,0.07873820706395843,4
HBCA non-neuronal,tissue,hypothalamus,hypothalamus,ADORA2B,24191,2.3810508040180234,0.029225744307041168,0.06859049004965902,5
HBCA non-neuronal,tissue,thalamic complex,thalamic complex,ADORA2B,130419,0.8687384506858664,0.009891197085380554,0.008550644546791464,6
HBCA non-neuronal,tissue,midbrain,midbrain,ADORA2B,121456,0.7780595441970755,0.00856277160346508,0.0066339838880474745,7
HBCA non-neuronal,tissue,myelencephalon,myelencephalon,ADORA2B,38135,0.752589484725318,0.008207683451473713,0.006151804621285522,8
HBCA non-neuronal,tissue,pons,pons,ADORA2B,97127,0.5858309224005683,0.006311324425041676,0.0036857502228184007,9
HBCA non-neuronal,tissue,spinal cord,spinal cord,ADORA2B,18152,0.5178492728074042,0.005619215313345194,0.002901761366833537,10
HBCA non-neuronal,tissue,cerebral nuclei,cerebral nuclei,ADORA3,150926,0.01788956177199422,0.00018552137771621346,3.3185883216583515e-06,1
HBCA non-neuronal,tissue,hypothalamus,hypothalamus,ADORA3,24191,0.01653507502790294,0.00016535074973944575,2.7338610361040664e-06,2
HBCA non-neuronal,tissue,spinal cord,spinal cord,ADORA3,18152,0.01652710445130013,0.00016527104889973998,2.731226197849014e-06,3
HBCA non-neuronal,tissue,hippocampal formation,hippocampal formation,ADORA3,109980,0.014548099654482633,0.00014548099716193974,2.1163181062435357e-06,4
HBCA non-neuronal,tissue,midbrain,midbrain,ADORA3,121456,0.013173494928204452,0.00013173495244700462,1.735295430906709e-06,5
HBCA non-neuronal,tissue,pons,pons,ADORA3,97127,0.010295798284720005,0.00010295797983417287,1.05998002641012e-06,6
HBCA non-neuronal,tissue,cerebellum,cerebellum,ADORA3,49003,0.010203456931208292,0.00010203456622548401,1.0410521912250295e-06,7
HBCA non-neuronal,tissue,myelencephalon,myelencephalon,ADORA3,38135,0.007866789038940605,7.866789383115247e-05,6.188393838311158e-07,8
HBCA non-neuronal,tissue,cerebral cortex,cerebral cortex,ADORA3,148874,0.006717089619409702,6.717089854646474e-05,4.5117779251365135e-07,9
HBCA non-neuronal,tissue,thalamic complex,thalamic complex,ADORA3,130419,0.00460055666735675,4.600556712830439e-05,2.116463501697927e-07,10
Tabula Sapiens,broad_cell_class,duct epithelial cell,duct epithelial cell,ADORA1,22707,9.102919804465582,0.05044372379779816,0.44797897922371815,1
Tabula Sapiens,broad_cell_class,retinal pigment epithelial cell,retinal pigment epithelial cell,ADORA1,67,4.477611940298507,0.021545590832829475,0.09544820391187397,2
Tabula Sapiens,broad_cell_class,glial cell,glial cell,ADORA1,1834,3.326063249727372,0.024897875264286995,0.08179778615175634,3
Tabula Sapiens,broad_cell_class,glandular epithelial cell,glandular epithelial cell,ADORA1,21942,5.204630389207912,0.015708357095718384,0.08112071124392409,4
Tabula Sapiens,broad_cell_class,meso-epithelial cell,meso-epithelial cell,ADORA1,1558,2.3106546854942236,0.010647163726389408,0.024471870703967252,5
Tabula Sapiens,broad_cell_class,melanocyte,melanocyte,ADORA1,234,2.1367521367521367,0.009571663103997707,0.020355010603454553,6
Tabula Sapiens,broad_cell_class,kidney epithelial cell,kidney epithelial cell,ADORA1,9278,1.5843931881871092,0.010870232246816158,0.0171297873062763,7
Tabula Sapiens,broad_cell_class,contractile cell,contractile cell,ADORA1,56202,1.6405110138429237,0.007795646786689758,0.01273925331969425,8
Tabula Sapiens,broad_cell_class,myeloid leukocyte,myeloid leukocyte,ADORA1,128294,1.4349852682120754,0.0067863441072404385,0.00970540881920357,9
Tabula Sapiens,broad_cell_class,male germ cell,male germ cell,ADORA1,7259,1.1020801763328283,0.007054932415485382,0.007747803069460772,10
Tabula Sapiens,broad_cell_class,neuron,neuron,ADORA1,1685,0.9495548961424332,0.0072036017663776875,0.006815695915154433,11
Tabula Sapiens,broad_cell_class,cardiac endothelial cell,cardiac endothelial cell,ADORA1,10092,0.7827982560443916,0.007910951040685177,0.0061683121134880085,12
Tabula Sapiens,broad_cell_class,fibroblast,fibroblast,ADORA1,100791,0.7897530533480172,0.004751431755721569,0.0037435711018050026,13
Tabula Sapiens,broad_cell_class,secretory cell,secretory cell,ADORA1,756,1.1904761904761905,0.0027440956328064203,0.003262306519019894,14
Tabula Sapiens,broad_cell_class,hematopoietic cell,hematopoietic cell,ADORA1,3016,0.7625994694960212,0.0035549134481698275,0.0027061678582808025,15
Tabula Sapiens,broad_cell_class,dendritic cell,dendritic cell,ADORA1,670,0.5970149253731344,0.0038940999656915665,0.0023203209459749323,16
Tabula Sapiens,broad_cell_class,connective tissue cell,connective tissue cell,ADORA1,152,0.6578947368421052,0.0034746911842375994,0.002282018679180014,17
Tabula Sapiens,broad_cell_class,adventitial cell,adventitial cell,ADORA1,1045,0.7655502392344498,0.0029685867484658957,0.002269235747893601,18
Tabula Sapiens,broad_cell_class,epithelial cell of lung,epithelial cell of lung,ADORA1,14710,0.8361658735554044,0.0024591803085058928,0.0020537584035294765,19
Tabula Sapiens,broad_cell_class,endo-epithelial cell,endo-epithelial cell,ADORA1,14519,0.344376334458296,0.0017672808608040214,0.0006080725454416795,20
Tabula Sapiens,broad_cell_class,stem cell,stem cell,ADORA1,43527,0.298665196314931,0.001694707665592432,0.000505721793275788,21
Tabula Sapiens,broad_cell_class,granulocyte,granulocyte,ADORA1,78199,0.22378802797989747,0.0021466920152306557,0.00047988906984277376,22
Tabula Sapiens,broad_cell_class,endothelial cell,endothelial cell,ADORA1,63106,0.24561848318701865,0.001399224973283708,0.000343435299944323,23
Tabula Sapiens,broad_cell_class,ecto-epithelial cell,ecto-epithelial cell,ADORA1,4560,0.17543859649122806,0.0018086128402501345,0.00031701390691498066,24
Tabula Sapiens,broad_cell_class,stromal cell,stromal cell,ADORA1,39919,0.22545654951276334,0.0013588391011580825,0.0003061512170434371,25
Tabula Sapiens,broad_cell_class,intestinal epithelial cell,intestinal epithelial cell,ADORA1,34178,0.24577213412136462,0.0008667827351018786,0.0002129387701269374,26
Tabula Sapiens,broad_cell_class,ciliated epithelial cell,ciliated epithelial cell,ADORA1,2242,0.22301516503122212,0.0008682135376147926,0.0001935407801630223,27
Tabula Sapiens,broad_cell_class,stratified epithelial cell,stratified epithelial cell,ADORA1,12323,0.210987584192161,0.0008039225358515978,0.0001695495305005739,28
Tabula Sapiens,broad_cell_class,hepatocyte,hepatocyte,ADORA1,7414,0.18883193957377933,0.0007510223076678813,0.0001417637718033839,29
Tabula Sapiens,broad_cell_class,epithelial cell,epithelial cell,ADORA1,35641,0.15992817261019612,0.0008258103625848889,0.00013201583968594006,30
Tabula Sapiens,broad_cell_class,conjunctival epithelial cell,conjunctival epithelial cell,ADORA1,11087,0.1262740146117074,0.0007864089566282928,9.926399014831374e-05,31
Tabula Sapiens,broad_cell_class,innate lymphoid cell,innate lymphoid cell,ADORA1,15202,0.09209314563873174,0.0007590337772853673,6.987529269609267e-05,32
Tabula Sapiens,broad_cell_class,transitional epithelial cell,transitional epithelial cell,ADORA1,27241,0.07708968099555816,0.0003313378256279975,2.553849657806731e-05,33
Tabula Sapiens,broad_cell_class,t cell,t cell,ADORA1,208196,0.053795461968529655,0.00039332095184363425,2.1154722281246712e-05,34
Tabula Sapiens,broad_cell_class,lymphocyte of b lineage,lymphocyte of b lineage,ADORA1,141844,0.05780998843800231,0.0003349210601300001,1.935854100314819e-05,35
Tabula Sapiens,broad_cell_class,erythroid lineage cell,erythroid lineage cell,ADORA1,14613,0.03421610894409088,0.00028733641374856234,9.830121828072123e-06,36
Tabula Sapiens,broad_cell_class,t cell,t cell,ADORA2A,208196,0.586466598781917,0.005641045980155468,0.003298988899137158,1
Tabula Sapiens,broad_cell_class,lymphocyte of b lineage,lymphocyte of b lineage,ADORA2A,141844,0.6916048616790277,0.0035731475800275803,0.0024668017343918735,2
Tabula Sapiens,broad_cell_class,granulocyte,granulocyte,ADORA2A,78199,0.45396999961636336,0.004731045104563236,0.002142687954808942,3
Tabula Sapiens,broad_cell_class,dendritic cell,dendritic cell,ADORA2A,670,1.6417910447761193,0.0012113690609112382,0.0019876112536411513,4
Tabula Sapiens,broad_cell_class,hematopoietic cell,hematopoietic cell,ADORA2A,3016,0.7294429708222812,0.0012401617132127285,0.0009040667656909551,5
Tabula Sapiens,broad_cell_class,secretory cell,secretory cell,ADORA2A,756,0.6613756613756614,0.0008948009926825762,0.0005915349847402476,6
Tabula Sapiens,broad_cell_class,innate lymphoid cell,innate lymphoid cell,ADORA2A,15202,0.19734245494013947,0.0011577305849641562,0.0002283372447795044,7
Tabula Sapiens,broad_cell_class,hepatocyte,hepatocyte,ADORA2A,7414,0.21580793094146208,0.000968747481238097,0.0002089621900672764,8
Tabula Sapiens,broad_cell_class,myeloid leukocyte,myeloid leukocyte,ADORA2A,128294,0.18473194381654637,0.0009256000048480928,0.0001709088036937535,9
Tabula Sapiens,broad_cell_class,endothelial cell,endothelial cell,ADORA2A,63106,0.1552942667892118,0.0005188813083805144,8.055839402011216e-05,10
Tabula Sapiens,broad_cell_class,meso-epithelial cell,meso-epithelial cell,ADORA2A,1558,0.19255455712451863,0.0003513030824251473,6.763313028473091e-05,11
Tabula Sapiens,broad_cell_class,intestinal epithelial cell,intestinal epithelial cell,ADORA2A,34178,0.11410849084206214,0.0003728373267222196,4.2535975674775013e-05,12
Tabula Sapiens,broad_cell_class,contractile cell,contractile cell,ADORA2A,56202,0.11565424717981568,0.0003547025553416461,4.101558327464811e-05,13
Tabula Sapiens,broad_cell_class,male germ cell,male germ cell,ADORA2A,7259,0.11020801763328282,0.00024356800713576376,2.6839878690113982e-05,14
Tabula Sapiens,broad_cell_class,neuron,neuron,ADORA2A,1685,0.05934718100890207,0.00017089951143134385,1.0141537672013484e-05,15
Tabula Sapiens,broad_cell_class,cardiac endothelial cell,cardiac endothelial cell,ADORA2A,10092,0.04954419342053111,0.00019659311510622501,9.739090032307645e-06,16
Tabula Sapiens,broad_cell_class,epithelial cell of lung,epithelial cell of lung,ADORA2A,14710,0.07477906186267845,0.00011779121268773451,8.807797650056107e-06,17
Tabula Sapiens,broad_cell_class,conjunctival epithelial cell,conjunctival epithelial cell,ADORA2A,11087,0.036078289889059256,0.00024028209736570716,8.667925831910692e-06,18
Tabula Sapiens,broad_cell_class,stem cell,stem cell,ADORA2A,43527,0.04824591632779654,0.00015826252638362348,7.634916461080797e-06,19
Tabula Sapiens,broad_cell_class,ciliated epithelial cell,ciliated epithelial cell,ADORA2A,2242,0.04460303300624443,0.00013503758236765862,6.022679108566449e-06,20
Tabula Sapiens,broad_cell_class,erythroid lineage cell,erythroid lineage cell,ADORA2A,14613,0.03421610894409088,0.00014965340960770845,5.1201742507801e-06,21
Tabula Sapiens,broad_cell_class,stromal cell,stromal cell,ADORA2A,39919,0.05010145544728074,8.960441482486203e-05,4.489110478172183e-06,22
Tabula Sapiens,broad_cell_class,fibroblast,fibroblast,ADORA2A,100791,0.030756714389181573,0.00012528359366115183,3.853070349675801e-06,23
Tabula Sapiens,broad_cell_class,glandular epithelial cell,glandular epithelial cell,ADORA2A,21942,0.027344818156959255,8.282373164547607e-05,2.264706096515898e-06,24
Tabula Sapiens,broad_cell_class,epithelial cell,epithelial cell,ADORA2A,35641,0.03086333155635364,7.038644253043458e-05,2.1722836641261964e-06,25
Tabula Sapiens,broad_cell_class,adventitial cell,adventitial cell,ADORA2A,1045,0.19138755980861244,7.934324457892217e-06,1.5185249724988348e-06,26
Tabula Sapiens,broad_cell_class,duct epithelial cell,duct epithelial cell,ADORA2A,22707,0.01761571321618884,3.4889133530668914e-05,6.1458624950906e-07,27
Tabula Sapiens,broad_cell_class,kidney epithelial cell,kidney epithelial cell,ADORA2A,9278,0.010778184953653805,2.904568100348115e-05,3.13055175531975e-07,28
Tabula Sapiens,broad_cell_class,endo-epithelial cell,endo-epithelial cell,ADORA2A,14519,0.013775053378331842,1.1416529559937771e-05,1.5726240638969862e-07,29
Tabula Sapiens,broad_cell_class,stratified epithelial cell,stratified epithelial cell,ADORA2A,12323,0.008114907084313883,6.595594186364906e-06,5.352245748218136e-08,30
Tabula Sapiens,broad_cell_class,transitional epithelial cell,transitional epithelial cell,ADORA2A,27241,0.0073418743805293485,6.855893843749072e-06,5.0334938821748756e-08,31
Tabula Sapiens,broad_cell_class,connective tissue cell,connective tissue cell,ADORA2A,152,0.0,0.0,0.0,32
Tabula Sapiens,broad_cell_class,ecto-epithelial cell,ecto-epithelial cell,ADORA2A,4560,0.0,0.0,0.0,33
Tabula Sapiens,broad_cell_class,glial cell,glial cell,ADORA2A,1834,0.0,0.0,0.0,34
Tabula Sapiens,broad_cell_class,melanocyte,melanocyte,ADORA2A,234,0.0,0.0,0.0,35
Tabula Sapiens,broad_cell_class,retinal pigment epithelial cell,retinal pigment epithelial cell,ADORA2A,67,0.0,0.0,0.0,36
Tabula Sapiens,broad_cell_class,epithelial cell,epithelial cell,ADORA2B,35641,30.04405039140316,0.20617280900478363,5.631828723324943,1
Tabula Sapiens,broad_cell_class,retinal pigment epithelial cell,retinal pigment epithelial cell,ADORA2B,67,25.37313432835821,0.24387647211551666,5.537247369474895,2
Tabula Sapiens,broad_cell_class,transitional epithelial cell,transitional epithelial cell,ADORA2B,27241,31.063470504019676,0.15450681746006012,4.46298991624155,3
Tabula Sapiens,broad_cell_class,secretory cell,secretory cell,ADORA2B,756,19.576719576719576,0.13050678372383118,2.401398145106816,4
Tabula Sapiens,broad_cell_class,conjunctival epithelial cell,conjunctival epithelial cell,ADORA2B,11087,18.868945611977992,0.11738232523202896,2.0942405015298946,5
Tabula Sapiens,broad_cell_class,epithelial cell of lung,epithelial cell of lung,ADORA2B,14710,18.082936777702244,0.06475302577018738,1.1345753800868197,6
Tabula Sapiens,broad_cell_class,ciliated epithelial cell,ciliated epithelial cell,ADORA2B,2242,14.362176628010706,0.06761441379785538,0.9396689538122353,7
Tabula Sapiens,broad_cell_class,stratified epithelial cell,stratified epithelial cell,ADORA2B,12323,14.249776840055182,0.06463028490543365,0.8924291611138094,8
Tabula Sapiens,broad_cell_class,duct epithelial cell,duct epithelial cell,ADORA2B,22707,11.55590786981988,0.06709665060043335,0.750458566972519,9
Tabula Sapiens,broad_cell_class,myeloid leukocyte,myeloid leukocyte,ADORA2B,128294,7.921648713112071,0.048443492501974106,0.37474687105167315,10
Tabula Sapiens,broad_cell_class,dendritic cell,dendritic cell,ADORA2B,670,5.820895522388059,0.036210522055625916,0.20705117352684882,11
Tabula Sapiens,broad_cell_class,hematopoietic cell,hematopoietic cell,ADORA2B,3016,5.935013262599469,0.034973546862602234,0.20402123132920635,12
Tabula Sapiens,broad_cell_class,stem cell,stem cell,ADORA2B,43527,3.570197808256944,0.01817738078534603,0.0643140693363624,13
Tabula Sapiens,broad_cell_class,ecto-epithelial cell,ecto-epithelial cell,ADORA2B,4560,3.8157894736842106,0.015009081922471523,0.05684595324435147,14
Tabula Sapiens,broad_cell_class,endo-epithelial cell,endo-epithelial cell,ADORA2B,14519,3.092499483435498,0.017470693215727806,0.053561581357916714,15
Tabula Sapiens,broad_cell_class,intestinal epithelial cell,intestinal epithelial cell,ADORA2B,34178,2.3085025454971033,0.016647133976221085,0.03811358313905934,16
Tabula Sapiens,broad_cell_class,contractile cell,contractile cell,ADORA2B,56202,2.3344364969218176,0.01513759046792984,0.03507294841533275,17
Tabula Sapiens,broad_cell_class,glandular epithelial cell,glandular epithelial cell,ADORA2B,21942,2.5567404976756904,0.010869989171624184,0.02764177930607481,18
Tabula Sapiens,broad_cell_class,glial cell,glial cell,ADORA2B,1834,2.0174482006543077,0.013348924927413464,0.02675259998405394,19
Tabula Sapiens,broad_cell_class,fibroblast,fibroblast,ADORA2B,100791,1.6668154894782274,0.008774830028414726,0.014562225114189621,20
Tabula Sapiens,broad_cell_class,male germ cell,male germ cell,ADORA2B,7259,1.6531202644992422,0.008567548356950283,0.014102860235766061,21
Tabula Sapiens,broad_cell_class,meso-epithelial cell,meso-epithelial cell,ADORA2B,1558,1.3478818998716302,0.006356751546263695,0.008541032410362926,22
Tabula Sapiens,broad_cell_class,melanocyte,melanocyte,ADORA2B,234,1.282051282051282,0.006130478344857693,0.007835594116929134,23
Tabula Sapiens,broad_cell_class,granulocyte,granulocyte,ADORA2B,78199,0.6509034642386731,0.006660935468971729,0.004321250111889942,24
Tabula Sapiens,broad_cell_class,adventitial cell,adventitial cell,ADORA2B,1045,0.6698564593301436,0.005423619877547026,0.0036232301540211455,25
Tabula Sapiens,broad_cell_class,endothelial cell,endothelial cell,ADORA2B,63106,0.5466992045130415,0.003349578008055687,0.00182815157072534,26
Tabula Sapiens,broad_cell_class,neuron,neuron,ADORA2B,1685,0.4747774480712166,0.002766530029475689,0.001311672512149189,27
Tabula Sapiens,broad_cell_class,stromal cell,stromal cell,ADORA2B,39919,0.4784688995215311,0.0027121552266180515,0.0012959253445669506,28
Tabula Sapiens,broad_cell_class,lymphocyte of b lineage,lymphocyte of b lineage,ADORA2B,141844,0.399029920194016,0.0030932819936424494,0.001232406957098794,29
Tabula Sapiens,broad_cell_class,innate lymphoid cell,innate lymphoid cell,ADORA2B,15202,0.35521641889225103,0.0030755014158785343,0.0010907920914064828,30
Tabula Sapiens,broad_cell_class,t cell,t cell,ADORA2B,208196,0.33718227055274835,0.0029537531081587076,0.0009944851698098656,31
Tabula Sapiens,broad_cell_class,cardiac endothelial cell,cardiac endothelial cell,ADORA2B,10092,0.3765358699960365,0.0026314861606806517,0.0009895475108824693,32
Tabula Sapiens,broad_cell_class,kidney epithelial cell,kidney epithelial cell,ADORA2B,9278,0.3233455486096141,0.0021541232708841562,0.0006957770447937345,33
Tabula Sapiens,broad_cell_class,erythroid lineage cell,erythroid lineage cell,ADORA2B,14613,0.41059330732909055,0.001360396621748805,0.0005581901542305025,34
Tabula Sapiens,broad_cell_class,hepatocyte,hepatocyte,ADORA2B,7414,0.22929592662530346,0.00133927958086133,0.00030688589533761244,35
Tabula Sapiens,broad_cell_class,connective tissue cell,connective tissue cell,ADORA2B,152,0.0,0.0,0.0,36
Tabula Sapiens,broad_cell_class,myeloid leukocyte,myeloid leukocyte,ADORA3,128294,15.59776762748063,0.11000430583953857,1.627843774352451,1
Tabula Sapiens,broad_cell_class,dendritic cell,dendritic cell,ADORA3,670,8.358208955223882,0.052761420607566833,0.4297509904532994,2
Tabula Sapiens,broad_cell_class,male germ cell,male germ cell,ADORA3,7259,3.251136520181843,0.01892250031232834,0.060944819134214935,3
Tabula Sapiens,broad_cell_class,granulocyte,granulocyte,ADORA3,78199,1.2596069003439943,0.01390064600855112,0.017388770133128995,4
Tabula Sapiens,broad_cell_class,hematopoietic cell,hematopoietic cell,ADORA3,3016,1.4588859416445623,0.006829299032688141,0.009929301724862196,5
Tabula Sapiens,broad_cell_class,glial cell,glial cell,ADORA3,1834,0.43620501635768816,0.006155724171549082,0.0026769269780283797,6
Tabula Sapiens,broad_cell_class,neuron,neuron,ADORA3,1685,0.4747774480712166,0.003910135943442583,0.0018528243234211463,7
Tabula Sapiens,broad_cell_class,cardiac endothelial cell,cardiac endothelial cell,ADORA3,10092,0.24772096710265556,0.002164492616429925,0.0005356107503579879,8
Tabula Sapiens,broad_cell_class,adventitial cell,adventitial cell,ADORA3,1045,0.3827751196172249,0.0013755779946222901,0.0005261752168222772,9
Tabula Sapiens,broad_cell_class,endothelial cell,endothelial cell,ADORA3,63106,0.24086457706081832,0.001572790672071278,0.0003785319622329855,10
Tabula Sapiens,broad_cell_class,t cell,t cell,ADORA3,208196,0.19692981613479604,0.001508157467469573,0.0002967774354286681,11
Tabula Sapiens,broad_cell_class,endo-epithelial cell,endo-epithelial cell,ADORA3,14519,0.1308630070941525,0.0010196255752816796,0.00013336329012897947,12
Tabula Sapiens,broad_cell_class,secretory cell,secretory cell,ADORA3,756,0.26455026455026454,0.00036098252166993916,9.548078919441861e-05,13
Tabula Sapiens,broad_cell_class,stem cell,stem cell,ADORA3,43527,0.11027638017782067,0.0006791973719373345,7.487400336774228e-05,14
Tabula Sapiens,broad_cell_class,contractile cell,contractile cell,ADORA3,56202,0.11565424717981568,0.0006365877925418317,7.360065775488936e-05,15
Tabula Sapiens,broad_cell_class,fibroblast,fibroblast,ADORA3,100791,0.09425444732168548,0.0005464362329803407,5.1489978422043615e-05,16
Tabula Sapiens,broad_cell_class,conjunctival epithelial cell,conjunctival epithelial cell,ADORA3,11087,0.07215657977811851,0.0005162168527022004,3.723883168530658e-05,17
Tabula Sapiens,broad_cell_class,lymphocyte of b lineage,lymphocyte of b lineage,ADORA3,141844,0.06697498660500269,0.0005321481730788946,3.563113708220089e-05,18
Tabula Sapiens,broad_cell_class,transitional epithelial cell,transitional epithelial cell,ADORA3,27241,0.11379905289820491,0.0003044751938432455,3.4643714882053416e-05,19
Tabula Sapiens,broad_cell_class,duct epithelial cell,duct epithelial cell,ADORA3,22707,0.07046285286475536,0.00030594729469157755,2.1554622089171504e-05,20
Tabula Sapiens,broad_cell_class,innate lymphoid cell,innate lymphoid cell,ADORA3,15202,0.0723589001447178,0.0002074147341772914,1.500674578257883e-05,21
Tabula Sapiens,broad_cell_class,meso-epithelial cell,meso-epithelial cell,ADORA3,1558,0.06418485237483953,0.00021610368276014924,1.3869084449475262e-05,22
Tabula Sapiens,broad_cell_class,ciliated epithelial cell,ciliated epithelial cell,ADORA3,2242,0.04460303300624443,0.0002454808563925326,1.0947847051612805e-05,23
Tabula Sapiens,broad_cell_class,kidney epithelial cell,kidney epithelial cell,ADORA3,9278,0.04311273981461522,0.00022581695520784706,9.73448857068123e-06,24
Tabula Sapiens,broad_cell_class,epithelial cell,epithelial cell,ADORA3,35641,0.05330939087006538,0.00016340527508873492,8.71032404286758e-06,25
Tabula Sapiens,broad_cell_class,erythroid lineage cell,erythroid lineage cell,ADORA3,14613,0.03421610894409088,0.0001862248027464375,6.371294910706103e-06,26
Tabula Sapiens,broad_cell_class,glandular epithelial cell,glandular epithelial cell,ADORA3,21942,0.04557469692826543,0.0001124309710576199,5.1237194043245714e-06,27
Tabula Sapiens,broad_cell_class,hepatocyte,hepatocyte,ADORA3,7414,0.02697599136768276,0.00012797582894563675,3.452053971886357e-06,28
Tabula Sapiens,broad_cell_class,stratified epithelial cell,stratified epithelial cell,ADORA3,12323,0.024344721252941653,0.00013034234871156514,3.172941367013554e-06,29
Tabula Sapiens,broad_cell_class,epithelial cell of lung,epithelial cell of lung,ADORA3,14710,0.027192386131883073,6.295231287367642e-05,1.7117697201899197e-06,30
Tabula Sapiens,broad_cell_class,intestinal epithelial cell,intestinal epithelial cell,ADORA3,34178,0.020481011176780386,5.154410973773338e-05,1.0556482816439894e-06,31
Tabula Sapiens,broad_cell_class,stromal cell,stromal cell,ADORA3,39919,0.017535509406548258,5.188109935261309e-05,9.097379068224998e-07,32
Tabula Sapiens,broad_cell_class,connective tissue cell,connective tissue cell,ADORA3,152,0.0,0.0,0.0,33
Tabula Sapiens,broad_cell_class,ecto-epithelial cell,ecto-epithelial cell,ADORA3,4560,0.0,0.0,0.0,34
Tabula Sapiens,broad_cell_class,melanocyte,melanocyte,ADORA3,234,0.0,0.0,0.0,35
Tabula Sapiens,broad_cell_class,retinal pigment epithelial cell,retinal pigment epithelial cell,ADORA3,67,0.0,0.0,0.0,36
Tabula Sapiens,cell_type,pancreatic ductal cell,pancreatic ductal cell,ADORA1,2721,42.92539507533995,0.24481631815433502,9.400145704764157,1
Tabula Sapiens,cell_type,peritubular myoid cell,peritubular myoid cell,ADORA1,67,14.925373134328357,0.12125319987535477,1.7081640034815948,2
Tabula Sapiens,cell_type,neuro-medullary thymic epithelial cell,neuro-medullary thymic epithelial cell,ADORA1,135,12.592592592592592,0.10333196818828583,1.2382883542849727,3
Tabula Sapiens,cell_type,retinal bipolar neuron,retinal bipolar neuron,ADORA1,61,13.114754098360656,0.0954480767250061,1.1955866499219503,4
Tabula Sapiens,cell_type,Mueller cell,mueller cell,ADORA1,506,11.857707509881422,0.08728916198015213,0.9923429779857076,5
Tabula Sapiens,cell_type,pancreatic acinar cell,pancreatic acinar cell,ADORA1,5482,12.878511492156147,0.0339888371527195,0.43045111360296157,6
Tabula Sapiens,cell_type,intrahepatic cholangiocyte,intrahepatic cholangiocyte,ADORA1,665,7.518796992481203,0.05346410721540451,0.39160814770018837,7
Tabula Sapiens,cell_type,regular atrial cardiac myocyte,regular atrial cardiac myocyte,ADORA1,5816,9.07840440165062,0.03727933019399643,0.3322810100334965,8
Tabula Sapiens,cell_type,pancreatic stellate cell,pancreatic stellate cell,ADORA1,438,7.9908675799086755,0.031406812369823456,0.24710725240401504,9
Tabula Sapiens,cell_type,ventricular cardiac muscle cell,ventricular cardiac muscle cell,ADORA1,2599,7.310504040015391,0.03403233736753464,0.244653691148148,10
Tabula Sapiens,cell_type,spermatogonium,spermatogonium,ADORA1,64,6.25,0.034317705780267715,0.210887424168621,11
Tabula Sapiens,cell_type,salivary gland cell,salivary gland cell,ADORA1,850,7.294117647058823,0.02709418162703514,0.19499825926210854,12
Tabula Sapiens,cell_type,male germ cell,male germ cell,ADORA1,116,4.310344827586207,0.03418472409248352,0.1448853884610278,13
Tabula Sapiens,cell_type,luminal epithelial cell of mammary gland,luminal epithelial cell of mammary gland,ADORA1,15432,5.1386728875064795,0.02733006700873375,0.1385554183633037,14
Tabula Sapiens,cell_type,mesothelial cell,mesothelial cell,ADORA1,350,5.714285714285714,0.018293609842658043,0.10359025632450637,15
Tabula Sapiens,cell_type,retinal pigment epithelial cell,retinal pigment epithelial cell,ADORA1,67,4.477611940298507,0.021545590832829475,0.09544820391187397,16
Tabula Sapiens,cell_type,myo-medullary thymic epithelial cell,myo-medullary thymic epithelial cell,ADORA1,77,3.896103896103896,0.01978295110166073,0.07632394135691468,17
Tabula Sapiens,cell_type,glandular secretory epithelial cell,glandular secretory epithelial cell,ADORA1,235,3.404255319148936,0.01652141660451889,0.055783567083871284,18
Tabula Sapiens,cell_type,colon macrophage,colon macrophage,ADORA1,328,3.048780487804878,0.015848003327846527,0.047938216283135576,19
Tabula Sapiens,cell_type,fast muscle cell,fast muscle cell,ADORA1,495,2.4242424242424243,0.01789471134543419,0.04299754135823416,20
Tabula Sapiens,cell_type,sebocyte,sebocyte,ADORA1,135,3.7037037037037033,0.009858372621238232,0.036333688493403,21
Tabula Sapiens,cell_type,acinar cell of salivary gland,acinar cell of salivary gland,ADORA1,12237,2.8111465228405654,0.010145069099962711,0.028375581752521282,22
Tabula Sapiens,cell_type,spermatocyte,spermatocyte,ADORA1,3070,2.0846905537459284,0.01345958560705185,0.027871916714089544,23
Tabula Sapiens,cell_type,stromal cell,stromal cell,ADORA1,3458,2.2556390977443606,0.01243246253579855,0.02787025738064982,24
Tabula Sapiens,cell_type,fibroblast of breast,fibroblast of breast,ADORA1,5270,1.840607210626186,0.014217903837561607,0.025985282853984427,25
Tabula Sapiens,cell_type,myeloid leukocyte,myeloid leukocyte,ADORA1,1002,1.6966067864271457,0.01495288498699665,0.025181364833719008,26
Tabula Sapiens,cell_type,microglial cell,microglial cell,ADORA1,410,2.682926829268293,0.009140118025243282,0.02441087789187119,27
Tabula Sapiens,cell_type,macrophage,macrophage,ADORA1,69072,2.2657516794069954,0.010281647555530071,0.02317671593277873,28
Tabula Sapiens,cell_type,leukocyte,leukocyte,ADORA1,201,2.4875621890547266,0.008941839449107647,0.022144522226872798,29
Tabula Sapiens,cell_type,melanocyte,melanocyte,ADORA1,234,2.1367521367521367,0.009571663103997707,0.020355010603454553,30
Tabula Sapiens,cell_type,alveolar adventitial fibroblast,alveolar adventitial fibroblast,ADORA1,1113,1.6172506738544474,0.012275672517716885,0.019731974302581348,31
Tabula Sapiens,cell_type,tongue muscle cell,tongue muscle cell,ADORA1,202,1.4851485148514851,0.013228287920355797,0.019517165554641083,32
Tabula Sapiens,cell_type,kidney epithelial cell,kidney epithelial cell,ADORA1,9278,1.5843931881871092,0.010870232246816158,0.0171297873062763,33
Tabula Sapiens,cell_type,myofibroblast cell,myofibroblast cell,ADORA1,4436,1.6005410279531107,0.010155729949474335,0.01617267807867262,34
Tabula Sapiens,cell_type,tissue-resident macrophage,tissue-resident macrophage,ADORA1,1355,1.4022140221402213,0.008416742086410522,0.011752683213672233,35
Tabula Sapiens,cell_type,type B pancreatic cell,type b pancreatic cell,ADORA1,102,1.9607843137254901,0.005393903702497482,0.010547860203225783,36
Tabula Sapiens,cell_type,keratocyte,keratocyte,ADORA1,1001,1.1988011988011988,0.007843961007893085,0.009366661832873093,37
Tabula Sapiens,cell_type,progenitor cell of mammary luminal epithelium,progenitor cell of mammary luminal epithelium,ADORA1,1694,1.1216056670602124,0.008316186256706715,0.009288910790566773,38
Tabula Sapiens,cell_type,duct epithelial cell,duct epithelial cell,ADORA1,3889,1.4399588583183338,0.005649307742714882,0.00811187899037306,39
Tabula Sapiens,cell_type,tracheal goblet cell,tracheal goblet cell,ADORA1,232,0.8620689655172413,0.009294552728533745,0.007975538077135804,40
Tabula Sapiens,cell_type,plasmacytoid dendritic cell,plasmacytoid dendritic cell,ADORA1,99,1.0101010101010102,0.007686704862862825,0.007734659262987361,41
Tabula Sapiens,cell_type,epithelial cell of uterus,epithelial cell of uterus,ADORA1,1417,1.6231474947071278,0.004516554996371269,0.007314529096851721,42
Tabula Sapiens,cell_type,hematopoietic cell,hematopoietic cell,ADORA1,100,1.0,0.006843643728643656,0.006820332295229514,43
Tabula Sapiens,cell_type,supporting cell of vestibular epithelium,supporting cell of vestibular epithelium,ADORA1,270,0.7407407407407408,0.009155464358627796,0.006750968268458519,44
Tabula Sapiens,cell_type,cardiac endothelial cell,cardiac endothelial cell,ADORA1,10092,0.7827982560443916,0.007910951040685177,0.0061683121134880085,45
Tabula Sapiens,cell_type,bronchial smooth muscle cell,bronchial smooth muscle cell,ADORA1,220,0.9090909090909091,0.004878486506640911,0.004424204774860814,46
Tabula Sapiens,cell_type,mesenchymal stem cell of adipose tissue,mesenchymal stem cell of adipose tissue,ADORA1,3777,1.0060894890124437,0.004128716886043549,0.0041453071387549875,47
Tabula Sapiens,cell_type,mucus secreting cell,mucus secreting cell,ADORA1,270,1.4814814814814816,0.002754281973466277,0.004074808724800968,48
Tabula Sapiens,cell_type,basophil,basophil,ADORA1,1669,0.7189934092270821,0.005299129523336887,0.0037999797781207174,49
Tabula Sapiens,cell_type,acinar cell,acinar cell,ADORA1,1345,1.1895910780669146,0.002600806998088956,0.0030898804488055038,50
Tabula Sapiens,cell_type,endothelial cell of vascular tree,endothelial cell of vascular tree,ADORA1,875,0.5714285714285714,0.005371997132897377,0.0030614968140872173,51
Tabula Sapiens,cell_type,pulmonary alveolar type 2 cell,pulmonary alveolar type 2 cell,ADORA1,11594,1.0350181128169742,0.0028973580338060856,0.0029944820927125214,52
Tabula Sapiens,cell_type,fibroblast,fibroblast,ADORA1,83338,0.7079603542201637,0.004135634750127792,0.00292182779221184,53
Tabula Sapiens,cell_type,thymic fibroblast type 1,thymic fibroblast type 1,ADORA1,3270,0.7339449541284404,0.003769878763705492,0.002761681159317616,54
Tabula Sapiens,cell_type,fibroblast of cardiac tissue,fibroblast of cardiac tissue,ADORA1,1947,0.6163328197226503,0.003841215278953314,0.002362931679246265,55
Tabula Sapiens,cell_type,hematopoietic precursor cell,hematopoietic precursor cell,ADORA1,2140,0.7476635514018692,0.0031635549385100603,0.0023615412540649297,56
Tabula Sapiens,cell_type,connective tissue cell,connective tissue cell,ADORA1,152,0.6578947368421052,0.0034746911842375994,0.002282018679180014,57
Tabula Sapiens,cell_type,adventitial cell,adventitial cell,ADORA1,1045,0.7655502392344498,0.0029685867484658957,0.002269235747893601,58
Tabula Sapiens,cell_type,eye photoreceptor cell,eye photoreceptor cell,ADORA1,1536,0.5208333333333333,0.004111807327717543,0.0021371754945105933,59
Tabula Sapiens,cell_type,mural cell,mural cell,ADORA1,618,0.48543689320388345,0.004407932981848717,0.002135071116378811,60
Tabula Sapiens,cell_type,myeloid dendritic cell,myeloid dendritic cell,ADORA1,571,0.5253940455341506,0.0032365380320698023,0.0016977119351644023,61
Tabula Sapiens,cell_type,monocyte,monocyte,ADORA1,25753,0.5280938143128956,0.003052037674933672,0.001609307630736144,62
Tabula Sapiens,cell_type,thymocyte,thymocyte,ADORA1,455,0.43956043956043955,0.0036513223312795162,0.0016020538181334921,63
Tabula Sapiens,cell_type,granulocyte,granulocyte,ADORA1,769,0.3901170351105332,0.003984552342444658,0.0015513530707673877,64
Tabula Sapiens,cell_type,ionocyte,ionocyte,ADORA1,160,0.625,0.0024539008736610413,0.0015318093595992999,65
Tabula Sapiens,cell_type,non-classical monocyte,non-classical monocyte,ADORA1,1284,0.46728971962616817,0.0032060539815574884,0.0014957596023000826,66
Tabula Sapiens,cell_type,retinal blood vessel endothelial cell,retinal blood vessel endothelial cell,ADORA1,2091,0.47824007651841227,0.0030099598225206137,0.0014373213595979806,67
Tabula Sapiens,cell_type,vascular associated smooth muscle cell,vascular associated smooth muscle cell,ADORA1,5019,0.35863717872086076,0.003412701888009906,0.0012218380762056052,68
Tabula Sapiens,cell_type,common myeloid progenitor,common myeloid progenitor,ADORA1,456,0.8771929824561403,0.0013894494622945786,0.0012179693601778627,69
Tabula Sapiens,cell_type,epithelial cell,epithelial cell,ADORA1,1675,0.3582089552238806,0.003321181982755661,0.0011877059243082814,70
Tabula Sapiens,cell_type,ovarian surface epithelial cell,ovarian surface epithelial cell,ADORA1,241,0.8298755186721992,0.0013628659071400762,0.0011302390442617424,71
Tabula Sapiens,cell_type,mononuclear phagocyte,mononuclear phagocyte,ADORA1,5336,0.4122938530734633,0.002705504884943366,0.001113956804307994,72
Tabula Sapiens,cell_type,myoepithelial cell,myoepithelial cell,ADORA1,486,0.411522633744856,0.0026938370428979397,0.0011070844308348911,73
Tabula Sapiens,cell_type,multiciliated columnar cell of tracheobronchial tree,multiciliated columnar cell of tracheobronchial tree,ADORA1,713,0.5610098176718092,0.001910584163852036,0.0010708338397518735,74
Tabula Sapiens,cell_type,skeletal muscle satellite stem cell,skeletal muscle satellite stem cell,ADORA1,6170,0.4376012965964344,0.002328377217054367,0.0010177165344003637,75
Tabula Sapiens,cell_type,mast cell,mast cell,ADORA1,6222,0.35358405657344905,0.00219121016561985,0.0007739293675394036,76
Tabula Sapiens,cell_type,small intestine goblet cell,small intestine goblet cell,ADORA1,2044,0.3424657534246575,0.001942712115123868,0.0006646669487683266,77
Tabula Sapiens,cell_type,endothelial cell,endothelial cell,ADORA1,33703,0.34121591549713676,0.0019457791931927204,0.0006632857340367546,78
Tabula Sapiens,cell_type,platelet,platelet,ADORA1,494,0.20242914979757085,0.002975581446662545,0.000601450033735725,79
Tabula Sapiens,cell_type,smooth muscle cell,smooth muscle cell,ADORA1,18425,0.33649932157394846,0.0016967657720670104,0.0005704766852653285,80
Tabula Sapiens,cell_type,enterocyte of epithelium proper of small intestine,enterocyte of epithelium proper of small intestine,ADORA1,1415,0.49469964664310956,0.001114886486902833,0.00055122673056625,81
Tabula Sapiens,cell_type,intermediate monocyte,intermediate monocyte,ADORA1,5478,0.3103322380430814,0.0015525036724284291,0.0004814183339896708,82
Tabula Sapiens,cell_type,muscle cell,muscle cell,ADORA1,406,0.24630541871921183,0.001819085911847651,0.00044764368936777273,83
Tabula Sapiens,cell_type,neutrophil,neutrophil,ADORA1,69539,0.19844979076489452,0.002046722685918212,0.0004057565946611967,84
Tabula Sapiens,cell_type,blood vessel smooth muscle cell,blood vessel smooth muscle cell,ADORA1,6642,0.22583559168925021,0.001678942353464663,0.00037884699758999565,85
Tabula Sapiens,cell_type,BEST4+ enterocyte,best4+ enterocyte,ADORA1,1970,0.20304568527918782,0.001833984162658453,0.00037204151615847874,86
Tabula Sapiens,cell_type,enterocyte of epithelium proper of duodenum,enterocyte of epithelium proper of duodenum,ADORA1,13495,0.2667654686921082,0.0011171859223395586,0.0002978602744991568,87
Tabula Sapiens,cell_type,regulatory T cell,regulatory t cell,ADORA1,2649,0.1887504718761797,0.0015504710609093308,0.0002924255042723178,88
Tabula Sapiens,cell_type,enterocyte of epithelium of large intestine,enterocyte of epithelium of large intestine,ADORA1,4567,0.41602802715130277,0.0006406800821423531,0.00026645552334696133,89
Tabula Sapiens,cell_type,"activated CD4-positive, alpha-beta T cell","activated cd4-positive, alpha-beta t cell",ADORA1,572,0.17482517482517482,0.0014299615286290646,0.00024981470406560953,90
Tabula Sapiens,cell_type,innate lymphoid cell,innate lymphoid cell,ADORA1,971,0.20597322348094746,0.0011333838338032365,0.0002333145291932358,91
Tabula Sapiens,cell_type,pericyte,pericyte,ADORA1,10888,0.1928728875826598,0.0011900311801582575,0.00022938828747834486,92
Tabula Sapiens,cell_type,classical monocyte,classical monocyte,ADORA1,18200,0.20879120879120883,0.001070515252649784,0.0002233946212782844,93
Tabula Sapiens,cell_type,respiratory tract goblet cell,respiratory tract goblet cell,ADORA1,1040,0.19230769230769232,0.001042004325427115,0.00020028111841389538,94
Tabula Sapiens,cell_type,thymic fibroblast type 2,thymic fibroblast type 2,ADORA1,4205,0.1902497027348395,0.0010084551759064198,0.00019176162218071053,95
Tabula Sapiens,cell_type,T cell,t cell,ADORA1,6290,0.14308426073131955,0.0012827335158362985,0.00018342136159879045,96
Tabula Sapiens,cell_type,stratified squamous epithelial cell,stratified squamous epithelial cell,ADORA1,12323,0.210987584192161,0.0008039225358515978,0.0001695495305005739,97
Tabula Sapiens,cell_type,spermatid,spermatid,ADORA1,4009,0.1746071339486156,0.000930172682274133,0.00016233929603947452,98
Tabula Sapiens,cell_type,mesenchymal stem cell,mesenchymal stem cell,ADORA1,23499,0.14468700795778544,0.0011139576090499759,0.00016108548889055233,99
Tabula Sapiens,cell_type,hepatocyte,hepatocyte,ADORA1,7414,0.18883193957377933,0.0007510223076678813,0.0001417637718033839,100
Tabula Sapiens,cell_type,basal cell of prostate epithelium,basal cell of prostate epithelium,ADORA1,3495,0.17167381974248927,0.0007504324312321842,0.00012878128714238763,101
Tabula Sapiens,cell_type,conjunctival epithelial cell,conjunctival epithelial cell,ADORA1,11087,0.1262740146117074,0.0007864089566282928,9.926399014831374e-05,102
Tabula Sapiens,cell_type,basal cell,basal cell,ADORA1,33526,0.14317246316291832,0.0006904685869812965,9.88219755245645e-05,103
Tabula Sapiens,cell_type,pulmonary alveolar type 1 cell,pulmonary alveolar type 1 cell,ADORA1,3116,0.09627727856225932,0.0008288073004223406,7.976226212859753e-05,104
Tabula Sapiens,cell_type,vein endothelial cell,vein endothelial cell,ADORA1,4698,0.14899957428693061,0.00047921561053954065,7.138581872849477e-05,105
Tabula Sapiens,cell_type,"activated CD8-positive, alpha-beta T cell","activated cd8-positive, alpha-beta t cell",ADORA1,1147,0.08718395815170009,0.0007822603220120072,6.817388978865932e-05,106
Tabula Sapiens,cell_type,natural killer cell,natural killer cell,ADORA1,14231,0.08432295692502284,0.000733491440769285,6.182749496664673e-05,107
Tabula Sapiens,cell_type,erythroid progenitor cell,erythroid progenitor cell,ADORA1,971,0.20597322348094746,0.0002929024340119213,6.032122481325831e-05,108
Tabula Sapiens,cell_type,club cell,club cell,ADORA1,1747,0.11448196908986834,0.0005255746655166149,6.01530165456178e-05,109
Tabula Sapiens,cell_type,paneth cell of epithelium of small intestine,paneth cell of epithelium of small intestine,ADORA1,1853,0.26983270372369134,0.00015496599371545017,4.181165346092195e-05,110
Tabula Sapiens,cell_type,lung multiciliated epithelial cell,lung multiciliated epithelial cell,ADORA1,1209,0.0827129859387924,0.0004832822596654296,3.996406256459545e-05,111
Tabula Sapiens,cell_type,endothelial cell of lymphatic vessel,endothelial cell of lymphatic vessel,ADORA1,2438,0.08203445447087777,0.0004796345310751349,3.933712413454221e-05,112
Tabula Sapiens,cell_type,capillary endothelial cell,capillary endothelial cell,ADORA1,15298,0.08497842855275199,0.0004534651234280318,3.852601914940726e-05,113
Tabula Sapiens,cell_type,endothelial cell of artery,endothelial cell of artery,ADORA1,3471,0.08643042350907519,0.00039433251367881894,3.407560804204207e-05,114
Tabula Sapiens,cell_type,large intestine goblet cell,large intestine goblet cell,ADORA1,1557,0.06422607578676942,0.0004896101308986545,3.143804180905297e-05,115
Tabula Sapiens,cell_type,plasma cell,plasma cell,ADORA1,27349,0.091411020512633,0.00033125243498943746,3.027510905467233e-05,116
Tabula Sapiens,cell_type,bladder urothelial cell,bladder urothelial cell,ADORA1,27241,0.07708968099555816,0.0003313378256279975,2.553849657806731e-05,117
Tabula Sapiens,cell_type,"CD8-positive, alpha-beta T cell","cd8-positive, alpha-beta t cell",ADORA1,76277,0.05637348086579178,0.0004411762347444892,2.4865155473193093e-05,118
Tabula Sapiens,cell_type,enterocyte of epithelium proper of ileum,enterocyte of epithelium proper of ileum,ADORA1,6477,0.0771962328238382,0.0002179400180466473,1.6822315313487044e-05,119
Tabula Sapiens,cell_type,B cell,b cell,ADORA1,114495,0.049783833355168346,0.00033579731825739145,1.6714471552910356e-05,120
Tabula Sapiens,cell_type,"CD4-positive, alpha-beta thymocyte","cd4-positive, alpha-beta thymocyte",ADORA1,4685,0.042689434364994665,0.0003360880946274847,1.4345000199569725e-05,121
Tabula Sapiens,cell_type,"CD4-positive, alpha-beta T cell","cd4-positive, alpha-beta t cell",ADORA1,97130,0.04735920930711418,0.00029489470762200654,1.3963921339760801e-05,122
Tabula Sapiens,cell_type,luminal cell of prostate epithelium,luminal cell of prostate epithelium,ADORA1,10652,0.04693954187007135,0.00026923720724880695,1.2636170175373609e-05,123
Tabula Sapiens,cell_type,mature NK T cell,mature nk t cell,ADORA1,5394,0.03707823507601038,0.00027260626666247845,1.0106381769581869e-05,124
Tabula Sapiens,cell_type,stromal cell of ovary,stromal cell of ovary,ADORA1,35003,0.03142587778190441,0.0003213951422367245,1.0098501741840198e-05,125
Tabula Sapiens,cell_type,erythrocyte,erythrocyte,ADORA1,14611,0.03422079255355554,0.0002873757330235094,9.832812556525777e-06,126
Tabula Sapiens,cell_type,"naive thymus-derived CD4-positive, alpha-beta T cell","naive thymus-derived cd4-positive, alpha-beta t cell",ADORA1,9827,0.010176045588684237,0.00010135072079719976,1.0312972947989633e-06,127
Tabula Sapiens,cell_type,theca cell,theca cell,ADORA1,1038,0.09633911368015415,2.166094191125012e-06,2.086793685112117e-07,128
Tabula Sapiens,cell_type,hematopoietic stem cell,hematopoietic stem cell,ADORA1,858,0.0,0.0,0.0,129
Tabula Sapiens,cell_type,ciliated epithelial cell,ciliated epithelial cell,ADORA1,320,0.0,0.0,0.0,130
Tabula Sapiens,cell_type,slow muscle cell,slow muscle cell,ADORA1,174,0.0,0.0,0.0,131
Tabula Sapiens,cell_type,tendon cell,tendon cell,ADORA1,420,0.0,0.0,0.0,132
Tabula Sapiens,cell_type,Langerhans cell,langerhans cell,ADORA1,76,0.0,0.0,0.0,133
Tabula Sapiens,cell_type,neuron,neuron,ADORA1,82,0.0,0.0,0.0,134
Tabula Sapiens,cell_type,corneal epithelial cell,corneal epithelial cell,ADORA1,4187,0.0,0.0,0.0,135
Tabula Sapiens,cell_type,hepatic stellate cell,hepatic stellate cell,ADORA1,223,0.0,0.0,0.0,136
Tabula Sapiens,cell_type,myeloid cell,myeloid cell,ADORA1,81,0.0,0.0,0.0,137
Tabula Sapiens,cell_type,gamma-delta T cell,gamma-delta t cell,ADORA1,1977,0.0,0.0,0.0,138
Tabula Sapiens,cell_type,"CD8-positive, alpha-beta thymocyte","cd8-positive, alpha-beta thymocyte",ADORA1,731,0.0,0.0,0.0,139
Tabula Sapiens,cell_type,"naive thymus-derived CD8-positive, alpha-beta T cell","naive thymus-derived cd8-positive, alpha-beta t cell",ADORA1,1056,0.0,0.0,0.0,140
Tabula Sapiens,cell_type,interstitial cell of Cajal,interstitial cell of cajal,ADORA1,71,0.0,0.0,0.0,141
Tabula Sapiens,cell_type,myometrial cell,myometrial cell,ADORA1,917,0.0,0.0,0.0,142
Tabula Sapiens,cell_type,Schwann cell,schwann cell,ADORA1,318,0.0,0.0,0.0,143
Tabula Sapiens,cell_type,enteroendocrine cell of small intestine,enteroendocrine cell of small intestine,ADORA1,264,0.0,0.0,0.0,144
Tabula Sapiens,cell_type,paneth cell of colon,paneth cell of colon,ADORA1,217,0.0,0.0,0.0,145
Tabula Sapiens,cell_type,transit amplifying cell of colon,transit amplifying cell of colon,ADORA1,237,0.0,0.0,0.0,146
Tabula Sapiens,cell_type,intestinal crypt stem cell of small intestine,intestinal crypt stem cell of small intestine,ADORA1,587,0.0,0.0,0.0,147
Tabula Sapiens,cell_type,tuft cell of colon,tuft cell of colon,ADORA1,178,0.0,0.0,0.0,148
Tabula Sapiens,cell_type,intestinal crypt stem cell of colon,intestinal crypt stem cell of colon,ADORA1,1732,0.0,0.0,0.0,149
Tabula Sapiens,cell_type,intestinal tuft cell,intestinal tuft cell,ADORA1,448,0.0,0.0,0.0,150
Tabula Sapiens,cell_type,serous cell of epithelium of trachea,serous cell of epithelium of trachea,ADORA1,326,0.0,0.0,0.0,151
Tabula Sapiens,cell_type,enterocyte of epithelium proper of jejunum,enterocyte of epithelium proper of jejunum,ADORA1,405,0.0,0.0,0.0,152
Tabula Sapiens,cell_type,endothelial cell of arteriole,endothelial cell of arteriole,ADORA1,132,0.0,0.0,0.0,153
Tabula Sapiens,cell_type,endothelial cell of venule,endothelial cell of venule,ADORA1,52,0.0,0.0,0.0,154
Tabula Sapiens,cell_type,colon endothelial cell,colon endothelial cell,ADORA1,348,0.0,0.0,0.0,155
Tabula Sapiens,cell_type,enteroglial cell,enteroglial cell,ADORA1,990,0.0,0.0,0.0,156
Tabula Sapiens,cell_type,"CD4-positive, alpha-beta thymocyte","cd4-positive, alpha-beta thymocyte",ADORA2A,4685,3.073639274279616,0.030512705445289612,0.09238268722783848,1
Tabula Sapiens,cell_type,myeloid cell,myeloid cell,ADORA2A,81,6.172839506172839,0.010975448414683342,0.06738058819237527,2
Tabula Sapiens,cell_type,thymocyte,thymocyte,ADORA2A,455,1.7582417582417582,0.020575951784849167,0.035810332394002525,3
Tabula Sapiens,cell_type,leukocyte,leukocyte,ADORA2A,201,5.472636815920398,0.004490702413022518,0.024520966289659364,4
Tabula Sapiens,cell_type,sebocyte,sebocyte,ADORA2A,135,3.7037037037037033,0.005010885652154684,0.01851249239651902,5
Tabula Sapiens,cell_type,regulatory T cell,regulatory t cell,ADORA2A,2649,1.3212533031332578,0.01299776416271925,0.01706268909738572,6
Tabula Sapiens,cell_type,plasma cell,plasma cell,ADORA2A,27349,2.2487111046107717,0.006382290739566088,0.014306322910833271,7
Tabula Sapiens,cell_type,"naive thymus-derived CD4-positive, alpha-beta T cell","naive thymus-derived cd4-positive, alpha-beta t cell",ADORA2A,9827,1.0074285132797396,0.008772410452365875,0.008799038214004915,8
Tabula Sapiens,cell_type,retinal bipolar neuron,retinal bipolar neuron,ADORA2A,61,1.639344262295082,0.004720748867839575,0.007720723077450908,9
Tabula Sapiens,cell_type,"CD8-positive, alpha-beta thymocyte","cd8-positive, alpha-beta thymocyte",ADORA2A,731,0.8207934336525308,0.006593251600861549,0.005393935309914628,10
Tabula Sapiens,cell_type,innate lymphoid cell,innate lymphoid cell,ADORA2A,971,1.132852729145211,0.004711805377155542,0.005325245649224605,11
Tabula Sapiens,cell_type,enterocyte of epithelium proper of small intestine,enterocyte of epithelium proper of small intestine,ADORA2A,1415,1.2014134275618376,0.004418326076120138,0.005296543943525896,12
Tabula Sapiens,cell_type,"naive thymus-derived CD8-positive, alpha-beta T cell","naive thymus-derived cd8-positive, alpha-beta t cell",ADORA2A,1056,0.5681818181818182,0.005238588899374008,0.0029687018327238406,13
Tabula Sapiens,cell_type,"CD4-positive, alpha-beta T cell","cd4-positive, alpha-beta t cell",ADORA2A,97130,0.5415422629465665,0.0052399951964616776,0.0028302700149915967,14
Tabula Sapiens,cell_type,myeloid dendritic cell,myeloid dendritic cell,ADORA2A,571,1.926444833625219,0.0014213962713256478,0.0027362972824189,15
Tabula Sapiens,cell_type,neutrophil,neutrophil,ADORA2A,69539,0.4903723090639785,0.0052465167827904224,0.0025660210836018988,16
Tabula Sapiens,cell_type,granulocyte,granulocyte,ADORA2A,769,0.5201560468140443,0.004593194462358952,0.002383707638672258,17
Tabula Sapiens,cell_type,"CD8-positive, alpha-beta T cell","cd8-positive, alpha-beta t cell",ADORA2A,76277,0.49687323832872293,0.004807236138731241,0.00238286407043282,18
Tabula Sapiens,cell_type,microglial cell,microglial cell,ADORA2A,410,0.975609756097561,0.0019515426829457283,0.0019020886803894545,19
Tabula Sapiens,cell_type,hematopoietic stem cell,hematopoietic stem cell,ADORA2A,858,0.4662004662004662,0.002328484319150448,0.0010842786015968762,20
Tabula Sapiens,cell_type,platelet,platelet,ADORA2A,494,0.6072874493927125,0.001687323790974915,0.0010238270401629486,21
Tabula Sapiens,cell_type,B cell,b cell,ADORA2A,114495,0.3196646141752915,0.0029021420050412416,0.0009263685270637736,22
Tabula Sapiens,cell_type,mesothelial cell,mesothelial cell,ADORA2A,350,0.5714285714285714,0.0015429833438247442,0.0008810252389257877,23
Tabula Sapiens,cell_type,endothelial cell of artery,endothelial cell of artery,ADORA2A,3471,0.34572169403630076,0.001719548017717898,0.0005939745160432457,24
Tabula Sapiens,cell_type,stromal cell,stromal cell,ADORA2A,3458,0.5494505494505495,0.0009700485970824957,0.000532735386808247,25
Tabula Sapiens,cell_type,mature NK T cell,mature nk t cell,ADORA2A,5394,0.2410085279940675,0.0020484786946326494,0.0004931958565070802,26
Tabula Sapiens,cell_type,monocyte,monocyte,ADORA2A,25753,0.29511124917485343,0.0016283432487398386,0.0004801515904280055,27
Tabula Sapiens,cell_type,Langerhans cell,langerhans cell,ADORA2A,76,1.3157894736842104,0.00034547914401628077,0.0004544993155766178,28
Tabula Sapiens,cell_type,pancreatic stellate cell,pancreatic stellate cell,ADORA2A,438,0.228310502283105,0.0015340092359110713,0.0003499620652121698,29
Tabula Sapiens,cell_type,tuft cell of colon,tuft cell of colon,ADORA2A,178,1.1235955056179776,0.0002865169371943921,0.00032188303264640817,30
Tabula Sapiens,cell_type,classical monocyte,classical monocyte,ADORA2A,18200,0.21978021978021978,0.0014532564673572779,0.00031916516750197165,31
Tabula Sapiens,cell_type,ciliated epithelial cell,ciliated epithelial cell,ADORA2A,320,0.3125,0.0009461070294491947,0.0002955186725894028,32
Tabula Sapiens,cell_type,colon endothelial cell,colon endothelial cell,ADORA2A,348,0.28735632183908044,0.0009102424955926836,0.00026144496439999834,33
Tabula Sapiens,cell_type,hepatocyte,hepatocyte,ADORA2A,7414,0.21580793094146208,0.000968747481238097,0.0002089621900672764,34
Tabula Sapiens,cell_type,small intestine goblet cell,small intestine goblet cell,ADORA2A,2044,0.14677103718199608,0.0010762759484350681,0.0001578811906139734,35
Tabula Sapiens,cell_type,smooth muscle cell,smooth muscle cell,ADORA2A,18425,0.2496607869742198,0.0005859641823917627,0.00014624943463282324,36
Tabula Sapiens,cell_type,tracheal goblet cell,tracheal goblet cell,ADORA2A,232,0.43103448275862066,0.00028854492120444775,0.0001243548707434682,37
Tabula Sapiens,cell_type,natural killer cell,natural killer cell,ADORA2A,14231,0.13351134846461948,0.0009152315324172378,0.0001221379123378512,38
Tabula Sapiens,cell_type,macrophage,macrophage,ADORA2A,69072,0.15201528839471856,0.0006465103942900896,9.824770837684116e-05,39
Tabula Sapiens,cell_type,spermatocyte,spermatocyte,ADORA2A,3070,0.2280130293159609,0.00042938944534398615,9.788537421955838e-05,40
Tabula Sapiens,cell_type,endothelial cell,endothelial cell,ADORA2A,33703,0.1780256950419844,0.0005248005618341267,9.3403477823294e-05,41
Tabula Sapiens,cell_type,enterocyte of epithelium of large intestine,enterocyte of epithelium of large intestine,ADORA2A,4567,0.240858331508649,0.0003877444542013109,9.337338095497277e-05,42
Tabula Sapiens,cell_type,hematopoietic precursor cell,hematopoietic precursor cell,ADORA2A,2140,0.14018691588785046,0.0005210970412008464,7.303196036717463e-05,43
Tabula Sapiens,cell_type,common myeloid progenitor,common myeloid progenitor,ADORA2A,456,0.21929824561403508,0.00032726352219469845,7.17565752563188e-05,44
Tabula Sapiens,cell_type,salivary gland cell,salivary gland cell,ADORA2A,850,0.1176470588235294,0.0005109714111313224,6.00989305521101e-05,45
Tabula Sapiens,cell_type,intermediate monocyte,intermediate monocyte,ADORA2A,5478,0.10952902519167579,0.0005306294187903404,5.810390851951438e-05,46
Tabula Sapiens,cell_type,erythroid progenitor cell,erythroid progenitor cell,ADORA2A,971,0.20597322348094746,0.0002751272695604712,5.6661056435372196e-05,47
Tabula Sapiens,cell_type,T cell,t cell,ADORA2A,6290,0.0794912559618442,0.0007072056760080159,5.619679840318059e-05,48
Tabula Sapiens,cell_type,pericyte,pericyte,ADORA2A,10888,0.11939750183688465,0.0004584921116475016,5.4730267003325604e-05,49
Tabula Sapiens,cell_type,BEST4+ enterocyte,best4+ enterocyte,ADORA2A,1970,0.10152284263959391,0.0005012715118937194,5.087775810141897e-05,50
Tabula Sapiens,cell_type,thymic fibroblast type 1,thymic fibroblast type 1,ADORA2A,3270,0.09174311926605505,0.0004628633032552898,4.245469863119783e-05,51
Tabula Sapiens,cell_type,mast cell,mast cell,ADORA2A,6222,0.16072002571520413,0.000256079132668674,4.1151775956942777e-05,52
Tabula Sapiens,cell_type,capillary endothelial cell,capillary endothelial cell,ADORA2A,15298,0.10458883514184861,0.00038360292091965675,4.0112889437014286e-05,53
Tabula Sapiens,cell_type,non-classical monocyte,non-classical monocyte,ADORA2A,1284,0.0778816199376947,0.00046313044731505215,3.6060999650326625e-05,54
Tabula Sapiens,cell_type,respiratory tract goblet cell,respiratory tract goblet cell,ADORA2A,1040,0.09615384615384616,0.00034458813024684787,3.312776667235396e-05,55
Tabula Sapiens,cell_type,retinal blood vessel endothelial cell,retinal blood vessel endothelial cell,ADORA2A,2091,0.09564801530368246,0.0003110379329882562,2.974553521936405e-05,56
Tabula Sapiens,cell_type,vascular associated smooth muscle cell,vascular associated smooth muscle cell,ADORA2A,5019,0.059772863120143446,0.00037700755638070405,2.2530574231250602e-05,57
Tabula Sapiens,cell_type,myofibroblast cell,myofibroblast cell,ADORA2A,4436,0.045085662759242556,0.0004466644022613764,2.013366444598021e-05,58
Tabula Sapiens,cell_type,vein endothelial cell,vein endothelial cell,ADORA2A,4698,0.08514261387824607,0.00022880700998939574,1.9478998523429955e-05,59
Tabula Sapiens,cell_type,mononuclear phagocyte,mononuclear phagocyte,ADORA2A,5336,0.07496251874062969,0.0002588704228401184,1.9403067591733416e-05,60
Tabula Sapiens,cell_type,endothelial cell of lymphatic vessel,endothelial cell of lymphatic vessel,ADORA2A,2438,0.04101722723543889,0.00046272645704448223,1.8975366372915442e-05,61
Tabula Sapiens,cell_type,pulmonary alveolar type 2 cell,pulmonary alveolar type 2 cell,ADORA2A,11594,0.09487666034155598,0.00014944873692002147,1.4178137625242446e-05,62
Tabula Sapiens,cell_type,keratocyte,keratocyte,ADORA2A,1001,0.0999000999000999,0.00013816145656164736,1.3801389924737168e-05,63
Tabula Sapiens,cell_type,endothelial cell of vascular tree,endothelial cell of vascular tree,ADORA2A,875,0.2285714285714286,5.720244735130109e-05,1.3074471166559548e-05,64
Tabula Sapiens,cell_type,skeletal muscle satellite stem cell,skeletal muscle satellite stem cell,ADORA2A,6170,0.06482982171799027,0.00018271418230142444,1.1844245841050956e-05,65
Tabula Sapiens,cell_type,intestinal tuft cell,intestinal tuft cell,ADORA2A,448,0.2232142857142857,5.2275929192546755e-05,1.1668429208432551e-05,66
Tabula Sapiens,cell_type,cardiac endothelial cell,cardiac endothelial cell,ADORA2A,10092,0.04954419342053111,0.00019659311510622501,9.739090032307645e-06,67
Tabula Sapiens,cell_type,thymic fibroblast type 2,thymic fibroblast type 2,ADORA2A,4205,0.04756242568370987,0.00018369470490142703,8.736163381451625e-06,68
Tabula Sapiens,cell_type,conjunctival epithelial cell,conjunctival epithelial cell,ADORA2A,11087,0.036078289889059256,0.00024028209736570716,8.667925831910692e-06,69
Tabula Sapiens,cell_type,duct epithelial cell,duct epithelial cell,ADORA2A,3889,0.05142710208279763,0.0001420842600055039,7.306462689280571e-06,70
Tabula Sapiens,cell_type,basal cell of prostate epithelium,basal cell of prostate epithelium,ADORA2A,3495,0.028612303290414882,0.00021121790632605553,6.0427926456252775e-06,71
Tabula Sapiens,cell_type,fibroblast of breast,fibroblast of breast,ADORA2A,5270,0.018975332068311195,0.0002858250227291137,5.4228497635525266e-06,72
Tabula Sapiens,cell_type,erythrocyte,erythrocyte,ADORA2A,14611,0.03422079255355554,0.00014967389870435,5.1215761646679394e-06,73
Tabula Sapiens,cell_type,mesenchymal stem cell,mesenchymal stem cell,ADORA2A,23499,0.038299502106472615,0.00011102259304607287,4.251874013562121e-06,74
Tabula Sapiens,cell_type,ventricular cardiac muscle cell,ventricular cardiac muscle cell,ADORA2A,2599,0.038476337052712584,0.00010501517681404948,4.0403871914729045e-06,75
Tabula Sapiens,cell_type,spermatid,spermatid,ADORA2A,4009,0.02494387627837366,0.00011220616579521447,2.798699704521174e-06,76
Tabula Sapiens,cell_type,fibroblast,fibroblast,ADORA2A,83338,0.027598454486548754,9.629419218981639e-05,2.6574429343626435e-06,77
Tabula Sapiens,cell_type,basal cell,basal cell,ADORA2A,33526,0.03281035614150212,7.48267921153456e-05,2.4550018494195473e-06,78
Tabula Sapiens,cell_type,enterocyte of epithelium proper of duodenum,enterocyte of epithelium proper of duodenum,ADORA2A,13495,0.02223045572434235,9.251201845472679e-05,2.0564892067102576e-06,79
Tabula Sapiens,cell_type,adventitial cell,adventitial cell,ADORA2A,1045,0.19138755980861244,7.934324457892217e-06,1.5185249724988348e-06,80
Tabula Sapiens,cell_type,enterocyte of epithelium proper of ileum,enterocyte of epithelium proper of ileum,ADORA2A,6477,0.015439246564767639,3.6005847505293787e-05,5.558931497657197e-07,81
Tabula Sapiens,cell_type,acinar cell of salivary gland,acinar cell of salivary gland,ADORA2A,12237,0.008171937566396992,5.653752668877132e-05,4.620080779851868e-07,82
Tabula Sapiens,cell_type,acinar cell,acinar cell,ADORA2A,1345,0.07434944237918216,5.4294714573188685e-06,4.036770793897448e-07,83
Tabula Sapiens,cell_type,kidney epithelial cell,kidney epithelial cell,ADORA2A,9278,0.010778184953653805,2.904568100348115e-05,3.13055175531975e-07,84
Tabula Sapiens,cell_type,luminal epithelial cell of mammary gland,luminal epithelial cell of mammary gland,ADORA2A,15432,0.012960082944530845,1.5530187738477252e-05,2.0127095835096165e-07,85
Tabula Sapiens,cell_type,luminal cell of prostate epithelium,luminal cell of prostate epithelium,ADORA2A,10652,0.00938790837401427,1.3362465324462391e-05,1.254447619932212e-07,86
Tabula Sapiens,cell_type,stratified squamous epithelial cell,stratified squamous epithelial cell,ADORA2A,12323,0.008114907084313883,6.595594186364906e-06,5.352245748218136e-08,87
Tabula Sapiens,cell_type,bladder urothelial cell,bladder urothelial cell,ADORA2A,27241,0.0073418743805293485,6.855893843749072e-06,5.0334938821748756e-08,88
Tabula Sapiens,cell_type,stromal cell of ovary,stromal cell of ovary,ADORA2A,35003,0.002856897980173128,6.356325684464537e-06,1.8159316296066158e-08,89
Tabula Sapiens,cell_type,blood vessel smooth muscle cell,blood vessel smooth muscle cell,ADORA2A,6642,0.015055706112616682,1.0969637287416845e-06,1.6515554457654522e-08,90
Tabula Sapiens,cell_type,male germ cell,male germ cell,ADORA2A,116,0.0,0.0,0.0,91
Tabula Sapiens,cell_type,spermatogonium,spermatogonium,ADORA2A,64,0.0,0.0,0.0,92
Tabula Sapiens,cell_type,epithelial cell,epithelial cell,ADORA2A,1675,0.0,0.0,0.0,93
Tabula Sapiens,cell_type,melanocyte,melanocyte,ADORA2A,234,0.0,0.0,0.0,94
Tabula Sapiens,cell_type,glandular secretory epithelial cell,glandular secretory epithelial cell,ADORA2A,235,0.0,0.0,0.0,95
Tabula Sapiens,cell_type,club cell,club cell,ADORA2A,1747,0.0,0.0,0.0,96
Tabula Sapiens,cell_type,type B pancreatic cell,type b pancreatic cell,ADORA2A,102,0.0,0.0,0.0,97
Tabula Sapiens,cell_type,myoepithelial cell,myoepithelial cell,ADORA2A,486,0.0,0.0,0.0,98
Tabula Sapiens,cell_type,muscle cell,muscle cell,ADORA2A,406,0.0,0.0,0.0,99
Tabula Sapiens,cell_type,slow muscle cell,slow muscle cell,ADORA2A,174,0.0,0.0,0.0,100
Tabula Sapiens,cell_type,fast muscle cell,fast muscle cell,ADORA2A,495,0.0,0.0,0.0,101
Tabula Sapiens,cell_type,eye photoreceptor cell,eye photoreceptor cell,ADORA2A,1536,0.0,0.0,0.0,102
Tabula Sapiens,cell_type,mucus secreting cell,mucus secreting cell,ADORA2A,270,0.0,0.0,0.0,103
Tabula Sapiens,cell_type,tendon cell,tendon cell,ADORA2A,420,0.0,0.0,0.0,104
Tabula Sapiens,cell_type,theca cell,theca cell,ADORA2A,1038,0.0,0.0,0.0,105
Tabula Sapiens,cell_type,neuron,neuron,ADORA2A,82,0.0,0.0,0.0,106
Tabula Sapiens,cell_type,corneal epithelial cell,corneal epithelial cell,ADORA2A,4187,0.0,0.0,0.0,107
Tabula Sapiens,cell_type,hepatic stellate cell,hepatic stellate cell,ADORA2A,223,0.0,0.0,0.0,108
Tabula Sapiens,cell_type,Mueller cell,mueller cell,ADORA2A,506,0.0,0.0,0.0,109
Tabula Sapiens,cell_type,myeloid leukocyte,myeloid leukocyte,ADORA2A,1002,0.0,0.0,0.0,110
Tabula Sapiens,cell_type,basophil,basophil,ADORA2A,1669,0.0,0.0,0.0,111
Tabula Sapiens,cell_type,plasmacytoid dendritic cell,plasmacytoid dendritic cell,ADORA2A,99,0.0,0.0,0.0,112
Tabula Sapiens,cell_type,gamma-delta T cell,gamma-delta t cell,ADORA2A,1977,0.0,0.0,0.0,113
Tabula Sapiens,cell_type,tissue-resident macrophage,tissue-resident macrophage,ADORA2A,1355,0.0,0.0,0.0,114
Tabula Sapiens,cell_type,"activated CD4-positive, alpha-beta T cell","activated cd4-positive, alpha-beta t cell",ADORA2A,572,0.0,0.0,0.0,115
Tabula Sapiens,cell_type,"activated CD8-positive, alpha-beta T cell","activated cd8-positive, alpha-beta t cell",ADORA2A,1147,0.0,0.0,0.0,116
Tabula Sapiens,cell_type,hematopoietic cell,hematopoietic cell,ADORA2A,100,0.0,0.0,0.0,117
Tabula Sapiens,cell_type,pulmonary alveolar type 1 cell,pulmonary alveolar type 1 cell,ADORA2A,3116,0.0,0.0,0.0,118
Tabula Sapiens,cell_type,pancreatic acinar cell,pancreatic acinar cell,ADORA2A,5482,0.0,0.0,0.0,119
Tabula Sapiens,cell_type,pancreatic ductal cell,pancreatic ductal cell,ADORA2A,2721,0.0,0.0,0.0,120
Tabula Sapiens,cell_type,interstitial cell of Cajal,interstitial cell of cajal,ADORA2A,71,0.0,0.0,0.0,121
Tabula Sapiens,cell_type,regular atrial cardiac myocyte,regular atrial cardiac myocyte,ADORA2A,5816,0.0,0.0,0.0,122
Tabula Sapiens,cell_type,multiciliated columnar cell of tracheobronchial tree,multiciliated columnar cell of tracheobronchial tree,ADORA2A,713,0.0,0.0,0.0,123
Tabula Sapiens,cell_type,epithelial cell of uterus,epithelial cell of uterus,ADORA2A,1417,0.0,0.0,0.0,124
Tabula Sapiens,cell_type,supporting cell of vestibular epithelium,supporting cell of vestibular epithelium,ADORA2A,270,0.0,0.0,0.0,125
Tabula Sapiens,cell_type,connective tissue cell,connective tissue cell,ADORA2A,152,0.0,0.0,0.0,126
Tabula Sapiens,cell_type,myometrial cell,myometrial cell,ADORA2A,917,0.0,0.0,0.0,127
Tabula Sapiens,cell_type,peritubular myoid cell,peritubular myoid cell,ADORA2A,67,0.0,0.0,0.0,128
Tabula Sapiens,cell_type,intrahepatic cholangiocyte,intrahepatic cholangiocyte,ADORA2A,665,0.0,0.0,0.0,129
Tabula Sapiens,cell_type,fibroblast of cardiac tissue,fibroblast of cardiac tissue,ADORA2A,1947,0.0,0.0,0.0,130
Tabula Sapiens,cell_type,mesenchymal stem cell of adipose tissue,mesenchymal stem cell of adipose tissue,ADORA2A,3777,0.0,0.0,0.0,131
Tabula Sapiens,cell_type,Schwann cell,schwann cell,ADORA2A,318,0.0,0.0,0.0,132
Tabula Sapiens,cell_type,retinal pigment epithelial cell,retinal pigment epithelial cell,ADORA2A,67,0.0,0.0,0.0,133
Tabula Sapiens,cell_type,bronchial smooth muscle cell,bronchial smooth muscle cell,ADORA2A,220,0.0,0.0,0.0,134
Tabula Sapiens,cell_type,tongue muscle cell,tongue muscle cell,ADORA2A,202,0.0,0.0,0.0,135
Tabula Sapiens,cell_type,ionocyte,ionocyte,ADORA2A,160,0.0,0.0,0.0,136
Tabula Sapiens,cell_type,mural cell,mural cell,ADORA2A,618,0.0,0.0,0.0,137
Tabula Sapiens,cell_type,enteroendocrine cell of small intestine,enteroendocrine cell of small intestine,ADORA2A,264,0.0,0.0,0.0,138
Tabula Sapiens,cell_type,paneth cell of colon,paneth cell of colon,ADORA2A,217,0.0,0.0,0.0,139
Tabula Sapiens,cell_type,transit amplifying cell of colon,transit amplifying cell of colon,ADORA2A,237,0.0,0.0,0.0,140
Tabula Sapiens,cell_type,intestinal crypt stem cell of small intestine,intestinal crypt stem cell of small intestine,ADORA2A,587,0.0,0.0,0.0,141
Tabula Sapiens,cell_type,colon macrophage,colon macrophage,ADORA2A,328,0.0,0.0,0.0,142
Tabula Sapiens,cell_type,intestinal crypt stem cell of colon,intestinal crypt stem cell of colon,ADORA2A,1732,0.0,0.0,0.0,143
Tabula Sapiens,cell_type,myo-medullary thymic epithelial cell,myo-medullary thymic epithelial cell,ADORA2A,77,0.0,0.0,0.0,144
Tabula Sapiens,cell_type,neuro-medullary thymic epithelial cell,neuro-medullary thymic epithelial cell,ADORA2A,135,0.0,0.0,0.0,145
Tabula Sapiens,cell_type,progenitor cell of mammary luminal epithelium,progenitor cell of mammary luminal epithelium,ADORA2A,1694,0.0,0.0,0.0,146
Tabula Sapiens,cell_type,lung multiciliated epithelial cell,lung multiciliated epithelial cell,ADORA2A,1209,0.0,0.0,0.0,147
Tabula Sapiens,cell_type,large intestine goblet cell,large intestine goblet cell,ADORA2A,1557,0.0,0.0,0.0,148
Tabula Sapiens,cell_type,serous cell of epithelium of trachea,serous cell of epithelium of trachea,ADORA2A,326,0.0,0.0,0.0,149
Tabula Sapiens,cell_type,enterocyte of epithelium proper of jejunum,enterocyte of epithelium proper of jejunum,ADORA2A,405,0.0,0.0,0.0,150
Tabula Sapiens,cell_type,paneth cell of epithelium of small intestine,paneth cell of epithelium of small intestine,ADORA2A,1853,0.0,0.0,0.0,151
Tabula Sapiens,cell_type,endothelial cell of arteriole,endothelial cell of arteriole,ADORA2A,132,0.0,0.0,0.0,152
Tabula Sapiens,cell_type,endothelial cell of venule,endothelial cell of venule,ADORA2A,52,0.0,0.0,0.0,153
Tabula Sapiens,cell_type,ovarian surface epithelial cell,ovarian surface epithelial cell,ADORA2A,241,0.0,0.0,0.0,154
Tabula Sapiens,cell_type,alveolar adventitial fibroblast,alveolar adventitial fibroblast,ADORA2A,1113,0.0,0.0,0.0,155
Tabula Sapiens,cell_type,enteroglial cell,enteroglial cell,ADORA2A,990,0.0,0.0,0.0,156
Tabula Sapiens,cell_type,basal cell,basal cell,ADORA2B,33526,31.86780409234624,0.2187090516090393,6.303201298728494,1
Tabula Sapiens,cell_type,retinal pigment epithelial cell,retinal pigment epithelial cell,ADORA2B,67,25.37313432835821,0.24387647211551666,5.537247369474895,2
Tabula Sapiens,cell_type,bladder urothelial cell,bladder urothelial cell,ADORA2B,27241,31.063470504019676,0.15450681746006012,4.46298991624155,3
Tabula Sapiens,cell_type,paneth cell of colon,paneth cell of colon,ADORA2B,217,23.502304147465438,0.2030969113111496,4.345552341345039,4
Tabula Sapiens,cell_type,sebocyte,sebocyte,ADORA2B,135,25.185185185185183,0.1814078986644745,4.198543184052581,5
Tabula Sapiens,cell_type,serous cell of epithelium of trachea,serous cell of epithelium of trachea,ADORA2B,326,22.699386503067483,0.15801577270030975,3.330181588221913,6
Tabula Sapiens,cell_type,respiratory tract goblet cell,respiratory tract goblet cell,ADORA2B,1040,25.576923076923073,0.1317732036113739,3.166055013275145,7
Tabula Sapiens,cell_type,common myeloid progenitor,common myeloid progenitor,ADORA2B,456,31.140350877192986,0.09755972027778625,2.89883282088162,8
Tabula Sapiens,cell_type,erythroid progenitor cell,erythroid progenitor cell,ADORA2B,971,26.364572605561275,0.10022466629743576,2.518196361051669,9
Tabula Sapiens,cell_type,conjunctival epithelial cell,conjunctival epithelial cell,ADORA2B,11087,18.868945611977992,0.11738232523202896,2.0942405015298946,10
Tabula Sapiens,cell_type,pulmonary alveolar type 2 cell,pulmonary alveolar type 2 cell,ADORA2B,11594,22.85664999137485,0.08161456137895584,1.793215938655401,11
Tabula Sapiens,cell_type,intestinal crypt stem cell of colon,intestinal crypt stem cell of colon,ADORA2B,1732,18.30254041570439,0.08927921205759048,1.5651637828678828,12
Tabula Sapiens,cell_type,lung multiciliated epithelial cell,lung multiciliated epithelial cell,ADORA2B,1209,17.3697270471464,0.08881154656410217,1.4779340944521562,13
Tabula Sapiens,cell_type,luminal epithelial cell of mammary gland,luminal epithelial cell of mammary gland,ADORA2B,15432,14.981855883877657,0.09106285870075226,1.3057035111538517,14
Tabula Sapiens,cell_type,neuro-medullary thymic epithelial cell,neuro-medullary thymic epithelial cell,ADORA2B,135,11.11111111111111,0.10818074643611908,1.1413300397058959,15
Tabula Sapiens,cell_type,mucus secreting cell,mucus secreting cell,ADORA2B,270,14.444444444444443,0.08178643882274628,1.1355324445679091,16
Tabula Sapiens,cell_type,transit amplifying cell of colon,transit amplifying cell of colon,ADORA2B,237,13.924050632911392,0.08458901941776276,1.130648663516336,17
Tabula Sapiens,cell_type,stratified squamous epithelial cell,stratified squamous epithelial cell,ADORA2B,12323,14.249776840055182,0.06463028490543365,0.8924291611138094,18
Tabula Sapiens,cell_type,multiciliated columnar cell of tracheobronchial tree,multiciliated columnar cell of tracheobronchial tree,ADORA2B,713,13.744740532959327,0.0571296289563179,0.763621194509815,19
Tabula Sapiens,cell_type,platelet,platelet,ADORA2B,494,8.097165991902834,0.09500479698181152,0.7348886159042572,20
Tabula Sapiens,cell_type,progenitor cell of mammary luminal epithelium,progenitor cell of mammary luminal epithelium,ADORA2B,1694,9.149940968122786,0.07592708617448807,0.6696173452243761,21
Tabula Sapiens,cell_type,enterocyte of epithelium of large intestine,enterocyte of epithelium of large intestine,ADORA2B,4567,9.349682504926648,0.07137637585401535,0.6446059544977635,22
Tabula Sapiens,cell_type,monocyte,monocyte,ADORA2B,25753,9.039723527356037,0.06328675895929337,0.5547210687353534,23
Tabula Sapiens,cell_type,hematopoietic stem cell,hematopoietic stem cell,ADORA2B,858,9.44055944055944,0.053848035633563995,0.4951409256060108,24
Tabula Sapiens,cell_type,intermediate monocyte,intermediate monocyte,ADORA2B,5478,8.342460752099306,0.05609973892569542,0.45535345322830567,25
Tabula Sapiens,cell_type,club cell,club cell,ADORA2B,1747,8.700629650829994,0.05001453682780266,0.4246256049266495,26
Tabula Sapiens,cell_type,classical monocyte,classical monocyte,ADORA2B,18200,8.307692307692308,0.051736656576395035,0.41906290040581284,27
Tabula Sapiens,cell_type,macrophage,macrophage,ADORA2B,69072,7.726719944405837,0.04306129366159439,0.3257580568692083,28
Tabula Sapiens,cell_type,myeloid cell,myeloid cell,ADORA2B,81,4.938271604938271,0.06764324754476547,0.3232278857061251,29
Tabula Sapiens,cell_type,myeloid leukocyte,myeloid leukocyte,ADORA2B,1002,5.888223552894212,0.052413150668144226,0.30080441051854206,30
Tabula Sapiens,cell_type,Mueller cell,mueller cell,ADORA2B,506,6.719367588932807,0.044580865651369095,0.2930700517034015,31
Tabula Sapiens,cell_type,mononuclear phagocyte,mononuclear phagocyte,ADORA2B,5336,6.634182908545727,0.04346858337521553,0.28228673911303237,32
Tabula Sapiens,cell_type,tracheal goblet cell,tracheal goblet cell,ADORA2B,232,5.172413793103448,0.054224979132413864,0.27313386221734487,33
Tabula Sapiens,cell_type,myeloid dendritic cell,myeloid dendritic cell,ADORA2B,571,6.47985989492119,0.04145330190658569,0.2631933983696125,34
Tabula Sapiens,cell_type,mast cell,mast cell,ADORA2B,6222,4.741240758598521,0.05121320113539696,0.23680092275776113,35
Tabula Sapiens,cell_type,microglial cell,microglial cell,ADORA2B,410,5.609756097560976,0.03646457940340042,0.2009161019183119,36
Tabula Sapiens,cell_type,intestinal tuft cell,intestinal tuft cell,ADORA2B,448,4.6875,0.0414157472550869,0.19022382594495343,37
Tabula Sapiens,cell_type,colon macrophage,colon macrophage,ADORA2B,328,5.487804878048781,0.03376394510269165,0.182230557179282,38
Tabula Sapiens,cell_type,salivary gland cell,salivary gland cell,ADORA2B,850,6.8235294117647065,0.02625874988734722,0.17686525340066125,39
Tabula Sapiens,cell_type,pancreatic ductal cell,pancreatic ductal cell,ADORA2B,2721,6.688717383314957,0.02673386037349701,0.17646678925565196,40
Tabula Sapiens,cell_type,BEST4+ enterocyte,best4+ enterocyte,ADORA2B,1970,4.568527918781726,0.03590299189090729,0.16114797996907076,41
Tabula Sapiens,cell_type,male germ cell,male germ cell,ADORA2B,116,4.310344827586207,0.03803800046443939,0.16091548872511938,42
Tabula Sapiens,cell_type,hematopoietic precursor cell,hematopoietic precursor cell,ADORA2B,2140,5.934579439252336,0.023957593366503716,0.1405018390202676,43
Tabula Sapiens,cell_type,pericyte,pericyte,ADORA2B,10888,4.077883908890521,0.03398091346025467,0.1362678613069037,44
Tabula Sapiens,cell_type,large intestine goblet cell,large intestine goblet cell,ADORA2B,1557,3.917790622992935,0.03435666859149933,0.13234162429908988,45
Tabula Sapiens,cell_type,basophil,basophil,ADORA2B,1669,3.834631515877771,0.03265233337879181,0.12320890919776863,46
Tabula Sapiens,cell_type,basal cell of prostate epithelium,basal cell of prostate epithelium,ADORA2B,3495,4.86409155937053,0.022954778745770454,0.1103919269037079,47
Tabula Sapiens,cell_type,regular atrial cardiac myocyte,regular atrial cardiac myocyte,ADORA2B,5816,4.814305364511692,0.01800875924527645,0.08592823741810832,48
Tabula Sapiens,cell_type,ventricular cardiac muscle cell,ventricular cardiac muscle cell,ADORA2B,2599,4.501731435167372,0.018260132521390915,0.08146071390693517,49
Tabula Sapiens,cell_type,tuft cell of colon,tuft cell of colon,ADORA2B,178,2.8089887640449436,0.0283106230199337,0.0784193366905634,50
Tabula Sapiens,cell_type,non-classical monocyte,non-classical monocyte,ADORA2B,1284,3.4267912772585665,0.021737007424235344,0.07369015612636841,51
Tabula Sapiens,cell_type,stromal cell,stromal cell,ADORA2B,3458,3.4412955465587043,0.02010144479572773,0.06848893250180435,52
Tabula Sapiens,cell_type,corneal epithelial cell,corneal epithelial cell,ADORA2B,4187,4.060186290900406,0.01582736149430275,0.06375879001592005,53
Tabula Sapiens,cell_type,epithelial cell of uterus,epithelial cell of uterus,ADORA2B,1417,3.387438249823571,0.01742544211447239,0.05851921553701286,54
Tabula Sapiens,cell_type,intestinal crypt stem cell of small intestine,intestinal crypt stem cell of small intestine,ADORA2B,587,3.0664395229982966,0.017751572653651237,0.053956620998582845,55
Tabula Sapiens,cell_type,keratocyte,keratocyte,ADORA2B,1001,2.897102897102897,0.01823600009083748,0.052355627911231516,56
Tabula Sapiens,cell_type,spermatocyte,spermatocyte,ADORA2B,3070,3.1921824104234524,0.015692729502916336,0.04970506314838936,57
Tabula Sapiens,cell_type,ciliated epithelial cell,ciliated epithelial cell,ADORA2B,320,4.375,0.010890445671975613,0.04738812673197769,58
Tabula Sapiens,cell_type,tissue-resident macrophage,tissue-resident macrophage,ADORA2B,1355,2.2878228782287824,0.017381832003593445,0.03942489852307799,59
Tabula Sapiens,cell_type,enteroendocrine cell of small intestine,enteroendocrine cell of small intestine,ADORA2B,264,2.6515151515151514,0.01316039077937603,0.03466735467235082,60
Tabula Sapiens,cell_type,duct epithelial cell,duct epithelial cell,ADORA2B,3889,3.059912573926459,0.009364333935081959,0.028520711866204033,61
Tabula Sapiens,cell_type,myofibroblast cell,myofibroblast cell,ADORA2B,4436,2.096483318304779,0.01347703579813242,0.028065681593535615,62
Tabula Sapiens,cell_type,fibroblast of breast,fibroblast of breast,ADORA2B,5270,1.7647058823529411,0.01463174819946289,0.025633653541239917,63
Tabula Sapiens,cell_type,skeletal muscle satellite stem cell,skeletal muscle satellite stem cell,ADORA2B,6170,1.880064829821718,0.012168556451797485,0.022739599863088537,64
Tabula Sapiens,cell_type,intrahepatic cholangiocyte,intrahepatic cholangiocyte,ADORA2B,665,1.6541353383458646,0.013714399188756943,0.022531321323892742,65
Tabula Sapiens,cell_type,fibroblast of cardiac tissue,fibroblast of cardiac tissue,ADORA2B,1947,1.848998459167951,0.011299443431198597,0.020775497521087437,66
Tabula Sapiens,cell_type,myoepithelial cell,myoepithelial cell,ADORA2B,486,1.646090534979424,0.012362135574221611,0.020224441698413247,67
Tabula Sapiens,cell_type,spermatogonium,spermatogonium,ADORA2B,64,1.5625,0.01280131097882986,0.019875104402053086,68
Tabula Sapiens,cell_type,luminal cell of prostate epithelium,luminal cell of prostate epithelium,ADORA2B,10652,1.9714607585429966,0.010069498792290688,0.019752339710515734,69
Tabula Sapiens,cell_type,leukocyte,leukocyte,ADORA2B,201,3.482587064676617,0.005613298155367374,0.01949413738710275,70
Tabula Sapiens,cell_type,smooth muscle cell,smooth muscle cell,ADORA2B,18425,1.666214382632293,0.011608622036874294,0.01923104475582553,71
Tabula Sapiens,cell_type,ovarian surface epithelial cell,ovarian surface epithelial cell,ADORA2B,241,2.0746887966804977,0.008549850434064865,0.017662878562668766,72
Tabula Sapiens,cell_type,myometrial cell,myometrial cell,ADORA2B,917,1.6357688113413305,0.010292479768395424,0.016750064658025244,73
Tabula Sapiens,cell_type,glandular secretory epithelial cell,glandular secretory epithelial cell,ADORA2B,235,2.127659574468085,0.007788234390318394,0.016506516272355307,74
Tabula Sapiens,cell_type,small intestine goblet cell,small intestine goblet cell,ADORA2B,2044,1.761252446183953,0.008864447474479675,0.01554373780974167,75
Tabula Sapiens,cell_type,fibroblast,fibroblast,ADORA2B,83338,1.7075043797547338,0.008543637581169605,0.014526332713359057,76
Tabula Sapiens,cell_type,retinal bipolar neuron,retinal bipolar neuron,ADORA2B,61,1.639344262295082,0.008381628431379795,0.013683110873319247,77
Tabula Sapiens,cell_type,theca cell,theca cell,ADORA2B,1038,2.119460500963391,0.006284581497311592,0.013278241718822598,78
Tabula Sapiens,cell_type,mesenchymal stem cell of adipose tissue,mesenchymal stem cell of adipose tissue,ADORA2B,3777,1.9592268996558113,0.006688734982162714,0.013061116860229231,79
Tabula Sapiens,cell_type,plasmacytoid dendritic cell,plasmacytoid dendritic cell,ADORA2B,99,2.0202020202020203,0.005971876438707113,0.012028516081699376,80
Tabula Sapiens,cell_type,bronchial smooth muscle cell,bronchial smooth muscle cell,ADORA2B,220,0.9090909090909091,0.012896875850856304,0.011649472131790491,81
Tabula Sapiens,cell_type,thymocyte,thymocyte,ADORA2B,455,1.3186813186813187,0.008837322704494,0.011602420370041326,82
Tabula Sapiens,cell_type,tongue muscle cell,tongue muscle cell,ADORA2B,202,0.9900990099009901,0.01147216372191906,0.01129391826397014,83
Tabula Sapiens,cell_type,mesothelial cell,mesothelial cell,ADORA2B,350,1.7142857142857144,0.005669008940458298,0.009690858140225276,84
Tabula Sapiens,cell_type,peritubular myoid cell,peritubular myoid cell,ADORA2B,67,1.4925373134328357,0.006172004621475935,0.009183635539297174,85
Tabula Sapiens,cell_type,thymic fibroblast type 2,thymic fibroblast type 2,ADORA2B,4205,1.2604042806183116,0.007272194605320692,0.00913273778971052,86
Tabula Sapiens,cell_type,enterocyte of epithelium proper of small intestine,enterocyte of epithelium proper of small intestine,ADORA2B,1415,1.5547703180212016,0.005385860335081816,0.00835130643431625,87
Tabula Sapiens,cell_type,pancreatic acinar cell,pancreatic acinar cell,ADORA2B,5482,1.8241517694272162,0.004448106978088617,0.008096029531121856,88
Tabula Sapiens,cell_type,melanocyte,melanocyte,ADORA2B,234,1.282051282051282,0.006130478344857693,0.007835594116929134,89
Tabula Sapiens,cell_type,hematopoietic cell,hematopoietic cell,ADORA2B,100,1.0,0.006711937952786684,0.006689513183760219,90
Tabula Sapiens,cell_type,alveolar adventitial fibroblast,alveolar adventitial fibroblast,ADORA2B,1113,0.9883198562443846,0.006762552075088024,0.006661066888758879,91
Tabula Sapiens,cell_type,hepatic stellate cell,hepatic stellate cell,ADORA2B,223,0.8968609865470852,0.006986405234783888,0.00624404787616445,92
Tabula Sapiens,cell_type,thymic fibroblast type 1,thymic fibroblast type 1,ADORA2B,3270,1.1009174311926606,0.005506312940269709,0.006045367287942007,93
Tabula Sapiens,cell_type,innate lymphoid cell,innate lymphoid cell,ADORA2B,971,0.7209062821833162,0.00823377538472414,0.005911476775581138,94
Tabula Sapiens,cell_type,vascular associated smooth muscle cell,vascular associated smooth muscle cell,ADORA2B,5019,0.7172743574417215,0.005780784413218498,0.004134469667064517,95
Tabula Sapiens,cell_type,pancreatic stellate cell,pancreatic stellate cell,ADORA2B,438,0.91324200913242,0.0043889242224395275,0.003999379893027697,96
Tabula Sapiens,cell_type,epithelial cell,epithelial cell,ADORA2B,1675,0.7164179104477612,0.005470792297273874,0.0039086914886749926,97
Tabula Sapiens,cell_type,adventitial cell,adventitial cell,ADORA2B,1045,0.6698564593301436,0.005423619877547026,0.0036232301540211455,98
Tabula Sapiens,cell_type,endothelial cell of artery,endothelial cell of artery,ADORA2B,3471,0.8066839527513685,0.004466714803129435,0.003595203742488808,99
Tabula Sapiens,cell_type,mesenchymal stem cell,mesenchymal stem cell,ADORA2B,23499,0.7915230435337675,0.004453827627003193,0.003517479875828426,100
Tabula Sapiens,cell_type,supporting cell of vestibular epithelium,supporting cell of vestibular epithelium,ADORA2B,270,0.7407407407407408,0.004687073640525341,0.0034637951952389925,101
Tabula Sapiens,cell_type,"CD8-positive, alpha-beta thymocyte","cd8-positive, alpha-beta thymocyte",ADORA2B,731,0.8207934336525308,0.004184361081570387,0.0034273304959048898,102
Tabula Sapiens,cell_type,mural cell,mural cell,ADORA2B,618,0.6472491909385114,0.004716109950095415,0.0030453229418206623,103
Tabula Sapiens,cell_type,granulocyte,granulocyte,ADORA2B,769,0.6501950585175552,0.0038729016669094563,0.0025132778224113777,104
Tabula Sapiens,cell_type,paneth cell of epithelium of small intestine,paneth cell of epithelium of small intestine,ADORA2B,1853,0.809498111171074,0.0030999716836959124,0.0025055396749923344,105
Tabula Sapiens,cell_type,endothelial cell,endothelial cell,ADORA2B,33703,0.6260570275643118,0.003948196303099394,0.002466929279511078,106
Tabula Sapiens,cell_type,acinar cell of salivary gland,acinar cell of salivary gland,ADORA2B,12237,0.8662253820380812,0.002830290701240301,0.0024482067076017286,107
Tabula Sapiens,cell_type,"naive thymus-derived CD8-positive, alpha-beta T cell","naive thymus-derived cd8-positive, alpha-beta t cell",ADORA2B,1056,0.5681818181818182,0.004150861874222755,0.0023535629615958594,108
Tabula Sapiens,cell_type,fast muscle cell,fast muscle cell,ADORA2B,495,0.6060606060606061,0.003797024954110384,0.0022968693641163347,109
Tabula Sapiens,cell_type,enterocyte of epithelium proper of ileum,enterocyte of epithelium proper of ileum,ADORA2B,6477,0.7102053419793114,0.0028585661202669144,0.002027272760901123,110
Tabula Sapiens,cell_type,vein endothelial cell,vein endothelial cell,ADORA2B,4698,0.70242656449553,0.002859199419617653,0.0020055119105931185,111
Tabula Sapiens,cell_type,T cell,t cell,ADORA2B,6290,0.4292527821939587,0.004303856752812862,0.001843478291545916,112
Tabula Sapiens,cell_type,"activated CD4-positive, alpha-beta T cell","activated cd4-positive, alpha-beta t cell",ADORA2B,572,0.5244755244755245,0.0034079088363796473,0.001784326087974526,113
Tabula Sapiens,cell_type,B cell,b cell,ADORA2B,114495,0.42709288615223373,0.003565947525203228,0.0015202818059584376,114
Tabula Sapiens,cell_type,endothelial cell of lymphatic vessel,endothelial cell of lymphatic vessel,ADORA2B,2438,0.5332239540607054,0.00284204981289804,0.0015132996195836841,115
Tabula Sapiens,cell_type,endothelial cell of vascular tree,endothelial cell of vascular tree,ADORA2B,875,0.4571428571428572,0.003264656290411949,0.00148998348340804,116
Tabula Sapiens,cell_type,gamma-delta T cell,gamma-delta t cell,ADORA2B,1977,0.3540718259989884,0.0035705268383026123,0.0012619713444546514,117
Tabula Sapiens,cell_type,eye photoreceptor cell,eye photoreceptor cell,ADORA2B,1536,0.4557291666666667,0.002702033380046487,0.00122973477556845,118
Tabula Sapiens,cell_type,"CD4-positive, alpha-beta thymocyte","cd4-positive, alpha-beta thymocyte",ADORA2B,4685,0.4055496264674493,0.0029392438009381294,0.001190260847804943,119
Tabula Sapiens,cell_type,tendon cell,tendon cell,ADORA2B,420,0.7142857142857143,0.0016110774595290422,0.0011498436188893439,120
Tabula Sapiens,cell_type,cardiac endothelial cell,cardiac endothelial cell,ADORA2B,10092,0.3765358699960365,0.0026314861606806517,0.0009895475108824693,121
Tabula Sapiens,cell_type,"CD8-positive, alpha-beta T cell","cd8-positive, alpha-beta t cell",ADORA2B,76277,0.3251307733654968,0.002970794914290309,0.0009644649425023488,122
Tabula Sapiens,cell_type,"CD4-positive, alpha-beta T cell","cd4-positive, alpha-beta t cell",ADORA2B,97130,0.3304849171213837,0.0029156464152038097,0.0009621751632297474,123
Tabula Sapiens,cell_type,natural killer cell,natural killer cell,ADORA2B,14231,0.3302649146230061,0.002723545767366886,0.0008982689265675534,124
Tabula Sapiens,cell_type,spermatid,spermatid,ADORA2B,4009,0.3991020204539786,0.002190937055274844,0.0008734509164713299,125
Tabula Sapiens,cell_type,regulatory T cell,regulatory t cell,ADORA2B,2649,0.33975084937712347,0.0023721938487142324,0.0008050004434891361,126
Tabula Sapiens,cell_type,capillary endothelial cell,capillary endothelial cell,ADORA2B,15298,0.3333769120146424,0.0023912242613732815,0.000796227360046983,127
Tabula Sapiens,cell_type,"naive thymus-derived CD4-positive, alpha-beta T cell","naive thymus-derived cd4-positive, alpha-beta t cell",ADORA2B,9827,0.3052813676605271,0.002381463535130024,0.0007261521354041249,128
Tabula Sapiens,cell_type,kidney epithelial cell,kidney epithelial cell,ADORA2B,9278,0.3233455486096141,0.0021541232708841562,0.0006957770447937345,129
Tabula Sapiens,cell_type,mature NK T cell,mature nk t cell,ADORA2B,5394,0.3151649981460882,0.0021002572029829025,0.0006612334201655394,130
Tabula Sapiens,cell_type,pulmonary alveolar type 1 cell,pulmonary alveolar type 1 cell,ADORA2B,3116,0.3209242618741977,0.002014684025198221,0.0006459105491208106,131
Tabula Sapiens,cell_type,"activated CD8-positive, alpha-beta T cell","activated cd8-positive, alpha-beta t cell",ADORA2B,1147,0.26155187445510025,0.002468325197696686,0.000644799621619252,132
Tabula Sapiens,cell_type,Schwann cell,schwann cell,ADORA2B,318,0.3144654088050315,0.0018766648136079311,0.000589593106359765,133
Tabula Sapiens,cell_type,erythrocyte,erythrocyte,ADORA2B,14611,0.4106495106426665,0.0013605828862637281,0.0005583429465785953,134
Tabula Sapiens,cell_type,neutrophil,neutrophil,ADORA2B,69539,0.20851608449934572,0.002081638900563121,0.0004336040457747918,135
Tabula Sapiens,cell_type,enterocyte of epithelium proper of duodenum,enterocyte of epithelium proper of duodenum,ADORA2B,13495,0.2667654686921082,0.0014566496247425675,0.0003883010791630623,136
Tabula Sapiens,cell_type,plasma cell,plasma cell,ADORA2B,27349,0.28154594317890963,0.0011144888121634722,0.000313605081547776,137
Tabula Sapiens,cell_type,hepatocyte,hepatocyte,ADORA2B,7414,0.22929592662530346,0.00133927958086133,0.00030688589533761244,138
Tabula Sapiens,cell_type,colon endothelial cell,colon endothelial cell,ADORA2B,348,0.28735632183908044,0.0010143739636987448,0.0002913390327816251,139
Tabula Sapiens,cell_type,blood vessel smooth muscle cell,blood vessel smooth muscle cell,ADORA2B,6642,0.22583559168925021,0.0012053889222443104,0.00027205578687557766,140
Tabula Sapiens,cell_type,enteroglial cell,enteroglial cell,ADORA2B,990,0.20202020202020202,0.0013406381476670504,0.00027065460499392215,141
Tabula Sapiens,cell_type,retinal blood vessel endothelial cell,retinal blood vessel endothelial cell,ADORA2B,2091,0.19129603060736491,0.0012704245746135712,0.00024287293508225123,142
Tabula Sapiens,cell_type,stromal cell of ovary,stromal cell of ovary,ADORA2B,35003,0.13427420506813703,0.0009015135583467782,0.00012099548506101727,143
Tabula Sapiens,cell_type,acinar cell,acinar cell,ADORA2B,1345,0.29739776951672864,0.00037345930468291044,0.00011104523007115996,144
Tabula Sapiens,cell_type,type B pancreatic cell,type b pancreatic cell,ADORA2B,102,0.0,0.0,0.0,145
Tabula Sapiens,cell_type,muscle cell,muscle cell,ADORA2B,406,0.0,0.0,0.0,146
Tabula Sapiens,cell_type,slow muscle cell,slow muscle cell,ADORA2B,174,0.0,0.0,0.0,147
Tabula Sapiens,cell_type,Langerhans cell,langerhans cell,ADORA2B,76,0.0,0.0,0.0,148
Tabula Sapiens,cell_type,neuron,neuron,ADORA2B,82,0.0,0.0,0.0,149
Tabula Sapiens,cell_type,interstitial cell of Cajal,interstitial cell of cajal,ADORA2B,71,0.0,0.0,0.0,150
Tabula Sapiens,cell_type,connective tissue cell,connective tissue cell,ADORA2B,152,0.0,0.0,0.0,151
Tabula Sapiens,cell_type,ionocyte,ionocyte,ADORA2B,160,0.0,0.0,0.0,152
Tabula Sapiens,cell_type,myo-medullary thymic epithelial cell,myo-medullary thymic epithelial cell,ADORA2B,77,0.0,0.0,0.0,153
Tabula Sapiens,cell_type,enterocyte of epithelium proper of jejunum,enterocyte of epithelium proper of jejunum,ADORA2B,405,0.0,0.0,0.0,154
Tabula Sapiens,cell_type,endothelial cell of arteriole,endothelial cell of arteriole,ADORA2B,132,0.0,0.0,0.0,155
Tabula Sapiens,cell_type,endothelial cell of venule,endothelial cell of venule,ADORA2B,52,0.0,0.0,0.0,156
Tabula Sapiens,cell_type,microglial cell,microglial cell,ADORA3,410,36.829268292682926,0.3700190782546997,11.594762069985553,1
Tabula Sapiens,cell_type,colon macrophage,colon macrophage,ADORA3,328,40.243902439024396,0.2897321283817291,10.23943898169238,2
Tabula Sapiens,cell_type,tissue-resident macrophage,tissue-resident macrophage,ADORA3,1355,34.981549815498155,0.33311715722084045,10.05789265708523,3
Tabula Sapiens,cell_type,macrophage,macrophage,ADORA3,69072,21.629603891591383,0.15388210117816925,3.095888410349215,4
Tabula Sapiens,cell_type,myeloid leukocyte,myeloid leukocyte,ADORA3,1002,12.77445109780439,0.12086707353591919,1.4575975548390494,5
Tabula Sapiens,cell_type,mononuclear phagocyte,mononuclear phagocyte,ADORA3,5336,14.111694152923537,0.10390113294124603,1.3949464755092729,6
Tabula Sapiens,cell_type,basophil,basophil,ADORA3,1669,11.863391252246855,0.1177842915058136,1.3209698090136452,7
Tabula Sapiens,cell_type,intermediate monocyte,intermediate monocyte,ADORA3,5478,11.829134720700987,0.07549519091844559,0.8609385990106031,8
Tabula Sapiens,cell_type,mast cell,mast cell,ADORA3,6222,8.59852137576342,0.09766099601984024,0.801223537643702,9
Tabula Sapiens,cell_type,myeloid cell,myeloid cell,ADORA3,81,7.4074074074074066,0.06730499863624573,0.48249465457409185,10
Tabula Sapiens,cell_type,myeloid dendritic cell,myeloid dendritic cell,ADORA3,571,8.756567425569177,0.05484781786799431,0.46757012308986945,11
Tabula Sapiens,cell_type,classical monocyte,classical monocyte,ADORA3,18200,6.7967032967032965,0.037285078316926956,0.24880554623886875,12
Tabula Sapiens,cell_type,plasmacytoid dendritic cell,plasmacytoid dendritic cell,ADORA3,99,6.0606060606060606,0.040727708488702774,0.24194053432886928,13
Tabula Sapiens,cell_type,non-classical monocyte,non-classical monocyte,ADORA3,1284,4.750778816199377,0.04712662845849991,0.2187727405267241,14
Tabula Sapiens,cell_type,monocyte,monocyte,ADORA3,25753,5.774084572671145,0.03718680888414383,0.21082370270437573,15
Tabula Sapiens,cell_type,spermatid,spermatid,ADORA3,4009,3.6418059366425544,0.02574608288705349,0.09257555746593767,16
Tabula Sapiens,cell_type,leukocyte,leukocyte,ADORA3,201,3.482587064676617,0.018402189016342163,0.06350468859422906,17
Tabula Sapiens,cell_type,retinal bipolar neuron,retinal bipolar neuron,ADORA3,61,3.278688524590164,0.0101166358217597,0.03300263999145124,18
Tabula Sapiens,cell_type,spermatocyte,spermatocyte,ADORA3,3070,2.9315960912052117,0.011121285147964954,0.03242315483124065,19
Tabula Sapiens,cell_type,Mueller cell,mueller cell,ADORA3,506,0.9881422924901186,0.015168387442827225,0.01487598586214497,20
Tabula Sapiens,cell_type,hematopoietic precursor cell,hematopoietic precursor cell,ADORA3,2140,1.4485981308411215,0.005348887760192156,0.007727739780626913,21
Tabula Sapiens,cell_type,endothelial cell of arteriole,endothelial cell of arteriole,ADORA3,132,0.7575757575757576,0.004255974665284157,0.003217381530283649,22
Tabula Sapiens,cell_type,sebocyte,sebocyte,ADORA3,135,1.4814814814814816,0.002021502237766981,0.002991795187487237,23
Tabula Sapiens,cell_type,mesenchymal stem cell of adipose tissue,mesenchymal stem cell of adipose tissue,ADORA3,3777,0.4500926661371459,0.0037597843911498785,0.001689078082008771,24
Tabula Sapiens,cell_type,"CD8-positive, alpha-beta T cell","cd8-positive, alpha-beta t cell",ADORA3,76277,0.4680309923043644,0.0035493348259478807,0.00165825758269534,25
Tabula Sapiens,cell_type,eye photoreceptor cell,eye photoreceptor cell,ADORA3,1536,0.390625,0.003887672210112214,0.0015156776334612479,26
Tabula Sapiens,cell_type,neutrophil,neutrophil,ADORA3,69539,0.3609485324781777,0.004048930946737528,0.0014585049788760596,27
Tabula Sapiens,cell_type,Schwann cell,schwann cell,ADORA3,318,0.3144654088050315,0.004345552530139685,0.0013635653715271781,28
Tabula Sapiens,cell_type,T cell,t cell,ADORA3,6290,0.2543720190779014,0.0028960430063307285,0.00073560764455889,29
Tabula Sapiens,cell_type,endothelial cell,endothelial cell,ADORA3,33703,0.32341334599293836,0.0021520780865103006,0.000695262912807562,30
Tabula Sapiens,cell_type,retinal blood vessel endothelial cell,retinal blood vessel endothelial cell,ADORA3,2091,0.23912003825920614,0.002391299232840538,0.000571124970525091,31
Tabula Sapiens,cell_type,pancreatic ductal cell,pancreatic ductal cell,ADORA3,2721,0.3675119441381845,0.0014924874994903803,0.000548098069446792,32
Tabula Sapiens,cell_type,common myeloid progenitor,common myeloid progenitor,ADORA3,456,0.6578947368421052,0.000829101714771241,0.0005452356577657732,33
Tabula Sapiens,cell_type,cardiac endothelial cell,cardiac endothelial cell,ADORA3,10092,0.24772096710265556,0.002164492616429925,0.0005356107503579879,34
Tabula Sapiens,cell_type,adventitial cell,adventitial cell,ADORA3,1045,0.3827751196172249,0.0013755779946222901,0.0005261752168222772,35
Tabula Sapiens,cell_type,vein endothelial cell,vein endothelial cell,ADORA3,4698,0.29799914857386123,0.0016959799686446786,0.000504972495972686,36
Tabula Sapiens,cell_type,enteroglial cell,enteroglial cell,ADORA3,990,0.20202020202020202,0.002255059313029051,0.0004550546430037193,37
Tabula Sapiens,cell_type,endothelial cell of artery,endothelial cell of artery,ADORA3,3471,0.25929127052722556,0.0011879111407324672,0.0003078321864899222,38
Tabula Sapiens,cell_type,mesothelial cell,mesothelial cell,ADORA3,350,0.2857142857142857,0.0009619700722396374,0.00027471647872774906,39
Tabula Sapiens,cell_type,pancreatic stellate cell,pancreatic stellate cell,ADORA3,438,0.228310502283105,0.0010442702332511544,0.00023829346173205907,40
Tabula Sapiens,cell_type,luminal cell of prostate epithelium,luminal cell of prostate epithelium,ADORA3,10652,0.15959444235824258,0.0013770500663667917,0.00021961835938371776,41
Tabula Sapiens,cell_type,pericyte,pericyte,ADORA3,10888,0.2204261572373255,0.0009881260339170694,0.00021770128407404916,42
Tabula Sapiens,cell_type,intrahepatic cholangiocyte,intrahepatic cholangiocyte,ADORA3,665,0.15037593984962408,0.0014450526796281338,0.00021714430011396442,43
Tabula Sapiens,cell_type,alveolar adventitial fibroblast,alveolar adventitial fibroblast,ADORA3,1113,0.17969451931716085,0.0012061295565217733,0.0002166042707298071,44
Tabula Sapiens,cell_type,granulocyte,granulocyte,ADORA3,769,0.13003901170351106,0.0015995095018297434,0.00020783246410276514,45
Tabula Sapiens,cell_type,smooth muscle cell,smooth muscle cell,ADORA3,18425,0.1791044776119403,0.0010553854517638683,0.00018892458341570852,46
Tabula Sapiens,cell_type,basal cell of prostate epithelium,basal cell of prostate epithelium,ADORA3,3495,0.14306151645207438,0.0012497848365455866,0.00017868447862274194,47
Tabula Sapiens,cell_type,innate lymphoid cell,innate lymphoid cell,ADORA3,971,0.5149330587023687,0.00023495651839766651,0.00012097266757862695,48
Tabula Sapiens,cell_type,fibroblast of cardiac tissue,fibroblast of cardiac tissue,ADORA3,1947,0.15408320493066258,0.0007083651726134121,0.00010910853627473995,49
Tabula Sapiens,cell_type,plasma cell,plasma cell,ADORA3,27349,0.1426011919997075,0.000617253128439188,8.799387742586861e-05,50
Tabula Sapiens,cell_type,salivary gland cell,salivary gland cell,ADORA3,850,0.2352941176470588,0.0003513932169880718,8.266623361195402e-05,51
Tabula Sapiens,cell_type,myofibroblast cell,myofibroblast cell,ADORA3,4436,0.1127141568981064,0.0006485854391939938,7.308106385923406e-05,52
Tabula Sapiens,cell_type,ventricular cardiac muscle cell,ventricular cardiac muscle cell,ADORA3,2599,0.07695267410542517,0.0008857065113261342,6.812731856602262e-05,53
Tabula Sapiens,cell_type,mature NK T cell,mature nk t cell,ADORA3,5394,0.09269558769002596,0.0007306878687813878,6.770680815430273e-05,54
Tabula Sapiens,cell_type,fibroblast,fibroblast,ADORA3,83338,0.1007943555160911,0.0005885182181373239,5.930186610345905e-05,55
Tabula Sapiens,cell_type,intestinal crypt stem cell of small intestine,intestinal crypt stem cell of small intestine,ADORA3,587,0.17035775127768313,0.00026889596483670175,4.5802354139060775e-05,56
Tabula Sapiens,cell_type,capillary endothelial cell,capillary endothelial cell,ADORA3,15298,0.07844162635638645,0.0005564638995565474,4.363779298733678e-05,57
Tabula Sapiens,cell_type,intestinal crypt stem cell of colon,intestinal crypt stem cell of colon,ADORA3,1732,0.11547344110854503,0.00037764772423543036,4.3600050032521145e-05,58
Tabula Sapiens,cell_type,hematopoietic stem cell,hematopoietic stem cell,ADORA3,858,0.11655011655011654,0.00032668389030732214,3.806882759252619e-05,59
Tabula Sapiens,cell_type,lung multiciliated epithelial cell,lung multiciliated epithelial cell,ADORA3,1209,0.0827129859387924,0.00045522587606683373,3.764452375538114e-05,60
Tabula Sapiens,cell_type,conjunctival epithelial cell,conjunctival epithelial cell,ADORA3,11087,0.07215657977811851,0.0005162168527022004,3.723883168530658e-05,61
Tabula Sapiens,cell_type,bladder urothelial cell,bladder urothelial cell,ADORA3,27241,0.11379905289820491,0.0003044751938432455,3.4643714882053416e-05,62
Tabula Sapiens,cell_type,mesenchymal stem cell,mesenchymal stem cell,ADORA3,23499,0.07659900421294523,0.00040354017983190715,3.09045407423746e-05,63
Tabula Sapiens,cell_type,stromal cell,stromal cell,ADORA3,3458,0.14459224985540775,0.00019996969786006957,2.891117793306731e-05,64
Tabula Sapiens,cell_type,B cell,b cell,ADORA3,114495,0.04891043276998995,0.0005118195549584925,2.50269118479177e-05,65
Tabula Sapiens,cell_type,thymic fibroblast type 1,thymic fibroblast type 1,ADORA3,3270,0.06116207951070336,0.0003635454340837896,2.2231153972729706e-05,66
Tabula Sapiens,cell_type,endothelial cell of lymphatic vessel,endothelial cell of lymphatic vessel,ADORA3,2438,0.08203445447087777,0.00022777383856009692,1.8683174900549373e-05,67
Tabula Sapiens,cell_type,tracheal goblet cell,tracheal goblet cell,ADORA3,232,0.43103448275862066,4.2627481889212504e-05,1.837352300169184e-05,68
Tabula Sapiens,cell_type,enterocyte of epithelium proper of small intestine,enterocyte of epithelium proper of small intestine,ADORA3,1415,0.1413427561837456,0.0001265192258870229,1.788144494767047e-05,69
Tabula Sapiens,cell_type,thymic fibroblast type 2,thymic fibroblast type 2,ADORA3,4205,0.04756242568370987,0.0003670297155622393,1.745362076730597e-05,70
Tabula Sapiens,cell_type,regulatory T cell,regulatory t cell,ADORA3,2649,0.03775009437523594,0.0004121718229725957,1.5556319497932954e-05,71
Tabula Sapiens,cell_type,enterocyte of epithelium proper of ileum,enterocyte of epithelium proper of ileum,ADORA3,6477,0.04631773969430292,0.00024341994139831513,1.1273289466017201e-05,72
Tabula Sapiens,cell_type,basal cell,basal cell,ADORA3,33526,0.05667243333532184,0.0001737137499731034,9.843925926888285e-06,73
Tabula Sapiens,cell_type,kidney epithelial cell,kidney epithelial cell,ADORA3,9278,0.04311273981461522,0.00022581695520784706,9.73448857068123e-06,74
Tabula Sapiens,cell_type,natural killer cell,natural killer cell,ADORA3,14231,0.04216147846251142,0.00020553551439661533,8.664790732904319e-06,75
Tabula Sapiens,cell_type,duct epithelial cell,duct epithelial cell,ADORA3,3889,0.05142710208279763,0.00013266963651403785,6.822362390132016e-06,76
Tabula Sapiens,cell_type,erythrocyte,erythrocyte,ADORA3,14611,0.03422079255355554,0.00018625028315000236,6.373038830995048e-06,77
Tabula Sapiens,cell_type,"CD4-positive, alpha-beta T cell","cd4-positive, alpha-beta t cell",ADORA3,97130,0.027797796767219187,0.0001837254239944741,5.106692896874119e-06,78
Tabula Sapiens,cell_type,pulmonary alveolar type 1 cell,pulmonary alveolar type 1 cell,ADORA3,3116,0.03209242618741977,0.00015774078201502562,5.061885181194661e-06,79
Tabula Sapiens,cell_type,acinar cell,acinar cell,ADORA3,1345,0.22304832713754646,2.0416942788870074e-05,4.553918445932465e-06,80
Tabula Sapiens,cell_type,club cell,club cell,ADORA3,1747,0.05724098454493417,7.176784129114822e-05,4.107914487855532e-06,81
Tabula Sapiens,cell_type,"naive thymus-derived CD4-positive, alpha-beta T cell","naive thymus-derived cd4-positive, alpha-beta t cell",ADORA3,9827,0.030528136766052708,0.00013108737766742706,4.001591120421051e-06,82
Tabula Sapiens,cell_type,"CD4-positive, alpha-beta thymocyte","cd4-positive, alpha-beta thymocyte",ADORA3,4685,0.021344717182497332,0.00018717815692070872,3.994890955713085e-06,83
Tabula Sapiens,cell_type,hepatocyte,hepatocyte,ADORA3,7414,0.02697599136768276,0.00012797582894563675,3.452053971886357e-06,84
Tabula Sapiens,cell_type,stratified squamous epithelial cell,stratified squamous epithelial cell,ADORA3,12323,0.024344721252941653,0.00013034234871156514,3.172941367013554e-06,85
Tabula Sapiens,cell_type,acinar cell of salivary gland,acinar cell of salivary gland,ADORA3,12237,0.024515812699190977,0.00011591342627070844,2.8415471642216963e-06,86
Tabula Sapiens,cell_type,pancreatic acinar cell,pancreatic acinar cell,ADORA3,5482,0.018241517694272163,0.0001299695868510753,2.3706884628980356e-06,87
Tabula Sapiens,cell_type,luminal epithelial cell of mammary gland,luminal epithelial cell of mammary gland,ADORA3,15432,0.019440124416796267,9.131504339165986e-05,1.7750947594649282e-06,88
Tabula Sapiens,cell_type,vascular associated smooth muscle cell,vascular associated smooth muscle cell,ADORA3,5019,0.019924287706714484,7.854933937778696e-05,1.5649781737391686e-06,89
Tabula Sapiens,cell_type,pulmonary alveolar type 2 cell,pulmonary alveolar type 2 cell,ADORA3,11594,0.025875452820424357,3.7476995203178376e-05,9.69716050322726e-07,90
Tabula Sapiens,cell_type,epithelial cell of uterus,epithelial cell of uterus,ADORA3,1417,0.07057163020465773,7.218809969344875e-06,5.094413488963714e-07,91
Tabula Sapiens,cell_type,fibroblast of breast,fibroblast of breast,ADORA3,5270,0.018975332068311195,2.2535741663887165e-05,4.276183631475508e-07,92
Tabula Sapiens,cell_type,stromal cell of ovary,stromal cell of ovary,ADORA3,35003,0.005713795960346256,3.941222530556843e-05,2.2518897616902954e-07,93
Tabula Sapiens,cell_type,skeletal muscle satellite stem cell,skeletal muscle satellite stem cell,ADORA3,6170,0.01620745542949757,6.747812221874483e-06,1.0936449684752039e-07,94
Tabula Sapiens,cell_type,enterocyte of epithelium of large intestine,enterocyte of epithelium of large intestine,ADORA3,4567,0.04379242391066346,1.317921942245448e-06,5.771495834408094e-08,95
Tabula Sapiens,cell_type,male germ cell,male germ cell,ADORA3,116,0.0,0.0,0.0,96
Tabula Sapiens,cell_type,spermatogonium,spermatogonium,ADORA3,64,0.0,0.0,0.0,97
Tabula Sapiens,cell_type,erythroid progenitor cell,erythroid progenitor cell,ADORA3,971,0.0,0.0,0.0,98
Tabula Sapiens,cell_type,epithelial cell,epithelial cell,ADORA3,1675,0.0,0.0,0.0,99
Tabula Sapiens,cell_type,ciliated epithelial cell,ciliated epithelial cell,ADORA3,320,0.0,0.0,0.0,100
Tabula Sapiens,cell_type,melanocyte,melanocyte,ADORA3,234,0.0,0.0,0.0,101
Tabula Sapiens,cell_type,glandular secretory epithelial cell,glandular secretory epithelial cell,ADORA3,235,0.0,0.0,0.0,102
Tabula Sapiens,cell_type,type B pancreatic cell,type b pancreatic cell,ADORA3,102,0.0,0.0,0.0,103
Tabula Sapiens,cell_type,myoepithelial cell,myoepithelial cell,ADORA3,486,0.0,0.0,0.0,104
Tabula Sapiens,cell_type,muscle cell,muscle cell,ADORA3,406,0.0,0.0,0.0,105
Tabula Sapiens,cell_type,slow muscle cell,slow muscle cell,ADORA3,174,0.0,0.0,0.0,106
Tabula Sapiens,cell_type,fast muscle cell,fast muscle cell,ADORA3,495,0.0,0.0,0.0,107
Tabula Sapiens,cell_type,platelet,platelet,ADORA3,494,0.0,0.0,0.0,108
Tabula Sapiens,cell_type,mucus secreting cell,mucus secreting cell,ADORA3,270,0.0,0.0,0.0,109
Tabula Sapiens,cell_type,tendon cell,tendon cell,ADORA3,420,0.0,0.0,0.0,110
Tabula Sapiens,cell_type,Langerhans cell,langerhans cell,ADORA3,76,0.0,0.0,0.0,111
Tabula Sapiens,cell_type,theca cell,theca cell,ADORA3,1038,0.0,0.0,0.0,112
Tabula Sapiens,cell_type,neuron,neuron,ADORA3,82,0.0,0.0,0.0,113
Tabula Sapiens,cell_type,corneal epithelial cell,corneal epithelial cell,ADORA3,4187,0.0,0.0,0.0,114
Tabula Sapiens,cell_type,hepatic stellate cell,hepatic stellate cell,ADORA3,223,0.0,0.0,0.0,115
Tabula Sapiens,cell_type,gamma-delta T cell,gamma-delta t cell,ADORA3,1977,0.0,0.0,0.0,116
Tabula Sapiens,cell_type,"CD8-positive, alpha-beta thymocyte","cd8-positive, alpha-beta thymocyte",ADORA3,731,0.0,0.0,0.0,117
Tabula Sapiens,cell_type,thymocyte,thymocyte,ADORA3,455,0.0,0.0,0.0,118
Tabula Sapiens,cell_type,"activated CD4-positive, alpha-beta T cell","activated cd4-positive, alpha-beta t cell",ADORA3,572,0.0,0.0,0.0,119
Tabula Sapiens,cell_type,"naive thymus-derived CD8-positive, alpha-beta T cell","naive thymus-derived cd8-positive, alpha-beta t cell",ADORA3,1056,0.0,0.0,0.0,120
Tabula Sapiens,cell_type,"activated CD8-positive, alpha-beta T cell","activated cd8-positive, alpha-beta t cell",ADORA3,1147,0.0,0.0,0.0,121
Tabula Sapiens,cell_type,hematopoietic cell,hematopoietic cell,ADORA3,100,0.0,0.0,0.0,122
Tabula Sapiens,cell_type,interstitial cell of Cajal,interstitial cell of cajal,ADORA3,71,0.0,0.0,0.0,123
Tabula Sapiens,cell_type,regular atrial cardiac myocyte,regular atrial cardiac myocyte,ADORA3,5816,0.0,0.0,0.0,124
Tabula Sapiens,cell_type,endothelial cell of vascular tree,endothelial cell of vascular tree,ADORA3,875,0.0,0.0,0.0,125
Tabula Sapiens,cell_type,multiciliated columnar cell of tracheobronchial tree,multiciliated columnar cell of tracheobronchial tree,ADORA3,713,0.0,0.0,0.0,126
Tabula Sapiens,cell_type,supporting cell of vestibular epithelium,supporting cell of vestibular epithelium,ADORA3,270,0.0,0.0,0.0,127
Tabula Sapiens,cell_type,connective tissue cell,connective tissue cell,ADORA3,152,0.0,0.0,0.0,128
Tabula Sapiens,cell_type,keratocyte,keratocyte,ADORA3,1001,0.0,0.0,0.0,129
Tabula Sapiens,cell_type,myometrial cell,myometrial cell,ADORA3,917,0.0,0.0,0.0,130
Tabula Sapiens,cell_type,respiratory tract goblet cell,respiratory tract goblet cell,ADORA3,1040,0.0,0.0,0.0,131
Tabula Sapiens,cell_type,peritubular myoid cell,peritubular myoid cell,ADORA3,67,0.0,0.0,0.0,132
Tabula Sapiens,cell_type,retinal pigment epithelial cell,retinal pigment epithelial cell,ADORA3,67,0.0,0.0,0.0,133
Tabula Sapiens,cell_type,bronchial smooth muscle cell,bronchial smooth muscle cell,ADORA3,220,0.0,0.0,0.0,134
Tabula Sapiens,cell_type,tongue muscle cell,tongue muscle cell,ADORA3,202,0.0,0.0,0.0,135
Tabula Sapiens,cell_type,ionocyte,ionocyte,ADORA3,160,0.0,0.0,0.0,136
Tabula Sapiens,cell_type,mural cell,mural cell,ADORA3,618,0.0,0.0,0.0,137
Tabula Sapiens,cell_type,enteroendocrine cell of small intestine,enteroendocrine cell of small intestine,ADORA3,264,0.0,0.0,0.0,138
Tabula Sapiens,cell_type,paneth cell of colon,paneth cell of colon,ADORA3,217,0.0,0.0,0.0,139
Tabula Sapiens,cell_type,transit amplifying cell of colon,transit amplifying cell of colon,ADORA3,237,0.0,0.0,0.0,140
Tabula Sapiens,cell_type,tuft cell of colon,tuft cell of colon,ADORA3,178,0.0,0.0,0.0,141
Tabula Sapiens,cell_type,myo-medullary thymic epithelial cell,myo-medullary thymic epithelial cell,ADORA3,77,0.0,0.0,0.0,142
Tabula Sapiens,cell_type,neuro-medullary thymic epithelial cell,neuro-medullary thymic epithelial cell,ADORA3,135,0.0,0.0,0.0,143
Tabula Sapiens,cell_type,progenitor cell of mammary luminal epithelium,progenitor cell of mammary luminal epithelium,ADORA3,1694,0.0,0.0,0.0,144
Tabula Sapiens,cell_type,blood vessel smooth muscle cell,blood vessel smooth muscle cell,ADORA3,6642,0.0,0.0,0.0,145
Tabula Sapiens,cell_type,intestinal tuft cell,intestinal tuft cell,ADORA3,448,0.0,0.0,0.0,146
Tabula Sapiens,cell_type,large intestine goblet cell,large intestine goblet cell,ADORA3,1557,0.0,0.0,0.0,147
Tabula Sapiens,cell_type,serous cell of epithelium of trachea,serous cell of epithelium of trachea,ADORA3,326,0.0,0.0,0.0,148
Tabula Sapiens,cell_type,enterocyte of epithelium proper of duodenum,enterocyte of epithelium proper of duodenum,ADORA3,13495,0.0,0.0,0.0,149
Tabula Sapiens,cell_type,enterocyte of epithelium proper of jejunum,enterocyte of epithelium proper of jejunum,ADORA3,405,0.0,0.0,0.0,150
Tabula Sapiens,cell_type,paneth cell of epithelium of small intestine,paneth cell of epithelium of small intestine,ADORA3,1853,0.0,0.0,0.0,151
Tabula Sapiens,cell_type,endothelial cell of venule,endothelial cell of venule,ADORA3,52,0.0,0.0,0.0,152
Tabula Sapiens,cell_type,small intestine goblet cell,small intestine goblet cell,ADORA3,2044,0.0,0.0,0.0,153
Tabula Sapiens,cell_type,colon endothelial cell,colon endothelial cell,ADORA3,348,0.0,0.0,0.0,154
Tabula Sapiens,cell_type,ovarian surface epithelial cell,ovarian surface epithelial cell,ADORA3,241,0.0,0.0,0.0,155
Tabula Sapiens,cell_type,BEST4+ enterocyte,best4+ enterocyte,ADORA3,1970,0.0,0.0,0.0,156
Tabula Sapiens,tissue_in_publication,Pancreas,pancreas,ADORA1,14140,13.910891089108912,0.06363347917795181,0.8581747945579065,1
Tabula Sapiens,tissue_in_publication,Heart,heart,ADORA1,25832,3.236296066893775,0.015903078019618988,0.05106211414948241,2
Tabula Sapiens,tissue_in_publication,Mammary,mammary,ADORA1,30936,3.009438841479183,0.01708635874092579,0.05098599905516011,3
Tabula Sapiens,tissue_in_publication,Ear,ear,ADORA1,3055,2.7823240589198037,0.01793508045375347,0.049458994345798486,4
Tabula Sapiens,tissue_in_publication,Kidney,kidney,ADORA1,11376,1.3888888888888888,0.009640157222747803,0.013324982490139728,5
Tabula Sapiens,tissue_in_publication,Lung,lung,ADORA1,65847,1.5581575470408675,0.006338665261864662,0.009845468412399866,6
Tabula Sapiens,tissue_in_publication,Testis,testis,ADORA1,7513,1.211233861307068,0.008030264638364315,0.00968768296760201,7
Tabula Sapiens,tissue_in_publication,Salivary_Gland,salivary_gland,ADORA1,39821,1.3259335526481002,0.005564575549215078,0.007357804829781135,8
Tabula Sapiens,tissue_in_publication,Liver,liver,ADORA1,22214,0.8373098046277122,0.00558747723698616,0.004665427592484612,9
Tabula Sapiens,tissue_in_publication,Uterus,uterus,ADORA1,22029,0.6264469562848972,0.003901124931871891,0.002439093323086992,10
Tabula Sapiens,tissue_in_publication,Trachea,trachea,ADORA1,22671,0.6131180803669887,0.0032295009586960077,0.0019768749839229115,11
Tabula Sapiens,tissue_in_publication,Spleen,spleen,ADORA1,70448,0.5422439245968658,0.0029598777182400227,0.0016026051209613761,12
Tabula Sapiens,tissue_in_publication,Eye,eye,ADORA1,34273,0.4930995244069676,0.0031315148808062077,0.0015417357720784175,13
Tabula Sapiens,tissue_in_publication,Tongue,tongue,ADORA1,38754,0.46446818392940087,0.0025405772030353546,0.0011785208511185953,14
Tabula Sapiens,tissue_in_publication,Vasculature,vasculature,ADORA1,42650,0.4501758499413834,0.0019362900638952851,0.0008708282090569039,15
Tabula Sapiens,tissue_in_publication,Bone_Marrow,bone_marrow,ADORA1,27112,0.3245795219828858,0.0022535743191838264,0.000730641107127209,16
Tabula Sapiens,tissue_in_publication,Large_Intestine,large_intestine,ADORA1,30084,0.31578247573460977,0.0020560864359140396,0.0006486094947297811,17
Tabula Sapiens,tissue_in_publication,Bladder,bladder,ADORA1,66385,0.3268810725314453,0.0018605692312121391,0.0006076197816038157,18
Tabula Sapiens,tissue_in_publication,Stomach,stomach,ADORA1,33064,0.25707718364384224,0.0016365828923881054,0.0004203842177185349,19
Tabula Sapiens,tissue_in_publication,Muscle,muscle,ADORA1,46772,0.2522876934918327,0.0015857114922255278,0.0003997386435315259,20
Tabula Sapiens,tissue_in_publication,Prostate,prostate,ADORA1,21030,0.25677603423680456,0.001399913802742958,0.0003592129395887702,21
Tabula Sapiens,tissue_in_publication,Fat,fat,ADORA1,94415,0.2425462055817402,0.0012416308745741844,0.00030096605163145866,22
Tabula Sapiens,tissue_in_publication,Thymus,thymus,ADORA1,42729,0.2293524304336633,0.0012707384303212166,0.00029126192774587694,23
Tabula Sapiens,tissue_in_publication,Small_Intestine,small_intestine,ADORA1,42036,0.20220763155390617,0.0008852959144860506,0.00017893439682880254,24
Tabula Sapiens,tissue_in_publication,Ovary,ovary,ADORA1,48951,0.17772874915732056,0.0009246072149835527,0.000164253360555989,25
Tabula Sapiens,tissue_in_publication,Skin,skin,ADORA1,17786,0.15180479028449342,0.0007621601107530296,0.00011565548737297882,26
Tabula Sapiens,tissue_in_publication,Blood,blood,ADORA1,85233,0.11967195804441942,0.0008555850363336504,0.00010234576006177477,27
Tabula Sapiens,tissue_in_publication,Lymph_Node,lymph_node,ADORA1,129062,0.09530303265097395,0.0005796891055069864,5.523012314538155e-05,28
Tabula Sapiens,tissue_in_publication,Thymus,thymus,ADORA2A,42729,1.2918626693814506,0.009906958788633347,0.01273544909178786,1
Tabula Sapiens,tissue_in_publication,Bone_Marrow,bone_marrow,ADORA2A,27112,1.0179994098554146,0.0075180260464549065,0.007624720433690322,2
Tabula Sapiens,tissue_in_publication,Spleen,spleen,ADORA2A,70448,0.9098909834203951,0.006661408115178347,0.00604105647448064,3
Tabula Sapiens,tissue_in_publication,Lymph_Node,lymph_node,ADORA2A,129062,0.6190823015294974,0.0054963016882538795,0.0033933461910307466,4
Tabula Sapiens,tissue_in_publication,Skin,skin,ADORA2A,17786,0.5791071629371415,0.0017867167480289936,0.001033777208167624,5
Tabula Sapiens,tissue_in_publication,Trachea,trachea,ADORA2A,22671,0.2470116007233911,0.002147418214008212,0.0005298684892438363,6
Tabula Sapiens,tissue_in_publication,Blood,blood,ADORA2A,85233,0.24051717057947036,0.0021087354980409145,0.000506653084366786,7
Tabula Sapiens,tissue_in_publication,Liver,liver,ADORA2A,22214,0.21157828396506706,0.0010575474007055163,0.00022363583233836023,8
Tabula Sapiens,tissue_in_publication,Uterus,uterus,ADORA2A,22029,0.13164465023378275,0.0007704809540882707,0.00010139064094772637,9
Tabula Sapiens,tissue_in_publication,Large_Intestine,large_intestine,ADORA2A,30084,0.11634091211275097,0.00042939031845889986,4.9944939132456095e-05,10
Tabula Sapiens,tissue_in_publication,Salivary_Gland,salivary_gland,ADORA2A,39821,0.10044951156425001,0.00039375395863316953,3.9544607909061346e-05,11
Tabula Sapiens,tissue_in_publication,Small_Intestine,small_intestine,ADORA2A,42036,0.10229327243315253,0.00034466260694898665,3.5250591518666754e-05,12
Tabula Sapiens,tissue_in_publication,Muscle,muscle,ADORA2A,46772,0.09621140853502096,0.00030723505187779665,2.9554977162469306e-05,13
Tabula Sapiens,tissue_in_publication,Fat,fat,ADORA2A,94415,0.06672668537838268,0.0004234947555232793,2.825241935764395e-05,14
Tabula Sapiens,tissue_in_publication,Bladder,bladder,ADORA2A,66385,0.08285004142502071,0.00032073742477223277,2.6568848344665794e-05,15
Tabula Sapiens,tissue_in_publication,Ovary,ovary,ADORA2A,48951,0.13278584707156135,0.00019117705232929438,2.538318057067217e-05,16
Tabula Sapiens,tissue_in_publication,Testis,testis,ADORA2A,7513,0.10648209769732464,0.0002353334566578269,2.5055851998780636e-05,17
Tabula Sapiens,tissue_in_publication,Vasculature,vasculature,ADORA2A,42650,0.06096131301289566,0.00029031839221715927,1.769562182338358e-05,18
Tabula Sapiens,tissue_in_publication,Eye,eye,ADORA2A,34273,0.06419047063285968,0.000266819290118292,1.7124971271863617e-05,19
Tabula Sapiens,tissue_in_publication,Stomach,stomach,ADORA2A,33064,0.06048874909266877,0.00024729533470235765,1.4956736163274503e-05,20
Tabula Sapiens,tissue_in_publication,Heart,heart,ADORA2A,25832,0.04645401052957572,0.000258805463090539,1.2020996224861008e-05,21
Tabula Sapiens,tissue_in_publication,Lung,lung,ADORA2A,65847,0.06530289914498763,0.00015666999388486147,1.0230203447676947e-05,22
Tabula Sapiens,tissue_in_publication,Pancreas,pancreas,ADORA2A,14140,0.03536067892503536,0.0002817433560267091,9.961233161975489e-06,23
Tabula Sapiens,tissue_in_publication,Kidney,kidney,ADORA2A,11376,0.043952180028129395,0.0002127609623130411,9.350313462963826e-06,24
Tabula Sapiens,tissue_in_publication,Tongue,tongue,ADORA2A,38754,0.036125303194508955,0.00023351219715550542,8.434714155863956e-06,25
Tabula Sapiens,tissue_in_publication,Prostate,prostate,ADORA2A,21030,0.028530670470756064,0.00018566536891739815,5.2966657699255184e-06,26
Tabula Sapiens,tissue_in_publication,Mammary,mammary,ADORA2A,30936,0.02585983966899405,0.00011440761591074988,2.958393376224003e-06,27
Tabula Sapiens,tissue_in_publication,Ear,ear,ADORA2A,3055,0.0,0.0,0.0,28
Tabula Sapiens,tissue_in_publication,Trachea,trachea,ADORA2B,22671,17.89951920956288,0.1455458104610443,2.432208396353273,1
Tabula Sapiens,tissue_in_publication,Tongue,tongue,ADORA2B,38754,19.90762243897404,0.11405352503061295,2.1501265032511006,2
Tabula Sapiens,tissue_in_publication,Bladder,bladder,ADORA2B,66385,15.175114860284703,0.079586461186409,1.162080879039052,3
Tabula Sapiens,tissue_in_publication,Lung,lung,ADORA2B,65847,11.103011526721035,0.051910754293203354,0.5619042761593199,4
Tabula Sapiens,tissue_in_publication,Mammary,mammary,ADORA2B,30936,8.8085078872511,0.05655901879072189,0.48462136981439335,5
Tabula Sapiens,tissue_in_publication,Eye,eye,ADORA2B,34273,7.218510197531584,0.044600557535886765,0.314976593933767,6
Tabula Sapiens,tissue_in_publication,Ear,ear,ADORA2B,3055,5.466448445171849,0.03052666038274765,0.16437606277262026,7
Tabula Sapiens,tissue_in_publication,Large_Intestine,large_intestine,ADORA2B,30084,3.8093338651775026,0.027242055162787437,0.1023857315834602,8
Tabula Sapiens,tissue_in_publication,Pancreas,pancreas,ADORA2B,14140,4.335219236209335,0.022869665175676346,0.09802829961680012,9
Tabula Sapiens,tissue_in_publication,Heart,heart,ADORA2B,25832,3.8324558686899968,0.02548900432884693,0.0964612900934463,10
Tabula Sapiens,tissue_in_publication,Liver,liver,ADORA2B,22214,3.0386242909876655,0.028106244280934334,0.08422614436098293,11
Tabula Sapiens,tissue_in_publication,Stomach,stomach,ADORA2B,33064,2.4135010887974837,0.018465133383870125,0.0441591603960212,12
Tabula Sapiens,tissue_in_publication,Bone_Marrow,bone_marrow,ADORA2B,27112,2.9912953673650042,0.013323778286576271,0.03959217939546883,13
Tabula Sapiens,tissue_in_publication,Skin,skin,ADORA2B,17786,1.8385246823344203,0.015024157240986824,0.027416838358716212,14
Tabula Sapiens,tissue_in_publication,Prostate,prostate,ADORA2B,21030,2.1445553970518305,0.0106502128764987,0.022719202941940568,15
Tabula Sapiens,tissue_in_publication,Muscle,muscle,ADORA2B,46772,1.7403574788334901,0.012619529850780964,0.021825069922856502,16
Tabula Sapiens,tissue_in_publication,Blood,blood,ADORA2B,85233,1.892459493388711,0.010530035942792892,0.019823477732797207,17
Tabula Sapiens,tissue_in_publication,Vasculature,vasculature,ADORA2B,42650,1.81242672919109,0.008611886762082577,0.015541588199136334,18
Tabula Sapiens,tissue_in_publication,Uterus,uterus,ADORA2B,22029,1.4844069181533435,0.009892888367176056,0.014612908589730664,19
Tabula Sapiens,tissue_in_publication,Spleen,spleen,ADORA2B,70448,1.5003974562798092,0.009775117039680481,0.01459534081324216,20
Tabula Sapiens,tissue_in_publication,Testis,testis,ADORA2B,7513,1.610541727672035,0.008332937024533749,0.013364935225779454,21
Tabula Sapiens,tissue_in_publication,Salivary_Gland,salivary_gland,ADORA2B,39821,1.5419000025112377,0.006930853705853224,0.01064981966021714,22
Tabula Sapiens,tissue_in_publication,Fat,fat,ADORA2B,94415,1.2243817190065138,0.007105891592800617,0.008669557645875625,23
Tabula Sapiens,tissue_in_publication,Thymus,thymus,ADORA2B,42729,0.8869854197383511,0.00558813801035285,0.0049427992432096324,24
Tabula Sapiens,tissue_in_publication,Small_Intestine,small_intestine,ADORA2B,42036,0.6851270339708821,0.004031495191156864,0.002756533592801109,25
Tabula Sapiens,tissue_in_publication,Kidney,kidney,ADORA2B,11376,0.5537974683544303,0.004425148479640484,0.0024452297541439623,26
Tabula Sapiens,tissue_in_publication,Lymph_Node,lymph_node,ADORA2B,129062,0.5369512327408532,0.00408356124535203,0.002188208437669658,27
Tabula Sapiens,tissue_in_publication,Ovary,ovary,ADORA2B,48951,0.34728606157177583,0.0017566327005624771,0.0006095188584255286,28
Tabula Sapiens,tissue_in_publication,Vasculature,vasculature,ADORA3,42650,6.75029308323564,0.04341210424900055,0.28686188804837337,1
Tabula Sapiens,tissue_in_publication,Pancreas,pancreas,ADORA3,14140,5.042432814710042,0.03676437586545944,0.18205545510461008,2
Tabula Sapiens,tissue_in_publication,Lung,lung,ADORA3,65847,4.73977554026759,0.034247878938913345,0.15960945548064429,3
Tabula Sapiens,tissue_in_publication,Fat,fat,ADORA3,94415,4.200603717629614,0.03005874715745449,0.1244043937017666,4
Tabula Sapiens,tissue_in_publication,Prostate,prostate,ADORA3,21030,3.518782691393248,0.03129487484693527,0.10843189641031001,5
Tabula Sapiens,tissue_in_publication,Salivary_Gland,salivary_gland,ADORA3,39821,3.568468898319982,0.030179357156157494,0.10610100114495577,6
Tabula Sapiens,tissue_in_publication,Stomach,stomach,ADORA3,33064,3.568836196467457,0.028176112100481987,0.0991653514607295,7
Tabula Sapiens,tissue_in_publication,Liver,liver,ADORA3,22214,3.4752858557666335,0.027123361825942993,0.09300574727080275,8
Tabula Sapiens,tissue_in_publication,Ear,ear,ADORA3,3055,3.6661211129296234,0.02246556058526039,0.08144994436327403,9
Tabula Sapiens,tissue_in_publication,Testis,testis,ADORA3,7513,3.2876347664048984,0.019650978967547417,0.06397865886537461,10
Tabula Sapiens,tissue_in_publication,Bladder,bladder,ADORA3,66385,1.9025382239963848,0.015024011954665184,0.02837116237283319,11
Tabula Sapiens,tissue_in_publication,Skin,skin,ADORA3,17786,1.1357247273136175,0.013642587698996067,0.015389485071349535,12
Tabula Sapiens,tissue_in_publication,Blood,blood,ADORA3,85233,1.619091197071557,0.009165345691144466,0.014771938502002169,13
Tabula Sapiens,tissue_in_publication,Heart,heart,ADORA3,25832,1.2310312790337568,0.01129932701587677,0.013831826164145912,14
Tabula Sapiens,tissue_in_publication,Spleen,spleen,ADORA3,70448,1.4038723597547127,0.007249722257256508,0.01014096934317047,15
Tabula Sapiens,tissue_in_publication,Eye,eye,ADORA3,34273,1.0416362734514049,0.009683400392532349,0.010038057892476786,16
Tabula Sapiens,tissue_in_publication,Bone_Marrow,bone_marrow,ADORA3,27112,1.1729123635290646,0.006932949647307396,0.00810368348939219,17
Tabula Sapiens,tissue_in_publication,Muscle,muscle,ADORA3,46772,0.9450098349439835,0.006810782011598349,0.006414437029784027,18
Tabula Sapiens,tissue_in_publication,Large_Intestine,large_intestine,ADORA3,30084,0.7046935247972343,0.005672149360179901,0.00398583346068964,19
Tabula Sapiens,tissue_in_publication,Tongue,tongue,ADORA3,38754,0.61671053310626,0.00500343507155776,0.0030779772858453443,20
Tabula Sapiens,tissue_in_publication,Thymus,thymus,ADORA3,42729,0.620187694540008,0.0037487533409148455,0.0023205837563907952,21
Tabula Sapiens,tissue_in_publication,Lymph_Node,lymph_node,ADORA3,129062,0.49898498396119695,0.0032240641303360462,0.0016061717770120137,22
Tabula Sapiens,tissue_in_publication,Uterus,uterus,ADORA3,22029,0.45848654046938125,0.002938368823379278,0.0013452271361884065,23
Tabula Sapiens,tissue_in_publication,Trachea,trachea,ADORA3,22671,0.4278593798244453,0.0029154971707612276,0.001245607909228826,24
Tabula Sapiens,tissue_in_publication,Kidney,kidney,ADORA3,11376,0.39556962025316456,0.0024838491808623075,0.0009813170593474172,25
Tabula Sapiens,tissue_in_publication,Small_Intestine,small_intestine,ADORA3,42036,0.35921591017223337,0.0024519283324480057,0.0008796936349272799,26
Tabula Sapiens,tissue_in_publication,Ovary,ovary,ADORA3,48951,0.3268574697146126,0.002085920423269272,0.0006810885699944972,27
Tabula Sapiens,tissue_in_publication,Mammary,mammary,ADORA3,30936,0.21011119731057668,0.0020130279008299112,0.0004225345580780409,28
