dataset,source_label,group,group_normalized,gene,n_cells,pct_expressing,mean_expression
HBCA non-neuronal,cell_type,Bergmann glial cell,bergmann glial cell,ADORA1,8041,7.21303320482527,0.08668076246976852
HBCA non-neuronal,cell_type,Bergmann glial cell,bergmann glial cell,ADORA2A,8041,0.6964307921900261,0.007088670507073402
HBCA non-neuronal,cell_type,Bergmann glial cell,bergmann glial cell,ADORA2B,8041,17.684367615968164,0.22161422669887543
HBCA non-neuronal,cell_type,Bergmann glial cell,bergmann glial cell,ADORA3,8041,0.0,0.0
HBCA non-neuronal,cell_type,astrocyte,astrocyte,ADORA1,155025,13.8409933881632,0.17366231977939606
HBCA non-neuronal,cell_type,astrocyte,astrocyte,ADORA2A,155025,0.45347524592807614,0.0046766651794314384
HBCA non-neuronal,cell_type,astrocyte,astrocyte,ADORA2B,155025,10.884696016771489,0.13462990522384644
HBCA non-neuronal,cell_type,astrocyte,astrocyte,ADORA3,155025,0.0,0.0
HBCA non-neuronal,cell_type,central nervous system macrophage,central nervous system macrophage,ADORA1,91838,2.958470349964067,0.03503996133804321
HBCA non-neuronal,cell_type,central nervous system macrophage,central nervous system macrophage,ADORA2A,91838,0.3615061303599817,0.0037566148675978184
HBCA non-neuronal,cell_type,central nervous system macrophage,central nervous system macrophage,ADORA2B,91838,0.13393148805505348,0.001382869784720242
HBCA non-neuronal,cell_type,central nervous system macrophage,central nervous system macrophage,ADORA3,91838,0.1067096408893922,0.0010779851581901312
HBCA non-neuronal,cell_type,choroid plexus epithelial cell,choroid plexus epithelial cell,ADORA1,7689,0.7153075822603719,0.007933411747217178
HBCA non-neuronal,cell_type,choroid plexus epithelial cell,choroid plexus epithelial cell,ADORA2A,7689,0.19508388607101051,0.0019508388359099627
HBCA non-neuronal,cell_type,choroid plexus epithelial cell,choroid plexus epithelial cell,ADORA2B,7689,1.7037326050201589,0.020548835396766663
HBCA non-neuronal,cell_type,choroid plexus epithelial cell,choroid plexus epithelial cell,ADORA3,7689,0.0,0.0
HBCA non-neuronal,cell_type,endothelial cell,endothelial cell,ADORA1,5165,0.5808325266214909,0.00600193627178669
HBCA non-neuronal,cell_type,endothelial cell,endothelial cell,ADORA2A,5165,4.859632139399806,0.051500484347343445
HBCA non-neuronal,cell_type,endothelial cell,endothelial cell,ADORA2B,5165,0.271055179090029,0.0027105517219752073
HBCA non-neuronal,cell_type,endothelial cell,endothelial cell,ADORA3,5165,0.0,0.0
HBCA non-neuronal,cell_type,ependymal cell,ependymal cell,ADORA1,5882,3.0431825909554573,0.03451206907629967
HBCA non-neuronal,cell_type,ependymal cell,ependymal cell,ADORA2A,5882,0.42502550153009183,0.00493029598146677
HBCA non-neuronal,cell_type,ependymal cell,ependymal cell,ADORA2B,5882,0.6290377422645359,0.006630397867411375
HBCA non-neuronal,cell_type,ependymal cell,ependymal cell,ADORA3,5882,0.0,0.0
HBCA non-neuronal,cell_type,fibroblast,fibroblast,ADORA1,9156,0.49148099606815204,0.005351681727916002
HBCA non-neuronal,cell_type,fibroblast,fibroblast,ADORA2A,9156,1.9877675840978593,0.0204237662255764
HBCA non-neuronal,cell_type,fibroblast,fibroblast,ADORA2B,9156,4.641764962865881,0.06105286255478859
HBCA non-neuronal,cell_type,fibroblast,fibroblast,ADORA3,9156,0.0,0.0
HBCA non-neuronal,cell_type,oligodendrocyte,oligodendrocyte,ADORA1,494966,20.163809231341144,0.2640868127346039
HBCA non-neuronal,cell_type,oligodendrocyte,oligodendrocyte,ADORA2A,494966,0.4889224714424829,0.005046811420470476
HBCA non-neuronal,cell_type,oligodendrocyte,oligodendrocyte,ADORA2B,494966,0.2622402346827863,0.0026830125134438276
HBCA non-neuronal,cell_type,oligodendrocyte,oligodendrocyte,ADORA3,494966,0.000404068158216928,4.040681687911274e-06
HBCA non-neuronal,cell_type,oligodendrocyte precursor cell,oligodendrocyte precursor cell,ADORA1,105734,23.35010498042257,0.31160271167755127
HBCA non-neuronal,cell_type,oligodendrocyte precursor cell,oligodendrocyte precursor cell,ADORA2A,105734,0.8824030113303195,0.009126676246523857
HBCA non-neuronal,cell_type,oligodendrocyte precursor cell,oligodendrocyte precursor cell,ADORA2B,105734,0.31683280685493787,0.0033101935405284166
HBCA non-neuronal,cell_type,oligodendrocyte precursor cell,oligodendrocyte precursor cell,ADORA3,105734,0.0,0.0
HBCA non-neuronal,cell_type,pericyte,pericyte,ADORA1,3693,0.37909558624424583,0.0037909557577222586
HBCA non-neuronal,cell_type,pericyte,pericyte,ADORA2A,3693,25.209856485242348,0.3170863687992096
HBCA non-neuronal,cell_type,pericyte,pericyte,ADORA2B,3693,17.84457080963986,0.22041700780391693
HBCA non-neuronal,cell_type,pericyte,pericyte,ADORA3,3693,0.0,0.0
HBCA non-neuronal,cell_type,vascular associated smooth muscle cell,vascular associated smooth muscle cell,ADORA1,1074,0.6517690875232774,0.0074487896636128426
HBCA non-neuronal,cell_type,vascular associated smooth muscle cell,vascular associated smooth muscle cell,ADORA2A,1074,5.21415270018622,0.05865921825170517
HBCA non-neuronal,cell_type,vascular associated smooth muscle cell,vascular associated smooth muscle cell,ADORA2B,1074,1.675977653631285,0.01769087463617325
HBCA non-neuronal,cell_type,vascular associated smooth muscle cell,vascular associated smooth muscle cell,ADORA3,1074,0.0,0.0
HBCA non-neuronal,roi,Human A13,human a13,ADORA1,2279,12.373848179025888,0.14831066131591797
HBCA non-neuronal,roi,Human A13,human a13,ADORA2A,2279,0.7020623080298377,0.007459411863237619
HBCA non-neuronal,roi,Human A13,human a13,ADORA2B,2279,4.036858271171567,0.0500219389796257
HBCA non-neuronal,roi,Human A13,human a13,ADORA3,2279,0.04387889425186486,0.0004387889348436147
HBCA non-neuronal,roi,Human A14,human a14,ADORA1,877,19.84036488027366,0.25313568115234375
HBCA non-neuronal,roi,Human A14,human a14,ADORA2A,877,0.6841505131128849,0.009122006595134735
HBCA non-neuronal,roi,Human A14,human a14,ADORA2B,877,11.972633979475484,0.1687571257352829
HBCA non-neuronal,roi,Human A14,human a14,ADORA3,877,0.0,0.0
HBCA non-neuronal,roi,Human A19,human a19,ADORA1,2886,15.315315315315313,0.18988218903541565
HBCA non-neuronal,roi,Human A19,human a19,ADORA2A,2886,0.693000693000693,0.009009009227156639
HBCA non-neuronal,roi,Human A19,human a19,ADORA2B,2886,4.92030492030492,0.05855855718255043
HBCA non-neuronal,roi,Human A19,human a19,ADORA3,2886,0.0,0.0
HBCA non-neuronal,roi,Human A1C,human a1c,ADORA1,2607,15.304948216340621,0.1860375851392746
HBCA non-neuronal,roi,Human A1C,human a1c,ADORA2A,2607,0.6904487917146145,0.00690448796376586
HBCA non-neuronal,roi,Human A1C,human a1c,ADORA2B,2607,3.64403528960491,0.04296125844120979
HBCA non-neuronal,roi,Human A1C,human a1c,ADORA3,2607,0.0,0.0
HBCA non-neuronal,roi,Human A23,human a23,ADORA1,2409,11.124948111249482,0.1390618532896042
HBCA non-neuronal,roi,Human A23,human a23,ADORA2A,2409,0.45662100456621,0.004981319885700941
HBCA non-neuronal,roi,Human A23,human a23,ADORA2B,2409,5.06434205064342,0.06392694264650345
HBCA non-neuronal,roi,Human A23,human a23,ADORA3,2409,0.0,0.0
HBCA non-neuronal,roi,Human A24,human a24,ADORA1,3653,16.589104845332603,0.21708184480667114
HBCA non-neuronal,roi,Human A24,human a24,ADORA2A,3653,0.8212428141253765,0.008212428539991379
HBCA non-neuronal,roi,Human A24,human a24,ADORA2B,3653,5.611825896523405,0.07336435467004776
HBCA non-neuronal,roi,Human A24,human a24,ADORA3,3653,0.0,0.0
HBCA non-neuronal,roi,Human A25,human a25,ADORA1,2663,14.570033796470147,0.1798723191022873
HBCA non-neuronal,roi,Human A25,human a25,ADORA2A,2663,0.4506196019526849,0.004506195895373821
HBCA non-neuronal,roi,Human A25,human a25,ADORA2B,2663,5.595193390912505,0.06947052478790283
HBCA non-neuronal,roi,Human A25,human a25,ADORA3,2663,0.03755163349605708,0.0003755163343157619
HBCA non-neuronal,roi,Human A29-A30,human a29-a30,ADORA1,2427,9.147095179233622,0.10053563863039017
HBCA non-neuronal,roi,Human A29-A30,human a29-a30,ADORA2A,2427,0.20601565718994644,0.002060156548395753
HBCA non-neuronal,roi,Human A29-A30,human a29-a30,ADORA2B,2427,1.6069221260815822,0.01771734654903412
HBCA non-neuronal,roi,Human A29-A30,human a29-a30,ADORA3,2427,0.0,0.0
HBCA non-neuronal,roi,Human A32,human a32,ADORA1,2016,18.055555555555554,0.2375992089509964
HBCA non-neuronal,roi,Human A32,human a32,ADORA2A,2016,0.8928571428571428,0.009424603544175625
HBCA non-neuronal,roi,Human A32,human a32,ADORA2B,2016,13.640873015873014,0.195932537317276
HBCA non-neuronal,roi,Human A32,human a32,ADORA3,2016,0.0,0.0
HBCA non-neuronal,roi,Human A35-36,human a35-36,ADORA1,72,18.055555555555554,0.25
HBCA non-neuronal,roi,Human A35-36,human a35-36,ADORA2A,72,0.0,0.0
HBCA non-neuronal,roi,Human A35-36,human a35-36,ADORA2B,72,6.944444444444445,0.1111111119389534
HBCA non-neuronal,roi,Human A35-36,human a35-36,ADORA3,72,0.0,0.0
HBCA non-neuronal,roi,Human A35-A36,human a35-a36,ADORA1,1948,17.813141683778234,0.2197125256061554
HBCA non-neuronal,roi,Human A35-A36,human a35-a36,ADORA2A,1948,0.6673511293634496,0.00718685844913125
HBCA non-neuronal,roi,Human A35-A36,human a35-a36,ADORA2B,1948,5.95482546201232,0.07238192856311798
HBCA non-neuronal,roi,Human A35-A36,human a35-a36,ADORA3,1948,0.0,0.0
HBCA non-neuronal,roi,Human A35r,human a35r,ADORA1,17491,16.865816705734378,0.2018180787563324
HBCA non-neuronal,roi,Human A35r,human a35r,ADORA2A,17491,0.7089360242410383,0.007661082781851292
HBCA non-neuronal,roi,Human A35r,human a35r,ADORA2B,17491,4.528042993539535,0.05259848013520241
HBCA non-neuronal,roi,Human A35r,human a35r,ADORA3,17491,0.0,0.0
HBCA non-neuronal,roi,Human A38,human a38,ADORA1,3165,17.44075829383886,0.22843602299690247
HBCA non-neuronal,roi,Human A38,human a38,ADORA2A,3165,0.5055292259083728,0.005055292043834925
HBCA non-neuronal,roi,Human A38,human a38,ADORA2B,3165,6.9510268562401265,0.09194312989711761
HBCA non-neuronal,roi,Human A38,human a38,ADORA3,3165,0.0315955766192733,0.0003159557527396828
HBCA non-neuronal,roi,Human A40,human a40,ADORA1,3050,13.967213114754099,0.18163934350013733
HBCA non-neuronal,roi,Human A40,human a40,ADORA2A,3050,0.5901639344262295,0.005901639349758625
HBCA non-neuronal,roi,Human A40,human a40,ADORA2B,3050,6.065573770491803,0.07737705111503601
HBCA non-neuronal,roi,Human A40,human a40,ADORA3,3050,0.0,0.0
HBCA non-neuronal,roi,Human A43,human a43,ADORA1,3796,17.2550052687039,0.22049525380134583
HBCA non-neuronal,roi,Human A43,human a43,ADORA2A,3796,0.6059009483667017,0.006322444882243872
HBCA non-neuronal,roi,Human A43,human a43,ADORA2B,3796,7.007376185458377,0.08877766132354736
HBCA non-neuronal,roi,Human A43,human a43,ADORA3,3796,0.026343519494204423,0.00026343518402427435
HBCA non-neuronal,roi,Human A44-A45,human a44-a45,ADORA1,2555,14.403131115459884,0.1776908040046692
HBCA non-neuronal,roi,Human A44-A45,human a44-a45,ADORA2A,2555,0.547945205479452,0.005870841443538666
HBCA non-neuronal,roi,Human A44-A45,human a44-a45,ADORA2B,2555,6.418786692759296,0.07710371911525726
HBCA non-neuronal,roi,Human A44-A45,human a44-a45,ADORA3,2555,0.0,0.0
HBCA non-neuronal,roi,Human A46,human a46,ADORA1,3136,15.752551020408163,0.19228316843509674
HBCA non-neuronal,roi,Human A46,human a46,ADORA2A,3136,0.5102040816326531,0.005102040711790323
HBCA non-neuronal,roi,Human A46,human a46,ADORA2B,3136,7.079081632653061,0.09215561300516129
HBCA non-neuronal,roi,Human A46,human a46,ADORA3,3136,0.0,0.0
HBCA non-neuronal,roi,Human A5-A7,human a5-a7,ADORA1,2758,16.533720087019578,0.20050761103630066
HBCA non-neuronal,roi,Human A5-A7,human a5-a7,ADORA2A,2758,0.36258158085569253,0.003625815734267235
HBCA non-neuronal,roi,Human A5-A7,human a5-a7,ADORA2B,2758,5.293691080493111,0.06780275702476501
HBCA non-neuronal,roi,Human A5-A7,human a5-a7,ADORA3,2758,0.0,0.0
HBCA non-neuronal,roi,Human ANC,human anc,ADORA1,6272,15.768494897959185,0.1997767835855484
HBCA non-neuronal,roi,Human ANC,human anc,ADORA2A,6272,1.3392857142857142,0.016262754797935486
HBCA non-neuronal,roi,Human ANC,human anc,ADORA2B,6272,0.8450255102040817,0.010044642724096775
HBCA non-neuronal,roi,Human ANC,human anc,ADORA3,6272,0.0,0.0
HBCA non-neuronal,roi,Human AON,human aon,ADORA1,1967,13.37061514997458,0.16370107233524323
HBCA non-neuronal,roi,Human AON,human aon,ADORA2A,1967,0.5592272496187087,0.005592272616922855
HBCA non-neuronal,roi,Human AON,human aon,ADORA2B,1967,7.88002033553635,0.10574478656053543
HBCA non-neuronal,roi,Human AON,human aon,ADORA3,1967,0.0,0.0
HBCA non-neuronal,roi,Human BL,human bl,ADORA1,4596,16.166231505657095,0.20213228464126587
HBCA non-neuronal,roi,Human BL,human bl,ADORA2A,4596,0.6309834638816362,0.007180156651884317
HBCA non-neuronal,roi,Human BL,human bl,ADORA2B,4596,3.372497824194952,0.040034811943769455
HBCA non-neuronal,roi,Human BL,human bl,ADORA3,4596,0.0,0.0
HBCA non-neuronal,roi,Human BM,human bm,ADORA1,4806,20.266333749479816,0.2636288106441498
HBCA non-neuronal,roi,Human BM,human bm,ADORA2A,4806,0.8114856429463172,0.008531003259122372
HBCA non-neuronal,roi,Human BM,human bm,ADORA2B,4806,4.20307948397836,0.051602162420749664
HBCA non-neuronal,roi,Human BM,human bm,ADORA3,4806,0.0,0.0
HBCA non-neuronal,roi,Human BNST,human bnst,ADORA1,3656,15.289934354485776,0.18490153551101685
HBCA non-neuronal,roi,Human BNST,human bnst,ADORA2A,3656,0.5470459518599562,0.005470459349453449
HBCA non-neuronal,roi,Human BNST,human bnst,ADORA2B,3656,1.449671772428884,0.015864333137869835
HBCA non-neuronal,roi,Human BNST,human bnst,ADORA3,3656,0.0,0.0
HBCA non-neuronal,roi,Human CA1-3,human ca1-3,ADORA1,814,18.42751842751843,0.2506142556667328
HBCA non-neuronal,roi,Human CA1-3,human ca1-3,ADORA2A,814,0.85995085995086,0.008599508553743362
HBCA non-neuronal,roi,Human CA1-3,human ca1-3,ADORA2B,814,4.176904176904177,0.052825551480054855
HBCA non-neuronal,roi,Human CA1-3,human ca1-3,ADORA3,814,0.0,0.0
HBCA non-neuronal,roi,Human CA1C-CA3C,human ca1c-ca3c,ADORA1,4448,13.534172661870503,0.15962229669094086
HBCA non-neuronal,roi,Human CA1C-CA3C,human ca1c-ca3c,ADORA2A,4448,0.5845323741007195,0.006070144008845091
HBCA non-neuronal,roi,Human CA1C-CA3C,human ca1c-ca3c,ADORA2B,4448,2.922661870503597,0.033048562705516815
HBCA non-neuronal,roi,Human CA1C-CA3C,human ca1c-ca3c,ADORA3,4448,0.02248201438848921,0.00022482014901470393
HBCA non-neuronal,roi,Human CA1R-CA2R,human ca1r-ca2r,ADORA1,1569,26.704907584448694,0.35882729291915894
HBCA non-neuronal,roi,Human CA1R-CA2R,human ca1r-ca2r,ADORA2A,1569,0.8922880815806247,0.009560229256749153
HBCA non-neuronal,roi,Human CA1R-CA2R,human ca1r-ca2r,ADORA2B,1569,3.696622052262587,0.045889101922512054
HBCA non-neuronal,roi,Human CA1R-CA2R,human ca1r-ca2r,ADORA3,1569,0.12746972594008923,0.0012746972497552633
HBCA non-neuronal,roi,Human CA1R-CA2R-CA3R,human ca1r-ca2r-ca3r,ADORA1,7010,11.01283880171184,0.12667617201805115
HBCA non-neuronal,roi,Human CA1R-CA2R-CA3R,human ca1r-ca2r-ca3r,ADORA2A,7010,0.42796005706134094,0.004279600456357002
HBCA non-neuronal,roi,Human CA1R-CA2R-CA3R,human ca1r-ca2r-ca3r,ADORA2B,7010,2.596291012838802,0.03038516454398632
HBCA non-neuronal,roi,Human CA1R-CA2R-CA3R,human ca1r-ca2r-ca3r,ADORA3,7010,0.014265335235378032,0.00014265335630625486
HBCA non-neuronal,roi,Human CA1U,human ca1u,ADORA1,24394,19.32032467000082,0.24157579243183136
HBCA non-neuronal,roi,Human CA1U,human ca1u,ADORA2A,24394,0.6517996228580798,0.0068869395181536674
HBCA non-neuronal,roi,Human CA1U,human ca1u,ADORA2B,24394,4.078871853734524,0.04751168191432953
HBCA non-neuronal,roi,Human CA1U,human ca1u,ADORA3,24394,0.01639747478888251,0.00016397474973928183
HBCA non-neuronal,roi,Human CA1U-CA2U-CA3U,human ca1u-ca2u-ca3u,ADORA1,5917,7.250295757985466,0.0816292017698288
HBCA non-neuronal,roi,Human CA1U-CA2U-CA3U,human ca1u-ca2u-ca3u,ADORA2A,5917,0.1521041068108839,0.0016900455811992288
HBCA non-neuronal,roi,Human CA1U-CA2U-CA3U,human ca1u-ca2u-ca3u,ADORA2B,5917,1.5717424370458002,0.01740746945142746
HBCA non-neuronal,roi,Human CA1U-CA2U-CA3U,human ca1u-ca2u-ca3u,ADORA3,5917,0.01690045631232043,0.00016900456103030592
HBCA non-neuronal,roi,Human CA2U-CA3U,human ca2u-ca3u,ADORA1,1185,13.755274261603375,0.17468354105949402
HBCA non-neuronal,roi,Human CA2U-CA3U,human ca2u-ca3u,ADORA2A,1185,1.2658227848101267,0.012658228166401386
HBCA non-neuronal,roi,Human CA2U-CA3U,human ca2u-ca3u,ADORA2B,1185,2.447257383966245,0.03291139379143715
HBCA non-neuronal,roi,Human CA2U-CA3U,human ca2u-ca3u,ADORA3,1185,0.08438818565400844,0.0008438818622380495
HBCA non-neuronal,roi,Human CA3R,human ca3r,ADORA1,3276,23.748473748473746,0.3144078254699707
HBCA non-neuronal,roi,Human CA3R,human ca3r,ADORA2A,3276,0.9462759462759462,0.00976801011711359
HBCA non-neuronal,roi,Human CA3R,human ca3r,ADORA2B,3276,2.503052503052503,0.02777777798473835
HBCA non-neuronal,roi,Human CA3R,human ca3r,ADORA3,3276,0.0,0.0
HBCA non-neuronal,roi,Human CA4C-DGC,human ca4c-dgc,ADORA1,19743,16.60841817352986,0.2071113884449005
HBCA non-neuronal,roi,Human CA4C-DGC,human ca4c-dgc,ADORA2A,19743,0.8002836448361444,0.008458694443106651
HBCA non-neuronal,roi,Human CA4C-DGC,human ca4c-dgc,ADORA2B,19743,2.4464367117459354,0.028921643272042274
HBCA non-neuronal,roi,Human CA4C-DGC,human ca4c-dgc,ADORA3,19743,0.005065086359722433,5.065086224931292e-05
HBCA non-neuronal,roi,Human CBL,human cbl,ADORA1,3218,16.407706650093225,0.22498446702957153
HBCA non-neuronal,roi,Human CBL,human cbl,ADORA2A,3218,1.0876320696084525,0.011187072843313217
HBCA non-neuronal,roi,Human CBL,human cbl,ADORA2B,3218,8.91858297078931,0.12336855381727219
HBCA non-neuronal,roi,Human CBL,human cbl,ADORA3,3218,0.031075201988812924,0.00031075201695784926
HBCA non-neuronal,roi,Human CBV,human cbv,ADORA1,17133,11.801786026965505,0.14539194107055664
HBCA non-neuronal,roi,Human CBV,human cbv,ADORA2A,17133,0.9922372030584252,0.011206443421542645
HBCA non-neuronal,roi,Human CBV,human cbv,ADORA2B,17133,7.091577657152863,0.08539076894521713
HBCA non-neuronal,roi,Human CBV,human cbv,ADORA3,17133,0.005836689429755443,5.836689524585381e-05
HBCA non-neuronal,roi,Human CEN,human cen,ADORA1,12647,37.16296354866767,0.676998496055603
HBCA non-neuronal,roi,Human CEN,human cen,ADORA2A,12647,1.0911678658970507,0.011860520578920841
HBCA non-neuronal,roi,Human CEN,human cen,ADORA2B,12647,4.767929153158852,0.07084684073925018
HBCA non-neuronal,roi,Human CEN,human cen,ADORA3,12647,0.031628054083972484,0.00031628055148757994
HBCA non-neuronal,roi,Human CM,human cm,ADORA1,6909,29.700390794615718,0.41670283675193787
HBCA non-neuronal,roi,Human CM,human cm,ADORA2A,6909,1.3026487190620928,0.014039658010005951
HBCA non-neuronal,roi,Human CM,human cm,ADORA2B,6909,0.636850484874801,0.007671153638511896
HBCA non-neuronal,roi,Human CM,human cm,ADORA3,6909,0.0,0.0
HBCA non-neuronal,roi,Human CM-Pf,human cm-pf,ADORA1,8333,18.58874354974199,0.28009119629859924
HBCA non-neuronal,roi,Human CM-Pf,human cm-pf,ADORA2A,8333,0.6120244809792391,0.006480259355157614
HBCA non-neuronal,roi,Human CM-Pf,human cm-pf,ADORA2B,8333,1.1640465618624745,0.013440537266433239
HBCA non-neuronal,roi,Human CM-Pf,human cm-pf,ADORA3,8333,0.024000960038401537,0.00024000959820114076
HBCA non-neuronal,roi,Human CMN,human cmn,ADORA1,3966,15.456379223398892,0.19238527119159698
HBCA non-neuronal,roi,Human CMN,human cmn,ADORA2A,3966,0.5547150781643975,0.0057992939837276936
HBCA non-neuronal,roi,Human CMN,human cmn,ADORA2B,3966,3.7317196167423092,0.04261220246553421
HBCA non-neuronal,roi,Human CMN,human cmn,ADORA3,3966,0.0,0.0
HBCA non-neuronal,roi,Human CaB,human cab,ADORA1,2787,18.119842124147826,0.23286688327789307
HBCA non-neuronal,roi,Human CaB,human cab,ADORA2A,2787,3.803372802296376,0.041980624198913574
HBCA non-neuronal,roi,Human CaB,human cab,ADORA2B,2787,3.659849300322928,0.04449228569865227
HBCA non-neuronal,roi,Human CaB,human cab,ADORA3,2787,0.0,0.0
HBCA non-neuronal,roi,Human CbDN,human cbdn,ADORA1,28652,19.94974172832612,0.26717156171798706
HBCA non-neuronal,roi,Human CbDN,human cbdn,ADORA2A,28652,0.7259528130671506,0.007573642302304506
HBCA non-neuronal,roi,Human CbDN,human cbdn,ADORA2B,28652,1.0924193773558566,0.012110847048461437
HBCA non-neuronal,roi,Human CbDN,human cbdn,ADORA3,28652,0.010470473265391597,0.00010470473353052512
HBCA non-neuronal,roi,Human Cla,human cla,ADORA1,12236,24.87741091860085,0.3430042564868927
HBCA non-neuronal,roi,Human Cla,human cla,ADORA2A,12236,0.6783262504086303,0.00776397529989481
HBCA non-neuronal,roi,Human Cla,human cla,ADORA2B,12236,3.3671134357633212,0.0397188626229763
HBCA non-neuronal,roi,Human Cla,human cla,ADORA3,12236,0.0,0.0
HBCA non-neuronal,roi,Human CoA,human coa,ADORA1,2476,26.292407108239097,0.35460421442985535
HBCA non-neuronal,roi,Human CoA,human coa,ADORA2A,2476,0.7269789983844911,0.007673667278140783
HBCA non-neuronal,roi,Human CoA,human coa,ADORA2B,2476,10.09693053311793,0.130048468708992
HBCA non-neuronal,roi,Human CoA,human coa,ADORA3,2476,0.0,0.0
HBCA non-neuronal,roi,Human DGR-CA4Rpy,human dgr-ca4rpy,ADORA1,14520,15.702479338842975,0.20847107470035553
HBCA non-neuronal,roi,Human DGR-CA4Rpy,human dgr-ca4rpy,ADORA2A,14520,0.6955922865013774,0.007713498547673225
HBCA non-neuronal,roi,Human DGR-CA4Rpy,human dgr-ca4rpy,ADORA2B,14520,3.898071625344353,0.04573002830147743
HBCA non-neuronal,roi,Human DGR-CA4Rpy,human dgr-ca4rpy,ADORA3,14520,0.013774104683195591,0.00013774105173069984
HBCA non-neuronal,roi,Human DGU-CA4Upy,human dgu-ca4upy,ADORA1,13331,15.28767534318506,0.1957092434167862
HBCA non-neuronal,roi,Human DGU-CA4Upy,human dgu-ca4upy,ADORA2A,13331,0.6076063311079438,0.0064511289820075035
HBCA non-neuronal,roi,Human DGU-CA4Upy,human dgu-ca4upy,ADORA2B,13331,3.4806091065936537,0.04178231209516525
HBCA non-neuronal,roi,Human DGU-CA4Upy,human dgu-ca4upy,ADORA3,13331,0.015002625459455406,0.00015002625877968967
HBCA non-neuronal,roi,Human DTg,human dtg,ADORA1,8080,10.594059405940595,0.11955445259809494
HBCA non-neuronal,roi,Human DTg,human dtg,ADORA2A,8080,0.40841584158415845,0.004331683274358511
HBCA non-neuronal,roi,Human DTg,human dtg,ADORA2B,8080,0.47029702970297027,0.004950494971126318
HBCA non-neuronal,roi,Human DTg,human dtg,ADORA3,8080,0.0,0.0
HBCA non-neuronal,roi,Human ETH,human eth,ADORA1,2048,13.0859375,0.1591796875
HBCA non-neuronal,roi,Human ETH,human eth,ADORA2A,2048,0.68359375,0.00732421875
HBCA non-neuronal,roi,Human ETH,human eth,ADORA2B,2048,0.68359375,0.00732421875
HBCA non-neuronal,roi,Human ETH,human eth,ADORA3,2048,0.0,0.0
HBCA non-neuronal,roi,Human FI,human fi,ADORA1,2338,15.953806672369547,0.2001710832118988
HBCA non-neuronal,roi,Human FI,human fi,ADORA2A,2338,0.8554319931565441,0.009837468154728413
HBCA non-neuronal,roi,Human FI,human fi,ADORA2B,2338,5.132591958939265,0.06971770524978638
HBCA non-neuronal,roi,Human FI,human fi,ADORA3,2338,0.0,0.0
HBCA non-neuronal,roi,Human GPe,human gpe,ADORA1,33090,13.00090661831369,0.15418554842472076
HBCA non-neuronal,roi,Human GPe,human gpe,ADORA2A,33090,0.5893019038984587,0.006104563362896442
HBCA non-neuronal,roi,Human GPe,human gpe,ADORA2B,33090,0.6074342701722575,0.006860078778117895
HBCA non-neuronal,roi,Human GPe,human gpe,ADORA3,33090,0.024176488365064974,0.00024176487931981683
HBCA non-neuronal,roi,Human GPi,human gpi,ADORA1,32242,9.059611686619936,0.12046398967504501
HBCA non-neuronal,roi,Human GPi,human gpi,ADORA2A,32242,0.40940388313380066,0.004187085200101137
HBCA non-neuronal,roi,Human GPi,human gpi,ADORA2B,32242,0.8188077662676013,0.009118541143834591
HBCA non-neuronal,roi,Human GPi,human gpi,ADORA3,32242,0.04342162396873643,0.0004652316856663674
HBCA non-neuronal,roi,Human Gpe,human gpe,ADORA1,2478,23.930589184826474,0.3284907042980194
HBCA non-neuronal,roi,Human Gpe,human gpe,ADORA2A,2478,0.645682001614205,0.006456819828599691
HBCA non-neuronal,roi,Human Gpe,human gpe,ADORA2B,2478,1.0088781275221952,0.010895883664488792
HBCA non-neuronal,roi,Human Gpe,human gpe,ADORA3,2478,0.0,0.0
HBCA non-neuronal,roi,Human HTHma,human hthma,ADORA1,1074,12.104283054003725,0.1378026008605957
HBCA non-neuronal,roi,Human HTHma,human hthma,ADORA2A,1074,0.4655493482309125,0.004655493423342705
HBCA non-neuronal,roi,Human HTHma,human hthma,ADORA2B,1074,0.4655493482309125,0.005586592014878988
HBCA non-neuronal,roi,Human HTHma,human hthma,ADORA3,1074,0.0,0.0
HBCA non-neuronal,roi,Human HTHma-HTHtub,human hthma-hthtub,ADORA1,2211,9.226594301221166,0.1022161915898323
HBCA non-neuronal,roi,Human HTHma-HTHtub,human hthma-hthtub,ADORA2A,2211,0.27137042062415195,0.0027137042488902807
HBCA non-neuronal,roi,Human HTHma-HTHtub,human hthma-hthtub,ADORA2B,2211,0.8141112618724559,0.008593396283686161
HBCA non-neuronal,roi,Human HTHma-HTHtub,human hthma-hthtub,ADORA3,2211,0.0,0.0
HBCA non-neuronal,roi,Human HTHpo,human hthpo,ADORA1,1722,21.138211382113823,0.25783970952033997
HBCA non-neuronal,roi,Human HTHpo,human hthpo,ADORA2A,1722,1.5679442508710801,0.01684088259935379
HBCA non-neuronal,roi,Human HTHpo,human hthpo,ADORA2B,1722,4.29732868757259,0.051103368401527405
HBCA non-neuronal,roi,Human HTHpo,human hthpo,ADORA3,1722,0.0,0.0
HBCA non-neuronal,roi,Human HTHpo-HTHso,human hthpo-hthso,ADORA1,2019,12.67954432887568,0.1505695879459381
HBCA non-neuronal,roi,Human HTHpo-HTHso,human hthpo-hthso,ADORA2A,2019,0.5943536404160475,0.005943536292761564
HBCA non-neuronal,roi,Human HTHpo-HTHso,human hthpo-hthso,ADORA2B,2019,0.6438831104507181,0.007429420482367277
HBCA non-neuronal,roi,Human HTHpo-HTHso,human hthpo-hthso,ADORA3,2019,0.0,0.0
HBCA non-neuronal,roi,Human HTHso,human hthso,ADORA1,3013,16.495187520743446,0.19980086386203766
HBCA non-neuronal,roi,Human HTHso,human hthso,ADORA2A,3013,0.9293063391968137,0.009624958969652653
HBCA non-neuronal,roi,Human HTHso,human hthso,ADORA2B,3013,10.255559243279123,0.12612015008926392
HBCA non-neuronal,roi,Human HTHso,human hthso,ADORA3,3013,0.0,0.0
HBCA non-neuronal,roi,Human HTHso-HTHtub,human hthso-hthtub,ADORA1,1247,19.0056134723336,0.24057738482952118
HBCA non-neuronal,roi,Human HTHso-HTHtub,human hthso-hthtub,ADORA2A,1247,0.08019246190858059,0.0008019246160984039
HBCA non-neuronal,roi,Human HTHso-HTHtub,human hthso-hthtub,ADORA2B,1247,2.405773857257418,0.033680833876132965
HBCA non-neuronal,roi,Human HTHso-HTHtub,human hthso-hthtub,ADORA3,1247,0.08019246190858059,0.0008019246160984039
HBCA non-neuronal,roi,Human HTHtub,human hthtub,ADORA1,2166,15.189289012003693,0.19252078235149384
HBCA non-neuronal,roi,Human HTHtub,human hthtub,ADORA2A,2166,0.6001846722068329,0.006001846864819527
HBCA non-neuronal,roi,Human HTHtub,human hthtub,ADORA2B,2166,0.6925207756232686,0.007848569191992283
HBCA non-neuronal,roi,Human HTHtub,human hthtub,ADORA3,2166,0.0,0.0
HBCA non-neuronal,roi,Human IC,human ic,ADORA1,4290,19.953379953379955,0.2594405710697174
HBCA non-neuronal,roi,Human IC,human ic,ADORA2A,4290,0.7226107226107227,0.007459207437932491
HBCA non-neuronal,roi,Human IC,human ic,ADORA2B,4290,0.9557109557109558,0.010722611099481583
HBCA non-neuronal,roi,Human IC,human ic,ADORA3,4290,0.0,0.0
HBCA non-neuronal,roi,Human IO,human io,ADORA1,11015,9.58692691783931,0.11012256145477295
HBCA non-neuronal,roi,Human IO,human io,ADORA2A,11015,0.34498411257376305,0.0036314118187874556
HBCA non-neuronal,roi,Human IO,human io,ADORA2B,11015,0.5174761688606446,0.005537902936339378
HBCA non-neuronal,roi,Human IO,human io,ADORA3,11015,0.027235587834770765,0.00027235588640905917
HBCA non-neuronal,roi,Human ITG,human itg,ADORA1,2911,17.073170731707318,0.21092407405376434
HBCA non-neuronal,roi,Human ITG,human itg,ADORA2A,2911,0.7214015802129852,0.007214015815407038
HBCA non-neuronal,roi,Human ITG,human itg,ADORA2B,2911,8.07282720714531,0.10889728367328644
HBCA non-neuronal,roi,Human ITG,human itg,ADORA3,2911,0.0,0.0
HBCA non-neuronal,roi,Human Idg,human idg,ADORA1,3241,19.376735575439678,0.2366553544998169
HBCA non-neuronal,roi,Human Idg,human idg,ADORA2A,3241,0.2776920703486578,0.002776920795440674
HBCA non-neuronal,roi,Human Idg,human idg,ADORA2B,3241,7.250848503548288,0.09102129191160202
HBCA non-neuronal,roi,Human Idg,human idg,ADORA3,3241,0.030854674483184203,0.0003085467324126512
HBCA non-neuronal,roi,Human Ig,human ig,ADORA1,3617,17.721868952170308,0.22145424783229828
HBCA non-neuronal,roi,Human Ig,human ig,ADORA2A,3617,0.525297207630633,0.00525297224521637
HBCA non-neuronal,roi,Human Ig,human ig,ADORA2B,3617,7.077688692286426,0.08985347300767899
HBCA non-neuronal,roi,Human Ig,human ig,ADORA3,3617,0.02764722145424385,0.00027647221577353776
HBCA non-neuronal,roi,Human LEC,human lec,ADORA1,2878,17.19944405837387,0.2168172299861908
HBCA non-neuronal,roi,Human LEC,human lec,ADORA2A,2878,0.3127171646977068,0.003822098718956113
HBCA non-neuronal,roi,Human LEC,human lec,ADORA2B,2878,5.837387074357193,0.07123002409934998
HBCA non-neuronal,roi,Human LEC,human lec,ADORA3,2878,0.0,0.0
HBCA non-neuronal,roi,Human LG,human lg,ADORA1,8595,12.635253054101222,0.14659686386585236
HBCA non-neuronal,roi,Human LG,human lg,ADORA2A,8595,1.0122164048865618,0.010587550699710846
HBCA non-neuronal,roi,Human LG,human lg,ADORA2B,8595,0.9307737056428156,0.009889470413327217
HBCA non-neuronal,roi,Human LG,human lg,ADORA3,8595,0.011634671320535195,0.00011634671682259068
HBCA non-neuronal,roi,Human LP,human lp,ADORA1,13608,8.715461493239271,0.09619341790676117
HBCA non-neuronal,roi,Human LP,human lp,ADORA2A,13608,0.30864197530864196,0.003233392024412751
HBCA non-neuronal,roi,Human LP,human lp,ADORA2B,13608,0.8450911228689008,0.009406231343746185
HBCA non-neuronal,roi,Human LP,human lp,ADORA3,13608,0.0,0.0
HBCA non-neuronal,roi,Human LP-VPL,human lp-vpl,ADORA1,16179,35.144322887693924,0.5228382349014282
HBCA non-neuronal,roi,Human LP-VPL,human lp-vpl,ADORA2A,16179,0.9580320168119166,0.010816490277647972
HBCA non-neuronal,roi,Human LP-VPL,human lp-vpl,ADORA2B,16179,0.6180851721367204,0.0074788304045796394
HBCA non-neuronal,roi,Human LP-VPL,human lp-vpl,ADORA3,16179,0.0,0.0
HBCA non-neuronal,roi,Human La,human la,ADORA1,4420,13.416289592760181,0.15882353484630585
HBCA non-neuronal,roi,Human La,human la,ADORA2A,4420,0.24886877828054296,0.0024886878672987223
HBCA non-neuronal,roi,Human La,human la,ADORA2B,4420,1.6742081447963801,0.0194570142775774
HBCA non-neuronal,roi,Human La,human la,ADORA3,4420,0.0,0.0
HBCA non-neuronal,roi,Human M1C,human m1c,ADORA1,6320,12.68987341772152,0.1460442990064621
HBCA non-neuronal,roi,Human M1C,human m1c,ADORA2A,6320,0.5221518987341772,0.005537974648177624
HBCA non-neuronal,roi,Human M1C,human m1c,ADORA2B,6320,2.5158227848101267,0.027848102152347565
HBCA non-neuronal,roi,Human M1C,human m1c,ADORA3,6320,0.0,0.0
HBCA non-neuronal,roi,Human MD,human md,ADORA1,3396,16.28386336866902,0.20376914739608765
HBCA non-neuronal,roi,Human MD,human md,ADORA2A,3396,0.8539458186101295,0.010306242853403091
HBCA non-neuronal,roi,Human MD,human md,ADORA2B,3396,1.8551236749116609,0.019434629008173943
HBCA non-neuronal,roi,Human MD,human md,ADORA3,3396,0.029446407538280327,0.0002944640873465687
HBCA non-neuronal,roi,Human MD-Re,human md-re,ADORA1,4439,26.312232484793874,0.3570623993873596
HBCA non-neuronal,roi,Human MD-Re,human md-re,ADORA2A,4439,1.1489074115791844,0.013066005893051624
HBCA non-neuronal,roi,Human MD-Re,human md-re,ADORA2B,4439,1.5994593376886685,0.019373733550310135
HBCA non-neuronal,roi,Human MD-Re,human md-re,ADORA3,4439,0.022527596305474205,0.00022527595865540206
HBCA non-neuronal,roi,Human MEC,human mec,ADORA1,3480,13.620689655172413,0.16379310190677643
HBCA non-neuronal,roi,Human MEC,human mec,ADORA2A,3480,0.3735632183908046,0.0037356321699917316
HBCA non-neuronal,roi,Human MEC,human mec,ADORA2B,3480,5.948275862068965,0.0752873569726944
HBCA non-neuronal,roi,Human MEC,human mec,ADORA3,3480,0.0,0.0
HBCA non-neuronal,roi,Human MG,human mg,ADORA1,3691,13.790300731509076,0.16255757212638855
HBCA non-neuronal,roi,Human MG,human mg,ADORA2A,3691,0.2438363587103766,0.002709292806684971
HBCA non-neuronal,roi,Human MG,human mg,ADORA2B,3691,0.3793010024383636,0.0037930100224912167
HBCA non-neuronal,roi,Human MG,human mg,ADORA3,3691,0.0,0.0
HBCA non-neuronal,roi,Human MN,human mn,ADORA1,10739,18.7913213520812,0.2552379071712494
HBCA non-neuronal,roi,Human MN,human mn,ADORA2A,10739,0.6518297793090605,0.00661141611635685
HBCA non-neuronal,roi,Human MN,human mn,ADORA2B,10739,1.0429276468944968,0.013036595657467842
HBCA non-neuronal,roi,Human MN,human mn,ADORA3,10739,0.027935561970388306,0.00027935561956837773
HBCA non-neuronal,roi,Human MTG,human mtg,ADORA1,22134,17.186229330441854,0.21003885567188263
HBCA non-neuronal,roi,Human MTG,human mtg,ADORA2A,22134,0.5511882172223729,0.006144393235445023
HBCA non-neuronal,roi,Human MTG,human mtg,ADORA2B,22134,5.647420258425951,0.06993765383958817
HBCA non-neuronal,roi,Human MTG,human mtg,ADORA3,22134,0.009035872413481522,9.035872062668204e-05
HBCA non-neuronal,roi,Human MoAN,human moan,ADORA1,11580,7.340241796200346,0.0854058712720871
HBCA non-neuronal,roi,Human MoAN,human moan,ADORA2A,11580,0.4058721934369603,0.00431778933852911
HBCA non-neuronal,roi,Human MoAN,human moan,ADORA2B,11580,0.932642487046632,0.010103627108037472
HBCA non-neuronal,roi,Human MoAN,human moan,ADORA3,11580,0.0,0.0
HBCA non-neuronal,roi,Human MoRF-MoEN,human morf-moen,ADORA1,9086,19.656614571868808,0.25038519501686096
HBCA non-neuronal,roi,Human MoRF-MoEN,human morf-moen,ADORA2A,9086,0.8254457406999779,0.008914814330637455
HBCA non-neuronal,roi,Human MoRF-MoEN,human morf-moen,ADORA2B,9086,1.0565705480959717,0.011886418797075748
HBCA non-neuronal,roi,Human MoRF-MoEN,human morf-moen,ADORA3,9086,0.0,0.0
HBCA non-neuronal,roi,Human MoSR,human mosr,ADORA1,6454,5.469476293771304,0.06290672719478607
HBCA non-neuronal,roi,Human MoSR,human mosr,ADORA2A,6454,0.26340254105980787,0.0026340254116803408
HBCA non-neuronal,roi,Human MoSR,human mosr,ADORA2B,6454,0.4028509451502944,0.004183452110737562
HBCA non-neuronal,roi,Human MoSR,human mosr,ADORA3,6454,0.0,0.0
HBCA non-neuronal,roi,Human NAC,human nac,ADORA1,2720,15.992647058823529,0.20110294222831726
HBCA non-neuronal,roi,Human NAC,human nac,ADORA2A,2720,2.1323529411764706,0.02242647111415863
HBCA non-neuronal,roi,Human NAC,human nac,ADORA2B,2720,5.147058823529411,0.06507352739572525
HBCA non-neuronal,roi,Human NAC,human nac,ADORA3,2720,0.0,0.0
HBCA non-neuronal,roi,Human PAG,human pag,ADORA1,17187,24.914179321580264,0.33007505536079407
HBCA non-neuronal,roi,Human PAG,human pag,ADORA2A,17187,0.605108512247629,0.0061674523167312145
HBCA non-neuronal,roi,Human PAG,human pag,ADORA2B,17187,0.7098388316751033,0.007912957109510899
HBCA non-neuronal,roi,Human PAG,human pag,ADORA3,17187,0.017455053237912375,0.00017455052875448018
HBCA non-neuronal,roi,Human PAG-DR,human pag-dr,ADORA1,3406,18.408690546095126,0.23253083229064941
HBCA non-neuronal,roi,Human PAG-DR,human pag-dr,ADORA2A,3406,0.5284791544333529,0.005578391253948212
HBCA non-neuronal,roi,Human PAG-DR,human pag-dr,ADORA2B,3406,1.0569583088667058,0.012331180274486542
HBCA non-neuronal,roi,Human PAG-DR,human pag-dr,ADORA3,3406,0.0,0.0
HBCA non-neuronal,roi,Human PB,human pb,ADORA1,8575,14.96209912536443,0.18425655364990234
HBCA non-neuronal,roi,Human PB,human pb,ADORA2A,8575,0.3848396501457726,0.0039650145918130875
HBCA non-neuronal,roi,Human PB,human pb,ADORA2B,8575,0.9212827988338192,0.009912536479532719
HBCA non-neuronal,roi,Human PB,human pb,ADORA3,8575,0.011661807580174927,0.00011661807366181165
HBCA non-neuronal,roi,Human PN,human pn,ADORA1,15355,24.69553891240638,0.3409312963485718
HBCA non-neuronal,roi,Human PN,human pn,ADORA2A,15355,0.9247802018886355,0.009833930060267448
HBCA non-neuronal,roi,Human PN,human pn,ADORA2B,15355,0.5144903940084663,0.00560078164562583
HBCA non-neuronal,roi,Human PN,human pn,ADORA3,15355,0.013025073266037123,0.00013025072985328734
HBCA non-neuronal,roi,Human PTR,human ptr,ADORA1,2285,13.522975929978118,0.16849015653133392
HBCA non-neuronal,roi,Human PTR,human ptr,ADORA2A,2285,0.612691466083151,0.0065645514987409115
HBCA non-neuronal,roi,Human PTR,human ptr,ADORA2B,2285,1.400437636761488,0.016192561015486717
HBCA non-neuronal,roi,Human PTR,human ptr,ADORA3,2285,0.0,0.0
HBCA non-neuronal,roi,Human Pir,human pir,ADORA1,4755,18.46477392218717,0.23722396790981293
HBCA non-neuronal,roi,Human Pir,human pir,ADORA2A,4755,0.7150368033648791,0.007570977788418531
HBCA non-neuronal,roi,Human Pir,human pir,ADORA2B,4755,4.374342797055731,0.05573080852627754
HBCA non-neuronal,roi,Human Pir,human pir,ADORA3,4755,0.0,0.0
HBCA non-neuronal,roi,Human PnAN,human pnan,ADORA1,9651,12.610092218422961,0.15169411897659302
HBCA non-neuronal,roi,Human PnAN,human pnan,ADORA2A,9651,0.41446482229820747,0.0045591131784021854
HBCA non-neuronal,roi,Human PnAN,human pnan,ADORA2B,9651,0.8703761268262356,0.010154387913644314
HBCA non-neuronal,roi,Human PnAN,human pnan,ADORA3,9651,0.010361620557455186,0.00010361620661569759
HBCA non-neuronal,roi,Human PnEN,human pnen,ADORA1,22144,9.524024566473988,0.10996206849813461
HBCA non-neuronal,roi,Human PnEN,human pnen,ADORA2A,22144,0.5057803468208093,0.005419075023382902
HBCA non-neuronal,roi,Human PnEN,human pnen,ADORA2B,22144,0.41094653179190754,0.004290101118385792
HBCA non-neuronal,roi,Human PnEN,human pnen,ADORA3,22144,0.00903179190751445,9.03179170563817e-05
HBCA non-neuronal,roi,Human PnRF,human pnrf,ADORA1,33322,17.465938419062482,0.21535322070121765
HBCA non-neuronal,roi,Human PnRF,human pnrf,ADORA2A,33322,0.5881999879959185,0.0063021425157785416
HBCA non-neuronal,roi,Human PnRF,human pnrf,ADORA2B,33322,0.5942020286897545,0.006272132508456707
HBCA non-neuronal,roi,Human PnRF,human pnrf,ADORA3,33322,0.012004081387671808,0.00012004081509076059
HBCA non-neuronal,roi,Human Pro,human pro,ADORA1,2760,16.992753623188406,0.2188405841588974
HBCA non-neuronal,roi,Human Pro,human pro,ADORA2A,2760,0.5072463768115941,0.005434782709926367
HBCA non-neuronal,roi,Human Pro,human pro,ADORA2B,2760,4.565217391304348,0.056521739810705185
HBCA non-neuronal,roi,Human Pro,human pro,ADORA3,2760,0.0,0.0
HBCA non-neuronal,roi,Human Pu,human pu,ADORA1,3675,15.292517006802722,0.18557822704315186
HBCA non-neuronal,roi,Human Pu,human pu,ADORA2A,3675,3.6734693877551026,0.03891156613826752
HBCA non-neuronal,roi,Human Pu,human pu,ADORA2B,3675,3.8095238095238098,0.045986395329236984
HBCA non-neuronal,roi,Human Pu,human pu,ADORA3,3675,0.0,0.0
HBCA non-neuronal,roi,Human Pul,human pul,ADORA1,15945,13.759799310128567,0.1673251837491989
HBCA non-neuronal,roi,Human Pul,human pul,ADORA2A,15945,0.783944810285356,0.008654750883579254
HBCA non-neuronal,roi,Human Pul,human pul,ADORA2B,15945,1.317027281279398,0.014675446785986423
HBCA non-neuronal,roi,Human Pul,human pul,ADORA3,15945,0.0062715584822828465,6.271558231674135e-05
HBCA non-neuronal,roi,Human RN,human rn,ADORA1,2973,12.008072653884964,0.13622602820396423
HBCA non-neuronal,roi,Human RN,human rn,ADORA2A,2973,0.3699966363942146,0.003699966473504901
HBCA non-neuronal,roi,Human RN,human rn,ADORA2B,2973,0.4709048099562731,0.005045408848673105
HBCA non-neuronal,roi,Human RN,human rn,ADORA3,2973,0.0,0.0
HBCA non-neuronal,roi,Human S1C,human s1c,ADORA1,2726,17.828319882611883,0.2281731516122818
HBCA non-neuronal,roi,Human S1C,human s1c,ADORA2A,2726,0.36683785766691124,0.00403521629050374
HBCA non-neuronal,roi,Human S1C,human s1c,ADORA2B,2726,4.145267791636097,0.049523111432790756
HBCA non-neuronal,roi,Human S1C,human s1c,ADORA3,2726,0.0,0.0
HBCA non-neuronal,roi,Human SC,human sc,ADORA1,2741,12.769062385990516,0.15505290031433105
HBCA non-neuronal,roi,Human SC,human sc,ADORA2A,2741,0.7661437431594309,0.00948558934032917
HBCA non-neuronal,roi,Human SC,human sc,ADORA2B,2741,1.6052535570959505,0.01751185767352581
HBCA non-neuronal,roi,Human SC,human sc,ADORA3,2741,0.0,0.0
HBCA non-neuronal,roi,Human SEP,human sep,ADORA1,20296,9.859085534095389,0.12746353447437286
HBCA non-neuronal,roi,Human SEP,human sep,ADORA2A,20296,0.5074891604256997,0.00546905817463994
HBCA non-neuronal,roi,Human SEP,human sep,ADORA2B,20296,3.9810800157666533,0.0541485995054245
HBCA non-neuronal,roi,Human SEP,human sep,ADORA3,20296,0.004927079227433977,4.9270791350863874e-05
HBCA non-neuronal,roi,Human SI,human si,ADORA1,4835,18.221302998965875,0.2361944168806076
HBCA non-neuronal,roi,Human SI,human si,ADORA2A,4835,0.9720785935884179,0.010961737483739853
HBCA non-neuronal,roi,Human SI,human si,ADORA2B,4835,4.074457083764219,0.054188210517168045
HBCA non-neuronal,roi,Human SI,human si,ADORA3,4835,0.0,0.0
HBCA non-neuronal,roi,Human SN,human sn,ADORA1,50837,22.566241123591084,0.3123708963394165
HBCA non-neuronal,roi,Human SN,human sn,ADORA2A,50837,0.6530676475795189,0.007101126946508884
HBCA non-neuronal,roi,Human SN,human sn,ADORA2B,50837,0.7651907075555205,0.008419064804911613
HBCA non-neuronal,roi,Human SN,human sn,ADORA3,50837,0.013769498593544071,0.00013769498036708683
HBCA non-neuronal,roi,Human SN-RN,human sn-rn,ADORA1,37737,21.67368895248695,0.2919415831565857
HBCA non-neuronal,roi,Human SN-RN,human sn-rn,ADORA2A,37737,0.7048785012057133,0.00741977384313941
HBCA non-neuronal,roi,Human SN-RN,human sn-rn,ADORA2B,37737,0.7075284203831783,0.007631767075508833
HBCA non-neuronal,roi,Human SN-RN,human sn-rn,ADORA3,37737,0.015899515064790523,0.00015899515710771084
HBCA non-neuronal,roi,Human STG,human stg,ADORA1,13196,17.66444377083965,0.22127917408943176
HBCA non-neuronal,roi,Human STG,human stg,ADORA2A,13196,0.5153076689906032,0.005456198938190937
HBCA non-neuronal,roi,Human STG,human stg,ADORA2B,13196,4.099727190057593,0.04910578951239586
HBCA non-neuronal,roi,Human STG,human stg,ADORA3,13196,0.01515610791148833,0.00015156107838265598
HBCA non-neuronal,roi,Human STH,human sth,ADORA1,19559,9.60683061506212,0.10920803993940353
HBCA non-neuronal,roi,Human STH,human sth,ADORA2A,19559,0.19428396134771717,0.0019939669873565435
HBCA non-neuronal,roi,Human STH,human sth,ADORA2B,19559,0.4039061301702541,0.0042435708455741405
HBCA non-neuronal,roi,Human STH,human sth,ADORA3,19559,0.0,0.0
HBCA non-neuronal,roi,Human SpC,human spc,ADORA1,18152,11.849933891582195,0.14136183261871338
HBCA non-neuronal,roi,Human SpC,human spc,ADORA2A,18152,0.6665932128691053,0.006941383704543114
HBCA non-neuronal,roi,Human SpC,human spc,ADORA2B,18152,0.5178492728074042,0.005619215313345194
HBCA non-neuronal,roi,Human SpC,human spc,ADORA3,18152,0.01652710445130013,0.00016527104889973998
HBCA non-neuronal,roi,Human Sub,human sub,ADORA1,13773,18.50722427938721,0.22950699925422668
HBCA non-neuronal,roi,Human Sub,human sub,ADORA2A,13773,0.5372830901038264,0.005590648390352726
HBCA non-neuronal,roi,Human Sub,human sub,ADORA2B,13773,5.125971102882451,0.06338488310575485
HBCA non-neuronal,roi,Human Sub,human sub,ADORA3,13773,0.007260582298700355,7.260582060553133e-05
HBCA non-neuronal,roi,Human TF,human tf,ADORA1,2486,12.711182622687048,0.1484312117099762
HBCA non-neuronal,roi,Human TF,human tf,ADORA2A,2486,0.2815768302493966,0.00321802101098001
HBCA non-neuronal,roi,Human TF,human tf,ADORA2B,2486,4.827031375703942,0.059131134301424026
HBCA non-neuronal,roi,Human TF,human tf,ADORA3,2486,0.0,0.0
HBCA non-neuronal,roi,Human TH-TL,human th-tl,ADORA1,8423,21.939926392021842,0.2862400710582733
HBCA non-neuronal,roi,Human TH-TL,human th-tl,ADORA2A,8423,0.9379081087498516,0.009972693398594856
HBCA non-neuronal,roi,Human TH-TL,human th-tl,ADORA2B,8423,8.548023269618902,0.1114804670214653
HBCA non-neuronal,roi,Human TH-TL,human th-tl,ADORA3,8423,0.0,0.0
HBCA non-neuronal,roi,Human V1C,human v1c,ADORA1,2872,18.419220055710305,0.23433147370815277
HBCA non-neuronal,roi,Human V1C,human v1c,ADORA2A,2872,0.8356545961002786,0.008704734966158867
HBCA non-neuronal,roi,Human V1C,human v1c,ADORA2B,2872,6.197771587743732,0.07590529322624207
HBCA non-neuronal,roi,Human V1C,human v1c,ADORA3,2872,0.0,0.0
HBCA non-neuronal,roi,Human V2,human v2,ADORA1,2982,18.947015425888665,0.2327297180891037
HBCA non-neuronal,roi,Human V2,human v2,ADORA2A,2982,0.8383635144198525,0.009389671497046947
HBCA non-neuronal,roi,Human V2,human v2,ADORA2B,2982,6.371562709590879,0.07645875215530396
HBCA non-neuronal,roi,Human V2,human v2,ADORA3,2982,0.0,0.0
HBCA non-neuronal,roi,Human VA,human va,ADORA1,4310,29.76798143851508,0.4146171808242798
HBCA non-neuronal,roi,Human VA,human va,ADORA2A,4310,2.2273781902552203,0.0236658938229084
HBCA non-neuronal,roi,Human VA,human va,ADORA2B,4310,1.6937354988399074,0.021577727049589157
HBCA non-neuronal,roi,Human VA,human va,ADORA3,4310,0.0,0.0
HBCA non-neuronal,roi,Human VLN,human vln,ADORA1,12582,12.39866475917978,0.1490224152803421
HBCA non-neuronal,roi,Human VLN,human vln,ADORA2A,12582,0.41328882530599265,0.004371324088424444
HBCA non-neuronal,roi,Human VLN,human vln,ADORA2B,12582,0.7470990303608329,0.008504211902618408
HBCA non-neuronal,roi,Human VLN,human vln,ADORA3,12582,0.0,0.0
HBCA non-neuronal,roi,Human VPL,human vpl,ADORA1,4553,12.189764990116407,0.13771140575408936
HBCA non-neuronal,roi,Human VPL,human vpl,ADORA2A,4553,0.21963540522732264,0.002196354093030095
HBCA non-neuronal,roi,Human VPL,human vpl,ADORA2B,4553,0.5710520535910389,0.006589062046259642
HBCA non-neuronal,roi,Human VPL,human vpl,ADORA3,4553,0.0,0.0
HBCA non-neuronal,supercluster_term,Astrocyte,astrocyte,ADORA1,155025,13.8409933881632,0.17366231977939606
HBCA non-neuronal,supercluster_term,Astrocyte,astrocyte,ADORA2A,155025,0.45347524592807614,0.0046766651794314384
HBCA non-neuronal,supercluster_term,Astrocyte,astrocyte,ADORA2B,155025,10.884696016771489,0.13462990522384644
HBCA non-neuronal,supercluster_term,Astrocyte,astrocyte,ADORA3,155025,0.0,0.0
HBCA non-neuronal,supercluster_term,Bergmann glia,bergmann glia,ADORA1,8041,7.21303320482527,0.08668076246976852
HBCA non-neuronal,supercluster_term,Bergmann glia,bergmann glia,ADORA2A,8041,0.6964307921900261,0.007088670507073402
HBCA non-neuronal,supercluster_term,Bergmann glia,bergmann glia,ADORA2B,8041,17.684367615968164,0.22161422669887543
HBCA non-neuronal,supercluster_term,Bergmann glia,bergmann glia,ADORA3,8041,0.0,0.0
HBCA non-neuronal,supercluster_term,Choroid plexus,choroid plexus,ADORA1,7689,0.7153075822603719,0.007933411747217178
HBCA non-neuronal,supercluster_term,Choroid plexus,choroid plexus,ADORA2A,7689,0.19508388607101051,0.0019508388359099627
HBCA non-neuronal,supercluster_term,Choroid plexus,choroid plexus,ADORA2B,7689,1.7037326050201589,0.020548835396766663
HBCA non-neuronal,supercluster_term,Choroid plexus,choroid plexus,ADORA3,7689,0.0,0.0
HBCA non-neuronal,supercluster_term,Committed oligodendrocyte precursor,committed oligodendrocyte precursor,ADORA1,4720,16.101694915254235,0.21313560009002686
HBCA non-neuronal,supercluster_term,Committed oligodendrocyte precursor,committed oligodendrocyte precursor,ADORA2A,4720,1.0381355932203389,0.010805084370076656
HBCA non-neuronal,supercluster_term,Committed oligodendrocyte precursor,committed oligodendrocyte precursor,ADORA2B,4720,0.2966101694915254,0.003601694945245981
HBCA non-neuronal,supercluster_term,Committed oligodendrocyte precursor,committed oligodendrocyte precursor,ADORA3,4720,0.0211864406779661,0.00021186440426390618
HBCA non-neuronal,supercluster_term,Ependymal,ependymal,ADORA1,5882,3.0431825909554573,0.03451206907629967
HBCA non-neuronal,supercluster_term,Ependymal,ependymal,ADORA2A,5882,0.42502550153009183,0.00493029598146677
HBCA non-neuronal,supercluster_term,Ependymal,ependymal,ADORA2B,5882,0.6290377422645359,0.006630397867411375
HBCA non-neuronal,supercluster_term,Ependymal,ependymal,ADORA3,5882,0.0,0.0
HBCA non-neuronal,supercluster_term,Fibroblast,fibroblast,ADORA1,9156,0.49148099606815204,0.005351681727916002
HBCA non-neuronal,supercluster_term,Fibroblast,fibroblast,ADORA2A,9156,1.9877675840978593,0.0204237662255764
HBCA non-neuronal,supercluster_term,Fibroblast,fibroblast,ADORA2B,9156,4.641764962865881,0.06105286255478859
HBCA non-neuronal,supercluster_term,Fibroblast,fibroblast,ADORA3,9156,0.0,0.0
HBCA non-neuronal,supercluster_term,Microglia,microglia,ADORA1,91838,2.958470349964067,0.03503996133804321
HBCA non-neuronal,supercluster_term,Microglia,microglia,ADORA2A,91838,0.3615061303599817,0.0037566148675978184
HBCA non-neuronal,supercluster_term,Microglia,microglia,ADORA2B,91838,0.13393148805505348,0.001382869784720242
HBCA non-neuronal,supercluster_term,Microglia,microglia,ADORA3,91838,0.1067096408893922,0.0010779851581901312
HBCA non-neuronal,supercluster_term,Oligodendrocyte,oligodendrocyte,ADORA1,490246,20.20291853477642,0.26457738876342773
HBCA non-neuronal,supercluster_term,Oligodendrocyte,oligodendrocyte,ADORA2A,490246,0.48363474663740247,0.004991371650248766
HBCA non-neuronal,supercluster_term,Oligodendrocyte,oligodendrocyte,ADORA2B,490246,0.26190932715412263,0.0026741677429527044
HBCA non-neuronal,supercluster_term,Oligodendrocyte,oligodendrocyte,ADORA3,490246,0.00020397922675554722,2.0397922071424546e-06
HBCA non-neuronal,supercluster_term,Oligodendrocyte precursor,oligodendrocyte precursor,ADORA1,105734,23.35010498042257,0.31160271167755127
HBCA non-neuronal,supercluster_term,Oligodendrocyte precursor,oligodendrocyte precursor,ADORA2A,105734,0.8824030113303195,0.009126676246523857
HBCA non-neuronal,supercluster_term,Oligodendrocyte precursor,oligodendrocyte precursor,ADORA2B,105734,0.31683280685493787,0.0033101935405284166
HBCA non-neuronal,supercluster_term,Oligodendrocyte precursor,oligodendrocyte precursor,ADORA3,105734,0.0,0.0
HBCA non-neuronal,supercluster_term,Vascular,vascular,ADORA1,9932,0.5134917438582359,0.005336286965757608
HBCA non-neuronal,supercluster_term,Vascular,vascular,ADORA2A,9932,12.464760370519533,0.15102697908878326
HBCA non-neuronal,supercluster_term,Vascular,vascular,ADORA2B,9932,6.957309706000806,0.0852799043059349
HBCA non-neuronal,supercluster_term,Vascular,vascular,ADORA3,9932,0.0,0.0
HBCA non-neuronal,tissue,cerebellum,cerebellum,ADORA1,49003,16.868354998673553,0.22182315587997437
HBCA non-neuronal,tissue,cerebellum,cerebellum,ADORA2A,49003,0.8428055425178052,0.009081076830625534
HBCA non-neuronal,tissue,cerebellum,cerebellum,ADORA2B,49003,3.703854866028611,0.04503805935382843
HBCA non-neuronal,tissue,cerebellum,cerebellum,ADORA3,49003,0.010203456931208292,0.00010203456622548401
HBCA non-neuronal,tissue,cerebral cortex,cerebral cortex,ADORA1,148874,16.661740800945765,0.20676545798778534
HBCA non-neuronal,tissue,cerebral cortex,cerebral cortex,ADORA2A,148874,0.5964775582035816,0.006387952249497175
HBCA non-neuronal,tissue,cerebral cortex,cerebral cortex,ADORA2B,148874,5.589290272310813,0.07005252689123154
HBCA non-neuronal,tissue,cerebral cortex,cerebral cortex,ADORA3,148874,0.006717089619409702,6.717089854646474e-05
HBCA non-neuronal,tissue,cerebral nuclei,cerebral nuclei,ADORA1,150926,15.952851066085366,0.22117461264133453
HBCA non-neuronal,tissue,cerebral nuclei,cerebral nuclei,ADORA2A,150926,0.7632879689384201,0.008149689063429832
HBCA non-neuronal,tissue,cerebral nuclei,cerebral nuclei,ADORA2B,150926,2.500563189907637,0.03198918700218201
HBCA non-neuronal,tissue,cerebral nuclei,cerebral nuclei,ADORA3,150926,0.01788956177199422,0.00018552137771621346
HBCA non-neuronal,tissue,hippocampal formation,hippocampal formation,ADORA1,109980,16.523004182578653,0.20789234340190887
HBCA non-neuronal,tissue,hippocampal formation,hippocampal formation,ADORA2A,109980,0.641025641025641,0.0067830514162778854
HBCA non-neuronal,tissue,hippocampal formation,hippocampal formation,ADORA2B,109980,3.4751773049645394,0.04120749235153198
HBCA non-neuronal,tissue,hippocampal formation,hippocampal formation,ADORA3,109980,0.014548099654482633,0.00014548099716193974
HBCA non-neuronal,tissue,hypothalamus,hypothalamus,ADORA1,24191,16.679756934397087,0.21421189606189728
HBCA non-neuronal,tissue,hypothalamus,hypothalamus,ADORA2A,24191,0.669670538630069,0.006862055975943804
HBCA non-neuronal,tissue,hypothalamus,hypothalamus,ADORA2B,24191,2.3810508040180234,0.029225744307041168
HBCA non-neuronal,tissue,hypothalamus,hypothalamus,ADORA3,24191,0.01653507502790294,0.00016535074973944575
HBCA non-neuronal,tissue,midbrain,midbrain,ADORA1,121456,21.762613621393754,0.29385125637054443
HBCA non-neuronal,tissue,midbrain,midbrain,ADORA2A,121456,0.6562047161111844,0.0069984192959964275
HBCA non-neuronal,tissue,midbrain,midbrain,ADORA2B,121456,0.7780595441970755,0.00856277160346508
HBCA non-neuronal,tissue,midbrain,midbrain,ADORA3,121456,0.013173494928204452,0.00013173495244700462
HBCA non-neuronal,tissue,myelencephalon,myelencephalon,ADORA1,38135,10.607053887504916,0.12804509699344635
HBCA non-neuronal,tissue,myelencephalon,myelencephalon,ADORA2A,38135,0.4641405532974957,0.0049298545345664024
HBCA non-neuronal,tissue,myelencephalon,myelencephalon,ADORA2B,38135,0.752589484725318,0.008207683451473713
HBCA non-neuronal,tissue,myelencephalon,myelencephalon,ADORA3,38135,0.007866789038940605,7.866789383115247e-05
HBCA non-neuronal,tissue,pons,pons,ADORA1,97127,15.522975073872352,0.1941375732421875
HBCA non-neuronal,tissue,pons,pons,ADORA2A,97127,0.5724463846304323,0.00611570430919528
HBCA non-neuronal,tissue,pons,pons,ADORA2B,97127,0.5858309224005683,0.006311324425041676
HBCA non-neuronal,tissue,pons,pons,ADORA3,97127,0.010295798284720005,0.00010295797983417287
HBCA non-neuronal,tissue,spinal cord,spinal cord,ADORA1,18152,11.849933891582195,0.14136183261871338
HBCA non-neuronal,tissue,spinal cord,spinal cord,ADORA2A,18152,0.6665932128691053,0.006941383704543114
HBCA non-neuronal,tissue,spinal cord,spinal cord,ADORA2B,18152,0.5178492728074042,0.005619215313345194
HBCA non-neuronal,tissue,spinal cord,spinal cord,ADORA3,18152,0.01652710445130013,0.00016527104889973998
HBCA non-neuronal,tissue,thalamic complex,thalamic complex,ADORA1,130419,17.265122413145324,0.22841763496398926
HBCA non-neuronal,tissue,thalamic complex,thalamic complex,ADORA2A,130419,0.7153865617739746,0.007859284058213234
HBCA non-neuronal,tissue,thalamic complex,thalamic complex,ADORA2B,130419,0.8687384506858664,0.009891197085380554
HBCA non-neuronal,tissue,thalamic complex,thalamic complex,ADORA3,130419,0.00460055666735675,4.600556712830439e-05
Tabula Sapiens,broad_cell_class,adventitial cell,adventitial cell,ADORA1,1045,0.7655502392344498,0.0029685867484658957
Tabula Sapiens,broad_cell_class,adventitial cell,adventitial cell,ADORA2A,1045,0.19138755980861244,7.934324457892217e-06
Tabula Sapiens,broad_cell_class,adventitial cell,adventitial cell,ADORA2B,1045,0.6698564593301436,0.005423619877547026
Tabula Sapiens,broad_cell_class,adventitial cell,adventitial cell,ADORA3,1045,0.3827751196172249,0.0013755779946222901
Tabula Sapiens,broad_cell_class,cardiac endothelial cell,cardiac endothelial cell,ADORA1,10092,0.7827982560443916,0.007910951040685177
Tabula Sapiens,broad_cell_class,cardiac endothelial cell,cardiac endothelial cell,ADORA2A,10092,0.04954419342053111,0.00019659311510622501
Tabula Sapiens,broad_cell_class,cardiac endothelial cell,cardiac endothelial cell,ADORA2B,10092,0.3765358699960365,0.0026314861606806517
Tabula Sapiens,broad_cell_class,cardiac endothelial cell,cardiac endothelial cell,ADORA3,10092,0.24772096710265556,0.002164492616429925
Tabula Sapiens,broad_cell_class,ciliated epithelial cell,ciliated epithelial cell,ADORA1,2242,0.22301516503122212,0.0008682135376147926
Tabula Sapiens,broad_cell_class,ciliated epithelial cell,ciliated epithelial cell,ADORA2A,2242,0.04460303300624443,0.00013503758236765862
Tabula Sapiens,broad_cell_class,ciliated epithelial cell,ciliated epithelial cell,ADORA2B,2242,14.362176628010706,0.06761441379785538
Tabula Sapiens,broad_cell_class,ciliated epithelial cell,ciliated epithelial cell,ADORA3,2242,0.04460303300624443,0.0002454808563925326
Tabula Sapiens,broad_cell_class,conjunctival epithelial cell,conjunctival epithelial cell,ADORA1,11087,0.1262740146117074,0.0007864089566282928
Tabula Sapiens,broad_cell_class,conjunctival epithelial cell,conjunctival epithelial cell,ADORA2A,11087,0.036078289889059256,0.00024028209736570716
Tabula Sapiens,broad_cell_class,conjunctival epithelial cell,conjunctival epithelial cell,ADORA2B,11087,18.868945611977992,0.11738232523202896
Tabula Sapiens,broad_cell_class,conjunctival epithelial cell,conjunctival epithelial cell,ADORA3,11087,0.07215657977811851,0.0005162168527022004
Tabula Sapiens,broad_cell_class,connective tissue cell,connective tissue cell,ADORA1,152,0.6578947368421052,0.0034746911842375994
Tabula Sapiens,broad_cell_class,connective tissue cell,connective tissue cell,ADORA2A,152,0.0,0.0
Tabula Sapiens,broad_cell_class,connective tissue cell,connective tissue cell,ADORA2B,152,0.0,0.0
Tabula Sapiens,broad_cell_class,connective tissue cell,connective tissue cell,ADORA3,152,0.0,0.0
Tabula Sapiens,broad_cell_class,contractile cell,contractile cell,ADORA1,56202,1.6405110138429237,0.007795646786689758
Tabula Sapiens,broad_cell_class,contractile cell,contractile cell,ADORA2A,56202,0.11565424717981568,0.0003547025553416461
Tabula Sapiens,broad_cell_class,contractile cell,contractile cell,ADORA2B,56202,2.3344364969218176,0.01513759046792984
Tabula Sapiens,broad_cell_class,contractile cell,contractile cell,ADORA3,56202,0.11565424717981568,0.0006365877925418317
Tabula Sapiens,broad_cell_class,dendritic cell,dendritic cell,ADORA1,670,0.5970149253731344,0.0038940999656915665
Tabula Sapiens,broad_cell_class,dendritic cell,dendritic cell,ADORA2A,670,1.6417910447761193,0.0012113690609112382
Tabula Sapiens,broad_cell_class,dendritic cell,dendritic cell,ADORA2B,670,5.820895522388059,0.036210522055625916
Tabula Sapiens,broad_cell_class,dendritic cell,dendritic cell,ADORA3,670,8.358208955223882,0.052761420607566833
Tabula Sapiens,broad_cell_class,duct epithelial cell,duct epithelial cell,ADORA1,22707,9.102919804465582,0.05044372379779816
Tabula Sapiens,broad_cell_class,duct epithelial cell,duct epithelial cell,ADORA2A,22707,0.01761571321618884,3.4889133530668914e-05
Tabula Sapiens,broad_cell_class,duct epithelial cell,duct epithelial cell,ADORA2B,22707,11.55590786981988,0.06709665060043335
Tabula Sapiens,broad_cell_class,duct epithelial cell,duct epithelial cell,ADORA3,22707,0.07046285286475536,0.00030594729469157755
Tabula Sapiens,broad_cell_class,ecto-epithelial cell,ecto-epithelial cell,ADORA1,4560,0.17543859649122806,0.0018086128402501345
Tabula Sapiens,broad_cell_class,ecto-epithelial cell,ecto-epithelial cell,ADORA2A,4560,0.0,0.0
Tabula Sapiens,broad_cell_class,ecto-epithelial cell,ecto-epithelial cell,ADORA2B,4560,3.8157894736842106,0.015009081922471523
Tabula Sapiens,broad_cell_class,ecto-epithelial cell,ecto-epithelial cell,ADORA3,4560,0.0,0.0
Tabula Sapiens,broad_cell_class,endo-epithelial cell,endo-epithelial cell,ADORA1,14519,0.344376334458296,0.0017672808608040214
Tabula Sapiens,broad_cell_class,endo-epithelial cell,endo-epithelial cell,ADORA2A,14519,0.013775053378331842,1.1416529559937771e-05
Tabula Sapiens,broad_cell_class,endo-epithelial cell,endo-epithelial cell,ADORA2B,14519,3.092499483435498,0.017470693215727806
Tabula Sapiens,broad_cell_class,endo-epithelial cell,endo-epithelial cell,ADORA3,14519,0.1308630070941525,0.0010196255752816796
Tabula Sapiens,broad_cell_class,endothelial cell,endothelial cell,ADORA1,63106,0.24561848318701865,0.001399224973283708
Tabula Sapiens,broad_cell_class,endothelial cell,endothelial cell,ADORA2A,63106,0.1552942667892118,0.0005188813083805144
Tabula Sapiens,broad_cell_class,endothelial cell,endothelial cell,ADORA2B,63106,0.5466992045130415,0.003349578008055687
Tabula Sapiens,broad_cell_class,endothelial cell,endothelial cell,ADORA3,63106,0.24086457706081832,0.001572790672071278
Tabula Sapiens,broad_cell_class,epithelial cell,epithelial cell,ADORA1,35641,0.15992817261019612,0.0008258103625848889
Tabula Sapiens,broad_cell_class,epithelial cell,epithelial cell,ADORA2A,35641,0.03086333155635364,7.038644253043458e-05
Tabula Sapiens,broad_cell_class,epithelial cell,epithelial cell,ADORA2B,35641,30.04405039140316,0.20617280900478363
Tabula Sapiens,broad_cell_class,epithelial cell,epithelial cell,ADORA3,35641,0.05330939087006538,0.00016340527508873492
Tabula Sapiens,broad_cell_class,epithelial cell of lung,epithelial cell of lung,ADORA1,14710,0.8361658735554044,0.0024591803085058928
Tabula Sapiens,broad_cell_class,epithelial cell of lung,epithelial cell of lung,ADORA2A,14710,0.07477906186267845,0.00011779121268773451
Tabula Sapiens,broad_cell_class,epithelial cell of lung,epithelial cell of lung,ADORA2B,14710,18.082936777702244,0.06475302577018738
Tabula Sapiens,broad_cell_class,epithelial cell of lung,epithelial cell of lung,ADORA3,14710,0.027192386131883073,6.295231287367642e-05
Tabula Sapiens,broad_cell_class,erythroid lineage cell,erythroid lineage cell,ADORA1,14613,0.03421610894409088,0.00028733641374856234
Tabula Sapiens,broad_cell_class,erythroid lineage cell,erythroid lineage cell,ADORA2A,14613,0.03421610894409088,0.00014965340960770845
Tabula Sapiens,broad_cell_class,erythroid lineage cell,erythroid lineage cell,ADORA2B,14613,0.41059330732909055,0.001360396621748805
Tabula Sapiens,broad_cell_class,erythroid lineage cell,erythroid lineage cell,ADORA3,14613,0.03421610894409088,0.0001862248027464375
Tabula Sapiens,broad_cell_class,fibroblast,fibroblast,ADORA1,100791,0.7897530533480172,0.004751431755721569
Tabula Sapiens,broad_cell_class,fibroblast,fibroblast,ADORA2A,100791,0.030756714389181573,0.00012528359366115183
Tabula Sapiens,broad_cell_class,fibroblast,fibroblast,ADORA2B,100791,1.6668154894782274,0.008774830028414726
Tabula Sapiens,broad_cell_class,fibroblast,fibroblast,ADORA3,100791,0.09425444732168548,0.0005464362329803407
Tabula Sapiens,broad_cell_class,glandular epithelial cell,glandular epithelial cell,ADORA1,21942,5.204630389207912,0.015708357095718384
Tabula Sapiens,broad_cell_class,glandular epithelial cell,glandular epithelial cell,ADORA2A,21942,0.027344818156959255,8.282373164547607e-05
Tabula Sapiens,broad_cell_class,glandular epithelial cell,glandular epithelial cell,ADORA2B,21942,2.5567404976756904,0.010869989171624184
Tabula Sapiens,broad_cell_class,glandular epithelial cell,glandular epithelial cell,ADORA3,21942,0.04557469692826543,0.0001124309710576199
Tabula Sapiens,broad_cell_class,glial cell,glial cell,ADORA1,1834,3.326063249727372,0.024897875264286995
Tabula Sapiens,broad_cell_class,glial cell,glial cell,ADORA2A,1834,0.0,0.0
Tabula Sapiens,broad_cell_class,glial cell,glial cell,ADORA2B,1834,2.0174482006543077,0.013348924927413464
Tabula Sapiens,broad_cell_class,glial cell,glial cell,ADORA3,1834,0.43620501635768816,0.006155724171549082
Tabula Sapiens,broad_cell_class,granulocyte,granulocyte,ADORA1,78199,0.22378802797989747,0.0021466920152306557
Tabula Sapiens,broad_cell_class,granulocyte,granulocyte,ADORA2A,78199,0.45396999961636336,0.004731045104563236
Tabula Sapiens,broad_cell_class,granulocyte,granulocyte,ADORA2B,78199,0.6509034642386731,0.006660935468971729
Tabula Sapiens,broad_cell_class,granulocyte,granulocyte,ADORA3,78199,1.2596069003439943,0.01390064600855112
Tabula Sapiens,broad_cell_class,hematopoietic cell,hematopoietic cell,ADORA1,3016,0.7625994694960212,0.0035549134481698275
Tabula Sapiens,broad_cell_class,hematopoietic cell,hematopoietic cell,ADORA2A,3016,0.7294429708222812,0.0012401617132127285
Tabula Sapiens,broad_cell_class,hematopoietic cell,hematopoietic cell,ADORA2B,3016,5.935013262599469,0.034973546862602234
Tabula Sapiens,broad_cell_class,hematopoietic cell,hematopoietic cell,ADORA3,3016,1.4588859416445623,0.006829299032688141
Tabula Sapiens,broad_cell_class,hepatocyte,hepatocyte,ADORA1,7414,0.18883193957377933,0.0007510223076678813
Tabula Sapiens,broad_cell_class,hepatocyte,hepatocyte,ADORA2A,7414,0.21580793094146208,0.000968747481238097
Tabula Sapiens,broad_cell_class,hepatocyte,hepatocyte,ADORA2B,7414,0.22929592662530346,0.00133927958086133
Tabula Sapiens,broad_cell_class,hepatocyte,hepatocyte,ADORA3,7414,0.02697599136768276,0.00012797582894563675
Tabula Sapiens,broad_cell_class,innate lymphoid cell,innate lymphoid cell,ADORA1,15202,0.09209314563873174,0.0007590337772853673
Tabula Sapiens,broad_cell_class,innate lymphoid cell,innate lymphoid cell,ADORA2A,15202,0.19734245494013947,0.0011577305849641562
Tabula Sapiens,broad_cell_class,innate lymphoid cell,innate lymphoid cell,ADORA2B,15202,0.35521641889225103,0.0030755014158785343
Tabula Sapiens,broad_cell_class,innate lymphoid cell,innate lymphoid cell,ADORA3,15202,0.0723589001447178,0.0002074147341772914
Tabula Sapiens,broad_cell_class,intestinal epithelial cell,intestinal epithelial cell,ADORA1,34178,0.24577213412136462,0.0008667827351018786
Tabula Sapiens,broad_cell_class,intestinal epithelial cell,intestinal epithelial cell,ADORA2A,34178,0.11410849084206214,0.0003728373267222196
Tabula Sapiens,broad_cell_class,intestinal epithelial cell,intestinal epithelial cell,ADORA2B,34178,2.3085025454971033,0.016647133976221085
Tabula Sapiens,broad_cell_class,intestinal epithelial cell,intestinal epithelial cell,ADORA3,34178,0.020481011176780386,5.154410973773338e-05
Tabula Sapiens,broad_cell_class,kidney epithelial cell,kidney epithelial cell,ADORA1,9278,1.5843931881871092,0.010870232246816158
Tabula Sapiens,broad_cell_class,kidney epithelial cell,kidney epithelial cell,ADORA2A,9278,0.010778184953653805,2.904568100348115e-05
Tabula Sapiens,broad_cell_class,kidney epithelial cell,kidney epithelial cell,ADORA2B,9278,0.3233455486096141,0.0021541232708841562
Tabula Sapiens,broad_cell_class,kidney epithelial cell,kidney epithelial cell,ADORA3,9278,0.04311273981461522,0.00022581695520784706
Tabula Sapiens,broad_cell_class,lymphocyte of b lineage,lymphocyte of b lineage,ADORA1,141844,0.05780998843800231,0.0003349210601300001
Tabula Sapiens,broad_cell_class,lymphocyte of b lineage,lymphocyte of b lineage,ADORA2A,141844,0.6916048616790277,0.0035731475800275803
Tabula Sapiens,broad_cell_class,lymphocyte of b lineage,lymphocyte of b lineage,ADORA2B,141844,0.399029920194016,0.0030932819936424494
Tabula Sapiens,broad_cell_class,lymphocyte of b lineage,lymphocyte of b lineage,ADORA3,141844,0.06697498660500269,0.0005321481730788946
Tabula Sapiens,broad_cell_class,male germ cell,male germ cell,ADORA1,7259,1.1020801763328283,0.007054932415485382
Tabula Sapiens,broad_cell_class,male germ cell,male germ cell,ADORA2A,7259,0.11020801763328282,0.00024356800713576376
Tabula Sapiens,broad_cell_class,male germ cell,male germ cell,ADORA2B,7259,1.6531202644992422,0.008567548356950283
Tabula Sapiens,broad_cell_class,male germ cell,male germ cell,ADORA3,7259,3.251136520181843,0.01892250031232834
Tabula Sapiens,broad_cell_class,melanocyte,melanocyte,ADORA1,234,2.1367521367521367,0.009571663103997707
Tabula Sapiens,broad_cell_class,melanocyte,melanocyte,ADORA2A,234,0.0,0.0
Tabula Sapiens,broad_cell_class,melanocyte,melanocyte,ADORA2B,234,1.282051282051282,0.006130478344857693
Tabula Sapiens,broad_cell_class,melanocyte,melanocyte,ADORA3,234,0.0,0.0
Tabula Sapiens,broad_cell_class,meso-epithelial cell,meso-epithelial cell,ADORA1,1558,2.3106546854942236,0.010647163726389408
Tabula Sapiens,broad_cell_class,meso-epithelial cell,meso-epithelial cell,ADORA2A,1558,0.19255455712451863,0.0003513030824251473
Tabula Sapiens,broad_cell_class,meso-epithelial cell,meso-epithelial cell,ADORA2B,1558,1.3478818998716302,0.006356751546263695
Tabula Sapiens,broad_cell_class,meso-epithelial cell,meso-epithelial cell,ADORA3,1558,0.06418485237483953,0.00021610368276014924
Tabula Sapiens,broad_cell_class,myeloid leukocyte,myeloid leukocyte,ADORA1,128294,1.4349852682120754,0.0067863441072404385
Tabula Sapiens,broad_cell_class,myeloid leukocyte,myeloid leukocyte,ADORA2A,128294,0.18473194381654637,0.0009256000048480928
Tabula Sapiens,broad_cell_class,myeloid leukocyte,myeloid leukocyte,ADORA2B,128294,7.921648713112071,0.048443492501974106
Tabula Sapiens,broad_cell_class,myeloid leukocyte,myeloid leukocyte,ADORA3,128294,15.59776762748063,0.11000430583953857
Tabula Sapiens,broad_cell_class,neuron,neuron,ADORA1,1685,0.9495548961424332,0.0072036017663776875
Tabula Sapiens,broad_cell_class,neuron,neuron,ADORA2A,1685,0.05934718100890207,0.00017089951143134385
Tabula Sapiens,broad_cell_class,neuron,neuron,ADORA2B,1685,0.4747774480712166,0.002766530029475689
Tabula Sapiens,broad_cell_class,neuron,neuron,ADORA3,1685,0.4747774480712166,0.003910135943442583
Tabula Sapiens,broad_cell_class,retinal pigment epithelial cell,retinal pigment epithelial cell,ADORA1,67,4.477611940298507,0.021545590832829475
Tabula Sapiens,broad_cell_class,retinal pigment epithelial cell,retinal pigment epithelial cell,ADORA2A,67,0.0,0.0
Tabula Sapiens,broad_cell_class,retinal pigment epithelial cell,retinal pigment epithelial cell,ADORA2B,67,25.37313432835821,0.24387647211551666
Tabula Sapiens,broad_cell_class,retinal pigment epithelial cell,retinal pigment epithelial cell,ADORA3,67,0.0,0.0
Tabula Sapiens,broad_cell_class,secretory cell,secretory cell,ADORA1,756,1.1904761904761905,0.0027440956328064203
Tabula Sapiens,broad_cell_class,secretory cell,secretory cell,ADORA2A,756,0.6613756613756614,0.0008948009926825762
Tabula Sapiens,broad_cell_class,secretory cell,secretory cell,ADORA2B,756,19.576719576719576,0.13050678372383118
Tabula Sapiens,broad_cell_class,secretory cell,secretory cell,ADORA3,756,0.26455026455026454,0.00036098252166993916
Tabula Sapiens,broad_cell_class,stem cell,stem cell,ADORA1,43527,0.298665196314931,0.001694707665592432
Tabula Sapiens,broad_cell_class,stem cell,stem cell,ADORA2A,43527,0.04824591632779654,0.00015826252638362348
Tabula Sapiens,broad_cell_class,stem cell,stem cell,ADORA2B,43527,3.570197808256944,0.01817738078534603
Tabula Sapiens,broad_cell_class,stem cell,stem cell,ADORA3,43527,0.11027638017782067,0.0006791973719373345
Tabula Sapiens,broad_cell_class,stratified epithelial cell,stratified epithelial cell,ADORA1,12323,0.210987584192161,0.0008039225358515978
Tabula Sapiens,broad_cell_class,stratified epithelial cell,stratified epithelial cell,ADORA2A,12323,0.008114907084313883,6.595594186364906e-06
Tabula Sapiens,broad_cell_class,stratified epithelial cell,stratified epithelial cell,ADORA2B,12323,14.249776840055182,0.06463028490543365
Tabula Sapiens,broad_cell_class,stratified epithelial cell,stratified epithelial cell,ADORA3,12323,0.024344721252941653,0.00013034234871156514
Tabula Sapiens,broad_cell_class,stromal cell,stromal cell,ADORA1,39919,0.22545654951276334,0.0013588391011580825
Tabula Sapiens,broad_cell_class,stromal cell,stromal cell,ADORA2A,39919,0.05010145544728074,8.960441482486203e-05
Tabula Sapiens,broad_cell_class,stromal cell,stromal cell,ADORA2B,39919,0.4784688995215311,0.0027121552266180515
Tabula Sapiens,broad_cell_class,stromal cell,stromal cell,ADORA3,39919,0.017535509406548258,5.188109935261309e-05
Tabula Sapiens,broad_cell_class,t cell,t cell,ADORA1,208196,0.053795461968529655,0.00039332095184363425
Tabula Sapiens,broad_cell_class,t cell,t cell,ADORA2A,208196,0.586466598781917,0.005641045980155468
Tabula Sapiens,broad_cell_class,t cell,t cell,ADORA2B,208196,0.33718227055274835,0.0029537531081587076
Tabula Sapiens,broad_cell_class,t cell,t cell,ADORA3,208196,0.19692981613479604,0.001508157467469573
Tabula Sapiens,broad_cell_class,transitional epithelial cell,transitional epithelial cell,ADORA1,27241,0.07708968099555816,0.0003313378256279975
Tabula Sapiens,broad_cell_class,transitional epithelial cell,transitional epithelial cell,ADORA2A,27241,0.0073418743805293485,6.855893843749072e-06
Tabula Sapiens,broad_cell_class,transitional epithelial cell,transitional epithelial cell,ADORA2B,27241,31.063470504019676,0.15450681746006012
Tabula Sapiens,broad_cell_class,transitional epithelial cell,transitional epithelial cell,ADORA3,27241,0.11379905289820491,0.0003044751938432455
Tabula Sapiens,cell_type,B cell,b cell,ADORA1,114495,0.049783833355168346,0.00033579731825739145
Tabula Sapiens,cell_type,B cell,b cell,ADORA2A,114495,0.3196646141752915,0.0029021420050412416
Tabula Sapiens,cell_type,B cell,b cell,ADORA2B,114495,0.42709288615223373,0.003565947525203228
Tabula Sapiens,cell_type,B cell,b cell,ADORA3,114495,0.04891043276998995,0.0005118195549584925
Tabula Sapiens,cell_type,BEST4+ enterocyte,best4+ enterocyte,ADORA1,1970,0.20304568527918782,0.001833984162658453
Tabula Sapiens,cell_type,BEST4+ enterocyte,best4+ enterocyte,ADORA2A,1970,0.10152284263959391,0.0005012715118937194
Tabula Sapiens,cell_type,BEST4+ enterocyte,best4+ enterocyte,ADORA2B,1970,4.568527918781726,0.03590299189090729
Tabula Sapiens,cell_type,BEST4+ enterocyte,best4+ enterocyte,ADORA3,1970,0.0,0.0
Tabula Sapiens,cell_type,"CD4-positive, alpha-beta T cell","cd4-positive, alpha-beta t cell",ADORA1,97130,0.04735920930711418,0.00029489470762200654
Tabula Sapiens,cell_type,"CD4-positive, alpha-beta T cell","cd4-positive, alpha-beta t cell",ADORA2A,97130,0.5415422629465665,0.0052399951964616776
Tabula Sapiens,cell_type,"CD4-positive, alpha-beta T cell","cd4-positive, alpha-beta t cell",ADORA2B,97130,0.3304849171213837,0.0029156464152038097
Tabula Sapiens,cell_type,"CD4-positive, alpha-beta T cell","cd4-positive, alpha-beta t cell",ADORA3,97130,0.027797796767219187,0.0001837254239944741
Tabula Sapiens,cell_type,"CD4-positive, alpha-beta thymocyte","cd4-positive, alpha-beta thymocyte",ADORA1,4685,0.042689434364994665,0.0003360880946274847
Tabula Sapiens,cell_type,"CD4-positive, alpha-beta thymocyte","cd4-positive, alpha-beta thymocyte",ADORA2A,4685,3.073639274279616,0.030512705445289612
Tabula Sapiens,cell_type,"CD4-positive, alpha-beta thymocyte","cd4-positive, alpha-beta thymocyte",ADORA2B,4685,0.4055496264674493,0.0029392438009381294
Tabula Sapiens,cell_type,"CD4-positive, alpha-beta thymocyte","cd4-positive, alpha-beta thymocyte",ADORA3,4685,0.021344717182497332,0.00018717815692070872
Tabula Sapiens,cell_type,"CD8-positive, alpha-beta T cell","cd8-positive, alpha-beta t cell",ADORA1,76277,0.05637348086579178,0.0004411762347444892
Tabula Sapiens,cell_type,"CD8-positive, alpha-beta T cell","cd8-positive, alpha-beta t cell",ADORA2A,76277,0.49687323832872293,0.004807236138731241
Tabula Sapiens,cell_type,"CD8-positive, alpha-beta T cell","cd8-positive, alpha-beta t cell",ADORA2B,76277,0.3251307733654968,0.002970794914290309
Tabula Sapiens,cell_type,"CD8-positive, alpha-beta T cell","cd8-positive, alpha-beta t cell",ADORA3,76277,0.4680309923043644,0.0035493348259478807
Tabula Sapiens,cell_type,"CD8-positive, alpha-beta thymocyte","cd8-positive, alpha-beta thymocyte",ADORA1,731,0.0,0.0
Tabula Sapiens,cell_type,"CD8-positive, alpha-beta thymocyte","cd8-positive, alpha-beta thymocyte",ADORA2A,731,0.8207934336525308,0.006593251600861549
Tabula Sapiens,cell_type,"CD8-positive, alpha-beta thymocyte","cd8-positive, alpha-beta thymocyte",ADORA2B,731,0.8207934336525308,0.004184361081570387
Tabula Sapiens,cell_type,"CD8-positive, alpha-beta thymocyte","cd8-positive, alpha-beta thymocyte",ADORA3,731,0.0,0.0
Tabula Sapiens,cell_type,Langerhans cell,langerhans cell,ADORA1,76,0.0,0.0
Tabula Sapiens,cell_type,Langerhans cell,langerhans cell,ADORA2A,76,1.3157894736842104,0.00034547914401628077
Tabula Sapiens,cell_type,Langerhans cell,langerhans cell,ADORA2B,76,0.0,0.0
Tabula Sapiens,cell_type,Langerhans cell,langerhans cell,ADORA3,76,0.0,0.0
Tabula Sapiens,cell_type,Mueller cell,mueller cell,ADORA1,506,11.857707509881422,0.08728916198015213
Tabula Sapiens,cell_type,Mueller cell,mueller cell,ADORA2A,506,0.0,0.0
Tabula Sapiens,cell_type,Mueller cell,mueller cell,ADORA2B,506,6.719367588932807,0.044580865651369095
Tabula Sapiens,cell_type,Mueller cell,mueller cell,ADORA3,506,0.9881422924901186,0.015168387442827225
Tabula Sapiens,cell_type,Schwann cell,schwann cell,ADORA1,318,0.0,0.0
Tabula Sapiens,cell_type,Schwann cell,schwann cell,ADORA2A,318,0.0,0.0
Tabula Sapiens,cell_type,Schwann cell,schwann cell,ADORA2B,318,0.3144654088050315,0.0018766648136079311
Tabula Sapiens,cell_type,Schwann cell,schwann cell,ADORA3,318,0.3144654088050315,0.004345552530139685
Tabula Sapiens,cell_type,T cell,t cell,ADORA1,6290,0.14308426073131955,0.0012827335158362985
Tabula Sapiens,cell_type,T cell,t cell,ADORA2A,6290,0.0794912559618442,0.0007072056760080159
Tabula Sapiens,cell_type,T cell,t cell,ADORA2B,6290,0.4292527821939587,0.004303856752812862
Tabula Sapiens,cell_type,T cell,t cell,ADORA3,6290,0.2543720190779014,0.0028960430063307285
Tabula Sapiens,cell_type,acinar cell,acinar cell,ADORA1,1345,1.1895910780669146,0.002600806998088956
Tabula Sapiens,cell_type,acinar cell,acinar cell,ADORA2A,1345,0.07434944237918216,5.4294714573188685e-06
Tabula Sapiens,cell_type,acinar cell,acinar cell,ADORA2B,1345,0.29739776951672864,0.00037345930468291044
Tabula Sapiens,cell_type,acinar cell,acinar cell,ADORA3,1345,0.22304832713754646,2.0416942788870074e-05
Tabula Sapiens,cell_type,acinar cell of salivary gland,acinar cell of salivary gland,ADORA1,12237,2.8111465228405654,0.010145069099962711
Tabula Sapiens,cell_type,acinar cell of salivary gland,acinar cell of salivary gland,ADORA2A,12237,0.008171937566396992,5.653752668877132e-05
Tabula Sapiens,cell_type,acinar cell of salivary gland,acinar cell of salivary gland,ADORA2B,12237,0.8662253820380812,0.002830290701240301
Tabula Sapiens,cell_type,acinar cell of salivary gland,acinar cell of salivary gland,ADORA3,12237,0.024515812699190977,0.00011591342627070844
Tabula Sapiens,cell_type,"activated CD4-positive, alpha-beta T cell","activated cd4-positive, alpha-beta t cell",ADORA1,572,0.17482517482517482,0.0014299615286290646
Tabula Sapiens,cell_type,"activated CD4-positive, alpha-beta T cell","activated cd4-positive, alpha-beta t cell",ADORA2A,572,0.0,0.0
Tabula Sapiens,cell_type,"activated CD4-positive, alpha-beta T cell","activated cd4-positive, alpha-beta t cell",ADORA2B,572,0.5244755244755245,0.0034079088363796473
Tabula Sapiens,cell_type,"activated CD4-positive, alpha-beta T cell","activated cd4-positive, alpha-beta t cell",ADORA3,572,0.0,0.0
Tabula Sapiens,cell_type,"activated CD8-positive, alpha-beta T cell","activated cd8-positive, alpha-beta t cell",ADORA1,1147,0.08718395815170009,0.0007822603220120072
Tabula Sapiens,cell_type,"activated CD8-positive, alpha-beta T cell","activated cd8-positive, alpha-beta t cell",ADORA2A,1147,0.0,0.0
Tabula Sapiens,cell_type,"activated CD8-positive, alpha-beta T cell","activated cd8-positive, alpha-beta t cell",ADORA2B,1147,0.26155187445510025,0.002468325197696686
Tabula Sapiens,cell_type,"activated CD8-positive, alpha-beta T cell","activated cd8-positive, alpha-beta t cell",ADORA3,1147,0.0,0.0
Tabula Sapiens,cell_type,adventitial cell,adventitial cell,ADORA1,1045,0.7655502392344498,0.0029685867484658957
Tabula Sapiens,cell_type,adventitial cell,adventitial cell,ADORA2A,1045,0.19138755980861244,7.934324457892217e-06
Tabula Sapiens,cell_type,adventitial cell,adventitial cell,ADORA2B,1045,0.6698564593301436,0.005423619877547026
Tabula Sapiens,cell_type,adventitial cell,adventitial cell,ADORA3,1045,0.3827751196172249,0.0013755779946222901
Tabula Sapiens,cell_type,alveolar adventitial fibroblast,alveolar adventitial fibroblast,ADORA1,1113,1.6172506738544474,0.012275672517716885
Tabula Sapiens,cell_type,alveolar adventitial fibroblast,alveolar adventitial fibroblast,ADORA2A,1113,0.0,0.0
Tabula Sapiens,cell_type,alveolar adventitial fibroblast,alveolar adventitial fibroblast,ADORA2B,1113,0.9883198562443846,0.006762552075088024
Tabula Sapiens,cell_type,alveolar adventitial fibroblast,alveolar adventitial fibroblast,ADORA3,1113,0.17969451931716085,0.0012061295565217733
Tabula Sapiens,cell_type,basal cell,basal cell,ADORA1,33526,0.14317246316291832,0.0006904685869812965
Tabula Sapiens,cell_type,basal cell,basal cell,ADORA2A,33526,0.03281035614150212,7.48267921153456e-05
Tabula Sapiens,cell_type,basal cell,basal cell,ADORA2B,33526,31.86780409234624,0.2187090516090393
Tabula Sapiens,cell_type,basal cell,basal cell,ADORA3,33526,0.05667243333532184,0.0001737137499731034
Tabula Sapiens,cell_type,basal cell of prostate epithelium,basal cell of prostate epithelium,ADORA1,3495,0.17167381974248927,0.0007504324312321842
Tabula Sapiens,cell_type,basal cell of prostate epithelium,basal cell of prostate epithelium,ADORA2A,3495,0.028612303290414882,0.00021121790632605553
Tabula Sapiens,cell_type,basal cell of prostate epithelium,basal cell of prostate epithelium,ADORA2B,3495,4.86409155937053,0.022954778745770454
Tabula Sapiens,cell_type,basal cell of prostate epithelium,basal cell of prostate epithelium,ADORA3,3495,0.14306151645207438,0.0012497848365455866
Tabula Sapiens,cell_type,basophil,basophil,ADORA1,1669,0.7189934092270821,0.005299129523336887
Tabula Sapiens,cell_type,basophil,basophil,ADORA2A,1669,0.0,0.0
Tabula Sapiens,cell_type,basophil,basophil,ADORA2B,1669,3.834631515877771,0.03265233337879181
Tabula Sapiens,cell_type,basophil,basophil,ADORA3,1669,11.863391252246855,0.1177842915058136
Tabula Sapiens,cell_type,bladder urothelial cell,bladder urothelial cell,ADORA1,27241,0.07708968099555816,0.0003313378256279975
Tabula Sapiens,cell_type,bladder urothelial cell,bladder urothelial cell,ADORA2A,27241,0.0073418743805293485,6.855893843749072e-06
Tabula Sapiens,cell_type,bladder urothelial cell,bladder urothelial cell,ADORA2B,27241,31.063470504019676,0.15450681746006012
Tabula Sapiens,cell_type,bladder urothelial cell,bladder urothelial cell,ADORA3,27241,0.11379905289820491,0.0003044751938432455
Tabula Sapiens,cell_type,blood vessel smooth muscle cell,blood vessel smooth muscle cell,ADORA1,6642,0.22583559168925021,0.001678942353464663
Tabula Sapiens,cell_type,blood vessel smooth muscle cell,blood vessel smooth muscle cell,ADORA2A,6642,0.015055706112616682,1.0969637287416845e-06
Tabula Sapiens,cell_type,blood vessel smooth muscle cell,blood vessel smooth muscle cell,ADORA2B,6642,0.22583559168925021,0.0012053889222443104
Tabula Sapiens,cell_type,blood vessel smooth muscle cell,blood vessel smooth muscle cell,ADORA3,6642,0.0,0.0
Tabula Sapiens,cell_type,bronchial smooth muscle cell,bronchial smooth muscle cell,ADORA1,220,0.9090909090909091,0.004878486506640911
Tabula Sapiens,cell_type,bronchial smooth muscle cell,bronchial smooth muscle cell,ADORA2A,220,0.0,0.0
Tabula Sapiens,cell_type,bronchial smooth muscle cell,bronchial smooth muscle cell,ADORA2B,220,0.9090909090909091,0.012896875850856304
Tabula Sapiens,cell_type,bronchial smooth muscle cell,bronchial smooth muscle cell,ADORA3,220,0.0,0.0
Tabula Sapiens,cell_type,capillary endothelial cell,capillary endothelial cell,ADORA1,15298,0.08497842855275199,0.0004534651234280318
Tabula Sapiens,cell_type,capillary endothelial cell,capillary endothelial cell,ADORA2A,15298,0.10458883514184861,0.00038360292091965675
Tabula Sapiens,cell_type,capillary endothelial cell,capillary endothelial cell,ADORA2B,15298,0.3333769120146424,0.0023912242613732815
Tabula Sapiens,cell_type,capillary endothelial cell,capillary endothelial cell,ADORA3,15298,0.07844162635638645,0.0005564638995565474
Tabula Sapiens,cell_type,cardiac endothelial cell,cardiac endothelial cell,ADORA1,10092,0.7827982560443916,0.007910951040685177
Tabula Sapiens,cell_type,cardiac endothelial cell,cardiac endothelial cell,ADORA2A,10092,0.04954419342053111,0.00019659311510622501
Tabula Sapiens,cell_type,cardiac endothelial cell,cardiac endothelial cell,ADORA2B,10092,0.3765358699960365,0.0026314861606806517
Tabula Sapiens,cell_type,cardiac endothelial cell,cardiac endothelial cell,ADORA3,10092,0.24772096710265556,0.002164492616429925
Tabula Sapiens,cell_type,ciliated epithelial cell,ciliated epithelial cell,ADORA1,320,0.0,0.0
Tabula Sapiens,cell_type,ciliated epithelial cell,ciliated epithelial cell,ADORA2A,320,0.3125,0.0009461070294491947
Tabula Sapiens,cell_type,ciliated epithelial cell,ciliated epithelial cell,ADORA2B,320,4.375,0.010890445671975613
Tabula Sapiens,cell_type,ciliated epithelial cell,ciliated epithelial cell,ADORA3,320,0.0,0.0
Tabula Sapiens,cell_type,classical monocyte,classical monocyte,ADORA1,18200,0.20879120879120883,0.001070515252649784
Tabula Sapiens,cell_type,classical monocyte,classical monocyte,ADORA2A,18200,0.21978021978021978,0.0014532564673572779
Tabula Sapiens,cell_type,classical monocyte,classical monocyte,ADORA2B,18200,8.307692307692308,0.051736656576395035
Tabula Sapiens,cell_type,classical monocyte,classical monocyte,ADORA3,18200,6.7967032967032965,0.037285078316926956
Tabula Sapiens,cell_type,club cell,club cell,ADORA1,1747,0.11448196908986834,0.0005255746655166149
Tabula Sapiens,cell_type,club cell,club cell,ADORA2A,1747,0.0,0.0
Tabula Sapiens,cell_type,club cell,club cell,ADORA2B,1747,8.700629650829994,0.05001453682780266
Tabula Sapiens,cell_type,club cell,club cell,ADORA3,1747,0.05724098454493417,7.176784129114822e-05
Tabula Sapiens,cell_type,colon endothelial cell,colon endothelial cell,ADORA1,348,0.0,0.0
Tabula Sapiens,cell_type,colon endothelial cell,colon endothelial cell,ADORA2A,348,0.28735632183908044,0.0009102424955926836
Tabula Sapiens,cell_type,colon endothelial cell,colon endothelial cell,ADORA2B,348,0.28735632183908044,0.0010143739636987448
Tabula Sapiens,cell_type,colon endothelial cell,colon endothelial cell,ADORA3,348,0.0,0.0
Tabula Sapiens,cell_type,colon macrophage,colon macrophage,ADORA1,328,3.048780487804878,0.015848003327846527
Tabula Sapiens,cell_type,colon macrophage,colon macrophage,ADORA2A,328,0.0,0.0
Tabula Sapiens,cell_type,colon macrophage,colon macrophage,ADORA2B,328,5.487804878048781,0.03376394510269165
Tabula Sapiens,cell_type,colon macrophage,colon macrophage,ADORA3,328,40.243902439024396,0.2897321283817291
Tabula Sapiens,cell_type,common myeloid progenitor,common myeloid progenitor,ADORA1,456,0.8771929824561403,0.0013894494622945786
Tabula Sapiens,cell_type,common myeloid progenitor,common myeloid progenitor,ADORA2A,456,0.21929824561403508,0.00032726352219469845
Tabula Sapiens,cell_type,common myeloid progenitor,common myeloid progenitor,ADORA2B,456,31.140350877192986,0.09755972027778625
Tabula Sapiens,cell_type,common myeloid progenitor,common myeloid progenitor,ADORA3,456,0.6578947368421052,0.000829101714771241
Tabula Sapiens,cell_type,conjunctival epithelial cell,conjunctival epithelial cell,ADORA1,11087,0.1262740146117074,0.0007864089566282928
Tabula Sapiens,cell_type,conjunctival epithelial cell,conjunctival epithelial cell,ADORA2A,11087,0.036078289889059256,0.00024028209736570716
Tabula Sapiens,cell_type,conjunctival epithelial cell,conjunctival epithelial cell,ADORA2B,11087,18.868945611977992,0.11738232523202896
Tabula Sapiens,cell_type,conjunctival epithelial cell,conjunctival epithelial cell,ADORA3,11087,0.07215657977811851,0.0005162168527022004
Tabula Sapiens,cell_type,connective tissue cell,connective tissue cell,ADORA1,152,0.6578947368421052,0.0034746911842375994
Tabula Sapiens,cell_type,connective tissue cell,connective tissue cell,ADORA2A,152,0.0,0.0
Tabula Sapiens,cell_type,connective tissue cell,connective tissue cell,ADORA2B,152,0.0,0.0
Tabula Sapiens,cell_type,connective tissue cell,connective tissue cell,ADORA3,152,0.0,0.0
Tabula Sapiens,cell_type,corneal epithelial cell,corneal epithelial cell,ADORA1,4187,0.0,0.0
Tabula Sapiens,cell_type,corneal epithelial cell,corneal epithelial cell,ADORA2A,4187,0.0,0.0
Tabula Sapiens,cell_type,corneal epithelial cell,corneal epithelial cell,ADORA2B,4187,4.060186290900406,0.01582736149430275
Tabula Sapiens,cell_type,corneal epithelial cell,corneal epithelial cell,ADORA3,4187,0.0,0.0
Tabula Sapiens,cell_type,duct epithelial cell,duct epithelial cell,ADORA1,3889,1.4399588583183338,0.005649307742714882
Tabula Sapiens,cell_type,duct epithelial cell,duct epithelial cell,ADORA2A,3889,0.05142710208279763,0.0001420842600055039
Tabula Sapiens,cell_type,duct epithelial cell,duct epithelial cell,ADORA2B,3889,3.059912573926459,0.009364333935081959
Tabula Sapiens,cell_type,duct epithelial cell,duct epithelial cell,ADORA3,3889,0.05142710208279763,0.00013266963651403785
Tabula Sapiens,cell_type,endothelial cell,endothelial cell,ADORA1,33703,0.34121591549713676,0.0019457791931927204
Tabula Sapiens,cell_type,endothelial cell,endothelial cell,ADORA2A,33703,0.1780256950419844,0.0005248005618341267
Tabula Sapiens,cell_type,endothelial cell,endothelial cell,ADORA2B,33703,0.6260570275643118,0.003948196303099394
Tabula Sapiens,cell_type,endothelial cell,endothelial cell,ADORA3,33703,0.32341334599293836,0.0021520780865103006
Tabula Sapiens,cell_type,endothelial cell of arteriole,endothelial cell of arteriole,ADORA1,132,0.0,0.0
Tabula Sapiens,cell_type,endothelial cell of arteriole,endothelial cell of arteriole,ADORA2A,132,0.0,0.0
Tabula Sapiens,cell_type,endothelial cell of arteriole,endothelial cell of arteriole,ADORA2B,132,0.0,0.0
Tabula Sapiens,cell_type,endothelial cell of arteriole,endothelial cell of arteriole,ADORA3,132,0.7575757575757576,0.004255974665284157
Tabula Sapiens,cell_type,endothelial cell of artery,endothelial cell of artery,ADORA1,3471,0.08643042350907519,0.00039433251367881894
Tabula Sapiens,cell_type,endothelial cell of artery,endothelial cell of artery,ADORA2A,3471,0.34572169403630076,0.001719548017717898
Tabula Sapiens,cell_type,endothelial cell of artery,endothelial cell of artery,ADORA2B,3471,0.8066839527513685,0.004466714803129435
Tabula Sapiens,cell_type,endothelial cell of artery,endothelial cell of artery,ADORA3,3471,0.25929127052722556,0.0011879111407324672
Tabula Sapiens,cell_type,endothelial cell of lymphatic vessel,endothelial cell of lymphatic vessel,ADORA1,2438,0.08203445447087777,0.0004796345310751349
Tabula Sapiens,cell_type,endothelial cell of lymphatic vessel,endothelial cell of lymphatic vessel,ADORA2A,2438,0.04101722723543889,0.00046272645704448223
Tabula Sapiens,cell_type,endothelial cell of lymphatic vessel,endothelial cell of lymphatic vessel,ADORA2B,2438,0.5332239540607054,0.00284204981289804
Tabula Sapiens,cell_type,endothelial cell of lymphatic vessel,endothelial cell of lymphatic vessel,ADORA3,2438,0.08203445447087777,0.00022777383856009692
Tabula Sapiens,cell_type,endothelial cell of vascular tree,endothelial cell of vascular tree,ADORA1,875,0.5714285714285714,0.005371997132897377
Tabula Sapiens,cell_type,endothelial cell of vascular tree,endothelial cell of vascular tree,ADORA2A,875,0.2285714285714286,5.720244735130109e-05
Tabula Sapiens,cell_type,endothelial cell of vascular tree,endothelial cell of vascular tree,ADORA2B,875,0.4571428571428572,0.003264656290411949
Tabula Sapiens,cell_type,endothelial cell of vascular tree,endothelial cell of vascular tree,ADORA3,875,0.0,0.0
Tabula Sapiens,cell_type,endothelial cell of venule,endothelial cell of venule,ADORA1,52,0.0,0.0
Tabula Sapiens,cell_type,endothelial cell of venule,endothelial cell of venule,ADORA2A,52,0.0,0.0
Tabula Sapiens,cell_type,endothelial cell of venule,endothelial cell of venule,ADORA2B,52,0.0,0.0
Tabula Sapiens,cell_type,endothelial cell of venule,endothelial cell of venule,ADORA3,52,0.0,0.0
Tabula Sapiens,cell_type,enterocyte of epithelium of large intestine,enterocyte of epithelium of large intestine,ADORA1,4567,0.41602802715130277,0.0006406800821423531
Tabula Sapiens,cell_type,enterocyte of epithelium of large intestine,enterocyte of epithelium of large intestine,ADORA2A,4567,0.240858331508649,0.0003877444542013109
Tabula Sapiens,cell_type,enterocyte of epithelium of large intestine,enterocyte of epithelium of large intestine,ADORA2B,4567,9.349682504926648,0.07137637585401535
Tabula Sapiens,cell_type,enterocyte of epithelium of large intestine,enterocyte of epithelium of large intestine,ADORA3,4567,0.04379242391066346,1.317921942245448e-06
Tabula Sapiens,cell_type,enterocyte of epithelium proper of duodenum,enterocyte of epithelium proper of duodenum,ADORA1,13495,0.2667654686921082,0.0011171859223395586
Tabula Sapiens,cell_type,enterocyte of epithelium proper of duodenum,enterocyte of epithelium proper of duodenum,ADORA2A,13495,0.02223045572434235,9.251201845472679e-05
Tabula Sapiens,cell_type,enterocyte of epithelium proper of duodenum,enterocyte of epithelium proper of duodenum,ADORA2B,13495,0.2667654686921082,0.0014566496247425675
Tabula Sapiens,cell_type,enterocyte of epithelium proper of duodenum,enterocyte of epithelium proper of duodenum,ADORA3,13495,0.0,0.0
Tabula Sapiens,cell_type,enterocyte of epithelium proper of ileum,enterocyte of epithelium proper of ileum,ADORA1,6477,0.0771962328238382,0.0002179400180466473
Tabula Sapiens,cell_type,enterocyte of epithelium proper of ileum,enterocyte of epithelium proper of ileum,ADORA2A,6477,0.015439246564767639,3.6005847505293787e-05
Tabula Sapiens,cell_type,enterocyte of epithelium proper of ileum,enterocyte of epithelium proper of ileum,ADORA2B,6477,0.7102053419793114,0.0028585661202669144
Tabula Sapiens,cell_type,enterocyte of epithelium proper of ileum,enterocyte of epithelium proper of ileum,ADORA3,6477,0.04631773969430292,0.00024341994139831513
Tabula Sapiens,cell_type,enterocyte of epithelium proper of jejunum,enterocyte of epithelium proper of jejunum,ADORA1,405,0.0,0.0
Tabula Sapiens,cell_type,enterocyte of epithelium proper of jejunum,enterocyte of epithelium proper of jejunum,ADORA2A,405,0.0,0.0
Tabula Sapiens,cell_type,enterocyte of epithelium proper of jejunum,enterocyte of epithelium proper of jejunum,ADORA2B,405,0.0,0.0
Tabula Sapiens,cell_type,enterocyte of epithelium proper of jejunum,enterocyte of epithelium proper of jejunum,ADORA3,405,0.0,0.0
Tabula Sapiens,cell_type,enterocyte of epithelium proper of small intestine,enterocyte of epithelium proper of small intestine,ADORA1,1415,0.49469964664310956,0.001114886486902833
Tabula Sapiens,cell_type,enterocyte of epithelium proper of small intestine,enterocyte of epithelium proper of small intestine,ADORA2A,1415,1.2014134275618376,0.004418326076120138
Tabula Sapiens,cell_type,enterocyte of epithelium proper of small intestine,enterocyte of epithelium proper of small intestine,ADORA2B,1415,1.5547703180212016,0.005385860335081816
Tabula Sapiens,cell_type,enterocyte of epithelium proper of small intestine,enterocyte of epithelium proper of small intestine,ADORA3,1415,0.1413427561837456,0.0001265192258870229
Tabula Sapiens,cell_type,enteroendocrine cell of small intestine,enteroendocrine cell of small intestine,ADORA1,264,0.0,0.0
Tabula Sapiens,cell_type,enteroendocrine cell of small intestine,enteroendocrine cell of small intestine,ADORA2A,264,0.0,0.0
Tabula Sapiens,cell_type,enteroendocrine cell of small intestine,enteroendocrine cell of small intestine,ADORA2B,264,2.6515151515151514,0.01316039077937603
Tabula Sapiens,cell_type,enteroendocrine cell of small intestine,enteroendocrine cell of small intestine,ADORA3,264,0.0,0.0
Tabula Sapiens,cell_type,enteroglial cell,enteroglial cell,ADORA1,990,0.0,0.0
Tabula Sapiens,cell_type,enteroglial cell,enteroglial cell,ADORA2A,990,0.0,0.0
Tabula Sapiens,cell_type,enteroglial cell,enteroglial cell,ADORA2B,990,0.20202020202020202,0.0013406381476670504
Tabula Sapiens,cell_type,enteroglial cell,enteroglial cell,ADORA3,990,0.20202020202020202,0.002255059313029051
Tabula Sapiens,cell_type,epithelial cell,epithelial cell,ADORA1,1675,0.3582089552238806,0.003321181982755661
Tabula Sapiens,cell_type,epithelial cell,epithelial cell,ADORA2A,1675,0.0,0.0
Tabula Sapiens,cell_type,epithelial cell,epithelial cell,ADORA2B,1675,0.7164179104477612,0.005470792297273874
Tabula Sapiens,cell_type,epithelial cell,epithelial cell,ADORA3,1675,0.0,0.0
Tabula Sapiens,cell_type,epithelial cell of uterus,epithelial cell of uterus,ADORA1,1417,1.6231474947071278,0.004516554996371269
Tabula Sapiens,cell_type,epithelial cell of uterus,epithelial cell of uterus,ADORA2A,1417,0.0,0.0
Tabula Sapiens,cell_type,epithelial cell of uterus,epithelial cell of uterus,ADORA2B,1417,3.387438249823571,0.01742544211447239
Tabula Sapiens,cell_type,epithelial cell of uterus,epithelial cell of uterus,ADORA3,1417,0.07057163020465773,7.218809969344875e-06
Tabula Sapiens,cell_type,erythrocyte,erythrocyte,ADORA1,14611,0.03422079255355554,0.0002873757330235094
Tabula Sapiens,cell_type,erythrocyte,erythrocyte,ADORA2A,14611,0.03422079255355554,0.00014967389870435
Tabula Sapiens,cell_type,erythrocyte,erythrocyte,ADORA2B,14611,0.4106495106426665,0.0013605828862637281
Tabula Sapiens,cell_type,erythrocyte,erythrocyte,ADORA3,14611,0.03422079255355554,0.00018625028315000236
Tabula Sapiens,cell_type,erythroid progenitor cell,erythroid progenitor cell,ADORA1,971,0.20597322348094746,0.0002929024340119213
Tabula Sapiens,cell_type,erythroid progenitor cell,erythroid progenitor cell,ADORA2A,971,0.20597322348094746,0.0002751272695604712
Tabula Sapiens,cell_type,erythroid progenitor cell,erythroid progenitor cell,ADORA2B,971,26.364572605561275,0.10022466629743576
Tabula Sapiens,cell_type,erythroid progenitor cell,erythroid progenitor cell,ADORA3,971,0.0,0.0
Tabula Sapiens,cell_type,eye photoreceptor cell,eye photoreceptor cell,ADORA1,1536,0.5208333333333333,0.004111807327717543
Tabula Sapiens,cell_type,eye photoreceptor cell,eye photoreceptor cell,ADORA2A,1536,0.0,0.0
Tabula Sapiens,cell_type,eye photoreceptor cell,eye photoreceptor cell,ADORA2B,1536,0.4557291666666667,0.002702033380046487
Tabula Sapiens,cell_type,eye photoreceptor cell,eye photoreceptor cell,ADORA3,1536,0.390625,0.003887672210112214
Tabula Sapiens,cell_type,fast muscle cell,fast muscle cell,ADORA1,495,2.4242424242424243,0.01789471134543419
Tabula Sapiens,cell_type,fast muscle cell,fast muscle cell,ADORA2A,495,0.0,0.0
Tabula Sapiens,cell_type,fast muscle cell,fast muscle cell,ADORA2B,495,0.6060606060606061,0.003797024954110384
Tabula Sapiens,cell_type,fast muscle cell,fast muscle cell,ADORA3,495,0.0,0.0
Tabula Sapiens,cell_type,fibroblast,fibroblast,ADORA1,83338,0.7079603542201637,0.004135634750127792
Tabula Sapiens,cell_type,fibroblast,fibroblast,ADORA2A,83338,0.027598454486548754,9.629419218981639e-05
Tabula Sapiens,cell_type,fibroblast,fibroblast,ADORA2B,83338,1.7075043797547338,0.008543637581169605
Tabula Sapiens,cell_type,fibroblast,fibroblast,ADORA3,83338,0.1007943555160911,0.0005885182181373239
Tabula Sapiens,cell_type,fibroblast of breast,fibroblast of breast,ADORA1,5270,1.840607210626186,0.014217903837561607
Tabula Sapiens,cell_type,fibroblast of breast,fibroblast of breast,ADORA2A,5270,0.018975332068311195,0.0002858250227291137
Tabula Sapiens,cell_type,fibroblast of breast,fibroblast of breast,ADORA2B,5270,1.7647058823529411,0.01463174819946289
Tabula Sapiens,cell_type,fibroblast of breast,fibroblast of breast,ADORA3,5270,0.018975332068311195,2.2535741663887165e-05
Tabula Sapiens,cell_type,fibroblast of cardiac tissue,fibroblast of cardiac tissue,ADORA1,1947,0.6163328197226503,0.003841215278953314
Tabula Sapiens,cell_type,fibroblast of cardiac tissue,fibroblast of cardiac tissue,ADORA2A,1947,0.0,0.0
Tabula Sapiens,cell_type,fibroblast of cardiac tissue,fibroblast of cardiac tissue,ADORA2B,1947,1.848998459167951,0.011299443431198597
Tabula Sapiens,cell_type,fibroblast of cardiac tissue,fibroblast of cardiac tissue,ADORA3,1947,0.15408320493066258,0.0007083651726134121
Tabula Sapiens,cell_type,gamma-delta T cell,gamma-delta t cell,ADORA1,1977,0.0,0.0
Tabula Sapiens,cell_type,gamma-delta T cell,gamma-delta t cell,ADORA2A,1977,0.0,0.0
Tabula Sapiens,cell_type,gamma-delta T cell,gamma-delta t cell,ADORA2B,1977,0.3540718259989884,0.0035705268383026123
Tabula Sapiens,cell_type,gamma-delta T cell,gamma-delta t cell,ADORA3,1977,0.0,0.0
Tabula Sapiens,cell_type,glandular secretory epithelial cell,glandular secretory epithelial cell,ADORA1,235,3.404255319148936,0.01652141660451889
Tabula Sapiens,cell_type,glandular secretory epithelial cell,glandular secretory epithelial cell,ADORA2A,235,0.0,0.0
Tabula Sapiens,cell_type,glandular secretory epithelial cell,glandular secretory epithelial cell,ADORA2B,235,2.127659574468085,0.007788234390318394
Tabula Sapiens,cell_type,glandular secretory epithelial cell,glandular secretory epithelial cell,ADORA3,235,0.0,0.0
Tabula Sapiens,cell_type,granulocyte,granulocyte,ADORA1,769,0.3901170351105332,0.003984552342444658
Tabula Sapiens,cell_type,granulocyte,granulocyte,ADORA2A,769,0.5201560468140443,0.004593194462358952
Tabula Sapiens,cell_type,granulocyte,granulocyte,ADORA2B,769,0.6501950585175552,0.0038729016669094563
Tabula Sapiens,cell_type,granulocyte,granulocyte,ADORA3,769,0.13003901170351106,0.0015995095018297434
Tabula Sapiens,cell_type,hematopoietic cell,hematopoietic cell,ADORA1,100,1.0,0.006843643728643656
Tabula Sapiens,cell_type,hematopoietic cell,hematopoietic cell,ADORA2A,100,0.0,0.0
Tabula Sapiens,cell_type,hematopoietic cell,hematopoietic cell,ADORA2B,100,1.0,0.006711937952786684
Tabula Sapiens,cell_type,hematopoietic cell,hematopoietic cell,ADORA3,100,0.0,0.0
Tabula Sapiens,cell_type,hematopoietic precursor cell,hematopoietic precursor cell,ADORA1,2140,0.7476635514018692,0.0031635549385100603
Tabula Sapiens,cell_type,hematopoietic precursor cell,hematopoietic precursor cell,ADORA2A,2140,0.14018691588785046,0.0005210970412008464
Tabula Sapiens,cell_type,hematopoietic precursor cell,hematopoietic precursor cell,ADORA2B,2140,5.934579439252336,0.023957593366503716
Tabula Sapiens,cell_type,hematopoietic precursor cell,hematopoietic precursor cell,ADORA3,2140,1.4485981308411215,0.005348887760192156
Tabula Sapiens,cell_type,hematopoietic stem cell,hematopoietic stem cell,ADORA1,858,0.0,0.0
Tabula Sapiens,cell_type,hematopoietic stem cell,hematopoietic stem cell,ADORA2A,858,0.4662004662004662,0.002328484319150448
Tabula Sapiens,cell_type,hematopoietic stem cell,hematopoietic stem cell,ADORA2B,858,9.44055944055944,0.053848035633563995
Tabula Sapiens,cell_type,hematopoietic stem cell,hematopoietic stem cell,ADORA3,858,0.11655011655011654,0.00032668389030732214
Tabula Sapiens,cell_type,hepatic stellate cell,hepatic stellate cell,ADORA1,223,0.0,0.0
Tabula Sapiens,cell_type,hepatic stellate cell,hepatic stellate cell,ADORA2A,223,0.0,0.0
Tabula Sapiens,cell_type,hepatic stellate cell,hepatic stellate cell,ADORA2B,223,0.8968609865470852,0.006986405234783888
Tabula Sapiens,cell_type,hepatic stellate cell,hepatic stellate cell,ADORA3,223,0.0,0.0
Tabula Sapiens,cell_type,hepatocyte,hepatocyte,ADORA1,7414,0.18883193957377933,0.0007510223076678813
Tabula Sapiens,cell_type,hepatocyte,hepatocyte,ADORA2A,7414,0.21580793094146208,0.000968747481238097
Tabula Sapiens,cell_type,hepatocyte,hepatocyte,ADORA2B,7414,0.22929592662530346,0.00133927958086133
Tabula Sapiens,cell_type,hepatocyte,hepatocyte,ADORA3,7414,0.02697599136768276,0.00012797582894563675
Tabula Sapiens,cell_type,innate lymphoid cell,innate lymphoid cell,ADORA1,971,0.20597322348094746,0.0011333838338032365
Tabula Sapiens,cell_type,innate lymphoid cell,innate lymphoid cell,ADORA2A,971,1.132852729145211,0.004711805377155542
Tabula Sapiens,cell_type,innate lymphoid cell,innate lymphoid cell,ADORA2B,971,0.7209062821833162,0.00823377538472414
Tabula Sapiens,cell_type,innate lymphoid cell,innate lymphoid cell,ADORA3,971,0.5149330587023687,0.00023495651839766651
Tabula Sapiens,cell_type,intermediate monocyte,intermediate monocyte,ADORA1,5478,0.3103322380430814,0.0015525036724284291
Tabula Sapiens,cell_type,intermediate monocyte,intermediate monocyte,ADORA2A,5478,0.10952902519167579,0.0005306294187903404
Tabula Sapiens,cell_type,intermediate monocyte,intermediate monocyte,ADORA2B,5478,8.342460752099306,0.05609973892569542
Tabula Sapiens,cell_type,intermediate monocyte,intermediate monocyte,ADORA3,5478,11.829134720700987,0.07549519091844559
Tabula Sapiens,cell_type,interstitial cell of Cajal,interstitial cell of cajal,ADORA1,71,0.0,0.0
Tabula Sapiens,cell_type,interstitial cell of Cajal,interstitial cell of cajal,ADORA2A,71,0.0,0.0
Tabula Sapiens,cell_type,interstitial cell of Cajal,interstitial cell of cajal,ADORA2B,71,0.0,0.0
Tabula Sapiens,cell_type,interstitial cell of Cajal,interstitial cell of cajal,ADORA3,71,0.0,0.0
Tabula Sapiens,cell_type,intestinal crypt stem cell of colon,intestinal crypt stem cell of colon,ADORA1,1732,0.0,0.0
Tabula Sapiens,cell_type,intestinal crypt stem cell of colon,intestinal crypt stem cell of colon,ADORA2A,1732,0.0,0.0
Tabula Sapiens,cell_type,intestinal crypt stem cell of colon,intestinal crypt stem cell of colon,ADORA2B,1732,18.30254041570439,0.08927921205759048
Tabula Sapiens,cell_type,intestinal crypt stem cell of colon,intestinal crypt stem cell of colon,ADORA3,1732,0.11547344110854503,0.00037764772423543036
Tabula Sapiens,cell_type,intestinal crypt stem cell of small intestine,intestinal crypt stem cell of small intestine,ADORA1,587,0.0,0.0
Tabula Sapiens,cell_type,intestinal crypt stem cell of small intestine,intestinal crypt stem cell of small intestine,ADORA2A,587,0.0,0.0
Tabula Sapiens,cell_type,intestinal crypt stem cell of small intestine,intestinal crypt stem cell of small intestine,ADORA2B,587,3.0664395229982966,0.017751572653651237
Tabula Sapiens,cell_type,intestinal crypt stem cell of small intestine,intestinal crypt stem cell of small intestine,ADORA3,587,0.17035775127768313,0.00026889596483670175
Tabula Sapiens,cell_type,intestinal tuft cell,intestinal tuft cell,ADORA1,448,0.0,0.0
Tabula Sapiens,cell_type,intestinal tuft cell,intestinal tuft cell,ADORA2A,448,0.2232142857142857,5.2275929192546755e-05
Tabula Sapiens,cell_type,intestinal tuft cell,intestinal tuft cell,ADORA2B,448,4.6875,0.0414157472550869
Tabula Sapiens,cell_type,intestinal tuft cell,intestinal tuft cell,ADORA3,448,0.0,0.0
Tabula Sapiens,cell_type,intrahepatic cholangiocyte,intrahepatic cholangiocyte,ADORA1,665,7.518796992481203,0.05346410721540451
Tabula Sapiens,cell_type,intrahepatic cholangiocyte,intrahepatic cholangiocyte,ADORA2A,665,0.0,0.0
Tabula Sapiens,cell_type,intrahepatic cholangiocyte,intrahepatic cholangiocyte,ADORA2B,665,1.6541353383458646,0.013714399188756943
Tabula Sapiens,cell_type,intrahepatic cholangiocyte,intrahepatic cholangiocyte,ADORA3,665,0.15037593984962408,0.0014450526796281338
Tabula Sapiens,cell_type,ionocyte,ionocyte,ADORA1,160,0.625,0.0024539008736610413
Tabula Sapiens,cell_type,ionocyte,ionocyte,ADORA2A,160,0.0,0.0
Tabula Sapiens,cell_type,ionocyte,ionocyte,ADORA2B,160,0.0,0.0
Tabula Sapiens,cell_type,ionocyte,ionocyte,ADORA3,160,0.0,0.0
Tabula Sapiens,cell_type,keratocyte,keratocyte,ADORA1,1001,1.1988011988011988,0.007843961007893085
Tabula Sapiens,cell_type,keratocyte,keratocyte,ADORA2A,1001,0.0999000999000999,0.00013816145656164736
Tabula Sapiens,cell_type,keratocyte,keratocyte,ADORA2B,1001,2.897102897102897,0.01823600009083748
Tabula Sapiens,cell_type,keratocyte,keratocyte,ADORA3,1001,0.0,0.0
Tabula Sapiens,cell_type,kidney epithelial cell,kidney epithelial cell,ADORA1,9278,1.5843931881871092,0.010870232246816158
Tabula Sapiens,cell_type,kidney epithelial cell,kidney epithelial cell,ADORA2A,9278,0.010778184953653805,2.904568100348115e-05
Tabula Sapiens,cell_type,kidney epithelial cell,kidney epithelial cell,ADORA2B,9278,0.3233455486096141,0.0021541232708841562
Tabula Sapiens,cell_type,kidney epithelial cell,kidney epithelial cell,ADORA3,9278,0.04311273981461522,0.00022581695520784706
Tabula Sapiens,cell_type,large intestine goblet cell,large intestine goblet cell,ADORA1,1557,0.06422607578676942,0.0004896101308986545
Tabula Sapiens,cell_type,large intestine goblet cell,large intestine goblet cell,ADORA2A,1557,0.0,0.0
Tabula Sapiens,cell_type,large intestine goblet cell,large intestine goblet cell,ADORA2B,1557,3.917790622992935,0.03435666859149933
Tabula Sapiens,cell_type,large intestine goblet cell,large intestine goblet cell,ADORA3,1557,0.0,0.0
Tabula Sapiens,cell_type,leukocyte,leukocyte,ADORA1,201,2.4875621890547266,0.008941839449107647
Tabula Sapiens,cell_type,leukocyte,leukocyte,ADORA2A,201,5.472636815920398,0.004490702413022518
Tabula Sapiens,cell_type,leukocyte,leukocyte,ADORA2B,201,3.482587064676617,0.005613298155367374
Tabula Sapiens,cell_type,leukocyte,leukocyte,ADORA3,201,3.482587064676617,0.018402189016342163
Tabula Sapiens,cell_type,luminal cell of prostate epithelium,luminal cell of prostate epithelium,ADORA1,10652,0.04693954187007135,0.00026923720724880695
Tabula Sapiens,cell_type,luminal cell of prostate epithelium,luminal cell of prostate epithelium,ADORA2A,10652,0.00938790837401427,1.3362465324462391e-05
Tabula Sapiens,cell_type,luminal cell of prostate epithelium,luminal cell of prostate epithelium,ADORA2B,10652,1.9714607585429966,0.010069498792290688
Tabula Sapiens,cell_type,luminal cell of prostate epithelium,luminal cell of prostate epithelium,ADORA3,10652,0.15959444235824258,0.0013770500663667917
Tabula Sapiens,cell_type,luminal epithelial cell of mammary gland,luminal epithelial cell of mammary gland,ADORA1,15432,5.1386728875064795,0.02733006700873375
Tabula Sapiens,cell_type,luminal epithelial cell of mammary gland,luminal epithelial cell of mammary gland,ADORA2A,15432,0.012960082944530845,1.5530187738477252e-05
Tabula Sapiens,cell_type,luminal epithelial cell of mammary gland,luminal epithelial cell of mammary gland,ADORA2B,15432,14.981855883877657,0.09106285870075226
Tabula Sapiens,cell_type,luminal epithelial cell of mammary gland,luminal epithelial cell of mammary gland,ADORA3,15432,0.019440124416796267,9.131504339165986e-05
Tabula Sapiens,cell_type,lung multiciliated epithelial cell,lung multiciliated epithelial cell,ADORA1,1209,0.0827129859387924,0.0004832822596654296
Tabula Sapiens,cell_type,lung multiciliated epithelial cell,lung multiciliated epithelial cell,ADORA2A,1209,0.0,0.0
Tabula Sapiens,cell_type,lung multiciliated epithelial cell,lung multiciliated epithelial cell,ADORA2B,1209,17.3697270471464,0.08881154656410217
Tabula Sapiens,cell_type,lung multiciliated epithelial cell,lung multiciliated epithelial cell,ADORA3,1209,0.0827129859387924,0.00045522587606683373
Tabula Sapiens,cell_type,macrophage,macrophage,ADORA1,69072,2.2657516794069954,0.010281647555530071
Tabula Sapiens,cell_type,macrophage,macrophage,ADORA2A,69072,0.15201528839471856,0.0006465103942900896
Tabula Sapiens,cell_type,macrophage,macrophage,ADORA2B,69072,7.726719944405837,0.04306129366159439
Tabula Sapiens,cell_type,macrophage,macrophage,ADORA3,69072,21.629603891591383,0.15388210117816925
Tabula Sapiens,cell_type,male germ cell,male germ cell,ADORA1,116,4.310344827586207,0.03418472409248352
Tabula Sapiens,cell_type,male germ cell,male germ cell,ADORA2A,116,0.0,0.0
Tabula Sapiens,cell_type,male germ cell,male germ cell,ADORA2B,116,4.310344827586207,0.03803800046443939
Tabula Sapiens,cell_type,male germ cell,male germ cell,ADORA3,116,0.0,0.0
Tabula Sapiens,cell_type,mast cell,mast cell,ADORA1,6222,0.35358405657344905,0.00219121016561985
Tabula Sapiens,cell_type,mast cell,mast cell,ADORA2A,6222,0.16072002571520413,0.000256079132668674
Tabula Sapiens,cell_type,mast cell,mast cell,ADORA2B,6222,4.741240758598521,0.05121320113539696
Tabula Sapiens,cell_type,mast cell,mast cell,ADORA3,6222,8.59852137576342,0.09766099601984024
Tabula Sapiens,cell_type,mature NK T cell,mature nk t cell,ADORA1,5394,0.03707823507601038,0.00027260626666247845
Tabula Sapiens,cell_type,mature NK T cell,mature nk t cell,ADORA2A,5394,0.2410085279940675,0.0020484786946326494
Tabula Sapiens,cell_type,mature NK T cell,mature nk t cell,ADORA2B,5394,0.3151649981460882,0.0021002572029829025
Tabula Sapiens,cell_type,mature NK T cell,mature nk t cell,ADORA3,5394,0.09269558769002596,0.0007306878687813878
Tabula Sapiens,cell_type,melanocyte,melanocyte,ADORA1,234,2.1367521367521367,0.009571663103997707
Tabula Sapiens,cell_type,melanocyte,melanocyte,ADORA2A,234,0.0,0.0
Tabula Sapiens,cell_type,melanocyte,melanocyte,ADORA2B,234,1.282051282051282,0.006130478344857693
Tabula Sapiens,cell_type,melanocyte,melanocyte,ADORA3,234,0.0,0.0
Tabula Sapiens,cell_type,mesenchymal stem cell,mesenchymal stem cell,ADORA1,23499,0.14468700795778544,0.0011139576090499759
Tabula Sapiens,cell_type,mesenchymal stem cell,mesenchymal stem cell,ADORA2A,23499,0.038299502106472615,0.00011102259304607287
Tabula Sapiens,cell_type,mesenchymal stem cell,mesenchymal stem cell,ADORA2B,23499,0.7915230435337675,0.004453827627003193
Tabula Sapiens,cell_type,mesenchymal stem cell,mesenchymal stem cell,ADORA3,23499,0.07659900421294523,0.00040354017983190715
Tabula Sapiens,cell_type,mesenchymal stem cell of adipose tissue,mesenchymal stem cell of adipose tissue,ADORA1,3777,1.0060894890124437,0.004128716886043549
Tabula Sapiens,cell_type,mesenchymal stem cell of adipose tissue,mesenchymal stem cell of adipose tissue,ADORA2A,3777,0.0,0.0
Tabula Sapiens,cell_type,mesenchymal stem cell of adipose tissue,mesenchymal stem cell of adipose tissue,ADORA2B,3777,1.9592268996558113,0.006688734982162714
Tabula Sapiens,cell_type,mesenchymal stem cell of adipose tissue,mesenchymal stem cell of adipose tissue,ADORA3,3777,0.4500926661371459,0.0037597843911498785
Tabula Sapiens,cell_type,mesothelial cell,mesothelial cell,ADORA1,350,5.714285714285714,0.018293609842658043
Tabula Sapiens,cell_type,mesothelial cell,mesothelial cell,ADORA2A,350,0.5714285714285714,0.0015429833438247442
Tabula Sapiens,cell_type,mesothelial cell,mesothelial cell,ADORA2B,350,1.7142857142857144,0.005669008940458298
Tabula Sapiens,cell_type,mesothelial cell,mesothelial cell,ADORA3,350,0.2857142857142857,0.0009619700722396374
Tabula Sapiens,cell_type,microglial cell,microglial cell,ADORA1,410,2.682926829268293,0.009140118025243282
Tabula Sapiens,cell_type,microglial cell,microglial cell,ADORA2A,410,0.975609756097561,0.0019515426829457283
Tabula Sapiens,cell_type,microglial cell,microglial cell,ADORA2B,410,5.609756097560976,0.03646457940340042
Tabula Sapiens,cell_type,microglial cell,microglial cell,ADORA3,410,36.829268292682926,0.3700190782546997
Tabula Sapiens,cell_type,monocyte,monocyte,ADORA1,25753,0.5280938143128956,0.003052037674933672
Tabula Sapiens,cell_type,monocyte,monocyte,ADORA2A,25753,0.29511124917485343,0.0016283432487398386
Tabula Sapiens,cell_type,monocyte,monocyte,ADORA2B,25753,9.039723527356037,0.06328675895929337
Tabula Sapiens,cell_type,monocyte,monocyte,ADORA3,25753,5.774084572671145,0.03718680888414383
Tabula Sapiens,cell_type,mononuclear phagocyte,mononuclear phagocyte,ADORA1,5336,0.4122938530734633,0.002705504884943366
Tabula Sapiens,cell_type,mononuclear phagocyte,mononuclear phagocyte,ADORA2A,5336,0.07496251874062969,0.0002588704228401184
Tabula Sapiens,cell_type,mononuclear phagocyte,mononuclear phagocyte,ADORA2B,5336,6.634182908545727,0.04346858337521553
Tabula Sapiens,cell_type,mononuclear phagocyte,mononuclear phagocyte,ADORA3,5336,14.111694152923537,0.10390113294124603
Tabula Sapiens,cell_type,mucus secreting cell,mucus secreting cell,ADORA1,270,1.4814814814814816,0.002754281973466277
Tabula Sapiens,cell_type,mucus secreting cell,mucus secreting cell,ADORA2A,270,0.0,0.0
Tabula Sapiens,cell_type,mucus secreting cell,mucus secreting cell,ADORA2B,270,14.444444444444443,0.08178643882274628
Tabula Sapiens,cell_type,mucus secreting cell,mucus secreting cell,ADORA3,270,0.0,0.0
Tabula Sapiens,cell_type,multiciliated columnar cell of tracheobronchial tree,multiciliated columnar cell of tracheobronchial tree,ADORA1,713,0.5610098176718092,0.001910584163852036
Tabula Sapiens,cell_type,multiciliated columnar cell of tracheobronchial tree,multiciliated columnar cell of tracheobronchial tree,ADORA2A,713,0.0,0.0
Tabula Sapiens,cell_type,multiciliated columnar cell of tracheobronchial tree,multiciliated columnar cell of tracheobronchial tree,ADORA2B,713,13.744740532959327,0.0571296289563179
Tabula Sapiens,cell_type,multiciliated columnar cell of tracheobronchial tree,multiciliated columnar cell of tracheobronchial tree,ADORA3,713,0.0,0.0
Tabula Sapiens,cell_type,mural cell,mural cell,ADORA1,618,0.48543689320388345,0.004407932981848717
Tabula Sapiens,cell_type,mural cell,mural cell,ADORA2A,618,0.0,0.0
Tabula Sapiens,cell_type,mural cell,mural cell,ADORA2B,618,0.6472491909385114,0.004716109950095415
Tabula Sapiens,cell_type,mural cell,mural cell,ADORA3,618,0.0,0.0
Tabula Sapiens,cell_type,muscle cell,muscle cell,ADORA1,406,0.24630541871921183,0.001819085911847651
Tabula Sapiens,cell_type,muscle cell,muscle cell,ADORA2A,406,0.0,0.0
Tabula Sapiens,cell_type,muscle cell,muscle cell,ADORA2B,406,0.0,0.0
Tabula Sapiens,cell_type,muscle cell,muscle cell,ADORA3,406,0.0,0.0
Tabula Sapiens,cell_type,myeloid cell,myeloid cell,ADORA1,81,0.0,0.0
Tabula Sapiens,cell_type,myeloid cell,myeloid cell,ADORA2A,81,6.172839506172839,0.010975448414683342
Tabula Sapiens,cell_type,myeloid cell,myeloid cell,ADORA2B,81,4.938271604938271,0.06764324754476547
Tabula Sapiens,cell_type,myeloid cell,myeloid cell,ADORA3,81,7.4074074074074066,0.06730499863624573
Tabula Sapiens,cell_type,myeloid dendritic cell,myeloid dendritic cell,ADORA1,571,0.5253940455341506,0.0032365380320698023
Tabula Sapiens,cell_type,myeloid dendritic cell,myeloid dendritic cell,ADORA2A,571,1.926444833625219,0.0014213962713256478
Tabula Sapiens,cell_type,myeloid dendritic cell,myeloid dendritic cell,ADORA2B,571,6.47985989492119,0.04145330190658569
Tabula Sapiens,cell_type,myeloid dendritic cell,myeloid dendritic cell,ADORA3,571,8.756567425569177,0.05484781786799431
Tabula Sapiens,cell_type,myeloid leukocyte,myeloid leukocyte,ADORA1,1002,1.6966067864271457,0.01495288498699665
Tabula Sapiens,cell_type,myeloid leukocyte,myeloid leukocyte,ADORA2A,1002,0.0,0.0
Tabula Sapiens,cell_type,myeloid leukocyte,myeloid leukocyte,ADORA2B,1002,5.888223552894212,0.052413150668144226
Tabula Sapiens,cell_type,myeloid leukocyte,myeloid leukocyte,ADORA3,1002,12.77445109780439,0.12086707353591919
Tabula Sapiens,cell_type,myo-medullary thymic epithelial cell,myo-medullary thymic epithelial cell,ADORA1,77,3.896103896103896,0.01978295110166073
Tabula Sapiens,cell_type,myo-medullary thymic epithelial cell,myo-medullary thymic epithelial cell,ADORA2A,77,0.0,0.0
Tabula Sapiens,cell_type,myo-medullary thymic epithelial cell,myo-medullary thymic epithelial cell,ADORA2B,77,0.0,0.0
Tabula Sapiens,cell_type,myo-medullary thymic epithelial cell,myo-medullary thymic epithelial cell,ADORA3,77,0.0,0.0
Tabula Sapiens,cell_type,myoepithelial cell,myoepithelial cell,ADORA1,486,0.411522633744856,0.0026938370428979397
Tabula Sapiens,cell_type,myoepithelial cell,myoepithelial cell,ADORA2A,486,0.0,0.0
Tabula Sapiens,cell_type,myoepithelial cell,myoepithelial cell,ADORA2B,486,1.646090534979424,0.012362135574221611
Tabula Sapiens,cell_type,myoepithelial cell,myoepithelial cell,ADORA3,486,0.0,0.0
Tabula Sapiens,cell_type,myofibroblast cell,myofibroblast cell,ADORA1,4436,1.6005410279531107,0.010155729949474335
Tabula Sapiens,cell_type,myofibroblast cell,myofibroblast cell,ADORA2A,4436,0.045085662759242556,0.0004466644022613764
Tabula Sapiens,cell_type,myofibroblast cell,myofibroblast cell,ADORA2B,4436,2.096483318304779,0.01347703579813242
Tabula Sapiens,cell_type,myofibroblast cell,myofibroblast cell,ADORA3,4436,0.1127141568981064,0.0006485854391939938
Tabula Sapiens,cell_type,myometrial cell,myometrial cell,ADORA1,917,0.0,0.0
Tabula Sapiens,cell_type,myometrial cell,myometrial cell,ADORA2A,917,0.0,0.0
Tabula Sapiens,cell_type,myometrial cell,myometrial cell,ADORA2B,917,1.6357688113413305,0.010292479768395424
Tabula Sapiens,cell_type,myometrial cell,myometrial cell,ADORA3,917,0.0,0.0
Tabula Sapiens,cell_type,"naive thymus-derived CD4-positive, alpha-beta T cell","naive thymus-derived cd4-positive, alpha-beta t cell",ADORA1,9827,0.010176045588684237,0.00010135072079719976
Tabula Sapiens,cell_type,"naive thymus-derived CD4-positive, alpha-beta T cell","naive thymus-derived cd4-positive, alpha-beta t cell",ADORA2A,9827,1.0074285132797396,0.008772410452365875
Tabula Sapiens,cell_type,"naive thymus-derived CD4-positive, alpha-beta T cell","naive thymus-derived cd4-positive, alpha-beta t cell",ADORA2B,9827,0.3052813676605271,0.002381463535130024
Tabula Sapiens,cell_type,"naive thymus-derived CD4-positive, alpha-beta T cell","naive thymus-derived cd4-positive, alpha-beta t cell",ADORA3,9827,0.030528136766052708,0.00013108737766742706
Tabula Sapiens,cell_type,"naive thymus-derived CD8-positive, alpha-beta T cell","naive thymus-derived cd8-positive, alpha-beta t cell",ADORA1,1056,0.0,0.0
Tabula Sapiens,cell_type,"naive thymus-derived CD8-positive, alpha-beta T cell","naive thymus-derived cd8-positive, alpha-beta t cell",ADORA2A,1056,0.5681818181818182,0.005238588899374008
Tabula Sapiens,cell_type,"naive thymus-derived CD8-positive, alpha-beta T cell","naive thymus-derived cd8-positive, alpha-beta t cell",ADORA2B,1056,0.5681818181818182,0.004150861874222755
Tabula Sapiens,cell_type,"naive thymus-derived CD8-positive, alpha-beta T cell","naive thymus-derived cd8-positive, alpha-beta t cell",ADORA3,1056,0.0,0.0
Tabula Sapiens,cell_type,natural killer cell,natural killer cell,ADORA1,14231,0.08432295692502284,0.000733491440769285
Tabula Sapiens,cell_type,natural killer cell,natural killer cell,ADORA2A,14231,0.13351134846461948,0.0009152315324172378
Tabula Sapiens,cell_type,natural killer cell,natural killer cell,ADORA2B,14231,0.3302649146230061,0.002723545767366886
Tabula Sapiens,cell_type,natural killer cell,natural killer cell,ADORA3,14231,0.04216147846251142,0.00020553551439661533
Tabula Sapiens,cell_type,neuro-medullary thymic epithelial cell,neuro-medullary thymic epithelial cell,ADORA1,135,12.592592592592592,0.10333196818828583
Tabula Sapiens,cell_type,neuro-medullary thymic epithelial cell,neuro-medullary thymic epithelial cell,ADORA2A,135,0.0,0.0
Tabula Sapiens,cell_type,neuro-medullary thymic epithelial cell,neuro-medullary thymic epithelial cell,ADORA2B,135,11.11111111111111,0.10818074643611908
Tabula Sapiens,cell_type,neuro-medullary thymic epithelial cell,neuro-medullary thymic epithelial cell,ADORA3,135,0.0,0.0
Tabula Sapiens,cell_type,neuron,neuron,ADORA1,82,0.0,0.0
Tabula Sapiens,cell_type,neuron,neuron,ADORA2A,82,0.0,0.0
Tabula Sapiens,cell_type,neuron,neuron,ADORA2B,82,0.0,0.0
Tabula Sapiens,cell_type,neuron,neuron,ADORA3,82,0.0,0.0
Tabula Sapiens,cell_type,neutrophil,neutrophil,ADORA1,69539,0.19844979076489452,0.002046722685918212
Tabula Sapiens,cell_type,neutrophil,neutrophil,ADORA2A,69539,0.4903723090639785,0.0052465167827904224
Tabula Sapiens,cell_type,neutrophil,neutrophil,ADORA2B,69539,0.20851608449934572,0.002081638900563121
Tabula Sapiens,cell_type,neutrophil,neutrophil,ADORA3,69539,0.3609485324781777,0.004048930946737528
Tabula Sapiens,cell_type,non-classical monocyte,non-classical monocyte,ADORA1,1284,0.46728971962616817,0.0032060539815574884
Tabula Sapiens,cell_type,non-classical monocyte,non-classical monocyte,ADORA2A,1284,0.0778816199376947,0.00046313044731505215
Tabula Sapiens,cell_type,non-classical monocyte,non-classical monocyte,ADORA2B,1284,3.4267912772585665,0.021737007424235344
Tabula Sapiens,cell_type,non-classical monocyte,non-classical monocyte,ADORA3,1284,4.750778816199377,0.04712662845849991
Tabula Sapiens,cell_type,ovarian surface epithelial cell,ovarian surface epithelial cell,ADORA1,241,0.8298755186721992,0.0013628659071400762
Tabula Sapiens,cell_type,ovarian surface epithelial cell,ovarian surface epithelial cell,ADORA2A,241,0.0,0.0
Tabula Sapiens,cell_type,ovarian surface epithelial cell,ovarian surface epithelial cell,ADORA2B,241,2.0746887966804977,0.008549850434064865
Tabula Sapiens,cell_type,ovarian surface epithelial cell,ovarian surface epithelial cell,ADORA3,241,0.0,0.0
Tabula Sapiens,cell_type,pancreatic acinar cell,pancreatic acinar cell,ADORA1,5482,12.878511492156147,0.0339888371527195
Tabula Sapiens,cell_type,pancreatic acinar cell,pancreatic acinar cell,ADORA2A,5482,0.0,0.0
Tabula Sapiens,cell_type,pancreatic acinar cell,pancreatic acinar cell,ADORA2B,5482,1.8241517694272162,0.004448106978088617
Tabula Sapiens,cell_type,pancreatic acinar cell,pancreatic acinar cell,ADORA3,5482,0.018241517694272163,0.0001299695868510753
Tabula Sapiens,cell_type,pancreatic ductal cell,pancreatic ductal cell,ADORA1,2721,42.92539507533995,0.24481631815433502
Tabula Sapiens,cell_type,pancreatic ductal cell,pancreatic ductal cell,ADORA2A,2721,0.0,0.0
Tabula Sapiens,cell_type,pancreatic ductal cell,pancreatic ductal cell,ADORA2B,2721,6.688717383314957,0.02673386037349701
Tabula Sapiens,cell_type,pancreatic ductal cell,pancreatic ductal cell,ADORA3,2721,0.3675119441381845,0.0014924874994903803
Tabula Sapiens,cell_type,pancreatic stellate cell,pancreatic stellate cell,ADORA1,438,7.9908675799086755,0.031406812369823456
Tabula Sapiens,cell_type,pancreatic stellate cell,pancreatic stellate cell,ADORA2A,438,0.228310502283105,0.0015340092359110713
Tabula Sapiens,cell_type,pancreatic stellate cell,pancreatic stellate cell,ADORA2B,438,0.91324200913242,0.0043889242224395275
Tabula Sapiens,cell_type,pancreatic stellate cell,pancreatic stellate cell,ADORA3,438,0.228310502283105,0.0010442702332511544
Tabula Sapiens,cell_type,paneth cell of colon,paneth cell of colon,ADORA1,217,0.0,0.0
Tabula Sapiens,cell_type,paneth cell of colon,paneth cell of colon,ADORA2A,217,0.0,0.0
Tabula Sapiens,cell_type,paneth cell of colon,paneth cell of colon,ADORA2B,217,23.502304147465438,0.2030969113111496
Tabula Sapiens,cell_type,paneth cell of colon,paneth cell of colon,ADORA3,217,0.0,0.0
Tabula Sapiens,cell_type,paneth cell of epithelium of small intestine,paneth cell of epithelium of small intestine,ADORA1,1853,0.26983270372369134,0.00015496599371545017
Tabula Sapiens,cell_type,paneth cell of epithelium of small intestine,paneth cell of epithelium of small intestine,ADORA2A,1853,0.0,0.0
Tabula Sapiens,cell_type,paneth cell of epithelium of small intestine,paneth cell of epithelium of small intestine,ADORA2B,1853,0.809498111171074,0.0030999716836959124
Tabula Sapiens,cell_type,paneth cell of epithelium of small intestine,paneth cell of epithelium of small intestine,ADORA3,1853,0.0,0.0
Tabula Sapiens,cell_type,pericyte,pericyte,ADORA1,10888,0.1928728875826598,0.0011900311801582575
Tabula Sapiens,cell_type,pericyte,pericyte,ADORA2A,10888,0.11939750183688465,0.0004584921116475016
Tabula Sapiens,cell_type,pericyte,pericyte,ADORA2B,10888,4.077883908890521,0.03398091346025467
Tabula Sapiens,cell_type,pericyte,pericyte,ADORA3,10888,0.2204261572373255,0.0009881260339170694
Tabula Sapiens,cell_type,peritubular myoid cell,peritubular myoid cell,ADORA1,67,14.925373134328357,0.12125319987535477
Tabula Sapiens,cell_type,peritubular myoid cell,peritubular myoid cell,ADORA2A,67,0.0,0.0
Tabula Sapiens,cell_type,peritubular myoid cell,peritubular myoid cell,ADORA2B,67,1.4925373134328357,0.006172004621475935
Tabula Sapiens,cell_type,peritubular myoid cell,peritubular myoid cell,ADORA3,67,0.0,0.0
Tabula Sapiens,cell_type,plasma cell,plasma cell,ADORA1,27349,0.091411020512633,0.00033125243498943746
Tabula Sapiens,cell_type,plasma cell,plasma cell,ADORA2A,27349,2.2487111046107717,0.006382290739566088
Tabula Sapiens,cell_type,plasma cell,plasma cell,ADORA2B,27349,0.28154594317890963,0.0011144888121634722
Tabula Sapiens,cell_type,plasma cell,plasma cell,ADORA3,27349,0.1426011919997075,0.000617253128439188
Tabula Sapiens,cell_type,plasmacytoid dendritic cell,plasmacytoid dendritic cell,ADORA1,99,1.0101010101010102,0.007686704862862825
Tabula Sapiens,cell_type,plasmacytoid dendritic cell,plasmacytoid dendritic cell,ADORA2A,99,0.0,0.0
Tabula Sapiens,cell_type,plasmacytoid dendritic cell,plasmacytoid dendritic cell,ADORA2B,99,2.0202020202020203,0.005971876438707113
Tabula Sapiens,cell_type,plasmacytoid dendritic cell,plasmacytoid dendritic cell,ADORA3,99,6.0606060606060606,0.040727708488702774
Tabula Sapiens,cell_type,platelet,platelet,ADORA1,494,0.20242914979757085,0.002975581446662545
Tabula Sapiens,cell_type,platelet,platelet,ADORA2A,494,0.6072874493927125,0.001687323790974915
Tabula Sapiens,cell_type,platelet,platelet,ADORA2B,494,8.097165991902834,0.09500479698181152
Tabula Sapiens,cell_type,platelet,platelet,ADORA3,494,0.0,0.0
Tabula Sapiens,cell_type,progenitor cell of mammary luminal epithelium,progenitor cell of mammary luminal epithelium,ADORA1,1694,1.1216056670602124,0.008316186256706715
Tabula Sapiens,cell_type,progenitor cell of mammary luminal epithelium,progenitor cell of mammary luminal epithelium,ADORA2A,1694,0.0,0.0
Tabula Sapiens,cell_type,progenitor cell of mammary luminal epithelium,progenitor cell of mammary luminal epithelium,ADORA2B,1694,9.149940968122786,0.07592708617448807
Tabula Sapiens,cell_type,progenitor cell of mammary luminal epithelium,progenitor cell of mammary luminal epithelium,ADORA3,1694,0.0,0.0
Tabula Sapiens,cell_type,pulmonary alveolar type 1 cell,pulmonary alveolar type 1 cell,ADORA1,3116,0.09627727856225932,0.0008288073004223406
Tabula Sapiens,cell_type,pulmonary alveolar type 1 cell,pulmonary alveolar type 1 cell,ADORA2A,3116,0.0,0.0
Tabula Sapiens,cell_type,pulmonary alveolar type 1 cell,pulmonary alveolar type 1 cell,ADORA2B,3116,0.3209242618741977,0.002014684025198221
Tabula Sapiens,cell_type,pulmonary alveolar type 1 cell,pulmonary alveolar type 1 cell,ADORA3,3116,0.03209242618741977,0.00015774078201502562
Tabula Sapiens,cell_type,pulmonary alveolar type 2 cell,pulmonary alveolar type 2 cell,ADORA1,11594,1.0350181128169742,0.0028973580338060856
Tabula Sapiens,cell_type,pulmonary alveolar type 2 cell,pulmonary alveolar type 2 cell,ADORA2A,11594,0.09487666034155598,0.00014944873692002147
Tabula Sapiens,cell_type,pulmonary alveolar type 2 cell,pulmonary alveolar type 2 cell,ADORA2B,11594,22.85664999137485,0.08161456137895584
Tabula Sapiens,cell_type,pulmonary alveolar type 2 cell,pulmonary alveolar type 2 cell,ADORA3,11594,0.025875452820424357,3.7476995203178376e-05
Tabula Sapiens,cell_type,regular atrial cardiac myocyte,regular atrial cardiac myocyte,ADORA1,5816,9.07840440165062,0.03727933019399643
Tabula Sapiens,cell_type,regular atrial cardiac myocyte,regular atrial cardiac myocyte,ADORA2A,5816,0.0,0.0
Tabula Sapiens,cell_type,regular atrial cardiac myocyte,regular atrial cardiac myocyte,ADORA2B,5816,4.814305364511692,0.01800875924527645
Tabula Sapiens,cell_type,regular atrial cardiac myocyte,regular atrial cardiac myocyte,ADORA3,5816,0.0,0.0
Tabula Sapiens,cell_type,regulatory T cell,regulatory t cell,ADORA1,2649,0.1887504718761797,0.0015504710609093308
Tabula Sapiens,cell_type,regulatory T cell,regulatory t cell,ADORA2A,2649,1.3212533031332578,0.01299776416271925
Tabula Sapiens,cell_type,regulatory T cell,regulatory t cell,ADORA2B,2649,0.33975084937712347,0.0023721938487142324
Tabula Sapiens,cell_type,regulatory T cell,regulatory t cell,ADORA3,2649,0.03775009437523594,0.0004121718229725957
Tabula Sapiens,cell_type,respiratory tract goblet cell,respiratory tract goblet cell,ADORA1,1040,0.19230769230769232,0.001042004325427115
Tabula Sapiens,cell_type,respiratory tract goblet cell,respiratory tract goblet cell,ADORA2A,1040,0.09615384615384616,0.00034458813024684787
Tabula Sapiens,cell_type,respiratory tract goblet cell,respiratory tract goblet cell,ADORA2B,1040,25.576923076923073,0.1317732036113739
Tabula Sapiens,cell_type,respiratory tract goblet cell,respiratory tract goblet cell,ADORA3,1040,0.0,0.0
Tabula Sapiens,cell_type,retinal bipolar neuron,retinal bipolar neuron,ADORA1,61,13.114754098360656,0.0954480767250061
Tabula Sapiens,cell_type,retinal bipolar neuron,retinal bipolar neuron,ADORA2A,61,1.639344262295082,0.004720748867839575
Tabula Sapiens,cell_type,retinal bipolar neuron,retinal bipolar neuron,ADORA2B,61,1.639344262295082,0.008381628431379795
Tabula Sapiens,cell_type,retinal bipolar neuron,retinal bipolar neuron,ADORA3,61,3.278688524590164,0.0101166358217597
Tabula Sapiens,cell_type,retinal blood vessel endothelial cell,retinal blood vessel endothelial cell,ADORA1,2091,0.47824007651841227,0.0030099598225206137
Tabula Sapiens,cell_type,retinal blood vessel endothelial cell,retinal blood vessel endothelial cell,ADORA2A,2091,0.09564801530368246,0.0003110379329882562
Tabula Sapiens,cell_type,retinal blood vessel endothelial cell,retinal blood vessel endothelial cell,ADORA2B,2091,0.19129603060736491,0.0012704245746135712
Tabula Sapiens,cell_type,retinal blood vessel endothelial cell,retinal blood vessel endothelial cell,ADORA3,2091,0.23912003825920614,0.002391299232840538
Tabula Sapiens,cell_type,retinal pigment epithelial cell,retinal pigment epithelial cell,ADORA1,67,4.477611940298507,0.021545590832829475
Tabula Sapiens,cell_type,retinal pigment epithelial cell,retinal pigment epithelial cell,ADORA2A,67,0.0,0.0
Tabula Sapiens,cell_type,retinal pigment epithelial cell,retinal pigment epithelial cell,ADORA2B,67,25.37313432835821,0.24387647211551666
Tabula Sapiens,cell_type,retinal pigment epithelial cell,retinal pigment epithelial cell,ADORA3,67,0.0,0.0
Tabula Sapiens,cell_type,salivary gland cell,salivary gland cell,ADORA1,850,7.294117647058823,0.02709418162703514
Tabula Sapiens,cell_type,salivary gland cell,salivary gland cell,ADORA2A,850,0.1176470588235294,0.0005109714111313224
Tabula Sapiens,cell_type,salivary gland cell,salivary gland cell,ADORA2B,850,6.8235294117647065,0.02625874988734722
Tabula Sapiens,cell_type,salivary gland cell,salivary gland cell,ADORA3,850,0.2352941176470588,0.0003513932169880718
Tabula Sapiens,cell_type,sebocyte,sebocyte,ADORA1,135,3.7037037037037033,0.009858372621238232
Tabula Sapiens,cell_type,sebocyte,sebocyte,ADORA2A,135,3.7037037037037033,0.005010885652154684
Tabula Sapiens,cell_type,sebocyte,sebocyte,ADORA2B,135,25.185185185185183,0.1814078986644745
Tabula Sapiens,cell_type,sebocyte,sebocyte,ADORA3,135,1.4814814814814816,0.002021502237766981
Tabula Sapiens,cell_type,serous cell of epithelium of trachea,serous cell of epithelium of trachea,ADORA1,326,0.0,0.0
Tabula Sapiens,cell_type,serous cell of epithelium of trachea,serous cell of epithelium of trachea,ADORA2A,326,0.0,0.0
Tabula Sapiens,cell_type,serous cell of epithelium of trachea,serous cell of epithelium of trachea,ADORA2B,326,22.699386503067483,0.15801577270030975
Tabula Sapiens,cell_type,serous cell of epithelium of trachea,serous cell of epithelium of trachea,ADORA3,326,0.0,0.0
Tabula Sapiens,cell_type,skeletal muscle satellite stem cell,skeletal muscle satellite stem cell,ADORA1,6170,0.4376012965964344,0.002328377217054367
Tabula Sapiens,cell_type,skeletal muscle satellite stem cell,skeletal muscle satellite stem cell,ADORA2A,6170,0.06482982171799027,0.00018271418230142444
Tabula Sapiens,cell_type,skeletal muscle satellite stem cell,skeletal muscle satellite stem cell,ADORA2B,6170,1.880064829821718,0.012168556451797485
Tabula Sapiens,cell_type,skeletal muscle satellite stem cell,skeletal muscle satellite stem cell,ADORA3,6170,0.01620745542949757,6.747812221874483e-06
Tabula Sapiens,cell_type,slow muscle cell,slow muscle cell,ADORA1,174,0.0,0.0
Tabula Sapiens,cell_type,slow muscle cell,slow muscle cell,ADORA2A,174,0.0,0.0
Tabula Sapiens,cell_type,slow muscle cell,slow muscle cell,ADORA2B,174,0.0,0.0
Tabula Sapiens,cell_type,slow muscle cell,slow muscle cell,ADORA3,174,0.0,0.0
Tabula Sapiens,cell_type,small intestine goblet cell,small intestine goblet cell,ADORA1,2044,0.3424657534246575,0.001942712115123868
Tabula Sapiens,cell_type,small intestine goblet cell,small intestine goblet cell,ADORA2A,2044,0.14677103718199608,0.0010762759484350681
Tabula Sapiens,cell_type,small intestine goblet cell,small intestine goblet cell,ADORA2B,2044,1.761252446183953,0.008864447474479675
Tabula Sapiens,cell_type,small intestine goblet cell,small intestine goblet cell,ADORA3,2044,0.0,0.0
Tabula Sapiens,cell_type,smooth muscle cell,smooth muscle cell,ADORA1,18425,0.33649932157394846,0.0016967657720670104
Tabula Sapiens,cell_type,smooth muscle cell,smooth muscle cell,ADORA2A,18425,0.2496607869742198,0.0005859641823917627
Tabula Sapiens,cell_type,smooth muscle cell,smooth muscle cell,ADORA2B,18425,1.666214382632293,0.011608622036874294
Tabula Sapiens,cell_type,smooth muscle cell,smooth muscle cell,ADORA3,18425,0.1791044776119403,0.0010553854517638683
Tabula Sapiens,cell_type,spermatid,spermatid,ADORA1,4009,0.1746071339486156,0.000930172682274133
Tabula Sapiens,cell_type,spermatid,spermatid,ADORA2A,4009,0.02494387627837366,0.00011220616579521447
Tabula Sapiens,cell_type,spermatid,spermatid,ADORA2B,4009,0.3991020204539786,0.002190937055274844
Tabula Sapiens,cell_type,spermatid,spermatid,ADORA3,4009,3.6418059366425544,0.02574608288705349
Tabula Sapiens,cell_type,spermatocyte,spermatocyte,ADORA1,3070,2.0846905537459284,0.01345958560705185
Tabula Sapiens,cell_type,spermatocyte,spermatocyte,ADORA2A,3070,0.2280130293159609,0.00042938944534398615
Tabula Sapiens,cell_type,spermatocyte,spermatocyte,ADORA2B,3070,3.1921824104234524,0.015692729502916336
Tabula Sapiens,cell_type,spermatocyte,spermatocyte,ADORA3,3070,2.9315960912052117,0.011121285147964954
Tabula Sapiens,cell_type,spermatogonium,spermatogonium,ADORA1,64,6.25,0.034317705780267715
Tabula Sapiens,cell_type,spermatogonium,spermatogonium,ADORA2A,64,0.0,0.0
Tabula Sapiens,cell_type,spermatogonium,spermatogonium,ADORA2B,64,1.5625,0.01280131097882986
Tabula Sapiens,cell_type,spermatogonium,spermatogonium,ADORA3,64,0.0,0.0
Tabula Sapiens,cell_type,stratified squamous epithelial cell,stratified squamous epithelial cell,ADORA1,12323,0.210987584192161,0.0008039225358515978
Tabula Sapiens,cell_type,stratified squamous epithelial cell,stratified squamous epithelial cell,ADORA2A,12323,0.008114907084313883,6.595594186364906e-06
Tabula Sapiens,cell_type,stratified squamous epithelial cell,stratified squamous epithelial cell,ADORA2B,12323,14.249776840055182,0.06463028490543365
Tabula Sapiens,cell_type,stratified squamous epithelial cell,stratified squamous epithelial cell,ADORA3,12323,0.024344721252941653,0.00013034234871156514
Tabula Sapiens,cell_type,stromal cell,stromal cell,ADORA1,3458,2.2556390977443606,0.01243246253579855
Tabula Sapiens,cell_type,stromal cell,stromal cell,ADORA2A,3458,0.5494505494505495,0.0009700485970824957
Tabula Sapiens,cell_type,stromal cell,stromal cell,ADORA2B,3458,3.4412955465587043,0.02010144479572773
Tabula Sapiens,cell_type,stromal cell,stromal cell,ADORA3,3458,0.14459224985540775,0.00019996969786006957
Tabula Sapiens,cell_type,stromal cell of ovary,stromal cell of ovary,ADORA1,35003,0.03142587778190441,0.0003213951422367245
Tabula Sapiens,cell_type,stromal cell of ovary,stromal cell of ovary,ADORA2A,35003,0.002856897980173128,6.356325684464537e-06
Tabula Sapiens,cell_type,stromal cell of ovary,stromal cell of ovary,ADORA2B,35003,0.13427420506813703,0.0009015135583467782
Tabula Sapiens,cell_type,stromal cell of ovary,stromal cell of ovary,ADORA3,35003,0.005713795960346256,3.941222530556843e-05
Tabula Sapiens,cell_type,supporting cell of vestibular epithelium,supporting cell of vestibular epithelium,ADORA1,270,0.7407407407407408,0.009155464358627796
Tabula Sapiens,cell_type,supporting cell of vestibular epithelium,supporting cell of vestibular epithelium,ADORA2A,270,0.0,0.0
Tabula Sapiens,cell_type,supporting cell of vestibular epithelium,supporting cell of vestibular epithelium,ADORA2B,270,0.7407407407407408,0.004687073640525341
Tabula Sapiens,cell_type,supporting cell of vestibular epithelium,supporting cell of vestibular epithelium,ADORA3,270,0.0,0.0
Tabula Sapiens,cell_type,tendon cell,tendon cell,ADORA1,420,0.0,0.0
Tabula Sapiens,cell_type,tendon cell,tendon cell,ADORA2A,420,0.0,0.0
Tabula Sapiens,cell_type,tendon cell,tendon cell,ADORA2B,420,0.7142857142857143,0.0016110774595290422
Tabula Sapiens,cell_type,tendon cell,tendon cell,ADORA3,420,0.0,0.0
Tabula Sapiens,cell_type,theca cell,theca cell,ADORA1,1038,0.09633911368015415,2.166094191125012e-06
Tabula Sapiens,cell_type,theca cell,theca cell,ADORA2A,1038,0.0,0.0
Tabula Sapiens,cell_type,theca cell,theca cell,ADORA2B,1038,2.119460500963391,0.006284581497311592
Tabula Sapiens,cell_type,theca cell,theca cell,ADORA3,1038,0.0,0.0
Tabula Sapiens,cell_type,thymic fibroblast type 1,thymic fibroblast type 1,ADORA1,3270,0.7339449541284404,0.003769878763705492
Tabula Sapiens,cell_type,thymic fibroblast type 1,thymic fibroblast type 1,ADORA2A,3270,0.09174311926605505,0.0004628633032552898
Tabula Sapiens,cell_type,thymic fibroblast type 1,thymic fibroblast type 1,ADORA2B,3270,1.1009174311926606,0.005506312940269709
Tabula Sapiens,cell_type,thymic fibroblast type 1,thymic fibroblast type 1,ADORA3,3270,0.06116207951070336,0.0003635454340837896
Tabula Sapiens,cell_type,thymic fibroblast type 2,thymic fibroblast type 2,ADORA1,4205,0.1902497027348395,0.0010084551759064198
Tabula Sapiens,cell_type,thymic fibroblast type 2,thymic fibroblast type 2,ADORA2A,4205,0.04756242568370987,0.00018369470490142703
Tabula Sapiens,cell_type,thymic fibroblast type 2,thymic fibroblast type 2,ADORA2B,4205,1.2604042806183116,0.007272194605320692
Tabula Sapiens,cell_type,thymic fibroblast type 2,thymic fibroblast type 2,ADORA3,4205,0.04756242568370987,0.0003670297155622393
Tabula Sapiens,cell_type,thymocyte,thymocyte,ADORA1,455,0.43956043956043955,0.0036513223312795162
Tabula Sapiens,cell_type,thymocyte,thymocyte,ADORA2A,455,1.7582417582417582,0.020575951784849167
Tabula Sapiens,cell_type,thymocyte,thymocyte,ADORA2B,455,1.3186813186813187,0.008837322704494
Tabula Sapiens,cell_type,thymocyte,thymocyte,ADORA3,455,0.0,0.0
Tabula Sapiens,cell_type,tissue-resident macrophage,tissue-resident macrophage,ADORA1,1355,1.4022140221402213,0.008416742086410522
Tabula Sapiens,cell_type,tissue-resident macrophage,tissue-resident macrophage,ADORA2A,1355,0.0,0.0
Tabula Sapiens,cell_type,tissue-resident macrophage,tissue-resident macrophage,ADORA2B,1355,2.2878228782287824,0.017381832003593445
Tabula Sapiens,cell_type,tissue-resident macrophage,tissue-resident macrophage,ADORA3,1355,34.981549815498155,0.33311715722084045
Tabula Sapiens,cell_type,tongue muscle cell,tongue muscle cell,ADORA1,202,1.4851485148514851,0.013228287920355797
Tabula Sapiens,cell_type,tongue muscle cell,tongue muscle cell,ADORA2A,202,0.0,0.0
Tabula Sapiens,cell_type,tongue muscle cell,tongue muscle cell,ADORA2B,202,0.9900990099009901,0.01147216372191906
Tabula Sapiens,cell_type,tongue muscle cell,tongue muscle cell,ADORA3,202,0.0,0.0
Tabula Sapiens,cell_type,tracheal goblet cell,tracheal goblet cell,ADORA1,232,0.8620689655172413,0.009294552728533745
Tabula Sapiens,cell_type,tracheal goblet cell,tracheal goblet cell,ADORA2A,232,0.43103448275862066,0.00028854492120444775
Tabula Sapiens,cell_type,tracheal goblet cell,tracheal goblet cell,ADORA2B,232,5.172413793103448,0.054224979132413864
Tabula Sapiens,cell_type,tracheal goblet cell,tracheal goblet cell,ADORA3,232,0.43103448275862066,4.2627481889212504e-05
Tabula Sapiens,cell_type,transit amplifying cell of colon,transit amplifying cell of colon,ADORA1,237,0.0,0.0
Tabula Sapiens,cell_type,transit amplifying cell of colon,transit amplifying cell of colon,ADORA2A,237,0.0,0.0
Tabula Sapiens,cell_type,transit amplifying cell of colon,transit amplifying cell of colon,ADORA2B,237,13.924050632911392,0.08458901941776276
Tabula Sapiens,cell_type,transit amplifying cell of colon,transit amplifying cell of colon,ADORA3,237,0.0,0.0
Tabula Sapiens,cell_type,tuft cell of colon,tuft cell of colon,ADORA1,178,0.0,0.0
Tabula Sapiens,cell_type,tuft cell of colon,tuft cell of colon,ADORA2A,178,1.1235955056179776,0.0002865169371943921
Tabula Sapiens,cell_type,tuft cell of colon,tuft cell of colon,ADORA2B,178,2.8089887640449436,0.0283106230199337
Tabula Sapiens,cell_type,tuft cell of colon,tuft cell of colon,ADORA3,178,0.0,0.0
Tabula Sapiens,cell_type,type B pancreatic cell,type b pancreatic cell,ADORA1,102,1.9607843137254901,0.005393903702497482
Tabula Sapiens,cell_type,type B pancreatic cell,type b pancreatic cell,ADORA2A,102,0.0,0.0
Tabula Sapiens,cell_type,type B pancreatic cell,type b pancreatic cell,ADORA2B,102,0.0,0.0
Tabula Sapiens,cell_type,type B pancreatic cell,type b pancreatic cell,ADORA3,102,0.0,0.0
Tabula Sapiens,cell_type,vascular associated smooth muscle cell,vascular associated smooth muscle cell,ADORA1,5019,0.35863717872086076,0.003412701888009906
Tabula Sapiens,cell_type,vascular associated smooth muscle cell,vascular associated smooth muscle cell,ADORA2A,5019,0.059772863120143446,0.00037700755638070405
Tabula Sapiens,cell_type,vascular associated smooth muscle cell,vascular associated smooth muscle cell,ADORA2B,5019,0.7172743574417215,0.005780784413218498
Tabula Sapiens,cell_type,vascular associated smooth muscle cell,vascular associated smooth muscle cell,ADORA3,5019,0.019924287706714484,7.854933937778696e-05
Tabula Sapiens,cell_type,vein endothelial cell,vein endothelial cell,ADORA1,4698,0.14899957428693061,0.00047921561053954065
Tabula Sapiens,cell_type,vein endothelial cell,vein endothelial cell,ADORA2A,4698,0.08514261387824607,0.00022880700998939574
Tabula Sapiens,cell_type,vein endothelial cell,vein endothelial cell,ADORA2B,4698,0.70242656449553,0.002859199419617653
Tabula Sapiens,cell_type,vein endothelial cell,vein endothelial cell,ADORA3,4698,0.29799914857386123,0.0016959799686446786
Tabula Sapiens,cell_type,ventricular cardiac muscle cell,ventricular cardiac muscle cell,ADORA1,2599,7.310504040015391,0.03403233736753464
Tabula Sapiens,cell_type,ventricular cardiac muscle cell,ventricular cardiac muscle cell,ADORA2A,2599,0.038476337052712584,0.00010501517681404948
Tabula Sapiens,cell_type,ventricular cardiac muscle cell,ventricular cardiac muscle cell,ADORA2B,2599,4.501731435167372,0.018260132521390915
Tabula Sapiens,cell_type,ventricular cardiac muscle cell,ventricular cardiac muscle cell,ADORA3,2599,0.07695267410542517,0.0008857065113261342
Tabula Sapiens,tissue_in_publication,Bladder,bladder,ADORA1,66385,0.3268810725314453,0.0018605692312121391
Tabula Sapiens,tissue_in_publication,Bladder,bladder,ADORA2A,66385,0.08285004142502071,0.00032073742477223277
Tabula Sapiens,tissue_in_publication,Bladder,bladder,ADORA2B,66385,15.175114860284703,0.079586461186409
Tabula Sapiens,tissue_in_publication,Bladder,bladder,ADORA3,66385,1.9025382239963848,0.015024011954665184
Tabula Sapiens,tissue_in_publication,Blood,blood,ADORA1,85233,0.11967195804441942,0.0008555850363336504
Tabula Sapiens,tissue_in_publication,Blood,blood,ADORA2A,85233,0.24051717057947036,0.0021087354980409145
Tabula Sapiens,tissue_in_publication,Blood,blood,ADORA2B,85233,1.892459493388711,0.010530035942792892
Tabula Sapiens,tissue_in_publication,Blood,blood,ADORA3,85233,1.619091197071557,0.009165345691144466
Tabula Sapiens,tissue_in_publication,Bone_Marrow,bone_marrow,ADORA1,27112,0.3245795219828858,0.0022535743191838264
Tabula Sapiens,tissue_in_publication,Bone_Marrow,bone_marrow,ADORA2A,27112,1.0179994098554146,0.0075180260464549065
Tabula Sapiens,tissue_in_publication,Bone_Marrow,bone_marrow,ADORA2B,27112,2.9912953673650042,0.013323778286576271
Tabula Sapiens,tissue_in_publication,Bone_Marrow,bone_marrow,ADORA3,27112,1.1729123635290646,0.006932949647307396
Tabula Sapiens,tissue_in_publication,Ear,ear,ADORA1,3055,2.7823240589198037,0.01793508045375347
Tabula Sapiens,tissue_in_publication,Ear,ear,ADORA2A,3055,0.0,0.0
Tabula Sapiens,tissue_in_publication,Ear,ear,ADORA2B,3055,5.466448445171849,0.03052666038274765
Tabula Sapiens,tissue_in_publication,Ear,ear,ADORA3,3055,3.6661211129296234,0.02246556058526039
Tabula Sapiens,tissue_in_publication,Eye,eye,ADORA1,34273,0.4930995244069676,0.0031315148808062077
Tabula Sapiens,tissue_in_publication,Eye,eye,ADORA2A,34273,0.06419047063285968,0.000266819290118292
Tabula Sapiens,tissue_in_publication,Eye,eye,ADORA2B,34273,7.218510197531584,0.044600557535886765
Tabula Sapiens,tissue_in_publication,Eye,eye,ADORA3,34273,1.0416362734514049,0.009683400392532349
Tabula Sapiens,tissue_in_publication,Fat,fat,ADORA1,94415,0.2425462055817402,0.0012416308745741844
Tabula Sapiens,tissue_in_publication,Fat,fat,ADORA2A,94415,0.06672668537838268,0.0004234947555232793
Tabula Sapiens,tissue_in_publication,Fat,fat,ADORA2B,94415,1.2243817190065138,0.007105891592800617
Tabula Sapiens,tissue_in_publication,Fat,fat,ADORA3,94415,4.200603717629614,0.03005874715745449
Tabula Sapiens,tissue_in_publication,Heart,heart,ADORA1,25832,3.236296066893775,0.015903078019618988
Tabula Sapiens,tissue_in_publication,Heart,heart,ADORA2A,25832,0.04645401052957572,0.000258805463090539
Tabula Sapiens,tissue_in_publication,Heart,heart,ADORA2B,25832,3.8324558686899968,0.02548900432884693
Tabula Sapiens,tissue_in_publication,Heart,heart,ADORA3,25832,1.2310312790337568,0.01129932701587677
Tabula Sapiens,tissue_in_publication,Kidney,kidney,ADORA1,11376,1.3888888888888888,0.009640157222747803
Tabula Sapiens,tissue_in_publication,Kidney,kidney,ADORA2A,11376,0.043952180028129395,0.0002127609623130411
Tabula Sapiens,tissue_in_publication,Kidney,kidney,ADORA2B,11376,0.5537974683544303,0.004425148479640484
Tabula Sapiens,tissue_in_publication,Kidney,kidney,ADORA3,11376,0.39556962025316456,0.0024838491808623075
Tabula Sapiens,tissue_in_publication,Large_Intestine,large_intestine,ADORA1,30084,0.31578247573460977,0.0020560864359140396
Tabula Sapiens,tissue_in_publication,Large_Intestine,large_intestine,ADORA2A,30084,0.11634091211275097,0.00042939031845889986
Tabula Sapiens,tissue_in_publication,Large_Intestine,large_intestine,ADORA2B,30084,3.8093338651775026,0.027242055162787437
Tabula Sapiens,tissue_in_publication,Large_Intestine,large_intestine,ADORA3,30084,0.7046935247972343,0.005672149360179901
Tabula Sapiens,tissue_in_publication,Liver,liver,ADORA1,22214,0.8373098046277122,0.00558747723698616
Tabula Sapiens,tissue_in_publication,Liver,liver,ADORA2A,22214,0.21157828396506706,0.0010575474007055163
Tabula Sapiens,tissue_in_publication,Liver,liver,ADORA2B,22214,3.0386242909876655,0.028106244280934334
Tabula Sapiens,tissue_in_publication,Liver,liver,ADORA3,22214,3.4752858557666335,0.027123361825942993
Tabula Sapiens,tissue_in_publication,Lung,lung,ADORA1,65847,1.5581575470408675,0.006338665261864662
Tabula Sapiens,tissue_in_publication,Lung,lung,ADORA2A,65847,0.06530289914498763,0.00015666999388486147
Tabula Sapiens,tissue_in_publication,Lung,lung,ADORA2B,65847,11.103011526721035,0.051910754293203354
Tabula Sapiens,tissue_in_publication,Lung,lung,ADORA3,65847,4.73977554026759,0.034247878938913345
Tabula Sapiens,tissue_in_publication,Lymph_Node,lymph_node,ADORA1,129062,0.09530303265097395,0.0005796891055069864
Tabula Sapiens,tissue_in_publication,Lymph_Node,lymph_node,ADORA2A,129062,0.6190823015294974,0.0054963016882538795
Tabula Sapiens,tissue_in_publication,Lymph_Node,lymph_node,ADORA2B,129062,0.5369512327408532,0.00408356124535203
Tabula Sapiens,tissue_in_publication,Lymph_Node,lymph_node,ADORA3,129062,0.49898498396119695,0.0032240641303360462
Tabula Sapiens,tissue_in_publication,Mammary,mammary,ADORA1,30936,3.009438841479183,0.01708635874092579
Tabula Sapiens,tissue_in_publication,Mammary,mammary,ADORA2A,30936,0.02585983966899405,0.00011440761591074988
Tabula Sapiens,tissue_in_publication,Mammary,mammary,ADORA2B,30936,8.8085078872511,0.05655901879072189
Tabula Sapiens,tissue_in_publication,Mammary,mammary,ADORA3,30936,0.21011119731057668,0.0020130279008299112
Tabula Sapiens,tissue_in_publication,Muscle,muscle,ADORA1,46772,0.2522876934918327,0.0015857114922255278
Tabula Sapiens,tissue_in_publication,Muscle,muscle,ADORA2A,46772,0.09621140853502096,0.00030723505187779665
Tabula Sapiens,tissue_in_publication,Muscle,muscle,ADORA2B,46772,1.7403574788334901,0.012619529850780964
Tabula Sapiens,tissue_in_publication,Muscle,muscle,ADORA3,46772,0.9450098349439835,0.006810782011598349
Tabula Sapiens,tissue_in_publication,Ovary,ovary,ADORA1,48951,0.17772874915732056,0.0009246072149835527
Tabula Sapiens,tissue_in_publication,Ovary,ovary,ADORA2A,48951,0.13278584707156135,0.00019117705232929438
Tabula Sapiens,tissue_in_publication,Ovary,ovary,ADORA2B,48951,0.34728606157177583,0.0017566327005624771
Tabula Sapiens,tissue_in_publication,Ovary,ovary,ADORA3,48951,0.3268574697146126,0.002085920423269272
Tabula Sapiens,tissue_in_publication,Pancreas,pancreas,ADORA1,14140,13.910891089108912,0.06363347917795181
Tabula Sapiens,tissue_in_publication,Pancreas,pancreas,ADORA2A,14140,0.03536067892503536,0.0002817433560267091
Tabula Sapiens,tissue_in_publication,Pancreas,pancreas,ADORA2B,14140,4.335219236209335,0.022869665175676346
Tabula Sapiens,tissue_in_publication,Pancreas,pancreas,ADORA3,14140,5.042432814710042,0.03676437586545944
Tabula Sapiens,tissue_in_publication,Prostate,prostate,ADORA1,21030,0.25677603423680456,0.001399913802742958
Tabula Sapiens,tissue_in_publication,Prostate,prostate,ADORA2A,21030,0.028530670470756064,0.00018566536891739815
Tabula Sapiens,tissue_in_publication,Prostate,prostate,ADORA2B,21030,2.1445553970518305,0.0106502128764987
Tabula Sapiens,tissue_in_publication,Prostate,prostate,ADORA3,21030,3.518782691393248,0.03129487484693527
Tabula Sapiens,tissue_in_publication,Salivary_Gland,salivary_gland,ADORA1,39821,1.3259335526481002,0.005564575549215078
Tabula Sapiens,tissue_in_publication,Salivary_Gland,salivary_gland,ADORA2A,39821,0.10044951156425001,0.00039375395863316953
Tabula Sapiens,tissue_in_publication,Salivary_Gland,salivary_gland,ADORA2B,39821,1.5419000025112377,0.006930853705853224
Tabula Sapiens,tissue_in_publication,Salivary_Gland,salivary_gland,ADORA3,39821,3.568468898319982,0.030179357156157494
Tabula Sapiens,tissue_in_publication,Skin,skin,ADORA1,17786,0.15180479028449342,0.0007621601107530296
Tabula Sapiens,tissue_in_publication,Skin,skin,ADORA2A,17786,0.5791071629371415,0.0017867167480289936
Tabula Sapiens,tissue_in_publication,Skin,skin,ADORA2B,17786,1.8385246823344203,0.015024157240986824
Tabula Sapiens,tissue_in_publication,Skin,skin,ADORA3,17786,1.1357247273136175,0.013642587698996067
Tabula Sapiens,tissue_in_publication,Small_Intestine,small_intestine,ADORA1,42036,0.20220763155390617,0.0008852959144860506
Tabula Sapiens,tissue_in_publication,Small_Intestine,small_intestine,ADORA2A,42036,0.10229327243315253,0.00034466260694898665
Tabula Sapiens,tissue_in_publication,Small_Intestine,small_intestine,ADORA2B,42036,0.6851270339708821,0.004031495191156864
Tabula Sapiens,tissue_in_publication,Small_Intestine,small_intestine,ADORA3,42036,0.35921591017223337,0.0024519283324480057
Tabula Sapiens,tissue_in_publication,Spleen,spleen,ADORA1,70448,0.5422439245968658,0.0029598777182400227
Tabula Sapiens,tissue_in_publication,Spleen,spleen,ADORA2A,70448,0.9098909834203951,0.006661408115178347
Tabula Sapiens,tissue_in_publication,Spleen,spleen,ADORA2B,70448,1.5003974562798092,0.009775117039680481
Tabula Sapiens,tissue_in_publication,Spleen,spleen,ADORA3,70448,1.4038723597547127,0.007249722257256508
Tabula Sapiens,tissue_in_publication,Stomach,stomach,ADORA1,33064,0.25707718364384224,0.0016365828923881054
Tabula Sapiens,tissue_in_publication,Stomach,stomach,ADORA2A,33064,0.06048874909266877,0.00024729533470235765
Tabula Sapiens,tissue_in_publication,Stomach,stomach,ADORA2B,33064,2.4135010887974837,0.018465133383870125
Tabula Sapiens,tissue_in_publication,Stomach,stomach,ADORA3,33064,3.568836196467457,0.028176112100481987
Tabula Sapiens,tissue_in_publication,Testis,testis,ADORA1,7513,1.211233861307068,0.008030264638364315
Tabula Sapiens,tissue_in_publication,Testis,testis,ADORA2A,7513,0.10648209769732464,0.0002353334566578269
Tabula Sapiens,tissue_in_publication,Testis,testis,ADORA2B,7513,1.610541727672035,0.008332937024533749
Tabula Sapiens,tissue_in_publication,Testis,testis,ADORA3,7513,3.2876347664048984,0.019650978967547417
Tabula Sapiens,tissue_in_publication,Thymus,thymus,ADORA1,42729,0.2293524304336633,0.0012707384303212166
Tabula Sapiens,tissue_in_publication,Thymus,thymus,ADORA2A,42729,1.2918626693814506,0.009906958788633347
Tabula Sapiens,tissue_in_publication,Thymus,thymus,ADORA2B,42729,0.8869854197383511,0.00558813801035285
Tabula Sapiens,tissue_in_publication,Thymus,thymus,ADORA3,42729,0.620187694540008,0.0037487533409148455
Tabula Sapiens,tissue_in_publication,Tongue,tongue,ADORA1,38754,0.46446818392940087,0.0025405772030353546
Tabula Sapiens,tissue_in_publication,Tongue,tongue,ADORA2A,38754,0.036125303194508955,0.00023351219715550542
Tabula Sapiens,tissue_in_publication,Tongue,tongue,ADORA2B,38754,19.90762243897404,0.11405352503061295
Tabula Sapiens,tissue_in_publication,Tongue,tongue,ADORA3,38754,0.61671053310626,0.00500343507155776
Tabula Sapiens,tissue_in_publication,Trachea,trachea,ADORA1,22671,0.6131180803669887,0.0032295009586960077
Tabula Sapiens,tissue_in_publication,Trachea,trachea,ADORA2A,22671,0.2470116007233911,0.002147418214008212
Tabula Sapiens,tissue_in_publication,Trachea,trachea,ADORA2B,22671,17.89951920956288,0.1455458104610443
Tabula Sapiens,tissue_in_publication,Trachea,trachea,ADORA3,22671,0.4278593798244453,0.0029154971707612276
Tabula Sapiens,tissue_in_publication,Uterus,uterus,ADORA1,22029,0.6264469562848972,0.003901124931871891
Tabula Sapiens,tissue_in_publication,Uterus,uterus,ADORA2A,22029,0.13164465023378275,0.0007704809540882707
Tabula Sapiens,tissue_in_publication,Uterus,uterus,ADORA2B,22029,1.4844069181533435,0.009892888367176056
Tabula Sapiens,tissue_in_publication,Uterus,uterus,ADORA3,22029,0.45848654046938125,0.002938368823379278
Tabula Sapiens,tissue_in_publication,Vasculature,vasculature,ADORA1,42650,0.4501758499413834,0.0019362900638952851
Tabula Sapiens,tissue_in_publication,Vasculature,vasculature,ADORA2A,42650,0.06096131301289566,0.00029031839221715927
Tabula Sapiens,tissue_in_publication,Vasculature,vasculature,ADORA2B,42650,1.81242672919109,0.008611886762082577
Tabula Sapiens,tissue_in_publication,Vasculature,vasculature,ADORA3,42650,6.75029308323564,0.04341210424900055
