EntryID,taxonomyID,taxon_name,umap_x,umap_y,kmeans_cluster
F4K9K2,3702,A. thaliana,10.399106,3.0733082,6
Q93ZY2,3702,A. thaliana,6.671152,4.9388185,14
Q9SK32,3702,A. thaliana,7.8609996,7.352544,1
Q9SGS2,3702,A. thaliana,10.823059,3.150459,6
Q9M8J3,3702,A. thaliana,10.49915,6.331583,19
Q8L7B5,3702,A. thaliana,13.609813,8.956782,13
O64490,3702,A. thaliana,13.530886,7.668879,13
Q9SJX8,3702,A. thaliana,14.138767,6.8493357,18
Q9XFM6,3702,A. thaliana,11.309342,7.453523,0
Q8L840,3702,A. thaliana,10.607945,3.6588247,6
O04590,3702,A. thaliana,13.421842,8.730702,12
Q3EDL4,3702,A. thaliana,14.987844,6.3486385,17
P46639,3702,A. thaliana,13.29084,7.4405494,13
Q6LA43,3702,A. thaliana,7.4278374,14.288954,2
P47998,3702,A. thaliana,11.841258,5.3258157,11
Q9M1Y7,3702,A. thaliana,13.32061,5.4311566,11
Q9ZS97,3702,A. thaliana,13.83495,5.425558,12
Q6LA42,3702,A. thaliana,9.980563,8.212035,17
Q07488,3702,A. thaliana,9.161767,5.762897,11
Q9FHF4,3702,A. thaliana,10.832094,6.802352,0
Q9XFR9,3702,A. thaliana,13.100232,4.1369996,13
Q9FLZ5,3702,A. thaliana,10.324751,4.316805,16
Q9ZW27,3702,A. thaliana,3.544497,-3.5670364,17
Q9ZVQ6,3702,A. thaliana,12.157925,2.0084732,10
Q9FHB8,3702,A. thaliana,13.4271145,8.1230955,13
Q9FLZ6,3702,A. thaliana,11.631475,4.1086235,11
Q9LYT3,3702,A. thaliana,14.040048,7.651633,13
Q6ID97,3702,A. thaliana,7.591199,16.482187,3
Q9M1J7,3702,A. thaliana,13.7263565,3.787047,15
Q7XA67,3702,A. thaliana,8.891934,7.268963,19
O04046,3702,A. thaliana,12.334536,6.161024,15
Q38827,3702,A. thaliana,12.343682,3.3487103,17
F4HUN4,3702,A. thaliana,11.063419,3.736825,9
Q9M1Z3,3702,A. thaliana,11.062877,7.684214,19
Q84K46,3702,A. thaliana,11.490494,9.908999,6
Q9ZVC7,3702,A. thaliana,9.7592535,5.827848,17
Q940L5,3702,A. thaliana,10.029748,5.2969356,19
Q949S5,3702,A. thaliana,10.692091,6.2123284,17
F4I312,3702,A. thaliana,9.950419,2.9878173,8
Q93VT9,3702,A. thaliana,10.478675,10.587575,2
Q9LEW3,3702,A. thaliana,9.451858,8.3622875,2
A8MR03,3702,A. thaliana,7.5143666,8.905397,16
Q93Z08,3702,A. thaliana,1.1154939,-3.1720595,3
Q9SVR1,3702,A. thaliana,14.578591,5.5489125,17
O80990,3702,A. thaliana,13.001723,5.918213,12
Q93ZV7,3702,A. thaliana,13.386818,4.910245,12
Q9M8Z5,3702,A. thaliana,11.539528,7.5187054,0
F4IF36,3702,A. thaliana,16.956545,9.75495,15
Q5E915,3702,A. thaliana,7.4335523,14.281006,0
O80831,3702,A. thaliana,12.161196,16.408432,18
Q56X52,3702,A. thaliana,14.371691,10.555044,17
F4KDM9,3702,A. thaliana,10.666593,7.0802875,17
Q94AY1,3702,A. thaliana,8.394953,8.1294365,16
F4J819,3702,A. thaliana,10.640985,4.5188217,15
Q9LZH9,3702,A. thaliana,9.870972,10.688993,2
Q9LPZ0,3702,A. thaliana,14.015009,7.7911916,13
P46644,3702,A. thaliana,4.7649755,1.9671216,14
Q9C5V6,3702,A. thaliana,9.593078,8.576594,0
Q9C9I5,3702,A. thaliana,9.512261,6.448398,15
Q8L9M7,3702,A. thaliana,13.483706,8.156959,13
Q9ZUG4,3702,A. thaliana,10.1964035,7.978114,15
F4KHU8,3702,A. thaliana,12.343527,6.3578043,0
Q9LQP9,3702,A. thaliana,8.400852,6.6098814,19
Q8RXN6,3702,A. thaliana,4.9327884,1.9683695,14
Q94KD3,3702,A. thaliana,12.374316,3.3973315,17
Q6NQ74,3702,A. thaliana,8.952266,7.4867754,2
Q8L7W0,3702,A. thaliana,11.042035,4.0943265,6
Q39237,3702,A. thaliana,12.830149,7.6381545,13
O80654,3702,A. thaliana,14.688339,6.6916137,12
O22775,3702,A. thaliana,11.597892,7.4343867,18
Q9SL41,3702,A. thaliana,8.706929,17.377214,17
F4JY76,3702,A. thaliana,10.424959,10.474937,2
Q9LVW4,3702,A. thaliana,4.8149233,1.9691943,14
Q9SCT4,3702,A. thaliana,12.741666,7.8690357,13
P49227,3702,A. thaliana,9.623887,2.3807616,5
Q8LDL0,3702,A. thaliana,9.666907,6.51987,0
Q9FH98,3702,A. thaliana,8.603241,7.5920563,2
Q9SK09,3702,A. thaliana,14.789499,4.8227224,12
Q9FYE1,3702,A. thaliana,6.69214,8.668816,15
Q9SZ83,3702,A. thaliana,9.115686,5.93904,18
Q9FKD7,3702,A. thaliana,10.580042,10.818851,2
P0CJ46,3702,A. thaliana,9.430975,3.78905,8
O23277,3702,A. thaliana,14.485688,5.1600275,12
Q9LI84,3702,A. thaliana,11.025947,0.3651551,19
Q8S929,3702,A. thaliana,9.780668,2.8663507,8
Q949Z3,3702,A. thaliana,14.660459,4.8902636,12
Q9FN19,3702,A. thaliana,8.394663,4.416372,19
P48523,3702,A. thaliana,8.32037,8.636978,16
Q94KB4,3702,A. thaliana,8.406406,7.2177563,19
Q9SID1,3702,A. thaliana,14.284669,6.5659018,17
Q8LF20,3702,A. thaliana,7.7359786,5.172141,0
Q94K07,3702,A. thaliana,10.356193,6.895385,2
Q8GWT7,3702,A. thaliana,12.652552,6.4617596,11
C0LGT6,3702,A. thaliana,11.052958,5.8720484,15
P24101,3702,A. thaliana,13.9058895,8.08098,13
O23049,3702,A. thaliana,10.187864,10.0804,2
Q9M297,3702,A. thaliana,9.128592,7.469831,2
Q9ZSL6,3702,A. thaliana,14.196101,5.4844804,12
F4HXP9,3702,A. thaliana,8.748419,7.6036873,2
Q9FFT9,3702,A. thaliana,13.34662,10.157162,15
Q9SXD8,3702,A. thaliana,3.1058922,1.7847606,16
Q9LVQ9,3702,A. thaliana,12.338403,5.4227533,12
A0A1P8BAS1,3702,A. thaliana,7.6132,4.7867165,17
Q9SJM3,3702,A. thaliana,13.000753,10.2541,17
Q9ZU51,3702,A. thaliana,13.244705,7.4519014,12
Q9FGN8,3702,A. thaliana,8.8599415,7.201893,17
F4HRT5,3702,A. thaliana,13.074232,10.282678,0
Q9C9J8,3702,A. thaliana,10.570131,6.2183924,17
Q8LFL8,3702,A. thaliana,11.06105,7.7243667,17
F4INE2,3702,A. thaliana,9.259091,8.320906,0
Q9STI7,3702,A. thaliana,7.5514784,9.152767,16
Q84JH7,3702,A. thaliana,9.322592,6.575962,2
Q41975,3702,A. thaliana,10.317889,-8.083282,15
Q8LF21,3702,A. thaliana,12.995344,7.1006627,18
Q9LZL3,3702,A. thaliana,7.249539,6.509624,16
Q84WI4,3702,A. thaliana,8.631967,3.97247,19
Q9SIB4,3702,A. thaliana,14.436367,6.5727806,12
Q944L3,3702,A. thaliana,10.978628,4.376154,9
Q9LPZ4,3702,A. thaliana,12.014164,5.272067,0
O80839,3702,A. thaliana,13.711302,3.7200532,19
Q9SUG3,3702,A. thaliana,12.218039,1.486995,10
Q9ZUX1,3702,A. thaliana,7.5423927,9.409241,16
Q84WJ9,3702,A. thaliana,10.413965,10.284702,0
Q9LYU4,3702,A. thaliana,12.702733,4.9309683,12
Q9SU32,3702,A. thaliana,9.434312,5.7725463,2
P43082,3702,A. thaliana,8.831333,5.3351793,2
Q9S9Z8,3702,A. thaliana,-3.199565,7.881773,2
Q93ZR1,3702,A. thaliana,4.8385515,2.4636917,15
Q9LVW6,3702,A. thaliana,10.007467,6.3366904,0
Q944A9,3702,A. thaliana,10.820348,5.103569,19
O23661,3702,A. thaliana,12.812529,10.451386,15
Q39010,3702,A. thaliana,10.5740385,3.457294,6
Q9SKM4,3702,A. thaliana,11.353496,5.9566607,14
F4I890,3702,A. thaliana,8.312971,8.350468,1
Q9SU13,3702,A. thaliana,13.955756,6.459896,17
Q2QAV0,3702,A. thaliana,14.455359,5.3126106,12
F4JLY4,3702,A. thaliana,9.80993,4.1816635,19
Q9SVD1,3702,A. thaliana,10.62946,3.9327502,6
Q9LUW5,3702,A. thaliana,11.490662,2.6767323,10
Q9SLV3,3702,A. thaliana,8.857362,5.7452993,15
Q8GYX0,3702,A. thaliana,11.501623,6.9347515,17
Q9FZK4,3702,A. thaliana,9.678813,2.6617758,4
Q9SZ11,3702,A. thaliana,7.84035,3.931191,19
Q9SLA1,3702,A. thaliana,9.199295,8.714184,2
Q9T0I8,3702,A. thaliana,12.44928,8.259893,0
C0Z2J1,3702,A. thaliana,12.444393,7.195105,0
Q9SNB6,3702,A. thaliana,12.282486,8.7507715,18
Q9C966,3702,A. thaliana,2.18567,4.15587,17
Q9FJV8,3702,A. thaliana,8.740803,8.024367,2
Q94C57,3702,A. thaliana,5.008067,2.0866885,8
F4JEL4,3702,A. thaliana,8.515376,7.4493713,2
Q9SCZ9,3702,A. thaliana,12.391468,6.2479277,9
Q9LSE7,3702,A. thaliana,10.084963,8.487715,17
Q9FRI0,3702,A. thaliana,14.976308,6.340303,13
Q9SNB5,3702,A. thaliana,9.708066,6.450759,0
Q9SP02,3702,A. thaliana,3.6825085,7.883962,2
Q84TF4,3702,A. thaliana,10.209026,6.2336745,17
Q9SAJ6,3702,A. thaliana,11.092904,5.809032,15
Q9LT25,3702,A. thaliana,13.278432,5.3157983,13
Q9M9E0,3702,A. thaliana,14.554915,8.325041,7
Q7Y232,3702,A. thaliana,11.354707,7.8183556,0
Q9SS31,3702,A. thaliana,11.108516,0.3490977,15
Q8LK56,3702,A. thaliana,11.778081,7.968732,18
Q9SFB3,3702,A. thaliana,8.693665,2.1640637,5
Q8W469,3702,A. thaliana,7.3447785,3.3451178,14
P46313,3702,A. thaliana,13.541203,6.7598805,18
Q9FVU0,3702,A. thaliana,10.41573,6.0738792,15
Q9SUS9,3702,A. thaliana,7.2609625,5.4441137,2
Q9SGU3,3702,A. thaliana,9.098672,2.7136118,5
Q9SCU5,3702,A. thaliana,7.0852976,6.5063357,19
F4IXI9,3702,A. thaliana,6.7550483,4.881325,15
Q6NMA9,3702,A. thaliana,7.4297285,8.8607235,16
Q8L731,3702,A. thaliana,4.927871,2.0860462,14
F4ISQ7,3702,A. thaliana,6.60166,4.785169,2
P42794,3702,A. thaliana,8.5967655,1.7786742,5
Q0WV90,3702,A. thaliana,11.293999,2.5401573,10
Q42404,3702,A. thaliana,5.0068316,2.2697794,14
Q9FGD5,3702,A. thaliana,12.753093,3.4228373,12
F4I5G3,3702,A. thaliana,14.547331,5.5938334,12
Q8LG10,3702,A. thaliana,14.349016,6.5365596,18
Q8VY70,3702,A. thaliana,9.709469,6.4998713,0
Q84MC7,3702,A. thaliana,9.190314,4.0330243,4
Q8RWA2,3702,A. thaliana,13.626052,5.1112056,11
Q42592,3702,A. thaliana,13.458406,5.6538944,12
Q9SIV5,3702,A. thaliana,11.413122,6.382232,15
Q9SYD8,3702,A. thaliana,9.545279,6.4990506,15
F4JTS8,3702,A. thaliana,13.853675,4.628125,11
Q5YDB6,3702,A. thaliana,10.029389,6.3581767,16
Q9LN94,3702,A. thaliana,8.806585,5.306518,2
F4KGH9,3702,A. thaliana,18.900335,4.512257,17
Q8H115,3702,A. thaliana,14.366375,10.531128,0
Q5XF11,3702,A. thaliana,10.755986,6.331752,16
Q9LIC6,3702,A. thaliana,7.714988,5.4711094,0
Q9ZVH3,3702,A. thaliana,14.036533,8.166966,13
F4JJE5,3702,A. thaliana,19.400105,13.629159,0
P48348,3702,A. thaliana,-3.1995652,7.8817677,2
Q9LMX8,3702,A. thaliana,7.6571093,8.187483,6
F4JN67,3702,A. thaliana,10.893385,-5.8649015,14
Q9FIB2,3702,A. thaliana,14.183902,4.8541427,12
Q9LXJ3,3702,A. thaliana,12.807286,6.542827,13
Q9LFV0,3702,A. thaliana,9.637856,6.4785004,0
Q9FN03,3702,A. thaliana,13.171798,5.6337647,11
Q9LET0,3702,A. thaliana,15.051474,6.310879,17
O04541,3702,A. thaliana,11.987779,6.094403,17
Q9M1E4,3702,A. thaliana,12.906552,10.292723,17
O81057,3702,A. thaliana,20.470474,3.465986,15
Q9M1U4,3702,A. thaliana,13.525978,6.992023,13
B9DFU2,3702,A. thaliana,14.746312,6.416065,16
Q43291,3702,A. thaliana,10.594506,10.260728,19
O65607,3702,A. thaliana,8.601731,6.6009097,19
Q9FLX9,3702,A. thaliana,13.120142,8.511075,0
Q1G3G5,3702,A. thaliana,10.500217,9.607579,18
Q9LJW5,3702,A. thaliana,14.250693,6.4650607,12
Q8LPQ9,3702,A. thaliana,14.578443,6.39672,0
Q9FJ95,3702,A. thaliana,8.391048,7.272231,1
Q93ZF5,3702,A. thaliana,10.532822,3.659941,6
Q9C8E7,3702,A. thaliana,7.4446673,3.6917002,17
Q8L7M1,3702,A. thaliana,11.061967,7.9477215,0
Q9ZPI1,3702,A. thaliana,11.439793,7.374417,0
Q9LW15,3702,A. thaliana,9.635117,6.379956,6
F4JUM4,3702,A. thaliana,12.318019,3.6689117,17
F4IS56,3702,A. thaliana,9.692064,6.313237,2
Q8LEA0,3702,A. thaliana,11.000009,3.9777153,6
Q9XIQ1,3702,A. thaliana,9.488687,2.545041,5
Q4PS45,3702,A. thaliana,10.100542,5.4562917,9
Q8H185,3702,A. thaliana,9.588201,7.4997625,2
Q9LX13,3702,A. thaliana,9.247495,7.007462,2
P92934,3702,A. thaliana,6.890202,4.291745,2
Q96326,3702,A. thaliana,9.572301,6.3489513,6
Q43386,3702,A. thaliana,14.134979,6.271439,11
Q9ASU1,3702,A. thaliana,15.065585,15.572865,9
P48491,3702,A. thaliana,8.966086,3.6973104,4
F4JH53,3702,A. thaliana,11.27978,4.621355,14
Q9M159,3702,A. thaliana,13.005594,7.7933435,18
Q9M0E0,3702,A. thaliana,10.388355,10.466871,19
Q9LY46,3702,A. thaliana,11.617318,6.1444073,15
Q9LSE2,3702,A. thaliana,8.925896,8.058284,2
Q84K16,3702,A. thaliana,9.098937,3.547074,4
Q9FVQ5,3702,A. thaliana,10.479403,7.5330176,17
Q9MAH8,3702,A. thaliana,10.615978,4.632817,6
Q8GY91,3702,A. thaliana,18.89917,4.512655,17
Q39199,3702,A. thaliana,10.78351,6.7216635,2
Q9SGE0,3702,A. thaliana,9.368243,8.868647,0
A8MS82,3702,A. thaliana,11.3808155,2.511068,17
P48731,3702,A. thaliana,10.774023,7.3024015,17
Q9C888,3702,A. thaliana,11.512174,3.0112295,10
Q9SG82,3702,A. thaliana,9.533163,9.061218,17
Q8L8W0,3702,A. thaliana,10.215853,7.417754,16
Q9FG01,3702,A. thaliana,7.4891405,9.389383,1
Q9SK39,3702,A. thaliana,11.279677,7.4679036,2
Q9T022,3702,A. thaliana,12.903844,6.5418377,12
Q9FLH0,3702,A. thaliana,9.043996,3.7871082,4
Q9SHS7,3702,A. thaliana,12.837531,5.508594,12
Q8RVL2,3702,A. thaliana,7.276771,8.504935,1
Q9S818,3702,A. thaliana,7.2555394,9.202166,1
Q9M0G2,3702,A. thaliana,13.331423,8.285258,13
O22793,3702,A. thaliana,9.737997,6.43897,0
Q8GXH3,3702,A. thaliana,8.669897,8.162659,2
O65272,3702,A. thaliana,11.539101,2.7231243,16
O22947,3702,A. thaliana,13.977622,6.737824,13
Q9M3C9,3702,A. thaliana,10.982337,0.33287993,3
Q9LEU7,3702,A. thaliana,13.917235,4.952613,11
Q8GYD9,3702,A. thaliana,10.5579195,4.5415487,19
Q9LHQ5,3702,A. thaliana,5.0267334,12.68766,17
Q9STH1,3702,A. thaliana,10.171375,4.129512,19
Q9FMV1,3702,A. thaliana,8.97689,7.1913447,19
Q9ZQ89,3702,A. thaliana,10.3532915,3.5932992,14
Q8LD45,3702,A. thaliana,9.54755,5.731053,17
Q9SR05,3702,A. thaliana,6.611839,4.8781476,15
Q56ZQ3,3702,A. thaliana,5.3903375,7.922257,15
Q9FKG2,3702,A. thaliana,14.727097,6.6918116,12
Q9SJG4,3702,A. thaliana,9.695485,2.80055,4
O48639,3702,A. thaliana,8.805813,8.047149,2
P57758,3702,A. thaliana,9.10324,17.133846,3
P92959,3702,A. thaliana,10.593796,10.131431,15
Q0WSF6,3702,A. thaliana,7.910222,9.31293,16
Q9LU41,3702,A. thaliana,11.36959,6.5902987,17
Q9LMH5,3702,A. thaliana,10.178705,3.8325584,19
P0CW78,3702,A. thaliana,9.785782,4.2753534,10
Q56XU4,3702,A. thaliana,8.706411,7.045756,19
O65621,3702,A. thaliana,8.184099,4.77599,19
P93007,3702,A. thaliana,14.770393,6.727087,18
Q9SRQ3,3702,A. thaliana,11.521161,5.2209544,6
Q9SUI6,3702,A. thaliana,9.587591,6.5068297,11
Q43127,3702,A. thaliana,9.075096,6.5039268,15
F4JPI4,3702,A. thaliana,9.733729,4.016052,19
Q9LDC0,3702,A. thaliana,9.8742485,3.6148117,5
O65502,3702,A. thaliana,6.940864,-3.5954564,3
P0DH85,3702,A. thaliana,8.049405,7.808858,2
Q9M7I7,3702,A. thaliana,8.157694,9.781531,16
B3LFA4,3702,A. thaliana,8.840365,8.265464,16
Q9LSY8,3702,A. thaliana,7.593703,8.198783,1
F4HVW5,3702,A. thaliana,9.166373,7.4684424,2
Q9SCK3,3702,A. thaliana,11.607284,9.439144,2
Q9FN50,3702,A. thaliana,9.567097,6.545188,0
Q8RWL6,3702,A. thaliana,12.376703,7.7117686,18
P93824,3702,A. thaliana,13.222424,6.7578683,18
O81862,3702,A. thaliana,12.475738,5.9192405,0
P0DKJ1,3702,A. thaliana,15.755567,8.476198,7
Q9SZB2,3702,A. thaliana,9.882268,2.6527925,8
Q9SW40,3702,A. thaliana,10.77925,3.1352751,6
Q43316,3702,A. thaliana,13.305829,7.306238,13
Q5PP28,3702,A. thaliana,11.239407,7.8186235,17
A0A1P8BC43,3702,A. thaliana,13.959594,5.0863066,12
Q8VZ87,3702,A. thaliana,11.632692,9.140976,0
Q944S8,3702,A. thaliana,11.498175,9.948646,6
Q9SD22,3702,A. thaliana,8.643668,8.026795,2
Q9T0P4,3702,A. thaliana,12.389778,4.9506197,12
O49498,3702,A. thaliana,7.931236,4.66446,9
Q8LFX7,3702,A. thaliana,20.895844,0.7123117,2
Q9FKY3,3702,A. thaliana,7.5129914,4.942769,17
A0A178W4W9,3702,A. thaliana,10.035797,2.8876407,8
O23240,3702,A. thaliana,10.533598,4.293824,15
P14714,3702,A. thaliana,10.343302,5.179931,4
E3VNM4,3702,A. thaliana,10.945423,5.7812104,15
Q7X9H6,3702,A. thaliana,18.905409,4.507634,0
P94078,3702,A. thaliana,11.920054,6.6695366,0
Q9C7H3,3702,A. thaliana,7.5054646,4.36558,14
Q9LRT1,3702,A. thaliana,8.907909,8.563321,15
Q9S7Q2,3702,A. thaliana,9.370874,8.654744,2
Q9SUC0,3702,A. thaliana,14.208195,8.428015,18
Q9CA63,3702,A. thaliana,13.0159445,10.927005,19
Q8LBF1,3702,A. thaliana,13.255083,10.63483,15
Q9S7I0,3702,A. thaliana,10.548837,3.5396094,10
Q9LYZ6,3702,A. thaliana,9.954851,12.389979,19
Q9ZPH9,3702,A. thaliana,10.5628,5.829755,19
O80462,3702,A. thaliana,10.928474,7.9031177,17
F4HV67,3702,A. thaliana,13.22435,11.306561,19
Q9C5S8,3702,A. thaliana,11.048684,4.170349,6
Q8RXQ1,3702,A. thaliana,6.785746,4.232605,15
O82355,3702,A. thaliana,9.881869,7.8346543,0
Q94F12,3702,A. thaliana,11.824452,7.6441045,0
Q9FFW8,3702,A. thaliana,9.890887,8.044427,17
Q9SW07,3702,A. thaliana,12.756727,6.318194,0
Q7XA86,3702,A. thaliana,2.2104254,4.161492,0
Q8W4E6,3702,A. thaliana,9.677765,7.7116947,17
Q9XHZ3,3702,A. thaliana,9.158705,8.245286,2
Q7Y030,3702,A. thaliana,12.155705,16.414265,12
Q9LSY0,3702,A. thaliana,20.467892,3.4670696,17
Q9LY28,3702,A. thaliana,14.93811,4.7252107,12
Q9SJ44,3702,A. thaliana,2.3378406,-1.001381,19
Q8W1X2,3702,A. thaliana,13.463731,4.6538386,15
P42698,3702,A. thaliana,6.573338,6.760316,4
F4KEA4,3702,A. thaliana,6.7033353,8.038893,16
F4KCN6,3702,A. thaliana,12.195553,6.683872,15
Q9LQZ4,3702,A. thaliana,10.841044,5.705059,6
Q0WPY0,3702,A. thaliana,8.980307,3.4857051,4
Q08298,3702,A. thaliana,14.886231,4.688566,12
O22265,3702,A. thaliana,10.517591,7.395802,15
Q9M277,3702,A. thaliana,12.507337,7.0135336,15
Q9LTG3,3702,A. thaliana,8.627401,8.227109,2
F4JS91,3702,A. thaliana,10.787264,6.4464145,2
Q84L30,3702,A. thaliana,9.617809,8.739935,0
Q9LV11,3702,A. thaliana,11.227026,5.412017,15
P53492,3702,A. thaliana,9.911357,2.759127,8
F4IK01,3702,A. thaliana,13.910085,8.282739,13
Q9SRT3,3702,A. thaliana,6.989251,7.1749873,1
Q39048,3702,A. thaliana,12.886689,10.393199,17
Q93ZM7,3702,A. thaliana,8.655518,3.0065577,5
Q9LF61,3702,A. thaliana,8.135602,8.590857,1
Q9M1Y1,3702,A. thaliana,8.932712,6.9880004,2
P20115,3702,A. thaliana,7.1599207,4.8697934,19
Q9T0K1,3702,A. thaliana,9.030183,7.7264404,2
Q9LKF9,3702,A. thaliana,13.18073,5.922547,13
F4IB69,3702,A. thaliana,6.9062862,5.04005,2
Q94CK9,3702,A. thaliana,10.1387615,8.230487,17
Q8GZ42,3702,A. thaliana,11.902364,7.9338975,0
Q9SI93,3702,A. thaliana,14.534983,8.329655,7
Q9LW08,3702,A. thaliana,8.906494,3.5493221,4
Q9XF89,3702,A. thaliana,7.047074,8.666544,15
Q9FI71,3702,A. thaliana,10.058984,7.5338006,2
F4IGA5,3702,A. thaliana,7.4984694,8.035288,6
Q9ZRT1,3702,A. thaliana,6.644719,4.9483266,15
Q94ID3,3702,A. thaliana,17.764475,11.635058,14
Q9C843,3702,A. thaliana,13.636718,6.6365294,18
Q9LFH6,3702,A. thaliana,9.638739,6.4992566,2
F4HX16,3702,A. thaliana,14.552195,4.81884,12
Q9C9T3,3702,A. thaliana,11.165841,7.365876,0
Q8H157,3702,A. thaliana,11.091948,2.442778,19
Q9SIC9,3702,A. thaliana,14.1441965,5.420612,12
O04036,3702,A. thaliana,13.568011,6.831791,18
O50061,3702,A. thaliana,8.004875,4.6511955,10
F4IAG5,3702,A. thaliana,11.0483465,0.62651885,19
Q8L983,3702,A. thaliana,13.0926075,6.4678545,18
O81433,3702,A. thaliana,9.798371,8.153425,17
Q9FXA0,3702,A. thaliana,17.760366,11.631188,15
Q8L5U0,3702,A. thaliana,16.970192,9.768449,17
P30184,3702,A. thaliana,13.648606,4.6244545,6
Q9M9F0,3702,A. thaliana,12.122688,2.031539,10
F4HWS5,3702,A. thaliana,10.238366,6.4319463,2
Q9ZNV5,3702,A. thaliana,14.392389,4.373362,2
Q9FLW0,3702,A. thaliana,13.410307,8.720315,13
P42743,3702,A. thaliana,2.3410985,-0.9981195,19
F4I642,3702,A. thaliana,11.939807,4.906751,9
Q8W191,3702,A. thaliana,14.428826,6.1641836,15
Q8L702,3702,A. thaliana,7.7742667,5.6264815,0
Q9LT02,3702,A. thaliana,11.705627,6.103999,17
Q94KJ7,3702,A. thaliana,8.08906,6.934218,15
Q9SSN3,3702,A. thaliana,11.377457,6.0156913,15
Q9C6I8,3702,A. thaliana,12.350816,4.7800746,9
Q9FK44,3702,A. thaliana,19.405062,13.6353445,2
Q67XX3,3702,A. thaliana,9.499154,8.123582,17
Q9LYW3,3702,A. thaliana,11.110232,4.5212827,6
P24806,3702,A. thaliana,11.549587,9.005417,0
Q9FR37,3702,A. thaliana,7.414486,5.399385,0
Q6DBD7,3702,A. thaliana,16.963177,9.761166,15
Q9LFM5,3702,A. thaliana,12.032932,3.150967,19
Q96318,3702,A. thaliana,7.4042983,9.289167,16
O82230,3702,A. thaliana,9.412258,6.3459234,19
Q9FH99,3702,A. thaliana,10.911353,5.7240725,14
O80885,3702,A. thaliana,7.508232,4.7149878,15
Q7XZF5,3702,A. thaliana,12.037731,5.694849,0
Q9LSQ5,3702,A. thaliana,6.8702445,7.8207307,19
P0DO44,3702,A. thaliana,11.60453,9.8498125,2
F4JN30,3702,A. thaliana,9.06901,5.8331327,17
Q9LTZ9,3702,A. thaliana,12.834779,0.3834074,15
Q93ZR3,3702,A. thaliana,7.14917,9.172035,1
F4IF00,3702,A. thaliana,13.520357,7.640465,13
Q9FJD4,3702,A. thaliana,10.676962,5.303011,9
Q9C971,3702,A. thaliana,9.367292,5.9176636,0
Q94K48,3702,A. thaliana,12.669356,7.6596284,18
Q9ZSY9,3702,A. thaliana,8.9632015,7.6991963,2
O64879,3702,A. thaliana,10.112205,6.0044913,17
Q8GWY0,3702,A. thaliana,13.003864,6.3870406,0
Q940G6,3702,A. thaliana,9.148271,5.9023204,0
Q9C5Q2,3702,A. thaliana,14.340907,6.228879,11
Q93ZC5,3702,A. thaliana,9.669071,6.4209967,2
Q8GWG6,3702,A. thaliana,11.356481,3.3736079,19
F4IK85,3702,A. thaliana,12.2823715,5.3015733,9
Q9LH79,3702,A. thaliana,7.1812005,5.0139103,15
F4JEQ3,3702,A. thaliana,8.908077,2.6272333,5
F4JFF2,3702,A. thaliana,10.68907,4.236737,10
A0A178VQN9,3702,A. thaliana,4.8662577,7.9807243,10
Q9LXG8,3702,A. thaliana,11.054821,8.613409,19
Q3E6P4,3702,A. thaliana,11.832342,6.92778,17
B3H7N1,3702,A. thaliana,9.086723,5.4622545,2
Q945S5,3702,A. thaliana,14.8887415,4.843323,12
P25856,3702,A. thaliana,11.4172,4.9924736,12
Q0WUQ7,3702,A. thaliana,11.566033,6.8040414,0
Q9LXB8,3702,A. thaliana,11.369854,4.5399265,2
Q9LF05,3702,A. thaliana,14.249286,6.445775,12
P38666,3702,A. thaliana,9.835363,3.0814388,8
Q9XF50,3702,A. thaliana,11.466352,6.024305,17
Q9ZU99,3702,A. thaliana,12.125442,3.3976252,9
F4HYG2,3702,A. thaliana,12.264413,8.188487,18
Q8W032,3702,A. thaliana,11.4307785,7.5755887,0
Q2V2S7,3702,A. thaliana,9.667811,6.5140843,0
Q9LXL5,3702,A. thaliana,9.32883,7.3608775,2
Q8L8C2,3702,A. thaliana,6.959796,6.495294,1
Q9LZJ5,3702,A. thaliana,10.996123,5.290989,17
Q66GJ1,3702,A. thaliana,11.6220255,3.2307105,9
Q9FNB5,3702,A. thaliana,9.392464,5.6590714,2
Q9FNL7,3702,A. thaliana,4.845873,2.421119,15
O23179,3702,A. thaliana,10.06732,6.9655833,0
Q9LS03,3702,A. thaliana,9.623595,6.4516263,2
F4J5A7,3702,A. thaliana,12.314323,6.3103404,0
Q9LTT7,3702,A. thaliana,12.494594,8.816891,12
F4IFX1,3702,A. thaliana,14.779718,6.7187233,12
Q8S8K0,3702,A. thaliana,9.636824,6.4941444,0
Q9SR62,3702,A. thaliana,13.0500965,6.3069105,12
Q0WPN7,3702,A. thaliana,9.743297,5.767123,6
Q38829,3702,A. thaliana,2.2106755,4.16179,2
Q9LXD7,3702,A. thaliana,10.499604,8.173686,0
Q9FNN6,3702,A. thaliana,10.606287,7.9558387,0
Q6NLQ7,3702,A. thaliana,14.492217,5.280351,12
Q6NPR7,3702,A. thaliana,7.0294952,4.3665056,14
Q9M047,3702,A. thaliana,13.6776285,3.6879559,19
P59259,3702,A. thaliana,5.0511146,12.664301,17
Q94JY4,3702,A. thaliana,11.412653,4.9063945,9
Q9ZQP1,3702,A. thaliana,9.883481,4.163661,10
Q9ZUN4,3702,A. thaliana,9.674451,6.412283,0
F4JTQ0,3702,A. thaliana,8.93376,8.26049,19
O22967,3702,A. thaliana,14.290758,6.5786576,13
Q4PT37,3702,A. thaliana,14.385211,7.7568903,13
Q9M1Y3,3702,A. thaliana,11.906523,4.284766,9
F4J1Q9,3702,A. thaliana,7.4795666,5.436076,17
Q9S764,3702,A. thaliana,10.982451,5.2666636,15
Q9FKY4,3702,A. thaliana,10.96372,4.6796107,6
O81889,3702,A. thaliana,9.455276,5.176401,15
Q9C9Q1,3702,A. thaliana,11.885131,5.488309,6
F4I1S7,3702,A. thaliana,12.852131,10.321029,17
Q9STL0,3702,A. thaliana,12.68904,4.7375436,11
Q9S7J9,3702,A. thaliana,10.895655,5.1795206,15
F4KB54,3702,A. thaliana,10.433709,6.6314826,2
Q9FKZ1,3702,A. thaliana,6.723409,4.617892,2
Q9C7N5,3702,A. thaliana,8.976082,6.003453,19
Q9SYM0,3702,A. thaliana,13.017935,2.506871,17
Q9C9H1,3702,A. thaliana,14.458956,6.502064,12
Q6J9S1,3702,A. thaliana,14.667563,6.6576304,18
Q9CA57,3702,A. thaliana,3.512733,-3.5984728,17
Q9LDA7,3702,A. thaliana,11.398503,5.4909325,10
O22980,3702,A. thaliana,12.675889,6.31478,12
Q9FX43,3702,A. thaliana,8.939801,6.537364,17
Q42529,3702,A. thaliana,14.348881,10.5581875,17
Q9SUA3,3702,A. thaliana,14.897556,4.6671824,12
Q9SLI4,3702,A. thaliana,9.637671,6.5097795,0
Q8W030,3702,A. thaliana,12.901709,8.027638,18
Q9LSX8,3702,A. thaliana,20.472565,3.4651182,15
Q9SVA6,3702,A. thaliana,11.118927,8.548695,15
F4J741,3702,A. thaliana,13.513116,4.0518517,16
Q22227,6239,C. elegans,11.223014,7.5481,17
O17666,6239,C. elegans,11.83151,6.788261,0
A8DZ40,6239,C. elegans,15.298777,8.31957,7
Q95QZ9,6239,C. elegans,13.492723,8.058465,13
Q19443,6239,C. elegans,13.7871275,8.085301,13
Q21190,6239,C. elegans,11.129052,8.052609,0
Q22613,6239,C. elegans,12.403005,3.508608,0
Q9N2V7,6239,C. elegans,7.7214513,8.44092,1
P90917,6239,C. elegans,6.948771,-3.5843544,3
O76555,6239,C. elegans,8.572857,8.668322,16
P90794,6239,C. elegans,9.537028,8.279429,2
Q8WR51,6239,C. elegans,13.175362,8.7980385,13
A0A0K3AWM6,6239,C. elegans,9.881886,8.347121,17
Q9U2E9,6239,C. elegans,13.730334,7.158643,13
G5ECU7,6239,C. elegans,14.270447,7.773044,13
O44955,6239,C. elegans,11.799711,9.622531,0
Q9XTS1,6239,C. elegans,10.290445,6.7734947,2
P34558,6239,C. elegans,9.7646675,8.193898,17
G5ECD1,6239,C. elegans,11.480169,6.462969,15
G5ED76,6239,C. elegans,9.167879,4.146988,19
Q19967,6239,C. elegans,8.799381,2.3585594,5
Q17439,6239,C. elegans,11.537855,7.1810174,2
A8WFH5,6239,C. elegans,11.142497,1.6690394,15
P92006,6239,C. elegans,4.875084,8.036033,15
A0A5E4M3Q4,6239,C. elegans,12.085301,6.801771,15
Q9TZK8,6239,C. elegans,8.819579,7.2338233,2
O01322,6239,C. elegans,8.803221,2.0017252,5
Q9U1W5,6239,C. elegans,12.461961,2.611442,10
O45784,6239,C. elegans,13.090581,6.9709396,0
Q95QJ7,6239,C. elegans,14.8525305,4.98156,12
G5EDW1,6239,C. elegans,14.009777,7.762369,13
Q09637,6239,C. elegans,13.394824,4.9119654,11
Q09601,6239,C. elegans,11.19668,4.936075,15
O45657,6239,C. elegans,12.24486,6.5526648,18
Q18786,6239,C. elegans,11.192522,7.751154,17
G5EC44,6239,C. elegans,10.824246,3.946229,6
Q8I4K4,6239,C. elegans,7.9495625,9.311773,16
Q9TXQ9,6239,C. elegans,12.200767,6.826807,0
A8DYS3,6239,C. elegans,9.032297,5.80322,2
Q9N4H4,6239,C. elegans,13.274249,4.8485465,11
Q19253,6239,C. elegans,14.326431,5.101705,12
G4S9F5,6239,C. elegans,11.940144,5.436359,0
O18180,6239,C. elegans,10.406917,7.088264,2
G5EFD5,6239,C. elegans,8.466544,7.282749,19
Q9BI89,6239,C. elegans,4.843817,2.4323802,14
Q10905,6239,C. elegans,10.941089,4.068376,6
Q19617,6239,C. elegans,10.635465,5.6550264,17
Q19746,6239,C. elegans,11.671266,5.6857357,15
A8DYR7,6239,C. elegans,9.98247,6.2428603,19
Q10457,6239,C. elegans,12.24652,2.1147768,10
Q09967,6239,C. elegans,11.369493,7.9813113,0
Q8MNT0,6239,C. elegans,10.496132,4.515264,19
G5EBG0,6239,C. elegans,13.490014,7.617827,18
Q93352,6239,C. elegans,14.627443,4.894109,12
D5MCQ2,6239,C. elegans,10.97195,3.7061098,9
P34427,6239,C. elegans,14.333646,5.035302,11
Q8WQE6,6239,C. elegans,7.52841,5.8248987,0
P41830,6239,C. elegans,11.071569,6.509002,19
Q18014,6239,C. elegans,14.928589,4.6873384,12
O44556,6239,C. elegans,8.813276,5.3013496,2
G3MU80,6239,C. elegans,11.268947,3.8585942,6
Q10122,6239,C. elegans,10.909539,2.4766138,8
Q6BER5,6239,C. elegans,10.735478,5.263394,15
Q18534,6239,C. elegans,13.224942,10.61229,15
O17699,6239,C. elegans,11.793897,8.01688,18
H2KZ60,6239,C. elegans,10.631803,7.940637,0
O01592,6239,C. elegans,8.1248455,8.970304,16
Q9N5M2,6239,C. elegans,11.359573,7.2783737,17
O16612,6239,C. elegans,11.6778965,7.398018,17
Q19952,6239,C. elegans,12.936545,5.1670837,19
G5EBV6,6239,C. elegans,13.171251,8.63553,12
Q9BIG5,6239,C. elegans,10.50491,7.962031,0
Q95XP5,6239,C. elegans,12.157776,16.410925,12
Q95QG8,6239,C. elegans,6.8700643,4.60358,1
Q9NGT3,6239,C. elegans,10.524825,6.5282664,2
Q09994,6239,C. elegans,10.654884,5.912892,15
O45818,6239,C. elegans,11.233994,4.1223683,11
G5ECE8,6239,C. elegans,10.326084,4.063211,19
Q22830,6239,C. elegans,9.0684805,5.8353424,2
Q22949,6239,C. elegans,7.664295,9.26962,16
G5EE65,6239,C. elegans,15.74944,6.5996222,17
G5EG47,6239,C. elegans,13.08142,5.3677382,11
Q21272,6239,C. elegans,14.492289,4.71445,17
Q21626,6239,C. elegans,11.156678,8.492999,17
Q21443,6239,C. elegans,13.990126,5.7383513,12
Q22743,6239,C. elegans,3.5518925,-3.5593045,15
O17670,6239,C. elegans,9.1035,7.5629826,2
Q21455,6239,C. elegans,11.262986,5.054698,14
Q688B3,6239,C. elegans,12.180431,5.6382236,12
H2L011,6239,C. elegans,7.604979,5.474088,0
Q22240,6239,C. elegans,7.340894,4.9682684,0
G5EE67,6239,C. elegans,20.472942,3.46496,15
Q11068,6239,C. elegans,11.007454,4.0163035,6
Q22739,6239,C. elegans,9.487441,-1.4218457,12
Q94231,6239,C. elegans,7.6705837,16.447817,3
G5EGJ1,6239,C. elegans,13.296068,7.386638,13
Q966A0,6239,C. elegans,14.688767,12.493897,10
Q17896,6239,C. elegans,8.487135,8.689139,2
Q18832,6239,C. elegans,3.6112127,-3.5016747,15
Q23186,6239,C. elegans,13.511437,8.079977,13
O01805,6239,C. elegans,10.450557,7.097155,2
P20268,6239,C. elegans,14.323999,8.32137,13
Q7YZR6,6239,C. elegans,10.298113,2.9775686,8
Q9NA98,6239,C. elegans,9.123801,6.8923903,2
A5JYS9,6239,C. elegans,7.9858403,5.924903,15
P34609,6239,C. elegans,11.8507185,7.8055687,18
Q23022,6239,C. elegans,8.39074,6.663374,15
Q95Y90,6239,C. elegans,10.1959095,10.073259,2
G5EFL0,6239,C. elegans,14.479887,4.977282,12
Q17740,6239,C. elegans,9.80363,2.6431885,8
Q966F9,6239,C. elegans,7.0963144,4.6036606,4
Q03563,6239,C. elegans,9.804004,9.478789,15
G5EDB8,6239,C. elegans,7.600366,6.0850616,2
Q17522,6239,C. elegans,13.702922,3.755312,15
O18214,6239,C. elegans,8.007569,8.515465,1
Q03614,6239,C. elegans,4.890575,8.008246,14
Q9XU10,6239,C. elegans,3.0894563,12.61138,15
O44649,6239,C. elegans,12.463191,2.6835775,17
Q95V25,6239,C. elegans,10.469022,7.544837,15
Q18237,6239,C. elegans,3.09057,12.612002,15
H2KZ17,6239,C. elegans,9.056567,5.0215063,19
Q95US5,6239,C. elegans,11.2327,4.23919,6
Q21341,6239,C. elegans,8.119432,7.3169947,15
Q20930,6239,C. elegans,9.972651,3.488417,8
F5GUG3,6239,C. elegans,14.383048,8.208259,7
Q20456,6239,C. elegans,11.251723,7.53649,0
Q9XXH4,6239,C. elegans,13.482764,4.657797,17
O01803,6239,C. elegans,8.83934,17.505503,3
Q27257,6239,C. elegans,-3.3568556,4.962823,2
O02174,6239,C. elegans,12.932219,5.109024,12
Q09437,6239,C. elegans,9.579778,6.3979945,2
Q9XWS0,6239,C. elegans,12.64581,7.6461782,18
G5EEC8,6239,C. elegans,13.215323,10.718296,15
Q21433,6239,C. elegans,12.960661,6.8798103,18
O76258,6239,C. elegans,7.682887,4.7240806,12
Q21610,6239,C. elegans,10.728439,3.6174757,6
Q9XVE5,6239,C. elegans,9.238138,2.969623,4
Q9N363,6239,C. elegans,11.407695,4.820872,9
Q9N4P3,6239,C. elegans,9.744756,4.065178,8
G5EC38,6239,C. elegans,13.264789,8.817792,0
H2KZV8,6239,C. elegans,13.698636,3.7609878,2
Q21286,6239,C. elegans,8.580672,6.7127185,19
A0A1N7SYS3,6239,C. elegans,11.800842,9.6369505,0
Q9XVW1,6239,C. elegans,14.774394,9.470146,9
O44618,6239,C. elegans,14.6087475,6.6457295,12
V6CLJ5,6239,C. elegans,11.950228,4.7100325,2
Q21351,6239,C. elegans,9.212285,5.4672885,0
Q9GYS1,6239,C. elegans,7.810843,9.365073,16
B2D6N9,6239,C. elegans,13.706109,5.7727375,11
Q18235,6239,C. elegans,13.461705,7.433482,13
O61866,6239,C. elegans,9.261733,9.059993,18
G5ED77,6239,C. elegans,8.575416,6.7700405,15
Q18124,6239,C. elegans,12.427614,6.20403,0
Q2L6X9,6239,C. elegans,12.6687565,5.649536,12
Q21621,6239,C. elegans,14.876387,8.41429,7
Q8MQE6,6239,C. elegans,12.62803,7.035869,18
Q93356,6239,C. elegans,9.4900675,3.625819,4
O01991,6239,C. elegans,8.6091175,6.8037353,15
H2L041,6239,C. elegans,12.002232,2.9578607,15
H2L067,6239,C. elegans,11.150859,4.7657733,9
O17645,6239,C. elegans,11.74139,6.9863844,17
H2KZ72,6239,C. elegans,11.8682375,7.369622,18
Q19569,6239,C. elegans,9.485848,-1.4228566,12
Q9BKU8,6239,C. elegans,12.248746,6.31487,11
Q9TZI4,6239,C. elegans,14.538999,5.176141,12
P34691,6239,C. elegans,8.553167,7.6163197,15
O16425,6239,C. elegans,9.982006,7.6399546,19
P09088,6239,C. elegans,7.84505,7.6369996,19
H2L2C8,6239,C. elegans,11.653409,7.5413427,12
Q22006,6239,C. elegans,9.703321,5.638672,15
Q22656,6239,C. elegans,14.256574,5.6444855,12
O44614,6239,C. elegans,13.198233,5.4337687,11
P30635,6239,C. elegans,6.518386,6.788253,5
Q19418,6239,C. elegans,11.148261,4.3863373,6
Q18705,6239,C. elegans,9.346917,6.6237288,15
P91026,6239,C. elegans,13.607194,6.7546444,12
G5ECT8,6239,C. elegans,15.005466,4.6410484,12
Q93796,6239,C. elegans,8.060469,7.8023443,1
O17218,6239,C. elegans,10.40715,10.497403,19
Q8STF6,6239,C. elegans,11.9422245,4.570913,11
Q22557,6239,C. elegans,12.990385,5.0609875,12
Q9U2S6,6239,C. elegans,9.927647,6.3171563,2
G5EF71,6239,C. elegans,13.278247,7.250457,18
Q9U277,6239,C. elegans,12.9736395,10.792122,4
P20792,6239,C. elegans,10.571221,6.0291667,2
Q18593,6239,C. elegans,6.951934,6.4695034,1
Q23175,6239,C. elegans,9.620279,7.49577,15
P90893,6239,C. elegans,10.45112,3.219919,6
Q17645,6239,C. elegans,14.070553,5.282881,12
Q9XUB9,6239,C. elegans,12.785831,6.3410006,0
P34807,6239,C. elegans,10.715254,7.178532,17
Q22619,6239,C. elegans,9.03603,4.2482743,19
P34281,6239,C. elegans,10.972393,7.8672557,17
Q7Z1Z1,6239,C. elegans,10.737056,5.036027,2
O44158,6239,C. elegans,12.402061,6.23336,0
O17386,6239,C. elegans,4.715137,1.9612899,14
Q23542,6239,C. elegans,9.487077,2.5454073,5
O44757,6239,C. elegans,6.7515965,5.0477643,2
Q9BHL2,6239,C. elegans,13.612412,8.137939,13
O44836,6239,C. elegans,13.812706,8.947926,7
H1UBK7,6239,C. elegans,11.901534,2.9040706,10
G5ECU1,6239,C. elegans,20.472862,3.464984,15
E7EAU8,6239,C. elegans,9.311629,4.1670303,19
S6EZS3,6239,C. elegans,11.885232,3.0865529,2
Q94148,6239,C. elegans,8.779451,17.501144,3
O61955,6239,C. elegans,11.431619,5.9707365,15
G5EF99,6239,C. elegans,15.690538,6.584981,17
G4SDH4,6239,C. elegans,10.577134,5.4057493,9
Q09406,6239,C. elegans,8.93013,8.350294,2
G5EDF8,6239,C. elegans,8.361107,8.725131,17
Q4JFH9,6239,C. elegans,9.401374,3.6711252,8
Q21355,6239,C. elegans,3.5047865,-3.6065836,17
G5EBH7,6239,C. elegans,8.664341,3.6139212,4
A8WFN4,6239,C. elegans,12.340161,5.3752565,11
Q95QC4,6239,C. elegans,6.5580044,4.7233825,15
D1MN65,6239,C. elegans,12.002185,6.262512,17
H2L058,6239,C. elegans,11.101014,7.0465784,17
Q20363,6239,C. elegans,15.7402725,6.597609,17
P41933,6239,C. elegans,8.541055,7.454264,2
Q17962,6239,C. elegans,9.191723,8.14145,2
Q9N588,6239,C. elegans,9.700953,3.7130818,8
Q93892,6239,C. elegans,14.669128,8.371895,7
B2D6K9,6239,C. elegans,11.077569,2.4386728,14
P91155,6239,C. elegans,11.953141,6.4624963,17
Q22412,6239,C. elegans,9.746834,8.679404,17
Q20595,6239,C. elegans,4.8581347,7.986372,10
O44620,6239,C. elegans,7.3903985,5.2985563,15
Q03601,6239,C. elegans,7.4120564,5.2763896,0
O62246,6239,C. elegans,12.424767,5.9525614,0
O17642,6239,C. elegans,4.14753,14.475979,15
Q23405,6239,C. elegans,14.397205,5.2310166,12
O01583,6239,C. elegans,8.878304,7.525003,2
Q10661,6239,C. elegans,13.139308,6.202673,0
P34713,6239,C. elegans,10.883712,7.0969186,0
V6CLK4,6239,C. elegans,12.587749,6.261553,0
G5ECG7,6239,C. elegans,7.157381,5.0847282,2
Q17695,6239,C. elegans,14.440626,8.133337,7
P20784,6239,C. elegans,11.445587,4.670099,6
Q9XTY6,6239,C. elegans,11.690954,3.5161588,10
O16424,6239,C. elegans,8.913073,5.685523,2
Q7YSI9,6239,C. elegans,8.146638,9.633889,16
Q9NEL2,6239,C. elegans,9.429067,3.57629,4
Q9TYW1,6239,C. elegans,8.524772,8.571924,2
Q09249,6239,C. elegans,12.555286,6.962064,13
Q9N4R6,6239,C. elegans,9.790764,7.9914074,17
D3YT61,6239,C. elegans,7.7217517,5.4720473,0
Q17848,6239,C. elegans,12.0562,2.2413461,10
Q20229,6239,C. elegans,11.12043,7.702445,17
Q7Z135,6239,C. elegans,13.990482,5.0452795,12
G5EC36,6239,C. elegans,9.638626,3.891505,19
P91093,6239,C. elegans,14.360597,10.551864,15
Q6DNF4,6239,C. elegans,4.839797,2.4701533,17
P91505,6239,C. elegans,3.5497453,-3.561519,17
O18195,6239,C. elegans,10.920029,3.5525935,6
D1MN85,6239,C. elegans,11.460757,5.9797416,17
Q10931,6239,C. elegans,10.99042,7.142345,0
G5EDR9,6239,C. elegans,9.240764,6.82462,2
O61931,6239,C. elegans,8.614325,7.9078336,15
Q9XWU2,6239,C. elegans,7.861533,4.9844017,0
Q9N2S7,6239,C. elegans,9.715373,2.7990828,8
G5EGA5,6239,C. elegans,10.143364,6.2560983,17
Q86G45,6239,C. elegans,7.5391808,8.957233,16
G5EDQ4,6239,C. elegans,5.3833594,7.9277287,15
C0P283,6239,C. elegans,11.152056,6.229581,2
O16684,6239,C. elegans,8.855178,17.617245,3
Q9Y041,6239,C. elegans,12.505927,3.3386457,17
O62090,6239,C. elegans,11.104618,2.458075,19
Q95XW5,6239,C. elegans,7.244922,8.653731,1
G5EGE9,6239,C. elegans,8.199704,3.8655438,14
Q18625,6239,C. elegans,10.962216,0.32819745,3
Q4TTA0,6239,C. elegans,12.2095785,2.199386,17
A7LPI4,6239,C. elegans,-0.6013711,8.7313175,2
B5BM46,6239,C. elegans,13.319944,8.694782,13
Q20709,6239,C. elegans,9.628122,7.559513,2
Q19594,6239,C. elegans,9.546685,2.446164,5
I2HAJ2,6239,C. elegans,9.840313,10.6766205,19
Q21126,6239,C. elegans,13.364771,4.4286704,19
O02297,6239,C. elegans,12.236665,7.6592073,18
P34269,6239,C. elegans,7.3477035,3.3367097,14
Q17569,6239,C. elegans,12.475072,5.224861,11
Q22071,6239,C. elegans,12.458221,3.3388455,0
Q9NAG4,6239,C. elegans,12.246476,7.2074604,0
Q688B2,6239,C. elegans,12.310972,3.2768297,15
G3MU83,6239,C. elegans,11.432778,4.709959,9
G5EF25,6239,C. elegans,13.286965,7.227981,18
H2FLJ1,6239,C. elegans,9.370609,4.1359143,19
Q9N3R4,6239,C. elegans,10.502025,7.9726267,0
Q20871,6239,C. elegans,8.601035,8.070456,15
G5ECM5,6239,C. elegans,6.983563,4.8955965,15
Q9XW12,6239,C. elegans,12.260668,2.0792718,10
G5EGI5,6239,C. elegans,8.259137,9.534376,16
V6CL61,6239,C. elegans,15.114338,8.40668,7
Q9XVU3,6239,C. elegans,8.600327,9.000889,0
Q23529,6239,C. elegans,13.272218,8.82447,0
P50488,6239,C. elegans,10.284114,6.243741,15
Q20745,6239,C. elegans,10.989485,5.967363,17
O01916,6239,C. elegans,7.098524,6.0104756,2
Q18916,6239,C. elegans,6.55944,4.7438135,15
H2KYN7,6239,C. elegans,10.190911,6.274342,17
Q21642,6239,C. elegans,13.444354,8.020921,13
Q03598,6239,C. elegans,2.3896136,-0.95087016,2
H9G2S7,6239,C. elegans,10.829036,3.1954448,6
Q93575,6239,C. elegans,8.62576,8.538004,2
Q22825,6239,C. elegans,12.553448,5.071499,12
Q8I4C9,6239,C. elegans,13.172209,10.745538,14
O62137,6239,C. elegans,8.104601,7.2816143,15
Q9XYB7,6239,C. elegans,9.28963,7.611445,15
Q9N5R9,6239,C. elegans,10.721092,4.9923253,6
Q9U1N6,6239,C. elegans,8.109132,7.872082,1
Q21988,6239,C. elegans,11.793313,7.310488,12
Q20938,6239,C. elegans,10.401697,3.962754,19
P41779,6239,C. elegans,14.295714,6.2788615,15
Q21883,6239,C. elegans,13.632407,8.962259,13
O44606,6239,C. elegans,7.8835034,4.818948,9
G5EEK9,6239,C. elegans,11.252925,9.077303,17
Q966I6,6239,C. elegans,11.6153,5.7349706,17
O17586,6239,C. elegans,19.405102,13.635167,2
G5EGC9,6239,C. elegans,9.005329,2.6623225,5
C0Z3M3,6239,C. elegans,12.800909,5.4603667,11
Q20117,6239,C. elegans,8.346998,8.397245,1
G5EGP9,6239,C. elegans,11.309373,6.388273,0
Q9XUS7,6239,C. elegans,9.86593,5.8884172,16
Q18744,6239,C. elegans,13.914906,7.6584206,13
Q23212,6239,C. elegans,9.493779,-1.4192041,11
P91189,6239,C. elegans,4.825486,2.4516017,15
Q965K5,6239,C. elegans,12.358039,7.3199544,18
G8JYB2,6239,C. elegans,9.535935,8.268843,0
Q9U489,6239,C. elegans,11.538528,7.0404716,17
Q95PJ6,6239,C. elegans,9.593721,7.0869966,2
Q18310,6239,C. elegans,9.06964,8.30632,0
O44476,6239,C. elegans,13.091631,5.257047,11
G5EBK8,6239,C. elegans,9.090251,17.15066,3
Q19272,6239,C. elegans,12.118003,8.354678,17
Q23121,6239,C. elegans,11.268732,9.815062,9
Q0G825,6239,C. elegans,7.7507844,5.4201427,0
G5EGC7,6239,C. elegans,9.226389,7.5454583,2
Q17967,6239,C. elegans,7.8563595,8.433559,1
Q94261,6239,C. elegans,9.55055,9.055072,15
Q18297,6239,C. elegans,10.7132435,5.7559814,17
D4YWC0,6239,C. elegans,15.684071,8.475088,7
G5EGM3,6239,C. elegans,14.225753,5.2518077,12
Q7JMA9,6239,C. elegans,15.807503,8.416135,7
H2KYQ8,6239,C. elegans,11.579373,5.785254,15
Q9TYJ8,6239,C. elegans,11.635265,9.075709,0
Q6EUT2,6239,C. elegans,14.217647,8.087546,7
Q20053,6239,C. elegans,7.6224203,8.249967,1
Q9U263,6239,C. elegans,8.299676,5.4410343,2
H2L006,6239,C. elegans,14.382824,4.691951,12
G5EE70,6239,C. elegans,12.371659,5.590404,0
O62213,6239,C. elegans,13.352764,5.3786254,11
P90841,6239,C. elegans,9.512543,2.4597387,5
V6CLA2,6239,C. elegans,12.350473,3.933176,10
O45815,6239,C. elegans,9.096984,7.404671,2
Q9TYV5,6239,C. elegans,4.722378,8.1463585,15
G5EG49,6239,C. elegans,11.621537,3.4696026,10
O18178,6239,C. elegans,9.382888,6.6392107,2
P54137,6239,C. elegans,8.798619,17.443842,3
H7BRM5,6239,C. elegans,8.035263,9.50799,16
O01661,6239,C. elegans,12.761841,6.3222523,0
Q7JMR0,6239,C. elegans,13.095052,2.606018,11
P91133,6239,C. elegans,11.096721,4.4120307,6
Q18273,6239,C. elegans,13.46027,7.9679146,13
Q5WRU0,6239,C. elegans,12.163327,3.2705386,17
P34697,6239,C. elegans,8.860985,7.312058,2
G5EED8,6239,C. elegans,8.912384,6.5763893,15
Q18797,6239,C. elegans,14.8429,4.743176,12
G3MU68,6239,C. elegans,8.779237,17.489922,3
O61742,6239,C. elegans,9.869889,10.68946,2
D3NQA5,6239,C. elegans,13.886696,8.083555,13
Q9U3S9,6239,C. elegans,10.891252,9.1453705,15
P41990,6239,C. elegans,10.273542,3.3610737,4
G5ECW5,6239,C. elegans,11.81467,7.2627416,17
Q9BIG2,6239,C. elegans,7.943414,7.8972044,19
O62252,6239,C. elegans,10.095582,7.859409,0
O16786,6239,C. elegans,7.702114,9.466134,16
H1ZUX1,6239,C. elegans,13.14584,8.705834,13
O61213,6239,C. elegans,13.15745,5.4492335,12
P53806,6239,C. elegans,11.346448,6.763668,17
V6CIV8,6239,C. elegans,6.9745913,-3.5579867,15
P91200,6239,C. elegans,14.2389145,8.345201,13
G5EDN5,6239,C. elegans,7.277144,5.844846,2
G3MU82,6239,C. elegans,11.359936,3.5674794,6
Q09535,6239,C. elegans,9.016851,3.7524989,4
O44406,6239,C. elegans,8.099851,5.33014,2
P49632,6239,C. elegans,9.757816,9.1319,15
Q9U357,6239,C. elegans,7.6697974,5.4494767,0
O45526,6239,C. elegans,14.323981,5.7201977,12
G5EGQ3,6239,C. elegans,9.803809,3.0636644,6
G5EGH0,6239,C. elegans,9.138319,3.705938,4
Q5DX34,6239,C. elegans,9.098329,3.8238068,19
P91253,6239,C. elegans,3.5521402,-3.559504,15
Q9N5M6,6239,C. elegans,9.048978,2.4415865,5
Q09499,6239,C. elegans,10.941177,9.280109,15
O61766,6239,C. elegans,12.779961,4.7183404,12
Q7YXV5,6239,C. elegans,13.077207,8.528098,13
O45137,6239,C. elegans,13.012561,5.0365715,12
Q18206,6239,C. elegans,9.257475,4.3210764,19
Q21554,6239,C. elegans,10.613212,4.0991096,6
Q20057,6239,C. elegans,11.021263,7.6590924,0
Q95QI2,6239,C. elegans,8.194432,3.857039,8
O02360,6239,C. elegans,13.325997,8.926506,0
Q09496,6239,C. elegans,15.20354,5.2465353,12
Q19951,6239,C. elegans,9.490609,6.7109914,2
G5EBZ1,6239,C. elegans,13.333817,8.934807,0
Q20741,6239,C. elegans,12.200052,5.993556,0
B2D6M2,6239,C. elegans,10.654096,4.183335,6
O17072,6239,C. elegans,13.2634535,7.0752063,18
G5EEC2,6239,C. elegans,9.52272,-1.3871843,11
O45522,6239,C. elegans,13.231236,5.508953,12
G5EEH6,6239,C. elegans,10.214652,4.032207,14
Q19096,6239,C. elegans,14.497541,6.410085,17
P34693,6239,C. elegans,11.117434,5.6233068,17
Q93971,6239,C. elegans,13.065565,8.692117,0
Q21738,6239,C. elegans,13.541372,7.7522306,13
Q7YWX7,6239,C. elegans,9.627753,3.7216313,19
L8EC40,6239,C. elegans,12.198081,9.044909,17
Q19576,6239,C. elegans,14.010638,7.868264,13
D0Z5N4,6239,C. elegans,13.98739,5.440069,12
G5EGG0,6239,C. elegans,7.4216046,3.6555722,17
G5ED58,6239,C. elegans,10.217483,5.1736712,15
Q8MQ16,6239,C. elegans,10.614382,6.0609655,2
G5EF62,6239,C. elegans,9.046023,3.4751627,4
O45667,6239,C. elegans,11.436782,7.52694,0
Q21502,6239,C. elegans,11.144662,4.4231024,6
Q9XUD8,6239,C. elegans,8.435178,7.4138417,1
Q21215,6239,C. elegans,12.060742,3.0294201,10
B3WFY8,6239,C. elegans,14.767499,9.470019,6
Q9XXI4,6239,C. elegans,8.751954,5.763413,2
Q9XVV3,6239,C. elegans,8.710446,2.2062304,5
G5EEJ1,6239,C. elegans,8.188681,4.825299,11
Q22804,6239,C. elegans,7.8631387,7.799811,1
Q21473,6239,C. elegans,7.6287856,8.554068,1
Q65XX7,6239,C. elegans,14.419494,5.6532993,18
G5EFA2,6239,C. elegans,11.665059,6.8952303,18
Q22795,6239,C. elegans,11.862514,6.682273,17
Q21217,6239,C. elegans,13.440423,6.568213,12
Q8WQF3,6239,C. elegans,14.90407,4.6647425,12
O61708,6239,C. elegans,9.287915,2.3302512,5
Q9U3A0,6239,C. elegans,11.990406,5.6963134,17
P46549,6239,C. elegans,12.051553,5.7582297,0
G5ECD7,6239,C. elegans,13.949369,6.053141,0
Q94259,6239,C. elegans,8.096264,7.4088554,19
Q9BL83,6239,C. elegans,13.12739,6.9903817,17
Q8I132,6239,C. elegans,10.498988,5.659561,19
P46561,6239,C. elegans,6.8331614,4.226338,2
G4SNP0,6239,C. elegans,6.7214255,4.9486513,15
Q965G5,6239,C. elegans,7.5977235,9.48931,16
Q86S68,6239,C. elegans,12.921672,5.746277,11
P34374,6239,C. elegans,9.338255,5.8593526,2
D3NQA9,6239,C. elegans,15.054471,4.649525,12
O44169,6239,C. elegans,1.1157687,-3.1718783,15
Q9U9I9,6239,C. elegans,11.475775,5.293662,17
O61460,6239,C. elegans,11.879706,6.992488,17
G5EFX1,6239,C. elegans,11.413084,5.003101,12
G5EDM4,6239,C. elegans,7.8671274,7.7406497,1
Q95XT1,6239,C. elegans,11.16063,5.3985825,15
H2KZW3,6239,C. elegans,7.865237,4.1990695,14
Q20774,6239,C. elegans,18.86936,4.53949,17
H2KZB2,6239,C. elegans,7.5775733,5.321897,18
G5EG29,6239,C. elegans,6.7595067,5.0907187,2
G5EG67,6239,C. elegans,14.763502,4.9891696,12
G5EFK2,6239,C. elegans,14.491647,5.5548835,12
Q19305,6239,C. elegans,14.469835,5.275453,12
O62011,6239,C. elegans,9.489717,6.2166386,2
O61874,6239,C. elegans,13.7396965,8.964639,7
G5EFD1,6239,C. elegans,11.070561,3.8305905,6
G5EDF6,6239,C. elegans,4.899855,1.9641831,14
Q18821,6239,C. elegans,12.530635,3.382376,17
G5EDH0,6239,C. elegans,4.834834,7.982255,14
Q09413,6239,C. elegans,14.288552,5.0020156,11
P34286,6239,C. elegans,19.389368,13.648116,2
G5ECT0,6239,C. elegans,10.214535,4.0225215,19
O17956,6239,C. elegans,10.699014,6.295596,19
Q94215,6239,C. elegans,12.892435,5.8593826,11
H2L2A7,6239,C. elegans,12.179801,5.223035,12
O17186,6239,C. elegans,12.636725,5.653835,12
Q26261,6239,C. elegans,10.50597,6.7516913,2
P45972,6239,C. elegans,10.852403,8.938737,17
Q9TZI9,6239,C. elegans,10.46508,3.0502539,8
Q22197,6239,C. elegans,13.025567,6.5495415,13
G5EE06,6239,C. elegans,8.701224,8.906049,16
Q9N490,6239,C. elegans,2.3266048,-1.0112236,17
P50432,6239,C. elegans,13.370429,6.1079283,13
Q20561,6239,C. elegans,15.312033,5.293115,18
O02358,6239,C. elegans,12.937449,3.4010785,9
P34537,6239,C. elegans,11.58431,4.3461857,10
G5ECV2,6239,C. elegans,7.1282735,4.1509967,4
Q09388,6239,C. elegans,10.618087,3.4727254,6
O62505,6239,C. elegans,12.397339,6.971854,0
Q95XH2,6239,C. elegans,11.327452,6.9578276,0
Q9U2F6,6239,C. elegans,-0.6013146,8.731325,2
Q93574,6239,C. elegans,20.892515,0.7156952,18
Q9N408,6239,C. elegans,10.859889,6.5604916,15
D4YW53,6239,C. elegans,9.781826,7.8598924,2
Q20334,6239,C. elegans,12.304835,6.3125067,0
U4PSA1,6239,C. elegans,9.78274,6.2259564,19
G1K104,6239,C. elegans,14.78284,9.49342,17
Q17392,6239,C. elegans,10.947278,6.3708735,15
G5EF97,6239,C. elegans,12.193343,1.7893181,14
Q9XVA9,6239,C. elegans,12.459679,3.6093316,0
Q9W258,7227,D. melanogaster,12.545461,3.8704007,0
Q9VXD9,7227,D. melanogaster,10.983865,3.5855474,6
Q9VYA0,7227,D. melanogaster,9.315183,8.499459,9
X2JED0,7227,D. melanogaster,9.532165,2.6504984,8
Q8IPE8,7227,D. melanogaster,9.42663,3.7226946,8
Q9VGN8,7227,D. melanogaster,11.1789055,6.8198676,17
Q8IN42,7227,D. melanogaster,13.825935,8.005101,13
Q95RF6,7227,D. melanogaster,10.627964,6.3206587,9
Q9VDA3,7227,D. melanogaster,10.165432,6.179272,17
E1JI58,7227,D. melanogaster,9.431807,2.5573683,8
Q8IQT4,7227,D. melanogaster,11.039295,7.350484,17
Q03043,7227,D. melanogaster,11.320608,5.646799,17
Q7YU05,7227,D. melanogaster,14.158395,7.4413958,13
C6SV53,7227,D. melanogaster,11.7053795,7.3131204,17
Q7PL82,7227,D. melanogaster,10.898667,3.320301,6
Q3ZZY0,7227,D. melanogaster,17.75299,11.620113,15
P20351,7227,D. melanogaster,10.397176,3.9111152,6
Q8IGW5,7227,D. melanogaster,14.48784,8.247152,7
Q58SL8,7227,D. melanogaster,12.19265,1.9687914,10
Q960W6,7227,D. melanogaster,7.1357007,8.5148535,1
X2JCQ6,7227,D. melanogaster,7.2266507,4.629841,19
Q962S2,7227,D. melanogaster,10.457077,10.420952,19
O76926,7227,D. melanogaster,11.280096,6.5024214,2
Q8IHC2,7227,D. melanogaster,8.439658,7.229606,19
Q9W1U5,7227,D. melanogaster,4.973321,2.1387272,10
M9PI58,7227,D. melanogaster,7.691683,7.799912,1
P18486,7227,D. melanogaster,9.233979,5.313792,19
Q95SX0,7227,D. melanogaster,11.853664,5.984471,11
Q7K107,7227,D. melanogaster,11.048888,0.32781127,17
Q0E9K6,7227,D. melanogaster,13.11083,8.070397,13
Q9U5X8,7227,D. melanogaster,11.592898,7.5343933,0
Q9VQD6,7227,D. melanogaster,13.244293,8.454245,0
Q9VMW9,7227,D. melanogaster,7.9240212,9.03489,16
Q9GRE6,7227,D. melanogaster,13.919986,5.0471635,9
D5SHN1,7227,D. melanogaster,10.624719,7.7797184,0
Q8T0N8,7227,D. melanogaster,10.311821,-8.088943,15
Q9VVF3,7227,D. melanogaster,11.074827,7.6578503,0
Q9VTF8,7227,D. melanogaster,12.656588,3.025102,10
Q95U66,7227,D. melanogaster,8.670034,8.295537,15
Q9V449,7227,D. melanogaster,13.944071,7.9518857,13
Q8IRD3,7227,D. melanogaster,7.2445593,-0.09380897,15
Q9VKI2,7227,D. melanogaster,14.398107,8.178867,13
Q9VAT8,7227,D. melanogaster,7.0346103,6.156815,2
Q7K4Y6,7227,D. melanogaster,7.920206,10.857847,15
A1Z6S7,7227,D. melanogaster,11.0849495,8.733711,2
Q8IGX2,7227,D. melanogaster,9.604758,7.636074,2
Q9VH23,7227,D. melanogaster,10.651808,3.0448198,6
Q9VZN4,7227,D. melanogaster,10.593648,7.2961125,0
Q8IQ73,7227,D. melanogaster,13.777903,5.2147293,11
M9PCJ7,7227,D. melanogaster,12.749715,5.3745685,12
A0A0B4KH86,7227,D. melanogaster,13.829404,8.001185,13
Q9VY15,7227,D. melanogaster,12.260112,6.0954504,0
Q8SYE1,7227,D. melanogaster,5.653929,9.097593,15
Q86P90,7227,D. melanogaster,9.03226,7.7268844,15
Q9W4W6,7227,D. melanogaster,12.624679,3.4331255,17
Q15K23,7227,D. melanogaster,9.552614,2.6725109,4
P09040,7227,D. melanogaster,9.450276,-1.4579204,12
Q7K3N8,7227,D. melanogaster,7.1427946,4.8811226,15
P52034,7227,D. melanogaster,7.2559767,6.6853895,2
Q9VW24,7227,D. melanogaster,11.159599,3.8465054,6
Q7JVI3,7227,D. melanogaster,14.233877,6.8199973,18
A1Z934,7227,D. melanogaster,18.889257,4.522684,17
Q94524,7227,D. melanogaster,10.292476,6.7709694,19
Q9VSH3,7227,D. melanogaster,7.562331,5.4489675,2
Q8MS21,7227,D. melanogaster,10.444862,10.467744,19
Q7KTK9,7227,D. melanogaster,10.339796,2.243697,19
Q9V3X8,7227,D. melanogaster,6.8841343,8.777599,17
M9ND89,7227,D. melanogaster,8.808441,7.2108035,2
Q9U1I3,7227,D. melanogaster,9.462471,6.158672,2
O77290,7227,D. melanogaster,12.378818,5.409892,11
Q9U3Z6,7227,D. melanogaster,12.976316,3.3878653,9
Q9W1K5,7227,D. melanogaster,10.26729,4.514262,19
Q9VW40,7227,D. melanogaster,11.560286,5.4167714,14
Q7K4W1,7227,D. melanogaster,10.783374,2.9178956,8
Q9VJZ1,7227,D. melanogaster,7.4704733,5.4248204,2
Q9W2J6,7227,D. melanogaster,19.408121,13.636297,15
Q15K25,7227,D. melanogaster,12.262714,5.4222016,11
Q9VU81,7227,D. melanogaster,13.271497,4.6664743,6
Q8T4C4,7227,D. melanogaster,7.9083095,11.144283,15
Q2PDY9,7227,D. melanogaster,10.741259,6.7215786,2
Q9XZ03,7227,D. melanogaster,10.817036,5.9730573,2
Q9VQM4,7227,D. melanogaster,8.423224,4.2212143,6
Q9V8F5,7227,D. melanogaster,13.652143,7.6211243,13
Q9VYA6,7227,D. melanogaster,11.038722,5.853568,15
X2J488,7227,D. melanogaster,9.771652,2.9737492,4
Q6GV06,7227,D. melanogaster,12.523215,3.370937,17
Q9VTU4,7227,D. melanogaster,7.7684703,4.6659894,15
A0A0B4KF86,7227,D. melanogaster,12.318129,4.6597395,15
Q8IQ98,7227,D. melanogaster,9.566984,7.768665,2
Q24472,7227,D. melanogaster,10.268172,5.237015,19
Q95TJ1,7227,D. melanogaster,9.139119,9.032724,0
Q9VGA1,7227,D. melanogaster,3.5686395,-3.5433562,15
P40797,7227,D. melanogaster,10.92414,5.5274425,4
Q9VZ27,7227,D. melanogaster,8.763278,16.967945,3
M9PDQ9,7227,D. melanogaster,7.197576,4.896273,10
Q7K2E1,7227,D. melanogaster,14.285311,10.389276,11
Q9VI14,7227,D. melanogaster,8.09265,8.115445,1
Q961K4,7227,D. melanogaster,9.046774,7.8889155,2
Q9VCH1,7227,D. melanogaster,10.188065,3.004354,8
Q9VT76,7227,D. melanogaster,14.863142,8.278152,7
Q9VL69,7227,D. melanogaster,7.759812,5.4827056,0
Q24536,7227,D. melanogaster,11.410496,8.60924,0
M9PF54,7227,D. melanogaster,8.519395,7.0067096,17
Q9VCE6,7227,D. melanogaster,10.373089,6.382329,2
Q95TE3,7227,D. melanogaster,15.726919,8.475061,7
P41374,7227,D. melanogaster,8.289579,8.141755,2
Q9VVD0,7227,D. melanogaster,8.676514,8.480844,15
Q9VK84,7227,D. melanogaster,10.5689535,3.4412727,6
Q7KKI2,7227,D. melanogaster,2.337587,-1.0009325,15
Q9VJ19,7227,D. melanogaster,9.832176,10.687729,19
Q9VPB6,7227,D. melanogaster,10.110958,5.9866633,17
Q9VSA3,7227,D. melanogaster,7.7940707,9.461884,0
Q9VNG6,7227,D. melanogaster,14.83589,5.4492335,12
Q5G1W4,7227,D. melanogaster,14.149798,7.814266,13
Q8T994,7227,D. melanogaster,11.495149,6.0468116,0
Q9VY76,7227,D. melanogaster,9.392125,7.3210473,15
Q9VPR6,7227,D. melanogaster,9.561617,7.5090246,2
Q8T0S6,7227,D. melanogaster,9.552361,5.9742565,2
Q86P36,7227,D. melanogaster,12.483075,5.246018,12
A1ZAK9,7227,D. melanogaster,10.874734,4.625572,6
M9PHP7,7227,D. melanogaster,11.172024,6.4272294,17
B7Z139,7227,D. melanogaster,8.685812,7.476509,19
Q7JXC4,7227,D. melanogaster,10.560307,6.7255025,2
Q9VRN5,7227,D. melanogaster,12.532843,6.499326,17
Q9VML7,7227,D. melanogaster,13.405119,5.902055,13
Q7YU29,7227,D. melanogaster,8.803391,8.243038,17
Q9W4R3,7227,D. melanogaster,14.186237,4.4015546,11
Q960V2,7227,D. melanogaster,12.434547,3.3143003,17
Q8IQX7,7227,D. melanogaster,9.501037,5.113285,14
Q9W388,7227,D. melanogaster,10.623852,5.6810894,15
Q9W2U7,7227,D. melanogaster,7.288384,4.913746,17
Q8IR55,7227,D. melanogaster,13.143051,7.151447,13
A8DY80,7227,D. melanogaster,14.354401,5.601669,12
Q9VFC1,7227,D. melanogaster,10.253001,2.8883824,8
Q9VKB2,7227,D. melanogaster,8.924332,2.888543,4
Q9W1V8,7227,D. melanogaster,12.357859,7.158782,0
Q59E36,7227,D. melanogaster,7.3650517,3.4764824,15
Q9BPQ3,7227,D. melanogaster,9.201377,7.574649,2
A1ZAC4,7227,D. melanogaster,14.134175,5.5914955,12
P55828,7227,D. melanogaster,10.312313,10.438326,19
A8DZ20,7227,D. melanogaster,9.837869,9.537575,15
Q8I941,7227,D. melanogaster,11.262397,6.4782634,17
Q9Y154,7227,D. melanogaster,12.882769,6.2625265,0
Q9W1W2,7227,D. melanogaster,7.6974487,4.1897492,14
Q9VWY6,7227,D. melanogaster,6.7336884,8.6874075,17
Q8SZ87,7227,D. melanogaster,11.127993,8.062452,0
M9NDS8,7227,D. melanogaster,8.530858,8.440094,17
M9NEG4,7227,D. melanogaster,9.203547,3.585498,4
Q8MSY3,7227,D. melanogaster,9.803346,7.497503,2
Q9VYC7,7227,D. melanogaster,4.8537254,7.9904733,14
P33244,7227,D. melanogaster,12.035912,7.9425063,18
Q8I0C2,7227,D. melanogaster,14.649108,8.324873,7
Q24137,7227,D. melanogaster,8.328727,4.2774963,6
Q01071,7227,D. melanogaster,4.6956687,4.302204,12
A0A0B4LFR4,7227,D. melanogaster,12.931445,7.4601192,18
Q8SWT9,7227,D. melanogaster,11.918522,3.2547278,10
P46223,7227,D. melanogaster,7.6865864,16.429476,3
A1Z7M3,7227,D. melanogaster,9.97601,3.153589,8
P48994,7227,D. melanogaster,12.582771,6.808349,0
Q9VWG1,7227,D. melanogaster,15.776534,6.5864496,15
A0A0B4JDD0,7227,D. melanogaster,12.873439,5.456488,11
Q9VTE0,7227,D. melanogaster,11.616773,5.1151032,0
A1Z893,7227,D. melanogaster,7.2291336,-0.13863617,2
Q9VR38,7227,D. melanogaster,4.147208,14.475969,15
Q9VPH8,7227,D. melanogaster,12.58302,7.714345,18
A0A0B4KEJ7,7227,D. melanogaster,7.435595,14.281132,2
Q7KVX1,7227,D. melanogaster,12.49284,9.245315,18
Q6IDH2,7227,D. melanogaster,11.50265,4.0108323,9
Q9VRY0,7227,D. melanogaster,11.484149,6.0229354,15
A1ZAU4,7227,D. melanogaster,10.891017,-5.858741,14
Q9N6N9,7227,D. melanogaster,11.698663,5.934604,17
Q8SXF0,7227,D. melanogaster,11.397506,5.0147343,12
P19889,7227,D. melanogaster,10.08761,8.072254,0
Q9V3S3,7227,D. melanogaster,13.170923,6.872452,0
Q9V3D5,7227,D. melanogaster,9.262023,2.3344722,5
Q2PDW6,7227,D. melanogaster,11.050923,3.8921704,6
A1ZAN7,7227,D. melanogaster,11.805089,4.7189045,9
Q9VT88,7227,D. melanogaster,9.618773,7.9831467,2
Q8IGP7,7227,D. melanogaster,10.79197,5.7102118,15
Q8IQ30,7227,D. melanogaster,12.75455,10.390913,15
Q2MGL2,7227,D. melanogaster,11.781861,5.589209,17
Q9VID4,7227,D. melanogaster,12.098622,6.2493415,0
Q8SX98,7227,D. melanogaster,11.841105,7.8439307,18
Q8MSF8,7227,D. melanogaster,11.042587,5.886465,15
Q8SZS6,7227,D. melanogaster,13.465854,5.2502694,12
Q9VR35,7227,D. melanogaster,10.910365,7.7735577,0
Q95R58,7227,D. melanogaster,9.570565,2.6000795,8
P61857,7227,D. melanogaster,10.29194,7.8709707,17
Q8MSJ8,7227,D. melanogaster,13.692537,7.747205,18
Q9NFV6,7227,D. melanogaster,10.703616,3.2093349,6
A1Z863,7227,D. melanogaster,4.147724,14.476495,15
A0A126GV03,7227,D. melanogaster,7.6000047,16.476858,3
Q8MLY8,7227,D. melanogaster,10.415295,10.193808,0
P92204,7227,D. melanogaster,10.873607,0.459579,4
C3KGN2,7227,D. melanogaster,10.559052,4.5452013,19
X2JAX9,7227,D. melanogaster,7.909622,11.138595,15
Q960J1,7227,D. melanogaster,11.544998,4.4825997,9
L0MN60,7227,D. melanogaster,7.6557665,16.484293,3
M9PF14,7227,D. melanogaster,9.686772,8.57922,0
P32865,7227,D. melanogaster,10.8502655,9.000114,0
Q8ITC7,7227,D. melanogaster,9.006749,3.7959719,4
A8JNK1,7227,D. melanogaster,10.91346,9.240147,15
Q95RL7,7227,D. melanogaster,15.691486,8.446403,17
Q24007,7227,D. melanogaster,8.013578,8.845737,1
Q0E9K8,7227,D. melanogaster,9.268065,8.039192,0
Q9VKV8,7227,D. melanogaster,8.898259,2.3079238,5
Q86BS3,7227,D. melanogaster,11.478692,7.6846967,0
Q0KIB3,7227,D. melanogaster,8.200862,9.617128,16
Q2PE37,7227,D. melanogaster,7.627305,4.8598747,17
Q9VPM2,7227,D. melanogaster,14.640141,5.038289,12
Q9VJQ5,7227,D. melanogaster,13.139176,6.910831,19
Q9W4D8,7227,D. melanogaster,12.671074,5.1085954,12
Q86BS0,7227,D. melanogaster,11.118397,2.3788197,8
Q8SY83,7227,D. melanogaster,-0.6014856,8.731336,0
A8JRD4,7227,D. melanogaster,11.893092,3.0127163,10
O77283,7227,D. melanogaster,12.238188,5.595756,12
Q0E9L3,7227,D. melanogaster,9.2800665,8.076192,2
Q59DZ0,7227,D. melanogaster,7.748313,8.439612,16
O16867,7227,D. melanogaster,14.984946,4.8092136,12
Q9VL79,7227,D. melanogaster,4.934086,2.0597558,14
Q9VCJ8,7227,D. melanogaster,7.174095,5.1446943,2
A0A0B4K7L3,7227,D. melanogaster,12.292558,3.3516853,11
C9QPH0,7227,D. melanogaster,14.264645,8.054736,7
Q961S1,7227,D. melanogaster,7.523617,9.237458,16
Q9VN21,7227,D. melanogaster,11.638614,5.105386,2
Q8MZI0,7227,D. melanogaster,7.3082075,5.7945194,2
Q8I0R4,7227,D. melanogaster,14.38768,8.338296,7
P15278,7227,D. melanogaster,11.378034,5.01925,15
Q7PLE9,7227,D. melanogaster,8.701916,17.325617,3
Q9VEQ2,7227,D. melanogaster,13.382725,4.8004847,11
B7Z058,7227,D. melanogaster,10.920793,6.1499786,15
Q9VS89,7227,D. melanogaster,11.914139,6.510747,17
Q9VKN7,7227,D. melanogaster,7.0881824,6.019192,15
Q9VDD7,7227,D. melanogaster,12.353709,6.1555676,2
A0A0B4JCQ5,7227,D. melanogaster,12.187006,8.270635,18
Q7K0S9,7227,D. melanogaster,12.379172,-0.7735908,17
P07207,7227,D. melanogaster,9.413488,6.0570254,2
Q9NHD7,7227,D. melanogaster,9.667684,2.5260243,8
Q9GU66,7227,D. melanogaster,14.318359,10.575414,19
A0A0B4K7T1,7227,D. melanogaster,12.425761,4.8173394,9
Q9Y168,7227,D. melanogaster,8.993369,8.3447895,17
Q8IR48,7227,D. melanogaster,7.403814,4.897737,2
P28159,7227,D. melanogaster,11.032851,3.8903506,6
Q9W1F4,7227,D. melanogaster,13.554934,4.733795,11
P34021,7227,D. melanogaster,11.210729,7.1722565,0
M9PJG1,7227,D. melanogaster,14.763575,8.432148,7
A8JQX0,7227,D. melanogaster,9.858832,3.172789,8
Q95TH0,7227,D. melanogaster,11.768638,7.9809885,18
A1Z8E9,7227,D. melanogaster,9.151582,6.6400886,15
A0A0B4KGX8,7227,D. melanogaster,12.642905,2.8019714,16
Q9VVE2,7227,D. melanogaster,15.32144,5.289353,18
P91682,7227,D. melanogaster,8.867891,7.8130183,17
Q9VLU4,7227,D. melanogaster,4.9214745,2.2216754,14
A8JNT7,7227,D. melanogaster,11.562441,8.191281,17
Q86BH1,7227,D. melanogaster,13.460644,4.578896,17
Q9VY43,7227,D. melanogaster,10.810691,6.3885145,15
A0A0B4LGV6,7227,D. melanogaster,13.593474,6.8428855,18
Q86NZ5,7227,D. melanogaster,8.065148,4.614077,19
Q9VCL9,7227,D. melanogaster,14.337172,6.598841,12
Q49BM0,7227,D. melanogaster,11.274606,2.6609893,15
Q9VAK7,7227,D. melanogaster,11.0542345,7.241383,17
A0A0B4KHU4,7227,D. melanogaster,11.128024,8.525507,2
O16124,7227,D. melanogaster,11.357902,4.860796,17
A0A0B4K669,7227,D. melanogaster,9.375638,7.357611,2
Q9VCB6,7227,D. melanogaster,9.483983,7.217213,2
X2JHS3,7227,D. melanogaster,9.866483,7.160703,0
Q9VYF2,7227,D. melanogaster,9.047744,5.70966,2
P11612,7227,D. melanogaster,8.866186,4.1412334,6
M9PEF2,7227,D. melanogaster,13.880852,4.048706,17
Q95YH6,7227,D. melanogaster,10.213286,4.8519864,15
Q8MQJ7,7227,D. melanogaster,14.187903,5.2890387,12
A0A6M3Q6U2,7227,D. melanogaster,11.16023,1.6736504,15
M9MRG5,7227,D. melanogaster,8.139682,4.2316103,19
Q9VD99,7227,D. melanogaster,10.541127,7.510514,0
P14318,7227,D. melanogaster,10.404202,4.433017,19
A0A0B4KFA6,7227,D. melanogaster,4.834481,2.4450204,15
Q24175,7227,D. melanogaster,4.892017,8.026864,14
A0A0B4KFE8,7227,D. melanogaster,10.76435,6.9569445,17
Q9VGM1,7227,D. melanogaster,12.62122,7.7589493,18
Q7JVK1,7227,D. melanogaster,10.61497,10.050374,2
Q49II0,7227,D. melanogaster,10.961042,2.1876743,5
C0HDP4,7227,D. melanogaster,12.668962,5.145802,12
Q9VWR5,7227,D. melanogaster,3.1078503,1.7846429,2
Q9VWD9,7227,D. melanogaster,12.487984,6.1420913,17
P18488,7227,D. melanogaster,11.274828,7.987382,0
M9PHF9,7227,D. melanogaster,3.6366496,-3.4756997,17
Q8MSA2,7227,D. melanogaster,7.142678,4.5321836,14
Q7KT97,7227,D. melanogaster,12.12955,16.447346,18
Q2Q3V6,7227,D. melanogaster,13.166218,8.60654,13
Q9V4A7,7227,D. melanogaster,9.200608,6.0069604,2
Q9VKP4,7227,D. melanogaster,15.204129,15.331867,9
O46043,7227,D. melanogaster,10.703183,3.4325955,6
Q7KUF9,7227,D. melanogaster,8.537176,7.3640285,19
Q24150,7227,D. melanogaster,7.9365897,8.269131,1
P16621,7227,D. melanogaster,8.890919,8.673973,2
A0A023GPK8,7227,D. melanogaster,10.952634,3.8164365,6
A1Z7S1,7227,D. melanogaster,8.76095,17.410051,3
Q9VEY9,7227,D. melanogaster,10.947089,6.8189454,15
Q6NNB4,7227,D. melanogaster,12.681203,3.8149173,17
Q9VX15,7227,D. melanogaster,9.764826,4.0561514,10
Q9VWL5,7227,D. melanogaster,7.0758004,6.186481,2
O96818,7227,D. melanogaster,9.821396,9.514334,19
O16039,7227,D. melanogaster,9.04859,5.997235,2
M9PI44,7227,D. melanogaster,14.682814,4.885891,12
M9MRU0,7227,D. melanogaster,11.937287,7.6337423,18
Q0E8X7,7227,D. melanogaster,11.695105,9.751919,2
Q9VZX7,7227,D. melanogaster,11.139815,2.9107814,4
Q9VP95,7227,D. melanogaster,8.850785,8.316709,2
Q9W1I8,7227,D. melanogaster,13.044055,8.647774,0
Q960E6,7227,D. melanogaster,13.209472,5.673517,13
A1Z9N8,7227,D. melanogaster,16.96494,9.762057,17
Q9V428,7227,D. melanogaster,6.9039755,8.998505,1
Q9V471,7227,D. melanogaster,14.5466585,5.0382857,12
Q9NJA1,7227,D. melanogaster,12.695944,6.746914,11
Q8T8Q5,7227,D. melanogaster,13.380364,8.539218,13
Q2XST3,7227,D. melanogaster,4.9062138,2.3505218,10
Q7YUC0,7227,D. melanogaster,15.742112,8.420959,7
M9PBM3,7227,D. melanogaster,11.4126,6.4150186,15
Q8MR70,7227,D. melanogaster,11.488795,7.026166,17
Q9VH91,7227,D. melanogaster,9.09247,3.840291,19
Q9VGZ5,7227,D. melanogaster,13.890829,4.9142723,9
Q7JVY2,7227,D. melanogaster,10.99214,6.726485,9
M9PJM9,7227,D. melanogaster,13.115091,8.595674,0
Q86P80,7227,D. melanogaster,11.983474,8.919858,17
Q7M3M8,7227,D. melanogaster,11.723129,7.9200854,0
Q86PM1,7227,D. melanogaster,12.994024,7.9146366,18
Q15K32,7227,D. melanogaster,12.363842,5.424436,11
P30974,7227,D. melanogaster,7.643912,4.797538,0
Q8SX64,7227,D. melanogaster,10.881654,4.575276,10
O62618,7227,D. melanogaster,12.317001,3.3511386,17
Q9Y119,7227,D. melanogaster,11.339252,5.719313,2
Q8T0H3,7227,D. melanogaster,7.4495554,8.255563,1
Q0E8G1,7227,D. melanogaster,13.239648,5.6051903,11
O76863,7227,D. melanogaster,12.972104,5.9995084,12
Q45VV3,7227,D. melanogaster,9.090745,3.4471333,4
Q8IQD9,7227,D. melanogaster,8.616551,3.5763204,19
Q7KU86,7227,D. melanogaster,9.868695,7.671524,15
Q9W5A4,7227,D. melanogaster,10.135322,2.9587827,8
P53777,7227,D. melanogaster,13.726039,3.7048917,15
Q24171,7227,D. melanogaster,9.323578,9.055885,18
Q960U5,7227,D. melanogaster,8.275835,5.5187,15
Q9VV96,7227,D. melanogaster,12.005076,3.4537342,2
Q24211,7227,D. melanogaster,11.675383,7.746654,17
P37193,7227,D. melanogaster,9.241569,8.047318,17
A0A0B4LEY2,7227,D. melanogaster,2.3374908,-1.001195,15
A0A0B4K6N2,7227,D. melanogaster,12.160633,16.415564,12
Q95S42,7227,D. melanogaster,13.789011,6.1834745,13
Q5U118,7227,D. melanogaster,9.469417,2.783815,8
Q9W0B8,7227,D. melanogaster,11.49361,5.066084,9
P23257,7227,D. melanogaster,7.7770724,5.351875,17
Q7KRY7,7227,D. melanogaster,12.1637945,16.411282,12
Q9W585,7227,D. melanogaster,8.748435,17.401592,3
Q8IPH9,7227,D. melanogaster,10.86839,4.268954,6
Q8IG94,7227,D. melanogaster,7.8980336,10.986627,17
Q9VL24,7227,D. melanogaster,9.367159,5.761441,2
Q8SY52,7227,D. melanogaster,12.771918,8.05167,18
Q8IPU3,7227,D. melanogaster,9.070545,7.427309,2
Q6AWQ4,7227,D. melanogaster,9.497416,7.629193,17
B7Z0S9,7227,D. melanogaster,3.577204,-3.5347095,15
Q9U458,7227,D. melanogaster,10.33624,4.2017827,19
Q95S28,7227,D. melanogaster,7.7146096,5.155207,0
Q9VEC1,7227,D. melanogaster,8.884328,8.39111,0
Q3YNB4,7227,D. melanogaster,15.669687,8.50955,7
Q7KUL4,7227,D. melanogaster,9.921793,7.039,17
A0A0B4KFW5,7227,D. melanogaster,12.186159,5.848526,18
M9NG38,7227,D. melanogaster,12.226531,6.13744,17
Q9VMF3,7227,D. melanogaster,12.199599,9.047022,18
X2J6U8,7227,D. melanogaster,11.526966,3.5214458,10
Q9VY87,7227,D. melanogaster,13.167961,8.558874,13
Q45WF1,7227,D. melanogaster,12.483181,3.408768,17
Q9VCF4,7227,D. melanogaster,10.459278,6.8278174,15
Q9VCK1,7227,D. melanogaster,10.894358,8.171442,17
Q9VEX7,7227,D. melanogaster,7.606855,5.290125,0
Q7KVY9,7227,D. melanogaster,10.710901,7.1523376,15
Q9GYV9,7227,D. melanogaster,11.644426,5.629306,17
P13395,7227,D. melanogaster,14.064294,4.872216,6
A1ZAX0,7227,D. melanogaster,13.279192,5.9990144,13
A0A0B4K7N1,7227,D. melanogaster,6.608803,6.865855,5
Q86MN7,7227,D. melanogaster,11.799956,6.764832,0
Q8IG99,7227,D. melanogaster,9.460755,6.225614,0
A1Z7V0,7227,D. melanogaster,11.798603,3.5972579,9
A8DYY3,7227,D. melanogaster,10.537678,9.435992,0
A0A0B4KHB9,7227,D. melanogaster,9.127303,7.430915,2
E1JHB7,7227,D. melanogaster,11.733092,5.181511,9
M9PB71,7227,D. melanogaster,11.319017,6.1324215,17
Q9VB22,7227,D. melanogaster,14.450638,8.351048,7
A8JR84,7227,D. melanogaster,7.076995,4.735264,15
Q9VR61,7227,D. melanogaster,10.923911,9.250411,15
Q7K1C2,7227,D. melanogaster,10.327562,-8.072843,15
M9NCX9,7227,D. melanogaster,13.807204,7.8248277,13
Q95SP2,7227,D. melanogaster,12.062846,8.833568,17
Q9VSL7,7227,D. melanogaster,9.422097,8.043705,2
Q9VFR3,7227,D. melanogaster,10.3335,4.1568623,4
P04052,7227,D. melanogaster,8.126618,8.150286,2
Q9VU38,7227,D. melanogaster,8.011767,6.8242097,15
Q9VSD3,7227,D. melanogaster,12.066723,7.3619227,0
Q24342,7227,D. melanogaster,12.660453,6.729159,0
Q8MSU2,7227,D. melanogaster,10.784102,3.1553714,8
Q9W1U4,7227,D. melanogaster,8.912267,7.066773,15
Q9VSI6,7227,D. melanogaster,12.490998,2.6087952,10
X2JAI4,7227,D. melanogaster,12.194691,4.606517,15
Q9VHX7,7227,D. melanogaster,11.284637,4.6695194,6
A0A0B4LF82,7227,D. melanogaster,11.9710245,6.80581,0
Q86R99,7227,D. melanogaster,8.395894,4.960525,10
Q8IHF0,7227,D. melanogaster,8.738005,6.766943,4
Q7K3Y1,7227,D. melanogaster,13.092228,4.0276413,13
Q8IPZ3,7227,D. melanogaster,7.2132,9.108314,1
Q9VN77,7227,D. melanogaster,9.064463,5.4206967,15
Q9VA12,7227,D. melanogaster,19.40182,13.629777,17
Q9W4L1,7227,D. melanogaster,10.396104,10.222179,2
Q9VA48,7227,D. melanogaster,11.523632,5.6252155,17
Q8MSY6,7227,D. melanogaster,10.480111,7.696348,0
Q86BN8,7227,D. melanogaster,10.616892,7.211952,15
Q95TR6,7227,D. melanogaster,13.384115,4.8557935,17
Q9VUT1,7227,D. melanogaster,13.995731,7.9978004,13
Q9VVU6,7227,D. melanogaster,11.598596,5.7564225,19
Q8SYK6,7227,D. melanogaster,14.688254,12.491938,14
Q9BHA9,7227,D. melanogaster,10.636918,3.4149766,6
A8JNM4,7227,D. melanogaster,9.381528,3.4882042,4
Q7JW46,7227,D. melanogaster,11.718974,9.673143,2
O96553,7227,D. melanogaster,6.73623,5.0528617,2
Q86BF9,7227,D. melanogaster,12.535665,3.8841307,0
D3DMU9,7227,D. melanogaster,7.597216,16.47698,3
Q24340,7227,D. melanogaster,11.981958,3.251189,15
P29349,7227,D. melanogaster,12.017383,5.58941,9
Q9VTH7,7227,D. melanogaster,12.2398205,1.4379592,10
Q9W3N8,7227,D. melanogaster,8.437243,7.419825,15
A0A126GV26,7227,D. melanogaster,5.857907,9.892006,2
Q960Q9,7227,D. melanogaster,10.889497,3.4248188,6
Q0E9L4,7227,D. melanogaster,12.69371,5.2976866,11
Q9VM62,7227,D. melanogaster,9.586322,3.978589,19
P06602,7227,D. melanogaster,9.906125,2.7633042,8
Q8IPL0,7227,D. melanogaster,14.492667,8.3606415,7
Q962F3,7227,D. melanogaster,13.027189,3.9382212,13
Q9W494,7227,D. melanogaster,12.634208,3.9408352,18
Q95SS9,7227,D. melanogaster,3.5524015,-3.5588846,15
Q24583,7227,D. melanogaster,8.649597,6.9892483,2
Q6TMH4,7227,D. melanogaster,14.773534,8.381894,7
Q9I7P3,7227,D. melanogaster,10.32869,-8.071615,19
Q9VEX6,7227,D. melanogaster,10.501258,4.2538776,19
Q9NBB7,7227,D. melanogaster,11.769779,5.8879395,17
Q9VD01,7227,D. melanogaster,10.572348,7.607132,2
Q9U4W9,7227,D. melanogaster,14.259765,7.8692894,7
Q8IMG1,7227,D. melanogaster,8.634591,8.61188,2
Q9V3R1,7227,D. melanogaster,6.9856834,4.7131596,15
Q8T0D3,7227,D. melanogaster,14.981838,6.360742,12
Q8MYY9,7227,D. melanogaster,12.663381,6.220371,0
Q8MR43,7227,D. melanogaster,8.63264,7.535397,2
Q9VDC3,7227,D. melanogaster,10.511137,6.829248,19
Q9VR53,7227,D. melanogaster,13.113763,7.622225,18
Q9Y153,7227,D. melanogaster,6.989599,6.7227683,14
Q9VWN9,7227,D. melanogaster,10.325693,4.0069766,19
Q8T0M5,7227,D. melanogaster,9.093343,3.5555835,4
Q45WF5,7227,D. melanogaster,12.498167,3.4166892,17
Q9VHK6,7227,D. melanogaster,9.649715,8.234147,2
A0A0B4K6T4,7227,D. melanogaster,14.336367,5.013654,12
Q7KJ73,7227,D. melanogaster,7.6875067,4.4781227,15
A1ZBM2,7227,D. melanogaster,11.005808,7.1765313,17
M9PC13,7227,D. melanogaster,12.29064,5.9600916,0
X2J5A2,7227,D. melanogaster,10.679357,5.871764,15
Q8MTA2,7227,D. melanogaster,13.39089,4.4731274,11
A8JRC4,7227,D. melanogaster,3.098829,12.604628,15
Q9VBN9,7227,D. melanogaster,4.94662,2.136864,14
Q7K0H4,7227,D. melanogaster,9.394272,8.986778,0
Q7K568,7227,D. melanogaster,7.516355,8.416781,1
Q9NBX4,7227,D. melanogaster,13.059076,10.318187,12
P15364,7227,D. melanogaster,14.498354,7.507243,13
Q9W5E4,7227,D. melanogaster,10.166091,3.4865162,8
Q9W224,7227,D. melanogaster,12.717299,2.6919525,17
Q9VLA1,7227,D. melanogaster,6.949901,-3.5829864,3
Q9VXZ2,7227,D. melanogaster,9.406888,5.784963,17
Q9GP67,7227,D. melanogaster,15.753299,8.518461,7
Q9W2X6,7227,D. melanogaster,9.553651,7.288868,19
Q7K764,7227,D. melanogaster,13.909734,5.4876432,12
Q9VLB7,7227,D. melanogaster,9.665292,2.5806475,8
O44924,7227,D. melanogaster,8.009449,13.0311985,17
Q9VD61,7227,D. melanogaster,11.996386,4.4161825,9
Q9I7R1,7227,D. melanogaster,3.557636,-3.5534792,19
E1JJ76,7227,D. melanogaster,10.467399,3.843887,10
Q0E940,7227,D. melanogaster,11.273687,3.4098554,6
Q5ELS8,7227,D. melanogaster,12.724457,4.992705,9
Q2PNP5,7227,D. melanogaster,9.734225,2.8130612,8
P34082,7227,D. melanogaster,7.1210876,4.7445493,14
Q05192,7227,D. melanogaster,8.46556,7.2434483,19
Q8T8Q6,7227,D. melanogaster,12.144022,16.41684,11
Q9VGL2,7227,D. melanogaster,14.774676,8.348062,7
Q6KCK5,7227,D. melanogaster,7.729124,9.444524,16
Q9XZT1,7227,D. melanogaster,10.521331,6.5498533,17
B7Z018,7227,D. melanogaster,10.15263,6.8958693,2
Q95S58,7227,D. melanogaster,13.341663,5.6730633,11
Q8MSW2,7227,D. melanogaster,9.9043,7.2372785,17
Q8INK6,7227,D. melanogaster,12.066807,3.4349804,15
Q7KTC3,7227,D. melanogaster,7.615174,4.797739,17
Q9VJW1,7227,D. melanogaster,11.192404,7.5007253,0
Q8MZC4,7227,D. melanogaster,18.901957,4.5110555,0
Q4V3E9,7227,D. melanogaster,9.40869,7.9496856,2
Q9VEV4,7227,D. melanogaster,12.239216,5.337137,9
X2JAC7,7227,D. melanogaster,11.297964,2.3868508,10
A8DY93,7227,D. melanogaster,12.642172,5.315772,17
Q9VWS3,7227,D. melanogaster,11.416904,5.2206125,15
E7EZE3,7955,D. rerio,10.003176,12.20609,17
Q6NYL9,7955,D. rerio,13.9739275,6.5033255,13
D0EXE4,7955,D. rerio,8.940559,2.546786,5
Q9PTJ2,7955,D. rerio,8.241899,7.3656015,1
Q9W7B2,7955,D. rerio,11.347654,4.5914946,6
Q52KL1,7955,D. rerio,7.3711386,5.3617377,17
A5PMY0,7955,D. rerio,13.874914,4.0383935,17
Q78CR8,7955,D. rerio,12.45643,2.5400803,14
D1LXJ0,7955,D. rerio,9.410031,-1.4394592,9
Q1WL64,7955,D. rerio,12.498328,8.442914,0
A0A2R8QTB4,7955,D. rerio,8.830049,8.229294,2
E7F0U0,7955,D. rerio,11.486547,4.061902,11
Q503Q0,7955,D. rerio,10.453714,3.113649,8
Q6DRP1,7955,D. rerio,9.5733,3.7617695,4
Q4TZW4,7955,D. rerio,15.1406145,5.152876,12
F1QFC0,7955,D. rerio,8.843397,2.057678,5
Q5CZW5,7955,D. rerio,12.3409,2.7841165,9
F1QNY8,7955,D. rerio,17.869478,11.715569,10
Q6NZ27,7955,D. rerio,14.19,5.13673,12
Q7ZW36,7955,D. rerio,8.487417,8.568661,15
A0A2R8Q857,7955,D. rerio,9.750835,7.6550126,17
F6NPZ8,7955,D. rerio,14.155535,7.555065,13
B0V1R7,7955,D. rerio,11.209386,7.8816204,0
Q6NV39,7955,D. rerio,8.739812,4.5257382,15
F1QY33,7955,D. rerio,10.5807085,4.9008155,19
F1QH64,7955,D. rerio,10.084979,2.7518928,8
A0A2R8Q781,7955,D. rerio,13.165527,10.536608,17
B8K0D5,7955,D. rerio,13.085966,5.3848414,11
Q6NYX2,7955,D. rerio,15.734941,6.593467,17
F1RB17,7955,D. rerio,9.900849,2.7362094,8
A0PGH6,7955,D. rerio,9.622497,3.4341328,8
F1R2Y2,7955,D. rerio,11.149897,4.030001,10
Q3BDW0,7955,D. rerio,7.5719647,4.327087,15
A4FVN3,7955,D. rerio,7.167674,5.1788154,2
F1Q8E8,7955,D. rerio,13.353928,4.338924,4
F1Q6U6,7955,D. rerio,7.646568,9.381051,16
Q8AV62,7955,D. rerio,1.1167984,-3.1703787,15
A0A286Y917,7955,D. rerio,13.448413,6.4884453,13
A0A1L3GW42,7955,D. rerio,11.149328,1.6656307,15
F1Q8G6,7955,D. rerio,13.392438,4.9285355,11
Q5U386,7955,D. rerio,10.216757,4.0134673,10
Q6P0T7,7955,D. rerio,11.126748,4.151459,6
Q7ZU02,7955,D. rerio,10.696727,7.031923,17
Q7ZVC4,7955,D. rerio,9.598458,2.4024587,4
Q6GQN0,7955,D. rerio,9.687225,7.148524,0
F1Q8A5,7955,D. rerio,14.425862,8.338559,13
X1WFI8,7955,D. rerio,13.221231,2.5553498,11
K7DY57,7955,D. rerio,10.884827,2.776715,8
Q0P3Z8,7955,D. rerio,11.954163,4.96308,9
Q6P2A8,7955,D. rerio,10.385191,4.103417,19
A0A2R8QGQ5,7955,D. rerio,10.055906,3.8765502,8
Q75ZI3,7955,D. rerio,10.515464,3.0772307,8
D6RUV3,7955,D. rerio,13.07812,10.274437,12
E9QEX1,7955,D. rerio,9.028588,2.0876937,5
F1QBZ9,7955,D. rerio,11.853568,6.685207,17
Q7ZYZ9,7955,D. rerio,4.8928685,2.459593,15
Q7ZV29,7955,D. rerio,13.746457,4.7623596,12
Q5XJ89,7955,D. rerio,12.196049,2.1636133,17
F1QJW8,7955,D. rerio,8.947432,17.14674,4
F6P6M2,7955,D. rerio,10.848119,2.612793,14
A0A140LG07,7955,D. rerio,14.587354,4.7779255,12
F1R9S3,7955,D. rerio,9.265097,2.990202,4
Q8JGS1,7955,D. rerio,11.306404,2.5188048,17
Q803B4,7955,D. rerio,12.643713,7.2768097,18
E7EZ05,7955,D. rerio,14.36879,4.9617677,12
Q6PGZ3,7955,D. rerio,13.042711,10.12,16
A0A2R8QGJ4,7955,D. rerio,10.895964,9.091716,17
Q0V963,7955,D. rerio,8.768285,17.172306,3
A0A2R8PZ52,7955,D. rerio,10.836066,3.5091023,10
A9JRT3,7955,D. rerio,8.441645,8.742547,2
A0A2R8RR81,7955,D. rerio,3.037786,2.7304072,0
F1QYS0,7955,D. rerio,14.127785,7.821709,13
A0A2R8QC07,7955,D. rerio,10.607908,7.998543,17
Q7SXU4,7955,D. rerio,3.1026762,1.7861665,2
B5DE38,7955,D. rerio,13.388557,6.0495496,18
O42245,7955,D. rerio,11.030756,6.440622,2
Q7ZU66,7955,D. rerio,6.9504642,-3.5829108,3
Q1W1Y3,7955,D. rerio,12.365435,6.087468,15
Q6PFM2,7955,D. rerio,9.246422,3.9178746,6
Q7ZZ62,7955,D. rerio,7.498097,4.4401197,0
A0A0R4IPN8,7955,D. rerio,5.025673,12.688686,17
Q4V8X1,7955,D. rerio,9.027773,3.2025642,4
Q90481,7955,D. rerio,13.296433,5.1114397,11
B6E511,7955,D. rerio,7.627073,4.3234606,15
A2BG54,7955,D. rerio,13.312461,10.1555605,17
Q566W8,7955,D. rerio,12.9779005,5.7281666,12
Q1JQ71,7955,D. rerio,12.672854,5.699194,0
Q4U0S2,7955,D. rerio,10.728863,6.629857,17
F1QVE6,7955,D. rerio,6.9263277,4.127902,10
X1WDE8,7955,D. rerio,7.661351,8.811993,16
A0A0R4IXD9,7955,D. rerio,11.380117,4.5080185,6
Q6P3G9,7955,D. rerio,8.45771,8.737791,2
Q4VV68,7955,D. rerio,7.342323,8.625572,16
F1QN46,7955,D. rerio,10.2840395,6.234584,15
Q8AWR3,7955,D. rerio,8.238853,9.10156,16
X1WBU0,7955,D. rerio,3.5520031,-3.5593874,15
Q9DE55,7955,D. rerio,15.258018,5.222276,12
Q7SXW0,7955,D. rerio,9.598238,6.693133,0
A0A2R8Q4T2,7955,D. rerio,9.456223,8.137997,2
B0S5H4,7955,D. rerio,7.6286864,4.78305,17
A0A0N4STP5,7955,D. rerio,8.246398,6.785202,19
F1QFC2,7955,D. rerio,8.544231,7.384703,2
F2Z4U3,7955,D. rerio,11.131815,1.6616976,10
E7FBY6,7955,D. rerio,7.17694,5.0661516,17
Q7ZWD0,7955,D. rerio,12.026451,3.28491,17
Q1LXE2,7955,D. rerio,12.093832,2.950761,17
Q68BU9,7955,D. rerio,4.8123946,2.4914951,15
F1QS48,7955,D. rerio,6.731946,5.0456266,15
Q7SYK9,7955,D. rerio,11.198021,7.334285,0
Q8JHI1,7955,D. rerio,10.400373,7.272823,0
A0A0R4IDS8,7955,D. rerio,13.541219,6.8624516,13
O42182,7955,D. rerio,11.371728,3.4924707,19
Q90417,7955,D. rerio,8.682533,1.8083322,5
A0A1D5NSC8,7955,D. rerio,12.201985,6.4041114,17
B3DFP9,7955,D. rerio,11.842453,5.494035,0
B8A5U4,7955,D. rerio,11.2701845,3.9634705,6
A7XDD8,7955,D. rerio,12.0125,7.622088,18
Q6TCF5,7955,D. rerio,12.357008,2.714155,17
X1WHF6,7955,D. rerio,13.817539,5.209942,12
A0A0R4IFA2,7955,D. rerio,11.035434,3.80074,6
Q6DRJ1,7955,D. rerio,9.397035,3.3260794,8
F1QVK7,7955,D. rerio,8.777458,5.7444506,11
B0S5V9,7955,D. rerio,11.611631,2.3652158,15
Q3BDV9,7955,D. rerio,11.985813,5.4549785,9
Q9YI03,7955,D. rerio,7.8687644,9.268372,16
Q6NW60,7955,D. rerio,11.331157,3.8428311,6
F1Q6J2,7955,D. rerio,14.819228,4.7283425,12
F1QJE5,7955,D. rerio,8.487636,9.090138,1
I6V1W0,7955,D. rerio,13.014877,4.889442,12
A3KNJ3,7955,D. rerio,8.880068,2.7433062,5
Q7SZV3,7955,D. rerio,9.7366495,9.630009,19
E7FAM5,7955,D. rerio,9.100938,4.174492,19
A0A2R8QM92,7955,D. rerio,12.154513,3.1552503,9
Q5TYZ2,7955,D. rerio,13.909041,6.057583,0
Q6IVW2,7955,D. rerio,11.9456005,3.0282688,10
Q7ZVP3,7955,D. rerio,9.945103,5.8954363,15
Q9DD59,7955,D. rerio,9.529249,8.0259,16
I3IRY7,7955,D. rerio,8.181467,7.3227396,19
Q7T024,7955,D. rerio,8.040627,3.944257,19
F1R0S9,7955,D. rerio,13.435463,4.3988843,4
X1WGD8,7955,D. rerio,7.2844157,4.9887238,15
Q6PH75,7955,D. rerio,3.4775362,-3.63392,15
Q801Z9,7955,D. rerio,12.888891,6.219452,11
Q9W747,7955,D. rerio,8.212617,5.577954,16
F1RD72,7955,D. rerio,12.01932,4.48313,11
Q66I80,7955,D. rerio,9.883538,6.798338,2
A0A2R8QLF5,7955,D. rerio,13.200395,6.177626,12
Q7T023,7955,D. rerio,12.790974,10.500904,3
B3DIC1,7955,D. rerio,4.8401923,7.999657,14
Q1RM27,7955,D. rerio,13.427074,5.6168327,12
Q6NYK1,7955,D. rerio,7.70594,4.7810574,0
Q6XSK8,7955,D. rerio,9.343871,3.6117978,4
Q9PW80,7955,D. rerio,10.348982,7.6408205,17
Q8AXY4,7955,D. rerio,11.625923,4.295111,16
A0A2R8QBG0,7955,D. rerio,10.353903,7.6702423,0
B8A531,7955,D. rerio,12.116766,6.8472996,17
Q90ZE3,7955,D. rerio,10.894115,-5.864438,14
Q6IQ64,7955,D. rerio,11.142817,0.29283422,17
Q5XJR2,7955,D. rerio,10.859883,4.55031,10
Q58W13,7955,D. rerio,2.2142963,4.162636,16
A0A0R4IM86,7955,D. rerio,13.889855,7.4543953,13
A0A0R4IKE0,7955,D. rerio,8.260541,8.049351,1
B8A5T9,7955,D. rerio,11.048537,5.8290734,15
Q6AXL1,7955,D. rerio,8.766645,3.6531003,19
Q5W8I8,7955,D. rerio,12.170265,16.408457,12
A0A068F1F8,7955,D. rerio,8.992522,3.38769,4
A0A2R8Q4R7,7955,D. rerio,9.500205,2.6867902,4
A0A2R8RUW2,7955,D. rerio,9.126595,3.5216787,4
Q5RJ80,7955,D. rerio,10.854972,6.6367135,17
Q05AP4,7955,D. rerio,13.527528,8.744238,12
A0A1L1QZI9,7955,D. rerio,7.1827474,5.1025524,0
Q5BKV4,7955,D. rerio,11.855761,2.947837,10
Q4V8T3,7955,D. rerio,10.41278,6.3530903,6
Q6NWL6,7955,D. rerio,8.730143,17.357958,3
F1QRW4,7955,D. rerio,7.7039332,16.44073,16
X1WD21,7955,D. rerio,13.902772,5.640912,13
Q7ZZJ7,7955,D. rerio,7.996271,8.544602,1
Q56A50,7955,D. rerio,9.369846,5.459665,2
A0A2R8Q9J3,7955,D. rerio,11.98679,7.3551188,17
A0A2R8PYB9,7955,D. rerio,12.379861,5.216029,12
Q801W2,7955,D. rerio,9.933308,3.423401,4
F8W3M1,7955,D. rerio,10.135361,7.693997,0
B2BWH5,7955,D. rerio,8.784267,17.507816,3
F1QK17,7955,D. rerio,13.2176285,10.503752,17
Q8AWZ2,7955,D. rerio,9.6300745,8.118527,2
E7FAP8,7955,D. rerio,12.038444,3.2532797,9
Q561Z2,7955,D. rerio,12.150555,6.8402843,17
A0A0R4IXP1,7955,D. rerio,6.890504,6.4959917,1
Q1LX52,7955,D. rerio,11.993028,6.2080765,0
E5DV48,7955,D. rerio,13.987754,7.4962053,13
A0A2R8QQX3,7955,D. rerio,10.5713825,4.211845,10
Q58EN8,7955,D. rerio,8.05385,6.9379845,19
A0A068FR04,7955,D. rerio,13.810626,6.1998134,12
A0A2R8RU11,7955,D. rerio,13.120322,5.162572,12
Q6PHF0,7955,D. rerio,-0.60145706,8.731347,2
Q6DC27,7955,D. rerio,9.579177,5.035398,15
A8WGB1,7955,D. rerio,10.893251,-5.8645945,14
F1QEB2,7955,D. rerio,12.176045,5.4945645,0
Q9W7C0,7955,D. rerio,11.177165,2.7025237,14
E9QB97,7955,D. rerio,7.620852,4.8208575,17
X1WHN9,7955,D. rerio,12.791188,5.9821763,12
Q5NE12,7955,D. rerio,8.533192,7.367331,2
Q5NDE5,7955,D. rerio,9.25602,3.1137235,4
A0A2R8QPL1,7955,D. rerio,10.404756,10.209103,2
B0V1I9,7955,D. rerio,9.26838,6.6237288,15
A0A286YAM6,7955,D. rerio,10.9486265,2.7043686,8
E9QE40,7955,D. rerio,9.097316,17.149975,3
A0A075BWY1,7955,D. rerio,13.220839,4.5995817,19
A0A2R8RV27,7955,D. rerio,9.079604,4.1605535,19
Q90XF2,7955,D. rerio,9.037452,8.243419,2
A3KPR7,7955,D. rerio,14.394306,6.7261634,18
E7EYF2,7955,D. rerio,12.0872,7.7909455,18
A0A2H4DYR3,7955,D. rerio,13.060722,10.975645,4
Q7T2V6,7955,D. rerio,14.765135,4.680405,12
E9QJC3,7955,D. rerio,13.686682,5.7012186,12
F1RC40,7955,D. rerio,13.475259,8.155989,13
E7FC99,7955,D. rerio,9.972859,5.8638825,15
Q5PRA7,7955,D. rerio,4.9296546,2.3382118,14
Q8JIR0,7955,D. rerio,8.969516,2.0847769,5
Q2KNE0,7955,D. rerio,11.413133,4.397203,9
F1Q875,7955,D. rerio,13.475578,7.860032,13
Q71G52,7955,D. rerio,8.118591,3.6122718,4
B3DGP6,7955,D. rerio,14.187636,4.8607407,11
B5L5I6,7955,D. rerio,10.476975,6.9682837,2
F1QB94,7955,D. rerio,12.420671,8.239678,18
A0A2R8Q858,7955,D. rerio,4.9100966,2.0453894,14
A0A2R8QHM1,7955,D. rerio,14.017509,4.819097,12
A0A0R4IUS4,7955,D. rerio,10.011084,5.590367,2
Q6IQS6,7955,D. rerio,12.013701,6.6561775,11
B3DIP9,7955,D. rerio,12.944506,10.839825,19
Q5G254,7955,D. rerio,13.120498,4.90478,12
B0R0V8,7955,D. rerio,11.740925,6.2830358,15
Q2QBW1,7955,D. rerio,12.367625,-0.8288965,4
Q5MAC8,7955,D. rerio,10.999506,0.33431783,15
F1QXF5,7955,D. rerio,11.87984,5.7731357,14
Q502A9,7955,D. rerio,11.39785,3.516958,6
A4IG25,7955,D. rerio,13.898782,6.4637985,12
A0A0B5JFE8,7955,D. rerio,14.141594,7.971476,13
P51028,7955,D. rerio,9.348183,8.22785,2
Q3ZM07,7955,D. rerio,12.072646,6.1630187,15
Q9DFU9,7955,D. rerio,6.906384,7.0466127,1
X1WG80,7955,D. rerio,13.195711,6.335225,12
D0EXE3,7955,D. rerio,14.069475,7.9442873,13
A0A1L2F565,7955,D. rerio,9.453123,-1.4965518,9
Q5EFQ8,7955,D. rerio,15.215795,15.35059,9
Q9W767,7955,D. rerio,11.624401,3.1001096,2
E9QGL3,7955,D. rerio,9.84345,6.873206,15
A2BGR9,7955,D. rerio,11.357171,6.1044865,17
A0A2R8RRP5,7955,D. rerio,9.771817,4.0388064,4
Q5U3H2,7955,D. rerio,8.997554,3.9166741,4
A4JYH0,7955,D. rerio,9.927244,3.066525,4
A0A0R4IJ04,7955,D. rerio,7.3914876,6.5291,0
Q7SXA0,7955,D. rerio,5.0533834,8.024276,2
A0A0R4IGE7,7955,D. rerio,14.291778,6.113697,11
Q800H0,7955,D. rerio,15.266976,15.277156,9
A0A0R4IIU6,7955,D. rerio,7.3982797,4.6952815,10
A0A0R4IP28,7955,D. rerio,11.665678,7.370029,18
F8W3U1,7955,D. rerio,9.189099,3.95231,4
Q1JQ12,7955,D. rerio,7.33629,3.343261,14
A9ULS6,7955,D. rerio,10.317041,-8.0840225,17
A0A140LGX4,7955,D. rerio,9.368872,5.664805,10
Q98UK2,7955,D. rerio,12.528116,3.1622534,17
Q4ZGL7,7955,D. rerio,12.707286,7.3121405,12
A2RV31,7955,D. rerio,12.492336,8.365173,0
F6P980,7955,D. rerio,11.563362,7.525266,0
F1QNZ5,7955,D. rerio,10.290061,4.7085915,19
G8Z413,7955,D. rerio,12.965683,5.817299,12
A4FUN8,7955,D. rerio,13.429664,6.5794287,13
Q5U3I6,7955,D. rerio,7.776357,8.399859,16
A0A0B4P508,7955,D. rerio,15.397092,8.356702,7
Q4QRF6,7955,D. rerio,10.319046,-8.082164,15
Q66HU9,7955,D. rerio,4.9045076,7.995588,14
F1R520,7955,D. rerio,10.2531595,2.958699,8
Q6DH87,7955,D. rerio,8.347622,4.455202,19
Q0R4G9,7955,D. rerio,11.868967,7.9391875,18
Q6DH83,7955,D. rerio,11.415772,6.510853,0
B0R0B2,7955,D. rerio,13.766665,7.4694605,13
E9QIU2,7955,D. rerio,12.238702,6.0072284,18
A0N0A9,7955,D. rerio,8.1474695,4.8847933,19
Q6AXL0,7955,D. rerio,11.31061,3.4420855,6
Q7ZVL3,7955,D. rerio,8.161821,8.563485,1
A0A2R8QKU5,7955,D. rerio,13.906114,5.3027515,12
O57409,7955,D. rerio,8.928779,5.728073,19
F1Q7Y5,7955,D. rerio,11.6996765,5.639627,11
Q50J87,7955,D. rerio,11.644445,7.066768,17
B7ZVU5,7955,D. rerio,10.425477,7.697678,17
Q5BLH6,7955,D. rerio,11.642194,5.661594,17
E9QIH3,7955,D. rerio,14.595404,6.4180865,18
A0A2R8RI04,7955,D. rerio,11.492228,8.168742,0
A4IG39,7955,D. rerio,12.354525,7.917505,0
F1R0A9,7955,D. rerio,8.336195,8.307354,16
X1WHJ4,7955,D. rerio,8.0254,4.635564,10
A0A0R4IH56,7955,D. rerio,12.455786,5.227902,9
F8W2S9,7955,D. rerio,13.154774,9.686865,12
A0A2R8QLU5,7955,D. rerio,13.884486,8.100494,13
A0A0R4IME9,7955,D. rerio,12.503847,2.6315942,10
Q6PW01,7955,D. rerio,11.303622,3.2703605,19
F1R3P5,7955,D. rerio,14.954648,4.8530273,12
F1QEB7,7955,D. rerio,11.549498,6.228264,17
A0A2R8RX00,7955,D. rerio,10.423997,10.2642145,0
D6RRB7,7955,D. rerio,11.1862335,2.5987167,19
Q801V8,7955,D. rerio,8.205662,7.7905865,1
Q5NJK2,7955,D. rerio,7.787905,4.730603,19
F1QMB9,7955,D. rerio,8.745633,8.662595,0
Q9PVF5,7955,D. rerio,10.713138,4.4682074,6
Q90Z78,7955,D. rerio,9.537536,5.2458405,19
E9QDH0,7955,D. rerio,9.181208,3.326122,4
Q08CR0,7955,D. rerio,11.637798,5.578148,9
A0A140LG72,7955,D. rerio,13.951909,7.326271,13
A8CYQ7,7955,D. rerio,9.404779,8.612268,2
Q6NWB6,7955,D. rerio,9.504809,-1.4364759,9
F1R0Z7,7955,D. rerio,1.5459462,2.8212178,18
Q4Z8P3,7955,D. rerio,9.129212,7.554829,2
A9C3V4,7955,D. rerio,10.462101,4.1511526,14
A0A2R8PVH8,7955,D. rerio,10.631083,6.0533395,2
Q6DEI6,7955,D. rerio,10.328033,-8.07246,15
A0A2R8QQ79,7955,D. rerio,9.782781,3.958066,10
A8WGN3,7955,D. rerio,11.565033,5.8337607,17
F8W267,7955,D. rerio,14.7601795,4.8435373,12
Q4V930,7955,D. rerio,11.594262,4.567848,6
A0A140LGH9,7955,D. rerio,13.804206,7.950227,13
A0A2R8RKG2,7955,D. rerio,13.556768,6.0910015,11
Q90ZT3,7955,D. rerio,9.23521,8.94031,0
B8A4M2,7955,D. rerio,7.182332,5.1099725,2
A0A2R8QHR6,7955,D. rerio,12.668869,7.223827,0
F1QJG4,7955,D. rerio,10.369135,6.9238567,2
Q6DHD7,7955,D. rerio,13.95033,5.0184035,9
F1Q6X6,7955,D. rerio,8.330261,7.150767,19
F8W571,7955,D. rerio,7.5644956,9.40844,16
A0A2R8QFJ1,7955,D. rerio,7.462541,3.2829523,14
A0A158VIC0,7955,D. rerio,12.999693,2.5299706,17
F1QSQ7,7955,D. rerio,14.665639,6.286488,12
F1Q910,7955,D. rerio,12.825938,0.42898652,17
I3IT32,7955,D. rerio,8.515093,3.63416,4
X1WE93,7955,D. rerio,13.968011,7.3403783,13
F1QXZ7,7955,D. rerio,-0.60156476,8.7314205,2
Q6IWL4,7955,D. rerio,13.635335,4.768573,12
Q50J35,7955,D. rerio,9.340154,8.314928,2
E7FAD0,7955,D. rerio,10.798309,4.679531,10
F1R619,7955,D. rerio,12.394604,7.9210877,18
Q6NYH5,7955,D. rerio,12.455832,5.184292,0
Q9IAA8,7955,D. rerio,10.030238,4.132567,19
Q8AWC6,7955,D. rerio,10.223126,9.691455,0
A0A2R8RWH2,7955,D. rerio,11.461984,5.840277,17
A8WHR3,7955,D. rerio,8.986127,5.9193215,2
Q6DG75,7955,D. rerio,14.117203,4.745637,12
E7FFI8,7955,D. rerio,13.19584,4.818816,11
Q8JHI7,7955,D. rerio,9.909351,7.727501,17
Q5K0E1,7955,D. rerio,10.703663,6.283384,17
A0A2R8PX85,7955,D. rerio,11.067461,4.5418468,15
A2BG18,7955,D. rerio,14.915362,8.401828,7
A0A1D5NSB1,7955,D. rerio,9.514914,2.5527933,4
Q8JFB0,7955,D. rerio,10.236288,7.710778,17
Q6KC03,7955,D. rerio,13.546182,8.226304,13
Q6P3I6,7955,D. rerio,10.275324,7.346897,15
B4XEZ3,7955,D. rerio,12.895276,5.7127876,12
Q5U3A7,7955,D. rerio,11.166333,4.744256,6
A0MGZ3,7955,D. rerio,15.752441,6.58676,16
Q4VBW1,7955,D. rerio,10.416655,4.2043896,19
A0A2R8Q839,7955,D. rerio,18.897564,4.5126834,18
Q9PTT9,7955,D. rerio,15.056143,4.6777725,12
C6GHV6,7955,D. rerio,7.75063,7.6459427,1
D3XD96,7955,D. rerio,13.113661,7.7373366,18
A4QP06,7955,D. rerio,12.2642765,7.6226916,18
A0A0R4IW44,7955,D. rerio,9.13714,5.876631,0
F1QGV3,7955,D. rerio,11.744886,7.4726167,17
Q5XJA9,7955,D. rerio,13.713937,3.6957479,19
F1QK82,7955,D. rerio,9.949672,7.599229,2
A8DZ86,7955,D. rerio,13.334372,8.438133,0
F1RA12,7955,D. rerio,9.951025,6.0086317,11
P87359,7955,D. rerio,10.050169,5.7338624,15
A0A2R8RRA6,7955,D. rerio,12.998233,5.584183,11
A0A2R8Q8V2,7955,D. rerio,11.533822,3.5673625,10
A5WUT8,7955,D. rerio,11.669182,5.9617357,0
F8W5L5,7955,D. rerio,11.658123,5.72043,17
A0JMP8,7955,D. rerio,11.747557,7.861431,18
A0A1P8SAQ3,7955,D. rerio,4.9212103,2.3197484,14
E7FGH7,7955,D. rerio,13.346958,8.8873,17
E7F632,7955,D. rerio,8.453491,8.057479,1
Q6PBW6,7955,D. rerio,11.164657,3.8931267,9
A0A0H2UKX5,7955,D. rerio,8.2133045,5.554872,2
Q6DEL9,7955,D. rerio,10.322152,-8.078878,15
F1RC38,7955,D. rerio,8.691664,6.5837803,10
Q6P980,7955,D. rerio,-3.3569436,4.962823,2
Q7SZF7,7955,D. rerio,10.419838,6.105962,11
A4QP84,7955,D. rerio,13.709557,5.2320766,12
A0A0R4I9Y4,7955,D. rerio,12.827455,0.39881992,15
A0A0B5JS51,7955,D. rerio,11.512657,3.6385987,9
E7F4G1,7955,D. rerio,9.862075,3.4542937,19
F1R2J1,7955,D. rerio,15.021479,4.6020837,12
A0A0J9YJ73,7955,D. rerio,11.587674,3.5601416,9
E9QIY1,7955,D. rerio,11.063127,5.865367,15
A8DZG9,7955,D. rerio,8.939885,8.032096,16
F1QFP1,7955,D. rerio,10.434994,6.865187,17
E7EZQ8,7955,D. rerio,5.807592,9.934027,2
Q8UUX0,7955,D. rerio,14.778281,9.47738,17
A0A0R4IMR9,7955,D. rerio,8.74656,7.2298126,15
Q502Q3,7955,D. rerio,17.850388,11.70426,10
E7FEM8,7955,D. rerio,12.58246,4.969775,2
Q4KMJ7,7955,D. rerio,10.328602,-8.071938,15
A5PN09,7955,D. rerio,9.491878,7.673919,17
P52889,7955,D. rerio,12.641852,9.098943,0
X1WDF3,7955,D. rerio,9.208225,3.7544594,4
F6NVB1,7955,D. rerio,10.256403,3.100444,6
Q5TYP7,7955,D. rerio,7.597528,8.368081,1
Q5RII7,7955,D. rerio,13.445395,8.907369,13
B0B1T7,7955,D. rerio,9.813531,3.614641,10
Q5K374,7955,D. rerio,8.474707,8.723124,2
F8WK50,7955,D. rerio,14.48227,5.485563,17
F1R8E8,7955,D. rerio,9.507611,8.989912,0
Q8JI10,7955,D. rerio,11.087259,5.1338563,10
A0A098DN12,7955,D. rerio,10.108071,6.4098744,9
Q6DC15,7955,D. rerio,13.319425,6.3045974,13
A0A0R4IPI0,7955,D. rerio,13.333513,8.903349,0
Q90474,7955,D. rerio,14.227813,4.9785433,12
B7ZD32,7955,D. rerio,9.172793,3.0399568,8
Q90WY5,7955,D. rerio,9.197124,3.7419224,4
E9QCQ2,7955,D. rerio,10.424628,4.423588,8
A0A2R8Q5P4,7955,D. rerio,7.650416,5.455678,0
A0A2R8QB11,7955,D. rerio,9.452951,5.769715,0
A0A2R8QA90,7955,D. rerio,13.5106535,8.939869,13
Q4V923,7955,D. rerio,10.388117,4.2676344,4
H0WEF2,7955,D. rerio,13.0923195,5.97497,12
A0A2R8RLW7,7955,D. rerio,13.150526,2.5408804,11
F8W2L0,7955,D. rerio,15.710044,8.44435,7
O73709,7955,D. rerio,10.957287,0.35447094,3
Q90270,7955,D. rerio,7.2101574,8.317871,16
Q5NE08,7955,D. rerio,12.1172285,6.9475102,17
Q6DGW7,7955,D. rerio,5.8038907,9.929142,11
F1QDF8,7955,D. rerio,8.396982,7.590455,19
Q6P4V3,7955,D. rerio,4.933249,8.037521,17
E7F0W6,7955,D. rerio,12.947536,3.418793,9
F1Q7Y7,7955,D. rerio,14.971559,4.6058373,12
A0A0R4IPF3,7955,D. rerio,10.43276,3.247351,6
P79689,7955,D. rerio,8.764989,7.4607687,2
Q504C0,7955,D. rerio,10.252289,3.9239645,19
C0LNQ7,7955,D. rerio,11.659018,6.667504,15
E9QDH2,7955,D. rerio,13.788812,4.8370247,12
X1WBB6,7955,D. rerio,4.9549394,7.996245,15
Q5TZH6,7955,D. rerio,10.018916,7.323105,2
Q6P3J5,7955,D. rerio,10.668218,3.4948752,10
F1RCV9,7955,D. rerio,12.052582,5.833041,0
Q6VYM3,7955,D. rerio,9.421364,-1.4659606,9
Q6PHV3,7955,D. rerio,11.79081,3.7556865,9
F1QQT3,7955,D. rerio,11.212159,4.299864,1
F1QLD3,7955,D. rerio,11.617624,6.635284,17
A8E7N0,7955,D. rerio,12.531715,9.420192,18
Q502Q5,7955,D. rerio,14.995388,4.61873,12
A0A2R8QSG8,7955,D. rerio,12.381821,3.4180748,17
F1QAC4,7955,D. rerio,11.430508,4.5456524,6
A0A0R4IFW4,7955,D. rerio,7.5589075,4.922136,17
Q307I6,7955,D. rerio,14.343934,10.541977,19
Q66IC8,7955,D. rerio,10.041198,4.644875,19
Q803M2,7955,D. rerio,13.462416,6.7539196,18
Q7ZU69,7955,D. rerio,7.7475915,9.471173,16
Q08CK9,7955,D. rerio,14.141275,4.9438486,12
D3XD68,7955,D. rerio,9.428357,7.5395284,2
Q7SXZ4,7955,D. rerio,9.514304,8.294361,2
I3IS06,7955,D. rerio,11.561722,5.4685316,15
F8W3B3,7955,D. rerio,11.484022,3.9955542,11
Q6NYV7,7955,D. rerio,11.582901,7.689999,0
E9QCS5,7955,D. rerio,8.540676,9.17828,2
D6BRL6,7955,D. rerio,19.403261,13.640247,2
A0A0R4IQS3,7955,D. rerio,9.763355,6.4827347,0
A0A2R8QIJ4,7955,D. rerio,14.823382,6.766448,0
A9JRD0,7955,D. rerio,11.430045,4.9344926,9
A0A0R4IXU6,7955,D. rerio,11.0654955,8.768618,17
E7F1A0,7955,D. rerio,14.408299,5.5357385,12
A0A2R8RXM9,7955,D. rerio,12.362318,5.0033216,9
A8E7G5,7955,D. rerio,9.63417,3.6269705,8
A0A0R4ICJ8,7955,D. rerio,13.507952,6.961326,13
A0A2R8QCL7,7955,D. rerio,9.048908,7.526947,2
Q567Z1,7955,D. rerio,13.642188,8.983446,13
A0A2R8QPP3,7955,D. rerio,14.378466,5.845471,12
A8KC60,7955,D. rerio,12.850369,10.376422,15
Q5TZ18,7955,D. rerio,11.402466,6.9346747,2
F1R3P4,7955,D. rerio,12.338156,5.556971,9
Q5ID22,7955,D. rerio,8.0185585,9.158725,16
Q568C0,7955,D. rerio,9.367573,6.813151,17
A0A2R8RP85,7955,D. rerio,12.786391,6.691221,11
Q1LXU5,7955,D. rerio,13.280877,7.385368,13
Q8UUZ5,7955,D. rerio,14.055155,5.8543806,19
F1Q5X0,7955,D. rerio,10.820489,4.46629,6
A0A2R8Q5D9,7955,D. rerio,7.226417,-0.14288367,2
B5A8L9,7955,D. rerio,11.668682,6.155186,17
K7X477,7955,D. rerio,10.638575,3.1898985,6
Q7ZV96,7955,D. rerio,10.474077,10.556266,8
E9QB34,7955,D. rerio,13.000434,3.4709027,12
Q5CZQ2,7955,D. rerio,11.180974,6.1539435,2
A0A2R8Q7Q3,7955,D. rerio,14.4553385,6.6085925,12
A0A2R8QHM9,7955,D. rerio,11.107577,6.5828485,17
B0JZM4,7955,D. rerio,15.02619,4.631848,12
A0A0R4IXY1,7955,D. rerio,7.589705,5.7643847,2
A0A0R4IR84,7955,D. rerio,10.561572,7.6624327,17
A0A0R4IQQ8,7955,D. rerio,8.782987,17.51219,3
A0A2R8QAK9,7955,D. rerio,13.625359,8.969857,13
U3JB32,7955,D. rerio,9.567421,5.014683,15
Q6YBS2,7955,D. rerio,11.064741,8.639627,2
F1R5E2,7955,D. rerio,7.3997064,3.5951445,15
Q9PTF9,7955,D. rerio,12.931826,8.619339,13
P40650,8355,X. laevis,7.3245053,5.1766453,15
A0JMW2,8355,X. laevis,10.886709,3.9795759,6
Q6IFY7,8355,X. laevis,8.099214,4.810929,19
P26696,8355,X. laevis,9.126006,7.4455457,2
P31291,8355,X. laevis,9.288047,9.055469,0
A0A1L8HYT7,8355,X. laevis,4.831566,7.9843597,14
P13351,8355,X. laevis,11.596134,5.470515,15
Q7ZXV8,8355,X. laevis,12.198089,5.777604,0
Q7ZT46,8355,X. laevis,9.69119,3.290226,4
P18117,8355,X. laevis,14.483665,6.3963804,6
Q9YGY3,8355,X. laevis,7.719837,5.4153867,9
Q6PHW7,8355,X. laevis,20.472933,3.4649653,15
Q90ZH7,8355,X. laevis,19.357973,13.601005,15
Q50L39,8355,X. laevis,11.672716,6.8303747,17
O57464,8355,X. laevis,11.848857,2.9638104,10
Q9DDA3,8355,X. laevis,14.12681,5.2458158,12
Q5XK83,8355,X. laevis,11.518189,5.8942795,0
Q9DF36,8355,X. laevis,12.178934,9.024285,18
Q6ZXA0,8355,X. laevis,10.608914,4.1265893,6
P45695,8355,X. laevis,10.4817505,6.1032925,19
P12965,8355,X. laevis,11.171984,4.627984,6
Q91855,8355,X. laevis,10.263627,6.740623,15
Q9PVZ3,8355,X. laevis,12.378115,7.77293,18
Q9PTP2,8355,X. laevis,13.22576,4.669992,6
O13024,8355,X. laevis,7.063582,7.461153,1
Q498L9,8355,X. laevis,11.589839,6.242622,17
P27633,8355,X. laevis,7.673403,8.161302,1
O57682,8355,X. laevis,11.180639,7.591441,2
Q9DEN3,8355,X. laevis,9.812697,7.305834,15
Q91677,8355,X. laevis,9.515733,7.6315303,15
P49338,8355,X. laevis,9.269373,8.390945,2
Q6GQD3,8355,X. laevis,10.305508,2.1831083,8
Q8AWF4,8355,X. laevis,8.994656,7.6054916,15
Q9PWJ5,8355,X. laevis,15.297394,5.3443675,9
Q3LH63,8355,X. laevis,13.422384,7.6429324,13
P26233,8355,X. laevis,12.164701,16.415245,18
P79937,8355,X. laevis,12.837156,5.6270294,11
B5MFE9,8355,X. laevis,7.6298556,4.4083138,15
B4ZIX8,8355,X. laevis,11.390294,3.948737,6
Q98TA5,8355,X. laevis,9.57624,3.9731035,19
Q4V7K4,8355,X. laevis,10.85957,8.9224415,17
O93309,8355,X. laevis,12.711807,7.4563546,18
Q804A5,8355,X. laevis,13.416362,4.7062225,17
A5J090,8355,X. laevis,12.327541,6.12996,15
Q66KV4,8355,X. laevis,10.337114,6.472512,2
P48530,8355,X. laevis,11.616104,3.0996172,2
Q91757,8355,X. laevis,8.199335,7.829589,1
Q91903,8355,X. laevis,9.659952,2.5715528,8
Q7T3U0,8355,X. laevis,12.103695,6.9367347,17
Q8JI28,8355,X. laevis,11.962834,5.9093037,18
O73622,8355,X. laevis,8.760322,17.482985,3
Q800K6,8355,X. laevis,13.377143,5.2503314,12
Q6GLP3,8355,X. laevis,11.023408,3.7309463,9
P49188,8355,X. laevis,9.450033,-1.4983948,9
Q6VVD7,8355,X. laevis,13.206177,10.738843,15
P49893,8355,X. laevis,14.497621,5.5638456,12
Q4W815,8355,X. laevis,8.255946,5.5902634,16
P16863,8355,X. laevis,9.2891865,7.561723,16
Q6GN86,8355,X. laevis,10.668459,4.0724688,6
P35373,8355,X. laevis,13.420098,6.454311,13
Q08B36,8355,X. laevis,10.520452,5.812682,15
B1H1W9,8355,X. laevis,7.1583776,4.6579475,19
Q91628,8355,X. laevis,10.343386,7.9336486,16
Q3MV19,8355,X. laevis,6.847147,6.8772326,4
Q9IB67,8355,X. laevis,14.688834,12.493483,10
Q2PYN8,8355,X. laevis,10.211641,8.927948,18
O13067,8355,X. laevis,8.874901,2.069877,5
Q6GNW0,8355,X. laevis,9.939001,6.282806,19
Q9W602,8355,X. laevis,9.605536,5.9688463,2
B1H1X1,8355,X. laevis,9.366023,3.180189,4
Q6NUA1,8355,X. laevis,14.214775,6.508645,12
Q5PPM0,8355,X. laevis,9.548738,9.061337,17
Q5FWU8,8355,X. laevis,11.988523,1.9239279,17
Q90XH3,8355,X. laevis,9.238688,2.1870906,5
O93352,8355,X. laevis,1.545725,2.821169,18
B7ZR65,8355,X. laevis,8.389802,7.177162,19
Q91898,8355,X. laevis,15.094316,4.6143446,12
P51126,8355,X. laevis,9.460488,5.109448,17
Q6DDW2,8355,X. laevis,12.779885,5.454319,12
Q91820,8355,X. laevis,9.030622,6.7155147,19
Q2MHQ9,8355,X. laevis,11.281855,5.3946686,17
O42579,8355,X. laevis,12.278935,3.2759075,17
Q3LGB9,8355,X. laevis,14.426568,4.5315185,12
Q6GNU1,8355,X. laevis,7.602071,9.197536,16
A0A1L8H8C0,8355,X. laevis,8.886327,8.481078,2
P63282,8355,X. laevis,2.3922706,-0.94615644,15
Q33DM4,8355,X. laevis,12.378604,7.6851797,18
A4GZV0,8355,X. laevis,12.035088,6.1139836,0
Q6AZM3,8355,X. laevis,8.022723,4.8709083,17
Q7ZYK8,8355,X. laevis,10.929897,9.263386,15
Q8UVD7,8355,X. laevis,10.570713,4.0388336,6
Q25QX6,8355,X. laevis,12.546666,5.059197,12
A0A1L8HU22,8355,X. laevis,8.4582205,7.4138975,15
Q6DE09,8355,X. laevis,11.9467,7.80227,0
Q801P7,8355,X. laevis,9.428054,5.5735035,15
P13563,8355,X. laevis,10.579224,6.250258,2
P52297,8355,X. laevis,6.8989196,4.9719453,2
Q6PA07,8355,X. laevis,13.473136,8.850265,13
Q9DG48,8355,X. laevis,12.400263,7.0828733,0
Q7T2V3,8355,X. laevis,10.652456,7.8387203,0
D3IUT5,8355,X. laevis,8.984271,7.5292783,2
Q8AWF5,8355,X. laevis,12.835068,10.390669,17
Q9DEN4,8355,X. laevis,7.0805984,4.885582,14
P31287,8355,X. laevis,12.338819,2.5339034,17
Q9I897,8355,X. laevis,11.73668,7.1511636,0
B9V5F5,8355,X. laevis,7.1639585,7.4964676,4
P67963,8355,X. laevis,-3.1994312,7.8817573,2
A9LS46,8355,X. laevis,7.682513,4.058406,4
Q641J8,8355,X. laevis,7.914499,10.870833,15
Q91905,8355,X. laevis,8.755471,9.008132,2
B7ZS96,8355,X. laevis,9.797319,4.717256,2
Q7T0V8,8355,X. laevis,8.91323,17.1022,3
Q7T0N9,8355,X. laevis,12.287054,7.1180463,0
Q8QGC4,8355,X. laevis,10.082546,2.7780492,8
Q8QHA5,8355,X. laevis,12.317802,5.1302,11
Q6AZN0,8355,X. laevis,14.881051,4.730786,12
Q9I9A7,8355,X. laevis,7.1317453,7.4177055,4
Q9PVV4,8355,X. laevis,10.585335,6.42637,2
P10108,8355,X. laevis,3.0357156,2.7305763,0
Q9DED4,8355,X. laevis,13.3892565,4.776687,11
Q06BR1,8355,X. laevis,10.497745,4.730065,15
Q9DFH4,8355,X. laevis,12.443152,3.442728,12
Q8JGN5,8355,X. laevis,11.618174,6.8612967,17
Q7ZX36,8355,X. laevis,9.763644,2.6285875,8
P55862,8355,X. laevis,9.838475,3.3731542,4
Q8AVL7,8355,X. laevis,17.728447,9.287755,15
Q9PTD7,8355,X. laevis,7.591066,4.7682757,17
Q9PT61,8355,X. laevis,11.882432,5.3038654,17
Q70AK3,8355,X. laevis,10.970176,7.352025,2
Q9W707,8355,X. laevis,12.800815,7.6956873,18
Q90Z05,8355,X. laevis,7.7134566,4.4320345,9
Q6GQB5,8355,X. laevis,10.4711275,2.7760966,6
Q9PST7,8355,X. laevis,8.369232,7.663816,1
P18119,8355,X. laevis,11.531792,5.2948484,17
Q91808,8355,X. laevis,7.4098716,5.3696017,17
P15308,8355,X. laevis,9.493819,-1.4197742,11
Q7ZYV9,8355,X. laevis,11.184625,3.860729,6
Q91727,8355,X. laevis,13.603553,5.9096556,12
Q90ZB6,8355,X. laevis,13.160816,10.503083,17
Q8AVG7,8355,X. laevis,10.66109,4.6168575,19
Q2TAD5,8355,X. laevis,3.040195,2.731113,0
P0DPK0,8355,X. laevis,12.441997,5.035182,12
Q6NRV0,8355,X. laevis,7.209115,4.781028,14
Q6DFL3,8355,X. laevis,13.327288,8.449536,13
O42342,8355,X. laevis,12.334619,4.731502,8
Q6DE14,8355,X. laevis,12.901341,6.2998347,13
Q9PUN1,8355,X. laevis,12.293681,8.015579,13
P23767,8355,X. laevis,10.417257,4.478228,6
A6P7H6,8355,X. laevis,3.14152,4.8634267,17
P33205,8355,X. laevis,7.4388967,4.7525353,15
Q90WW4,8355,X. laevis,12.006025,3.2678847,9
Q03414,8355,X. laevis,14.716522,4.901299,12
Q8AV69,8355,X. laevis,3.0810223,12.62008,17
Q7ZYE9,8355,X. laevis,13.691371,4.7955747,12
O73798,8355,X. laevis,12.333047,3.2064843,16
Q7ZYF2,8355,X. laevis,10.6849985,8.049157,0
Q6GQ04,8355,X. laevis,13.656858,6.6194882,13
O93343,8355,X. laevis,13.102128,5.4944944,12
Q641G4,8355,X. laevis,13.486791,8.945549,13
Q5PQ53,8355,X. laevis,9.543459,6.6514845,2
Q9PT68,8355,X. laevis,13.637756,8.888602,13
Q1XG42,8355,X. laevis,7.233024,5.1380267,0
P28025,8355,X. laevis,11.131472,4.607561,10
Q32N92,8355,X. laevis,9.21826,3.7750864,4
Q1XG44,8355,X. laevis,11.101934,8.010758,17
O93235,8355,X. laevis,13.375463,4.794902,11
Q6NRD3,8355,X. laevis,13.642856,8.801377,13
Q6IRR4,8355,X. laevis,9.55462,9.023006,17
Q91765,8355,X. laevis,14.013496,7.8485513,13
Q5W1J5,8355,X. laevis,10.545951,6.23502,17
Q9DE46,8355,X. laevis,11.718959,4.245286,9
A1A5I6,8355,X. laevis,13.583279,5.1624765,0
Q6DFD4,8355,X. laevis,12.873096,7.1092377,18
Q90X64,8355,X. laevis,12.892411,8.420066,13
Q6P704,8355,X. laevis,8.678466,17.433016,3
Q2I0E5,8355,X. laevis,13.4714575,4.5789566,17
D9IVE5,8355,X. laevis,9.724079,7.6665382,19
Q7ZYP6,8355,X. laevis,4.8520875,2.4189744,15
Q4FZ76,8355,X. laevis,9.836405,6.014832,2
Q66IV2,8355,X. laevis,13.062451,5.862315,12
A0A1L8I190,8355,X. laevis,13.382248,8.774764,13
P51644,8355,X. laevis,7.6016145,16.470947,3
Q5FWY4,8355,X. laevis,14.320884,4.16616,6
Q9W603,8355,X. laevis,12.311923,6.4999647,0
B7ZR30,8355,X. laevis,10.427433,5.983462,2
A0A1L8HX76,8355,X. laevis,11.473902,4.371367,6
Q6SIX7,8355,X. laevis,12.502256,3.5540948,9
Q9PTG8,8355,X. laevis,10.542808,4.371091,19
Q6RUW2,8355,X. laevis,12.165557,16.410774,18
Q9W6G7,8355,X. laevis,8.507443,7.353153,16
O42263,8355,X. laevis,11.34518,2.6110296,15
Q7ZZH7,8355,X. laevis,9.270772,6.624244,2
Q9DE26,8355,X. laevis,5.1334887,2.2649624,10
O73689,8355,X. laevis,4.9191113,1.9292883,14
O13046,8355,X. laevis,9.033113,9.075404,11
P18248,8355,X. laevis,9.956252,12.390287,19
Q9YGL1,8355,X. laevis,7.6618686,5.370895,0
P79960,8355,X. laevis,9.475146,7.814119,16
O42478,8355,X. laevis,11.731712,6.009489,9
Q91616,8355,X. laevis,11.697546,8.800899,0
Q91904,8355,X. laevis,11.666793,4.9632287,10
Q6IP18,8355,X. laevis,12.971168,4.9034977,12
Q9YGK8,8355,X. laevis,9.33009,6.7014675,15
Q7ZX64,8355,X. laevis,9.099184,6.8215218,17
Q6GPB9,8355,X. laevis,9.92343,5.652349,17
Q4FZW5,8355,X. laevis,8.891747,7.82981,2
Q0P031,8355,X. laevis,19.403126,13.63495,15
P45593,8355,X. laevis,10.5006485,5.998066,19
P28021,8355,X. laevis,11.405368,8.626165,0
Q9YGY0,8355,X. laevis,11.478035,6.8566575,17
Q6VRB0,8355,X. laevis,13.441897,4.5128384,11
Q8AXX8,8355,X. laevis,8.542653,8.122605,2
Q804H7,8355,X. laevis,11.676252,6.8276477,17
O42123,8355,X. laevis,17.732397,9.289496,15
P48533,8355,X. laevis,11.608533,3.0594168,6
Q7ZX35,8355,X. laevis,7.1229324,4.429959,14
Q7ZT01,8355,X. laevis,10.33918,4.526752,19
Q91821,8355,X. laevis,12.822994,10.425029,15
Q8QGV2,8355,X. laevis,8.052659,3.6364222,4
Q0IH87,8355,X. laevis,9.207965,5.5186987,17
Q805B4,8355,X. laevis,9.843461,7.121829,2
Q7ZXW9,8355,X. laevis,8.880871,2.964429,8
B7XDF1,8355,X. laevis,12.483701,5.067155,12
Q9PSY4,8355,X. laevis,9.848014,7.564629,2
Q6DKE2,8355,X. laevis,10.476012,5.983921,2
Q1L721,8355,X. laevis,11.649315,5.269251,17
P48805,8355,X. laevis,3.1874049,4.841589,19
B7ZR20,8355,X. laevis,8.353164,7.9118233,1
O57537,8355,X. laevis,9.415687,7.476234,9
Q4JNX8,8355,X. laevis,11.146922,6.980349,17
Q91689,8355,X. laevis,8.9363575,7.974147,2
Q6GPD1,8355,X. laevis,13.352095,5.656118,12
Q9YHC5,8355,X. laevis,11.5119705,4.568894,9
Q7ZYB4,8355,X. laevis,13.338888,10.191541,17
P31285,8355,X. laevis,10.844508,5.1169443,17
A0A8M2,8355,X. laevis,12.222345,7.579579,18
O13125,8355,X. laevis,15.296972,5.27247,12
Q5HZ83,8355,X. laevis,13.030417,2.525997,17
Q91349,8355,X. laevis,8.327632,8.0230665,1
P24727,8355,X. laevis,12.286362,2.763228,9
Q2TAV5,8355,X. laevis,10.115072,3.6875324,8
P86413,8355,X. laevis,14.529635,5.5679445,12
Q5XHF6,8355,X. laevis,8.059109,8.248652,16
A7UKY7,8355,X. laevis,14.291704,6.4746947,13
Q9I8W5,8355,X. laevis,8.990139,6.5604067,17
Q91619,8355,X. laevis,11.639446,2.8584125,6
Q640Z6,8355,X. laevis,11.4510355,2.9209533,10
Q9PTN1,8355,X. laevis,9.38828,3.4194655,8
P15204,8355,X. laevis,8.770742,7.5306616,1
O93509,8355,X. laevis,11.207658,2.4836879,10
Q6GLZ5,8355,X. laevis,6.950532,-3.5819433,15
Q6XQ84,8355,X. laevis,12.656184,5.1203804,9
Q6PAY1,8355,X. laevis,10.870416,6.0625052,6
Q8AVJ9,8355,X. laevis,14.893976,4.630911,12
Q640K3,8355,X. laevis,12.321371,4.88423,9
Q9I9K6,8355,X. laevis,11.361402,6.9617877,17
Q6GQG6,8355,X. laevis,12.04099,6.561926,11
B0F0H3,8355,X. laevis,9.055666,3.3589487,4
Q91550,8355,X. laevis,10.290588,6.215718,15
Q7ZY81,8355,X. laevis,10.360887,4.235917,14
Q90Z12,8355,X. laevis,13.508617,7.116766,18
P17506,8355,X. laevis,13.970829,6.2721496,12
Q8JH92,8355,X. laevis,12.179557,2.1449447,10
Q7ZT47,8355,X. laevis,11.052017,6.4612246,17
Q9PT60,8355,X. laevis,9.9226055,7.24657,0
P70005,8355,X. laevis,7.2033267,9.217968,1
Q6DFI7,8355,X. laevis,13.332188,8.891023,12
P54824,8355,X. laevis,13.359089,10.194675,15
Q9DF49,8355,X. laevis,11.184178,7.1456933,17
D3YN49,8355,X. laevis,11.309449,7.068851,17
Q7ZXZ0,8355,X. laevis,13.384004,5.5719786,11
O42569,8355,X. laevis,11.914115,3.059496,10
Q9PUN2,8355,X. laevis,11.876916,5.137587,16
Q8JJ48,8355,X. laevis,6.554838,4.742203,15
B7ZSG3,8355,X. laevis,7.572935,8.242804,1
O42480,8355,X. laevis,11.374341,6.8460026,17
Q91854,8355,X. laevis,13.902034,6.515287,12
P70056,8355,X. laevis,12.840018,0.37240717,14
P21711,8355,X. laevis,12.854152,5.464677,12
B7ZS92,8355,X. laevis,12.323014,7.672176,18
Q670P5,8355,X. laevis,8.515866,7.9910855,17
Q6AZR2,8355,X. laevis,10.826899,6.728926,17
Q9DE32,8355,X. laevis,10.109771,5.1194706,19
Q8AVT9,8355,X. laevis,8.672883,8.436945,2
O73932,8355,X. laevis,12.553742,6.635411,18
Q8QFR4,8355,X. laevis,9.646851,2.039807,8
Q01978,8355,X. laevis,13.149744,10.39667,17
Q9DE33,8355,X. laevis,17.847242,10.586269,6
Q9DE14,8355,X. laevis,10.60102,3.5053792,6
Q91731,8355,X. laevis,7.70466,8.77341,16
Q9YH09,8355,X. laevis,8.92576,1.9697301,5
Q9PVZ4,8355,X. laevis,7.5052466,5.4374685,17
Q91350,8355,X. laevis,11.099856,6.598944,2
Q91783,8355,X. laevis,12.471294,4.767023,12
Q9YH71,8355,X. laevis,15.754718,8.346258,7
P23437,8355,X. laevis,10.928813,8.19428,17
Q7SZT9,8355,X. laevis,13.490203,4.7087536,17
Q08820,8355,X. laevis,10.893475,0.4823779,19
Q5PQ29,8355,X. laevis,13.239357,5.8445687,13
A5PKP9,8355,X. laevis,2.326096,-1.0127856,3
Q9PUK5,8355,X. laevis,12.686259,9.099276,11
A0A1L8ER70,8355,X. laevis,12.737604,2.6652806,17
Q5HZM6,8355,X. laevis,9.060731,7.2409945,2
P16143,8355,X. laevis,11.205874,4.537054,6
Q6PAD2,8355,X. laevis,6.753,5.04455,2
Q07016,8355,X. laevis,10.649177,3.493522,19
Q4KLP8,8355,X. laevis,9.5585,5.812708,17
Q1AGV6,8355,X. laevis,13.031759,3.9193518,13
A4FU91,8355,X. laevis,10.870431,3.9893055,6
Q3KPK4,8355,X. laevis,13.424278,5.4745,12
Q32NJ2,8355,X. laevis,9.55326,5.106349,15
Q6GNV6,8355,X. laevis,7.524558,4.440119,19
B7ZQA9,8355,X. laevis,9.5815325,6.3680243,2
P52301,8355,X. laevis,8.683047,17.428001,3
Q6DD33,8355,X. laevis,11.434431,7.595106,0
Q91620,8355,X. laevis,14.775092,4.655274,12
Q6DE08,8355,X. laevis,11.222801,3.3343644,10
B0ZTE1,8355,X. laevis,14.661111,5.183536,12
Q7T2X6,8355,X. laevis,9.273217,6.3199596,6
P12226,8355,X. laevis,3.1460586,4.858487,15
B9X187,8355,X. laevis,10.425416,7.932155,17
Q6GLP4,8355,X. laevis,8.24602,8.5677395,16
Q32NQ7,8355,X. laevis,8.774459,6.6103683,15
P30309,8355,X. laevis,9.022421,8.2561455,2
Q90VV1,8355,X. laevis,8.805351,8.997039,11
P70033,8355,X. laevis,4.952803,2.3279285,14
P19382,8355,X. laevis,14.467278,5.649751,12
Q9W7F2,8355,X. laevis,6.5923157,6.721401,14
Q7ZXB1,8355,X. laevis,9.389458,8.634149,2
Q6DE18,8355,X. laevis,11.256882,7.1554403,0
Q7T0S5,8355,X. laevis,8.867086,17.652502,3
Q27IV2,8355,X. laevis,11.760718,6.4645176,0
Q4A520,8355,X. laevis,9.244032,2.2983093,5
P84233,8355,X. laevis,5.0528693,12.663001,17
Q9YGC3,8355,X. laevis,9.240075,3.0603473,4
Q9PVM0,8355,X. laevis,10.712557,6.621731,17
Q9DDY9,8355,X. laevis,14.772027,6.7043824,12
P13350,8355,X. laevis,7.9967003,8.268824,16
Q05AW3,8355,X. laevis,9.138474,3.8103127,4
Q9PRJ8,8355,X. laevis,10.597762,3.7118428,10
Q5U259,8355,X. laevis,13.332233,5.921226,11
Q498J7,8355,X. laevis,11.84078,6.5442114,0
Q4V865,8355,X. laevis,9.060038,5.898038,17
Q563C3,8355,X. laevis,12.262467,6.3451996,0
Q800X4,8355,X. laevis,12.374151,2.8355258,9
Q6NRJ5,8355,X. laevis,8.284358,3.8295805,4
Q6NRT0,8355,X. laevis,8.41641,7.218921,19
Q66KE8,8355,X. laevis,11.679138,4.970565,10
A0A1L8FNF3,8355,X. laevis,8.9095545,6.9893537,2
P50532,8355,X. laevis,7.176051,7.4581656,4
Q9IAB2,8355,X. laevis,9.039295,5.8314214,2
Q90Z80,8355,X. laevis,8.533613,7.2850976,2
Q6PAW2,8355,X. laevis,13.1878395,10.564038,17
P36200,8355,X. laevis,7.7158365,8.710011,16
Q98SK0,8355,X. laevis,11.114817,3.8869264,6
P31286,8355,X. laevis,11.936758,5.285753,0
B7ZSK1,8355,X. laevis,11.225115,6.6886606,17
Q9DGP9,8355,X. laevis,8.134159,8.514025,1
A8E0R9,8355,X. laevis,11.058804,5.8109303,15
P27088,8355,X. laevis,8.05195,7.969987,15
P55863,8355,X. laevis,10.226664,9.874896,0
P70054,8355,X. laevis,7.6644545,9.548926,16
Q32NN2,8355,X. laevis,13.463944,7.4687514,13
P13903,8355,X. laevis,15.310228,5.2722344,12
P70040,8355,X. laevis,9.960981,8.608089,2
P09560,8355,X. laevis,9.06366,8.344634,17
Q6DCP4,8355,X. laevis,9.6727085,5.7993946,17
Q9PW62,8355,X. laevis,11.632325,3.682772,2
A0SNQ7,8355,X. laevis,10.608047,7.314116,0
Q7ZZY7,8355,X. laevis,8.287747,8.405539,1
C0SPG1,8355,X. laevis,8.858276,17.553005,3
Q9PRI8,8355,X. laevis,9.181746,5.909248,0
O73753,8355,X. laevis,12.036567,2.7819536,6
Q90XW6,8355,X. laevis,9.655984,6.508168,0
Q498H0,8355,X. laevis,12.085977,4.6597123,11
O73823,8355,X. laevis,12.041508,4.7787213,9
Q6INN8,8355,X. laevis,6.578171,6.753433,5
P43690,8355,X. laevis,9.828297,7.417767,2
Q98998,8355,X. laevis,9.858522,3.8635955,10
Q9DE27,8355,X. laevis,11.872808,5.4718223,9
Q91770,8355,X. laevis,15.03426,4.605618,12
Q7ZWU1,8355,X. laevis,10.833632,6.790852,0
P11048,8355,X. laevis,6.8897753,4.531301,15
P0DP33,8355,X. laevis,11.189188,0.22102185,3
P05221,8355,X. laevis,12.04762,6.6076427,11
Q2PG84,8355,X. laevis,8.862921,7.510526,2
Q8AXB4,8355,X. laevis,12.0490675,2.9725654,17
Q7ZYQ0,8355,X. laevis,7.5528526,5.5320435,0
Q6INT1,8355,X. laevis,9.439176,6.335668,19
Q6JPI2,8355,X. laevis,8.828172,2.1511781,5
Q91752,8355,X. laevis,12.377933,3.7871742,9
A0JMY4,8355,X. laevis,13.067022,8.323277,13
A0JC51,8355,X. laevis,13.995992,4.9570174,11
Q498G2,8355,X. laevis,11.613514,3.0828977,10
Q0IHI4,8355,X. laevis,7.256572,8.1155,1
P43695,8355,X. laevis,10.102069,2.944759,8
Q8UVQ4,8355,X. laevis,8.647245,8.263259,2
Q6DJN2,8355,X. laevis,7.5467777,8.5847845,16
Q6NRK1,8355,X. laevis,12.9036,4.811647,0
Q32NK7,8355,X. laevis,11.034184,3.8300772,10
Q09003,8355,X. laevis,9.202008,5.821958,0
Q90X95,8355,X. laevis,12.835618,10.359773,15
P70062,8355,X. laevis,9.639279,2.866812,8
Q8AX98,8355,X. laevis,14.154953,4.907049,12
Q8AWG4,8355,X. laevis,8.711075,17.365896,3
P30664,8355,X. laevis,10.450021,7.7644114,17
Q91684,8355,X. laevis,10.288125,4.0414248,6
P87377,8355,X. laevis,12.310405,3.5262527,17
Q00P32,8355,X. laevis,4.695683,4.302166,12
P37137,8355,X. laevis,9.248066,4.377108,2
Q6DCV2,8355,X. laevis,9.181391,2.4607413,5
Q91603,8355,X. laevis,12.538042,5.059321,12
A1DPK7,8355,X. laevis,15.080008,8.461521,7
Q641F2,8355,X. laevis,12.641041,7.7629757,18
Q8JHV9,8355,X. laevis,8.026949,8.395846,1
Q5FWP9,8355,X. laevis,12.517514,7.6486974,18
B0ZTE2,8355,X. laevis,14.606646,5.2325783,12
O12948,8355,X. laevis,9.392426,5.674966,2
Q6GPJ9,8355,X. laevis,11.518629,5.4085197,14
Q6DDF4,8355,X. laevis,12.968447,8.623976,12
Q63ZQ7,8355,X. laevis,10.954803,4.1465373,8
Q9I8A3,8355,X. laevis,13.334917,6.0200973,12
A0A1L8HFX9,8355,X. laevis,10.473926,4.1280613,10
Q9PSD8,8355,X. laevis,13.290889,5.1166964,11
Q91580,8355,X. laevis,11.090637,3.6186485,6
Q8AXF4,8355,X. laevis,11.996892,3.1922953,10
Q9W701,8355,X. laevis,10.989449,3.4356449,6
Q642N8,8355,X. laevis,10.646208,5.155987,15
Q6GLY5,8355,X. laevis,8.20624,3.5472453,4
Q6GNT6,8355,X. laevis,8.0828705,4.96082,15
Q9PWM7,8355,X. laevis,11.13879,3.959059,6
Q9IB89,8355,X. laevis,7.889105,8.62736,1
Q6NTJ3,8355,X. laevis,10.535957,5.800958,15
Q6IRB1,8355,X. laevis,7.241601,6.659246,16
P79944,8355,X. laevis,10.637962,6.169642,2
P18115,8355,X. laevis,10.056321,3.1939867,8
Q8UUJ9,8355,X. laevis,15.699418,10.34873,14
Q66IZ6,8355,X. laevis,8.413912,7.8468475,16
O13097,8355,X. laevis,14.36032,10.579089,15
Q90ZH8,8355,X. laevis,12.866071,7.206405,18
A0A1L8HBI7,8355,X. laevis,12.209074,6.0062027,9
A7XY94,8355,X. laevis,11.200281,5.3071985,17
B0I1G7,8355,X. laevis,14.457354,5.3276343,12
Q9YHB5,8355,X. laevis,10.224173,3.181555,6
Q5FWK6,8355,X. laevis,14.27913,6.2826233,11
A0A0H5BJW1,8355,X. laevis,7.961124,8.849766,16
Q1AGV7,8355,X. laevis,13.037842,3.8871198,18
Q91908,8355,X. laevis,9.6350975,2.8898106,8
Q641G7,8355,X. laevis,10.129608,5.2073197,6
Q91848,8355,X. laevis,15.02413,4.722682,18
P51113,8355,X. laevis,10.757566,6.2205353,16
P70060,8355,X. laevis,9.565578,3.8413863,10
P50533,8355,X. laevis,11.967358,5.572636,17
B5TR11,8355,X. laevis,7.605837,5.109214,17
Q9PU13,8355,X. laevis,12.46896,8.338605,0
Q2PBC2,8355,X. laevis,14.543692,5.165899,12
Q6INC4,8355,X. laevis,10.615727,5.9056687,15
P0DP34,8355,X. laevis,11.179103,0.22982456,3
A2RV69,8355,X. laevis,12.028449,6.964841,17
Q153D9,8355,X. laevis,12.725816,8.387486,17
R4JU55,8355,X. laevis,11.153057,1.6684853,15
Q5UE94,8355,X. laevis,12.550907,5.164107,11
Q3B8L5,8355,X. laevis,4.9465933,2.3625722,14
Q7SZL5,8355,X. laevis,11.134085,4.5727,6
P50755,8355,X. laevis,10.025369,3.27518,8
Q91649,8355,X. laevis,12.514816,3.281348,0
A5D8Q0,8355,X. laevis,12.223256,6.5099688,17
Q8UW72,8355,X. laevis,4.6934733,4.3013725,12
D5LMF5,8355,X. laevis,9.578991,5.1260705,10
Q0IH24,8355,X. laevis,12.157666,5.80058,17
Q91562,8355,X. laevis,7.4978476,6.1834507,2
Q7ZXE9,8355,X. laevis,12.433605,6.033605,0
Q7ZX96,8355,X. laevis,12.984947,10.940323,4
O73754,8355,X. laevis,11.936224,2.7800465,6
Q7T0S3,8355,X. laevis,10.861967,3.4762933,6
Q6GN08,8355,X. laevis,10.4581995,3.9604938,10
P28026,8355,X. laevis,7.645367,8.349279,1
Q7T103,8355,X. laevis,10.580973,5.8042884,19
P33148,8355,X. laevis,11.06062,5.451425,15
P62972,8355,X. laevis,13.471259,5.522415,4
Q4V7H8,8355,X. laevis,11.64739,7.120911,0
P79920,8355,X. laevis,4.6983323,4.3025603,12
Q91713,8355,X. laevis,6.794587,5.029309,2
Q6DCJ4,8355,X. laevis,7.2288713,7.4287124,4
Q8UW74,8355,X. laevis,4.6975718,4.3026357,12
Q68FJ0,8355,X. laevis,10.821372,4.2261777,19
Q90ZH9,8355,X. laevis,9.020834,3.8309271,4
A0A1L8HV70,8355,X. laevis,14.345368,5.900215,17
Q8AXW8,8355,X. laevis,7.63584,9.019028,16
P35567,8355,X. laevis,10.215616,7.114489,15
P29674,8355,X. laevis,11.117937,2.8689497,8
O42601,8355,X. laevis,8.974372,7.6796427,1
Q6NTS2,8355,X. laevis,10.308324,6.4858494,2
P51115,8355,X. laevis,12.841986,5.96076,12
Q8AY29,8355,X. laevis,9.120057,3.4828012,8
Q9PWR3,8355,X. laevis,11.488324,7.2611136,17
K7SGN7,8355,X. laevis,10.712285,3.565907,10
Q91924,8355,X. laevis,10.171977,8.221412,17
Q9I8G4,8355,X. laevis,12.814139,5.6213374,12
Q90X96,8355,X. laevis,3.0929782,12.609313,15
Q9IAX2,9031,G. gallus,12.119741,8.903553,18
Q7T2Z5,9031,G. gallus,10.746496,3.455404,10
P67964,9031,G. gallus,12.380172,2.7815926,17
Q9IAU4,9031,G. gallus,11.050115,2.9107456,10
Q5ZMF3,9031,G. gallus,10.231954,7.9701486,17
P04354,9031,G. gallus,10.831105,0.5988791,19
Q6A2H4,9031,G. gallus,15.194892,15.377052,9
P28568,9031,G. gallus,14.639943,5.1590343,12
Q1KMD4,9031,G. gallus,15.296823,15.233129,18
P62207,9031,G. gallus,10.822636,6.0680037,15
P79987,9031,G. gallus,10.924994,9.294493,15
R4GIU3,9031,G. gallus,15.191959,15.369845,9
Q5I1Y9,9031,G. gallus,10.193667,7.4696417,15
P28701,9031,G. gallus,8.533919,8.601528,2
Q90Z51,9031,G. gallus,13.483478,8.574591,13
H6UQ75,9031,G. gallus,9.28365,-1.6700404,12
Q05705,9031,G. gallus,3.0399537,2.7311242,0
Q90Z43,9031,G. gallus,8.945453,8.356209,15
P19179,9031,G. gallus,12.935573,3.4378588,9
E1BYJ2,9031,G. gallus,12.559452,7.6373143,18
P48434,9031,G. gallus,13.244958,7.932318,13
A7M6V5,9031,G. gallus,12.009492,3.6025887,9
P18254,9031,G. gallus,9.198938,0.040374797,8
Q58FG9,9031,G. gallus,9.437278,-1.4697704,12
Q5ZHQ2,9031,G. gallus,8.919087,2.1718934,5
Q5ILH0,9031,G. gallus,8.086453,8.471261,16
O93480,9031,G. gallus,12.473621,6.9319887,19
G8HMZ1,9031,G. gallus,9.203747,0.054010004,8
Q9YH58,9031,G. gallus,10.529637,5.818105,19
F1P3J5,9031,G. gallus,9.945192,6.8233147,15
Q5R2I8,9031,G. gallus,11.297328,5.0692716,10
P13127,9031,G. gallus,12.078359,2.2448516,9
P55806,9031,G. gallus,12.639087,6.6605163,0
O42130,9031,G. gallus,7.745041,5.3999333,18
Q90YN1,9031,G. gallus,13.049625,2.51022,15
O42288,9031,G. gallus,15.317075,15.207643,18
Q8JIM6,9031,G. gallus,12.066051,3.098977,2
Q6UG49,9031,G. gallus,15.367955,15.1547985,18
Q5R1S9,9031,G. gallus,9.540075,2.6271899,8
O42407,9031,G. gallus,3.2931955,4.8065085,8
P01014,9031,G. gallus,7.8453946,11.332913,1
F1P0K1,9031,G. gallus,11.593587,5.701693,17
B9VMA9,9031,G. gallus,4.8152914,7.95873,14
Q92178,9031,G. gallus,7.4853477,4.4160385,17
P05153,9031,G. gallus,14.779495,4.81005,12
Q2ACD2,9031,G. gallus,9.275298,-1.6751033,12
K4MQC6,9031,G. gallus,12.270859,2.7118516,6
Q90ZF9,9031,G. gallus,12.401693,6.1657596,18
D3Y682,9031,G. gallus,12.458076,2.6226792,15
P67881,9031,G. gallus,8.881789,9.002374,15
Q9YHT1,9031,G. gallus,9.238,2.3950946,5
Q9I8J4,9031,G. gallus,9.280039,6.8403764,2
Q5ZIH3,9031,G. gallus,12.621276,3.4367208,17
P22770,9031,G. gallus,8.989686,7.616099,2
Q5ZLW6,9031,G. gallus,12.12811,2.8833835,14
Q8JHF6,9031,G. gallus,12.825898,6.214747,9
P51475,9031,G. gallus,9.110648,2.5124707,5
Q90670,9031,G. gallus,10.434925,7.740162,0
Q9PWE8,9031,G. gallus,14.519989,5.348028,12
P49337,9031,G. gallus,10.489607,3.4689133,8
O93436,9031,G. gallus,10.952307,5.047863,15
Q9PUA4,9031,G. gallus,12.374769,-0.83736897,4
Q2PUH1,9031,G. gallus,8.715804,6.4402075,10
Q5ZLC5,9031,G. gallus,4.832486,2.477866,15
P53352,9031,G. gallus,8.604641,8.39974,16
P02460,9031,G. gallus,9.046725,7.739288,2
Q5ZMA3,9031,G. gallus,10.286564,2.205326,8
Q9W757,9031,G. gallus,5.142288,2.2548926,10
Q90YC9,9031,G. gallus,11.478763,2.8276017,8
Q9PSP5,9031,G. gallus,14.430926,8.256681,13
Q5ZMN0,9031,G. gallus,10.610057,4.0221295,19
P79760,9031,G. gallus,12.142998,1.8355926,5
P35331,9031,G. gallus,6.856166,4.140952,9
Q6PVZ1,9031,G. gallus,13.151646,10.816105,19
P31335,9031,G. gallus,8.8047085,7.9452953,2
P17251,9031,G. gallus,9.474548,-1.5022212,6
P63283,9031,G. gallus,2.340229,-0.99790734,15
F1P0N0,9031,G. gallus,10.7706585,6.144649,17
Q0PQ88,9031,G. gallus,9.86315,8.46296,17
F1NEY8,9031,G. gallus,9.776812,3.714481,19
O57349,9031,G. gallus,9.61213,4.25875,19
B1B565,9031,G. gallus,8.571531,7.6120167,2
Q98931,9031,G. gallus,10.660836,3.5698776,6
P17790,9031,G. gallus,8.68518,7.6189075,19
P79996,9031,G. gallus,8.118298,4.4822416,19
P14105,9031,G. gallus,9.509372,3.5506303,19
Q90YI1,9031,G. gallus,6.9038186,7.8715563,2
Q5ZKJ2,9031,G. gallus,-3.1995676,7.881782,2
Q90655,9031,G. gallus,12.383739,3.3291545,15
Q07718,9031,G. gallus,8.534565,7.487866,19
P08110,9031,G. gallus,8.949937,5.8488016,2
P79777,9031,G. gallus,7.1026325,5.1563544,2
F1NH19,9031,G. gallus,13.006093,2.4999797,10
G5EI88,9031,G. gallus,7.8212657,7.3974953,19
Q7ZTG5,9031,G. gallus,9.061207,7.305721,2
F1NJ67,9031,G. gallus,9.326123,6.6164737,15
Q91029,9031,G. gallus,12.103252,2.2510715,10
Q910C5,9031,G. gallus,8.131362,5.3252316,2
P48800,9031,G. gallus,3.1499386,4.857092,10
Q9DGN5,9031,G. gallus,14.601101,5.679854,13
A0A1D5PPP7,9031,G. gallus,11.857683,5.9441175,9
Q5UMH8,9031,G. gallus,9.088239,7.0262785,2
H6UQ72,9031,G. gallus,9.291707,-1.6627574,12
Q03481,9031,G. gallus,12.949509,10.295749,17
P27043,9031,G. gallus,12.378894,2.8354237,0
Q6J4Y8,9031,G. gallus,14.374939,4.5153303,17
F1P3H0,9031,G. gallus,12.859969,10.521956,15
P08998,9031,G. gallus,15.039681,15.599305,9
O42273,9031,G. gallus,10.054473,7.679845,0
A0A077K956,9031,G. gallus,13.05492,8.635061,13
Q9PWQ4,9031,G. gallus,15.418794,8.408993,7
Q5ZIU9,9031,G. gallus,9.788551,6.5501676,0
Q04929,9031,G. gallus,9.750973,3.7983487,4
F1P568,9031,G. gallus,11.5776205,5.6224666,17
Q8QG62,9031,G. gallus,11.150859,6.256741,15
P08250,9031,G. gallus,9.725252,8.399196,0
P29616,9031,G. gallus,11.172444,5.6807847,15
P27089,9031,G. gallus,9.074119,2.2139244,5
P84173,9031,G. gallus,9.401789,4.15979,10
P07812,9031,G. gallus,11.842763,2.2936096,15
Q52P71,9031,G. gallus,12.039295,4.6807795,9
Q9PTS8,9031,G. gallus,11.211653,7.5665073,17
Q9IAL7,9031,G. gallus,9.048958,7.958185,2
Q76I90,9031,G. gallus,7.055362,4.948316,19
Q9PTX1,9031,G. gallus,9.109019,9.103696,0
Q90YK6,9031,G. gallus,8.148185,6.9915276,2
P49288,9031,G. gallus,11.045344,7.0413127,17
P79781,9031,G. gallus,9.718899,9.108358,19
Q2IAL6,9031,G. gallus,11.806993,3.4915996,10
Q9I870,9031,G. gallus,15.827379,8.335806,7
P50141,9031,G. gallus,8.188863,8.273289,2
Q98TZ1,9031,G. gallus,12.473557,3.1418178,10
Q5ZL72,9031,G. gallus,7.9024086,10.986988,14
P49024,9031,G. gallus,13.443017,8.905495,13
Q8AYP8,9031,G. gallus,8.737372,6.4660606,16
P27177,9031,G. gallus,14.482975,5.6769357,17
Q9IA88,9031,G. gallus,9.224159,3.7733796,4
E2IFI5,9031,G. gallus,10.058749,2.6581,5
A0A1D5P1T2,9031,G. gallus,10.968489,7.5045104,17
P41263,9031,G. gallus,12.422939,3.4486735,17
Q9PSS5,9031,G. gallus,12.987005,4.577629,13
Q5KTJ0,9031,G. gallus,10.000895,8.093161,0
C3U1W4,9031,G. gallus,9.218121,3.5435991,4
Q9YHC0,9031,G. gallus,7.42083,14.296039,2
Q90WG2,9031,G. gallus,9.536924,2.5443335,5
C4PFJ8,9031,G. gallus,11.827871,3.471971,10
F1N8N7,9031,G. gallus,8.551591,7.190393,19
Q8QFQ8,9031,G. gallus,17.86853,10.596597,10
E1C2F2,9031,G. gallus,5.193529,7.9813266,15
Q8AYC6,9031,G. gallus,10.961238,0.35611895,15
Q98917,9031,G. gallus,10.721235,3.9715476,6
Q1G7G9,9031,G. gallus,11.533573,7.0263042,17
Q02960,9031,G. gallus,9.105144,3.5564218,4
O42348,9031,G. gallus,14.362655,10.552025,2
A0A1D5P7D9,9031,G. gallus,8.92602,1.9265628,5
Q68Y81,9031,G. gallus,9.395836,5.7950277,17
Q9YHB7,9031,G. gallus,14.976807,4.636282,12
Q7T2T1,9031,G. gallus,9.964386,6.0908656,9
E1BWE8,9031,G. gallus,14.488581,5.542571,12
O93288,9031,G. gallus,14.425373,4.5689387,17
P01103,9031,G. gallus,11.382708,7.621885,17
Q90Z45,9031,G. gallus,9.120133,3.9619582,4
P70069,9031,G. gallus,11.723775,2.4246323,6
Q90WF0,9031,G. gallus,8.173219,8.097419,1
Q9PRS8,9031,G. gallus,12.361459,3.069881,10
Q5MNV6,9031,G. gallus,14.360786,10.560743,15
Q98UI9,9031,G. gallus,9.396642,5.605618,2
F4ZWC1,9031,G. gallus,9.881112,4.191102,19
F1NSM7,9031,G. gallus,9.372686,5.664317,2
F1P393,9031,G. gallus,10.223157,3.7895143,10
O73885,9031,G. gallus,11.08849,8.60948,15
P19098,9031,G. gallus,11.797328,6.742883,0
B5M4C4,9031,G. gallus,15.224688,15.338546,9
Q9PTN7,9031,G. gallus,10.31711,-8.084121,15
Q5QGZ1,9031,G. gallus,9.432537,3.3787968,4
H6UQ71,9031,G. gallus,9.293094,-1.6607654,12
Q5TLZ2,9031,G. gallus,9.497769,-1.5239391,6
H6UQ57,9031,G. gallus,15.028533,15.613545,9
Q90935,9031,G. gallus,11.609985,2.3764768,15
P15505,9031,G. gallus,12.354482,3.9129465,9
E1C2U2,9031,G. gallus,11.726482,7.246615,0
P08106,9031,G. gallus,13.187959,7.24717,18
Q8QGQ8,9031,G. gallus,11.133928,1.6431545,15
C4P6Q3,9031,G. gallus,15.2600565,5.2283483,12
P60878,9031,G. gallus,9.49409,2.268677,5
P11183,9031,G. gallus,9.12962,3.5000997,4
A0A1D5PBF0,9031,G. gallus,11.501145,6.9577117,17
I0IUP4,9031,G. gallus,9.172321,9.066283,0
Q3L250,9031,G. gallus,12.071694,3.4666145,15
O42394,9031,G. gallus,15.814236,8.311137,7
Q9I993,9031,G. gallus,7.3441305,3.3484876,14
A0A140T8F5,9031,G. gallus,9.358368,5.46693,15
P28684,9031,G. gallus,11.095403,10.279263,6
P48143,9031,G. gallus,9.434141,-1.4697793,12
D3KCC4,9031,G. gallus,10.310124,5.2832656,19
F1NKI2,9031,G. gallus,6.6121783,4.912644,15
Q5ZLF4,9031,G. gallus,11.178591,5.0690436,17
F1NW42,9031,G. gallus,1.5493898,2.8225102,18
Q64HY4,9031,G. gallus,14.506349,5.474662,16
Q90623,9031,G. gallus,13.388865,5.3808217,12
E5L8C8,9031,G. gallus,7.825248,4.1950216,19
Q2TV23,9031,G. gallus,11.436183,7.6217146,0
P23614,9031,G. gallus,13.34838,5.964447,11
Q5F3C1,9031,G. gallus,8.883905,5.6488957,2
Q98953,9031,G. gallus,10.965979,0.39534804,19
Q90733,9031,G. gallus,9.109545,3.5953562,4
F1NPQ2,9031,G. gallus,9.362467,6.660251,2
Q9PW72,9031,G. gallus,15.015104,8.429542,7
Q90YB1,9031,G. gallus,9.463455,6.1056743,0
Q90674,9031,G. gallus,8.829177,4.3946033,4
A0A1D5PEN8,9031,G. gallus,14.145566,8.120801,13
Q076D6,9031,G. gallus,12.381908,6.5893264,18
Q8UVD9,9031,G. gallus,12.044684,6.1402645,18
Q5S4P2,9031,G. gallus,17.867876,10.59253,10
Q90752,9031,G. gallus,11.631705,5.7179837,15
Q4LDF5,9031,G. gallus,11.325532,2.6818597,10
P29332,9031,G. gallus,9.137739,2.6183016,5
P46896,9031,G. gallus,6.9224186,5.0527725,2
P83038,9031,G. gallus,12.755232,10.377826,15
E1C3A6,9031,G. gallus,10.866222,3.3786056,6
H6UQ60,9031,G. gallus,15.018485,15.624226,9
A0A1D5P5H3,9031,G. gallus,11.140735,5.5187807,2
Q6J613,9031,G. gallus,11.289596,3.6016562,6
Q5ZIP0,9031,G. gallus,7.263138,4.378332,10
Q90ZF0,9031,G. gallus,12.920269,10.336004,15
Q03669,9031,G. gallus,10.531143,5.209743,19
Q9I9F1,9031,G. gallus,9.129455,2.1493819,5
Q6PTX2,9031,G. gallus,13.830532,7.9341574,13
F1NDH9,9031,G. gallus,13.670159,6.676382,12
O13005,9031,G. gallus,15.03423,4.590989,12
F1DFL1,9031,G. gallus,9.192972,0.06270768,5
F1ND48,9031,G. gallus,10.519026,7.641897,17
Q9DG15,9031,G. gallus,9.42726,8.626428,2
Q8AV73,9031,G. gallus,11.42099,3.490852,6
Q2XQ10,9031,G. gallus,7.3998446,14.321724,11
P68306,9031,G. gallus,19.380383,13.622024,15
Q9I969,9031,G. gallus,12.766973,5.686287,11
E7EC82,9031,G. gallus,12.225686,5.4657245,9
P98165,9031,G. gallus,8.752284,6.4393663,15
Q2ACD8,9031,G. gallus,9.271556,-1.6861893,12
P09481,9031,G. gallus,7.4920173,4.5078397,17
B4Z8L9,9031,G. gallus,12.252925,2.8335793,9
Q01795,9031,G. gallus,15.26275,5.2174234,12
F1NTJ1,9031,G. gallus,13.340892,6.9459205,18
Q5ZJB4,9031,G. gallus,9.190818,8.497336,2
P12003,9031,G. gallus,10.340206,5.1110463,4
R4GJF1,9031,G. gallus,12.1777,3.6600618,9
F1NZI4,9031,G. gallus,9.0503025,7.032463,15
F1NW90,9031,G. gallus,11.956845,8.042627,18
G0W2S9,9031,G. gallus,14.408974,6.608197,13
A0A1D5PNG2,9031,G. gallus,9.7426405,3.138385,8
A0A3Q2TTB3,9031,G. gallus,13.60993,6.79872,13
F1NAB7,9031,G. gallus,8.13437,5.542762,17
P23825,9031,G. gallus,13.225797,7.1311555,17
Q8JG54,9031,G. gallus,7.4873314,4.4732695,17
Q6Q1Q7,9031,G. gallus,9.787658,2.5625172,4
F1NZV5,9031,G. gallus,8.773632,7.1747007,2
Q90ZG0,9031,G. gallus,17.733803,9.289802,15
P18519,9031,G. gallus,9.427627,7.329922,17
Q9DG28,9031,G. gallus,7.9919996,6.8869767,15
A7Y7W3,9031,G. gallus,10.845691,6.8187885,11
P67966,9031,G. gallus,13.609684,3.6301405,4
P00548,9031,G. gallus,4.996352,2.1956959,14
P21566,9031,G. gallus,9.587408,2.8027997,8
Q9W7C5,9031,G. gallus,12.526695,3.4483173,9
Q05623,9031,G. gallus,9.015397,7.3330517,2
P56732,9031,G. gallus,12.208792,3.5411575,0
F1NTM6,9031,G. gallus,9.217773,3.826824,4
Q788Q8,9031,G. gallus,3.0874815,4.918552,0
Q91006,9031,G. gallus,10.953689,6.601815,18
Q3MUH5,9031,G. gallus,17.741737,11.602954,15
Q9DEB8,9031,G. gallus,10.4528,7.2577233,17
Q90747,9031,G. gallus,14.578816,8.339509,7
F1NP39,9031,G. gallus,9.116998,7.179389,2
A5HNF6,9031,G. gallus,7.6689377,8.409288,1
P43692,9031,G. gallus,11.486265,7.692389,0
F6RIN4,9031,G. gallus,9.792227,3.3591557,8
O73883,9031,G. gallus,15.319055,15.206805,18
P79761,9031,G. gallus,10.323709,3.2187157,8
E1BXG9,9031,G. gallus,14.576056,5.198042,12
P60706,9031,G. gallus,9.73095,3.9360583,10
F1NWE3,9031,G. gallus,12.700983,7.7963276,17
Q3C2H6,9031,G. gallus,8.266469,7.8510017,1
E1BQI6,9031,G. gallus,12.717046,6.092622,6
F1NA61,9031,G. gallus,13.002096,7.3704824,18
Q9I8D4,9031,G. gallus,8.732225,7.7102532,2
E1C4K6,9031,G. gallus,10.428258,7.530503,17
F1P0P6,9031,G. gallus,12.531287,4.0722585,12
E1C7U0,9031,G. gallus,10.354263,-8.046594,19
P31395,9031,G. gallus,10.119211,2.7175953,8
B3TP03,9031,G. gallus,7.2822375,7.630957,4
F1NQJ3,9031,G. gallus,11.184841,5.063223,17
P54939,9031,G. gallus,9.093928,3.43851,4
Q8JG30,9031,G. gallus,10.035794,3.9948263,10
F1NQ19,9031,G. gallus,9.557994,5.613222,2
A0A1D5PVG0,9031,G. gallus,14.467938,5.648921,12
E1BYN7,9031,G. gallus,13.970933,7.52937,13
P08125,9031,G. gallus,13.23059,6.478278,13
P09654,9031,G. gallus,10.470131,3.4378195,14
Q5ZJF4,9031,G. gallus,8.644706,3.604312,4
P16419,9031,G. gallus,12.200751,8.685311,18
Q9DDT2,9031,G. gallus,13.002522,6.971766,18
Q90X21,9031,G. gallus,14.873908,5.1143875,12
P01012,9031,G. gallus,11.298631,7.8911333,17
O42220,9031,G. gallus,8.638646,6.8338537,19
Q7T110,9031,G. gallus,15.321535,15.203533,18
P48435,9031,G. gallus,11.844159,6.7011566,17
P02607,9031,G. gallus,8.97831,2.1138628,5
Q70IK3,9031,G. gallus,8.116587,3.2201147,14
P14448,9031,G. gallus,8.138795,6.9661417,2
P05083,9031,G. gallus,8.583356,7.150234,19
P00523,9031,G. gallus,9.3010235,9.049357,0
A0A1D5PSF9,9031,G. gallus,6.5513353,6.7714696,5
Q64HY5,9031,G. gallus,1.1152601,-3.1720212,3
O57604,9031,G. gallus,8.678298,7.1729646,19
F1NSK6,9031,G. gallus,10.075578,6.770676,2
Q5XXA9,9031,G. gallus,9.846963,4.0242395,10
Q90578,9031,G. gallus,7.1164255,5.055558,15
P48430,9031,G. gallus,8.697862,3.611092,4
E1C9C6,9031,G. gallus,11.912537,7.7884545,18
Q9YHC2,9031,G. gallus,15.018191,4.6273084,12
A0A1D5PP29,9031,G. gallus,11.937431,7.9471574,18
F1NZI2,9031,G. gallus,10.535753,4.995753,19
H6ULX0,9031,G. gallus,15.020876,15.621054,9
P08641,9031,G. gallus,8.962087,8.955629,2
F1NEY2,9031,G. gallus,-3.1996472,7.881781,2
A0A1D5PUL6,9031,G. gallus,10.578911,6.563531,2
P01013,9031,G. gallus,12.835604,0.37972972,14
P80566,9031,G. gallus,8.847353,7.315836,2
Q1PS52,9031,G. gallus,12.804837,10.383235,15
P02789,9031,G. gallus,10.905261,3.52917,6
E5L8C9,9031,G. gallus,14.397656,4.4296937,12
E1BSP0,9031,G. gallus,12.984911,2.4944754,10
P16047,9031,G. gallus,14.997983,4.85304,12
Q9PTD5,9031,G. gallus,17.875425,11.727174,10
A2N884,9031,G. gallus,12.154427,1.908196,10
A0A1D5PXP0,9031,G. gallus,9.026505,3.870136,4
P27731,9031,G. gallus,9.735074,4.3287373,19
Q76KB2,9031,G. gallus,12.39003,3.3645089,0
A5HUK9,9031,G. gallus,12.410948,7.684622,0
Q6LC82,9031,G. gallus,8.737859,16.709812,4
P07997,9031,G. gallus,13.202386,7.269128,18
Q8QG61,9031,G. gallus,8.401218,9.566163,16
P00698,9031,G. gallus,9.347138,5.1484094,15
A6MCV0,9031,G. gallus,7.457242,5.425531,2
F1NVZ5,9031,G. gallus,13.199601,8.16706,0
B0BL87,9031,G. gallus,11.955037,7.7150373,18
B3VHV0,9031,G. gallus,17.869259,10.596418,10
Q6JHU8,9031,G. gallus,9.490015,7.2075667,15
Q5ZJM7,9031,G. gallus,14.162895,6.596471,0
Q5TMB6,9031,G. gallus,9.467591,5.7749815,2
Q2AB83,9031,G. gallus,7.847419,8.184796,1
Q6LDD0,9031,G. gallus,10.548195,3.8262265,19
P06212,9031,G. gallus,9.017715,7.4422026,2
Q8UVG3,9031,G. gallus,5.047107,2.2021606,14
O93344,9031,G. gallus,11.341239,4.977773,10
F1N9F4,9031,G. gallus,9.95194,8.259726,0
P62597,9031,G. gallus,12.376235,3.2365613,9
Q90763,9031,G. gallus,13.728557,5.639353,12
P07341,9031,G. gallus,7.836481,8.422641,1
O42131,9031,G. gallus,11.158601,1.6662215,15
P49708,9031,G. gallus,15.292912,15.236369,18
B0LHV2,9031,G. gallus,1.5474694,2.8212965,18
Q5ZIZ6,9031,G. gallus,7.4997807,4.4657393,10
F1NEQ2,9031,G. gallus,10.512893,5.681059,15
Q9I8A0,9031,G. gallus,12.237921,6.310532,0
P05180,9031,G. gallus,4.8793163,2.2618983,10
F1N9S8,9031,G. gallus,10.332231,6.9304843,17
D2XV92,9031,G. gallus,9.687212,5.7764044,17
Q90984,9031,G. gallus,9.352731,7.8214703,1
P68139,9031,G. gallus,12.243241,1.4477628,10
A9QM68,9031,G. gallus,7.4358616,7.738328,1
Q5ZMJ6,9031,G. gallus,13.655406,6.0653496,12
Q9PUK3,9031,G. gallus,12.512517,9.384793,18
H6UQ62,9031,G. gallus,14.996541,15.650363,9
Q53HW8,9031,G. gallus,20.896976,0.71120596,2
P47807,9031,G. gallus,7.2080874,8.312528,16
Q8JH64,9031,G. gallus,10.278456,6.400243,0
P49140,9031,G. gallus,10.268419,3.0443358,8
Q8AYI3,9031,G. gallus,10.830131,3.814384,6
Q90827,9031,G. gallus,12.326616,7.547749,0
Q00649,9031,G. gallus,15.8241,6.547532,19
P49339,9031,G. gallus,10.328425,-8.072098,4
G8HN01,9031,G. gallus,9.455971,-1.4283361,8
A0A1D5PI24,9031,G. gallus,11.220907,7.539801,17
Q90684,9031,G. gallus,12.217288,4.8665605,12
E1BYE9,9031,G. gallus,9.282286,7.949248,2
F1P3Y2,9031,G. gallus,9.142852,6.7443714,17
C4P6Q0,9031,G. gallus,17.870708,10.597153,10
F1NWD0,9031,G. gallus,12.071405,3.5233989,0
Q10751,9031,G. gallus,9.293677,3.1875796,4
P30997,9031,G. gallus,12.29193,3.2118752,17
C7G537,9031,G. gallus,9.554022,2.7058544,5
D0PRN4,9031,G. gallus,11.985752,7.633827,0
A0A1D5PHC7,9031,G. gallus,10.268001,4.096207,19
Q8QGS3,9031,G. gallus,10.18749,8.449609,2
Q9DEA4,9031,G. gallus,7.159551,9.174019,1
E1C0W6,9031,G. gallus,9.523542,7.708977,17
Q9DD46,9031,G. gallus,14.656962,5.182947,12
P09482,9031,G. gallus,13.232297,8.559721,15
P33150,9031,G. gallus,6.933356,6.6750245,1
Q8AV17,9031,G. gallus,9.44146,-1.4777813,9
P0C7A1,9031,G. gallus,13.422738,4.60461,15
P02112,9031,G. gallus,8.718543,7.5282674,15
P10587,9031,G. gallus,11.785615,6.446322,0
Q6UG48,9031,G. gallus,15.323228,15.201603,18
Q9I871,9031,G. gallus,15.829928,8.323354,7
Q90663,9031,G. gallus,14.5178795,8.362468,7
Q9PUK2,9031,G. gallus,8.8593,7.1810007,15
P85000,9031,G. gallus,12.346576,3.297311,17
F1NV99,9031,G. gallus,10.605121,5.8541946,19
Q9DFH3,9031,G. gallus,14.2264595,5.2438145,12
Q9W6V6,9031,G. gallus,12.035618,5.724518,0
O46790,9031,G. gallus,13.615591,5.082803,11
F1NCN0,9031,G. gallus,7.013095,6.4092584,1
Q9I882,9031,G. gallus,8.794694,8.257818,2
Q90696,9031,G. gallus,3.15702,4.852936,10
P04210,9031,G. gallus,12.151611,1.92366,10
P19596,9031,G. gallus,3.1403341,4.8651347,17
P28685,9031,G. gallus,11.008855,5.0544443,9
F1P476,9031,G. gallus,15.807873,8.2707,12
P79772,9031,G. gallus,9.44987,4.895047,15
D1LWV2,9031,G. gallus,9.741667,2.8110096,8
Q90582,9031,G. gallus,9.598737,6.743144,0
C4P6P9,9031,G. gallus,12.559047,3.157362,17
Q90746,9031,G. gallus,8.039396,12.960894,10
Q6QLR1,9031,G. gallus,12.635772,3.1110034,10
Q90873,9031,G. gallus,15.269462,15.28474,9
O73861,9031,G. gallus,9.539405,2.5482583,4
Q9PUF6,9031,G. gallus,10.273401,6.99016,19
A0A1D5PBZ7,9031,G. gallus,11.9051075,5.410282,6
Q9YHY9,9031,G. gallus,10.169613,3.4618676,8
F1NQT9,9031,G. gallus,12.57092,7.3612733,18
A0A1D5PFN2,9031,G. gallus,9.515885,5.109371,15
Q90ZM5,9031,G. gallus,12.126347,3.2408803,17
F1NYE9,9031,G. gallus,10.128713,6.2235737,2
Q537V4,9031,G. gallus,10.725966,4.4435573,6
Q76I89,9031,G. gallus,10.142805,7.0369225,0
Q08705,9031,G. gallus,13.396683,4.5208907,15
Q8AV58,9031,G. gallus,10.943118,6.404973,19
E1C597,9031,G. gallus,14.425966,4.9288588,12
Q90X15,9031,G. gallus,15.079072,5.0352416,12
O73933,9031,G. gallus,15.305702,5.348053,12
B6EAX2,9031,G. gallus,13.375649,7.1889286,13
F1NNT7,9031,G. gallus,14.481317,4.6038475,12
Q9I8C7,9031,G. gallus,14.213974,4.3625603,0
Q06BS3,9031,G. gallus,9.541264,6.460647,15
C4PFJ7,9031,G. gallus,11.883389,3.5401375,10
P00508,9031,G. gallus,13.718496,6.0455112,11
B3VMQ8,9031,G. gallus,11.687584,2.4813037,6
H6ULX1,9031,G. gallus,15.034851,15.607073,9
A0A0A0MQ56,9031,G. gallus,12.965813,5.5659795,11
P33717,9031,G. gallus,9.212454,0.053708334,8
P28683,9031,G. gallus,14.702894,8.339878,7
P21804,9031,G. gallus,9.688669,6.807825,0
P02259,9031,G. gallus,13.310055,5.918048,11
Q9PVG4,9031,G. gallus,15.267812,5.2136,12
P38529,9031,G. gallus,12.4977455,2.6244292,17
Q5ZME4,9031,G. gallus,11.831369,5.131871,9
Q90Z44,9031,G. gallus,9.83606,9.52692,15
O42237,9031,G. gallus,9.924317,3.3464313,8
A0A1D5PZ68,9031,G. gallus,12.613752,6.3113675,0
Q9W734,9031,G. gallus,7.1213937,6.3688846,2
O93568,9031,G. gallus,10.521719,6.9431524,17
Q2AB81,9031,G. gallus,10.092921,8.308406,0
P26932,9031,G. gallus,9.299565,2.9544795,8
A0A1D5PUY5,9031,G. gallus,8.793205,8.346808,2
O73691,9031,G. gallus,14.400129,5.5430126,12
P28173,9031,G. gallus,11.404537,6.3551893,9
Q9I8D2,9031,G. gallus,17.871544,10.594173,10
Q00944,9031,G. gallus,8.631928,6.7837877,15
Q7LZ57,9031,G. gallus,14.480791,8.234239,7
B0FLN8,9031,G. gallus,9.130521,2.5057359,5
Q76F78,9031,G. gallus,8.151082,7.3039126,15
Q5ZKH0,9031,G. gallus,9.878712,3.3217258,8
Q805F9,9031,G. gallus,12.047038,7.0110655,18
Q5F338,9031,G. gallus,8.862166,17.644978,3
F1NHC7,9031,G. gallus,12.851794,5.7845535,12
Q90Z41,9031,G. gallus,10.740878,7.7739873,17
E1AFV0,9031,G. gallus,12.643943,3.136449,17
Q789F1,9031,G. gallus,8.150038,8.757037,2
Q7ZZZ2,9031,G. gallus,11.33611,7.1088266,17
H6U4T4,9031,G. gallus,9.201873,0.043101564,8
K4MNE5,9031,G. gallus,12.301721,2.6977785,6
P79795,9031,G. gallus,11.181662,2.457243,10
Q5ZK76,9031,G. gallus,11.379347,5.0047703,19
F1NBV0,9031,G. gallus,8.616424,3.58503,4
Q9I9L8,9031,G. gallus,7.464073,9.228442,1
E5Q3H3,9031,G. gallus,15.0754795,15.554907,9
P36196,9031,G. gallus,12.954971,8.644179,0
Q98938,9031,G. gallus,9.739939,9.646248,19
F1NBD7,9031,G. gallus,8.871506,17.552832,3
Q76KB1,9031,G. gallus,10.363508,10.155563,0
Q8UUW7,9031,G. gallus,10.65928,7.1211953,0
P21872,9031,G. gallus,9.585913,3.9572885,6
Q6PW00,9031,G. gallus,11.741225,2.4345062,10
Q0WYX8,9031,G. gallus,11.968353,2.972604,10
P43449,9031,G. gallus,6.8173437,4.18114,2
P36381,9031,G. gallus,13.623579,8.987569,13
Q90ZK8,9031,G. gallus,11.223049,8.338,0
Q9NX76,9606,H. sapiens,7.8344746,4.5786467,10
Q5UIP0,9606,H. sapiens,3.0823877,12.618438,17
Q8IVD9,9606,H. sapiens,14.921597,4.8116784,12
O15534,9606,H. sapiens,9.994905,3.2362766,4
A6NMN3,9606,H. sapiens,8.729618,17.014093,3
Q9BPX1,9606,H. sapiens,12.404316,7.216718,18
O75191,9606,H. sapiens,10.838084,4.836585,2
X6R4J9,9606,H. sapiens,9.764893,2.8980951,5
H0YLL6,9606,H. sapiens,10.924701,4.2664495,6
P60763,9606,H. sapiens,8.743752,16.70126,4
Q15382,9606,H. sapiens,8.908326,1.8960387,5
U3KQI3,9606,H. sapiens,11.27834,0.47590193,0
Q9BW62,9606,H. sapiens,11.017209,7.0297146,17
Q96LM6,9606,H. sapiens,13.688361,8.440877,13
Q8N0T1,9606,H. sapiens,11.126142,4.18044,6
B4E1H0,9606,H. sapiens,9.480192,2.386725,8
A6NCL1,9606,H. sapiens,-3.1995986,7.8817797,2
Q9BVS4,9606,H. sapiens,9.547582,3.3177185,4
Q96PR1,9606,H. sapiens,13.2506,10.5017395,17
Q6ZN57,9606,H. sapiens,10.23419,4.3485093,19
Q9Y2T4,9606,H. sapiens,12.182974,7.774885,0
Q93098,9606,H. sapiens,10.3742895,7.3500648,16
C9J6H2,9606,H. sapiens,11.723998,2.9660192,9
Q8IYR6,9606,H. sapiens,14.630679,5.066604,12
Q0P5U8,9606,H. sapiens,11.056436,6.500224,19
P54710,9606,H. sapiens,10.106186,3.2503412,8
D6REZ7,9606,H. sapiens,12.408513,2.7648602,0
Q9NP90,9606,H. sapiens,8.727766,17.383759,3
O14717,9606,H. sapiens,12.624827,3.6144829,0
M0R208,9606,H. sapiens,8.416669,7.824777,19
O95479,9606,H. sapiens,12.847025,5.5011253,12
Q8N594,9606,H. sapiens,9.463577,5.155908,17
Q86XP1,9606,H. sapiens,11.486898,6.94372,17
F5GZ41,9606,H. sapiens,13.168197,6.2122316,13
Q9HC44,9606,H. sapiens,12.060802,3.1145089,10
M0QZS0,9606,H. sapiens,12.984967,10.936209,4
X6REB3,9606,H. sapiens,8.724628,8.220635,15
P23443,9606,H. sapiens,12.171888,3.341935,17
P20853,9606,H. sapiens,11.534473,8.086654,17
A0A024RAC7,9606,H. sapiens,10.4551935,4.2589464,19
Q8TC99,9606,H. sapiens,11.5268,8.294952,18
M0R2G1,9606,H. sapiens,14.698501,8.230276,7
P82675,9606,H. sapiens,14.000175,8.15914,13
C9JMB8,9606,H. sapiens,14.23082,5.290463,12
P61201,9606,H. sapiens,5.2329836,2.2014456,4
O43609,9606,H. sapiens,15.137265,15.467924,9
Q86V38,9606,H. sapiens,11.543383,6.198432,17
O00763,9606,H. sapiens,10.281579,4.0998073,19
A0A090N7S2,9606,H. sapiens,13.479556,8.133059,13
O96017,9606,H. sapiens,11.47185,7.4218388,0
A0A024R4N9,9606,H. sapiens,11.124399,7.293186,0
H0YMJ0,9606,H. sapiens,9.706886,2.633715,8
P20062,9606,H. sapiens,8.919581,7.5551805,19
P51532,9606,H. sapiens,10.498226,3.4133036,10
Q15269,9606,H. sapiens,9.324091,6.781971,15
K7ESB7,9606,H. sapiens,11.369057,2.5906386,10
Q8NHT4,9606,H. sapiens,10.408649,3.028453,8
Q86XA0,9606,H. sapiens,9.416391,2.9467373,4
O95478,9606,H. sapiens,8.650215,1.8870555,8
Q16602,9606,H. sapiens,9.465183,5.1550174,2
H7C463,9606,H. sapiens,10.737473,7.9132686,0
Q7Z4I7,9606,H. sapiens,12.226444,1.7442307,4
Q86TS1,9606,H. sapiens,12.61713,5.3975515,12
E7EP65,9606,H. sapiens,9.439145,7.73067,0
Q9H8M9,9606,H. sapiens,10.172875,3.1601346,8
J3QKD2,9606,H. sapiens,15.323527,8.48033,7
Q9UDT6,9606,H. sapiens,11.7365,7.908144,18
Q6PIW4,9606,H. sapiens,4.695849,8.179511,14
Q9Y6U3,9606,H. sapiens,10.947173,5.874375,15
A0A024R1S7,9606,H. sapiens,14.409801,6.165604,6
Q2VPK5,9606,H. sapiens,11.166357,4.29507,9
A0A075B6P5,9606,H. sapiens,12.160281,1.9094682,14
A0A0S2Z4Z6,9606,H. sapiens,11.194702,6.6833673,17
Q53S08,9606,H. sapiens,8.696988,17.418386,3
H0YLH9,9606,H. sapiens,8.930664,2.1470635,5
Q6PIY2,9606,H. sapiens,11.485386,9.264852,0
Q6UVK1,9606,H. sapiens,9.967732,3.3304136,8
Q9H252,9606,H. sapiens,9.339264,5.69868,2
W6CJ52,9606,H. sapiens,8.044819,4.232987,19
Q9UMN6,9606,H. sapiens,8.298025,8.132692,2
F5H415,9606,H. sapiens,11.609147,5.4207935,15
Q96HD9,9606,H. sapiens,10.96963,3.9128034,6
P54819,9606,H. sapiens,5.6641836,9.094448,15
A0A024R095,9606,H. sapiens,10.86032,3.761811,6
Q8NEV4,9606,H. sapiens,11.318077,7.628604,17
O95926,9606,H. sapiens,11.531576,4.8067126,9
A0A5K1VW95,9606,H. sapiens,9.954262,6.8190956,17
P62068,9606,H. sapiens,10.033937,3.5694597,8
Q5TZA2,9606,H. sapiens,11.991294,5.6443825,0
P46091,9606,H. sapiens,8.6577425,8.233161,16
Q8IW50,9606,H. sapiens,10.103608,2.7589152,6
Q9BSD3,9606,H. sapiens,12.469996,5.055026,9
Q6UWI2,9606,H. sapiens,11.7823305,5.279899,9
Q504T8,9606,H. sapiens,12.19925,3.6077187,17
Q8IZM6,9606,H. sapiens,11.920269,7.220508,0
Q8NEB5,9606,H. sapiens,8.906125,2.7226899,5
Q9BTA9,9606,H. sapiens,9.043425,5.069915,19
O95330,9606,H. sapiens,15.18069,8.487162,7
Q6ZNW5,9606,H. sapiens,9.629492,2.9766705,8
Q92794,9606,H. sapiens,10.584211,7.661162,17
A0A024RD22,9606,H. sapiens,9.646084,6.159032,2
H7C231,9606,H. sapiens,12.345178,3.1731608,15
P42768,9606,H. sapiens,9.205801,5.3290315,14
Q7Z3B3,9606,H. sapiens,10.831938,4.9088345,10
D6RFF0,9606,H. sapiens,4.8137813,3.77983,12
Q6P387,9606,H. sapiens,9.680617,7.5917473,2
Q6ZP82,9606,H. sapiens,9.552329,5.2361703,15
P84022,9606,H. sapiens,14.806394,4.796396,12
Q9UBN7,9606,H. sapiens,8.471139,7.442162,15
G3V3U8,9606,H. sapiens,8.58699,8.105505,2
Q96QC0,9606,H. sapiens,6.7909417,5.00579,2
P25445,9606,H. sapiens,9.34685,2.7296653,8
Q6VVX0,9606,H. sapiens,4.84071,2.4442165,15
H3BNV2,9606,H. sapiens,9.495749,3.9938526,19
Q4G112,9606,H. sapiens,13.000123,10.980737,4
P17023,9606,H. sapiens,8.767873,7.611221,1
Q13394,9606,H. sapiens,13.621604,8.912821,13
Q14532,9606,H. sapiens,11.030659,6.931865,17
P08631,9606,H. sapiens,4.963869,1.9613045,14
Q07866,9606,H. sapiens,8.556948,7.89311,2
A0A087X1Q5,9606,H. sapiens,9.790413,3.8823423,19
Q9NPI5,9606,H. sapiens,9.793132,4.0452704,19
A6NFY7,9606,H. sapiens,9.535088,3.049638,8
P13693,9606,H. sapiens,10.746737,8.0762825,0
H0YNG2,9606,H. sapiens,14.61266,8.072131,7
Q8TEL6,9606,H. sapiens,12.854185,10.38605,17
P52209,9606,H. sapiens,10.351577,6.0874543,19
Q9BTC0,9606,H. sapiens,8.214103,5.1231036,2
H0YNW3,9606,H. sapiens,11.006303,4.290872,9
I3L3H6,9606,H. sapiens,11.006434,5.9914856,9
A8MW57,9606,H. sapiens,11.824477,5.4155126,9
P83876,9606,H. sapiens,11.121524,8.070936,0
A0A087WUE9,9606,H. sapiens,10.73187,6.111688,17
F8VY51,9606,H. sapiens,12.399919,7.838763,18
O43930,9606,H. sapiens,8.222887,8.225248,1
Q16828,9606,H. sapiens,12.843017,6.57286,11
A0A0S2Z456,9606,H. sapiens,13.675408,8.617952,13
Q2MD59,9606,H. sapiens,8.895293,8.33126,2
P46527,9606,H. sapiens,12.410864,4.8640757,9
P20962,9606,H. sapiens,10.860171,3.7462227,6
A0A0D9SFF3,9606,H. sapiens,7.4489036,3.3064697,4
P20701,9606,H. sapiens,14.488266,4.5904617,12
Q9C091,9606,H. sapiens,11.017275,4.5258965,10
P35452,9606,H. sapiens,7.5829625,16.489529,3
Q6ZTR7,9606,H. sapiens,7.6050878,6.1290016,2
H0YFY6,9606,H. sapiens,12.215438,5.8215737,0
Q8IXT5,9606,H. sapiens,9.840245,9.491422,15
C9JUL4,9606,H. sapiens,12.656867,9.095186,11
Q9NRC9,9606,H. sapiens,10.551973,3.5867014,6
E7ENX8,9606,H. sapiens,9.4206,5.4477115,17
Q9UHG2,9606,H. sapiens,9.422759,-1.4882903,12
Q16538,9606,H. sapiens,12.671827,6.7576747,11
Q16587,9606,H. sapiens,6.6569147,4.9377456,15
Q8N5G0,9606,H. sapiens,11.446783,9.999619,8
F8W733,9606,H. sapiens,13.435285,8.16967,13
C0HLZ6,9606,H. sapiens,15.814032,8.3009815,7
Q9Y3C4,9606,H. sapiens,9.73675,3.130695,8
Q8WU43,9606,H. sapiens,15.071552,8.359582,7
P55273,9606,H. sapiens,16.965204,9.762562,16
C9K028,9606,H. sapiens,10.312643,8.014574,0
A0A494C115,9606,H. sapiens,10.301667,-8.104645,15
A0A384ME17,9606,H. sapiens,9.768871,3.984052,10
Q9BWF2,9606,H. sapiens,1.1248156,-3.1701784,15
Q8WU17,9606,H. sapiens,8.324591,8.720763,2
Q9BQS7,9606,H. sapiens,13.065995,7.396819,18
O00629,9606,H. sapiens,12.249249,5.672577,12
P20711,9606,H. sapiens,8.839206,8.8560295,2
B2R550,9606,H. sapiens,15.838581,8.310154,7
A0A1W2PQB6,9606,H. sapiens,10.93039,10.3012705,6
Q6IPE9,9606,H. sapiens,12.910813,10.461007,3
Q9BU19,9606,H. sapiens,9.235932,2.39104,5
P0DMR2,9606,H. sapiens,15.27617,15.23827,9
A0A024RDJ0,9606,H. sapiens,12.213153,5.613368,17
Q96FN9,9606,H. sapiens,10.207652,7.040807,0
P09067,9606,H. sapiens,9.526761,6.38589,11
Q92993,9606,H. sapiens,8.3618555,8.353168,2
C9JZS5,9606,H. sapiens,15.777579,8.417602,7
Q8NES3,9606,H. sapiens,9.477213,8.962863,2
E9PC52,9606,H. sapiens,12.4164095,4.9599705,12
P40126,9606,H. sapiens,9.600785,2.8054953,4
A0A087WX77,9606,H. sapiens,13.127216,5.7560315,12
Q8WV19,9606,H. sapiens,7.6004004,5.4353995,2
Q8WVC0,9606,H. sapiens,13.932044,5.0978823,12
P19634,9606,H. sapiens,10.044314,2.820057,8
O14841,9606,H. sapiens,12.1769,5.2389283,17
P48146,9606,H. sapiens,12.366185,3.2830577,17
P20941,9606,H. sapiens,11.184626,5.0758224,17
H0YNB7,9606,H. sapiens,12.853681,5.952155,12
H3BPK7,9606,H. sapiens,12.155797,16.428818,12
O60427,9606,H. sapiens,8.006269,8.484405,2
A0A5K1VW54,9606,H. sapiens,9.154166,6.804108,16
Q8IZQ5,9606,H. sapiens,10.928942,3.9658697,6
A0A0D9SFI6,9606,H. sapiens,13.722002,3.751772,19
A0A140VKG5,9606,H. sapiens,12.247027,4.6755877,9
Q8N4L2,9606,H. sapiens,9.649429,2.8229566,8
Q8NB15,9606,H. sapiens,10.993013,3.7300372,6
O43820,9606,H. sapiens,4.947577,2.1342602,14
B5MCW3,9606,H. sapiens,10.890897,5.87215,15
O00754,9606,H. sapiens,9.922787,9.30774,15
O95983,9606,H. sapiens,8.7294,17.091066,3
Q15735,9606,H. sapiens,9.411743,4.304235,15
Q9Y6I4,9606,H. sapiens,12.466138,8.749565,13
P21741,9606,H. sapiens,11.556592,3.0971513,6
Q6NSJ5,9606,H. sapiens,9.379184,5.644476,2
O14529,9606,H. sapiens,11.473019,6.4440227,15
O43680,9606,H. sapiens,15.3019285,5.255956,18
Q5JWF2,9606,H. sapiens,10.809202,3.1562724,6
O15217,9606,H. sapiens,3.545954,-3.565508,17
E7EPP6,9606,H. sapiens,11.39278,4.837156,10
O75604,9606,H. sapiens,14.779586,9.48852,17
D6RJG6,9606,H. sapiens,10.89369,-5.8645186,14
E9PFV2,9606,H. sapiens,8.175478,7.7944655,1
H0Y3N9,9606,H. sapiens,13.4467535,8.915212,13
Q96DU9,9606,H. sapiens,8.833426,7.88738,2
C9J5N7,9606,H. sapiens,12.426832,5.28971,9
P15382,9606,H. sapiens,10.099878,3.3572967,8
A0A024R8W0,9606,H. sapiens,13.257156,10.339805,15
P12004,9606,H. sapiens,9.9555435,12.388945,19
O43809,9606,H. sapiens,9.843019,3.3510723,6
H3BV90,9606,H. sapiens,10.789091,4.175411,6
P15923,9606,H. sapiens,12.573826,8.414366,13
Q969X2,9606,H. sapiens,9.422871,5.7160616,2
Q9H1A3,9606,H. sapiens,13.855275,4.041344,10
Q9UHL3,9606,H. sapiens,3.1002023,1.7839551,15
Q8WV37,9606,H. sapiens,8.012975,8.622725,16
Q6RI45,9606,H. sapiens,10.914782,9.1092825,17
P20265,9606,H. sapiens,8.879325,7.4960375,2
Q6NUQ1,9606,H. sapiens,10.197159,6.987926,0
P09488,9606,H. sapiens,3.6144109,-3.4986384,15
J3KND1,9606,H. sapiens,8.627696,7.65883,2
Q6PI26,9606,H. sapiens,10.87148,9.057864,17
H3BT34,9606,H. sapiens,14.117262,5.528274,12
A0A087WTH8,9606,H. sapiens,12.487858,2.6557968,9
P22087,9606,H. sapiens,9.279573,7.7179313,2
Q9H497,9606,H. sapiens,10.408378,7.496569,9
Q9C0J8,9606,H. sapiens,12.129076,8.36831,18
Q9UGU5,9606,H. sapiens,11.02495,7.133227,17
E9PHA2,9606,H. sapiens,11.355186,8.062227,0
Q96T91,9606,H. sapiens,12.45354,2.8176816,0
Q14203,9606,H. sapiens,14.464113,5.480434,12
Q9BUA6,9606,H. sapiens,11.193203,0.3332866,0
Q86X55,9606,H. sapiens,11.907019,6.553268,0
Q8IYD1,9606,H. sapiens,12.115859,7.6040344,17
Q04828,9606,H. sapiens,12.7709875,7.6137977,18
Q8NI60,9606,H. sapiens,11.213977,4.9037495,15
P06396,9606,H. sapiens,13.320489,8.778763,0
P49902,9606,H. sapiens,9.715086,3.0539439,5
Q9NVC6,9606,H. sapiens,13.213442,10.543706,17
P61619,9606,H. sapiens,12.9547825,8.590298,13
Q8WVX3,9606,H. sapiens,13.849994,8.090502,13
A6NI61,9606,H. sapiens,8.845137,2.9791203,8
Q3SXY7,9606,H. sapiens,12.469428,6.249566,0
P98174,9606,H. sapiens,14.34502,5.4082155,12
P01763,9606,H. sapiens,12.141089,1.9051929,19
Q8WXA2,9606,H. sapiens,12.659033,3.0696094,10
Q13555,9606,H. sapiens,9.845737,7.8222637,0
A0A384MR00,9606,H. sapiens,9.369174,6.633902,15
Q6NXT4,9606,H. sapiens,8.47276,7.358711,19
Q16626,9606,H. sapiens,11.081496,3.6878774,6
E7EN77,9606,H. sapiens,12.390656,5.294769,12
A0A3B3ISN4,9606,H. sapiens,9.59203,7.7695565,2
Q9NX52,9606,H. sapiens,8.239468,4.8831477,6
O76080,9606,H. sapiens,11.257699,4.264365,6
P46663,9606,H. sapiens,14.820732,8.35151,7
Q9NU23,9606,H. sapiens,11.722853,8.95561,15
A0A0A0MRW6,9606,H. sapiens,10.73811,3.732813,6
Q9Y5E5,9606,H. sapiens,10.064088,8.160778,2
Q15526,9606,H. sapiens,12.308192,7.4930925,0
F8VYH5,9606,H. sapiens,15.817644,8.382668,7
D6R9Q3,9606,H. sapiens,11.531206,4.7350435,6
P61353,9606,H. sapiens,9.169256,3.0754552,19
S4R469,9606,H. sapiens,13.654045,4.7692,12
P46779,9606,H. sapiens,8.605923,1.8049927,5
Q9H3T2,9606,H. sapiens,9.622297,8.55554,16
A0A0S2Z4R4,9606,H. sapiens,9.356211,7.651499,15
O60602,9606,H. sapiens,12.096514,3.0043838,10
A0A0B4J1T8,9606,H. sapiens,12.0675,3.3600504,17
P52742,9606,H. sapiens,4.732303,8.137296,15
Q15154,9606,H. sapiens,7.4908633,9.004124,16
Q15583,9606,H. sapiens,10.308294,3.8819773,6
Q9HC21,9606,H. sapiens,15.097247,8.451017,7
Q14508,9606,H. sapiens,12.520127,3.2062004,17
P58340,9606,H. sapiens,9.722406,7.5350714,17
Q96FW1,9606,H. sapiens,9.405225,6.6433663,2
Q9BTL3,9606,H. sapiens,13.298756,5.239381,11
E7ESA6,9606,H. sapiens,14.009763,4.9139066,12
E9PS76,9606,H. sapiens,9.293336,3.4799788,4
P01814,9606,H. sapiens,12.143801,1.9164405,10
P0DP57,9606,H. sapiens,12.621022,3.0880265,9
Q96CX3,9606,H. sapiens,13.945233,5.5651336,11
B0QZ35,9606,H. sapiens,11.153384,4.1478834,9
G3V4X6,9606,H. sapiens,13.465296,4.57058,10
C9JXV0,9606,H. sapiens,9.413831,5.7306657,2
Q15386,9606,H. sapiens,13.35659,8.85054,13
P20810,9606,H. sapiens,11.08925,8.615516,2
K7ERB6,9606,H. sapiens,12.249857,6.594909,0
B1AMX7,9606,H. sapiens,11.611987,5.269592,15
F8VZ81,9606,H. sapiens,10.31692,4.2916746,19
Q10981,9606,H. sapiens,8.451332,4.372801,19
Q9Y2X9,9606,H. sapiens,6.988802,4.5323725,14
Q717R9,9606,H. sapiens,11.902094,4.2531867,9
Q5H918,9606,H. sapiens,10.32972,3.2036245,8
P98177,9606,H. sapiens,10.565617,5.4180756,17
C9J4J4,9606,H. sapiens,14.368532,10.558787,15
Q96A23,9606,H. sapiens,10.016812,6.3700094,17
Q5H9R7,9606,H. sapiens,11.481488,5.5128527,2
H0Y695,9606,H. sapiens,10.438839,10.354444,0
Q9Y2X7,9606,H. sapiens,11.532423,5.711343,17
Q6ZRI6,9606,H. sapiens,6.6984253,4.857241,15
C9JA36,9606,H. sapiens,9.238148,4.4047694,0
Q9H9S5,9606,H. sapiens,4.922171,1.9804515,14
P50440,9606,H. sapiens,10.379145,6.886809,2
Q13490,9606,H. sapiens,8.974995,7.692219,2
C0HLS1,9606,H. sapiens,15.80256,8.274102,12
Q07666,9606,H. sapiens,10.50135,5.732356,15
Q6IAU5,9606,H. sapiens,11.131375,4.4789133,6
A0A669KB29,9606,H. sapiens,7.5394692,8.513884,1
P51948,9606,H. sapiens,9.739243,8.219732,17
Q6TDU7,9606,H. sapiens,11.502793,5.526616,15
E7ET46,9606,H. sapiens,9.554302,7.7058735,17
Q99640,9606,H. sapiens,12.466855,6.0926285,15
P30511,9606,H. sapiens,13.217325,7.329558,0
B1ALM4,9606,H. sapiens,10.08776,3.5260923,6
Q13488,9606,H. sapiens,9.294426,3.8056695,19
Q76L83,9606,H. sapiens,9.008427,6.149687,2
Q13169,9606,H. sapiens,15.31512,15.208411,18
A0A2R8YGN6,9606,H. sapiens,10.656254,3.9041533,6
P57057,9606,H. sapiens,12.917501,10.406176,17
Q15293,9606,H. sapiens,11.669376,9.488093,11
Q969H0,9606,H. sapiens,10.243859,7.6306953,17
Q9P2J9,9606,H. sapiens,10.5078945,6.7075768,14
P05787,9606,H. sapiens,11.197388,5.9662604,15
Q96HP0,9606,H. sapiens,12.599984,7.84449,18
Q86YS7,9606,H. sapiens,11.772537,2.3315754,10
P01599,9606,H. sapiens,12.159432,1.9099371,14
A0A024RAG8,9606,H. sapiens,7.8976245,11.137597,19
Q4G1C9,9606,H. sapiens,8.585368,8.015121,15
Q9UQ16,9606,H. sapiens,8.70781,7.0125766,19
B1AK44,9606,H. sapiens,9.725866,2.1456308,8
P05090,9606,H. sapiens,11.713266,2.971025,14
Q96EG3,9606,H. sapiens,10.499427,4.280769,6
H9KV85,9606,H. sapiens,9.720937,2.6096659,8
K7EQ45,9606,H. sapiens,4.9565377,2.3162308,10
Q9UBI4,9606,H. sapiens,9.4790535,8.467258,0
P35052,9606,H. sapiens,10.565979,4.1637073,6
Q9HCE1,9606,H. sapiens,9.724179,4.135814,6
Q6ECI4,9606,H. sapiens,4.8973,2.5277014,15
Q9H1P3,9606,H. sapiens,10.126871,3.935547,10
D6RIC3,9606,H. sapiens,10.456547,3.2570136,8
Q9BYV1,9606,H. sapiens,14.780699,9.499771,17
A0A1W2PRV5,9606,H. sapiens,11.908464,6.1690183,2
P47775,9606,H. sapiens,3.3196175,4.784007,8
Q86UY6,9606,H. sapiens,9.18315,2.2518065,5
Q6TDP4,9606,H. sapiens,12.146633,3.3131294,9
A0A0S2Z5M2,9606,H. sapiens,8.787765,8.805217,2
Q99878,9606,H. sapiens,5.0251713,12.689123,17
A0A087WXR7,9606,H. sapiens,8.740684,16.714203,4
F5H6Y5,9606,H. sapiens,10.666504,8.356128,0
Q5T6W2,9606,H. sapiens,7.4275117,5.4236455,2
Q12866,9606,H. sapiens,6.786026,5.0576096,2
E5RHS5,9606,H. sapiens,13.366594,10.219459,19
Q9UPN7,9606,H. sapiens,7.055298,4.3879747,14
A0A024R5S0,9606,H. sapiens,15.792177,8.370425,7
F5H4F1,9606,H. sapiens,9.993704,12.306405,15
A0A024R9D9,9606,H. sapiens,9.861626,2.795727,8
P60033,9606,H. sapiens,7.6564507,4.3460665,15
Q8NH87,9606,H. sapiens,11.382726,8.637011,0
Q16385,9606,H. sapiens,10.969497,4.0412664,6
O75718,9606,H. sapiens,11.350422,7.151444,2
I3L161,9606,H. sapiens,10.40695,7.4622507,15
M0QZ09,9606,H. sapiens,9.599532,6.8379316,0
P24855,9606,H. sapiens,7.59445,8.077168,6
X6REK4,9606,H. sapiens,11.73672,6.738169,17
B3KNX7,9606,H. sapiens,4.824699,2.4557629,15
O60391,9606,H. sapiens,11.961868,7.657,18
B4E1B9,9606,H. sapiens,8.877656,7.5378714,2
A0A024R4I4,9606,H. sapiens,9.671135,2.0385191,5
P28336,9606,H. sapiens,11.884005,2.7167325,14
Q9UP52,9606,H. sapiens,8.632254,7.481509,2
P43628,9606,H. sapiens,9.068428,5.8786263,15
B7Z2R7,9606,H. sapiens,10.55826,3.795149,6
A0A024R796,9606,H. sapiens,16.965883,9.762591,16
Q96FZ7,9606,H. sapiens,-0.60158175,8.731385,2
O75185,9606,H. sapiens,12.1112175,7.775689,18
Q9BRH9,9606,H. sapiens,9.290265,5.737985,15
Q9UPN9,9606,H. sapiens,12.90143,6.078154,12
Q96BW5,9606,H. sapiens,9.768175,8.389412,17
Q7Z5G4,9606,H. sapiens,8.197219,5.302592,17
Q7RTS9,9606,H. sapiens,8.695242,8.291736,2
Q5JVS0,9606,H. sapiens,10.125862,6.272286,17
A0A024RD25,9606,H. sapiens,12.292493,6.521582,9
Q86YT9,9606,H. sapiens,10.604638,10.352995,6
Q3MJ62,9606,H. sapiens,10.826314,3.0386744,8
Q9H0M0,9606,H. sapiens,11.0617895,5.931298,17
I3L4T9,9606,H. sapiens,10.56088,5.8246794,15
P59827,9606,H. sapiens,13.193582,8.486369,18
E7ESZ7,9606,H. sapiens,12.825588,6.20578,9
Q5DSZ8,9606,H. sapiens,9.477415,8.28536,2
P12036,9606,H. sapiens,7.224748,4.7467103,15
K7EMI0,9606,H. sapiens,8.195812,4.6635427,6
H0YKD0,9606,H. sapiens,14.980045,8.382554,7
A8MW49,9606,H. sapiens,9.889863,6.828152,19
P0DMR3,9606,H. sapiens,15.778078,8.361803,7
Q3ZCQ8,9606,H. sapiens,6.675607,7.9711947,16
Q9H9P5,9606,H. sapiens,13.818752,6.780175,12
Q8NCU1,9606,H. sapiens,13.235794,6.0408964,13
H7C0J8,9606,H. sapiens,10.789723,4.590148,9
Q96NB2,9606,H. sapiens,12.274366,2.7039356,6
A0A024RA33,9606,H. sapiens,13.469621,8.760083,13
P14866,9606,H. sapiens,8.046752,6.8100505,19
P43630,9606,H. sapiens,10.6438055,6.2445297,17
Q01638,9606,H. sapiens,13.319081,10.203368,17
B7ZBM4,9606,H. sapiens,10.387668,3.3173625,6
W8FW32,9606,H. sapiens,4.8095765,2.4842668,15
Q6JHV3,9606,H. sapiens,13.628337,8.113048,13
Q9H496,9606,H. sapiens,14.766062,8.359553,7
Q8TF46,9606,H. sapiens,10.499119,6.860037,0
A0A1B0GVF3,9606,H. sapiens,7.1392083,4.841465,19
A0A0A0MS29,9606,H. sapiens,10.208773,2.8731613,8
Q9H1N7,9606,H. sapiens,14.652348,5.6227894,12
A6NJV1,9606,H. sapiens,12.337458,4.774341,6
Q96MP8,9606,H. sapiens,10.343324,8.358777,0
O75390,9606,H. sapiens,10.606104,6.9236794,2
Q8TEY5,9606,H. sapiens,9.578051,2.6283555,4
P23276,9606,H. sapiens,7.9227304,3.7097893,4
Q9P2N5,9606,H. sapiens,12.771148,7.303135,18
P18627,9606,H. sapiens,9.492248,8.494829,2
Q5JPU0,9606,H. sapiens,9.261842,7.1633806,2
Q9H9C1,9606,H. sapiens,11.013807,2.4232605,4
Q9GZS0,9606,H. sapiens,10.3689575,3.3620043,6
Q05901,9606,H. sapiens,11.358821,2.342384,4
A0A1W2PRB5,9606,H. sapiens,10.880877,6.987689,2
A8MRT5,9606,H. sapiens,9.841189,7.3228207,2
P46977,9606,H. sapiens,9.597721,7.927314,16
Q9H8Y8,9606,H. sapiens,12.828369,0.40721357,15
Q8NFY9,9606,H. sapiens,11.84313,7.213385,18
Q5T3W0,9606,H. sapiens,11.229078,5.2095714,10
A0A024R040,9606,H. sapiens,13.278581,5.21498,11
A0A024RC47,9606,H. sapiens,8.947111,2.1044276,5
P53794,9606,H. sapiens,13.542571,7.9194574,13
H0Y7N4,9606,H. sapiens,9.704817,6.667298,0
Q9H221,9606,H. sapiens,9.228521,5.8655057,0
Q9H2D6,9606,H. sapiens,9.056569,9.067486,0
A0A087WW76,9606,H. sapiens,11.294274,5.757324,15
P62910,9606,H. sapiens,8.64055,1.7784219,5
Q9NTU7,9606,H. sapiens,12.891544,2.4716234,14
A0A384NQ03,9606,H. sapiens,13.3535595,10.177246,17
X6RF29,9606,H. sapiens,11.527286,4.878019,10
H0YNN4,9606,H. sapiens,14.485652,8.232005,7
Q96A29,9606,H. sapiens,11.421492,7.7790933,0
Q9P109,9606,H. sapiens,12.155089,8.31127,18
I3L325,9606,H. sapiens,9.147983,3.3893118,4
O75023,9606,H. sapiens,8.061789,6.882445,19
Q8N9R6,9606,H. sapiens,14.271427,7.9428973,7
O60346,9606,H. sapiens,11.788777,7.9048524,0
Q16581,9606,H. sapiens,11.46334,7.261372,0
P20648,9606,H. sapiens,8.543075,6.8079123,15
Q15438,9606,H. sapiens,11.278689,4.323126,9
E7ERW5,9606,H. sapiens,9.184673,4.0503564,4
A0A087WYX0,9606,H. sapiens,11.039078,7.212934,17
Q9BV29,9606,H. sapiens,12.4469,5.069499,12
Q06330,9606,H. sapiens,10.076635,6.326058,15
P49619,9606,H. sapiens,10.372545,7.4250455,17
A0A087WUN7,9606,H. sapiens,13.372847,4.604332,10
I3L4R4,9606,H. sapiens,14.707289,5.4850383,12
Q9UJQ4,9606,H. sapiens,11.468347,4.7248983,6
F5H1B7,9606,H. sapiens,12.016307,3.226399,15
S4R2X9,9606,H. sapiens,8.8333025,7.5095835,1
O95424,9606,H. sapiens,14.312578,8.040174,7
Q7Z3D6,9606,H. sapiens,11.650052,6.3725214,15
Q6UXN2,9606,H. sapiens,12.229848,2.0007937,14
P55884,9606,H. sapiens,6.987234,4.503822,15
Q53X93,9606,H. sapiens,9.862413,2.623194,8
Q9BQA5,9606,H. sapiens,10.510393,4.2437425,6
B0BCZ5,9606,H. sapiens,7.3020153,9.072965,1
Q5DX21,9606,H. sapiens,8.621973,7.90989,2
Q4KMQ1,9606,H. sapiens,7.3262362,8.710097,16
Q5TAP6,9606,H. sapiens,12.961125,6.3396235,0
Q8WY54,9606,H. sapiens,7.190542,5.1659966,2
Q15515,9606,H. sapiens,13.170734,5.480842,11
Q9H9Y2,9606,H. sapiens,9.725724,3.3686597,8
Q3MI88,9606,H. sapiens,9.168303,5.6561565,2
O60858,9606,H. sapiens,9.215975,3.1247923,4
Q99877,9606,H. sapiens,5.0387487,12.677121,17
P29692,9606,H. sapiens,7.023694,7.9668984,1
Q8IYV1,9606,H. sapiens,8.064515,8.02536,1
Q8N6W0,9606,H. sapiens,7.6290917,4.620268,16
Q14566,9606,H. sapiens,13.264423,5.528038,12
P34903,9606,H. sapiens,13.33864,10.201354,17
Q6P5X5,9606,H. sapiens,10.840724,3.5601654,10
O60729,9606,H. sapiens,1.1156135,-3.1719608,3
Q53FW8,9606,H. sapiens,10.043413,2.6521175,8
B5ME19,9606,H. sapiens,14.2664175,8.409228,13
A1L162,9606,H. sapiens,12.395354,6.4147806,18
Q14520,9606,H. sapiens,11.291449,4.3004994,10
A0A0S2Z3E9,9606,H. sapiens,15.634379,8.28265,7
O75688,9606,H. sapiens,1.115387,-3.1720102,3
P10144,9606,H. sapiens,17.893616,11.728818,14
Q5TC12,9606,H. sapiens,10.121491,7.3376155,15
Q8N349,9606,H. sapiens,13.3070345,7.3738375,13
Q9GLM0,9823,S. scrofa,7.359246,5.4843907,2
Q9XSD9,9823,S. scrofa,8.468376,3.7458484,8
A9ED84,9823,S. scrofa,8.672154,1.7994148,5
P10173,9823,S. scrofa,7.620394,7.7077427,4
Q6QAP6,9823,S. scrofa,10.445345,10.150839,0
F1SFS3,9823,S. scrofa,9.382248,3.8099203,6
E5Q8C6,9823,S. scrofa,10.309019,4.393778,4
P62844,9823,S. scrofa,10.413372,10.176736,0
Q29201,9823,S. scrofa,8.598424,1.7902216,5
Q4R1K4,9823,S. scrofa,12.334596,5.455815,12
A0MZ89,9823,S. scrofa,12.197528,3.0349522,15
F1SDV5,9823,S. scrofa,9.118459,3.101554,8
Q29116,9823,S. scrofa,12.602857,4.7772846,11
P00371,9823,S. scrofa,9.5902,2.5980582,8
P56471,9823,S. scrofa,13.807849,7.8467827,13
B5APU3,9823,S. scrofa,10.701879,3.2223463,6
P26893,9823,S. scrofa,15.082384,15.553848,9
M3VH45,9823,S. scrofa,14.524705,4.7085643,12
C9K506,9823,S. scrofa,14.549154,8.394693,7
O62807,9823,S. scrofa,11.27513,6.9314194,17
Q06AA4,9823,S. scrofa,9.516047,2.698665,8
Q29599,9823,S. scrofa,12.662836,8.722062,18
P81045,9823,S. scrofa,11.380354,6.893654,0
C0JJ14,9823,S. scrofa,7.852233,8.278369,19
P30555,9823,S. scrofa,7.572987,5.283038,17
P79401,9823,S. scrofa,7.7496505,4.434086,6
F1RNW6,9823,S. scrofa,8.978308,7.709155,16
F1S593,9823,S. scrofa,13.486943,8.729515,12
D2IE28,9823,S. scrofa,14.09246,6.157377,13
O97581,9823,S. scrofa,10.924377,4.928806,10
Q5H7C0,9823,S. scrofa,4.926101,1.9989927,14
Q95254,9823,S. scrofa,7.6262436,4.8284383,17
F1RMT5,9823,S. scrofa,10.478114,7.740518,0
A5Z0F6,9823,S. scrofa,12.122819,5.632815,0
Q764M6,9823,S. scrofa,7.6486263,8.762759,16
P17560,9823,S. scrofa,8.597837,7.1396475,19
I3LL93,9823,S. scrofa,14.888678,4.8275747,12
Q9TT27,9823,S. scrofa,14.946676,8.367501,7
Q28943,9823,S. scrofa,13.034406,6.4564157,18
F1SMJ6,9823,S. scrofa,7.9825525,4.8737807,2
I6ZX61,9823,S. scrofa,12.596791,7.276066,18
F1SPG5,9823,S. scrofa,11.128873,6.8498573,17
B8XSI6,9823,S. scrofa,11.627873,6.145848,17
B3VP30,9823,S. scrofa,9.6478615,5.61486,19
P08001,9823,S. scrofa,9.891954,3.5167837,4
Q4QTK1,9823,S. scrofa,13.363533,7.4558697,18
A0A287ABG2,9823,S. scrofa,11.430475,9.246669,2
F1RRV3,9823,S. scrofa,12.470403,3.2796743,16
Q02110,9823,S. scrofa,10.509037,5.6780143,19
Q29361,9823,S. scrofa,10.545901,10.142136,2
Q8MIM5,9823,S. scrofa,10.392671,7.3108964,0
Q8WN93,9823,S. scrofa,14.508031,5.004951,12
C1PIG4,9823,S. scrofa,7.6699104,4.3176923,19
K7GND9,9823,S. scrofa,14.196332,5.194151,12
P00795,9823,S. scrofa,10.880649,0.46841735,19
P01192,9823,S. scrofa,4.6922565,4.3012624,12
Q2YHQ3,9823,S. scrofa,11.203903,4.712797,19
B3FK65,9823,S. scrofa,7.651406,5.0353312,2
Q9BEC7,9823,S. scrofa,9.676758,6.4683075,9
A0ZVR1,9823,S. scrofa,10.497554,5.4945555,19
P09858,9823,S. scrofa,9.84385,2.6344683,8
Q9TTK7,9823,S. scrofa,12.363972,3.3885224,9
J9S2W1,9823,S. scrofa,11.466124,4.8822904,9
F1S912,9823,S. scrofa,12.30823,2.5211227,17
F1SKJ2,9823,S. scrofa,10.159124,3.548991,8
A4PES2,9823,S. scrofa,11.068647,4.8004746,10
P02067,9823,S. scrofa,8.792658,7.611924,2
C9K507,9823,S. scrofa,3.5426407,-3.5685022,17
Q2TJZ7,9823,S. scrofa,7.1754723,5.906775,2
P09933,9823,S. scrofa,11.952383,8.252759,17
F1RH90,9823,S. scrofa,11.749718,5.605958,17
F1SK18,9823,S. scrofa,7.0320597,6.4198914,2
P24853,9823,S. scrofa,8.181706,9.74808,16
Q1WEZ6,9823,S. scrofa,12.851015,10.407786,17
F1SDC3,9823,S. scrofa,4.8164086,3.7775805,18
A0A287B231,9823,S. scrofa,11.197029,2.3743093,4
P19756,9823,S. scrofa,14.388322,4.804818,12
F1RX16,9823,S. scrofa,8.564665,8.1636305,2
A0A480NP79,9823,S. scrofa,11.073312,3.7023847,6
C3VML1,9823,S. scrofa,7.7765536,4.0781956,14
P04761,9823,S. scrofa,14.091873,5.8885245,0
P86409,9823,S. scrofa,3.0373929,2.7305868,0
O19069,9823,S. scrofa,15.031978,4.619419,12
Q29549,9823,S. scrofa,13.2669735,5.107627,6
Q764N1,9823,S. scrofa,11.605751,3.5934598,9
Q29205,9823,S. scrofa,8.617154,1.82523,5
Q5H7B9,9823,S. scrofa,9.50301,7.673398,2
M3TYT0,9823,S. scrofa,13.262492,8.649188,13
P59083,9823,S. scrofa,9.578193,3.7534568,8
P01315,9823,S. scrofa,9.243152,-0.015479765,8
P26889,9823,S. scrofa,10.216049,8.945411,18
C0MHR2,9823,S. scrofa,12.808423,6.358325,18
O11780,9823,S. scrofa,10.664499,6.1147213,17
P00571,9823,S. scrofa,9.267727,2.6795304,4
A1XQU5,9823,S. scrofa,9.180386,3.0868232,19
P62272,9823,S. scrofa,10.054569,9.016711,0
P00346,9823,S. scrofa,10.2038965,5.6021943,15
F1RYL4,9823,S. scrofa,15.154101,15.442874,9
F2VYA1,9823,S. scrofa,10.252225,4.745753,19
P22412,9823,S. scrofa,10.89509,-5.8661466,14
P53714,9823,S. scrofa,9.421436,5.317615,15
P12682,9823,S. scrofa,8.004185,13.042175,17
A5LHG2,9823,S. scrofa,9.438431,-1.4527435,9
P24964,9823,S. scrofa,11.7529125,6.5366316,11
F1SDV6,9823,S. scrofa,11.680047,7.715946,17
P05027,9823,S. scrofa,7.7098217,5.631614,0
I3LFH3,9823,S. scrofa,9.143306,5.832481,17
Q66T47,9823,S. scrofa,11.477172,6.9388256,17
F4ZS18,9823,S. scrofa,7.6481385,9.245359,16
A7LCJ3,9823,S. scrofa,12.761569,4.67845,11
F1S9C0,9823,S. scrofa,11.179376,3.8951018,6
P55931,9823,S. scrofa,10.020254,4.851767,19
A0A287BDC1,9823,S. scrofa,10.401694,2.6467445,8
Q6QAQ1,9823,S. scrofa,9.261092,7.1776304,16
P12675,9823,S. scrofa,12.051383,3.0429459,10
D0VWV4,9823,S. scrofa,11.459161,9.234942,2
P32394,9823,S. scrofa,15.157883,15.432484,9
F1RII3,9823,S. scrofa,12.139895,3.0431397,10
A0A068CA64,9823,S. scrofa,8.114433,7.406285,15
F1RLP5,9823,S. scrofa,11.191111,2.500955,10
O02839,9823,S. scrofa,10.317733,-8.083446,15
F1RME6,9823,S. scrofa,7.724238,5.2307386,0
F1RKB1,9823,S. scrofa,12.969669,8.467629,0
F1SPU1,9823,S. scrofa,8.283808,7.3791695,2
Q864B5,9823,S. scrofa,10.329067,-8.07178,19
A1E295,9823,S. scrofa,14.790914,4.5852566,12
Q95L23,9823,S. scrofa,8.872779,5.7676907,2
B6VNT8,9823,S. scrofa,10.685441,3.6262522,6
K9J4V5,9823,S. scrofa,7.479368,5.4991136,0
D3Y4D2,9823,S. scrofa,12.451683,3.7460647,9
Q2TJA5,9823,S. scrofa,14.333556,10.527388,19
Q95281,9823,S. scrofa,14.243094,8.143377,13
O02696,9823,S. scrofa,7.6185875,4.3138905,17
D5K8A9,9823,S. scrofa,10.646141,3.2133827,6
A9ED79,9823,S. scrofa,8.958431,2.0547414,5
Q7YS66,9823,S. scrofa,7.746253,4.1308265,14
O77636,9823,S. scrofa,12.128103,3.4178047,17
P0DW16,9823,S. scrofa,9.069782,3.6261702,4
Q95J68,9823,S. scrofa,15.268313,15.269271,9
P31006,9823,S. scrofa,5.687014,9.084082,3
Q95332,9823,S. scrofa,10.655329,6.6678867,2
Q767K8,9823,S. scrofa,11.1048,10.277218,6
Q8WMN7,9823,S. scrofa,10.966468,5.4158993,17
D7EZN2,9823,S. scrofa,13.518162,7.9445853,13
F1RGY5,9823,S. scrofa,12.0658,7.525112,18
F1RI95,9823,S. scrofa,8.705349,8.200928,2
P17306,9823,S. scrofa,14.2019825,8.077824,13
F1RIT1,9823,S. scrofa,9.099672,3.5910356,4
P50390,9823,S. scrofa,9.820849,4.384053,19
P60588,9823,S. scrofa,6.8988442,7.9053025,16
Q9BDK6,9823,S. scrofa,14.485354,5.557922,12
Q28832,9823,S. scrofa,13.243041,10.118803,15
Q4PLW0,9823,S. scrofa,9.812709,6.522602,0
Q95J98,9823,S. scrofa,15.586327,8.472038,7
P63221,9823,S. scrofa,8.639955,1.790385,5
A4Z6H1,9823,S. scrofa,8.422209,3.8236244,19
P20192,9823,S. scrofa,11.049298,6.6267667,0
P02543,9823,S. scrofa,9.002099,3.2407677,4
P80147,9823,S. scrofa,7.809322,16.245047,17
Q0Z8U2,9823,S. scrofa,10.227558,9.840105,17
A7VK00,9823,S. scrofa,7.6161184,4.3097806,15
P42098,9823,S. scrofa,14.361803,10.548749,17
A7LCX1,9823,S. scrofa,8.095199,8.624188,1
Q71KK5,9823,S. scrofa,12.731845,6.657553,11
P68005,9823,S. scrofa,13.547657,7.286835,13
F1RQZ7,9823,S. scrofa,9.967792,4.177814,19
P01281,9823,S. scrofa,14.773993,8.379921,7
I3LEN5,9823,S. scrofa,7.5117154,5.5065784,17
F1S6B4,9823,S. scrofa,10.406433,7.9074707,0
Q6TA49,9823,S. scrofa,11.8469,4.1872654,10
P05024,9823,S. scrofa,14.336046,4.4127007,11
A2RQD8,9823,S. scrofa,8.726762,1.8706018,5
F1SVA2,9823,S. scrofa,10.427568,3.1932738,6
A9ZPH4,9823,S. scrofa,5.114697,2.1195283,14
F1S981,9823,S. scrofa,12.075319,3.2327127,17
P49171,9823,S. scrofa,8.642023,1.7899097,5
O97788,9823,S. scrofa,9.86574,6.850338,15
B3GDZ6,9823,S. scrofa,12.816972,2.4408007,10
A0A287BK35,9823,S. scrofa,11.504876,6.0574975,17
B3GDZ5,9823,S. scrofa,15.274561,15.26345,9
Q2V0W2,9823,S. scrofa,15.062549,5.0426846,12
P50118,9823,S. scrofa,11.102426,9.627714,9
Q9GLG4,9823,S. scrofa,11.13865,5.162493,15
Q9GLM2,9823,S. scrofa,12.511975,7.7131996,13
Q95441,9823,S. scrofa,12.260061,1.3911384,10
Q1HE49,9823,S. scrofa,11.88198,7.6319613,18
P11607,9823,S. scrofa,14.658244,5.045692,12
F1SS88,9823,S. scrofa,7.348069,3.3192654,4
P50584,9823,S. scrofa,9.551232,8.050991,15
F1SRC8,9823,S. scrofa,10.635232,2.7802184,4
I2E6E0,9823,S. scrofa,12.1518955,3.0273676,10
P41566,9823,S. scrofa,12.884071,6.169854,0
Q69GF7,9823,S. scrofa,8.643035,3.9428368,4
Q9GLE3,9823,S. scrofa,6.9024677,8.663178,15
F1RVK2,9823,S. scrofa,13.370161,8.89998,12
O02840,9823,S. scrofa,7.4550123,5.4132137,2
Q1T7A5,9823,S. scrofa,12.091567,2.015831,10
F1SPM8,9823,S. scrofa,9.813041,9.524902,15
Q6UV40,9823,S. scrofa,8.6103525,7.9861965,2
P0DTA4,9823,S. scrofa,7.061624,4.3570027,19
C1PIG3,9823,S. scrofa,13.368542,5.266576,11
P10668,9823,S. scrofa,9.589704,2.8933256,8
P29258,9823,S. scrofa,13.787977,6.74984,13
P79263,9823,S. scrofa,12.366514,9.245897,18
F2Z5Q6,9823,S. scrofa,10.423083,10.266429,0
Q29073,9823,S. scrofa,9.618175,4.0948105,4
Q2YGT9,9823,S. scrofa,7.7193184,8.008101,6
Q29121,9823,S. scrofa,9.183844,8.541807,0
F1RR02,9823,S. scrofa,7.879569,8.181516,4
G9BWQ2,9823,S. scrofa,13.216712,11.273408,15
I3LSZ1,9823,S. scrofa,12.659784,2.6807992,9
G5DC08,9823,S. scrofa,14.617496,4.798366,12
P36887,9823,S. scrofa,10.248876,10.186633,2
P41535,9823,S. scrofa,9.423044,-1.4682233,12
K9IWF9,9823,S. scrofa,8.105124,8.656617,1
A9CQL8,9823,S. scrofa,9.273874,2.9358017,5
E1U8C5,9823,S. scrofa,11.109883,4.5755677,6
E5F1H4,9823,S. scrofa,11.640878,7.822966,18
F1RRA0,9823,S. scrofa,7.312134,6.27206,15
P01238,9823,S. scrofa,15.1204405,15.482306,10
Q95J99,9823,S. scrofa,14.265095,8.127288,13
Q007T0,9823,S. scrofa,10.625142,7.0325065,19
P24786,9823,S. scrofa,12.212804,6.236592,0
O18934,9823,S. scrofa,11.147485,8.5177965,15
F1RFU7,9823,S. scrofa,3.082555,12.618395,15
Q8SQC1,9823,S. scrofa,12.71529,4.91008,9
Q6SA96,9823,S. scrofa,8.622127,1.8239626,5
Q8HZN9,9823,S. scrofa,10.922785,5.5015416,6
P51524,9823,S. scrofa,12.208343,3.6465244,11
I3LSP4,9823,S. scrofa,6.5528827,6.721206,8
Q52NJ5,9823,S. scrofa,7.68625,16.417078,3
A1XQU3,9823,S. scrofa,9.222418,3.143651,8
P63053,9823,S. scrofa,9.73433,9.136374,15
F1RGR1,9823,S. scrofa,7.6183615,9.470967,16
P00348,9823,S. scrofa,7.626625,8.716429,16
A0A4X1WD80,9823,S. scrofa,10.747388,4.697825,10
R9WDQ0,9823,S. scrofa,12.038621,8.277666,18
F1RKI3,9823,S. scrofa,8.738496,8.301163,2
P00761,9823,S. scrofa,17.78532,11.662452,14
A7LKB1,9823,S. scrofa,7.0137663,4.336864,14
Q7YRB2,9823,S. scrofa,9.5128765,8.019758,2
P02554,9823,S. scrofa,12.303278,2.5239916,2
P63153,9823,S. scrofa,9.399036,-1.5535542,9
F1RZM4,9823,S. scrofa,11.596421,6.209796,2
Q0PIT9,9823,S. scrofa,12.048709,2.0006132,10
A0A024CBD6,9823,S. scrofa,12.821657,5.885964,11
G8G223,9823,S. scrofa,7.9451494,8.390127,19
Q767L6,9823,S. scrofa,14.743534,8.412185,7
K7GKN2,9823,S. scrofa,12.847884,10.391602,15
P19156,9823,S. scrofa,10.827882,8.810987,16
O62680,9823,S. scrofa,12.680024,3.0878832,10
Q6KCM2,9823,S. scrofa,12.481366,2.6405907,9
F1SD85,9823,S. scrofa,10.00032,3.358491,8
Q29118,9823,S. scrofa,15.289697,15.248552,9
Q9GLX8,9823,S. scrofa,3.5485675,-3.562939,17
Q1T7A8,9823,S. scrofa,11.96487,3.1602082,10
A5YV76,9823,S. scrofa,9.424316,3.9401035,4
Q9GKY5,9823,S. scrofa,11.549325,3.4336379,9
Q4VQ11,9823,S. scrofa,13.679266,4.990978,12
I3LVS7,9823,S. scrofa,8.774759,16.79838,4
F1SV76,9823,S. scrofa,8.901087,5.859107,2
I3L8Q3,9823,S. scrofa,15.279498,15.251417,9
P35750,9823,S. scrofa,5.3058524,7.9628563,16
A5D9M6,9823,S. scrofa,9.546375,3.6989613,8
P25117,9823,S. scrofa,12.120279,7.906311,18
O18866,9823,S. scrofa,12.150316,16.42362,12
P83686,9823,S. scrofa,10.691077,3.7568958,6
Q7YS88,9823,S. scrofa,10.59393,3.2227058,8
P80310,9823,S. scrofa,11.03695,0.32965612,15
Q95LE2,9823,S. scrofa,12.228169,3.7766018,9
P79432,9823,S. scrofa,9.266173,0.088181935,6
Q95ND5,9823,S. scrofa,15.229399,15.337673,10
F1RLL9,9823,S. scrofa,8.41083,8.376645,2
F1SKM1,9823,S. scrofa,13.165913,8.65271,13
Q4VQ10,9823,S. scrofa,13.442955,5.1895137,12
Q9N0F1,9823,S. scrofa,11.751745,5.846021,0
Q0QF01,9823,S. scrofa,10.930066,7.2235904,17
I3LEC2,9823,S. scrofa,9.458766,-1.4915805,6
Q29021,9823,S. scrofa,11.991359,5.7526526,0
Q9GKX0,9823,S. scrofa,12.920185,10.405985,17
P56432,9823,S. scrofa,12.700239,7.2028427,18
Q95274,9823,S. scrofa,12.843726,6.7753253,0
Q02745,9823,S. scrofa,9.843034,2.6480253,4
P67985,9823,S. scrofa,8.637613,1.8062439,5
F1SBE5,9823,S. scrofa,12.338371,3.9109643,17
A0SEG9,9823,S. scrofa,8.49553,7.4837074,2
F1RGL0,9823,S. scrofa,7.787139,9.356206,16
Q29101,9823,S. scrofa,10.0466585,5.6906295,15
F1STP7,9823,S. scrofa,14.947082,4.878275,12
P30880,9823,S. scrofa,11.37902,3.5433104,6
F1SF88,9823,S. scrofa,6.6525087,4.9587083,15
D0G0B6,9823,S. scrofa,9.447452,8.045872,0
Q08353,9823,S. scrofa,9.52668,2.307504,5
Q8WNW5,9823,S. scrofa,12.369766,6.8999925,0
P36968,9823,S. scrofa,8.606554,3.55974,4
F1SSE8,9823,S. scrofa,12.197298,6.35507,17
A7VK01,9823,S. scrofa,12.21162,7.6574507,18
Q1T7A6,9823,S. scrofa,11.953335,3.2234945,10
F1S8C6,9823,S. scrofa,8.018411,8.078113,1
F1S285,9823,S. scrofa,10.962785,5.9980354,15
Q864W9,9823,S. scrofa,7.434733,14.278893,17
F1SRN1,9823,S. scrofa,13.476372,4.43264,19
Q28937,9823,S. scrofa,1.1155158,-3.1720266,3
Q9GKP7,9823,S. scrofa,8.931285,5.8857102,2
F1SGT4,9823,S. scrofa,14.766116,9.475665,9
Q6GWX0,9823,S. scrofa,13.0780325,7.379395,13
P49927,9823,S. scrofa,11.4969225,4.019658,11
Q00655,9823,S. scrofa,8.967979,7.354812,15
F1SQ09,9823,S. scrofa,12.249653,8.574216,18
P00889,9823,S. scrofa,8.83038,6.873549,19
Q29122,9823,S. scrofa,7.667087,5.2567434,17
F1RSU5,9823,S. scrofa,15.158703,5.1854143,12
Q865U8,9823,S. scrofa,14.085056,8.142883,13
Q867C0,9823,S. scrofa,10.82334,3.2342591,10
K7GSE8,9823,S. scrofa,13.4113865,7.5606613,13
F1RK46,9823,S. scrofa,10.931985,2.8633122,4
F1RRW5,9823,S. scrofa,14.238973,5.3214235,12
Q45QB4,9823,S. scrofa,9.188499,0.061796438,8
P01348,9823,S. scrofa,12.247455,3.338042,9
J9T303,9823,S. scrofa,11.798269,7.869373,18
A5GFW1,9823,S. scrofa,7.304956,7.6400537,1
P23563,9823,S. scrofa,12.807256,2.4625058,10
B2DCZ9,9823,S. scrofa,11.197551,4.099409,6
A0A4X1UM84,9823,S. scrofa,12.507092,3.3542526,17
Q863D2,9823,S. scrofa,15.305723,15.206968,9
P34994,9823,S. scrofa,8.662049,3.8987668,8
I3LUZ9,9823,S. scrofa,7.317587,7.3601804,4
F1SD45,9823,S. scrofa,9.521811,5.1110134,19
Q6YEY0,9823,S. scrofa,4.9390793,1.9582659,14
O18896,9823,S. scrofa,4.792114,2.4956188,15
O77741,9823,S. scrofa,14.614629,6.5639625,12
B2LUN4,9823,S. scrofa,7.620902,8.059605,1
P05207,9823,S. scrofa,10.281842,3.9626527,19
P17741,9823,S. scrofa,8.005057,13.040599,17
D0EWS6,9823,S. scrofa,11.391674,7.9985375,0
O18734,9823,S. scrofa,10.602466,3.2907639,8
F1RSS8,9823,S. scrofa,11.935906,7.9101405,18
A8DSD5,9823,S. scrofa,8.923871,3.1673067,4
P48819,9823,S. scrofa,10.341467,3.7620144,10
P19620,9823,S. scrofa,9.534088,8.729832,17
F1SE69,9823,S. scrofa,7.755862,4.76618,9
P16545,9823,S. scrofa,9.188939,0.061358236,8
B5ATG0,9823,S. scrofa,10.803582,3.8457043,6
F1RJ01,9823,S. scrofa,8.005534,13.039848,17
I3LK75,9823,S. scrofa,12.56342,3.4300416,9
F1SEL7,9823,S. scrofa,10.883904,8.91188,17
F2Z594,9823,S. scrofa,8.000749,13.047327,17
Q28960,9823,S. scrofa,15.091638,15.538623,9
Q29011,9823,S. scrofa,12.182158,16.385664,18
F1S2H4,9823,S. scrofa,10.064413,5.8665514,15
C0SW08,9823,S. scrofa,6.841055,8.791917,17
Q02038,9823,S. scrofa,10.721293,4.640299,10
A5A4L7,9823,S. scrofa,12.365415,7.4397087,18
Q9TUB2,9823,S. scrofa,7.58101,4.9645886,17
P12037,9823,S. scrofa,7.508357,14.196047,12
P81558,9823,S. scrofa,12.828612,5.498611,12
F1S6Q9,9823,S. scrofa,4.992263,2.1723728,10
Q04745,9823,S. scrofa,15.270808,15.267887,9
Q28983,9823,S. scrofa,7.7868514,7.637096,1
P27485,9823,S. scrofa,12.398926,3.5192196,0
P53603,9823,S. scrofa,11.459498,2.3822904,10
P01304,9823,S. scrofa,9.432778,-1.4679177,12
F1SFQ0,9823,S. scrofa,9.116326,5.136828,6
F1SBC5,9823,S. scrofa,14.335664,5.533259,12
F1SHI5,9823,S. scrofa,10.833091,5.044329,17
Q8WN98,9823,S. scrofa,11.438844,3.628746,9
Q0PY11,9823,S. scrofa,7.6701818,4.713999,17
P20305,9823,S. scrofa,3.087316,12.613475,15
P37176,9823,S. scrofa,8.959333,7.439823,2
P01248,9823,S. scrofa,15.156925,15.436408,9
A4UTN8,9823,S. scrofa,12.318736,3.3173723,17
Q29016,9823,S. scrofa,12.375058,7.635254,18
K7GN90,9823,S. scrofa,10.485764,3.5626197,10
Q04967,9823,S. scrofa,8.152606,3.2012317,14
Q8SPK6,9823,S. scrofa,1.1158044,-3.1714845,3
P79384,9823,S. scrofa,13.2276,10.085434,15
P01165,9823,S. scrofa,11.356932,3.5719213,6
A6M930,9823,S. scrofa,9.003973,3.2188504,4
A9CDZ0,9823,S. scrofa,12.76608,2.4482284,10
Q2TCH2,9823,S. scrofa,9.48147,3.040641,4
P01297,9823,S. scrofa,9.456609,-1.5021107,9
Q29551,9823,S. scrofa,9.01555,2.4931476,5
A0A4X1TSK7,9823,S. scrofa,10.79569,6.828634,17
A0A4X1TZW7,9823,S. scrofa,11.201615,4.66841,6
Q29195,9823,S. scrofa,8.608552,1.8143622,5
K7GS49,9823,S. scrofa,10.154658,3.144989,4
A0A4X1T4U3,9823,S. scrofa,12.949091,7.431242,18
O97763,9823,S. scrofa,9.240553,3.7594004,4
F1S6D3,9823,S. scrofa,8.869081,7.7026772,16
P02547,9823,S. scrofa,11.906372,4.7507086,15
A0A023VTS2,9823,S. scrofa,12.019465,7.7574816,18
P19757,9823,S. scrofa,13.73428,6.953357,13
P18434,9823,S. scrofa,7.4571548,4.398752,19
P07200,9823,S. scrofa,7.537992,5.547986,0
Q9GLM1,9823,S. scrofa,8.873119,2.501482,5
Q29076,9823,S. scrofa,10.861604,6.3316307,15
Q58K79,9823,S. scrofa,10.212209,3.2882166,8
A0ZVR0,9823,S. scrofa,14.310081,6.163321,11
Q4R1K5,9823,S. scrofa,13.7661495,7.626983,13
F1SBS4,9823,S. scrofa,10.601011,3.710917,10
E7FLX9,9823,S. scrofa,6.817844,4.7869735,19
O97894,9823,S. scrofa,11.254269,4.6517296,15
Q0PPT3,9823,S. scrofa,9.175405,0.053761963,8
Q2XUT1,9823,S. scrofa,13.846812,5.291559,12
F1SU97,9823,S. scrofa,5.0563726,2.2255447,14
Q1HNM7,9823,S. scrofa,11.965399,2.9704096,10
F1S0M0,9823,S. scrofa,10.280595,6.242807,15
F1RGE0,9823,S. scrofa,14.517348,5.086369,12
P01965,9823,S. scrofa,9.205775,3.6220868,4
P45561,9823,S. scrofa,13.45351,5.7501636,12
A0A287BEZ3,9823,S. scrofa,7.4490004,7.8394723,1
Q9TTX7,9823,S. scrofa,14.210356,5.3835654,12
Q28969,9823,S. scrofa,9.877532,5.7889996,2
F1RSW9,9823,S. scrofa,11.9853735,6.8715897,17
P62901,9823,S. scrofa,10.400885,10.271525,2
F2Z5G6,9823,S. scrofa,13.6981535,5.8318377,12
P83884,9823,S. scrofa,10.446471,10.175055,0
P53590,9823,S. scrofa,12.5639925,5.0334473,12
Q767L7,9823,S. scrofa,20.898584,0.70933497,2
A0A287BEL5,9823,S. scrofa,9.513165,9.022574,17
F1SA75,9823,S. scrofa,15.012224,4.7907057,12
P60662,9823,S. scrofa,8.897728,2.0323286,5
Q2HXZ9,9823,S. scrofa,11.215245,3.9050298,6
P19619,9823,S. scrofa,9.527942,7.6417427,2
C9K505,9823,S. scrofa,8.692933,17.343395,3
P00592,9823,S. scrofa,11.602641,3.4837968,19
Q9GL76,9823,S. scrofa,9.781001,5.816524,19
Q866U3,9823,S. scrofa,11.404155,6.698344,17
F1SD70,9823,S. scrofa,9.482615,6.4739656,2
Q29117,9823,S. scrofa,14.445173,5.651722,17
F1CFE1,9823,S. scrofa,15.269257,15.2701235,9
P01025,9823,S. scrofa,11.739039,7.828861,18
A0A286ZPL5,9823,S. scrofa,8.2518835,7.3921423,1
P16469,9823,S. scrofa,11.989387,5.5734386,12
Q29406,9823,S. scrofa,15.197668,15.372853,9
Q6YEY1,9823,S. scrofa,12.82978,10.411156,3
Q6QAP7,9823,S. scrofa,8.655417,1.800917,5
Q8MIR4,9823,S. scrofa,14.840351,5.007509,12
Q8WNV7,9823,S. scrofa,10.012774,2.671683,8
P11708,9823,S. scrofa,10.283672,5.9028983,9
F1SPH6,9823,S. scrofa,13.032372,3.9578137,13
P08835,9823,S. scrofa,12.285163,7.6445985,18
Q4GWZ2,9823,S. scrofa,10.450984,10.469275,19
G9BWQ1,9823,S. scrofa,10.913277,4.358555,6
Q867B9,9823,S. scrofa,11.037211,3.412247,10
A1XQU9,9823,S. scrofa,10.433653,10.50768,8
Q8MIP7,9823,S. scrofa,9.35824,7.697247,2
Q9TRC7,9823,S. scrofa,13.241145,6.871451,13
A4L7N3,9823,S. scrofa,14.772746,9.479525,17
Q9N135,9823,S. scrofa,11.670156,6.6271133,0
P35054,9823,S. scrofa,12.994661,10.96527,4
P07480,9823,S. scrofa,9.424947,-1.4888953,12
A7WLH8,9823,S. scrofa,9.525299,2.5463703,5
Q49I35,9823,S. scrofa,9.775416,3.934094,4
F1SQJ5,9823,S. scrofa,8.114621,4.4736304,16
Q9MZG4,9823,S. scrofa,12.254446,5.1969056,9
P0C5I2,9823,S. scrofa,7.5614758,9.233239,16
A7UNK0,9823,S. scrofa,12.93956,8.569437,13
I3L5D4,9823,S. scrofa,12.207309,3.6636314,11
F1RZU4,9823,S. scrofa,11.101991,6.882849,15
A0A1S6M251,9823,S. scrofa,10.970743,2.4578347,8
P04574,9823,S. scrofa,10.268771,8.952419,0
P00772,9823,S. scrofa,12.120511,5.518322,9
Q6YEX9,9823,S. scrofa,9.545671,7.2059603,2
B2XWS1,9823,S. scrofa,12.113598,4.5249243,16
A0A287B8C4,9823,S. scrofa,13.481439,4.679565,17
P01284,9823,S. scrofa,9.443002,-1.4673294,11
P04101,9823,S. scrofa,13.608949,6.729206,12
P18648,9823,S. scrofa,11.386965,4.012967,6
P79282,9823,S. scrofa,12.242678,3.1238248,10
A7TX80,9823,S. scrofa,13.408202,5.4648285,11
Q9G1G3,9823,S. scrofa,8.643535,3.86085,4
Q6QAT0,9823,S. scrofa,8.635102,1.7730169,5
F1SS24,9823,S. scrofa,11.8142,5.2836256,9
Q863D3,9823,S. scrofa,15.316048,15.202983,9
P62831,9823,S. scrofa,8.672951,1.9352282,8
Q6QAT1,9823,S. scrofa,10.509886,9.481809,0
A4PES0,9823,S. scrofa,12.904038,8.477309,0
Q6GUA6,9823,S. scrofa,9.442811,3.1767077,8
Q6RVA9,9823,S. scrofa,8.748479,3.654758,8
P27594,9823,S. scrofa,4.822475,8.068679,19
P18871,9823,S. scrofa,4.9415784,1.9555211,14
D7PF45,9823,S. scrofa,11.924937,2.9553323,10
Q9MZE5,9823,S. scrofa,12.2055,5.081921,9
P42706,9823,S. scrofa,15.460779,8.309938,7
G9BZS8,9823,S. scrofa,10.428842,4.1830645,19
F1SPZ9,9823,S. scrofa,12.114536,5.460217,9
Q2EN75,9823,S. scrofa,10.968574,0.3940104,19
F2Z540,9823,S. scrofa,17.887302,11.730221,14
P16549,9823,S. scrofa,14.3418255,7.788355,13
A5GZW8,9823,S. scrofa,9.876862,3.6369457,6
Q05KH5,9823,S. scrofa,11.699431,6.4420824,17
F2Z5D1,9823,S. scrofa,17.78572,11.661413,14
B9P414,9823,S. scrofa,11.220448,3.8608491,6
C4TJC6,9823,S. scrofa,11.570306,6.90105,17
O19073,9823,S. scrofa,17.871471,10.597269,10
P07802,9823,S. scrofa,9.985696,3.7876706,4
Q9GKQ6,9823,S. scrofa,2.3294046,-1.0081495,17
I3LSZ2,9823,S. scrofa,7.8280606,8.627841,1
F1SS26,9823,S. scrofa,12.196988,16.37971,12
P46282,9913,B. taurus,12.106095,5.398297,11
P13536,9913,B. taurus,8.534654,7.978956,2
P23206,9913,B. taurus,11.570562,5.293526,15
P62261,9913,B. taurus,-3.1996758,7.881782,15
Q2TBK2,9913,B. taurus,10.6553545,5.952123,17
P20072,9913,B. taurus,10.066248,8.540058,17
Q28142,9913,B. taurus,9.702214,2.9571917,8
P63212,9913,B. taurus,12.28137,6.029491,0
Q29RU1,9913,B. taurus,10.605173,10.183006,2
A4GX95,9913,B. taurus,15.191327,15.406641,9
O46522,9913,B. taurus,8.018746,6.9586067,2
Q4A1L4,9913,B. taurus,7.477681,8.909662,1
F1MH24,9913,B. taurus,7.408505,14.312134,11
A0A3Q1LFK7,9913,B. taurus,12.363556,4.820174,9
Q28139,9913,B. taurus,12.023775,4.646743,11
P82908,9913,B. taurus,9.745996,2.5859191,8
Q3T0J3,9913,B. taurus,10.540515,10.538526,6
P60661,9913,B. taurus,8.88979,2.0205264,5
Q862G1,9913,B. taurus,9.227461,0.04876852,8
Q8MK44,9913,B. taurus,6.909706,7.1006045,1
E1BC59,9913,B. taurus,10.900926,3.5891883,6
Q2TBR2,9913,B. taurus,10.684236,10.39453,8
F1MQ39,9913,B. taurus,12.163568,16.411463,12
P23795,9913,B. taurus,12.013842,3.2496765,15
Q02375,9913,B. taurus,9.023229,2.7213793,5
P19120,9913,B. taurus,13.819457,5.429199,12
O02740,9913,B. taurus,10.482479,5.450876,15
Q17QP9,9913,B. taurus,7.836346,4.375834,10
Q8HZ50,9913,B. taurus,13.402882,6.364761,13
Q08DF4,9913,B. taurus,11.784645,7.6158314,18
Q762I5,9913,B. taurus,12.743744,4.219201,0
P07455,9913,B. taurus,9.156731,0.07037568,8
Q9TT94,9913,B. taurus,7.527348,5.387707,19
Q0VD18,9913,B. taurus,7.740903,5.600868,0
O46600,9913,B. taurus,6.6710596,5.017924,2
B0JYL6,9913,B. taurus,8.63181,6.764339,15
P82929,9913,B. taurus,13.594426,8.118387,13
Q32L75,9913,B. taurus,14.499907,8.248434,7
Q58CU2,9913,B. taurus,11.600542,3.6478593,2
P83939,9913,B. taurus,11.6815405,2.0100398,4
C9E9W3,9913,B. taurus,11.904523,3.0155745,16
Q9BEA2,9913,B. taurus,8.837832,5.7473435,2
Q29626,9913,B. taurus,11.017452,8.141896,0
P13619,9913,B. taurus,11.295856,8.776748,0
Q95107,9913,B. taurus,8.2879,3.8249283,4
A0A3Q1MR13,9913,B. taurus,13.064507,8.499393,0
Q9XSK0,9913,B. taurus,8.890246,5.519116,11
O02810,9913,B. taurus,10.60979,6.5324597,2
P48830,9913,B. taurus,5.176828,2.106269,10
Q2TBR5,9913,B. taurus,9.58396,6.4249887,0
P63315,9913,B. taurus,11.154404,0.29783562,17
Q2NL27,9913,B. taurus,11.151698,10.116897,6
F1N2M7,9913,B. taurus,7.8391185,11.363088,15
P04985,9913,B. taurus,8.768326,7.3738313,2
Q0R5T2,9913,B. taurus,8.722219,17.436794,3
Q2KI49,9913,B. taurus,11.818534,8.730686,0
P21457,9913,B. taurus,10.947409,0.35441896,3
F1MT67,9913,B. taurus,12.884665,10.3761635,17
Q28022,9913,B. taurus,11.972103,3.3545234,9
P03887,9913,B. taurus,11.645807,5.270731,17
P11456,9913,B. taurus,12.795924,5.47206,18
P02721,9913,B. taurus,11.284778,10.076301,6
Q95KE5,9913,B. taurus,9.831427,3.4852002,6
Q3SZA9,9913,B. taurus,11.0080385,10.302053,8
Q3HNG7,9913,B. taurus,7.8300633,4.770013,9
P40673,9913,B. taurus,8.004163,13.043339,17
A5PK20,9913,B. taurus,13.249425,5.9278913,11
Q0VC10,9913,B. taurus,12.273466,2.9262059,9
P82925,9913,B. taurus,14.434587,5.726161,12
P14100,9913,B. taurus,9.35583,7.6781335,2
Q07536,9913,B. taurus,9.195375,7.61646,19
E7E1P8,9913,B. taurus,13.46187,5.9206357,13
Q0VC21,9913,B. taurus,8.888924,1.9329791,5
P05630,9913,B. taurus,9.565369,7.2751746,1
Q1JQC6,9913,B. taurus,3.6366763,-3.4761837,15
F1N548,9913,B. taurus,9.240273,2.4808033,5
Q9BE41,9913,B. taurus,11.359458,6.6689057,0
Q5ICW4,9913,B. taurus,11.345664,4.202717,6
F1MP76,9913,B. taurus,10.437181,10.275377,0
E1BEJ3,9913,B. taurus,12.521361,7.6823163,13
Q3ZCD8,9913,B. taurus,10.171061,2.8500793,8
Q95L03,9913,B. taurus,15.50485,8.516427,7
P02459,9913,B. taurus,8.268184,7.45584,19
Q1RMX9,9913,B. taurus,9.485118,2.637551,4
Q3T040,9913,B. taurus,10.895515,10.336463,8
G1K218,9913,B. taurus,13.134556,6.2981753,18
Q3T0U3,9913,B. taurus,12.340978,7.5084343,18
Q28109,9913,B. taurus,12.224022,1.7964653,10
P47865,9913,B. taurus,7.8221464,5.3214073,17
Q58DK5,9913,B. taurus,11.668712,8.93455,0
P68103,9913,B. taurus,4.856671,1.9637384,14
A5PK71,9913,B. taurus,11.304529,6.668561,0
Q0P594,9913,B. taurus,14.6778965,6.6668,12
P04409,9913,B. taurus,7.242658,4.9626465,17
Q02377,9913,B. taurus,11.794739,9.646876,0
Q7M2Q7,9913,B. taurus,13.514248,5.302997,12
F1MNT4,9913,B. taurus,12.033238,7.8826265,18
Q29455,9913,B. taurus,12.551344,8.579253,0
Q0R5V0,9913,B. taurus,3.1526396,4.854323,15
Q28181,9913,B. taurus,7.1884513,4.426099,4
P55918,9913,B. taurus,12.527849,3.3903522,17
Q32L31,9913,B. taurus,8.002887,13.045257,17
A1YQB2,9913,B. taurus,9.7283325,4.825094,10
Q2PBN9,9913,B. taurus,14.284526,4.894362,12
E1BBG2,9913,B. taurus,10.762966,7.8995643,0
P82918,9913,B. taurus,11.095988,10.259704,6
P30404,9913,B. taurus,3.6746051,7.884198,15
Q8MJG0,9913,B. taurus,11.638237,4.563234,9
P19754,9913,B. taurus,12.488181,8.024071,18
F1MQ85,9913,B. taurus,10.914521,3.8458476,6
P20821,9913,B. taurus,8.943236,2.5292127,5
P01175,9913,B. taurus,11.436889,2.8503692,6
P04038,9913,B. taurus,11.510608,9.943843,6
F1MMT2,9913,B. taurus,14.666109,5.024812,12
Q2TA14,9913,B. taurus,9.143926,3.5374284,4
Q29450,9913,B. taurus,11.304186,3.6424584,9
P81134,9913,B. taurus,13.4763565,5.3885946,13
Q3MHJ5,9913,B. taurus,11.246396,9.948352,9
Q58D49,9913,B. taurus,9.94286,7.513819,17
P00366,9913,B. taurus,8.157399,8.267687,1
Q3T142,9913,B. taurus,13.930883,5.68842,11
Q02376,9913,B. taurus,11.453931,9.914642,6
B6V3I5,9913,B. taurus,9.905243,4.692514,10
Q9BDI7,9913,B. taurus,13.60647,8.9852295,13
Q2TBR6,9913,B. taurus,11.371162,7.2969713,17
Q08DZ3,9913,B. taurus,12.039993,3.4946098,17
P31322,9913,B. taurus,10.106538,3.7179334,8
E1BIM8,9913,B. taurus,6.576886,4.718809,2
P45879,9913,B. taurus,14.782224,6.7288084,18
P81125,9913,B. taurus,12.3099575,8.084127,18
Q08DA1,9913,B. taurus,9.372605,8.872692,2
B8QGI3,9913,B. taurus,9.220565,0.041622914,8
Q32PC3,9913,B. taurus,10.700488,10.264467,6
F1N7G5,9913,B. taurus,9.906919,2.6503537,8
G3MZR2,9913,B. taurus,14.315185,10.511445,18
Q28056,9913,B. taurus,8.58575,7.456969,2
E1BJL9,9913,B. taurus,10.117929,3.613453,8
U3GLJ1,9913,B. taurus,13.399629,6.441143,13
O97902,9913,B. taurus,11.699533,8.037378,18
Q9N1C1,9913,B. taurus,9.183233,0.06976563,5
O02853,9913,B. taurus,11.332885,3.0081599,14
Q29466,9913,B. taurus,14.600643,5.0499606,12
A0A3Q1MB73,9913,B. taurus,9.489585,5.641687,19
A7MAZ2,9913,B. taurus,8.105014,7.915134,1
Q02378,9913,B. taurus,11.825502,9.657404,0
Q1RMW2,9913,B. taurus,10.698481,5.187134,15
Q3SYX9,9913,B. taurus,11.224778,7.100268,0
O18965,9913,B. taurus,11.198867,2.5134833,10
P79136,9913,B. taurus,7.399894,5.3682323,17
A5PJB2,9913,B. taurus,9.231072,0.003279629,8
Q29460,9913,B. taurus,9.853183,4.099825,10
Q32PH0,9913,B. taurus,11.990227,4.847707,9
P02470,9913,B. taurus,9.322108,2.3506222,5
P45478,9913,B. taurus,18.899862,4.51302,18
P00766,9913,B. taurus,17.767878,11.638346,15
E1BKZ9,9913,B. taurus,14.378354,4.419613,12
A6QR62,9913,B. taurus,11.29306,8.013296,18
P02666,9913,B. taurus,13.433353,5.832999,13
P14790,9913,B. taurus,11.496437,9.954095,6
F1N4I3,9913,B. taurus,5.0075064,2.2869537,14
G5E5M5,9913,B. taurus,10.2267065,5.188066,10
P79255,9913,B. taurus,15.69978,10.349089,14
Q3SZ47,9913,B. taurus,10.433412,10.16068,0
Q3T0Q4,9913,B. taurus,10.1307335,8.540515,2
Q2KIH2,9913,B. taurus,14.143726,7.922176,13
P63026,9913,B. taurus,14.373744,10.555947,16
P29473,9913,B. taurus,11.3612175,5.0535192,9
P25708,9913,B. taurus,8.198645,7.9710674,1
Q9N0E7,9913,B. taurus,9.532434,7.814959,16
P14893,9913,B. taurus,11.428349,4.8539925,17
Q32PI5,9913,B. taurus,9.51812,7.064739,2
Q2KI62,9913,B. taurus,6.6656995,4.990306,2
Q05927,9913,B. taurus,9.284623,3.891138,19
Q2HJF1,9913,B. taurus,9.591886,3.2325797,8
P82931,9913,B. taurus,9.005623,2.9181511,5
Q05B81,9913,B. taurus,10.148075,7.0153685,2
A7Z035,9913,B. taurus,13.955294,5.05376,12
A6H730,9913,B. taurus,9.078936,2.862463,4
Q3MHY7,9913,B. taurus,10.322935,3.8715267,10
P84080,9913,B. taurus,7.597481,16.478275,3
F2X2F2,9913,B. taurus,9.183295,0.06822281,5
P00727,9913,B. taurus,14.770029,9.469911,9
P11151,9913,B. taurus,1.1152991,-3.1721513,3
D8MIT8,9913,B. taurus,15.118072,15.497833,9
O46469,9913,B. taurus,7.8114295,9.574459,16
P02510,9913,B. taurus,15.82544,6.5263577,4
T1T0C1,9913,B. taurus,13.429928,5.8079104,13
F1N339,9913,B. taurus,13.867477,6.0864635,12
P32871,9913,B. taurus,12.2341585,6.5711517,17
P80221,9913,B. taurus,15.696312,10.346014,14
P11541,9913,B. taurus,11.40899,5.1870923,15
P07926,9913,B. taurus,7.720382,6.273196,2
P02313,9913,B. taurus,13.321334,5.8981404,11
Q32S21,9913,B. taurus,8.051397,6.7968907,1
Q28029,9913,B. taurus,9.453829,3.0464134,8
A4FV08,9913,B. taurus,12.715813,6.737349,11
P79106,9913,B. taurus,10.887338,7.9979744,17
Q2KI43,9913,B. taurus,8.732675,3.5257823,8
P09487,9913,B. taurus,12.386513,6.853982,17
Q2KID9,9913,B. taurus,10.973597,6.3639145,17
P06836,9913,B. taurus,11.006088,3.685102,6
P53619,9913,B. taurus,11.503136,7.384371,0
P04557,9913,B. taurus,12.356705,3.3258157,17
P05631,9913,B. taurus,10.502614,7.07544,0
P79134,9913,B. taurus,13.3785515,6.7685294,12
P23956,9913,B. taurus,8.102837,2.5354068,4
A4IFT3,9913,B. taurus,9.699789,5.9049845,17
P00974,9913,B. taurus,12.541106,3.377526,0
Q02368,9913,B. taurus,12.412265,8.622633,0
Q95M44,9913,B. taurus,15.195309,8.473767,7
A2VE81,9913,B. taurus,12.839815,0.37154314,14
E1BAD4,9913,B. taurus,9.015046,8.266296,17
P00415,9913,B. taurus,7.308259,5.6885905,2
P04975,9913,B. taurus,10.881958,3.9087849,6
P48427,9913,B. taurus,9.726057,2.8862882,8
Q02372,9913,B. taurus,11.46479,9.921419,6
Q66LN0,9913,B. taurus,12.933292,7.160491,13
P02453,9913,B. taurus,12.467029,5.127873,12
Q58CN9,9913,B. taurus,10.029301,7.915261,17
P35720,9913,B. taurus,11.5068865,9.26485,2
P48018,9913,B. taurus,8.345542,8.122826,16
A1A4P4,9913,B. taurus,11.273914,9.808266,9
P62803,9913,B. taurus,5.0438466,12.670174,17
Q8WN95,9913,B. taurus,7.2653685,9.261746,1
F1MSG6,9913,B. taurus,11.305331,6.494853,17
Q28852,9913,B. taurus,11.771403,9.665308,0
P81948,9913,B. taurus,14.575791,7.9191356,7
Q9XSC1,9913,B. taurus,9.540576,9.054015,15
P24627,9913,B. taurus,4.709898,8.149044,15
Q95J56,9913,B. taurus,13.990105,5.090284,12
P0CG53,9913,B. taurus,15.146072,5.008732,12
P18341,9913,B. taurus,14.408405,5.604069,12
Q32L61,9913,B. taurus,7.7891936,16.269096,3
Q3Y5Z3,9913,B. taurus,12.96863,2.4837215,19
P02769,9913,B. taurus,13.302525,5.4725013,11
P34943,9913,B. taurus,10.919903,4.551523,6
Q24JZ1,9913,B. taurus,11.76931,3.5798678,10
E7E1P7,9913,B. taurus,13.589288,6.123576,13
Q9XSJ0,9913,B. taurus,9.466406,7.585854,2
P61602,9913,B. taurus,10.949635,0.33633804,3
P0C2B8,9913,B. taurus,11.157958,10.149197,6
P10897,9913,B. taurus,8.204531,3.934555,8
A0A3Q1LY00,9913,B. taurus,11.055611,3.7863498,6
P35605,9913,B. taurus,7.2562246,9.242297,1
P53620,9913,B. taurus,7.9532924,3.9339504,10
P62871,9913,B. taurus,7.432377,9.247322,16
Q6VLX2,9913,B. taurus,15.029302,15.611802,9
P10279,9913,B. taurus,11.474598,3.9568448,11
P00157,9913,B. taurus,7.8344727,8.240194,1
P02817,9913,B. taurus,13.465018,5.727163,12
P06624,9913,B. taurus,10.328355,-8.072391,14
F2X2F0,9913,B. taurus,9.162789,0.08264851,8
P02715,9913,B. taurus,12.159688,1.8024464,14
P38409,9913,B. taurus,19.384308,13.624785,17
A7Z063,9913,B. taurus,9.556858,5.693903,19
A6QPQ5,9913,B. taurus,8.068904,3.9225523,4
Q29442,9913,B. taurus,10.320645,4.255816,19
Q29458,9913,B. taurus,12.461057,4.989688,0
Q02380,9913,B. taurus,11.449501,9.907965,6
G3MXK9,9913,B. taurus,12.932299,7.103326,18
I6WN98,9913,B. taurus,15.139848,15.457494,9
Q5W5U4,9913,B. taurus,6.517735,4.7247634,15
P0C2H4,9913,B. taurus,12.439894,3.4550848,9
Q28068,9913,B. taurus,12.814114,6.2642617,0
Q2TBI6,9913,B. taurus,11.049063,10.268883,6
O19131,9913,B. taurus,20.894953,0.71294534,2
Q28165,9913,B. taurus,8.864988,17.548529,3
F6Q1T7,9913,B. taurus,19.381363,13.624037,15
P00760,9913,B. taurus,17.775217,11.651663,19
P00735,9913,B. taurus,10.540256,7.679148,17
A0A3Q1LFK0,9913,B. taurus,8.068198,6.9216022,19
P03898,9913,B. taurus,8.018249,4.6343675,4
Q0R5T6,9913,B. taurus,8.777546,16.950361,3
Q8HYI9,9913,B. taurus,9.499853,2.5415092,5
Q3ZBR7,9913,B. taurus,10.765089,10.175037,6
O19137,9913,B. taurus,9.56057,2.4291198,5
P18203,9913,B. taurus,17.732452,9.289224,3
P0C2B7,9913,B. taurus,11.20069,10.072634,6
E1BAC1,9913,B. taurus,11.74305,6.3852987,17
P31096,9913,B. taurus,14.549618,8.411385,7
P46170,9913,B. taurus,12.615892,3.128227,17
F1SWA3,9913,B. taurus,11.517319,2.847869,6
P20959,9913,B. taurus,10.832551,7.6554623,2
P38447,9913,B. taurus,12.361795,3.7341197,9
B0JYN6,9913,B. taurus,3.1472967,4.8641925,9
P68530,9913,B. taurus,8.701468,3.847639,4
P03892,9913,B. taurus,14.461756,8.400381,13
Q3ZCI9,9913,B. taurus,9.7306595,7.479257,17
F1N3B8,9913,B. taurus,12.496149,6.1070776,17
Q2TBS2,9913,B. taurus,9.094054,3.433541,8
F1MUI0,9913,B. taurus,10.169088,6.2190866,2
Q28172,9913,B. taurus,6.5819726,6.7500854,4
F6RJC2,9913,B. taurus,13.167518,5.1173725,12
Q28019,9913,B. taurus,14.200648,5.113068,9
P11019,9913,B. taurus,10.778835,6.21706,19
F1MXL7,9913,B. taurus,15.778433,8.40437,7
P02676,9913,B. taurus,20.896446,0.71178085,2
F1MNI5,9913,B. taurus,7.2076497,8.461122,1
F1MQD1,9913,B. taurus,4.8366365,7.970822,4
P28327,9913,B. taurus,12.750717,6.551032,13
Q01107,9913,B. taurus,8.7081785,7.5242567,1
P60519,9913,B. taurus,10.641573,5.4045644,15
F1MF86,9913,B. taurus,11.715821,6.4579244,0
Q27963,9913,B. taurus,12.925088,8.673973,12
Q58DD0,9913,B. taurus,14.301693,5.4544587,12
O77783,9913,B. taurus,10.4210415,3.17724,6
Q9BE97,9913,B. taurus,10.081791,6.5388155,2
P82924,9913,B. taurus,11.625597,2.3349473,15
P79331,9913,B. taurus,13.308085,8.829766,13
B0LKN7,9913,B. taurus,8.805784,17.54705,3
P35604,9913,B. taurus,10.4836035,6.83158,2
F1MWM0,9913,B. taurus,9.726541,3.2337768,8
Q02365,9913,B. taurus,11.802324,9.611076,0
P08487,9913,B. taurus,9.720774,2.8636298,4
P61420,9913,B. taurus,9.955774,12.39128,19
E1B9D1,9913,B. taurus,10.112368,6.1760635,15
P00191,9913,B. taurus,12.087435,4.6587715,9
P13605,9913,B. taurus,8.749447,7.671528,2
A1YT10,9913,B. taurus,14.08849,7.5065293,7
Q7YR75,9913,B. taurus,10.115167,3.4049404,8
P68432,9913,B. taurus,5.0532713,12.662445,17
F1MWF1,9913,B. taurus,10.151301,2.666148,4
P48644,9913,B. taurus,8.469472,7.5031257,2
Q2T9X2,9913,B. taurus,10.015054,6.0464015,2
P80473,9913,B. taurus,11.572209,3.6050048,9
Q59I47,9913,B. taurus,11.199256,6.7377915,15
Q28113,9913,B. taurus,14.86088,4.684804,12
Q95N27,9913,B. taurus,8.198306,6.8952174,2
P51143,9913,B. taurus,12.822724,10.383858,15
Q32KZ9,9913,B. taurus,6.9134564,7.01813,1
E1B7R9,9913,B. taurus,14.370014,7.90061,13
P15101,9913,B. taurus,10.915929,2.4249482,8
Q9XT49,9913,B. taurus,7.4509306,5.4236474,2
Q862E7,9913,B. taurus,9.254645,0.06892718,6
F1N476,9913,B. taurus,11.892011,7.9923873,17
P41520,9913,B. taurus,9.458082,-1.4848332,6
P07471,9913,B. taurus,11.443278,10.011823,8
Q9GMD3,9913,B. taurus,6.5730186,4.765286,2
P49884,9913,B. taurus,8.397175,6.607295,2
Q02337,9913,B. taurus,17.878832,11.722843,10
O62768,9913,B. taurus,9.233817,7.857851,2
P61157,9913,B. taurus,8.59821,6.6564136,2
Q8WMP9,9913,B. taurus,11.419621,7.570644,17
Q3SZ86,9913,B. taurus,11.21152,9.9316,9
P08169,9913,B. taurus,10.314212,4.0099154,6
Q2KIQ2,9913,B. taurus,10.213279,2.2177026,8
Q9BH11,9913,B. taurus,12.341577,7.0953126,0
Q28083,9913,B. taurus,11.250208,7.188636,0
P62998,9913,B. taurus,8.740296,16.71444,4
G3MWM5,9913,B. taurus,8.543141,4.3677263,4
F1N329,9913,B. taurus,11.150052,2.8208892,19
P79110,9913,B. taurus,11.009527,3.5535395,10
Q3ZEJ6,9913,B. taurus,7.56103,5.1094112,2
Q17R13,9913,B. taurus,13.385671,8.31164,13
Q08E54,9913,B. taurus,5.279799,7.9441943,4
P48035,9913,B. taurus,9.835375,6.8450327,15
Q2TA24,9913,B. taurus,7.6060762,6.123273,2
E1B836,9913,B. taurus,11.190139,4.700764,6
P67868,9913,B. taurus,11.400109,8.649124,0
Q3T0C2,9913,B. taurus,8.838472,5.7271047,2
Q9TT93,9913,B. taurus,10.0640135,2.5370522,8
Q867D1,9913,B. taurus,14.714874,8.164412,7
P43033,9913,B. taurus,9.3088455,8.998197,0
P79135,9913,B. taurus,7.5407104,4.3750854,15
P79114,9913,B. taurus,12.226447,8.193801,18
I7CLV3,9913,B. taurus,9.229504,-0.0021612586,8
Q0IIJ3,9913,B. taurus,11.100282,5.8292346,17
F6RA30,9913,B. taurus,10.294678,3.0562656,8
Q3SYS1,9913,B. taurus,10.61602,10.743988,19
P07470,9913,B. taurus,11.460414,9.965698,8
E1BKF9,9913,B. taurus,8.749545,8.802391,15
P51866,9913,B. taurus,7.1266403,4.422154,14
Q5EA71,9913,B. taurus,10.61974,10.496142,8
P46198,9913,B. taurus,13.318185,4.9258327,11
G8BLB4,9913,B. taurus,15.182873,15.382597,9
P35508,9913,B. taurus,14.620125,4.891786,12
Q9MZ34,9913,B. taurus,12.358865,3.944124,10
Q5QF96,9913,B. taurus,14.511484,6.685367,0
P13214,9913,B. taurus,14.688808,12.493043,10
Q2F6J1,9913,B. taurus,11.807757,3.3078823,9
Q3ZC04,9913,B. taurus,11.310329,9.810279,0
Q7YS70,9913,B. taurus,10.972903,6.254767,19
Q3SZ22,9913,B. taurus,8.17941,7.9083233,2
Q28198,9913,B. taurus,9.976038,5.41805,15
P06623,9913,B. taurus,13.859433,7.984903,13
Q32PD3,9913,B. taurus,11.096074,4.592483,6
G8GZ67,9913,B. taurus,12.041447,7.4070673,18
P07857,9913,B. taurus,10.89048,9.125933,15
E1BJB4,9913,B. taurus,10.529064,5.752987,15
Q3SZX5,9913,B. taurus,8.81721,2.3502712,8
P01272,9913,B. taurus,9.465354,-1.4860779,6
P01246,9913,B. taurus,15.148182,15.449402,9
P46193,9913,B. taurus,8.08203,4.913734,2
Q9TU34,9913,B. taurus,8.997073,1.9920568,5
A5PJP2,9913,B. taurus,11.441852,5.803093,17
I6XXP7,9913,B. taurus,8.702221,1.876523,5
P32876,9913,B. taurus,7.698666,6.268358,2
Q8MJ10,9913,B. taurus,13.266687,6.266724,13
Q70VZ8,9913,B. taurus,9.533282,6.4227705,2
P54349,9913,B. taurus,15.164028,15.409877,6
A7MB62,9913,B. taurus,11.140364,4.033078,6
Q3ZC75,9913,B. taurus,7.7007294,6.2484536,2
O02718,9913,B. taurus,10.211978,3.2689388,8
P42026,9913,B. taurus,9.036691,8.541896,16
P82926,9913,B. taurus,11.317809,9.862104,9
B0FPG4,9913,B. taurus,15.151906,15.443565,9
Q1JQ99,9913,B. taurus,10.628217,10.359041,6
P02754,9913,B. taurus,11.320226,2.9904938,14
Q2KI41,9913,B. taurus,9.413725,2.32357,8
G0TC75,9913,B. taurus,7.7388124,8.370084,16
Q3SZM5,9913,B. taurus,9.139362,4.4054112,19
Q704P2,9913,B. taurus,8.650601,1.8921622,8
Q2P9V4,9913,B. taurus,4.705582,8.151926,14
P30274,9913,B. taurus,8.713599,6.6571755,15
Q2HJJ1,9913,B. taurus,11.042453,10.325328,6
Q95MZ8,9913,B. taurus,14.025792,7.7740135,13
F1N2N9,9913,B. taurus,11.479359,7.618018,18
A0JGW5,9913,B. taurus,14.170614,5.002612,12
P00396,9913,B. taurus,10.901563,6.3807364,17
A3KMY8,9913,B. taurus,7.637202,5.305882,0
Q2KJE7,9913,B. taurus,12.230729,7.264829,0
Q6LDQ9,9913,B. taurus,15.0090275,15.633621,9
A4FUC0,9913,B. taurus,10.893809,-5.86489,14
Q5XWB7,9913,B. taurus,15.701582,8.482058,7
F2X2F1,9913,B. taurus,9.197801,0.04860018,8
Q8MJV3,9913,B. taurus,12.160121,2.0886304,10
Q02399,9913,B. taurus,9.506531,2.596498,4
P00514,9913,B. taurus,11.016332,3.0432122,8
Q3T0I2,9913,B. taurus,12.9140625,2.4695241,14
P23727,9913,B. taurus,12.172612,16.400385,12
P62964,9913,B. taurus,9.11421,2.5864954,5
P48765,9913,B. taurus,11.042441,5.8805437,15
P48452,9913,B. taurus,8.288955,7.1258726,19
Q9TR36,9913,B. taurus,13.454495,5.600124,11
P61085,9913,B. taurus,2.3389125,-0.9993789,17
A7MBH5,9913,B. taurus,11.11167,5.8239713,15
Q3T0L3,9913,B. taurus,10.578277,10.549391,19
Q32KS0,9913,B. taurus,7.0196185,6.2877846,2
P04972,9913,B. taurus,10.06473,2.710338,8
P26452,9913,B. taurus,13.96903,8.120742,13
Q3SZE2,9913,B. taurus,9.682519,2.5734422,8
Q2TA11,9913,B. taurus,12.377775,4.7827096,6
P35526,9913,B. taurus,9.515919,7.5875726,16
P03968,9913,B. taurus,3.1463957,4.8608437,17
P81947,9913,B. taurus,8.5839815,7.527815,2
Q8WN96,9913,B. taurus,12.066389,3.4434233,2
Q2KJ63,9913,B. taurus,9.311036,2.3325653,5
P27674,9913,B. taurus,12.129192,4.0607276,9
Q27968,9913,B. taurus,10.162069,4.853081,4
Q0R5T7,9913,B. taurus,11.789793,8.084492,18
F1MWH2,9913,B. taurus,10.592075,5.8907638,2
Q9N126,9913,B. taurus,7.087925,8.743654,18
A1A4I9,9913,B. taurus,11.17478,3.652549,6
P81401,9913,B. taurus,9.439207,-1.4668155,12
I3PGL2,9913,B. taurus,8.409692,7.157123,19
Q01061,9913,B. taurus,10.936236,6.513121,17
P80195,9913,B. taurus,13.858686,7.3081417,13
Q02367,9913,B. taurus,11.549745,9.885701,6
Q95121,9913,B. taurus,9.94891,7.7571173,17
Q2T9T3,9913,B. taurus,9.491408,8.10413,2
E1BF23,9913,B. taurus,12.201278,7.752221,18
Q0VCX4,9913,B. taurus,14.4598675,8.31578,13
O18964,9913,B. taurus,8.1636505,4.953787,10
Q95JG8,9913,B. taurus,6.7041655,4.8696923,2
P25104,9913,B. taurus,13.285405,5.977967,11
P01317,9913,B. taurus,9.221241,-0.003236983,8
Q9TU23,9913,B. taurus,14.392842,5.735512,18
P55156,9913,B. taurus,11.625799,3.6792746,2
Q05717,9913,B. taurus,7.937344,8.251928,4
Q2NKT5,9913,B. taurus,12.536534,8.00552,11
P00189,9913,B. taurus,9.12706,8.433799,0
Q05B58,9913,B. taurus,9.412461,2.364425,5
Q32L26,9913,B. taurus,10.837787,0.4937125,4
P79343,9913,B. taurus,12.753832,3.2595985,17
A4LAP1,9913,B. taurus,15.119525,15.494557,9
Q0IIG7,9913,B. taurus,8.964483,17.76521,3
P98133,9913,B. taurus,10.910349,3.5423336,10
P31039,9913,B. taurus,6.995497,4.3577094,14
Q28199,9913,B. taurus,15.067454,15.575822,9
P21282,9913,B. taurus,8.057943,4.5915356,19
A5PJW8,9913,B. taurus,12.65315,7.5338993,18
P48305,9913,B. taurus,11.821432,9.603285,0
Q02369,9913,B. taurus,12.005001,8.90342,0
A4FUX2,9913,B. taurus,8.686248,7.3271527,15
P02687,9913,B. taurus,12.8330345,5.559038,12
P82919,9913,B. taurus,11.060961,10.278577,6
Q02370,9913,B. taurus,9.62683,3.7020192,19
O97725,9913,B. taurus,11.75396,9.629522,2
Q0R5T4,9913,B. taurus,9.733134,4.2262597,6
P0C7Q4,9913,B. taurus,10.746951,5.3755884,15
P26882,9913,B. taurus,9.616906,7.620579,17
G3MZY8,9913,B. taurus,10.308126,3.2288527,8
P49951,9913,B. taurus,11.608961,6.1926923,17
A6QP89,9913,B. taurus,10.983827,5.9229407,15
P01966,9913,B. taurus,9.199426,3.6060896,4
P43480,9913,B. taurus,15.187672,15.383244,9
F1N588,9913,B. taurus,9.378821,5.43822,2
Q17QA9,9913,B. taurus,13.04806,6.2281556,12
P38408,9913,B. taurus,15.048834,4.6201925,12
Q3T035,9913,B. taurus,15.132049,8.466346,7
Q8K4F5,10090,M. musculus,11.159692,0.36199963,16
G3X9N5,10090,M. musculus,10.440401,7.9811006,2
A0A0G2JGV5,10090,M. musculus,12.106197,1.9374676,15
Q9WUN2,10090,M. musculus,7.6425,4.029924,19
P04342,10090,M. musculus,9.757219,4.02573,4
Q8BZ02,10090,M. musculus,14.272945,6.2028823,0
G3X939,10090,M. musculus,12.860464,5.8606906,12
Q9QYZ4,10090,M. musculus,13.171394,6.2505245,12
Q3KNY0,10090,M. musculus,11.64787,3.0621014,19
Q9D8S9,10090,M. musculus,9.923992,3.3445137,8
P55772,10090,M. musculus,5.8023114,9.930963,2
P70165,10090,M. musculus,10.290928,3.4412103,8
Q924Y0,10090,M. musculus,11.889684,4.397113,9
Q9QZW9,10090,M. musculus,8.6823435,2.2283216,5
P39054,10090,M. musculus,14.764282,9.472499,17
P09079,10090,M. musculus,9.492371,-1.4606946,6
Q9WV19,10090,M. musculus,12.150296,5.858053,0
Q91ZV4,10090,M. musculus,8.455413,8.418775,16
Q9DBN1,10090,M. musculus,9.047648,8.238107,0
Q8C4G9,10090,M. musculus,8.37013,3.949264,14
E9PX68,10090,M. musculus,9.029014,5.7919416,2
Q80UK5,10090,M. musculus,8.781596,4.476038,15
Q3V3V9,10090,M. musculus,9.490336,3.533195,4
Q9ESG9,10090,M. musculus,10.075593,6.196267,17
Q62376,10090,M. musculus,9.050126,2.7849605,8
P51865,10090,M. musculus,12.162384,3.251614,9
Q0P5W1,10090,M. musculus,8.450426,8.463261,16
Q6NZQ8,10090,M. musculus,12.354783,5.959362,17
P49183,10090,M. musculus,12.300285,5.792822,12
P25688,10090,M. musculus,-0.6013679,8.731411,2
Q9JHX2,10090,M. musculus,7.364346,7.7560797,1
P59242,10090,M. musculus,7.5197487,6.100732,0
P43687,10090,M. musculus,9.091363,17.138252,3
Q541Z2,10090,M. musculus,13.535627,8.802419,13
Q99LI9,10090,M. musculus,7.991915,8.225945,1
Q64707,10090,M. musculus,13.186462,5.969534,0
Q8BX90,10090,M. musculus,7.1561623,4.3874893,19
Q9WUU8,10090,M. musculus,14.600162,5.1564274,12
Q921C5,10090,M. musculus,13.073989,8.625453,0
Q9DB60,10090,M. musculus,9.273555,2.948753,8
Q8BX02,10090,M. musculus,13.123465,10.491499,17
O55183,10090,M. musculus,11.605616,3.7134712,9
P24527,10090,M. musculus,10.170394,2.3058567,8
Q8K0T4,10090,M. musculus,14.413793,4.962032,12
Q78IK4,10090,M. musculus,9.694948,4.044997,4
Q9JIP3,10090,M. musculus,10.744175,7.1862226,18
Q8VF14,10090,M. musculus,10.148736,2.8407702,8
P17981,10090,M. musculus,10.575654,10.81989,2
E9Q8Q4,10090,M. musculus,11.00838,4.161454,6
Q62148,10090,M. musculus,4.8383594,2.470835,15
Q9WTM5,10090,M. musculus,12.271222,2.5106833,2
O88338,10090,M. musculus,11.262217,8.287532,0
P09633,10090,M. musculus,14.985717,4.6380463,12
Q9CPN9,10090,M. musculus,17.820908,11.696308,14
Q8VHJ5,10090,M. musculus,13.342543,5.340371,11
P23578,10090,M. musculus,11.045547,8.10315,17
Q9CTN5,10090,M. musculus,11.106849,8.134834,17
Q6VSS7,10090,M. musculus,8.099113,4.6344166,19
Q3UHK1,10090,M. musculus,9.253501,9.057138,0
Q64368,10090,M. musculus,15.164221,15.406335,10
Q61488,10090,M. musculus,12.221702,2.1684906,10
P48540,10090,M. musculus,11.151627,2.781778,8
P35285,10090,M. musculus,8.8701105,17.646906,3
Q8K202,10090,M. musculus,7.3379054,5.787487,17
Q5DP50,10090,M. musculus,9.480757,6.3456273,6
P51450,10090,M. musculus,10.343703,3.569183,19
Q91YP2,10090,M. musculus,13.921939,6.4611716,13
Q99JR1,10090,M. musculus,14.67919,8.414459,7
Q9D6Y9,10090,M. musculus,8.965576,7.4078393,15
Q91XA2,10090,M. musculus,9.164286,8.383454,0
Q80VU1,10090,M. musculus,7.9106565,8.30482,1
Q9JI13,10090,M. musculus,10.12785,4.7456865,19
O70157,10090,M. musculus,12.934099,4.847879,12
Q14BU0,10090,M. musculus,9.516344,-1.4772743,9
Q80XS6,10090,M. musculus,12.735794,6.8201575,0
Q8VI88,10090,M. musculus,6.896569,7.8486476,2
P55095,10090,M. musculus,9.468514,-1.4763792,6
Q5IBH7,10090,M. musculus,9.3522215,7.732705,17
Q60773,10090,M. musculus,16.975153,9.772116,16
P50220,10090,M. musculus,7.739041,4.9203854,0
E9Q6D8,10090,M. musculus,7.405366,14.314826,11
O09012,10090,M. musculus,10.5212145,5.692752,15
P86048,10090,M. musculus,8.566663,1.9142932,5
P11590,10090,M. musculus,11.391476,2.9781058,10
Q9QYR9,10090,M. musculus,12.267419,1.3640721,10
P98083,10090,M. musculus,14.962421,6.3785973,12
P11477,10090,M. musculus,12.497481,3.1489892,9
P50481,10090,M. musculus,9.544745,9.061263,2
Q6P217,10090,M. musculus,12.235302,2.0607023,10
Q9WTX5,10090,M. musculus,9.766993,3.6371357,4
Q8BRJ3,10090,M. musculus,11.096437,3.8606176,10
H3BLN6,10090,M. musculus,13.447656,8.243575,13
O35309,10090,M. musculus,7.663226,4.7128825,0
Q99PI4,10090,M. musculus,10.78811,3.9159615,6
Q811B0,10090,M. musculus,15.620366,8.060845,12
Q6JPI3,10090,M. musculus,8.841985,8.375593,0
Q6P253,10090,M. musculus,9.079895,5.976808,2
O88653,10090,M. musculus,9.400698,2.3302093,5
Q8BWA8,10090,M. musculus,6.714365,4.583065,14
G3UW60,10090,M. musculus,12.139881,16.438404,17
Q99N42,10090,M. musculus,7.6484923,7.9846535,19
Q80UU1,10090,M. musculus,8.967316,4.2330766,19
Q9ESS2,10090,M. musculus,3.334481,4.8043914,8
Q6PFR5,10090,M. musculus,12.201363,7.93262,18
B1AWN6,10090,M. musculus,11.41895,2.5581737,17
A0A1B0GSQ3,10090,M. musculus,9.720496,2.6554294,8
Q8BJD1,10090,M. musculus,11.798735,7.4941916,18
Q9JLR1,10090,M. musculus,11.403093,7.849295,0
P01900,10090,M. musculus,11.829441,3.0246074,10
P28741,10090,M. musculus,9.362237,7.6620626,2
O88454,10090,M. musculus,11.877642,3.267785,9
Q6P1D5,10090,M. musculus,12.052725,6.321144,0
P11378,10090,M. musculus,13.809432,6.9407134,13
Q61224,10090,M. musculus,13.107082,4.0282907,18
Q9D1I6,10090,M. musculus,10.660127,10.338604,6
I6L9E4,10090,M. musculus,11.934197,7.858539,18
P49766,10090,M. musculus,12.428359,2.8419952,12
Q9Z1N6,10090,M. musculus,17.763472,11.633126,15
Q9JLV1,10090,M. musculus,12.905552,10.343922,17
Q9QUG2,10090,M. musculus,11.19268,7.037181,17
Q9D8U4,10090,M. musculus,9.109798,17.134703,3
Q8VIJ7,10090,M. musculus,15.762934,8.2858715,7
Q640R3,10090,M. musculus,13.362085,8.741213,13
Q9Z307,10090,M. musculus,8.397522,8.059876,2
Q64112,10090,M. musculus,10.355889,4.1007943,9
O35565,10090,M. musculus,3.2467105,4.8204165,19
Q6PIC6,10090,M. musculus,13.24742,10.012171,17
A2BH40,10090,M. musculus,12.0545225,8.432817,18
Q8BLK9,10090,M. musculus,13.32739,5.3960686,11
Q00422,10090,M. musculus,9.464538,3.5982308,6
Q62312,10090,M. musculus,8.941148,7.666825,1
Q925I7,10090,M. musculus,7.826266,8.316193,1
A0A0A6YVQ0,10090,M. musculus,13.576662,5.7680616,12
Q9CQH3,10090,M. musculus,11.472422,9.835996,9
P40630,10090,M. musculus,8.018892,13.009425,10
Q3UWL9,10090,M. musculus,12.182637,5.8027534,0
Q2QKR2,10090,M. musculus,15.7738905,8.425194,7
P24549,10090,M. musculus,12.520268,2.5947347,10
Q8R3N6,10090,M. musculus,11.533407,7.07496,17
Q1EG27,10090,M. musculus,10.673888,3.4481597,10
E9PWU9,10090,M. musculus,10.96346,4.1053042,6
Q9EPL8,10090,M. musculus,11.853419,7.889604,18
O89017,10090,M. musculus,7.1226377,5.064921,2
B7ZMQ6,10090,M. musculus,12.904518,6.2963715,17
Q9DAK2,10090,M. musculus,11.249429,6.6785407,0
Q69ZN6,10090,M. musculus,10.452191,5.2472205,15
Q62386,10090,M. musculus,12.363616,2.7281291,9
A0A087WPJ3,10090,M. musculus,10.34641,3.9241545,10
Q9CWT2,10090,M. musculus,14.049907,7.6716924,13
A0A0A6YWY8,10090,M. musculus,10.294699,3.6440196,10
A2ARI4,10090,M. musculus,13.619362,5.6959987,0
O55040,10090,M. musculus,13.637714,7.111697,13
Q8BK75,10090,M. musculus,9.484543,-1.5135915,6
Q9JLZ8,10090,M. musculus,10.505395,5.7452674,15
P61021,10090,M. musculus,8.87502,17.66281,3
P08074,10090,M. musculus,7.9302897,6.776823,4
Q8C7E9,10090,M. musculus,14.092982,5.0944147,11
A0A4X5,10090,M. musculus,12.181651,2.1881719,9
Q6GQW0,10090,M. musculus,9.032731,8.296387,2
O35449,10090,M. musculus,7.608671,5.510581,0
Q8R534,10090,M. musculus,7.348086,7.4274087,4
P49772,10090,M. musculus,15.1645155,15.340197,8
O08917,10090,M. musculus,7.957558,11.010907,15
P20764,10090,M. musculus,12.204376,1.6034075,16
P08122,10090,M. musculus,3.0961895,12.606711,17
Q99J34,10090,M. musculus,13.205162,10.51391,17
Q6P205,10090,M. musculus,12.600584,6.3410788,18
P56565,10090,M. musculus,10.982112,0.35186523,15
Q02248,10090,M. musculus,10.576464,2.9885774,8
Q8VHZ3,10090,M. musculus,11.430167,6.847791,15
Q60823,10090,M. musculus,14.960902,4.866837,12
Q8CCJ3,10090,M. musculus,7.1259956,4.835081,15
Q14BX2,10090,M. musculus,8.752779,17.100294,3
Q8R016,10090,M. musculus,10.238505,7.5748816,17
Q9CS42,10090,M. musculus,7.5121226,7.658679,1
Q5F2C3,10090,M. musculus,12.376558,-0.8341127,19
A6PWV3,10090,M. musculus,15.313021,15.203105,9
Q9WTW2,10090,M. musculus,10.1980715,3.2748294,8
Q6PDZ4,10090,M. musculus,12.478018,6.9238586,12
P70704,10090,M. musculus,7.22162,4.371675,19
Q8VD26,10090,M. musculus,4.680101,1.9131349,14
Q5FWH6,10090,M. musculus,11.364577,5.0344615,9
P53776,10090,M. musculus,11.666835,7.5404506,0
Q8CG71,10090,M. musculus,8.8164625,2.072846,5
E9PZZ1,10090,M. musculus,3.0872068,12.613415,15
Q61092,10090,M. musculus,9.100866,2.3304026,5
P18894,10090,M. musculus,9.916801,7.6354856,16
Q9DCT8,10090,M. musculus,13.719293,3.7149692,19
P18155,10090,M. musculus,12.463165,3.432711,0
P07350,10090,M. musculus,15.200102,15.367205,10
Q9D256,10090,M. musculus,12.382477,3.3044488,9
Q60598,10090,M. musculus,11.275332,4.1532564,6
Q76HL1,10090,M. musculus,12.619222,8.193933,0
Q9QYZ8,10090,M. musculus,11.669198,2.8886127,8
P97477,10090,M. musculus,12.521682,5.8923306,12
Q3TDW4,10090,M. musculus,6.994859,4.307357,14
P55821,10090,M. musculus,10.092792,2.721831,8
Q9R1P1,10090,M. musculus,8.761716,1.9664692,5
Q6IR42,10090,M. musculus,8.876634,2.1592376,5
Q9DD03,10090,M. musculus,8.773757,17.501072,3
Q6P8X9,10090,M. musculus,12.486048,5.0861473,12
Q9D9U4,10090,M. musculus,14.44805,7.8796315,13
Q07646,10090,M. musculus,13.167248,8.409935,13
P15975,10090,M. musculus,14.000221,6.423673,12
Q3UFY8,10090,M. musculus,7.817473,4.4725947,15
Q07832,10090,M. musculus,8.926504,7.99302,2
P41233,10090,M. musculus,14.397724,5.554795,12
P05213,10090,M. musculus,4.901917,2.0773752,14
Q9D2R6,10090,M. musculus,11.552574,9.864437,6
Q8VHE0,10090,M. musculus,8.442737,6.561688,19
Q8BJG0,10090,M. musculus,9.014732,3.5858526,19
P58064,10090,M. musculus,8.945839,3.4062893,4
Q6A4J8,10090,M. musculus,10.117098,4.843861,19
P23818,10090,M. musculus,9.695135,2.7171226,8
Q60644,10090,M. musculus,14.289061,4.4339466,15
Q9QUR7,10090,M. musculus,11.3192,6.9396524,17
Q9D3A9,10090,M. musculus,13.224607,11.308345,19
P23275,10090,M. musculus,9.576424,6.138198,16
P97792,10090,M. musculus,9.040222,7.4731135,2
Q8CG64,10090,M. musculus,12.125922,2.5395634,10
E9PUW8,10090,M. musculus,8.894284,1.9319868,5
Q924H2,10090,M. musculus,9.298439,2.346741,5
Q1RLK7,10090,M. musculus,15.714576,8.418103,7
Q924Z4,10090,M. musculus,9.12331,9.116863,0
Q9ET80,10090,M. musculus,11.161022,2.8134153,8
P70368,10090,M. musculus,14.912283,4.665407,12
Q8BJ48,10090,M. musculus,7.032963,6.6347365,1
Q8K1L5,10090,M. musculus,13.124883,6.389007,12
Q8BMS1,10090,M. musculus,9.16341,9.092708,0
P08071,10090,M. musculus,13.977537,5.094092,12
Q8K3J4,10090,M. musculus,7.3635454,3.3573687,4
Q8CJ70,10090,M. musculus,15.155259,15.442319,9
Q9D0K1,10090,M. musculus,11.406622,7.1255603,0
Q9WTM3,10090,M. musculus,3.0833642,12.617588,17
O08692,10090,M. musculus,12.126811,3.563034,9
Q8VCB2,10090,M. musculus,10.372063,3.234449,8
Q9WUF1,10090,M. musculus,11.923851,5.522786,11
Q8BNJ3,10090,M. musculus,9.026362,4.275823,4
Q60641,10090,M. musculus,12.98528,10.973062,5
P11985,10090,M. musculus,11.724089,6.6594424,17
Q9D6Y7,10090,M. musculus,10.526212,8.01015,0
Q9JKJ9,10090,M. musculus,8.966599,5.7936463,2
Q3TPE9,10090,M. musculus,14.47746,5.7048826,17
Q9D275,10090,M. musculus,14.95214,5.446396,17
Q9ER05,10090,M. musculus,17.771431,11.640619,15
Q8BGY9,10090,M. musculus,9.862588,5.8923297,16
Q3UR70,10090,M. musculus,12.469479,3.3105738,17
Q9WTP3,10090,M. musculus,9.537207,8.575569,2
Q9D5J6,10090,M. musculus,9.550941,2.6046133,8
Q3V203,10090,M. musculus,13.018297,7.38785,18
Q8VE65,10090,M. musculus,9.409182,2.314665,5
Q7TSH4,10090,M. musculus,7.7391734,4.3191767,15
Q9ET78,10090,M. musculus,14.760214,9.47411,9
Q3TM01,10090,M. musculus,12.465501,7.047442,17
Q8CE23,10090,M. musculus,9.480893,-1.5191499,9
Q3TL44,10090,M. musculus,7.615794,4.766162,17
A7TZE6,10090,M. musculus,12.223649,1.9790764,10
D3YWP0,10090,M. musculus,9.473697,3.2270536,4
P54254,10090,M. musculus,9.809862,7.543879,17
Q80UG8,10090,M. musculus,9.815788,7.416907,2
Q8VCF1,10090,M. musculus,8.914236,5.766259,11
P97823,10090,M. musculus,9.160492,3.7664807,4
P40223,10090,M. musculus,9.113166,7.583361,2
B7ZNR3,10090,M. musculus,12.223676,1.5048523,10
P41272,10090,M. musculus,12.06382,3.0365748,10
Q9JII5,10090,M. musculus,12.685695,5.6131334,2
Q8BGC4,10090,M. musculus,8.824815,8.797422,15
Q91VJ2,10090,M. musculus,12.018514,4.428133,9
O35153,10090,M. musculus,14.372909,10.552831,2
B1AVB4,10090,M. musculus,10.721243,7.0090566,17
Q99KB8,10090,M. musculus,14.195511,8.119909,13
Q9WUP4,10090,M. musculus,10.95237,6.9807916,2
Q91ZD1,10090,M. musculus,13.889676,5.3262606,12
Q8BG73,10090,M. musculus,11.051069,8.686301,17
Q6Q473,10090,M. musculus,14.379429,5.4272847,12
Q496W8,10090,M. musculus,8.756459,5.7766976,2
Q61425,10090,M. musculus,8.939907,7.403147,2
Q8BLF1,10090,M. musculus,8.659478,1.8044099,5
Q9DAJ4,10090,M. musculus,12.906939,8.11346,18
P53026,10090,M. musculus,8.645031,1.7760606,5
Q8R0Y8,10090,M. musculus,18.898996,4.513564,17
Q8C145,10090,M. musculus,9.341455,4.1060505,4
Q9Z0F3,10090,M. musculus,11.924982,6.2049413,9
Q9R0H5,10090,M. musculus,7.212917,5.8240395,2
Q8VDK3,10090,M. musculus,13.966346,5.0002284,17
Q3TRL8,10090,M. musculus,15.325107,8.524156,7
Q8JZP2,10090,M. musculus,12.477536,7.5906096,18
P56213,10090,M. musculus,10.765979,3.5791438,6
P14719,10090,M. musculus,14.272885,6.4073415,12
Q9WV35,10090,M. musculus,11.03421,4.5933614,10
Q01339,10090,M. musculus,6.8240447,8.684117,16
Q9ES63,10090,M. musculus,9.21294,6.0596123,2
Q8R1B0,10090,M. musculus,13.140488,6.271113,13
P15409,10090,M. musculus,13.257473,10.191786,3
O08650,10090,M. musculus,12.840019,0.3699903,14
A0A0B4J1P5,10090,M. musculus,12.191298,1.9966388,14
Q8R400,10090,M. musculus,12.569548,4.9200263,9
Q6P8H8,10090,M. musculus,9.347663,7.606271,15
Q7TNR6,10090,M. musculus,9.589634,8.231006,16
P13609,10090,M. musculus,12.587766,3.7968862,12
Q99MR6,10090,M. musculus,13.194195,4.9219627,12
F6ZJR3,10090,M. musculus,14.484097,8.2223625,7
Q61124,10090,M. musculus,4.876452,2.0690484,10
Q9Z306,10090,M. musculus,13.202917,8.530438,18
Q8VCZ6,10090,M. musculus,8.676918,8.992526,0
Q80YA8,10090,M. musculus,6.8462353,4.137813,9
Q8BUH8,10090,M. musculus,13.218986,4.8526025,19
P97460,10090,M. musculus,12.438484,3.2970605,17
P48756,10090,M. musculus,9.464669,-1.4672337,9
Q61200,10090,M. musculus,15.884363,8.253485,7
Q61838,10090,M. musculus,9.076287,7.222201,2
Q3UI10,10090,M. musculus,8.403161,7.495111,19
Q6F5F2,10090,M. musculus,12.226105,1.757484,4
Q9CQZ1,10090,M. musculus,11.488493,4.8592434,6
Q9CRA5,10090,M. musculus,14.870998,8.285341,7
Q3TPX4,10090,M. musculus,10.975664,5.9497113,15
Q61503,10090,M. musculus,4.1484957,14.47798,15
Q8BH06,10090,M. musculus,6.598832,6.680949,19
Q3TR19,10090,M. musculus,14.365916,6.5341644,18
A2AM29,10090,M. musculus,8.66851,7.936746,15
Q6PCQ0,10090,M. musculus,8.953413,7.187153,17
Q91X34,10090,M. musculus,13.446514,5.7026606,12
Q62523,10090,M. musculus,8.573143,3.458566,8
P16872,10090,M. musculus,13.109026,10.835253,4
A2AAY5,10090,M. musculus,9.762983,8.63009,17
Q9Z2H6,10090,M. musculus,14.687933,12.490276,10
Q9Z0R4,10090,M. musculus,10.519096,5.77574,15
P0DOY1,10090,M. musculus,12.575107,7.2002077,0
Q8K097,10090,M. musculus,7.6899257,4.7149215,17
Q7TNH6,10090,M. musculus,11.221878,6.5039864,17
S4R1W5,10090,M. musculus,9.679161,3.8552682,19
P26187,10090,M. musculus,8.271533,9.064406,16
Q9D0M5,10090,M. musculus,8.887823,7.251424,19
Q69Z89,10090,M. musculus,12.848113,10.420239,15
Q91ZR4,10090,M. musculus,10.549993,7.657638,0
Q3TL26,10090,M. musculus,7.834524,11.376108,15
P43021,10090,M. musculus,7.7394676,8.814857,16
Q8CCS6,10090,M. musculus,8.242578,8.75755,2
Q3TTY5,10090,M. musculus,13.895029,5.051696,9
A0A1Y7VK25,10090,M. musculus,13.16824,6.043883,13
P27546,10090,M. musculus,14.325765,4.9885,12
Q8K3V1,10090,M. musculus,10.520773,2.7068493,8
P15379,10090,M. musculus,10.25147,4.0500326,10
Q9Z101,10090,M. musculus,10.69593,3.297789,6
E9Q6A7,10090,M. musculus,7.1117253,7.4317946,1
Q91VA0,10090,M. musculus,7.912077,11.119075,15
Q68FE6,10090,M. musculus,9.239337,3.1475437,4
Q60977,10090,M. musculus,12.074478,5.7049246,0
Q9QY23,10090,M. musculus,7.935453,3.7541888,4
B2RY04,10090,M. musculus,12.100144,7.630793,18
Q8BGD7,10090,M. musculus,10.673701,2.5314882,4
P10605,10090,M. musculus,11.339293,4.569132,14
O70458,10090,M. musculus,13.206241,9.983204,17
Q8BL43,10090,M. musculus,7.6098056,9.458579,16
Q62252,10090,M. musculus,12.060737,5.434069,17
A2ARA8,10090,M. musculus,11.234919,4.6297073,6
Q8R059,10090,M. musculus,11.084851,9.602506,9
Q8R3R8,10090,M. musculus,10.508613,4.916042,19
P62500,10090,M. musculus,12.917664,8.118652,18
Q80WK2,10090,M. musculus,12.592129,5.0322313,12
Q3TIV5,10090,M. musculus,10.014652,6.426227,0
P61364,10090,M. musculus,9.424779,-1.4650515,9
A0A0G2JGI9,10090,M. musculus,11.918167,5.4095116,9
O89109,10090,M. musculus,12.865478,8.0053625,13
Q99JI4,10090,M. musculus,13.924742,6.425036,13
A2AJ15,10090,M. musculus,8.629435,8.057978,16
Q921M7,10090,M. musculus,13.602869,8.174931,18
P42703,10090,M. musculus,10.596861,7.6395516,0
Q14BI5,10090,M. musculus,9.613095,2.7223322,4
Q9JKV1,10090,M. musculus,10.477404,5.4161754,19
Q3TIW9,10090,M. musculus,20.894026,0.714239,0
Q3TGW2,10090,M. musculus,9.933431,4.002932,10
P97764,10090,M. musculus,12.267359,1.3671753,10
P10833,10090,M. musculus,9.109093,17.135536,3
Q91WF3,10090,M. musculus,8.099035,6.1635737,17
E9Q287,10090,M. musculus,9.74359,2.8994977,8
Q4QQN0,10090,M. musculus,10.4244585,7.2075934,17
Q60698,10090,M. musculus,9.511149,5.711549,2
Q6PED5,10090,M. musculus,15.6320715,8.139674,12
P15307,10090,M. musculus,14.114881,4.837496,12
O88193,10090,M. musculus,10.843318,3.5290084,6
P32211,10090,M. musculus,7.5301356,4.830403,15
Q8BIK6,10090,M. musculus,7.309775,6.6018023,15
Q60596,10090,M. musculus,12.524776,9.359741,18
Q99MD8,10090,M. musculus,10.939972,3.6978695,10
P42682,10090,M. musculus,9.536419,2.4635887,5
Q62170,10090,M. musculus,9.233904,4.4143343,2
Q99JR6,10090,M. musculus,9.43872,4.935751,2
O35474,10090,M. musculus,8.223323,8.019084,1
P14426,10090,M. musculus,14.974253,4.6276016,12
P58467,10090,M. musculus,11.628073,2.793411,15
Q80W47,10090,M. musculus,9.107133,4.177387,4
Q9D777,10090,M. musculus,12.81492,2.4440424,8
Q91YW3,10090,M. musculus,13.194758,7.738502,13
Q8BVP2,10090,M. musculus,9.9879875,8.6082535,2
A2ABU4,10090,M. musculus,13.574478,8.934103,13
Q61550,10090,M. musculus,11.370243,4.6569705,14
A2AT37,10090,M. musculus,13.774775,6.2886424,12
Q99KJ8,10090,M. musculus,8.944691,7.2691493,2
A0PJN6,10090,M. musculus,9.78055,3.6324182,8
Q99J78,10090,M. musculus,11.13212,6.6611485,2
Q9JK81,10090,M. musculus,16.966928,9.766467,15
Q9CX97,10090,M. musculus,12.19899,16.371943,18
Q9ERL0,10090,M. musculus,11.479298,3.249271,10
B7ZMQ5,10090,M. musculus,12.407613,2.4394443,9
P79621,10090,M. musculus,13.411176,5.354284,12
B5X0E4,10090,M. musculus,12.8305645,7.9325466,18
Q9R0Q8,10090,M. musculus,14.688115,12.491925,14
Q8BWM0,10090,M. musculus,9.186471,3.37648,4
Q9JI78,10090,M. musculus,6.5370407,6.7015767,4
Q80XG9,10090,M. musculus,10.1472845,3.8118083,10
Q8K0U3,10090,M. musculus,8.292853,4.497361,10
P22005,10090,M. musculus,7.3693833,8.711759,1
O08543,10090,M. musculus,12.451237,3.1624532,17
O54790,10090,M. musculus,14.729716,5.354769,12
Q3UYH7,10090,M. musculus,7.0742908,4.2928867,4
Q5SSG4,10090,M. musculus,10.874587,5.540291,6
P51174,10090,M. musculus,8.096048,4.6391053,19
Q8R010,10090,M. musculus,8.636407,8.886185,2
Q9ER71,10090,M. musculus,8.704234,16.969038,3
Q9CPW5,10090,M. musculus,9.208643,2.417016,5
Q8R5J9,10090,M. musculus,9.226433,3.0218325,8
Q91Y44,10090,M. musculus,7.6646447,4.2793064,10
Q810B9,10090,M. musculus,9.841028,9.523747,15
O35654,10090,M. musculus,9.804936,2.6542904,8
Q91Y16,10090,M. musculus,12.460516,6.512112,18
P42337,10090,M. musculus,12.691841,4.9559884,12
O35691,10090,M. musculus,12.445512,7.20144,0
Q7TSG1,10090,M. musculus,11.068926,3.7884095,6
Q61595,10090,M. musculus,11.826299,3.1308846,10
Q61263,10090,M. musculus,10.531647,2.8878064,8
Q9D7A8,10090,M. musculus,11.107163,3.9847856,10
P08226,10090,M. musculus,9.492253,2.579728,5
Q9R224,10090,M. musculus,12.130846,4.815706,9
Q9CY73,10090,M. musculus,10.031705,8.626377,0
P40764,10090,M. musculus,9.375784,5.700871,19
Q564P6,10090,M. musculus,12.441671,4.8504987,9
P19221,10090,M. musculus,7.519591,4.840914,14
Q99MY8,10090,M. musculus,10.214329,6.5576134,0
Q62417,10090,M. musculus,14.34925,5.5353575,12
Q8BXT1,10090,M. musculus,11.333549,5.355981,10
Q8CAV0,10090,M. musculus,9.95818,4.0414615,19
Q812F8,10090,M. musculus,12.159356,16.415215,12
Q9D1H6,10090,M. musculus,11.685787,8.973484,0
Q7M6Y2,10090,M. musculus,6.959214,-3.5642834,15
O55134,10090,M. musculus,13.503851,7.2937994,13
P55258,10090,M. musculus,8.779858,17.511614,3
Q9DAJ2,10090,M. musculus,9.70116,6.462258,17
E9Q137,10090,M. musculus,10.871709,3.6314645,10
P47964,10090,M. musculus,10.476379,10.314766,0
B2RXW8,10090,M. musculus,9.649557,3.877649,8
Q9CWL8,10090,M. musculus,14.49988,5.534803,12
Q3UHC0,10090,M. musculus,10.620949,3.6437361,6
Q9D8K1,10090,M. musculus,12.6456375,3.038432,10
Q6YCI4,10090,M. musculus,13.242272,8.49341,13
P59530,10090,M. musculus,8.648719,7.884214,0
Q9Z248,10090,M. musculus,10.336627,4.408238,19
O35324,10090,M. musculus,11.344867,5.2586355,15
Q61578,10090,M. musculus,11.2466755,3.5699334,9
B2CXA1,10090,M. musculus,15.842239,8.3599615,7
P20109,10090,M. musculus,15.250314,15.299823,9
Q04758,10090,M. musculus,12.243649,4.8051257,9
P48758,10090,M. musculus,4.8055873,3.7745965,11
O54890,10090,M. musculus,12.9807205,10.902839,19
Q8VII8,10090,M. musculus,12.390771,6.855614,0
P62737,10090,M. musculus,10.171749,3.6978006,6
Q8R1H9,10090,M. musculus,4.680639,1.9340444,14
Q3UK37,10090,M. musculus,13.176787,7.621923,18
Q6PGL7,10090,M. musculus,7.3533444,6.421815,2
Q3UN04,10090,M. musculus,9.233949,6.875397,2
D3Z249,10090,M. musculus,11.200023,0.3588548,0
P33587,10090,M. musculus,13.495354,5.914806,13
Q9QXJ2,10090,M. musculus,9.9554,7.641704,17
Q9Z1Q5,10090,M. musculus,3.5117044,-3.599375,15
Q3TCJ1,10090,M. musculus,7.9435015,8.826737,16
Q60748,10090,M. musculus,7.5292306,5.1989822,2
Q7TPT8,10090,M. musculus,14.1253805,7.3448806,13
Q9Z0I6,10090,M. musculus,12.886681,10.4029875,17
Q80Z24,10090,M. musculus,7.934414,6.863055,1
B2RXR8,10090,M. musculus,12.534434,5.3856664,12
Q3UM69,10090,M. musculus,14.330052,8.162541,13
B9EJ57,10090,M. musculus,12.88366,7.6243124,18
Q05421,10090,M. musculus,11.0808,5.832014,15
Q61118,10090,M. musculus,13.524553,5.785637,11
P70407,10090,M. musculus,6.8914313,4.996589,17
A2A9A2,10090,M. musculus,11.069052,4.326055,6
Q9EQ84,10090,M. musculus,15.093598,6.379386,16
Q9QUT0,10090,M. musculus,4.954943,2.0241294,14
P29754,10090,M. musculus,10.91392,2.7580466,4
J3S6Y1,10090,M. musculus,4.779241,8.0906925,14
B2RXB0,10090,M. musculus,12.072296,8.742531,13
Q9QXV3,10090,M. musculus,7.835762,9.687846,16
P46099,10090,M. musculus,13.800223,7.887938,13
Q8R3S2,10090,M. musculus,12.046452,6.597749,11
P54797,10090,M. musculus,10.729199,6.7611885,2
Q80TG9,10090,M. musculus,8.993129,7.6672716,2
Q9R008,10090,M. musculus,9.815877,7.524433,17
A0A1L1SSW0,10090,M. musculus,15.652011,8.4710245,7
Q6PFX9,10090,M. musculus,12.810188,10.429304,15
P97767,10090,M. musculus,12.542768,5.201961,12
Q99MS0,10116,R. norvegicus,14.228692,6.5081263,17
A0A0G2K4I9,10116,R. norvegicus,13.822295,6.530043,12
A0A8I5ZRR3,10116,R. norvegicus,7.5957255,9.404004,16
P36876,10116,R. norvegicus,12.170738,5.7815733,0
A0A8I6A9A2,10116,R. norvegicus,13.065309,8.656684,13
Q498E0,10116,R. norvegicus,9.934359,3.7178593,19
P08494,10116,R. norvegicus,12.39475,3.7498972,0
P01179,10116,R. norvegicus,11.432437,2.8381987,8
D3ZVB9,10116,R. norvegicus,10.905353,4.8740225,6
P21263,10116,R. norvegicus,12.804588,6.2695136,17
Q8K3P4,10116,R. norvegicus,7.699029,4.5930395,10
P21677,10116,R. norvegicus,4.9321065,2.3982987,14
Q68FY0,10116,R. norvegicus,13.2628565,6.1213484,12
A0A8I5Y5J6,10116,R. norvegicus,11.865162,1.9506052,10
A0A0G2JXK2,10116,R. norvegicus,11.528037,7.4147243,0
Q8K415,10116,R. norvegicus,8.856926,5.749789,2
A0A8I5ZTJ7,10116,R. norvegicus,11.324846,2.3302243,19
Q99J86,10116,R. norvegicus,13.866399,7.934224,13
A0A8I6AKA5,10116,R. norvegicus,13.483688,4.5168953,2
A0A8I6G8H1,10116,R. norvegicus,8.956072,2.1057732,5
M0RC17,10116,R. norvegicus,8.2575,8.73615,16
P97884,10116,R. norvegicus,15.692845,10.333931,15
P0C089,10116,R. norvegicus,10.628598,7.341188,15
A0A8I5ZJI2,10116,R. norvegicus,10.082316,6.9408283,2
P08635,10116,R. norvegicus,9.88113,5.538669,15
P54313,10116,R. norvegicus,7.0939283,9.076906,1
P63081,10116,R. norvegicus,8.106196,2.5425465,4
F7FAP6,10116,R. norvegicus,12.591641,3.1384976,17
G3V9T0,10116,R. norvegicus,14.178296,4.903266,12
Q05695,10116,R. norvegicus,10.998548,7.4565687,0
P42264,10116,R. norvegicus,8.618214,7.603827,15
A0A8I6AIS1,10116,R. norvegicus,12.310257,4.805346,12
B1WC21,10116,R. norvegicus,11.954857,3.4171443,17
Q6PDV7,10116,R. norvegicus,8.618652,1.8269504,5
Q63355,10116,R. norvegicus,9.210417,9.073315,0
Q9ES39,10116,R. norvegicus,-3.1997137,7.88179,15
A0A8I5Y9T6,10116,R. norvegicus,12.381806,3.6854544,9
P97836,10116,R. norvegicus,9.970086,5.9296885,17
A0A8I5ZLY4,10116,R. norvegicus,10.044232,6.008491,16
Q7TN41,10116,R. norvegicus,12.327737,3.2872798,17
P25094,10116,R. norvegicus,8.081408,3.875578,4
Q7TPI9,10116,R. norvegicus,12.8093195,3.2542799,10
P19490,10116,R. norvegicus,7.7583876,8.639471,16
Q5BJQ5,10116,R. norvegicus,9.130977,17.133028,3
P05554,10116,R. norvegicus,11.148331,6.13417,17
G3V7S6,10116,R. norvegicus,10.653817,5.2020946,15
Q712U5,10116,R. norvegicus,9.997209,2.6396334,8
B8YBG7,10116,R. norvegicus,9.284795,4.103936,19
P06765,10116,R. norvegicus,15.699838,10.348194,10
A0A8I6A1B8,10116,R. norvegicus,9.89664,6.9718943,15
A0A8I6AC37,10116,R. norvegicus,10.91906,4.565941,10
A0A8I6A2B3,10116,R. norvegicus,8.086808,8.100228,1
Q9JIS4,10116,R. norvegicus,13.0633335,5.4217157,11
P17078,10116,R. norvegicus,10.49887,10.11511,2
D4A9L2,10116,R. norvegicus,13.438585,4.5346093,11
A0A8I5ZQU7,10116,R. norvegicus,13.499485,8.781142,13
P62489,10116,R. norvegicus,8.825821,1.9509995,5
A0A8I6G995,10116,R. norvegicus,11.03791,7.6771607,17
P04644,10116,R. norvegicus,8.636194,1.782603,5
Q76IQ7,10116,R. norvegicus,11.947852,8.729981,18
P63116,10116,R. norvegicus,13.588173,4.069922,17
A0A0G2K715,10116,R. norvegicus,9.9563875,2.9648986,4
P34926,10116,R. norvegicus,10.26549,3.7308307,19
D3ZKB9,10116,R. norvegicus,13.165966,2.53364,11
Q32PW9,10116,R. norvegicus,8.462953,6.552459,14
Q811M5,10116,R. norvegicus,11.0276,5.853912,15
A0A8I5ZYG3,10116,R. norvegicus,11.60494,7.4609323,17
Q9R261,10116,R. norvegicus,14.214363,5.944907,13
P52303,10116,R. norvegicus,12.170671,5.7738867,0
P83748,10116,R. norvegicus,6.7730603,8.011883,17
A0A0H2UHR3,10116,R. norvegicus,10.235963,7.862754,15
D3ZNF5,10116,R. norvegicus,14.76826,9.471789,9
P49911,10116,R. norvegicus,10.471091,3.8072023,4
Q9JHZ9,10116,R. norvegicus,7.3576074,5.489871,0
A0A8I5ZQX3,10116,R. norvegicus,10.055038,4.6674023,4
Q5XI99,10116,R. norvegicus,12.567738,6.0478535,0
A0A8I6B465,10116,R. norvegicus,12.793131,4.348139,12
Q9JLS3,10116,R. norvegicus,14.356017,4.9781313,12
D3Z8D9,10116,R. norvegicus,9.650208,2.0656316,5
A0A8I5ZP25,10116,R. norvegicus,10.667211,6.5072193,2
P80225,10116,R. norvegicus,15.326813,8.230107,7
P82808,10116,R. norvegicus,9.430634,6.931647,17
A0A8I5ZXI2,10116,R. norvegicus,10.365858,5.018622,2
Q9R0T4,10116,R. norvegicus,13.151362,5.2139997,11
A0A8I6AD12,10116,R. norvegicus,7.339855,9.307319,16
A0A8I6GM68,10116,R. norvegicus,11.798793,4.7544675,9
Q6P0K8,10116,R. norvegicus,8.547378,8.018608,2
P15387,10116,R. norvegicus,13.469592,4.713457,11
A0A8I5ZQB9,10116,R. norvegicus,12.136917,5.96501,12
Q5PQN0,10116,R. norvegicus,10.95036,0.3374364,3
O35251,10116,R. norvegicus,15.011299,4.620728,12
Q8K1P7,10116,R. norvegicus,7.906107,4.2316117,14
Q6JHU9,10116,R. norvegicus,12.491272,4.7533627,17
F1LQ22,10116,R. norvegicus,13.254057,7.4886465,18
Q2THW6,10116,R. norvegicus,12.399056,3.3284004,17
Q6P2A7,10116,R. norvegicus,4.9882917,2.292416,14
P97546,10116,R. norvegicus,10.8927965,5.3986,6
Q5U367,10116,R. norvegicus,11.391891,7.471123,18
Q62677,10116,R. norvegicus,13.475639,5.2392526,12
B0BN39,10116,R. norvegicus,10.591042,6.450478,17
Q8VIP2,10116,R. norvegicus,11.0545845,6.460801,16
Q10728,10116,R. norvegicus,12.622643,6.106681,15
Q01066,10116,R. norvegicus,9.591383,5.392455,15
A0A0G2JVZ6,10116,R. norvegicus,12.783242,6.3036013,0
A0A8I5ZW83,10116,R. norvegicus,10.923798,5.575344,15
Q9JJ19,10116,R. norvegicus,8.205848,6.8838115,15
B2B9A9,10116,R. norvegicus,7.399695,4.532696,15
A0A8I6AKB6,10116,R. norvegicus,14.487563,8.339154,7
P49616,10116,R. norvegicus,10.989506,3.7123706,6
A0A8I5ZQ26,10116,R. norvegicus,12.004401,7.6854167,0
A0A0G2JY21,10116,R. norvegicus,10.5617895,6.158845,2
A0A0G2KB52,10116,R. norvegicus,11.107067,5.1568546,15
P16617,10116,R. norvegicus,11.058156,7.8738613,17
P25115,10116,R. norvegicus,9.683809,6.880317,17
A0A8I6GLB4,10116,R. norvegicus,7.503625,9.294466,16
P47973,10116,R. norvegicus,12.495778,7.4728303,18
Q62598,10116,R. norvegicus,8.48124,8.187458,2
P31503,10116,R. norvegicus,7.6672516,4.0281224,19
Q62735,10116,R. norvegicus,4.976068,2.0225592,14
A1L1J2,10116,R. norvegicus,14.917222,6.369702,18
D3ZD05,10116,R. norvegicus,12.224644,1.7750171,10
Q66H20,10116,R. norvegicus,12.959233,7.4027615,18
A0A8I6GA79,10116,R. norvegicus,12.992096,5.627632,11
A0A8I6A7D4,10116,R. norvegicus,10.074781,7.457859,0
A0A8I6A984,10116,R. norvegicus,11.222151,4.9588737,17
Q80ZG2,10116,R. norvegicus,6.5700717,4.743035,15
D3ZZH6,10116,R. norvegicus,9.379354,5.7011967,2
Q569C4,10116,R. norvegicus,9.568947,6.2565913,19
A0A0G2K309,10116,R. norvegicus,13.109882,7.0080504,0
F1LMD7,10116,R. norvegicus,12.018977,5.263304,9
P97887,10116,R. norvegicus,12.360531,7.7172704,0
A0A8I5ZVG2,10116,R. norvegicus,9.745559,7.6252832,0
Q64375,10116,R. norvegicus,9.927217,6.970877,2
D4AAN8,10116,R. norvegicus,7.0287304,4.7250285,14
Q3B7T7,10116,R. norvegicus,13.591692,6.914203,13
A0A8I6GIF7,10116,R. norvegicus,11.6135025,4.8122225,6
A0A0G2JTZ2,10116,R. norvegicus,14.504052,5.0882373,12
P13205,10116,R. norvegicus,9.377678,-1.430564,9
D4A0I8,10116,R. norvegicus,3.0821595,12.618823,17
Q62812,10116,R. norvegicus,10.75469,6.662028,2
A0A8I6AE29,10116,R. norvegicus,10.322344,-8.07882,15
Q9WVE9,10116,R. norvegicus,11.5468645,4.474682,9
P25086,10116,R. norvegicus,3.1621976,4.861738,10
D4A510,10116,R. norvegicus,8.140213,8.426745,2
Q63686,10116,R. norvegicus,9.358522,9.005384,0
Q9JHS1,10116,R. norvegicus,12.454349,4.950804,12
O89039,10116,R. norvegicus,8.70271,2.2436454,5
Q66HP1,10116,R. norvegicus,11.3716,7.6622477,0
P42533,10116,R. norvegicus,8.735448,17.436895,3
A0A8I6A8W4,10116,R. norvegicus,6.9314094,7.9557137,16
P30099,10116,R. norvegicus,12.484109,3.3621933,0
A0A0U1RRU5,10116,R. norvegicus,10.482744,6.768277,19
A0A0G2JVU2,10116,R. norvegicus,11.500158,7.4768295,0
D3Z8H0,10116,R. norvegicus,9.16871,2.203665,5
Q9WUL0,10116,R. norvegicus,12.64603,6.287741,9
P20267,10116,R. norvegicus,11.532643,7.8802657,0
O88900,10116,R. norvegicus,14.780736,9.493605,17
P05370,10116,R. norvegicus,10.497471,4.0295134,19
A0A8I6AEJ8,10116,R. norvegicus,7.6131544,4.6647286,17
D4AA11,10116,R. norvegicus,11.051527,4.2185283,6
P24388,10116,R. norvegicus,14.688367,12.491297,10
E2E1S0,10116,R. norvegicus,9.455248,5.3552713,15
Q9JKR5,10116,R. norvegicus,12.617971,5.419094,11
A0A8I6G3S6,10116,R. norvegicus,10.352452,3.898435,6
F1M386,10116,R. norvegicus,9.522859,3.6984448,19
Q7TSE9,10116,R. norvegicus,10.987512,9.031004,0
F1M8L9,10116,R. norvegicus,12.697554,6.3047667,9
A0A8I6AF66,10116,R. norvegicus,10.652422,2.8580468,4
A0A8J8XCW9,10116,R. norvegicus,11.114352,7.5051622,17
Q62859,10116,R. norvegicus,12.087222,2.039522,10
P09057,10116,R. norvegicus,8.925863,7.8774586,2
A0A0G2K1E1,10116,R. norvegicus,12.729492,6.8230076,18
D4A9K4,10116,R. norvegicus,11.906056,6.748387,11
F7END1,10116,R. norvegicus,7.704484,4.7908635,0
P68255,10116,R. norvegicus,-3.1996033,7.8817773,2
P97545,10116,R. norvegicus,15.700614,10.35335,10
A1XIQ4,10116,R. norvegicus,12.568772,8.017998,11
Q63272,10116,R. norvegicus,13.107591,10.412855,17
P27321,10116,R. norvegicus,9.62267,7.419576,15
P46462,10116,R. norvegicus,9.051702,3.9187071,19
A0A8I6G9R9,10116,R. norvegicus,14.694551,4.938284,12
A0A8I6A4J2,10116,R. norvegicus,10.412348,3.4040241,6
B5DF70,10116,R. norvegicus,9.8252325,8.0294285,2
Q2Q0I9,10116,R. norvegicus,7.1945,4.935203,15
P15384,10116,R. norvegicus,13.217685,11.293579,19
O70127,10116,R. norvegicus,8.263721,8.261781,16
A0A8I6A508,10116,R. norvegicus,9.688914,2.7571733,8
Q8CH93,10116,R. norvegicus,9.637239,3.7493885,8
P35289,10116,R. norvegicus,8.772581,17.506815,3
Q5PPK3,10116,R. norvegicus,7.104258,8.535993,1
A0A8J8YNL9,10116,R. norvegicus,9.463045,2.4304957,8
Q5VJS5,10116,R. norvegicus,9.891509,7.3733726,15
P09495,10116,R. norvegicus,3.0403552,2.731117,0
P70611,10116,R. norvegicus,7.6761293,7.877268,1
P25109,10116,R. norvegicus,11.1885395,6.3180294,15
Q68FT6,10116,R. norvegicus,11.480094,6.465182,15
A0A0G2JUD6,10116,R. norvegicus,11.293123,7.083444,0
Q641Y5,10116,R. norvegicus,10.491498,4.233919,19
A0A8I5ZYN7,10116,R. norvegicus,13.554829,8.879125,13
P63144,10116,R. norvegicus,10.894032,-5.8646812,14
E9PTQ9,10116,R. norvegicus,17.881481,11.713923,14
P24464,10116,R. norvegicus,7.3949738,5.4250336,2
A0A8I6A7K4,10116,R. norvegicus,13.523858,8.821448,13
Q2TVU3,10116,R. norvegicus,10.110667,3.8070745,4
Q5U777,10116,R. norvegicus,14.086582,7.6758084,13
Q1PS21,10116,R. norvegicus,6.9873314,4.41097,15
P02454,10116,R. norvegicus,12.773874,7.7335095,13
A0A8I5ZM75,10116,R. norvegicus,9.44224,4.92914,2
M0R907,10116,R. norvegicus,8.805369,1.9408518,5
Q6QDP7,10116,R. norvegicus,13.997738,6.37873,13
A0A8I6AQ35,10116,R. norvegicus,11.739853,3.245852,19
P04906,10116,R. norvegicus,9.168867,3.0555422,4
Q4QQT3,10116,R. norvegicus,7.1903806,9.279451,16
A0A8I6AI60,10116,R. norvegicus,11.357087,7.3776565,0
Q5FVL0,10116,R. norvegicus,9.629978,6.6717787,0
Q62681,10116,R. norvegicus,10.963996,8.101856,17
B2RZ33,10116,R. norvegicus,6.851827,6.9404874,1
D3ZBL3,10116,R. norvegicus,7.5719438,8.04884,1
O54697,10116,R. norvegicus,8.602131,6.813798,15
A0A8I6AQU5,10116,R. norvegicus,8.776853,4.499889,19
A8WCF8,10116,R. norvegicus,8.990019,5.7610726,2
D4A4I3,10116,R. norvegicus,13.588346,8.9815445,13
O70368,10116,R. norvegicus,7.1050935,9.164456,1
A0A8I6G4R8,10116,R. norvegicus,11.336399,6.5264983,0
Q62839,10116,R. norvegicus,9.320539,5.6105313,10
Q5DT39,10116,R. norvegicus,14.688377,12.491798,9
Q8R2H2,10116,R. norvegicus,11.896819,6.563742,0
A0A8I6B3E0,10116,R. norvegicus,8.07075,5.339951,2
P08010,10116,R. norvegicus,3.6147118,-3.4987223,15
Q9JJH5,10116,R. norvegicus,8.586115,8.274222,2
Q5U2V5,10116,R. norvegicus,8.475667,9.257047,2
Q62717,10116,R. norvegicus,13.595595,8.894236,13
O88881,10116,R. norvegicus,11.231387,7.585372,17
P45592,10116,R. norvegicus,9.642336,2.939957,8
P52590,10116,R. norvegicus,9.993852,3.1293805,8
A0A8I6AK89,10116,R. norvegicus,12.176302,9.053393,18
Q2V9T0,10116,R. norvegicus,7.8302517,4.648149,9
A0A8I6ASR7,10116,R. norvegicus,7.6552863,4.7562256,17
Q6MG74,10116,R. norvegicus,8.288488,4.442312,19
P30009,10116,R. norvegicus,10.972206,3.6828268,6
Q9R193,10116,R. norvegicus,14.563901,5.517927,17
Q62656,10116,R. norvegicus,11.558833,7.765737,0
F1LRU8,10116,R. norvegicus,6.785626,5.063416,15
P36877,10116,R. norvegicus,7.9952345,4.199187,14
O88496,10116,R. norvegicus,12.465721,2.9120922,9
Q5PPJ9,10116,R. norvegicus,13.735256,6.4522176,13
Q9WUW5,10116,R. norvegicus,9.765024,3.3723545,4
Q5XI78,10116,R. norvegicus,11.79978,6.4367046,17
A0A0G2K5I7,10116,R. norvegicus,7.5949597,4.4309125,17
P37377,10116,R. norvegicus,12.810701,6.6782866,11
O08873,10116,R. norvegicus,10.191013,3.988817,10
A0A8I5XWT0,10116,R. norvegicus,11.688752,2.8242135,15
A0A8I5ZP92,10116,R. norvegicus,12.263484,3.4651287,9
Q9Z0X2,10116,R. norvegicus,3.0873191,12.613372,15
P97879,10116,R. norvegicus,12.386798,5.166616,12
E9PT87,10116,R. norvegicus,8.108563,8.619833,19
Q9QXJ0,10116,R. norvegicus,11.794291,7.9062433,18
Q9Z1A5,10116,R. norvegicus,14.509674,4.68623,17
Q63678,10116,R. norvegicus,8.46855,4.0527406,8
P33535,10116,R. norvegicus,8.945702,7.4112744,2
P12526,10116,R. norvegicus,19.400812,13.615161,2
F1M7L9,10116,R. norvegicus,8.874821,7.5143476,2
P70478,10116,R. norvegicus,10.867208,4.077867,10
P62828,10116,R. norvegicus,8.685621,17.44553,3
O54937,10116,R. norvegicus,6.8413906,6.958767,1
P13053,10116,R. norvegicus,8.274123,4.606437,6
Q9QZT0,10116,R. norvegicus,6.625893,4.952958,14
Q63745,10116,R. norvegicus,12.7129545,7.4520726,18
G3V8A5,10116,R. norvegicus,12.138465,8.423089,18
Q9ERW3,10116,R. norvegicus,3.1439023,4.865809,17
A0A8I6A5Q8,10116,R. norvegicus,7.8867583,7.861981,1
P62963,10116,R. norvegicus,10.429405,7.0772753,2
P08435,10116,R. norvegicus,9.456234,-1.4880537,9
A0A8I6G9J9,10116,R. norvegicus,10.054316,3.1476448,8
A0A8I6AM82,10116,R. norvegicus,12.1546,16.421467,12
D3ZKG7,10116,R. norvegicus,10.972108,2.8293252,8
Q14U74,10116,R. norvegicus,9.338168,7.337555,2
O08562,10116,R. norvegicus,8.135491,8.046277,1
E9PTN1,10116,R. norvegicus,10.19949,3.7383404,8
Q8R5G4,10116,R. norvegicus,16.969528,9.766192,17
F7EL25,10116,R. norvegicus,11.603774,6.139737,15
P41562,10116,R. norvegicus,20.897423,0.71083766,2
M0RCX8,10116,R. norvegicus,7.204726,9.280215,1
G3V7E6,10116,R. norvegicus,9.315211,8.057091,17
P63138,10116,R. norvegicus,7.8350906,11.3766365,16
A0A8I6AEX6,10116,R. norvegicus,11.686194,4.1120033,10
Q5BJL7,10116,R. norvegicus,9.136397,3.6386516,4
P18576,10116,R. norvegicus,11.440508,7.606046,0
P04774,10116,R. norvegicus,10.485188,4.7948103,10
Q64634,10116,R. norvegicus,10.019475,7.439142,0
P62839,10116,R. norvegicus,2.3300138,-1.0084213,3
P34158,10116,R. norvegicus,10.464544,4.4660883,19
Q68FQ5,10116,R. norvegicus,11.341141,4.733561,14
P07338,10116,R. norvegicus,17.808203,11.675451,15
Q920L6,10116,R. norvegicus,15.252549,15.380213,9
O54747,10116,R. norvegicus,13.523724,8.999159,13
E9PU00,10116,R. norvegicus,8.267568,3.8650262,19
P08568,10116,R. norvegicus,13.346001,5.5162354,11
Q9Z1C8,10116,R. norvegicus,12.033282,7.9738092,18
P02634,10116,R. norvegicus,11.026927,0.3298486,17
Q6IUR5,10116,R. norvegicus,10.522057,3.7265384,10
P20607,10116,R. norvegicus,15.076076,15.55355,9
A0A8I5Y6E8,10116,R. norvegicus,12.145283,16.407557,11
O35786,10116,R. norvegicus,8.315714,4.607768,6
A0A8I6GGU8,10116,R. norvegicus,12.460645,5.411532,12
Q63699,10116,R. norvegicus,10.7942915,3.7528062,6
Q64350,10116,R. norvegicus,10.887478,9.098056,17
A0A8I6AE76,10116,R. norvegicus,9.864543,2.6110895,8
Q9QZI3,10116,R. norvegicus,12.054602,7.984136,18
A0A8I6GEC2,10116,R. norvegicus,10.622104,7.815555,17
P61150,10116,R. norvegicus,3.1390395,4.865544,17
Q4KLG7,10116,R. norvegicus,12.23191,1.4326276,14
M0R7T6,10116,R. norvegicus,10.286513,2.190899,8
D9I2H0,10116,R. norvegicus,7.733557,4.05566,19
Q05546,10116,R. norvegicus,9.641214,2.5755382,8
P47819,10116,R. norvegicus,12.856713,10.510373,3
P63079,10116,R. norvegicus,14.487183,6.722522,18
P13852,10116,R. norvegicus,11.551386,3.955123,11
A0A8I6B3J9,10116,R. norvegicus,7.286727,9.299185,16
Q91XT0,10116,R. norvegicus,8.891079,2.0097077,5
A0A8I5ZXR3,10116,R. norvegicus,11.913817,2.7945051,10
Q9WVT1,10116,R. norvegicus,14.112017,8.162893,7
B0BNH1,10116,R. norvegicus,3.556448,-3.5549424,15
P18598,10116,R. norvegicus,10.940361,8.046223,18
P35280,10116,R. norvegicus,8.75651,17.536604,3
A0A8I6AUN0,10116,R. norvegicus,12.598545,3.4970434,0
P22282,10116,R. norvegicus,13.898417,8.00853,13
P12785,10116,R. norvegicus,10.655804,6.568907,2
A0A8I6GKG9,10116,R. norvegicus,9.475223,3.5392575,8
P58821,10116,R. norvegicus,11.287118,3.7185974,6
P54318,10116,R. norvegicus,8.986563,8.221894,2
P29418,10116,R. norvegicus,15.141273,8.475095,7
D4A7P2,10116,R. norvegicus,13.105773,6.931138,18
Q9JI03,10116,R. norvegicus,10.315016,7.3981423,2
A0A8I6API9,10116,R. norvegicus,11.747876,7.3502903,0
A0A0G2KAG3,10116,R. norvegicus,11.306159,4.5653214,6
P13839,10116,R. norvegicus,9.031611,5.847278,11
Q4V8I1,10116,R. norvegicus,15.265285,15.241048,9
P12389,10116,R. norvegicus,10.80851,4.9797325,15
Q9ERU4,10116,R. norvegicus,7.5428348,4.4823456,16
Q68FW4,10116,R. norvegicus,3.138936,4.8645616,17
Q32WR5,10116,R. norvegicus,9.761278,2.6009436,8
O70150,10116,R. norvegicus,14.353458,8.042197,7
A0A8I6G2U8,10116,R. norvegicus,13.907496,8.118952,13
B5DFG1,10116,R. norvegicus,12.477078,2.5988238,10
P68511,10116,R. norvegicus,-3.1997147,7.8817897,2
Q01728,10116,R. norvegicus,7.5334544,4.4062033,19
D3ZLC6,10116,R. norvegicus,8.067347,6.869728,19
Q6RVG2,10116,R. norvegicus,11.775422,4.1418376,9
P53369,10116,R. norvegicus,9.369726,8.172982,15
A0A8I6ACX4,10116,R. norvegicus,13.404577,8.717378,13
A2RRU1,10116,R. norvegicus,7.1387973,4.289359,19
Q5FVK6,10116,R. norvegicus,11.989459,5.9766183,0
Q6IRK4,10116,R. norvegicus,7.1184716,4.911305,19
D3ZC81,10116,R. norvegicus,8.994408,2.364585,5
Q9EPQ0,10116,R. norvegicus,10.876705,9.058571,17
Q8K4Y5,10116,R. norvegicus,13.600428,6.655414,13
P97636,10116,R. norvegicus,17.866526,10.595799,10
A0A8I6AP99,10116,R. norvegicus,8.661079,7.551446,19
Q8VHK2,10116,R. norvegicus,9.580605,5.1750293,15
D4A8I9,10116,R. norvegicus,15.284988,15.248822,9
D3ZFQ5,10116,R. norvegicus,12.815482,10.3640175,15
A0A8I6AHK3,10116,R. norvegicus,11.650044,6.1657596,17
P15473,10116,R. norvegicus,12.251947,6.9939084,17
P04692,10116,R. norvegicus,9.092838,17.144463,3
Q8K3F3,10116,R. norvegicus,10.678693,3.3869038,6
Q9Z0M0,10116,R. norvegicus,10.526383,3.7852645,8
P47245,10116,R. norvegicus,10.232112,6.240362,17
F7EQF3,10116,R. norvegicus,11.936628,6.173238,9
Q8R4T5,10116,R. norvegicus,11.233122,6.2252283,17
Q62688,10116,R. norvegicus,12.97792,7.33105,18
P02692,10116,R. norvegicus,9.859036,6.815359,19
P18890,10116,R. norvegicus,10.226068,4.027976,19
P10158,10116,R. norvegicus,7.509807,8.241705,1
D4A505,10116,R. norvegicus,9.088848,3.5710924,4
P31000,10116,R. norvegicus,7.087811,5.0772786,15
F1LN06,10116,R. norvegicus,8.810572,4.437152,4
P34058,10116,R. norvegicus,8.833776,4.391711,4
G3V6K9,10116,R. norvegicus,8.361626,8.7554035,16
A0A8I6ALQ0,10116,R. norvegicus,13.477283,7.402938,18
P17491,10116,R. norvegicus,8.643038,7.550045,2
Q80ZG6,10116,R. norvegicus,11.076786,3.4784489,6
Q9R154,10116,R. norvegicus,14.69613,4.7674885,12
P47942,10116,R. norvegicus,13.702882,6.639809,13
F7EX11,10116,R. norvegicus,10.575804,10.017897,2
Q5PQP2,10116,R. norvegicus,10.231705,2.8774378,6
A6YP92,10116,R. norvegicus,3.1058583,1.78422,2
Q71UF4,10116,R. norvegicus,9.482696,5.121957,15
Q4V8A8,10116,R. norvegicus,10.080919,2.4405794,8
D4A9W8,10116,R. norvegicus,8.885814,7.130872,15
A0A8I6AIG1,10116,R. norvegicus,8.492209,7.3958583,19
P48973,10116,R. norvegicus,15.701609,10.350747,10
A0A8I5Y7L4,10116,R. norvegicus,3.124321,1.7939435,10
Q63241,10116,R. norvegicus,14.328321,4.19127,17
Q9JHY8,10116,R. norvegicus,10.24813,6.199368,14
Q4V8C4,10116,R. norvegicus,8.701076,3.6146595,4
Q8QZZ9,10116,R. norvegicus,15.8747015,8.274208,7
P97943,10116,R. norvegicus,10.050828,5.940057,17
A0A8I5ZUZ7,10116,R. norvegicus,12.311617,5.2617836,11
Q6AXM8,10116,R. norvegicus,6.860094,6.9632964,1
Q5U3Z0,10116,R. norvegicus,-0.6015986,8.7314,2
D3ZKL3,10116,R. norvegicus,14.493993,5.555491,12
Q810H6,10116,R. norvegicus,12.986487,10.948386,4
Q6AYD3,10116,R. norvegicus,9.325038,4.426813,19
Q9R080,10116,R. norvegicus,9.998661,5.37924,17
P29414,10116,R. norvegicus,9.882525,3.741559,19
P35407,10116,R. norvegicus,13.85616,7.3305435,13
Q7TN50,10116,R. norvegicus,13.219555,8.5918045,13
D3Z8G7,10116,R. norvegicus,12.164198,3.0395005,10
Q6J1Y9,10116,R. norvegicus,10.575477,5.852503,15
P15943,10116,R. norvegicus,12.994853,4.739894,12
Q63584,10116,R. norvegicus,10.808943,7.292197,17
B4F7A9,10116,R. norvegicus,8.355284,7.8742065,2
Q7TPK6,10116,R. norvegicus,10.240462,4.0794554,19
Q5FVK4,10116,R. norvegicus,11.342741,6.670242,0
A0A8I6B3H1,10116,R. norvegicus,12.316395,6.2123184,15
P20156,10116,R. norvegicus,9.504421,3.5600884,4
A0A8I6A609,10116,R. norvegicus,8.235397,5.5197344,10
D3ZKI3,10116,R. norvegicus,12.088102,5.1571746,9
F1M7B8,10116,R. norvegicus,13.154975,8.423331,18
Q63065,10116,R. norvegicus,9.653437,8.68671,17
A0A8I5Y1G9,10116,R. norvegicus,8.768471,7.7332006,2
A0A8I6AQ69,10116,R. norvegicus,10.13185,3.2223103,8
A0A8I5XWT5,10116,R. norvegicus,6.815701,6.9471645,4
A0A8I6AF99,10116,R. norvegicus,12.838726,0.3745244,14
F1LT78,10116,R. norvegicus,13.217442,10.573787,15
O35790,10116,R. norvegicus,9.102144,3.48218,4
Q76GL9,10116,R. norvegicus,13.426131,8.914335,13
Q68FW0,10116,R. norvegicus,10.752732,7.3144107,0
F7F3L0,10116,R. norvegicus,13.603871,4.008635,17
P29147,10116,R. norvegicus,6.9245424,6.494509,1
P23385,10116,R. norvegicus,14.271116,4.961056,12
Q09QM4,10116,R. norvegicus,7.031311,8.530506,15
O35052,10116,R. norvegicus,4.903428,1.9475719,14
Q920G2,10116,R. norvegicus,13.809346,7.174913,18
A0A8I5ZVQ5,10116,R. norvegicus,11.390659,3.061562,6
Q63092,10116,R. norvegicus,12.966303,3.4769323,9
Q4VFZ4,10116,R. norvegicus,14.587812,8.327966,7
Q63014,10116,R. norvegicus,10.155959,7.248226,17
P23944,10116,R. norvegicus,14.435133,5.4919977,17
P70535,10116,R. norvegicus,11.27358,7.841218,0
D3ZZV1,10116,R. norvegicus,8.953636,2.3930748,5
Q8K4R8,10116,R. norvegicus,10.629093,4.5157666,6
M0R5U4,10116,R. norvegicus,9.70508,6.9330564,0
D3ZF77,10116,R. norvegicus,9.740364,3.6559792,8
O54800,10116,R. norvegicus,9.73045,8.386498,0
D3ZN95,10116,R. norvegicus,9.055548,9.009395,0
Q6IN02,10116,R. norvegicus,8.889397,7.089712,15
Q6P791,10116,R. norvegicus,10.229375,2.844382,6
O70239,10116,R. norvegicus,13.145405,10.432315,17
Q5BK63,10116,R. norvegicus,10.220858,7.672614,15
P10716,10116,R. norvegicus,8.884121,7.4435744,2
Q9R2C1,10116,R. norvegicus,12.316481,8.265808,0
P11240,10116,R. norvegicus,10.69462,7.451023,2
A0A8I5ZWN7,10116,R. norvegicus,13.015497,7.3621373,18
Q8N7M5,10116,R. norvegicus,7.6306868,5.505673,17
A0A8I6GAA5,10116,R. norvegicus,12.6366005,5.063352,11
B0K028,10116,R. norvegicus,10.609121,7.5186915,16
O35764,10116,R. norvegicus,12.122705,2.561758,10
A0A8I6GL26,10116,R. norvegicus,10.007416,2.6424904,8
Q63768,10116,R. norvegicus,11.328338,5.4293084,9
Q63236,10116,R. norvegicus,13.00573,10.962341,4
A0A8I6ATX7,10116,R. norvegicus,10.79095,5.5987535,17
A0A8I6ADL5,10116,R. norvegicus,11.416164,4.503631,10
Q5XI22,10116,R. norvegicus,9.19458,3.8314621,19
A0A0G2K2H0,10116,R. norvegicus,13.944666,5.4261436,12
M0RDK4,10116,R. norvegicus,11.088135,4.5964637,6
Q9Z2Q1,10116,R. norvegicus,12.838077,10.42272,15
P82252,10116,R. norvegicus,6.9616084,5.2205577,19
A2VCW4,10116,R. norvegicus,9.434671,2.5697298,5
P63312,10116,R. norvegicus,12.888963,6.7861238,18
Q62867,10116,R. norvegicus,13.950383,4.801266,6
Q6AYU2,10116,R. norvegicus,10.475981,5.4190984,15
Q6Q629,10116,R. norvegicus,8.664895,8.471672,16
Q80WF4,10116,R. norvegicus,8.94562,5.91998,2
A0A8I6AB09,10116,R. norvegicus,13.064216,6.3483214,18
A0A8I6AP19,10116,R. norvegicus,8.358627,7.921316,1
Q9ERC0,10116,R. norvegicus,11.905607,6.675377,11
Q8R5G2,10116,R. norvegicus,12.291905,7.6250467,18
Q68FX3,10116,R. norvegicus,7.4623094,5.090354,15
Q9ET50,10116,R. norvegicus,12.157503,16.417505,17
O35827,10116,R. norvegicus,8.885504,7.050613,19
P14650,10116,R. norvegicus,10.823048,3.966859,6
P23363,10116,R. norvegicus,12.304989,2.7441502,6
A0A8I6AM39,10116,R. norvegicus,9.744401,9.638389,15
P61107,10116,R. norvegicus,8.8742695,17.536951,3
Q5XI63,10116,R. norvegicus,11.595575,7.1421566,16
P09811,10116,R. norvegicus,8.6807575,6.3826222,19
P97829,10116,R. norvegicus,9.83421,3.1138575,8
Q9QX73,10116,R. norvegicus,9.9510355,5.676253,19
A0A8I5ZMD9,10116,R. norvegicus,8.99086,2.4323719,5
P14095,10116,R. norvegicus,15.699786,10.348404,14
Q63537,10116,R. norvegicus,7.9205756,8.406376,16
Q5PQX1,10116,R. norvegicus,8.845137,8.4271555,2
Q9Z252,10116,R. norvegicus,12.266414,5.536224,0
F7FH41,10116,R. norvegicus,11.671583,5.7721863,15
Q810W9,10116,R. norvegicus,10.270604,3.3322632,6
P08461,10116,R. norvegicus,14.736694,6.4269137,13
P07314,10116,R. norvegicus,8.7165785,8.340707,0
A0A8I6AMW2,10116,R. norvegicus,6.6509566,4.9030952,15
Q8ILZ1,36329,P. falciparum,13.110396,4.8688836,12
Q8I3U2,36329,P. falciparum,7.1988187,4.809295,15
Q8IJM9,36329,P. falciparum,13.106273,8.435183,13
Q8IKX8,36329,P. falciparum,9.777581,3.6177342,8
Q8IHM1,36329,P. falciparum,7.0204015,6.822067,16
Q8IBW7,36329,P. falciparum,11.686446,4.3405147,9
Q7KQL7,36329,P. falciparum,7.6111,4.500788,17
Q8ILV1,36329,P. falciparum,15.792488,6.569287,10
C0H4C3,36329,P. falciparum,12.195831,8.910748,18
Q8IKW2,36329,P. falciparum,13.813746,6.0084157,12
C0H490,36329,P. falciparum,9.437272,7.7237153,15
Q8IB73,36329,P. falciparum,9.411305,2.4442976,8
Q8IDY0,36329,P. falciparum,14.550954,8.383183,7
Q8IEJ0,36329,P. falciparum,12.533803,9.414256,18
Q8IIC4,36329,P. falciparum,9.865293,10.635686,2
Q8IE14,36329,P. falciparum,8.457503,6.6175733,2
Q8IDP1,36329,P. falciparum,11.323368,2.9471576,14
Q8IIK5,36329,P. falciparum,10.878727,5.573571,2
Q8IDM6,36329,P. falciparum,4.8995466,2.0951157,14
Q8IKP7,36329,P. falciparum,13.922399,6.2863183,12
Q8IBT4,36329,P. falciparum,13.426534,8.168973,13
Q8IM28,36329,P. falciparum,11.007049,6.8145714,17
Q8IHZ5,36329,P. falciparum,9.247742,3.9689038,19
C6KSY6,36329,P. falciparum,10.401843,10.195814,0
Q8I5I9,36329,P. falciparum,13.437827,8.510688,13
Q8I632,36329,P. falciparum,12.784094,8.738387,18
Q8IAS4,36329,P. falciparum,11.757519,6.2309084,17
Q8IJ11,36329,P. falciparum,12.529152,9.436546,18
P62344,36329,P. falciparum,7.8179445,7.624303,19
Q8IKK7,36329,P. falciparum,15.083534,4.5623183,12
Q8IIY2,36329,P. falciparum,7.656439,4.1748557,14
Q9U0N4,36329,P. falciparum,10.685919,6.5512013,2
Q8IIS8,36329,P. falciparum,9.265612,9.01301,0
Q8IEN9,36329,P. falciparum,6.6521745,5.0154185,19
C0H519,36329,P. falciparum,11.062133,0.32349187,17
C6KTF5,36329,P. falciparum,14.481549,6.370603,17
C6KSN9,36329,P. falciparum,11.144979,7.992669,18
Q8IIZ9,36329,P. falciparum,13.882327,4.7799306,12
Q7K6A5,36329,P. falciparum,3.127612,12.579459,19
Q8IES4,36329,P. falciparum,10.913879,5.959202,2
C0H4Q5,36329,P. falciparum,10.560357,3.3712974,10
Q8IEG9,36329,P. falciparum,8.952658,7.7834926,2
Q9NLB2,36329,P. falciparum,11.107657,8.738107,17
Q8IHU1,36329,P. falciparum,9.53278,7.9237213,17
Q8IIR9,36329,P. falciparum,13.135294,6.930509,0
Q8I6U4,36329,P. falciparum,8.800547,5.7656665,2
Q7K6A0,36329,P. falciparum,13.376103,7.722326,13
Q8I4P6,36329,P. falciparum,4.6996083,4.302992,12
Q8ILM8,36329,P. falciparum,13.690099,8.921288,13
O77306,36329,P. falciparum,12.538135,5.5073786,12
Q8IIR7,36329,P. falciparum,14.839036,4.6819053,12
Q8IDQ9,36329,P. falciparum,10.8572445,4.0439825,6
C6KTF3,36329,P. falciparum,8.140089,9.747298,0
Q8I2F7,36329,P. falciparum,12.353994,4.985148,9
Q8IBZ6,36329,P. falciparum,12.839104,7.5825014,18
Q8I3D9,36329,P. falciparum,10.414858,10.224897,0
Q8IL16,36329,P. falciparum,8.80071,5.2661805,2
Q8I2B1,36329,P. falciparum,8.259073,7.983222,15
Q8I4P3,36329,P. falciparum,13.211928,10.66266,3
Q8IDW0,36329,P. falciparum,8.629239,3.3172622,4
Q8I5A0,36329,P. falciparum,10.652102,3.7976701,6
Q8IHR8,36329,P. falciparum,8.721432,17.401112,3
Q8I507,36329,P. falciparum,7.5275445,8.870737,16
C6KSX0,36329,P. falciparum,19.390076,13.646619,2
Q8I3T9,36329,P. falciparum,10.440619,10.253571,0
Q8I333,36329,P. falciparum,9.835327,7.9170246,0
Q8IBC9,36329,P. falciparum,9.2159395,3.4555798,4
Q8IIY3,36329,P. falciparum,8.58877,8.256169,16
Q8IB86,36329,P. falciparum,12.383714,8.7397,18
Q8IIS5,36329,P. falciparum,10.866639,3.6092124,6
Q8I6Z5,36329,P. falciparum,13.26966,8.809241,13
C6KT76,36329,P. falciparum,13.255365,10.147178,17
Q8IE02,36329,P. falciparum,7.3465548,3.3264778,14
Q8IC05,36329,P. falciparum,9.435518,5.357182,15
O77382,36329,P. falciparum,10.94596,9.288724,15
Q8I2E5,36329,P. falciparum,13.308814,5.518641,12
Q8I5K3,36329,P. falciparum,12.837664,7.81457,18
Q8I431,36329,P. falciparum,9.96117,7.428807,17
Q8ILE4,36329,P. falciparum,4.8281455,2.4475908,15
Q8IJJ4,36329,P. falciparum,7.615611,4.34202,15
Q8I616,36329,P. falciparum,8.002161,13.04638,17
Q8IHQ2,36329,P. falciparum,7.349516,6.420323,15
Q8IIL5,36329,P. falciparum,7.1969404,9.00623,4
Q8IL41,36329,P. falciparum,7.676119,5.567974,2
C6KT29,36329,P. falciparum,9.667587,2.7313473,4
O77310,36329,P. falciparum,12.0974045,8.413873,18
O96198,36329,P. falciparum,12.800903,10.456383,15
O97462,36329,P. falciparum,8.394719,6.780662,19
O96130,36329,P. falciparum,9.463299,3.7203624,8
C6KSM4,36329,P. falciparum,6.983335,4.828361,15
Q8IK76,36329,P. falciparum,12.499242,2.623254,10
C6KT16,36329,P. falciparum,14.351522,10.554642,19
C0H4H1,36329,P. falciparum,12.540774,9.406567,18
Q8IC50,36329,P. falciparum,8.740523,16.704485,4
C0H4F3,36329,P. falciparum,9.7505045,8.128173,17
Q7KQK5,36329,P. falciparum,8.459293,8.062099,1
Q8IK41,36329,P. falciparum,10.316608,-8.084872,15
Q8IE08,36329,P. falciparum,7.2471395,9.089269,16
Q8I4S1,36329,P. falciparum,10.2409525,8.157085,17
Q8IFQ3,36329,P. falciparum,9.0100765,7.454183,2
Q8I463,36329,P. falciparum,10.395269,10.250894,0
Q8I4N9,36329,P. falciparum,7.9367576,8.255957,16
Q8I566,36329,P. falciparum,13.357837,10.18194,15
Q8ICR0,36329,P. falciparum,9.954653,8.103614,17
Q8I2X4,36329,P. falciparum,10.376757,5.309742,2
Q8IK34,36329,P. falciparum,8.521077,7.779465,2
Q8IIB6,36329,P. falciparum,15.086142,15.551905,9
C6KT26,36329,P. falciparum,14.789863,6.6437306,12
Q8IBI5,36329,P. falciparum,7.2783294,8.631547,16
Q8I433,36329,P. falciparum,9.365942,8.586255,19
Q8IAT2,36329,P. falciparum,8.494787,7.8174267,2
Q8I220,36329,P. falciparum,10.83703,3.5962157,6
Q8IL02,36329,P. falciparum,9.841848,2.6245112,8
O97284,36329,P. falciparum,9.860407,2.565176,8
Q8IET3,36329,P. falciparum,14.357539,10.565171,17
Q8I6V0,36329,P. falciparum,12.301519,5.064701,9
Q8IIB7,36329,P. falciparum,9.652277,7.2780166,2
Q8I2S7,36329,P. falciparum,11.420436,7.0334435,0
O77344,36329,P. falciparum,13.31028,8.810634,13
C0H5B7,36329,P. falciparum,7.172036,5.8605614,2
Q8IKH8,36329,P. falciparum,10.207444,9.844486,17
Q8IAS3,36329,P. falciparum,10.080462,4.7290354,19
C0H4A5,36329,P. falciparum,11.053095,3.5934691,6
Q7K740,36329,P. falciparum,14.910163,4.642467,12
Q8IJ88,36329,P. falciparum,13.079805,7.3275976,18
O97323,36329,P. falciparum,14.350812,10.579906,17
Q8IE82,36329,P. falciparum,12.18927,8.636656,18
Q8I3B0,36329,P. falciparum,10.422102,10.466502,2
O97247,36329,P. falciparum,6.5442734,6.7128696,8
Q9NDU7,36329,P. falciparum,12.22733,8.892263,18
Q8I398,36329,P. falciparum,11.024745,5.883196,15
O97474,36329,P. falciparum,12.530137,9.416691,18
O97240,36329,P. falciparum,7.608312,4.3356347,15
Q8IHY0,36329,P. falciparum,11.572667,4.959693,2
O96163,36329,P. falciparum,11.56886,8.007072,17
Q8IBF1,36329,P. falciparum,6.9115024,5.1518097,2
Q8IAK4,36329,P. falciparum,9.52502,6.6882925,0
O96167,36329,P. falciparum,13.336625,6.4671483,18
Q8IC44,36329,P. falciparum,7.483045,5.3671956,0
Q8IIF0,36329,P. falciparum,13.086853,8.406601,18
Q8ID58,36329,P. falciparum,14.859257,6.4071164,18
Q8IFP2,36329,P. falciparum,11.039931,8.095421,0
Q8IAW0,36329,P. falciparum,7.8972135,10.978735,15
Q9TY94,36329,P. falciparum,9.458894,8.20529,17
Q8IE69,36329,P. falciparum,11.380883,5.375976,15
C0H5E1,36329,P. falciparum,13.314692,5.9143085,13
Q8IIM2,36329,P. falciparum,4.8036265,3.7741225,12
Q8I2S0,36329,P. falciparum,12.8915615,7.984856,13
Q8IC06,36329,P. falciparum,10.856714,8.137826,17
Q8I288,36329,P. falciparum,10.682219,7.024635,2
C6KT99,36329,P. falciparum,5.008212,2.229369,14
Q8IJV1,36329,P. falciparum,9.460556,4.0214295,19
Q8IL26,36329,P. falciparum,12.22776,4.446289,9
Q8I4P0,36329,P. falciparum,12.654929,9.1098795,11
Q8IAM0,36329,P. falciparum,8.32596,7.994625,19
C6KTB1,36329,P. falciparum,7.558324,7.5570846,2
Q8I3G6,36329,P. falciparum,14.318084,10.492629,18
C0H4Y6,36329,P. falciparum,12.692893,5.6396327,12
Q8IKC8,36329,P. falciparum,15.222167,5.158806,12
Q8I2B4,36329,P. falciparum,6.7270226,5.068026,2
Q8IBA3,36329,P. falciparum,12.074646,8.447284,18
Q9U0I6,36329,P. falciparum,13.948826,4.94385,12
Q8II72,36329,P. falciparum,13.328612,10.189918,15
Q76NN8,36329,P. falciparum,9.776668,2.996323,8
Q9TY95,36329,P. falciparum,9.818134,5.508912,10
Q8IJ09,36329,P. falciparum,10.814043,0.58592373,8
Q8I3Y9,36329,P. falciparum,11.816841,8.085425,18
Q9NFA0,36329,P. falciparum,11.509946,7.831769,18
O96193,36329,P. falciparum,8.64261,17.260065,17
Q8II24,36329,P. falciparum,4.8394594,7.9783406,14
Q8ILT4,36329,P. falciparum,14.38231,5.23344,12
Q76NM6,36329,P. falciparum,12.498989,5.267555,2
Q8IDW3,36329,P. falciparum,14.782112,9.498674,10
Q8IM30,36329,P. falciparum,7.760874,7.581211,1
Q8I2D4,36329,P. falciparum,13.326319,7.628253,13
Q8I3W9,36329,P. falciparum,8.708086,17.400955,3
Q8IBE8,36329,P. falciparum,11.645147,4.757562,9
Q8IDY5,36329,P. falciparum,4.7366114,1.9444107,14
Q8IBB9,36329,P. falciparum,8.561774,7.6161113,2
Q8I0U9,36329,P. falciparum,13.622516,7.8371997,13
Q8I669,36329,P. falciparum,12.81926,6.6418424,11
C6KT65,36329,P. falciparum,9.470547,2.6030662,4
Q8I5P2,36329,P. falciparum,12.585872,9.235199,18
Q8IB60,36329,P. falciparum,13.683459,7.6874666,13
Q8IJ76,36329,P. falciparum,6.841138,6.951213,1
Q8I485,36329,P. falciparum,7.6592994,4.4703174,15
C6KTF9,36329,P. falciparum,10.656522,5.5759273,19
Q8IJI0,36329,P. falciparum,13.127807,5.6482534,12
Q8IKV1,36329,P. falciparum,14.349779,10.521165,18
O97267,36329,P. falciparum,10.096507,4.753851,19
Q8I2C6,36329,P. falciparum,15.0221,6.395711,12
Q8IBZ7,36329,P. falciparum,15.231111,15.329207,9
C0H5C6,36329,P. falciparum,14.275498,10.440894,18
O96295,36329,P. falciparum,8.444277,4.7019143,19
Q8IFM1,36329,P. falciparum,9.987244,5.9028497,17
Q8IIQ6,36329,P. falciparum,12.058217,4.655651,11
Q8IJ60,36329,P. falciparum,13.262279,4.8635674,11
Q9TY96,36329,P. falciparum,7.845875,9.433614,16
Q8IIJ0,36329,P. falciparum,11.528142,5.6189933,15
Q9NFB2,36329,P. falciparum,8.008389,13.036297,0
Q8I2G6,36329,P. falciparum,9.858159,2.5073843,8
Q6LFH8,36329,P. falciparum,9.340598,7.6461062,2
Q8I207,36329,P. falciparum,8.830515,3.0428302,8
Q8IBR8,36329,P. falciparum,11.050707,5.798101,15
C6KTC8,36329,P. falciparum,7.5708933,8.892841,16
Q8IE47,36329,P. falciparum,8.7460165,16.741974,4
O96116,36329,P. falciparum,8.613899,17.383045,3
Q8IL67,36329,P. falciparum,14.032247,4.70869,11
Q8I5R7,36329,P. falciparum,13.073769,7.7554793,18
Q8I4P2,36329,P. falciparum,10.192599,4.226251,10
Q8I3Y0,36329,P. falciparum,11.323766,2.9526696,14
Q8I470,36329,P. falciparum,9.276599,9.090905,0
Q8IK43,36329,P. falciparum,11.590438,8.908032,0
Q9U5M0,36329,P. falciparum,7.9097843,8.751317,1
Q8IL07,36329,P. falciparum,11.137283,0.30853617,17
C6KT25,36329,P. falciparum,13.046477,7.746338,13
Q8I6V3,36329,P. falciparum,4.701594,1.9502658,14
Q8I3E7,36329,P. falciparum,9.954776,3.2511287,8
Q8ILZ6,36329,P. falciparum,12.945624,5.57738,11
Q8IIB8,36329,P. falciparum,8.516561,7.993418,1
Q8IKZ6,36329,P. falciparum,9.014567,7.144398,17
Q8I2F5,36329,P. falciparum,12.53204,9.434309,18
Q8I4P5,36329,P. falciparum,11.239879,4.912816,10
Q8I3Y8,36329,P. falciparum,9.800181,2.9873946,8
Q8IJT1,36329,P. falciparum,7.796771,8.428409,2
A0A5K1K8H0,36329,P. falciparum,8.40402,8.587275,16
C0H516,36329,P. falciparum,8.74805,17.388203,3
Q8ILQ7,36329,P. falciparum,3.5390348,-3.572604,17
Q8I528,36329,P. falciparum,12.253118,3.0715427,10
Q8IBX0,36329,P. falciparum,10.862953,6.040839,11
Q8IFQ5,36329,P. falciparum,12.0969305,4.6995096,16
C6KT06,36329,P. falciparum,12.508415,5.752452,11
Q8I553,36329,P. falciparum,7.0123878,4.2925086,4
Q8IJC0,36329,P. falciparum,12.248892,1.4504727,10
Q8IBR9,36329,P. falciparum,12.6978655,7.0819063,18
P46468,36329,P. falciparum,7.969223,8.490948,4
Q8IID2,36329,P. falciparum,10.135532,7.2841682,17
Q8I3D2,36329,P. falciparum,12.421071,3.2214026,17
Q8IDB6,36329,P. falciparum,9.452849,8.256717,2
Q8IJC6,36329,P. falciparum,11.8688135,7.7945065,18
Q8IBW8,36329,P. falciparum,7.606422,4.8126,17
Q8I4X1,36329,P. falciparum,12.345046,3.4725037,0
O96283,36329,P. falciparum,8.194471,7.961046,2
C6KTF8,36329,P. falciparum,8.157102,9.733916,16
Q8IHU9,36329,P. falciparum,9.510204,7.4958177,15
Q76NM2,36329,P. falciparum,3.1234772,1.8021653,2
Q8I5V3,36329,P. falciparum,8.59336,7.3852215,2
Q8I2A8,36329,P. falciparum,10.903209,0.5270781,15
Q8I3I3,36329,P. falciparum,13.664631,8.945208,13
Q8IIK1,36329,P. falciparum,13.046159,8.581987,13
O96292,36329,P. falciparum,9.731732,4.031896,19
Q8IDJ8,36329,P. falciparum,13.046378,6.1569448,12
Q8I3E1,36329,P. falciparum,12.781046,4.0552173,13
Q8I520,36329,P. falciparum,7.9616184,4.330861,10
Q8I2C1,36329,P. falciparum,9.656024,2.9095771,8
Q8ILW0,36329,P. falciparum,7.3551707,3.3341868,4
Q8IL84,36329,P. falciparum,10.144087,3.889603,19
Q8IK58,36329,P. falciparum,7.8431907,4.010227,10
Q8IIJ8,36329,P. falciparum,7.977034,8.356976,1
Q8IJ77,36329,P. falciparum,12.0231905,3.1594214,2
Q9NFB6,36329,P. falciparum,11.6526785,3.4708943,15
Q03400,36329,P. falciparum,9.317918,3.399781,8
Q8I236,36329,P. falciparum,10.521289,8.379005,18
Q8IKR1,36329,P. falciparum,10.222901,2.9840589,8
Q8IIK3,36329,P. falciparum,3.6696184,7.878971,17
Q8ILW9,36329,P. falciparum,10.745713,8.202973,0
Q8I641,36329,P. falciparum,7.2330637,-0.12172837,2
Q8IB99,36329,P. falciparum,10.41676,10.488642,2
Q8I5T4,36329,P. falciparum,8.604242,6.8106475,15
Q8I5U8,36329,P. falciparum,-0.6013238,8.731296,19
Q8I1V6,36329,P. falciparum,11.622529,4.6950226,9
Q8IDZ6,36329,P. falciparum,10.209807,4.5176086,19
Q7K6A1,36329,P. falciparum,12.554897,3.250795,17
Q8I2B9,36329,P. falciparum,9.164514,5.9275866,0
Q8IDY3,36329,P. falciparum,8.063955,6.887126,19
Q8I275,36329,P. falciparum,8.971578,7.085769,19
Q8I5B6,36329,P. falciparum,19.368582,13.67837,2
Q8I5A9,36329,P. falciparum,8.8539295,17.549183,3
Q8IAM2,36329,P. falciparum,7.2342095,-0.12824607,2
Q8I493,36329,P. falciparum,10.462289,10.572955,2
Q6ZLZ9,36329,P. falciparum,10.0788965,7.7429905,2
Q8IHW5,36329,P. falciparum,10.527799,6.4080386,15
O96109,36329,P. falciparum,11.471701,7.7041435,18
Q8ILJ2,36329,P. falciparum,12.742325,8.742462,18
Q8I0W9,36329,P. falciparum,7.0720363,4.8903275,15
Q7KQL8,36329,P. falciparum,11.068437,8.786651,2
Q8I415,36329,P. falciparum,12.010855,6.865045,17
Q8I457,36329,P. falciparum,7.966063,3.7342157,4
O96289,36329,P. falciparum,8.881602,7.6042433,2
Q8IIK8,36329,P. falciparum,3.6720448,7.8842406,2
Q8I5R4,36329,P. falciparum,9.421877,2.5895298,4
Q8II35,36329,P. falciparum,12.115448,8.9627,18
Q8I395,36329,P. falciparum,12.289634,4.8421807,12
Q9NFB0,36329,P. falciparum,12.322262,7.495965,18
Q8IJ07,36329,P. falciparum,11.047786,3.5727415,6
Q8I2M1,36329,P. falciparum,10.513249,8.391374,17
Q8ILF0,36329,P. falciparum,8.746912,8.77751,2
O77394,36329,P. falciparum,12.292768,4.460557,19
O96279,36329,P. falciparum,13.204227,6.1734066,13
Q76NN7,36329,P. falciparum,3.6798058,7.883526,15
Q8I384,36329,P. falciparum,10.362997,4.2796783,19
Q8IM71,36329,P. falciparum,9.685169,3.5826476,14
Q8I298,36329,P. falciparum,12.750184,6.5503554,0
Q8IBZ9,36329,P. falciparum,8.595024,8.019697,2
Q8I5A1,36329,P. falciparum,7.325533,9.19387,1
Q8I4Z1,36329,P. falciparum,12.65283,5.532576,0
Q8IBX3,36329,P. falciparum,11.714658,5.082781,9
Q8IHS5,36329,P. falciparum,9.111452,8.3427305,2
Q7KQK7,36329,P. falciparum,4.8295155,2.454316,15
O96269,36329,P. falciparum,14.228224,8.117464,7
Q8ILY1,36329,P. falciparum,13.1138735,6.6061797,12
Q8IAK1,36329,P. falciparum,10.659012,4.045953,6
Q8I2W3,36329,P. falciparum,12.205346,3.7498217,9
Q8IAK9,36329,P. falciparum,10.450784,7.543648,15
Q8I4R4,36329,P. falciparum,13.388122,7.4501915,13
Q8I2E1,36329,P. falciparum,7.8390646,4.6520095,2
C0H4M6,36329,P. falciparum,8.471176,7.628712,1
O97307,36329,P. falciparum,12.522502,9.440442,18
Q8IIW5,36329,P. falciparum,11.418156,8.572387,18
Q8I418,36329,P. falciparum,10.192015,3.8757055,8
Q8I2Z8,36329,P. falciparum,9.320339,3.9251254,4
Q8I4R5,36329,P. falciparum,13.582013,8.98854,13
Q8I526,36329,P. falciparum,11.941226,4.3077064,9
O96287,36329,P. falciparum,12.529553,9.451084,18
Q8IIX3,36329,P. falciparum,13.120574,8.375751,0
Q8IIA8,36329,P. falciparum,11.221169,7.713813,17
O96165,36329,P. falciparum,14.320934,5.610021,0
Q8I301,36329,P. falciparum,2.334814,-1.0034765,17
Q8I6U5,36329,P. falciparum,8.897326,3.2630188,8
Q7K6A4,36329,P. falciparum,14.644544,5.028139,12
Q8IDR3,36329,P. falciparum,10.534119,4.3275867,19
Q8IEA6,36329,P. falciparum,9.829889,6.4333096,9
Q8IJ02,36329,P. falciparum,9.925968,6.6564083,19
Q8I217,36329,P. falciparum,13.304184,7.824347,18
Q8ILR7,36329,P. falciparum,13.255423,6.073633,12
Q8IBX2,36329,P. falciparum,7.043456,5.078017,17
O96123,36329,P. falciparum,8.62792,7.4247108,15
C0H5L4,36329,P. falciparum,9.386621,5.320349,19
Q8I6T4,36329,P. falciparum,11.606346,7.974731,18
Q8IBW5,36329,P. falciparum,12.53174,9.426191,18
C0H4R1,36329,P. falciparum,12.060418,5.8490653,0
Q8I713,36329,P. falciparum,10.432559,10.258635,0
C0H561,36329,P. falciparum,11.261008,8.681659,0
C0H5N4,36329,P. falciparum,15.046383,15.598534,9
Q8I5T7,36329,P. falciparum,10.373189,7.6885033,17
Q8IFM8,36329,P. falciparum,9.378961,6.5339704,2
Q9U0J7,36329,P. falciparum,10.232536,6.23509,15
Q8IDS3,36329,P. falciparum,9.835644,7.109159,0
O77313,36329,P. falciparum,12.840237,10.39077,15
Q8IJS6,36329,P. falciparum,11.931545,8.695322,18
Q8I5Y8,36329,P. falciparum,11.629185,4.3423595,9
Q8I211,36329,P. falciparum,10.429109,4.519666,6
O97232,36329,P. falciparum,11.38441,8.682504,17
Q8I3M5,36329,P. falciparum,9.010998,2.6920018,5
C0H496,36329,P. falciparum,12.676913,6.5390024,0
Q76NM4,36329,P. falciparum,8.777511,17.485228,3
C0H4L5,36329,P. falciparum,14.239785,8.128552,13
Q8I5Q6,36329,P. falciparum,7.226928,-0.13932252,2
Q8I592,36329,P. falciparum,11.838222,7.2866774,0
B9ZSJ3,36329,P. falciparum,12.451343,9.523137,18
Q8IBD8,36329,P. falciparum,13.023524,7.577394,13
Q8ILT9,36329,P. falciparum,11.978542,6.425651,15
O97285,36329,P. falciparum,13.896725,8.099382,13
Q8I1V5,36329,P. falciparum,11.001301,3.5233781,6
Q8I0E0,36329,P. falciparum,10.901817,7.4232707,0
O96290,36329,P. falciparum,14.792152,6.4029984,16
Q8IHM2,36329,P. falciparum,11.733466,6.4686522,0
Q8I1R6,36329,P. falciparum,11.559268,6.3307176,17
Q8IIU3,36329,P. falciparum,11.468724,5.638903,17
Q8IKG4,36329,P. falciparum,14.249053,7.676465,13
Q8I6Z7,36329,P. falciparum,12.838159,8.523733,0
C0H5I7,36329,P. falciparum,10.746106,3.1948473,6
Q8I372,36329,P. falciparum,12.107875,8.9592,17
Q8IAL0,36329,P. falciparum,9.440337,2.6895118,4
Q8IFK9,36329,P. falciparum,14.161461,5.801741,15
Q8IAX4,36329,P. falciparum,7.5545454,9.512877,16
C6KSL2,36329,P. falciparum,17.877483,11.720235,14
C0H4Z2,36329,P. falciparum,13.000541,8.698735,13
Q8IDR8,36329,P. falciparum,10.650498,6.1221104,2
Q8I5Y5,36329,P. falciparum,13.51897,7.6611834,13
Q8IBB0,36329,P. falciparum,11.146053,1.7305138,19
Q8II43,36329,P. falciparum,12.987363,7.970954,0
Q6ZMA7,36329,P. falciparum,13.702825,7.9819217,13
Q8ILN8,36329,P. falciparum,10.919712,6.613628,2
Q8I621,36329,P. falciparum,3.6684668,7.8779097,17
Q8IK49,36329,P. falciparum,13.093258,10.363945,12
Q8IKU0,36329,P. falciparum,10.050036,6.2179265,11
Q8I2D6,36329,P. falciparum,11.065576,3.4104385,19
Q8IJM8,36329,P. falciparum,8.717613,17.412285,3
Q8I5F9,36329,P. falciparum,12.75664,5.01067,12
Q8I2E6,36329,P. falciparum,9.522489,8.127102,2
Q8IDB0,36329,P. falciparum,9.77178,8.66754,0
Q8I3T5,36329,P. falciparum,3.1457937,4.85856,10
O77316,36329,P. falciparum,11.111596,8.049157,17
Q8IK17,36329,P. falciparum,12.869302,6.088659,13
Q8ID74,36329,P. falciparum,8.912947,3.7115471,4
Q8IDB7,36329,P. falciparum,7.58661,9.242665,16
Q8II01,36329,P. falciparum,8.641366,6.813836,16
Q8I519,36329,P. falciparum,7.6563525,5.41235,0
Q8IJW3,36329,P. falciparum,10.105644,7.305057,15
B9ZSH6,36329,P. falciparum,7.6608124,4.338658,19
Q8IJH7,36329,P. falciparum,9.178221,3.8802915,19
Q8IL11,36329,P. falciparum,10.924657,6.4683967,15
C6KTF4,36329,P. falciparum,12.723098,7.621326,18
O96173,36329,P. falciparum,9.711895,3.9317524,10
Q8IJD0,36329,P. falciparum,13.433934,4.8070283,11
Q8IDQ0,36329,P. falciparum,12.377464,-0.83094126,15
Q8IL80,36329,P. falciparum,7.2008266,-0.16983615,2
Q8I5S7,36329,P. falciparum,6.6525917,4.939531,14
Q8I359,36329,P. falciparum,11.551417,7.4173574,0
Q8IK14,36329,P. falciparum,13.106608,8.677872,0
Q8I082,36329,P. falciparum,13.430726,7.4359446,18
Q8ILP3,36329,P. falciparum,7.4299965,6.3865247,0
Q8I0V0,36329,P. falciparum,11.901055,7.934776,17
Q8IAS7,36329,P. falciparum,10.847948,6.1680765,19
O97336,36329,P. falciparum,8.269115,8.190561,17
Q8IEH2,36329,P. falciparum,10.596469,6.621738,2
Q8II62,36329,P. falciparum,10.345521,10.158176,0
O96156,36329,P. falciparum,9.959341,3.2987123,4
Q8I440,36329,P. falciparum,7.3906956,7.8521943,8
Q8II42,36329,P. falciparum,11.727467,2.4016695,10
Q8ILT0,36329,P. falciparum,4.7542243,2.046667,14
Q8I531,36329,P. falciparum,11.599511,7.0125237,0
Q8I216,36329,P. falciparum,12.687471,3.202337,17
O96189,36329,P. falciparum,11.7781315,7.0759706,18
Q8IB24,36329,P. falciparum,11.155486,5.1638546,17
Q8I5M8,36329,P. falciparum,2.209563,4.1613355,16
Q8I3E0,36329,P. falciparum,9.110024,8.184669,2
C6KSL1,36329,P. falciparum,10.237677,9.776396,2
Q7KQL3,36329,P. falciparum,7.612626,16.477184,3
Q8I599,36329,P. falciparum,11.652746,7.8941803,18
Q8IKH2,36329,P. falciparum,9.714782,7.5375385,17
Q8IIJ9,36329,P. falciparum,9.775409,3.1339626,8
Q8IAS5,36329,P. falciparum,10.933468,4.1359572,9
Q8IL68,36329,P. falciparum,12.302356,2.52188,17
Q7KQK1,36329,P. falciparum,11.381741,7.989607,18
Q8IKJ8,36329,P. falciparum,14.031739,4.431612,11
Q8I215,36329,P. falciparum,8.3622675,4.1956263,8
Q8IEU1,36329,P. falciparum,12.63561,9.00008,18
Q8IBE3,36329,P. falciparum,7.212179,8.497201,1
O77387,36329,P. falciparum,11.326205,3.8187504,6
Q8IBE4,36329,P. falciparum,11.767839,3.648797,9
Q8I4V8,36329,P. falciparum,8.324405,8.013641,1
Q8I0X3,36329,P. falciparum,11.659663,7.9640903,17
Q9U0J2,36329,P. falciparum,12.393908,6.596859,0
Q8IDN0,36329,P. falciparum,14.705563,4.875693,12
Q7KQM0,36329,P. falciparum,8.569099,7.3618703,2
O96296,36329,P. falciparum,13.100648,4.8384356,11
Q8I5S4,36329,P. falciparum,11.763058,2.8527782,14
Q8ID43,36329,P. falciparum,10.131277,8.549642,2
Q8I2J4,36329,P. falciparum,10.552994,7.2523875,17
Q8IKV8,36329,P. falciparum,7.8951116,7.6986575,6
Q7KWJ1,36329,P. falciparum,11.936779,8.6583605,18
Q7KQM4,36329,P. falciparum,15.746027,8.479179,7
Q8IJ99,36329,P. falciparum,12.034038,6.1642175,17
Q8IKQ5,36329,P. falciparum,10.391477,3.1889322,8
P61075,36329,P. falciparum,10.997039,0.34092972,15
Q8IAX8,36329,P. falciparum,13.342733,5.1646996,11
Q8IIX5,36329,P. falciparum,9.276033,3.64028,19
P62203,36329,P. falciparum,11.180332,0.23013061,3
Q8I212,36329,P. falciparum,9.445275,4.9137697,15
Q8I2C8,36329,P. falciparum,12.380117,6.6792564,11
Q8I4N5,36329,P. falciparum,11.976791,6.999807,0
Q8I3E5,36329,P. falciparum,10.872201,4.5702653,9
Q8I2G0,36329,P. falciparum,13.674069,8.074766,13
Q8IAK3,36329,P. falciparum,11.642198,7.436841,0
C0H582,36329,P. falciparum,12.153152,8.964116,18
Q8I302,36329,P. falciparum,9.363281,2.6200662,5
Q8IKV3,36329,P. falciparum,15.174212,8.48347,7
Q8IKI3,36329,P. falciparum,10.857558,2.813516,10
Q8IJ01,36329,P. falciparum,15.153042,15.411595,10
Q8I5T5,36329,P. falciparum,10.56472,7.735463,17
Q8I3E2,36329,P. falciparum,11.620052,2.829765,10
Q8I490,36329,P. falciparum,12.571014,9.488068,18
Q8I3Z5,36329,P. falciparum,10.735745,8.011042,0
Q8I3N7,36329,P. falciparum,12.100716,5.7184167,12
Q8I607,36329,P. falciparum,2.325824,-1.0130024,3
Q8IFL9,36329,P. falciparum,10.517846,3.8485088,6
Q8IM23,36329,P. falciparum,6.8331175,6.926754,14
Q8I3I0,36329,P. falciparum,3.6649833,7.876944,17
Q76NM5,36329,P. falciparum,8.47646,7.62112,2
Q8ILG2,36329,P. falciparum,13.059286,6.489307,18
C6KTF2,36329,P. falciparum,10.225101,7.06505,15
Q8IFQ6,36329,P. falciparum,11.697012,4.9144087,9
Q6LFD5,36329,P. falciparum,12.168736,8.767203,18
C0H478,36329,P. falciparum,9.822802,9.518804,15
C0H5C2,36329,P. falciparum,10.443183,10.241468,0
Q8IEK7,36329,P. falciparum,11.87435,8.767938,18
Q8I5C4,36329,P. falciparum,9.023026,8.2466545,2
Q8IIY1,36329,P. falciparum,12.527612,9.4595995,18
Q8IIZ4,36329,P. falciparum,9.050442,2.4701896,5
Q8IBW9,36329,P. falciparum,12.782186,5.649868,13
O96221,36329,P. falciparum,9.291061,5.743809,2
Q8IIW1,36329,P. falciparum,8.42172,6.602642,15
Q8IFQ2,36329,P. falciparum,7.8956385,8.158822,1
Q8IDX8,36329,P. falciparum,13.016107,3.517817,11
Q8IIZ5,36329,P. falciparum,12.578613,6.663445,18
Q8IHM5,36329,P. falciparum,12.100129,2.0702634,10
Q8IHP3,36329,P. falciparum,12.108236,7.0530705,12
Q8IDR5,36329,P. falciparum,9.211407,8.391712,0
Q10D00,39947,O. sativa,9.588142,5.3835654,15
Q84Q77,39947,O. sativa,15.800694,6.588919,19
Q6ZFR0,39947,O. sativa,8.839292,5.772974,11
Q0DJ33,39947,O. sativa,12.090605,7.1975985,17
Q8S919,39947,O. sativa,2.312182,-1.0268441,3
Q7XV05,39947,O. sativa,9.028149,2.7017658,5
Q8H8H9,39947,O. sativa,8.345236,4.5284452,10
P46773,39947,O. sativa,9.025794,7.949892,1
Q6K846,39947,O. sativa,2.2083719,4.160867,16
Q6Z861,39947,O. sativa,15.034234,6.3922696,11
B9FKP6,39947,O. sativa,8.503866,8.396123,1
Q109R6,39947,O. sativa,9.130884,7.2730684,16
P0C325,39947,O. sativa,8.169728,7.7630644,1
Q6ZDF3,39947,O. sativa,11.566508,3.5049539,9
F1SZ44,39947,O. sativa,9.652857,6.4291067,11
Q67UU9,39947,O. sativa,12.363789,3.3903587,11
Q8GSI0,39947,O. sativa,4.801856,3.773575,11
Q948T6,39947,O. sativa,13.152611,6.1164827,13
Q2QUP1,39947,O. sativa,3.6101022,-3.5027888,15
Q2QR54,39947,O. sativa,14.622095,6.3978415,12
Q6ZBI4,39947,O. sativa,15.050892,6.4072094,16
Q651E8,39947,O. sativa,20.469587,3.4660132,15
Q9ST27,39947,O. sativa,12.003272,5.5594716,9
P0C443,39947,O. sativa,10.410878,10.5119,2
Q6K9A2,39947,O. sativa,12.65705,5.648985,2
Q6Z7U5,39947,O. sativa,15.078359,6.357627,16
Q10PC5,39947,O. sativa,9.626785,5.4368806,2
Q6YYG9,39947,O. sativa,7.0758834,5.994063,2
Q2R3B4,39947,O. sativa,10.829845,6.7597876,17
Q6YYG5,39947,O. sativa,12.060626,3.3019629,15
Q01881,39947,O. sativa,10.031105,5.7787695,12
O24174,39947,O. sativa,14.426775,4.433274,12
Q5NB08,39947,O. sativa,13.011432,6.2545447,9
Q60EH4,39947,O. sativa,13.270516,5.4057856,11
Q1G1M8,39947,O. sativa,8.150131,4.446103,10
Q0JDC5,39947,O. sativa,9.418458,7.877836,1
Q6L589,39947,O. sativa,14.800059,6.4387984,12
Q6ZKC0,39947,O. sativa,-3.199794,7.8817916,15
Q10A77,39947,O. sativa,7.247307,7.7125735,4
Q75RY2,39947,O. sativa,10.248897,4.148907,19
P0C355,39947,O. sativa,9.390987,8.643411,2
P0C477,39947,O. sativa,11.8244505,8.542336,18
Q8HCQ1,39947,O. sativa,15.802978,8.377412,7
P0C367,39947,O. sativa,4.9232483,2.1543975,10
Q6ZI44,39947,O. sativa,13.465179,7.804931,13
Q6L8G0,39947,O. sativa,14.267472,10.437706,6
Q0DET3,39947,O. sativa,7.787016,5.32601,2
C7J2Z1,39947,O. sativa,7.6022787,16.476215,3
Q6K9C3,39947,O. sativa,13.438639,4.498821,11
Q9FDY4,39947,O. sativa,4.994679,2.6464021,17
Q9LGE3,39947,O. sativa,13.8873415,8.149154,13
Q7F8T6,39947,O. sativa,8.881653,5.8668666,1
Q6Z808,39947,O. sativa,8.777662,16.93766,3
Q84Q72,39947,O. sativa,15.799044,6.583499,19
Q8HCQ9,39947,O. sativa,12.744143,8.030579,18
Q6AVI8,39947,O. sativa,13.5986805,6.8260307,13
Q0JEB7,39947,O. sativa,8.996191,7.844073,2
Q84LK3,39947,O. sativa,8.989631,4.5205784,4
P46520,39947,O. sativa,12.686924,6.402614,11
Q943Q3,39947,O. sativa,15.769368,6.5876975,16
Q0D715,39947,O. sativa,12.138785,7.5779967,0
Q8GRJ1,39947,O. sativa,7.3206773,8.646486,16
Q5Z5R4,39947,O. sativa,7.198714,5.091104,15
Q69IU0,39947,O. sativa,8.395796,7.580207,2
Q5TKG1,39947,O. sativa,14.785639,4.878091,12
Q6Z1Z3,39947,O. sativa,9.961342,12.36828,15
Q0D9C4,39947,O. sativa,9.874917,4.260951,14
B9FJG3,39947,O. sativa,8.765377,4.5034347,19
Q69MD0,39947,O. sativa,15.09396,6.3817124,16
Q08480,39947,O. sativa,5.652712,9.097698,1
Q2QNS6,39947,O. sativa,13.510764,6.0566278,12
Q5VSB5,39947,O. sativa,8.013219,5.1504955,11
Q6YZ52,39947,O. sativa,12.966815,7.2651896,0
Q40702,39947,O. sativa,18.903395,4.5099554,17
Q6ZFH6,39947,O. sativa,11.041127,7.15548,15
Q5N712,39947,O. sativa,10.112748,7.0231266,19
Q69T21,39947,O. sativa,7.6034865,8.851956,16
Q0DY72,39947,O. sativa,15.5771675,6.5268774,16
Q69XJ4,39947,O. sativa,11.9518585,8.752286,18
P29835,39947,O. sativa,12.302841,4.126917,11
Q84MQ9,39947,O. sativa,12.757335,5.345989,11
Q7XBS0,39947,O. sativa,11.293847,4.9976463,14
Q6Z4U4,39947,O. sativa,9.366983,7.706472,15
Q688R1,39947,O. sativa,8.841436,7.892801,1
Q0J9Y2,39947,O. sativa,9.356353,3.3945692,4
Q6QHD1,39947,O. sativa,11.901186,4.352431,11
Q6EN45,39947,O. sativa,7.5256267,4.496775,16
P0C361,39947,O. sativa,9.360902,2.9967856,4
Q8LN68,39947,O. sativa,9.059348,16.857883,4
Q2QXE3,39947,O. sativa,6.5884967,4.765014,15
Q655Y0,39947,O. sativa,7.9844565,10.99042,19
Q7XM13,39947,O. sativa,13.997129,4.565381,6
Q6AT88,39947,O. sativa,3.6302025,-3.4827912,15
Q336V5,39947,O. sativa,9.807028,6.2317157,10
C5MRJ8,39947,O. sativa,8.819873,8.098309,2
P0C386,39947,O. sativa,9.320911,3.1334472,4
Q8H936,39947,O. sativa,10.536592,7.721244,0
Q6AT12,39947,O. sativa,8.866724,2.175609,5
P12173,39947,O. sativa,15.803455,8.411538,7
P12203,39947,O. sativa,10.861991,4.10957,6
Q942D6,39947,O. sativa,14.703048,6.364686,16
Q8HCM1,39947,O. sativa,11.093697,7.054816,17
Q6Z1J6,39947,O. sativa,14.248296,5.899515,12
Q36996,39947,O. sativa,15.814222,8.433425,7
Q2F8Z6,39947,O. sativa,10.635467,7.2012277,17
Q0JMB2,39947,O. sativa,11.063205,6.647622,2
Q35320,39947,O. sativa,15.801078,8.396141,7
Q75GR5,39947,O. sativa,3.4516203,-3.6593015,17
Q84JI0,39947,O. sativa,12.766986,7.44821,18
Q0J7U6,39947,O. sativa,7.221371,9.2190485,1
Q94EE9,39947,O. sativa,12.301933,2.9298775,10
Q67U21,39947,O. sativa,7.8544817,4.970638,2
Q8GT95,39947,O. sativa,10.394641,3.1080098,8
Q0JCT1,39947,O. sativa,5.0544386,12.661937,17
P0C515,39947,O. sativa,8.984058,3.852123,8
F2VYU4,39947,O. sativa,8.985657,8.091574,17
Q75GK1,39947,O. sativa,2.2094023,4.161205,16
Q6YTW6,39947,O. sativa,9.522628,4.278191,6
Q6I621,39947,O. sativa,14.784979,4.821096,12
Q7FAY6,39947,O. sativa,11.409558,8.607012,0
A3A871,39947,O. sativa,7.328476,9.229725,16
Q53WK1,39947,O. sativa,10.31095,3.662825,6
Q84QU8,39947,O. sativa,8.826389,8.053855,2
Q8H8T0,39947,O. sativa,9.793293,4.064717,6
Q0D4T4,39947,O. sativa,18.90116,4.5122333,17
P0C509,39947,O. sativa,9.069592,5.8602037,2
Q8GRS2,39947,O. sativa,4.803057,3.7739582,12
Q6H434,39947,O. sativa,8.454493,7.5747647,15
Q5NAI7,39947,O. sativa,7.144114,9.226196,1
P61042,39947,O. sativa,7.7790513,5.505636,6
Q75M33,39947,O. sativa,9.907101,7.4770675,17
Q8HCN9,39947,O. sativa,10.145215,7.5159717,17
Q6L4S0,39947,O. sativa,11.264788,2.5307355,14
Q35963,39947,O. sativa,15.835221,8.368134,7
Q6YW41,39947,O. sativa,8.375302,8.149471,1
Q6ATB2,39947,O. sativa,7.630221,9.149341,16
Q5VRY1,39947,O. sativa,15.744839,6.5846615,16
Q336R9,39947,O. sativa,10.458804,8.020422,11
Q84QA7,39947,O. sativa,9.027338,8.263903,0
Q7XQP4,39947,O. sativa,10.880959,0.48809803,19
I1Z695,39947,O. sativa,14.854698,4.825817,12
Q9SSX0,39947,O. sativa,8.769066,16.96988,3
Q2RAP4,39947,O. sativa,14.346289,10.515072,0
Q10MQ0,39947,O. sativa,4.817959,2.0314803,14
Q653T6,39947,O. sativa,11.388052,6.287941,9
Q53P85,39947,O. sativa,9.49267,3.0996192,4
Q2QLR0,39947,O. sativa,10.317161,-8.084028,15
Q7XHR2,39947,O. sativa,11.898506,4.95271,9
P0C410,39947,O. sativa,15.686632,8.4840975,7
P0C464,39947,O. sativa,7.940719,7.8470106,19
Q6L4V0,39947,O. sativa,7.91955,3.795213,19
Q7XTK3,39947,O. sativa,13.744415,6.9391084,13
A3A4E0,39947,O. sativa,8.040345,5.164951,11
Q40704,39947,O. sativa,18.90539,4.508201,17
Q6H4D6,39947,O. sativa,20.47362,3.4643874,15
Q60EX6,39947,O. sativa,8.6978245,6.41169,19
A3BI11,39947,O. sativa,10.335094,3.6412385,10
P28520,39947,O. sativa,10.516561,9.887715,0
P46609,39947,O. sativa,7.657447,4.342059,10
Q6H501,39947,O. sativa,9.539788,9.0332775,2
Q5VRW2,39947,O. sativa,11.963309,2.8025353,10
Q8LRC7,39947,O. sativa,8.420295,8.69692,16
Q5N8Q4,39947,O. sativa,8.923282,7.932796,2
Q6ZJX0,39947,O. sativa,13.732044,3.7443254,19
Q6ZJM9,39947,O. sativa,7.6893916,4.2627606,14
Q65XV2,39947,O. sativa,11.402966,4.6427727,15
Q9XJ29,39947,O. sativa,12.832914,10.434119,15
P04373,39947,O. sativa,8.674238,3.882292,4
Q84R79,39947,O. sativa,7.7411804,4.1772094,14
Q0D3I7,39947,O. sativa,14.426454,6.1823535,6
Q35315,39947,O. sativa,15.7703285,8.424714,7
Q69TG5,39947,O. sativa,18.892136,4.516193,17
A0A0P0X9Z7,39947,O. sativa,11.905015,3.0541365,2
Q2QMM0,39947,O. sativa,13.215511,6.113352,13
Q6VAK3,39947,O. sativa,11.067104,6.0753803,19
B9X287,39947,O. sativa,9.868086,5.831415,10
Q6F2Y7,39947,O. sativa,10.98644,6.8333306,0
Q75KP4,39947,O. sativa,12.690384,9.065043,0
P0C392,39947,O. sativa,13.448952,8.028421,13
Q657D1,39947,O. sativa,8.559988,8.0296545,2
Q75GN8,39947,O. sativa,12.287178,5.1520348,11
Q35317,39947,O. sativa,14.296509,7.894283,7
Q7XUS2,39947,O. sativa,14.542431,5.611349,9
P31924,39947,O. sativa,13.415152,8.25867,13
A3BV95,39947,O. sativa,8.789612,17.507383,3
Q35313,39947,O. sativa,15.788811,8.430835,7
Q0JHU7,39947,O. sativa,9.324738,5.3261533,19
Q8W0W4,39947,O. sativa,8.626838,7.2367682,19
Q7XI45,39947,O. sativa,13.149749,8.131363,0
Q7F4G5,39947,O. sativa,14.742986,6.4863405,12
Q7XQN1,39947,O. sativa,9.95493,4.042447,10
Q6AUE8,39947,O. sativa,15.139458,15.458109,9
P53684,39947,O. sativa,8.457797,7.9640746,2
Q0DBF4,39947,O. sativa,12.657937,7.690215,17
Q8H8V7,39947,O. sativa,13.808874,5.5102715,12
Q8HCN3,39947,O. sativa,11.22399,2.5369315,14
B9G5N1,39947,O. sativa,7.107762,4.2508125,14
Q6ETW4,39947,O. sativa,9.93245,5.8333726,10
Q6ASS9,39947,O. sativa,11.217307,4.483494,6
Q764B9,39947,O. sativa,10.7085495,6.085195,19
Q5UG13,39947,O. sativa,14.809129,6.4064045,16
Q2QNC3,39947,O. sativa,11.4159975,3.990526,11
Q10CE4,39947,O. sativa,7.163562,9.202726,1
Q5Z610,39947,O. sativa,8.429586,7.263985,15
Q69J40,39947,O. sativa,13.907024,6.202478,11
Q6ZG85,39947,O. sativa,7.8974223,10.98908,15
Q7XKU5,39947,O. sativa,9.440225,7.2531424,2
Q8LGZ9,39947,O. sativa,7.2506437,9.338562,16
A0A0P0XCU3,39947,O. sativa,11.639063,2.9517517,14
Q6K7E9,39947,O. sativa,15.673341,6.5874853,12
Q6H4G3,39947,O. sativa,7.171414,4.872633,15
Q6Z7E7,39947,O. sativa,8.818957,7.1940527,15
P0C358,39947,O. sativa,9.96813,6.1383963,17
Q69JJ6,39947,O. sativa,13.433934,5.8788056,11
Q0JA29,39947,O. sativa,7.265908,6.4968934,15
Q6ZA99,39947,O. sativa,14.971118,4.6393194,12
O21799,39947,O. sativa,9.530126,4.373867,6
P0DKH0,39947,O. sativa,8.189452,7.9381323,16
Q0DEB8,39947,O. sativa,18.901094,4.5116267,17
Q84TV3,39947,O. sativa,14.48109,6.729326,18
Q7X7H9,39947,O. sativa,13.425151,6.48312,13
Q5NBT9,39947,O. sativa,10.177439,6.319128,17
Q6K9T0,39947,O. sativa,10.094248,5.97312,15
P0C319,39947,O. sativa,7.4106946,5.7908273,0
Q10RE2,39947,O. sativa,7.7114477,5.196903,18
Q70G58,39947,O. sativa,7.781907,9.492398,16
Q6ET36,39947,O. sativa,11.719682,7.335507,0
Q10G56,39947,O. sativa,12.6539955,9.049161,12
A9XMT5,39947,O. sativa,4.9453874,1.9893281,14
Q5QM25,39947,O. sativa,7.7661595,8.151742,1
Q75IS2,39947,O. sativa,12.36799,5.12088,12
F7J0N2,39947,O. sativa,8.896026,8.209386,2
P12180,39947,O. sativa,8.333246,3.7680795,4
Q42982,39947,O. sativa,12.575497,5.0938373,12
Q6F4N5,39947,O. sativa,10.315543,6.81243,2
Q6ZJC8,39947,O. sativa,15.115278,6.376734,16
Q75HC2,39947,O. sativa,8.5606785,8.36564,2
P17070,39947,O. sativa,9.956268,12.392509,19
Q2F948,39947,O. sativa,10.5947075,5.7953987,15
Q35962,39947,O. sativa,8.8102865,1.9417118,5
Q6YY75,39947,O. sativa,10.031397,5.929749,10
Q75I93,39947,O. sativa,12.531278,7.5887113,17
P42863,39947,O. sativa,14.490366,4.708358,12
Q0JLP9,39947,O. sativa,8.844713,5.7635307,11
Q2F941,39947,O. sativa,14.320171,8.009674,13
Q01859,39947,O. sativa,8.097616,3.2452168,4
Q8GZV6,39947,O. sativa,9.857371,4.0773196,19
Q6YZ10,39947,O. sativa,10.015769,4.1302857,19
B7F8P5,39947,O. sativa,11.353728,6.2208786,17
Q5SMM8,39947,O. sativa,8.481818,4.3369765,6
O04138,39947,O. sativa,9.165106,7.4712,17
P0C0M2,39947,O. sativa,12.001996,3.2275584,15
Q652K4,39947,O. sativa,13.161776,2.5451076,11
P0C340,39947,O. sativa,12.944107,8.027417,18
Q5ZC88,39947,O. sativa,11.41286,6.951254,0
Q7EZR4,39947,O. sativa,13.668141,8.480294,13
Q10MX2,39947,O. sativa,4.949146,2.0856576,14
Q69P88,39947,O. sativa,12.79424,6.3642087,18
Q7XS69,39947,O. sativa,7.897591,8.256143,19
P0C364,39947,O. sativa,10.174504,4.684601,19
Q0DGP6,39947,O. sativa,14.686624,8.361635,7
B9FJ61,39947,O. sativa,8.365102,4.494666,10
Q8HCR1,39947,O. sativa,10.78048,6.578205,15
Q8LQ74,39947,O. sativa,7.531981,8.391902,16
Q9XGP7,39947,O. sativa,9.264307,7.5073166,16
Q6YUS3,39947,O. sativa,7.903892,11.144285,15
P0C2Y7,39947,O. sativa,7.2537165,5.72773,19
Q7XT97,39947,O. sativa,9.324957,6.5649185,15
Q0ING3,39947,O. sativa,13.688984,6.6640234,18
Q10T67,39947,O. sativa,9.973481,5.7664485,16
Q6H3Y7,39947,O. sativa,11.006064,7.8677807,0
Q6I5C3,39947,O. sativa,9.205962,3.9251437,4
Q84T68,39947,O. sativa,9.123361,6.941884,19
Q5VRR0,39947,O. sativa,2.208358,4.16103,16
Q9SXJ8,39947,O. sativa,9.301787,7.8747106,2
Q10LR1,39947,O. sativa,15.034166,6.244802,15
Q94JG1,39947,O. sativa,6.5366716,6.741003,5
Q53L62,39947,O. sativa,12.825718,0.41156763,15
Q0DVX2,39947,O. sativa,9.632835,7.4969983,2
Q8HCR4,39947,O. sativa,15.254494,8.287679,7
Q7F2L3,39947,O. sativa,12.729944,6.759433,0
Q69XM6,39947,O. sativa,13.299774,4.3932915,19
Q5VQG4,39947,O. sativa,10.87419,8.789782,17
Q5QM06,39947,O. sativa,14.710099,6.5440803,12
Q2QX40,39947,O. sativa,12.268103,2.5041552,16
Q35964,39947,O. sativa,15.858348,8.404792,7
A9UGV5,39947,O. sativa,9.595472,5.9544945,11
Q7XV97,39947,O. sativa,4.804246,3.77578,12
G3XKQ9,39947,O. sativa,12.376565,-0.8362064,19
Q6F6A2,39947,O. sativa,12.834061,10.439522,15
Q0JNB6,39947,O. sativa,12.831882,10.465854,15
Q689G9,39947,O. sativa,8.044494,8.249796,1
Q652A1,39947,O. sativa,2.2080839,4.1609516,16
P0C512,39947,O. sativa,8.194194,8.877473,1
Q6I581,39947,O. sativa,14.318431,4.1485004,19
Q84LH4,39947,O. sativa,11.742478,7.615667,0
A0A0P0WFI1,39947,O. sativa,8.998671,7.4457355,2
Q84KJ7,39947,O. sativa,14.530725,5.3808427,12
Q2QYU2,39947,O. sativa,13.609363,5.3698893,12
B1B534,39947,O. sativa,4.8990765,2.5151222,15
Q9LWN0,39947,O. sativa,9.382879,5.621152,15
Q7GCM7,39947,O. sativa,14.1881075,7.729665,13
Q9FXT4,39947,O. sativa,7.557409,7.9308414,1
Q0DX67,39947,O. sativa,10.073467,5.162362,19
Q7JAI6,39947,O. sativa,10.460089,7.3659797,17
Q9SDK9,39947,O. sativa,11.168629,5.473819,19
Q69V10,39947,O. sativa,9.83116,5.7731385,17
Q84NN4,39947,O. sativa,15.016285,15.627893,9
Q10QA5,39947,O. sativa,9.088534,2.2012901,5
Q75GT3,39947,O. sativa,11.992929,2.9795947,10
Q2QXY3,39947,O. sativa,9.863334,4.8674874,19
Q0JFH7,39947,O. sativa,10.331378,3.5331075,10
Q6YTF5,39947,O. sativa,9.52602,6.337086,6
Q6ZI50,39947,O. sativa,9.661866,5.9280415,11
Q6YZ49,39947,O. sativa,8.866445,2.1501539,5
Q75IZ7,39947,O. sativa,13.911579,6.128758,11
Q35322,39947,O. sativa,13.001584,8.097349,18
Q35314,39947,O. sativa,15.675809,8.475855,7
Q5QN75,39947,O. sativa,14.563489,8.164643,7
P0C485,39947,O. sativa,10.665138,4.675648,19
Q6EPW7,39947,O. sativa,11.995961,5.309587,6
O23875,39947,O. sativa,14.518955,6.4415174,13
Q76EJ0,39947,O. sativa,10.596103,3.6754618,6
Q0DDF6,39947,O. sativa,14.881372,6.1438212,6
O48653,39947,O. sativa,13.965896,4.790295,11
Q9FNU2,39947,O. sativa,11.023041,5.804811,15
B9F4C9,39947,O. sativa,8.907473,7.4793663,2
Q7XP65,39947,O. sativa,11.548914,4.487241,9
Q5WMQ1,39947,O. sativa,15.025227,6.2722554,15
Q2QLV9,39947,O. sativa,9.932936,7.3988247,2
C0SQ89,39947,O. sativa,9.556231,5.478055,19
Q0JA75,39947,O. sativa,11.585981,2.9081829,6
Q84MM9,39947,O. sativa,19.394732,13.639573,17
Q7XQ85,39947,O. sativa,8.252395,8.182075,15
Q7XKP5,39947,O. sativa,9.162911,7.4504213,2
A9UGV6,39947,O. sativa,9.65609,5.9856606,11
Q0DEV5,39947,O. sativa,9.402673,4.0261946,19
Q941T1,39947,O. sativa,8.899832,8.866228,2
Q6IVC2,39947,O. sativa,9.406933,6.6931963,17
Q2QM77,39947,O. sativa,14.950384,4.873173,12
Q5KQG3,39947,O. sativa,15.043094,6.3553133,16
Q0E0W7,39947,O. sativa,8.10185,9.73701,0
Q7Y021,39947,O. sativa,14.207831,4.829989,12
A2CIR7,39947,O. sativa,11.694028,3.764935,11
P0C380,39947,O. sativa,10.542371,9.392407,17
Q2QMM8,39947,O. sativa,15.017877,6.395703,12
Q6ZKI8,39947,O. sativa,14.863012,6.3247285,12
Q8GSQ1,39947,O. sativa,8.39696,7.268863,1
Q6AT10,39947,O. sativa,2.2086604,4.1610665,16
Q2QYW3,39947,O. sativa,13.6836605,6.8343673,13
Q5JK84,39947,O. sativa,9.908487,7.77758,17
Q5JKX0,39947,O. sativa,13.849599,5.476779,12
Q0E4K1,39947,O. sativa,9.636457,2.8269534,4
Q6AT32,39947,O. sativa,7.778316,16.280546,3
Q84UT5,39947,O. sativa,7.8371935,4.66154,15
Q8HCM4,39947,O. sativa,14.918603,8.122992,13
Q6K5X1,39947,O. sativa,14.468631,6.1712565,12
Q657A4,39947,O. sativa,14.952715,4.7063894,12
Q10QA2,39947,O. sativa,12.130568,6.8613005,17
Q35305,39947,O. sativa,15.753636,8.443047,7
B7F9I5,39947,O. sativa,7.5449095,5.3247433,17
Q6ZBH6,39947,O. sativa,10.282944,6.226987,2
Q8H8C7,39947,O. sativa,12.970882,4.788791,9
Q651K2,39947,O. sativa,14.747285,8.432782,7
A8C8P3,39947,O. sativa,13.689187,8.034003,13
Q7XR52,39947,O. sativa,13.759628,6.224618,18
Q75V57,39947,O. sativa,7.5763044,5.4719844,0
Q53NF7,39947,O. sativa,7.9386497,5.3313584,0
Q6Z7B0,39947,O. sativa,9.732964,9.6286,15
Q0D8I9,39947,O. sativa,12.262559,3.5284321,0
Q8HCR5,39947,O. sativa,12.541749,7.36222,0
Q0JEE2,39947,O. sativa,13.93727,4.9579124,12
Q10PI9,39947,O. sativa,14.598592,5.132939,12
Q7X7S8,39947,O. sativa,12.464788,3.3986328,18
P12123,39947,O. sativa,8.799091,2.0234284,5
Q0J235,39947,O. sativa,11.527867,6.3007607,17
Q0J954,39947,O. sativa,9.650272,7.916043,17
P12124,39947,O. sativa,13.490571,5.192113,12
Q9XG81,39947,O. sativa,11.865409,3.5644128,9
Q2QQ32,39947,O. sativa,14.942604,6.3563724,18
B8YEK4,39947,O. sativa,6.5680885,6.7608666,4
Q7XAK4,39947,O. sativa,14.755993,6.3355412,12
Q8S920,39947,O. sativa,2.324015,-1.0148605,3
A6BLW4,39947,O. sativa,14.142631,5.8172984,16
Q7Y0W5,39947,O. sativa,11.199462,4.9107428,6
Q5SMX2,39947,O. sativa,5.1058693,2.1347582,14
Q75H77,39947,O. sativa,11.30985,7.8614306,18
Q109K1,39947,O. sativa,11.376502,6.0203104,15
Q6Z5I7,39947,O. sativa,9.674655,6.5322514,0
Q32766,39947,O. sativa,15.7129965,8.467507,7
Q7XR46,39947,O. sativa,4.9152555,1.9179851,14
Q8HCN2,39947,O. sativa,8.277376,8.24295,16
Q6K7V6,39947,O. sativa,8.677388,6.534572,10
Q0J7T6,39947,O. sativa,8.489562,7.9231243,2
Q10S82,39947,O. sativa,9.5673,9.041828,0
Q5N7C7,39947,O. sativa,14.523435,5.152471,12
Q94JF2,39947,O. sativa,12.830603,6.606265,11
P0C314,39947,O. sativa,10.320972,7.7370396,17
A3AZ88,39947,O. sativa,13.078912,6.4644446,11
Q6Q9I2,39947,O. sativa,9.802641,7.5523176,17
Q8GS39,39947,O. sativa,10.943249,2.8003159,8
Q40703,39947,O. sativa,18.903233,4.51045,17
Q2RB33,39947,O. sativa,9.453739,3.5779543,8
P0C2Z3,39947,O. sativa,9.881504,8.262801,17
P0C370,39947,O. sativa,12.411635,7.0359235,0
Q9LJ04,39947,O. sativa,8.841758,7.389826,15
Q5Z5I4,39947,O. sativa,13.235791,10.706114,15
Q8H3Q1,39947,O. sativa,10.755006,5.6763825,9
Q53NL5,39947,O. sativa,2.3382678,-0.9998983,17
Q84ZA1,39947,O. sativa,14.752405,6.677968,12
Q6ZBF6,39947,O. sativa,8.6197605,8.721515,2
Q67TR8,39947,O. sativa,15.032378,6.382998,12
P27933,39947,O. sativa,9.154509,6.7330966,15
Q6YTF1,39947,O. sativa,9.5040655,8.309435,2
D0TZF0,39947,O. sativa,12.510735,5.0872884,12
Q0D4J7,39947,O. sativa,17.841608,11.750203,15
Q6AT33,39947,O. sativa,11.128417,0.34954295,17
Q94EE4,39947,O. sativa,9.713088,5.9379244,16
Q653A4,39947,O. sativa,8.235945,9.560906,2
Q2R0R9,39947,O. sativa,14.960078,6.3758044,18
Q7XTB2,39947,O. sativa,14.219997,4.8437605,12
Q8HCP0,39947,O. sativa,10.141752,9.067055,2
Q338B0,39947,O. sativa,12.8456955,8.029913,13
Q7XKR9,39947,O. sativa,14.511135,5.519075,12
A0A0P0VG31,39947,O. sativa,8.430677,8.256766,15
Q75KE5,39947,O. sativa,14.588973,6.3851585,11
Q6Z7I3,39947,O. sativa,11.832321,5.1860757,9
Q8HCP1,39947,O. sativa,15.554409,8.4157095,7
Q53LQ0,39947,O. sativa,9.136892,3.3072243,4
Q8H4S4,39947,O. sativa,9.487021,5.0998335,15
Q75L84,39947,O. sativa,8.154036,4.665194,6
Q8HCM2,39947,O. sativa,13.985614,7.475467,13
Q6L5E5,39947,O. sativa,8.715683,17.354658,3
B6DMK2,39947,O. sativa,14.326879,5.1026864,12
Q69XV0,39947,O. sativa,13.578741,8.544219,13
Q6YUX0,39947,O. sativa,14.944792,6.1934433,6
Q10RX7,39947,O. sativa,14.243217,5.222247,12
Q5KQH7,39947,O. sativa,10.519564,5.6775584,10
P0DKG9,39947,O. sativa,12.4165945,3.2823422,9
Q7XBY6,39947,O. sativa,9.925414,5.8381042,1
Q53P49,39947,O. sativa,11.458408,8.003319,17
Q08479,39947,O. sativa,5.6473536,9.099931,1
Q5VQK9,39947,O. sativa,12.368601,4.773303,6
Q338B9,39947,O. sativa,10.866657,5.7728615,15
Q6K271,39947,O. sativa,11.504185,5.975785,15
Q67VC8,39947,O. sativa,15.094239,6.1889358,19
Q35316,39947,O. sativa,14.63203,5.111717,12
Q7XXN5,39947,O. sativa,17.879799,11.727361,10
Q7XXN4,39947,O. sativa,13.097818,5.351551,11
Q6YVX7,39947,O. sativa,10.089559,5.9795384,16
Q5W676,39947,O. sativa,9.914309,4.3769517,19
Q0JD85,39947,O. sativa,12.727143,3.6770444,0
Q5W6R4,39947,O. sativa,9.450351,7.923514,16
Q10M41,39947,O. sativa,10.408738,4.449883,6
Q53JF7,39947,O. sativa,12.954522,6.7722754,0
Q6H711,39947,O. sativa,18.90972,4.5034966,0
Q2F8W6,39947,O. sativa,8.28955,2.493411,5
Q9LG41,39947,O. sativa,7.169367,4.923747,4
Q84ST4,39947,O. sativa,9.658599,6.471227,2
A0A0P0XGL9,39947,O. sativa,15.017199,6.3933406,12
P0C377,39947,O. sativa,13.4756775,4.629344,15
Q6ZJ91,39947,O. sativa,20.8759,0.7323419,0
Q5JNS0,39947,O. sativa,11.563657,4.717864,9
Q10Q08,39947,O. sativa,7.703079,9.467418,16
Q9XHN9,39947,O. sativa,14.279751,7.822492,13
Q35301,39947,O. sativa,15.828249,8.390992,7
P0C437,39947,O. sativa,12.410383,5.1529512,12
Q8LQ68,39947,O. sativa,9.337077,3.9101148,8
Q7Y0F6,39947,O. sativa,10.266858,5.8528676,16
Q6K9X3,39947,O. sativa,9.514552,5.115358,15
Q7XWK5,39947,O. sativa,13.654896,6.0861297,12
Q10P60,39947,O. sativa,15.781106,6.5866675,16
Q7X8B5,39947,O. sativa,10.503748,5.79224,2
Q10R54,39947,O. sativa,8.994421,8.000858,2
Q8S0N2,39947,O. sativa,9.31921,5.9019136,17
P0C422,39947,O. sativa,14.335765,8.1045,7
Q5N9E6,39947,O. sativa,7.629276,8.369693,1
Q6ATB4,39947,O. sativa,11.732463,2.982123,6
A0A5S6RB44,39947,O. sativa,13.755495,6.448137,12
Q0IMG9,39947,O. sativa,13.04156,7.3870726,18
Q2F945,39947,O. sativa,12.845001,8.053704,18
Q84T94,39947,O. sativa,14.151225,4.3185096,11
Q5VS45,39947,O. sativa,11.800384,9.704299,0
Q7XLD4,39947,O. sativa,9.905727,5.7468143,17
Q0JKD0,39947,O. sativa,11.620187,2.9223812,14
Q66VB0,39947,O. sativa,10.282368,6.982118,19
Q7XT88,39947,O. sativa,15.020411,6.354607,12
Q2R222,39947,O. sativa,9.814527,5.830231,16
Q6L568,39947,O. sativa,7.13678,4.92161,19
P69674,39947,O. sativa,7.6919975,5.5870137,11
P0C497,39947,O. sativa,9.928622,5.7771735,10
Q2TQ34,39947,O. sativa,8.963183,5.5821514,15
Q2QY10,39947,O. sativa,6.894942,7.92701,1
Q8H3I4,39947,O. sativa,11.860457,5.2210035,9
Q35308,39947,O. sativa,15.763416,8.437823,7
Q6Z4T5,39947,O. sativa,12.693233,3.418704,12
Q2QWU2,39947,O. sativa,7.830331,4.8680353,14
Q0J8R9,39947,O. sativa,9.489901,6.697479,6
P62727,39947,O. sativa,10.469031,10.359728,2
Q9FTY0,39947,O. sativa,7.2463675,9.1971655,1
Q75JD4,44689,D. discoideum,12.595118,3.425226,2
Q55BH2,44689,D. discoideum,14.388968,5.4043274,12
Q86A67,44689,D. discoideum,13.881647,6.450162,0
Q86KI1,44689,D. discoideum,9.40132,2.50238,8
Q54F44,44689,D. discoideum,6.657696,4.8783126,2
P20425,44689,D. discoideum,5.6511073,9.097268,15
P32073,44689,D. discoideum,10.418032,7.0455365,11
Q553N9,44689,D. discoideum,4.1565785,14.487349,15
Q964D8,44689,D. discoideum,10.978026,8.052121,17
P34114,44689,D. discoideum,13.322593,8.92062,0
Q552E2,44689,D. discoideum,12.263878,5.364393,12
Q54C70,44689,D. discoideum,9.3692,4.2990284,10
Q86K89,44689,D. discoideum,12.064194,8.77891,13
Q27562,44689,D. discoideum,19.409008,13.639999,2
Q54NL1,44689,D. discoideum,14.271214,5.0591145,12
Q86KC8,44689,D. discoideum,11.10035,4.4728904,10
P22887,44689,D. discoideum,10.16167,8.538371,2
P54653,44689,D. discoideum,13.4045925,7.9728475,18
Q9BLG4,44689,D. discoideum,13.219295,11.300763,19
Q86K86,44689,D. discoideum,10.727792,8.053349,17
Q55AQ4,44689,D. discoideum,9.6515875,6.293483,17
Q86KG9,44689,D. discoideum,9.428948,6.2861624,2
Q55AW9,44689,D. discoideum,8.472394,4.660654,19
P15808,44689,D. discoideum,8.301765,8.955156,16
Q9GTN7,44689,D. discoideum,9.990663,4.688967,19
Q55GF9,44689,D. discoideum,10.295678,3.4339392,8
Q55DG0,44689,D. discoideum,3.107794,1.7853298,2
Q54LU5,44689,D. discoideum,8.101589,8.316435,15
Q6XHA5,44689,D. discoideum,13.673757,8.861163,13
Q54M70,44689,D. discoideum,10.419095,5.035823,19
P12729,44689,D. discoideum,12.154915,8.452488,0
Q75JR3,44689,D. discoideum,11.002197,4.0214067,6
Q54Q71,44689,D. discoideum,8.239691,3.3705082,4
Q54X65,44689,D. discoideum,12.313588,6.802303,0
Q54JP5,44689,D. discoideum,11.116286,7.4370675,17
Q54J54,44689,D. discoideum,11.336005,7.4334335,0
Q55BP0,44689,D. discoideum,5.0547976,12.661205,17
Q54Q99,44689,D. discoideum,7.5292244,4.843431,15
Q54XY4,44689,D. discoideum,13.616329,8.924845,13
Q9U7C9,44689,D. discoideum,12.389223,3.0977166,16
P42526,44689,D. discoideum,13.094681,6.145889,11
Q9TW32,44689,D. discoideum,3.6868343,7.8839135,2
Q556W2,44689,D. discoideum,12.507285,7.745448,18
P83401,44689,D. discoideum,4.8313,2.0405087,14
P20054,44689,D. discoideum,10.043383,3.0013304,4
Q86G47,44689,D. discoideum,12.847121,10.412302,15
Q54XS2,44689,D. discoideum,6.937446,4.9455814,17
O60999,44689,D. discoideum,7.8224993,3.88706,19
Q54DM8,44689,D. discoideum,9.323123,5.7101626,2
Q553Y0,44689,D. discoideum,12.514092,3.365071,17
Q54DL1,44689,D. discoideum,6.9719524,6.875199,1
Q54NT1,44689,D. discoideum,11.968409,6.177256,0
Q54L53,44689,D. discoideum,8.488724,7.337293,1
Q54RC0,44689,D. discoideum,15.124613,8.475251,7
Q55DK1,44689,D. discoideum,5.6563616,9.099038,15
Q55BN0,44689,D. discoideum,12.087096,6.942304,0
Q54NE5,44689,D. discoideum,12.752233,4.7229676,11
Q557H7,44689,D. discoideum,10.03102,5.756085,17
Q553P4,44689,D. discoideum,11.7885,9.6771755,0
Q54DL5,44689,D. discoideum,10.317357,-8.08402,15
Q9GS21,44689,D. discoideum,10.415906,10.316471,0
Q54FB1,44689,D. discoideum,10.494792,3.9504297,6
Q54D84,44689,D. discoideum,11.068856,6.5602713,2
Q58A41,44689,D. discoideum,8.032081,7.4313865,16
Q54PE2,44689,D. discoideum,11.346671,2.515531,17
Q54SP2,44689,D. discoideum,13.65948,5.6837997,12
Q54QR2,44689,D. discoideum,9.429746,6.820468,11
Q54J48,44689,D. discoideum,9.475595,7.7379894,17
Q54F23,44689,D. discoideum,11.132703,1.6591833,10
P54651,44689,D. discoideum,12.129293,8.412995,18
P51136,44689,D. discoideum,9.724925,7.493442,2
Q54T13,44689,D. discoideum,12.74711,5.6321206,12
Q55DL0,44689,D. discoideum,9.250026,2.308685,5
P54632,44689,D. discoideum,-3.19976,7.881801,15
P22549,44689,D. discoideum,12.1584635,8.381127,18
Q54J96,44689,D. discoideum,12.111227,7.791125,18
Q54UF7,44689,D. discoideum,12.699657,4.8969417,12
P04988,44689,D. discoideum,13.584129,8.759646,13
Q54YA0,44689,D. discoideum,7.347211,8.413393,1
Q54LJ4,44689,D. discoideum,11.5040455,6.2118673,17
Q1ZXI0,44689,D. discoideum,9.00887,8.271899,2
Q55C49,44689,D. discoideum,11.587377,7.16333,18
P42524,44689,D. discoideum,7.9933143,7.2937274,19
Q54NV9,44689,D. discoideum,9.873972,2.915202,8
O00841,44689,D. discoideum,7.0478992,4.2503695,14
O96625,44689,D. discoideum,10.138241,5.365989,2
Q54Y50,44689,D. discoideum,10.32002,3.9832087,10
Q8SSQ3,44689,D. discoideum,6.7385535,5.035361,2
Q8T662,44689,D. discoideum,12.376324,-0.83374506,19
Q968Z6,44689,D. discoideum,6.8954506,4.434441,15
Q54EY3,44689,D. discoideum,8.823735,17.182846,4
P15269,44689,D. discoideum,9.469812,3.7741463,8
Q54XP4,44689,D. discoideum,13.033156,4.7499156,6
Q54WH5,44689,D. discoideum,14.282654,5.599278,12
Q54MH2,44689,D. discoideum,12.929895,10.31953,17
Q8T1G5,44689,D. discoideum,13.069348,8.019969,18
Q23925,44689,D. discoideum,9.666521,3.867403,6
Q54GY8,44689,D. discoideum,8.715307,17.382168,3
P15521,44689,D. discoideum,13.015914,8.081561,18
Q95ZG3,44689,D. discoideum,11.987263,6.3401833,0
P13021,44689,D. discoideum,7.313694,9.346327,16
Q54S78,44689,D. discoideum,9.460863,8.979806,15
Q54DK9,44689,D. discoideum,13.954993,6.461746,12
Q55GJ2,44689,D. discoideum,7.0498457,7.831695,1
P15270,44689,D. discoideum,8.596143,7.8365674,2
Q54BI7,44689,D. discoideum,9.463897,6.8794713,16
Q54KQ7,44689,D. discoideum,4.7212267,8.143136,15
Q54MZ3,44689,D. discoideum,8.893144,7.5686646,2
Q54P86,44689,D. discoideum,10.67385,8.120988,0
Q556Y7,44689,D. discoideum,13.902238,7.9309673,13
Q550K8,44689,D. discoideum,12.9385,7.213231,0
P13466,44689,D. discoideum,14.265708,5.1952033,12
Q54VP4,44689,D. discoideum,9.835214,7.8753595,15
P20610,44689,D. discoideum,11.820488,9.680134,0
Q55GJ9,44689,D. discoideum,16.965748,9.771419,10
Q54CT1,44689,D. discoideum,10.4226465,4.280069,14
Q8T6B8,44689,D. discoideum,9.572499,3.5202312,8
Q54IF7,44689,D. discoideum,10.041268,7.0814548,2
Q54IA6,44689,D. discoideum,12.894105,3.339155,9
Q54RQ1,44689,D. discoideum,9.884419,3.6654162,19
Q869Q6,44689,D. discoideum,10.625953,3.6918275,19
Q54RV9,44689,D. discoideum,10.944287,2.5291376,8
P10819,44689,D. discoideum,12.869533,6.0077524,17
Q54SP4,44689,D. discoideum,12.272042,5.964917,0
O76173,44689,D. discoideum,8.730531,17.437325,3
Q54Z69,44689,D. discoideum,9.456606,8.607076,17
Q54D04,44689,D. discoideum,8.822913,2.1746874,5
Q55E26,44689,D. discoideum,7.7952156,9.339541,16
Q54WF2,44689,D. discoideum,9.5361,5.1706333,10
Q9U8Q1,44689,D. discoideum,3.0866175,12.614455,15
Q54NU2,44689,D. discoideum,8.749058,17.467,3
Q54DM3,44689,D. discoideum,8.6153,8.611313,2
Q86M88,44689,D. discoideum,7.495643,5.41436,2
P34147,44689,D. discoideum,14.53142,4.6542377,12
Q54PK6,44689,D. discoideum,14.486387,6.5568514,13
Q54BE0,44689,D. discoideum,14.286176,4.1427717,2
Q55CW4,44689,D. discoideum,13.082297,8.168257,0
Q54ET0,44689,D. discoideum,8.899237,2.8855953,4
Q54K15,44689,D. discoideum,8.811736,17.5444,3
Q54YW1,44689,D. discoideum,11.334604,5.9606104,15
Q54K47,44689,D. discoideum,9.959011,12.383651,19
Q54XJ0,44689,D. discoideum,11.526614,6.9454927,17
Q54MI5,44689,D. discoideum,12.147632,16.427305,17
Q55EE1,44689,D. discoideum,11.026347,8.153358,17
Q54SH6,44689,D. discoideum,11.843637,2.6989067,14
Q54NT2,44689,D. discoideum,11.965521,3.275918,19
Q54MG8,44689,D. discoideum,7.0736256,4.795917,14
P90529,44689,D. discoideum,12.128403,6.195058,17
Q54B43,44689,D. discoideum,13.157599,7.576197,13
Q54JY7,44689,D. discoideum,13.4327545,8.048488,13
Q76NU1,44689,D. discoideum,8.870083,8.489793,2
Q54DV5,44689,D. discoideum,12.1745615,16.409067,12
Q54MB5,44689,D. discoideum,11.3901415,7.8167624,0
Q86A02,44689,D. discoideum,10.41225,4.4469013,6
Q54B85,44689,D. discoideum,15.2325,15.333032,9
Q8T2I8,44689,D. discoideum,10.835555,5.640948,17
Q54XQ5,44689,D. discoideum,13.490341,6.124511,13
Q86A78,44689,D. discoideum,11.395443,3.5470726,6
Q54TN2,44689,D. discoideum,9.233397,7.2867384,2
Q8T6J2,44689,D. discoideum,11.087378,3.6975672,6
O77203,44689,D. discoideum,7.116822,4.4230647,15
Q55GV3,44689,D. discoideum,12.372004,-0.8325525,19
Q550H6,44689,D. discoideum,8.73321,17.41497,3
Q8SSS9,44689,D. discoideum,7.215813,4.4147067,14
Q75JH9,44689,D. discoideum,11.300924,7.9702687,17
Q54WW7,44689,D. discoideum,9.139905,3.9225962,4
Q552C6,44689,D. discoideum,8.064017,7.3793592,1
Q54P76,44689,D. discoideum,8.61624,6.689107,15
Q86K21,44689,D. discoideum,5.8019485,9.931429,2
P34145,44689,D. discoideum,8.779137,16.94595,3
Q556G3,44689,D. discoideum,3.544099,-3.5668945,17
Q54J33,44689,D. discoideum,15.58965,8.196107,7
Q54VI4,44689,D. discoideum,3.542915,-3.5690484,17
Q54TL8,44689,D. discoideum,10.443033,10.272091,2
Q555L8,44689,D. discoideum,10.435381,7.3556747,17
Q54Q16,44689,D. discoideum,8.150299,4.3133354,19
Q54SD0,44689,D. discoideum,8.65455,17.20697,17
Q54J69,44689,D. discoideum,10.428582,10.531467,2
Q55AZ3,44689,D. discoideum,14.171556,8.386718,18
Q54M25,44689,D. discoideum,12.2152405,8.383006,0
Q55CK2,44689,D. discoideum,9.670968,5.877129,2
Q55CV7,44689,D. discoideum,7.750761,4.9440913,0
Q54I36,44689,D. discoideum,11.931064,7.668641,18
Q86CR9,44689,D. discoideum,8.760227,4.5351205,15
P54675,44689,D. discoideum,12.747529,4.6776233,11
Q869X2,44689,D. discoideum,9.492081,2.5072649,4
Q54LG8,44689,D. discoideum,11.763281,7.968349,18
Q55EZ6,44689,D. discoideum,11.111011,3.8310103,10
Q54RN1,44689,D. discoideum,8.532722,6.501316,14
Q8T9S7,44689,D. discoideum,12.840359,0.3712362,14
Q9GPQ9,44689,D. discoideum,8.670948,17.156368,18
O96624,44689,D. discoideum,15.142253,8.484896,7
O60952,44689,D. discoideum,12.893218,5.813478,11
Q9NKX1,44689,D. discoideum,12.223279,4.4674835,19
Q9Y1W0,44689,D. discoideum,8.563514,7.3013515,15
Q54QG7,44689,D. discoideum,9.035419,7.0122313,2
O61125,44689,D. discoideum,11.529942,4.4568977,6
Q54SG2,44689,D. discoideum,15.053714,6.3950486,16
Q54GL6,44689,D. discoideum,12.277705,4.677816,11
Q8T1E3,44689,D. discoideum,9.962701,12.367839,15
P25870,44689,D. discoideum,11.344695,7.797034,0
Q5TJ57,44689,D. discoideum,9.1252365,8.06277,0
Q54MC4,44689,D. discoideum,13.887119,6.0507894,12
Q54DS6,44689,D. discoideum,11.336777,5.194205,9
Q55G45,44689,D. discoideum,12.777183,7.728326,13
Q54EJ9,44689,D. discoideum,14.813649,4.7594895,12
Q54HM2,44689,D. discoideum,13.959102,6.5452423,12
Q55E30,44689,D. discoideum,11.349091,7.9291368,0
Q54VI6,44689,D. discoideum,10.859748,7.597894,0
Q54XR3,44689,D. discoideum,7.7067447,3.9415143,19
Q54T88,44689,D. discoideum,11.3011,2.4696672,10
Q54TF8,44689,D. discoideum,14.377407,6.509593,13
Q55AR6,44689,D. discoideum,7.7064285,5.150981,0
Q55BS9,44689,D. discoideum,9.824414,10.690323,2
Q55CT0,44689,D. discoideum,9.912132,7.532986,2
Q54XE5,44689,D. discoideum,8.793755,6.8655944,19
Q6TMK4,44689,D. discoideum,11.460954,6.0605674,17
Q558X5,44689,D. discoideum,14.492734,8.400165,13
P34116,44689,D. discoideum,10.215367,3.588437,8
Q7Z203,44689,D. discoideum,13.861564,4.042077,17
Q8T7K0,44689,D. discoideum,12.283985,7.645971,17
Q55BN7,44689,D. discoideum,10.426392,10.087447,17
Q54BD4,44689,D. discoideum,9.8917,3.5482395,8
Q54N00,44689,D. discoideum,9.939588,7.559433,17
Q54QX7,44689,D. discoideum,11.264062,3.2665088,19
Q54WE3,44689,D. discoideum,12.229628,8.382403,18
Q8MMR8,44689,D. discoideum,4.832737,2.478323,17
Q55GV9,44689,D. discoideum,10.195823,6.5651016,0
Q558Z0,44689,D. discoideum,12.835975,7.034522,18
P16894,44689,D. discoideum,-3.1998148,7.8818145,2
O00780,44689,D. discoideum,11.054306,6.9372053,17
Q8T6H3,44689,D. discoideum,12.939734,7.1365194,12
Q8T137,44689,D. discoideum,12.749572,6.616349,13
Q54G78,44689,D. discoideum,9.256861,7.955949,17
Q54NL4,44689,D. discoideum,10.894483,-5.864787,14
Q86IE7,44689,D. discoideum,12.485127,4.837116,12
Q54PX9,44689,D. discoideum,9.845468,10.684743,2
Q54X80,44689,D. discoideum,10.848015,3.8930423,6
Q9NKW1,44689,D. discoideum,8.989989,3.8327053,19
Q54EG3,44689,D. discoideum,10.191349,9.405181,0
Q54CK6,44689,D. discoideum,14.370865,10.541234,17
Q54HX8,44689,D. discoideum,12.848272,5.7153206,11
Q75JD5,44689,D. discoideum,4.1484017,14.477182,17
P36410,44689,D. discoideum,8.792728,17.484352,3
Q54BT5,44689,D. discoideum,10.701891,6.6681647,17
Q54RD6,44689,D. discoideum,11.019586,5.2179213,10
Q54JS9,44689,D. discoideum,8.742938,17.137075,3
P36412,44689,D. discoideum,8.779888,17.474936,3
Q54WU1,44689,D. discoideum,14.796548,4.8545294,12
Q8T686,44689,D. discoideum,11.805339,4.576096,9
Q54LT0,44689,D. discoideum,8.64636,8.884316,0
Q55G81,44689,D. discoideum,13.5715275,6.4913287,12
Q54W40,44689,D. discoideum,12.816286,5.790588,12
Q558K8,44689,D. discoideum,7.989527,5.079494,2
Q54TI1,44689,D. discoideum,10.33495,2.9545665,8
Q54QT8,44689,D. discoideum,13.462976,7.939767,18
Q54D97,44689,D. discoideum,14.586699,5.090325,12
Q54ZD1,44689,D. discoideum,13.238187,6.641508,18
Q9U1M9,44689,D. discoideum,13.18173,10.449918,17
Q54YU6,44689,D. discoideum,13.437421,5.5855236,12
Q6TU47,44689,D. discoideum,9.105378,4.9651046,4
Q54KB7,44689,D. discoideum,8.409466,9.588275,11
Q7Z2B8,44689,D. discoideum,11.171184,0.2848343,17
P0CT31,44689,D. discoideum,11.185594,2.4816709,19
Q54NS0,44689,D. discoideum,12.245761,3.5251129,17
Q54C82,44689,D. discoideum,13.819418,8.216122,18
Q54GD0,44689,D. discoideum,13.4299965,4.431906,15
P34120,44689,D. discoideum,19.402092,13.626463,2
Q54NW4,44689,D. discoideum,5.1568556,2.2713256,10
Q54XC1,44689,D. discoideum,8.647076,4.113482,19
Q54GH2,44689,D. discoideum,11.119037,6.0669136,6
Q55BY1,44689,D. discoideum,10.033159,8.70461,0
Q559F5,44689,D. discoideum,14.6289835,8.029972,7
Q54JN7,44689,D. discoideum,9.636761,3.353008,4
Q54DX3,44689,D. discoideum,8.32311,4.1355195,19
Q54R41,44689,D. discoideum,10.310533,3.6830468,10
P26200,44689,D. discoideum,10.492104,7.1097875,2
Q54QH0,44689,D. discoideum,8.365879,8.011793,1
P22698,44689,D. discoideum,10.4526205,5.30258,19
Q8MY12,44689,D. discoideum,11.519636,7.1291614,17
Q54NC6,44689,D. discoideum,10.049096,4.744107,19
Q54DW4,44689,D. discoideum,13.047481,6.803275,13
Q54YL2,44689,D. discoideum,10.246155,8.015121,17
Q54JC0,44689,D. discoideum,8.980984,3.4896286,4
Q8ST66,44689,D. discoideum,11.797403,4.8234005,16
Q1ZXQ8,44689,D. discoideum,10.281295,7.111977,15
Q54XI2,44689,D. discoideum,9.37415,2.932855,4
Q54HY0,44689,D. discoideum,8.045388,7.3287234,19
Q8WQ85,44689,D. discoideum,12.0002365,4.7699895,9
Q8T145,44689,D. discoideum,12.107784,8.390912,18
Q557E7,44689,D. discoideum,12.8932085,10.284659,17
Q86IL5,44689,D. discoideum,8.76772,16.829134,4
Q55AX2,44689,D. discoideum,12.9962225,7.2184834,13
Q95UQ1,44689,D. discoideum,10.906198,7.2081337,0
P15520,44689,D. discoideum,12.821838,8.102301,18
Q7YSW8,44689,D. discoideum,6.802468,6.576677,1
Q86II4,44689,D. discoideum,14.318704,8.156643,7
Q54LT2,44689,D. discoideum,11.906078,6.2500267,0
B0G168,44689,D. discoideum,13.749552,8.09586,18
Q54BC0,44689,D. discoideum,7.7610717,3.9322631,19
Q55BN9,44689,D. discoideum,5.058676,12.6571045,17
Q75JC5,44689,D. discoideum,12.309013,4.032101,12
Q559X6,44689,D. discoideum,8.732042,17.428326,3
B0G141,44689,D. discoideum,10.061509,2.9181666,6
Q556Y2,44689,D. discoideum,8.829157,7.1970496,15
Q55G04,44689,D. discoideum,19.40225,13.629059,2
Q55BP1,44689,D. discoideum,14.369378,4.4049273,12
Q54DU0,44689,D. discoideum,12.118441,6.973385,17
Q557E4,44689,D. discoideum,20.4732,3.464885,15
P42525,44689,D. discoideum,10.320414,2.99477,6
Q1ZXH5,44689,D. discoideum,13.410669,8.033722,18
Q54B68,44689,D. discoideum,15.082088,8.465157,7
O96623,44689,D. discoideum,12.957224,3.7935057,12
Q54VG4,44689,D. discoideum,8.306313,4.571552,19
Q55AP4,44689,D. discoideum,9.041152,8.546127,16
Q54RP6,44689,D. discoideum,9.481857,2.550382,5
Q86JM7,44689,D. discoideum,5.0298214,2.2423587,14
B0G140,44689,D. discoideum,8.511935,4.516065,4
Q54HI5,44689,D. discoideum,6.755918,4.9876356,15
Q54T81,44689,D. discoideum,1.1162304,-3.1718984,19
Q9GPQ8,44689,D. discoideum,8.728592,17.035757,3
Q6UK63,44689,D. discoideum,10.817749,8.831389,2
P08798,44689,D. discoideum,10.171214,6.687718,2
Q550R2,44689,D. discoideum,8.443791,3.9564648,19
Q54HP0,44689,D. discoideum,13.729231,7.9557633,18
Q54M77,44689,D. discoideum,12.053288,3.4207675,17
Q55GD9,44689,D. discoideum,9.789979,7.3518195,0
P54686,44689,D. discoideum,12.450021,7.9575834,11
O00910,44689,D. discoideum,9.01514,5.823989,2
Q86I19,44689,D. discoideum,9.365642,8.914276,18
Q86HU8,44689,D. discoideum,11.380338,7.78544,17
Q54I98,44689,D. discoideum,11.657033,2.843012,10
Q54XU5,44689,D. discoideum,9.183701,7.5097375,2
Q54BF0,44689,D. discoideum,13.31426,5.116791,12
Q55G11,44689,D. discoideum,11.81136,4.693174,9
Q23921,44689,D. discoideum,9.096455,8.258488,17
Q54D21,44689,D. discoideum,6.8518806,8.61018,15
P0CE94,44689,D. discoideum,7.397499,6.388528,2
Q54JQ7,44689,D. discoideum,12.114038,3.0543728,10
P34093,44689,D. discoideum,10.207397,8.411227,0
Q75J90,44689,D. discoideum,12.296919,5.727003,0
Q54NP6,44689,D. discoideum,8.591861,3.5602202,19
Q554F5,44689,D. discoideum,6.886029,8.795547,17
Q86AD8,44689,D. discoideum,9.750507,3.7957404,10
Q54XS3,44689,D. discoideum,14.480498,5.503118,12
Q54JL7,44689,D. discoideum,12.497208,3.3787928,17
Q54JW0,44689,D. discoideum,7.9481277,4.1646028,10
Q54F20,44689,D. discoideum,9.441642,3.5660772,6
Q553V1,44689,D. discoideum,9.806048,7.8162208,2
Q54BC8,44689,D. discoideum,8.045729,8.36181,1
Q54WZ3,44689,D. discoideum,6.778393,5.113965,2
Q55CA1,44689,D. discoideum,8.4058075,7.417149,2
Q54TF3,44689,D. discoideum,11.204072,6.830454,0
Q1ZXA8,44689,D. discoideum,13.4023485,7.5704255,13
Q54Q41,44689,D. discoideum,9.916141,4.0112333,10
Q54UU8,44689,D. discoideum,9.996647,2.9435737,8
Q54BP1,44689,D. discoideum,9.952336,2.8205307,8
Q54RZ9,44689,D. discoideum,13.440679,5.2793236,12
Q54T56,44689,D. discoideum,14.397073,4.358214,17
P34149,44689,D. discoideum,8.754475,16.942661,3
Q75JL5,44689,D. discoideum,13.720094,7.7842445,7
Q54RN0,44689,D. discoideum,12.637336,7.2456975,18
Q9NH03,44689,D. discoideum,11.476256,4.905594,9
Q55AA6,44689,D. discoideum,6.705694,7.987183,1
Q54LC2,44689,D. discoideum,12.197987,8.486742,0
Q54J94,44689,D. discoideum,11.74337,6.014547,9
Q54XM7,44689,D. discoideum,19.407207,13.638572,2
Q54GT9,44689,D. discoideum,6.858656,7.0017548,1
Q54BR4,44689,D. discoideum,10.23456,4.6473093,19
Q54EH1,44689,D. discoideum,12.73946,4.676697,17
Q9XYS8,44689,D. discoideum,9.432974,5.4173665,17
Q54WA6,44689,D. discoideum,13.592626,5.8883123,13
Q54LB9,44689,D. discoideum,12.12849,8.406844,0
Q54NU5,44689,D. discoideum,8.401301,9.004805,16
Q54NA0,44689,D. discoideum,8.990073,7.442835,2
Q03101,44689,D. discoideum,13.515078,8.886729,13
Q55CU7,44689,D. discoideum,11.225086,4.0208726,10
Q54PW9,44689,D. discoideum,8.876181,17.662577,3
B0G163,44689,D. discoideum,12.147556,16.407627,11
P54697,44689,D. discoideum,13.023454,6.61587,12
Q54YZ6,44689,D. discoideum,7.78196,4.3543215,19
Q556J0,44689,D. discoideum,14.175441,5.447397,12
Q54NS9,44689,D. discoideum,9.958205,2.648407,8
Q55ET3,44689,D. discoideum,8.712207,17.35384,3
P34125,44689,D. discoideum,9.47182,5.375376,17
Q86IH1,44689,D. discoideum,7.012926,4.400036,3
Q54W35,44689,D. discoideum,9.168134,5.7487726,19
Q556Y9,44689,D. discoideum,10.487117,6.5737667,2
Q54P64,44689,D. discoideum,9.451628,2.566703,4
Q86IZ4,44689,D. discoideum,12.603154,7.6415753,18
Q54LA0,44689,D. discoideum,10.920688,8.026028,18
P03967,44689,D. discoideum,9.098742,17.151976,3
P10733,44689,D. discoideum,11.071981,4.1719007,10
Q54DE4,44689,D. discoideum,13.312821,4.825143,11
Q86AG7,44689,D. discoideum,10.854319,4.4102397,19
Q94464,44689,D. discoideum,10.140469,2.623606,6
Q86A17,44689,D. discoideum,8.335596,6.956179,2
Q86IJ1,44689,D. discoideum,8.00402,13.043505,17
Q54SK0,44689,D. discoideum,14.571471,4.961488,12
P29447,44689,D. discoideum,11.096357,8.77925,2
Q54PN9,44689,D. discoideum,10.889566,3.9461107,19
P15112,44689,D. discoideum,7.700481,9.360513,16
Q55FV9,44689,D. discoideum,11.502378,8.092427,0
Q54XZ0,44689,D. discoideum,10.625306,10.861944,6
Q75JN6,44689,D. discoideum,11.321491,7.5061426,0
Q551Y7,44689,D. discoideum,11.111734,1.6394981,10
Q559R0,44689,D. discoideum,7.5851135,16.527697,3
P32256,44689,D. discoideum,10.670947,4.1815734,6
Q54BX5,44689,D. discoideum,13.517735,6.6772337,13
Q55E23,44689,D. discoideum,9.279805,6.51245,19
Q54FY7,44689,D. discoideum,11.596631,7.677896,18
Q54G86,44689,D. discoideum,10.536229,10.3216915,2
O15818,44689,D. discoideum,12.4769535,9.235015,18
P27133,44689,D. discoideum,10.958085,3.8820655,6
Q54R74,44689,D. discoideum,13.302648,7.6137967,13
Q8IS21,44689,D. discoideum,11.081854,6.3929734,15
Q55GG3,44689,D. discoideum,9.638799,8.202648,2
Q55C03,44689,D. discoideum,20.889866,0.7184582,0
Q54W23,44689,D. discoideum,13.627538,6.1701255,13
P42522,44689,D. discoideum,11.67353,7.908882,18
Q54ZC9,44689,D. discoideum,9.045685,4.1337175,4
Q553W9,44689,D. discoideum,14.934533,4.633815,12
Q9U9R7,44689,D. discoideum,12.322881,2.7267914,9
Q552R4,44689,D. discoideum,12.073744,8.428231,17
Q55BA2,44689,D. discoideum,10.091609,4.8340364,4
Q54GM7,44689,D. discoideum,10.430644,4.0995693,6
Q6RZZ9,44689,D. discoideum,9.309752,8.0067835,2
P54638,44689,D. discoideum,10.993903,6.8475685,17
Q9Y0C9,44689,D. discoideum,12.242292,5.7863803,12
O96621,44689,D. discoideum,10.987208,4.4491115,6
Q54JJ5,44689,D. discoideum,10.049685,7.741637,17
Q54DA8,44689,D. discoideum,3.1082892,1.7854247,2
Q1ZXL0,44689,D. discoideum,11.333868,4.656012,10
P22683,44689,D. discoideum,6.6820755,1.1111714,11
Q54PF3,44689,D. discoideum,8.752506,8.967449,0
Q55BA8,44689,D. discoideum,12.28184,2.9307675,10
Q556S4,44689,D. discoideum,14.478965,5.238917,12
Q54I22,44689,D. discoideum,5.64567,9.104074,1
O76765,44689,D. discoideum,8.875134,17.6493,3
Q94491,44689,D. discoideum,2.2079508,4.1609635,16
Q54PF9,44689,D. discoideum,11.364025,7.683318,18
Q54SU8,44689,D. discoideum,7.9306674,8.828913,1
P54641,44689,D. discoideum,15.181215,8.499265,7
Q54XS1,44689,D. discoideum,7.1504374,4.979608,19
Q54WA7,44689,D. discoideum,8.285305,7.409358,2
Q55FX5,44689,D. discoideum,10.814122,4.398944,10
Q54UI6,44689,D. discoideum,10.010877,7.4102416,17
P34098,44689,D. discoideum,8.787868,2.990107,4
P0DJ26,44689,D. discoideum,10.293833,7.377909,2
Q86C65,44689,D. discoideum,10.148595,2.7753239,8
Q54IS7,44689,D. discoideum,3.5667703,-3.5447197,15
Q54DH4,44689,D. discoideum,12.137029,16.426428,11
Q75J96,44689,D. discoideum,10.496673,7.764354,0
Q54TS2,44689,D. discoideum,12.668888,6.1833467,12
O15743,44689,D. discoideum,11.192846,3.426669,9
P90522,44689,D. discoideum,11.456542,2.3013933,19
Q54JM5,44689,D. discoideum,13.667006,5.2283096,12
B0G0Y8,44689,D. discoideum,7.25046,9.099333,1
Q7KWP7,44689,D. discoideum,11.218688,2.4565692,10
Q54I10,44689,D. discoideum,9.510515,9.025606,15
P09556,44689,D. discoideum,13.475713,4.6011734,15
Q54PQ2,44689,D. discoideum,8.942532,8.938174,2
Q54J35,44689,D. discoideum,8.070339,8.542041,1
Q54J08,44689,D. discoideum,11.779821,6.083422,0
Q54DK4,44689,D. discoideum,7.2858095,4.8727503,15
Q8T133,44689,D. discoideum,7.1082754,7.596468,1
Q54PT8,44689,D. discoideum,9.328423,9.009217,0
Q55AR3,44689,D. discoideum,13.462184,6.290049,13
Q54F34,44689,D. discoideum,9.093824,5.8372498,17
Q86IV4,44689,D. discoideum,9.445831,7.7029457,2
Q54AX5,44689,D. discoideum,5.0363407,2.288415,14
Q54VJ6,44689,D. discoideum,12.757663,5.521479,11
Q86CR6,44689,D. discoideum,10.915251,7.103966,0
Q54DW1,44689,D. discoideum,12.346045,3.1437752,15
Q54BQ2,44689,D. discoideum,8.124209,3.204448,5
Q9XYS3,44689,D. discoideum,7.5531363,5.2954764,0
Q550D5,44689,D. discoideum,12.473485,7.643393,18
Q54KJ1,44689,D. discoideum,14.752421,9.471656,0
P20790,44689,D. discoideum,8.749136,17.51731,3
P34115,44689,D. discoideum,9.925705,5.661169,15
Q55EZ0,44689,D. discoideum,12.183412,2.172791,10
Q54TB8,44689,D. discoideum,14.47441,5.412065,12
Q54W87,44689,D. discoideum,11.19867,0.23885453,15
Q55F37,44689,D. discoideum,10.654173,5.1897974,15
Q86AS3,44689,D. discoideum,10.931713,7.2580643,17
Q54ES8,44689,D. discoideum,14.319968,10.598512,2
Q54PN7,44689,D. discoideum,13.2259655,10.776236,15
Q86K54,44689,D. discoideum,11.463709,7.3011737,0
O61122,44689,D. discoideum,10.2788725,7.6748834,17
Q55FS3,44689,D. discoideum,8.445261,6.8342776,19
Q55CZ1,44689,D. discoideum,11.145998,1.6438227,15
Q86AS5,44689,D. discoideum,8.565839,7.3489943,2
Q54GV7,44689,D. discoideum,11.625432,2.402168,2
Q9XXV8,44689,D. discoideum,12.042745,7.581027,17
Q9TX43,44689,D. discoideum,7.0824404,8.4831505,1
Q86HN7,44689,D. discoideum,12.6964855,6.674181,18
P54704,44689,D. discoideum,10.74217,3.8289814,6
Q5FBC4,44689,D. discoideum,13.07139,9.877288,13
Q54SD4,44689,D. discoideum,10.159847,6.810356,19
Q54K81,44689,D. discoideum,14.035894,4.94058,17
P95011,83332,M. tuberculosis,10.89375,-5.864862,14
O05456,83332,M. tuberculosis,12.340741,7.836266,18
P9WKD3,83332,M. tuberculosis,12.375323,2.7188787,17
P9WI79,83332,M. tuberculosis,4.8753223,8.011838,19
O33333,83332,M. tuberculosis,8.446575,7.2845507,1
P9WPG9,83332,M. tuberculosis,8.275109,9.405368,16
P71875,83332,M. tuberculosis,11.379481,4.8193054,15
P9WI09,83332,M. tuberculosis,9.461894,5.1057706,15
P9WHS3,83332,M. tuberculosis,8.518082,7.516663,15
Q10884,83332,M. tuberculosis,14.255492,6.4857955,12
O05841,83332,M. tuberculosis,13.007955,4.7946215,12
I6Y242,83332,M. tuberculosis,8.573935,8.190453,16
P9WQK3,83332,M. tuberculosis,12.067246,2.1811433,10
P9WFV9,83332,M. tuberculosis,11.864478,7.613397,17
P9WKX7,83332,M. tuberculosis,9.631737,2.656596,8
P72043,83332,M. tuberculosis,-3.356939,4.962821,2
P9WGL7,83332,M. tuberculosis,7.3996954,8.993938,16
P9WK77,83332,M. tuberculosis,8.177442,9.83404,16
O07726,83332,M. tuberculosis,8.224825,9.698104,16
P9WN01,83332,M. tuberculosis,8.897406,7.0563865,19
P9WL45,83332,M. tuberculosis,7.8935604,7.8546624,1
P9WPL1,83332,M. tuberculosis,13.235509,5.1606083,11
P9WNK7,83332,M. tuberculosis,8.53864,9.618658,2
O33193,83332,M. tuberculosis,7.381483,9.230277,16
O07251,83332,M. tuberculosis,7.458886,9.156663,16
P9WPU7,83332,M. tuberculosis,11.720357,6.099128,2
P9WPZ3,83332,M. tuberculosis,10.409565,4.5236864,6
O53716,83332,M. tuberculosis,11.563339,2.993784,6
P9WJA7,83332,M. tuberculosis,7.751391,9.880398,0
P9WN79,83332,M. tuberculosis,8.854885,8.797183,16
O05450,83332,M. tuberculosis,11.971416,7.905724,18
P9WF23,83332,M. tuberculosis,7.5709805,10.040625,16
P9WKB7,83332,M. tuberculosis,11.804231,2.9312885,10
P9WN85,83332,M. tuberculosis,7.1302676,9.1162615,1
O06545,83332,M. tuberculosis,9.926612,8.090783,15
P9WPQ7,83332,M. tuberculosis,9.426169,2.4258728,8
P9WJZ7,83332,M. tuberculosis,7.0883055,9.238402,1
P9WN43,83332,M. tuberculosis,7.826878,4.889595,0
O53930,83332,M. tuberculosis,11.182397,4.7271385,9
P9WNW1,83332,M. tuberculosis,10.715261,3.8321824,6
P72042,83332,M. tuberculosis,10.666032,3.0717912,6
O53816,83332,M. tuberculosis,8.242553,5.5312557,2
Q79FX5,83332,M. tuberculosis,7.447922,9.48626,16
P9WKW9,83332,M. tuberculosis,12.522699,9.41986,18
P9WHR9,83332,M. tuberculosis,7.5359993,8.479501,1
P9WJ11,83332,M. tuberculosis,14.667257,8.15287,13
P9WK45,83332,M. tuberculosis,8.2004175,9.684131,16
P9WGK5,83332,M. tuberculosis,5.0184364,2.2486386,14
P9WKC1,83332,M. tuberculosis,8.386118,9.510015,0
P9WNN9,83332,M. tuberculosis,7.8890324,7.7319136,1
P9WJ69,83332,M. tuberculosis,7.3683805,9.0109825,16
P9WGJ5,83332,M. tuberculosis,7.62581,8.854609,16
P9WPD3,83332,M. tuberculosis,7.235092,5.4119043,2
P9WKJ7,83332,M. tuberculosis,12.023061,7.002061,17
P96816,83332,M. tuberculosis,18.89893,4.5129323,17
P9WJE1,83332,M. tuberculosis,9.6056,7.2795324,17
O06367,83332,M. tuberculosis,10.893812,-5.865,14
P9WQ79,83332,M. tuberculosis,7.606471,9.442361,16
P9WPS1,83332,M. tuberculosis,7.5868645,6.1502123,2
P9WGY7,83332,M. tuberculosis,8.857845,8.189734,2
P9WF13,83332,M. tuberculosis,7.555348,10.057849,16
O53836,83332,M. tuberculosis,7.052366,9.243327,16
P9WN33,83332,M. tuberculosis,4.8440466,8.0006075,14
P9WF69,83332,M. tuberculosis,7.450937,9.457588,16
P9WNF7,83332,M. tuberculosis,8.428833,6.6662173,15
Q6MX01,83332,M. tuberculosis,7.781447,9.737616,16
P9WP77,83332,M. tuberculosis,9.5812435,8.736211,15
O50398,83332,M. tuberculosis,7.6530733,9.356621,16
P9WJA1,83332,M. tuberculosis,12.37763,-0.83611566,19
P9WM57,83332,M. tuberculosis,7.9333315,8.411557,16
P9WMC1,83332,M. tuberculosis,7.0009418,9.202188,1
O53484,83332,M. tuberculosis,7.0086303,9.107771,16
P9WLZ7,83332,M. tuberculosis,4.7049556,8.168206,15
P9WJ73,83332,M. tuberculosis,8.002169,8.674015,16
P9WNV9,83332,M. tuberculosis,14.804944,8.397917,7
P9WJ09,83332,M. tuberculosis,7.6014233,9.96172,0
P9WPE9,83332,M. tuberculosis,12.4396515,3.9845748,18
P9WJU1,83332,M. tuberculosis,10.570911,2.9351504,8
O53645,83332,M. tuberculosis,11.742255,7.3530374,18
P9WLE5,83332,M. tuberculosis,15.840625,8.301155,7
O53762,83332,M. tuberculosis,7.1525593,4.871796,19
P96217,83332,M. tuberculosis,14.718999,5.4849515,12
O53165,83332,M. tuberculosis,7.023131,9.251554,16
I6Y120,83332,M. tuberculosis,11.535842,3.823505,6
O07248,83332,M. tuberculosis,9.89913,2.6629748,8
P9WG97,83332,M. tuberculosis,15.149954,15.449681,9
P9WFJ9,83332,M. tuberculosis,9.482581,8.5019655,16
P9WL19,83332,M. tuberculosis,8.303807,8.433717,1
P9WG89,83332,M. tuberculosis,10.329615,2.8906324,8
P96276,83332,M. tuberculosis,7.4794793,9.132995,1
P9WQ49,83332,M. tuberculosis,11.457078,6.6332436,0
P9WNZ1,83332,M. tuberculosis,9.080436,7.93581,11
P95073,83332,M. tuberculosis,6.92263,8.50693,4
O07752,83332,M. tuberculosis,11.633882,4.7259617,10
O69681,83332,M. tuberculosis,11.691773,7.4901147,18
P9WHH7,83332,M. tuberculosis,4.785779,2.440662,15
P96378,83332,M. tuberculosis,8.193697,9.613559,16
P9WMU7,83332,M. tuberculosis,9.298495,8.91944,16
P9WHF9,83332,M. tuberculosis,11.663799,5.145607,9
O50461,83332,M. tuberculosis,7.836559,9.212683,1
P9WIL5,83332,M. tuberculosis,11.086109,3.4471877,19
P9WQG3,83332,M. tuberculosis,13.69529,8.418311,13
P9WNT7,83332,M. tuberculosis,10.892711,3.0377514,4
P96210,83332,M. tuberculosis,11.139902,3.4445667,6
O07807,83332,M. tuberculosis,7.4712367,8.417914,1
P9WLG1,83332,M. tuberculosis,11.499699,4.0355663,9
P71592,83332,M. tuberculosis,7.784519,9.743822,0
O05838,83332,M. tuberculosis,7.713805,9.520395,13
P9WFB7,83332,M. tuberculosis,7.390712,9.529354,16
P9WGM1,83332,M. tuberculosis,6.6918106,8.740383,16
P95034,83332,M. tuberculosis,11.34811,7.556784,17
P9WIC9,83332,M. tuberculosis,7.366543,8.590912,1
P9WM15,83332,M. tuberculosis,8.196216,9.78774,0
P9WFJ7,83332,M. tuberculosis,3.5530872,-3.5576909,2
P71701,83332,M. tuberculosis,7.3370705,9.028488,1
P9WMK1,83332,M. tuberculosis,15.785938,6.5929995,1
O69723,83332,M. tuberculosis,6.87672,6.9169254,1
O69667,83332,M. tuberculosis,7.504552,9.290947,16
P9WH67,83332,M. tuberculosis,10.309773,10.446215,2
P9WPA3,83332,M. tuberculosis,11.631472,3.7126083,9
P9WJ93,83332,M. tuberculosis,10.232934,3.2202628,8
P9WG65,83332,M. tuberculosis,8.195315,9.657799,16
A0A089QRB9,83332,M. tuberculosis,11.94699,5.810339,0
P9WK03,83332,M. tuberculosis,7.2240148,8.811462,1
P9WQF9,83332,M. tuberculosis,14.475122,5.5931225,12
O06625,83332,M. tuberculosis,10.636288,6.082512,2
P9WGL3,83332,M. tuberculosis,11.45224,5.269333,15
P9WHR7,83332,M. tuberculosis,7.540736,8.767659,1
P9WQB5,83332,M. tuberculosis,8.393935,8.60883,16
P9WK07,83332,M. tuberculosis,9.432163,5.3166995,15
P9WKX3,83332,M. tuberculosis,7.7481,8.593555,6
P9WJV3,83332,M. tuberculosis,10.933614,9.268371,15
P9WMX3,83332,M. tuberculosis,13.091165,8.516954,0
P9WHE5,83332,M. tuberculosis,7.852486,7.4432535,19
P9WPK7,83332,M. tuberculosis,14.584153,5.2605095,12
P9WQ59,83332,M. tuberculosis,12.5471525,2.612713,9
O53633,83332,M. tuberculosis,9.194262,3.784402,4
P9WG79,83332,M. tuberculosis,8.463264,7.519818,2
P95224,83332,M. tuberculosis,8.427698,7.2505994,1
O07719,83332,M. tuberculosis,7.842785,9.46877,16
P9WIQ7,83332,M. tuberculosis,15.112334,8.454534,7
P9WHB7,83332,M. tuberculosis,10.539832,10.162313,2
P9WGI1,83332,M. tuberculosis,9.718565,2.7896802,4
O06582,83332,M. tuberculosis,7.8790193,7.3352265,1
P9WFR1,83332,M. tuberculosis,13.496503,4.6553187,11
O53921,83332,M. tuberculosis,7.4792423,8.994558,16
O53176,83332,M. tuberculosis,4.8459344,2.0596745,14
P9WGT1,83332,M. tuberculosis,7.9653974,6.90419,1
P9WPN1,83332,M. tuberculosis,12.264167,1.3784996,10
P9WLW5,83332,M. tuberculosis,8.00269,8.315123,1
P9WH87,83332,M. tuberculosis,10.39128,10.326765,2
P9WJA9,83332,M. tuberculosis,7.432191,8.692537,16
P9WJI7,83332,M. tuberculosis,10.951786,4.3391066,6
P9WG27,83332,M. tuberculosis,8.14269,9.687369,0
P9WJV7,83332,M. tuberculosis,7.3012114,6.4218583,15
P9WI55,83332,M. tuberculosis,8.532148,8.120099,16
P9WFN9,83332,M. tuberculosis,7.248766,6.375593,16
O53873,83332,M. tuberculosis,13.039495,10.939071,4
P96912,83332,M. tuberculosis,13.162476,6.6834316,12
P9WGL9,83332,M. tuberculosis,6.7161007,8.750453,16
O53360,83332,M. tuberculosis,12.841519,6.586019,11
P9WNM1,83332,M. tuberculosis,9.434931,2.4910035,5
P9WLT9,83332,M. tuberculosis,7.546364,9.39727,1
P9WF91,83332,M. tuberculosis,7.457173,9.395163,1
O50408,83332,M. tuberculosis,9.96837,3.208185,4
O53562,83332,M. tuberculosis,13.4949255,5.746485,12
O53781,83332,M. tuberculosis,10.1285925,7.0707836,17
P9WMB5,83332,M. tuberculosis,9.363437,3.0523086,4
P9WH15,83332,M. tuberculosis,10.911927,9.799097,17
P9WN91,83332,M. tuberculosis,8.273137,7.786951,2
P9WMQ3,83332,M. tuberculosis,9.241248,9.069481,0
O50392,83332,M. tuberculosis,7.6401114,9.417358,16
O53531,83332,M. tuberculosis,7.6782846,16.45357,3
P9WGY5,83332,M. tuberculosis,7.8973684,8.287091,1
P9WGC7,83332,M. tuberculosis,10.321094,3.1893272,8
P9WMV7,83332,M. tuberculosis,7.4356914,14.280924,11
P9WIS3,83332,M. tuberculosis,9.251159,4.3855057,2
O69699,83332,M. tuberculosis,7.802169,8.22035,1
P9WLH3,83332,M. tuberculosis,7.321299,9.365621,1
P9WG23,83332,M. tuberculosis,11.389976,7.3532257,0
P9WF75,83332,M. tuberculosis,7.4728346,9.498978,16
P96258,83332,M. tuberculosis,10.390773,6.892366,2
P9WF17,83332,M. tuberculosis,7.5646,10.044021,16
P9WHW5,83332,M. tuberculosis,7.6259127,9.514858,16
P9WJ03,83332,M. tuberculosis,9.442689,5.1641374,15
I6Y4U9,83332,M. tuberculosis,19.406359,13.643005,15
P71778,83332,M. tuberculosis,10.427818,7.9841404,17
O53336,83332,M. tuberculosis,12.738443,8.009549,0
P9WIV1,83332,M. tuberculosis,7.2311773,9.27251,1
O86336,83332,M. tuberculosis,12.321291,2.7007804,10
P9WGJ3,83332,M. tuberculosis,14.615743,8.415366,7
O53670,83332,M. tuberculosis,9.278917,7.7813587,16
O06614,83332,M. tuberculosis,9.43688,5.5943255,14
P9WG69,83332,M. tuberculosis,12.376389,-0.8357304,4
P9WMY3,83332,M. tuberculosis,13.361324,5.4557977,12
O53533,83332,M. tuberculosis,13.13854,7.481199,13
O53182,83332,M. tuberculosis,14.11119,5.2419434,12
I6Y946,83332,M. tuberculosis,7.7077546,9.17847,16
O53408,83332,M. tuberculosis,7.812723,9.537605,1
O07422,83332,M. tuberculosis,8.035428,9.717082,16
P9WNV5,83332,M. tuberculosis,10.518922,5.748661,15
P9WNF3,83332,M. tuberculosis,8.258537,9.593575,2
P9WGC1,83332,M. tuberculosis,6.9359736,8.678842,1
O05861,83332,M. tuberculosis,8.104641,8.282782,16
P9WJA5,83332,M. tuberculosis,8.048959,9.483596,17
P9WKB1,83332,M. tuberculosis,10.554358,7.092922,17
P9WGQ9,83332,M. tuberculosis,7.932677,6.865444,1
P96847,83332,M. tuberculosis,14.300657,8.198409,7
P9WNY7,83332,M. tuberculosis,12.299203,6.3874183,0
P9WHJ9,83332,M. tuberculosis,13.73968,3.7493477,19
O53639,83332,M. tuberculosis,14.215622,5.1149945,12
O69730,83332,M. tuberculosis,6.6331573,8.731829,1
P9WH39,83332,M. tuberculosis,13.476456,5.6550527,11
P9WP55,83332,M. tuberculosis,13.847938,8.181753,13
P9WKV1,83332,M. tuberculosis,14.926971,4.630109,12
P9WND7,83332,M. tuberculosis,9.375616,6.954119,15
P9WIE3,83332,M. tuberculosis,7.6211658,9.135235,1
P9WHP9,83332,M. tuberculosis,8.042191,5.027061,2
P9WIP9,83332,M. tuberculosis,12.644881,6.695356,11
P9WGP1,83332,M. tuberculosis,10.724561,7.7942247,0
P9WIG7,83332,M. tuberculosis,8.495478,9.585309,16
O33321,83332,M. tuberculosis,7.350778,8.810436,1
P9WJH5,83332,M. tuberculosis,9.263106,8.832472,2
P9WQJ5,83332,M. tuberculosis,8.903842,2.2053697,5
P9WIK3,83332,M. tuberculosis,7.351615,8.624526,1
O07776,83332,M. tuberculosis,6.724471,8.767808,16
P96878,83332,M. tuberculosis,11.715297,7.0748596,0
P9WHQ9,83332,M. tuberculosis,8.009237,8.003767,1
P9WLR5,83332,M. tuberculosis,7.6714673,8.080684,19
P96221,83332,M. tuberculosis,14.077107,6.484504,13
L0T864,83332,M. tuberculosis,7.151279,9.166531,1
P9WMQ1,83332,M. tuberculosis,11.478655,7.3383546,17
O06570,83332,M. tuberculosis,11.037199,0.5794968,19
P9WGY9,83332,M. tuberculosis,12.279733,6.1715975,17
P9WMN9,83332,M. tuberculosis,12.976846,10.83103,4
I6YFP0,83332,M. tuberculosis,7.7699227,5.6162457,0
P9WPL5,83332,M. tuberculosis,10.539984,5.447286,19
P9WQ37,83332,M. tuberculosis,13.414295,7.183858,18
P9WG19,83332,M. tuberculosis,9.546905,2.2327514,5
O06391,83332,M. tuberculosis,7.229426,8.654274,1
P96414,83332,M. tuberculosis,11.399993,4.8353343,17
P9WKM1,83332,M. tuberculosis,7.7712836,9.380077,16
P9WMI9,83332,M. tuberculosis,7.5865903,9.358353,16
P71540,83332,M. tuberculosis,9.236992,7.0777926,2
P9WH11,83332,M. tuberculosis,7.423026,9.226409,1
P9WMJ5,83332,M. tuberculosis,7.51529,9.175157,16
P9WHY9,83332,M. tuberculosis,14.291254,6.286922,11
P9WIW1,83332,M. tuberculosis,12.105054,8.371649,18
P9WGD1,83332,M. tuberculosis,9.599458,3.8049898,10
P9WIB9,83332,M. tuberculosis,8.064153,9.70492,16
P9WKI3,83332,M. tuberculosis,11.036114,5.9982543,15
O33283,83332,M. tuberculosis,7.5292025,9.2727165,1
P9WLQ9,83332,M. tuberculosis,12.062107,9.047704,17
P72040,83332,M. tuberculosis,7.58413,9.434004,16
P9WNQ9,83332,M. tuberculosis,8.425314,7.236402,2
P9WIR9,83332,M. tuberculosis,12.310558,2.7191606,9
O06577,83332,M. tuberculosis,6.951804,-3.5811317,3
O53168,83332,M. tuberculosis,9.925063,4.623635,19
O06159,83332,M. tuberculosis,10.34862,5.088061,19
O06389,83332,M. tuberculosis,7.723809,9.340821,16
O53203,83332,M. tuberculosis,10.78962,4.6712418,10
P9WL77,83332,M. tuberculosis,14.217772,4.9763465,12
P9WQ35,83332,M. tuberculosis,8.509418,4.342074,6
P9WQD9,83332,M. tuberculosis,9.843918,7.853921,0
O50393,83332,M. tuberculosis,7.3270707,9.086551,1
P9WH47,83332,M. tuberculosis,11.729624,8.642711,0
O05900,83332,M. tuberculosis,8.72189,7.301301,2
O33289,83332,M. tuberculosis,7.8024454,8.083006,1
O69704,83332,M. tuberculosis,11.151774,8.56231,15
O53701,83332,M. tuberculosis,7.73459,9.098828,16
P9WGW3,83332,M. tuberculosis,7.176352,9.242708,1
O06542,83332,M. tuberculosis,7.477516,7.6209397,1
P96419,83332,M. tuberculosis,9.987001,6.8954215,0
P9WGI9,83332,M. tuberculosis,11.046906,3.827723,10
P9WLH5,83332,M. tuberculosis,10.144025,7.310547,17
P71986,83332,M. tuberculosis,8.113603,9.63012,16
P9WLQ1,83332,M. tuberculosis,8.182087,9.8202095,16
P71968,83332,M. tuberculosis,7.4308085,9.221959,16
P9WJ85,83332,M. tuberculosis,7.583123,10.015898,16
P9WGP5,83332,M. tuberculosis,11.090886,4.3746176,6
P9WG05,83332,M. tuberculosis,9.54489,8.724086,2
P9WHW9,83332,M. tuberculosis,12.113029,9.021806,17
P9WPI9,83332,M. tuberculosis,12.240214,5.5984917,0
O06540,83332,M. tuberculosis,15.840044,8.272267,7
P9WH51,83332,M. tuberculosis,10.496098,9.779941,16
O53519,83332,M. tuberculosis,7.809259,9.473817,1
P9WHQ5,83332,M. tuberculosis,7.1840577,9.239347,1
O53901,83332,M. tuberculosis,8.474381,3.9404175,19
P9WG15,83332,M. tuberculosis,10.318862,-8.082857,15
P9WKL5,83332,M. tuberculosis,7.5468264,9.412236,16
P9WN71,83332,M. tuberculosis,11.538112,6.789345,0
P9WQJ9,83332,M. tuberculosis,12.809966,6.0848784,11
P9WPT9,83332,M. tuberculosis,7.4879794,8.606792,16
O69652,83332,M. tuberculosis,7.472624,9.012625,16
O53590,83332,M. tuberculosis,7.266503,9.273329,1
P9WJG3,83332,M. tuberculosis,7.1216016,9.104713,4
O53682,83332,M. tuberculosis,8.8964205,2.3740292,5
O05444,83332,M. tuberculosis,8.144878,9.671692,16
P95100,83332,M. tuberculosis,7.029225,9.225488,16
O86335,83332,M. tuberculosis,14.236712,4.640945,12
O69732,83332,M. tuberculosis,8.024688,9.592849,16
P9WNX3,83332,M. tuberculosis,11.41286,3.1845858,10
P9WH65,83332,M. tuberculosis,8.046507,7.9117875,1
P9WHK5,83332,M. tuberculosis,8.195238,8.002053,16
P71716,83332,M. tuberculosis,8.889014,5.7271767,19
P9WPA7,83332,M. tuberculosis,4.698489,4.3029943,12
P9WIR3,83332,M. tuberculosis,8.187973,7.772373,1
P71738,83332,M. tuberculosis,7.760353,9.49833,16
P9WQ43,83332,M. tuberculosis,8.693821,7.6857715,2
P9WFB9,83332,M. tuberculosis,7.45065,9.456425,16
O05442,83332,M. tuberculosis,7.427424,8.797035,16
P9WMH1,83332,M. tuberculosis,7.235045,9.205332,1
P9WHC3,83332,M. tuberculosis,10.413567,10.221414,2
P9WNQ7,83332,M. tuberculosis,9.510332,2.5237784,5
P9WI85,83332,M. tuberculosis,7.461267,9.27113,1
O53451,83332,M. tuberculosis,7.5754786,9.940463,16
P9WID7,83332,M. tuberculosis,13.967798,5.240829,12
P9WLP5,83332,M. tuberculosis,12.756485,6.8127575,0
O53661,83332,M. tuberculosis,7.0693254,9.212442,16
P9WIR5,83332,M. tuberculosis,7.5642457,8.753258,1
P9WP11,83332,M. tuberculosis,7.6840143,9.326229,1
Q6MWW7,83332,M. tuberculosis,7.6536164,4.260251,19
P9WNT1,83332,M. tuberculosis,8.837543,5.3095746,2
P9WLR9,83332,M. tuberculosis,8.218323,9.785692,16
P9WNR3,83332,M. tuberculosis,10.935302,6.097769,0
P9WKC9,83332,M. tuberculosis,4.727818,1.9594198,14
P9WI39,83332,M. tuberculosis,9.022833,2.6404507,8
P9WKA7,83332,M. tuberculosis,11.619961,6.0392833,0
O53554,83332,M. tuberculosis,13.196139,5.033819,6
P9WK59,83332,M. tuberculosis,8.156115,9.767657,16
I6Y1Q2,83332,M. tuberculosis,7.150519,9.228752,1
P9WN31,83332,M. tuberculosis,9.832204,8.519353,1
O05296,83332,M. tuberculosis,12.543424,5.871994,0
P9WI41,83332,M. tuberculosis,12.146204,5.4351788,17
P9WJC1,83332,M. tuberculosis,10.587872,6.547529,2
P9WGS9,83332,M. tuberculosis,7.560602,8.999679,16
P9WFE3,83332,M. tuberculosis,8.171856,8.298029,16
P9WKZ9,83332,M. tuberculosis,7.7977147,9.390731,16
P9WQ33,83332,M. tuberculosis,9.745368,4.147916,14
P71838,83332,M. tuberculosis,12.981278,3.453723,12
P9WJX3,83332,M. tuberculosis,11.875826,2.86566,10
P9WKT3,83332,M. tuberculosis,14.786231,4.6442037,12
P9WKA5,83332,M. tuberculosis,13.620189,6.9378104,13
P96285,83332,M. tuberculosis,11.139406,6.4272947,15
P9WNE1,83332,M. tuberculosis,7.5619497,9.311176,16
P9WN35,83332,M. tuberculosis,7.6080866,8.880588,16
P9WGM3,83332,M. tuberculosis,6.8851905,8.745348,1
P95233,83332,M. tuberculosis,7.77403,9.472474,16
Q6MWZ7,83332,M. tuberculosis,7.369604,9.388451,16
P9WFD7,83332,M. tuberculosis,8.851486,17.621742,3
P9WPP7,83332,M. tuberculosis,8.348012,7.4559464,15
P9WJT3,83332,M. tuberculosis,8.120455,9.788239,16
P96284,83332,M. tuberculosis,7.213817,5.1257257,0
O53190,83332,M. tuberculosis,11.186813,6.7098064,0
O53675,83332,M. tuberculosis,7.312343,9.272268,1
P9WM73,83332,M. tuberculosis,7.834632,9.685877,16
P9WJY7,83332,M. tuberculosis,9.100455,8.184577,2
P9WK37,83332,M. tuberculosis,10.779056,3.7429488,8
P9WGT7,83332,M. tuberculosis,9.7967,6.064646,6
P96821,83332,M. tuberculosis,13.965641,7.2312303,13
O69659,83332,M. tuberculosis,9.528813,9.056439,17
O53619,83332,M. tuberculosis,11.940806,5.8826523,0
P9WGX3,83332,M. tuberculosis,12.287599,1.3510157,10
P9WIT1,83332,M. tuberculosis,8.634336,7.336012,15
P9WPG3,83332,M. tuberculosis,6.964814,6.4019146,1
P9WH43,83332,M. tuberculosis,12.839627,0.37211227,14
P9WI97,83332,M. tuberculosis,7.213085,9.107302,1
P9WJ01,83332,M. tuberculosis,10.983706,0.32618645,3
Q50631,83332,M. tuberculosis,8.907522,7.2867966,2
O53671,83332,M. tuberculosis,14.388072,8.412914,13
P9WJY3,83332,M. tuberculosis,9.206694,5.457779,15
P9WMN5,83332,M. tuberculosis,8.523662,8.393949,1
P9WJ89,83332,M. tuberculosis,7.5341845,9.948143,16
O53605,83332,M. tuberculosis,9.961769,12.378843,15
P9WIS5,83332,M. tuberculosis,8.981633,7.22899,2
P9WQ23,83332,M. tuberculosis,9.764893,3.5360808,8
P9WN39,83332,M. tuberculosis,7.4754586,8.879717,1
P9WGU1,83332,M. tuberculosis,10.05828,5.718482,19
P96935,83332,M. tuberculosis,12.355489,3.359081,17
P9WKD7,83332,M. tuberculosis,8.05226,8.345787,16
O86326,83332,M. tuberculosis,15.819003,8.2908125,7
P95046,83332,M. tuberculosis,15.869747,8.303549,7
P9WPR9,83332,M. tuberculosis,11.424658,7.6876407,17
P9WJS7,83332,M. tuberculosis,8.193582,9.78965,16
P9WN65,83332,M. tuberculosis,14.310506,6.5780063,12
P9WLF9,83332,M. tuberculosis,15.846279,8.308371,7
O07796,83332,M. tuberculosis,12.191989,6.3605886,17
P9WQG7,83332,M. tuberculosis,7.5971947,9.094788,16
P9WGD5,83332,M. tuberculosis,7.7681174,7.367296,4
P9WIW9,83332,M. tuberculosis,10.932819,2.497793,8
O50444,83332,M. tuberculosis,9.633541,8.529354,0
P9WND9,83332,M. tuberculosis,7.4030695,8.8735075,1
P9WJN1,83332,M. tuberculosis,8.967245,17.050829,4
P9WFH5,83332,M. tuberculosis,14.15631,7.989961,13
P9WGV5,83332,M. tuberculosis,10.643421,9.759815,0
O06359,83332,M. tuberculosis,9.084364,2.1524408,5
P9WJ77,83332,M. tuberculosis,7.3030224,8.233086,4
P9WNZ3,83332,M. tuberculosis,5.0898876,2.27336,14
P9WJI9,83332,M. tuberculosis,11.36196,7.2550497,0
P9WQE7,83332,M. tuberculosis,12.267728,7.456317,0
O86337,83332,M. tuberculosis,8.187955,9.835031,0
O07175,83332,M. tuberculosis,12.247866,1.4493247,10
P9WPD1,83332,M. tuberculosis,10.035471,3.3261518,8
P9WIT7,83332,M. tuberculosis,13.932539,7.177456,13
P9WIC5,83332,M. tuberculosis,12.843896,8.032181,17
P9WLP1,83332,M. tuberculosis,7.9413834,8.250372,16
P9WNK3,83332,M. tuberculosis,8.555633,9.571189,1
O06538,83332,M. tuberculosis,8.902127,5.717724,2
P9WHM5,83332,M. tuberculosis,7.098367,9.249017,1
P9WQC5,83332,M. tuberculosis,10.112681,5.3762455,15
P9WMM1,83332,M. tuberculosis,7.225627,9.177975,1
O06576,83332,M. tuberculosis,3.6673858,7.877952,17
P9WQM9,83332,M. tuberculosis,10.647637,7.25004,17
P71622,83332,M. tuberculosis,7.5788527,10.034593,0
P9WMR3,83332,M. tuberculosis,14.393232,5.54851,12
P9WHE1,83332,M. tuberculosis,10.506074,10.686339,2
O53561,83332,M. tuberculosis,12.576955,3.3684218,0
P9WQD5,83332,M. tuberculosis,7.7376313,9.383665,16
P9WNE3,83332,M. tuberculosis,8.314704,8.004944,19
P9WJ13,83332,M. tuberculosis,14.233541,8.157252,13
P9WP71,83332,M. tuberculosis,6.571502,6.804245,4
O53970,83332,M. tuberculosis,12.783465,8.348727,0
O06798,83332,M. tuberculosis,7.4182525,5.3439717,15
P9WJE7,83332,M. tuberculosis,9.223965,2.306889,5
O33248,83332,M. tuberculosis,10.955158,3.6598196,10
P9WQ53,83332,M. tuberculosis,8.251848,5.494554,15
P9WNS5,83332,M. tuberculosis,7.3819838,8.744933,1
P9WGV1,83332,M. tuberculosis,13.739983,6.9470983,13
O06406,83332,M. tuberculosis,7.1563406,9.281845,1
P9WFP9,83332,M. tuberculosis,7.513837,7.932232,8
P72007,83332,M. tuberculosis,11.038664,7.2112026,15
P9WFG1,83332,M. tuberculosis,15.027312,15.615582,9
P9WNL7,83332,M. tuberculosis,9.450445,3.7273932,4
P71594,83332,M. tuberculosis,8.361657,7.72597,2
P9WP53,83332,M. tuberculosis,2.2081437,4.160993,16
P9WF41,83332,M. tuberculosis,7.789932,9.703809,16
P95148,83332,M. tuberculosis,11.377341,7.1576943,2
O06608,83332,M. tuberculosis,7.7402077,8.666463,1
O53923,83332,M. tuberculosis,7.744213,9.513323,16
P9WMR1,83332,M. tuberculosis,13.119651,8.729218,0
P9WJ35,83332,M. tuberculosis,7.5386024,10.04869,16
P9WKI7,83332,M. tuberculosis,12.746982,7.842628,18
P9WQ39,83332,M. tuberculosis,11.73002,5.7431965,17
Q79FE1,83332,M. tuberculosis,8.455629,9.591629,0
O69722,83332,M. tuberculosis,6.855398,6.938741,1
P9WK99,83332,M. tuberculosis,8.866281,2.193545,5
P9WLS3,83332,M. tuberculosis,7.724834,9.460846,16
P9WJS3,83332,M. tuberculosis,14.419885,6.5362606,13
P9WHD9,83332,M. tuberculosis,10.508629,10.285345,2
Q11061,83332,M. tuberculosis,10.240797,7.147926,19
P9WN11,83332,M. tuberculosis,11.114351,7.392034,0
P0CL61,83332,M. tuberculosis,7.563834,10.037961,16
O06790,83332,M. tuberculosis,10.005979,2.4795372,8
P95131,83332,M. tuberculosis,8.207904,8.686985,1
P9WJW7,83332,M. tuberculosis,7.8271484,11.398088,15
P9WHP1,83332,M. tuberculosis,8.706243,4.5629187,15
P9WPA9,83332,M. tuberculosis,7.242425,9.241183,1
P9WKB3,83332,M. tuberculosis,9.961806,5.950201,2
O06797,83332,M. tuberculosis,8.551586,8.49688,16
O53347,83332,M. tuberculosis,13.112841,9.830757,0
P9WJD1,83332,M. tuberculosis,8.518133,9.603308,16
P71889,83332,M. tuberculosis,12.231245,5.218002,9
O07747,83332,M. tuberculosis,8.081982,9.683439,0
P9WGS3,83332,M. tuberculosis,14.379728,5.0382195,12
O53953,83332,M. tuberculosis,8.158813,9.806141,16
O06560,83332,M. tuberculosis,9.338036,5.3760643,15
O06553,83332,M. tuberculosis,7.6475496,9.368059,16
O53399,83332,M. tuberculosis,7.649368,9.473663,16
O53489,83332,M. tuberculosis,8.186637,9.819351,16
O69687,83332,M. tuberculosis,10.237596,7.668024,17
P9WNB9,83332,M. tuberculosis,13.8757515,7.4781895,13
P9WNI9,83332,M. tuberculosis,8.5545,9.563378,1
P9WQ29,83332,M. tuberculosis,13.634869,4.588113,11
O33268,83332,M. tuberculosis,9.733817,3.18902,5
O33298,83332,M. tuberculosis,11.149676,3.8538764,10
O06583,83332,M. tuberculosis,10.687717,7.9404025,17
P9WHZ5,83332,M. tuberculosis,8.642529,7.190577,19
O53521,83332,M. tuberculosis,7.9019976,11.164746,15
O06152,83332,M. tuberculosis,11.223141,6.2980027,17
P9WHK3,83332,M. tuberculosis,7.7834477,8.291175,16
O33347,83332,M. tuberculosis,7.5562477,10.0601845,16
O53527,83332,M. tuberculosis,8.17435,9.822822,0
O06556,83332,M. tuberculosis,8.279633,9.596428,11
O33346,83332,M. tuberculosis,8.767555,9.034286,2
P9WNW9,83332,M. tuberculosis,8.284504,8.251715,1
P95087,83332,M. tuberculosis,10.15085,7.6845837,0
P9WPA1,83332,M. tuberculosis,10.619068,5.438137,0
P95024,83332,M. tuberculosis,9.326402,6.6404057,15
O50419,83332,M. tuberculosis,9.531125,7.2496595,2
P9WGU5,83332,M. tuberculosis,7.5256004,8.857973,1
P9WKE5,83332,M. tuberculosis,8.841653,3.2330816,8
P9WH83,83332,M. tuberculosis,10.183243,10.437879,2
P9WGS1,83332,M. tuberculosis,10.657021,7.7172503,17
P9WIU5,83332,M. tuberculosis,7.4510417,8.298845,1
P9WL83,83332,M. tuberculosis,8.176871,9.813914,16
O33329,83332,M. tuberculosis,7.899286,10.977738,19
P95017,83332,M. tuberculosis,8.248588,8.937729,11
P9WKD9,83332,M. tuberculosis,9.779964,3.427223,4
O07750,83332,M. tuberculosis,8.165755,9.8326,16
O53734,83332,M. tuberculosis,10.645595,7.154684,17
P0ADA1,83333,E. coli,7.6567974,8.461589,1
P37902,83333,E. coli,10.334735,3.565178,10
P0ADK8,83333,E. coli,12.4909525,6.4653893,0
P76080,83333,E. coli,8.549701,8.5549555,16
P37339,83333,E. coli,11.124436,8.086214,0
P0AG59,83333,E. coli,10.434961,10.252296,2
P0A7V8,83333,E. coli,9.233429,8.411218,1
P75874,83333,E. coli,7.7546396,7.6878734,1
P46130,83333,E. coli,9.430428,7.3587203,2
P68066,83333,E. coli,12.819099,7.7018557,13
P21367,83333,E. coli,7.490442,7.4350843,4
P31125,83333,E. coli,10.672718,3.5939147,8
Q47706,83333,E. coli,11.858492,1.9451803,19
P0ADH5,83333,E. coli,9.483804,7.897764,19
P31130,83333,E. coli,8.578195,8.960835,11
P10805,83333,E. coli,6.880552,8.765683,17
P24241,83333,E. coli,11.700477,6.5189276,0
P76082,83333,E. coli,7.9133773,7.927161,1
P0A9F6,83333,E. coli,12.152295,4.668865,9
P69210,83333,E. coli,6.6770387,6.630687,14
P10903,83333,E. coli,12.305776,2.521234,17
P31658,83333,E. coli,8.320131,9.539964,2
P76515,83333,E. coli,11.073172,7.88213,17
P0A6J8,83333,E. coli,14.519345,8.181346,13
Q46863,83333,E. coli,9.4989805,7.272945,17
P0A9S5,83333,E. coli,10.518215,3.4740753,8
P31446,83333,E. coli,7.531204,5.713358,0
P0AF98,83333,E. coli,14.367842,10.550271,17
P0A986,83333,E. coli,11.917209,6.2839413,2
P0AGC3,83333,E. coli,9.951846,3.1973202,8
P67910,83333,E. coli,13.312051,5.9435353,11
P25772,83333,E. coli,13.97468,5.0034323,17
P23836,83333,E. coli,6.6991873,8.634033,1
P0AEH5,83333,E. coli,12.70344,6.764533,0
P75824,83333,E. coli,13.033504,8.443331,13
P63201,83333,E. coli,6.8281183,8.777531,17
P51024,83333,E. coli,11.005115,4.000081,6
P0AFG3,83333,E. coli,3.0837107,12.6162195,17
P77580,83333,E. coli,6.6922708,8.732582,1
P77179,83333,E. coli,7.039901,6.568872,2
P76656,83333,E. coli,12.736495,4.7366095,12
P24178,83333,E. coli,7.6385827,8.257573,1
P37686,83333,E. coli,4.9506526,2.312261,14
P69488,83333,E. coli,7.2114887,7.609703,4
P0AEV9,83333,E. coli,7.2636356,7.7179465,1
P24173,83333,E. coli,11.230666,6.9671903,2
P0A8G9,83333,E. coli,7.1341066,8.402529,1
P19934,83333,E. coli,10.334039,7.6725326,0
P27249,83333,E. coli,10.032097,5.542082,6
P32125,83333,E. coli,7.244419,7.6095905,4
P0ACD8,83333,E. coli,11.209468,4.5381327,10
P77154,83333,E. coli,10.963935,4.7300515,9
P0AG16,83333,E. coli,7.2677574,5.1788282,0
P37745,83333,E. coli,8.029187,7.9904504,1
P16678,83333,E. coli,6.681947,7.983544,16
P77473,83333,E. coli,14.7753315,9.485549,17
P0A7I4,83333,E. coli,12.755812,7.2040224,18
P0DKB3,83333,E. coli,14.619865,8.337189,7
P77437,83333,E. coli,12.858994,10.449854,15
P33021,83333,E. coli,14.85431,4.6591835,12
P0ABS1,83333,E. coli,12.452569,7.910187,17
P23839,83333,E. coli,12.441468,2.5545716,10
Q46845,83333,E. coli,7.696308,16.464035,3
P76350,83333,E. coli,12.585767,5.090472,12
P05704,83333,E. coli,13.222082,7.2173457,18
P31677,83333,E. coli,12.156144,5.641346,0
P41052,83333,E. coli,14.323006,8.296332,13
P0AAJ3,83333,E. coli,3.0363474,2.7298286,0
Q06067,83333,E. coli,12.019453,3.2309008,15
P77161,83333,E. coli,8.112541,4.8337407,15
P52045,83333,E. coli,8.298303,7.9979568,1
P64483,83333,E. coli,7.506726,7.4542327,4
P04846,83333,E. coli,15.289608,8.550912,7
P11553,83333,E. coli,12.361737,7.7571554,18
P0A7C8,83333,E. coli,6.7376847,6.4950366,19
P0A6C1,83333,E. coli,9.831627,6.890768,19
P45428,83333,E. coli,11.959101,6.284617,3
P00550,83333,E. coli,12.399198,6.262383,18
P52106,83333,E. coli,6.930749,8.833424,18
P77239,83333,E. coli,10.236143,4.0799794,10
Q47274,83333,E. coli,7.7053905,8.084614,2
P07364,83333,E. coli,9.479594,2.5084565,4
P37677,83333,E. coli,10.160473,2.814398,8
P0AGC5,83333,E. coli,12.134829,7.576419,17
P0A742,83333,E. coli,7.37251,6.69671,2
P0ABE2,83333,E. coli,7.70384,8.230261,1
P27431,83333,E. coli,10.457702,7.679594,2
P00363,83333,E. coli,10.60519,7.825387,17
P0ABW9,83333,E. coli,8.135901,8.711086,1
P19926,83333,E. coli,12.376157,-0.83543414,19
P33644,83333,E. coli,7.5644903,8.311891,1
P0A9E5,83333,E. coli,6.970728,8.527285,1
P25524,83333,E. coli,8.838681,1.8969817,5
P0C0R7,83333,E. coli,7.377913,7.657907,4
P39264,83333,E. coli,8.234136,8.792844,1
P0AF34,83333,E. coli,7.6719522,6.088221,0
P77561,83333,E. coli,7.427631,14.288383,11
P77674,83333,E. coli,9.273885,8.11255,1
P63204,83333,E. coli,6.8729563,8.799936,18
P07017,83333,E. coli,14.318907,6.252234,12
P75820,83333,E. coli,10.032379,7.3299727,2
P0A9U8,83333,E. coli,10.938167,9.291541,3
P0AFJ5,83333,E. coli,6.6801972,8.685134,15
P0ADV1,83333,E. coli,8.341184,8.741313,1
P17410,83333,E. coli,11.955339,4.111576,9
P0A953,83333,E. coli,10.89368,-5.864771,14
P0A7Z4,83333,E. coli,14.5069895,5.063688,12
P45750,83333,E. coli,8.006424,8.9543295,16
P15029,83333,E. coli,8.153589,8.0862465,1
P39321,83333,E. coli,12.080496,6.870968,0
P30745,83333,E. coli,9.121451,8.270076,2
P0AFL3,83333,E. coli,3.8308256,7.891699,19
P0A7J0,83333,E. coli,8.594928,8.4579525,2
P45804,83333,E. coli,11.292045,8.090064,0
P0DTV7,83333,E. coli,15.751689,8.469666,7
P0ACE3,83333,E. coli,11.162451,4.7680683,9
P31135,83333,E. coli,9.515052,7.6170564,2
Q46841,83333,E. coli,8.1176815,6.746707,19
P0A7R5,83333,E. coli,10.319086,10.475323,1
P33018,83333,E. coli,11.791603,4.614766,10
P23874,83333,E. coli,9.729777,8.372082,17
Q47536,83333,E. coli,11.47853,7.3812175,17
P63183,83333,E. coli,13.122602,6.132189,12
P77716,83333,E. coli,9.58436,7.6671596,17
Q2EEU2,83333,E. coli,9.900229,8.760723,0
Q46855,83333,E. coli,8.130873,3.8967257,8
P0AGG0,83333,E. coli,8.747501,17.076174,3
P0ACR9,83333,E. coli,7.0899124,8.578868,1
P39270,83333,E. coli,6.9168005,6.405554,1
P36548,83333,E. coli,11.040772,3.8283224,10
P11557,83333,E. coli,9.658882,7.775928,17
P06989,83333,E. coli,8.736438,8.033811,2
P52108,83333,E. coli,6.732418,8.610354,1
P24216,83333,E. coli,14.409414,8.273763,13
P23849,83333,E. coli,14.513567,6.718016,18
P0AFJ1,83333,E. coli,11.092951,6.939273,17
P0AEW6,83333,E. coli,12.612196,2.783103,9
P76090,83333,E. coli,6.9580636,6.2478313,1
P31434,83333,E. coli,10.490644,7.619899,17
P28629,83333,E. coli,8.830981,2.1925251,5
P0AFI5,83333,E. coli,7.2272334,-0.14058857,2
P77754,83333,E. coli,8.653475,9.008313,11
P46133,83333,E. coli,10.432532,10.469271,2
P04994,83333,E. coli,7.832523,11.380376,15
P29217,83333,E. coli,8.005897,8.336479,2
A8DYP9,83333,E. coli,15.590129,8.50488,7
P0A8F0,83333,E. coli,8.016541,7.944891,1
P17583,83333,E. coli,14.329322,5.616822,12
P39831,83333,E. coli,7.294682,7.484983,4
P24180,83333,E. coli,13.534039,4.675477,17
P16429,83333,E. coli,13.060974,5.180285,12
P0A8Z0,83333,E. coli,7.1821175,7.3703165,4
P75849,83333,E. coli,8.097744,8.352503,1
P23173,83333,E. coli,7.0777926,8.4736185,1
P76103,83333,E. coli,13.767228,4.801661,12
P46139,83333,E. coli,7.7280807,9.542369,0
P27829,83333,E. coli,9.110667,2.268451,5
P69348,83333,E. coli,8.348234,7.497964,19
P69506,83333,E. coli,7.9295726,8.0853195,1
P0A832,83333,E. coli,10.380159,10.4700165,19
P75736,83333,E. coli,7.2443814,7.700951,1
P75822,83333,E. coli,4.926245,2.098786,14
P46859,83333,E. coli,7.918995,8.276927,2
P0AD83,83333,E. coli,15.771288,8.435998,7
P64439,83333,E. coli,7.422532,5.963847,0
P0AEL6,83333,E. coli,11.390118,7.563406,17
P76014,83333,E. coli,8.6221,8.20794,2
P0DQD7,83333,E. coli,15.750129,8.452295,7
P07024,83333,E. coli,9.3288145,5.7262244,15
P31474,83333,E. coli,11.336213,6.63012,17
P32720,83333,E. coli,11.545478,7.5367613,0
P0AFT8,83333,E. coli,7.542304,8.039785,1
P0A8T1,83333,E. coli,10.585797,10.808063,2
P0A9H7,83333,E. coli,9.692205,8.797755,0
P76084,83333,E. coli,8.027227,7.7952714,1
P11290,83333,E. coli,7.9647455,8.131271,1
P00961,83333,E. coli,11.6549835,7.279865,17
P41441,83333,E. coli,11.603373,2.3620708,10
P0ABQ4,83333,E. coli,8.109897,8.403641,16
P0AFL9,83333,E. coli,10.499613,4.394176,6
P77774,83333,E. coli,9.388232,5.943903,16
P0A6I9,83333,E. coli,7.2930756,7.9630246,1
P0ACA1,83333,E. coli,3.5517404,-3.5559053,1
P0ADG7,83333,E. coli,12.259265,1.4001268,10
Q46897,83333,E. coli,8.357506,8.74338,16
P0ACY9,83333,E. coli,8.703999,8.516992,0
P24186,83333,E. coli,12.964424,3.8126357,0
P0ACQ0,83333,E. coli,10.932608,9.335275,0
P64508,83333,E. coli,15.685274,8.509885,7
P0ACA7,83333,E. coli,3.5500998,-3.5601327,1
P23908,83333,E. coli,12.864974,5.74446,12
P0A8D6,83333,E. coli,8.104667,8.364188,16
P39305,83333,E. coli,13.451626,4.500381,11
P0A8V0,83333,E. coli,8.093508,3.2499022,5
P0AEE8,83333,E. coli,7.9697003,7.9867725,1
P77247,83333,E. coli,7.3934116,8.087332,1
P77187,83333,E. coli,11.422327,7.386769,18
P75764,83333,E. coli,11.612725,6.674607,0
P39381,83333,E. coli,13.213047,10.685412,3
P77324,83333,E. coli,10.807592,7.402799,17
P05719,83333,E. coli,12.235599,8.200555,18
P75683,83333,E. coli,13.276988,5.172379,11
P02919,83333,E. coli,14.766285,9.466112,17
P0AD68,83333,E. coli,12.393284,5.751413,12
P76256,83333,E. coli,7.3789167,7.99178,1
P39333,83333,E. coli,7.887032,6.892038,1
P17117,83333,E. coli,7.995862,8.1340475,1
P0AEX3,83333,E. coli,8.729415,7.6223435,2
P0AFZ5,83333,E. coli,7.534498,8.147822,1
P12998,83333,E. coli,7.732791,9.551765,16
P24200,83333,E. coli,13.5383,7.4296203,13
P16433,83333,E. coli,8.926258,8.555862,16
P10907,83333,E. coli,11.207578,6.8804765,17
P76149,83333,E. coli,13.212939,10.584255,17
P09162,83333,E. coli,8.837526,8.702363,0
P10384,83333,E. coli,7.9241934,4.663955,2
P0AGH1,83333,E. coli,14.717743,6.703851,12
P0AAD6,83333,E. coli,9.214209,4.037217,19
P0AE48,83333,E. coli,9.095445,8.356388,1
P0A761,83333,E. coli,7.724017,7.7007265,1
P0AG44,83333,E. coli,10.417352,10.553826,1
P0AG34,83333,E. coli,6.877587,6.5886745,14
P0A9N0,83333,E. coli,7.9665985,8.392122,16
P0A9I5,83333,E. coli,7.4432144,8.38398,1
P33341,83333,E. coli,7.3974676,14.324328,11
P0A9K3,83333,E. coli,7.3996086,8.111824,1
P45579,83333,E. coli,7.680685,7.6666718,1
P76445,83333,E. coli,7.131843,6.294493,1
P64602,83333,E. coli,7.4790397,8.068177,1
P77726,83333,E. coli,11.146971,5.835776,15
P45543,83333,E. coli,8.226061,7.6599755,1
P39400,83333,E. coli,13.471258,7.473569,13
P42604,83333,E. coli,8.823246,5.7605324,2
P02930,83333,E. coli,13.393463,4.7924747,11
P02413,83333,E. coli,10.397368,10.456509,2
P77526,83333,E. coli,3.5520146,-3.5588367,1
P05041,83333,E. coli,7.798951,16.25433,3
P75797,83333,E. coli,12.758247,6.1065283,18
P0A8W5,83333,E. coli,7.0211205,7.281967,4
P06988,83333,E. coli,8.422898,7.442175,2
P31435,83333,E. coli,10.363827,7.0099816,17
P00816,83333,E. coli,9.687462,8.363371,0
P0A9G2,83333,E. coli,8.254437,9.097523,16
P31224,83333,E. coli,11.386169,6.6605687,17
Q46901,83333,E. coli,12.852636,3.152245,9
P77425,83333,E. coli,9.797481,7.3701015,2
P69228,83333,E. coli,6.709677,8.678292,1
P77279,83333,E. coli,6.7257276,7.9668236,1
P0A8N3,83333,E. coli,9.755084,6.275249,10
P76230,83333,E. coli,13.458182,4.425926,19
P76043,83333,E. coli,7.3221498,7.830523,1
P0A9M0,83333,E. coli,11.30251,7.5811276,17
P77489,83333,E. coli,7.1028657,9.293382,1
P0AEJ8,83333,E. coli,8.370113,8.117384,2
C1P612,83333,E. coli,15.3958235,8.540988,7
P03959,83333,E. coli,10.459293,4.13644,10
P77397,83333,E. coli,7.3399916,3.3695512,14
P00887,83333,E. coli,11.26657,3.0850885,10
P0AFP2,83333,E. coli,8.251591,9.100653,16
P0ADQ7,83333,E. coli,12.6103945,6.8038545,11
P76079,83333,E. coli,7.7586327,7.815547,1
P0ADP7,83333,E. coli,7.4251113,8.178482,1
P33916,83333,E. coli,10.519819,6.732396,14
P77375,83333,E. coli,9.270436,8.264581,17
P0A6D7,83333,E. coli,9.603193,8.171262,17
P69741,83333,E. coli,8.8195715,5.7494955,11
P0A847,83333,E. coli,8.681223,1.9106168,5
P0A7A7,83333,E. coli,8.224271,8.86043,16
P77494,83333,E. coli,7.6021614,5.6596713,0
P0ACU0,83333,E. coli,6.985131,9.035249,1
P76217,83333,E. coli,8.044572,8.341973,16
P62522,83333,E. coli,15.215539,8.183271,7
P0A9W0,83333,E. coli,7.119647,8.456035,1
P21893,83333,E. coli,7.2924886,5.0045385,2
P16528,83333,E. coli,7.5430183,5.4273257,0
P0ABG1,83333,E. coli,15.756264,8.423668,7
P23869,83333,E. coli,3.8026886,7.8846626,4
P0AAX3,83333,E. coli,8.634351,8.914195,2
P0A7D1,83333,E. coli,7.821643,8.139303,1
P39325,83333,E. coli,10.01974,7.780381,17
P76045,83333,E. coli,9.159571,3.03619,4
P24202,83333,E. coli,8.239888,7.9829464,1
P21338,83333,E. coli,15.146941,15.361558,10
P17993,83333,E. coli,7.4227514,7.7540607,19
P39375,83333,E. coli,7.1744776,8.719658,0
P0A915,83333,E. coli,8.584637,8.705414,2
P16690,83333,E. coli,7.48793,8.2998905,1
P10906,83333,E. coli,13.172173,9.659393,12
P18200,83333,E. coli,6.8944807,6.4020214,1
P0AC75,83333,E. coli,10.578769,5.380691,9
P0AEL3,83333,E. coli,7.4589367,8.265945,1
P31475,83333,E. coli,6.945203,8.854297,1
P0AC38,83333,E. coli,12.649535,5.424564,11
P76555,83333,E. coli,8.054995,8.206858,2
P28249,83333,E. coli,13.261425,10.165568,15
P0AFA2,83333,E. coli,9.543625,7.670895,2
P77338,83333,E. coli,7.762902,4.4450374,9
P0A8P6,83333,E. coli,13.033114,3.8501701,18
P33590,83333,E. coli,11.603263,6.0389104,15
P0ABB0,83333,E. coli,8.893861,2.8961375,5
P38521,83333,E. coli,10.219018,6.979468,2
P36771,83333,E. coli,12.195233,3.6617362,0
P75777,83333,E. coli,11.290799,7.310666,17
P45955,83333,E. coli,8.208695,8.714363,2
P0AC00,83333,E. coli,10.952651,7.7360287,0
P25888,83333,E. coli,7.800206,16.259457,3
P22524,83333,E. coli,7.789568,8.246429,1
P37772,83333,E. coli,9.824427,2.9893456,8
P0A821,83333,E. coli,10.096034,2.7483199,8
P0AE14,83333,E. coli,8.63913,1.7809019,5
Q46857,83333,E. coli,11.04917,3.4623582,6
P0AAB4,83333,E. coli,9.596393,2.676945,8
P52127,83333,E. coli,11.544616,6.5873246,0
P37765,83333,E. coli,12.212755,8.053697,0
P75893,83333,E. coli,7.624301,8.4536295,1
P76038,83333,E. coli,7.628593,7.7807474,1
P15373,83333,E. coli,7.6114535,10.006511,16
P0A9M8,83333,E. coli,11.002978,4.539017,6
P33231,83333,E. coli,7.899793,10.978169,15
P0CE48,83333,E. coli,12.018008,2.234462,10
P23910,83333,E. coli,11.5691185,8.958963,0
P0A937,83333,E. coli,8.197997,8.6863575,1
P76091,83333,E. coli,11.080526,3.6206722,6
P16688,83333,E. coli,12.59374,6.372922,18
P77802,83333,E. coli,11.705849,4.2930574,9
P0AGL5,83333,E. coli,7.7629147,7.838798,1
P27128,83333,E. coli,3.5460737,-3.5661805,2
P22523,83333,E. coli,7.9234095,8.637271,16
P0AF08,83333,E. coli,14.505257,6.7258806,18
P75942,83333,E. coli,8.809439,2.036494,5
P64614,83333,E. coli,8.536946,8.917754,2
P32143,83333,E. coli,13.422019,4.4597254,11
P0C0S1,83333,E. coli,18.902239,4.511623,17
P0A8L7,83333,E. coli,14.668825,8.362903,7
A5A624,83333,E. coli,7.6578608,5.621725,9
P0A978,83333,E. coli,11.968058,6.3273478,2
P0AED7,83333,E. coli,10.01592,7.755097,0
P30147,83333,E. coli,8.303108,8.001011,1
P77609,83333,E. coli,9.0049515,9.136529,0
Q46806,83333,E. coli,10.42644,10.424898,2
P0A707,83333,E. coli,8.99054,8.452117,2
P64636,83333,E. coli,7.5434585,8.1227045,1
P0A7K6,83333,E. coli,10.4481125,10.265245,2
P0AC26,83333,E. coli,10.566978,7.897694,0
P38054,83333,E. coli,10.931292,6.51015,0
P75858,83333,E. coli,10.319688,4.1828485,19
P23843,83333,E. coli,11.183162,6.95533,17
P43337,83333,E. coli,7.6360745,8.710638,1
P26647,83333,E. coli,9.52524,4.201845,14
P00509,83333,E. coli,10.109196,2.7058504,8
P0A9R4,83333,E. coli,7.720674,7.657155,4
P0AEU3,83333,E. coli,6.8082924,6.867871,1
P07762,83333,E. coli,13.017121,5.215291,12
P0AA10,83333,E. coli,10.512488,10.66855,2
P0A7F6,83333,E. coli,9.994287,6.7735953,17
P76193,83333,E. coli,11.6520195,7.345381,0
P0A8A2,83333,E. coli,8.608339,8.2575245,2
P0A830,83333,E. coli,7.637298,9.569094,16
P33030,83333,E. coli,12.492289,3.148814,9
Q47083,83333,E. coli,7.246595,9.180729,1
P0AFX7,83333,E. coli,7.9331803,8.712392,2
P0AAR5,83333,E. coli,7.5539804,5.6550508,16
P0AGF2,83333,E. coli,7.478511,8.243875,1
P37052,83333,E. coli,7.8758874,8.388871,16
P30958,83333,E. coli,8.993913,5.93949,2
P0ADE8,83333,E. coli,15.010926,6.4228635,12
P09323,83333,E. coli,13.209119,6.501842,18
P0AB77,83333,E. coli,7.5492706,5.6056724,0
P0AET2,83333,E. coli,8.678239,8.943114,0
P76192,83333,E. coli,12.592943,7.8617277,0
P0A6Z3,83333,E. coli,9.2185335,3.7087274,19
P76459,83333,E. coli,8.578795,8.274937,16
P77736,83333,E. coli,8.333513,8.651777,17
P23721,83333,E. coli,11.029182,3.6671605,10
P22731,83333,E. coli,6.659567,7.9803143,1
P52697,83333,E. coli,8.752543,7.4668913,16
P0AGH5,83333,E. coli,8.896699,1.9411223,5
P08337,83333,E. coli,9.41531,8.134246,1
P0AEY5,83333,E. coli,6.8527403,7.80111,19
P0AC13,83333,E. coli,14.217926,4.932235,9
P08142,83333,E. coli,9.318193,5.4773273,2
P0AF24,83333,E. coli,8.347424,8.224228,16
P08200,83333,E. coli,9.443728,5.1551366,10
P0AEY1,83333,E. coli,6.9923053,6.645295,1
P03061,83333,E. coli,14.419551,7.6925955,13
P30845,83333,E. coli,4.1483016,14.476199,15
P0AAI5,83333,E. coli,9.738632,8.586729,0
P04079,83333,E. coli,6.645848,6.760691,1
P0AFL6,83333,E. coli,7.7232714,8.915756,16
P0A9L8,83333,E. coli,3.1030033,1.7850665,15
P11349,83333,E. coli,13.939624,7.12734,13
P23003,83333,E. coli,7.7030945,8.821066,16
P77308,83333,E. coli,10.5429325,10.549539,6
P76057,83333,E. coli,9.858805,8.312295,0
P30178,83333,E. coli,13.27328,5.9691935,11
P37355,83333,E. coli,7.469625,8.342652,1
P19318,83333,E. coli,9.350247,7.999166,17
P13000,83333,E. coli,7.5008626,8.26502,1
P42603,83333,E. coli,6.959301,6.4699597,1
P25742,83333,E. coli,13.554533,6.940669,13
P75733,83333,E. coli,11.528257,2.798775,10
P20605,83333,E. coli,8.619303,8.53504,1
Q46896,83333,E. coli,11.156363,4.5034633,6
P0A6X1,83333,E. coli,10.733121,5.1855674,19
P28632,83333,E. coli,7.4335694,8.061755,1
P27844,83333,E. coli,10.874676,2.5115392,10
P76364,83333,E. coli,14.730139,8.346907,7
P06710,83333,E. coli,10.961481,6.5351496,15
P76092,83333,E. coli,11.198584,6.7186904,17
P0AFT2,83333,E. coli,6.834333,6.8920865,14
Q46919,83333,E. coli,7.418608,8.193356,1
P30139,83333,E. coli,7.409463,7.479755,1
P76190,83333,E. coli,12.931069,5.385801,12
P00963,83333,E. coli,15.777554,8.280687,7
P75859,83333,E. coli,8.810745,8.9424095,15
P13009,83333,E. coli,9.814561,3.351423,8
P0ADY1,83333,E. coli,10.546114,7.6223507,2
P77581,83333,E. coli,12.228255,7.609178,18
P77671,83333,E. coli,9.349972,9.035852,0
P37647,83333,E. coli,11.070505,3.572371,6
P33358,83333,E. coli,7.3733807,8.440326,17
P30014,83333,E. coli,8.18141,8.295434,1
P37773,83333,E. coli,13.216786,7.6490803,13
P0AA25,83333,E. coli,11.0578785,8.791651,1
P30860,83333,E. coli,8.532637,8.7367115,2
O52982,83333,E. coli,14.238777,8.285201,13
P0AFP9,83333,E. coli,10.122186,3.6679287,4
P0AER8,83333,E. coli,10.002576,7.7743597,17
P0AEQ3,83333,E. coli,7.906968,8.245096,4
P0ABM9,83333,E. coli,9.750209,5.7588425,6
P0DP90,83333,E. coli,12.682486,8.162578,18
P29018,83333,E. coli,11.398632,7.9240146,17
P0ABZ6,83333,E. coli,9.378639,9.012855,0
P0A8U6,83333,E. coli,13.839732,8.264905,13
P0AA31,83333,E. coli,7.871089,7.556344,14
P40710,83333,E. coli,8.622991,9.02796,16
P68567,83333,E. coli,7.2500734,7.6817803,1
P08244,83333,E. coli,7.1509376,7.3839836,4
P0ACF0,83333,E. coli,7.9446363,7.503791,1
P36566,83333,E. coli,7.2927556,7.77185,1
P07363,83333,E. coli,12.217964,6.048896,0
P0A6A3,83333,E. coli,10.607232,6.463573,19
P77790,83333,E. coli,7.9890966,8.310158,1
P75925,83333,E. coli,7.1105046,6.6120806,1
P16687,83333,E. coli,8.882461,7.722454,2
P0ABP8,83333,E. coli,8.823991,7.615624,1
P76536,83333,E. coli,13.504663,7.170487,13
Q2EEQ2,83333,E. coli,10.470597,10.251715,2
P41409,83333,E. coli,10.4720745,5.035053,19
P0A8P3,83333,E. coli,11.133563,4.776357,2
P52600,83333,E. coli,12.124821,6.907433,17
P75949,83333,E. coli,13.604205,5.917595,13
P0ACG8,83333,E. coli,9.235738,8.455049,1
P77704,83333,E. coli,10.967354,0.33058918,15
P38035,83333,E. coli,9.5482645,7.4853454,2
P0AG76,83333,E. coli,7.0613837,8.457357,4
P0AFC0,83333,E. coli,9.2918005,8.165817,1
P69503,83333,E. coli,8.026986,7.8836045,1
P0AFT5,83333,E. coli,6.8976207,8.5579405,1
P62617,83333,E. coli,8.154387,8.158385,1
P05793,83333,E. coli,13.963312,4.9592566,17
P77165,83333,E. coli,8.823785,8.362173,16
P37619,83333,E. coli,6.793265,6.581076,1
P39453,83333,E. coli,10.062608,3.4528449,8
P0AFI9,83333,E. coli,11.469035,7.3499417,17
P39411,83333,E. coli,7.878942,7.7545667,1
P67095,83333,E. coli,8.058782,8.345943,1
P04425,83333,E. coli,11.8434515,3.115787,14
P77624,83333,E. coli,7.837989,4.074792,4
P37595,83333,E. coli,7.428088,14.287345,11
P77747,83333,E. coli,3.5002198,-3.6109297,17
P43676,83333,E. coli,10.989467,7.996816,0
P0AB93,83333,E. coli,8.509938,7.542448,2
Q47147,83333,E. coli,8.520702,8.328257,1
P77319,83333,E. coli,13.980009,6.493116,13
P24240,83333,E. coli,10.612937,4.5090017,10
P43340,83333,E. coli,6.96799,8.015455,17
P03023,83333,E. coli,7.9814754,6.781208,15
P0CF66,83333,E. coli,8.529267,8.2355175,1
P0C093,83333,E. coli,6.934677,9.008048,1
P0ABL5,83333,E. coli,8.804836,8.858007,2
P62601,83333,E. coli,7.151821,7.7203765,14
P0AF20,83333,E. coli,12.208158,2.2218823,10
P77712,83333,E. coli,8.225089,7.682498,1
P77409,83333,E. coli,7.121617,6.506996,16
P02931,83333,E. coli,14.387061,10.574794,15
P38051,83333,E. coli,10.276661,6.933359,17
P54745,83333,E. coli,13.753987,6.242034,12
P0AC94,83333,E. coli,13.563052,7.182436,13
P0AG14,83333,E. coli,18.904884,4.5083137,0
P76213,83333,E. coli,11.064368,3.8025897,10
P15047,83333,E. coli,7.8814883,6.883593,1
Q46839,83333,E. coli,8.561652,7.3203444,2
P24174,83333,E. coli,10.048716,4.920004,19
Q46814,83333,E. coli,8.367672,8.556972,2
P0AGA2,83333,E. coli,8.972977,5.8420825,2
P77258,83333,E. coli,12.699985,5.3512964,13
P0AGL2,83333,E. coli,8.188279,7.9276624,1
P39338,83333,E. coli,10.516813,3.6708083,6
P06961,83333,E. coli,10.900932,7.3420033,17
Q585L4,185431,T. brucei,13.231187,7.344821,13
Q383K8,185431,T. brucei,9.380761,2.2933054,5
Q57YQ9,185431,T. brucei,10.235736,7.5860705,2
Q57ZR3,185431,T. brucei,13.6136675,8.477521,13
Q57Y87,185431,T. brucei,9.181093,3.453004,8
Q581R2,185431,T. brucei,3.542741,-3.5688326,17
Q57XA5,185431,T. brucei,6.5415998,4.7259417,17
Q582N6,185431,T. brucei,13.461453,8.373879,0
Q57Z34,185431,T. brucei,9.318991,3.738721,4
Q38BS3,185431,T. brucei,11.813461,6.626715,0
Q38AQ8,185431,T. brucei,14.460651,8.3749895,13
Q4GZ84,185431,T. brucei,10.199629,3.4231784,19
Q4GYJ2,185431,T. brucei,13.232213,8.163173,13
D6XIY7,185431,T. brucei,12.204783,5.7676973,0
Q387N7,185431,T. brucei,7.6471925,5.325429,18
Q57YI9,185431,T. brucei,11.438117,7.357619,0
Q57XL1,185431,T. brucei,10.880243,6.385766,0
Q4GZ61,185431,T. brucei,11.203593,4.328174,6
Q389N1,185431,T. brucei,10.3248205,3.0080888,6
Q586M9,185431,T. brucei,4.9484243,1.9769795,14
Q38AV7,185431,T. brucei,13.334611,8.410006,0
Q57Y10,185431,T. brucei,11.479539,7.605684,0
Q57WH9,185431,T. brucei,14.715055,6.7335076,18
Q584L0,185431,T. brucei,7.956927,3.6677933,4
Q384B7,185431,T. brucei,8.236419,6.992786,2
Q389G9,185431,T. brucei,9.048521,4.1372647,19
Q57WD5,185431,T. brucei,4.960719,2.331085,14
Q38B80,185431,T. brucei,14.306846,5.4603853,12
Q381I5,185431,T. brucei,9.750374,2.9931672,4
Q384B6,185431,T. brucei,12.743214,3.206394,9
Q57VS0,185431,T. brucei,9.625192,7.9654546,0
Q380Y8,185431,T. brucei,6.677498,5.0890803,2
Q385Z8,185431,T. brucei,14.113377,6.232673,13
Q586I3,185431,T. brucei,13.629732,6.823184,13
Q57TT6,185431,T. brucei,5.80126,9.932044,16
Q386Z2,185431,T. brucei,13.781464,8.456548,13
Q57XA6,185431,T. brucei,11.103815,4.6837087,9
Q387F6,185431,T. brucei,9.096805,16.786167,4
Q38EV3,185431,T. brucei,12.051112,6.729904,0
Q57WR4,185431,T. brucei,10.734539,6.992621,0
Q389D5,185431,T. brucei,15.217903,8.459467,7
D6XM23,185431,T. brucei,13.45096,8.743859,13
Q38B90,185431,T. brucei,12.652683,8.536584,0
Q38CA1,185431,T. brucei,8.377277,7.8701034,0
Q38CC0,185431,T. brucei,10.316349,-8.085332,15
Q38BQ0,185431,T. brucei,17.773153,11.642863,15
Q386S6,185431,T. brucei,4.930892,2.317271,14
Q38E27,185431,T. brucei,12.373638,-0.83491457,19
Q57VD8,185431,T. brucei,12.058525,7.1460238,0
Q385P1,185431,T. brucei,8.891559,7.1608624,2
Q38C34,185431,T. brucei,12.924715,7.0218015,0
Q586D7,185431,T. brucei,15.631582,8.273499,7
Q38AX8,185431,T. brucei,10.783725,7.6721144,0
Q385S0,185431,T. brucei,11.176486,7.724612,18
Q583Q5,185431,T. brucei,10.05069,3.0442014,8
Q38A60,185431,T. brucei,12.763891,4.716399,11
Q582V5,185431,T. brucei,13.189662,8.185426,0
Q383Y9,185431,T. brucei,11.629581,7.7880044,0
Q57Y00,185431,T. brucei,11.734872,7.9535446,13
Q38C80,185431,T. brucei,13.474569,8.199345,13
Q381E4,185431,T. brucei,10.937253,9.911183,10
Q38FR1,185431,T. brucei,14.54011,5.2688146,11
Q38DR3,185431,T. brucei,7.4502907,5.4399285,17
Q57XD0,185431,T. brucei,14.782806,9.496863,17
Q38BE4,185431,T. brucei,12.241204,3.2010214,9
Q38CW0,185431,T. brucei,13.209298,8.607828,13
Q384E0,185431,T. brucei,10.0460825,6.8147645,2
Q387W5,185431,T. brucei,12.869741,10.455715,14
Q4GYN2,185431,T. brucei,8.530743,7.2970223,2
Q583W5,185431,T. brucei,11.955408,2.9449465,10
Q57XX3,185431,T. brucei,11.727047,7.832309,18
Q383A2,185431,T. brucei,7.756897,4.803393,12
Q582I0,185431,T. brucei,4.8552885,7.955534,14
Q388E0,185431,T. brucei,8.870023,8.063131,2
Q38B23,185431,T. brucei,8.614385,7.132053,15
Q57ZM9,185431,T. brucei,10.545654,7.992366,0
Q57WZ6,185431,T. brucei,7.7802143,8.508805,16
Q389N4,185431,T. brucei,8.273241,9.353029,16
Q583E2,185431,T. brucei,11.055222,5.8691154,15
Q585J5,185431,T. brucei,10.56285,10.76085,0
Q38B39,185431,T. brucei,12.987066,8.409491,13
Q38BV2,185431,T. brucei,9.335711,5.6507683,2
Q38E89,185431,T. brucei,12.656464,9.091762,11
Q57YZ9,185431,T. brucei,5.9754505,9.814729,1
Q388Z0,185431,T. brucei,12.5796995,8.548671,0
Q38B15,185431,T. brucei,12.412423,3.3318145,15
Q383G2,185431,T. brucei,10.058757,6.3101254,0
Q57ZP2,185431,T. brucei,12.5901,8.041266,0
Q38CX4,185431,T. brucei,10.92423,6.280338,15
Q583K6,185431,T. brucei,11.080723,5.6336627,17
Q584T4,185431,T. brucei,12.954551,8.064069,18
Q389Z3,185431,T. brucei,14.2740755,8.23826,13
Q57YN4,185431,T. brucei,7.3362365,5.6211944,15
Q57V86,185431,T. brucei,7.716111,5.1333404,0
Q57ZA7,185431,T. brucei,14.387778,4.9580526,12
Q38DI8,185431,T. brucei,14.948545,4.657579,12
Q57V74,185431,T. brucei,10.403626,10.321651,2
Q38A72,185431,T. brucei,9.933507,7.4734344,0
Q57UN2,185431,T. brucei,7.126194,8.560891,1
Q389V7,185431,T. brucei,11.093735,4.9903145,2
Q57WL6,185431,T. brucei,8.526048,9.221132,2
Q580B3,185431,T. brucei,14.487357,8.28655,13
Q57XV9,185431,T. brucei,13.1062155,8.422895,13
Q587G7,185431,T. brucei,7.6967144,4.149679,14
Q38AV2,185431,T. brucei,9.576076,8.26031,2
Q580C6,185431,T. brucei,7.5827703,9.551136,16
Q388T2,185431,T. brucei,12.771124,6.7666154,0
Q57XW8,185431,T. brucei,7.366766,14.354182,6
Q38G31,185431,T. brucei,15.719569,8.496315,7
Q384A6,185431,T. brucei,9.807457,5.5273876,15
Q387N6,185431,T. brucei,8.634094,8.382507,2
Q386V1,185431,T. brucei,9.272935,8.682041,17
Q581A6,185431,T. brucei,13.227295,10.634447,15
Q57ZH1,185431,T. brucei,12.914186,7.9822097,0
Q38FF5,185431,T. brucei,11.616934,9.465176,0
Q38E81,185431,T. brucei,14.279036,8.278708,13
Q38D27,185431,T. brucei,4.9672923,7.994847,15
Q388I4,185431,T. brucei,9.619076,2.454485,8
Q384M3,185431,T. brucei,14.144575,4.695271,11
Q38CF1,185431,T. brucei,12.135192,9.061632,18
Q38BM8,185431,T. brucei,12.996727,8.175873,13
Q386Z5,185431,T. brucei,13.505938,8.836067,13
Q38B24,185431,T. brucei,13.615707,8.978623,13
Q4GYY6,185431,T. brucei,9.23152,6.4610457,2
Q57YQ3,185431,T. brucei,7.199578,8.672194,1
Q38BM2,185431,T. brucei,13.584422,8.7897415,13
Q381M4,185431,T. brucei,10.301145,7.86332,17
Q381S4,185431,T. brucei,13.672867,8.955068,13
Q583M3,185431,T. brucei,7.94892,11.026038,19
Q581X8,185431,T. brucei,12.385742,7.6901355,0
Q4GZ92,185431,T. brucei,12.374402,-0.836944,14
Q57VB4,185431,T. brucei,13.899247,8.918849,7
Q389N5,185431,T. brucei,12.074368,6.502131,17
Q57XL3,185431,T. brucei,13.040674,3.908513,13
Q38C70,185431,T. brucei,9.006809,7.410906,15
Q38AT1,185431,T. brucei,11.731653,6.2866793,17
Q57VM9,185431,T. brucei,6.7152157,4.8565235,19
Q382A0,185431,T. brucei,11.60972,5.0091715,17
Q383B1,185431,T. brucei,4.1485157,14.478364,15
Q38B07,185431,T. brucei,9.212652,3.8111742,4
Q382D8,185431,T. brucei,7.701341,4.675419,0
Q389R8,185431,T. brucei,14.625616,8.460642,7
Q38BH5,185431,T. brucei,7.6843634,16.429388,3
Q381H5,185431,T. brucei,8.817985,2.0668342,5
Q38AV3,185431,T. brucei,13.7181015,6.7713823,12
Q38EP9,185431,T. brucei,15.058442,8.217671,7
Q38F99,185431,T. brucei,9.949482,7.7437696,17
Q38BN6,185431,T. brucei,14.0127945,8.83898,7
Q38D00,185431,T. brucei,11.766913,7.4576864,0
Q38BH8,185431,T. brucei,12.891038,6.847379,11
Q387T9,185431,T. brucei,11.721575,7.1437945,0
Q4GYV1,185431,T. brucei,12.891958,4.9290266,11
Q38DI5,185431,T. brucei,10.58502,5.916302,2
Q4GYN4,185431,T. brucei,11.220891,7.8060384,0
Q585H6,185431,T. brucei,9.53447,2.7232783,8
Q57ZM2,185431,T. brucei,15.22221,5.304813,12
Q38BH0,185431,T. brucei,14.76877,9.473537,17
Q384H2,185431,T. brucei,13.783485,6.749342,13
Q581B7,185431,T. brucei,12.723003,7.7782474,18
Q586F9,185431,T. brucei,8.965238,8.498784,16
D6XLL1,185431,T. brucei,8.705882,17.355503,17
Q583Z3,185431,T. brucei,7.009224,5.1038814,2
Q57WF0,185431,T. brucei,10.798332,8.013638,0
Q387L1,185431,T. brucei,12.922311,4.989742,9
Q38AA2,185431,T. brucei,11.173611,0.30903128,0
Q38DG9,185431,T. brucei,9.155115,3.698584,19
Q583Y9,185431,T. brucei,3.0783725,12.622358,17
Q57Y32,185431,T. brucei,12.123369,2.10084,10
Q38G07,185431,T. brucei,9.089146,3.8938425,4
Q38CY2,185431,T. brucei,9.51061,2.2706695,5
Q57YD6,185431,T. brucei,12.343264,7.622331,18
Q384T2,185431,T. brucei,12.941599,8.415525,0
Q38DV1,185431,T. brucei,13.524962,7.402184,13
Q385M5,185431,T. brucei,11.551483,6.9900193,15
Q387Q0,185431,T. brucei,13.796507,6.5863767,12
Q38CB3,185431,T. brucei,12.555824,8.103507,13
Q385F9,185431,T. brucei,8.071668,6.821383,15
Q57U27,185431,T. brucei,14.579782,8.455133,7
Q385J5,185431,T. brucei,13.07566,10.254079,17
Q582K5,185431,T. brucei,10.948468,6.8686175,2
Q57Z96,185431,T. brucei,7.472317,5.309732,17
Q57ZD1,185431,T. brucei,13.301531,6.16645,13
Q38CW2,185431,T. brucei,12.567742,3.9492054,0
Q38AF0,185431,T. brucei,9.84671,7.4844184,15
Q38A10,185431,T. brucei,9.323957,5.726717,2
Q380U9,185431,T. brucei,13.139786,2.5453944,10
Q384P6,185431,T. brucei,13.671916,7.09256,13
Q580F0,185431,T. brucei,12.300247,7.939072,13
Q383Q6,185431,T. brucei,11.666592,7.742103,17
Q387R1,185431,T. brucei,12.169152,2.1978068,10
Q57UQ9,185431,T. brucei,9.258442,8.434565,1
Q57VM3,185431,T. brucei,14.371093,10.540715,0
Q57TU6,185431,T. brucei,8.1805725,7.4781065,1
Q585G4,185431,T. brucei,11.9390335,6.6444426,12
Q57WY6,185431,T. brucei,7.768777,4.1364202,14
Q580Y5,185431,T. brucei,13.821924,4.8029404,9
Q4GZ19,185431,T. brucei,15.716478,8.438802,7
Q57X99,185431,T. brucei,7.8657846,7.59379,19
Q387L5,185431,T. brucei,10.362484,6.1903114,15
Q387V3,185431,T. brucei,13.670424,4.7095494,12
Q583K2,185431,T. brucei,13.952493,6.489251,13
Q586G3,185431,T. brucei,6.950511,-3.5799406,3
Q38AY0,185431,T. brucei,10.295709,4.530626,19
Q57ZM3,185431,T. brucei,7.8109818,4.48855,10
Q386T2,185431,T. brucei,10.4396,7.317537,17
Q381M0,185431,T. brucei,9.3078,2.7114685,4
Q585V6,185431,T. brucei,13.655189,8.754118,13
Q57YE4,185431,T. brucei,11.993218,4.574505,9
Q38C14,185431,T. brucei,12.774215,8.506047,0
Q38BX6,185431,T. brucei,11.53269,5.611622,17
Q4GZ52,185431,T. brucei,14.027715,4.915099,11
Q388V8,185431,T. brucei,11.618319,4.111685,11
Q388W1,185431,T. brucei,8.5969515,8.356468,2
Q584E4,185431,T. brucei,11.777472,6.370986,0
Q38DU2,185431,T. brucei,11.822264,5.489862,0
Q389X8,185431,T. brucei,13.197748,10.730864,15
Q57UJ7,185431,T. brucei,11.756806,6.63456,15
Q57YV4,185431,T. brucei,12.23211,8.093073,18
Q4GZ37,185431,T. brucei,7.8622775,3.9997318,5
Q57VC9,185431,T. brucei,11.686072,4.2423706,9
Q57ZD4,185431,T. brucei,13.05277,8.618371,13
Q57XJ5,185431,T. brucei,7.684876,16.439444,3
Q383Q1,185431,T. brucei,9.243744,2.4343574,5
Q385W8,185431,T. brucei,9.580542,7.344703,17
Q380Y3,185431,T. brucei,10.643957,7.654811,17
Q57UJ3,185431,T. brucei,7.5981174,4.6888766,17
Q4FKA6,185431,T. brucei,11.076285,8.017396,0
Q57ZC0,185431,T. brucei,8.779465,3.668152,8
Q387T8,185431,T. brucei,13.182998,4.255831,4
Q38DR5,185431,T. brucei,8.071278,4.6944647,15
Q381T1,185431,T. brucei,9.005738,7.3965197,15
Q38FJ3,185431,T. brucei,7.207751,8.52339,1
Q57XK9,185431,T. brucei,7.902111,7.952661,19
Q387J7,185431,T. brucei,10.046654,7.398196,16
Q57ZV3,185431,T. brucei,8.960992,3.256396,4
Q381I2,185431,T. brucei,12.171008,8.566664,18
Q585V7,185431,T. brucei,10.655028,4.4115295,10
Q38CM1,185431,T. brucei,10.79173,7.628601,17
Q38B45,185431,T. brucei,8.472539,7.303059,19
Q38A59,185431,T. brucei,8.411702,4.3946323,19
Q384Y0,185431,T. brucei,12.071181,3.4122093,17
Q383W7,185431,T. brucei,9.61128,5.958238,2
Q587F5,185431,T. brucei,14.622191,6.651676,13
Q57WK9,185431,T. brucei,14.186223,7.76586,13
Q57YP4,185431,T. brucei,14.05327,8.291304,13
Q57W96,185431,T. brucei,15.766884,8.425681,7
Q382P3,185431,T. brucei,13.3242445,8.906531,0
Q383T4,185431,T. brucei,12.159904,16.415188,12
Q389Y5,185431,T. brucei,8.981664,8.608143,16
Q580L4,185431,T. brucei,9.895858,5.922543,17
Q388B5,185431,T. brucei,14.249151,4.7378354,11
Q38FR8,185431,T. brucei,3.094436,1.785679,2
Q57Z59,185431,T. brucei,13.191877,7.8017793,13
Q387A8,185431,T. brucei,13.003291,8.080419,13
Q586X0,185431,T. brucei,9.906727,7.5466943,17
Q386T8,185431,T. brucei,10.490951,5.9191937,15
Q57YM5,185431,T. brucei,14.502995,5.2026677,12
Q389D0,185431,T. brucei,11.914796,2.9326875,10
Q57X61,185431,T. brucei,6.961989,4.960821,15
Q38FI2,185431,T. brucei,13.333943,8.221693,13
Q57Z10,185431,T. brucei,14.498143,8.272987,7
Q38DP5,185431,T. brucei,6.6620507,8.045569,1
Q586K3,185431,T. brucei,10.742038,4.0468025,10
D6XJ88,185431,T. brucei,11.555006,6.9215894,0
Q4GYU9,185431,T. brucei,10.571946,7.651169,17
Q383A1,185431,T. brucei,11.079747,5.9645543,17
Q585M1,185431,T. brucei,12.512106,2.8072906,10
Q57XG0,185431,T. brucei,13.809053,8.962355,7
Q383Z3,185431,T. brucei,7.747815,9.471482,16
Q388E4,185431,T. brucei,12.333335,3.3307865,17
Q586V3,185431,T. brucei,9.330033,9.06712,0
Q387U3,185431,T. brucei,12.416481,4.863989,9
Q386C4,185431,T. brucei,14.484986,5.6260185,12
Q38E32,185431,T. brucei,10.438213,6.153211,2
Q383W4,185431,T. brucei,8.96711,7.4595838,2
Q584L8,185431,T. brucei,9.801913,6.4226513,0
Q386Z0,185431,T. brucei,9.616813,7.7713103,16
Q586N3,185431,T. brucei,10.190524,2.70793,8
Q382U3,185431,T. brucei,8.856353,7.836551,2
Q57WF3,185431,T. brucei,10.442419,10.515556,2
Q57ZP7,185431,T. brucei,7.38652,8.435553,1
Q389D9,185431,T. brucei,13.942326,7.70786,13
Q38DX7,185431,T. brucei,-0.6017879,8.731429,0
Q57X81,185431,T. brucei,12.907118,8.069052,18
Q386X7,185431,T. brucei,13.346386,8.715905,13
Q581G0,185431,T. brucei,13.315917,5.563006,11
Q586X3,185431,T. brucei,8.789752,7.9259114,2
Q4GYA2,185431,T. brucei,11.766999,6.3657837,0
Q580L7,185431,T. brucei,14.443073,8.210086,7
Q586W1,185431,T. brucei,9.369711,3.465695,4
Q387L3,185431,T. brucei,10.886495,5.1348605,2
Q385E8,185431,T. brucei,11.172691,5.1966553,15
Q38BZ0,185431,T. brucei,13.18335,6.06423,12
Q584L5,185431,T. brucei,12.088781,6.814577,19
Q584Q9,185431,T. brucei,7.7296076,7.4121795,1
Q382E8,185431,T. brucei,7.605481,9.203556,16
Q38B09,185431,T. brucei,13.244929,10.754198,15
Q585K0,185431,T. brucei,7.5869336,4.8263607,17
Q38FV2,185431,T. brucei,19.34596,13.588334,15
Q57WJ3,185431,T. brucei,9.241076,4.49938,17
Q38C79,185431,T. brucei,9.839942,8.260469,17
Q383V2,185431,T. brucei,14.940775,8.223906,7
Q389D2,185431,T. brucei,13.781648,7.3917413,13
Q381A9,185431,T. brucei,7.2914863,7.866994,16
Q38DQ2,185431,T. brucei,11.174631,0.2970089,0
Q57VQ9,185431,T. brucei,14.006985,8.277328,13
Q580S2,185431,T. brucei,11.680153,3.4615066,6
Q38BV5,185431,T. brucei,11.61552,5.6393714,17
Q385Q6,185431,T. brucei,9.157964,5.8710265,19
Q57UP0,185431,T. brucei,11.956933,6.430932,17
Q381R7,185431,T. brucei,13.692769,8.319425,13
Q38ER1,185431,T. brucei,14.63948,5.2814465,0
Q38DE3,185431,T. brucei,10.010691,2.9623988,8
Q386C5,185431,T. brucei,9.878784,7.572203,2
Q585Q5,185431,T. brucei,13.571556,6.400894,12
Q386Z3,185431,T. brucei,11.360653,6.378022,17
Q57YH3,185431,T. brucei,9.113998,3.3738568,4
Q38B52,185431,T. brucei,8.415849,7.8902187,16
Q57ZS5,185431,T. brucei,7.2827,4.856064,16
Q587G4,185431,T. brucei,10.387878,3.638574,6
Q57XB3,185431,T. brucei,12.479319,2.6370022,17
Q385F2,185431,T. brucei,7.575685,4.768078,15
Q4GZ65,185431,T. brucei,13.205796,10.54194,17
Q387Q1,185431,T. brucei,14.620817,5.127104,12
Q580N6,185431,T. brucei,13.099492,6.187085,12
Q381T0,185431,T. brucei,13.16498,6.653201,0
Q382U2,185431,T. brucei,7.199327,4.344029,19
Q384Y9,185431,T. brucei,12.143749,16.41176,11
Q57UU7,185431,T. brucei,9.030304,3.596238,4
Q389M6,185431,T. brucei,11.36768,4.6541333,15
Q38AZ5,185431,T. brucei,14.787688,9.495049,17
Q38AQ2,185431,T. brucei,12.238906,3.2662828,10
Q586P2,185431,T. brucei,10.906655,9.073503,17
Q38AV4,185431,T. brucei,12.262255,6.7707224,17
Q57UR7,185431,T. brucei,10.940447,7.062586,0
Q38EC4,185431,T. brucei,5.660668,9.094546,15
Q580U8,185431,T. brucei,13.060092,8.395174,18
Q583D2,185431,T. brucei,12.7558775,10.396646,15
Q389D6,185431,T. brucei,12.8404255,7.307933,18
Q585V3,185431,T. brucei,13.100516,8.536749,0
Q57XU0,185431,T. brucei,7.7986274,4.2133574,10
Q387I2,185431,T. brucei,12.503988,3.6715736,11
Q387A7,185431,T. brucei,13.460016,8.899913,13
Q38EV2,185431,T. brucei,11.124724,6.1153574,17
Q388V9,185431,T. brucei,9.859613,3.8131487,10
Q386Q7,185431,T. brucei,10.772086,3.505491,6
Q384N5,185431,T. brucei,7.8140388,5.7687564,16
Q57W86,185431,T. brucei,10.9200325,6.1984854,15
Q583T3,185431,T. brucei,12.828561,5.5200076,11
Q389F2,185431,T. brucei,13.073291,7.9358883,18
Q38EW9,185431,T. brucei,13.196145,7.3912573,0
Q584I9,185431,T. brucei,13.266714,6.3002305,0
Q38DR1,185431,T. brucei,10.434476,10.523706,2
Q583I5,185431,T. brucei,10.2374525,7.337152,17
Q585V4,185431,T. brucei,11.57761,3.6548023,9
Q57UD8,185431,T. brucei,12.943582,8.721534,13
Q38F16,185431,T. brucei,13.628811,8.902965,13
Q583Y8,185431,T. brucei,8.430879,8.341538,16
Q38AD4,185431,T. brucei,13.281526,8.248244,0
Q38A31,185431,T. brucei,11.301389,6.9694552,2
Q387S1,185431,T. brucei,10.654517,5.4764905,13
Q38E02,185431,T. brucei,12.9541645,7.8501434,18
Q381Q8,185431,T. brucei,13.447882,4.4831233,11
Q38DR4,185431,T. brucei,8.475824,7.220593,2
Q585S3,185431,T. brucei,13.390924,8.581745,13
Q581A5,185431,T. brucei,7.6952376,5.475598,18
Q38E34,185431,T. brucei,8.291922,3.8254511,4
Q388L0,185431,T. brucei,9.371267,7.711602,17
Q383Q8,185431,T. brucei,12.9750595,5.6883225,11
Q387M1,185431,T. brucei,13.627799,8.8395195,13
Q38D86,185431,T. brucei,11.596321,6.8614492,17
Q385S8,185431,T. brucei,10.588624,5.8588753,15
Q38BI6,185431,T. brucei,14.048053,8.143981,13
Q38C65,185431,T. brucei,14.223751,7.3006353,13
Q386Y6,185431,T. brucei,9.853396,9.496664,15
Q38BW8,185431,T. brucei,10.937014,5.011572,10
Q38A79,185431,T. brucei,13.201016,8.372687,0
Q38B94,185431,T. brucei,3.6799135,7.8781915,17
Q57YR7,185431,T. brucei,9.607914,8.004278,2
Q38EP5,185431,T. brucei,13.733394,8.179438,13
Q38DW4,185431,T. brucei,13.811356,8.499815,13
Q38BS0,185431,T. brucei,14.015928,8.154225,13
Q57TS0,185431,T. brucei,9.43959,8.548639,17
Q388P2,185431,T. brucei,9.520247,2.5449903,5
Q387H6,185431,T. brucei,9.788457,8.068357,2
Q57U30,185431,T. brucei,10.529234,9.553672,13
Q388T7,185431,T. brucei,11.195573,5.135911,17
Q4GZ96,185431,T. brucei,10.097129,6.8482065,19
Q581W1,185431,T. brucei,7.2252865,6.372922,15
Q38B87,185431,T. brucei,13.169892,7.5533304,18
Q388T3,185431,T. brucei,13.614904,8.366155,13
Q583Q2,185431,T. brucei,13.6245985,8.659768,13
Q57WW3,185431,T. brucei,9.471729,3.100577,8
Q387K1,185431,T. brucei,13.526357,4.7423577,11
Q587E0,185431,T. brucei,10.574034,5.2768383,19
Q388I6,185431,T. brucei,9.116489,3.7468514,4
Q4GYJ9,185431,T. brucei,14.256953,7.6760526,7
Q38B82,185431,T. brucei,9.534406,9.033436,17
Q387B8,185431,T. brucei,8.033469,3.961825,15
Q57YG9,185431,T. brucei,13.504302,4.479017,15
Q57XU6,185431,T. brucei,9.958037,3.2746637,4
Q57YT0,185431,T. brucei,12.77591,8.515758,0
Q38CG3,185431,T. brucei,11.67154,7.8081155,0
Q57UP6,185431,T. brucei,9.670509,2.0036001,5
Q38A36,185431,T. brucei,11.228682,7.4351597,0
Q38F96,185431,T. brucei,9.220153,6.8194156,15
Q57VA7,185431,T. brucei,7.8436365,9.249475,16
Q38DM7,185431,T. brucei,13.618695,8.357288,13
Q57WV3,185431,T. brucei,14.449102,8.100564,7
Q388K3,185431,T. brucei,5.3121586,7.944109,15
Q383M3,185431,T. brucei,10.676898,6.297312,2
Q382Z8,185431,T. brucei,9.016773,8.438351,2
Q384N9,185431,T. brucei,15.10621,8.418074,7
Q38C25,185431,T. brucei,8.782986,17.492748,3
Q586W9,185431,T. brucei,12.36738,4.9991546,9
Q381L3,185431,T. brucei,10.783438,8.438346,0
Q386L0,185431,T. brucei,13.042166,3.4748554,9
Q57VQ5,185431,T. brucei,8.788908,5.757785,2
Q57ZV9,185431,T. brucei,14.183457,8.288159,13
Q38BH9,185431,T. brucei,7.8742843,4.3802924,10
Q389J3,185431,T. brucei,12.099611,8.400901,18
Q386E4,185431,T. brucei,11.175558,0.3068474,0
Q38BQ8,185431,T. brucei,11.541831,3.5498695,9
Q38EV6,185431,T. brucei,11.178002,0.2959123,0
Q57YK8,185431,T. brucei,8.872124,5.7886014,11
Q57Y19,185431,T. brucei,13.85045,4.039731,10
Q38G16,185431,T. brucei,12.603391,4.6947594,9
Q586M4,185431,T. brucei,11.130054,7.244189,0
Q57X08,185431,T. brucei,11.281633,7.5628896,0
Q38A61,185431,T. brucei,10.514124,4.2152615,19
Q38G44,185431,T. brucei,10.384427,3.4777308,14
Q581Z7,185431,T. brucei,12.37527,-0.8356382,19
Q38BZ3,185431,T. brucei,6.639954,4.9767337,2
Q582F1,185431,T. brucei,10.9045315,5.891061,15
Q583X3,185431,T. brucei,14.203924,8.207701,13
Q57XL4,185431,T. brucei,14.437488,7.963498,7
Q38AK6,185431,T. brucei,12.848063,7.371501,18
Q385N8,185431,T. brucei,4.83017,7.983746,14
Q57VA4,185431,T. brucei,13.916286,7.981242,13
Q583R5,185431,T. brucei,4.7051573,8.151629,14
Q381Y4,185431,T. brucei,10.133016,7.3107414,16
Q38CC3,185431,T. brucei,9.679932,2.7655008,8
Q385P5,185431,T. brucei,13.160697,8.521632,13
Q583M4,185431,T. brucei,12.809664,7.425253,18
Q388V2,185431,T. brucei,7.104161,9.318736,16
D6XKD1,185431,T. brucei,11.504921,4.8961687,2
Q582L5,185431,T. brucei,14.363756,10.535548,0
Q57WC4,185431,T. brucei,13.894292,7.757193,13
Q38DX3,185431,T. brucei,13.750105,7.8171735,13
Q586C7,185431,T. brucei,7.4146757,6.3656883,0
Q57XE0,185431,T. brucei,9.144953,2.383608,5
Q38AX0,185431,T. brucei,13.391303,7.190252,12
Q4GZ43,185431,T. brucei,15.721653,8.47615,7
Q581R9,185431,T. brucei,9.349787,8.9870405,18
D6XGL4,185431,T. brucei,6.7800536,6.847537,14
Q57TV4,185431,T. brucei,8.852382,17.506752,3
Q382N9,185431,T. brucei,12.047333,9.407918,13
Q4GYK0,185431,T. brucei,15.740618,8.490875,7
Q38D48,185431,T. brucei,9.4192295,3.7534792,4
Q584Q8,185431,T. brucei,9.050721,2.7300048,4
Q382B8,185431,T. brucei,8.953258,3.5269506,4
Q388S7,185431,T. brucei,8.17693,5.203016,2
Q383L5,185431,T. brucei,9.049937,2.2316437,5
Q382Q2,185431,T. brucei,9.01698,17.130257,3
Q38G17,185431,T. brucei,10.148666,6.303165,18
Q586V4,185431,T. brucei,10.923132,6.1844535,15
Q4GZ28,185431,T. brucei,11.0157175,8.7093725,2
Q57XB8,185431,T. brucei,8.809195,4.4427357,19
Q57TX3,185431,T. brucei,8.415599,7.240363,19
Q580A3,185431,T. brucei,9.861141,10.690922,17
Q389U7,185431,T. brucei,8.677888,8.500955,2
Q38BL9,185431,T. brucei,9.07661,7.0656066,17
Q38CZ4,185431,T. brucei,12.94254,7.891361,0
Q585J0,185431,T. brucei,10.31503,8.047579,16
Q385L3,185431,T. brucei,4.85569,2.5010064,17
Q389W7,185431,T. brucei,10.197845,4.471068,19
Q38CP0,185431,T. brucei,8.246865,7.755457,15
Q389L5,185431,T. brucei,9.575462,8.740416,17
Q386B0,185431,T. brucei,7.678676,16.472855,3
Q38BY3,185431,T. brucei,11.906229,6.94547,17
Q38G41,185431,T. brucei,11.702557,4.684288,2
Q381L5,185431,T. brucei,8.048547,6.9297132,19
Q38E01,185431,T. brucei,13.570666,4.83834,12
Q4GZA3,185431,T. brucei,9.983694,3.5826962,6
Q57UN3,185431,T. brucei,11.581128,6.6343503,0
Q57WD9,185431,T. brucei,10.178369,2.7746463,6
Q38CU3,185431,T. brucei,9.302091,7.855078,17
Q389Q2,185431,T. brucei,12.284842,3.452066,0
Q57VM8,185431,T. brucei,13.015055,3.578002,12
Q382K8,185431,T. brucei,13.088305,8.672736,0
Q38AE8,185431,T. brucei,15.231896,8.469703,7
Q582H9,185431,T. brucei,8.804884,8.082879,2
Q38AC1,185431,T. brucei,9.849276,10.686034,2
Q381B4,185431,T. brucei,8.535382,7.8321304,2
Q384W0,185431,T. brucei,6.578774,6.679735,4
Q581V1,185431,T. brucei,9.4939,6.653381,17
Q387W6,185431,T. brucei,7.549562,9.405273,16
Q38FD4,185431,T. brucei,9.602617,6.3188396,11
Q583Y5,185431,T. brucei,12.865656,8.26299,0
Q57XK4,185431,T. brucei,11.519527,2.303024,19
Q9HXW4,208964,P. aeruginosa,11.143186,6.459638,2
Q9I549,208964,P. aeruginosa,7.4089866,6.1437593,16
Q9HTH8,208964,P. aeruginosa,-3.3570006,4.9628115,2
Q9I0L7,208964,P. aeruginosa,10.16413,7.801447,17
Q9I1Y4,208964,P. aeruginosa,9.83952,4.1794505,6
Q9I1J5,208964,P. aeruginosa,7.7916355,9.277198,16
Q9I6M5,208964,P. aeruginosa,8.251399,7.439575,1
Q9I5R6,208964,P. aeruginosa,7.993479,8.135332,1
Q9HZ64,208964,P. aeruginosa,8.267973,3.3201115,4
Q9I4S0,208964,P. aeruginosa,10.195208,3.4409778,10
P48636,208964,P. aeruginosa,7.769687,8.126744,1
Q9I329,208964,P. aeruginosa,7.4525065,8.925923,16
Q9I2C7,208964,P. aeruginosa,7.0492115,8.681148,16
Q9I2T4,208964,P. aeruginosa,12.935821,5.800338,12
P45684,208964,P. aeruginosa,10.016715,8.67405,0
G3XD43,208964,P. aeruginosa,8.791658,9.108427,17
Q9I0F4,208964,P. aeruginosa,7.479243,8.50167,16
G3XD45,208964,P. aeruginosa,7.2405753,8.666138,1
P49988,208964,P. aeruginosa,11.142734,7.234707,17
Q9I7A4,208964,P. aeruginosa,8.126583,8.517277,1
Q9HUG6,208964,P. aeruginosa,13.023715,7.298561,12
Q9HU72,208964,P. aeruginosa,8.843777,7.504649,2
Q9HWX1,208964,P. aeruginosa,7.456229,7.8914795,19
Q9HW69,208964,P. aeruginosa,13.771893,6.631037,13
Q9I1N5,208964,P. aeruginosa,8.269045,8.907235,16
P33639,208964,P. aeruginosa,9.415403,2.8961825,4
G3XCW6,208964,P. aeruginosa,7.0381107,8.467452,1
Q9I332,208964,P. aeruginosa,11.581716,7.9104247,0
P95435,208964,P. aeruginosa,7.406454,9.00874,12
Q9HZQ8,208964,P. aeruginosa,4.9760666,2.0164325,14
Q9HV30,208964,P. aeruginosa,6.9258003,8.869385,1
P21628,208964,P. aeruginosa,10.241124,3.1848428,4
Q9I4N3,208964,P. aeruginosa,4.9768667,2.390086,14
Q9I114,208964,P. aeruginosa,7.096861,8.762534,1
Q9I0H1,208964,P. aeruginosa,8.615837,8.433753,2
Q9HZE6,208964,P. aeruginosa,7.544938,8.804531,16
Q9S508,208964,P. aeruginosa,10.374708,8.471016,17
Q9I405,208964,P. aeruginosa,6.658894,7.989311,16
Q9HZV8,208964,P. aeruginosa,7.568565,9.34609,16
Q9HUL1,208964,P. aeruginosa,10.420032,10.503463,2
Q9I402,208964,P. aeruginosa,8.737305,17.484852,3
Q9I6J5,208964,P. aeruginosa,7.03295,4.935591,15
Q9I322,208964,P. aeruginosa,14.644405,8.090898,7
Q51423,208964,P. aeruginosa,8.524205,8.243135,2
Q9HUT5,208964,P. aeruginosa,13.476272,6.287287,13
Q9HYX0,208964,P. aeruginosa,14.35151,8.273514,13
Q9HZW1,208964,P. aeruginosa,8.633201,8.035452,2
Q9HXC2,208964,P. aeruginosa,11.322975,7.7750363,0
Q9I6J4,208964,P. aeruginosa,7.6208954,7.7874827,1
Q9HUR6,208964,P. aeruginosa,11.091208,6.657895,2
Q9I4D4,208964,P. aeruginosa,6.95228,7.9186277,1
Q51426,208964,P. aeruginosa,9.317792,6.695275,17
Q9HV43,208964,P. aeruginosa,12.356131,3.9558418,10
Q9HUQ3,208964,P. aeruginosa,14.884639,8.389657,7
Q9I757,208964,P. aeruginosa,7.1765046,8.586533,1
Q9I741,208964,P. aeruginosa,7.3393207,3.3783062,14
Q9L7T2,208964,P. aeruginosa,11.1337805,0.3440003,15
Q51373,208964,P. aeruginosa,6.9143043,8.48224,1
Q9HTY9,208964,P. aeruginosa,6.795932,8.700401,16
Q9HY46,208964,P. aeruginosa,7.0086846,9.126265,16
Q9HYC5,208964,P. aeruginosa,7.535307,9.331817,16
Q9I1W5,208964,P. aeruginosa,8.794257,17.189873,4
P11759,208964,P. aeruginosa,14.35795,6.205712,0
Q9HVD1,208964,P. aeruginosa,8.582036,8.7946005,2
Q9I488,208964,P. aeruginosa,6.670541,7.9617767,16
Q9I2E2,208964,P. aeruginosa,6.8946633,7.928001,1
Q9HXS0,208964,P. aeruginosa,6.9700303,9.088216,16
G3XCX7,208964,P. aeruginosa,8.095965,8.852591,1
Q00515,208964,P. aeruginosa,7.3704915,8.691665,16
Q9I527,208964,P. aeruginosa,11.167434,5.049204,17
G3XD14,208964,P. aeruginosa,12.230634,7.8009853,17
P08308,208964,P. aeruginosa,17.755053,11.632888,14
Q9I5W4,208964,P. aeruginosa,12.498466,7.878489,18
Q9I328,208964,P. aeruginosa,7.347174,8.9102335,12
Q03023,208964,P. aeruginosa,9.782764,5.802254,15
Q9HT87,208964,P. aeruginosa,11.213376,7.6870704,0
Q9HTL2,208964,P. aeruginosa,10.616816,6.1770606,2
P72171,208964,P. aeruginosa,10.953439,4.1671014,6
Q9I2E9,208964,P. aeruginosa,8.053755,8.961032,16
Q9I5F9,208964,P. aeruginosa,13.386629,8.794122,13
Q9HWR3,208964,P. aeruginosa,9.452961,2.5025332,8
Q9HVF1,208964,P. aeruginosa,8.274509,8.54817,1
Q9I5N7,208964,P. aeruginosa,7.454444,9.179523,16
Q9HZD1,208964,P. aeruginosa,6.653832,8.688679,1
Q9HT72,208964,P. aeruginosa,6.887895,7.1277514,14
Q03456,208964,P. aeruginosa,7.397919,7.919172,4
Q9HZ59,208964,P. aeruginosa,9.026235,3.9184306,4
G3XD84,208964,P. aeruginosa,8.811464,9.130077,17
Q9I1X7,208964,P. aeruginosa,11.493342,6.4415417,15
Q9HX83,208964,P. aeruginosa,8.450582,6.555342,19
Q9HWK3,208964,P. aeruginosa,7.512799,9.016763,16
Q9I1R7,208964,P. aeruginosa,13.140083,6.1387115,13
Q9HTB9,208964,P. aeruginosa,14.475526,5.1140203,12
Q9HZ91,208964,P. aeruginosa,7.013226,9.072137,16
P26995,208964,P. aeruginosa,7.4556456,9.051565,16
Q9HW91,208964,P. aeruginosa,9.287231,8.29214,0
Q9I537,208964,P. aeruginosa,13.428667,4.4005547,19
Q9I5P9,208964,P. aeruginosa,7.044579,8.736912,1
Q9HZE5,208964,P. aeruginosa,11.422411,3.6302621,10
P04739,208964,P. aeruginosa,9.073907,9.195019,0
Q9HYP5,208964,P. aeruginosa,8.492808,8.983011,11
Q51507,208964,P. aeruginosa,7.5539837,9.029566,16
Q9HUW7,208964,P. aeruginosa,7.428532,14.289174,2
Q9I6G3,208964,P. aeruginosa,10.905115,9.178679,17
Q9I150,208964,P. aeruginosa,7.8756394,8.039145,1
Q820A5,208964,P. aeruginosa,7.6728635,9.353198,16
Q9I3L8,208964,P. aeruginosa,12.649465,6.9832644,0
P35818,208964,P. aeruginosa,13.264497,8.383224,0
Q9HTG8,208964,P. aeruginosa,12.656696,3.0582223,10
Q9HZX6,208964,P. aeruginosa,14.71151,4.9304543,12
P11221,208964,P. aeruginosa,11.240183,3.9494805,11
Q9HT43,208964,P. aeruginosa,8.513932,8.033909,16
Q9HY80,208964,P. aeruginosa,8.39185,8.530869,1
Q9I4R7,208964,P. aeruginosa,7.328528,8.207162,1
Q9I5G7,208964,P. aeruginosa,14.657614,8.077397,7
G3XDA6,208964,P. aeruginosa,7.519497,9.221955,16
P21629,208964,P. aeruginosa,6.6587224,7.984877,1
Q9HUF2,208964,P. aeruginosa,8.835879,8.074994,16
Q9HVM8,208964,P. aeruginosa,11.522353,6.2256637,17
Q9HZV6,208964,P. aeruginosa,8.125394,8.845918,16
Q9HYQ6,208964,P. aeruginosa,7.764905,9.648071,12
Q51508,208964,P. aeruginosa,8.6510725,6.4964566,10
Q9I2J9,208964,P. aeruginosa,10.337129,8.501049,1
Q9HZW2,208964,P. aeruginosa,6.97244,9.117275,1
Q9HTH7,208964,P. aeruginosa,12.524143,6.855112,0
Q9HYF1,208964,P. aeruginosa,9.214977,2.272384,5
Q9HTC0,208964,P. aeruginosa,8.871858,5.7741637,11
P26276,208964,P. aeruginosa,11.777256,6.240886,17
Q9I5E3,208964,P. aeruginosa,7.914853,8.668736,1
Q9I0R4,208964,P. aeruginosa,11.661701,3.3385124,9
Q9HVQ7,208964,P. aeruginosa,7.596776,8.05533,1
Q9I0K4,208964,P. aeruginosa,10.063558,6.617976,2
Q9I115,208964,P. aeruginosa,10.944334,3.8913574,19
Q9I2T7,208964,P. aeruginosa,8.298101,8.230229,1
Q9HWU9,208964,P. aeruginosa,7.273679,8.489995,16
Q9I670,208964,P. aeruginosa,14.235335,8.017091,13
Q9I4B3,208964,P. aeruginosa,6.9031935,7.939017,1
Q9I297,208964,P. aeruginosa,10.67957,4.8131204,19
Q9I2M8,208964,P. aeruginosa,7.5674205,8.917722,16
Q04803,208964,P. aeruginosa,3.5450513,-3.56263,16
Q9HV89,208964,P. aeruginosa,13.280716,7.161487,13
Q9HUB4,208964,P. aeruginosa,12.695801,5.8750963,16
Q9HZR6,208964,P. aeruginosa,7.007214,9.1553955,1
P57701,208964,P. aeruginosa,7.219082,6.545748,16
Q9HTB7,208964,P. aeruginosa,1.1153356,-3.1721354,3
Q9HV88,208964,P. aeruginosa,11.112909,4.1973376,10
Q9HUH4,208964,P. aeruginosa,9.768431,3.5339775,4
G3XCU6,208964,P. aeruginosa,13.220513,2.512167,11
Q9HUB5,208964,P. aeruginosa,8.831274,8.7997265,11
G3XD58,208964,P. aeruginosa,9.093454,3.6524804,4
Q9HYQ2,208964,P. aeruginosa,7.5375547,7.8470974,1
P23926,208964,P. aeruginosa,6.974842,8.497942,1
Q9HTH9,208964,P. aeruginosa,7.6046276,8.292571,1
Q9HT32,208964,P. aeruginosa,10.979582,3.6631203,6
P95415,208964,P. aeruginosa,7.5340576,8.7757,16
Q9I2Q1,208964,P. aeruginosa,9.249484,9.092304,0
Q9HZH6,208964,P. aeruginosa,9.512194,8.370803,2
Q9I182,208964,P. aeruginosa,8.530553,7.7799635,2
Q9HUM0,208964,P. aeruginosa,9.063369,4.2457285,4
Q9I441,208964,P. aeruginosa,7.6378965,9.227799,16
Q9HZE4,208964,P. aeruginosa,10.213475,3.9862115,10
P72139,208964,P. aeruginosa,8.439187,7.6885066,2
G3XD24,208964,P. aeruginosa,11.490003,5.7396026,17
Q9HZE8,208964,P. aeruginosa,7.2591434,5.2225595,17
Q9I702,208964,P. aeruginosa,13.298989,5.1854033,11
Q9HW43,208964,P. aeruginosa,6.6470838,6.907766,4
Q9I3Y3,208964,P. aeruginosa,12.67399,5.463667,12
Q9HWH1,208964,P. aeruginosa,10.336876,8.499909,1
G3XD04,208964,P. aeruginosa,12.610342,5.364219,13
P24474,208964,P. aeruginosa,14.664306,4.987983,12
Q9I6Y9,208964,P. aeruginosa,7.663682,4.7275944,0
Q9HVR7,208964,P. aeruginosa,12.633959,6.102798,12
Q9I2E8,208964,P. aeruginosa,8.498694,9.113325,11
Q9I258,208964,P. aeruginosa,9.450322,5.4923882,15
G3XCZ0,208964,P. aeruginosa,8.70618,9.135984,16
Q9HTK8,208964,P. aeruginosa,11.060392,8.1157465,0
Q9I5I6,208964,P. aeruginosa,3.1438062,4.8594356,17
P48632,208964,P. aeruginosa,8.752326,1.9855247,5
Q9I6M4,208964,P. aeruginosa,10.211649,7.9554763,1
Q9I740,208964,P. aeruginosa,13.748655,8.189098,13
G3XCY2,208964,P. aeruginosa,11.47256,5.9387403,15
G3XDB0,208964,P. aeruginosa,7.525686,8.477001,1
P20586,208964,P. aeruginosa,9.263776,4.3505445,2
Q9I4K5,208964,P. aeruginosa,8.019364,4.9806924,17
G3XD89,208964,P. aeruginosa,7.992389,4.969788,2
Q51434,208964,P. aeruginosa,8.108209,8.302965,2
Q9I689,208964,P. aeruginosa,13.24053,8.519627,15
O85732,208964,P. aeruginosa,10.425892,6.860213,2
Q9I0F2,208964,P. aeruginosa,7.824639,9.156892,16
P19072,208964,P. aeruginosa,12.631809,4.737219,12
Q9I490,208964,P. aeruginosa,14.382055,8.1123085,13
Q9HWS0,208964,P. aeruginosa,9.014367,5.794689,2
Q9HY79,208964,P. aeruginosa,11.05337,6.5274153,15
Q9HU98,208964,P. aeruginosa,12.942349,4.985949,12
Q9I423,208964,P. aeruginosa,8.723085,17.401056,3
Q9I116,208964,P. aeruginosa,8.988761,4.2761865,19
Q9HZZ4,208964,P. aeruginosa,7.0088296,8.857183,1
Q9I6D8,208964,P. aeruginosa,7.464124,7.6484847,1
Q9I1P2,208964,P. aeruginosa,8.304321,9.361726,11
P38098,208964,P. aeruginosa,11.551548,7.8520937,18
Q9I5I9,208964,P. aeruginosa,14.479097,5.473845,12
Q9HWH2,208964,P. aeruginosa,10.324584,2.1957805,19
Q9I156,208964,P. aeruginosa,7.298992,8.694107,16
Q9I310,208964,P. aeruginosa,13.995228,6.325927,12
Q9HX07,208964,P. aeruginosa,9.85951,7.199235,2
G3XD64,208964,P. aeruginosa,10.994276,0.32516298,15
Q9I035,208964,P. aeruginosa,8.863997,9.067477,0
Q9I016,208964,P. aeruginosa,10.000064,7.3183208,16
Q9HWS1,208964,P. aeruginosa,8.6071,9.039733,11
Q00518,208964,P. aeruginosa,7.866866,8.788925,1
Q9I4X1,208964,P. aeruginosa,7.661614,8.613989,16
Q9ZFK4,208964,P. aeruginosa,10.999233,0.31777683,15
Q9HUY3,208964,P. aeruginosa,3.6747746,7.881649,17
P26275,208964,P. aeruginosa,6.9838734,8.6269655,1
O86062,208964,P. aeruginosa,12.188167,3.1359847,9
G3XCX6,208964,P. aeruginosa,10.546088,3.768357,6
Q9I3S2,208964,P. aeruginosa,1.5463389,2.8212802,18
Q9HUW6,208964,P. aeruginosa,10.788094,4.721914,15
G3XD50,208964,P. aeruginosa,13.494302,5.893247,12
Q9I5M1,208964,P. aeruginosa,3.1467457,4.8576374,10
Q9I296,208964,P. aeruginosa,13.853804,7.1506863,13
G3XCV4,208964,P. aeruginosa,7.6509204,9.383848,16
Q9HTM7,208964,P. aeruginosa,7.5911307,8.9189005,16
Q9HWZ6,208964,P. aeruginosa,8.476087,8.017119,1
Q9HZ80,208964,P. aeruginosa,12.107734,7.509403,17
Q9I6P6,208964,P. aeruginosa,10.160944,4.7088637,19
P25084,208964,P. aeruginosa,6.8680425,8.752277,1
Q9I327,208964,P. aeruginosa,9.1369295,3.393444,4
Q9HTB4,208964,P. aeruginosa,12.9024725,8.0550995,13
Q9HYJ5,208964,P. aeruginosa,7.0644746,8.773157,16
Q9I060,208964,P. aeruginosa,9.815563,2.9023738,8
Q9HTG6,208964,P. aeruginosa,12.429919,8.160682,0
Q9HWM5,208964,P. aeruginosa,7.355643,3.3786442,14
Q9HXE3,208964,P. aeruginosa,8.854424,2.4663856,5
Q9HYG7,208964,P. aeruginosa,7.6634436,7.9735665,1
P10932,208964,P. aeruginosa,7.4466977,8.8478155,16
Q9I0P7,208964,P. aeruginosa,13.731263,6.1399465,13
Q9HUL2,208964,P. aeruginosa,10.5753355,8.023357,0
Q9HY81,208964,P. aeruginosa,7.2234974,-0.14595109,2
Q52463,208964,P. aeruginosa,4.800726,2.025352,14
Q9ZN70,208964,P. aeruginosa,7.8076143,16.251118,15
Q9HX68,208964,P. aeruginosa,6.9433055,8.484098,1
Q9I478,208964,P. aeruginosa,9.143292,2.2712684,5
Q9I3F6,208964,P. aeruginosa,10.94269,4.149865,10
P15275,208964,P. aeruginosa,7.4508066,8.887938,16
Q06553,208964,P. aeruginosa,7.772557,8.65784,1
Q9HTH5,208964,P. aeruginosa,2.211002,4.1617947,6
Q9I3G3,208964,P. aeruginosa,10.505735,3.9457128,6
Q9I3B1,208964,P. aeruginosa,13.539533,5.584253,12
O69754,208964,P. aeruginosa,8.639366,1.888863,8
G3XCZ2,208964,P. aeruginosa,9.471649,7.9037766,16
P27017,208964,P. aeruginosa,8.092498,5.040353,2
Q51404,208964,P. aeruginosa,14.523996,5.050283,12
P06200,208964,P. aeruginosa,14.700478,4.7774453,12
Q9I646,208964,P. aeruginosa,7.0627675,8.724467,1
Q9I1S1,208964,P. aeruginosa,6.909043,9.017148,1
Q9I0I9,208964,P. aeruginosa,10.059332,6.180238,17
Q9I4X0,208964,P. aeruginosa,8.401832,8.911043,2
Q9I5F3,208964,P. aeruginosa,6.9827747,8.062578,16
Q9HT76,208964,P. aeruginosa,9.63505,8.682532,0
Q9HZE7,208964,P. aeruginosa,5.1046534,2.2568495,10
Q9I710,208964,P. aeruginosa,8.909076,5.8058414,0
Q9I185,208964,P. aeruginosa,8.866478,17.638136,3
Q9HU05,208964,P. aeruginosa,7.337774,8.630906,16
Q9I235,208964,P. aeruginosa,8.563079,7.622954,2
Q9I404,208964,P. aeruginosa,6.818238,6.889849,1
Q9I2M7,208964,P. aeruginosa,9.349439,5.9935045,0
Q9HTI8,208964,P. aeruginosa,7.6657114,4.7671595,0
Q9HUK9,208964,P. aeruginosa,8.024052,8.9469385,16
Q9HYY3,208964,P. aeruginosa,9.133842,2.1658442,5
Q9HTI4,208964,P. aeruginosa,8.723386,8.279599,16
Q9I4I1,208964,P. aeruginosa,9.8942,6.0253015,19
Q9I1M9,208964,P. aeruginosa,10.636357,6.0713325,15
Q9HTK9,208964,P. aeruginosa,12.6412735,2.6338198,10
P22610,208964,P. aeruginosa,9.43321,7.8138905,19
Q9I072,208964,P. aeruginosa,11.322065,7.8331757,18
Q9HUF1,208964,P. aeruginosa,10.4670315,7.9349303,0
Q9HZ86,208964,P. aeruginosa,10.136124,3.3847322,8
Q06062,208964,P. aeruginosa,8.396879,8.989603,16
Q9HT75,208964,P. aeruginosa,12.891294,10.421566,15
Q9I4H2,208964,P. aeruginosa,7.2859216,8.624933,1
Q9HU21,208964,P. aeruginosa,7.9111567,7.828757,1
Q9HYN9,208964,P. aeruginosa,9.227307,3.7613695,4
Q9I5F8,208964,P. aeruginosa,7.0708385,8.64368,1
P35482,208964,P. aeruginosa,7.1764274,9.557148,16
Q9HXU3,208964,P. aeruginosa,14.861726,6.3916926,18
Q9HVR8,208964,P. aeruginosa,12.825284,5.7042646,0
G3XD94,208964,P. aeruginosa,9.022363,7.055808,2
Q9I169,208964,P. aeruginosa,8.444155,8.47649,1
Q9HYU4,208964,P. aeruginosa,8.018567,8.532114,16
G3XCU2,208964,P. aeruginosa,11.834447,7.438326,0
Q9I758,208964,P. aeruginosa,7.2635107,7.945699,1
Q9I737,208964,P. aeruginosa,8.441517,7.1257253,2
P72151,208964,P. aeruginosa,12.562396,5.1947465,13
Q9I5P0,208964,P. aeruginosa,9.344009,6.5014505,15
Q9I319,208964,P. aeruginosa,7.682701,5.446762,0
Q06579,208964,P. aeruginosa,11.240298,8.0781145,0
Q9I3G0,208964,P. aeruginosa,14.031659,5.0044966,12
Q9I544,208964,P. aeruginosa,11.187366,4.6173525,6
Q9I703,208964,P. aeruginosa,8.378616,8.352897,16
Q9I2F6,208964,P. aeruginosa,15.029815,4.6360254,12
Q9I2F3,208964,P. aeruginosa,12.162664,4.4865475,10
P38100,208964,P. aeruginosa,9.770326,2.9185858,8
O30508,208964,P. aeruginosa,7.537224,9.288959,16
Q9I483,208964,P. aeruginosa,7.0303717,8.5782175,1
G3XDA5,208964,P. aeruginosa,13.014456,8.126484,13
Q9I2C5,208964,P. aeruginosa,8.772722,8.997475,16
P26993,208964,P. aeruginosa,7.812221,5.6651535,2
Q9I0P5,208964,P. aeruginosa,9.769275,6.6594677,19
Q9I489,208964,P. aeruginosa,10.9306345,5.268348,6
Q9I3G5,208964,P. aeruginosa,10.53669,5.7200465,1
Q9HU18,208964,P. aeruginosa,14.423997,8.291108,7
Q9HT12,208964,P. aeruginosa,12.055547,6.6277013,11
P54292,208964,P. aeruginosa,6.828182,8.635024,15
Q9HXY3,208964,P. aeruginosa,14.735013,4.819219,12
Q9I1N2,208964,P. aeruginosa,9.1038,2.414405,5
G3XD61,208964,P. aeruginosa,9.562247,4.124461,14
Q9I061,208964,P. aeruginosa,7.5891824,8.849675,16
P33883,208964,P. aeruginosa,7.7146587,8.245599,1
Q9HU92,208964,P. aeruginosa,13.941434,7.971161,13
G3XCY1,208964,P. aeruginosa,7.431913,8.501407,1
Q01725,208964,P. aeruginosa,3.4991567,-3.6119916,17
Q9HVI8,208964,P. aeruginosa,11.018986,6.4617863,15
Q9I596,208964,P. aeruginosa,8.8746195,6.6252546,14
Q9HYJ7,208964,P. aeruginosa,12.25503,5.2213798,11
Q9HWA7,208964,P. aeruginosa,6.5712557,4.738364,15
Q51393,208964,P. aeruginosa,7.350798,8.674616,16
Q9I183,208964,P. aeruginosa,8.893933,7.880265,0
Q9HXE0,208964,P. aeruginosa,10.205321,4.5954003,19
Q03025,208964,P. aeruginosa,7.443873,7.828142,1
Q9HTY2,208964,P. aeruginosa,7.1467247,8.583891,1
Q9I4U2,208964,P. aeruginosa,9.335324,5.5281916,19
G3XD30,208964,P. aeruginosa,8.173141,8.734006,1
Q9I3I1,208964,P. aeruginosa,14.185336,5.643971,12
Q9HUA1,208964,P. aeruginosa,14.906088,8.426949,7
Q9HTB3,208964,P. aeruginosa,7.0178614,6.4750996,2
Q9I4R5,208964,P. aeruginosa,6.977844,6.6623096,1
Q9I477,208964,P. aeruginosa,9.278424,2.3261645,5
Q9HWH9,208964,P. aeruginosa,8.151638,4.8150473,15
Q9I2F2,208964,P. aeruginosa,7.9639974,8.958478,16
Q9I1N6,208964,P. aeruginosa,8.822973,17.5155,3
G3XD23,208964,P. aeruginosa,8.602106,3.554936,19
Q9Z4J7,208964,P. aeruginosa,7.908056,11.133001,15
Q9HZV9,208964,P. aeruginosa,9.425282,5.8752923,2
Q9I3S3,208964,P. aeruginosa,14.343445,6.7717285,18
O33877,208964,P. aeruginosa,8.371485,7.659072,1
Q51391,208964,P. aeruginosa,7.043028,8.482478,1
Q9I3F1,208964,P. aeruginosa,14.289965,6.5660777,18
Q9I298,208964,P. aeruginosa,11.635499,9.027076,0
P32722,208964,P. aeruginosa,10.059408,7.690937,0
Q9HTI7,208964,P. aeruginosa,10.946451,0.35864967,19
Q9X6P4,208964,P. aeruginosa,8.908882,7.5085864,1
Q9I194,208964,P. aeruginosa,12.842954,10.399952,15
Q59636,208964,P. aeruginosa,10.110848,8.549047,16
Q9I6I9,208964,P. aeruginosa,7.324755,8.459872,1
Q9I6J8,208964,P. aeruginosa,9.073876,8.51135,0
Q9I524,208964,P. aeruginosa,9.423395,8.7067375,2
Q9HZ60,208964,P. aeruginosa,7.309016,8.585558,1
O68822,208964,P. aeruginosa,8.69457,1.8410624,5
Q9K3C5,208964,P. aeruginosa,14.031015,7.4013867,13
Q9HTE6,208964,P. aeruginosa,13.164617,2.5363712,11
G3XD35,208964,P. aeruginosa,8.440964,3.8596556,8
Q9HVC0,208964,P. aeruginosa,10.794237,8.786051,10
Q9I3M6,208964,P. aeruginosa,8.973332,6.929913,17
Q9I4V0,208964,P. aeruginosa,9.992118,4.32666,19
Q9I323,208964,P. aeruginosa,12.217609,1.8963065,14
Q9I7C1,208964,P. aeruginosa,7.4811254,8.093914,1
Q9I1M8,208964,P. aeruginosa,7.611085,9.324534,16
Q7DC81,208964,P. aeruginosa,9.501732,5.1151223,10
Q9I299,208964,P. aeruginosa,7.051692,5.712914,2
Q9I237,208964,P. aeruginosa,10.884255,6.3959603,0
Q9HU94,208964,P. aeruginosa,7.7743015,9.331255,16
Q9I3T5,208964,P. aeruginosa,11.847044,4.384084,9
Q9I6H1,208964,P. aeruginosa,8.547027,8.940804,2
Q9HTQ3,208964,P. aeruginosa,7.6005964,8.511041,1
Q9HVS3,208964,P. aeruginosa,11.566048,6.2331257,2
Q9HZR3,208964,P. aeruginosa,10.998521,2.9385107,8
Q9HTB5,208964,P. aeruginosa,4.148639,14.478646,15
Q9HTM9,208964,P. aeruginosa,10.893504,-5.8651304,14
O50174,208964,P. aeruginosa,8.478217,8.199418,15
Q51575,208964,P. aeruginosa,7.8853126,8.996582,16
P21175,208964,P. aeruginosa,9.660472,2.7854764,8
Q9I6Y1,208964,P. aeruginosa,13.639206,8.907751,13
Q9I321,208964,P. aeruginosa,9.934927,3.786171,10
Q9HT77,208964,P. aeruginosa,12.698923,8.132225,13
Q9I6Y3,208964,P. aeruginosa,7.069434,8.783937,16
Q9HY22,208964,P. aeruginosa,6.992083,8.610958,1
Q9I6Z9,208964,P. aeruginosa,7.6731176,4.225836,14
P18895,208964,P. aeruginosa,13.383819,4.677444,11
Q9I6J0,208964,P. aeruginosa,14.331028,6.1242986,11
P95434,208964,P. aeruginosa,9.002638,9.124721,2
P52477,208964,P. aeruginosa,12.38624,6.291227,9
Q9HV34,208964,P. aeruginosa,9.495004,5.1237545,19
Q9HX28,208964,P. aeruginosa,8.546201,7.301982,1
Q9HVB9,208964,P. aeruginosa,9.235671,7.692931,2
Q9I4V9,208964,P. aeruginosa,9.090056,3.3578432,4
Q9I4X2,208964,P. aeruginosa,11.011943,0.36344728,14
Q9HTB6,208964,P. aeruginosa,9.3544655,3.198797,8
Q9I730,208964,P. aeruginosa,7.785864,8.597104,16
Q9HVA8,208964,P. aeruginosa,14.15385,5.806474,16
Q9I2Q7,208964,P. aeruginosa,10.331126,4.519687,19
Q9HZE9,208964,P. aeruginosa,12.220917,3.3360703,0
Q9HW50,208964,P. aeruginosa,7.320463,8.451388,1
Q9I2U1,208964,P. aeruginosa,8.321073,8.000355,1
Q9HWJ7,208964,P. aeruginosa,9.894736,8.039399,17
Q9I178,208964,P. aeruginosa,11.851265,7.02987,17
P07344,208964,P. aeruginosa,15.302881,5.267368,18
Q9I520,208964,P. aeruginosa,9.381902,4.6911902,19
Q9HZG3,208964,P. aeruginosa,6.914762,8.534899,1
Q9HWA4,208964,P. aeruginosa,7.674371,16.471199,3
Q9I082,208964,P. aeruginosa,9.15909,9.021416,0
Q9I0I6,208964,P. aeruginosa,8.787782,8.602918,17
Q9I018,208964,P. aeruginosa,7.135193,8.996273,16
Q9HZP8,208964,P. aeruginosa,7.4215918,8.698678,1
Q9HVX1,208964,P. aeruginosa,10.894108,-5.8650904,14
Q9HTE5,208964,P. aeruginosa,7.606772,8.200824,1
Q9HYZ8,208964,P. aeruginosa,12.807044,6.966072,0
Q51485,208964,P. aeruginosa,8.460514,7.269372,19
P29248,208964,P. aeruginosa,7.071955,8.675708,1
Q9I6J1,208964,P. aeruginosa,9.922939,7.5543184,17
Q9I739,208964,P. aeruginosa,8.651267,6.6240964,15
Q9HVX3,208964,P. aeruginosa,9.107857,8.082923,2
Q9I2F1,208964,P. aeruginosa,8.171522,8.81186,16
Q9I2V7,208964,P. aeruginosa,7.031406,8.582581,1
Q9I2A0,208964,P. aeruginosa,9.37078,2.441128,5
Q9I168,208964,P. aeruginosa,9.436485,4.9360504,2
Q9I3G1,208964,P. aeruginosa,8.813161,8.981924,2
Q06198,208964,P. aeruginosa,7.0265174,8.832913,16
Q9HWT6,208964,P. aeruginosa,7.376889,8.480287,1
Q9HTA0,208964,P. aeruginosa,7.539126,8.842213,16
Q9I2T9,208964,P. aeruginosa,10.154737,7.248224,17
Q9I5U2,208964,P. aeruginosa,10.868158,6.6484494,17
O69753,208964,P. aeruginosa,10.333392,8.471513,17
Q9I6I6,208964,P. aeruginosa,10.007477,3.0772672,8
Q9I5N9,208964,P. aeruginosa,10.789083,3.179872,6
P11720,208964,P. aeruginosa,14.736339,5.4183135,12
Q9HX08,208964,P. aeruginosa,7.780995,8.200995,1
P38107,208964,P. aeruginosa,7.8405457,8.740567,16
Q9HV73,208964,P. aeruginosa,10.356414,3.798051,19
Q9I184,208964,P. aeruginosa,14.763358,6.415939,17
P32265,208964,P. aeruginosa,7.047551,9.075822,0
P15276,208964,P. aeruginosa,8.238888,8.469027,16
P80358,208964,P. aeruginosa,11.376104,7.8756847,18
G3XD73,208964,P. aeruginosa,7.1209593,7.5871816,1
P22008,208964,P. aeruginosa,12.293417,3.7267423,9
Q9HWA5,208964,P. aeruginosa,7.391939,6.014989,17
Q9I133,208964,P. aeruginosa,13.37302,10.203738,15
Q9HU67,208964,P. aeruginosa,8.100427,3.220795,5
Q9HUF8,208964,P. aeruginosa,7.6009974,8.659785,16
Q9I190,208964,P. aeruginosa,12.058893,8.065108,18
Q9HV74,208964,P. aeruginosa,7.0114393,4.8463283,15
Q9I1N8,208964,P. aeruginosa,1.1154417,-3.1720953,3
Q9HV48,208964,P. aeruginosa,8.843777,5.75435,2
Q51366,208964,P. aeruginosa,7.064575,6.3180776,2
Q9I0Z0,208964,P. aeruginosa,7.811176,7.735916,1
Q51368,208964,P. aeruginosa,10.716977,3.5120099,6
Q9HXE9,208964,P. aeruginosa,6.9945936,6.2776217,2
Q9HXD3,208964,P. aeruginosa,7.000571,8.7195835,16
Q9I572,208964,P. aeruginosa,10.919304,9.186685,14
Q9HTF3,208964,P. aeruginosa,10.017711,3.7867484,4
Q9I476,208964,P. aeruginosa,6.684826,8.727559,16
Q51566,208964,P. aeruginosa,3.524789,-3.5867372,15
Q9I4I2,208964,P. aeruginosa,10.001134,2.713266,8
Q9HXN5,208964,P. aeruginosa,12.451736,6.666832,0
Q9HZX3,208964,P. aeruginosa,8.796842,5.9952183,19
G3XCW2,208964,P. aeruginosa,8.927924,8.760787,0
P14789,208964,P. aeruginosa,11.479827,5.714617,9
Q9I3N5,208964,P. aeruginosa,7.1219273,6.5819993,1
Q9I1Y2,208964,P. aeruginosa,13.636587,8.228237,13
Q9I191,208964,P. aeruginosa,12.221421,1.87182,10
Q9HZL7,208964,P. aeruginosa,6.6768565,8.005448,1
Q9I0Q8,208964,P. aeruginosa,7.4541254,8.872146,16
Q9I6I8,208964,P. aeruginosa,9.336076,8.247897,17
Q9HW23,208964,P. aeruginosa,7.4411683,8.39659,1
Q9I4N4,208964,P. aeruginosa,8.46524,7.400894,1
Q9HVJ0,208964,P. aeruginosa,7.0227704,9.206151,16
Q9I0P6,208964,P. aeruginosa,13.01496,3.4706686,13
O50177,208964,P. aeruginosa,7.5749826,5.3036113,2
Q9I700,208964,P. aeruginosa,13.496594,8.817042,13
Q9I4F5,208964,P. aeruginosa,8.461513,8.722767,16
P40883,208964,P. aeruginosa,8.727367,8.482139,2
Q9HW93,208964,P. aeruginosa,7.3545585,3.4026425,14
Q9HW47,208964,P. aeruginosa,7.5346675,8.653909,1
G3XCV7,208964,P. aeruginosa,6.529827,4.7724233,15
Q9HY69,208964,P. aeruginosa,9.73583,2.3742352,8
Q9HWT7,208964,P. aeruginosa,13.633347,7.0802646,18
Q9I1N7,208964,P. aeruginosa,8.283535,7.2935634,15
P52003,208964,P. aeruginosa,7.0536504,8.9932165,16
Q9HT99,208964,P. aeruginosa,11.62033,2.8521786,6
Q9I5P4,208964,P. aeruginosa,8.093496,8.43824,1
Q51567,208964,P. aeruginosa,10.691904,3.4762952,6
Q9HVN0,208964,P. aeruginosa,7.409475,8.736499,16
G3XCT7,208964,P. aeruginosa,9.888246,5.815289,16
P35483,208964,P. aeruginosa,8.449362,8.241557,2
Q9I245,208964,P. aeruginosa,13.951884,4.911448,9
Q9HZZ1,208964,P. aeruginosa,12.112122,3.0909412,10
Q9I324,208964,P. aeruginosa,13.406297,4.479397,11
Q9I325,208964,P. aeruginosa,7.3772697,8.897518,16
Q9I4F9,208964,P. aeruginosa,6.669231,8.652335,16
Q9I1Y6,208964,P. aeruginosa,7.3738875,8.59863,1
Q5AXA3,227321,E. nidulans,8.744189,17.16319,3
C8VTF2,227321,E. nidulans,9.474828,2.8809717,8
C8V3I9,227321,E. nidulans,9.524724,7.44974,2
Q5ATH9,227321,E. nidulans,9.88717,5.6546593,15
C8V6E2,227321,E. nidulans,8.951334,5.9353743,1
G5EAY3,227321,E. nidulans,9.067091,3.7059708,4
Q03134,227321,E. nidulans,8.948708,3.370811,4
C8VRQ4,227321,E. nidulans,11.077758,5.831631,15
Q5AX00,227321,E. nidulans,8.747587,5.79822,2
Q5AVT2,227321,E. nidulans,8.969763,5.89564,2
G5EAW8,227321,E. nidulans,9.89046,2.3500884,8
C8V793,227321,E. nidulans,8.870221,7.1477175,19
G5EAS6,227321,E. nidulans,10.545909,5.7417073,19
C8V264,227321,E. nidulans,11.45033,5.1987987,6
C8V1G3,227321,E. nidulans,8.106222,7.3800488,15
Q870L3,227321,E. nidulans,12.06143,6.2931137,0
C8V3K9,227321,E. nidulans,13.502358,8.113661,13
G5EB71,227321,E. nidulans,10.039775,5.937839,15
G5EB13,227321,E. nidulans,9.717281,7.782227,17
Q5B018,227321,E. nidulans,11.726153,4.19132,9
C8VT14,227321,E. nidulans,13.856224,4.8021975,11
G5EB62,227321,E. nidulans,10.84656,3.5891514,6
C8V7S3,227321,E. nidulans,7.558214,5.0115414,2
Q8TFN1,227321,E. nidulans,13.656385,8.974722,13
Q5B163,227321,E. nidulans,10.932741,9.242355,15
Q5ASA2,227321,E. nidulans,10.439094,6.8032446,19
C8V9C7,227321,E. nidulans,12.29037,1.333837,10
G5EB61,227321,E. nidulans,5.7999606,9.9332285,2
Q460G9,227321,E. nidulans,7.307041,5.4428353,2
C8V8C3,227321,E. nidulans,10.717526,6.6327353,15
Q5AZP9,227321,E. nidulans,10.852684,3.2128232,19
Q5BAB9,227321,E. nidulans,10.482498,6.5070205,19
G5EAT5,227321,E. nidulans,11.169049,4.3068523,6
C8V7G9,227321,E. nidulans,3.0145547,12.6862545,16
Q9Y8C1,227321,E. nidulans,9.131646,7.43608,16
P21228,227321,E. nidulans,11.937907,7.951299,18
Q5BG07,227321,E. nidulans,13.124938,5.415243,12
C8V916,227321,E. nidulans,9.200154,7.751833,2
Q5AWD9,227321,E. nidulans,8.614492,8.475324,16
P50867,227321,E. nidulans,8.7141485,7.5019417,2
Q5AVQ2,227321,E. nidulans,8.512398,8.40294,1
Q5B8B7,227321,E. nidulans,11.465922,7.391421,17
Q5BCH3,227321,E. nidulans,19.396046,13.629497,17
Q5BH26,227321,E. nidulans,7.5376353,9.117119,16
G5EB06,227321,E. nidulans,9.09338,3.7085648,4
Q5B7R2,227321,E. nidulans,10.476494,5.287609,2
Q5BH98,227321,E. nidulans,13.792595,8.151297,13
C8VAK9,227321,E. nidulans,7.9084244,11.138777,15
C8VUB6,227321,E. nidulans,9.718158,6.537386,2
Q5B5P5,227321,E. nidulans,4.672788,1.9358424,14
C8V4E0,227321,E. nidulans,9.740686,2.5522926,5
C8V7M0,227321,E. nidulans,10.040327,8.424007,17
Q5AZ42,227321,E. nidulans,11.731891,7.0454717,0
Q5AS60,227321,E. nidulans,10.35613,10.172255,0
O42777,227321,E. nidulans,3.0863616,12.614346,15
G5EB00,227321,E. nidulans,8.573631,8.412665,2
P56859,227321,E. nidulans,19.392084,13.6486435,2
Q9TEM3,227321,E. nidulans,12.79452,8.465059,13
C8VJ09,227321,E. nidulans,11.150587,4.3728805,6
Q5B2V1,227321,E. nidulans,8.678379,8.381831,2
Q9P896,227321,E. nidulans,9.771977,2.3841336,8
A7XRZ1,227321,E. nidulans,6.8819976,8.784717,0
P08844,227321,E. nidulans,5.0272408,12.687329,17
G5EB49,227321,E. nidulans,10.066106,6.9751735,0
C8VPR1,227321,E. nidulans,10.092606,6.208403,15
P50125,227321,E. nidulans,10.56866,5.66002,14
Q5B5W6,227321,E. nidulans,9.92729,2.7058468,8
Q5B7I7,227321,E. nidulans,19.392162,13.648448,2
C8VF25,227321,E. nidulans,3.5196292,-3.5915225,1
A0A1U8QW91,227321,E. nidulans,11.005955,3.315085,6
C8VN91,227321,E. nidulans,12.911806,7.5362372,18
Q5BAJ9,227321,E. nidulans,8.8419485,5.748234,2
Q5B0Q1,227321,E. nidulans,9.142492,5.8280473,2
Q5B4R8,227321,E. nidulans,10.968512,4.45561,6
G5EB09,227321,E. nidulans,7.1071134,9.258494,1
A0A1U8QGV2,227321,E. nidulans,10.741238,4.560592,6
C8VQ27,227321,E. nidulans,10.490954,10.030149,0
Q5B5Y9,227321,E. nidulans,9.160449,5.9406953,0
Q5AW79,227321,E. nidulans,13.167074,9.883454,0
Q5AWS8,227321,E. nidulans,9.265113,4.3886156,2
Q5B6I8,227321,E. nidulans,8.816726,17.601315,3
Q5B158,227321,E. nidulans,11.562317,7.0543795,17
Q5B823,227321,E. nidulans,12.427823,3.657466,9
Q5B2E8,227321,E. nidulans,8.278875,8.287955,15
Q5BH33,227321,E. nidulans,8.915237,7.8272157,2
Q5AXR0,227321,E. nidulans,-0.6017471,8.731391,2
Q5BGE3,227321,E. nidulans,8.800446,5.7992167,1
P18819,227321,E. nidulans,14.321141,4.390051,10
Q5AYC7,227321,E. nidulans,12.169044,16.408663,12
Q00667,227321,E. nidulans,8.766395,7.7069626,2
P22022,227321,E. nidulans,13.593463,6.725799,13
P05147,227321,E. nidulans,8.341241,7.8695784,2
Q5AVF8,227321,E. nidulans,10.54402,8.09366,0
Q5BH51,227321,E. nidulans,11.986099,5.5109973,0
C8VI81,227321,E. nidulans,12.898579,5.139681,6
Q5BDW3,227321,E. nidulans,9.442417,7.5622296,2
G5EAZ5,227321,E. nidulans,12.475251,5.135904,12
C8V3Q8,227321,E. nidulans,7.1612144,4.3473687,19
Q5AUY1,227321,E. nidulans,12.2726755,6.125436,0
Q5BFA4,227321,E. nidulans,10.368343,10.358445,2
C8VPT8,227321,E. nidulans,8.944972,5.824329,2
G5EAY6,227321,E. nidulans,-3.357045,4.9628134,2
C8VSQ3,227321,E. nidulans,12.257848,6.453668,0
Q96WY0,227321,E. nidulans,10.921399,0.28758797,15
C8VIM6,227321,E. nidulans,9.4840145,8.008393,2
G5EAX6,227321,E. nidulans,7.5795536,4.329773,10
Q5AQA4,227321,E. nidulans,9.587686,6.821411,0
C8VEZ6,227321,E. nidulans,9.879114,2.8918593,8
Q5B1Y9,227321,E. nidulans,10.084083,9.01578,0
Q5BE28,227321,E. nidulans,9.423069,8.123645,17
Q5AY46,227321,E. nidulans,9.978264,5.671595,19
Q5AZ10,227321,E. nidulans,8.908753,5.783657,2
C8V8S4,227321,E. nidulans,6.831306,4.192059,2
Q5AXC9,227321,E. nidulans,7.446577,8.07478,1
Q96VC4,227321,E. nidulans,12.334713,5.01936,9
Q5B756,227321,E. nidulans,8.875563,7.280881,15
P18695,227321,E. nidulans,13.352209,8.669665,13
Q5B746,227321,E. nidulans,17.876648,11.719505,10
Q5B912,227321,E. nidulans,13.604304,8.040942,13
C8V9R7,227321,E. nidulans,7.6151156,9.51751,16
Q9Y8C2,227321,E. nidulans,8.502812,7.382096,1
Q5BDC6,227321,E. nidulans,11.956846,5.4339495,0
Q5BB29,227321,E. nidulans,13.172788,10.134404,19
Q5ASR1,227321,E. nidulans,10.756039,6.4786916,11
Q5AZ57,227321,E. nidulans,9.374076,7.7420454,2
C8VTT9,227321,E. nidulans,4.8257775,2.0306873,14
C8VKK0,227321,E. nidulans,14.532616,5.581295,12
C8VJD9,227321,E. nidulans,7.6968665,16.465132,3
C8VRM0,227321,E. nidulans,11.532919,4.217072,6
C8VJ45,227321,E. nidulans,10.929151,9.2769575,15
Q5BEI0,227321,E. nidulans,9.759666,2.9050617,8
Q5AWN4,227321,E. nidulans,11.750024,7.265102,18
C8V955,227321,E. nidulans,12.88253,10.343847,17
G5EB75,227321,E. nidulans,13.017838,10.188472,17
C8VE79,227321,E. nidulans,8.937047,8.196942,0
Q870L2,227321,E. nidulans,10.402118,7.966269,0
Q5BBX7,227321,E. nidulans,13.568259,8.823124,13
Q12526,227321,E. nidulans,9.067893,17.185246,3
Q5AY35,227321,E. nidulans,8.948669,5.8225994,2
A7XRY6,227321,E. nidulans,14.689939,12.500294,10
Q5B601,227321,E. nidulans,14.940218,8.196264,7
C8V0I4,227321,E. nidulans,7.234704,6.3615775,17
G5EB15,227321,E. nidulans,11.751218,5.0919733,9
C8VDC2,227321,E. nidulans,6.57811,4.757634,15
Q9P8I0,227321,E. nidulans,11.529979,5.6788807,9
Q5AX38,227321,E. nidulans,13.5259075,4.632782,17
P78617,227321,E. nidulans,8.788842,8.247771,16
C8UZY3,227321,E. nidulans,8.739515,7.4514694,1
Q5AZC8,227321,E. nidulans,10.041511,5.808589,15
C8V8H4,227321,E. nidulans,8.500957,6.98803,2
Q5AWY7,227321,E. nidulans,13.234974,5.161319,11
Q5B4N1,227321,E. nidulans,7.910044,11.13686,15
G5EAW6,227321,E. nidulans,11.186693,7.4253063,17
G5EAU1,227321,E. nidulans,7.437145,8.473944,1
Q5B8L7,227321,E. nidulans,8.6601925,6.5797496,16
C8V3P5,227321,E. nidulans,8.229888,5.51633,2
Q5B587,227321,E. nidulans,11.7873,2.9495723,14
C8V494,227321,E. nidulans,9.22059,3.012613,8
C8V1J5,227321,E. nidulans,9.498342,6.460845,2
Q5B9Q0,227321,E. nidulans,12.351233,3.9980085,17
P08843,227321,E. nidulans,7.2962575,5.733755,2
Q00727,227321,E. nidulans,10.034895,5.699843,15
C8V4D4,227321,E. nidulans,6.5584874,6.7719245,4
P41764,227321,E. nidulans,9.867602,8.083084,2
Q5ATJ0,227321,E. nidulans,11.256329,6.74972,15
Q5AU12,227321,E. nidulans,7.35381,9.258363,16
G5EAS5,227321,E. nidulans,14.475465,5.7771525,12
C8V078,227321,E. nidulans,12.090745,7.044897,17
Q5B4B4,227321,E. nidulans,4.984701,2.6275692,17
Q5ATQ3,227321,E. nidulans,16.969324,9.76911,17
Q5B093,227321,E. nidulans,8.237487,5.5510445,2
Q92203,227321,E. nidulans,9.801503,8.157192,2
C8VGV3,227321,E. nidulans,6.5565825,6.737902,8
Q5B2L3,227321,E. nidulans,8.792606,5.2587204,2
Q5AR31,227321,E. nidulans,10.53991,8.449643,0
Q5B7W1,227321,E. nidulans,11.340568,5.1087737,15
Q5BD69,227321,E. nidulans,12.640743,3.602293,0
G5EAX1,227321,E. nidulans,9.144554,7.4418416,2
P08158,227321,E. nidulans,13.41689,8.550533,12
Q5AR27,227321,E. nidulans,11.538689,7.5046463,17
Q5AWI5,227321,E. nidulans,11.603532,5.654531,0
Q5AVT6,227321,E. nidulans,8.390337,7.017873,14
C8V1T9,227321,E. nidulans,8.802927,2.1232104,5
P23754,227321,E. nidulans,5.0411453,12.675516,2
Q5B0C8,227321,E. nidulans,12.678866,5.9817705,0
Q5AUW6,227321,E. nidulans,10.735772,7.8199697,0
P14010,227321,E. nidulans,7.0170755,6.5512204,1
Q5B1L6,227321,E. nidulans,9.069488,7.5297685,2
C8VMY3,227321,E. nidulans,13.217901,10.736494,15
C8VS47,227321,E. nidulans,10.172752,6.753207,2
P04828,227321,E. nidulans,8.19071,7.3398995,1
Q5BG90,227321,E. nidulans,12.216455,5.5674715,17
C8V9B5,227321,E. nidulans,8.321366,9.442237,16
Q5BH46,227321,E. nidulans,10.904133,5.940054,15
C8VNL0,227321,E. nidulans,12.879137,3.416973,10
Q5AWN2,227321,E. nidulans,15.054558,15.590678,9
C8V7X8,227321,E. nidulans,13.716621,7.14406,13
G5EB86,227321,E. nidulans,10.533334,5.7809105,19
Q5B8A1,227321,E. nidulans,14.192662,5.206265,12
G5EB07,227321,E. nidulans,12.183711,6.778418,18
Q5B9L1,227321,E. nidulans,12.751327,6.7109933,11
C8VBM8,227321,E. nidulans,7.7435656,9.397716,16
Q5B8R5,227321,E. nidulans,16.95052,9.742736,17
Q5ARB0,227321,E. nidulans,10.207084,7.2323227,16
Q5BBS5,227321,E. nidulans,11.071996,6.326212,2
Q9C3Y4,227321,E. nidulans,8.81515,16.867153,3
Q5BFC1,227321,E. nidulans,7.9988,5.3059583,2
C8VHD4,227321,E. nidulans,12.069357,8.149455,18
C8VIP3,227321,E. nidulans,8.829035,5.741119,2
Q00648,227321,E. nidulans,12.833708,6.0050564,12
P30303,227321,E. nidulans,12.980916,10.233082,17
Q5AVR1,227321,E. nidulans,8.852893,5.7214093,2
G5EB89,227321,E. nidulans,12.101868,7.845921,18
Q5BGE2,227321,E. nidulans,7.403728,14.317794,6
C8V1X8,227321,E. nidulans,11.161651,6.4269905,17
Q5B994,227321,E. nidulans,12.397205,6.9594145,0
Q5B9N8,227321,E. nidulans,12.491847,6.2258406,13
Q5BBG0,227321,E. nidulans,11.892901,5.920037,15
Q5AX28,227321,E. nidulans,4.830247,7.980001,14
Q5B4D5,227321,E. nidulans,14.049952,6.181583,11
Q5BCF8,227321,E. nidulans,7.1793694,6.4931126,17
C8VDK0,227321,E. nidulans,7.7630715,16.528816,17
O74689,227321,E. nidulans,11.308439,6.8410625,15
Q5BEJ8,227321,E. nidulans,12.488035,6.6450043,17
Q00771,227321,E. nidulans,12.375549,-0.83794576,19
Q5B7Z3,227321,E. nidulans,8.784241,5.7612777,2
C8VDT4,227321,E. nidulans,9.493707,2.3627672,8
G5EB03,227321,E. nidulans,7.7611847,4.2780437,15
P10653,227321,E. nidulans,8.688715,7.5178547,2
C8V0B5,227321,E. nidulans,9.291747,2.4111352,5
P10069,227321,E. nidulans,12.972575,10.838293,4
C8VQY7,227321,E. nidulans,8.776743,17.393095,3
Q5B4X8,227321,E. nidulans,8.861663,17.637135,3
Q5AUM3,227321,E. nidulans,14.161726,5.460545,12
Q5B2F7,227321,E. nidulans,13.940951,5.040379,12
Q5BAI0,227321,E. nidulans,11.596679,2.3397236,10
G5EB36,227321,E. nidulans,12.382925,6.33386,0
Q5B5C5,227321,E. nidulans,9.541127,3.599318,19
P0CY41,227321,E. nidulans,7.419594,5.5372586,14
C8VLE0,227321,E. nidulans,9.242685,4.4948316,2
Q5AZ53,227321,E. nidulans,9.726575,2.6540499,8
Q5B4I6,227321,E. nidulans,12.433194,9.374679,17
Q07307,227321,E. nidulans,7.743559,9.170371,16
Q5AZ85,227321,E. nidulans,13.158798,10.410238,17
Q5AVJ7,227321,E. nidulans,7.5423937,5.051178,2
Q5B9P3,227321,E. nidulans,10.541589,3.6208084,6
C8V1Z0,227321,E. nidulans,10.3228855,3.947038,19
C8VQL3,227321,E. nidulans,11.7401705,5.669546,14
Q5B4W4,227321,E. nidulans,6.5531554,6.7138677,14
C8V645,227321,E. nidulans,11.959764,6.637781,0
C8VER6,227321,E. nidulans,3.099881,1.7865458,2
P79020,227321,E. nidulans,14.757016,9.445679,0
P22152,227321,E. nidulans,10.5255,4.443193,19
C8VMQ0,227321,E. nidulans,9.151741,16.69425,19
Q5BFG1,227321,E. nidulans,12.185559,2.019337,10
G5EAX4,227321,E. nidulans,8.724892,3.967815,8
C8VUN9,227321,E. nidulans,12.475623,3.330092,17
Q5B9S0,227321,E. nidulans,13.838556,8.147048,13
A0A1U8QH20,227321,E. nidulans,14.894417,4.672923,12
G5EB65,227321,E. nidulans,12.180779,1.781001,4
Q5B082,227321,E. nidulans,9.37563,6.639421,15
Q5BG05,227321,E. nidulans,8.263759,6.8623734,15
Q5BD33,227321,E. nidulans,8.945168,8.5461445,0
Q01981,227321,E. nidulans,10.885489,9.827776,10
Q5BBD0,227321,E. nidulans,8.80037,5.738046,2
Q8TFN0,227321,E. nidulans,10.187566,8.577004,2
Q5BBW5,227321,E. nidulans,7.846458,4.848183,2
C8V329,227321,E. nidulans,8.827609,7.5585256,2
Q5B580,227321,E. nidulans,12.037436,8.875303,13
Q12397,227321,E. nidulans,13.777278,5.1939564,9
G5EB41,227321,E. nidulans,17.873228,11.711937,10
Q5ARN5,227321,E. nidulans,11.550617,4.29047,10
C8V8N6,227321,E. nidulans,9.779648,2.8676224,8
Q5B4F5,227321,E. nidulans,8.973659,2.5330017,5
P05326,227321,E. nidulans,12.656562,9.127413,11
C8VB89,227321,E. nidulans,11.867857,6.105147,0
Q5BEJ7,227321,E. nidulans,13.633519,6.5802298,18
C8VMZ9,227321,E. nidulans,10.873693,7.045505,17
Q9P904,227321,E. nidulans,8.615818,6.749985,15
C8VN86,227321,E. nidulans,10.900199,3.1850703,6
C8VRX0,227321,E. nidulans,10.124811,4.184407,10
C8VA09,227321,E. nidulans,14.295347,6.5622196,12
Q5BG72,227321,E. nidulans,7.6331987,7.6973305,4
Q5B041,227321,E. nidulans,10.620167,6.137016,2
C8VHB0,227321,E. nidulans,11.108925,4.8770614,9
Q5AVN4,227321,E. nidulans,14.537441,8.381808,7
Q5AVZ7,227321,E. nidulans,11.007183,6.978765,17
Q5BA61,227321,E. nidulans,19.387566,13.632643,16
C8V8B5,227321,E. nidulans,8.711418,8.193518,2
Q5BEJ4,227321,E. nidulans,12.327877,5.0268335,12
Q9UW83,227321,E. nidulans,14.692591,4.7971807,12
Q5BGS3,227321,E. nidulans,12.875088,4.630915,9
C8V1M3,227321,E. nidulans,8.953197,7.8610168,2
Q5B915,227321,E. nidulans,11.508606,3.336086,15
Q5AXD9,227321,E. nidulans,9.839636,2.3548713,8
Q5AXB0,227321,E. nidulans,10.31715,-8.084315,15
C8VTX5,227321,E. nidulans,12.381201,8.271562,0
Q5ASG9,227321,E. nidulans,10.51612,5.701271,15
Q5B334,227321,E. nidulans,9.10582,5.882512,11
C8V2E0,227321,E. nidulans,4.7971134,2.4970617,15
Q5AQQ0,227321,E. nidulans,9.068836,5.947341,16
Q8X1T6,227321,E. nidulans,12.7974205,4.679797,12
Q5BF02,227321,E. nidulans,9.329172,8.873709,17
Q5BET8,227321,E. nidulans,13.7711,8.219909,13
Q5BGB2,227321,E. nidulans,13.068999,8.270058,0
Q5AR34,227321,E. nidulans,8.751545,17.350454,3
Q5BG04,227321,E. nidulans,12.950001,3.7865715,12
Q5AQZ4,227321,E. nidulans,12.003922,7.889463,18
Q5B2V8,227321,E. nidulans,5.6404448,9.109395,2
Q5BAV0,227321,E. nidulans,9.090467,2.7948906,5
Q5B1T7,227321,E. nidulans,12.30377,6.6749372,0
C8V2V9,227321,E. nidulans,7.6963754,5.0610876,0
Q5BBF1,227321,E. nidulans,19.451656,13.678423,15
O74288,227321,E. nidulans,14.735799,4.8421555,12
Q5BAS1,227321,E. nidulans,10.563425,6.9564037,2
Q5B038,227321,E. nidulans,10.937956,4.3355837,2
Q5B9M9,227321,E. nidulans,9.073055,3.907588,19
C8V1D1,227321,E. nidulans,7.5739546,9.329256,16
C8V5T7,227321,E. nidulans,7.1023483,5.1461334,2
Q5B7I4,227321,E. nidulans,7.148556,9.132035,1
Q5B0C9,227321,E. nidulans,13.172145,8.734769,13
P25415,227321,E. nidulans,15.267896,15.236248,9
C8V9G3,227321,E. nidulans,14.647948,5.214156,12
C8VAX8,227321,E. nidulans,6.88794,6.6112537,1
Q5AXT7,227321,E. nidulans,4.839806,7.986213,14
Q5B8L8,227321,E. nidulans,12.312417,5.411226,11
Q5AUG0,227321,E. nidulans,11.346681,2.6273828,15
Q5BGH1,227321,E. nidulans,7.3762565,4.3338084,19
C8V3Z7,227321,E. nidulans,7.2775364,6.0794873,2
Q00647,227321,E. nidulans,8.122828,8.674363,1
P52750,227321,E. nidulans,9.075471,5.8653436,11
Q5B3G0,227321,E. nidulans,11.893829,7.887626,0
P49413,227321,E. nidulans,11.070579,5.8299828,15
Q5AZ32,227321,E. nidulans,12.032394,7.566778,0
Q00784,227321,E. nidulans,10.749189,5.3033147,14
Q5B2G3,227321,E. nidulans,12.625977,5.9818916,11
C8VQ98,227321,E. nidulans,11.723177,7.8534613,17
C8VUD1,227321,E. nidulans,9.819344,3.521355,4
P17429,227321,E. nidulans,9.067728,5.8286285,2
G5EAY4,227321,E. nidulans,8.775662,16.932018,3
Q5ARE6,227321,E. nidulans,7.6151366,8.354141,1
Q6KBA8,227321,E. nidulans,17.734951,9.290184,15
C8V0L5,227321,E. nidulans,11.522655,3.549755,6
Q96VK3,227321,E. nidulans,11.750916,7.6025767,0
P36011,227321,E. nidulans,5.812571,9.926815,2
Q5B0J1,227321,E. nidulans,14.822438,6.408911,13
G5EB23,227321,E. nidulans,8.662669,8.429933,16
Q5B2R8,227321,E. nidulans,14.496522,6.267479,11
Q5B358,227321,E. nidulans,9.19914,7.395588,2
C8VM61,227321,E. nidulans,12.581573,3.3799386,17
C8VB12,227321,E. nidulans,10.405061,10.180863,0
Q5B5X5,227321,E. nidulans,7.5992045,9.680776,16
Q9P931,227321,E. nidulans,8.493632,8.219007,2
C8VLL6,227321,E. nidulans,11.645109,5.7040696,0
C8V7P4,227321,E. nidulans,6.862861,5.0178204,17
Q5AUB0,227321,E. nidulans,11.136638,2.4626052,14
Q5B8G1,227321,E. nidulans,10.186521,7.682645,15
Q5BBX1,227321,E. nidulans,11.093259,5.490733,2
G5EB74,227321,E. nidulans,12.623591,4.678814,0
Q5B2K4,227321,E. nidulans,10.092831,3.8587456,10
O42631,227321,E. nidulans,11.35256,3.4551995,6
Q5ATN7,227321,E. nidulans,17.716673,9.283375,2
C8V2B0,227321,E. nidulans,11.31576,6.91784,17
P17489,227321,E. nidulans,9.862227,3.3691592,4
C8VRP6,227321,E. nidulans,8.648711,7.5403905,2
G5EB63,227321,E. nidulans,8.124873,7.2423024,15
C8VK94,227321,E. nidulans,11.250624,2.5538085,14
Q02398,227321,E. nidulans,8.348752,8.223115,1
Q5BGR9,227321,E. nidulans,9.834981,4.11437,14
Q9Y7B3,227321,E. nidulans,11.172771,8.560971,10
Q5B9Y2,227321,E. nidulans,7.729979,9.134236,1
C8VAU8,227321,E. nidulans,12.742233,4.123627,13
C8VIX5,227321,E. nidulans,12.480005,3.3551114,17
Q5AW46,227321,E. nidulans,8.885197,7.508537,2
Q5ATZ8,227321,E. nidulans,14.117941,8.202983,7
Q5BFM4,227321,E. nidulans,8.748008,16.897085,3
C8VG90,227321,E. nidulans,8.512994,7.4482255,2
G5EB08,227321,E. nidulans,9.996573,5.998762,6
C8V8J7,227321,E. nidulans,9.847653,4.0538316,19
C8V4B0,227321,E. nidulans,11.850433,5.5346518,2
Q5AVS0,227321,E. nidulans,14.602106,5.1166835,12
Q5B224,227321,E. nidulans,10.707679,6.6591225,17
Q5AY99,227321,E. nidulans,12.270932,1.3658991,10
Q5B6G6,227321,E. nidulans,10.860936,7.335589,17
Q12608,227321,E. nidulans,11.170011,7.051929,15
Q5BFN9,227321,E. nidulans,10.693009,8.064723,0
Q5AT15,227321,E. nidulans,7.8479176,16.2114,17
P60204,227321,E. nidulans,11.173439,0.23107578,3
Q5BBH9,227321,E. nidulans,11.907218,5.4825625,17
C8VQ62,227321,E. nidulans,12.5457,3.36558,17
Q6SCL4,227321,E. nidulans,14.1187105,8.359615,13
Q5BEJ5,227321,E. nidulans,11.133571,4.717929,6
Q5BA93,227321,E. nidulans,10.568008,9.829726,2
Q5BFI1,227321,E. nidulans,13.046034,6.378634,17
Q5AYC2,227321,E. nidulans,10.535185,5.5088425,0
C8VPQ8,227321,E. nidulans,7.704831,5.4748826,2
C8V659,227321,E. nidulans,14.774405,9.494301,18
C8V1Q0,227321,E. nidulans,14.309193,4.8122416,12
Q5AVY3,227321,E. nidulans,12.867208,8.476504,0
G5EAX9,227321,E. nidulans,13.267787,8.6369,13
C8VG23,227321,E. nidulans,14.979155,8.441431,7
Q5ARV3,227321,E. nidulans,7.0485563,6.574216,1
Q5AVE5,227321,E. nidulans,9.19275,7.0945067,2
C8VUP5,227321,E. nidulans,12.080988,4.7384696,10
Q5B0P4,227321,E. nidulans,7.027848,4.348139,14
Q5AS72,227321,E. nidulans,12.689553,6.210389,19
P08157,227321,E. nidulans,13.014913,10.982547,4
Q5B508,227321,E. nidulans,11.118323,5.403816,19
C8VMB1,227321,E. nidulans,9.775543,5.9432726,17
Q5BAJ4,227321,E. nidulans,10.323604,3.072192,6
Q5B440,227321,E. nidulans,13.921149,5.0061874,9
G5EB37,227321,E. nidulans,15.893938,8.271768,7
Q5B125,227321,E. nidulans,14.636602,6.362771,11
Q96UL8,227321,E. nidulans,13.038479,8.453705,18
Q00791,227321,E. nidulans,10.691393,5.105397,19
A0A1U8QYA8,227321,E. nidulans,12.960366,6.3335333,18
Q5ASP0,227321,E. nidulans,11.158881,6.7700157,11
Q5BCC6,227321,E. nidulans,7.506108,8.622861,16
P52957,227321,E. nidulans,12.964644,10.76115,19
Q5B0D0,227321,E. nidulans,13.223274,8.143904,13
C8VP82,227321,E. nidulans,12.9799185,5.4626617,12
Q5B186,227321,E. nidulans,8.944582,6.538427,15
Q5BA83,227321,E. nidulans,10.643746,4.5223627,6
Q5BF83,227321,E. nidulans,9.109083,8.322788,2
Q96V54,227321,E. nidulans,7.4499893,4.385626,17
O43100,227321,E. nidulans,12.363511,2.6813612,10
Q5BB95,227321,E. nidulans,14.401136,6.5248804,13
Q00083,227321,E. nidulans,11.593641,3.74797,9
Q5B0C0,227321,E. nidulans,7.430932,14.284194,11
C8VE82,227321,E. nidulans,8.81275,2.108297,5
Q00770,227321,E. nidulans,10.703388,7.5989957,17
Q5BH30,227321,E. nidulans,12.971818,5.525608,12
P28344,227321,E. nidulans,9.562094,8.326336,2
C8V1V3,227321,E. nidulans,10.345982,3.3542576,8
Q5BF00,227321,E. nidulans,9.554024,9.012761,0
C8VBT1,227321,E. nidulans,13.42466,6.927214,12
C8VCU1,227321,E. nidulans,12.029815,6.7184978,15
Q5B7U2,227321,E. nidulans,8.803437,7.9549565,2
Q5BA81,227321,E. nidulans,12.981499,3.5410159,12
Q6SIF1,227321,E. nidulans,14.45313,6.2799554,11
O59921,227321,E. nidulans,8.079976,7.790362,2
Q5B548,227321,E. nidulans,7.9151874,7.916769,1
Q00737,227321,E. nidulans,12.7514305,10.427437,15
Q5BFG8,227321,E. nidulans,10.929517,3.6488047,10
Q96VT4,227321,E. nidulans,8.29363,5.2341533,9
C8VJ72,227321,E. nidulans,8.557485,9.01541,2
Q5B5C1,227321,E. nidulans,8.484491,8.567471,2
P24633,227321,E. nidulans,12.683749,6.815139,0
Q5BCB7,227321,E. nidulans,9.009255,5.8919573,0
Q5BH31,227321,E. nidulans,13.09838,7.476472,13
Q5B6Q6,227321,E. nidulans,8.262371,9.098748,16
Q92413,227321,E. nidulans,9.997148,5.6531796,19
C8V3C2,227321,E. nidulans,11.061947,7.2124023,15
G5EB64,227321,E. nidulans,6.6774607,7.9702196,1
Q5AUW9,227321,E. nidulans,11.1595955,7.78737,17
G5EAY1,227321,E. nidulans,9.268912,5.748061,15
C8VHB2,227321,E. nidulans,7.6353216,4.7811556,17
C8VLM4,227321,E. nidulans,11.763016,6.860495,0
Q5B424,227321,E. nidulans,12.01944,5.6788588,0
P22944,227321,E. nidulans,11.612502,7.0521774,17
Q5ATW8,227321,E. nidulans,15.031325,4.6713185,12
Q5B918,227321,E. nidulans,12.345681,7.7667356,18
Q5BFB2,227321,E. nidulans,14.685339,4.7971764,12
Q5AX78,227321,E. nidulans,9.012809,5.882243,0
C8V7D1,227321,E. nidulans,12.644974,7.212935,18
C8VU80,227321,E. nidulans,4.830428,7.982041,14
O60032,227321,E. nidulans,9.505518,2.3789482,5
Q5BGN3,227321,E. nidulans,6.9426274,7.7746325,2
Q5AXF0,227321,E. nidulans,10.970001,4.059235,6
C8VAK7,227321,E. nidulans,11.204637,6.4627495,17
Q5BG68,227321,E. nidulans,9.025847,6.0867887,2
Q5AUX8,227321,E. nidulans,13.562715,4.670137,11
Q5B9J0,227321,E. nidulans,7.110424,8.42717,1
Q9P4R5,227321,E. nidulans,12.979237,5.4960732,11
Q5AWX2,227321,E. nidulans,9.173541,7.652764,2
C8V449,227321,E. nidulans,10.219506,7.181411,17
Q5B9K7,227321,E. nidulans,12.247154,6.4535794,0
Q5BAH2,227321,E. nidulans,11.755684,7.3266096,0
Q5AUW5,227321,E. nidulans,10.84813,3.5564098,10
C8VJF3,227321,E. nidulans,13.458525,6.8495207,13
C8V0H5,227321,E. nidulans,10.668451,6.7269864,2
C8VK89,227321,E. nidulans,13.283122,8.856805,13
G5EB59,227321,E. nidulans,9.529951,2.610927,8
C8V321,227321,E. nidulans,3.5053484,-3.6062002,17
G5EB21,227321,E. nidulans,13.878981,4.0481405,17
Q5BFD3,227321,E. nidulans,8.66204,7.1249933,19
Q5B7W2,227321,E. nidulans,9.045333,7.5518265,2
Q5B8H6,227321,E. nidulans,10.030907,2.670834,8
P48777,227321,E. nidulans,14.776152,9.482145,17
P22945,227321,E. nidulans,11.515576,7.4633107,0
P17120,227321,E. nidulans,9.393931,2.4056892,8
Q5B154,227321,E. nidulans,12.371077,7.359548,18
Q5AU60,227321,E. nidulans,14.099143,6.4328938,18
Q5AUX2,227321,E. nidulans,14.816843,7.9595847,7
P55305,227321,E. nidulans,9.391629,8.627282,0
C8VTA5,227321,E. nidulans,12.079324,5.350301,11
P24634,227321,E. nidulans,4.711418,1.9523834,14
G5EB27,227321,E. nidulans,6.826451,4.139835,10
C8V8F5,227321,E. nidulans,7.9086814,5.1194973,2
Q5B7Q8,227321,E. nidulans,9.062228,6.6051054,19
Q9Y7F0,237561,C. albicans,7.22502,-0.14187832,2
Q59WF0,237561,C. albicans,11.29617,4.2879367,9
Q5A663,237561,C. albicans,7.1365933,9.259468,1
Q5ACZ8,237561,C. albicans,4.826163,2.4571288,15
Q5AFP8,237561,C. albicans,4.8633976,7.991489,14
A0A1D8PRZ6,237561,C. albicans,9.687537,6.0523276,0
Q5AI92,237561,C. albicans,11.200005,6.9312377,2
Q5A4X3,237561,C. albicans,13.485527,4.5103126,6
A0A1D8PCX9,237561,C. albicans,8.784123,17.2596,3
A0A1D8PQK5,237561,C. albicans,15.022775,4.6824207,12
A0A1D8PLN4,237561,C. albicans,11.713306,7.9626417,18
A0A1D8PKH9,237561,C. albicans,13.184305,10.683257,15
A0A1D8PHG0,237561,C. albicans,10.370934,6.8337455,19
Q5A213,237561,C. albicans,7.427786,14.28851,2
A0A1D8PCG9,237561,C. albicans,13.258436,8.166299,0
Q5ALN5,237561,C. albicans,10.127399,8.806372,15
Q59U90,237561,C. albicans,10.428736,4.140893,10
A0A1D8PGS7,237561,C. albicans,9.148314,7.5277643,2
A0A1D8PMM1,237561,C. albicans,10.389367,7.3984065,17
A0A1D8PEJ5,237561,C. albicans,6.946201,6.461912,1
Q59WE5,237561,C. albicans,14.596218,4.9188275,12
Q5AAL9,237561,C. albicans,12.277803,3.9506755,9
A0A1D8PQM2,237561,C. albicans,6.5738354,4.748383,15
A0A1D8PRK5,237561,C. albicans,11.305535,3.5739174,6
A0A1D8PNB5,237561,C. albicans,10.833281,3.3430011,6
A0A1D8PSH1,237561,C. albicans,7.6928463,8.508621,16
A0A1D8PJX3,237561,C. albicans,10.137635,8.421677,0
P41797,237561,C. albicans,12.348012,3.4015818,17
Q5AAI8,237561,C. albicans,5.127247,2.2819436,10
A0A1D8PHA3,237561,C. albicans,9.475213,-1.5004057,9
Q59X47,237561,C. albicans,13.317671,5.429356,11
A0A1D8PF20,237561,C. albicans,9.062278,2.4199502,5
Q5A668,237561,C. albicans,10.994916,7.913893,0
A0A1D8PL99,237561,C. albicans,10.432767,10.247971,0
Q59WD1,237561,C. albicans,13.375537,4.336766,4
A0A1D8PQW4,237561,C. albicans,6.82755,4.1941853,2
Q5A4M8,237561,C. albicans,10.859259,6.809164,11
Q59W54,237561,C. albicans,10.927106,7.1473618,2
A0A1D8PKW2,237561,C. albicans,13.473269,8.186321,13
A0A1D8PIH6,237561,C. albicans,7.1801357,5.0749664,2
A0A1D8PTJ4,237561,C. albicans,10.137084,8.197866,0
Q5A5B0,237561,C. albicans,11.922559,5.7611523,2
A0A1D8PLX3,237561,C. albicans,13.879995,6.0651884,12
Q59S66,237561,C. albicans,12.316183,8.4827385,0
Q5A339,237561,C. albicans,2.294749,-1.0436236,17
P33181,237561,C. albicans,9.030999,7.3824725,16
P0CY24,237561,C. albicans,11.0189495,5.8742285,15
A0A1D8PQ80,237561,C. albicans,13.978109,7.9199586,13
A0A1D8PE35,237561,C. albicans,14.727184,8.042477,7
Q5A2T7,237561,C. albicans,14.50148,5.5559063,12
Q59QA9,237561,C. albicans,11.781557,9.618061,0
Q59LK7,237561,C. albicans,12.266647,7.0537605,0
Q59WC0,237561,C. albicans,9.115953,7.366212,2
Q5ADY1,237561,C. albicans,9.426296,3.0858986,8
Q5AMF9,237561,C. albicans,8.789951,5.7567773,2
Q5A7P3,237561,C. albicans,12.122627,7.939031,18
Q59MA6,237561,C. albicans,9.359465,5.91857,0
A0A1D8PPH3,237561,C. albicans,12.922953,10.345014,17
A0A1D8PCY5,237561,C. albicans,12.020756,6.149789,0
A0A1D8PL98,237561,C. albicans,15.750429,8.44851,7
Q5AJ71,237561,C. albicans,12.538619,4.7572174,12
A0A1D8PMU9,237561,C. albicans,11.066798,5.455068,15
Q5A3P6,237561,C. albicans,7.1428328,4.6492114,15
A0A1D8PHY0,237561,C. albicans,11.776397,9.479628,0
Q59M00,237561,C. albicans,8.320575,6.700221,15
Q59W44,237561,C. albicans,10.668342,7.35378,17
A0A1D8PPY8,237561,C. albicans,7.351004,3.383601,14
Q5ABD2,237561,C. albicans,9.796733,3.8607948,8
A0A1D8PQB9,237561,C. albicans,12.135047,4.5543084,16
Q5AD18,237561,C. albicans,7.60464,8.974978,16
A0A1D8PDC0,237561,C. albicans,4.8650265,2.4375062,15
Q5AI00,237561,C. albicans,8.819695,17.505407,3
P83782,237561,C. albicans,12.148499,8.578966,18
P0CY27,237561,C. albicans,11.625081,2.9611437,10
A0A1D8PG96,237561,C. albicans,10.467243,6.450653,2
P10613,237561,C. albicans,13.028279,4.6979513,17
Q5A960,237561,C. albicans,14.162261,5.1404963,12
A0A1D8PNG9,237561,C. albicans,7.8367686,11.365874,15
Q59QB8,237561,C. albicans,12.270255,8.778127,18
Q5A756,237561,C. albicans,11.493815,6.978045,17
Q59Y20,237561,C. albicans,13.43251,4.406207,15
Q5A7R0,237561,C. albicans,6.952567,-3.578909,15
A0A1D8PTJ1,237561,C. albicans,8.665962,17.43203,3
Q71U11,237561,C. albicans,13.5445795,7.71174,18
Q5AA37,237561,C. albicans,12.314084,5.4529934,11
A0A1D8PT88,237561,C. albicans,10.057651,3.740851,6
A0A1D8PCG5,237561,C. albicans,11.213913,4.388381,6
Q5A7N6,237561,C. albicans,12.3257885,7.5376825,18
Q59QC7,237561,C. albicans,13.57018,8.979891,13
A0A1D8PJ15,237561,C. albicans,7.938398,9.068148,16
A0A1D8PCV8,237561,C. albicans,9.433078,5.3186545,17
A0A1D8PF19,237561,C. albicans,10.339942,3.7188282,8
Q59Z33,237561,C. albicans,7.613376,16.469877,3
A0A1D8PRR9,237561,C. albicans,7.482234,4.8631425,17
A0A1D8PHD4,237561,C. albicans,10.127726,7.7975025,17
Q5A8J5,237561,C. albicans,7.675067,4.004882,14
A0A1D8PFF9,237561,C. albicans,2.3394156,-0.99923307,17
Q5A0M4,237561,C. albicans,13.9391775,7.388759,13
Q5AB69,237561,C. albicans,10.947313,0.3336593,3
Q5A9A6,237561,C. albicans,12.159529,3.2166102,9
A0A1D8PJV0,237561,C. albicans,7.9263306,4.092238,19
Q59LL5,237561,C. albicans,8.089361,7.592468,19
A0A1D8PKT1,237561,C. albicans,11.432152,8.054866,16
Q92207,237561,C. albicans,11.775642,5.199154,0
Q5A388,237561,C. albicans,8.412139,7.322931,2
A0A1D8PI07,237561,C. albicans,12.225293,3.683414,0
A0A1D8PRQ1,237561,C. albicans,11.544757,4.9912233,17
Q5A645,237561,C. albicans,8.536689,8.714076,16
Q59S57,237561,C. albicans,8.982565,7.631103,0
Q5AHH4,237561,C. albicans,15.697438,6.610312,0
A0A1D8PJ64,237561,C. albicans,7.673612,16.451115,3
Q59QN7,237561,C. albicans,9.121716,8.107041,2
Q59VG1,237561,C. albicans,14.501205,6.694491,18
O74189,237561,C. albicans,9.763944,5.8720465,2
A0A1D8PHT9,237561,C. albicans,7.4289403,14.287155,6
A0A1D8PIH3,237561,C. albicans,11.276845,8.940658,0
A0A1D8PFN2,237561,C. albicans,7.500032,7.4627867,8
A0A1D8PM35,237561,C. albicans,10.577251,7.084591,11
A0A1D8PDL6,237561,C. albicans,10.377303,10.399966,2
Q59SC5,237561,C. albicans,15.709522,8.544038,7
Q5A044,237561,C. albicans,3.108407,1.7860589,2
Q59VZ0,237561,C. albicans,8.678464,7.7919083,2
Q59X38,237561,C. albicans,11.789478,6.3257155,17
A0A1D8PTG2,237561,C. albicans,9.827973,2.9179351,8
A0A1D8PRR3,237561,C. albicans,6.7433863,5.2132945,2
A0A1D8PU07,237561,C. albicans,10.473153,3.925921,6
Q5AHG6,237561,C. albicans,12.6732645,7.447157,18
Q5A9A9,237561,C. albicans,7.6831603,16.42896,3
A0A1D8PNZ4,237561,C. albicans,13.083749,6.721804,11
A0A1D8PEH5,237561,C. albicans,12.533003,6.018875,0
Q5AEB8,237561,C. albicans,19.400608,13.629939,17
Q5A3L9,237561,C. albicans,10.978733,2.8879533,6
A0A1D8PH51,237561,C. albicans,8.838556,7.8111377,2
A0A1D8PH14,237561,C. albicans,10.372618,3.093102,6
A0A1D8PLL5,237561,C. albicans,7.8609834,5.141454,17
Q5A2J1,237561,C. albicans,13.8303795,6.113441,12
Q5ANN8,237561,C. albicans,11.115552,2.1672394,5
A0A1D8PFS4,237561,C. albicans,9.168909,8.268123,15
Q5AFB9,237561,C. albicans,9.485166,5.648896,2
Q5AH99,237561,C. albicans,-0.6018474,8.731443,17
A0A1D8PPN1,237561,C. albicans,10.372625,5.2911654,19
A0A1D8PHE5,237561,C. albicans,11.2969,7.486956,17
Q5ALN1,237561,C. albicans,19.392578,13.648815,2
A0A1D8PLU8,237561,C. albicans,10.202349,7.115759,15
Q5A432,237561,C. albicans,12.198459,8.9481,18
A0A1D8PI64,237561,C. albicans,10.741654,3.4299443,6
A0A1D8PQT2,237561,C. albicans,9.051118,4.9751487,19
A0A1D8PPI5,237561,C. albicans,9.010948,7.7700253,2
A0A1D8PCN8,237561,C. albicans,11.802386,8.072306,18
Q5A750,237561,C. albicans,10.28079,7.1861334,17
Q8X1E6,237561,C. albicans,10.532008,3.0616922,8
A0A1D8PK65,237561,C. albicans,10.095304,2.8126154,8
Q59LZ9,237561,C. albicans,11.824266,8.138744,0
A0A1D8PPE0,237561,C. albicans,9.712723,8.675589,0
A0A1D8PRT2,237561,C. albicans,10.019477,7.793627,17
Q5AH24,237561,C. albicans,9.884094,10.676193,2
A0A1D8PI35,237561,C. albicans,11.718562,4.5393496,9
A0A1D8PSY7,237561,C. albicans,13.119754,5.7561407,12
A0A1D8PJI2,237561,C. albicans,8.8446045,8.9422455,2
Q5A5A0,237561,C. albicans,7.230718,-0.13026015,2
Q5AD05,237561,C. albicans,8.863004,5.9325404,11
Q5AA15,237561,C. albicans,8.0166445,6.8928185,2
Q59UQ1,237561,C. albicans,7.701321,5.593897,0
Q5AG68,237561,C. albicans,10.158611,8.535561,2
A0A1D8PPB2,237561,C. albicans,11.863696,9.566676,13
Q5A926,237561,C. albicans,9.490629,7.7340236,17
Q5A3Z5,237561,C. albicans,7.2390532,-0.11004886,15
A0A1D8PLP8,237561,C. albicans,10.823668,6.3193407,17
A0A1D8PQ07,237561,C. albicans,12.225546,2.763136,9
Q5ALV5,237561,C. albicans,10.543063,8.390349,0
A0A1D8PMF8,237561,C. albicans,11.215166,0.20906582,15
A0A1D8PJL3,237561,C. albicans,10.989984,5.244881,15
Q59QC2,237561,C. albicans,12.553859,7.441912,18
A0A1D8PTE0,237561,C. albicans,9.048464,6.5458035,2
A0A1D8PCF5,237561,C. albicans,11.708473,4.599486,9
A0A1D8PSM7,237561,C. albicans,12.009131,6.9621725,17
Q5A678,237561,C. albicans,9.300853,6.5165954,15
Q00310,237561,C. albicans,7.6252384,9.549433,16
Q5A0W9,237561,C. albicans,9.131124,3.436135,4
O59923,237561,C. albicans,14.630282,8.200144,7
P34948,237561,C. albicans,7.682639,4.5721726,10
A0A1D8PDV9,237561,C. albicans,15.140998,15.458804,9
Q5A9D9,237561,C. albicans,8.429967,4.4095445,2
A0A1D8PFR4,237561,C. albicans,12.025359,2.094788,14
Q9UW14,237561,C. albicans,14.304884,4.192881,2
Q5ANA8,237561,C. albicans,8.577136,7.3515596,2
A0A1D8PPC9,237561,C. albicans,11.974912,7.9017143,18
A0A1D8PS45,237561,C. albicans,10.44932,10.576597,2
Q59ST9,237561,C. albicans,12.785174,7.5581756,18
Q59VY9,237561,C. albicans,8.313767,7.1832037,19
A0A1D8PPK3,237561,C. albicans,10.915197,6.4402556,2
Q5AB74,237561,C. albicans,13.307026,6.4454594,13
A0A1D8PIK8,237561,C. albicans,14.220608,6.429953,12
P46586,237561,C. albicans,9.098874,4.102948,6
A0A1D8PSD0,237561,C. albicans,11.666694,8.756564,0
A0A1D8PEA2,237561,C. albicans,9.002968,4.226097,4
Q5A4P1,237561,C. albicans,-0.6018105,8.731434,2
A0A1D8PGN5,237561,C. albicans,6.918856,6.9560046,1
A0A1D8PQ06,237561,C. albicans,11.233961,7.2634645,0
A0A1D8PJ02,237561,C. albicans,11.207766,7.2681246,0
A0A1D8PG81,237561,C. albicans,13.307983,8.759857,18
Q5ALJ2,237561,C. albicans,13.2603,7.450261,18
A0A1D8PMF6,237561,C. albicans,10.630555,5.5074997,2
A0A1D8PRI2,237561,C. albicans,10.306384,7.62947,17
Q5AD72,237561,C. albicans,11.186687,6.5418,17
Q5AMQ3,237561,C. albicans,12.504279,3.4626174,12
P39827,237561,C. albicans,8.994282,7.9916873,2
A0A1D8PRE2,237561,C. albicans,10.701913,7.949502,17
A0A1D8PLA4,237561,C. albicans,11.084738,5.8208165,15
Q5AHE5,237561,C. albicans,11.268265,6.2622695,0
A0A1D8PFT4,237561,C. albicans,11.318001,7.0496035,17
Q5ALX5,237561,C. albicans,10.166362,4.1862903,6
A0A1D8PMB1,237561,C. albicans,10.607238,7.9747753,0
Q59Y37,237561,C. albicans,6.8512154,7.8405123,2
A0A1D8PRH1,237561,C. albicans,8.653802,8.019683,2
A0A1D8PC38,237561,C. albicans,12.36834,7.519859,18
Q5AND4,237561,C. albicans,10.861782,7.228078,0
A0A1D8PLU5,237561,C. albicans,7.6878543,5.587766,0
A0A1D8PRW9,237561,C. albicans,10.548666,7.564855,17
A0A1D8PEQ9,237561,C. albicans,6.7238984,5.063759,2
Q5A594,237561,C. albicans,9.850244,8.077456,17
A0A1D8PJ68,237561,C. albicans,4.8409524,7.988952,14
A0A1D8PH63,237561,C. albicans,6.9939013,6.9629335,15
A0A1D8PCN0,237561,C. albicans,12.216722,1.7643164,14
Q59XW9,237561,C. albicans,10.888289,7.580721,0
A0A1D8PFV1,237561,C. albicans,14.559645,5.516985,12
A0A1D8PN88,237561,C. albicans,11.480909,6.6468945,0
A0A1D8PTP9,237561,C. albicans,9.145711,2.5795052,5
Q5ALV9,237561,C. albicans,11.807433,9.619418,0
A0A1D8PLB6,237561,C. albicans,4.920308,8.031977,15
A0A1D8PSE5,237561,C. albicans,14.136119,4.666983,11
Q5ABG1,237561,C. albicans,11.877994,4.536203,9
Q5AAV6,237561,C. albicans,11.084987,4.8645854,9
A0A1D8PCM0,237561,C. albicans,10.278145,7.786904,17
A0A1D8PFV0,237561,C. albicans,13.829309,4.7976236,11
A0A1D8PK00,237561,C. albicans,8.113356,2.5458565,4
Q59YG5,237561,C. albicans,11.673801,9.489828,2
A0A1D8PI22,237561,C. albicans,7.510358,9.2105255,1
A0A1D8PIK2,237561,C. albicans,14.168433,4.9221606,12
A0A1D8PUB9,237561,C. albicans,11.498444,6.5040407,0
A0A1D8PU45,237561,C. albicans,11.702286,7.8496876,18
A0A1D8PRR1,237561,C. albicans,12.154189,7.756095,18
Q59LZ5,237561,C. albicans,10.415597,7.3363695,0
A0A1D8PR83,237561,C. albicans,12.262818,5.9655514,17
P0CY19,237561,C. albicans,8.429375,7.9454174,15
A0A1D8PFF4,237561,C. albicans,7.7686977,5.628064,0
A0A1D8PGK8,237561,C. albicans,13.828068,6.642145,12
A0A1D8PNC7,237561,C. albicans,12.828091,6.620172,11
A0A1D8PTV3,237561,C. albicans,13.04628,3.4811947,12
Q5AFP3,237561,C. albicans,14.035514,5.6706667,12
A0A1D8PGN0,237561,C. albicans,13.160744,2.5285516,11
A0A1D8PNE5,237561,C. albicans,11.573576,6.6954956,0
Q5AAG1,237561,C. albicans,12.994716,5.7247076,11
Q5AGZ8,237561,C. albicans,11.129439,4.770457,15
A0A1D8PMP0,237561,C. albicans,20.893503,0.7148526,0
A0A1D8PRH6,237561,C. albicans,13.222994,5.2154593,13
A0A1D8PPK1,237561,C. albicans,10.892725,-5.865466,14
A0A1D8PQA6,237561,C. albicans,10.98971,4.083192,10
A0A1D8PRE4,237561,C. albicans,14.370917,4.4565573,12
A0A1D8PTX9,237561,C. albicans,7.7897296,5.686631,2
P78599,237561,C. albicans,13.641967,8.727975,13
O42825,237561,C. albicans,8.776179,16.915516,3
Q5A784,237561,C. albicans,10.616305,8.171455,17
Q59MV9,237561,C. albicans,8.726786,8.229152,16
A0A1D8PRZ8,237561,C. albicans,10.129897,3.7420692,10
A0A1D8PNP3,237561,C. albicans,9.445397,6.9149094,2
A0A1D8PE20,237561,C. albicans,11.866011,6.5057125,17
A0A1D8PCM2,237561,C. albicans,11.607082,6.954364,0
A0A1D8PGJ9,237561,C. albicans,12.103284,8.724312,18
A0A1D8PE67,237561,C. albicans,8.308873,8.078295,15
Q59VF4,237561,C. albicans,9.662006,2.579976,8
A0A1D8PD11,237561,C. albicans,11.256787,7.803343,0
P83776,237561,C. albicans,8.652056,7.6805577,2
A0A1D8PE85,237561,C. albicans,10.846612,6.1758084,19
O74711,237561,C. albicans,9.545172,5.083752,17
Q59M49,237561,C. albicans,10.000964,3.898242,10
P83780,237561,C. albicans,8.965692,7.173192,2
Q59PU4,237561,C. albicans,9.323418,6.7904625,2
Q5ACW5,237561,C. albicans,13.142647,6.166038,13
Q59PV6,237561,C. albicans,4.968646,2.1550407,14
Q5A888,237561,C. albicans,8.110853,8.795279,16
Q5ACU9,237561,C. albicans,9.039789,6.7052894,2
A0A1D8PNU8,237561,C. albicans,11.1295805,5.78679,15
A0A1D8PKY1,237561,C. albicans,12.846007,10.340342,15
Q59TD1,237561,C. albicans,8.718216,2.268135,5
Q5AMT2,237561,C. albicans,15.170694,15.431211,9
A0A1D8PFV7,237561,C. albicans,12.362083,3.388919,17
P46273,237561,C. albicans,11.857304,4.618183,9
A0A1D8PSM6,237561,C. albicans,10.615787,6.003472,17
Q59SU5,237561,C. albicans,5.0263915,12.688167,17
Q5AH25,237561,C. albicans,9.694664,3.4118552,8
Q5ANJ4,237561,C. albicans,9.436086,8.635771,17
Q5A0L4,237561,C. albicans,3.677512,7.886202,2
O13289,237561,C. albicans,13.215577,5.452569,12
Q5ADS0,237561,C. albicans,13.474314,5.4746456,4
Q5AH74,237561,C. albicans,14.647802,8.362346,7
A0A1D8PS71,237561,C. albicans,11.610743,7.830369,18
Q9UW22,237561,C. albicans,13.771221,6.316289,18
Q5ACW8,237561,C. albicans,14.168512,5.3454404,12
Q9UW13,237561,C. albicans,7.2734303,7.379873,4
Q5ALK3,237561,C. albicans,8.739592,5.7913094,1
A0A1D8PPC1,237561,C. albicans,7.5781903,5.487145,0
A0A1D8PH55,237561,C. albicans,7.959065,7.824511,1
Q59Q30,237561,C. albicans,8.939531,2.902814,8
Q5A6M6,237561,C. albicans,11.973669,5.222745,11
A0A1D8PEB4,237561,C. albicans,11.2302685,4.530295,6
A0A1D8PSK4,237561,C. albicans,7.7115927,7.4087152,1
Q92206,237561,C. albicans,9.515666,6.3718734,2
Q5AK54,237561,C. albicans,11.630814,5.5696845,17
A0A1D8PSH7,237561,C. albicans,8.74357,3.5679886,4
A0A1D8PM87,237561,C. albicans,9.395398,2.4046657,5
Q59LN9,237561,C. albicans,5.0586686,12.658412,0
A0A1D8PPB0,237561,C. albicans,12.226914,1.7632365,10
A0A1D8PJZ6,237561,C. albicans,13.262866,8.97733,17
Q59VM7,237561,C. albicans,11.863909,8.00172,18
Q59WH0,237561,C. albicans,14.460529,5.279914,12
Q5ADX5,237561,C. albicans,10.204795,4.0417476,19
Q5A8Z4,237561,C. albicans,-3.35706,4.962809,2
P0CY34,237561,C. albicans,8.891652,8.490079,17
Q5A0N3,237561,C. albicans,11.512763,3.337405,10
Q8TG40,237561,C. albicans,10.283704,8.229964,0
Q5AAJ7,237561,C. albicans,7.898725,11.136392,15
Q5A516,237561,C. albicans,12.451239,3.7200253,0
A0A1D8PJE0,237561,C. albicans,9.763017,7.9186454,0
A0A1D8PU69,237561,C. albicans,11.134438,8.751382,2
O94069,237561,C. albicans,8.8131275,6.803149,19
Q5APF0,237561,C. albicans,11.370533,4.5892644,10
Q5ADN1,237561,C. albicans,10.464041,3.7452753,19
Q59PZ6,237561,C. albicans,9.095674,7.342307,2
Q59US5,237561,C. albicans,14.773517,4.817572,12
Q59WF4,237561,C. albicans,7.355744,5.1447163,0
Q5AEN1,237561,C. albicans,9.982562,3.455252,8
O93803,237561,C. albicans,11.569671,7.822393,0
Q5AHB5,237561,C. albicans,11.671083,6.1354666,15
Q59VX8,237561,C. albicans,8.912132,7.915348,1
Q5AGX2,237561,C. albicans,10.99828,6.0099072,15
P83775,237561,C. albicans,9.503714,8.043796,17
A0A1D8PI24,237561,C. albicans,9.689879,3.963368,6
Q5AD47,237561,C. albicans,8.804828,7.252674,2
Q5AKZ4,237561,C. albicans,9.563966,2.613163,4
A0A1D8PM29,237561,C. albicans,10.088778,7.282718,2
A0A1D8PTX2,237561,C. albicans,8.759026,17.511889,3
A0A1D8PQ86,237561,C. albicans,12.523295,5.4805937,12
P79023,237561,C. albicans,11.446557,7.704915,0
Q04782,237561,C. albicans,11.100828,3.924855,6
Q59UQ6,237561,C. albicans,8.84441,8.251493,2
Q5A328,237561,C. albicans,11.6437,9.507023,2
A0A1D8PRE0,237561,C. albicans,11.937458,4.821169,6
A0A1D8PH87,237561,C. albicans,9.469812,4.4250054,19
P31353,237561,C. albicans,8.595425,7.449166,2
Q59Y40,237561,C. albicans,8.696937,6.90453,16
Q59WF2,237561,C. albicans,11.103427,5.8458743,15
P53704,237561,C. albicans,7.884413,5.092954,0
A0A1D8PRP3,237561,C. albicans,9.463137,3.7741523,6
A0A1D8PNI3,237561,C. albicans,11.529362,6.3191814,0
A0A1D8PHR5,237561,C. albicans,6.86062,7.8194723,2
A0A1D8PNS6,237561,C. albicans,8.70892,17.383856,3
A0A1D8PMC4,237561,C. albicans,11.6740675,4.1751914,9
A0A1D8PTL7,237561,C. albicans,7.137261,4.4483504,15
P43094,237561,C. albicans,11.54941,5.458844,15
Q5A034,237561,C. albicans,9.318323,7.638345,15
Q5AAG6,237561,C. albicans,8.426212,8.793595,16
A0A1D8PNN1,237561,C. albicans,9.067311,3.8340428,4
A0A1D8PJ62,237561,C. albicans,9.800783,2.9815247,8
Q5A1Z2,237561,C. albicans,10.8673115,9.139097,17
Q5AJG7,237561,C. albicans,11.81332,9.566732,0
Q59TD5,237561,C. albicans,8.668319,7.402952,2
A0A1D8PMM6,237561,C. albicans,11.977902,5.590568,0
Q5ANE3,237561,C. albicans,7.5651655,5.0282397,2
A0A1D8PDC9,237561,C. albicans,12.08559,3.2020645,17
Q59X89,237561,C. albicans,8.7297125,17.411207,3
Q5AB98,237561,C. albicans,12.987061,10.754972,4
Q59TS6,237561,C. albicans,13.371888,7.188117,18
Q59MR4,237561,C. albicans,19.386654,13.622515,15
A0A1D8PE53,237561,C. albicans,9.137344,5.8482537,17
A0A1D8PNS7,237561,C. albicans,7.5178695,8.99484,16
Q59SU1,237561,C. albicans,12.206074,3.4050686,17
Q59NG2,237561,C. albicans,12.669366,6.3604183,17
Q5APU2,237561,C. albicans,8.60114,7.702418,15
Q59P87,237561,C. albicans,10.717645,7.7368197,17
A0A1D8PTS0,237561,C. albicans,6.682009,1.1124479,11
Q59VM4,237561,C. albicans,13.169235,7.2892346,12
Q9UW24,237561,C. albicans,9.348644,2.4178503,5
P30575,237561,C. albicans,8.366328,8.660521,1
Q59PZ1,237561,C. albicans,19.42494,13.603027,2
Q5A799,237561,C. albicans,14.508011,8.333325,7
A0A1D8PKC9,237561,C. albicans,9.569437,6.8835397,0
A0A1D8PGE3,237561,C. albicans,14.152494,6.5323777,18
Q9UVL1,237561,C. albicans,8.002672,13.045065,15
P46598,237561,C. albicans,8.578032,7.0222435,17
Q5AJC1,237561,C. albicans,12.557231,4.8453536,12
A0A1D8PJD1,237561,C. albicans,12.483165,7.101351,17
A0A1D8PDV5,237561,C. albicans,8.745811,17.029175,3
A0A1D8PMH6,237561,C. albicans,7.5513783,3.7820907,15
O94048,237561,C. albicans,10.546271,10.55,6
A0A1D8PJF1,237561,C. albicans,10.036968,5.667699,19
A0A1D8PP89,237561,C. albicans,12.650351,5.642042,0
Q5AB87,237561,C. albicans,10.57748,10.828867,2
Q5AMN3,237561,C. albicans,11.2967205,7.5083747,0
Q5ANP4,237561,C. albicans,12.577446,3.4493554,0
Q5ACY4,237561,C. albicans,9.455459,5.2643585,15
Q59T80,237561,C. albicans,13.689054,5.863109,18
A0A1D8PLL4,237561,C. albicans,9.895948,3.9480438,10
P0CY33,237561,C. albicans,8.770962,16.93998,3
A0A1D8PDU7,237561,C. albicans,12.390442,3.8251152,9
A0A1D8PJJ9,237561,C. albicans,12.265756,8.236696,0
Q59U06,237561,C. albicans,8.837909,6.5909333,19
P29717,237561,C. albicans,8.892592,3.2856288,4
Q5A7K3,237561,C. albicans,11.060834,7.9336886,18
Q5A779,237561,C. albicans,13.729866,3.7463582,19
Q5AI79,237561,C. albicans,14.332351,10.577397,2
Q5A6T5,237561,C. albicans,11.095429,5.80773,15
Q5AAJ8,237561,C. albicans,9.813701,4.0808,6
Q5AND6,237561,C. albicans,13.594305,5.591879,11
A0A1D8PND0,237561,C. albicans,13.01533,5.1186814,12
A0A1D8PGN7,237561,C. albicans,8.610673,7.875072,0
A0A1D8PUA7,237561,C. albicans,12.012822,7.769765,0
Q5ANJ0,237561,C. albicans,13.312182,5.3758235,11
Q5ALM6,237561,C. albicans,3.691709,7.9099417,2
A0A1D8PNC0,237561,C. albicans,4.833384,2.4625916,15
O94038,237561,C. albicans,11.816567,5.4447045,9
A0A1D8PCB9,237561,C. albicans,8.939944,7.7629642,2
Q5AHB8,237561,C. albicans,7.776903,8.115454,1
Q5A5R4,237561,C. albicans,11.189334,2.5003555,19
A0A1D8PCY8,237561,C. albicans,12.273741,1.3576064,10
A0A1D8PKT0,237561,C. albicans,12.785411,7.2030463,18
Q5ANH5,237561,C. albicans,6.681047,1.1107949,11
A0A1D8PIH0,237561,C. albicans,4.676962,8.178252,14
A0A1D8PU30,237561,C. albicans,15.751536,8.447831,7
A0A1D8PQQ3,237561,C. albicans,13.076569,3.966912,13
Q5AP52,237561,C. albicans,8.740453,5.72917,18
Q5AP79,237561,C. albicans,11.521745,6.9405055,17
Q07730,237561,C. albicans,6.9446917,6.3494687,1
Q59PS6,237561,C. albicans,11.382235,2.8055425,8
A0A1D8PQ08,237561,C. albicans,15.031612,6.392753,12
Q5AMR2,237561,C. albicans,4.805366,1.9926127,14
A0A1D8PU84,237561,C. albicans,10.755865,6.859958,0
A0A1D8PKE2,237561,C. albicans,13.418941,8.798853,13
Q5APF5,237561,C. albicans,13.40224,5.609995,11
A0A1D8PTG5,237561,C. albicans,11.077299,7.7640324,15
Q59MN0,237561,C. albicans,10.276877,6.4120836,0
Q59SN6,237561,C. albicans,7.388392,9.49333,16
A0A1D8PQ26,237561,C. albicans,12.019453,6.196116,15
A0A1D8PG50,237561,C. albicans,11.81346,9.659487,0
Q59N42,237561,C. albicans,14.296211,4.178943,17
A0A1D8PN91,237561,C. albicans,13.034628,8.580873,0
Q9P4E8,237561,C. albicans,14.251991,6.5134273,12
Q59MU0,237561,C. albicans,1.5476776,2.821769,0
Q5A310,237561,C. albicans,10.211672,6.456733,17
A0A1D8PFJ9,237561,C. albicans,7.374146,9.316539,16
Q9P8E3,237561,C. albicans,11.6280365,6.562867,17
A0A1D8PL95,237561,C. albicans,9.352988,3.8486016,19
Q5AB80,237561,C. albicans,13.278672,8.840617,0
A0A1D8PHJ3,237561,C. albicans,11.747362,9.587957,0
P43073,237561,C. albicans,9.384688,8.359343,17
Q5AB97,237561,C. albicans,8.7219715,17.158674,17
Q5AG89,237561,C. albicans,6.6109476,8.733431,16
Q5AA40,237561,C. albicans,11.061349,3.6230178,6
A0A1D8PK40,237561,C. albicans,10.383184,10.217635,0
Q5AKU5,237561,C. albicans,13.878872,6.4851875,12
A0A1D8PRY3,237561,C. albicans,10.404849,2.7126381,8
A0A1D8PEW1,237561,C. albicans,7.8069134,4.243024,19
Q5A943,237561,C. albicans,12.432027,5.540091,12
Q5A766,237561,C. albicans,10.839054,8.972509,17
Q59RG0,237561,C. albicans,12.174884,16.40438,12
A0A1D8PSZ6,237561,C. albicans,14.68959,12.494604,10
A0A1D8PHA2,237561,C. albicans,11.762355,9.691207,0
Q5A109,237561,C. albicans,9.756328,9.14851,2
Q59YD2,237561,C. albicans,11.186556,7.760027,0
A0A1D8PHJ7,237561,C. albicans,8.062198,8.208883,16
A0A1D8PNZ7,237561,C. albicans,8.939489,7.3847823,2
Q5AND0,237561,C. albicans,12.041233,4.4259105,10
P22011,237561,C. albicans,3.6929245,7.88589,15
Q5AKY0,237561,C. albicans,9.407546,3.949625,19
Q5ANB9,237561,C. albicans,12.004069,6.664284,11
A0A1D8PDY7,237561,C. albicans,7.4578123,14.261173,11
A0A1D8PHI5,237561,C. albicans,11.83445,9.697454,0
Q59ST2,237561,C. albicans,9.906405,3.429957,8
A0A1D8PT71,237561,C. albicans,13.099465,6.943246,13
A0A1D8PMS5,237561,C. albicans,13.525345,7.679569,13
Q5AFB4,237561,C. albicans,3.547209,-3.5650685,15
Q5AJY5,237561,C. albicans,10.878807,7.892684,17
Q59WT3,237561,C. albicans,8.813841,8.560574,2
A0A1D8PQW1,237561,C. albicans,13.6716585,8.157838,13
Q873N2,237561,C. albicans,10.622786,3.4476135,6
A0A1D8PG37,237561,C. albicans,9.029058,8.020422,2
Q59K96,237561,C. albicans,7.6261344,5.518287,2
G1UB61,237561,C. albicans,9.232632,5.9738383,2
Q59N08,237561,C. albicans,11.799217,4.5365868,9
A0A1D8PNG5,237561,C. albicans,12.530807,6.1786337,17
A0A1D8PSQ3,237561,C. albicans,10.587176,5.4312673,2
A0A1D8PIB5,237561,C. albicans,13.211012,10.5941,17
Q59NB3,237561,C. albicans,11.735522,7.9455967,0
A0A1D8PKZ9,237561,C. albicans,7.686982,5.010281,0
A0A1D8PGL8,237561,C. albicans,13.860686,5.7427697,12
A0A1D8PKL0,237561,C. albicans,3.6762145,7.88745,2
Q59NX5,237561,C. albicans,9.780094,3.9551456,10
A0A1D8PNR7,237561,C. albicans,6.956313,6.5872455,1
Q5AHH6,237561,C. albicans,12.390088,3.2088006,15
Q9UW26,237561,C. albicans,7.7419934,8.488582,1
O60173,284812,S. pombe,7.047791,4.383256,19
Q10156,284812,S. pombe,10.173014,7.85919,0
Q9Y7I4,284812,S. pombe,7.6780005,5.154603,16
O74973,284812,S. pombe,15.118469,8.467416,7
G2TRL1,284812,S. pombe,13.400576,7.3372946,13
O13761,284812,S. pombe,15.761439,8.405753,7
O14226,284812,S. pombe,13.136382,2.6020694,12
Q8TFG0,284812,S. pombe,11.714779,7.9132686,17
O74906,284812,S. pombe,14.085597,7.430573,13
O14349,284812,S. pombe,8.742558,8.942886,2
O13874,284812,S. pombe,13.170334,10.208438,15
Q8X1T0,284812,S. pombe,11.483773,7.5366697,0
P78790,284812,S. pombe,9.967785,5.8430614,15
O14334,284812,S. pombe,11.34728,7.207578,17
Q10132,284812,S. pombe,9.361522,8.156528,2
Q09180,284812,S. pombe,13.447274,5.712108,11
P78833,284812,S. pombe,11.066275,8.12865,0
O14296,284812,S. pombe,-0.6019203,8.7314415,0
O60094,284812,S. pombe,7.6123004,5.825364,17
O94273,284812,S. pombe,3.6763875,7.884508,2
O59865,284812,S. pombe,10.342321,10.345103,2
P87323,284812,S. pombe,13.707816,7.8860593,13
Q9HDV0,284812,S. pombe,9.55174,7.7859163,17
O59736,284812,S. pombe,7.087699,5.1301703,17
O60182,284812,S. pombe,8.937481,5.859812,2
Q9UU88,284812,S. pombe,10.264971,8.289294,2
O13636,284812,S. pombe,7.7880197,16.268206,3
O94387,284812,S. pombe,11.853573,4.674008,9
Q10080,284812,S. pombe,12.793382,6.3778205,11
Q10355,284812,S. pombe,13.282988,7.416151,18
Q09701,284812,S. pombe,11.923287,3.2461812,15
O60059,284812,S. pombe,4.8336143,8.044771,19
Q9C0Y7,284812,S. pombe,9.839061,4.6578035,19
Q9USJ6,284812,S. pombe,6.877539,7.8458643,2
P36611,284812,S. pombe,13.141469,6.974185,17
O94589,284812,S. pombe,7.942947,7.7386637,1
Q9HDU3,284812,S. pombe,13.231712,8.5325,17
O94298,284812,S. pombe,8.641579,3.5011256,8
Q09769,284812,S. pombe,12.140784,6.8636694,0
O74492,284812,S. pombe,9.094969,7.554982,2
P32235,284812,S. pombe,10.246437,9.810982,2
O13794,284812,S. pombe,9.217164,6.583519,2
O74747,284812,S. pombe,12.397805,4.9904366,9
O13691,284812,S. pombe,12.993381,8.08164,18
O13960,284812,S. pombe,7.2903466,9.297287,16
Q9UT48,284812,S. pombe,13.1085005,7.3331513,18
Q10222,284812,S. pombe,9.102906,7.443517,2
Q9UT92,284812,S. pombe,9.308018,2.5102243,5
Q09733,284812,S. pombe,10.621954,3.9404385,10
O94278,284812,S. pombe,10.872416,4.7464004,10
O13621,284812,S. pombe,9.026307,7.4019527,15
O14466,284812,S. pombe,9.002181,4.3485346,4
P0C8R3,284812,S. pombe,9.782371,9.185851,15
O14235,284812,S. pombe,9.52214,9.047711,17
O94536,284812,S. pombe,9.595094,7.8929825,0
Q7Z995,284812,S. pombe,12.245039,8.591463,18
O94642,284812,S. pombe,9.063167,3.4672563,4
O74903,284812,S. pombe,12.730888,3.6801224,0
O94332,284812,S. pombe,11.64342,6.946747,0
O13651,284812,S. pombe,7.0008016,4.8528876,15
O94385,284812,S. pombe,10.27016,7.2872586,15
Q9Y811,284812,S. pombe,11.746663,8.527538,17
O59787,284812,S. pombe,11.601138,6.8453317,0
Q9P778,284812,S. pombe,10.918155,4.629189,10
Q9P7J2,284812,S. pombe,12.480337,7.7682276,18
O60063,284812,S. pombe,15.806051,8.290731,7
O13687,284812,S. pombe,11.005899,6.934798,17
Q9P6S3,284812,S. pombe,11.80597,4.5383472,16
Q9UUG2,284812,S. pombe,8.579079,8.36583,2
O14335,284812,S. pombe,10.677999,3.5959926,10
O60091,284812,S. pombe,12.016156,8.795555,18
O94487,284812,S. pombe,7.9911346,7.228311,19
Q9P6P7,284812,S. pombe,10.893392,-5.8646894,14
O74889,284812,S. pombe,11.165996,3.8691034,6
O74427,284812,S. pombe,9.09236,7.2892227,1
O43037,284812,S. pombe,13.702913,8.012654,18
O94633,284812,S. pombe,7.730279,5.6000013,0
O94728,284812,S. pombe,12.29975,7.5760374,18
Q9P4W7,284812,S. pombe,14.379785,5.2277675,12
P87175,284812,S. pombe,11.70338,6.4821634,15
Q10496,284812,S. pombe,10.865447,8.87657,17
O14213,284812,S. pombe,14.925816,8.374674,7
P87146,284812,S. pombe,11.67822,9.483536,2
P07527,284812,S. pombe,14.326222,6.270094,6
Q10358,284812,S. pombe,13.765984,8.209646,13
O14249,284812,S. pombe,8.19613,6.8233185,2
Q10239,284812,S. pombe,12.532916,7.4472084,18
Q9C0X5,284812,S. pombe,11.822291,9.6645565,0
Q9P377,284812,S. pombe,10.18394,3.728351,4
Q09684,284812,S. pombe,13.347757,5.371408,11
Q9P7P8,284812,S. pombe,10.452015,4.683587,14
O13969,284812,S. pombe,9.171867,3.5704353,4
P48003,284812,S. pombe,5.0268345,12.687644,17
O13923,284812,S. pombe,11.387181,8.029306,18
Q9UTB0,284812,S. pombe,8.381314,8.410371,16
O94374,284812,S. pombe,9.389158,9.001597,0
O14055,284812,S. pombe,10.8939705,-5.865072,14
O94375,284812,S. pombe,11.252352,7.1693797,17
Q9UTK1,284812,S. pombe,11.815397,9.616013,0
Q10295,284812,S. pombe,11.164557,2.4140475,10
Q9UTK3,284812,S. pombe,8.7899475,6.721511,19
Q96WS6,284812,S. pombe,13.914118,8.108188,13
O43062,284812,S. pombe,12.606627,8.278781,16
O13735,284812,S. pombe,10.829516,7.7630744,17
Q9USL5,284812,S. pombe,11.137896,8.407488,17
O43048,284812,S. pombe,7.0404367,4.445122,14
O13993,284812,S. pombe,10.490265,7.5934396,15
O14145,284812,S. pombe,9.160291,5.882658,0
P0CT79,284812,S. pombe,10.515313,9.465572,0
Q10441,284812,S. pombe,7.260462,4.7273655,15
Q09742,284812,S. pombe,11.157499,5.460143,2
Q09710,284812,S. pombe,9.000469,3.8824427,19
Q10057,284812,S. pombe,12.111157,1.9570559,10
Q10153,284812,S. pombe,7.082962,5.946482,2
O13620,284812,S. pombe,8.816126,5.774603,11
Q09778,284812,S. pombe,10.288324,6.280341,15
O14133,284812,S. pombe,11.842721,6.915199,2
O74442,284812,S. pombe,13.974512,6.2417836,12
O59832,284812,S. pombe,7.0081434,8.931831,17
Q09843,284812,S. pombe,17.8735,11.722647,10
P08463,284812,S. pombe,13.927133,8.262132,13
Q10211,284812,S. pombe,4.7180915,8.144149,15
O94663,284812,S. pombe,11.469049,7.623533,0
P87138,284812,S. pombe,8.729588,17.383322,3
O13826,284812,S. pombe,12.974815,7.306986,18
P17477,284812,S. pombe,6.683252,1.1116322,11
O59748,284812,S. pombe,14.761635,6.736379,18
Q8TFG9,284812,S. pombe,14.28779,6.5082846,12
O74990,284812,S. pombe,10.147507,8.025107,2
Q9P7I2,284812,S. pombe,17.879854,11.717259,14
O13702,284812,S. pombe,7.7288284,5.1286144,0
Q9UU96,284812,S. pombe,11.594752,5.635428,17
O60069,284812,S. pombe,7.179574,9.328273,1
O13650,284812,S. pombe,5.373004,7.9390516,15
Q9USM4,284812,S. pombe,8.044267,8.8761425,16
O13858,284812,S. pombe,12.526754,6.783233,18
P79011,284812,S. pombe,9.194271,0.05037621,8
Q10270,284812,S. pombe,9.805597,3.9772806,8
Q9P7N6,284812,S. pombe,10.562925,3.0197854,4
O14036,284812,S. pombe,11.215821,7.685765,17
O13862,284812,S. pombe,10.086148,6.022565,17
P78870,284812,S. pombe,10.235173,7.1841645,17
O59730,284812,S. pombe,10.543329,3.998738,6
Q9UUI5,284812,S. pombe,13.367494,4.947179,11
O74423,284812,S. pombe,8.277708,9.438826,1
Q10414,284812,S. pombe,7.181822,4.751222,19
Q6LA53,284812,S. pombe,8.802014,5.277394,2
O60150,284812,S. pombe,12.342738,7.5509267,18
Q9P7Y3,284812,S. pombe,7.769882,5.577147,0
O60161,284812,S. pombe,10.472748,4.629854,19
P78929,284812,S. pombe,9.900749,7.5010076,2
Q10299,284812,S. pombe,12.229407,7.455928,0
Q9P6R4,284812,S. pombe,11.802655,9.605907,0
P0CY17,284812,S. pombe,14.224607,5.7294803,18
Q9UUA7,284812,S. pombe,11.233894,7.7928987,18
Q9USY3,284812,S. pombe,7.508402,8.895614,16
Q9USV3,284812,S. pombe,12.426033,7.2014894,18
O43086,284812,S. pombe,11.268106,6.3204694,17
Q9P6H9,284812,S. pombe,9.0794115,6.9248347,2
Q9UTA1,284812,S. pombe,12.84061,0.37027693,14
Q9P6L8,284812,S. pombe,9.39999,6.342387,17
Q10143,284812,S. pombe,11.328656,7.200405,2
Q09692,284812,S. pombe,10.66264,7.905324,0
Q9Y7T9,284812,S. pombe,12.643197,8.967921,0
Q92371,284812,S. pombe,12.829514,7.363219,13
P50528,284812,S. pombe,11.673281,6.8814583,17
Q10343,284812,S. pombe,8.606347,6.956731,19
Q09747,284812,S. pombe,14.801372,5.3175263,12
O14264,284812,S. pombe,9.480742,9.012813,2
Q10430,284812,S. pombe,12.175881,7.594923,17
P40984,284812,S. pombe,2.338623,-0.9995407,15
Q09844,284812,S. pombe,13.513593,4.6011815,17
Q9Y7J3,284812,S. pombe,12.161527,5.153657,9
O42993,284812,S. pombe,17.7304,9.288578,15
P50515,284812,S. pombe,8.115237,2.5469844,4
P87055,284812,S. pombe,10.958121,0.5594559,19
Q09816,284812,S. pombe,15.005097,15.637937,9
Q9USU7,284812,S. pombe,12.162033,5.2110834,9
Q92338,284812,S. pombe,14.424395,6.684883,18
O14075,284812,S. pombe,14.277613,7.8572516,7
O94481,284812,S. pombe,12.478735,2.6231759,10
O74516,284812,S. pombe,10.975849,5.455948,15
O75005,284812,S. pombe,7.0859294,5.1319456,15
O36024,284812,S. pombe,7.5094895,5.7249975,17
O36014,284812,S. pombe,10.819792,3.4777951,6
Q9URY0,284812,S. pombe,8.301,8.360608,16
O14031,284812,S. pombe,11.068064,4.0591273,6
Q9P7L1,284812,S. pombe,11.449324,8.187474,0
O13714,284812,S. pombe,11.670512,6.6045275,11
Q9UTK2,284812,S. pombe,10.21409,10.1523075,2
Q9USL4,284812,S. pombe,11.42554,3.3183377,10
P79010,284812,S. pombe,10.545267,8.4329195,0
Q10218,284812,S. pombe,11.269162,8.181385,0
O42841,284812,S. pombe,12.768861,8.3010025,0
Q02088,284812,S. pombe,3.0411143,2.731471,0
P04688,284812,S. pombe,14.402636,6.25514,11
O94526,284812,S. pombe,10.8527355,8.069005,15
Q9P6K1,284812,S. pombe,7.587609,5.526704,0
Q9UUI2,284812,S. pombe,13.450912,7.41339,13
Q9HDU6,284812,S. pombe,12.989043,6.847599,17
O13695,284812,S. pombe,11.585292,8.6002655,2
Q10264,284812,S. pombe,9.618188,7.589232,2
O74319,284812,S. pombe,12.797527,6.2890105,15
Q9P6R6,284812,S. pombe,9.686557,7.4540367,2
O36023,284812,S. pombe,13.421374,8.925971,13
O00084,284812,S. pombe,11.670469,4.4343696,9
Q9UST4,284812,S. pombe,9.784833,8.113787,2
Q10238,284812,S. pombe,10.704829,3.800359,6
O74945,284812,S. pombe,14.481253,5.3166404,12
O13881,284812,S. pombe,10.721939,4.257442,10
O14084,284812,S. pombe,5.7008986,9.059887,15
Q5FC18,284812,S. pombe,11.608536,7.156804,0
O42945,284812,S. pombe,9.90898,2.9377332,8
O13848,284812,S. pombe,8.784655,8.437854,17
O42951,284812,S. pombe,11.444494,8.036173,17
O74446,284812,S. pombe,11.100891,6.4705024,0
O14015,284812,S. pombe,13.633449,7.5240526,13
Q9UUH2,284812,S. pombe,10.289506,2.1938732,8
Q92356,284812,S. pombe,14.363621,10.566027,19
O42916,284812,S. pombe,11.033368,7.829493,17
O60080,284812,S. pombe,7.254982,6.706178,2
O74465,284812,S. pombe,8.829358,2.9437478,4
P79015,284812,S. pombe,10.432733,10.476324,2
Q12704,284812,S. pombe,9.017525,5.9486833,2
O13629,284812,S. pombe,11.140115,4.1818633,10
O60128,284812,S. pombe,10.223313,9.8552475,0
Q9P5N2,284812,S. pombe,13.295713,8.231783,0
O13964,284812,S. pombe,12.394006,7.3756013,18
Q9P7C7,284812,S. pombe,10.588829,3.8599842,6
O74925,284812,S. pombe,11.770186,7.852684,18
Q09889,284812,S. pombe,9.269326,2.2644534,5
Q9USX3,284812,S. pombe,9.739145,9.624258,3
P36603,284812,S. pombe,14.971077,4.6526585,12
Q10087,284812,S. pombe,9.402859,4.3270493,19
O59701,284812,S. pombe,10.3647585,4.055116,10
Q9UU90,284812,S. pombe,9.712541,7.6767397,2
O59702,284812,S. pombe,15.034535,4.7254014,12
Q9Y7R5,284812,S. pombe,3.6755056,7.8896203,2
Q9P6J9,284812,S. pombe,12.678555,2.722289,16
Q09906,284812,S. pombe,10.17599,6.9916215,2
O74433,284812,S. pombe,11.774874,9.678584,0
O74415,284812,S. pombe,11.079981,6.2445836,17
P53694,284812,S. pombe,12.543668,8.935009,18
O42644,284812,S. pombe,9.197444,5.897101,2
P28829,284812,S. pombe,9.052297,3.837623,4
O13764,284812,S. pombe,12.602189,6.5977373,17
O74538,284812,S. pombe,10.430608,10.310932,2
O14337,284812,S. pombe,10.39361,10.070539,17
O74837,284812,S. pombe,7.909073,5.3890266,0
Q10350,284812,S. pombe,7.4897485,5.591308,0
Q9UUL2,284812,S. pombe,17.78424,11.6529255,15
P40370,284812,S. pombe,7.393502,8.787362,16
Q10151,284812,S. pombe,9.230439,2.4703143,5
Q9USV2,284812,S. pombe,11.059501,3.48815,6
Q09884,284812,S. pombe,12.202123,3.2886617,17
P78875,284812,S. pombe,12.1325245,6.760279,0
Q9UT97,284812,S. pombe,19.391365,13.613889,2
Q09827,284812,S. pombe,7.3079967,5.4471335,2
Q09681,284812,S. pombe,8.039084,4.890178,17
Q9HGN4,284812,S. pombe,13.798453,7.895777,13
P87127,284812,S. pombe,9.081655,2.125125,5
Q09184,284812,S. pombe,13.002822,4.9503016,12
Q50HP3,284812,S. pombe,12.406534,7.1508427,18
O13787,284812,S. pombe,10.525595,5.6930804,15
Q10425,284812,S. pombe,10.847333,4.589027,10
Q9P7E7,284812,S. pombe,8.713202,5.7218046,13
Q9UTA5,284812,S. pombe,10.953649,7.829366,0
O13724,284812,S. pombe,13.133624,10.791301,4
O60098,284812,S. pombe,10.55118,10.565376,8
Q9UTJ7,284812,S. pombe,9.209613,5.86389,17
Q10234,284812,S. pombe,14.661266,5.615369,13
Q9UTP0,284812,S. pombe,9.823746,10.700384,2
Q09903,284812,S. pombe,7.4940276,8.857868,16
Q9UUH3,284812,S. pombe,8.534226,7.395391,2
O94435,284812,S. pombe,14.636661,8.385763,7
P87059,284812,S. pombe,13.55704,4.601652,17
Q9C0X3,284812,S. pombe,15.75843,8.529215,7
Q9USX0,284812,S. pombe,11.680317,3.5257993,2
Q9USL7,284812,S. pombe,11.857943,8.697843,18
Q09181,284812,S. pombe,11.418567,7.7997246,0
P87041,284812,S. pombe,13.219458,11.296016,19
O74518,284812,S. pombe,12.995838,2.5247142,17
O74981,284812,S. pombe,14.027631,7.6801176,13
O74905,284812,S. pombe,10.1975,10.079594,2
Q9UTH8,284812,S. pombe,9.577791,3.7350025,4
Q10302,284812,S. pombe,14.505058,5.519887,12
P36622,284812,S. pombe,9.4619055,-1.4577076,12
Q9UT81,284812,S. pombe,8.181235,4.7150283,2
Q9UTI2,284812,S. pombe,11.08461,8.747988,15
O36018,284812,S. pombe,9.506713,6.9922767,2
Q9UT72,284812,S. pombe,13.064477,7.3348665,13
Q9US47,284812,S. pombe,7.573861,4.290862,15
Q9C0V5,284812,S. pombe,11.597618,6.7592015,0
P78966,284812,S. pombe,8.294317,8.311767,2
O14047,284812,S. pombe,12.657691,6.5564346,18
O74563,284812,S. pombe,9.078852,3.637288,4
Q10265,284812,S. pombe,9.82367,3.091394,6
O42908,284812,S. pombe,9.752442,7.7775583,17
Q9UT76,284812,S. pombe,8.714461,17.385874,3
O14086,284812,S. pombe,10.449119,7.835609,2
Q9P6J6,284812,S. pombe,7.843645,5.2094684,0
Q07538,284812,S. pombe,10.778693,4.7941194,6
Q09849,284812,S. pombe,9.394292,8.77051,16
O60103,284812,S. pombe,11.136333,6.0688953,9
O13965,284812,S. pombe,8.49535,8.535317,2
P50526,284812,S. pombe,12.013849,8.00241,18
Q09915,284812,S. pombe,9.13464,3.8477013,19
Q9US33,284812,S. pombe,10.815587,3.584984,6
Q53EK2,284812,S. pombe,11.45432,7.577677,0
Q9USS8,284812,S. pombe,7.3847055,5.3522615,2
O13957,284812,S. pombe,9.142052,2.488297,5
Q9HGP5,284812,S. pombe,12.244969,7.0052457,18
O94521,284812,S. pombe,8.565075,8.303222,17
Q9P7K1,284812,S. pombe,11.965274,8.732923,18
Q10317,284812,S. pombe,11.547449,7.764552,18
Q7Z9I3,284812,S. pombe,8.312031,6.827272,2
Q9HEQ9,284812,S. pombe,10.42408,10.260736,0
Q9P3B1,284812,S. pombe,12.256779,1.7269758,10
Q9P6K4,284812,S. pombe,11.150101,8.548245,15
P05734,284812,S. pombe,10.4251585,10.202994,0
Q9UTQ7,284812,S. pombe,9.673588,5.9473352,17
Q9Y7Y7,284812,S. pombe,11.927395,5.224855,9
Q09737,284812,S. pombe,6.814421,4.1574373,19
Q9UT82,284812,S. pombe,9.918658,8.309969,17
O74807,284812,S. pombe,13.092481,6.9798527,0
Q09792,284812,S. pombe,7.5817313,9.337077,1
O94756,284812,S. pombe,8.009742,7.9189506,1
O14388,284812,S. pombe,10.489828,10.258945,2
O74958,284812,S. pombe,11.930123,6.4274354,17
O60053,284812,S. pombe,8.470218,7.328451,2
Q10233,284812,S. pombe,10.748716,6.661746,17
O13824,284812,S. pombe,10.404721,3.8072126,6
O74393,284812,S. pombe,4.957409,8.013746,15
Q10166,284812,S. pombe,9.980105,4.248054,19
Q9Y801,284812,S. pombe,11.91977,7.8624163,18
O13947,284812,S. pombe,9.950917,12.289579,17
Q09806,284812,S. pombe,13.941708,7.1934943,13
O13831,284812,S. pombe,12.179095,7.778168,18
Q9UTI7,284812,S. pombe,6.5235453,4.6773925,15
O94292,284812,S. pombe,10.46226,10.281171,2
Q9UTE4,284812,S. pombe,9.366431,7.7616205,17
P78920,284812,S. pombe,10.038673,5.678789,15
O74335,284812,S. pombe,10.31679,-8.0847025,15
Q9P6M8,284812,S. pombe,4.936961,8.008783,19
Q9C0W1,284812,S. pombe,10.12112,8.194704,17
O59740,284812,S. pombe,7.936776,8.0716715,1
Q9UUG5,284812,S. pombe,11.176108,0.30196533,0
P0CU10,284812,S. pombe,13.2939415,6.733502,13
Q10315,284812,S. pombe,13.12978,7.019331,17
P78774,284812,S. pombe,8.5886755,8.178338,2
Q9UUH1,284812,S. pombe,7.563742,5.5028486,0
O94567,284812,S. pombe,11.483053,6.738682,17
Q09854,284812,S. pombe,10.190285,2.8331213,6
O74365,284812,S. pombe,14.30969,4.1354685,6
O94412,284812,S. pombe,10.412865,10.165509,0
O94505,284812,S. pombe,9.387553,5.6532946,2
Q10474,284812,S. pombe,11.418149,7.839241,0
Q10333,284812,S. pombe,7.7498016,5.5985785,0
O14255,284812,S. pombe,11.6285095,7.4066553,16
O94599,284812,S. pombe,9.757375,8.45269,17
Q9UTC9,284812,S. pombe,11.35763,7.1992297,2
O13663,284812,S. pombe,3.0825865,12.618478,17
Q9UTI8,284812,S. pombe,10.453298,10.133806,0
Q9USM9,284812,S. pombe,9.8676,7.3236165,17
O94390,284812,S. pombe,11.6574545,9.017277,0
Q9UTK8,284812,S. pombe,9.66549,6.4271355,0
O74774,284812,S. pombe,8.858956,7.3960195,2
Q10111,284812,S. pombe,9.943004,5.9206843,15
O13696,284812,S. pombe,8.694284,7.0673695,19
Q9HDW8,284812,S. pombe,11.110442,8.737821,2
O36022,284812,S. pombe,13.362264,4.947537,11
O74974,284812,S. pombe,8.072803,7.3623295,15
Q09893,284812,S. pombe,9.741534,7.724465,2
Q10221,284812,S. pombe,7.8516374,6.965878,1
Q92341,284812,S. pombe,6.6599936,4.937379,14
O94646,284812,S. pombe,12.363827,7.2125173,18
O43023,284812,S. pombe,14.328024,4.159091,15
Q92355,284812,S. pombe,9.040578,7.1770086,0
O59716,284812,S. pombe,12.966101,7.611124,18
Q9HDZ7,284812,S. pombe,13.160987,6.7009606,0
O42881,284812,S. pombe,9.763914,7.5696063,2
P09988,284812,S. pombe,5.0535173,12.662265,16
P35551,284812,S. pombe,9.55354,6.40248,11
O42652,284812,S. pombe,13.12183,2.5802393,17
O59669,284812,S. pombe,12.291083,7.2288823,0
O14089,284812,S. pombe,12.085831,3.3322387,15
Q10364,284812,S. pombe,8.629244,7.4130235,15
P14575,284812,S. pombe,12.351728,7.3229403,18
Q9P7E0,284812,S. pombe,11.814051,9.670813,0
O00087,284812,S. pombe,10.61834,6.6808543,2
Q9P6Q6,284812,S. pombe,8.798075,17.320826,3
O74864,284812,S. pombe,12.091866,4.4276567,16
O60076,284812,S. pombe,13.15558,6.949285,2
O60126,284812,S. pombe,8.944803,6.8107324,19
O13742,284812,S. pombe,12.090351,8.054596,18
O60107,284812,S. pombe,9.8358345,3.940327,10
Q9UT70,284812,S. pombe,10.42076,6.843415,17
P87178,284812,S. pombe,9.091146,4.32397,4
O60185,284812,S. pombe,8.335849,4.0256333,8
Q9C118,284812,S. pombe,15.700891,8.49097,7
Q9Y7T4,284812,S. pombe,10.762238,3.7446606,6
P36596,284812,S. pombe,7.437826,8.626846,1
Q9USM1,284812,S. pombe,9.145373,3.5311756,4
P78817,284812,S. pombe,8.638889,8.941826,2
O59829,284812,S. pombe,2.3418329,-0.99585694,15
Q10492,284812,S. pombe,12.877069,7.5794983,18
Q10195,284812,S. pombe,12.890609,6.8150764,18
O94269,284812,S. pombe,13.805338,6.6693835,13
Q9P6L5,284812,S. pombe,11.900759,6.5947647,0
Q9Y7N4,284812,S. pombe,7.615412,5.433268,2
Q9P7S6,284812,S. pombe,12.008006,5.900746,0
O14443,284812,S. pombe,7.47829,7.6173105,15
P87053,284812,S. pombe,14.769717,9.477163,17
Q92357,284812,S. pombe,4.8792863,8.040482,14
O14266,284812,S. pombe,12.531481,2.6211956,9
O13793,284812,S. pombe,9.2397,7.7097936,17
Q9US28,284812,S. pombe,12.937691,7.4040494,18
O14048,284812,S. pombe,14.192168,5.011058,6
O94691,284812,S. pombe,9.2098675,3.1596897,8
O42668,284812,S. pombe,9.928805,7.690464,17
P78921,284812,S. pombe,11.265013,6.8439655,17
Q10155,284812,S. pombe,9.383043,6.3550806,17
O42890,284812,S. pombe,10.114771,2.577123,8
Q9UT56,284812,S. pombe,10.502544,10.250328,2
Q9UT74,284812,S. pombe,5.0654078,8.007829,15
O74416,284812,S. pombe,14.654059,8.176431,7
O74360,284812,S. pombe,3.0822463,12.618467,17
Q9HGP8,284812,S. pombe,8.168701,8.769148,16
O94258,284812,S. pombe,13.228758,10.459855,17
O14041,284812,S. pombe,11.315176,7.275243,17
Q9USZ6,284812,S. pombe,9.476735,7.9227376,2
P87052,284812,S. pombe,7.443454,9.234124,16
Q9UUM2,284812,S. pombe,7.867373,8.213955,1
O14039,284812,S. pombe,12.303332,2.5058599,17
P56523,284812,S. pombe,4.808465,8.076556,14
P87145,284812,S. pombe,9.444712,7.651002,2
O94696,284812,S. pombe,15.11772,8.465428,7
B8Y7Y5,284812,S. pombe,14.21116,8.006653,13
Q10437,284812,S. pombe,8.321099,8.0561,2
Q9P7Q7,284812,S. pombe,10.174394,7.7944393,15
O43079,284812,S. pombe,10.531093,4.1221147,6
Q9UTG1,284812,S. pombe,11.851913,5.4813576,11
O94370,284812,S. pombe,15.054325,6.3911934,12
O60118,284812,S. pombe,10.574586,10.830109,2
O14300,284812,S. pombe,10.412677,4.151546,10
O59855,284812,S. pombe,9.350927,7.69588,15
Q9P6Q1,284812,S. pombe,9.447215,7.6768937,2
O74867,284812,S. pombe,7.8181906,16.237198,17
Q9UUB8,284812,S. pombe,10.317259,7.9336786,0
O13999,284812,S. pombe,15.759796,8.440996,7
Q9US49,284812,S. pombe,14.786897,9.503819,17
O74779,284812,S. pombe,10.357901,7.4480596,17
O94636,284812,S. pombe,11.522474,4.048363,9
O13825,284812,S. pombe,7.6201797,5.5041733,2
O74846,284812,S. pombe,11.664821,7.530455,17
Q9US43,284812,S. pombe,8.3095455,7.914495,2
O13892,284812,S. pombe,7.272865,4.627879,15
O14343,284812,S. pombe,10.316518,5.1209073,19
P87074,284812,S. pombe,11.618558,5.052581,10
P87139,284812,S. pombe,14.316347,6.3252306,17
O94724,284812,S. pombe,12.911662,6.8458567,13
Q9P776,284812,S. pombe,15.601641,8.501415,7
O74752,284812,S. pombe,12.09852,6.908934,17
Q9UTS0,284812,S. pombe,12.188327,5.8038177,0
Q10088,284812,S. pombe,12.160442,16.415783,12
O94399,284812,S. pombe,11.810802,7.7547736,17
Q09716,284812,S. pombe,10.700479,7.2803698,0
O94524,284812,S. pombe,7.987468,4.0630703,8
Q10185,284812,S. pombe,10.066951,2.5988417,8
Q9Y7N1,284812,S. pombe,12.083729,7.9278092,18
O74322,284812,S. pombe,9.831709,10.708736,2
Q10193,284812,S. pombe,13.8505125,8.148522,13
Q9P7G5,284812,S. pombe,14.373361,10.545725,0
O74738,284812,S. pombe,8.937914,8.276507,2
Q9US03,284812,S. pombe,10.71583,3.126911,6
O94459,284812,S. pombe,11.096291,8.625164,2
U3H0P2,284812,S. pombe,13.90194,8.125737,13
O13760,284812,S. pombe,15.761354,8.432838,7
O94512,284812,S. pombe,10.527908,4.3338237,19
O14138,284812,S. pombe,12.488539,7.84282,0
Q96WW2,284812,S. pombe,10.451494,10.524021,6
P87239,284812,S. pombe,8.586909,8.164633,2
Q09191,284812,S. pombe,9.499579,8.108547,2
Q9P3U8,284812,S. pombe,8.66477,8.092639,2
Q09330,284812,S. pombe,13.314896,5.297716,11
P41836,284812,S. pombe,10.984588,3.7260127,10
O14293,284812,S. pombe,14.393358,4.524931,17
O13745,284812,S. pombe,12.593629,7.741206,18
Q09824,284812,S. pombe,13.7177515,7.281585,13
Q9USL6,284812,S. pombe,8.190731,8.613064,16
O13684,284812,S. pombe,12.608065,7.799952,18
Q9UUE2,284812,S. pombe,11.13827,4.5761523,6
Q09869,284812,S. pombe,13.108373,6.999738,17
Q09171,284812,S. pombe,13.368534,5.809217,11
O14329,284812,S. pombe,14.385721,6.119965,11
Q09706,284812,S. pombe,10.258765,6.9097605,19
O42842,284812,S. pombe,8.150395,7.9164057,2
O94681,284812,S. pombe,9.185965,6.5901613,15
O74898,284812,S. pombe,15.129439,5.008621,12
O74978,284812,S. pombe,10.005604,7.315968,2
P02992,559292,S. cerevisiae,13.481801,5.808171,11
P38777,559292,S. cerevisiae,9.94401,7.6909633,17
P53942,559292,S. cerevisiae,8.841202,2.374751,5
P47133,559292,S. cerevisiae,15.237288,5.278562,12
P05317,559292,S. cerevisiae,7.5640764,5.6918473,17
Q3E833,559292,S. cerevisiae,9.956001,7.505073,17
Q02648,559292,S. cerevisiae,12.237137,3.3851783,17
P05759,559292,S. cerevisiae,9.766944,9.169042,15
Q05164,559292,S. cerevisiae,10.4823065,7.593821,17
Q12235,559292,S. cerevisiae,9.322722,3.8977175,4
P32573,559292,S. cerevisiae,7.227273,-0.14006767,2
P40552,559292,S. cerevisiae,11.016396,0.3523174,15
P53871,559292,S. cerevisiae,9.038439,2.5045953,5
P25451,559292,S. cerevisiae,19.392021,13.643627,19
Q06340,559292,S. cerevisiae,10.223799,6.996216,2
P32781,559292,S. cerevisiae,8.744754,5.685051,13
Q6Q5K6,559292,S. cerevisiae,15.538975,8.5343,7
P0CX32,559292,S. cerevisiae,10.348666,10.344578,2
P17883,559292,S. cerevisiae,7.532453,8.870545,16
Q12515,559292,S. cerevisiae,12.502001,4.7919908,12
P32561,559292,S. cerevisiae,11.055645,7.948188,0
P18899,559292,S. cerevisiae,14.890508,4.751029,12
Q12016,559292,S. cerevisiae,7.561626,5.4814796,0
P53909,559292,S. cerevisiae,9.928192,3.902519,10
P53266,559292,S. cerevisiae,10.855487,3.9223146,10
Q04740,559292,S. cerevisiae,5.097936,2.1769903,14
P25373,559292,S. cerevisiae,11.082232,8.7432165,15
P32350,559292,S. cerevisiae,13.579365,8.872353,13
P35183,559292,S. cerevisiae,8.623082,8.300833,2
Q04964,559292,S. cerevisiae,13.875314,7.328181,13
Q12691,559292,S. cerevisiae,10.392503,6.5761046,0
P53075,559292,S. cerevisiae,8.883329,7.940781,2
P47150,559292,S. cerevisiae,10.632803,9.845024,0
P33307,559292,S. cerevisiae,10.463129,4.2445974,19
Q03497,559292,S. cerevisiae,9.442145,5.334737,17
P53290,559292,S. cerevisiae,9.086988,4.009202,4
P38736,559292,S. cerevisiae,14.370764,10.549057,0
P39929,559292,S. cerevisiae,-0.60195094,8.731468,0
P25649,559292,S. cerevisiae,14.691375,8.511772,7
Q06159,559292,S. cerevisiae,11.978783,7.737118,18
Q12241,559292,S. cerevisiae,9.8027115,7.3631535,0
P08964,559292,S. cerevisiae,6.848442,4.147849,17
P32791,559292,S. cerevisiae,7.3040953,5.759163,2
P40070,559292,S. cerevisiae,12.348857,7.90107,17
Q03034,559292,S. cerevisiae,13.860958,7.8743205,13
P46949,559292,S. cerevisiae,9.159478,2.2210712,5
P40445,559292,S. cerevisiae,4.940736,1.9700272,14
Q12374,559292,S. cerevisiae,9.677161,3.5873146,19
P47164,559292,S. cerevisiae,11.09681,1.9776963,19
P38249,559292,S. cerevisiae,11.974721,5.450427,0
P53927,559292,S. cerevisiae,12.637369,7.6579185,18
P04807,559292,S. cerevisiae,9.544919,2.7300944,8
P32491,559292,S. cerevisiae,10.605064,4.5612836,10
P38428,559292,S. cerevisiae,12.477275,6.91929,0
P46974,559292,S. cerevisiae,12.407724,3.285315,16
Q02932,559292,S. cerevisiae,7.433653,14.275897,11
P36004,559292,S. cerevisiae,9.405374,8.65029,2
P15179,559292,S. cerevisiae,4.7039332,8.151434,15
P40061,559292,S. cerevisiae,12.796867,5.4371724,11
P17261,559292,S. cerevisiae,7.4570622,5.315905,17
Q00711,559292,S. cerevisiae,12.433272,3.1741936,9
P22276,559292,S. cerevisiae,7.806331,8.704353,16
Q08580,559292,S. cerevisiae,7.1698413,9.268478,1
Q02256,559292,S. cerevisiae,12.118092,9.012931,17
Q02950,559292,S. cerevisiae,13.960674,7.7552233,13
P38087,559292,S. cerevisiae,12.543178,7.0597897,17
P43535,559292,S. cerevisiae,8.62629,6.8117967,15
P32771,559292,S. cerevisiae,9.610072,5.7941823,17
Q12157,559292,S. cerevisiae,12.847524,7.2656717,18
P38913,559292,S. cerevisiae,8.791395,17.503687,3
P53223,559292,S. cerevisiae,7.4068403,5.2793746,17
P06106,559292,S. cerevisiae,13.01272,8.576741,13
P11986,559292,S. cerevisiae,14.376227,8.302862,7
P07255,559292,S. cerevisiae,11.822536,9.663129,0
Q00245,559292,S. cerevisiae,8.742472,17.11564,3
P38962,559292,S. cerevisiae,7.742104,5.575386,0
Q08273,559292,S. cerevisiae,10.086401,7.338373,2
Q3E743,559292,S. cerevisiae,7.3956213,5.346737,17
P24384,559292,S. cerevisiae,12.716831,10.337102,15
Q08109,559292,S. cerevisiae,8.937024,6.63502,15
Q03559,559292,S. cerevisiae,12.697125,6.7116456,11
Q12094,559292,S. cerevisiae,12.230585,6.195622,12
P17076,559292,S. cerevisiae,9.886571,10.678451,2
Q03290,559292,S. cerevisiae,12.053619,7.853101,18
Q03653,559292,S. cerevisiae,10.294694,3.6331449,8
P40100,559292,S. cerevisiae,9.0789995,17.142803,3
P47052,559292,S. cerevisiae,7.905811,11.138691,15
Q05776,559292,S. cerevisiae,9.854492,7.1240396,2
P52553,559292,S. cerevisiae,11.320904,7.261516,15
P39935,559292,S. cerevisiae,11.723465,3.34931,10
P47154,559292,S. cerevisiae,9.848336,6.908458,17
P32792,559292,S. cerevisiae,11.431172,4.8296156,9
P31116,559292,S. cerevisiae,10.861194,7.5590286,0
P38827,559292,S. cerevisiae,9.91765,4.6413627,19
Q05533,559292,S. cerevisiae,15.076199,6.3381257,15
P24869,559292,S. cerevisiae,9.738878,7.4785824,17
P53691,559292,S. cerevisiae,9.797853,7.883071,17
Q02804,559292,S. cerevisiae,7.6969204,16.466406,3
Q06563,559292,S. cerevisiae,11.660431,9.471881,15
Q07729,559292,S. cerevisiae,11.394816,4.215368,14
P38219,559292,S. cerevisiae,12.377217,-0.8371206,4
P38241,559292,S. cerevisiae,7.0409856,6.2015095,2
P39938,559292,S. cerevisiae,10.4603615,10.2846575,2
Q05787,559292,S. cerevisiae,7.4565964,5.42585,2
P18411,559292,S. cerevisiae,11.540811,9.091325,0
Q12177,559292,S. cerevisiae,8.812232,9.008432,0
P38959,559292,S. cerevisiae,13.846018,4.0141473,10
P38179,559292,S. cerevisiae,4.7110505,1.9496284,14
P48559,559292,S. cerevisiae,9.482084,6.5727787,15
P40084,559292,S. cerevisiae,11.821693,8.065418,18
Q04623,559292,S. cerevisiae,4.707522,1.9560299,14
P40986,559292,S. cerevisiae,10.679706,6.144452,2
Q02775,559292,S. cerevisiae,12.529763,7.6797314,13
P06174,559292,S. cerevisiae,9.849199,3.9881713,10
Q8TGQ7,559292,S. cerevisiae,14.127275,8.157584,13
Q08491,559292,S. cerevisiae,11.836684,3.628261,17
P11484,559292,S. cerevisiae,9.2276325,4.8697867,19
Q06651,559292,S. cerevisiae,11.099165,10.260237,6
Q12244,559292,S. cerevisiae,9.942866,3.5003364,14
P38355,559292,S. cerevisiae,6.9025183,7.1129184,1
P40152,559292,S. cerevisiae,6.675189,8.669884,17
P38734,559292,S. cerevisiae,10.946774,4.1421742,6
Q08750,559292,S. cerevisiae,1.1152165,-3.1722305,3
Q12051,559292,S. cerevisiae,17.932775,11.718798,14
P38243,559292,S. cerevisiae,13.042524,7.4348044,13
P43594,559292,S. cerevisiae,11.934143,7.5304546,18
P27351,559292,S. cerevisiae,12.406736,6.1573834,17
P48234,559292,S. cerevisiae,4.8298836,7.9848747,14
P26321,559292,S. cerevisiae,8.222161,8.127065,1
P33297,559292,S. cerevisiae,8.424838,8.733509,2
P14907,559292,S. cerevisiae,12.656539,7.487184,18
P69850,559292,S. cerevisiae,12.399225,7.1566978,0
P36002,559292,S. cerevisiae,11.353716,5.898705,17
P38694,559292,S. cerevisiae,10.26423,2.2802432,8
P12688,559292,S. cerevisiae,12.030538,4.9799414,9
P32893,559292,S. cerevisiae,11.254712,5.3277445,15
P31688,559292,S. cerevisiae,14.190923,5.375398,12
P38125,559292,S. cerevisiae,9.02761,5.7233977,2
Q12292,559292,S. cerevisiae,7.694045,4.813216,0
P36033,559292,S. cerevisiae,13.5312395,8.83976,13
P40548,559292,S. cerevisiae,11.688711,7.9042726,0
Q06839,559292,S. cerevisiae,11.388647,5.008658,17
P32385,559292,S. cerevisiae,12.936248,7.6830673,18
Q03308,559292,S. cerevisiae,12.257472,7.1270394,0
Q01926,559292,S. cerevisiae,9.760622,7.8602605,2
P48232,559292,S. cerevisiae,12.494136,6.966238,0
Q06644,559292,S. cerevisiae,10.502332,3.503893,6
P43615,559292,S. cerevisiae,11.721539,7.941447,18
P32527,559292,S. cerevisiae,12.780017,5.533743,12
P38288,559292,S. cerevisiae,8.771748,7.0857587,19
P47056,559292,S. cerevisiae,13.874838,8.112673,13
P38349,559292,S. cerevisiae,13.68836,6.605864,13
Q03195,559292,S. cerevisiae,9.159856,3.7963967,19
Q03661,559292,S. cerevisiae,8.825469,8.418099,0
P33417,559292,S. cerevisiae,12.875276,10.384913,17
Q04183,559292,S. cerevisiae,9.409666,3.9089687,19
Q12674,559292,S. cerevisiae,9.614923,2.889609,8
P31385,559292,S. cerevisiae,14.688336,5.116943,12
P40546,559292,S. cerevisiae,14.935109,4.639463,12
P13134,559292,S. cerevisiae,11.854639,5.9716177,0
P25356,559292,S. cerevisiae,12.686854,8.366794,17
P34756,559292,S. cerevisiae,9.376903,8.064976,2
P21373,559292,S. cerevisiae,4.826799,2.40255,15
Q99287,559292,S. cerevisiae,12.736909,5.42449,12
P40344,559292,S. cerevisiae,10.651528,3.6847377,6
Q08971,559292,S. cerevisiae,14.974257,8.460635,7
P39977,559292,S. cerevisiae,14.294403,8.145723,13
P25616,559292,S. cerevisiae,14.063354,6.1092243,12
P38911,559292,S. cerevisiae,8.436896,7.2187066,19
P54861,559292,S. cerevisiae,9.371162,8.662609,2
P53335,559292,S. cerevisiae,15.268267,15.27662,9
Q12369,559292,S. cerevisiae,13.202353,10.435489,17
P38930,559292,S. cerevisiae,11.3885145,8.603104,0
P32493,559292,S. cerevisiae,12.926009,3.8029056,12
P27616,559292,S. cerevisiae,11.727378,5.7985115,15
Q12379,559292,S. cerevisiae,14.781985,8.074239,7
Q08271,559292,S. cerevisiae,10.228192,6.583303,15
Q08930,559292,S. cerevisiae,13.264226,5.254757,11
P35181,559292,S. cerevisiae,10.426745,6.857994,17
P0CX13,559292,S. cerevisiae,11.401902,7.1808906,17
P04912,559292,S. cerevisiae,5.025408,12.689,17
P33413,559292,S. cerevisiae,4.803976,8.068816,14
P46993,559292,S. cerevisiae,12.485911,7.9715924,18
P43592,559292,S. cerevisiae,12.398072,7.4564795,18
P53898,559292,S. cerevisiae,13.143055,6.9875827,17
P0CW41,559292,S. cerevisiae,13.570533,8.909544,13
Q03151,559292,S. cerevisiae,9.296408,9.106461,0
P22803,559292,S. cerevisiae,11.084231,8.803435,2
P21595,559292,S. cerevisiae,10.866256,7.988191,17
Q08984,559292,S. cerevisiae,13.013163,8.61292,0
Q12232,559292,S. cerevisiae,8.210186,8.139368,16
P17260,559292,S. cerevisiae,-3.3571498,4.962835,2
P38886,559292,S. cerevisiae,7.5084944,9.1932955,16
Q99258,559292,S. cerevisiae,8.789411,8.33594,2
Q12074,559292,S. cerevisiae,15.260184,5.2068744,12
Q02770,559292,S. cerevisiae,11.805143,3.2949736,19
Q03860,559292,S. cerevisiae,7.4312687,5.570205,2
P38426,559292,S. cerevisiae,13.332866,8.610319,13
P54791,559292,S. cerevisiae,12.910671,7.299979,18
Q05933,559292,S. cerevisiae,14.604106,8.293038,7
Q03102,559292,S. cerevisiae,11.767699,6.768995,17
Q08985,559292,S. cerevisiae,10.667689,2.4866424,8
P32874,559292,S. cerevisiae,10.492754,3.507851,6
P38293,559292,S. cerevisiae,14.428435,7.9295874,7
P16550,559292,S. cerevisiae,7.3417544,7.827866,19
P25656,559292,S. cerevisiae,9.031668,6.848608,15
P40893,559292,S. cerevisiae,8.167539,7.9237204,1
P53872,559292,S. cerevisiae,13.322576,5.5606174,11
Q04472,559292,S. cerevisiae,11.675488,5.4809775,17
P28241,559292,S. cerevisiae,14.297564,6.759292,18
Q12326,559292,S. cerevisiae,10.454238,10.549352,2
P53932,559292,S. cerevisiae,14.405761,4.429333,12
P53104,559292,S. cerevisiae,13.038585,8.537551,13
P39735,559292,S. cerevisiae,14.7917385,8.400223,7
Q12029,559292,S. cerevisiae,4.8043017,3.7744935,11
A0A023PXP4,559292,S. cerevisiae,15.771877,8.371203,7
P32912,559292,S. cerevisiae,8.727164,5.875484,1
Q12226,559292,S. cerevisiae,11.140542,7.23177,0
Q04264,559292,S. cerevisiae,10.014012,4.709799,19
P38739,559292,S. cerevisiae,11.086608,5.846049,17
P25582,559292,S. cerevisiae,8.698686,6.95454,15
P36084,559292,S. cerevisiae,9.910148,5.944431,2
P53604,559292,S. cerevisiae,12.732653,6.8341074,18
P54860,559292,S. cerevisiae,9.843866,2.3024242,8
P46948,559292,S. cerevisiae,9.442826,8.089158,2
P53583,559292,S. cerevisiae,12.373238,-0.8340603,19
P34161,559292,S. cerevisiae,19.382292,13.623483,17
P32841,559292,S. cerevisiae,9.16998,5.476278,2
P09232,559292,S. cerevisiae,8.961225,7.1697907,16
P40578,559292,S. cerevisiae,11.863317,6.2418976,2
P25036,559292,S. cerevisiae,11.521018,7.601025,0
Q08347,559292,S. cerevisiae,11.432294,3.369575,10
P38331,559292,S. cerevisiae,10.08658,7.8067217,17
P0CX27,559292,S. cerevisiae,10.4456215,10.162562,0
P47005,559292,S. cerevisiae,9.06687,6.4727936,19
P06105,559292,S. cerevisiae,13.569521,6.5545573,18
P36136,559292,S. cerevisiae,14.380122,6.525142,18
P24482,559292,S. cerevisiae,9.147141,2.2106204,5
P28007,559292,S. cerevisiae,13.353357,5.1887503,11
Q08919,559292,S. cerevisiae,13.892503,5.124024,12
P54857,559292,S. cerevisiae,9.046738,5.942418,16
Q06350,559292,S. cerevisiae,13.005515,4.4635253,13
Q08777,559292,S. cerevisiae,7.9335427,4.2566733,19
Q06522,559292,S. cerevisiae,12.732343,6.9023895,0
Q12464,559292,S. cerevisiae,8.582194,7.3258176,2
P39004,559292,S. cerevisiae,11.911544,2.916281,19
P39928,559292,S. cerevisiae,9.417193,5.641847,2
Q02354,559292,S. cerevisiae,13.6328945,5.69235,12
Q06631,559292,S. cerevisiae,12.322429,2.323975,9
P36154,559292,S. cerevisiae,10.971199,7.161039,0
P53261,559292,S. cerevisiae,10.747086,8.614771,15
Q04585,559292,S. cerevisiae,12.987108,5.8197646,12
Q04978,559292,S. cerevisiae,13.2229805,7.4926996,18
P47068,559292,S. cerevisiae,12.743583,7.715728,12
P38857,559292,S. cerevisiae,11.631607,9.481416,2
P14066,559292,S. cerevisiae,12.097772,8.093754,18
P48836,559292,S. cerevisiae,11.226216,6.899137,0
Q02888,559292,S. cerevisiae,11.743513,8.491635,18
Q07825,559292,S. cerevisiae,9.662881,4.105677,19
Q12314,559292,S. cerevisiae,10.139822,7.80611,17
P40006,559292,S. cerevisiae,10.917394,7.6377554,0
Q04408,559292,S. cerevisiae,10.59756,5.4339714,0
P35182,559292,S. cerevisiae,10.8062525,4.514331,6
P40097,559292,S. cerevisiae,15.732004,8.4549885,7
P40078,559292,S. cerevisiae,10.438489,10.430282,2
Q03446,559292,S. cerevisiae,12.680977,6.912981,11
P53756,559292,S. cerevisiae,11.992221,7.836961,18
P46679,559292,S. cerevisiae,7.5017877,4.3753633,17
P40497,559292,S. cerevisiae,13.294824,7.8881106,13
P53111,559292,S. cerevisiae,9.275503,6.5795264,15
P0CX26,559292,S. cerevisiae,10.4234295,10.174771,0
P12753,559292,S. cerevisiae,12.528679,4.8298435,12
P10622,559292,S. cerevisiae,6.681409,1.1109684,11
P32579,559292,S. cerevisiae,7.5379915,8.464227,15
P33759,559292,S. cerevisiae,15.7413645,8.423523,7
P35723,559292,S. cerevisiae,7.757456,5.6309123,0
Q03219,559292,S. cerevisiae,9.400083,8.359937,2
P50078,559292,S. cerevisiae,9.535273,2.569594,5
Q03655,559292,S. cerevisiae,7.186842,9.272267,1
P12611,559292,S. cerevisiae,9.862428,3.4204943,4
Q04304,559292,S. cerevisiae,9.024618,6.9708743,2
Q92393,559292,S. cerevisiae,12.540849,7.9878616,13
Q08581,559292,S. cerevisiae,12.179216,16.398964,18
Q08219,559292,S. cerevisiae,7.181658,4.9897966,2
Q07648,559292,S. cerevisiae,10.285133,7.5102253,0
Q00723,559292,S. cerevisiae,14.724624,8.380271,7
Q12032,559292,S. cerevisiae,11.356631,8.098455,2
P38323,559292,S. cerevisiae,11.808729,4.6845107,9
P53309,559292,S. cerevisiae,12.973326,10.965597,4
P04397,559292,S. cerevisiae,14.085546,4.414555,0
Q12523,559292,S. cerevisiae,8.327355,7.269072,15
P28319,559292,S. cerevisiae,8.729247,5.7364225,11
P40562,559292,S. cerevisiae,10.884897,3.775768,6
P38555,559292,S. cerevisiae,8.776663,17.506166,3
Q08986,559292,S. cerevisiae,11.408782,5.1380424,15
Q12335,559292,S. cerevisiae,6.8537755,7.802302,2
P39677,559292,S. cerevisiae,7.2565255,9.113457,1
Q08745,559292,S. cerevisiae,10.590779,6.0740614,2
P09938,559292,S. cerevisiae,8.984169,2.9561744,5
Q03898,559292,S. cerevisiae,10.423972,2.6758814,8
P25359,559292,S. cerevisiae,10.5464945,3.303937,8
P25654,559292,S. cerevisiae,11.26349,7.847114,0
Q03937,559292,S. cerevisiae,14.413307,7.955647,7
P05318,559292,S. cerevisiae,6.6815543,1.110799,11
P12866,559292,S. cerevisiae,14.544942,5.520576,17
P38205,559292,S. cerevisiae,14.638831,8.048536,7
P25345,559292,S. cerevisiae,13.216802,10.529343,17
P40046,559292,S. cerevisiae,8.024627,4.8951616,19
P53728,559292,S. cerevisiae,8.994119,4.1406937,4
Q02457,559292,S. cerevisiae,8.286204,5.451068,15
Q06892,559292,S. cerevisiae,9.077948,7.029624,15
P38999,559292,S. cerevisiae,13.997295,4.888747,9
Q08956,559292,S. cerevisiae,13.299554,5.571959,11
Q12136,559292,S. cerevisiae,10.098083,3.7793372,6
P0C5R9,559292,S. cerevisiae,7.660917,5.172946,2
P32454,559292,S. cerevisiae,11.968146,6.1396794,17
P53907,559292,S. cerevisiae,8.937148,8.2708235,2
P49573,559292,S. cerevisiae,12.061215,3.490131,15
P39709,559292,S. cerevisiae,9.203704,2.7000859,4
P50106,559292,S. cerevisiae,13.057087,7.250466,13
Q2V2Q2,559292,S. cerevisiae,8.881175,5.835679,11
Q06005,559292,S. cerevisiae,7.4972696,5.548637,2
P36059,559292,S. cerevisiae,11.129421,4.8080144,10
P32608,559292,S. cerevisiae,7.9950433,7.981243,1
Q99332,559292,S. cerevisiae,10.721806,4.7827177,10
P33767,559292,S. cerevisiae,9.072563,7.1429877,2
P16622,559292,S. cerevisiae,10.894174,-5.865262,14
P13298,559292,S. cerevisiae,8.247642,7.9979887,2
P40577,559292,S. cerevisiae,14.699039,4.7853937,12
Q12754,559292,S. cerevisiae,11.835018,5.5852747,9
P24309,559292,S. cerevisiae,11.778494,7.5747495,0
P40528,559292,S. cerevisiae,13.493959,6.5103207,13
Q08760,559292,S. cerevisiae,10.488542,6.929363,17
Q04116,559292,S. cerevisiae,6.847014,6.938397,1
P36100,559292,S. cerevisiae,12.635521,5.426031,12
P32473,559292,S. cerevisiae,11.096178,4.195457,6
P38085,559292,S. cerevisiae,8.834547,9.015863,0
Q03768,559292,S. cerevisiae,9.418745,-1.489191,12
Q04066,559292,S. cerevisiae,11.0803995,7.9862795,17
Q06053,559292,S. cerevisiae,8.083031,7.440216,15
P47180,559292,S. cerevisiae,12.753562,8.116005,0
P41318,559292,S. cerevisiae,2.2080712,4.1609254,16
P15180,559292,S. cerevisiae,9.330963,7.7942348,15
P32873,559292,S. cerevisiae,8.154365,9.676116,16
P53727,559292,S. cerevisiae,10.499202,6.6158404,15
P25515,559292,S. cerevisiae,8.105087,2.561486,4
Q07451,559292,S. cerevisiae,7.7040615,5.5844955,0
P38702,559292,S. cerevisiae,9.916769,7.125027,0
Q12479,559292,S. cerevisiae,12.308186,8.299174,0
P38682,559292,S. cerevisiae,13.059288,5.4333463,11
P03877,559292,S. cerevisiae,13.182375,2.569642,11
Q04170,559292,S. cerevisiae,11.202256,8.222875,0
Q12513,559292,S. cerevisiae,12.0416975,7.729097,18
P32357,559292,S. cerevisiae,13.469941,4.535288,15
Q08162,559292,S. cerevisiae,10.6153555,6.0796075,2
Q12457,559292,S. cerevisiae,12.936726,10.322098,16
P0CE88,559292,S. cerevisiae,8.753745,5.71404,11
P53960,559292,S. cerevisiae,11.7034445,5.471357,17
P53719,559292,S. cerevisiae,13.375798,7.260754,13
P0C2I5,559292,S. cerevisiae,11.940654,4.7120857,11
P40312,559292,S. cerevisiae,11.334354,7.4072146,17
Q08965,559292,S. cerevisiae,10.498287,5.442614,15
Q06596,559292,S. cerevisiae,9.525786,5.9445167,0
P0CX38,559292,S. cerevisiae,10.406909,10.302427,0
P32864,559292,S. cerevisiae,9.412929,4.914565,2
P39937,559292,S. cerevisiae,9.3341675,5.7094173,2
P40857,559292,S. cerevisiae,7.7717032,5.1840796,2
P39112,559292,S. cerevisiae,12.028478,6.1508956,0
O94143,559292,S. cerevisiae,15.878989,8.424055,7
P32784,559292,S. cerevisiae,8.806994,2.2295268,5
P19097,559292,S. cerevisiae,12.58436,4.723621,12
P38310,559292,S. cerevisiae,14.548314,5.111597,12
P53860,559292,S. cerevisiae,10.032043,8.678578,0
Q03612,559292,S. cerevisiae,11.050141,3.7608612,10
Q06671,559292,S. cerevisiae,12.142078,1.8321354,14
P53858,559292,S. cerevisiae,8.922515,8.234727,2
Q04329,559292,S. cerevisiae,15.144322,8.4863825,7
P50278,559292,S. cerevisiae,12.644263,9.008273,18
Q12102,559292,S. cerevisiae,14.322829,4.1758714,17
P06245,559292,S. cerevisiae,11.488729,7.2809434,0
P53938,559292,S. cerevisiae,5.0893536,2.1247659,14
Q12159,559292,S. cerevisiae,13.323946,5.2426276,11
P04385,559292,S. cerevisiae,14.780272,9.495137,19
Q8TGU7,559292,S. cerevisiae,13.988274,8.102514,13
Q06163,559292,S. cerevisiae,11.340563,6.2850676,17
Q04182,559292,S. cerevisiae,12.608044,8.229552,0
P43124,559292,S. cerevisiae,7.0047174,8.687587,1
Q12308,559292,S. cerevisiae,10.4576845,3.210799,8
Q12527,559292,S. cerevisiae,9.673332,5.8373733,15
P32585,559292,S. cerevisiae,15.033157,15.608101,9
P53864,559292,S. cerevisiae,15.771867,8.447433,7
Q04003,559292,S. cerevisiae,7.4428024,5.099814,2
Q01477,559292,S. cerevisiae,12.842509,5.7511454,12
P28817,559292,S. cerevisiae,14.684947,5.179606,11
Q3E798,559292,S. cerevisiae,11.897193,8.160796,18
P34253,559292,S. cerevisiae,-3.3571584,4.96281,2
P47771,559292,S. cerevisiae,14.962511,6.388463,12
P47113,559292,S. cerevisiae,10.288974,7.587001,17
P13188,559292,S. cerevisiae,12.005249,3.3922062,17
P51401,559292,S. cerevisiae,10.204666,10.098298,2
P0CX81,559292,S. cerevisiae,13.131876,6.9693093,13
P38995,559292,S. cerevisiae,7.2225432,4.932279,17
P38954,559292,S. cerevisiae,7.8644166,7.3614917,1
Q03656,559292,S. cerevisiae,13.919941,4.5190344,11
Q12676,559292,S. cerevisiae,9.4654665,5.1161103,15
P39932,559292,S. cerevisiae,8.525027,8.020644,1
Q12389,559292,S. cerevisiae,7.73623,5.2281494,2
P50109,559292,S. cerevisiae,8.657842,7.8080673,1
P53089,559292,S. cerevisiae,14.105059,8.137058,7
P38768,559292,S. cerevisiae,13.86379,8.139671,13
P41695,559292,S. cerevisiae,11.133683,7.9381948,18
P39923,559292,S. cerevisiae,10.829659,5.0554185,15
Q02100,559292,S. cerevisiae,10.552601,3.6237657,6
P32617,559292,S. cerevisiae,12.55446,7.214292,0
P34072,559292,S. cerevisiae,6.6565113,4.9400735,14
P38757,559292,S. cerevisiae,11.320319,2.7872207,8
Q12734,559292,S. cerevisiae,12.548416,7.094739,18
Q06063,559292,S. cerevisiae,7.5172462,8.459527,16
P53685,559292,S. cerevisiae,6.6993504,5.0575204,15
Q12749,559292,S. cerevisiae,12.446876,5.2208633,18
P32567,559292,S. cerevisiae,11.903468,2.7280073,14
Q06490,559292,S. cerevisiae,12.88649,5.824082,11
P47115,559292,S. cerevisiae,12.452285,7.6719575,18
P09435,559292,S. cerevisiae,4.864709,7.9428163,14
P07285,559292,S. cerevisiae,16.967949,9.765767,17
P06634,559292,S. cerevisiae,7.0015874,4.277086,14
P53743,559292,S. cerevisiae,6.6719093,8.722639,16
P09032,559292,S. cerevisiae,7.456671,5.4369793,17
Q08747,559292,S. cerevisiae,12.266731,7.5523615,18
Q04739,559292,S. cerevisiae,15.150406,5.0736055,12
Q12216,559292,S. cerevisiae,11.090965,5.124305,15
P16649,559292,S. cerevisiae,9.164796,5.584097,19
P38347,559292,S. cerevisiae,8.420849,8.150677,16
P25376,559292,S. cerevisiae,7.9074087,8.455092,1
Q9URQ3,559292,S. cerevisiae,2.3365278,-1.0015773,17
Q08119,559292,S. cerevisiae,12.518208,9.375261,18
P47011,559292,S. cerevisiae,11.404761,8.4476,18
P53174,559292,S. cerevisiae,12.076801,7.2240663,0
P53144,559292,S. cerevisiae,10.067796,7.7888117,17
P42900,559292,S. cerevisiae,8.278194,9.464447,16
P43616,559292,S. cerevisiae,10.153903,6.4204173,17
P40957,559292,S. cerevisiae,13.862795,5.435214,12
P39958,559292,S. cerevisiae,12.936268,8.125151,0
P38843,559292,S. cerevisiae,12.738863,8.333278,0
Q8TGJ3,559292,S. cerevisiae,14.019988,8.155238,13
P53897,559292,S. cerevisiae,12.839088,7.327545,18
P32466,559292,S. cerevisiae,11.938501,7.2598476,18
P23595,559292,S. cerevisiae,13.635896,7.5295105,13
P38339,559292,S. cerevisiae,12.79631,5.0893207,12
Q08444,559292,S. cerevisiae,13.472403,4.4398966,19
Q12442,559292,S. cerevisiae,10.671843,3.79926,6
P38928,559292,S. cerevisiae,10.236857,6.2081814,17
P11076,559292,S. cerevisiae,7.6232452,16.467268,3
P32500,559292,S. cerevisiae,8.343922,8.374292,15
P40151,559292,S. cerevisiae,11.101414,3.353595,6
P50623,559292,S. cerevisiae,2.33683,-1.0013113,17
P40563,559292,S. cerevisiae,11.683766,7.513265,0
P0CG63,559292,S. cerevisiae,9.555309,9.110968,17
P32469,559292,S. cerevisiae,12.344675,6.314191,13
Q12056,559292,S. cerevisiae,9.838181,8.115247,17
P38727,559292,S. cerevisiae,12.09097,7.461046,18
P36075,559292,S. cerevisiae,14.209745,5.2242613,12
P53276,559292,S. cerevisiae,14.356355,5.1481705,12
P38773,559292,S. cerevisiae,9.856582,7.709736,17
P32336,559292,S. cerevisiae,10.676901,5.9043207,15
P54070,559292,S. cerevisiae,12.2326975,5.155895,9
P39105,559292,S. cerevisiae,10.085672,3.2206993,8
P09436,559292,S. cerevisiae,9.751398,2.8788598,8
Q03674,559292,S. cerevisiae,11.310804,2.490337,10
P38698,559292,S. cerevisiae,12.996237,3.6221867,12
Q02863,559292,S. cerevisiae,12.914166,6.8436995,13
P25355,559292,S. cerevisiae,11.88002,7.9583545,18
P53048,559292,S. cerevisiae,9.36948,5.4421115,15
Q03770,559292,S. cerevisiae,13.064115,10.316022,17
P06103,559292,S. cerevisiae,6.9826155,4.2217555,14
Q06146,559292,S. cerevisiae,11.756048,6.603346,17
P41734,559292,S. cerevisiae,9.710654,7.396985,17
Q08816,559292,S. cerevisiae,7.5616446,8.937788,12
Q08416,559292,S. cerevisiae,13.582058,8.14637,13
P38211,559292,S. cerevisiae,7.83225,11.384107,15
Q08723,559292,S. cerevisiae,9.545379,5.0714226,15
P38281,559292,S. cerevisiae,13.346312,7.420285,18
P53197,559292,S. cerevisiae,10.568807,5.863999,2
P32487,559292,S. cerevisiae,8.069039,6.8083167,19
P05744,559292,S. cerevisiae,10.435704,10.164178,0
Q99234,559292,S. cerevisiae,12.021783,3.237929,9
P38796,559292,S. cerevisiae,12.112324,7.371199,18
P08536,559292,S. cerevisiae,11.602917,5.6067696,17
Q04636,559292,S. cerevisiae,9.100976,6.6075583,19
P36534,559292,S. cerevisiae,10.328495,7.9723425,16
P54862,559292,S. cerevisiae,14.554481,4.641344,12
P38903,559292,S. cerevisiae,3.0865383,12.61334,14
P32769,559292,S. cerevisiae,9.251918,5.271028,19
P38749,559292,S. cerevisiae,9.879819,2.2692702,5
P53285,559292,S. cerevisiae,6.5816054,6.690776,19
Q04210,559292,S. cerevisiae,7.6848845,5.621196,0
P0CW40,559292,S. cerevisiae,7.345298,3.3530777,14
P17122,559292,S. cerevisiae,14.75341,8.46985,7
P32611,559292,S. cerevisiae,13.094107,4.0057397,13
P10081,559292,S. cerevisiae,10.4435425,4.2482657,14
