EntryID,taxonomyID,taxon_name,umap_x,umap_y,kmeans_cluster
O48773,3702,A. thaliana,8.441783,13.974849,13
Q9LNV9,3702,A. thaliana,12.643221,6.3346887,14
F4K0Y2,3702,A. thaliana,9.691901,11.971895,9
Q08467,3702,A. thaliana,12.669673,12.781978,14
Q9FMA3,3702,A. thaliana,12.199993,9.907716,6
F4KAB8,3702,A. thaliana,9.306623,11.789318,9
P93050,3702,A. thaliana,12.591861,6.3707733,14
Q9C616,3702,A. thaliana,15.185156,10.58229,10
Q8VYK9,3702,A. thaliana,12.832434,12.714169,11
Q9SYG1,3702,A. thaliana,16.917158,7.623065,6
Q9SXY1,3702,A. thaliana,11.485583,7.6681433,14
Q9M219,3702,A. thaliana,9.943675,11.407457,17
Q9SP32,3702,A. thaliana,8.020017,5.099208,0
Q8LBH2,3702,A. thaliana,11.892437,11.340007,6
Q8VZV7,3702,A. thaliana,11.193466,4.364477,1
B3H5D3,3702,A. thaliana,15.289614,10.764485,10
Q9FMC8,3702,A. thaliana,15.156668,10.775717,18
Q9SF40,3702,A. thaliana,7.9733863,10.243101,6
Q6NM29,3702,A. thaliana,11.152513,4.5663004,17
F4J7A7,3702,A. thaliana,9.170559,9.899531,17
P0DI12,3702,A. thaliana,8.329889,12.274547,9
Q8LB65,3702,A. thaliana,9.031672,10.182238,17
Q8L9T7,3702,A. thaliana,10.187102,12.369336,9
Q38870,3702,A. thaliana,12.400861,12.30781,14
Q9ZVX2,3702,A. thaliana,14.772734,10.757693,10
Q0WVH0,3702,A. thaliana,9.978438,11.468765,17
Q94KI8,3702,A. thaliana,9.019543,5.3827434,0
Q9T069,3702,A. thaliana,13.019467,8.36204,18
F4JQF1,3702,A. thaliana,9.915092,8.964175,12
P41151,3702,A. thaliana,14.280992,10.307454,10
Q66GN3,3702,A. thaliana,10.124409,11.102998,17
Q94AR6,3702,A. thaliana,14.052232,9.754961,10
Q9LV81,3702,A. thaliana,8.162735,3.2894523,14
Q9M9P4,3702,A. thaliana,9.8843565,11.647671,17
Q8RXC2,3702,A. thaliana,10.218185,10.966491,17
O82179,3702,A. thaliana,8.014172,13.346727,13
F4JIR2,3702,A. thaliana,10.3697815,5.0978785,9
Q00218,3702,A. thaliana,7.685392,11.8649435,9
Q9M9M4,3702,A. thaliana,8.812525,6.6144514,17
P0DH97,3702,A. thaliana,0.7677687,11.495055,11
Q9S7W5,3702,A. thaliana,15.147847,10.530844,10
Q94BP3,3702,A. thaliana,7.857774,12.063476,9
Q84WB7,3702,A. thaliana,11.082111,4.622069,17
Q9T080,3702,A. thaliana,9.129344,12.471466,13
Q9SEZ3,3702,A. thaliana,14.95366,10.114102,18
Q9XIN6,3702,A. thaliana,9.082372,9.923052,6
Q9LYJ2,3702,A. thaliana,9.676323,11.562269,9
P46310,3702,A. thaliana,8.060059,6.113123,0
Q9FY60,3702,A. thaliana,14.525461,10.391379,18
Q9SHF3,3702,A. thaliana,9.47818,11.992779,17
Q940S0,3702,A. thaliana,8.356056,5.6541505,0
Q9LZJ8,3702,A. thaliana,14.527709,10.491699,10
Q8W4J2,3702,A. thaliana,12.535164,11.992602,14
Q9ZUC4,3702,A. thaliana,15.201068,10.750439,18
F4I0W7,3702,A. thaliana,12.699724,6.2719254,1
Q8RY25,3702,A. thaliana,12.9947605,10.534826,12
O82659,3702,A. thaliana,0.55357355,11.323171,14
Q3ECE3,3702,A. thaliana,10.801909,9.056833,15
Q9M1S8,3702,A. thaliana,10.9937315,5.0700383,9
Q8VXY0,3702,A. thaliana,9.365531,9.644033,15
Q84XV2,3702,A. thaliana,11.413209,10.201558,6
Q9M159,3702,A. thaliana,10.583252,5.0542145,1
Q94ID6,3702,A. thaliana,15.278216,10.716332,10
P0DH99,3702,A. thaliana,7.5643167,11.5628195,9
P48623,3702,A. thaliana,8.04664,6.102196,0
Q9LKC0,3702,A. thaliana,8.608795,12.623495,11
P93006,3702,A. thaliana,9.390569,11.281621,14
F4K2F0,3702,A. thaliana,12.219004,9.49854,18
Q9LHD2,3702,A. thaliana,11.10053,4.5035796,17
O81270,3702,A. thaliana,9.560674,10.856204,17
A7XGN8,3702,A. thaliana,9.738693,12.247222,14
O64725,3702,A. thaliana,9.238418,9.077247,4
Q9XFH4,3702,A. thaliana,10.396214,11.361833,14
Q94A06,3702,A. thaliana,12.495839,12.467921,14
Q84K90,3702,A. thaliana,9.69653,9.346355,4
Q9SX65,3702,A. thaliana,6.8789887,13.010635,13
Q9FI79,3702,A. thaliana,13.515537,8.665836,10
Q93VS8,3702,A. thaliana,10.051061,13.176798,13
Q8L440,3702,A. thaliana,14.687021,10.733402,14
F4JQ90,3702,A. thaliana,6.8394012,12.000683,9
Q0WMT6,3702,A. thaliana,10.167115,10.828252,17
Q8RWY5,3702,A. thaliana,15.138025,10.905572,10
Q8L638,3702,A. thaliana,8.551333,5.84972,0
Q39023,3702,A. thaliana,12.877638,13.169866,11
P29381,3702,A. thaliana,0.6324936,5.728066,6
Q9S7P5,3702,A. thaliana,11.299784,9.393877,18
Q8LD27,3702,A. thaliana,5.2000403,16.9839,9
O04192,3702,A. thaliana,14.722418,10.227881,10
Q8LBF1,3702,A. thaliana,9.103531,7.3322635,15
Q9LW20,3702,A. thaliana,9.443045,10.004458,17
Q9SV72,3702,A. thaliana,14.122417,6.4026804,5
Q9SA82,3702,A. thaliana,14.844162,10.785816,10
P42645,3702,A. thaliana,10.243342,12.794768,6
O49347,3702,A. thaliana,9.059052,9.912301,4
Q0WR66,3702,A. thaliana,13.050102,8.938154,18
Q9LV46,3702,A. thaliana,8.159521,3.5279691,0
F4IEU4,3702,A. thaliana,0.7634024,11.49138,11
Q9ZV18,3702,A. thaliana,7.1586266,11.376069,13
Q9FGG2,3702,A. thaliana,14.6503935,10.683918,18
Q8W104,3702,A. thaliana,10.772655,10.617724,17
Q8LGI2,3702,A. thaliana,7.5308547,12.3014555,9
F4I403,3702,A. thaliana,6.8385077,12.681775,9
O82234,3702,A. thaliana,8.954628,10.222671,6
Q9SU38,3702,A. thaliana,6.094115,12.787461,11
Q9FLH0,3702,A. thaliana,11.961971,10.385774,6
Q8VY15,3702,A. thaliana,12.819384,9.904639,12
Q9SDQ4,3702,A. thaliana,10.129617,4.9347,1
F4JGU5,3702,A. thaliana,15.140191,9.661434,10
Q9M0I0,3702,A. thaliana,12.75026,6.2890944,1
P42732,3702,A. thaliana,8.580758,10.322642,6
Q84K52,3702,A. thaliana,15.147165,10.671955,10
Q9SA14,3702,A. thaliana,7.1512,12.860631,9
Q9C9Z3,3702,A. thaliana,9.289606,9.694783,4
F4JKH6,3702,A. thaliana,9.443817,12.30338,9
O65502,3702,A. thaliana,8.903434,10.573582,14
Q8GZ43,3702,A. thaliana,13.745167,10.182484,10
Q8LDV3,3702,A. thaliana,9.106028,9.904988,18
Q6AWV7,3702,A. thaliana,12.112242,8.754458,18
Q9MAT6,3702,A. thaliana,13.72341,10.45846,14
Q9LY49,3702,A. thaliana,9.330537,11.148154,14
Q9FFP1,3702,A. thaliana,10.472636,11.540449,17
F4KCE9,3702,A. thaliana,12.759478,9.219206,18
Q9C9K7,3702,A. thaliana,15.26198,10.853262,10
Q9FK88,3702,A. thaliana,9.343074,10.213146,17
A4FVP2,3702,A. thaliana,9.576432,12.408805,9
Q9LR78,3702,A. thaliana,9.511347,11.154512,9
Q93VI8,3702,A. thaliana,10.226253,12.208174,14
P24100,3702,A. thaliana,12.994989,13.3198805,11
Q9LYN7,3702,A. thaliana,14.90244,10.209622,10
F4KHY7,3702,A. thaliana,10.212381,12.749145,17
Q94AC3,3702,A. thaliana,13.425916,10.707422,12
Q9MAU6,3702,A. thaliana,8.447334,13.971468,13
Q8LG05,3702,A. thaliana,12.550067,9.616622,6
O49722,3702,A. thaliana,8.304642,4.7393336,0
Q9CAA9,3702,A. thaliana,15.011934,10.317255,10
F4IRA9,3702,A. thaliana,13.002304,8.818215,18
Q94KE0,3702,A. thaliana,7.9024854,4.5967054,0
F4K8U4,3702,A. thaliana,11.883614,9.57988,18
Q9LK39,3702,A. thaliana,8.196671,11.909048,14
F4HZG9,3702,A. thaliana,7.431916,12.39406,9
Q5UBY2,3702,A. thaliana,10.909872,11.895686,14
Q2HIQ5,3702,A. thaliana,11.109907,8.428616,18
P55217,3702,A. thaliana,8.365734,11.412,14
Q94C27,3702,A. thaliana,10.25889,11.222168,14
Q6NLQ7,3702,A. thaliana,9.40075,9.9080715,17
Q9M9X4,3702,A. thaliana,15.053658,10.348253,10
Q9LYZ6,3702,A. thaliana,9.961847,11.6275015,17
Q84JN2,3702,A. thaliana,10.276993,8.443279,15
Q8H1E8,3702,A. thaliana,11.019687,10.065323,17
Q38862,3702,A. thaliana,7.1049304,10.440861,17
Q9SIK1,3702,A. thaliana,7.764121,11.72824,9
Q8GUN7,3702,A. thaliana,6.772018,13.068555,13
Q9SA77,3702,A. thaliana,7.647168,12.255228,13
F4KEU4,3702,A. thaliana,9.339783,8.222878,15
Q5PNY9,3702,A. thaliana,9.266497,9.664464,15
Q9FGS5,3702,A. thaliana,9.496745,9.990819,4
Q9SF35,3702,A. thaliana,10.221592,13.352334,11
Q9SJ36,3702,A. thaliana,8.813342,9.058581,15
F4K452,3702,A. thaliana,9.331574,9.763033,4
Q9ZVH3,3702,A. thaliana,10.247033,10.985709,17
F4K495,3702,A. thaliana,8.666367,8.36813,15
Q84R21,3702,A. thaliana,8.902975,10.531561,14
Q84QC1,3702,A. thaliana,6.76577,11.620241,9
Q5XF51,3702,A. thaliana,12.207836,4.992542,1
Q9SH88,3702,A. thaliana,11.751674,10.044324,6
Q05212,3702,A. thaliana,7.364936,11.863888,17
Q0WUQ7,3702,A. thaliana,7.098566,12.277478,9
Q9M9H3,3702,A. thaliana,9.299794,9.691943,18
F4K0V9,3702,A. thaliana,9.4644575,8.191728,15
Q9FNM1,3702,A. thaliana,14.541959,10.42464,7
Q39030,3702,A. thaliana,12.499216,12.28122,14
O81716,3702,A. thaliana,9.3961735,11.418947,11
Q1JPN7,3702,A. thaliana,11.90489,12.260048,14
Q7XJ58,3702,A. thaliana,14.845515,10.823397,18
O49286,3702,A. thaliana,10.806,10.98396,14
Q9LJJ5,3702,A. thaliana,9.630856,12.475245,13
Q38838,3702,A. thaliana,0.6325896,5.7275624,6
Q9M2R4,3702,A. thaliana,12.631887,6.411486,14
Q9C9Y9,3702,A. thaliana,12.716782,8.7728195,18
Q94AP3,3702,A. thaliana,8.195963,4.701337,0
Q9C9Y8,3702,A. thaliana,12.640229,6.3993225,11
Q1JPP8,3702,A. thaliana,11.5303135,8.474784,18
O22261,3702,A. thaliana,8.144246,3.1968482,11
F4I8L6,3702,A. thaliana,10.200347,9.033865,15
Q9M2Z5,3702,A. thaliana,10.47416,11.541127,17
O81757,3702,A. thaliana,11.907667,10.053412,6
Q9SHC8,3702,A. thaliana,11.47631,11.952331,14
Q9SZ91,3702,A. thaliana,7.1963863,13.09956,13
Q9C9V9,3702,A. thaliana,10.124171,10.980512,17
Q9LW29,3702,A. thaliana,10.694357,10.97254,17
Q9M336,3702,A. thaliana,8.423087,11.487404,14
C0SVN2,3702,A. thaliana,12.579127,9.309256,18
Q9FKQ7,3702,A. thaliana,15.113018,10.762571,10
F4IYI1,3702,A. thaliana,11.531843,11.174608,6
Q8VY16,3702,A. thaliana,9.365673,9.737983,15
F4HWD0,3702,A. thaliana,11.120118,10.082776,17
O80653,3702,A. thaliana,11.370968,9.020154,18
Q8RXE8,3702,A. thaliana,8.747765,10.37323,0
Q8RXA7,3702,A. thaliana,9.197412,7.508303,15
O04173,3702,A. thaliana,10.604365,12.204131,14
P94040,3702,A. thaliana,11.065138,5.804025,13
Q9LF30,3702,A. thaliana,8.223705,8.893166,15
Q9FHD4,3702,A. thaliana,12.357492,6.251048,1
Q8L860,3702,A. thaliana,13.057975,10.474025,10
Q9FV71,3702,A. thaliana,11.943555,9.396136,18
F4JH01,3702,A. thaliana,9.373439,10.307543,17
F4HRU9,3702,A. thaliana,9.683018,11.936489,17
F4IUS5,3702,A. thaliana,14.806329,10.038019,10
Q944A2,3702,A. thaliana,13.247504,10.841567,12
Q84MB5,3702,A. thaliana,9.043319,9.9405775,0
Q9M173,3702,A. thaliana,7.867508,4.815961,0
Q9LW27,3702,A. thaliana,9.236412,15.047807,13
Q0WMZ5,3702,A. thaliana,9.178755,9.044649,4
P93286,3702,A. thaliana,9.646248,8.187469,16
Q9ZVF3,3702,A. thaliana,8.859462,12.581432,9
O82133,3702,A. thaliana,14.896613,9.98505,10
Q4PSF4,3702,A. thaliana,8.103571,4.850967,11
Q9LJL8,3702,A. thaliana,10.684036,11.571031,14
B4F7R9,3702,A. thaliana,0.63275325,5.7281647,10
Q9M667,3702,A. thaliana,9.855642,12.228402,14
F4HVG8,3702,A. thaliana,9.777147,9.661894,18
Q9SY56,3702,A. thaliana,14.934064,10.701553,18
Q9ZUN7,3702,A. thaliana,8.328498,11.148526,9
Q01667,3702,A. thaliana,8.272488,6.535472,0
Q9LD95,3702,A. thaliana,11.530821,9.649718,6
O04590,3702,A. thaliana,9.93633,11.731707,14
Q9SSE9,3702,A. thaliana,11.1931305,10.0173235,6
O82798,3702,A. thaliana,12.90182,11.32307,14
F4JTL0,3702,A. thaliana,9.390591,9.625521,15
Q8L9S3,3702,A. thaliana,9.854332,11.349518,14
Q8L9W3,3702,A. thaliana,12.278557,9.603129,4
Q9SA06,3702,A. thaliana,8.5632105,5.8706746,0
F4K658,3702,A. thaliana,7.311944,12.190054,9
Q56X46,3702,A. thaliana,11.961933,9.777682,6
Q9C684,3702,A. thaliana,14.526011,10.400715,12
Q9LDU5,3702,A. thaliana,15.09912,10.696962,10
Q9M033,3702,A. thaliana,13.640943,9.680023,2
Q84VW9,3702,A. thaliana,7.143273,11.351253,9
Q940I2,3702,A. thaliana,9.005978,10.277139,14
Q8L785,3702,A. thaliana,7.4887013,12.545201,9
Q9LJL4,3702,A. thaliana,8.510647,11.482456,14
P61843,3702,A. thaliana,10.067627,10.472402,8
Q9CAV6,3702,A. thaliana,12.520425,11.378848,14
Q9FDZ5,3702,A. thaliana,8.223087,4.6761928,0
Q8VZK0,3702,A. thaliana,9.860973,12.13365,9
Q9CAZ0,3702,A. thaliana,11.877096,9.938036,6
Q8GZQ3,3702,A. thaliana,8.671443,11.465319,9
Q9ZW02,3702,A. thaliana,14.316267,10.217222,10
P0DKI9,3702,A. thaliana,12.286328,15.879266,16
Q9ZUN4,3702,A. thaliana,9.221457,12.423509,9
O49290,3702,A. thaliana,6.5849843,12.692733,9
Q9ASZ1,3702,A. thaliana,14.924443,10.865972,6
Q9SRX5,3702,A. thaliana,12.197547,6.2738094,4
Q0WVD6,3702,A. thaliana,9.993869,11.390614,17
O49603,3702,A. thaliana,12.519209,6.327249,1
O22178,3702,A. thaliana,12.615813,6.3837137,14
Q9SD67,3702,A. thaliana,8.965019,10.471411,6
F4IP06,3702,A. thaliana,12.134132,9.91377,6
Q9FJD5,3702,A. thaliana,10.890666,5.296603,1
Q8L7T9,3702,A. thaliana,15.033403,10.29058,10
Q9SCZ9,3702,A. thaliana,12.333799,9.507155,18
Q9S7T7,3702,A. thaliana,11.95095,9.402139,18
O82221,3702,A. thaliana,9.2591,12.433117,13
Q3E937,3702,A. thaliana,10.290813,11.711579,14
Q9S7S3,3702,A. thaliana,13.390042,8.090804,12
Q38935,3702,A. thaliana,8.576565,13.757803,13
Q9LIE1,3702,A. thaliana,10.782989,11.852339,14
Q8LPS6,3702,A. thaliana,9.89843,11.704092,14
Q94AU7,3702,A. thaliana,6.8869886,11.975697,14
Q9FFV1,3702,A. thaliana,10.11883,13.619076,11
Q9LVU1,3702,A. thaliana,11.500788,12.001857,11
Q9SR05,3702,A. thaliana,11.827016,5.3973293,14
F4KDB4,3702,A. thaliana,9.360841,8.150675,15
C0LGG8,3702,A. thaliana,12.60231,6.30464,14
Q9ZU23,3702,A. thaliana,12.59277,9.337838,12
Q94K43,3702,A. thaliana,7.5308566,12.193943,9
O80396,3702,A. thaliana,12.348101,12.361847,14
Q8L925,3702,A. thaliana,14.05671,10.260531,10
Q84J75,3702,A. thaliana,8.050824,12.4367895,13
F4II66,3702,A. thaliana,11.31655,7.526241,14
Q9LXL8,3702,A. thaliana,12.258229,15.802609,16
Q9S7R7,3702,A. thaliana,10.748429,8.361496,17
Q8LFL5,3702,A. thaliana,9.431108,9.412242,18
Q9XF19,3702,A. thaliana,6.2244477,11.1936245,8
Q9LIA1,3702,A. thaliana,9.622482,12.203841,9
P59833,3702,A. thaliana,12.193011,6.221127,4
P52839,3702,A. thaliana,9.121837,12.645868,13
Q682T9,3702,A. thaliana,0.7589167,11.486527,11
Q9M888,3702,A. thaliana,7.410439,11.4059,17
F4JRJ6,3702,A. thaliana,9.336986,12.109674,9
Q9SR12,3702,A. thaliana,10.789041,12.707359,11
Q94K59,3702,A. thaliana,10.646936,5.22065,1
Q3E9D5,3702,A. thaliana,8.796732,8.43571,15
Q9FNM0,3702,A. thaliana,12.017077,9.758722,18
Q8S924,3702,A. thaliana,10.225628,11.205255,17
Q9SIQ9,3702,A. thaliana,9.60358,12.956823,13
D3K0M2,3702,A. thaliana,14.805511,10.878925,14
Q39172,3702,A. thaliana,6.884628,13.263502,13
Q940L4,3702,A. thaliana,9.42545,9.82277,17
O23550,3702,A. thaliana,14.897207,10.287439,18
Q9C9M7,3702,A. thaliana,12.867515,13.10091,11
Q8VZG1,3702,A. thaliana,9.329403,10.906001,17
Q9ZPH9,3702,A. thaliana,11.200406,4.318165,1
Q9SUT9,3702,A. thaliana,8.563762,6.469255,0
F4JE40,3702,A. thaliana,9.304182,12.381065,9
P46313,3702,A. thaliana,8.032746,6.080973,0
Q8GZA6,3702,A. thaliana,9.967528,11.573839,17
F4I7B6,3702,A. thaliana,12.462057,12.567399,14
Q9FGY1,3702,A. thaliana,10.898612,5.240614,9
Q56Y17,3702,A. thaliana,10.957711,4.5163226,17
Q9FM10,3702,A. thaliana,8.315142,5.2691665,0
Q9LV17,3702,A. thaliana,15.078846,10.593871,10
Q9FRR1,3702,A. thaliana,8.607865,6.022034,6
P51412,3702,A. thaliana,8.910391,10.257461,6
Q9LV04,3702,A. thaliana,9.43942,9.818638,17
Q8L850,3702,A. thaliana,10.791524,11.224789,14
A4GSN8,3702,A. thaliana,14.882235,9.379407,10
Q9LVY0,3702,A. thaliana,8.9856,11.394382,6
Q94AG1,3702,A. thaliana,8.5368185,8.482568,15
Q9C8M3,3702,A. thaliana,6.376076,14.053447,13
F4J1A4,3702,A. thaliana,12.721236,8.973543,18
Q9ZVD7,3702,A. thaliana,9.230526,14.991678,14
Q8VXX0,3702,A. thaliana,9.373546,12.625853,9
Q9SZP8,3702,A. thaliana,12.972681,9.901194,12
F4JTJ2,3702,A. thaliana,11.999706,9.896188,18
Q9SZB7,3702,A. thaliana,10.326869,9.700096,17
Q8LAD7,3702,A. thaliana,15.282043,10.846287,10
P61827,3702,A. thaliana,15.199092,10.93121,10
Q9C552,3702,A. thaliana,10.144914,11.186938,17
F4IVF9,3702,A. thaliana,15.238331,10.605553,10
B9DGY1,3702,A. thaliana,8.802727,11.014237,14
Q9C5S1,3702,A. thaliana,11.257655,9.657808,18
O64629,3702,A. thaliana,12.530794,12.816861,11
P49597,3702,A. thaliana,9.434147,11.256596,14
Q8L9J7,3702,A. thaliana,8.354524,5.2997475,0
Q8GXV7,3702,A. thaliana,12.450336,6.330052,1
A8MS53,3702,A. thaliana,9.172648,14.966561,9
Q9ZU65,3702,A. thaliana,15.154633,10.706371,18
Q0WTY4,3702,A. thaliana,11.27224,11.275278,6
Q9FFS0,3702,A. thaliana,8.595094,6.4615335,0
P29517,3702,A. thaliana,8.217383,15.149509,9
Q9LG15,3702,A. thaliana,12.086967,8.969967,18
Q8L7N3,3702,A. thaliana,9.744841,11.121766,17
Q8H0V4,3702,A. thaliana,12.552915,9.622856,6
Q9FJV0,3702,A. thaliana,12.503083,12.475167,14
P21240,3702,A. thaliana,7.360281,11.486342,9
Q8LED3,3702,A. thaliana,11.14439,4.440635,1
O24617,3702,A. thaliana,9.511189,12.654635,13
Q9FY75,3702,A. thaliana,8.370283,5.5867667,17
Q9M9T4,3702,A. thaliana,15.126853,10.721559,18
O64602,3702,A. thaliana,12.705963,9.623948,18
Q9C8R7,3702,A. thaliana,9.356383,8.347687,15
Q501F4,3702,A. thaliana,9.4524975,10.001674,17
Q94BV2,3702,A. thaliana,12.080174,10.02839,18
F4JFR1,3702,A. thaliana,9.226862,9.80414,18
Q9SL45,3702,A. thaliana,9.831644,11.798053,14
Q9LUL4,3702,A. thaliana,12.620757,6.3559895,14
Q9FJ90,3702,A. thaliana,12.763086,9.245886,18
Q9MAB6,3702,A. thaliana,8.036426,13.208684,13
O80704,3702,A. thaliana,9.905052,11.509957,14
Q9SSF8,3702,A. thaliana,12.465023,12.531223,14
Q9FJG9,3702,A. thaliana,10.597248,9.386554,14
Q6AWU6,3702,A. thaliana,7.382585,12.192871,9
F4IGH3,3702,A. thaliana,9.527412,11.438812,17
Q9LYX1,3702,A. thaliana,12.577167,6.404505,14
P0CW78,3702,A. thaliana,7.308145,6.2395163,13
P32962,3702,A. thaliana,6.906147,12.77505,13
Q9FGM1,3702,A. thaliana,9.964345,13.411659,11
Q9SHK2,3702,A. thaliana,9.9210205,11.673803,14
Q7XJR9,3702,A. thaliana,12.475402,12.427813,14
Q8VZS9,3702,A. thaliana,11.577972,7.7145047,14
Q6NQ74,3702,A. thaliana,14.792512,10.575367,18
Q9FH13,3702,A. thaliana,6.0891895,12.480837,13
Q9ZPY8,3702,A. thaliana,14.783301,10.814256,10
Q0WPN8,3702,A. thaliana,12.433863,6.2856436,1
Q9M9U5,3702,A. thaliana,10.562472,8.580761,15
Q9SGS5,3702,A. thaliana,15.160317,10.750497,18
F4HU33,3702,A. thaliana,11.147469,4.3653,1
Q9SI93,3702,A. thaliana,8.565073,12.2581,14
Q38853,3702,A. thaliana,9.452693,8.426118,8
Q6IMT1,3702,A. thaliana,12.840516,13.086369,14
Q94AK6,3702,A. thaliana,9.501131,8.473205,8
Q3E7D0,3702,A. thaliana,8.133888,5.3898525,17
Q9LM02,3702,A. thaliana,6.822243,12.760288,11
Q9FDW8,3702,A. thaliana,10.68188,10.780582,6
Q1JPM1,3702,A. thaliana,10.947904,4.973623,9
Q9SBF3,3702,A. thaliana,14.5103245,10.361997,10
F4IGU3,3702,A. thaliana,15.194578,10.636145,10
Q02972,3702,A. thaliana,6.8604302,13.432653,11
Q6XBF8,3702,A. thaliana,11.219805,5.968171,13
Q9ZT70,3702,A. thaliana,9.1296425,8.097136,15
Q9LNC6,3702,A. thaliana,11.633039,10.711677,6
Q84J71,3702,A. thaliana,9.944591,11.624245,14
Q8H1R7,3702,A. thaliana,9.833082,12.154223,14
Q9LIQ4,3702,A. thaliana,5.6353564,12.714916,3
Q94F54,3702,A. thaliana,14.979711,10.11616,10
F4J573,3702,A. thaliana,9.916067,8.987557,12
O64425,3702,A. thaliana,12.389531,9.852648,10
Q9C9M9,3702,A. thaliana,8.333093,5.279538,0
Q9LFD8,3702,A. thaliana,11.47572,10.126504,14
Q501B0,3702,A. thaliana,14.048488,10.376585,12
F4J1H7,3702,A. thaliana,9.66569,11.258247,17
Q9LJY2,3702,A. thaliana,8.491376,11.760076,9
Q8L5T5,3702,A. thaliana,12.420525,8.390041,10
Q8RWQ9,3702,A. thaliana,11.415975,5.1820354,9
Q8L7C2,3702,A. thaliana,11.807224,10.418384,6
Q39249,3702,A. thaliana,9.162178,9.822979,4
Q8LDL0,3702,A. thaliana,9.441094,9.416989,4
P36212,3702,A. thaliana,8.988349,10.092256,12
P93739,3702,A. thaliana,11.668802,9.839764,18
F4K0D3,3702,A. thaliana,11.388066,7.679562,14
Q1PFC2,3702,A. thaliana,12.426441,9.362001,18
Q9SZW3,3702,A. thaliana,9.900641,12.795398,9
Q8LPT1,3702,A. thaliana,11.090283,9.881645,6
Q9FGZ5,3702,A. thaliana,11.102297,8.56175,18
Q5PP65,3702,A. thaliana,13.4424925,9.4695425,18
F4HVV6,3702,A. thaliana,12.835529,4.2144175,1
O24521,3702,A. thaliana,8.691584,13.034891,9
Q1PER6,3702,A. thaliana,7.388656,11.989333,9
Q9ZRD6,3702,A. thaliana,9.610457,12.98772,13
A8MR03,3702,A. thaliana,11.973379,10.46157,6
Q39183,3702,A. thaliana,12.311555,12.072834,14
P29513,3702,A. thaliana,8.22432,15.1542845,9
Q944G9,3702,A. thaliana,7.372988,12.012645,9
Q8GWD1,3702,A. thaliana,13.428482,10.418713,12
F4JM05,3702,A. thaliana,9.338861,9.542472,15
Q9FFP6,3702,A. thaliana,6.3442793,12.790344,13
Q93XM7,3702,A. thaliana,8.138066,3.157638,11
Q9LRW3,3702,A. thaliana,9.928333,11.600127,17
Q8VZA0,3702,A. thaliana,10.068463,10.852019,17
F4JZY1,3702,A. thaliana,6.2668934,5.658225,8
F4J152,3702,A. thaliana,11.334604,9.918387,18
Q0WVM4,3702,A. thaliana,12.615407,6.394881,14
F4J5Y7,3702,A. thaliana,12.587484,6.421804,14
Q9C635,3702,A. thaliana,14.878852,10.676653,10
Q8LFH5,3702,A. thaliana,8.346522,5.3081627,0
Q9FFK7,3702,A. thaliana,9.686611,11.77524,9
Q9LV72,3702,A. thaliana,10.058613,4.902223,1
Q680A5,3702,A. thaliana,6.5680194,11.79625,9
Q27IK7,3702,A. thaliana,12.501128,11.324735,5
O81831,3702,A. thaliana,10.254214,10.074615,17
O22900,3702,A. thaliana,15.042677,10.148412,10
F4K5T4,3702,A. thaliana,15.142084,10.861853,10
F4HW04,3702,A. thaliana,13.933024,5.550027,5
Q8S8N6,3702,A. thaliana,12.027252,5.978326,4
Q9LQM3,3702,A. thaliana,13.27272,9.586115,10
Q38955,3702,A. thaliana,9.642335,9.53389,18
Q9LEX5,3702,A. thaliana,9.929733,11.53492,17
Q9XIE3,3702,A. thaliana,16.950592,7.606625,13
Q9XIE2,3702,A. thaliana,8.060866,11.509036,9
Q9SFU0,3702,A. thaliana,9.47382,12.193789,9
Q9FR44,3702,A. thaliana,6.9264026,11.898654,9
Q0WRB2,3702,A. thaliana,9.347097,11.306128,14
Q9LW00,3702,A. thaliana,13.176071,8.588223,18
Q93VH9,3702,A. thaliana,7.771652,10.985283,9
Q9SRY3,3702,A. thaliana,10.254881,7.675069,4
Q9ZUU7,3702,A. thaliana,9.992216,11.614826,14
P29516,3702,A. thaliana,8.22231,15.158687,9
Q9FUS8,3702,A. thaliana,6.383303,14.070321,13
A5HEI1,3702,A. thaliana,7.109896,10.442255,17
Q9CA75,3702,A. thaliana,10.985738,4.495903,17
Q9FFQ0,3702,A. thaliana,11.907653,10.16885,6
Q8LGG0,3702,A. thaliana,8.620067,13.771439,13
Q9CA89,3702,A. thaliana,10.554595,8.687367,15
Q84JU4,3702,A. thaliana,11.051281,10.82421,6
Q8VZR7,3702,A. thaliana,7.747717,4.791475,11
F4IAP5,3702,A. thaliana,11.817793,12.833858,11
Q9FJZ9,3702,A. thaliana,11.035009,5.0013833,1
O49607,3702,A. thaliana,10.970567,5.090705,1
Q9ZUP4,3702,A. thaliana,12.82686,12.7206,11
Q9SJ23,3702,A. thaliana,12.769263,6.2823443,14
Q8GXB1,3702,A. thaliana,6.8478427,11.3115015,17
F4JKB6,3702,A. thaliana,9.927994,11.734442,14
Q8LEV7,3702,A. thaliana,6.7398043,12.708505,13
Q37001,3702,A. thaliana,7.35527,13.454353,11
P93828,3702,A. thaliana,6.899942,12.687313,13
Q9T0G1,3702,A. thaliana,8.8073435,10.717035,14
Q9STQ2,3702,A. thaliana,10.9231205,5.1189823,1
Q84P26,3702,A. thaliana,7.66027,12.730219,13
F4J6A8,3702,A. thaliana,11.200792,10.084735,6
P57752,3702,A. thaliana,8.4183235,8.698764,15
Q9ZVA7,3702,A. thaliana,11.353252,9.258112,4
Q9LUM4,3702,A. thaliana,14.8840685,10.122441,10
Q9LYC7,3702,A. thaliana,11.029487,11.602225,6
Q9LIA8,3702,A. thaliana,6.478881,12.754922,13
P56801,3702,A. thaliana,8.446669,8.784232,15
O80982,3702,A. thaliana,14.766538,10.762725,10
Q945P2,3702,A. thaliana,10.161625,9.405464,6
Q680B9,3702,A. thaliana,9.940978,11.812521,14
Q1PE49,3702,A. thaliana,11.868131,10.571351,6
Q9SLG9,3702,A. thaliana,10.837268,11.028472,14
Q8RXK2,3702,A. thaliana,12.41617,9.666495,14
Q8LG88,3702,A. thaliana,7.979403,5.207104,0
Q9FHY8,3702,A. thaliana,11.695613,10.144693,6
Q9LM88,3702,A. thaliana,12.394554,9.035625,18
Q9FWX7,3702,A. thaliana,9.8699875,11.741173,9
Q9ZUS0,3702,A. thaliana,7.902675,9.834764,6
Q03509,3702,A. thaliana,0.80661947,11.536975,11
Q94B52,3702,A. thaliana,9.007407,10.31751,6
P0DO23,3702,A. thaliana,9.728421,9.926778,17
Q17868,6239,C. elegans,9.658553,8.1734295,15
Q19328,6239,C. elegans,8.543707,13.486261,13
O01814,6239,C. elegans,7.993417,15.998196,13
G5EFX8,6239,C. elegans,12.388961,9.8051195,18
Q09535,6239,C. elegans,9.024292,11.973915,9
O76577,6239,C. elegans,9.802783,10.998226,17
H2KZJ5,6239,C. elegans,8.294365,13.749322,13
G5ED24,6239,C. elegans,10.717724,10.762103,17
O45607,6239,C. elegans,12.733418,8.41226,18
Q5WRU0,6239,C. elegans,13.050419,5.1344256,1
O45522,6239,C. elegans,13.184025,7.8164325,12
Q09289,6239,C. elegans,12.171014,10.572229,6
Q22667,6239,C. elegans,13.153229,9.941967,10
H2KZG6,6239,C. elegans,5.722147,13.441021,13
Q03609,6239,C. elegans,10.202235,11.316921,6
P05690,6239,C. elegans,9.258486,11.825129,9
O44991,6239,C. elegans,12.7578535,10.898592,6
Q94131,6239,C. elegans,14.098318,9.802183,10
Q9N574,6239,C. elegans,9.229577,15.15593,11
G2HK15,6239,C. elegans,11.058841,8.539957,18
Q9U2Y6,6239,C. elegans,10.707953,8.689608,15
O76406,6239,C. elegans,11.70557,9.124203,18
O02134,6239,C. elegans,10.911542,11.040658,17
G5ECB1,6239,C. elegans,13.11414,5.09945,1
Q18403,6239,C. elegans,11.325725,7.519048,11
Q95PW9,6239,C. elegans,11.940498,11.800736,14
P98060,6239,C. elegans,12.693235,4.4999924,1
Q9TZ26,6239,C. elegans,10.483079,11.417885,17
O44827,6239,C. elegans,7.896256,4.499632,11
Q965M2,6239,C. elegans,13.274113,5.692242,1
G5ECR3,6239,C. elegans,8.228224,5.0019927,0
A0A5E4M3Q4,6239,C. elegans,13.924328,9.497097,10
O62505,6239,C. elegans,10.491407,9.097278,15
Q9U297,6239,C. elegans,9.864341,9.761262,17
P55163,6239,C. elegans,9.8202095,9.060958,15
G5ECQ1,6239,C. elegans,11.395725,8.494731,18
G5ECU1,6239,C. elegans,3.9586284,8.396962,14
O17470,6239,C. elegans,8.527907,-0.38523293,10
Q9XXI4,6239,C. elegans,10.537704,11.185479,14
O45876,6239,C. elegans,8.910888,6.6912727,17
Q17922,6239,C. elegans,13.807168,9.715539,10
G5EF82,6239,C. elegans,10.946607,10.075249,6
O17828,6239,C. elegans,10.310913,9.714933,17
Q9N537,6239,C. elegans,11.391076,8.927074,18
Q7K7J0,6239,C. elegans,10.608493,9.791379,17
Q22629,6239,C. elegans,12.806967,5.5096717,4
O44326,6239,C. elegans,10.08358,11.628124,14
Q8I113,6239,C. elegans,12.53894,11.16528,10
O45750,6239,C. elegans,13.472284,7.118481,18
Q9BKT9,6239,C. elegans,9.807419,11.071267,17
Q7YWU3,6239,C. elegans,10.588179,8.769783,15
O45518,6239,C. elegans,7.626801,12.625169,9
Q19988,6239,C. elegans,10.173265,9.972231,17
Q9BL17,6239,C. elegans,7.363934,6.268137,13
P91001,6239,C. elegans,9.744742,10.990022,6
O17582,6239,C. elegans,15.131781,9.744141,10
O17907,6239,C. elegans,8.831601,12.595795,9
Q94216,6239,C. elegans,10.54654,9.980079,6
Q7Z204,6239,C. elegans,13.836754,10.129779,12
Q19731,6239,C. elegans,10.33057,9.940949,17
Q19955,6239,C. elegans,10.073239,11.164539,6
G5EFN7,6239,C. elegans,11.366081,4.425549,1
Q18964,6239,C. elegans,11.125425,7.8242803,14
A0A0K3AQM0,6239,C. elegans,11.486527,10.251063,6
Q22099,6239,C. elegans,7.696462,12.389599,9
Q20751,6239,C. elegans,8.121089,11.581456,9
Q22824,6239,C. elegans,8.884795,12.58247,9
P34328,6239,C. elegans,16.94365,7.6103115,13
Q22015,6239,C. elegans,12.330511,9.36769,18
G5EC82,6239,C. elegans,12.90663,6.4091344,18
G5EFB2,6239,C. elegans,8.156924,5.2088456,0
Q93592,6239,C. elegans,10.157597,11.797924,14
H2FLL8,6239,C. elegans,7.848202,4.965585,0
H2L045,6239,C. elegans,14.151534,9.984906,10
Q21346,6239,C. elegans,9.864563,12.54443,9
Q9TYX6,6239,C. elegans,10.240479,9.858836,15
Q9N2Z6,6239,C. elegans,8.677921,5.181877,0
Q9XXN2,6239,C. elegans,9.9136095,9.780243,6
G5ECB8,6239,C. elegans,11.210091,10.914253,6
O45441,6239,C. elegans,11.943453,4.9067636,1
Q0PDL1,6239,C. elegans,11.673013,9.409384,18
G5ED66,6239,C. elegans,14.495349,10.3149395,10
Q9N5I0,6239,C. elegans,8.553952,8.402357,15
Q18776,6239,C. elegans,11.229253,10.632923,17
Q18909,6239,C. elegans,13.955038,9.688684,18
Q9U302,6239,C. elegans,13.681524,10.962283,12
H2L089,6239,C. elegans,11.685022,9.336214,18
Q93619,6239,C. elegans,7.0502863,12.964016,13
B2D6K9,6239,C. elegans,10.73055,10.123031,17
O62238,6239,C. elegans,10.250214,9.289181,15
Q23067,6239,C. elegans,7.808381,12.6808405,9
Q02328,6239,C. elegans,10.762892,11.492155,6
G5EGP1,6239,C. elegans,12.369886,5.3676276,1
Q6F3C9,6239,C. elegans,8.556948,-0.4200011,19
Q20053,6239,C. elegans,9.350791,9.141724,4
P91280,6239,C. elegans,11.8759985,10.0468235,6
G5ED03,6239,C. elegans,10.950014,11.112935,6
P30630,6239,C. elegans,10.506246,9.74448,15
Q9UAQ3,6239,C. elegans,11.213738,11.670306,17
B3GWB7,6239,C. elegans,12.284213,15.871585,16
Q19945,6239,C. elegans,8.653646,5.103492,0
Q9U226,6239,C. elegans,13.671604,10.083746,12
Q2V4U0,6239,C. elegans,10.729787,11.141111,17
B5BM28,6239,C. elegans,14.394369,9.983391,10
G5ECW3,6239,C. elegans,12.111963,9.653408,18
O01839,6239,C. elegans,10.160133,11.240884,17
Q9XWS2,6239,C. elegans,10.115989,11.097026,17
Q17796,6239,C. elegans,12.831188,10.502166,6
Q8WQF9,6239,C. elegans,9.742305,9.620518,15
H9G2R6,6239,C. elegans,8.880856,5.3235025,9
Q23571,6239,C. elegans,8.05632,13.3000555,11
P91316,6239,C. elegans,10.56168,6.388969,4
P34659,6239,C. elegans,9.275551,12.451877,13
Q27499,6239,C. elegans,9.282997,15.145498,13
Q9XWU2,6239,C. elegans,9.24644,6.0258026,4
P52716,6239,C. elegans,10.80507,5.5523124,9
G5EEN4,6239,C. elegans,12.496994,12.076519,14
G8JY28,6239,C. elegans,11.645278,8.530979,18
C7FZU3,6239,C. elegans,11.518168,10.174036,2
Q10925,6239,C. elegans,14.369593,9.958582,10
G5EEH6,6239,C. elegans,5.7132964,13.43579,13
O44156,6239,C. elegans,5.1983004,16.983232,9
Q7YSI9,6239,C. elegans,12.281805,8.956067,18
Q9XW92,6239,C. elegans,7.030472,10.772347,17
O44136,6239,C. elegans,10.591523,9.627626,4
Q22942,6239,C. elegans,9.376844,11.722379,9
Q9U3D6,6239,C. elegans,11.010957,10.671279,6
G5EBY8,6239,C. elegans,12.416966,5.0510163,17
P90916,6239,C. elegans,11.474473,7.5596495,11
O18688,6239,C. elegans,8.172597,15.111516,9
P90978,6239,C. elegans,13.492926,10.956915,12
G5EDN3,6239,C. elegans,8.94989,10.055017,0
Q22197,6239,C. elegans,12.528722,8.8624115,18
Q93594,6239,C. elegans,13.021162,11.225273,6
Q20574,6239,C. elegans,11.325092,11.060935,6
D9PTP6,6239,C. elegans,10.424008,11.45765,17
P12844,6239,C. elegans,13.482359,10.757389,12
O44757,6239,C. elegans,12.130451,10.675645,6
G5ECM5,6239,C. elegans,10.92536,11.106235,6
P34531,6239,C. elegans,12.497404,9.415855,18
Q9XUA7,6239,C. elegans,12.055619,4.8920426,1
Q20060,6239,C. elegans,9.51196,9.363783,15
Q18312,6239,C. elegans,10.680116,11.111738,6
Q9XTG1,6239,C. elegans,11.683738,4.9508953,1
Q09969,6239,C. elegans,12.440825,8.746767,18
Q19746,6239,C. elegans,8.849054,5.5548058,17
Q9NAK5,6239,C. elegans,12.08174,4.891191,1
G5EE10,6239,C. elegans,9.62278,4.619444,1
O45100,6239,C. elegans,9.6202965,10.593085,17
Q9XUH7,6239,C. elegans,10.509586,6.4040074,4
Q09639,6239,C. elegans,11.809488,12.292275,14
F0IWT2,6239,C. elegans,12.490239,12.060958,14
Q21465,6239,C. elegans,10.298554,11.089013,14
P34537,6239,C. elegans,11.590994,10.536937,6
P20784,6239,C. elegans,13.0344,5.448445,12
Q22782,6239,C. elegans,7.0196376,19.131327,13
Q21752,6239,C. elegans,9.758394,12.687088,13
O62265,6239,C. elegans,10.919115,5.3331223,9
Q22070,6239,C. elegans,11.325524,12.781597,14
H8ESD6,6239,C. elegans,8.979613,5.409521,17
Q0G819,6239,C. elegans,10.126938,13.636622,11
Q09525,6239,C. elegans,10.00803,9.574586,15
Q9XTQ5,6239,C. elegans,9.263754,10.2613735,17
Q8IA64,6239,C. elegans,7.5009484,6.1431828,0
O45824,6239,C. elegans,12.033822,4.982405,1
G4S4A1,6239,C. elegans,15.315154,10.822747,10
Q9U539,6239,C. elegans,7.998613,4.6792765,0
Q9NAN2,6239,C. elegans,12.349104,10.13911,6
D5MCP9,6239,C. elegans,13.9730015,10.118697,10
G5ECC0,6239,C. elegans,11.045245,10.92089,6
G5EC91,6239,C. elegans,8.490308,13.944969,14
O17323,6239,C. elegans,12.482584,10.423512,6
Q9GS00,6239,C. elegans,10.446691,10.851822,6
G5EBG7,6239,C. elegans,11.048449,4.420452,17
Q4W4Z2,6239,C. elegans,7.8126936,12.3537035,13
Q19818,6239,C. elegans,12.358109,10.461883,6
Q23493,6239,C. elegans,7.618658,12.009787,9
G5EGP9,6239,C. elegans,9.056738,8.411199,15
Q18224,6239,C. elegans,10.109792,11.658573,17
Q8WSN6,6239,C. elegans,12.970099,8.8743515,18
O02151,6239,C. elegans,11.349835,11.468283,17
H2L0F6,6239,C. elegans,13.667361,10.099471,10
Q22290,6239,C. elegans,12.521836,8.972128,18
O61766,6239,C. elegans,10.68796,9.058751,15
Q967F4,6239,C. elegans,9.840431,12.640397,9
Q9XZI6,6239,C. elegans,12.778555,10.635441,6
Q9N5Z3,6239,C. elegans,13.78844,5.393823,1
Q9N3Q4,6239,C. elegans,12.228911,4.788776,1
Q20507,6239,C. elegans,8.590086,8.667135,15
Q19467,6239,C. elegans,10.994529,10.16767,17
B1GRL4,6239,C. elegans,11.1196995,11.723087,14
O77469,6239,C. elegans,12.958023,4.793234,1
Q9XVE5,6239,C. elegans,8.152244,5.914673,9
Q9U2M7,6239,C. elegans,6.5585566,11.852721,13
Q17595,6239,C. elegans,12.469665,9.680711,6
Q19905,6239,C. elegans,6.2777157,12.700909,13
O01427,6239,C. elegans,12.482522,12.690383,13
G5EBQ8,6239,C. elegans,6.008959,11.364277,17
Q95XQ8,6239,C. elegans,9.243654,11.789104,9
G5EEX5,6239,C. elegans,10.433344,11.591207,17
Q8WQE5,6239,C. elegans,7.230671,11.512214,17
H7BRM4,6239,C. elegans,9.040202,5.323453,17
Q17583,6239,C. elegans,10.759232,9.911679,17
G5EFA5,6239,C. elegans,14.120005,10.250327,10
H2L002,6239,C. elegans,10.305496,4.9957113,14
O16612,6239,C. elegans,10.438115,11.184545,17
O16463,6239,C. elegans,13.175747,7.8229322,12
G5EGK8,6239,C. elegans,10.569269,21.294947,13
H9G2R4,6239,C. elegans,8.876323,5.2852864,9
Q10654,6239,C. elegans,11.355614,12.599477,14
Q9BKP3,6239,C. elegans,12.300362,9.434753,18
O44978,6239,C. elegans,8.651515,5.097669,0
Q21126,6239,C. elegans,14.933752,10.172598,18
Q95Y58,6239,C. elegans,9.848383,10.060806,17
Q95XZ5,6239,C. elegans,14.846772,9.930637,10
P41990,6239,C. elegans,12.995854,4.7961993,1
G5EER3,6239,C. elegans,12.609199,4.813588,1
O45521,6239,C. elegans,10.964947,11.412403,17
G5EGB2,6239,C. elegans,15.0700035,9.617183,10
P34678,6239,C. elegans,11.285842,4.4370728,1
Q7JP61,6239,C. elegans,8.575883,-0.48278737,19
H2FLH5,6239,C. elegans,13.191509,7.3851414,18
A7UQ09,6239,C. elegans,13.24586,9.137108,2
G5EBX0,6239,C. elegans,11.617058,10.687004,6
Q09553,6239,C. elegans,12.098856,5.9095635,4
Q86C56,6239,C. elegans,9.568491,11.800458,9
Q19165,6239,C. elegans,13.424527,7.208846,12
G5ECR7,6239,C. elegans,10.891062,10.000648,17
Q8I4F7,6239,C. elegans,9.817578,11.696815,17
Q688B2,6239,C. elegans,9.2747,15.159619,11
Q4JFH9,6239,C. elegans,14.848449,9.918885,10
Q17770,6239,C. elegans,8.378752,13.916409,13
Q18547,6239,C. elegans,9.962548,13.055878,11
O01531,6239,C. elegans,11.192813,5.9693685,13
Q23158,6239,C. elegans,10.5881605,11.59204,6
G5EE12,6239,C. elegans,11.489951,7.858107,14
H2L0I2,6239,C. elegans,5.701675,13.43759,13
H8ESF3,6239,C. elegans,13.1774025,10.48565,12
E1NZ11,6239,C. elegans,12.739536,12.93258,14
H9G353,6239,C. elegans,12.324083,2.8112533,1
Q23088,6239,C. elegans,10.759778,10.049083,6
P32085,6239,C. elegans,12.168414,11.352063,6
Q18299,6239,C. elegans,11.22226,11.453382,17
P90835,6239,C. elegans,6.9037857,11.324777,9
Q23237,6239,C. elegans,5.2004967,16.978687,9
Q09994,6239,C. elegans,12.284483,9.515667,18
Q11085,6239,C. elegans,9.077517,6.200974,4
U4PAZ9,6239,C. elegans,12.232562,9.735585,18
Q09646,6239,C. elegans,10.495389,10.4119215,17
P10038,6239,C. elegans,14.897084,10.021385,10
B6VQ74,6239,C. elegans,13.196035,7.6114025,12
O01488,6239,C. elegans,10.288532,9.339614,15
Q9XVK6,6239,C. elegans,12.804699,10.240597,6
P90740,6239,C. elegans,9.801363,11.186508,17
D9PTP0,6239,C. elegans,9.781218,8.195627,15
G1K109,6239,C. elegans,12.651451,5.2435527,1
P91283,6239,C. elegans,7.851033,13.248088,13
D9PTN9,6239,C. elegans,11.505988,8.791823,15
G5ECC6,6239,C. elegans,12.532901,5.8631473,4
O02639,6239,C. elegans,8.014942,10.12758,6
Q8MQG0,6239,C. elegans,8.861516,12.695857,9
Q18410,6239,C. elegans,13.064095,7.9691434,12
O18276,6239,C. elegans,9.725309,4.565611,14
O18218,6239,C. elegans,13.664515,9.933396,10
Q94269,6239,C. elegans,12.311907,11.335486,2
Q18853,6239,C. elegans,7.1938405,12.027931,9
Q09496,6239,C. elegans,10.569347,21.295277,13
Q19294,6239,C. elegans,9.978388,11.271218,6
G5EG11,6239,C. elegans,8.0730095,6.069502,9
G5EDM4,6239,C. elegans,12.937811,9.766246,12
Q23406,6239,C. elegans,12.063881,8.720886,18
P36608,6239,C. elegans,0.61321676,11.348202,13
Q09583,6239,C. elegans,5.196059,16.985254,17
B3CJ34,6239,C. elegans,14.651352,9.541367,2
G8JYF1,6239,C. elegans,11.65693,9.391947,18
Q19826,6239,C. elegans,7.605254,9.60136,17
P34605,6239,C. elegans,6.9207935,11.181901,17
Q19187,6239,C. elegans,9.942859,9.94667,17
A3QM96,6239,C. elegans,13.522544,7.0486145,6
Q18550,6239,C. elegans,10.278182,7.3974795,18
Q965R3,6239,C. elegans,8.911828,5.3755813,0
O45828,6239,C. elegans,12.387432,5.681754,4
Q21227,6239,C. elegans,10.311249,9.135795,15
Q9U357,6239,C. elegans,8.779731,7.145638,4
H2L067,6239,C. elegans,14.261547,9.976716,10
Q18685,6239,C. elegans,10.779558,10.906958,17
H2L056,6239,C. elegans,12.077513,10.48061,6
H2KY86,6239,C. elegans,9.324943,11.86996,9
P09446,6239,C. elegans,8.075015,13.631568,13
O01767,6239,C. elegans,10.473927,9.592898,15
P41950,6239,C. elegans,12.596922,5.500569,4
Q9GYQ9,6239,C. elegans,12.973739,10.093553,10
Q95X44,6239,C. elegans,10.707773,11.889114,9
G5EG44,6239,C. elegans,14.855716,9.815738,10
G5ECH9,6239,C. elegans,10.3828745,6.437341,4
O62217,6239,C. elegans,9.767199,11.454069,17
Q9XWF2,6239,C. elegans,10.83487,12.4460945,6
G5EG32,6239,C. elegans,9.555339,9.777675,17
O44754,6239,C. elegans,10.070086,9.349952,15
Q20052,6239,C. elegans,11.36818,9.40243,18
O45257,6239,C. elegans,10.262327,9.241838,15
O01634,6239,C. elegans,8.81068,5.5458355,17
P24348,6239,C. elegans,10.92227,5.0490265,13
Q9XU27,6239,C. elegans,3.9604294,8.397895,13
B3WFV9,6239,C. elegans,11.190543,8.741034,18
Q9GYJ2,6239,C. elegans,12.409514,5.778601,12
Q21222,6239,C. elegans,8.939948,11.553085,9
Q86NH1,6239,C. elegans,12.540032,9.885829,10
Q22156,6239,C. elegans,14.540587,9.98134,10
Q9XVR6,6239,C. elegans,9.666123,11.484178,9
G5EC32,6239,C. elegans,12.957651,9.537351,18
U4PBJ9,6239,C. elegans,11.476478,9.360514,18
O17833,6239,C. elegans,11.430081,10.843717,14
O76725,6239,C. elegans,10.836133,5.2731977,9
E5QCF8,6239,C. elegans,7.5332627,11.986027,13
G1FC92,6239,C. elegans,12.135149,5.5404673,4
Q18211,6239,C. elegans,10.477895,10.126257,6
Q9XU67,6239,C. elegans,10.762351,12.174024,14
Q22472,6239,C. elegans,12.312253,9.538768,18
G5EFW7,6239,C. elegans,8.927096,-1.0139196,19
B7FAS6,6239,C. elegans,13.971295,10.038908,10
Q9U334,6239,C. elegans,10.390118,11.887108,6
P54218,6239,C. elegans,8.572413,7.9297466,4
Q95XZ0,6239,C. elegans,10.142222,11.286389,17
Q8MPT2,6239,C. elegans,11.798468,11.083294,14
Q23533,6239,C. elegans,9.897591,11.119014,17
G5EE68,6239,C. elegans,13.983523,10.745719,11
Q22252,6239,C. elegans,9.116277,8.828679,6
Q17636,6239,C. elegans,12.164355,9.051224,18
Q93761,6239,C. elegans,7.1035438,13.167434,13
Q21013,6239,C. elegans,12.418932,5.018384,1
P91184,6239,C. elegans,8.672174,5.1285834,0
Q09450,6239,C. elegans,6.709622,12.0133705,9
Q95008,6239,C. elegans,5.193975,16.98591,9
O44782,6239,C. elegans,11.579739,11.878936,14
P34563,6239,C. elegans,8.210831,11.571788,9
Q22129,6239,C. elegans,10.724096,5.239851,17
Q19490,6239,C. elegans,8.187551,15.124666,9
Q94271,6239,C. elegans,10.870078,5.9123917,17
P41830,6239,C. elegans,11.353477,11.417492,17
Q7JMQ6,6239,C. elegans,7.6476054,5.4050426,0
G5EBI0,6239,C. elegans,9.572563,9.402309,6
Q18223,6239,C. elegans,10.063978,11.64484,14
O17838,6239,C. elegans,12.185184,9.608607,18
G5ECI9,6239,C. elegans,11.0708885,10.717504,17
Q20412,6239,C. elegans,9.287082,9.016076,4
G5EFI4,6239,C. elegans,11.661889,5.218516,9
Q09590,6239,C. elegans,7.661613,12.811926,13
Q19584,6239,C. elegans,11.033494,10.904935,6
G5EGJ1,6239,C. elegans,12.542313,8.779718,18
Q20752,6239,C. elegans,7.689661,11.651503,9
O01869,6239,C. elegans,8.533349,9.018904,15
Q86D12,6239,C. elegans,7.4185133,11.901329,9
O16511,6239,C. elegans,13.156427,7.7827435,12
Q9XTS1,6239,C. elegans,11.9431305,9.718543,18
G5EF37,6239,C. elegans,0.5730743,11.35961,6
Q6RYS9,6239,C. elegans,8.518822,-0.37193492,14
A8DYR9,6239,C. elegans,14.22165,10.6831875,12
Q11184,6239,C. elegans,12.690785,9.766184,10
P34416,6239,C. elegans,12.757561,10.011286,10
Q19954,6239,C. elegans,9.644264,11.481448,17
Q94360,6239,C. elegans,7.182092,11.088251,17
P34314,6239,C. elegans,13.6326475,10.153757,12
G5EFD4,6239,C. elegans,7.5883307,6.197278,0
Q95R14,6239,C. elegans,10.984841,10.200624,6
G5EGU9,6239,C. elegans,13.598253,9.928796,10
G5EEC5,6239,C. elegans,11.856885,8.919088,18
Q9N4P3,6239,C. elegans,13.540032,9.664528,10
Q93315,6239,C. elegans,10.687199,10.755067,6
G5ECK3,6239,C. elegans,12.211751,9.067971,18
O02057,6239,C. elegans,8.31039,4.861718,0
G5ED30,6239,C. elegans,9.089289,5.7487535,0
Q9XXI9,6239,C. elegans,9.341642,11.751246,17
Q95Q17,6239,C. elegans,10.450236,8.537177,15
Q09442,6239,C. elegans,13.580673,10.704255,12
Q9N4C1,6239,C. elegans,9.037734,5.449869,17
O45865,6239,C. elegans,8.13553,3.1485882,11
P34441,6239,C. elegans,10.291804,9.359651,15
P91303,6239,C. elegans,10.789549,11.795369,6
G5EDF4,6239,C. elegans,8.669044,-0.64650273,19
P34370,6239,C. elegans,9.149762,11.351759,9
Q8MQ74,6239,C. elegans,11.343826,10.465533,6
Q20390,6239,C. elegans,11.1665535,4.6917734,13
Q17586,6239,C. elegans,9.053977,5.4950094,17
Q21217,6239,C. elegans,7.113233,13.386774,13
Q7Z1Z1,6239,C. elegans,11.291615,4.389823,1
P91155,6239,C. elegans,10.363155,11.44521,6
H2KZB2,6239,C. elegans,11.204654,9.241488,18
P18835,6239,C. elegans,13.032871,5.39768,12
P52554,6239,C. elegans,11.146746,12.404276,6
Q966L3,6239,C. elegans,13.259507,9.185259,18
O01542,6239,C. elegans,9.033092,12.898288,9
D9N129,6239,C. elegans,11.903869,9.375419,10
O17586,6239,C. elegans,5.1863713,16.977406,9
G5EEL5,6239,C. elegans,12.321786,5.054961,1
H9G2R5,6239,C. elegans,10.852889,8.353385,16
G5EBM4,6239,C. elegans,7.869247,4.9936433,0
Q09585,6239,C. elegans,10.2295685,8.345917,15
Q9XTZ5,6239,C. elegans,10.529213,8.850187,15
G5EFH8,6239,C. elegans,6.8108797,12.229236,9
O44511,6239,C. elegans,8.98028,5.9834847,4
G5EG67,6239,C. elegans,10.171269,6.5014477,1
O44628,6239,C. elegans,12.670874,9.686148,18
Q23194,6239,C. elegans,9.875777,11.179197,17
Q18212,6239,C. elegans,11.470648,14.192474,13
O17972,6239,C. elegans,10.3167,9.642811,15
Q21017,6239,C. elegans,12.525036,11.323792,6
C6S3M5,6239,C. elegans,11.171806,4.3798337,1
O01658,6239,C. elegans,10.6426325,10.479517,6
Q22895,6239,C. elegans,8.55196,-0.43852028,19
P10984,6239,C. elegans,15.557688,14.300543,11
P20271,6239,C. elegans,14.048845,10.510487,14
G5EFX1,6239,C. elegans,8.523394,-0.38421077,0
Q95QK3,6239,C. elegans,10.929906,9.444319,18
Q93561,6239,C. elegans,8.508283,5.9346895,17
Q9GZI3,6239,C. elegans,14.858896,9.5745325,10
G8JYB0,6239,C. elegans,10.871905,9.42259,15
P34545,6239,C. elegans,5.800375,12.58915,11
Q86DA0,6239,C. elegans,9.018316,11.15124,14
Q22743,6239,C. elegans,9.755439,12.719306,13
Q9BKU2,6239,C. elegans,7.0155373,11.790636,9
Q965X6,6239,C. elegans,11.547924,11.255962,10
P46769,6239,C. elegans,7.7565746,10.728042,6
G5EDS2,6239,C. elegans,10.558051,10.492185,17
O61775,6239,C. elegans,10.846417,9.182166,18
O01759,6239,C. elegans,11.064926,10.682008,17
Q23651,6239,C. elegans,9.622619,13.639199,11
Q23681,6239,C. elegans,10.360361,5.0942144,1
G5EGS7,6239,C. elegans,11.207337,8.897634,18
Q8I7M8,6239,C. elegans,12.51493,11.148597,14
Q95XD3,6239,C. elegans,10.400341,10.109504,6
Q9NAB5,6239,C. elegans,8.652881,5.174333,0
Q18486,6239,C. elegans,9.003149,10.963221,14
P91253,6239,C. elegans,6.39233,14.050264,13
Q19980,6239,C. elegans,7.7801943,11.978303,9
A9Z1L1,6239,C. elegans,15.35204,0.14738475,13
Q22366,6239,C. elegans,9.046529,5.4261956,14
Q94124,6239,C. elegans,6.928906,19.309738,11
G5EF72,6239,C. elegans,9.234201,13.162043,9
Q9XWD6,6239,C. elegans,12.990266,4.7232647,1
Q9TW67,6239,C. elegans,9.504022,11.579557,9
B6VQ88,6239,C. elegans,12.65369,8.896874,18
O62376,6239,C. elegans,7.793454,4.994233,0
Q19579,6239,C. elegans,13.64975,10.936096,12
P90895,6239,C. elegans,10.912174,10.712647,17
G5ECB2,6239,C. elegans,9.820642,4.9642434,1
H9G349,6239,C. elegans,11.60846,10.532726,6
G5EEW0,6239,C. elegans,8.722903,5.196486,17
O17622,6239,C. elegans,7.9240856,13.8042,13
O44986,6239,C. elegans,8.502634,-0.35784653,14
P90747,6239,C. elegans,15.33824,0.16248451,9
Q19591,6239,C. elegans,10.595753,6.344252,4
D3YT36,6239,C. elegans,6.2349124,12.775616,9
Q8MXS0,6239,C. elegans,7.3535066,6.2146163,9
Q22714,6239,C. elegans,12.373203,5.723237,4
Q09543,6239,C. elegans,10.010676,12.466446,9
Q23295,6239,C. elegans,7.1923637,13.032081,13
O02217,6239,C. elegans,9.976589,10.154566,17
Q09457,6239,C. elegans,13.186896,7.8499517,12
Q21453,6239,C. elegans,8.427082,6.0128446,17
Q9U1X7,6239,C. elegans,10.805154,10.533193,6
Q69Z08,6239,C. elegans,12.92396,8.966018,18
G5EFP3,6239,C. elegans,7.8998985,5.1961884,0
G5ECE8,6239,C. elegans,10.882974,5.104487,17
Q21330,6239,C. elegans,10.48516,6.4302783,4
Q21610,6239,C. elegans,11.9653015,9.30795,18
G5EDB9,6239,C. elegans,10.320035,11.794701,14
Q09363,6239,C. elegans,11.159696,4.3840117,17
Q8I7M7,6239,C. elegans,12.672221,9.58736,6
A5JYW9,6239,C. elegans,12.22212,5.218752,17
Q18966,6239,C. elegans,11.902606,10.283071,6
O01322,6239,C. elegans,10.187618,11.254513,17
Q19802,6239,C. elegans,10.70753,8.78783,15
Q95Y13,6239,C. elegans,10.219627,10.3666525,17
Q21473,6239,C. elegans,7.618295,5.353395,0
Q21339,6239,C. elegans,8.122118,5.1286683,0
G5EGL9,6239,C. elegans,10.237601,7.7613134,15
P91278,6239,C. elegans,15.036185,9.986766,10
P29691,6239,C. elegans,7.7507772,11.842729,9
G5ECX9,6239,C. elegans,8.150869,11.435289,9
G5EE04,6239,C. elegans,12.113642,10.599141,12
P38433,6239,C. elegans,10.880638,5.21543,9
O61521,6239,C. elegans,8.794495,7.4984674,4
Q9XUD8,6239,C. elegans,10.455079,6.439631,4
A0A0K3ATN9,6239,C. elegans,12.43119,4.996551,1
Q8I7K2,6239,C. elegans,10.045745,11.287729,17
Q95XQ1,6239,C. elegans,13.771041,9.54105,10
Q8MXI4,6239,C. elegans,12.709816,12.887412,14
Q8WQC9,6239,C. elegans,10.512638,11.599628,9
Q9GYJ9,6239,C. elegans,10.771223,11.454724,6
Q09604,6239,C. elegans,14.713347,9.952024,10
O16926,6239,C. elegans,9.681982,4.5972013,1
O01902,6239,C. elegans,11.017565,8.936816,18
Q21773,6239,C. elegans,6.4267235,12.730264,13
G5EBJ4,6239,C. elegans,10.62648,11.4537115,9
Q9XX11,6239,C. elegans,7.8043556,12.275335,9
O18068,6239,C. elegans,11.727802,8.842373,18
G5EDM9,6239,C. elegans,9.305225,4.8229465,1
G8JYD7,6239,C. elegans,11.198793,8.44652,16
Q95PZ9,6239,C. elegans,12.333482,12.429518,14
Q9VET1,7227,D. melanogaster,10.603966,4.9445615,17
Q9VV87,7227,D. melanogaster,8.31696,5.873278,0
Q9VJZ5,7227,D. melanogaster,10.457999,9.413544,6
Q8IRG8,7227,D. melanogaster,12.196175,4.511922,1
P29742,7227,D. melanogaster,7.2825274,12.5701275,13
Q7KPL1,7227,D. melanogaster,14.595682,9.884042,10
Q7K4C7,7227,D. melanogaster,11.658061,9.381555,18
Q9W3J9,7227,D. melanogaster,13.68769,9.485386,10
Q86NL4,7227,D. melanogaster,10.247516,12.280806,9
Q7KVQ0,7227,D. melanogaster,13.340191,10.858716,12
Q9VP79,7227,D. melanogaster,13.702969,9.534132,10
Q24030,7227,D. melanogaster,15.090928,9.472963,10
Q9VTW8,7227,D. melanogaster,7.6800423,12.109816,9
Q8SYF0,7227,D. melanogaster,10.472883,12.555539,14
M9PIK8,7227,D. melanogaster,13.080145,9.604535,10
A0A0B4LG15,7227,D. melanogaster,12.6305485,9.482824,18
Q8MSW0,7227,D. melanogaster,7.314536,11.520182,13
Q8SZB6,7227,D. melanogaster,10.229201,11.895834,17
Q0E9M2,7227,D. melanogaster,8.947724,13.199765,14
A0A0U1QT60,7227,D. melanogaster,12.190606,10.609139,6
Q9VMY0,7227,D. melanogaster,10.745491,10.939322,14
Q9VSW2,7227,D. melanogaster,7.438056,11.895548,9
Q24351,7227,D. melanogaster,10.208708,4.9500165,1
X2J927,7227,D. melanogaster,14.326108,9.884129,10
Q0E8T8,7227,D. melanogaster,10.776046,10.919244,14
Q9W056,7227,D. melanogaster,8.026415,5.037209,0
X2J8K5,7227,D. melanogaster,12.489186,9.814429,6
Q15K30,7227,D. melanogaster,12.06609,10.756398,6
P20348,7227,D. melanogaster,8.324589,8.826104,15
Q8MQP8,7227,D. melanogaster,14.264614,9.876807,10
Q9V447,7227,D. melanogaster,8.659056,6.203711,17
Q9N9Z7,7227,D. melanogaster,9.6476,8.014926,15
Q9VFF3,7227,D. melanogaster,11.177402,10.451893,6
Q86PA6,7227,D. melanogaster,15.279178,9.627591,10
Q9W274,7227,D. melanogaster,10.884706,5.152851,9
Q8IRM9,7227,D. melanogaster,10.6447315,10.399414,6
Q8MT12,7227,D. melanogaster,12.297928,9.833584,18
Q8IRT0,7227,D. melanogaster,9.734303,8.92208,15
Q9V6L0,7227,D. melanogaster,10.663149,10.074496,17
A1Z8K9,7227,D. melanogaster,11.8223505,5.2276616,1
Q8IH21,7227,D. melanogaster,13.161791,7.7972813,12
A0A0B4K7N1,7227,D. melanogaster,13.372115,5.2097363,1
Q8MSY6,7227,D. melanogaster,13.85111,9.553786,10
Q9VZL3,7227,D. melanogaster,8.296592,5.869227,0
Q7K566,7227,D. melanogaster,8.134865,3.14991,11
Q6WV17,7227,D. melanogaster,11.282292,4.408025,1
Q8I7W6,7227,D. melanogaster,12.758181,9.760801,18
Q9W103,7227,D. melanogaster,13.581514,7.0440507,18
Q9VY91,7227,D. melanogaster,10.583913,10.555434,6
Q7KRY7,7227,D. melanogaster,10.487224,12.4452,9
Q9VM71,7227,D. melanogaster,9.915216,11.269218,17
A0A0B4KEC6,7227,D. melanogaster,8.659342,5.1520715,17
Q95U36,7227,D. melanogaster,13.965406,10.066752,10
P35122,7227,D. melanogaster,7.758599,12.806739,9
Q7KTL4,7227,D. melanogaster,12.664668,8.97061,18
Q9VDL1,7227,D. melanogaster,9.9422455,11.083298,14
O77284,7227,D. melanogaster,14.078767,10.68465,11
Q9W0H3,7227,D. melanogaster,8.654723,12.011348,9
H9XVQ2,7227,D. melanogaster,14.915294,9.992821,10
Q9XYQ2,7227,D. melanogaster,9.905671,8.4029665,15
Q9NG24,7227,D. melanogaster,8.128768,11.495605,9
Q966U8,7227,D. melanogaster,12.981874,9.603996,10
Q9VKD6,7227,D. melanogaster,10.288535,8.998938,15
Q8MYW1,7227,D. melanogaster,8.270987,6.5291142,0
O46038,7227,D. melanogaster,7.8633986,12.752048,9
O18367,7227,D. melanogaster,8.892443,5.485269,17
M9PID8,7227,D. melanogaster,14.810329,10.050312,10
Q8SWS7,7227,D. melanogaster,11.877846,9.881774,6
Q9VM45,7227,D. melanogaster,10.898417,11.233579,6
A1Z7Q8,7227,D. melanogaster,13.194354,9.864712,10
P11596,7227,D. melanogaster,13.368494,9.6302805,10
Q9VST0,7227,D. melanogaster,14.571399,10.370481,10
Q8SYN6,7227,D. melanogaster,12.127997,10.711458,6
Q9VK36,7227,D. melanogaster,14.573558,9.304427,10
E1JIM0,7227,D. melanogaster,9.584459,9.804417,17
Q8SXY5,7227,D. melanogaster,13.174561,7.39761,18
Q400N2,7227,D. melanogaster,14.64627,10.297459,10
Q9V3E3,7227,D. melanogaster,9.195045,9.142741,15
Q8ST61,7227,D. melanogaster,11.045309,10.699498,6
Q9VXF1,7227,D. melanogaster,10.276541,13.693815,11
Q95SG9,7227,D. melanogaster,12.52936,10.037516,6
Q9W1H0,7227,D. melanogaster,14.990355,8.296393,14
A0A0B4K7P1,7227,D. melanogaster,11.105081,11.735414,17
M9NCX9,7227,D. melanogaster,9.666997,11.896374,17
Q7KN97,7227,D. melanogaster,5.097656,11.437491,3
Q9I7L4,7227,D. melanogaster,9.729412,11.774111,17
M9NFB8,7227,D. melanogaster,12.228187,10.149005,10
Q8WRS2,7227,D. melanogaster,13.873442,9.5939865,10
Q9VWX8,7227,D. melanogaster,0.60610235,11.346388,13
Q9VNE9,7227,D. melanogaster,7.9756703,10.145498,15
Q9VPW2,7227,D. melanogaster,9.169167,11.780311,17
Q7KF43,7227,D. melanogaster,14.872109,9.637982,10
M9PIG4,7227,D. melanogaster,10.216147,10.286129,6
Q8T7S2,7227,D. melanogaster,9.700133,4.5629096,11
A8JNC7,7227,D. melanogaster,13.427686,5.211298,14
A0A0B4KGB4,7227,D. melanogaster,14.640101,10.6224165,10
Q9VYY3,7227,D. melanogaster,7.447057,10.789155,6
A0A1Z1CH25,7227,D. melanogaster,8.923155,12.728634,9
Q9VR61,7227,D. melanogaster,12.521999,12.301941,14
P26019,7227,D. melanogaster,14.738707,9.446959,10
Q9VHW4,7227,D. melanogaster,10.104023,11.474659,17
Q8T3Y0,7227,D. melanogaster,11.087238,11.656668,17
Q9VPD3,7227,D. melanogaster,8.402651,5.8224936,0
Q9GT68,7227,D. melanogaster,10.830512,11.933167,14
P09615,7227,D. melanogaster,12.324355,2.8026118,1
A0A0B4K6X6,7227,D. melanogaster,13.702724,9.585869,10
Q9VWV6,7227,D. melanogaster,11.692147,4.993437,1
P42325,7227,D. melanogaster,0.61825323,11.352202,11
Q9VPK4,7227,D. melanogaster,14.064964,9.919394,10
Q7YZA1,7227,D. melanogaster,12.704857,6.042886,4
A0A0B4JDA0,7227,D. melanogaster,12.679049,9.974381,6
Q7K4V4,7227,D. melanogaster,9.847278,11.143073,17
Q9VUU8,7227,D. melanogaster,11.62279,9.995427,6
Q9VFW6,7227,D. melanogaster,8.545877,-0.4090942,19
Q8MZ98,7227,D. melanogaster,10.286081,10.150871,17
A0A0B4KGI0,7227,D. melanogaster,11.33915,12.559158,17
Q9VHQ0,7227,D. melanogaster,9.049801,9.784877,17
Q9VS05,7227,D. melanogaster,15.345437,9.649253,10
Q0KIB3,7227,D. melanogaster,9.286974,12.05645,9
Q8T3W6,7227,D. melanogaster,15.040134,10.187592,10
Q9GTV0,7227,D. melanogaster,12.626369,9.90464,14
Q15K31,7227,D. melanogaster,13.619104,9.383711,18
O96828,7227,D. melanogaster,13.5549135,10.699862,12
Q9NGZ2,7227,D. melanogaster,8.887414,5.387243,0
M9NES5,7227,D. melanogaster,14.203545,9.545354,10
M9PHS3,7227,D. melanogaster,11.448246,7.5669174,11
Q9VMW4,7227,D. melanogaster,8.576625,6.3903556,0
Q9VAX3,7227,D. melanogaster,14.074834,10.68738,12
Q9VFG8,7227,D. melanogaster,12.484566,10.677338,12
P48588,7227,D. melanogaster,8.540803,10.297276,6
Q7KNR7,7227,D. melanogaster,7.0979466,13.088129,13
O96681,7227,D. melanogaster,12.612518,4.5796313,1
O17452,7227,D. melanogaster,11.97416,5.1330132,1
Q9VLJ7,7227,D. melanogaster,7.87342,12.850153,9
Q8T3I9,7227,D. melanogaster,13.015775,4.864292,1
Q9VN82,7227,D. melanogaster,13.162936,9.7533455,6
Q24040,7227,D. melanogaster,8.701887,8.500173,15
O01349,7227,D. melanogaster,12.838029,12.67052,14
Q8IMV6,7227,D. melanogaster,12.944411,9.760092,12
Q9W3Z4,7227,D. melanogaster,11.918089,9.678187,18
Q95U71,7227,D. melanogaster,12.24722,9.946206,18
A0A0C4DHF5,7227,D. melanogaster,13.3071575,7.0705485,18
P48809,7227,D. melanogaster,13.574196,10.701124,12
Q9VIK6,7227,D. melanogaster,12.450767,9.384236,18
Q9VBZ6,7227,D. melanogaster,9.984339,10.959225,17
Q9UAC5,7227,D. melanogaster,11.25391,11.861431,14
Q9VP85,7227,D. melanogaster,9.881795,11.080592,17
Q962I0,7227,D. melanogaster,14.430609,9.576928,10
A0A0B4KEI8,7227,D. melanogaster,8.584175,-0.48742,19
Q9VEC6,7227,D. melanogaster,12.997211,9.793392,18
Q9VVL1,7227,D. melanogaster,10.194834,5.00325,1
Q5BID5,7227,D. melanogaster,9.174359,11.394074,17
Q9W4K1,7227,D. melanogaster,8.737435,-0.7149001,19
Q7K105,7227,D. melanogaster,12.684444,10.0462265,10
A0A0B4KGP0,7227,D. melanogaster,13.116052,9.770239,2
M9PFJ2,7227,D. melanogaster,13.750127,5.015019,14
Q24562,7227,D. melanogaster,13.638453,10.9919195,11
Q6AWH4,7227,D. melanogaster,13.064163,8.835907,18
A1Z8L3,7227,D. melanogaster,9.55081,12.040013,9
Q24535,7227,D. melanogaster,14.680955,9.621629,10
Q9VT37,7227,D. melanogaster,13.126887,7.531371,12
Q9VR95,7227,D. melanogaster,9.991303,10.02638,6
E1JHS8,7227,D. melanogaster,11.9516535,9.590684,18
Q5BHZ5,7227,D. melanogaster,13.905924,10.126567,10
Q8MSV2,7227,D. melanogaster,14.164467,10.601284,12
P10674,7227,D. melanogaster,11.903212,5.188197,17
Q8T6L9,7227,D. melanogaster,8.008701,5.0941844,0
Q9VXW2,7227,D. melanogaster,14.058342,8.701077,2
A0A0B4LFF9,7227,D. melanogaster,13.0858345,9.466726,10
A8DYP2,7227,D. melanogaster,10.316665,5.016841,17
Q9VQ58,7227,D. melanogaster,14.060597,9.473699,10
P48591,7227,D. melanogaster,6.7705936,11.393106,17
Q9VLU5,7227,D. melanogaster,7.599101,12.92831,3
A1Z6Q1,7227,D. melanogaster,11.5792675,10.132276,6
Q9VP35,7227,D. melanogaster,10.806965,5.2036405,13
Q7JXV9,7227,D. melanogaster,9.761751,11.733762,17
Q6IIF2,7227,D. melanogaster,11.128867,8.466317,18
A1YK36,7227,D. melanogaster,12.228045,9.864625,18
A0A0B4JDC5,7227,D. melanogaster,9.227194,10.588471,17
A0A0B4K6W9,7227,D. melanogaster,14.021648,10.6351185,12
Q24062,7227,D. melanogaster,7.067857,12.339847,9
Q9W329,7227,D. melanogaster,11.671513,10.736057,6
M9NEF2,7227,D. melanogaster,11.366394,12.412165,17
Q58S70,7227,D. melanogaster,13.304659,5.6733336,1
Q7KVE5,7227,D. melanogaster,12.535515,9.936465,18
A0A0B4LIP5,7227,D. melanogaster,13.227858,10.036289,10
Q95SW3,7227,D. melanogaster,12.51734,11.730744,14
O96816,7227,D. melanogaster,12.240438,10.779312,6
Q9VSY9,7227,D. melanogaster,14.392868,10.64636,10
Q9NGX3,7227,D. melanogaster,10.050629,8.000029,15
Q9W2M7,7227,D. melanogaster,10.992245,4.984261,13
Q9VBN2,7227,D. melanogaster,13.041672,4.739898,1
M9PDW6,7227,D. melanogaster,9.537071,11.206256,9
Q9NH54,7227,D. melanogaster,8.850428,11.742939,3
Q9VEX7,7227,D. melanogaster,14.283042,9.607913,10
Q9VHT4,7227,D. melanogaster,8.155825,4.7471857,0
Q9NDS5,7227,D. melanogaster,9.517761,8.167005,16
E2QD16,7227,D. melanogaster,13.790063,9.16014,2
Q2Q3V7,7227,D. melanogaster,6.9966693,10.655561,17
Q9VXI1,7227,D. melanogaster,6.4459085,12.757864,13
Q9VHH2,7227,D. melanogaster,8.5577345,6.2341876,17
O46093,7227,D. melanogaster,12.443451,9.768506,18
A1ZBW7,7227,D. melanogaster,9.467899,10.748581,17
Q9VGA5,7227,D. melanogaster,12.810776,4.2989154,1
Q9NF31,7227,D. melanogaster,12.531709,10.477999,12
Q8IRJ2,7227,D. melanogaster,12.437914,9.895071,18
O76864,7227,D. melanogaster,7.7346945,12.05966,9
P91944,7227,D. melanogaster,9.531933,10.774287,6
Q2PNN3,7227,D. melanogaster,10.266224,9.414622,15
P32866,7227,D. melanogaster,12.347165,12.164334,14
Q01820,7227,D. melanogaster,10.452804,11.022356,17
Q9VQV2,7227,D. melanogaster,13.789015,9.519672,10
A1Z8M2,7227,D. melanogaster,12.201515,12.15972,14
A0A126GUQ4,7227,D. melanogaster,7.9166803,12.550616,9
Q9VXY9,7227,D. melanogaster,10.336408,5.0912466,9
Q9VAU9,7227,D. melanogaster,10.676298,9.163514,4
Q9NGL1,7227,D. melanogaster,9.846548,11.735043,14
Q7KYI0,7227,D. melanogaster,3.9571657,8.3941965,11
O76922,7227,D. melanogaster,9.476329,12.12886,9
Q9VEN9,7227,D. melanogaster,12.679678,9.879444,10
B7Z0E8,7227,D. melanogaster,10.348462,10.816677,17
A0A0B4LGY1,7227,D. melanogaster,13.336831,9.775351,10
Q9VX12,7227,D. melanogaster,12.367702,9.571162,18
Q9W3H4,7227,D. melanogaster,7.153225,13.245287,13
Q2PNP1,7227,D. melanogaster,10.26553,9.416008,15
Q8MZC6,7227,D. melanogaster,12.07053,12.245061,14
A0A0B4K6K8,7227,D. melanogaster,14.087254,10.664922,12
Q9VBN5,7227,D. melanogaster,8.050606,10.612551,9
P41073,7227,D. melanogaster,12.724703,9.920257,12
Q9VTV7,7227,D. melanogaster,12.545836,9.009409,18
Q9VSK2,7227,D. melanogaster,12.606968,11.369565,14
Q8IN02,7227,D. melanogaster,6.8882093,13.151138,13
Q8INK9,7227,D. melanogaster,9.538776,11.082737,17
Q9VT23,7227,D. melanogaster,12.819833,4.1699753,13
Q29R48,7227,D. melanogaster,13.547935,9.442512,10
Q27571,7227,D. melanogaster,13.825526,5.11033,5
Q05344,7227,D. melanogaster,10.530284,12.203685,6
Q9VH64,7227,D. melanogaster,10.186094,9.701116,4
O01712,7227,D. melanogaster,11.480775,14.210062,13
M9NDL7,7227,D. melanogaster,13.622326,9.569778,10
P91670,7227,D. melanogaster,13.43492,5.1668696,1
Q70HU3,7227,D. melanogaster,13.052225,9.929422,12
Q9W141,7227,D. melanogaster,9.198731,9.08222,17
Q9NGX6,7227,D. melanogaster,9.556482,11.183494,17
A0A0B4KFL3,7227,D. melanogaster,10.743707,10.835399,6
Q9VKD3,7227,D. melanogaster,6.7788935,13.114656,11
Q24439,7227,D. melanogaster,7.8565984,13.236395,13
Q9VXE9,7227,D. melanogaster,9.9910345,11.675897,9
Q9W5B3,7227,D. melanogaster,11.301461,9.958592,6
Q9VW40,7227,D. melanogaster,10.661049,9.939734,17
P81914,7227,D. melanogaster,8.934755,4.775042,0
Q961N0,7227,D. melanogaster,10.897672,5.1759925,9
Q0E9A5,7227,D. melanogaster,10.218005,11.75275,14
P41092,7227,D. melanogaster,7.921353,10.559799,13
Q9VTS9,7227,D. melanogaster,12.781034,10.217333,14
Q9VR25,7227,D. melanogaster,13.281589,5.1335354,1
Q95TU4,7227,D. melanogaster,11.889134,6.5955963,17
P17970,7227,D. melanogaster,13.20034,9.949375,12
Q95RJ1,7227,D. melanogaster,13.949129,8.603418,2
Q9VEP3,7227,D. melanogaster,11.160992,5.0288167,1
P05031,7227,D. melanogaster,6.736794,12.737081,13
X2JGC3,7227,D. melanogaster,13.081392,5.356308,12
P09478,7227,D. melanogaster,9.718171,4.580197,14
Q9VK67,7227,D. melanogaster,12.534535,8.747969,18
Q9V3T8,7227,D. melanogaster,13.330022,10.432141,12
Q8SYJ7,7227,D. melanogaster,9.750042,12.616899,9
P61849,7227,D. melanogaster,13.6428385,6.976009,4
Q0E9K8,7227,D. melanogaster,11.797697,12.155405,14
Q9V3T1,7227,D. melanogaster,9.379505,12.143643,9
A0A0B4KGK5,7227,D. melanogaster,13.36916,10.725436,12
G5CKU5,7227,D. melanogaster,10.6404,8.617324,16
Q9VJN5,7227,D. melanogaster,14.039705,9.244594,6
Q9U5W9,7227,D. melanogaster,10.80674,12.019358,6
Q9VJ56,7227,D. melanogaster,8.976946,5.2218094,17
Q8MTJ1,7227,D. melanogaster,15.16659,9.569622,10
Q9NIP6,7227,D. melanogaster,13.608115,7.002542,18
Q9VEG4,7227,D. melanogaster,9.706741,4.858261,19
P11449,7227,D. melanogaster,13.1203375,7.7410536,12
Q8SYE1,7227,D. melanogaster,10.360295,11.242203,9
Q7JW46,7227,D. melanogaster,9.167336,8.966048,6
Q23983,7227,D. melanogaster,10.162306,13.044128,13
Q9VVQ1,7227,D. melanogaster,8.584205,-0.4784062,19
Q7KYD6,7227,D. melanogaster,12.658156,5.936378,4
P48603,7227,D. melanogaster,8.68944,8.50131,15
Q9NHE9,7227,D. melanogaster,12.666621,4.9445496,1
Q27934,7227,D. melanogaster,12.766003,8.956056,18
Q9W4H6,7227,D. melanogaster,7.091063,12.996606,13
Q9W5E1,7227,D. melanogaster,10.156323,13.6113405,11
Q961T2,7227,D. melanogaster,12.630994,9.934283,6
Q9VPR6,7227,D. melanogaster,9.671292,12.003551,9
Q9VC96,7227,D. melanogaster,14.962107,10.844059,10
Q9V8K2,7227,D. melanogaster,10.323208,12.159973,9
M9NEH9,7227,D. melanogaster,14.020245,10.709618,12
A1XXK7,7227,D. melanogaster,10.662412,8.493935,15
P18475,7227,D. melanogaster,13.447161,5.2759547,1
Q8IGX2,7227,D. melanogaster,8.967245,5.319401,14
Q9VSV1,7227,D. melanogaster,8.20134,5.0777907,0
A0A0B4KEE7,7227,D. melanogaster,11.024855,10.487428,6
O16158,7227,D. melanogaster,0.63901144,11.332593,9
Q7JWR6,7227,D. melanogaster,14.460065,9.609953,10
Q9VKJ3,7227,D. melanogaster,8.441788,11.495583,14
A0A0B4JCU1,7227,D. melanogaster,12.493965,12.151119,14
Q9W2R1,7227,D. melanogaster,7.6529403,12.617327,9
Q9VBY3,7227,D. melanogaster,11.079529,4.5034437,17
Q9VEZ3,7227,D. melanogaster,5.8732862,12.119523,3
Q00IN0,7227,D. melanogaster,13.050995,9.703134,18
Q9VX25,7227,D. melanogaster,9.27914,13.085906,13
E1JHF8,7227,D. melanogaster,12.341741,5.534705,4
Q7YU87,7227,D. melanogaster,11.891314,9.373804,18
P02515,7227,D. melanogaster,16.933008,7.615421,6
Q9XZF9,7227,D. melanogaster,13.288846,5.7361665,1
P20483,7227,D. melanogaster,12.733737,9.782141,10
Q8IT87,7227,D. melanogaster,9.219953,5.574909,4
Q9VEQ2,7227,D. melanogaster,10.244301,12.535791,9
Q9VHN9,7227,D. melanogaster,9.794989,9.699469,17
Q5BI31,7227,D. melanogaster,12.52035,12.3688755,14
Q9VFP5,7227,D. melanogaster,10.361126,10.311696,17
Q8IQE9,7227,D. melanogaster,15.217094,9.634399,10
Q9W539,7227,D. melanogaster,9.674783,10.919992,17
Q94914,7227,D. melanogaster,6.8832507,12.468167,13
Q9W088,7227,D. melanogaster,9.110329,12.454226,9
Q9VNP8,7227,D. melanogaster,9.687445,12.526459,9
Q960D2,7227,D. melanogaster,12.210418,10.043228,18
P18489,7227,D. melanogaster,11.641102,10.866761,12
A0A0B4KFZ2,7227,D. melanogaster,8.46362,11.309125,14
Q9VZY3,7227,D. melanogaster,13.256038,9.792138,10
A0A0B4KEK1,7227,D. melanogaster,12.016262,11.584863,2
Q95R68,7227,D. melanogaster,10.7183695,5.2234173,9
Q7JXF7,7227,D. melanogaster,10.1098995,10.146594,6
Q9W061,7227,D. melanogaster,9.155113,9.675564,17
Q7JWG9,7227,D. melanogaster,9.435415,9.062386,18
A0A0B4K7E7,7227,D. melanogaster,8.886736,11.53495,9
Q9VAM6,7227,D. melanogaster,9.708219,9.736249,4
Q7K550,7227,D. melanogaster,12.021439,10.485499,6
O61538,7227,D. melanogaster,9.514013,12.458876,14
Q9VBY6,7227,D. melanogaster,10.993182,8.885585,18
A0A0B4KF15,7227,D. melanogaster,8.302987,5.708993,0
A1ZBW1,7227,D. melanogaster,13.320064,10.769496,12
P14484,7227,D. melanogaster,12.640113,5.8602514,12
M9PBN6,7227,D. melanogaster,12.969886,9.241955,12
Q9VHC4,7227,D. melanogaster,12.626575,10.252561,6
Q86BH2,7227,D. melanogaster,12.828369,13.06657,14
Q86P75,7227,D. melanogaster,9.532758,8.087835,16
Q9Y0I1,7227,D. melanogaster,11.663748,10.632475,6
Q9U1K1,7227,D. melanogaster,12.847638,9.733469,18
Q8T950,7227,D. melanogaster,12.341935,15.960817,16
Q8MR48,7227,D. melanogaster,13.182654,7.48916,12
Q95TB1,7227,D. melanogaster,13.0238085,5.664275,18
Q9VLM8,7227,D. melanogaster,7.3564553,12.454319,9
Q6NR17,7227,D. melanogaster,12.666459,4.5231705,1
O46122,7227,D. melanogaster,13.566655,9.437226,10
Q8SX63,7227,D. melanogaster,15.121473,9.526758,10
Q0E8H9,7227,D. melanogaster,10.828898,5.22201,9
A0A0C4DHD5,7227,D. melanogaster,13.414019,10.921667,14
Q9VVM6,7227,D. melanogaster,8.184964,5.2212214,0
Q9VBI3,7227,D. melanogaster,11.354158,11.232222,6
Q9VCC9,7227,D. melanogaster,12.348152,10.045658,18
P41596,7227,D. melanogaster,8.512322,-0.39463788,19
Q8IPV7,7227,D. melanogaster,14.07066,9.497747,10
Q9NGX8,7227,D. melanogaster,12.909632,9.891331,10
Q8IMJ3,7227,D. melanogaster,11.339057,8.623761,18
Q9VX20,7227,D. melanogaster,14.526071,9.933643,10
Q9VU88,7227,D. melanogaster,12.234832,10.383308,6
X2J8G3,7227,D. melanogaster,11.95449,9.719618,10
Q8SYD9,7227,D. melanogaster,10.748128,11.324034,6
A0A0B4JCV3,7227,D. melanogaster,12.895641,9.413407,18
P05812,7227,D. melanogaster,12.901835,8.91117,18
A0A0B4KFZ5,7227,D. melanogaster,9.027623,5.3899436,17
Q8SYQ2,7227,D. melanogaster,5.1972456,16.983578,9
Q8IMX1,7227,D. melanogaster,9.830945,13.1634,11
Q8IR95,7227,D. melanogaster,12.549912,5.4740243,1
Q8IMR1,7227,D. melanogaster,12.064618,5.142315,17
Q9VWA8,7227,D. melanogaster,10.227111,10.182965,6
P24785,7227,D. melanogaster,6.773182,12.187807,9
Q7JQ32,7227,D. melanogaster,10.118197,12.816991,9
Q9VWW4,7227,D. melanogaster,11.541604,8.527705,18
P20009,7227,D. melanogaster,14.989762,9.470036,10
R9PY21,7227,D. melanogaster,15.326098,9.566431,10
Q9VKS9,7227,D. melanogaster,10.806102,4.962586,9
A0A0B4K828,7227,D. melanogaster,7.096383,13.119503,13
M9PG92,7227,D. melanogaster,14.928752,9.66342,10
Q95TG0,7227,D. melanogaster,11.223198,5.9585347,13
Q7KT57,7227,D. melanogaster,11.697484,8.605536,18
X2JC83,7227,D. melanogaster,7.3108625,9.810473,15
Q8IPB7,7227,D. melanogaster,10.865993,5.2102056,13
Q9VFL5,7227,D. melanogaster,7.5515785,12.4189005,9
Q7K175,7227,D. melanogaster,9.58341,11.03168,17
Q9V4B2,7227,D. melanogaster,12.407974,11.06036,14
B7YZW2,7227,D. melanogaster,12.841303,9.151116,18
Q7JWD6,7227,D. melanogaster,3.9584846,8.394995,14
Q9VVH9,7227,D. melanogaster,8.352419,4.957447,1
M9PDP3,7227,D. melanogaster,13.104651,7.721209,12
Q9VW27,7227,D. melanogaster,15.083748,9.538792,10
E1JJS2,7227,D. melanogaster,11.09284,9.225943,7
Q24432,7227,D. melanogaster,15.204649,9.60488,10
Q9VYX3,7227,D. melanogaster,10.897469,10.197625,17
Q8IR98,7227,D. melanogaster,7.025683,19.131084,14
Q9VLZ7,7227,D. melanogaster,9.229359,15.099987,13
Q9VQ93,7227,D. melanogaster,7.02982,10.505989,17
P33270,7227,D. melanogaster,9.258151,15.150905,11
P29555,7227,D. melanogaster,15.261182,9.612023,10
Q9W1X9,7227,D. melanogaster,12.567096,10.330592,6
E1JH70,7227,D. melanogaster,13.265448,9.216388,18
Q7K1V5,7227,D. melanogaster,9.019005,7.2700033,15
A0A0B4LH22,7227,D. melanogaster,12.238813,4.634878,5
Q8MRT0,7227,D. melanogaster,12.074952,9.084486,18
Q9VVR6,7227,D. melanogaster,11.743319,10.243564,6
Q9VFI9,7227,D. melanogaster,10.992292,11.045845,14
P41046,7227,D. melanogaster,15.239574,9.615192,10
O96838,7227,D. melanogaster,12.23086,12.103058,14
C0HL67,7227,D. melanogaster,7.86442,9.784024,6
P54362,7227,D. melanogaster,10.604169,10.795441,6
Q8T3K2,7227,D. melanogaster,12.263553,9.623592,18
P07187,7227,D. melanogaster,11.803124,5.876073,12
Q95S91,7227,D. melanogaster,12.28525,15.901337,16
O44386,7227,D. melanogaster,12.246158,4.9527016,1
P21663,7227,D. melanogaster,11.380543,6.5433335,4
Q9VK71,7227,D. melanogaster,14.758825,9.57009,10
Q9VSJ0,7227,D. melanogaster,7.2135143,13.590176,11
Q9V785,7227,D. melanogaster,12.328164,10.105027,18
Q10714,7227,D. melanogaster,10.851775,5.212757,9
Q86PC5,7227,D. melanogaster,10.127613,11.161147,17
Q9VTN5,7227,D. melanogaster,8.906721,12.763233,9
A0A0B4LIS6,7227,D. melanogaster,13.443206,9.190672,18
Q8T085,7227,D. melanogaster,9.29773,5.9466777,17
Q3KN55,7227,D. melanogaster,10.965,11.177353,14
Q9NBA1,7227,D. melanogaster,10.940826,8.122686,14
P22293,7227,D. melanogaster,5.3002863,11.424387,8
Q9W0R8,7227,D. melanogaster,7.100179,11.929015,9
Q7PLC7,7227,D. melanogaster,6.6436315,12.151375,9
Q9VZ69,7227,D. melanogaster,13.758764,10.768512,12
P0CG69,7227,D. melanogaster,13.441305,8.112098,11
Q9VFS6,7227,D. melanogaster,9.833618,9.041585,15
Q24492,7227,D. melanogaster,8.464388,13.524082,13
M9NDW2,7227,D. melanogaster,10.71001,8.431412,15
Q9VZI1,7227,D. melanogaster,9.156944,12.847036,9
E1JIS4,7227,D. melanogaster,12.53823,5.758333,4
Q9VFP6,7227,D. melanogaster,7.6531224,12.031919,9
Q8MSQ5,7227,D. melanogaster,11.986491,9.68734,18
Q9VYH3,7227,D. melanogaster,6.2902803,12.022083,3
Q9NCP8,7227,D. melanogaster,14.691934,9.898094,10
O17312,7227,D. melanogaster,5.206413,16.994982,17
O61443,7227,D. melanogaster,12.882183,13.1445875,11
Q8INQ0,7227,D. melanogaster,5.5005403,12.65973,3
Q9V3G9,7227,D. melanogaster,9.181439,8.48127,15
Q9VZU2,7227,D. melanogaster,8.345481,5.8861485,17
Q967X6,7227,D. melanogaster,13.408653,5.1720285,1
E0R905,7227,D. melanogaster,15.171801,9.608033,12
Q9W1V3,7227,D. melanogaster,12.975715,11.059865,14
Q8IQ98,7227,D. melanogaster,15.200628,9.652333,10
O76268,7227,D. melanogaster,11.36029,4.884191,9
Q8IMX4,7227,D. melanogaster,13.722384,10.913094,12
P18101,7227,D. melanogaster,11.397788,13.352818,14
Q9VKK1,7227,D. melanogaster,8.154759,4.6406,11
A8JRD0,7227,D. melanogaster,13.031964,4.743744,1
Q0E8U7,7227,D. melanogaster,14.622104,9.145515,2
P91683,7227,D. melanogaster,10.132472,13.445694,11
Q960C2,7227,D. melanogaster,10.232352,11.445209,17
Q9Y0E4,7227,D. melanogaster,11.339305,12.622747,14
P20193,7227,D. melanogaster,13.702788,5.175228,1
Q7K3N4,7227,D. melanogaster,9.065507,11.308653,9
Q9VUV3,7227,D. melanogaster,10.664647,8.3786545,18
Q9VQ91,7227,D. melanogaster,11.819513,11.046864,6
A0A0S0WGX2,7227,D. melanogaster,8.259418,5.0174994,0
Q9V3A4,7227,D. melanogaster,8.620467,5.6653543,12
A0A0B4JD55,7227,D. melanogaster,14.030382,8.701846,2
P83296,7227,D. melanogaster,8.960672,5.0724564,0
Q9VUR0,7227,D. melanogaster,9.58307,9.687047,15
Q9VCG6,7227,D. melanogaster,12.762422,9.685873,10
Q8IMS7,7227,D. melanogaster,9.3762245,8.945591,15
A0A0B4KG66,7227,D. melanogaster,13.345488,9.572254,10
E1JHB6,7227,D. melanogaster,7.9804974,5.21202,0
Q9V9S8,7227,D. melanogaster,7.3840413,12.600028,9
Q9VS02,7227,D. melanogaster,10.923686,4.9972453,13
A0A0B4LHY2,7227,D. melanogaster,7.9750423,5.0274396,0
Q9V3F3,7227,D. melanogaster,9.927594,11.400962,17
Q24207,7227,D. melanogaster,14.281126,10.381322,10
Q8MZC7,7227,D. melanogaster,13.985205,8.636481,16
Q8T6M0,7227,D. melanogaster,13.305552,9.715643,18
Q9VWH4,7227,D. melanogaster,7.116212,12.901881,13
Q9VNP3,7227,D. melanogaster,14.60133,10.129204,10
Q9VGJ6,7227,D. melanogaster,8.891956,12.709976,9
A1Z9M3,7227,D. melanogaster,14.33466,9.646974,10
Q7KTA1,7227,D. melanogaster,12.925177,4.789402,1
Q7JQ39,7227,D. melanogaster,13.758559,5.035582,14
Q9VFN2,7227,D. melanogaster,8.935498,4.7950225,17
Q9VSH4,7227,D. melanogaster,13.664861,10.31788,12
Q9VSU2,7227,D. melanogaster,14.881719,9.406344,10
Q9VGC1,7227,D. melanogaster,12.427516,9.54079,6
Q95SA9,7227,D. melanogaster,12.368452,15.993993,16
Q9U8B9,7227,D. melanogaster,13.34993,10.052674,10
Q9VHZ5,7227,D. melanogaster,7.356488,12.190856,9
A1Z8G7,7227,D. melanogaster,13.099389,7.907029,12
O77150,7227,D. melanogaster,11.203318,6.506996,4
Q9GQQ0,7227,D. melanogaster,7.830225,4.93798,11
O46048,7227,D. melanogaster,9.727429,4.535558,11
A0A0B4KF76,7227,D. melanogaster,15.240756,9.642176,10
Q9VVF3,7227,D. melanogaster,8.925668,4.797593,17
P46863,7227,D. melanogaster,11.590439,10.678126,6
P83972,7227,D. melanogaster,11.57761,5.117461,1
A0A0U3L9U2,7955,D. rerio,12.296946,15.865888,16
Q32PT5,7955,D. rerio,13.093247,7.917419,12
F1QVH0,7955,D. rerio,13.080354,9.563446,18
A0JMB7,7955,D. rerio,13.262708,10.201894,2
Q6P295,7955,D. rerio,14.841124,9.951055,10
F6NI04,7955,D. rerio,10.767711,11.929289,14
A8WHZ4,7955,D. rerio,10.491115,13.713645,11
Q567C8,7955,D. rerio,11.818772,4.693446,1
H9BFW7,7955,D. rerio,7.6872015,12.310496,14
A0A140LFR2,7955,D. rerio,13.087836,8.780212,18
A0A2R8QB31,7955,D. rerio,14.234418,9.416096,10
A5WUS0,7955,D. rerio,12.340184,5.9704685,4
D3XD58,7955,D. rerio,10.667436,4.9068637,13
A0A2R8QMK9,7955,D. rerio,14.171135,15.938418,14
A0A0J9YJH5,7955,D. rerio,12.250083,5.6831794,4
A2AVI7,7955,D. rerio,9.630037,4.827491,19
A0A0R4IM40,7955,D. rerio,6.998681,10.261104,17
Q5BN24,7955,D. rerio,11.10886,9.550773,7
B8PYG1,7955,D. rerio,12.397759,8.688879,18
A0A0R3P9C0,7955,D. rerio,10.721497,12.198554,6
Q08CA0,7955,D. rerio,10.719858,12.321165,6
Q98865,7955,D. rerio,14.831216,10.022097,10
F1QJL4,7955,D. rerio,10.063598,11.827151,9
A0A2R8PZY7,7955,D. rerio,13.482215,9.562995,2
A0A0B4J1B1,7955,D. rerio,12.511047,11.511868,14
Q5FY48,7955,D. rerio,9.566638,11.311903,17
B8JKP6,7955,D. rerio,7.99593,11.685204,9
A7E275,7955,D. rerio,13.36252,6.872846,2
Q32LU1,7955,D. rerio,10.165216,12.977223,11
Q568N6,7955,D. rerio,11.503395,11.426371,17
F1R902,7955,D. rerio,12.140125,4.5057554,1
Q1LYC7,7955,D. rerio,13.947375,10.696179,12
F8W624,7955,D. rerio,9.370154,8.201476,15
F1QKF4,7955,D. rerio,13.759358,4.9964128,14
Q6PFM2,7955,D. rerio,13.664229,9.493308,2
I3ITN9,7955,D. rerio,6.5440845,12.667338,13
Q502F5,7955,D. rerio,12.170179,5.5358243,4
Q05AK0,7955,D. rerio,12.779318,6.0885105,4
A0A0R4IN14,7955,D. rerio,12.488692,11.624281,14
Q6NYV7,7955,D. rerio,14.192737,4.527771,5
A4JYD2,7955,D. rerio,13.5439825,5.0499616,5
E9QE29,7955,D. rerio,12.844817,13.052116,14
P79722,7955,D. rerio,11.345227,5.2146926,13
Q5U3H0,7955,D. rerio,9.80341,13.432899,11
E7FGA0,7955,D. rerio,8.866863,12.81452,9
Q6DRP8,7955,D. rerio,10.71182,12.226634,6
A5WV31,7955,D. rerio,12.221731,10.514334,6
Q6NYI3,7955,D. rerio,13.23939,8.897444,18
B9VQK7,7955,D. rerio,13.398675,9.338161,2
A8E5K6,7955,D. rerio,9.408182,13.284876,13
Q1LYE3,7955,D. rerio,14.275315,9.6868925,12
A2CE93,7955,D. rerio,8.31355,15.1569195,9
Q6PNC5,7955,D. rerio,13.12277,9.993188,2
F1R454,7955,D. rerio,8.298948,12.786159,13
A1L1W0,7955,D. rerio,11.829517,11.144401,14
Q567W5,7955,D. rerio,12.516927,4.710937,1
F1RB41,7955,D. rerio,7.972461,4.625538,0
Q503E3,7955,D. rerio,9.592431,12.829469,9
Q9I913,7955,D. rerio,8.199583,11.93906,17
E9QFP4,7955,D. rerio,6.3650284,14.108639,13
Q4ZGK6,7955,D. rerio,13.1917095,9.403012,12
A1L1Z3,7955,D. rerio,10.143297,11.061904,17
A0A2R8QP40,7955,D. rerio,14.838602,9.498414,10
Q6NWG0,7955,D. rerio,8.759327,5.440102,0
A0A140LG28,7955,D. rerio,9.820812,11.869405,9
A0A2R8QQX3,7955,D. rerio,9.522485,11.895685,17
E7FCA0,7955,D. rerio,14.144999,9.081719,2
F8W2U6,7955,D. rerio,8.92055,12.622882,9
A0A0B5JW50,7955,D. rerio,14.180223,4.533537,11
Q7ZUK3,7955,D. rerio,14.585586,9.095981,2
Q9DDJ8,7955,D. rerio,10.833587,12.154006,1
X1WHX5,7955,D. rerio,9.510923,11.195491,17
A0A2R8QF89,7955,D. rerio,9.78103,12.216594,14
Q50J33,7955,D. rerio,11.137301,4.4991007,9
Q70X92,7955,D. rerio,11.306398,11.879568,5
A0A2R8QHN2,7955,D. rerio,14.703913,8.63341,14
A0A0R4IJ78,7955,D. rerio,8.060204,13.647515,13
F1R1Z7,7955,D. rerio,10.571867,12.115426,14
Q4KMF5,7955,D. rerio,13.047306,7.657526,18
E9QDP8,7955,D. rerio,13.704067,5.4965496,2
Q801G3,7955,D. rerio,8.621609,5.597069,0
Q804S5,7955,D. rerio,11.238622,11.696922,14
R4GDN9,7955,D. rerio,13.726162,6.9406962,2
E7FCE2,7955,D. rerio,8.584901,5.2938585,0
Q6DBS5,7955,D. rerio,8.088762,12.860275,11
Q29VH7,7955,D. rerio,12.157855,10.744321,6
B2XY72,7955,D. rerio,10.531126,13.710056,11
Q90Y37,7955,D. rerio,12.590429,6.420074,14
A4JYS5,7955,D. rerio,13.880395,5.263457,5
Q08BI9,7955,D. rerio,10.3407,12.394576,5
Q6NYE1,7955,D. rerio,12.131956,5.439604,4
C5IG46,7955,D. rerio,14.343184,10.110474,10
B9VQL1,7955,D. rerio,13.345663,9.444675,10
A0A0R4ICU6,7955,D. rerio,13.24288,9.534949,10
Q7T368,7955,D. rerio,7.05375,13.049313,13
Q58EE8,7955,D. rerio,7.118086,12.262175,9
Q5RHB5,7955,D. rerio,11.464893,10.289538,6
Q0GKC7,7955,D. rerio,9.986296,8.201211,15
Q6PW01,7955,D. rerio,9.906778,12.393315,13
Q98TS8,7955,D. rerio,10.6524725,8.032236,4
E9QCY0,7955,D. rerio,8.541296,-0.4195193,19
A0A0R4IYQ8,7955,D. rerio,10.004345,13.066125,11
A3KNM0,7955,D. rerio,13.839341,9.054807,2
Q90Z19,7955,D. rerio,12.625883,5.2227015,1
Q90XP5,7955,D. rerio,9.908464,4.8464537,11
Q6TQI2,7955,D. rerio,9.687337,13.176377,11
A0A0R4IRJ5,7955,D. rerio,13.302058,8.549274,12
O73781,7955,D. rerio,15.060732,9.780521,10
A0A286YBK1,7955,D. rerio,8.653883,-0.6057536,19
A0A2R8QB86,7955,D. rerio,14.110422,9.053169,2
F1Q7T5,7955,D. rerio,14.630289,9.843083,18
Q5CZT3,7955,D. rerio,13.068057,9.213124,18
Q1RM46,7955,D. rerio,7.3590016,6.2175255,6
F8W498,7955,D. rerio,10.775849,12.464206,9
A0A2R8S0A2,7955,D. rerio,13.6487255,11.027761,14
A0A2R8QE74,7955,D. rerio,11.005135,10.086146,17
Q9IBD2,7955,D. rerio,12.651608,12.63598,14
Q0PIA0,7955,D. rerio,13.67034,6.9630523,2
Q6DG05,7955,D. rerio,9.721924,9.988301,17
E9QC71,7955,D. rerio,8.5538,5.392395,0
F1QLQ0,7955,D. rerio,14.915074,9.3712225,10
A1L5C9,7955,D. rerio,12.213596,4.586559,1
E7F0W6,7955,D. rerio,13.221902,7.4369106,18
Q501W5,7955,D. rerio,11.154491,11.486023,11
F1QWD2,7955,D. rerio,8.701838,-0.6634356,19
A0A0R4IH26,7955,D. rerio,10.487643,12.094351,9
A0A2R8QC71,7955,D. rerio,13.763368,6.931905,2
F1QWH5,7955,D. rerio,11.893526,10.805977,6
Q1JPT6,7955,D. rerio,7.326197,11.853883,9
Q6DGM0,7955,D. rerio,8.298132,8.962445,15
Q7T070,7955,D. rerio,7.74841,5.328697,0
Q588C3,7955,D. rerio,10.823876,4.960847,13
B0S6M0,7955,D. rerio,11.43667,12.034998,14
A0A0R4IXF0,7955,D. rerio,11.084041,12.14936,9
A0A140LFS5,7955,D. rerio,14.539034,9.6072,10
Q567M6,7955,D. rerio,7.8570647,12.910035,14
Q7ZZW3,7955,D. rerio,14.161942,9.080374,2
F1QGT0,7955,D. rerio,12.790775,9.550101,6
Q5XJA0,7955,D. rerio,9.95799,11.9944315,14
Q6GQM2,7955,D. rerio,7.0102153,11.971821,13
X1WFP8,7955,D. rerio,9.803287,10.202249,15
F1R789,7955,D. rerio,0.5877893,11.348969,14
Q7SYL9,7955,D. rerio,11.85879,10.518484,6
A0A2R8QJI9,7955,D. rerio,10.219887,4.979271,14
Q5XJ81,7955,D. rerio,11.214292,7.5707965,14
Q7ZV23,7955,D. rerio,10.029057,13.6247425,11
Q6PBM2,7955,D. rerio,8.323136,5.8672395,0
F1QIY4,7955,D. rerio,10.087613,11.961933,14
Q6NX91,7955,D. rerio,13.448532,10.596406,12
A0A2R8QMJ9,7955,D. rerio,11.365587,10.306314,2
A0A2R8S019,7955,D. rerio,13.87134,9.466746,2
F6PBE4,7955,D. rerio,7.2136874,12.945915,13
A2BIE7,7955,D. rerio,8.442548,5.5640717,0
Q6DGE0,7955,D. rerio,10.949007,11.858097,14
Q5QJR2,7955,D. rerio,14.520014,8.873498,2
Q5NE10,7955,D. rerio,12.287332,12.155072,14
A0A2R8RT62,7955,D. rerio,11.325156,4.3862867,1
A0A2R8RZS3,7955,D. rerio,9.369487,10.751292,14
A0A3G2M3A2,7955,D. rerio,12.289542,15.807422,16
F1QVE0,7955,D. rerio,9.036818,12.069382,9
Q8UUJ8,7955,D. rerio,8.075759,13.626296,13
A9JRQ5,7955,D. rerio,13.563955,9.362056,2
A8DZE6,7955,D. rerio,13.8299055,9.656269,10
Q1W1Y1,7955,D. rerio,10.343929,8.043856,4
F1R073,7955,D. rerio,12.636047,12.063777,11
F1QPJ5,7955,D. rerio,8.366239,5.3655734,0
B2KTE5,7955,D. rerio,14.924157,9.972236,10
B3DKC3,7955,D. rerio,12.787045,6.096477,4
D3GN36,7955,D. rerio,11.129068,4.441025,1
I3IRZ9,7955,D. rerio,11.038079,8.455322,18
Q32PR5,7955,D. rerio,12.407753,4.992495,1
A0A1D5NSE4,7955,D. rerio,12.136007,5.337784,1
P79728,7955,D. rerio,12.354447,5.0123134,1
F1RE65,7955,D. rerio,14.080914,10.626815,12
Q0V935,7955,D. rerio,10.229148,7.822817,15
F1Q5X0,7955,D. rerio,11.482153,10.930417,6
F1R4X9,7955,D. rerio,9.67326,4.8608117,19
Q08CS0,7955,D. rerio,8.084594,5.309443,0
Q6DBY7,7955,D. rerio,9.831628,12.210789,9
Q56A42,7955,D. rerio,10.777111,11.265371,6
E7FAD0,7955,D. rerio,12.373094,6.2372446,17
Q6NTI0,7955,D. rerio,11.361481,9.351998,18
B3DKN2,7955,D. rerio,11.844771,11.493182,2
Q7SXH1,7955,D. rerio,9.338267,12.67512,17
F1R417,7955,D. rerio,6.0271454,12.932341,3
A0A2R8QIW0,7955,D. rerio,8.554878,12.315911,9
A0A2R8RSJ1,7955,D. rerio,10.297268,4.9725695,1
Q00IB7,7955,D. rerio,11.704388,11.787707,1
Q4QRF7,7955,D. rerio,9.860526,8.204907,15
Q6NZ01,7955,D. rerio,12.678531,5.1076465,1
Q1LXR6,7955,D. rerio,13.13927,9.666099,2
Q6P122,7955,D. rerio,10.463647,11.520628,6
A7MCD6,7955,D. rerio,7.37738,13.849127,13
A0A2R8PYB9,7955,D. rerio,8.462376,5.406497,0
A5PKS6,7955,D. rerio,11.748254,4.43302,1
E7EZR4,7955,D. rerio,12.633772,4.9973903,1
Q5RIL6,7955,D. rerio,13.065455,9.637313,10
Q498X6,7955,D. rerio,13.231503,8.7782545,18
B0S7C8,7955,D. rerio,14.843362,10.124636,10
F1QTW7,7955,D. rerio,7.4438686,11.951457,9
Q6Q418,7955,D. rerio,7.9710226,10.195937,17
Q7SYA9,7955,D. rerio,9.423585,12.245351,9
B0S6P9,7955,D. rerio,8.820315,-0.8048066,19
Q1L875,7955,D. rerio,8.943412,12.724408,13
B8A6H1,7955,D. rerio,10.386829,12.296624,9
Q9IB70,7955,D. rerio,15.001361,9.894161,10
B0S5S6,7955,D. rerio,8.465696,13.982436,13
F2Z4T4,7955,D. rerio,9.061272,6.48406,4
C6KIB1,7955,D. rerio,13.677481,6.9718966,18
G9JKB3,7955,D. rerio,13.346488,5.337896,1
E7FFX1,7955,D. rerio,14.400205,9.602275,2
A0A2R8RXT0,7955,D. rerio,13.212163,10.156493,6
Q66IC9,7955,D. rerio,10.131187,11.609957,17
A7KQF2,7955,D. rerio,15.124752,9.593087,10
Q6WZD1,7955,D. rerio,13.388832,5.5778213,5
B6ZK77,7955,D. rerio,13.349456,5.2145452,1
A0A0R4IXQ2,7955,D. rerio,12.277679,15.836168,16
A0A0F6Y5M7,7955,D. rerio,8.231124,5.8197703,0
Q6TEL4,7955,D. rerio,9.989749,10.832111,6
Q6NW92,7955,D. rerio,13.095118,4.7504416,5
F1RD10,7955,D. rerio,13.400304,7.1075115,4
A3KP07,7955,D. rerio,14.083158,8.566983,2
Q6DI34,7955,D. rerio,8.40799,5.8344684,0
Q1L691,7955,D. rerio,11.066206,11.636301,17
Q5RI62,7955,D. rerio,12.495393,11.722291,14
A0A140LFX4,7955,D. rerio,9.525943,8.2324,16
F1QM27,7955,D. rerio,10.878752,8.555647,15
B0S5Y2,7955,D. rerio,8.469771,5.659805,0
Q7T367,7955,D. rerio,14.262418,10.169709,10
Q4JHL7,7955,D. rerio,9.972548,13.447716,11
Q1LXH5,7955,D. rerio,14.7534685,9.487463,10
U3JA78,7955,D. rerio,14.663584,10.167687,10
Q1KHF9,7955,D. rerio,12.37222,4.6072264,1
F1R405,7955,D. rerio,11.120018,8.7918005,15
F1R3P4,7955,D. rerio,11.132484,12.040691,1
Q6P0T4,7955,D. rerio,9.292981,15.171275,11
A0A2R8Q6C0,7955,D. rerio,10.774961,12.452165,6
Q90X27,7955,D. rerio,14.45067,9.313372,2
B3DGI7,7955,D. rerio,12.610999,5.836081,2
F1R074,7955,D. rerio,10.060967,10.922105,6
Q5VSI5,7955,D. rerio,7.9686446,4.699492,0
B0V3R3,7955,D. rerio,13.559221,10.013601,2
F1Q5G9,7955,D. rerio,9.719586,12.525139,13
A0MSJ1,7955,D. rerio,12.0232525,9.042418,18
Q9I945,7955,D. rerio,15.0574465,9.77248,10
Q49NY1,7955,D. rerio,11.0594845,12.183935,14
A0A0J9YJM3,7955,D. rerio,12.454909,8.606374,16
Q4V9C9,7955,D. rerio,9.974317,10.387885,17
Q6IWL4,7955,D. rerio,11.404819,11.823209,14
A0A0N4SU68,7955,D. rerio,9.80357,10.0208845,17
F1QB30,7955,D. rerio,9.284679,6.088468,17
F1Q4W2,7955,D. rerio,9.365125,5.7620654,1
F1QQ92,7955,D. rerio,6.97533,11.968339,9
R4GE88,7955,D. rerio,9.617204,8.169567,16
A0A0R4IYP8,7955,D. rerio,10.469366,10.959569,17
B8JHX2,7955,D. rerio,13.85565,5.1269207,5
F1Q7Y7,7955,D. rerio,14.907963,9.7553835,10
E9QHI3,7955,D. rerio,12.520782,12.413639,14
Q90263,7955,D. rerio,14.921835,9.757762,10
Q502I9,7955,D. rerio,11.25504,11.813114,6
F1R4M5,7955,D. rerio,9.317841,12.245307,9
F1R9U1,7955,D. rerio,12.280258,11.730535,5
B0S5H4,7955,D. rerio,10.602658,4.95761,13
E9QHV7,7955,D. rerio,11.29757,9.278264,7
Q5KQU0,7955,D. rerio,12.389873,5.2891226,1
Q0V963,7955,D. rerio,7.033165,19.1029,14
F1QK43,7955,D. rerio,11.941898,11.337174,10
A8BB44,7955,D. rerio,13.28266,5.697301,1
B0F0D1,7955,D. rerio,10.510653,13.677145,11
F1R668,7955,D. rerio,14.944885,9.938032,10
Q6PEH5,7955,D. rerio,9.870065,11.358118,17
Q32PR1,7955,D. rerio,11.113283,4.9618177,1
A0A2R8Q9F2,7955,D. rerio,9.784345,11.422531,17
Q6XCC7,7955,D. rerio,8.897923,-0.9868564,19
B3DGZ0,7955,D. rerio,10.018417,11.779714,17
Q49HN0,7955,D. rerio,12.306581,12.691066,14
A5GZY3,7955,D. rerio,12.322058,2.837405,1
F1QKS0,7955,D. rerio,5.700628,13.444307,13
F1QPC1,7955,D. rerio,9.256031,15.144318,13
F1Q6B7,7955,D. rerio,12.479975,12.359928,14
F1QLY4,7955,D. rerio,11.340783,11.639555,17
E7F0L6,7955,D. rerio,13.806191,6.874174,2
Q6YLH9,7955,D. rerio,9.167525,5.937408,4
Q58EK8,7955,D. rerio,10.579308,11.461085,1
E3P7I7,7955,D. rerio,10.970521,10.65196,17
F1QNT4,7955,D. rerio,8.44087,6.4973564,0
O93430,7955,D. rerio,9.71066,4.5595474,11
A0A140LGV8,7955,D. rerio,11.125293,8.453885,18
Q1LXE5,7955,D. rerio,12.741583,4.808118,1
A0A0B5JK41,7955,D. rerio,13.619415,5.0109787,5
A0A0R4IJE0,7955,D. rerio,6.0810494,11.746321,8
A3KNS3,7955,D. rerio,12.117533,4.5996428,1
F1QAL1,7955,D. rerio,12.004672,10.2334175,6
E9QG91,7955,D. rerio,5.2386208,11.603992,3
G1FMP9,7955,D. rerio,9.672662,4.6050577,1
A0A2R8RQC2,7955,D. rerio,13.54215,10.73485,12
F1RBN7,7955,D. rerio,14.158314,10.094426,2
Q6DGW5,7955,D. rerio,8.820215,7.6908913,4
F1QB11,7955,D. rerio,13.295001,9.44264,18
A0A0R4IKU3,7955,D. rerio,12.607077,4.844452,1
Q7ZVN5,7955,D. rerio,7.5961456,11.3591795,9
B0R0V8,7955,D. rerio,10.111792,11.802334,17
Q5RZ65,7955,D. rerio,7.2137084,10.315598,17
B0V1H1,7955,D. rerio,13.438708,5.1451387,1
X1WE93,7955,D. rerio,13.232849,8.881472,18
A2BDW2,7955,D. rerio,11.627308,11.5815935,17
F1R3Q5,7955,D. rerio,12.253059,11.744547,5
A0A0R4IW63,7955,D. rerio,12.510674,11.451986,14
B0S6S7,7955,D. rerio,14.821153,9.916563,10
A0A0R4IN62,7955,D. rerio,10.214154,8.20695,15
E9QC32,7955,D. rerio,9.842561,8.129711,16
A0A0J9YJF1,7955,D. rerio,13.43862,9.405523,2
B3DFS9,7955,D. rerio,11.093127,4.541218,17
R4GEP7,7955,D. rerio,12.945174,13.2653,11
F1R1D3,7955,D. rerio,9.081526,8.203921,15
Q66I11,7955,D. rerio,9.738246,13.261791,13
A0A0R4IBT9,7955,D. rerio,12.980782,4.792045,1
E7FCU0,7955,D. rerio,11.78922,10.660491,6
B0V1F9,7955,D. rerio,8.807113,12.669801,9
Q502K2,7955,D. rerio,9.893801,12.97523,13
Q6DRL4,7955,D. rerio,5.78024,12.516899,13
F1QK57,7955,D. rerio,5.6155434,11.498112,3
F1QC13,7955,D. rerio,11.256818,11.955262,6
Q6PFU8,7955,D. rerio,9.273554,6.0970845,17
Q4VVA3,7955,D. rerio,13.623708,7.113941,2
A0A2R8Q8S1,7955,D. rerio,6.926842,19.30995,11
Q8JH75,7955,D. rerio,9.190485,11.867975,9
U3JA59,7955,D. rerio,14.502541,9.468265,10
A9JTE2,7955,D. rerio,9.42689,8.132577,16
A0A0U3JVR0,7955,D. rerio,14.784236,9.491482,10
Q56HA9,7955,D. rerio,9.474645,11.939597,9
E7FEM8,7955,D. rerio,14.732936,9.774153,10
E9QCL6,7955,D. rerio,13.011142,5.173489,1
A0A2R8RLW7,7955,D. rerio,13.947032,9.478411,10
A0A286Y8Z3,7955,D. rerio,10.145434,10.219107,17
A8KC19,7955,D. rerio,11.203053,11.4857235,14
Q6NYU3,7955,D. rerio,15.064358,9.861262,10
F1QRQ0,7955,D. rerio,13.523826,10.927575,12
O42115,7955,D. rerio,14.798684,9.348406,10
Q0P421,7955,D. rerio,11.280931,5.4035316,17
F1R530,7955,D. rerio,10.934635,10.474334,17
Q6DRI4,7955,D. rerio,8.077534,13.391162,13
A0A2R8Q781,7955,D. rerio,13.047018,9.23366,18
A2A121,7955,D. rerio,12.349227,11.70152,14
B2XCL9,7955,D. rerio,11.038806,11.510707,6
A0A0R4IH62,7955,D. rerio,9.014368,5.2787566,0
Q8AXR4,7955,D. rerio,15.040562,9.762646,10
Q6QMR8,7955,D. rerio,12.290716,4.5496254,1
F1R4W7,7955,D. rerio,11.68414,10.8715105,6
B7ZVK1,7955,D. rerio,7.2120166,11.892563,9
A0A286Y8I9,7955,D. rerio,7.9112854,4.4947543,11
A8E567,7955,D. rerio,10.684247,12.41121,6
F1QB19,7955,D. rerio,13.479475,4.9812765,11
P87359,7955,D. rerio,6.8291826,21.610285,6
E7FA56,7955,D. rerio,10.3230715,10.339737,6
D3KYK9,7955,D. rerio,10.4556675,12.048117,14
B0R124,7955,D. rerio,13.565382,10.08431,5
Q801E0,7955,D. rerio,14.797463,9.432693,2
F6NQ86,7955,D. rerio,11.068488,11.873039,14
Q90450,7955,D. rerio,8.745402,5.7200108,0
F1QL88,7955,D. rerio,14.354136,8.992661,2
F1QKD4,7955,D. rerio,14.454981,8.95462,2
G5CIM5,7955,D. rerio,14.419008,9.851403,10
B7ZVU1,7955,D. rerio,8.203926,12.044995,9
Q708S6,7955,D. rerio,10.311728,4.76131,1
Q6PHV3,7955,D. rerio,14.287464,12.3345175,4
X1WBU3,7955,D. rerio,12.476439,12.451565,14
F8W5L6,7955,D. rerio,11.522217,4.4849844,1
A0A140LFQ8,7955,D. rerio,9.018714,5.36995,0
B3DH81,7955,D. rerio,14.676097,9.33007,2
A2BHD8,7955,D. rerio,10.936098,4.9994063,13
A8WH87,7955,D. rerio,13.672957,5.53914,17
A8KC60,7955,D. rerio,7.717158,12.70622,13
B7ZDA6,7955,D. rerio,11.207434,5.9916635,13
F1QQI6,7955,D. rerio,10.430717,12.88344,14
A0A0G2KM71,7955,D. rerio,8.20357,5.3201866,0
Q5U3A0,7955,D. rerio,10.725084,12.242806,6
A9JT98,7955,D. rerio,9.884218,13.451663,11
Q501Y9,7955,D. rerio,13.117185,9.555851,12
A0A2R8QRD5,7955,D. rerio,9.314392,5.5035176,10
R4GDY7,7955,D. rerio,9.842277,8.176112,15
Q9W740,7955,D. rerio,12.641993,4.9254937,1
Q6NY41,7955,D. rerio,10.6665125,10.631921,6
F1QX69,7955,D. rerio,12.342824,5.0043025,1
Q7ZVK5,7955,D. rerio,10.249835,13.655301,11
B8A568,7955,D. rerio,14.1441555,8.315931,5
Q5RGX2,7955,D. rerio,12.828117,9.042519,18
A0A2R8RNP8,7955,D. rerio,10.065916,13.361785,11
F1R840,7955,D. rerio,14.622416,10.278206,10
Q58EB9,7955,D. rerio,9.254484,12.213168,9
A5XCD7,7955,D. rerio,14.648952,9.238249,10
Q7ZVU8,7955,D. rerio,11.528478,4.850507,1
Q4ZGK8,7955,D. rerio,12.897316,9.696798,18
Q6DGU0,7955,D. rerio,9.439736,11.901467,9
Q9DES7,7955,D. rerio,10.53386,12.054148,14
A0A0R4IFH3,7955,D. rerio,10.592081,8.630693,15
A2BEM4,7955,D. rerio,12.658441,4.4124694,1
F1Q5Z8,7955,D. rerio,13.145941,10.0804,10
Q502C8,7955,D. rerio,7.416962,13.888201,13
E7FF48,7955,D. rerio,15.344431,0.15807311,1
Q7ZUQ9,7955,D. rerio,13.462901,10.748293,12
A0A2R8QPN6,7955,D. rerio,9.335079,5.4815826,14
Q6PBQ6,7955,D. rerio,9.671093,8.827486,15
E9QI80,7955,D. rerio,11.379193,11.564659,14
A0A0R4IM91,7955,D. rerio,9.027916,5.3580985,14
Q6DEJ4,7955,D. rerio,8.999437,13.430456,14
A0A2R9YJP8,7955,D. rerio,15.091995,9.5432005,10
Q7SZM5,7955,D. rerio,12.015683,5.0686173,1
F1QXQ9,7955,D. rerio,6.667273,12.710443,13
F1R2Y2,7955,D. rerio,13.5052,5.0311656,5
Q5BL27,7955,D. rerio,14.73844,9.363963,10
Q9PTR4,7955,D. rerio,15.554437,14.300119,11
A9JSS9,7955,D. rerio,10.111497,10.162185,17
A0A286YAD2,7955,D. rerio,12.45354,12.254716,14
A0A096X8J9,7955,D. rerio,12.80686,8.661538,18
A0A2R8RJR8,7955,D. rerio,10.549428,6.4356804,15
B3DK52,7955,D. rerio,15.350651,0.14907566,13
Q32LW4,7955,D. rerio,10.571224,4.8532987,11
A0A2R8Q555,7955,D. rerio,9.35062,5.5389423,2
E6N152,7955,D. rerio,11.95275,6.53463,17
Q9I8L7,7955,D. rerio,15.147288,9.831488,10
Q568X0,7955,D. rerio,12.448886,4.67893,1
A0A2R8RPJ0,7955,D. rerio,9.053961,8.191418,15
Q08BY0,7955,D. rerio,7.9196396,12.116772,9
Q8JH36,7955,D. rerio,11.422086,5.342054,17
Q6DRC0,7955,D. rerio,7.6394715,12.526393,9
F6P703,7955,D. rerio,8.0000925,15.991377,14
F1Q9E8,7955,D. rerio,9.264181,12.308376,9
Q98877,7955,D. rerio,15.1599045,9.820216,10
E9QDJ5,7955,D. rerio,10.25749,10.090083,9
A0A0B4PJ32,7955,D. rerio,8.66737,8.492032,15
Q90ZT0,7955,D. rerio,10.135081,12.959184,9
F1QKX3,7955,D. rerio,8.109808,5.245211,0
X1WBQ2,7955,D. rerio,14.329856,9.878749,10
E7F4D0,7955,D. rerio,10.92692,9.820709,17
U3JA51,7955,D. rerio,12.469468,4.571244,1
I3ITK4,7955,D. rerio,14.450581,8.651288,5
Q6DGE9,7955,D. rerio,10.111196,11.669901,17
O42112,7955,D. rerio,10.227576,7.7910056,15
Q5BLJ3,7955,D. rerio,9.694761,4.5712075,1
Q5XJ47,7955,D. rerio,13.253454,8.426696,12
A4JYL3,7955,D. rerio,13.789898,5.142102,5
U3JAM1,7955,D. rerio,13.065019,9.157238,18
A8WHZ5,7955,D. rerio,10.442638,13.697196,11
O93275,7955,D. rerio,6.7818184,13.047577,13
A0A0R4IEW9,7955,D. rerio,13.093085,8.945518,12
A9ZPF8,7955,D. rerio,12.631915,5.48008,1
Q5BJ09,7955,D. rerio,9.423959,11.005527,17
A9ZPE1,7955,D. rerio,12.651459,5.544584,1
Q1LYN0,7955,D. rerio,9.275095,9.114976,4
Q6P268,7955,D. rerio,10.49703,12.280124,6
Q8JFS8,7955,D. rerio,8.896842,8.506628,15
Q4V935,7955,D. rerio,8.733489,11.968341,17
E9QG52,7955,D. rerio,9.0391655,7.3914905,15
E9QCA9,7955,D. rerio,9.863786,12.674822,9
A0A0R4IJ47,7955,D. rerio,8.417924,5.9906573,17
A0A2R8RHN2,7955,D. rerio,13.91928,5.6869297,2
F1R979,7955,D. rerio,13.329335,4.6560473,1
A0A0R4IA11,7955,D. rerio,11.675184,11.810822,5
D1MIA3,7955,D. rerio,9.031849,5.412949,14
F1R445,7955,D. rerio,10.730892,11.353605,6
Q803E8,7955,D. rerio,8.474122,5.661152,0
L0S5L0,7955,D. rerio,12.879619,9.913335,18
E7F2T0,7955,D. rerio,9.762927,12.503203,9
A0A0R4IXY1,7955,D. rerio,12.923213,4.938855,4
A0A2R8QB18,7955,D. rerio,10.1588125,9.28324,15
A4IG39,7955,D. rerio,13.26215,5.2210407,1
E7FE45,7955,D. rerio,8.769027,-0.7655253,19
Q102R8,7955,D. rerio,7.9047394,4.5125046,11
A5WW69,7955,D. rerio,9.450734,8.699968,15
E7FD72,7955,D. rerio,6.3532376,5.618258,0
B3DK54,7955,D. rerio,8.398035,12.010014,13
U3JAV8,7955,D. rerio,7.3046775,11.691626,9
Q568U6,7955,D. rerio,6.8296137,21.609022,6
R4GDR8,7955,D. rerio,9.78654,12.201456,9
B8LFF6,7955,D. rerio,8.544709,8.377041,15
Q5PRD0,7955,D. rerio,10.281074,12.842679,9
Q7ZUA1,7955,D. rerio,11.75844,10.045365,18
A0A2R8RIS2,7955,D. rerio,14.965175,9.400172,10
A0A0R4IPC8,7955,D. rerio,13.249008,8.479984,12
A0A0R4IFN9,7955,D. rerio,12.107481,9.1265545,18
Q7SXG2,7955,D. rerio,9.810806,11.29737,17
A9JRX1,7955,D. rerio,13.316969,7.04213,18
Q9I9P9,7955,D. rerio,10.285792,8.0173855,15
F1QBI2,7955,D. rerio,9.631188,4.894554,11
I3ITG3,7955,D. rerio,11.331206,8.828318,18
F8W497,7955,D. rerio,11.5187645,10.552972,6
Q1LXM1,7955,D. rerio,-1.373325,9.307327,6
A0A0B5JWE6,7955,D. rerio,10.286749,7.5884356,4
A2BEM7,7955,D. rerio,13.38341,9.783766,10
A3KDM2,7955,D. rerio,12.018635,10.530531,6
A8T6P4,7955,D. rerio,13.364802,9.491673,18
F6NZK1,7955,D. rerio,13.577642,5.556798,4
Q802Z3,7955,D. rerio,9.0219755,11.629591,9
Q1W1Y2,7955,D. rerio,11.829996,4.9558954,1
A0A2R8QB02,7955,D. rerio,10.965588,12.08485,14
C7G095,7955,D. rerio,11.204576,8.461544,18
B2XY74,7955,D. rerio,13.344393,10.192264,14
E7F7G5,7955,D. rerio,11.651599,10.529315,6
B3DIP9,7955,D. rerio,12.009958,4.448915,1
Q9PRI8,8355,X. laevis,8.981967,5.301013,9
O13067,8355,X. laevis,11.565452,10.355054,6
Q6IRR4,8355,X. laevis,10.280516,8.029024,15
O42478,8355,X. laevis,13.033892,10.087821,10
Q8AY29,8355,X. laevis,8.436264,6.5056376,0
Q8AXQ4,8355,X. laevis,14.93289,9.668802,2
Q8QGC4,8355,X. laevis,14.191507,9.924046,10
Q6NRG6,8355,X. laevis,12.305003,10.331343,6
Q9YGL1,8355,X. laevis,13.183149,9.49241,2
Q9YGY3,8355,X. laevis,11.38087,7.51961,11
B7ZS96,8355,X. laevis,11.466081,5.482907,9
O42261,8355,X. laevis,14.91227,9.912,10
A7UKY7,8355,X. laevis,14.533292,8.777479,2
P48597,8355,X. laevis,9.741999,13.148171,13
Q6IRB1,8355,X. laevis,8.589096,8.487665,15
Q91785,8355,X. laevis,10.904496,10.52682,6
Q91813,8355,X. laevis,15.173225,9.777257,10
Q0IHI4,8355,X. laevis,12.277759,9.106689,18
Q670P5,8355,X. laevis,12.328642,2.7976737,1
Q9DG48,8355,X. laevis,14.813842,9.47839,10
P43690,8355,X. laevis,7.5650187,11.443948,9
Q8JIT7,8355,X. laevis,15.060674,9.7287035,2
Q6NUD0,8355,X. laevis,11.000786,7.888001,14
Q32NK7,8355,X. laevis,14.808347,9.378378,10
P31287,8355,X. laevis,12.335962,2.78545,1
B7ZQJ9,8355,X. laevis,12.982216,9.387994,18
Q9DE46,8355,X. laevis,15.362383,0.1356975,11
B1H1X1,8355,X. laevis,13.145001,9.186038,14
P70041,8355,X. laevis,12.590243,5.1366634,18
Q9PUK8,8355,X. laevis,9.602102,4.9330254,11
Q6JPI2,8355,X. laevis,13.145273,9.6527815,10
Q90WX8,8355,X. laevis,12.637211,5.841098,1
Q498G2,8355,X. laevis,10.376565,9.439672,18
Q6DDW2,8355,X. laevis,12.24002,4.515013,1
Q91731,8355,X. laevis,14.747313,9.496754,10
Q7ZT01,8355,X. laevis,9.595266,11.13291,17
O73753,8355,X. laevis,12.624437,4.885959,1
Q98SK0,8355,X. laevis,13.890563,9.217747,2
Q91926,8355,X. laevis,14.996926,9.768294,10
Q7ZX64,8355,X. laevis,11.468853,7.5702405,11
Q9YH09,8355,X. laevis,6.989715,19.165363,11
O42601,8355,X. laevis,15.129619,9.9474945,10
P79958,8355,X. laevis,15.162394,9.6951885,10
Q9PT60,8355,X. laevis,13.194567,9.789185,6
P49338,8355,X. laevis,12.326549,2.8025823,1
Q6GNW0,8355,X. laevis,12.299113,10.360849,6
Q2PBC2,8355,X. laevis,8.873738,-0.87091583,19
Q8AXM9,8355,X. laevis,12.02563,11.484078,14
O13024,8355,X. laevis,12.987938,9.279089,18
Q8JH92,8355,X. laevis,8.9099865,5.357111,14
Q7ZZY7,8355,X. laevis,11.333723,7.540535,13
P42700,8355,X. laevis,7.7927847,12.311359,9
D9IVE5,8355,X. laevis,9.679479,12.545617,9
Q7ZZH7,8355,X. laevis,13.577656,9.2175255,2
Q563C3,8355,X. laevis,12.669498,8.942557,18
Q9PW62,8355,X. laevis,12.4726715,12.054526,14
Q9PTP2,8355,X. laevis,13.93667,9.069526,2
Q5XK83,8355,X. laevis,9.299985,11.83704,9
P0CJ62,8355,X. laevis,13.014946,9.06042,18
Q7ZWU1,8355,X. laevis,10.482374,12.965723,11
R4JU55,8355,X. laevis,14.593585,8.8172035,5
Q640K3,8355,X. laevis,9.791487,9.121274,15
A0A1L8ER70,8355,X. laevis,11.960342,8.57886,18
Q4QR00,8355,X. laevis,11.55217,7.6723566,11
Q5PQ53,8355,X. laevis,13.031223,10.559721,12
A0A1L8HX76,8355,X. laevis,11.42266,7.782142,5
Q6DFL3,8355,X. laevis,10.100205,11.410241,17
Q9YGY0,8355,X. laevis,13.229289,9.730742,18
Q07016,8355,X. laevis,13.875531,10.349799,14
A5PKP9,8355,X. laevis,9.207183,13.101781,13
P33148,8355,X. laevis,14.160787,4.549383,5
Q90Z80,8355,X. laevis,12.260503,9.030013,18
Q7T0N9,8355,X. laevis,10.058798,13.087448,11
A1L3G9,8355,X. laevis,9.210237,5.9616823,17
Q63ZT4,8355,X. laevis,14.168606,15.937381,14
Q90ZB6,8355,X. laevis,14.91844,9.367709,10
Q641A1,8355,X. laevis,11.590892,11.551916,14
Q498I0,8355,X. laevis,10.464228,12.225219,17
P52299,8355,X. laevis,13.009977,11.125041,6
Q90XH3,8355,X. laevis,11.449913,11.669095,14
A0A1L8GXY4,8355,X. laevis,5.897582,11.255413,3
P49188,8355,X. laevis,13.926797,6.9047422,2
Q91757,8355,X. laevis,12.651281,12.656503,14
Q7ZXZ0,8355,X. laevis,9.356696,11.824486,9
A2RV69,8355,X. laevis,9.857641,11.015635,17
P30309,8355,X. laevis,13.624531,9.301817,2
Q4FZW5,8355,X. laevis,11.422152,7.4923906,11
Q66IV2,8355,X. laevis,12.9243355,9.641763,10
Q91898,8355,X. laevis,14.730112,10.25211,10
Q8QFR4,8355,X. laevis,9.176701,8.428452,15
P13904,8355,X. laevis,15.02438,9.825554,10
Q7ZY18,8355,X. laevis,9.269676,11.810356,9
Q6WKW9,8355,X. laevis,13.200192,9.677387,10
Q2PYN8,8355,X. laevis,14.599557,9.821751,10
Q66KV4,8355,X. laevis,8.722662,8.909624,15
B5TR11,8355,X. laevis,14.238073,4.479182,14
Q6NRD3,8355,X. laevis,13.672936,9.60289,10
Q91572,8355,X. laevis,13.763905,9.6480465,2
Q6GLP4,8355,X. laevis,9.865439,12.601154,9
O93343,8355,X. laevis,14.183357,8.496051,2
P70054,8355,X. laevis,8.847916,12.881316,9
Q32NN2,8355,X. laevis,13.347874,10.930361,14
A0SNQ7,8355,X. laevis,14.019871,9.439737,10
P79920,8355,X. laevis,15.078514,9.840518,10
A0A0D3QS99,8355,X. laevis,11.993086,4.476687,5
Q498L9,8355,X. laevis,9.609485,11.93582,17
Q06615,8355,X. laevis,15.002254,9.81515,10
Q91820,8355,X. laevis,9.512369,16.45691,14
Q3KPK4,8355,X. laevis,12.249862,8.993904,18
O42123,8355,X. laevis,8.621574,13.751543,13
Q8AWG4,8355,X. laevis,12.4997,4.652333,1
Q98U15,8355,X. laevis,12.522939,12.346542,14
Q68FJ0,8355,X. laevis,9.828942,11.704421,17
Q91908,8355,X. laevis,10.765611,12.20965,14
Q9PVZ4,8355,X. laevis,10.192042,7.980853,15
P27088,8355,X. laevis,10.740309,12.411445,6
O13097,8355,X. laevis,13.585038,5.0536757,5
A7XY94,8355,X. laevis,7.919092,13.281596,13
P24727,8355,X. laevis,12.664979,5.077457,1
Q8AV66,8355,X. laevis,14.585378,10.137135,2
Q9PST7,8355,X. laevis,14.968168,8.32626,14
Q8UW72,8355,X. laevis,14.412979,9.445643,2
Q9PUN1,8355,X. laevis,10.681971,7.2125535,4
Q4V7H8,8355,X. laevis,11.698008,8.828563,18
Q9DE14,8355,X. laevis,9.332944,11.748844,9
P26696,8355,X. laevis,12.904079,13.206171,11
Q91855,8355,X. laevis,9.256991,10.892009,6
Q805B4,8355,X. laevis,14.881579,9.814635,10
Q98TA5,8355,X. laevis,13.226718,9.405368,18
O57311,8355,X. laevis,15.119972,9.598809,10
Q6PA07,8355,X. laevis,13.474953,5.071508,1
O57537,8355,X. laevis,14.210001,4.5145664,5
P51113,8355,X. laevis,11.47292,10.070685,6
Q9PVM0,8355,X. laevis,15.217603,9.782965,10
Q6NTJ3,8355,X. laevis,13.399659,9.064907,2
Q498J7,8355,X. laevis,9.320766,11.851789,9
Q6INT1,8355,X. laevis,11.799966,11.3670225,2
Q1AGV7,8355,X. laevis,13.115658,7.518484,18
Q90ZH7,8355,X. laevis,15.083711,9.720723,10
Q91924,8355,X. laevis,14.520122,8.952574,2
O12948,8355,X. laevis,8.69156,-0.6789357,19
Q98SJ2,8355,X. laevis,13.569372,10.759975,12
Q3LH63,8355,X. laevis,15.008701,10.043738,10
Q7SZL5,8355,X. laevis,10.898434,11.31662,14
Q90WE3,8355,X. laevis,11.29866,11.84483,6
A0A0D3QS98,8355,X. laevis,12.06238,4.4822016,5
Q32N92,8355,X. laevis,13.670037,9.689287,2
Q6DCP4,8355,X. laevis,13.039534,10.535612,12
Q9W769,8355,X. laevis,14.965226,9.822023,10
O73622,8355,X. laevis,11.268511,9.548091,18
Q7ZXV8,8355,X. laevis,13.60114,10.52388,12
B1H1W9,8355,X. laevis,13.588393,9.331498,2
Q8AXF4,8355,X. laevis,13.011615,9.051639,18
Q9YHY6,8355,X. laevis,14.475494,9.713636,10
P55862,8355,X. laevis,9.163584,11.82326,9
Q6RUW2,8355,X. laevis,12.750653,4.374334,1
Q5XG46,8355,X. laevis,8.621675,13.732773,13
B9X187,8355,X. laevis,9.180687,5.8980207,17
Q4U0Y4,8355,X. laevis,10.7975,12.543332,6
Q3KQ35,8355,X. laevis,15.125617,9.8358755,10
Q7T103,8355,X. laevis,14.786883,10.084703,10
P70005,8355,X. laevis,14.93677,9.806312,10
B7ZS92,8355,X. laevis,13.302818,9.869834,2
O13125,8355,X. laevis,14.47067,9.194483,2
Q8AVJ9,8355,X. laevis,9.594349,4.9181676,11
Q66KE8,8355,X. laevis,12.117761,10.772194,6
Q2MJB4,8355,X. laevis,14.751883,9.451007,10
Q9IAB2,8355,X. laevis,13.854318,10.2400055,10
Q2I0E5,8355,X. laevis,11.306839,10.257063,2
Q7ZX36,8355,X. laevis,8.874315,8.369812,15
Q5UE94,8355,X. laevis,11.574495,11.549728,14
Q6INN8,8355,X. laevis,9.881682,12.857248,13
O73932,8355,X. laevis,13.589102,10.99984,14
P70032,8355,X. laevis,12.351098,12.258302,14
O93614,8355,X. laevis,10.074392,11.938967,9
O73798,8355,X. laevis,12.657538,12.672435,14
Q6VVD7,8355,X. laevis,14.988233,9.586943,10
Q9YGC3,8355,X. laevis,8.854333,-0.83748007,19
Q9PVX8,8355,X. laevis,10.910173,12.112894,17
Q1JQ73,8355,X. laevis,13.666775,11.114205,14
Q6IRD3,8355,X. laevis,11.523789,7.5898523,11
A0A1L8HFX9,8355,X. laevis,13.001691,9.11351,18
Q6DEB4,8355,X. laevis,11.167961,8.557141,18
P49011,8355,X. laevis,12.576819,4.9779377,1
A0A1L8HYT7,8355,X. laevis,12.237687,4.842592,1
O13046,8355,X. laevis,10.788943,10.452425,6
P18119,8355,X. laevis,10.722073,11.841997,17
Q8QFR2,8355,X. laevis,11.556688,7.708757,14
Q6GNU1,8355,X. laevis,11.392931,7.5113363,11
Q8AV13,8355,X. laevis,9.337821,12.678567,9
O42569,8355,X. laevis,15.122098,9.776461,10
Q3B8L5,8355,X. laevis,10.5343895,9.408998,6
Q6IRB2,8355,X. laevis,14.339724,10.139098,10
A0A1L8FDW4,8355,X. laevis,12.153221,9.977063,6
Q641G4,8355,X. laevis,11.7177725,10.545737,6
O42480,8355,X. laevis,10.052519,13.183944,9
P28021,8355,X. laevis,8.648289,8.361057,15
Q90X96,8355,X. laevis,14.508197,9.471791,2
Q0IH24,8355,X. laevis,11.033474,12.169955,6
Q8JI28,8355,X. laevis,12.751232,4.362574,1
Q8AXW8,8355,X. laevis,14.603149,10.371075,10
Q32NR9,8355,X. laevis,9.971483,10.318392,17
Q6PHW7,8355,X. laevis,3.9579995,8.394524,14
B0I1G7,8355,X. laevis,14.338814,9.879391,10
P13351,8355,X. laevis,11.328721,12.801721,14
Q6GN29,8355,X. laevis,10.539386,12.279112,14
Q8AVT9,8355,X. laevis,11.442354,7.518665,11
Q91912,8355,X. laevis,10.242802,7.9886637,15
Q8JJ48,8355,X. laevis,13.558737,8.994711,2
Q6VRB0,8355,X. laevis,9.315075,12.669693,13
A0A8M2,8355,X. laevis,13.000344,10.32511,12
A6P7H6,8355,X. laevis,12.208036,5.8228426,1
P70040,8355,X. laevis,8.842294,12.955425,9
Q25QX6,8355,X. laevis,11.450458,8.433353,18
Q6DE08,8355,X. laevis,12.46032,12.658491,14
P0DP34,8355,X. laevis,0.77075297,11.499392,11
P0DPK0,8355,X. laevis,13.506139,9.152574,2
P12226,8355,X. laevis,12.202541,5.8369412,1
P16143,8355,X. laevis,14.359851,10.697591,12
Q7ZY81,8355,X. laevis,10.814149,12.536985,6
P35373,8355,X. laevis,8.78844,-0.74129957,19
Q6GN86,8355,X. laevis,10.594841,9.467376,18
Q91808,8355,X. laevis,13.6536045,10.751294,12
Q9PU13,8355,X. laevis,13.396177,9.468014,2
Q6GPD1,8355,X. laevis,12.156435,10.858141,6
Q9DED4,8355,X. laevis,13.409649,10.768426,12
Q6DCV2,8355,X. laevis,12.706359,9.968414,6
Q9PU20,8355,X. laevis,14.930853,9.609671,10
P79960,8355,X. laevis,8.835188,-0.8297209,19
Q8JFZ2,8355,X. laevis,6.376971,14.090035,13
Q91848,8355,X. laevis,14.626682,9.757351,2
Q9IB67,8355,X. laevis,10.90663,12.279023,5
A0A1L8HU22,8355,X. laevis,11.1266165,9.766552,17
B7ZRU9,8355,X. laevis,14.721812,9.378735,10
Q32NQ7,8355,X. laevis,9.675659,10.20432,17
P09560,8355,X. laevis,12.404041,11.730977,14
P45441,8355,X. laevis,12.919657,9.994693,12
P79944,8355,X. laevis,14.797679,9.98437,10
Q7ZXF3,8355,X. laevis,14.638625,10.290842,2
Q7ZXB1,8355,X. laevis,9.206297,11.778672,9
B7ZSG3,8355,X. laevis,15.230371,9.679768,10
Q6DCJ4,8355,X. laevis,12.613353,11.534849,14
Q9DGP9,8355,X. laevis,11.4644575,14.16744,14
Q8AXC5,8355,X. laevis,12.27288,5.6411104,1
A8E0R9,8355,X. laevis,13.535745,10.09863,14
Q6GQB5,8355,X. laevis,13.996659,9.1784315,2
Q5HZM6,8355,X. laevis,9.619713,13.642699,11
Q9PWR3,8355,X. laevis,15.183381,9.736732,10
P11048,8355,X. laevis,6.833104,21.598194,6
Q9YHC5,8355,X. laevis,15.054204,9.590603,10
Q7SZT9,8355,X. laevis,9.861715,10.910387,17
O42263,8355,X. laevis,6.3892875,13.002242,13
Q6GPJ9,8355,X. laevis,11.525621,12.453907,11
Q90XW5,8355,X. laevis,14.955803,9.883206,10
P29674,8355,X. laevis,14.087257,10.496153,10
Q5HZ83,8355,X. laevis,10.920703,12.618678,11
Q9PSY4,8355,X. laevis,14.815845,9.407636,10
Q6P704,8355,X. laevis,10.693943,12.110122,9
Q32N13,8355,X. laevis,12.40413,4.7191215,1
Q08B36,8355,X. laevis,11.931071,9.366822,18
Q4A520,8355,X. laevis,5.602417,12.636236,3
Q91770,8355,X. laevis,14.926282,9.851534,10
P62799,8355,X. laevis,7.8741145,9.783366,6
Q03414,8355,X. laevis,14.769711,9.522362,10
Q7ZYK8,8355,X. laevis,7.288157,6.2494082,9
Q9PWM7,8355,X. laevis,12.366679,12.128701,14
Q7ZYQ0,8355,X. laevis,15.229651,9.925309,10
P49739,8355,X. laevis,9.314806,11.72189,9
Q6GPW6,8355,X. laevis,8.444186,11.901463,9
P40650,8355,X. laevis,14.850911,9.811895,10
Q7ZYV9,8355,X. laevis,8.399557,5.8362966,9
P47817,8355,X. laevis,12.599249,11.897525,5
P37137,8355,X. laevis,14.085212,10.490731,10
K7SGN7,8355,X. laevis,12.08944,8.600946,18
B0ZTE2,8355,X. laevis,15.182157,9.79105,10
Q498H0,8355,X. laevis,10.040332,9.566504,15
Q8AVG7,8355,X. laevis,11.5923395,7.7091956,14
O93274,8355,X. laevis,9.546161,4.98349,19
Q92123,8355,X. laevis,7.3008165,6.230359,9
Q801P7,8355,X. laevis,15.517951,14.290176,11
Q90Z12,8355,X. laevis,14.431711,10.027778,10
P15204,8355,X. laevis,11.040545,11.712574,17
B7ZR30,8355,X. laevis,11.740508,10.775835,6
Q9DDY9,8355,X. laevis,13.286891,10.488855,10
Q8JHV9,8355,X. laevis,11.397999,11.790926,14
A0A1L8HBI7,8355,X. laevis,10.919462,8.52551,15
P31285,8355,X. laevis,12.329732,2.7916787,1
P05221,8355,X. laevis,11.76125,10.692557,6
Q9PT61,8355,X. laevis,15.185191,9.759918,10
P52297,8355,X. laevis,10.085924,13.299108,11
Q6IP18,8355,X. laevis,11.553788,11.295032,14
P84233,8355,X. laevis,7.8663487,9.777863,6
Q6AZR2,8355,X. laevis,6.726272,12.562141,13
Q7ZYF2,8355,X. laevis,8.487554,8.472763,15
O57682,8355,X. laevis,14.900015,10.018685,10
Q498K9,8355,X. laevis,12.975027,10.342597,12
Q9W6Z2,8355,X. laevis,7.5292444,11.291816,9
Q8QGV6,8355,X. laevis,12.664693,12.294722,5
Q91603,8355,X. laevis,12.438738,8.688842,18
P24781,8355,X. laevis,14.633925,10.330516,10
Q501Q9,8355,X. laevis,12.528058,11.897365,14
A0A1L8EYB2,8355,X. laevis,9.958515,12.381124,14
Q6PAY1,8355,X. laevis,12.594044,10.725132,6
Q9DEN4,8355,X. laevis,14.862383,9.435034,10
B0ZTE1,8355,X. laevis,15.1394825,9.679665,10
P18115,8355,X. laevis,11.05666,11.759919,17
P79937,8355,X. laevis,14.369258,9.983774,10
Q91372,8355,X. laevis,12.993108,11.013619,14
Q9PW90,8355,X. laevis,10.029249,13.317688,11
P13903,8355,X. laevis,14.381896,9.859607,10
P32303,8355,X. laevis,8.758571,-0.74041075,19
Q06BR1,8355,X. laevis,13.452786,9.035385,10
P45695,8355,X. laevis,8.524788,8.4979515,15
Q9DE32,8355,X. laevis,9.780447,10.901624,6
Q642N8,8355,X. laevis,11.379129,7.486146,11
Q7ZTP2,8355,X. laevis,8.327411,15.212537,9
O42579,8355,X. laevis,9.140872,5.2979302,1
B7ZR65,8355,X. laevis,14.953526,9.542043,10
P23767,8355,X. laevis,14.943541,9.593041,10
D3IUT5,8355,X. laevis,12.734302,8.969748,18
Q91616,8355,X. laevis,15.067377,9.88818,10
Q8JGN5,8355,X. laevis,11.122462,11.714292,14
Q6DJN2,8355,X. laevis,11.368055,11.773353,14
P02281,8355,X. laevis,7.895272,9.821867,6
Q91752,8355,X. laevis,14.206286,12.300542,15
Q91620,8355,X. laevis,12.327528,5.023311,1
Q90X64,8355,X. laevis,9.93053,8.098809,15
Q9I8A3,8355,X. laevis,14.553733,10.008431,10
Q9DF49,8355,X. laevis,13.8272,9.57038,10
P20965,8355,X. laevis,13.68617,11.0029,12
P87377,8355,X. laevis,14.6159,10.170287,2
Q32NJ2,8355,X. laevis,11.360255,12.590785,14
Q8UUJ9,8355,X. laevis,12.691489,5.504042,1
Q153D9,8355,X. laevis,14.302897,8.859429,2
Q7ZYE9,8355,X. laevis,13.54523,10.932894,12
Q90X95,8355,X. laevis,13.444291,9.40467,2
Q6ZXA0,8355,X. laevis,11.98098,4.490534,1
Q9DGN1,8355,X. laevis,10.923494,4.449923,17
P50532,8355,X. laevis,13.722629,10.013607,12
K9ZTJ6,8355,X. laevis,12.729516,10.681265,6
Q7ZXW9,8355,X. laevis,15.004917,9.843622,10
Q90ZH9,8355,X. laevis,15.14961,9.784662,10
P23437,8355,X. laevis,13.001702,13.31693,11
P70033,8355,X. laevis,11.277808,11.527691,17
P0DP35,8355,X. laevis,0.7723104,11.501326,11
Q91713,8355,X. laevis,12.568617,4.902105,1
Q6DE09,8355,X. laevis,14.781349,9.419037,10
P49893,8355,X. laevis,12.349114,2.7734792,1
Q09003,8355,X. laevis,13.362899,9.431321,2
Q7T0S5,8355,X. laevis,7.009117,19.144518,13
Q6DDF4,8355,X. laevis,10.20118,12.363277,9
Q7ZYJ8,8355,X. laevis,11.419902,7.459083,11
P18248,8355,X. laevis,9.730259,12.846027,13
Q91562,8355,X. laevis,7.178475,13.491114,13
Q63ZQ7,8355,X. laevis,13.234158,9.614329,2
Q90VV1,8355,X. laevis,14.489457,9.99141,10
Q5PPM0,8355,X. laevis,10.624438,6.4160523,15
Q6DD33,8355,X. laevis,8.390479,11.966278,9
Q4KLP8,8355,X. laevis,12.948955,8.911975,18
Q6GQG6,8355,X. laevis,11.844446,10.647855,6
Q6DCQ1,8355,X. laevis,14.931149,9.828133,10
Q6NRZ0,8355,X. laevis,13.218114,10.195558,2
Q5W1J5,8355,X. laevis,14.416347,9.794654,10
Q8JFY9,8355,X. laevis,8.565845,8.421445,15
Q9YGV1,8355,X. laevis,12.3443165,4.894964,1
P85120,8355,X. laevis,5.3928585,10.109285,8
Q7T0S3,8355,X. laevis,11.068842,5.6466594,17
Q6NRK1,8355,X. laevis,12.184504,10.190092,18
A0A1L8FNF3,8355,X. laevis,9.848576,11.743586,17
Q6XQ84,8355,X. laevis,13.603004,5.6414666,18
Q3LGB9,8355,X. laevis,11.437322,7.8629255,5
Q91619,8355,X. laevis,12.33282,4.9997625,1
A4FU91,8355,X. laevis,12.96384,10.592722,12
P51129,8355,X. laevis,11.729191,11.39896,17
Q9DFH4,8355,X. laevis,13.225782,5.3157945,10
O57437,8355,X. laevis,14.825455,10.156749,10
Q33DM4,8355,X. laevis,12.607232,4.842252,1
P51126,8355,X. laevis,11.70955,11.533883,6
Q6IRC5,8355,X. laevis,9.62467,11.354738,6
P23787,8355,X. laevis,8.101781,11.499524,13
Q7T3U0,8355,X. laevis,12.144237,8.594753,2
Q6GNV6,8355,X. laevis,13.333779,8.997249,18
P51142,8355,X. laevis,13.526217,10.188024,10
Q5FWU8,8355,X. laevis,9.859623,9.164273,15
Q8UVD7,8355,X. laevis,11.825592,4.613172,1
B5MFE9,8355,X. laevis,12.150695,5.237045,1
Q7ZT48,8355,X. laevis,9.784322,11.4584465,17
O93352,8355,X. laevis,12.44305,9.222966,18
Q6NUA1,8355,X. laevis,9.679105,12.834839,9
P35567,8355,X. laevis,12.984662,13.309057,11
Q7ZX96,8355,X. laevis,9.853085,11.772512,17
P31286,8355,X. laevis,12.331972,2.7891936,1
Q6AZV1,8355,X. laevis,9.598232,10.189697,17
P45593,8355,X. laevis,8.554421,8.513652,15
A0A1L8G016,8355,X. laevis,10.790778,12.532126,11
A5J090,8355,X. laevis,10.100325,13.546711,11
Q90WW4,8355,X. laevis,14.236756,6.4443407,2
Q6GLP3,8355,X. laevis,13.77678,5.211462,5
Q4QXM3,8355,X. laevis,11.492692,9.14671,18
Q9PSD8,8355,X. laevis,14.73734,9.516143,10
Q91821,8355,X. laevis,12.311786,12.206429,14
Q6AZT7,8355,X. laevis,13.322074,10.664188,12
Q01978,8355,X. laevis,14.960552,9.652893,10
Q9I9K6,8355,X. laevis,9.005199,13.275051,14
Q90ZH8,8355,X. laevis,15.063666,9.792609,10
A5H447,8355,X. laevis,13.609663,9.666604,12
Q6IFY7,8355,X. laevis,8.569336,6.2779164,0
B0F0H3,8355,X. laevis,11.586734,11.693587,5
Q8AXX8,8355,X. laevis,14.928768,9.588325,10
O73613,8355,X. laevis,12.436973,11.638165,14
Q9PTG8,8355,X. laevis,13.138046,9.155978,18
Q7ZX35,8355,X. laevis,14.169727,15.937569,14
A0JC51,8355,X. laevis,15.113863,9.523017,10
Q9PUK5,8355,X. laevis,14.913009,9.943096,10
Q9I897,8355,X. laevis,12.430585,4.707234,1
P15308,8355,X. laevis,13.24729,8.4127865,12
Q09022,8355,X. laevis,12.518005,5.503213,1
O93529,8355,X. laevis,15.182573,9.768653,10
P17506,8355,X. laevis,7.6054325,11.564318,9
Q9DGN0,8355,X. laevis,9.44456,9.722901,17
A0A1L8I316,8355,X. laevis,14.21409,8.578964,2
Q9I8G4,8355,X. laevis,12.699308,9.081684,18
Q8AWF5,8355,X. laevis,10.812751,11.283717,6
P70060,8355,X. laevis,11.348376,11.111651,17
P30664,8355,X. laevis,9.357142,11.888542,9
Q6AZF7,8355,X. laevis,12.202326,12.765622,14
P24033,8355,X. laevis,12.981183,13.291717,11
P51128,8355,X. laevis,11.801505,11.409197,6
D5LMF5,8355,X. laevis,10.713117,10.437827,14
A0A1L8FZ84,8355,X. laevis,11.897593,8.539229,18
Q6GN08,8355,X. laevis,10.889217,12.222661,5
P10108,8355,X. laevis,12.325719,2.804234,1
Q2MHQ9,8355,X. laevis,10.751444,9.310614,17
Q1XG44,8355,X. laevis,10.718157,12.310264,14
Q804A5,8355,X. laevis,13.207281,10.592,12
B7XDF1,8355,X. laevis,14.129201,8.389863,16
A0JMW2,8355,X. laevis,10.404669,12.367398,14
Q6INX3,8355,X. laevis,11.799818,5.238655,1
Q98SP8,8355,X. laevis,13.67893,11.003914,14
O73754,8355,X. laevis,12.642395,4.847446,5
Q91989,8355,X. laevis,14.983319,9.789555,10
Q00P32,8355,X. laevis,14.489956,9.647878,2
Q91684,8355,X. laevis,10.702298,5.6597686,9
Q6NRV0,8355,X. laevis,12.161507,10.123374,6
Q9DF36,8355,X. laevis,11.536889,10.909908,6
Q91904,8355,X. laevis,15.1094675,9.807752,10
Q5FWY4,8355,X. laevis,9.353777,11.787317,9
A0A1L8F5J9,8355,X. laevis,9.967197,4.825739,11
Q91854,8355,X. laevis,11.416305,7.5020547,11
Q9W7E8,8355,X. laevis,14.805554,9.651812,2
A0A1L8H1I9,8355,X. laevis,9.941153,10.584346,17
P27633,8355,X. laevis,11.817278,11.512911,6
Q800K6,8355,X. laevis,9.3341675,10.73584,17
Q9PTK2,8355,X. laevis,15.1883545,9.842332,10
Q8AW92,8355,X. laevis,13.904737,10.6871605,11
Q91765,8355,X. laevis,15.244887,9.779858,10
A0A1L8H8C0,8355,X. laevis,13.029927,9.252191,18
P50755,8355,X. laevis,11.358322,12.614978,14
D3YN49,8355,X. laevis,14.724549,9.654162,2
O13023,8355,X. laevis,14.9411745,9.914648,10
Q70AK3,8355,X. laevis,13.325301,5.4646225,1
Q9PUN2,8355,X. laevis,11.272164,12.001702,14
Q641G7,8355,X. laevis,8.837667,8.427047,15
Q9DE33,8355,X. laevis,10.373877,11.98713,9
P13563,8355,X. laevis,8.537541,6.4406266,0
Q91550,8355,X. laevis,12.852712,11.132649,12
Q8QG92,8355,X. laevis,13.502578,9.047753,18
Q4FZ76,8355,X. laevis,11.9483,10.18173,2
Q6TY21,8355,X. laevis,13.280225,10.635453,12
P62972,8355,X. laevis,13.437129,8.127892,11
B7ZQA9,8355,X. laevis,14.859414,9.949272,10
P28025,8355,X. laevis,11.742788,10.852876,6
O42342,8355,X. laevis,15.170009,9.869978,10
Q6GQ04,8355,X. laevis,11.855184,11.270872,14
Q7ZXE9,8355,X. laevis,10.985375,10.214642,6
Q6DE18,8355,X. laevis,10.292308,10.137888,17
B9V5F5,8355,X. laevis,12.352244,10.86419,2
O73823,8355,X. laevis,14.83414,9.371393,10
A0A1L8GR68,8355,X. laevis,13.579162,9.159325,2
Q8UVR3,8355,X. laevis,14.088305,10.554026,5
O93509,8355,X. laevis,14.195756,4.5253577,14
Q68FI1,8355,X. laevis,13.035705,10.367668,12
P70062,8355,X. laevis,14.941754,9.402675,10
Q8UW74,8355,X. laevis,14.3865595,9.363995,2
O73689,8355,X. laevis,15.099353,9.583878,10
A0A1L8HV70,8355,X. laevis,8.611372,12.023782,9
Q6NTS2,8355,X. laevis,8.699535,8.809449,15
Q7ZYB4,8355,X. laevis,11.748959,11.243837,6
Q91903,8355,X. laevis,13.64242,11.055584,14
Q5EE04,8355,X. laevis,8.874243,-1.0230931,19
Q5FWK6,8355,X. laevis,9.1356325,6.714793,15
Q6NRT0,8355,X. laevis,12.786096,12.636439,14
Q9PRJ8,8355,X. laevis,15.074166,9.770269,10
Q6DE87,8355,X. laevis,12.415979,12.247884,14
Q9PTN1,8355,X. laevis,12.432653,12.726968,14
Q1L721,8355,X. laevis,11.307394,11.724543,14
Q7ZT46,8355,X. laevis,9.652449,11.511121,9
P70056,8355,X. laevis,15.067819,9.7818985,10
Q5XH34,8355,X. laevis,10.13257,11.48829,17
Q5XGK2,8355,X. laevis,10.973484,8.504697,18
E1C8M4,9031,G. gallus,10.274174,13.461805,11
P68497,9031,G. gallus,12.032675,10.743623,12
P49337,9031,G. gallus,12.325768,2.8108487,1
P32760,9031,G. gallus,11.748471,12.312476,11
Q9YHD2,9031,G. gallus,13.635704,9.786509,2
E3VVZ8,9031,G. gallus,8.335226,5.8701077,0
P18519,9031,G. gallus,13.915704,5.549317,5
H6UQ64,9031,G. gallus,9.095294,8.122053,15
Q5ZLN1,9031,G. gallus,6.657567,12.97143,11
P49708,9031,G. gallus,14.210784,12.345965,4
Q9PWB0,9031,G. gallus,12.594459,5.130047,2
P37042,9031,G. gallus,13.001787,4.820292,5
P79987,9031,G. gallus,11.55886,7.716001,14
Q05826,9031,G. gallus,14.881728,9.193445,10
H6UQ57,9031,G. gallus,9.065969,8.125271,15
D2XQ56,9031,G. gallus,10.014653,8.167462,16
Q90YI0,9031,G. gallus,14.348548,12.319692,2
P48430,9031,G. gallus,15.182112,9.765179,10
E1C600,9031,G. gallus,13.901725,5.587636,2
O57535,9031,G. gallus,8.271843,8.853678,15
Q5W4U1,9031,G. gallus,14.343875,12.393245,2
Q8AYC6,9031,G. gallus,7.9332542,12.729328,9
Q5ZMB9,9031,G. gallus,12.114646,12.801604,11
Q5ZL72,9031,G. gallus,7.401141,11.528108,9
C4PFJ8,9031,G. gallus,12.917092,5.139006,1
Q8AYP9,9031,G. gallus,6.628961,12.1523905,9
A0A1D5PNY8,9031,G. gallus,14.147664,8.429079,2
Q90880,9031,G. gallus,13.691105,5.132173,5
P56517,9031,G. gallus,8.514014,12.237741,9
Q98917,9031,G. gallus,13.700305,9.047843,2
Q06900,9031,G. gallus,13.729422,5.0091743,14
F1P568,9031,G. gallus,13.185982,8.996247,18
P79781,9031,G. gallus,11.3755865,13.326978,14
Q90W83,9031,G. gallus,6.5435696,13.353781,13
P31395,9031,G. gallus,12.421903,10.024571,6
Q7T2H2,9031,G. gallus,13.394379,5.2362404,1
F1NPG5,9031,G. gallus,13.233574,9.030789,18
Q90X15,9031,G. gallus,14.577844,9.897384,2
O13005,9031,G. gallus,14.683985,9.117782,2
I6QEA2,9031,G. gallus,8.562898,-0.46568212,19
A0A1D5P6Q5,9031,G. gallus,8.441738,13.993506,14
P21566,9031,G. gallus,8.559249,8.514994,15
P27177,9031,G. gallus,13.065888,7.9213557,12
F1NLX8,9031,G. gallus,14.266623,10.1760235,10
F1P0Q4,9031,G. gallus,12.427896,10.420987,6
F1NV99,9031,G. gallus,10.935701,5.046045,1
F1P1Z1,9031,G. gallus,9.835376,13.081423,11
Q5ZI83,9031,G. gallus,11.897181,11.223204,2
B3F8C5,9031,G. gallus,7.9111805,5.1572905,0
Q90WR3,9031,G. gallus,11.81433,4.8857656,1
P02607,9031,G. gallus,0.72856474,11.4386635,11
H2EQW7,9031,G. gallus,6.829341,21.609892,6
Q9I9L8,9031,G. gallus,13.208802,8.802074,18
B3VHV2,9031,G. gallus,8.075598,13.629806,13
F6SU23,9031,G. gallus,13.310109,5.6956925,1
P36381,9031,G. gallus,9.250245,5.7591105,6
Q90660,9031,G. gallus,11.364713,11.67919,14
Q00649,9031,G. gallus,16.948442,7.607897,14
C5J073,9031,G. gallus,14.287652,6.3997984,5
P18870,9031,G. gallus,14.196815,10.20874,10
Q90633,9031,G. gallus,10.62551,11.524745,6
Q04584,9031,G. gallus,13.5174675,9.821943,12
P22329,9031,G. gallus,8.688564,-0.6819467,19
A0A0A0MQ56,9031,G. gallus,9.77236,12.420373,9
A0A1D5P5P2,9031,G. gallus,14.572899,8.683161,2
P14105,9031,G. gallus,11.346608,12.798538,14
E1BXG9,9031,G. gallus,8.487926,13.0646715,13
P05094,9031,G. gallus,10.585984,11.47,9
Q91049,9031,G. gallus,11.001627,7.340099,6
P00337,9031,G. gallus,7.1111155,13.1471615,13
P22328,9031,G. gallus,8.711228,-0.70261854,19
A0A1D5NYE8,9031,G. gallus,14.172201,15.941561,14
P00508,9031,G. gallus,7.2252254,13.55127,13
O57391,9031,G. gallus,6.445144,12.953789,13
Q9I8K7,9031,G. gallus,15.009947,9.739086,10
P46896,9031,G. gallus,7.944315,4.502708,11
F1NXM1,9031,G. gallus,9.785239,12.030671,14
G3CUT1,9031,G. gallus,12.373879,15.98445,16
Q9DEG0,9031,G. gallus,13.579951,4.809372,5
Q9YGP0,9031,G. gallus,14.265584,12.284845,2
P0CB05,9031,G. gallus,12.37612,10.879676,2
Q7T2X8,9031,G. gallus,11.966318,11.661599,14
A8QJE7,9031,G. gallus,8.705667,-0.701579,19
P21872,9031,G. gallus,6.752311,13.044768,13
Q9PTI7,9031,G. gallus,14.265816,10.170869,10
P01109,9031,G. gallus,14.753788,9.154878,2
Q6PTX2,9031,G. gallus,10.500977,9.466175,6
A0A1D5PFK3,9031,G. gallus,13.274493,5.5967402,18
P55807,9031,G. gallus,13.084859,4.7154255,5
P28173,9031,G. gallus,6.518646,12.48565,13
E1C1U1,9031,G. gallus,8.8002,12.693544,9
Q7LZ83,9031,G. gallus,11.109966,8.438648,18
Q677M1,9031,G. gallus,8.273158,4.7422123,0
F1NW21,9031,G. gallus,7.0021996,11.800392,9
O93480,9031,G. gallus,11.676219,10.5084715,6
E1C2F2,9031,G. gallus,13.118669,9.578223,12
Q7ZZZ2,9031,G. gallus,9.614865,4.8396254,19
Q2XP49,9031,G. gallus,14.25633,12.265854,15
Q98SR2,9031,G. gallus,9.486244,5.1839914,19
P55806,9031,G. gallus,13.066357,4.7143006,5
Q9PTN7,9031,G. gallus,8.6981125,-0.65913993,19
H6UQ61,9031,G. gallus,9.088172,8.105464,15
Q9W7R6,9031,G. gallus,15.18398,9.8034725,10
Q7LZ57,9031,G. gallus,8.92092,8.402045,15
Q90Z51,9031,G. gallus,8.924761,4.775642,0
F1P0W5,9031,G. gallus,14.023495,6.910507,2
Q9PSS2,9031,G. gallus,10.954298,11.737505,14
P25429,9031,G. gallus,12.64167,5.0602407,1
Q90592,9031,G. gallus,7.9125943,4.5217643,11
Q679P3,9031,G. gallus,13.688634,10.011901,5
Q90984,9031,G. gallus,9.025781,5.3680663,14
A0A1D5PUL6,9031,G. gallus,9.625059,10.196705,6
O42220,9031,G. gallus,12.284026,4.955063,1
O93568,9031,G. gallus,12.110035,5.3911867,17
A7Y7W2,9031,G. gallus,14.882006,9.148202,2
O42273,9031,G. gallus,12.173971,4.768368,1
O93344,9031,G. gallus,6.242412,13.0358515,13
B0BL87,9031,G. gallus,13.442882,5.538796,5
Q90979,9031,G. gallus,14.277605,9.736366,10
B3TP03,9031,G. gallus,8.178599,5.128506,0
O73909,9031,G. gallus,12.059079,6.301067,2
Q5ILH0,9031,G. gallus,11.566387,11.340868,17
O93319,9031,G. gallus,14.181128,4.532478,5
P09206,9031,G. gallus,8.221468,15.161888,9
F1ND48,9031,G. gallus,10.84405,11.987149,14
F1NWN4,9031,G. gallus,5.246124,11.731155,3
E1BS07,9031,G. gallus,14.539215,8.748181,2
O42284,9031,G. gallus,10.741288,12.381003,14
F1P3Y2,9031,G. gallus,8.710513,-0.7031544,19
P01012,9031,G. gallus,15.357208,0.14146233,13
F1NAB7,9031,G. gallus,12.825048,4.243082,1
E2RUH1,9031,G. gallus,11.513315,4.6040235,1
B4ER10,9031,G. gallus,14.347835,12.386666,2
P42324,9031,G. gallus,0.63798815,11.350777,11
P46936,9031,G. gallus,14.628467,9.516965,10
F1NNT7,9031,G. gallus,9.496347,12.358978,13
Q9W737,9031,G. gallus,9.9031315,12.710905,11
Q8AYC9,9031,G. gallus,12.504232,12.190062,14
Q8QGQ6,9031,G. gallus,14.150125,10.104523,10
D1LWV2,9031,G. gallus,12.335003,4.868218,1
Q68Y81,9031,G. gallus,13.400247,10.859843,10
Q90674,9031,G. gallus,9.667102,4.8652987,19
Q6J613,9031,G. gallus,13.290252,6.77976,18
P30371,9031,G. gallus,12.277573,4.951155,1
C4PFJ9,9031,G. gallus,12.946405,5.126377,5
F1NPE8,9031,G. gallus,10.507093,12.102678,14
H6UQ72,9031,G. gallus,14.115377,6.8059134,2
Q9DG15,9031,G. gallus,12.21872,10.918961,2
P62985,9031,G. gallus,8.368002,8.9409485,15
O73883,9031,G. gallus,14.2264,12.334265,4
Q90WK1,9031,G. gallus,12.6574,4.852745,1
Q8QG94,9031,G. gallus,10.264255,8.287658,15
P79996,9031,G. gallus,12.851404,13.107419,13
F1N9F4,9031,G. gallus,13.082087,4.7256126,1
Q90ZF0,9031,G. gallus,12.449682,12.657703,14
O73691,9031,G. gallus,14.383052,8.719465,12
A0A1D5NUC4,9031,G. gallus,12.4888315,11.596376,14
P12957,9031,G. gallus,12.9761915,9.318262,12
P09482,9031,G. gallus,9.682942,4.5808806,1
P27093,9031,G. gallus,12.601873,4.822243,1
P19204,9031,G. gallus,9.937513,10.089492,17
Q9I8T7,9031,G. gallus,14.089171,10.31608,10
E1C6T3,9031,G. gallus,12.824854,5.149667,2
Q90611,9031,G. gallus,12.043161,5.0151625,1
P08023,9031,G. gallus,15.556953,14.301016,11
Q0GGW5,9031,G. gallus,12.553714,12.216329,14
O93288,9031,G. gallus,14.678318,10.204218,10
A0A1D5PHC7,9031,G. gallus,8.894759,-1.0140566,19
Q52P71,9031,G. gallus,15.362019,0.13602604,11
P43691,9031,G. gallus,14.585212,9.867265,10
Q5GQ97,9031,G. gallus,13.30607,5.7199044,1
O42108,9031,G. gallus,14.065491,10.490376,10
Q8JHA6,9031,G. gallus,8.348757,12.203986,9
P17153,9031,G. gallus,1.3025452,7.972629,13
P02752,9031,G. gallus,12.147255,4.9277396,17
A5HNF6,9031,G. gallus,11.118447,12.232366,5
Q9I8D2,9031,G. gallus,11.955982,6.524846,17
P26990,9031,G. gallus,6.679897,18.823736,13
Q5F488,9031,G. gallus,13.471375,10.094413,5
Q8UUG9,9031,G. gallus,12.3003435,15.881101,16
Q8UVD9,9031,G. gallus,13.479915,10.706171,12
P19352,9031,G. gallus,-1.3729254,9.307327,6
E1AVU6,9031,G. gallus,7.8807635,12.860392,13
Q90593,9031,G. gallus,8.163748,13.647996,13
Q5ZKL9,9031,G. gallus,10.963904,8.868346,15
Q9DDC9,9031,G. gallus,8.746554,-0.74281967,19
Q5MNV6,9031,G. gallus,8.492364,5.4951873,0
P08317,9031,G. gallus,12.769128,5.491926,5
A3RL83,9031,G. gallus,10.858176,12.571513,11
P05300,9031,G. gallus,12.190877,4.5411553,1
A0A1D5PFN2,9031,G. gallus,13.513942,9.024598,18
Q2TV23,9031,G. gallus,8.226849,12.026871,9
F2XNG5,9031,G. gallus,12.962765,5.120436,1
Q58NQ4,9031,G. gallus,14.294027,9.705831,10
O57337,9031,G. gallus,14.572708,9.937945,10
Q04205,9031,G. gallus,12.797986,4.228201,1
Q90999,9031,G. gallus,13.713274,4.9367223,14
O42130,9031,G. gallus,9.65079,10.539605,17
Q90935,9031,G. gallus,15.353402,0.14573942,13
Q59J86,9031,G. gallus,8.521766,11.761368,14
F1NKI2,9031,G. gallus,14.7034645,9.3602705,10
F1NIM4,9031,G. gallus,8.961776,13.130449,13
Q90X21,9031,G. gallus,15.136699,9.487759,10
E1BWE8,9031,G. gallus,14.73606,9.270068,10
A0A1D5PGJ0,9031,G. gallus,11.78277,10.61571,6
Q6T7C0,9031,G. gallus,12.692866,5.5113654,1
Q9PSP5,9031,G. gallus,8.764959,8.449935,15
Q5QJC4,9031,G. gallus,13.613589,9.247333,2
O93467,9031,G. gallus,6.892938,19.280222,11
Q9YGX6,9031,G. gallus,12.329707,2.808258,1
Q90827,9031,G. gallus,13.051634,4.6263165,1
Q8UUW7,9031,G. gallus,13.376052,10.662042,12
Q5TLZ2,9031,G. gallus,13.5511675,7.0666595,18
P09654,9031,G. gallus,6.8292084,21.610487,6
Q0WYX8,9031,G. gallus,13.358867,5.078263,1
R4GI14,9031,G. gallus,13.819081,9.183563,2
Q8AYI3,9031,G. gallus,6.8821263,11.963581,9
E5L8C8,9031,G. gallus,14.309534,10.205762,2
P18908,9031,G. gallus,13.682334,6.978305,18
Q9PUF6,9031,G. gallus,13.423312,5.1768966,1
D0PRN4,9031,G. gallus,13.486056,5.605463,10
Q6QLR2,9031,G. gallus,12.470874,5.698733,4
Q65Z91,9031,G. gallus,13.2653,5.7411704,1
P80566,9031,G. gallus,8.184305,12.8163185,13
Q5TMB6,9031,G. gallus,8.558663,-0.44314796,19
Q5ZK28,9031,G. gallus,13.231131,9.727857,6
A0A1D5NY17,9031,G. gallus,9.096165,5.654298,1
E1BSP0,9031,G. gallus,13.103469,5.107911,1
P21760,9031,G. gallus,12.122321,4.9937897,1
Q1G7G9,9031,G. gallus,13.1915245,9.662304,10
Q9I8D1,9031,G. gallus,12.360207,10.801758,6
D6PZR1,9031,G. gallus,13.033706,7.8762755,12
P79994,9031,G. gallus,10.279451,9.834316,6
Q9IAL8,9031,G. gallus,8.533041,5.2782273,0
Q91035,9031,G. gallus,12.262831,4.6178865,1
H6UQ67,9031,G. gallus,9.113673,8.113631,15
R4GH26,9031,G. gallus,12.736443,4.428238,1
Q95601,9031,G. gallus,13.257257,4.6765666,5
Q8QGU2,9031,G. gallus,8.611916,13.764791,13
Q05705,9031,G. gallus,-1.3729143,9.307361,6
Q6BDR9,9031,G. gallus,12.219155,11.3283415,5
K9JA28,9031,G. gallus,13.855479,5.506113,2
P01014,9031,G. gallus,15.360681,0.1374062,13
Q07496,9031,G. gallus,13.47509,5.0347915,14
P08110,9031,G. gallus,9.7747345,10.140335,6
Q1XA76,9031,G. gallus,10.393328,4.706504,1
Q01795,9031,G. gallus,14.482685,8.945314,2
H6UQ71,9031,G. gallus,14.088708,6.8425655,2
H6UQ69,9031,G. gallus,14.097104,6.838221,2
Q90W82,9031,G. gallus,14.601511,9.275266,10
Q90YK0,9031,G. gallus,14.282714,6.414761,1
Q90748,9031,G. gallus,9.524895,12.393936,13
P68306,9031,G. gallus,10.734355,11.820962,9
P79795,9031,G. gallus,12.727004,4.414186,1
A0A024B7I3,9031,G. gallus,4.411167,9.654811,0
Q9I8D9,9031,G. gallus,7.6514053,5.1196194,0
Q8JHF6,9031,G. gallus,8.203833,5.57487,17
B9VMA9,9031,G. gallus,8.165664,5.3302994,0
P56520,9031,G. gallus,8.596819,12.279539,9
P33717,9031,G. gallus,14.233856,6.423928,5
P36196,9031,G. gallus,11.27706,4.5845723,1
P42292,9031,G. gallus,13.636237,5.052791,1
Q76I90,9031,G. gallus,10.842201,11.268323,6
Q9PU53,9031,G. gallus,13.284617,8.890015,2
Q8AWW2,9031,G. gallus,14.200293,4.5190096,14
P21804,9031,G. gallus,13.469222,5.0842223,14
Q9DE07,9031,G. gallus,13.358968,9.520964,2
Q5ZQU2,9031,G. gallus,14.192335,10.1485405,10
F1NEY2,9031,G. gallus,8.642216,-0.6131397,19
P18254,9031,G. gallus,14.27033,6.4110904,5
E1AFV0,9031,G. gallus,12.441813,5.701087,4
P15143,9031,G. gallus,14.334829,10.706611,12
G0W2S9,9031,G. gallus,13.029816,4.6872025,1
Q9IAX2,9031,G. gallus,9.546626,9.823597,17
F1NBU2,9031,G. gallus,13.52673,9.336457,2
Q5ZME2,9031,G. gallus,7.1784244,12.788026,9
P53411,9031,G. gallus,14.063871,10.46187,10
E2RUH0,9031,G. gallus,11.242845,4.5163136,1
Q90655,9031,G. gallus,14.720046,9.821699,10
C1KB84,9031,G. gallus,14.550459,9.983506,10
E1BVC3,9031,G. gallus,11.676312,11.927698,5
E1BUG7,9031,G. gallus,13.320235,9.698293,12
F1NSK6,9031,G. gallus,14.360663,10.67202,12
Q9I9F1,9031,G. gallus,14.502105,8.656301,5
O93436,9031,G. gallus,11.906568,10.641048,6
Q90YI1,9031,G. gallus,12.645133,4.9651294,1
P53033,9031,G. gallus,10.047826,13.5701275,11
Q5ZIZ4,9031,G. gallus,9.871318,13.453645,11
P05153,9031,G. gallus,7.2255435,9.941403,15
Q9DER5,9031,G. gallus,10.253303,11.621685,14
P46157,9031,G. gallus,12.474953,5.736347,1
E1BYE9,9031,G. gallus,8.289178,5.9286833,0
K4MQC6,9031,G. gallus,12.627048,5.022068,1
Q5ZMN2,9031,G. gallus,9.369878,11.755433,9
Q2AB83,9031,G. gallus,9.083989,-0.89969796,19
O42391,9031,G. gallus,9.492132,12.061238,9
F1N9Y5,9031,G. gallus,11.431726,12.272195,14
Q9PWN6,9031,G. gallus,13.464247,5.1454396,14
P02259,9031,G. gallus,13.220932,8.427855,12
Q6Q1Q7,9031,G. gallus,12.86085,4.266881,1
E0AFT5,9031,G. gallus,11.974728,6.501136,17
Q5F425,9031,G. gallus,12.10119,11.201585,14
Q90X14,9031,G. gallus,14.525825,10.394482,2
P51030,9031,G. gallus,12.324251,2.8099978,1
Q9I8A0,9031,G. gallus,15.162679,9.71567,10
O57349,9031,G. gallus,13.907308,5.5582004,2
P62167,9031,G. gallus,0.6144438,11.347481,13
F1P4Y5,9031,G. gallus,9.701628,4.570594,19
G1K325,9031,G. gallus,14.416626,9.989482,10
B3VMQ8,9031,G. gallus,13.89484,5.5466957,2
F1NWP3,9031,G. gallus,8.038194,13.607164,13
Q90688,9031,G. gallus,13.743841,10.185025,12
F1NTM6,9031,G. gallus,11.067284,5.027568,1
Q90WG2,9031,G. gallus,10.786007,9.786628,6
Q0ZM14,9031,G. gallus,8.91643,4.768802,17
A7M6V5,9031,G. gallus,10.155967,7.825476,15
Q2ACD2,9031,G. gallus,14.09705,6.824912,2
O57513,9031,G. gallus,12.375695,12.904884,11
F1P3H0,9031,G. gallus,13.731508,5.0097113,14
A7Y7W3,9031,G. gallus,15.159232,9.687696,10
G8HN01,9031,G. gallus,13.037395,4.79664,5
B3GRU6,9031,G. gallus,8.647753,-0.6168338,19
Q9DFH3,9031,G. gallus,11.401358,11.8283205,17
A0A1D5P5R0,9031,G. gallus,9.645653,10.1737175,17
Q5ZJT4,9031,G. gallus,8.955388,13.131912,13
Q9YH14,9031,G. gallus,9.292977,9.131757,6
Q9PTB0,9031,G. gallus,14.209696,6.549595,2
Q5ZIV8,9031,G. gallus,10.062272,13.3502655,11
F1P3J5,9031,G. gallus,10.790494,4.914818,11
Q64HY4,9031,G. gallus,14.703217,8.777716,2
P12105,9031,G. gallus,11.087784,5.1177034,17
Q90ZH5,9031,G. gallus,10.204786,10.845669,17
Q7SX63,9031,G. gallus,8.075332,13.618416,13
P41263,9031,G. gallus,12.041294,4.9956894,1
F1NVZ5,9031,G. gallus,12.2187195,4.5900383,1
P11501,9031,G. gallus,9.621389,10.111867,6
Q9PSV6,9031,G. gallus,15.186932,9.83063,10
Q9IA88,9031,G. gallus,13.967147,10.118016,10
G3LXI2,9031,G. gallus,9.783375,8.947324,15
F1NQJ3,9031,G. gallus,11.2021055,11.673196,14
O13111,9031,G. gallus,13.338905,8.909942,18
Q7LZ75,9031,G. gallus,8.530027,-0.42819837,19
P46158,9031,G. gallus,12.510768,5.679802,4
P04268,9031,G. gallus,-1.3730241,9.30733,6
Q6Q1Q9,9031,G. gallus,12.8544445,4.1922097,1
E1C3A6,9031,G. gallus,14.285159,9.975661,10
Q3HWX0,9031,G. gallus,13.52981,7.052694,18
Q5ZJE0,9031,G. gallus,13.313522,9.357196,2
F1N9S8,9031,G. gallus,9.760412,12.87094,14
Q5ZMA3,9031,G. gallus,14.006565,10.7034235,12
Q9PW72,9031,G. gallus,13.521704,9.89594,10
F1NY98,9031,G. gallus,10.6441965,5.948979,13
H6UQ63,9031,G. gallus,9.065946,8.143141,15
Q6XBN7,9031,G. gallus,13.535173,9.728464,10
Q90582,9031,G. gallus,15.00235,9.364542,10
P18080,9031,G. gallus,9.083813,11.939193,3
Q9I8D3,9031,G. gallus,7.43939,11.953324,9
Q6UG48,9031,G. gallus,14.243265,12.342732,4
B4Z8L9,9031,G. gallus,9.835669,8.239543,15
Q2LMP1,9031,G. gallus,12.330686,2.7917826,1
Q001T8,9031,G. gallus,10.757695,12.18451,9
R4GJF1,9031,G. gallus,13.0454235,5.2934127,2
Q3C2H6,9031,G. gallus,12.351023,2.774596,1
Q9PUQ7,9031,G. gallus,10.796303,12.465564,14
Q2AB81,9031,G. gallus,9.095757,-0.89504045,19
F1NJ08,9031,G. gallus,6.8290143,21.611195,6
F1NLP2,9031,G. gallus,9.369427,11.813959,9
P26007,9031,G. gallus,12.183193,4.5084534,1
P08250,9031,G. gallus,9.900205,9.339594,6
R4GI90,9031,G. gallus,12.447898,5.6618843,4
P43449,9031,G. gallus,11.365856,12.670862,14
Q90ZH6,9031,G. gallus,14.891364,9.948008,10
Q3L255,9031,G. gallus,12.332845,2.791346,1
P23824,9031,G. gallus,15.091363,9.553738,10
D1M7B1,9031,G. gallus,14.331156,12.394671,15
Q9DGN5,9031,G. gallus,8.003912,5.29597,0
P00504,9031,G. gallus,7.2076607,13.574658,11
P51903,9031,G. gallus,6.508757,13.003752,13
Q537V4,9031,G. gallus,8.67533,11.602246,11
Q5F3B5,9031,G. gallus,9.293773,13.333448,13
H6UQ66,9031,G. gallus,9.08325,8.127136,15
Q90923,9031,G. gallus,12.367634,4.63799,1
F1NXU8,9031,G. gallus,8.704753,5.383542,0
Q90YK6,9031,G. gallus,8.531105,-0.4021133,19
A5GZA7,9031,G. gallus,14.778268,10.087063,10
Q9DEB8,9031,G. gallus,12.327409,2.7996764,1
P35331,9031,G. gallus,6.834775,12.359733,9
P05083,9031,G. gallus,6.5082574,12.955952,13
Q5ZI23,9031,G. gallus,7.910828,12.694269,13
Q03669,9031,G. gallus,7.33771,6.2320848,9
P32882,9031,G. gallus,8.219703,15.160656,9
O73933,9031,G. gallus,14.679347,10.350816,10
F1NWM4,9031,G. gallus,13.895817,5.5540895,2
Q0GMA8,9031,G. gallus,7.964423,5.169485,0
Q5ZM44,9031,G. gallus,0.59344316,11.346034,14
B0FLN7,9031,G. gallus,14.333039,12.395752,2
P00940,9031,G. gallus,6.350597,13.157355,13
P04210,9031,G. gallus,14.039492,5.2804494,5
B0I564,9031,G. gallus,10.808882,12.555186,6
A0A3Q2TTB3,9031,G. gallus,10.177478,10.921715,17
Q90ZM5,9031,G. gallus,14.169096,9.145444,2
Q5QRU6,9031,G. gallus,8.719696,13.071528,9
Q64HY5,9031,G. gallus,14.970227,9.243576,10
P51901,9031,G. gallus,1.3083017,7.974623,13
Q8AWW1,9031,G. gallus,11.483611,11.188056,14
Q98UI9,9031,G. gallus,10.905614,10.884013,17
F1NWE3,9031,G. gallus,6.553894,5.4757605,0
C4P6Q3,9031,G. gallus,14.479131,9.044273,2
Q91987,9031,G. gallus,13.565465,4.9809365,11
P83038,9031,G. gallus,13.782401,10.0079775,10
Q6QLQ6,9031,G. gallus,12.516393,5.7913704,2
Q9DD78,9031,G. gallus,13.307556,5.7141557,1
Q9PTS8,9031,G. gallus,9.699396,4.5608134,11
F1P587,9031,G. gallus,10.339789,8.563073,15
Q90933,9031,G. gallus,8.42067,11.45276,14
P26584,9031,G. gallus,17.019016,15.489748,12
P02112,9031,G. gallus,8.706275,13.054221,9
Q3MUH5,9031,G. gallus,10.034488,12.538893,9
O73612,9031,G. gallus,13.500722,5.081736,5
Q98TA4,9031,G. gallus,12.879358,5.201498,1
F1P170,9031,G. gallus,14.340483,12.360666,2
P19596,9031,G. gallus,12.203209,5.840325,1
Q91029,9031,G. gallus,12.326898,2.8211818,1
Q00944,9031,G. gallus,11.687586,11.742141,14
P28684,9031,G. gallus,8.713994,-0.70370686,19
Q8QFT4,9031,G. gallus,9.289174,15.16968,11
Q4KS30,9031,G. gallus,12.66847,5.4916306,5
Q6IV18,9031,G. gallus,12.507582,5.7769365,4
I0IUP4,9031,G. gallus,6.9165273,12.256904,9
F1NP39,9031,G. gallus,9.351807,10.11734,17
E1BSW7,9031,G. gallus,10.82866,12.228296,14
Q90WF1,9031,G. gallus,14.434235,8.63975,2
Q8QG61,9031,G. gallus,8.319123,11.974295,17
P14676,9031,G. gallus,14.302711,12.376047,15
P49285,9031,G. gallus,8.607983,-0.53960824,19
E1C597,9031,G. gallus,11.83037,11.136798,12
P63247,9031,G. gallus,11.228385,7.490713,14
R4GKC8,9031,G. gallus,13.642433,9.942508,5
Q9PUK3,9031,G. gallus,12.326939,4.8221045,1
P00356,9031,G. gallus,6.937363,12.481568,9
P79760,9031,G. gallus,9.267391,15.096946,13
F1P5B4,9031,G. gallus,7.689283,13.001939,13
P07997,9031,G. gallus,9.578736,11.949086,14
Q5R1S9,9031,G. gallus,11.549602,7.6736574,14
H6UQ73,9031,G. gallus,14.1221485,6.812269,2
B3XZF5,9031,G. gallus,8.661079,-0.6305846,19
Q9YIC3,9031,G. gallus,12.682515,4.475493,1
C4P6Q2,9031,G. gallus,12.23709,5.706231,1
Q98TY6,9031,G. gallus,12.612429,11.398627,5
P28682,9031,G. gallus,8.729422,-0.73492455,19
A0A1D5PXP0,9031,G. gallus,6.828336,21.61246,6
Q5ZJJ2,9031,G. gallus,8.468326,13.535334,13
P28337,9031,G. gallus,7.30851,13.004588,3
P13590,9031,G. gallus,13.428723,5.295304,12
A0A1D5PS27,9031,G. gallus,11.504044,4.58635,1
Q9I9P1,9031,G. gallus,10.2745285,7.999985,15
A0A1D5P7D9,9031,G. gallus,12.946515,5.6673694,11
Q4PLA5,9031,G. gallus,10.365398,5.271223,17
Q9YI46,9031,G. gallus,12.944328,13.27709,11
Q8JJC0,9031,G. gallus,15.097905,9.516288,10
P26446,9031,G. gallus,10.169185,10.404096,6
Q76KB1,9031,G. gallus,11.418558,4.4145494,1
P38024,9031,G. gallus,7.1402516,13.162191,13
P47807,9031,G. gallus,9.542388,12.347438,13
Q5GR02,9031,G. gallus,13.304348,5.7121387,1
Q9YHC0,9031,G. gallus,13.850109,9.676802,10
Q6Q1Q8,9031,G. gallus,12.854334,4.2075286,1
Q9PVG4,9031,G. gallus,14.461631,9.912312,10
P08125,9031,G. gallus,13.090533,5.3764057,12
P14781,9031,G. gallus,13.562768,5.010971,11
P23614,9031,G. gallus,13.277272,8.436411,12
Q90986,9031,G. gallus,12.946856,5.6150684,11
Q98TQ8,9031,G. gallus,12.742906,4.745862,5
A0A1D5PCZ1,9031,G. gallus,12.122094,12.740199,11
P08106,9031,G. gallus,8.06449,13.634835,13
Q90WU0,9031,G. gallus,10.871827,12.255166,14
Q788Q2,9031,G. gallus,12.582341,4.5150757,1
C6KJC5,9031,G. gallus,14.212412,12.341436,4
P07341,9031,G. gallus,7.127887,11.988693,9
Q90747,9031,G. gallus,13.675528,5.5763497,2
Q9YHB7,9031,G. gallus,14.991144,9.483476,10
Q5F338,9031,G. gallus,13.286769,9.404882,2
Q90751,9031,G. gallus,12.505185,4.786389,1
F1N9Y3,9031,G. gallus,13.048595,10.035195,10
P16047,9031,G. gallus,12.31382,4.945002,1
Q90YJ9,9031,G. gallus,7.9280367,12.533576,9
Q8QFQ8,9031,G. gallus,11.953375,6.5429726,17
F1NUT2,9031,G. gallus,12.692039,4.8127823,5
Q1PS52,9031,G. gallus,8.795629,5.3005877,5
P38531,9031,G. gallus,13.800145,9.374681,2
P38529,9031,G. gallus,14.0718975,10.300046,10
P17790,9031,G. gallus,13.560027,5.057182,1
P67964,9031,G. gallus,12.58787,5.039448,1
Q9PU40,9031,G. gallus,9.123588,8.216044,15
Q9PWE8,9031,G. gallus,14.666424,10.18294,10
P00565,9031,G. gallus,9.740618,13.280609,13
P18946,9031,G. gallus,6.885356,5.635762,17
F1NZI2,9031,G. gallus,14.624244,10.337856,10
P50141,9031,G. gallus,8.29983,12.076284,14
P11722,9031,G. gallus,11.23392,4.381039,1
W0S0X4,9606,H. sapiens,11.147676,12.139895,14
Q93015,9606,H. sapiens,14.297231,8.689115,5
P22460,9606,H. sapiens,9.264212,5.4070206,5
Q9H175,9606,H. sapiens,14.030013,9.163044,2
C9J6C5,9606,H. sapiens,10.518289,10.88872,6
Q6ZNH5,9606,H. sapiens,14.895649,8.465966,5
Q5FWF6,9606,H. sapiens,14.893091,8.411676,2
P18509,9606,H. sapiens,13.577094,7.0529184,18
Q6GPH4,9606,H. sapiens,13.107493,9.806674,5
Q9Y3A0,9606,H. sapiens,9.575904,8.730489,15
Q8NDF8,9606,H. sapiens,11.918343,11.594481,14
Q9UL54,9606,H. sapiens,15.21898,9.611605,10
F5GXJ8,9606,H. sapiens,12.492363,10.847055,2
P35498,9606,H. sapiens,9.888686,12.123067,11
H7C2Z3,9606,H. sapiens,10.273467,10.675307,2
P14635,9606,H. sapiens,11.3413515,12.8117895,14
A0A5F9ZHL3,9606,H. sapiens,6.8285007,21.611795,5
O76001,9606,H. sapiens,8.976833,-0.9212835,19
Q8IZJ6,9606,H. sapiens,7.9390616,12.158673,14
P61966,9606,H. sapiens,9.356322,12.7182455,9
P41214,9606,H. sapiens,11.09193,12.032601,9
Q15672,9606,H. sapiens,14.415812,9.688318,10
P13674,9606,H. sapiens,11.46129,4.3522596,1
Q9Y4E1,9606,H. sapiens,15.352381,0.1467499,1
A0A2R8Y5Z1,9606,H. sapiens,14.2000885,15.96971,14
B1AQ74,9606,H. sapiens,10.2713,9.965772,17
F8VVC4,9606,H. sapiens,13.446017,5.577674,4
Q86YB8,9606,H. sapiens,9.5982895,6.0436487,1
P14653,9606,H. sapiens,15.01605,9.199883,10
P02748,9606,H. sapiens,12.179165,5.425718,17
Q8N2X6,9606,H. sapiens,14.315098,8.471305,16
D6R946,9606,H. sapiens,11.053958,11.84765,17
Q99729,9606,H. sapiens,13.540892,10.889996,12
P14859,9606,H. sapiens,14.379706,10.701276,12
Q9ULD2,9606,H. sapiens,11.994771,9.626949,18
B4DHR0,9606,H. sapiens,12.4823475,11.020221,2
A0A384NL63,9606,H. sapiens,13.408357,10.79598,12
A0A158RUX1,9606,H. sapiens,10.827632,11.377219,6
K7ERC4,9606,H. sapiens,6.693407,11.477921,17
P10911,9606,H. sapiens,11.017098,11.616441,17
G3V5S4,9606,H. sapiens,12.675859,9.170498,18
Q13002,9606,H. sapiens,9.982406,4.8205075,11
Q96JM7,9606,H. sapiens,12.7738495,9.921837,14
Q9BS57,9606,H. sapiens,13.991136,12.218396,16
Q9Y3F4,9606,H. sapiens,11.386458,7.4798985,11
Q01167,9606,H. sapiens,14.745849,9.485159,10
Q7Z3H0,9606,H. sapiens,14.271559,8.594069,2
O15304,9606,H. sapiens,10.094975,8.602432,15
P04733,9606,H. sapiens,11.965004,10.899474,11
A0A024R1U0,9606,H. sapiens,10.241318,12.229795,14
H0Y9Z5,9606,H. sapiens,9.926227,13.237121,11
A0A0S2Z5D6,9606,H. sapiens,9.678113,12.785413,14
Q9NY93,9606,H. sapiens,11.540842,11.878189,14
P51854,9606,H. sapiens,6.2397323,12.795577,13
A0A2R8Y7Z0,9606,H. sapiens,14.173302,15.942672,14
Q9BRJ9,9606,H. sapiens,14.507268,8.653431,5
I3L3X5,9606,H. sapiens,11.946259,11.52863,5
E9PEZ1,9606,H. sapiens,11.014621,9.120162,18
A8MVF3,9606,H. sapiens,15.193877,10.461191,10
P55290,9606,H. sapiens,14.198769,4.5215087,5
Q9BRL5,9606,H. sapiens,0.75570303,11.475093,11
Q7L3S4,9606,H. sapiens,14.945016,8.435886,5
Q6PGQ7,9606,H. sapiens,13.370582,8.942647,18
B8ZZ93,9606,H. sapiens,13.850875,9.061463,2
Q12996,9606,H. sapiens,10.272735,12.655692,14
A4QPB0,9606,H. sapiens,14.881572,10.030861,10
K9J968,9606,H. sapiens,12.685514,4.7834196,1
E9PLZ3,9606,H. sapiens,11.180389,11.340095,14
Q8TDN7,9606,H. sapiens,8.424958,5.853438,0
E7EUN9,9606,H. sapiens,11.6349745,11.945898,5
Q6ZUT6,9606,H. sapiens,14.390239,8.569719,2
P10398,9606,H. sapiens,12.497727,11.818263,5
O43147,9606,H. sapiens,12.064195,11.302039,2
Q02218,9606,H. sapiens,7.101783,11.899525,9
Q9NZL9,9606,H. sapiens,7.537271,12.241531,3
Q5HYI8,9606,H. sapiens,9.360033,11.802246,17
O15431,9606,H. sapiens,8.373984,5.648396,11
A0A024RA60,9606,H. sapiens,8.96467,9.829483,17
K7ES92,9606,H. sapiens,12.282986,11.603619,5
Q9H0X4,9606,H. sapiens,12.7524,5.1287456,1
Q8TD84,9606,H. sapiens,6.881025,12.103827,9
P02730,9606,H. sapiens,8.465173,5.4470387,0
Q9H165,9606,H. sapiens,14.76499,9.299364,10
H0YNH8,9606,H. sapiens,15.322121,10.823268,10
Q9UIB8,9606,H. sapiens,13.992512,5.277599,5
Q6ZYL4,9606,H. sapiens,8.864711,8.386436,15
Q13111,9606,H. sapiens,13.972465,8.9654255,2
A0A1W2PPA2,9606,H. sapiens,11.016853,9.895209,17
Q9BRQ4,9606,H. sapiens,9.046838,8.174804,15
H3BR83,9606,H. sapiens,14.400496,10.04104,10
Q86YD3,9606,H. sapiens,13.678376,5.597154,2
C8C060,9606,H. sapiens,12.67794,4.8545556,1
C9K0U8,9606,H. sapiens,8.926761,10.959747,14
Q8N6U8,9606,H. sapiens,8.572972,-0.42536363,14
Q9UBZ4,9606,H. sapiens,11.65545,11.87439,5
P54098,9606,H. sapiens,7.976319,10.19074,17
A0A024R6Z6,9606,H. sapiens,11.721783,11.836506,5
Q49A55,9606,H. sapiens,11.0201845,12.295929,11
D6RBR7,9606,H. sapiens,10.577623,9.215722,15
Q15156,9606,H. sapiens,12.125067,11.691531,5
A0A2R8Y6Y7,9606,H. sapiens,7.5067754,12.532494,9
E5RH41,9606,H. sapiens,10.773458,10.65901,6
Q14692,9606,H. sapiens,10.773177,8.704454,15
H7C1I0,9606,H. sapiens,8.305666,4.767368,19
A6NK59,9606,H. sapiens,10.833596,11.916889,14
C9JW47,9606,H. sapiens,8.850474,-0.8539412,19
Q07283,9606,H. sapiens,12.914848,9.710079,6
C9J7P7,9606,H. sapiens,14.697056,10.066055,10
F8VNT9,9606,H. sapiens,8.637087,5.335121,0
P11166,9606,H. sapiens,7.911627,4.495888,11
F5H6I0,9606,H. sapiens,12.962443,5.1531787,1
D6RA81,9606,H. sapiens,13.35747,7.7747273,10
E9PPU1,9606,H. sapiens,8.088738,9.898212,6
Q99732,9606,H. sapiens,13.78663,10.2234745,12
O94826,9606,H. sapiens,10.73872,12.65331,14
O96008,9606,H. sapiens,11.94221,11.401678,14
Q9HCS2,9606,H. sapiens,9.193476,15.041292,13
Q9H7M9,9606,H. sapiens,13.819013,5.499338,2
Q9H6I2,9606,H. sapiens,14.866853,9.116676,10
O95391,9606,H. sapiens,11.250946,9.039215,18
Q6PIY7,9606,H. sapiens,11.342423,11.69479,14
P60983,9606,H. sapiens,8.393231,8.56386,15
P01709,9606,H. sapiens,14.018796,5.279748,5
O14579,9606,H. sapiens,10.14462,11.82529,9
Q06416,9606,H. sapiens,14.6011,9.096893,2
P31260,9606,H. sapiens,14.954593,9.114851,10
A0A0A6YY92,9606,H. sapiens,9.56165,12.950613,11
Q92609,9606,H. sapiens,11.169193,10.722822,6
Q9NU02,9606,H. sapiens,10.818062,10.408997,6
O95147,9606,H. sapiens,9.985545,11.941082,14
A0A5F9ZHN2,9606,H. sapiens,13.976898,8.909078,2
Q9H3Y6,9606,H. sapiens,12.190185,11.738605,5
P20151,9606,H. sapiens,12.855429,4.1350217,5
Q13169,9606,H. sapiens,14.19979,12.315614,4
P55036,9606,H. sapiens,12.088185,10.729988,6
Q9BSG0,9606,H. sapiens,12.129277,4.6605678,1
A0A024R9K2,9606,H. sapiens,14.469538,8.776875,2
A0A3B3ISX8,9606,H. sapiens,13.83935,9.546162,10
O75486,9606,H. sapiens,10.680566,12.1671505,6
O14662,9606,H. sapiens,11.436653,11.055389,14
Q5TCX8,9606,H. sapiens,14.01795,9.23151,2
Q8TC59,9606,H. sapiens,10.67973,12.077298,9
P55854,9606,H. sapiens,11.202248,13.195855,14
P84243,9606,H. sapiens,7.854295,9.793991,6
A6ND01,9606,H. sapiens,12.455083,4.6784797,1
Q9UH99,9606,H. sapiens,12.364488,10.978336,5
Q9H4G1,9606,H. sapiens,12.513378,4.8536034,1
P20936,9606,H. sapiens,11.012244,12.121802,14
D6R9Q3,9606,H. sapiens,12.225504,10.197571,2
E9PC05,9606,H. sapiens,11.555221,11.021616,6
H0Y8Y7,9606,H. sapiens,13.671654,8.758822,12
H0YBK3,9606,H. sapiens,10.64368,8.887566,15
O15211,9606,H. sapiens,12.0398655,11.595058,2
Q8IV76,9606,H. sapiens,13.666369,9.05076,2
Q9NWC5,9606,H. sapiens,8.492569,5.8261824,17
O95478,9606,H. sapiens,8.590569,9.324415,15
O14524,9606,H. sapiens,9.270763,5.819415,17
C9IYJ9,9606,H. sapiens,12.979427,9.155279,18
P06865,9606,H. sapiens,11.001775,4.9485755,13
Q9HCL2,9606,H. sapiens,9.675493,11.736348,17
A0A024R7T3,9606,H. sapiens,13.596003,11.002253,11
E9PEQ6,9606,H. sapiens,8.278886,12.837492,9
Q9H8T0,9606,H. sapiens,10.242856,10.94175,6
A0AV02,9606,H. sapiens,9.299443,5.4545197,5
P13196,9606,H. sapiens,9.5832205,11.728641,14
Q4LDG9,9606,H. sapiens,10.021579,12.32616,13
A0A024R732,9606,H. sapiens,12.121592,11.647694,5
A0A0S2Z6F4,9606,H. sapiens,10.980878,11.171368,14
Q9P1A6,9606,H. sapiens,13.945357,9.169059,2
Q9H8V3,9606,H. sapiens,11.323449,11.771699,14
C9JQ90,9606,H. sapiens,8.399,11.567523,14
Q8WU17,9606,H. sapiens,9.2547035,6.0521846,17
A0A3B3IUD4,9606,H. sapiens,8.555444,-0.44415876,19
V9GY55,9606,H. sapiens,9.932925,8.1312475,15
Q96AJ9,9606,H. sapiens,11.366936,11.044913,6
E9PP68,9606,H. sapiens,9.831551,8.217772,15
I3L483,9606,H. sapiens,9.158607,11.233041,17
K7EJ26,9606,H. sapiens,14.320236,10.318722,10
A0A075B6Q2,9606,H. sapiens,11.484937,11.939376,6
P21246,9606,H. sapiens,11.834701,12.32064,11
P41439,9606,H. sapiens,12.360664,4.646269,1
P22792,9606,H. sapiens,13.471779,5.690946,5
P62879,9606,H. sapiens,11.237051,7.49881,14
Q9NYH9,9606,H. sapiens,10.138937,12.297448,9
Q8IW36,9606,H. sapiens,14.999555,8.279916,14
Q14765,9606,H. sapiens,10.831986,12.046784,17
Q8IZL9,9606,H. sapiens,12.906688,13.138074,11
Q5BKX5,9606,H. sapiens,14.256571,8.559575,2
A9UGY9,9606,H. sapiens,10.106359,10.888364,17
P84090,9606,H. sapiens,8.423889,8.567879,15
A0A0S2Z4Y4,9606,H. sapiens,12.942646,10.423805,12
P02753,9606,H. sapiens,12.071398,5.018108,1
P11678,9606,H. sapiens,11.38775,4.831049,1
P62424,9606,H. sapiens,8.266064,10.219894,6
Q9H093,9606,H. sapiens,14.039617,9.233052,5
Q8WZ60,9606,H. sapiens,10.477793,11.863306,14
Q9UQQ1,9606,H. sapiens,11.179067,4.8945312,9
Q86WK9,9606,H. sapiens,8.601811,5.5135093,0
O43663,9606,H. sapiens,11.071487,12.1461525,6
Q8NBK3,9606,H. sapiens,12.5620365,4.6320033,5
Q9UK99,9606,H. sapiens,9.831418,11.577077,17
Q9BV57,9606,H. sapiens,6.6892905,12.605043,11
Q6ZU35,9606,H. sapiens,8.818768,-0.8269666,19
P08514,9606,H. sapiens,12.712615,4.70779,5
P05108,9606,H. sapiens,9.185085,15.016411,11
Q15952,9606,H. sapiens,12.863787,4.823805,1
A0A494C0W0,9606,H. sapiens,9.85127,11.853472,9
U5GXS2,9606,H. sapiens,10.958962,12.147154,14
Q8TAF7,9606,H. sapiens,14.997084,8.282867,14
P19526,9606,H. sapiens,11.665509,4.5079374,5
A0A0A0MQW3,9606,H. sapiens,15.360789,0.13734078,11
Q9P2T1,9606,H. sapiens,6.9245067,13.077527,13
Q0D2H9,9606,H. sapiens,14.220951,8.564187,2
Q5TBG4,9606,H. sapiens,12.677084,11.9636755,5
E9PL69,9606,H. sapiens,6.7291946,11.3944235,9
A0A384ME44,9606,H. sapiens,10.682687,10.76047,6
P09237,9606,H. sapiens,11.859126,4.9968405,1
Q15651,9606,H. sapiens,13.258139,8.443714,12
Q8N126,9606,H. sapiens,13.815704,5.1392517,5
P98168,9606,H. sapiens,14.525125,8.612146,2
O60704,9606,H. sapiens,11.240745,4.725078,1
Q9UPN7,9606,H. sapiens,12.184806,11.131625,2
Q96DX8,9606,H. sapiens,11.704643,11.655321,2
A0A2R8Y7Y3,9606,H. sapiens,11.800208,10.823142,6
Q9BVT8,9606,H. sapiens,14.357665,8.56355,2
B4DRE5,9606,H. sapiens,13.85369,9.090175,2
P59045,9606,H. sapiens,10.824076,11.856752,1
Q99684,9606,H. sapiens,14.714988,8.793231,2
Q9Y5I4,9606,H. sapiens,14.161827,4.5452147,5
Q5QPD4,9606,H. sapiens,9.513126,16.45519,14
Q05329,9606,H. sapiens,7.070095,12.379669,9
P09429,9606,H. sapiens,17.02098,15.49216,12
Q6FHJ6,9606,H. sapiens,9.4139805,5.5276666,5
G5E9W7,9606,H. sapiens,8.629074,8.823967,15
Q8WWE8,9606,H. sapiens,10.030769,9.22109,15
Q9H665,9606,H. sapiens,14.314384,8.339824,2
A0A0C4DG95,9606,H. sapiens,11.063361,10.110217,17
P29372,9606,H. sapiens,11.981136,11.274837,2
Q96LK0,9606,H. sapiens,10.079889,9.178263,15
A0A3B3ISZ0,9606,H. sapiens,9.793349,11.723416,9
Q9ULP9,9606,H. sapiens,9.848899,11.92506,17
P04233,9606,H. sapiens,13.398298,6.5520525,2
Q02535,9606,H. sapiens,14.475599,10.114861,2
A0A024RCV5,9606,H. sapiens,9.801857,13.127434,11
P19012,9606,H. sapiens,6.828656,21.61187,6
Q8IV08,9606,H. sapiens,11.222453,4.80888,1
Q5TA58,9606,H. sapiens,9.441764,12.089297,9
Q8N5Z9,9606,H. sapiens,10.472579,11.448026,6
O95905,9606,H. sapiens,10.266686,9.281722,15
Q9NWJ2,9606,H. sapiens,12.316604,15.900769,16
M0R042,9606,H. sapiens,8.219327,15.159784,9
P16083,9606,H. sapiens,6.027586,12.568075,13
Q9HCY8,9606,H. sapiens,10.496974,9.99996,17
P36405,9606,H. sapiens,6.6750154,18.811758,13
P59942,9606,H. sapiens,14.323662,8.52353,2
H7C051,9606,H. sapiens,12.551431,8.579585,2
Q96ME1,9606,H. sapiens,11.789341,11.033143,2
Q9BR39,9606,H. sapiens,13.586245,9.533375,12
Q9H1K1,9606,H. sapiens,8.092334,13.024592,14
P57678,9606,H. sapiens,10.125602,10.023264,15
Q12908,9606,H. sapiens,8.111437,5.159703,0
Q15906,9606,H. sapiens,12.575905,9.923249,6
Q96ED9,9606,H. sapiens,12.394217,11.04575,2
O00139,9606,H. sapiens,10.682633,11.197384,6
Q5T457,9606,H. sapiens,11.037099,10.225047,6
Q8WUI4,9606,H. sapiens,14.19359,9.012201,2
Q14209,9606,H. sapiens,14.3167515,8.911298,2
Q12788,9606,H. sapiens,11.435134,7.8276634,11
Q9Y5N1,9606,H. sapiens,8.874228,-1.0093745,19
E7EN95,9606,H. sapiens,13.87954,9.359886,6
Q8NCR3,9606,H. sapiens,10.155923,8.809699,15
A6NHG4,9606,H. sapiens,9.028585,11.282654,8
Q7YQB1,9606,H. sapiens,13.262443,4.6939635,5
A0A0A0MTR2,9606,H. sapiens,9.919129,11.138922,14
Q9NVD3,9606,H. sapiens,10.347294,11.980828,14
O14904,9606,H. sapiens,12.316594,2.8496056,1
E7ERK2,9606,H. sapiens,14.825391,9.87951,10
H0Y8E8,9606,H. sapiens,11.070215,8.482057,18
P17066,9606,H. sapiens,8.084458,13.604297,13
Q13451,9606,H. sapiens,8.937309,13.217927,13
Q92797,9606,H. sapiens,13.042293,9.655019,18
H0YB16,9606,H. sapiens,12.346462,11.677429,14
G3V162,9606,H. sapiens,13.603082,11.046472,11
Q9NX61,9606,H. sapiens,9.298545,5.874997,15
Q99943,9606,H. sapiens,9.780194,13.088357,11
H3BRY1,9606,H. sapiens,12.29157,15.841642,16
A0A669KB12,9606,H. sapiens,7.197078,13.505912,13
P31995,9606,H. sapiens,14.005799,5.3268437,5
Q9UBF9,9606,H. sapiens,12.987531,9.660403,18
Q6WKZ4,9606,H. sapiens,10.142337,10.451146,17
A0A140VK69,9606,H. sapiens,7.202518,13.59536,11
Q969Q1,9606,H. sapiens,11.187816,11.789859,14
Q9UIL4,9606,H. sapiens,11.781806,11.832678,5
Q15118,9606,H. sapiens,9.428862,11.741587,9
O94817,9606,H. sapiens,13.144753,9.807335,6
Q6UXT8,9606,H. sapiens,14.348694,12.228472,2
Q761V2,9606,H. sapiens,9.450795,8.22089,16
P19652,9606,H. sapiens,12.100941,5.0369935,1
X5D988,9606,H. sapiens,14.099449,10.259569,10
Q495T6,9606,H. sapiens,10.977374,4.9270034,1
U3KQP0,9606,H. sapiens,13.054723,8.615372,18
P47992,9606,H. sapiens,12.713129,5.5054994,1
Q9P0M6,9606,H. sapiens,10.513956,11.046669,6
O94827,9606,H. sapiens,12.345254,11.5509615,5
Q5HYN5,9606,H. sapiens,11.3456745,8.820552,18
E9PR05,9606,H. sapiens,13.836475,5.1216016,5
Q9NRE1,9606,H. sapiens,12.02578,4.9803157,1
Q96EF6,9606,H. sapiens,8.907343,11.84549,14
P27695,9606,H. sapiens,8.157686,12.713744,11
P78345,9606,H. sapiens,11.209454,11.425105,6
Q14151,9606,H. sapiens,13.322403,9.575151,10
Q6YBV0,9606,H. sapiens,8.210817,5.05991,19
P56179,9606,H. sapiens,15.062339,9.758586,10
Q8WZA2,9606,H. sapiens,10.028855,11.984094,9
Q8IVF5,9606,H. sapiens,7.6008077,11.4893,9
Q15722,9606,H. sapiens,8.918009,-1.0158359,19
B7ZL14,9606,H. sapiens,10.919686,12.654658,11
Q6IN84,9606,H. sapiens,12.252722,11.554493,5
Q58A45,9606,H. sapiens,12.02908,11.395456,14
B2RE38,9606,H. sapiens,7.878854,4.69595,11
A0A024R2F2,9606,H. sapiens,11.475301,9.4085245,15
P13232,9606,H. sapiens,14.212368,12.324933,15
G3V3F3,9606,H. sapiens,14.714561,9.754739,18
Q14669,9606,H. sapiens,10.975695,10.993948,5
E7EV13,9606,H. sapiens,8.92019,5.3338675,5
A0A411HBC7,9606,H. sapiens,7.737363,12.939455,13
P01344,9606,H. sapiens,14.310279,6.380325,5
F8VPY7,9606,H. sapiens,13.349041,9.622605,18
O15479,9606,H. sapiens,10.865399,12.257571,5
A0A024R1V3,9606,H. sapiens,13.857519,9.200476,2
Q9H7Z3,9606,H. sapiens,8.419204,11.419318,14
H0Y9V7,9606,H. sapiens,7.302941,6.239777,9
P01824,9606,H. sapiens,14.062507,5.2610445,5
B2R986,9606,H. sapiens,8.866977,-0.84527075,19
Q02080,9606,H. sapiens,14.517837,8.703665,2
H3BSP3,9606,H. sapiens,14.840963,10.164636,10
Q9HCS4,9606,H. sapiens,14.902288,9.388296,10
O75113,9606,H. sapiens,13.708304,9.2580185,2
A0A1W2PRJ0,9606,H. sapiens,10.261649,12.574717,14
Q07065,9606,H. sapiens,12.361888,10.843464,6
H0Y5J4,9606,H. sapiens,13.351996,9.364793,18
Q13352,9606,H. sapiens,11.435956,9.019961,18
P45974,9606,H. sapiens,10.340825,12.18992,14
P13725,9606,H. sapiens,14.348983,12.353372,2
Q13685,9606,H. sapiens,11.440139,7.755847,5
A0A1W2PR74,9606,H. sapiens,8.706541,5.810437,0
Q5JX60,9606,H. sapiens,11.897894,12.454887,11
Q9Y243,9606,H. sapiens,12.409746,12.920916,11
Q8TF05,9606,H. sapiens,10.876146,12.685098,11
Q6UW68,9606,H. sapiens,8.9298725,5.866775,5
P23284,9606,H. sapiens,8.239279,12.814871,13
C9J6X0,9606,H. sapiens,9.533808,11.155781,17
Q8IVK1,9606,H. sapiens,12.251275,15.814005,16
P13928,9606,H. sapiens,1.3019767,7.97233,13
O15481,9606,H. sapiens,10.9081,12.1878,5
Q96HZ4,9606,H. sapiens,14.482594,8.658276,5
M0R2A8,9606,H. sapiens,9.684799,10.484369,17
Q05C28,9606,H. sapiens,12.029422,5.0376387,1
Q9BWW7,9606,H. sapiens,14.868072,9.028376,10
Q16655,9606,H. sapiens,10.992656,8.031989,18
P40818,9606,H. sapiens,11.751488,10.773986,6
E9PHB6,9606,H. sapiens,12.815596,13.0407915,14
Q5R3K3,9606,H. sapiens,9.267353,5.640171,2
P43632,9606,H. sapiens,14.002373,5.3313828,5
A0A140VK13,9606,H. sapiens,7.8350177,12.595165,9
O95452,9606,H. sapiens,9.084814,5.729046,1
Q9P266,9606,H. sapiens,10.821682,4.9747357,13
A0A1W2PRA8,9606,H. sapiens,14.982477,9.902995,10
Q9UHP3,9606,H. sapiens,10.334826,10.369494,17
F8VXS0,9606,H. sapiens,9.306076,10.655303,14
A0A024R6M2,9606,H. sapiens,9.935564,12.746652,9
H0Y6K2,9606,H. sapiens,13.563367,9.775514,12
Q9H3S4,9606,H. sapiens,9.641572,13.257525,11
Q96N58,9606,H. sapiens,15.000316,8.292781,14
O75594,9606,H. sapiens,11.425484,4.8165803,5
Q9Y6K1,9606,H. sapiens,10.204802,13.547954,11
Q92783,9606,H. sapiens,12.978831,10.48403,6
P14920,9606,H. sapiens,7.273847,12.24105,9
D6REL5,9606,H. sapiens,10.861514,10.024597,17
Q9H3S1,9606,H. sapiens,12.812635,4.7512136,5
Q14246,9606,H. sapiens,13.435213,5.084484,5
Q6ZPD9,9606,H. sapiens,8.680091,5.865632,17
P78356,9606,H. sapiens,9.684704,11.999756,9
O15379,9606,H. sapiens,8.573552,12.291876,9
P50395,9606,H. sapiens,9.757457,13.58202,11
P54845,9606,H. sapiens,14.333674,9.044447,2
A0A024RDE6,9606,H. sapiens,12.7329645,8.390197,18
P18848,9606,H. sapiens,14.816787,9.691523,2
O00337,9606,H. sapiens,8.290209,5.4121165,0
Q7Z5A9,9606,H. sapiens,10.28076,7.7193193,4
Q9BU27,9606,H. sapiens,8.944718,7.679669,15
O14798,9606,H. sapiens,13.264913,7.5898,12
P20813,9606,H. sapiens,9.281189,15.162725,11
Q99457,9606,H. sapiens,12.267515,10.061176,6
A0A024RDB2,9606,H. sapiens,13.2337675,10.691991,12
Q9NYX4,9606,H. sapiens,13.409055,7.2998123,18
Q9BQ75,9606,H. sapiens,11.115702,11.784518,6
P11308,9606,H. sapiens,14.805059,9.984597,10
A0A2R8YEC1,9606,H. sapiens,9.409172,8.820642,15
Q9NUN5,9606,H. sapiens,8.509342,5.866437,17
Q8N135,9606,H. sapiens,13.067884,5.2929244,5
P13995,9606,H. sapiens,7.585294,12.875428,13
A0A2R8YD30,9606,H. sapiens,11.975225,10.699558,6
Q9BS34,9606,H. sapiens,15.011387,8.283655,14
Q9UHA4,9606,H. sapiens,9.237657,12.65614,17
D8L7E9,9606,H. sapiens,14.841377,9.470307,10
O60895,9606,H. sapiens,13.068598,4.8322706,5
P49918,9606,H. sapiens,13.642112,9.270678,2
E7ERI8,9606,H. sapiens,14.338784,8.881697,2
A8MXD5,9606,H. sapiens,12.033035,10.082015,6
Q1MSJ5,9606,H. sapiens,13.667253,11.028535,12
Q8NBT0,9606,H. sapiens,11.281288,7.6199336,14
Q86XE5,9606,H. sapiens,6.9328413,13.111045,13
Q9BVV2,9606,H. sapiens,9.616554,8.821886,15
F8W9L4,9606,H. sapiens,13.633699,5.113658,5
P41968,9606,H. sapiens,8.631728,-0.5792965,19
Q9UK17,9606,H. sapiens,9.30562,5.427511,14
Q96FB2,9606,H. sapiens,9.261102,5.501927,5
P01566,9606,H. sapiens,14.287484,12.373639,15
Q9HCI6,9606,H. sapiens,10.151373,11.391062,17
A0A087WWF4,9606,H. sapiens,13.158374,9.718378,2
P42261,9606,H. sapiens,10.020307,4.8662214,11
P0DPF3,9606,H. sapiens,13.57712,8.199808,12
Q9Y6U3,9606,H. sapiens,8.624175,13.364009,13
Q53R19,9606,H. sapiens,8.534048,8.497149,15
Q92901,9606,H. sapiens,7.990619,10.147573,17
P23458,9606,H. sapiens,10.5336895,11.333402,17
A8MPU2,9606,H. sapiens,10.86482,11.058768,17
Q9HCJ3,9606,H. sapiens,14.807587,9.432035,10
P57088,9606,H. sapiens,8.552525,6.053204,17
S4R334,9606,H. sapiens,13.484714,8.707843,2
Q14114,9606,H. sapiens,13.055783,4.67627,5
O15371,9606,H. sapiens,9.976555,9.776267,17
Q96SU4,9606,H. sapiens,10.672131,11.519753,6
P0C264,9606,H. sapiens,14.386896,8.566237,5
F8VVB9,9606,H. sapiens,7.9287853,8.973623,15
A0A024R454,9606,H. sapiens,7.3341627,12.951236,13
Q9NWF4,9606,H. sapiens,9.331213,5.5473495,5
Q12794,9606,H. sapiens,11.466578,4.7519784,5
Q8NDV3,9606,H. sapiens,10.897683,10.201877,6
F6V107,9606,H. sapiens,10.559512,11.331881,17
A2RRL9,9606,H. sapiens,13.946379,9.0342455,2
Q5VTY9,9606,H. sapiens,8.549288,5.5998755,0
Q96P48,9606,H. sapiens,9.743344,10.36553,17
E5RH24,9606,H. sapiens,13.636375,11.081063,14
P07358,9606,H. sapiens,12.208467,5.3053584,1
Q6ZNB5,9606,H. sapiens,9.964524,11.294599,14
A0A494C0D9,9606,H. sapiens,11.299352,11.451864,17
Q53FZ2,9606,H. sapiens,7.2254925,13.491087,11
Q5T7P2,9606,H. sapiens,13.149211,7.819785,12
Q8WTU0,9606,H. sapiens,11.885731,11.977729,11
P14770,9606,H. sapiens,13.596119,5.902433,5
Q99932,9606,H. sapiens,14.213539,8.750943,2
Q9GZN1,9606,H. sapiens,8.335293,15.208997,13
P20848,9606,H. sapiens,15.353244,0.14577891,1
H0YB88,9606,H. sapiens,11.252905,9.256295,18
Q5H909,9606,H. sapiens,13.239421,8.981386,12
Q8N7K0,9606,H. sapiens,14.998309,8.280502,14
J3QLE5,9606,H. sapiens,10.518065,13.688229,11
P53814,9606,H. sapiens,13.741888,9.287382,2
A0A024RD67,9606,H. sapiens,10.679724,12.181884,6
Q9Y423,9606,H. sapiens,11.295581,11.368558,14
Q9Y5H8,9606,H. sapiens,14.189619,4.525322,5
O15547,9606,H. sapiens,12.381786,4.635045,1
O00168,9606,H. sapiens,9.3532295,5.532461,2
Q99909,9606,H. sapiens,11.462691,8.655776,18
Q8IUH3,9606,H. sapiens,13.639388,11.051888,14
J3KSB8,9606,H. sapiens,10.082121,11.450357,17
Q9NV92,9606,H. sapiens,14.077261,8.993665,2
Q6PD62,9606,H. sapiens,11.649532,11.969525,5
A0A3B3ITW1,9606,H. sapiens,12.662336,12.679858,14
B4DP01,9606,H. sapiens,10.866748,5.157452,9
Q6ZSS7,9606,H. sapiens,9.330217,5.4081254,19
P07951,9606,H. sapiens,-1.3731825,9.307197,6
Q6UXB3,9606,H. sapiens,12.655283,5.3428373,1
K7EMD7,9606,H. sapiens,9.830881,13.475972,11
Q5TZT0,9606,H. sapiens,12.285978,10.566965,8
P43699,9606,H. sapiens,15.122043,9.601064,10
D6RED7,9606,H. sapiens,8.989645,8.230759,15
Q5T397,9606,H. sapiens,8.87271,12.727278,9
Q96CP6,9606,H. sapiens,12.299971,11.639505,5
P23193,9606,H. sapiens,10.54448,12.076061,6
Q8IZF7,9606,H. sapiens,10.1245575,4.9799104,1
Q58WW2,9606,H. sapiens,13.571309,9.463415,2
P32321,9606,H. sapiens,8.327554,11.950567,9
E9PP09,9606,H. sapiens,12.512984,11.088043,2
P81408,9606,H. sapiens,14.372362,8.62421,2
B4DLJ1,9606,H. sapiens,14.545599,9.743124,10
A0A6I8PIX7,9606,H. sapiens,8.661527,8.34081,15
Q562R1,9606,H. sapiens,15.551165,14.301336,11
P53680,9606,H. sapiens,9.334437,12.780456,9
Q6Q4G3,9606,H. sapiens,10.780889,5.0850744,1
P0CG37,9606,H. sapiens,14.068228,6.8300776,2
Q9HD47,9606,H. sapiens,7.9070525,8.845756,15
P50452,9606,H. sapiens,15.362246,0.13571726,11
P32004,9606,H. sapiens,8.907404,10.642286,17
Q16617,9606,H. sapiens,9.239082,5.465278,5
K7ERZ7,9606,H. sapiens,14.251635,10.128012,5
Q9UGP4,9606,H. sapiens,14.303371,8.986218,2
Q8N4T8,9606,H. sapiens,6.808256,13.211849,11
A7UNK0,9823,S. scrofa,10.842608,11.909764,14
E5F1H4,9823,S. scrofa,11.982024,11.728959,5
O18896,9823,S. scrofa,14.896546,9.474765,10
P56471,9823,S. scrofa,8.509137,9.008976,17
C9K507,9823,S. scrofa,11.874949,10.556995,6
Q29406,9823,S. scrofa,14.352067,12.401054,2
A0A287BK35,9823,S. scrofa,14.32248,9.936907,10
F1S912,9823,S. scrofa,12.058461,11.6173725,5
I3LMB3,9823,S. scrofa,9.388471,5.4949727,2
P80310,9823,S. scrofa,0.6079709,11.330877,13
O18734,9823,S. scrofa,13.321519,9.621939,2
Q00655,9823,S. scrofa,11.372073,12.239279,14
F1SDV6,9823,S. scrofa,14.82085,9.29957,10
Q2TCH2,9823,S. scrofa,13.944402,9.100288,2
P53603,9823,S. scrofa,5.984628,12.578249,9
P00889,9823,S. scrofa,8.794985,9.111259,15
F1RRA0,9823,S. scrofa,12.417618,10.938629,2
C0JJ14,9823,S. scrofa,8.993723,5.330947,9
F1RH90,9823,S. scrofa,11.98398,11.383096,2
A9ZPH4,9823,S. scrofa,11.358417,12.759318,14
Q95332,9823,S. scrofa,6.6791906,12.470708,9
P30555,9823,S. scrofa,8.807144,-0.7887604,19
Q02745,9823,S. scrofa,11.158907,4.4984775,17
A5LHG2,9823,S. scrofa,12.291282,15.815001,16
Q95LE2,9823,S. scrofa,10.8939085,9.138091,15
P10173,9823,S. scrofa,6.545094,12.239648,9
P42098,9823,S. scrofa,12.785665,4.7562337,5
K9IWF9,9823,S. scrofa,7.896417,11.298456,9
P42706,9823,S. scrofa,12.363267,15.930766,16
P01165,9823,S. scrofa,13.522747,7.104313,18
Q95J98,9823,S. scrofa,12.274207,15.786607,16
Q863D3,9823,S. scrofa,14.258464,12.345952,4
P83884,9823,S. scrofa,8.343917,8.910682,15
P24853,9823,S. scrofa,12.751942,4.885851,5
Q29021,9823,S. scrofa,8.443172,13.977624,13
P41535,9823,S. scrofa,13.608946,7.0237875,18
P25117,9823,S. scrofa,9.596247,4.8809347,1
Q9GLE3,9823,S. scrofa,11.3817625,5.2172565,13
Q2V0W2,9823,S. scrofa,11.107374,11.73861,17
F1SRN1,9823,S. scrofa,8.160107,5.205502,17
Q29121,9823,S. scrofa,11.367985,4.400331,1
O18866,9823,S. scrofa,8.955391,5.355341,17
P16545,9823,S. scrofa,14.28559,6.4179387,5
Q8HZN9,9823,S. scrofa,8.908067,-1.0023602,19
Q8WN93,9823,S. scrofa,9.589123,4.8188977,19
P00346,9823,S. scrofa,7.179338,12.884974,9
Q52NJ5,9823,S. scrofa,6.671716,18.813845,13
Q6UV40,9823,S. scrofa,6.8265014,11.565287,17
E7FLX9,9823,S. scrofa,14.303175,8.703802,2
F1SS26,9823,S. scrofa,8.809385,8.365591,15
A0A287BEZ3,9823,S. scrofa,8.153218,5.041773,11
P67985,9823,S. scrofa,10.175288,13.370451,11
A0A287B231,9823,S. scrofa,12.435163,10.725466,12
F1S6Q9,9823,S. scrofa,12.584838,12.121077,14
P18871,9823,S. scrofa,8.843221,-0.94725627,19
Q1T7A5,9823,S. scrofa,11.780176,4.9157476,17
Q28983,9823,S. scrofa,12.493497,4.6365657,1
Q6QAQ1,9823,S. scrofa,15.556674,14.301414,11
P30880,9823,S. scrofa,12.2753525,15.8647785,16
F1RME6,9823,S. scrofa,15.01372,9.4771385,10
A2RQD8,9823,S. scrofa,12.2063465,4.45174,1
F1S0M0,9823,S. scrofa,12.85785,4.4385757,1
O97763,9823,S. scrofa,11.17485,5.9493327,13
R9WDQ0,9823,S. scrofa,8.59665,6.9609365,6
A4UTN8,9823,S. scrofa,9.515659,16.455265,14
Q2YGT9,9823,S. scrofa,8.174022,10.568226,6
Q9GLM0,9823,S. scrofa,13.632467,5.1580057,5
I3LUZ9,9823,S. scrofa,15.0362015,9.689798,10
F2Z5D1,9823,S. scrofa,12.74021,11.422458,14
F1RJ01,9823,S. scrofa,17.021488,15.492791,12
A0ZVR0,9823,S. scrofa,14.319296,8.53507,2
F1SPU1,9823,S. scrofa,11.417377,11.14406,6
B2XWS1,9823,S. scrofa,10.577779,11.753871,9
A0A4X1TZW7,9823,S. scrofa,11.114677,9.903936,6
Q2TJA5,9823,S. scrofa,6.551139,13.339912,13
Q6QAP7,9823,S. scrofa,8.501295,9.010148,15
F2Z5G6,9823,S. scrofa,11.415296,11.0704565,17
P56432,9823,S. scrofa,14.269112,10.189212,10
B5ATG0,9823,S. scrofa,10.729957,9.079641,18
Q29205,9823,S. scrofa,8.3343935,8.869389,15
B9P414,9823,S. scrofa,9.414286,8.94602,15
F1RSW9,9823,S. scrofa,9.202895,5.538035,1
P01238,9823,S. scrofa,14.299301,12.377738,15
Q02110,9823,S. scrofa,7.1233187,11.899846,9
Q2EN75,9823,S. scrofa,0.6388403,11.302741,13
P16469,9823,S. scrofa,9.811024,10.081741,15
Q29361,9823,S. scrofa,8.0399885,10.087883,6
K7GKN2,9823,S. scrofa,10.628177,11.834564,9
F1RQZ7,9823,S. scrofa,12.77172,4.705682,5
Q9GL76,9823,S. scrofa,13.666968,4.939525,5
Q9XSD9,9823,S. scrofa,13.2940445,5.7212014,1
P62844,9823,S. scrofa,8.451638,9.01361,15
C1PIG3,9823,S. scrofa,12.360401,12.906227,11
P60662,9823,S. scrofa,0.73383445,11.452579,11
A0A023VTS2,9823,S. scrofa,9.88743,12.916488,13
P19756,9823,S. scrofa,13.85773,5.53814,2
A7LCJ3,9823,S. scrofa,8.341078,15.167793,9
A9ED84,9823,S. scrofa,10.216588,13.650155,11
P32394,9823,S. scrofa,10.152719,12.286145,9
Q4VQ11,9823,S. scrofa,8.624224,-0.56955135,19
F1RX16,9823,S. scrofa,12.995867,11.05027,14
K7GS49,9823,S. scrofa,10.213369,11.934319,14
Q29117,9823,S. scrofa,11.7179365,11.580582,14
Q767K8,9823,S. scrofa,9.246005,9.335408,2
O11780,9823,S. scrofa,9.44392,11.580828,1
I3LL93,9823,S. scrofa,8.908288,-1.0438192,19
F1SKM1,9823,S. scrofa,4.996325,10.048755,8
J9S2W1,9823,S. scrofa,11.194198,5.971201,13
P20192,9823,S. scrofa,9.807146,11.806301,17
O97894,9823,S. scrofa,10.972165,12.738451,11
A0A4X1TSK7,9823,S. scrofa,8.15354,5.0003257,11
I3LEC2,9823,S. scrofa,10.326384,13.648627,11
A4L7N3,9823,S. scrofa,14.987878,9.475233,10
Q9BDK6,9823,S. scrofa,10.655812,4.8689404,1
Q95441,9823,S. scrofa,9.007647,8.199278,15
Q6TA49,9823,S. scrofa,9.524545,10.188545,17
Q2XUT1,9823,S. scrofa,15.106782,9.871667,10
F1RIT1,9823,S. scrofa,9.098623,5.6885056,17
F1SEL7,9823,S. scrofa,6.697695,11.657045,9
G5DC08,9823,S. scrofa,8.601327,6.9878454,6
Q28832,9823,S. scrofa,13.05583,4.604802,1
Q864B5,9823,S. scrofa,8.960056,13.449444,14
A0A4X1UM84,9823,S. scrofa,7.255825,9.999689,15
P79282,9823,S. scrofa,11.411002,4.3886023,1
F1SBS4,9823,S. scrofa,7.845602,12.336487,9
Q1T7A8,9823,S. scrofa,11.681294,4.885118,8
Q28969,9823,S. scrofa,10.430926,12.094929,14
Q0Z8U2,9823,S. scrofa,7.641608,10.762262,17
Q29195,9823,S. scrofa,8.342122,8.882983,15
P19156,9823,S. scrofa,7.331908,6.237177,9
F1SD85,9823,S. scrofa,9.912757,13.049851,13
P02543,9823,S. scrofa,6.8287845,21.611479,6
I3L8Q3,9823,S. scrofa,14.313647,12.379451,4
Q8WMY6,9823,S. scrofa,12.721972,4.937402,1
Q4GWZ2,9823,S. scrofa,7.679752,10.788555,6
Q6GUA6,9823,S. scrofa,12.675961,4.990125,1
K7GSE8,9823,S. scrofa,12.046408,11.798097,5
F1SD45,9823,S. scrofa,12.54466,13.089596,11
A7VK00,9823,S. scrofa,10.667299,11.794918,9
Q29076,9823,S. scrofa,14.356512,10.720837,12
Q6YEY0,9823,S. scrofa,8.913679,-1.0357308,19
F1RRW5,9823,S. scrofa,12.6192045,10.424195,6
A0SEG9,9823,S. scrofa,12.164815,5.4606442,17
Q6YEY1,9823,S. scrofa,8.899618,-1.0274228,19
Q8MIP7,9823,S. scrofa,12.185869,5.3914046,1
Q8WNV7,9823,S. scrofa,6.9822645,13.213818,13
P51524,9823,S. scrofa,13.000209,5.1942573,12
Q4PLW0,9823,S. scrofa,8.597412,6.9782634,6
A5J0K7,9823,S. scrofa,11.219256,11.678888,17
I3LK75,9823,S. scrofa,6.7248363,12.990744,3
O62807,9823,S. scrofa,11.292711,11.495353,17
P0DW16,9823,S. scrofa,6.5511036,12.961743,13
Q29599,9823,S. scrofa,11.031159,11.852033,1
G9BZS8,9823,S. scrofa,8.795505,12.948408,13
F1RI95,9823,S. scrofa,13.788692,9.536118,2
F1SPM8,9823,S. scrofa,13.540941,9.528189,10
A7LKB1,9823,S. scrofa,13.74333,9.390688,2
Q7YS66,9823,S. scrofa,9.417629,5.2024984,19
F1RZM4,9823,S. scrofa,14.779841,9.941573,10
Q7YRB2,9823,S. scrofa,9.1777315,14.997809,14
P00772,9823,S. scrofa,12.859073,4.1281605,11
F1RLL9,9823,S. scrofa,13.373635,8.035464,12
P12037,9823,S. scrofa,12.0699,10.705305,6
F1CFE1,9823,S. scrofa,14.327631,12.388161,4
Q6YEX9,9823,S. scrofa,8.915406,-1.0641708,19
Q6GWX0,9823,S. scrofa,12.979627,11.047419,14
Q9TUB2,9823,S. scrofa,12.041158,11.456714,2
Q007T0,9823,S. scrofa,7.399715,11.735821,9
Q9N135,9823,S. scrofa,11.245724,11.627045,17
P01192,9823,S. scrofa,14.006467,6.9455147,2
P01274,9823,S. scrofa,13.50702,7.0146117,4
A0A068CA64,9823,S. scrofa,8.88711,11.070862,14
I3LVS7,9823,S. scrofa,6.910655,19.319345,11
A9CDZ0,9823,S. scrofa,12.711038,5.1390386,1
P02554,9823,S. scrofa,8.211115,15.15201,9
P53714,9823,S. scrofa,12.077134,4.415044,1
P31006,9823,S. scrofa,7.840084,13.757427,11
F1SMJ6,9823,S. scrofa,12.17602,5.4865656,17
F1SF88,9823,S. scrofa,11.532746,7.687827,14
C0MHR2,9823,S. scrofa,10.523613,11.862672,9
P00761,9823,S. scrofa,12.871759,4.098845,11
A1XQU3,9823,S. scrofa,8.086798,10.546157,12
F1SDV5,9823,S. scrofa,12.558219,11.037657,2
Q6QAP6,9823,S. scrofa,8.296386,8.869598,15
B2DCZ9,9823,S. scrofa,12.297892,11.597967,5
F1SE69,9823,S. scrofa,13.268562,9.376074,18
Q0PIT9,9823,S. scrofa,11.564316,12.014362,5
P01315,9823,S. scrofa,13.757017,6.1149244,5
F1SRC8,9823,S. scrofa,12.668367,5.2420216,1
F1SFS3,9823,S. scrofa,8.255074,5.8315644,0
F1RKB1,9823,S. scrofa,11.631508,10.719854,6
Q29116,9823,S. scrofa,10.454627,9.660129,17
Q69GF7,9823,S. scrofa,6.7671413,5.7414136,13
P35054,9823,S. scrofa,12.808647,5.1630163,2
P18648,9823,S. scrofa,9.899182,9.39667,6
Q1HNM7,9823,S. scrofa,12.9168215,4.779251,1
P68005,9823,S. scrofa,9.390265,8.262676,15
A5YV76,9823,S. scrofa,7.592727,12.326658,13
Q29016,9823,S. scrofa,12.972238,6.193879,2
F1SGT4,9823,S. scrofa,13.717683,5.7993016,2
A0A480NP79,9823,S. scrofa,10.993815,11.286074,6
F1RR02,9823,S. scrofa,6.829074,21.61107,6
F1RFU7,9823,S. scrofa,14.17184,4.5415196,5
Q867B9,9823,S. scrofa,13.046565,4.7808743,5
Q8SQC1,9823,S. scrofa,10.671685,4.879239,9
E1U8C5,9823,S. scrofa,11.986801,11.664402,5
P08835,9823,S. scrofa,10.163499,9.885159,4
F1SV76,9823,S. scrofa,14.321356,9.151141,2
P79384,9823,S. scrofa,7.011189,13.062512,13
P81045,9823,S. scrofa,10.290417,9.412311,4
P08001,9823,S. scrofa,12.802811,4.3091917,1
P11607,9823,S. scrofa,7.341064,6.2361717,9
Q29551,9823,S. scrofa,6.7685356,12.091607,9
O77741,9823,S. scrofa,8.101721,5.2068086,0
M3TYT0,9823,S. scrofa,12.635161,6.449316,14
A5Z0F6,9823,S. scrofa,8.287588,4.7321396,0
F4ZS18,9823,S. scrofa,12.976069,11.06272,14
P79432,9823,S. scrofa,12.870637,13.117742,11
Q9TTK7,9823,S. scrofa,13.990271,5.2966557,5
Q2YHQ3,9823,S. scrofa,11.184421,11.945554,1
M3VH45,9823,S. scrofa,1.3089621,7.975301,9
C3VML1,9823,S. scrofa,9.444965,5.1868167,19
P05024,9823,S. scrofa,7.2825904,6.216061,9
Q9GLG4,9823,S. scrofa,13.578686,7.3876886,18
Q95281,9823,S. scrofa,8.466253,9.253017,18
P45561,9823,S. scrofa,13.528543,8.3995,10
F1S6D3,9823,S. scrofa,14.201553,8.404224,2
P17560,9823,S. scrofa,6.0387864,11.736903,3
Q1WEZ6,9823,S. scrofa,6.9484916,5.601426,0
P05207,9823,S. scrofa,11.82062,12.776101,14
A4PES0,9823,S. scrofa,12.6542225,11.925152,5
Q5H7C0,9823,S. scrofa,11.544356,7.689911,14
P29258,9823,S. scrofa,12.227254,8.542462,18
F1SPG5,9823,S. scrofa,7.8370113,11.444171,9
A7LCX1,9823,S. scrofa,10.729321,11.900971,14
Q5H7B9,9823,S. scrofa,11.564118,7.6982603,14
P01281,9823,S. scrofa,8.974072,8.223741,15
Q66T47,9823,S. scrofa,13.694745,5.0360785,5
Q02038,9823,S. scrofa,7.83265,12.684659,13
D7PF45,9823,S. scrofa,12.065673,5.450588,4
P62831,9823,S. scrofa,8.27051,8.874626,15
F1S9C0,9823,S. scrofa,9.59207,8.940088,4
Q9GLX8,9823,S. scrofa,8.845872,-0.85071695,19
F2Z540,9823,S. scrofa,9.718616,11.012509,9
F1SHI5,9823,S. scrofa,5.3768907,11.798758,3
Q4R1K5,9823,S. scrofa,12.463113,8.941964,18
P50118,9823,S. scrofa,12.320671,11.978509,5
Q4R1K4,9823,S. scrofa,9.515105,16.455328,14
F1RSS8,9823,S. scrofa,9.744276,4.836699,19
G9BWQ2,9823,S. scrofa,12.360544,12.918101,11
Q6RVA9,9823,S. scrofa,9.167576,5.967178,4
P04101,9823,S. scrofa,13.140295,7.940964,12
Q4VQ10,9823,S. scrofa,14.344325,8.656925,2
Q1HE49,9823,S. scrofa,6.52408,13.364258,13
Q6QAT0,9823,S. scrofa,10.229152,13.428542,11
F1SBC5,9823,S. scrofa,10.8178835,11.389666,6
P27485,9823,S. scrofa,12.015568,5.0130234,1
P19620,9823,S. scrofa,1.3029845,7.9726825,13
P63221,9823,S. scrofa,8.986643,8.211066,15
P01965,9823,S. scrofa,8.581126,13.25181,13
F1SKJ2,9823,S. scrofa,9.161302,9.74887,14
F1SS88,9823,S. scrofa,11.194937,7.5996914,14
A0ZVR1,9823,S. scrofa,14.1403885,8.52699,2
P26889,9823,S. scrofa,11.956777,6.4984765,2
P05027,9823,S. scrofa,10.6472435,4.8148193,1
P34994,9823,S. scrofa,8.740714,-0.7244789,19
A0A287B8C4,9823,S. scrofa,13.587326,5.947673,5
F1RSU5,9823,S. scrofa,12.531766,11.501812,14
F1SPH6,9823,S. scrofa,12.861521,13.039051,14
Q95J99,9823,S. scrofa,10.134953,9.167145,15
Q29549,9823,S. scrofa,14.274461,12.332993,4
F1S593,9823,S. scrofa,10.554881,11.562522,17
P50390,9823,S. scrofa,11.495983,5.377208,1
P19619,9823,S. scrofa,1.3021578,7.9723415,13
O02696,9823,S. scrofa,14.146893,8.465933,2
F1RII3,9823,S. scrofa,13.935463,5.542277,5
F1RYL4,9823,S. scrofa,12.620331,4.8912344,1
P55931,9823,S. scrofa,6.750531,12.82675,11
Q29073,9823,S. scrofa,6.837038,13.314255,13
K9J4V5,9823,S. scrofa,6.363528,12.943043,13
F1RZU4,9823,S. scrofa,6.0749273,11.604059,9
O62680,9823,S. scrofa,12.614755,5.409446,1
Q9MZE5,9823,S. scrofa,8.60299,6.992568,6
Q28943,9823,S. scrofa,6.71826,12.6983795,13
Q8SPK6,9823,S. scrofa,8.360619,15.237654,9
P24964,9823,S. scrofa,6.888096,5.6486816,17
Q29118,9823,S. scrofa,14.310506,12.370198,4
Q95274,9823,S. scrofa,11.1813,8.5309105,18
P01284,9823,S. scrofa,12.344032,10.475507,6
Q9GKY5,9823,S. scrofa,13.461363,7.2721686,2
Q4QTK1,9823,S. scrofa,13.780008,5.2563043,1
I3LEN5,9823,S. scrofa,8.625034,-0.57747006,19
P59083,9823,S. scrofa,8.292236,8.775898,15
F1SD70,9823,S. scrofa,11.628937,5.0129104,1
Q95ND5,9823,S. scrofa,10.660833,12.465187,11
P12682,9823,S. scrofa,17.018768,15.489081,12
Q864W9,9823,S. scrofa,6.828698,21.611982,6
O77636,9823,S. scrofa,11.172697,5.2112985,1
P16549,9823,S. scrofa,9.1973715,12.901503,11
F1RGL0,9823,S. scrofa,14.607889,9.433352,10
Q29201,9823,S. scrofa,7.5850935,11.307417,9
P36887,9823,S. scrofa,12.557388,13.072991,11
Q58K79,9823,S. scrofa,9.364107,5.5207624,1
P41566,9823,S. scrofa,8.941957,8.463607,15
Q05KH5,9823,S. scrofa,11.3244505,11.040498,17
Q9BEC7,9823,S. scrofa,6.4292746,12.762017,13
A6M930,9823,S. scrofa,11.48976,14.22144,13
F1S8C6,9823,S. scrofa,14.192605,8.653986,2
Q49I35,9823,S. scrofa,8.923463,12.608158,13
F1SVA2,9823,S. scrofa,12.541664,4.6704273,5
P07480,9823,S. scrofa,14.028067,6.88577,2
P00571,9823,S. scrofa,7.932968,13.786123,11
P23563,9823,S. scrofa,12.770907,5.1107073,1
P0C5I2,9823,S. scrofa,6.7062063,12.191338,3
P53590,9823,S. scrofa,7.181944,12.797779,13
F1S981,9823,S. scrofa,12.79931,4.979757,1
A0A287BEL5,9823,S. scrofa,8.146959,5.025221,11
F1S2H4,9823,S. scrofa,8.817982,-0.80840236,19
P50584,9823,S. scrofa,6.3131447,11.799806,3
A5GFW1,9823,S. scrofa,9.516698,16.453966,14
I2E6E0,9823,S. scrofa,13.914746,5.5406394,5
Q9TRC7,9823,S. scrofa,12.148511,4.6356487,1
O02840,9823,S. scrofa,14.153089,4.552217,5
A8DSD5,9823,S. scrofa,12.12973,4.427909,1
Q6KCM2,9823,S. scrofa,12.651231,4.9860897,1
A0A287BDC1,9823,S. scrofa,14.337731,9.181949,2
Q0PY11,9823,S. scrofa,7.588528,11.567658,9
Q767L7,9823,S. scrofa,8.2220745,15.150017,9
F1RGR1,9823,S. scrofa,12.68813,11.946691,5
F1SU97,9823,S. scrofa,10.158201,10.0501375,6
Q863D2,9823,S. scrofa,8.507407,8.86201,4
Q71KK5,9823,S. scrofa,6.9493914,5.5983295,0
P49171,9823,S. scrofa,10.267348,13.410181,11
Q45QB4,9823,S. scrofa,14.277785,6.4158454,5
Q9GKQ6,9823,S. scrofa,13.28481,5.7304673,1
B8XSI6,9823,S. scrofa,9.761307,12.512192,9
Q29101,9823,S. scrofa,9.175498,5.7997065,4
C9K505,9823,S. scrofa,12.902731,13.133327,11
A7TX80,9823,S. scrofa,9.78884,10.992503,9
I3LSP4,9823,S. scrofa,12.409109,10.909644,2
A0MZ89,9823,S. scrofa,13.075779,4.5951123,5
Q04745,9823,S. scrofa,14.327033,12.390621,4
P00371,9823,S. scrofa,7.377315,12.229844,9
Q9GKP7,9823,S. scrofa,8.901554,-1.0295277,19
I3LSZ2,9823,S. scrofa,8.894137,-0.9865458,19
P0DTA4,9823,S. scrofa,8.028304,12.366868,9
B3VP30,9823,S. scrofa,9.095638,5.6459227,17
P36968,9823,S. scrofa,7.7907434,12.911691,13
F1RRV3,9823,S. scrofa,8.426967,11.501347,14
F1SSE8,9823,S. scrofa,10.259551,9.545052,15
B3GDZ6,9823,S. scrofa,12.777708,5.135965,1
F1SS24,9823,S. scrofa,12.444117,12.921797,11
A1XQU9,9823,S. scrofa,8.382109,9.037463,15
P62901,9823,S. scrofa,7.8920197,10.311981,6
Q06AA4,9823,S. scrofa,13.725405,10.922913,11
O97581,9823,S. scrofa,14.07085,10.421434,5
Q9GLM1,9823,S. scrofa,13.68759,4.9374714,5
F2VYA1,9823,S. scrofa,9.259247,5.323743,5
E5Q8C6,9823,S. scrofa,14.955521,9.108441,10
Q764N1,9823,S. scrofa,13.44632,7.000977,2
F1S285,9823,S. scrofa,11.705846,11.844218,14
A5D9M6,9823,S. scrofa,14.390673,9.382314,2
P01348,9823,S. scrofa,13.662491,6.898225,2
P01025,9823,S. scrofa,9.7316675,10.432399,17
J9T303,9823,S. scrofa,8.861409,12.737868,9
C1PIG4,9823,S. scrofa,11.825649,12.83651,11
P11708,9823,S. scrofa,7.1212177,12.963216,9
F1RKI3,9823,S. scrofa,7.3822265,12.671246,13
Q867C0,9823,S. scrofa,13.052887,4.7865796,5
P12675,9823,S. scrofa,13.191,8.894886,18
P20305,9823,S. scrofa,8.629255,13.301616,13
F1RLP5,9823,S. scrofa,12.272524,11.603261,5
F1SQ09,9823,S. scrofa,13.305102,5.7087207,1
P62272,9823,S. scrofa,7.70933,10.797464,9
O97788,9823,S. scrofa,7.9771094,16.005646,13
C4TJC6,9823,S. scrofa,14.002091,10.451869,10
P80147,9823,S. scrofa,7.243853,13.436225,11
P79263,9823,S. scrofa,12.246867,4.571087,1
A5GZW8,9823,S. scrofa,8.278315,6.5520854,5
P35750,9823,S. scrofa,9.539623,12.392568,9
Q95254,9823,S. scrofa,8.6912775,-0.6848755,19
P18434,9823,S. scrofa,10.62306,4.847477,1
P02067,9823,S. scrofa,8.673881,13.130154,9
A5A4L7,9823,S. scrofa,7.9692492,4.9027925,11
P09858,9823,S. scrofa,12.362407,4.889967,1
D5K8A9,9823,S. scrofa,13.726554,5.6372724,2
P60588,9823,S. scrofa,8.5586405,5.2798324,11
F1RVK2,9823,S. scrofa,13.477366,9.014487,2
A0A1S6M251,9823,S. scrofa,11.254086,4.4053745,1
P79401,9823,S. scrofa,9.265667,15.150999,11
P02547,9823,S. scrofa,6.830632,21.603209,6
F1SBE5,9823,S. scrofa,9.165215,14.952964,14
P01248,9823,S. scrofa,14.325919,12.342394,15
F1SDC3,9823,S. scrofa,9.339915,5.544182,2
I3LSZ1,9823,S. scrofa,14.374029,8.448207,2
Q8WNW5,9823,S. scrofa,14.179577,4.532857,5
P63153,9823,S. scrofa,14.081584,6.846558,2
B2LUN4,9823,S. scrofa,12.630317,12.661286,14
A0A4X1WD80,9823,S. scrofa,14.174404,8.597785,2
D7EZN2,9823,S. scrofa,11.730735,4.9828496,1
Q28960,9823,S. scrofa,7.149468,13.339768,11
F1STP7,9823,S. scrofa,8.836279,-0.88238287,19
A9CQL8,9823,S. scrofa,8.1318245,12.401125,9
P07200,9823,S. scrofa,12.676409,4.875834,1
A0A024CBD6,9823,S. scrofa,13.73584,4.880111,5
P04761,9823,S. scrofa,8.86675,-0.97433287,19
F1RGE0,9823,S. scrofa,12.158483,11.66466,5
D2IE28,9823,S. scrofa,11.345827,12.802597,14
G8G223,9823,S. scrofa,11.514693,7.6066837,11
P48819,9823,S. scrofa,12.734205,4.955609,1
Q9TT27,9823,S. scrofa,9.037154,8.116058,15
A4PES2,9823,S. scrofa,13.7384405,9.607769,2
Q6SA96,9823,S. scrofa,10.224714,13.400032,11
D3Y4D2,9823,S. scrofa,12.301652,15.853766,16
Q767L6,9823,S. scrofa,10.8438425,11.753864,9
F2Z594,9823,S. scrofa,17.02243,15.493804,6
C9K506,9823,S. scrofa,10.406789,12.481339,9
F1SA75,9823,S. scrofa,13.26673,8.8889675,18
A9ED79,9823,S. scrofa,10.237531,13.641733,11
Q9N0F1,9823,S. scrofa,8.036982,13.270056,14
Q8WMN7,9823,S. scrofa,12.145852,4.7573333,1
B6VNT8,9823,S. scrofa,15.557274,14.3015175,11
P01304,9823,S. scrofa,13.815011,6.899305,2
D0G0B6,9823,S. scrofa,8.587042,6.9537287,6
I6ZX61,9823,S. scrofa,12.643631,12.649136,14
P22412,9823,S. scrofa,11.249342,4.801367,5
Q29011,9823,S. scrofa,13.237445,5.278232,5
C0SW08,9823,S. scrofa,12.991239,13.321896,11
G9BWQ1,9823,S. scrofa,12.366576,12.910748,11
Q8MIR4,9823,S. scrofa,11.589084,12.038862,5
Q0QF01,9823,S. scrofa,7.413564,12.516559,9
P00348,9823,S. scrofa,7.0392313,13.096708,13
A7VK01,9823,S. scrofa,10.6645775,11.768225,9
O18934,9823,S. scrofa,9.948328,10.001016,17
B5APU3,9823,S. scrofa,8.335405,15.214306,9
Q0PPT3,9823,S. scrofa,14.278122,6.4145327,5
Q29122,9823,S. scrofa,8.702644,9.074416,4
Q08353,9823,S. scrofa,12.408161,11.31999,5
Q28937,9823,S. scrofa,15.554792,14.3008375,11
A4Z6H1,9823,S. scrofa,6.7790685,11.247519,17
Q9GLM2,9823,S. scrofa,13.711689,4.896427,5
P63053,9823,S. scrofa,11.385576,13.345209,14
Q9MZG4,9823,S. scrofa,11.334267,11.69905,17
D0EWS6,9823,S. scrofa,14.332196,9.160226,2
F1SFQ0,9823,S. scrofa,10.00813,10.670898,14
P27594,9823,S. scrofa,10.605652,11.820605,9
P37176,9823,S. scrofa,12.970443,5.2037525,2
F1RNW6,9823,S. scrofa,14.968826,9.163093,10
P07802,9823,S. scrofa,10.231038,13.488502,11
Q95L23,9823,S. scrofa,13.718453,4.9793158,14
P24786,9823,S. scrofa,13.5319395,4.9987,5
A1E295,9823,S. scrofa,11.436866,5.1681237,1
P09933,9823,S. scrofa,11.615636,4.6772037,1
F1RGY5,9823,S. scrofa,7.8080764,11.477926,13
A7WLH8,9823,S. scrofa,11.172159,13.176469,14
K7GN90,9823,S. scrofa,13.722941,5.6100564,5
A1XQU5,9823,S. scrofa,8.100695,10.633035,13
P81558,9823,S. scrofa,12.58698,8.880855,18
Q9TTX7,9823,S. scrofa,14.98581,9.613387,10
Q04967,9823,S. scrofa,8.034826,13.617212,13
A0A4X1T4U3,9823,S. scrofa,9.029351,12.009725,9
P10668,9823,S. scrofa,8.467612,8.60775,15
Q8MIM5,9823,S. scrofa,15.024497,9.70554,10
Q7YS88,9823,S. scrofa,12.97969,4.768337,5
O02839,9823,S. scrofa,13.657066,4.831198,5
P00795,9823,S. scrofa,11.205487,5.966304,13
Q1T7A6,9823,S. scrofa,11.818323,4.871929,1
I3LFH3,9823,S. scrofa,11.773752,10.705958,6
O19069,9823,S. scrofa,7.121097,13.2807455,11
Q8WN98,9823,S. scrofa,6.823941,11.135794,17
F1S6B4,9823,S. scrofa,13.300417,5.704743,1
K7GND9,9823,S. scrofa,13.726182,5.7965775,5
Q764M6,9823,S. scrofa,12.116832,11.089973,2
P49927,9823,S. scrofa,13.0544405,7.906529,12
P01297,9823,S. scrofa,14.06744,6.864902,2
F1SK18,9823,S. scrofa,14.138577,8.964551,2
O19073,9823,S. scrofa,11.953717,6.5343986,17
D0VWV4,9823,S. scrofa,8.277827,6.510257,0
P45846,9823,S. scrofa,11.9899645,5.4121222,17
Q6QAT1,9823,S. scrofa,8.152037,9.114137,15
P17741,9823,S. scrofa,17.022453,15.493699,12
B3GDZ5,9823,S. scrofa,14.316909,12.382132,15
Q865U8,9823,S. scrofa,10.940802,10.306654,6
Q9G1G3,9823,S. scrofa,6.748628,5.754533,13
B3FK65,9823,S. scrofa,13.667894,9.394717,2
Q95J68,9823,S. scrofa,14.332098,12.391746,15
I3L5D4,9823,S. scrofa,12.500884,12.482477,14
P00592,9823,S. scrofa,11.971718,4.9335103,1
P83686,9823,S. scrofa,7.4183993,12.838618,13
F1RMT5,9823,S. scrofa,11.736992,10.972718,6
A0A286ZPL5,9823,S. scrofa,11.590991,7.7308893,14
P26893,9823,S. scrofa,14.250729,12.35197,4
F1SPZ9,9823,S. scrofa,9.3149605,9.06086,4
F1RK46,9823,S. scrofa,9.118842,12.461469,9
Q2HXZ9,9823,S. scrofa,9.602492,8.983252,4
P86409,9823,S. scrofa,9.993753,9.362251,17
P04574,9823,S. scrofa,0.59529495,11.351737,14
F2Z5Q6,9823,S. scrofa,8.255602,9.6756115,15
Q866U3,9823,S. scrofa,8.902721,-1.0226289,19
F1SQJ5,9823,S. scrofa,12.311992,4.925425,1
Q04752,9913,B. taurus,11.861384,11.535151,2
Q3B7N2,9913,B. taurus,10.6016445,11.545532,9
P62261,9913,B. taurus,10.281047,12.820084,9
Q05752,9913,B. taurus,11.315584,8.429081,18
P82927,9913,B. taurus,9.420478,8.81832,15
A7Z035,9913,B. taurus,12.903747,10.399658,12
Q2KJ63,9913,B. taurus,12.812192,4.2783403,1
B8QGI3,9913,B. taurus,14.278351,6.42026,5
P79101,9913,B. taurus,9.875865,13.13158,11
P04985,9913,B. taurus,13.168093,7.85416,12
F1MQ39,9913,B. taurus,13.87463,5.54687,2
Q9TVA8,9913,B. taurus,12.382394,4.8253803,1
Q0IIF7,9913,B. taurus,9.940229,11.651603,9
P01175,9913,B. taurus,12.757489,5.9525137,2
Q9XSJ0,9913,B. taurus,9.775475,13.117048,13
P35604,9913,B. taurus,9.306209,12.674369,17
Q0R5T2,9913,B. taurus,13.34401,8.9141,18
P61286,9913,B. taurus,13.675424,10.985427,12
P08487,9913,B. taurus,11.54343,4.4608517,1
Q95JG8,9913,B. taurus,7.7847342,5.155315,0
A0A3Q1LFK0,9913,B. taurus,8.209014,5.2391057,0
P34943,9913,B. taurus,7.577352,12.051958,14
Q9N126,9913,B. taurus,7.8413925,12.890232,14
P02668,9913,B. taurus,13.315548,7.701894,18
P79331,9913,B. taurus,13.230323,9.551701,2
Q1JQ99,9913,B. taurus,9.104344,9.3986845,15
Q17Q89,9913,B. taurus,11.146566,12.401132,6
F1N3B8,9913,B. taurus,11.0940075,11.799274,17
P04409,9913,B. taurus,12.184876,12.769582,11
P55052,9913,B. taurus,7.988839,16.00198,13
Q3T116,9913,B. taurus,9.010984,9.808779,5
A0A3Q1LRJ2,9913,B. taurus,14.307419,12.275429,15
Q28175,9913,B. taurus,7.974116,12.212656,9
Q95M05,9913,B. taurus,12.390553,15.95313,16
P61823,9913,B. taurus,10.295618,7.612344,4
Q27954,9913,B. taurus,10.970809,4.991294,13
Q9TT94,9913,B. taurus,8.043129,6.1004715,9
P79110,9913,B. taurus,8.131256,3.1393936,11
Q95107,9913,B. taurus,12.83155,10.4077015,12
F1MEW3,9913,B. taurus,14.786538,9.45742,10
P48830,9913,B. taurus,12.744583,4.797541,5
P50595,9913,B. taurus,14.358685,12.412396,15
Q2NKZ1,9913,B. taurus,7.495366,11.5379305,9
P46282,9913,B. taurus,13.807675,5.3817883,5
Q4A1L4,9913,B. taurus,10.710873,12.140706,6
Q32L40,9913,B. taurus,7.41709,11.531939,9
Q05B79,9913,B. taurus,9.532,11.792491,9
F1MH24,9913,B. taurus,13.534797,9.521423,12
P38572,9913,B. taurus,8.923013,5.5043106,0
P01131,9913,B. taurus,13.067648,4.632406,1
P03910,9913,B. taurus,6.741394,5.6541014,0
Q9BDI7,9913,B. taurus,10.594085,11.738781,9
Q2TBX2,9913,B. taurus,10.728648,12.303586,14
Q95L03,9913,B. taurus,9.515239,8.553979,15
P07995,9913,B. taurus,12.592866,4.887261,1
A6QP74,9913,B. taurus,9.634801,4.8269787,19
P00711,9913,B. taurus,12.044815,5.0174255,1
P06868,9913,B. taurus,12.805934,4.2934046,1
Q8SPJ1,9913,B. taurus,14.156593,15.927529,14
F1MYR9,9913,B. taurus,8.969637,5.1062703,14
Q3T0Y3,9913,B. taurus,8.936306,12.777559,13
P21327,9913,B. taurus,7.71811,11.982571,9
P06623,9913,B. taurus,9.47882,10.110068,17
O62768,9913,B. taurus,6.8137093,12.191561,9
P32120,9913,B. taurus,10.082363,13.565136,11
P02694,9913,B. taurus,8.008803,15.961644,9
P13536,9913,B. taurus,9.718579,4.6929603,5
P23726,9913,B. taurus,12.221748,11.633945,5
I3PGL3,9913,B. taurus,14.271214,6.4364944,2
Q32L31,9913,B. taurus,17.022114,15.4932785,12
P18902,9913,B. taurus,11.948962,5.053961,1
P48616,9913,B. taurus,6.828834,21.611708,6
Q29442,9913,B. taurus,13.073426,5.2864294,5
P20072,9913,B. taurus,12.858989,10.839087,13
Q9GL77,9913,B. taurus,8.493843,5.3671517,0
P10175,9913,B. taurus,9.2343235,9.121678,4
P02639,9913,B. taurus,0.62505984,11.343192,11
Q5E9E2,9913,B. taurus,0.5858185,11.3510065,6
P07857,9913,B. taurus,6.812187,12.277195,9
P00428,9913,B. taurus,9.207671,9.45693,6
Q1RMW2,9913,B. taurus,8.953561,5.3955464,5
P82915,9913,B. taurus,8.655731,10.771756,14
Q3SZ22,9913,B. taurus,10.617196,12.191862,1
Q32L61,9913,B. taurus,13.285107,8.904467,18
P61625,9913,B. taurus,9.611832,11.913798,9
P62871,9913,B. taurus,11.228703,7.514615,14
B1H0W5,9913,B. taurus,12.655932,4.877467,1
P24627,9913,B. taurus,11.890901,4.581453,1
A1YT10,9913,B. taurus,13.274598,7.654031,18
P00730,9913,B. taurus,10.981452,5.0772033,13
Q8MJG0,9913,B. taurus,10.409439,9.105393,15
P30404,9913,B. taurus,8.105122,12.798533,13
P04696,9913,B. taurus,9.308749,13.404368,13
Q29451,9913,B. taurus,11.225941,4.787801,13
A6QPQ5,9913,B. taurus,9.047953,10.218992,6
P13183,9913,B. taurus,9.183528,9.159505,6
P56965,9913,B. taurus,7.9739585,12.570033,9
P79342,9913,B. taurus,0.5952727,11.312615,14
Q2YDI5,9913,B. taurus,9.1459055,9.731063,17
P01246,9913,B. taurus,14.334715,12.378979,15
P27479,9913,B. taurus,9.806527,9.979429,15
P00432,9913,B. taurus,8.689664,8.306711,15
P23727,9913,B. taurus,10.825312,12.785496,11
Q0VCK5,9913,B. taurus,10.023808,13.314293,11
P38574,9913,B. taurus,10.378265,7.924889,4
E1BKF9,9913,B. taurus,11.236666,7.616996,14
P02638,9913,B. taurus,0.614155,11.329963,13
P07353,9913,B. taurus,14.1654415,12.3214,4
E7E1P8,9913,B. taurus,13.340317,7.7773476,18
P01239,9913,B. taurus,14.321974,12.378997,15
P01017,9913,B. taurus,12.883862,4.9295616,5
P98072,9913,B. taurus,12.653159,4.3965483,1
Q7YRC6,9913,B. taurus,12.469145,12.706039,14
P02817,9913,B. taurus,13.52601,8.553321,10
P23956,9913,B. taurus,7.563556,5.3694973,11
Q0VD32,9913,B. taurus,10.916442,12.759504,11
P08057,9913,B. taurus,10.627875,9.447647,6
P34942,9913,B. taurus,9.577975,11.665069,17
Q32S24,9913,B. taurus,8.966594,8.216178,15
P13605,9913,B. taurus,13.298905,5.716299,1
P48452,9913,B. taurus,10.0817,13.687927,11
Q02337,9913,B. taurus,7.89396,12.766451,11
Q28862,9913,B. taurus,13.0983715,7.733668,18
Q27975,9913,B. taurus,8.044184,13.632259,13
P67827,9913,B. taurus,12.939206,12.949835,11
P21758,9913,B. taurus,12.784314,5.2306004,1
J9UHS4,9913,B. taurus,13.274776,8.302425,18
Q3SZE2,9913,B. taurus,11.094052,12.368654,6
Q28046,9913,B. taurus,8.660706,13.353728,13
P04975,9913,B. taurus,11.024523,9.174776,18
E7E1Q1,9913,B. taurus,13.332716,7.778426,18
P46170,9913,B. taurus,12.441017,5.670067,1
Q0VC10,9913,B. taurus,13.942835,5.384985,5
Q9N0E7,9913,B. taurus,9.940608,12.843255,5
Q3SZ86,9913,B. taurus,9.698404,8.962964,6
Q29W19,9913,B. taurus,13.591184,7.040875,18
P00515,9913,B. taurus,11.853954,12.833437,11
Q9BE97,9913,B. taurus,14.162404,10.1381235,10
P09487,9913,B. taurus,10.981116,4.974019,13
A6QR62,9913,B. taurus,5.297858,11.621056,3
F1N339,9913,B. taurus,10.47362,12.140737,14
Q9TTY5,9913,B. taurus,8.835215,-0.8327804,19
F1MNP4,9913,B. taurus,12.557077,12.261079,14
Q7YS70,9913,B. taurus,7.3756733,13.383848,11
Q3T0F7,9913,B. taurus,8.766108,12.955286,13
D8MIT8,9913,B. taurus,9.210551,8.258466,15
P04258,9913,B. taurus,13.113817,5.408562,12
O46469,9913,B. taurus,10.482732,10.348334,17
P00415,9913,B. taurus,6.89313,5.6307592,0
P68002,9913,B. taurus,9.985653,13.46859,11
Q9XSC1,9913,B. taurus,12.640559,4.6990604,5
A6QP11,9913,B. taurus,10.766412,11.064493,17
Q02370,9913,B. taurus,10.133301,11.21072,17
Q0VCU1,9913,B. taurus,6.6529922,11.747932,9
G3N3N1,9913,B. taurus,6.6501045,18.842741,13
A2VE81,9913,B. taurus,10.966415,7.315002,4
P51143,9913,B. taurus,7.9606123,5.290063,0
Q0VCG0,9913,B. taurus,10.0429,11.384262,6
Q2TBK2,9913,B. taurus,8.9410095,9.923546,1
P81125,9913,B. taurus,10.106512,13.134261,11
Q704P2,9913,B. taurus,8.860543,5.336579,0
E1BIM8,9913,B. taurus,12.63988,11.87373,5
Q8HYI9,9913,B. taurus,11.157095,12.4005785,13
Q2HJJ1,9913,B. taurus,9.048835,9.712926,6
P62803,9913,B. taurus,7.8822546,9.755518,6
P81947,9913,B. taurus,8.188787,15.123616,9
I6WN98,9913,B. taurus,14.339909,12.382231,15
Q28852,9913,B. taurus,8.481405,8.804407,15
P25975,9913,B. taurus,11.330126,5.2303534,13
F1MUJ6,9913,B. taurus,8.261548,5.252793,0
Q5ZGI1,9913,B. taurus,13.331772,7.751965,18
P15690,9913,B. taurus,6.6817226,12.411078,13
Q27974,9913,B. taurus,12.083246,10.860674,6
Q95M44,9913,B. taurus,8.841479,8.320279,15
Q3HNG7,9913,B. taurus,13.934881,8.795819,2
Q17QC0,9913,B. taurus,10.557983,10.770881,6
A2VDL6,9913,B. taurus,7.309657,6.2390604,9
P82920,9913,B. taurus,8.172369,10.650165,6
Q05588,9913,B. taurus,12.718757,5.110876,1
P63315,9913,B. taurus,0.5633904,11.337554,14
Q58DQ5,9913,B. taurus,9.014139,9.807293,17
P81948,9913,B. taurus,8.186873,15.122292,9
Q3T0I2,9913,B. taurus,11.427504,5.158238,1
F2X2F2,9913,B. taurus,14.274692,6.4113035,5
E7E1P7,9913,B. taurus,13.33189,7.7749963,18
P0C2B7,9913,B. taurus,9.565615,9.015481,2
Q05688,9913,B. taurus,13.476453,5.062385,14
F1MP76,9913,B. taurus,13.387608,7.264294,2
F1MQ85,9913,B. taurus,12.4509325,12.615044,14
Q0R5T9,9913,B. taurus,13.405871,8.936794,18
Q2KIH2,9913,B. taurus,14.281339,12.340198,4
P61763,9913,B. taurus,9.277028,12.294782,17
P61602,9913,B. taurus,0.6149492,11.349276,11
Q28021,9913,B. taurus,6.381347,12.000325,9
Q3ZBY5,9913,B. taurus,14.751891,8.52378,2
Q02399,9913,B. taurus,12.969318,13.292812,11
O46680,9913,B. taurus,13.741464,4.998135,14
Q29450,9913,B. taurus,8.960755,5.308346,14
G0TC75,9913,B. taurus,8.95486,5.3226137,14
E1B9V6,9913,B. taurus,13.141451,9.747843,2
P00974,9913,B. taurus,12.47608,5.6761947,1
Q1H629,9913,B. taurus,12.294178,15.847529,16
Q5I2M5,9913,B. taurus,13.289734,5.5349474,5
Q862G1,9913,B. taurus,14.28327,6.4172273,5
Q7M2Q5,9913,B. taurus,12.27501,15.767677,16
Q66WT7,9913,B. taurus,9.182977,5.9197774,4
O77783,9913,B. taurus,11.595874,4.417202,5
Q27960,9913,B. taurus,8.460219,5.238364,0
Q2M2T7,9913,B. taurus,9.724894,8.659314,15
A5PJP2,9913,B. taurus,13.25198,9.590498,10
Q2TA14,9913,B. taurus,10.959463,5.0554585,1
P31096,9913,B. taurus,12.773542,8.354743,18
P00257,9913,B. taurus,9.011763,9.927545,14
P04394,9913,B. taurus,7.7694736,12.31721,13
Q3MHL7,9913,B. taurus,7.4728575,11.443301,9
Q3ZBI7,9913,B. taurus,9.246887,9.063109,4
P49410,9913,B. taurus,7.8825603,12.082414,9
Q17QP9,9913,B. taurus,9.723799,11.23971,17
P84798,9913,B. taurus,13.266561,9.7008915,2
P07471,9913,B. taurus,9.142382,9.116732,1
P25500,9913,B. taurus,10.805371,12.620064,14
P81287,9913,B. taurus,1.3018211,7.9720945,13
A7YWF3,9913,B. taurus,11.152182,10.30389,17
P61157,9913,B. taurus,15.511969,14.292073,11
P20288,9913,B. taurus,8.536639,-0.4424229,19
P42026,9913,B. taurus,9.13441,10.754733,17
P42029,9913,B. taurus,10.100771,13.552572,11
Q2TA12,9913,B. taurus,8.103188,10.331026,14
P30546,9913,B. taurus,8.602603,-0.5275069,19
Q863C3,9913,B. taurus,14.083529,6.798686,2
A6QP89,9913,B. taurus,7.140356,11.604561,9
Q28056,9913,B. taurus,10.50707,10.707151,6
O18964,9913,B. taurus,8.155484,6.0823684,9
P79134,9913,B. taurus,1.3074104,7.9748697,9
P14100,9913,B. taurus,10.104572,12.022411,14
B0LKN7,9913,B. taurus,13.122706,5.2586145,5
P0C2B6,9913,B. taurus,9.46348,8.982362,15
F1N7F3,9913,B. taurus,12.416764,5.049823,1
P62992,9913,B. taurus,11.3788185,13.3183975,14
P00639,9913,B. taurus,11.18419,4.851948,11
Q862E7,9913,B. taurus,14.248941,6.469297,2
G8BLB4,9913,B. taurus,14.3608465,12.411907,15
Q32KZ9,9913,B. taurus,11.561678,10.625762,6
E1BEJ3,9913,B. taurus,7.671642,11.710319,9
E1BBG2,9913,B. taurus,14.035606,9.203865,2
Q2KI41,9913,B. taurus,9.896601,12.391024,14
P01966,9913,B. taurus,8.547259,13.303133,13
E1BHE1,9913,B. taurus,11.670379,10.762119,6
G5E5M5,9913,B. taurus,10.515069,10.689887,6
Q58DK5,9913,B. taurus,6.306714,11.396508,17
P06836,9913,B. taurus,13.254047,8.442699,12
P30274,9913,B. taurus,11.386694,12.640092,14
Q02377,9913,B. taurus,9.489496,8.092847,15
O46385,9913,B. taurus,11.474797,14.184656,13
Q2NKT5,9913,B. taurus,12.228395,15.757196,16
P23206,9913,B. taurus,13.100309,5.3703732,12
P79345,9913,B. taurus,11.172701,5.927898,13
P13619,9913,B. taurus,9.416903,9.2906065,6
Q3T040,9913,B. taurus,9.446552,8.969259,15
Q2TBR2,9913,B. taurus,8.018824,10.2709,17
Q2PBN9,9913,B. taurus,13.911106,5.5548477,2
P21457,9913,B. taurus,0.5987036,11.343402,9
P61085,9913,B. taurus,9.139131,13.07045,9
P00517,9913,B. taurus,12.512415,13.049684,11
Q9XSC9,9913,B. taurus,12.282097,4.813429,1
O02853,9913,B. taurus,13.2105055,4.674125,5
Q148J6,9913,B. taurus,8.9895115,8.419497,15
Q0P5I5,9913,B. taurus,7.103105,13.079805,13
Q0VCX4,9913,B. taurus,14.174864,15.943761,14
Q3T0K2,9913,B. taurus,7.499444,11.577204,9
G8GZ67,9913,B. taurus,10.26254,8.165324,15
E1B7R9,9913,B. taurus,12.198029,15.623715,16
A1A4I9,9913,B. taurus,10.875553,12.259867,6
P08169,9913,B. taurus,9.000851,5.156147,14
Q32KZ1,9913,B. taurus,8.94955,10.086442,6
F1N2N9,9913,B. taurus,11.734941,10.883967,6
Q8MII1,9913,B. taurus,12.301517,15.877543,16
Q8WMP9,9913,B. taurus,11.278651,4.766819,1
E1B9I5,9913,B. taurus,11.726091,8.549639,18
P49951,9913,B. taurus,10.737078,9.054966,15
Q01107,9913,B. taurus,14.113121,4.5682163,5
Q2P9V4,9913,B. taurus,13.862105,5.5503845,2
P60519,9913,B. taurus,10.190414,11.91827,9
Q9TU26,9913,B. taurus,8.143151,4.95431,11
Q3ZC75,9913,B. taurus,8.218299,6.374114,4
Q07536,9913,B. taurus,6.922636,13.121944,13
Q28068,9913,B. taurus,10.259013,11.663933,9
Q3SZ47,9913,B. taurus,12.331483,15.937671,16
Q32KS0,9913,B. taurus,9.921202,12.599816,9
P00514,9913,B. taurus,10.245788,13.503381,11
Q2F6J6,9913,B. taurus,12.015877,5.890835,4
F1MWH2,9913,B. taurus,9.130761,10.453715,17
Q2KI43,9913,B. taurus,9.200014,5.907952,17
Q95MZ8,9913,B. taurus,12.305633,15.8874235,16
Q59HJ6,9913,B. taurus,8.680121,11.984104,14
P82922,9913,B. taurus,9.938234,12.430634,9
P04557,9913,B. taurus,12.399258,5.1429667,1
Q58CU2,9913,B. taurus,11.663324,11.6523695,14
P23795,9913,B. taurus,11.535445,4.704002,5
Q02369,9913,B. taurus,9.223215,9.331637,15
P02754,9913,B. taurus,12.072762,5.003369,1
G3MYZ3,9913,B. taurus,10.178376,9.850292,4
Q5KR49,9913,B. taurus,-1.3684192,9.307763,6
P31322,9913,B. taurus,11.861891,12.81994,11
P00430,9913,B. taurus,9.146256,9.065379,9
P11456,9913,B. taurus,12.101099,5.1997547,1
Q9BDZ4,9913,B. taurus,12.238693,15.725422,16
Q32PI8,9913,B. taurus,9.310677,9.696812,17
Q2YDF6,9913,B. taurus,9.0098295,9.83274,6
F1MT67,9913,B. taurus,11.889176,11.618842,5
P01096,9913,B. taurus,9.47544,9.368763,6
P46193,9913,B. taurus,1.3020443,7.9720254,13
Q2TA38,9913,B. taurus,11.561879,10.518834,6
Q28199,9913,B. taurus,12.5955105,11.500749,5
Q3SZX0,9913,B. taurus,9.349125,5.542768,1
Q3SYS0,9913,B. taurus,8.09436,10.172338,17
Q9TVA9,9913,B. taurus,12.577441,5.0206194,1
Q66LN0,9913,B. taurus,9.194438,12.004742,5
P04695,9913,B. taurus,9.302121,13.407188,13
F1MUI0,9913,B. taurus,11.118217,11.974729,6
Q95KE5,9913,B. taurus,10.187895,8.966869,15
P07589,9913,B. taurus,4.4700775,11.740784,3
Q3MHJ5,9913,B. taurus,9.321714,9.272183,2
F1MR06,9913,B. taurus,7.291364,6.2510247,9
P82916,9913,B. taurus,8.578192,10.876441,6
P04973,9913,B. taurus,10.948869,9.215256,18
U3GMG1,9913,B. taurus,12.292602,15.844083,16
P25712,9913,B. taurus,9.403856,9.144628,2
F1N588,9913,B. taurus,14.369466,8.494101,5
A4GX95,9913,B. taurus,14.340615,12.396208,15
A4IFJ7,9913,B. taurus,10.992995,12.122261,14
O18965,9913,B. taurus,9.057062,5.4256563,14
P32871,9913,B. taurus,9.648044,12.086095,9
Q8MK44,9913,B. taurus,8.419128,5.550132,11
P43033,9913,B. taurus,11.402661,7.4683495,11
P31408,9913,B. taurus,6.901765,11.142597,17
P07455,9913,B. taurus,14.272139,6.418295,5
Q58CN9,9913,B. taurus,8.264724,12.06961,9
P0C7Q4,9913,B. taurus,9.327043,13.419155,13
P02715,9913,B. taurus,9.679569,4.536831,5
Q08E54,9913,B. taurus,13.262516,6.7258487,18
P19120,9913,B. taurus,8.08742,13.643464,13
Q0IIG7,9913,B. taurus,7.008429,19.14638,13
P39942,9913,B. taurus,10.5182495,11.507848,6
Q0IIJ3,9913,B. taurus,13.035622,10.115331,10
Q2KIS7,9913,B. taurus,12.665146,5.256192,1
Q28113,9913,B. taurus,11.4414425,4.432817,1
F2X2F3,9913,B. taurus,14.281788,6.421009,12
P80473,9913,B. taurus,8.637017,8.745705,15
F6Q1T7,9913,B. taurus,11.634937,4.4306984,1
P63099,9913,B. taurus,0.593965,11.346384,14
P10103,9913,B. taurus,17.020374,15.491175,12
Q3ZCJ8,9913,B. taurus,11.697189,5.019076,1
P01252,9913,B. taurus,13.240246,8.461203,12
Q27958,9913,B. taurus,8.605925,13.051483,13
P10152,9913,B. taurus,10.238983,7.713352,15
F1MMV1,9913,B. taurus,11.905002,8.496914,2
P00423,9913,B. taurus,9.132933,9.473148,6
O46411,9913,B. taurus,9.873258,13.526775,11
Q3SZK1,9913,B. taurus,11.440726,7.7503366,5
Q1JQC6,9913,B. taurus,7.897044,12.513926,9
A3KMY8,9913,B. taurus,11.269565,4.755145,5
A6H782,9913,B. taurus,11.553162,10.552887,6
Q3SZX5,9913,B. taurus,8.81926,9.980512,14
Q6QLP8,9913,B. taurus,12.304339,15.887016,16
P61223,9913,B. taurus,6.925465,19.310244,11
F1MYJ4,9913,B. taurus,12.410249,12.927795,11
P11017,9913,B. taurus,11.230966,7.496537,14
Q5EA32,9913,B. taurus,9.123653,5.5887065,1
P68401,9913,B. taurus,6.8578596,11.773633,9
P84466,9913,B. taurus,9.569636,12.832333,9
A1A4P4,9913,B. taurus,9.58228,9.036053,2
A8JZM8,9913,B. taurus,12.291801,15.896053,16
C9EEZ1,9913,B. taurus,12.380682,12.83804,11
P79136,9913,B. taurus,9.063434,8.108111,15
Q32PC3,9913,B. taurus,9.192052,9.251756,15
Q9XSK0,9913,B. taurus,15.079189,9.55378,10
P63097,9913,B. taurus,9.30764,13.426455,11
A5D7B9,9913,B. taurus,11.2469635,12.294971,14
P02676,9913,B. taurus,12.111795,5.3852787,17
Q2KJE7,9913,B. taurus,9.979753,9.170088,15
A3KFF6,9913,B. taurus,13.39648,10.585083,12
P02470,9913,B. taurus,16.943743,7.6112647,14
P01317,9913,B. taurus,13.740886,6.155647,5
P45478,9913,B. taurus,11.2084465,4.79553,1
Q01314,9913,B. taurus,12.362942,12.907475,11
P79114,9913,B. taurus,8.597544,6.9692683,6
Q3T035,9913,B. taurus,9.095569,8.096988,15
P38408,9913,B. taurus,9.306722,13.374156,13
P49004,9913,B. taurus,9.166207,12.631022,9
E1B8W3,9913,B. taurus,10.640011,10.547796,17
Q1RMX9,9913,B. taurus,0.6347618,11.358061,11
P10279,9913,B. taurus,13.091086,7.9088397,12
P38573,9913,B. taurus,8.908255,5.594995,0
P82926,9913,B. taurus,9.483855,9.030023,15
Q2NL27,9913,B. taurus,9.522376,8.988128,15
P27424,9913,B. taurus,12.833436,6.1389427,2
Q9XTA5,9913,B. taurus,14.156178,10.241814,10
Q08DN4,9913,B. taurus,12.486408,12.677476,14
P02698,9913,B. taurus,10.054238,9.234903,15
Q05717,9913,B. taurus,12.634905,4.7822824,1
P27628,9913,B. taurus,12.277793,10.4219475,2
A4LAP1,9913,B. taurus,9.212999,8.324583,15
P85091,9913,B. taurus,8.424171,8.886205,15
Q6E804,9913,B. taurus,12.045237,11.584577,5
Q2F6J3,9913,B. taurus,14.26186,6.378156,11
P81401,9913,B. taurus,13.634627,7.0046687,18
B2Z898,9913,B. taurus,13.255552,7.7064815,18
P52205,9913,B. taurus,13.673812,6.0747185,5
P62326,9913,B. taurus,11.275518,8.5891485,18
A0A3S5ZPL0,9913,B. taurus,11.083585,7.815883,14
Q9TR36,9913,B. taurus,8.886531,11.774258,9
O02810,9913,B. taurus,11.008214,11.7049675,14
Q9TU03,9913,B. taurus,9.864802,13.099181,13
B0JYL6,9913,B. taurus,10.802958,12.100817,17
Q3Y5Z3,9913,B. taurus,13.104652,5.0615125,5
P82925,9913,B. taurus,9.640165,9.251156,18
Q5XWB7,9913,B. taurus,12.277399,15.813928,16
Q9TTE1,9913,B. taurus,15.354761,0.14395538,13
Q28142,9913,B. taurus,13.479971,5.1933784,12
Q08DZ3,9913,B. taurus,8.738888,8.317588,15
F1MNT4,9913,B. taurus,7.8428245,5.0346966,0
P04972,9913,B. taurus,10.971785,8.410736,15
Q8WN96,9913,B. taurus,8.011467,12.604233,13
P47865,9913,B. taurus,7.6049886,5.363885,0
P02666,9913,B. taurus,13.416279,7.7587605,18
O46563,9913,B. taurus,10.142569,11.845826,17
P31081,9913,B. taurus,7.367249,11.485191,9
P49884,9913,B. taurus,11.798521,11.319854,10
P82649,9913,B. taurus,9.5757675,8.967685,15
P62998,9913,B. taurus,6.911525,19.339233,11
P02313,9913,B. taurus,13.263417,8.479012,12
P15101,9913,B. taurus,12.113595,4.6544027,1
P63171,9913,B. taurus,9.394665,12.384034,9
F1N4I3,9913,B. taurus,8.583423,-0.49993125,19
Q3T0C2,9913,B. taurus,6.911936,13.28884,13
Q2KJE9,9913,B. taurus,7.934481,4.612895,19
Q3T0U3,9913,B. taurus,7.345813,13.315864,11
Q95142,9913,B. taurus,8.12084,9.060435,15
Q29RQ3,9913,B. taurus,11.590113,7.7407327,14
P82670,9913,B. taurus,9.0664835,9.834357,17
Q0VD18,9913,B. taurus,7.471814,13.356492,11
Q0IIE2,9913,B. taurus,12.134389,11.446289,2
G9G9X6,9913,B. taurus,12.077014,5.0499935,1
Q02378,9913,B. taurus,9.24008,9.046857,4
P04272,9913,B. taurus,1.302237,7.9723506,13
Q3SX44,9913,B. taurus,8.2452965,12.631331,8
Q5E951,9913,B. taurus,10.470355,10.864553,6
Q2F6J2,9913,B. taurus,12.001302,5.901908,4
Q2KIM0,9913,B. taurus,11.018385,4.945344,13
Q08DF4,9913,B. taurus,10.476823,11.52516,17
P48018,9913,B. taurus,11.919557,12.376409,11
P27674,9913,B. taurus,7.9047017,4.50962,11
Q5EA71,9913,B. taurus,8.922954,9.976209,1
Q9MZL7,9913,B. taurus,10.562285,13.687204,11
P00435,9913,B. taurus,7.8663893,12.8771715,13
P54349,9913,B. taurus,14.279491,12.389357,15
P05059,9913,B. taurus,14.043418,8.137552,2
Q32PI6,9913,B. taurus,8.491671,10.229862,9
P14099,9913,B. taurus,10.325236,12.037387,14
P53620,9913,B. taurus,10.02543,11.617884,17
P38409,9913,B. taurus,9.300226,13.353419,13
P46198,9913,B. taurus,8.998624,11.077373,6
Q5E9F2,9913,B. taurus,10.31873,12.280858,14
Q17QA9,9913,B. taurus,13.013828,9.672388,12
Q3T052,9913,B. taurus,12.054839,4.523758,1
Q27957,9913,B. taurus,10.542449,10.31883,6
Q17R13,9913,B. taurus,14.194988,9.086523,2
Q3SYS1,9913,B. taurus,9.55541,8.840265,15
P98131,9913,B. taurus,13.639703,4.866328,5
E1BJL9,9913,B. taurus,10.95333,11.199414,6
Q3ZC23,9913,B. taurus,9.113438,6.7356954,4
P00426,9913,B. taurus,9.142616,9.637679,6
Q02374,9913,B. taurus,9.23699,9.197428,4
P29473,9913,B. taurus,13.865645,9.974261,10
O18756,9913,B. taurus,6.1934767,10.208609,17
P12763,9913,B. taurus,12.880096,5.072269,1
P22226,9913,B. taurus,13.031673,5.161408,5
P0C2H4,9913,B. taurus,9.3754,9.86715,17
P13621,9913,B. taurus,7.8797874,13.265451,13
O97902,9913,B. taurus,11.797282,10.833417,6
G3MWM5,9913,B. taurus,8.56406,-0.48309776,19
Q3SYX9,9913,B. taurus,10.084436,10.418414,17
Q2TBI6,9913,B. taurus,9.320356,9.249693,2
Q0VC21,9913,B. taurus,8.112014,10.185176,17
Q2YDI0,9913,B. taurus,8.492047,9.022249,15
Q02372,9913,B. taurus,9.316402,9.016435,15
F6RJC2,9913,B. taurus,12.061529,6.4384494,2
P11541,9913,B. taurus,9.9765415,12.005877,9
A5PK42,9913,B. taurus,11.649825,10.503697,6
Q2TA24,9913,B. taurus,7.6048646,5.502452,17
P46411,9913,B. taurus,8.198261,5.178329,11
P07456,9913,B. taurus,14.279454,6.4174824,5
Q8WMV1,9913,B. taurus,8.625058,5.5655885,0
Q28019,9913,B. taurus,11.168093,10.134461,6
P81019,9913,B. taurus,12.591322,5.114171,1
P83107,9913,B. taurus,12.622896,5.3786736,1
P35720,9913,B. taurus,8.236996,6.462131,0
Q7SIH1,9913,B. taurus,12.668762,4.8642163,1
E1BJB5,9913,B. taurus,8.475135,5.7512374,11
Q03173,10090,M. musculus,13.668133,9.605831,10
Q91V95,10090,M. musculus,9.622987,4.875003,19
Q4FZD7,10090,M. musculus,14.331584,8.591907,5
A2AGA4,10090,M. musculus,8.523191,5.495547,0
Q9EQ09,10090,M. musculus,13.92068,5.267142,5
Q8BTU1,10090,M. musculus,10.005672,13.538406,11
O08804,10090,M. musculus,15.361762,0.1361713,11
D3YWP0,10090,M. musculus,11.519999,12.07746,14
Q64343,10090,M. musculus,8.994018,5.182697,14
Q8VIL2,10090,M. musculus,10.0390625,12.015135,17
Q63810,10090,M. musculus,0.5924342,11.346909,14
P51906,10090,M. musculus,8.220783,5.2085214,0
Q8BKJ9,10090,M. musculus,11.793617,11.714482,5
F6V4V3,10090,M. musculus,9.997573,11.587208,9
Q9JKU8,10090,M. musculus,14.067353,10.512023,14
Q9DB30,10090,M. musculus,12.365196,12.384334,14
Q8K371,10090,M. musculus,13.939479,9.287268,2
P09092,10090,M. musculus,15.135575,9.704008,10
Q61597,10090,M. musculus,10.368438,12.675411,11
Q0VGM9,10090,M. musculus,7.9728837,10.19722,17
P30548,10090,M. musculus,8.724719,-0.69945747,19
F6S070,10090,M. musculus,14.821175,9.589444,10
O70548,10090,M. musculus,14.171623,8.476775,2
Q924X7,10090,M. musculus,12.453583,12.071474,14
Q8BWF0,10090,M. musculus,6.8795824,13.13202,13
O08848,10090,M. musculus,7.8398814,12.348073,9
Q9CQ65,10090,M. musculus,9.821982,13.651816,11
Q9D2N4,10090,M. musculus,11.939693,11.337993,6
Q8K385,10090,M. musculus,11.769962,4.8640924,1
P33587,10090,M. musculus,12.811139,4.258544,1
Q61420,10090,M. musculus,8.225881,4.6713443,11
Q9Z2V9,10090,M. musculus,11.375592,12.538461,2
B1AVB3,10090,M. musculus,13.347646,8.352026,12
O09061,10090,M. musculus,5.202582,16.978941,9
Q3UJU9,10090,M. musculus,12.3071165,11.195163,5
Q9WTI7,10090,M. musculus,9.572902,12.311769,9
Q3U2K5,10090,M. musculus,10.772527,10.304317,2
Q3UP38,10090,M. musculus,12.384812,11.168547,2
Q61146,10090,M. musculus,10.983436,7.319371,4
Q792Y9,10090,M. musculus,12.867429,4.102337,11
Q6GQS1,10090,M. musculus,8.150771,3.2387972,14
Q62392,10090,M. musculus,14.431036,8.600372,2
P42925,10090,M. musculus,8.3385515,5.4888444,0
Q3THF9,10090,M. musculus,9.626972,11.694371,14
G3UWC3,10090,M. musculus,14.07522,7.195532,16
Q07456,10090,M. musculus,12.27989,4.9353366,1
Q8BTT6,10090,M. musculus,10.762289,12.15577,14
Q60631,10090,M. musculus,11.578615,12.514264,11
Q8VCG9,10090,M. musculus,14.450797,9.037656,2
P40224,10090,M. musculus,12.724424,5.4926085,1
Q2KHI9,10090,M. musculus,12.371818,11.693823,5
Q9JI95,10090,M. musculus,7.6043596,11.599899,9
Q91WD5,10090,M. musculus,6.9010353,11.863309,9
I6L9E4,10090,M. musculus,13.3887825,8.1747265,12
Q922P9,10090,M. musculus,11.1967125,11.436332,14
C0LLJ0,10090,M. musculus,10.048331,13.02238,14
Q9QZB9,10090,M. musculus,6.7884016,12.00223,13
Q8VFV6,10090,M. musculus,9.01485,-0.9246853,19
Q8BVN3,10090,M. musculus,9.055668,5.456323,17
A0A286YDU0,10090,M. musculus,9.570617,12.257398,9
Q8CDY7,10090,M. musculus,12.188341,11.624443,5
Q80ZP0,10090,M. musculus,11.530755,10.008884,18
A0A087WNQ6,10090,M. musculus,9.985369,8.890853,15
Q99JI6,10090,M. musculus,6.9223475,19.315468,11
Q9D1B9,10090,M. musculus,9.018216,9.713558,6
O55111,10090,M. musculus,14.040671,4.6589274,5
Q8BMW7,10090,M. musculus,8.289922,4.7859964,0
P13516,10090,M. musculus,8.066162,6.090411,0
O54957,10090,M. musculus,14.020783,8.900337,2
Q9D159,10090,M. musculus,14.14558,8.362729,16
F6XWQ4,10090,M. musculus,14.151298,8.733264,2
Q9CXI5,10090,M. musculus,10.206785,10.049101,6
Q9JJG6,10090,M. musculus,9.167643,5.588166,0
Q9DCJ9,10090,M. musculus,6.3850894,12.794806,13
P56677,10090,M. musculus,12.782284,4.288282,1
Q9WVG9,10090,M. musculus,12.380164,10.145146,6
Q3LS21,10090,M. musculus,9.024739,5.4284678,14
Q9QX47,10090,M. musculus,12.209426,12.150204,14
P32115,10090,M. musculus,14.571151,9.038061,2
Q8VC97,10090,M. musculus,6.833659,11.274412,9
A0A0U1RQ46,10090,M. musculus,14.957205,8.254375,11
Q8CGK6,10090,M. musculus,14.356045,12.380495,2
Q9ESZ8,10090,M. musculus,12.504801,10.048663,6
O55126,10090,M. musculus,9.455999,11.911751,9
O70166,10090,M. musculus,12.619274,10.150278,2
Q8CHG7,10090,M. musculus,9.5135565,16.457664,14
Q61884,10090,M. musculus,10.93376,11.316437,6
Q91X79,10090,M. musculus,12.866729,4.0972238,11
Q91YJ3,10090,M. musculus,10.433395,12.176428,14
Q61290,10090,M. musculus,14.488719,9.414268,2
O88875,10090,M. musculus,14.026504,5.3422046,2
P48381,10090,M. musculus,12.011968,11.554771,14
A8R0T8,10090,M. musculus,14.100481,12.2981415,16
O09047,10090,M. musculus,8.748092,-0.7419205,19
Q91ZN5,10090,M. musculus,8.218001,4.650816,11
Q80Z38,10090,M. musculus,8.931849,4.769652,0
A2A9I7,10090,M. musculus,14.543314,8.839895,2
Q9WTJ4,10090,M. musculus,14.707024,8.686604,5
P59016,10090,M. musculus,9.302004,12.420833,9
Q9EQ08,10090,M. musculus,11.039844,5.136783,9
Q924A0,10090,M. musculus,14.896566,9.38768,10
Q69ZV5,10090,M. musculus,13.913268,8.934828,2
Q03517,10090,M. musculus,13.518775,7.0827985,18
P60897,10090,M. musculus,11.492149,9.064975,18
O35074,10090,M. musculus,9.172697,14.978243,14
Q80Z25,10090,M. musculus,12.259829,10.42247,6
Q3U213,10090,M. musculus,9.360761,11.319653,17
Q60750,10090,M. musculus,13.23295,4.95777,5
P35290,10090,M. musculus,7.0672116,19.06822,14
P12672,10090,M. musculus,10.156731,11.635483,14
P46096,10090,M. musculus,11.923902,12.401105,11
P27545,10090,M. musculus,8.585043,5.6781077,0
O55229,10090,M. musculus,10.107677,13.097775,11
P20826,10090,M. musculus,14.201375,12.289293,4
Q9QZA0,10090,M. musculus,8.943316,12.686758,5
Q80Z09,10090,M. musculus,10.192487,4.942489,1
P61202,10090,M. musculus,10.07258,13.280888,11
D2J0Y4,10090,M. musculus,14.111445,8.598442,2
A2AQH1,10090,M. musculus,9.949315,11.797622,14
Q8R1J5,10090,M. musculus,11.684735,4.9498706,17
Q60928,10090,M. musculus,10.947302,4.973255,13
Q7TNK1,10090,M. musculus,11.886536,11.443917,6
P46460,10090,M. musculus,8.644062,11.363201,9
Q0MW30,10090,M. musculus,12.001088,11.691289,5
Q9QZ59,10090,M. musculus,14.992571,9.655966,10
O08709,10090,M. musculus,7.389748,13.876976,13
Q9QYR9,10090,M. musculus,8.676236,12.583194,9
Q9DCU6,10090,M. musculus,8.146887,10.365116,9
Q8R0V5,10090,M. musculus,9.655243,10.835865,17
Q921P9,10090,M. musculus,12.533861,8.943034,18
Q9Z0X1,10090,M. musculus,9.024352,11.03865,14
Q810J8,10090,M. musculus,9.478036,9.981106,17
Q91YR1,10090,M. musculus,9.7448845,9.174242,15
P02468,10090,M. musculus,9.219341,11.7981825,9
Q80TJ5,10090,M. musculus,10.302399,8.503526,15
Q3V0I2,10090,M. musculus,14.340206,8.679699,2
Q9CWV1,10090,M. musculus,9.439481,12.171227,9
P63094,10090,M. musculus,9.266649,13.167279,9
Q8BH53,10090,M. musculus,10.21469,10.010425,17
P56484,10090,M. musculus,8.895009,-0.90544355,19
Q3TDL2,10090,M. musculus,14.220342,12.331082,15
O35382,10090,M. musculus,10.523554,12.106582,17
P70379,10090,M. musculus,12.214024,5.8445554,1
Q52KH0,10090,M. musculus,14.263069,8.623882,2
Q6ZPZ3,10090,M. musculus,14.884146,10.006473,10
Q5U680,10090,M. musculus,8.13395,3.1518087,11
B2RWV5,10090,M. musculus,9.092901,-0.9092339,19
Q8BHN0,10090,M. musculus,9.362442,11.291037,14
Q09LZ8,10090,M. musculus,9.882835,12.411004,14
Q9Z0H8,10090,M. musculus,12.291544,10.86063,6
P0CW02,10090,M. musculus,12.639086,5.3909063,1
Q9D379,10090,M. musculus,7.9212847,12.665491,13
P29974,10090,M. musculus,8.919858,5.3705792,14
A8R0X1,10090,M. musculus,14.035568,12.288326,16
Q5SUG0,10090,M. musculus,8.326784,8.731844,4
Q8CII9,10090,M. musculus,13.652272,5.570202,5
S4R2S1,10090,M. musculus,13.791349,5.1388435,5
Q9D9Z7,10090,M. musculus,8.0672865,9.684932,17
Q6KAR6,10090,M. musculus,10.648804,12.350138,9
A0A0J9YUW0,10090,M. musculus,9.701429,4.5577826,11
Q8VE22,10090,M. musculus,9.758069,8.872562,15
P14429,10090,M. musculus,13.23596,4.674051,5
Q3B802,10090,M. musculus,13.151063,7.779915,12
Q9D3N2,10090,M. musculus,0.6138747,11.349699,14
O35841,10090,M. musculus,10.15276,11.544704,6
Q80WG5,10090,M. musculus,10.5597105,10.438155,17
Q8VI93,10090,M. musculus,11.4308,11.704502,1
Q7TQF1,10090,M. musculus,14.182834,4.5341744,5
Q8C206,10090,M. musculus,9.181795,5.4140606,0
Q8CC88,10090,M. musculus,5.3727403,9.822707,17
P63300,10090,M. musculus,10.076845,12.054847,9
Q3TMQ6,10090,M. musculus,10.146608,7.7574596,15
P35330,10090,M. musculus,13.99991,5.3351035,5
Q6PHZ2,10090,M. musculus,12.3808365,12.453203,14
Q8BGY6,10090,M. musculus,11.270371,4.399458,1
Q62398,10090,M. musculus,8.982608,5.304436,14
Q61735,10090,M. musculus,9.14909,6.8062634,4
Q9D995,10090,M. musculus,11.3809595,12.531144,17
Q3UA06,10090,M. musculus,9.922311,13.2647505,11
Q9Z0L4,10090,M. musculus,12.581625,4.946933,1
Q3TPX4,10090,M. musculus,10.157737,11.504985,17
P0CW03,10090,M. musculus,12.607609,5.381785,1
Q9CZ83,10090,M. musculus,9.874079,8.791291,15
Q91WK5,10090,M. musculus,7.9982686,13.299154,13
P97401,10090,M. musculus,12.467238,4.6659894,1
Q8VDZ4,10090,M. musculus,13.250908,9.458665,2
P12813,10090,M. musculus,12.0075245,11.392877,2
Q640R3,10090,M. musculus,13.883395,5.200682,5
A2AMZ4,10090,M. musculus,10.798522,10.299223,6
Q9Z0E3,10090,M. musculus,14.130191,8.895632,2
A0A3Q4EG75,10090,M. musculus,9.069243,8.189377,15
Q3UMU9,10090,M. musculus,13.241038,9.302821,2
Q8R331,10090,M. musculus,12.567251,10.032968,6
Q3UZ39,10090,M. musculus,13.859158,8.875519,2
Q9JJZ6,10090,M. musculus,14.678044,8.758348,2
P49443,10090,M. musculus,10.058623,13.033045,11
Q505D7,10090,M. musculus,11.067446,11.905757,6
P54254,10090,M. musculus,14.9061775,9.418114,10
O55125,10090,M. musculus,9.492548,11.878298,9
Q148W0,10090,M. musculus,9.105471,7.3444366,15
Q9QUR7,10090,M. musculus,9.047734,13.266724,14
P25444,10090,M. musculus,7.767135,10.577278,6
Q6PE87,10090,M. musculus,10.099956,9.2884245,15
Q9ER80,10090,M. musculus,11.696326,11.623854,17
Q9ERI2,10090,M. musculus,7.017285,19.102324,14
Q9D0M5,10090,M. musculus,8.544685,8.486308,15
Q64213,10090,M. musculus,13.499227,10.612322,12
A0A0N4SW19,10090,M. musculus,13.62168,9.778445,10
Q8VDF3,10090,M. musculus,12.547287,12.507652,14
Q3TNM7,10090,M. musculus,13.111349,5.383835,12
Q3TVI8,10090,M. musculus,14.239405,8.483194,2
Q8CIB5,10090,M. musculus,10.653794,11.788712,17
P08074,10090,M. musculus,6.809638,13.205085,13
E9PV24,10090,M. musculus,12.2993355,5.592165,4
P68500,10090,M. musculus,13.646241,4.962072,5
Q9CQ75,10090,M. musculus,9.980148,11.091754,17
B9EKC5,10090,M. musculus,11.636456,8.921845,18
Q99MK9,10090,M. musculus,12.267819,11.704263,5
Q8BIA3,10090,M. musculus,14.466117,9.647635,18
Q91YS3,10090,M. musculus,13.769315,9.174013,2
B2RY45,10090,M. musculus,14.938489,9.438328,10
Q810K3,10090,M. musculus,8.361041,5.690711,0
P0C028,10090,M. musculus,6.553883,11.694414,14
Q9Z1K5,10090,M. musculus,10.556325,12.257055,11
Q9CZ82,10090,M. musculus,9.594676,9.5312805,15
Q9EPL0,10090,M. musculus,12.164237,4.5720973,5
D3YTL8,10090,M. musculus,12.989769,9.449086,18
A0A0A6YY37,10090,M. musculus,14.214733,4.5135527,5
Q9CY57,10090,M. musculus,13.256863,10.071868,12
B0QZH8,10090,M. musculus,13.335139,9.564089,2
P11344,10090,M. musculus,11.374171,5.0430517,17
Q60963,10090,M. musculus,11.058148,5.0574684,1
P59041,10090,M. musculus,9.578232,9.0466585,2
Q9QWV9,10090,M. musculus,13.216338,9.801134,10
P48972,10090,M. musculus,13.936222,9.069726,2
A8R0W5,10090,M. musculus,14.068734,12.257603,16
Q8R1S0,10090,M. musculus,7.834985,12.590779,13
Q6IVG2,10090,M. musculus,13.965715,5.338237,1
Q8K1T0,10090,M. musculus,12.811243,4.226609,1
O70279,10090,M. musculus,11.152214,9.024372,18
A0A286YCD8,10090,M. musculus,12.335708,4.906692,1
Q62245,10090,M. musculus,9.12432,5.573286,17
Q91VJ5,10090,M. musculus,12.773621,9.746864,18
Q8C456,10090,M. musculus,10.197514,10.286309,17
Q9D952,10090,M. musculus,13.770607,5.3870173,5
Q61002,10090,M. musculus,13.197584,7.76655,12
Q8BXA0,10090,M. musculus,13.354956,5.3357697,1
Q9DCN2,10090,M. musculus,7.3916593,12.809756,13
Q99L47,10090,M. musculus,12.123348,10.670116,6
O55201,10090,M. musculus,12.20899,10.845148,6
P81067,10090,M. musculus,14.979961,9.257593,10
O35674,10090,M. musculus,12.78686,4.7470884,5
Q7TMF3,10090,M. musculus,9.168034,9.672465,17
Q5SXI5,10090,M. musculus,14.344934,8.604142,2
Q9ESF1,10090,M. musculus,14.144586,10.650829,12
Q9JLK4,10090,M. musculus,0.7894091,11.480889,11
Q9WUK7,10090,M. musculus,8.710845,-0.69075567,19
P28184,10090,M. musculus,11.971172,10.661817,12
Q8CF89,10090,M. musculus,10.657627,10.185932,17
Q6PFX7,10090,M. musculus,14.519569,8.785351,2
Q8N7N6,10090,M. musculus,14.360919,9.107508,2
O88552,10090,M. musculus,9.241109,5.4275813,5
O70300,10090,M. musculus,12.850735,4.9945893,5
Q8BH06,10090,M. musculus,13.54589,5.4441004,5
Q80YN3,10090,M. musculus,13.888765,8.82058,2
Q99P25,10090,M. musculus,11.1463585,10.213558,15
Q8K2L4,10090,M. musculus,10.703702,11.2361765,14
Q9ESG9,10090,M. musculus,14.475221,8.619706,5
Q7TSV4,10090,M. musculus,7.330028,13.3164625,11
P03953,10090,M. musculus,12.849655,4.126007,1
O55103,10090,M. musculus,9.113393,5.437028,0
Q3UNA4,10090,M. musculus,9.755659,11.986931,9
P63248,10090,M. musculus,10.924923,8.450656,18
Q8CBW3,10090,M. musculus,12.897322,9.686042,10
O35608,10090,M. musculus,12.294123,5.3210125,1
Q8CAL5,10090,M. musculus,12.5592575,4.694458,1
Q8C9X1,10090,M. musculus,10.652206,10.043127,17
Q9CWD8,10090,M. musculus,8.062516,12.469879,13
Q60860,10090,M. musculus,6.647705,5.4808726,0
P34884,10090,M. musculus,6.484662,12.868484,13
Q62165,10090,M. musculus,13.149642,5.6935287,18
Q99MW6,10090,M. musculus,10.517314,12.337266,14
P97350,10090,M. musculus,11.901907,11.33485,14
D3Z7H4,10090,M. musculus,9.338024,5.6045127,2
Q9CRZ8,10090,M. musculus,8.16478,5.7857084,17
Q99K74,10090,M. musculus,10.257055,9.9736185,15
E9Q5Z5,10090,M. musculus,14.122198,8.442848,15
Q8VEH6,10090,M. musculus,9.601291,11.634251,9
P0DW27,10090,M. musculus,12.280007,15.854023,16
Q8BH95,10090,M. musculus,7.299011,13.403736,11
Q923T7,10090,M. musculus,12.310586,11.658274,5
P06151,10090,M. musculus,7.105505,13.065243,13
Q9DCZ4,10090,M. musculus,8.641579,7.1126313,6
Q9JKW0,10090,M. musculus,8.579599,6.000217,17
Q6T3U4,10090,M. musculus,13.635955,4.9926305,5
A2AGX3,10090,M. musculus,14.10496,8.839574,2
Q6PCN7,10090,M. musculus,10.292891,11.664244,14
Q0KHD2,10090,M. musculus,13.636339,4.7543054,5
O35638,10090,M. musculus,10.954705,4.9749975,13
Q8BW10,10090,M. musculus,10.678861,12.305989,6
Q61555,10090,M. musculus,6.4643807,12.956554,9
P47964,10090,M. musculus,8.488193,9.270975,15
Q99PQ2,10090,M. musculus,12.345713,11.691078,5
Q5SSZ5,10090,M. musculus,9.372479,10.721202,17
Q2WG76,10090,M. musculus,14.29188,8.412358,2
Q8BRY4,10090,M. musculus,12.15355,5.509209,4
Q8BYM7,10090,M. musculus,10.987552,8.35915,18
P86547,10090,M. musculus,10.197494,7.7708454,15
Q810U4,10090,M. musculus,9.210679,12.207199,9
Q05AH6,10090,M. musculus,14.242181,8.656016,2
A2AJ88,10090,M. musculus,7.81711,11.451244,9
Q6PIE5,10090,M. musculus,7.325651,6.2251635,9
P05064,10090,M. musculus,7.130857,11.948138,9
A0A0J9YUT6,10090,M. musculus,11.2659855,8.75853,18
Q6NXY9,10090,M. musculus,11.295491,8.904058,18
A0A0U1RPR9,10090,M. musculus,9.703603,8.198046,15
Q03137,10090,M. musculus,13.430192,5.0442615,14
O54794,10090,M. musculus,7.5892806,5.361412,0
Q91Z98,10090,M. musculus,10.956029,4.97685,13
O88746,10090,M. musculus,11.918276,11.556831,14
Q8BH52,10090,M. musculus,14.448775,9.327162,2
B7ZNF9,10090,M. musculus,12.391129,10.890638,2
Q3UZV7,10090,M. musculus,12.282482,4.5507126,1
Q91VE0,10090,M. musculus,7.210107,13.5565605,11
Q9DB40,10090,M. musculus,9.735274,8.8410015,15
Q61245,10090,M. musculus,8.862975,7.760352,15
Q80WQ6,10090,M. musculus,9.415578,5.555296,2
Q8BR70,10090,M. musculus,8.539257,5.8188844,0
G5E8X8,10090,M. musculus,9.437223,7.8040304,15
Q9CUU3,10090,M. musculus,5.3677692,11.287958,8
P11416,10090,M. musculus,11.758354,11.523763,6
V9GXV0,10090,M. musculus,8.171556,8.771845,15
B7ZNR4,10090,M. musculus,13.284052,4.753687,5
P98064,10090,M. musculus,12.847259,4.241201,1
Q7TNL5,10090,M. musculus,10.213678,11.303726,17
Q62442,10090,M. musculus,11.478012,10.9712715,12
P70331,10090,M. musculus,14.235595,8.5103035,2
M0QWL0,10090,M. musculus,12.243447,10.7950945,6
Q60967,10090,M. musculus,6.7145114,11.679452,9
Q91VB8,10090,M. musculus,8.507957,13.297507,13
Q8K4M5,10090,M. musculus,10.101292,11.188384,17
Q3TR19,10090,M. musculus,10.106716,10.013922,15
Q9CRD0,10090,M. musculus,12.4877405,10.378202,6
D3YZI9,10090,M. musculus,10.708283,11.534896,1
Q8R5I6,10090,M. musculus,6.3738384,14.094487,13
P14152,10090,M. musculus,7.084798,12.803479,9
E9QAP7,10090,M. musculus,14.531889,9.545368,12
P47743,10090,M. musculus,9.806966,4.827784,11
O88448,10090,M. musculus,12.404445,11.191864,2
Q6NXI8,10090,M. musculus,15.096175,10.398305,10
P34960,10090,M. musculus,11.995747,4.970013,1
Q9WU62,10090,M. musculus,13.145219,9.34164,18
Q8K288,10090,M. musculus,8.385081,8.596936,15
Q61545,10090,M. musculus,13.551768,10.602428,12
Q63850,10090,M. musculus,13.16538,10.482445,12
Q61409,10090,M. musculus,13.732795,9.459367,5
A2ASI5,10090,M. musculus,11.19531,7.5865984,14
Q3U108,10090,M. musculus,14.537583,8.796222,2
O70361,10090,M. musculus,14.231977,8.9647455,2
Q5DU25,10090,M. musculus,8.389954,5.726952,0
Q9JJN6,10090,M. musculus,10.296325,9.183403,15
P08414,10090,M. musculus,12.447406,12.294811,14
Q9Z180,10090,M. musculus,12.389742,4.9761314,1
Q921W0,10090,M. musculus,11.175975,11.263755,6
O08650,10090,M. musculus,8.424239,6.456497,0
Q9ESJ7,10090,M. musculus,12.20989,11.301398,2
P80317,10090,M. musculus,7.451892,11.491827,9
P86176,10090,M. musculus,13.957838,5.4355297,2
Q3ULL6,10090,M. musculus,12.59075,9.967714,6
Q9D312,10090,M. musculus,6.8288283,21.611605,6
Q8VDD5,10090,M. musculus,8.20436,8.70435,15
Q3SYP2,10090,M. musculus,12.855733,4.1277814,13
Q3TNH5,10090,M. musculus,9.592784,11.0272045,17
Q6R5P0,10090,M. musculus,13.279319,5.582344,1
Q8C208,10090,M. musculus,14.503272,8.895674,2
Q8BJ03,10090,M. musculus,8.23976,6.3982825,0
P97478,10090,M. musculus,7.170784,13.165566,11
P59708,10090,M. musculus,12.964394,11.301215,6
O35739,10090,M. musculus,14.553571,8.92318,2
P62325,10090,M. musculus,9.391495,8.31365,15
Q8CHP0,10090,M. musculus,14.088035,8.737571,2
P15105,10090,M. musculus,6.809447,11.269028,17
Q9DC40,10090,M. musculus,11.955964,11.559971,5
Q0VF58,10090,M. musculus,13.114771,5.3735485,12
Q8JZX3,10090,M. musculus,11.302095,7.6313734,14
P29351,10090,M. musculus,10.532796,12.111523,14
P70121,10090,M. musculus,13.84185,9.49813,10
Q9CSP9,10090,M. musculus,13.138653,9.606063,2
Q7TQN3,10090,M. musculus,12.745408,4.914974,1
Q63ZW6,10090,M. musculus,14.551366,8.760916,2
Q8QZR5,10090,M. musculus,7.2775145,13.480712,11
Q8BPG6,10090,M. musculus,5.378423,10.433711,3
Q9D733,10090,M. musculus,12.2796,4.827347,1
P17879,10090,M. musculus,8.01066,13.60528,13
Q9D6M3,10090,M. musculus,8.127681,3.1324465,11
O70443,10090,M. musculus,9.267022,13.395833,13
Q9WV56,10090,M. musculus,12.676049,4.9737196,1
Q920N1,10090,M. musculus,11.645414,11.547033,14
P01582,10090,M. musculus,10.718374,9.16778,15
P06869,10090,M. musculus,12.807894,4.2205772,1
P58660,10090,M. musculus,12.474106,11.209104,2
Q8BW00,10090,M. musculus,5.3043966,12.264322,3
P62983,10090,M. musculus,11.402728,13.340803,14
Q9D256,10090,M. musculus,12.569347,5.534093,1
Q9WUI1,10090,M. musculus,12.882885,13.1278305,11
Q6P2L6,10090,M. musculus,6.367064,12.1719885,3
Q8HWE5,10090,M. musculus,13.214762,4.6588793,5
P31240,10090,M. musculus,12.684176,4.9242496,1
Q91Z96,10090,M. musculus,13.470772,9.53482,10
P51432,10090,M. musculus,5.375676,12.0804615,3
Q9QYF1,10090,M. musculus,7.6320767,13.050203,13
Q60854,10090,M. musculus,15.361777,0.13608573,11
Q8VCC8,10090,M. musculus,11.737994,11.754669,1
Q0VGV1,10090,M. musculus,9.931216,10.031078,17
Q8BY10,10090,M. musculus,14.253657,4.4712396,5
Q6IMP4,10090,M. musculus,11.333036,9.674546,15
Q9QYB1,10090,M. musculus,8.235369,11.390312,17
P63137,10090,M. musculus,9.745812,4.577045,11
Q61586,10090,M. musculus,10.028817,11.833582,17
Q75N62,10090,M. musculus,10.872185,12.014818,14
P20108,10090,M. musculus,8.120242,12.232557,14
P17563,10090,M. musculus,7.22099,13.279847,11
Q8R3K3,10090,M. musculus,9.780508,11.003213,17
Q99MH6,10090,M. musculus,14.220307,8.956677,2
Q9CZA5,10090,M. musculus,11.182581,9.925363,6
P47226,10090,M. musculus,10.756597,9.163177,6
O70469,10090,M. musculus,12.299638,11.578533,5
O55222,10090,M. musculus,11.803324,12.247649,14
P58466,10090,M. musculus,11.597972,12.000697,14
Q91V01,10090,M. musculus,8.286774,5.7855997,0
P08113,10090,M. musculus,9.774577,10.180192,6
Q6VVW9,10090,M. musculus,9.265725,15.133461,11
Q6IRU2,10090,M. musculus,-1.3735001,9.307247,6
Q8C1W4,10090,M. musculus,13.152377,7.7830844,12
B8QI36,10090,M. musculus,8.550624,11.063848,17
Q9EPB4,10090,M. musculus,11.117406,12.072642,1
Q99M07,10090,M. musculus,10.831916,12.517519,6
F8VQB6,10090,M. musculus,6.911377,13.013207,13
Q921C5,10090,M. musculus,12.236195,10.777888,6
Q09098,10090,M. musculus,12.553616,5.446408,1
Q00420,10090,M. musculus,14.181801,9.66495,6
Q923L6,10090,M. musculus,10.231033,7.730974,15
Q9CQ70,10090,M. musculus,7.870539,9.754501,6
Q3UT31,10090,M. musculus,14.987827,8.248421,11
E9Q7M2,10090,M. musculus,14.750841,9.52879,10
F6W3U3,10090,M. musculus,8.983493,11.404063,9
P97490,10090,M. musculus,4.688343,9.960592,3
Q9JKD9,10090,M. musculus,14.4061985,8.595727,2
Q9WUF1,10090,M. musculus,9.084291,-0.90136206,19
Q91V79,10090,M. musculus,9.074015,5.6144657,5
Q921E2,10090,M. musculus,6.997725,19.155256,13
Q99ME9,10090,M. musculus,10.821285,12.478126,14
A2AEI4,10090,M. musculus,10.169423,8.068117,16
P97321,10090,M. musculus,10.814412,5.096854,9
P51655,10090,M. musculus,12.395824,4.6777773,1
Q80W54,10090,M. musculus,8.191852,5.879818,13
P57716,10090,M. musculus,12.093233,4.5218325,1
O08740,10090,M. musculus,7.998884,13.320407,13
Q9D9P8,10090,M. musculus,14.067659,12.236271,16
O70146,10090,M. musculus,14.339181,8.611511,2
P56480,10090,M. musculus,7.1293454,11.252996,17
P19785,10090,M. musculus,11.791798,11.290954,10
Q99JG4,10090,M. musculus,10.575655,11.972678,9
P13372,10090,M. musculus,14.04405,5.31146,5
Q3TBW2,10090,M. musculus,8.945835,10.044973,6
Q9ES00,10090,M. musculus,11.162754,4.393106,1
P04227,10090,M. musculus,13.582105,4.8927436,5
P54265,10090,M. musculus,12.359124,11.6304865,5
O70551,10090,M. musculus,13.581802,9.504655,14
Q61666,10090,M. musculus,11.590607,7.704272,14
Q8BRK8,10090,M. musculus,12.404843,12.366438,14
P54923,10090,M. musculus,6.507361,12.238003,9
A0A3B2WCG4,10090,M. musculus,9.772888,11.723476,14
Q8K1B7,10090,M. musculus,12.283297,15.893235,16
P62915,10090,M. musculus,9.848061,12.789729,13
Q9ES61,10090,M. musculus,9.274143,5.508674,1
P84096,10090,M. musculus,6.9099655,19.337029,11
O54990,10090,M. musculus,9.325787,5.728766,1
Q9JMB8,10090,M. musculus,13.601395,4.9864073,11
Q6ZWY3,10090,M. musculus,10.896941,8.594133,15
O88566,10090,M. musculus,14.123074,9.082685,2
P04768,10090,M. musculus,14.2393675,12.345695,15
Q9QXH4,10090,M. musculus,6.9827113,12.004157,9
Q5U4D4,10090,M. musculus,14.412622,9.79343,12
Q9D4H9,10090,M. musculus,12.503316,9.821401,6
Q8BQR7,10090,M. musculus,10.841238,12.224417,14
Q91VC3,10090,M. musculus,11.486082,14.217593,13
Q3TAN6,10090,M. musculus,10.507227,11.818658,17
Q9JM71,10090,M. musculus,12.84667,4.1388993,13
Q6VV64,10090,M. musculus,9.282052,5.467998,5
Q9WV30,10090,M. musculus,13.39751,5.220746,1
O88809,10090,M. musculus,12.479512,10.305956,6
Q9EPT5,10090,M. musculus,8.0848055,4.968741,0
Q9JLL3,10090,M. musculus,13.963595,5.6036186,2
Q64281,10090,M. musculus,13.994807,5.313325,5
P63006,10090,M. musculus,14.06583,10.52483,10
A0A1Y7VME9,10090,M. musculus,8.203925,3.4457898,17
Q9JKC8,10090,M. musculus,9.393446,12.691554,9
Q8K4Q6,10090,M. musculus,12.261402,11.648918,5
P35413,10090,M. musculus,8.737731,-0.73164845,19
A0A8I6AK33,10116,R. norvegicus,13.287617,9.831703,2
D3ZBL3,10116,R. norvegicus,10.7729,12.201818,6
A0A8I5ZN22,10116,R. norvegicus,12.083712,11.646015,5
Q6U7I6,10116,R. norvegicus,9.824181,12.681175,14
A0A2P1NRY1,10116,R. norvegicus,13.250121,4.657682,5
Q642B0,10116,R. norvegicus,12.329159,4.672951,1
Q9ESV6,10116,R. norvegicus,7.7435493,11.712901,9
Q6VV72,10116,R. norvegicus,10.138969,13.551836,11
A0A8I6A9M7,10116,R. norvegicus,10.562267,12.320174,6
Q63279,10116,R. norvegicus,6.828413,21.612738,6
F7FH41,10116,R. norvegicus,12.702776,11.969112,5
Q80WD0,10116,R. norvegicus,13.51427,5.6822987,5
D3ZCL3,10116,R. norvegicus,13.631861,10.596028,12
Q9ESV7,10116,R. norvegicus,15.044972,9.397526,10
Q8R5L7,10116,R. norvegicus,12.200462,5.8555026,1
D4A9A6,10116,R. norvegicus,13.221248,9.797807,6
Q63716,10116,R. norvegicus,7.3836913,13.900301,13
A0A8I5ZVY4,10116,R. norvegicus,12.266097,4.4518113,5
F7EMB2,10116,R. norvegicus,8.501963,8.598492,15
A0A8I6GH61,10116,R. norvegicus,13.058495,4.6889772,5
D9I2G4,10116,R. norvegicus,13.441662,10.666032,12
Q8R4T5,10116,R. norvegicus,14.540952,8.675586,5
F7EX49,10116,R. norvegicus,9.631445,11.823176,9
A0A0G2K7N9,10116,R. norvegicus,7.6627545,11.918431,9
P54757,10116,R. norvegicus,13.472632,5.0255566,1
A0A8I6AH26,10116,R. norvegicus,9.399367,12.417178,9
Q923Z7,10116,R. norvegicus,10.119545,8.527752,15
A0A8I6AMY6,10116,R. norvegicus,9.385665,11.557026,1
A0A096MKA9,10116,R. norvegicus,13.295731,5.7199607,1
O09015,10116,R. norvegicus,14.410299,9.775418,10
Q4V8I9,10116,R. norvegicus,7.377938,11.934287,9
A0A8I6ARN7,10116,R. norvegicus,11.486333,14.220794,13
Q99MC2,10116,R. norvegicus,12.240415,15.880413,16
P35286,10116,R. norvegicus,6.992106,19.15807,11
Q66H70,10116,R. norvegicus,11.851914,6.777425,15
P07340,10116,R. norvegicus,10.65164,4.7832456,1
F1MAA3,10116,R. norvegicus,10.241752,11.311577,17
Q3B8Q2,10116,R. norvegicus,11.4881,14.219509,13
P29101,10116,R. norvegicus,11.916206,12.358642,14
P26644,10116,R. norvegicus,13.531262,4.827799,1
P85971,10116,R. norvegicus,7.1642604,13.019773,3
P98105,10116,R. norvegicus,13.563585,4.7803197,5
G3V8L7,10116,R. norvegicus,12.250756,4.459067,5
P35281,10116,R. norvegicus,6.997755,19.151068,13
A0A8I5ZU65,10116,R. norvegicus,7.8296895,11.447199,9
Q07014,10116,R. norvegicus,12.0602045,12.760602,11
P49911,10116,R. norvegicus,10.798984,12.541235,11
Q8K1P7,10116,R. norvegicus,10.599159,5.640223,9
A0A8I5ZVW8,10116,R. norvegicus,12.54037,11.945928,14
P35353,10116,R. norvegicus,9.611334,4.8519063,19
A0A0G2K6Z8,10116,R. norvegicus,12.033752,4.949903,1
D4A5I9,10116,R. norvegicus,8.719499,-0.70365906,19
O35552,10116,R. norvegicus,10.056663,12.335466,14
Q6AYU5,10116,R. norvegicus,10.311071,13.663143,11
A0A8I6A5P9,10116,R. norvegicus,12.226484,4.9002504,1
P10068,10116,R. norvegicus,10.400376,12.60784,11
A0A8I6A6L0,10116,R. norvegicus,13.073406,4.651025,5
Q63618,10116,R. norvegicus,13.636885,9.838622,5
Q8K3G1,10116,R. norvegicus,13.942889,5.3105717,1
A0A8I6ADP1,10116,R. norvegicus,10.308124,11.40139,6
P51653,10116,R. norvegicus,12.806724,4.733207,5
P50232,10116,R. norvegicus,11.765569,12.097424,14
A0A0G2JWX9,10116,R. norvegicus,12.038992,4.491755,1
A0A8I6A5S1,10116,R. norvegicus,14.9242115,9.429935,10
B2RZ30,10116,R. norvegicus,8.064338,12.393082,14
Q9ES67,10116,R. norvegicus,8.740183,-0.75305045,19
D3ZVC2,10116,R. norvegicus,9.201424,5.6604137,17
A0A8J8XR86,10116,R. norvegicus,13.206396,9.666985,18
Q9QYW4,10116,R. norvegicus,12.67415,5.026522,2
A0A8I6ACC3,10116,R. norvegicus,12.262511,4.464966,1
A0A8I6ASQ1,10116,R. norvegicus,12.478047,11.31317,5
P62944,10116,R. norvegicus,9.955065,12.9113865,9
Q62949,10116,R. norvegicus,14.033228,6.9201646,2
F7F0X7,10116,R. norvegicus,9.135748,11.806054,9
A2RRU1,10116,R. norvegicus,9.255922,11.229434,17
A0A8I5ZTZ9,10116,R. norvegicus,12.999918,5.051021,1
F1LNP8,10116,R. norvegicus,13.654503,4.912254,5
F1LYX9,10116,R. norvegicus,14.05677,4.629827,5
P63086,10116,R. norvegicus,12.885661,13.199126,11
Q62745,10116,R. norvegicus,8.623015,5.2883673,0
D4A9Z8,10116,R. norvegicus,11.346787,11.30823,11
O35952,10116,R. norvegicus,7.996784,12.70133,13
A0A0G2K7W4,10116,R. norvegicus,14.091567,10.507005,5
A0A8I5ZZH4,10116,R. norvegicus,9.947138,12.897438,11
P63155,10116,R. norvegicus,10.26272,12.682736,13
A0A0G2QC33,10116,R. norvegicus,9.389523,12.085567,9
Q62936,10116,R. norvegicus,12.336969,11.61137,11
A0A0G2K1D2,10116,R. norvegicus,10.057273,11.994985,9
P80385,10116,R. norvegicus,9.8323555,12.646133,14
P17077,10116,R. norvegicus,7.575507,11.198764,17
P62898,10116,R. norvegicus,6.6090493,11.047356,13
P19814,10116,R. norvegicus,12.893991,8.249806,18
O08593,10116,R. norvegicus,10.128893,12.091709,14
B2RYN6,10116,R. norvegicus,9.874269,12.816052,9
O70428,10116,R. norvegicus,9.718726,8.832443,15
G3V7R7,10116,R. norvegicus,8.315033,4.9730077,1
Q9JKE7,10116,R. norvegicus,9.082665,-0.9025902,19
Q62910,10116,R. norvegicus,6.6295447,11.834868,9
Q4V8P1,10116,R. norvegicus,14.913759,9.477398,10
P49744,10116,R. norvegicus,12.382732,5.445085,1
Q9JIR1,10116,R. norvegicus,13.502848,10.128046,5
P19112,10116,R. norvegicus,7.5954847,11.9928255,9
O88801,10116,R. norvegicus,11.648957,10.581475,6
Q4KM24,10116,R. norvegicus,8.460697,6.240492,17
Q68FT8,10116,R. norvegicus,12.787609,4.906995,5
A0A8I6A9E4,10116,R. norvegicus,9.3541355,5.6505632,5
P17708,10116,R. norvegicus,8.862248,8.396203,15
Q5U2Z3,10116,R. norvegicus,10.786413,12.482576,6
D4ADJ7,10116,R. norvegicus,9.3363695,8.279511,15
A0A8I6GB63,10116,R. norvegicus,10.603175,11.492163,14
B0BNF0,10116,R. norvegicus,6.889493,5.537906,0
Q66H32,10116,R. norvegicus,10.382724,12.383037,11
Q6T5D9,10116,R. norvegicus,11.182767,4.392306,1
Q6UPR8,10116,R. norvegicus,9.370287,5.9020424,17
Q9QX82,10116,R. norvegicus,13.749572,5.545565,5
Q498D1,10116,R. norvegicus,14.319161,9.628523,10
F1LTH9,10116,R. norvegicus,5.31658,10.596752,8
A0A8I5Y5H4,10116,R. norvegicus,13.639982,9.882874,2
P14141,10116,R. norvegicus,8.549455,12.738788,13
A0A8I5Y4S4,10116,R. norvegicus,13.681587,9.623147,10
P24338,10116,R. norvegicus,13.274333,7.2161584,18
Q62962,10116,R. norvegicus,10.336056,4.699215,1
A0A8I6G4X0,10116,R. norvegicus,14.291617,9.254988,2
P70535,10116,R. norvegicus,12.203881,4.880481,1
P51974,10116,R. norvegicus,14.8840685,9.88901,10
A0A0G2JVK8,10116,R. norvegicus,11.247542,11.269638,6
Q07523,10116,R. norvegicus,6.3842235,12.667848,9
P12711,10116,R. norvegicus,6.8415036,13.390354,13
Q9WUQ1,10116,R. norvegicus,12.562531,4.673651,1
D3ZIN8,10116,R. norvegicus,13.935221,5.4259663,5
D4A2C6,10116,R. norvegicus,10.445292,13.686665,11
Q6P6W3,10116,R. norvegicus,8.557183,12.323223,9
M9VYP0,10116,R. norvegicus,9.623181,8.154263,16
P25235,10116,R. norvegicus,11.330115,5.465918,17
A0A0G2K484,10116,R. norvegicus,11.661798,11.54022,17
P41777,10116,R. norvegicus,13.287798,8.435728,12
P15589,10116,R. norvegicus,11.216093,4.9124804,3
Q8CHK8,10116,R. norvegicus,11.061442,12.114671,9
O35763,10116,R. norvegicus,11.65656,10.724452,6
P28565,10116,R. norvegicus,8.652272,-0.61039317,19
Q9JHY2,10116,R. norvegicus,9.189461,8.991445,17
A0A8I6AQ67,10116,R. norvegicus,12.403967,8.367708,18
Q63514,10116,R. norvegicus,13.642937,4.7306623,5
P70500,10116,R. norvegicus,8.1220875,5.794388,0
O08839,10116,R. norvegicus,12.138766,11.738746,5
D4A055,10116,R. norvegicus,10.499347,13.6960335,11
Q64666,10116,R. norvegicus,5.0045524,11.636378,14
Q4FZY1,10116,R. norvegicus,13.201999,4.885735,5
P21451,10116,R. norvegicus,8.754164,-0.7482103,19
D3ZMT9,10116,R. norvegicus,9.840586,8.727519,15
Q5TKR9,10116,R. norvegicus,10.277333,8.420386,15
P38406,10116,R. norvegicus,9.215489,13.095391,9
A0A8I6A9Y4,10116,R. norvegicus,8.985289,5.132502,14
Q9QXQ7,10116,R. norvegicus,12.319891,2.8389125,1
A0A0G2K0U1,10116,R. norvegicus,8.203188,5.151645,0
A0A0G2K1Q9,10116,R. norvegicus,13.210192,9.835207,6
F1LNL3,10116,R. norvegicus,7.6490836,12.295169,9
A0A8I6B0D0,10116,R. norvegicus,12.399249,11.314565,5
D3ZE16,10116,R. norvegicus,10.951537,5.4296556,17
Q62956,10116,R. norvegicus,12.442298,12.88543,11
D4A7V9,10116,R. norvegicus,10.012797,13.480503,11
D4ACD0,10116,R. norvegicus,15.159052,9.64913,10
A0A8I6ANJ2,10116,R. norvegicus,9.712335,12.987623,9
A0A8J8YK50,10116,R. norvegicus,13.465972,8.866911,18
Q765A7,10116,R. norvegicus,9.468323,5.9434614,17
B5MEV3,10116,R. norvegicus,9.223967,5.500815,5
Q91XS8,10116,R. norvegicus,12.633254,12.237664,14
Q3MIB4,10116,R. norvegicus,8.560671,12.052106,9
A0A8I5ZLK4,10116,R. norvegicus,14.713597,10.141584,10
F7EL25,10116,R. norvegicus,10.974347,8.453043,15
P14408,10116,R. norvegicus,6.5207515,12.20426,9
P28573,10116,R. norvegicus,8.172266,5.2785726,0
Q63449,10116,R. norvegicus,14.429738,8.971276,2
A0A8I6APV0,10116,R. norvegicus,13.297644,8.97944,18
A0A8I6GM10,10116,R. norvegicus,10.324246,10.779992,14
P25886,10116,R. norvegicus,8.417898,9.320139,18
Q5BJP3,10116,R. norvegicus,10.230592,10.952572,17
P35739,10116,R. norvegicus,13.47573,4.9651155,5
Q8VHZ4,10116,R. norvegicus,10.788109,11.902257,14
Q7TQ11,10116,R. norvegicus,12.598157,5.0774574,1
Q9R064,10116,R. norvegicus,13.500662,9.64619,10
Q924B5,10116,R. norvegicus,12.658894,5.248641,1
A0A0G2K161,10116,R. norvegicus,13.286218,9.743433,2
Q08464,10116,R. norvegicus,9.614024,4.9345307,5
Q62904,10116,R. norvegicus,7.6030135,12.923913,9
D3ZBG7,10116,R. norvegicus,11.498115,11.02493,14
Q5BJU2,10116,R. norvegicus,10.177468,11.453941,6
Q9QZC5,10116,R. norvegicus,12.143592,11.664828,5
A0A0G2K897,10116,R. norvegicus,14.324369,8.56425,2
P63174,10116,R. norvegicus,8.27886,9.348788,6
P04639,10116,R. norvegicus,9.902455,9.33274,6
P06768,10116,R. norvegicus,8.000515,15.983225,9
P28023,10116,R. norvegicus,9.172034,11.238092,17
A0A8I6G9R9,10116,R. norvegicus,14.306508,10.191875,5
P14942,10116,R. norvegicus,6.362241,14.056911,9
O88767,10116,R. norvegicus,7.5376096,13.405001,13
P70579,10116,R. norvegicus,9.792329,4.81786,11
O35331,10116,R. norvegicus,7.4003334,13.47189,11
A0A0G2JSW0,10116,R. norvegicus,0.5888397,11.348739,6
Q9WUW5,10116,R. norvegicus,11.923097,4.4539394,5
Q8K4F1,10116,R. norvegicus,14.081048,5.2749224,5
P70499,10116,R. norvegicus,14.302445,12.380021,15
O70127,10116,R. norvegicus,14.17115,8.621149,2
Q5RKH2,10116,R. norvegicus,7.0996203,13.075454,3
B5DF82,10116,R. norvegicus,12.223079,9.419092,18
A0A8I6G3S6,10116,R. norvegicus,13.045973,9.086715,18
A0A8I5ZP60,10116,R. norvegicus,11.146255,8.8657055,18
A0A8A1UAJ7,10116,R. norvegicus,6.3866982,11.188001,17
A0A0G2JUI5,10116,R. norvegicus,9.918516,10.046505,17
Q9JHX4,10116,R. norvegicus,10.742119,12.471705,14
A0A8I6AJS7,10116,R. norvegicus,8.599632,6.9788113,6
P35426,10116,R. norvegicus,12.915697,13.148303,11
Q5XIX0,10116,R. norvegicus,14.217662,8.554983,2
D3ZUN1,10116,R. norvegicus,7.795378,4.7721167,0
Q641Z2,10116,R. norvegicus,10.120458,12.183753,9
Q6AY53,10116,R. norvegicus,6.7451043,11.557183,17
P62912,10116,R. norvegicus,10.247643,13.410854,11
G3V9V2,10116,R. norvegicus,14.357247,9.540089,10
P29826,10116,R. norvegicus,13.2712345,4.667437,5
Q08415,10116,R. norvegicus,6.668843,13.159252,11
A0A0G2JX43,10116,R. norvegicus,11.515104,7.726662,5
P50116,10116,R. norvegicus,0.6160331,11.322046,14
A0A8I5ZND1,10116,R. norvegicus,12.283699,15.847741,16
P13264,10116,R. norvegicus,10.059184,13.365022,11
P11505,10116,R. norvegicus,8.935472,4.8304415,17
Q925B4,10116,R. norvegicus,12.253318,11.6084385,5
Q9JHM2,10116,R. norvegicus,13.239443,4.6714635,5
Q62976,10116,R. norvegicus,8.888764,-0.9954523,19
Q8VID1,10116,R. norvegicus,7.0807376,13.169109,13
O35568,10116,R. norvegicus,13.076153,4.697758,1
P04903,10116,R. norvegicus,6.37113,14.091932,9
P61131,10116,R. norvegicus,11.122759,4.547224,17
O54728,10116,R. norvegicus,10.4279995,11.544393,17
P85125,10116,R. norvegicus,12.477295,9.265501,18
Q99PD6,10116,R. norvegicus,13.691083,9.880485,5
A0A8I6GL04,10116,R. norvegicus,11.452591,11.751178,14
P04797,10116,R. norvegicus,6.9104986,12.49275,9
Q9WVH8,10116,R. norvegicus,12.994401,4.5757766,1
P63088,10116,R. norvegicus,10.569267,21.29502,13
P85845,10116,R. norvegicus,11.982405,6.4699383,14
A0A8I5ZTP8,10116,R. norvegicus,11.580755,11.93951,5
Q01460,10116,R. norvegicus,11.034467,4.942725,1
Q08302,10116,R. norvegicus,12.320573,15.925269,16
A0A8I5Y697,10116,R. norvegicus,9.940503,12.765026,9
P05178,10116,R. norvegicus,9.284625,15.169931,11
P0CAX5,10116,R. norvegicus,11.076788,12.353113,14
D3ZC63,10116,R. norvegicus,12.086995,11.489008,5
D4AB66,10116,R. norvegicus,12.230749,11.696365,14
A0A8I5ZVG2,10116,R. norvegicus,12.099812,11.576264,14
A0A8I6A3A4,10116,R. norvegicus,11.450166,11.943165,14
Q6AYM8,10116,R. norvegicus,8.964569,5.5799007,1
P36202,10116,R. norvegicus,13.620216,9.911611,2
Q9Z158,10116,R. norvegicus,11.238276,10.98879,6
Q63155,10116,R. norvegicus,10.86699,12.472771,6
P53790,10116,R. norvegicus,7.630504,5.097506,0
P52296,10116,R. norvegicus,10.038086,13.342185,11
Q5XIJ5,10116,R. norvegicus,9.997537,13.268466,11
P02454,10116,R. norvegicus,11.2023735,9.869582,18
Q5BJV8,10116,R. norvegicus,13.30939,9.918447,2
A0A8I6AL64,10116,R. norvegicus,10.9152975,12.064404,14
P12843,10116,R. norvegicus,12.7569,4.807811,5
A0A8I6G5U9,10116,R. norvegicus,14.818216,9.689147,10
Q9WUV6,10116,R. norvegicus,9.135825,8.350798,15
P04256,10116,R. norvegicus,13.343015,10.87017,12
P39949,10116,R. norvegicus,11.391152,12.601777,14
Q9QZA2,10116,R. norvegicus,10.993121,11.86572,6
D3ZXZ1,10116,R. norvegicus,4.301612,11.321189,3
D3ZBE2,10116,R. norvegicus,6.2714844,13.08185,11
A0A8I6AN69,10116,R. norvegicus,12.328442,2.7962317,1
F1LP42,10116,R. norvegicus,12.265817,4.6174474,5
A0A8I6GM01,10116,R. norvegicus,10.019114,10.754837,17
A0A4Z3,10116,R. norvegicus,11.409532,4.404209,1
A0A8I6GIQ7,10116,R. norvegicus,12.268522,11.424268,2
P55053,10116,R. norvegicus,7.9935384,15.997287,13
A0A8I6A9A2,10116,R. norvegicus,14.899957,9.326668,10
Q32Q01,10116,R. norvegicus,10.790405,10.000875,17
Q9Z1I0,10116,R. norvegicus,9.859006,11.987965,17
A0A8I5ZZ77,10116,R. norvegicus,11.121193,8.7646055,18
F1LZZ3,10116,R. norvegicus,11.438769,11.586713,17
Q9QZ86,10116,R. norvegicus,10.049178,10.644873,6
P48032,10116,R. norvegicus,12.564709,4.811049,1
P35289,10116,R. norvegicus,7.0026517,19.148624,13
E9PU36,10116,R. norvegicus,11.465883,6.7070093,4
Q9Z1P3,10116,R. norvegicus,10.337059,8.652473,18
A0A8I6B4D6,10116,R. norvegicus,6.689986,12.360276,13
A0A0G2JZG6,10116,R. norvegicus,12.873367,8.937021,18
O35209,10116,R. norvegicus,8.906654,5.318329,0
Q62859,10116,R. norvegicus,14.028382,5.346572,5
A0A8I5Y792,10116,R. norvegicus,10.134402,11.975196,14
B2RYM9,10116,R. norvegicus,8.229129,4.664515,19
D4A5W8,10116,R. norvegicus,11.7432995,11.595557,1
E9PSL8,10116,R. norvegicus,11.92475,11.246383,14
A0A8I6AL97,10116,R. norvegicus,11.700681,9.580655,18
B2RZ31,10116,R. norvegicus,8.020876,12.471872,9
G3V6G4,10116,R. norvegicus,0.5998442,11.341312,9
A0A8I6AB92,10116,R. norvegicus,8.831366,8.500937,15
Q63564,10116,R. norvegicus,8.241265,5.02309,0
F1M4I4,10116,R. norvegicus,11.978912,11.697177,5
A0A1W2Q602,10116,R. norvegicus,9.476869,8.910465,15
Q4QQT3,10116,R. norvegicus,13.932917,10.808595,11
P14604,10116,R. norvegicus,7.3420863,13.400997,11
Q6DGF8,10116,R. norvegicus,8.98132,7.366687,15
P10158,10116,R. norvegicus,14.462757,9.5081215,2
A0A0G2K9Q5,10116,R. norvegicus,12.209079,11.416062,5
Q8VHW9,10116,R. norvegicus,9.347213,5.529063,5
P23640,10116,R. norvegicus,7.0405083,19.100378,14
Q6AYK3,10116,R. norvegicus,9.555551,9.986439,17
A0A8L2QLW7,10116,R. norvegicus,8.493688,13.308596,13
F1MAJ0,10116,R. norvegicus,13.428925,5.003598,14
D3ZHA0,10116,R. norvegicus,7.212382,12.838419,13
Q5U308,10116,R. norvegicus,10.543709,10.357704,17
P15387,10116,R. norvegicus,9.318834,5.4707317,14
Q8VH46,10116,R. norvegicus,13.323886,9.808938,2
P15684,10116,R. norvegicus,10.811783,5.131594,9
Q9Z0L5,10116,R. norvegicus,13.869148,5.5600495,2
Q63415,10116,R. norvegicus,12.580531,4.606485,5
P16975,10116,R. norvegicus,12.396915,4.6318755,1
A0A1B0GWM1,10116,R. norvegicus,9.806858,9.987545,7
Q5U2Q5,10116,R. norvegicus,6.779014,11.396678,17
Q9QXY2,10116,R. norvegicus,8.343793,11.976242,13
P42533,10116,R. norvegicus,13.732748,5.390788,1
Q8R4Z9,10116,R. norvegicus,10.39562,11.186422,17
P56741,10116,R. norvegicus,7.5485625,12.57246,13
D3ZH22,10116,R. norvegicus,8.371366,5.4158626,0
A0A8I5ZYH2,10116,R. norvegicus,9.31637,11.242641,14
B0B1T9,10116,R. norvegicus,14.001031,9.043923,2
A0A8I6AT89,10116,R. norvegicus,8.329976,15.210954,9
D3ZDY4,10116,R. norvegicus,12.616278,5.4391966,1
F7EXV6,10116,R. norvegicus,9.999142,13.3651705,11
Q80WK7,10116,R. norvegicus,7.9722805,5.034966,0
P49001,10116,R. norvegicus,12.641806,4.819839,1
P02634,10116,R. norvegicus,0.6254799,11.30983,13
D3ZZS8,10116,R. norvegicus,6.9370255,11.166032,17
P85411,10116,R. norvegicus,13.3265295,7.1788645,4
P20786,10116,R. norvegicus,13.310681,5.162567,1
Q63180,10116,R. norvegicus,12.236078,4.911913,1
B1WC20,10116,R. norvegicus,10.886364,8.394031,15
P54282,10116,R. norvegicus,14.425414,8.807408,2
Q5DT37,10116,R. norvegicus,13.919268,5.383888,1
Q80WD1,10116,R. norvegicus,13.571771,5.787586,5
P54848,10116,R. norvegicus,8.9428625,5.431933,19
Q7TSB7,10116,R. norvegicus,14.037929,6.912322,2
P17078,10116,R. norvegicus,8.01508,10.051498,6
D3ZRF9,10116,R. norvegicus,9.22967,5.2461405,5
B2GV46,10116,R. norvegicus,8.921739,-0.92782557,19
Q62818,10116,R. norvegicus,9.347311,12.339232,9
F7EKZ5,10116,R. norvegicus,13.18859,9.239959,2
Q63187,10116,R. norvegicus,13.299895,9.530758,2
A0A0G2K715,10116,R. norvegicus,5.541139,11.198562,8
Q9EPX4,10116,R. norvegicus,8.837641,-0.83422446,19
Q5FVL0,10116,R. norvegicus,6.845001,11.203923,17
Q924Z9,10116,R. norvegicus,12.355778,4.7139583,1
A0A8I6ACM8,10116,R. norvegicus,13.045536,9.6816635,18
D3ZSY3,10116,R. norvegicus,14.771346,9.346763,10
Q9ER31,10116,R. norvegicus,11.554076,4.536694,1
P97525,10116,R. norvegicus,13.974893,5.656091,2
P04905,10116,R. norvegicus,6.3755207,14.10139,13
F1LZX9,10116,R. norvegicus,12.180084,4.4286265,1
A0A8I6A574,10116,R. norvegicus,13.78238,9.176359,2
B2GV24,10116,R. norvegicus,10.892616,12.212616,6
P36970,10116,R. norvegicus,7.8071556,12.928835,13
P37397,10116,R. norvegicus,12.593398,10.415187,6
Q5XIE8,10116,R. norvegicus,10.195977,7.9275227,15
P12526,10116,R. norvegicus,9.051891,-0.89075136,19
F7EWF8,10116,R. norvegicus,11.286659,11.818705,17
A0A8I6A7D6,10116,R. norvegicus,14.175163,8.455837,2
Q3B8P0,10116,R. norvegicus,8.460552,5.9734244,0
A0A8I6A6E7,10116,R. norvegicus,10.148603,10.626444,17
Q62771,10116,R. norvegicus,10.88488,12.060147,9
G3V9W2,10116,R. norvegicus,10.470481,11.362307,17
P62716,10116,R. norvegicus,10.569045,21.294086,13
A0A0G2K6K0,10116,R. norvegicus,15.07401,9.420237,10
A0A8I6A282,10116,R. norvegicus,13.57112,4.7987413,5
Q9WTW1,10116,R. norvegicus,13.556536,10.040672,5
P38438,10116,R. norvegicus,13.762639,4.9938364,14
P28826,10116,R. norvegicus,12.067897,4.898391,1
P45352,10116,R. norvegicus,8.5911665,8.409161,15
A0A8I5Y915,10116,R. norvegicus,6.7506347,11.446222,17
Q63380,10116,R. norvegicus,8.050034,5.27063,0
A0A8I6GFZ0,10116,R. norvegicus,11.864667,9.953105,6
A0A8I6A0Z2,10116,R. norvegicus,11.146477,7.8747716,14
Q9EQC9,10116,R. norvegicus,15.071771,10.420566,10
P50430,10116,R. norvegicus,11.169579,4.7562947,11
Q8VBW4,10116,R. norvegicus,15.152984,10.7364,18
G3V7B8,10116,R. norvegicus,11.228406,7.563937,14
O88484,10116,R. norvegicus,9.404945,11.232665,14
B5DF45,10116,R. norvegicus,11.270605,11.803029,14
A0A0G2KA82,10116,R. norvegicus,9.382592,5.5646973,5
P49242,10116,R. norvegicus,8.642934,8.943504,15
Q6UY90,10116,R. norvegicus,8.296059,4.790674,0
Q9WTY0,10116,R. norvegicus,7.644506,5.358652,0
A0A8I6AAS6,10116,R. norvegicus,12.345551,8.375722,18
Q64725,10116,R. norvegicus,11.407277,12.229254,14
O89038,10116,R. norvegicus,14.775422,9.439176,10
A0A8I6GHB3,10116,R. norvegicus,9.988682,8.348132,15
D4AB17,10116,R. norvegicus,12.193972,4.6741667,1
A0A8I6G366,10116,R. norvegicus,13.263703,9.699059,2
Q6JHY3,10116,R. norvegicus,13.356277,8.165909,12
P51514,10116,R. norvegicus,14.958896,9.579352,10
O08700,10116,R. norvegicus,9.437195,12.740892,9
A0A8I6GHM0,10116,R. norvegicus,14.823786,9.44857,10
A0A096MJE4,10116,R. norvegicus,14.051875,5.3664694,5
Q2TBJ5,10116,R. norvegicus,13.366476,9.66584,2
A0A8I6ADY9,10116,R. norvegicus,9.6698065,10.139994,17
D4A8G3,10116,R. norvegicus,14.231114,8.595901,2
P70486,10116,R. norvegicus,13.202428,8.910177,18
P49743,10116,R. norvegicus,11.86796,11.4807,6
A0A8I5Y9G0,10116,R. norvegicus,12.943989,10.402208,12
Q925A9,10116,R. norvegicus,8.665351,8.410203,15
A0A8I5ZMJ2,10116,R. norvegicus,12.258743,4.5540376,1
A0A8I6G4Y3,10116,R. norvegicus,12.979784,11.108987,13
Q8R5L5,10116,R. norvegicus,12.282675,5.729965,5
D4A3H5,10116,R. norvegicus,8.720203,5.327668,0
Q9JKT5,10116,R. norvegicus,9.074908,-0.9004124,19
M0R629,10116,R. norvegicus,6.6891403,11.183965,17
P07483,10116,R. norvegicus,7.992184,15.994139,13
Q04753,10116,R. norvegicus,11.00228,10.6261425,6
A1L1L6,10116,R. norvegicus,10.161957,13.166062,11
Q63054,10116,R. norvegicus,12.208147,11.646803,5
A0A0G2K478,10116,R. norvegicus,10.173448,11.761793,1
Q5BK84,10116,R. norvegicus,12.186314,4.887368,1
A0A0G2JXC5,10116,R. norvegicus,14.229709,9.063574,2
Q8VI81,10116,R. norvegicus,12.279366,5.743554,1
P51538,10116,R. norvegicus,9.264229,15.149021,11
A0A0G2K916,10116,R. norvegicus,10.875327,5.0570297,9
A0A8I6B3E0,10116,R. norvegicus,14.863849,10.785342,10
D4A1H0,10116,R. norvegicus,8.917325,6.0789905,17
P54290,10116,R. norvegicus,12.025075,4.448823,1
Q9WV62,10116,R. norvegicus,11.6960535,10.571036,6
D4A2G9,10116,R. norvegicus,10.387528,12.414768,14
P51673,10116,R. norvegicus,7.9908247,16.008816,13
P30348,10116,R. norvegicus,12.818291,5.5262365,5
P38483,10116,R. norvegicus,10.030024,11.615876,17
Q99J82,10116,R. norvegicus,11.768679,12.25476,14
Q64305,10116,R. norvegicus,14.651888,8.857895,2
A0A0G2JYR5,10116,R. norvegicus,11.560596,12.078703,5
F7FLN8,10116,R. norvegicus,11.362907,11.784067,14
Q9EQJ4,10116,R. norvegicus,14.359939,9.559015,10
Q8CJ11,10116,R. norvegicus,13.539432,5.2861547,5
M0RAY4,10116,R. norvegicus,12.736941,5.038491,2
A0A8I6APF7,10116,R. norvegicus,10.455645,12.622569,14
Q9JI30,10116,R. norvegicus,12.248722,4.461498,5
Q63377,10116,R. norvegicus,10.595918,4.853438,1
D4ABN8,10116,R. norvegicus,8.036996,5.6173763,17
A0A0G2K7R3,10116,R. norvegicus,13.471701,5.072086,1
Q63767,10116,R. norvegicus,14.035619,9.201286,2
Q5BKA2,10116,R. norvegicus,9.281452,15.177959,11
Q923K9,10116,R. norvegicus,13.468476,10.935144,14
P62893,10116,R. norvegicus,8.435215,9.058868,15
P10959,10116,R. norvegicus,10.960012,5.0029726,13
Q9ES02,10116,R. norvegicus,12.85525,8.232415,18
P97887,10116,R. norvegicus,9.205697,6.041534,4
A0A8I6AGS0,10116,R. norvegicus,9.190099,12.849338,9
Q8VHT6,10116,R. norvegicus,9.342316,10.419374,17
F7FDI3,10116,R. norvegicus,13.956475,5.5678015,2
A0A8I5ZTT7,10116,R. norvegicus,0.7361358,11.443262,11
D3Z9V1,10116,R. norvegicus,12.092003,11.643562,5
A0A0G2K350,10116,R. norvegicus,10.382046,12.867759,9
P43424,10116,R. norvegicus,6.504543,11.559267,9
O89042,10116,R. norvegicus,10.802794,8.246237,17
P33535,10116,R. norvegicus,8.72383,-0.7144585,19
P56720,10116,R. norvegicus,14.0469,9.246942,2
P11654,10116,R. norvegicus,8.449762,12.263763,9
D3Z8B1,10116,R. norvegicus,14.551889,8.763284,2
A0A8I6ASW3,10116,R. norvegicus,10.83636,8.884427,14
P09760,10116,R. norvegicus,11.114409,12.167161,14
Q9ESQ9,10116,R. norvegicus,13.633328,7.018221,18
Q68FP2,10116,R. norvegicus,10.924039,5.279737,9
Q63745,10116,R. norvegicus,10.381414,12.095913,14
D4A740,10116,R. norvegicus,13.781086,5.5493546,2
Q811A2,10116,R. norvegicus,12.321376,10.475717,2
A0A8I6GHN7,10116,R. norvegicus,9.281906,15.162262,11
O88788,10116,R. norvegicus,8.41157,5.6455817,11
A0A8I6A9G5,10116,R. norvegicus,10.382788,12.097909,14
B2B9A9,10116,R. norvegicus,13.507226,5.078791,5
B1WC28,10116,R. norvegicus,10.664485,11.130383,6
P58366,10116,R. norvegicus,8.196103,5.3354764,17
A0A8I5ZQX4,10116,R. norvegicus,14.801973,9.932385,10
F1M9D6,10116,R. norvegicus,10.815948,12.154775,17
A0A8I5ZNV6,10116,R. norvegicus,8.01186,12.221278,9
Q641Y0,10116,R. norvegicus,9.628884,12.704822,9
Q6AYD3,10116,R. norvegicus,8.663643,11.866144,9
Q7TPK6,10116,R. norvegicus,10.6602745,4.7583475,1
Q4L208,10116,R. norvegicus,8.239743,5.256054,0
A0A8I5ZVQ5,10116,R. norvegicus,11.80266,8.51153,18
Q8CIR5,10116,R. norvegicus,11.990045,10.65128,6
P09118,10116,R. norvegicus,6.96657,11.549834,17
P02793,10116,R. norvegicus,6.329307,11.742978,9
P35738,10116,R. norvegicus,7.09286,13.105564,13
Q8VHZ8,10116,R. norvegicus,10.165148,9.859422,17
F1LP13,10116,R. norvegicus,9.995937,10.2161,17
A0A8I6A351,10116,R. norvegicus,9.549784,11.963357,14
O08562,10116,R. norvegicus,10.345365,13.078281,11
Q2EJA0,10116,R. norvegicus,14.354026,9.498482,10
O35802,10116,R. norvegicus,12.223564,4.5867066,1
P0C279,10116,R. norvegicus,13.798264,9.579531,2
Q9JM80,10116,R. norvegicus,13.934582,8.947741,2
A0A8I5XVD8,10116,R. norvegicus,13.934909,5.564779,5
D3ZLL7,10116,R. norvegicus,7.013361,12.533844,9
A8QWW8,10116,R. norvegicus,15.090269,9.694363,2
Q8IJ11,36329,P. falciparum,7.23787,8.056653,7
Q8I0X4,36329,P. falciparum,6.8348417,8.404867,7
C6KSK8,36329,P. falciparum,6.4443183,5.320452,0
Q8I2E5,36329,P. falciparum,18.697128,6.0985856,4
Q8IJK2,36329,P. falciparum,10.077859,11.056049,17
Q8I440,36329,P. falciparum,7.0371823,8.467584,7
Q8IK38,36329,P. falciparum,18.650068,6.05594,4
Q8I629,36329,P. falciparum,7.3307433,9.174726,7
O96221,36329,P. falciparum,5.731844,10.678975,8
Q8IJI0,36329,P. falciparum,12.970508,9.892537,12
Q8IJT5,36329,P. falciparum,9.906602,10.114723,17
Q8IL09,36329,P. falciparum,7.3877296,10.699665,9
Q8I490,36329,P. falciparum,7.4878774,7.9323964,4
Q8IED5,36329,P. falciparum,7.2218475,8.483473,7
Q8I5I8,36329,P. falciparum,12.442717,8.902428,18
Q8IDQ9,36329,P. falciparum,7.115523,11.76374,9
Q8IDR8,36329,P. falciparum,7.3266034,11.392291,9
C6KTF4,36329,P. falciparum,18.67876,6.0689526,4
Q8IFM0,36329,P. falciparum,7.505182,7.9595466,4
Q8IB03,36329,P. falciparum,7.7800355,11.389605,9
Q9U0J0,36329,P. falciparum,6.9920964,8.320686,7
Q8I3Y3,36329,P. falciparum,7.4428844,8.084631,7
Q8I463,36329,P. falciparum,7.870125,10.287911,6
Q8ILC1,36329,P. falciparum,10.492651,13.000368,13
Q8I3R6,36329,P. falciparum,7.9435973,10.125894,6
Q8I476,36329,P. falciparum,6.989942,7.9420104,7
Q8IK41,36329,P. falciparum,18.658638,6.060667,4
Q8I3K7,36329,P. falciparum,12.732032,9.191969,18
Q8I643,36329,P. falciparum,6.6305475,12.367812,13
Q8IIK5,36329,P. falciparum,9.92412,9.797208,17
Q8IIZ4,36329,P. falciparum,12.393484,8.199005,10
Q7K740,36329,P. falciparum,13.272455,8.028618,12
O96155,36329,P. falciparum,7.1000414,8.382347,7
Q8IAS7,36329,P. falciparum,14.57111,10.570393,10
Q8I608,36329,P. falciparum,10.483031,10.51734,17
Q8IID2,36329,P. falciparum,7.254276,4.9496627,0
Q9NFB0,36329,P. falciparum,18.673323,6.0726852,4
Q8IDB6,36329,P. falciparum,7.078919,8.852568,7
Q8IM28,36329,P. falciparum,8.979347,10.025065,0
Q8I1N7,36329,P. falciparum,6.8545055,8.327096,7
Q8I2C6,36329,P. falciparum,13.665196,14.499136,4
C6KT99,36329,P. falciparum,7.3321385,10.817043,13
Q8IFL9,36329,P. falciparum,9.542378,12.564892,13
B9ZSH6,36329,P. falciparum,18.69167,6.095315,4
Q8ILT9,36329,P. falciparum,8.547901,11.120435,9
Q8ILT4,36329,P. falciparum,6.8143225,11.606711,9
Q8I6S4,36329,P. falciparum,7.8691163,10.316875,7
Q8I2B4,36329,P. falciparum,10.940137,5.0076194,9
Q8I6T4,36329,P. falciparum,8.115973,10.639781,17
O97232,36329,P. falciparum,7.4486623,9.533776,7
Q8IM46,36329,P. falciparum,7.1426764,8.049905,7
Q8IJJ4,36329,P. falciparum,7.1697264,8.95401,7
Q8I4W8,36329,P. falciparum,10.311863,10.123233,17
Q8I3W6,36329,P. falciparum,12.449534,12.947264,11
O77387,36329,P. falciparum,6.8412724,8.122216,7
O77309,36329,P. falciparum,13.48353,9.127615,18
Q8IBD0,36329,P. falciparum,8.336118,7.8610477,4
C0H5C2,36329,P. falciparum,8.399267,8.994296,15
Q8IL84,36329,P. falciparum,8.819737,11.483842,9
C0H516,36329,P. falciparum,6.995332,19.161428,13
Q8I3H4,36329,P. falciparum,7.301242,8.195381,7
Q8IDR4,36329,P. falciparum,7.418409,7.914714,7
Q8ID43,36329,P. falciparum,8.0193405,8.997684,15
Q8IJ72,36329,P. falciparum,10.910157,10.071384,7
C6KTB1,36329,P. falciparum,7.1840496,13.030844,13
Q8I3M5,36329,P. falciparum,9.993556,12.419326,9
Q8IE14,36329,P. falciparum,7.507413,6.075103,0
Q8IHR4,36329,P. falciparum,10.614833,10.729003,7
Q8IJ02,36329,P. falciparum,18.638409,6.0419183,4
Q8I2C7,36329,P. falciparum,18.59076,6.0235667,4
Q8I457,36329,P. falciparum,7.018802,8.613368,7
Q8IKM6,36329,P. falciparum,9.90462,9.887431,7
Q8I433,36329,P. falciparum,7.4938745,8.193036,7
B9ZSH7,36329,P. falciparum,7.2820683,8.034675,7
Q8I4Q0,36329,P. falciparum,18.697117,6.0763593,4
C0H5I7,36329,P. falciparum,7.487342,11.343274,9
O96163,36329,P. falciparum,7.5062437,8.072521,7
Q8IDP1,36329,P. falciparum,7.024936,8.3080225,7
Q8IFQ5,36329,P. falciparum,11.126286,4.578914,17
C6KTA4,36329,P. falciparum,6.5559163,12.69297,13
C6S3E1,36329,P. falciparum,10.470258,10.3427,13
O97285,36329,P. falciparum,11.45325,14.14585,13
Q8IKI3,36329,P. falciparum,14.099834,10.490184,10
O96252,36329,P. falciparum,7.5481153,10.959421,9
Q8IK35,36329,P. falciparum,18.625242,6.046496,4
Q8IIK4,36329,P. falciparum,7.5243835,11.933347,9
Q8IE08,36329,P. falciparum,11.112093,10.910349,7
Q8IK17,36329,P. falciparum,7.3908386,7.9389644,4
Q76NM2,36329,P. falciparum,12.909537,7.78927,18
Q8IJ07,36329,P. falciparum,13.67373,14.494623,4
Q8IDS3,36329,P. falciparum,6.9473534,8.42194,7
Q8IM81,36329,P. falciparum,13.667421,14.496181,4
Q8IDZ8,36329,P. falciparum,7.591068,10.092543,7
Q8IFP2,36329,P. falciparum,8.341608,8.783086,15
C6KTE4,36329,P. falciparum,7.1084633,8.844289,7
Q8I5Q6,36329,P. falciparum,7.6176343,10.580798,13
O96121,36329,P. falciparum,7.2769227,7.972894,7
O96109,36329,P. falciparum,18.671978,6.0894146,4
Q8IDJ8,36329,P. falciparum,8.108112,12.037031,9
Q8IE38,36329,P. falciparum,7.430992,10.585883,7
Q8I2F6,36329,P. falciparum,7.3576894,8.01695,7
O97323,36329,P. falciparum,8.487979,11.2048435,9
O96289,36329,P. falciparum,18.678576,6.081272,4
Q8I5B3,36329,P. falciparum,12.3769245,9.105326,12
C0H4Z2,36329,P. falciparum,8.339692,7.883525,4
Q8IKH2,36329,P. falciparum,12.450678,9.06395,7
C0H4R1,36329,P. falciparum,5.545251,11.009483,8
Q8I607,36329,P. falciparum,9.244583,13.076688,13
Q8I5R4,36329,P. falciparum,12.844488,4.1524324,1
Q8I4X1,36329,P. falciparum,6.9327307,8.616716,7
Q8IDY0,36329,P. falciparum,7.316145,7.87515,7
Q8I352,36329,P. falciparum,6.8376174,8.117668,7
Q9NFA0,36329,P. falciparum,8.497784,8.089918,15
Q8IJA9,36329,P. falciparum,6.9326434,11.780506,9
Q8I714,36329,P. falciparum,11.870612,12.504854,7
C0Z3M4,36329,P. falciparum,7.188216,8.161911,7
Q8IAW0,36329,P. falciparum,10.059555,13.101501,11
Q8IIU3,36329,P. falciparum,7.52619,10.5964985,17
Q8IDY3,36329,P. falciparum,6.94624,7.92196,7
Q8I5P2,36329,P. falciparum,7.4059033,7.842148,18
Q8IJ55,36329,P. falciparum,7.317828,7.845158,7
Q8ILJ9,36329,P. falciparum,9.723902,6.7325664,7
C0H4I0,36329,P. falciparum,6.99856,7.9579296,7
Q8IIS5,36329,P. falciparum,6.8861713,8.080294,7
Q8I613,36329,P. falciparum,7.8704433,8.153458,15
Q8I2J4,36329,P. falciparum,7.8727617,9.161646,15
O15770,36329,P. falciparum,7.571506,10.148224,9
Q8IBX0,36329,P. falciparum,13.70991,10.825256,11
Q8I1P1,36329,P. falciparum,6.8511662,7.9912195,7
Q7KQL7,36329,P. falciparum,7.3744974,9.380247,7
C6KSN3,36329,P. falciparum,8.209568,5.266564,0
Q8I599,36329,P. falciparum,10.671153,10.009883,7
Q8I1V7,36329,P. falciparum,8.340452,11.916706,9
Q8IBE8,36329,P. falciparum,3.9752705,8.408337,14
Q8I3T9,36329,P. falciparum,7.9748154,10.258716,17
Q8IIR7,36329,P. falciparum,10.371287,9.95401,7
Q8IHQ2,36329,P. falciparum,10.298264,9.386345,17
Q8I2G6,36329,P. falciparum,6.8389277,8.122338,7
Q8IBR9,36329,P. falciparum,14.348769,8.548241,2
Q8I1V4,36329,P. falciparum,18.666153,6.0642037,4
Q8IBA0,36329,P. falciparum,11.217448,7.506913,14
Q8I3T2,36329,P. falciparum,8.054684,8.099102,7
Q8I615,36329,P. falciparum,12.614992,9.307482,18
Q8IKR8,36329,P. falciparum,7.0782876,8.378917,7
Q8IKQ5,36329,P. falciparum,7.47707,9.567592,7
C6KT29,36329,P. falciparum,6.9676704,8.356778,7
Q8I6V3,36329,P. falciparum,9.980875,6.443315,7
O97308,36329,P. falciparum,6.9441237,7.9406304,7
Q8IKX8,36329,P. falciparum,6.8320584,8.085656,7
Q8I0U9,36329,P. falciparum,7.2367787,8.03336,7
Q8IIY8,36329,P. falciparum,7.1748414,7.9940777,7
Q8IEU8,36329,P. falciparum,18.672049,6.0679016,4
Q8I4P0,36329,P. falciparum,18.675486,6.0798984,4
Q8IIR9,36329,P. falciparum,12.712265,13.059978,13
Q8I6U4,36329,P. falciparum,7.564122,8.18819,7
Q76NN7,36329,P. falciparum,8.243821,12.8400345,13
Q8I3D8,36329,P. falciparum,13.670518,14.494487,4
Q8IK27,36329,P. falciparum,7.2302384,7.9664097,7
Q8I0X2,36329,P. falciparum,7.438983,9.52577,7
C6KT66,36329,P. falciparum,7.067966,8.818873,7
Q8IBB0,36329,P. falciparum,6.618994,5.007034,0
Q8I3T5,36329,P. falciparum,13.229767,10.34955,12
O96166,36329,P. falciparum,7.50341,7.940933,7
Q8IBW5,36329,P. falciparum,7.2431707,7.978918,7
Q8IAM0,36329,P. falciparum,10.709708,5.80724,17
Q8IDN4,36329,P. falciparum,10.883984,10.214108,6
C6KTC6,36329,P. falciparum,7.030176,8.82821,7
C6KT15,36329,P. falciparum,7.304208,11.480844,13
Q8IIZ8,36329,P. falciparum,18.619228,6.0362797,4
Q8IJ37,36329,P. falciparum,6.886019,8.570245,7
Q8I210,36329,P. falciparum,18.663166,6.084217,4
Q8I2H7,36329,P. falciparum,7.0091057,8.729694,7
Q8IJP9,36329,P. falciparum,10.863417,12.113739,14
Q8IAS0,36329,P. falciparum,7.480265,8.089972,7
O97235,36329,P. falciparum,7.321304,9.197948,7
Q8I4N6,36329,P. falciparum,18.6756,6.077205,4
Q8IJH7,36329,P. falciparum,6.976134,8.740509,7
Q8IKN0,36329,P. falciparum,11.197226,10.012412,7
Q8IJ00,36329,P. falciparum,18.65774,6.061112,4
Q8IB99,36329,P. falciparum,7.531047,9.1223135,7
Q8IBZ6,36329,P. falciparum,8.446628,5.847417,0
Q8IDW1,36329,P. falciparum,12.33369,12.841318,13
Q8I5E6,36329,P. falciparum,12.217493,10.500851,6
Q8IAY6,36329,P. falciparum,7.144319,12.426504,9
Q8IDK6,36329,P. falciparum,13.435859,10.704658,12
Q8I2N3,36329,P. falciparum,6.90059,7.9893265,7
Q8IK36,36329,P. falciparum,18.675478,6.0717125,4
Q8I669,36329,P. falciparum,7.185329,7.9358625,7
Q8IIJ6,36329,P. falciparum,7.0677896,8.84739,7
O96112,36329,P. falciparum,18.68015,6.0724807,4
Q8IK32,36329,P. falciparum,18.666697,6.0625267,4
Q8I716,36329,P. falciparum,6.89552,8.531365,7
C0H4U7,36329,P. falciparum,6.8168273,8.134876,7
C6KSK9,36329,P. falciparum,18.67966,6.0753813,4
Q8I2N0,36329,P. falciparum,8.225896,11.098814,17
Q8I0W9,36329,P. falciparum,7.0411224,8.392221,7
Q8IBE5,36329,P. falciparum,13.671498,14.494215,4
Q8I6U5,36329,P. falciparum,7.52913,8.190936,7
Q8IDG8,36329,P. falciparum,13.664537,14.465172,4
Q8I5J9,36329,P. falciparum,12.673131,9.245739,18
Q8IJ99,36329,P. falciparum,6.927157,8.367279,7
Q8I1R6,36329,P. falciparum,7.2655163,8.29958,7
C6KT01,36329,P. falciparum,6.900075,8.477272,7
Q8I467,36329,P. falciparum,9.136826,8.1614685,15
Q8IM26,36329,P. falciparum,9.107573,7.145163,15
Q8IEJ0,36329,P. falciparum,7.498582,7.9473257,4
Q8I3E0,36329,P. falciparum,18.672426,6.0745673,4
Q8IIJ9,36329,P. falciparum,7.472207,8.166052,7
Q8IAX8,36329,P. falciparum,12.969043,10.986934,6
Q8I2W7,36329,P. falciparum,6.893779,8.470696,7
Q8IFK7,36329,P. falciparum,12.22551,11.449453,5
Q8IM27,36329,P. falciparum,7.046918,11.358275,9
Q8IIQ6,36329,P. falciparum,6.854904,8.354492,7
Q76NM3,36329,P. falciparum,6.6046386,12.703715,9
C0H4D0,36329,P. falciparum,7.6308537,8.044759,7
Q8I2D4,36329,P. falciparum,18.635668,6.0449986,4
Q7KQK8,36329,P. falciparum,18.537584,6.082544,4
Q8IJ64,36329,P. falciparum,6.819863,8.1699095,7
Q7KQK0,36329,P. falciparum,12.129222,12.500909,14
C6KSR7,36329,P. falciparum,7.457624,9.523276,7
Q7K6A7,36329,P. falciparum,7.3732915,9.377722,7
Q8IL26,36329,P. falciparum,12.483937,12.25917,14
Q8IBD1,36329,P. falciparum,7.279874,7.9160028,7
Q8I5Y5,36329,P. falciparum,7.6924515,10.986288,17
C6KT50,36329,P. falciparum,7.09926,10.672518,17
Q8IJ76,36329,P. falciparum,12.759867,8.252732,18
Q8IKW2,36329,P. falciparum,12.621233,4.9366717,1
Q9U5M0,36329,P. falciparum,13.669571,14.495883,4
O77394,36329,P. falciparum,6.8623605,8.011915,7
Q8IL11,36329,P. falciparum,7.4787984,9.831059,9
Q8IBR8,36329,P. falciparum,12.25574,4.78339,1
Q8IJC0,36329,P. falciparum,7.0722203,8.398618,7
Q8I5P0,36329,P. falciparum,7.0183654,8.172923,7
Q8IDB7,36329,P. falciparum,13.638882,11.045514,12
Q6ZMA8,36329,P. falciparum,6.980109,11.096283,17
Q8IIS0,36329,P. falciparum,8.219307,8.165294,15
Q8I2F7,36329,P. falciparum,10.518646,9.044815,18
Q8IBE2,36329,P. falciparum,18.672152,6.0672107,4
O77334,36329,P. falciparum,6.8463917,8.290512,7
Q8IC01,36329,P. falciparum,7.503281,9.58084,7
Q8IIA8,36329,P. falciparum,10.021855,10.85192,17
Q8I2F5,36329,P. falciparum,7.0122237,7.9696503,7
C6KSX0,36329,P. falciparum,7.607347,8.1262245,7
Q8I470,36329,P. falciparum,6.9304395,8.460707,7
Q8I2C8,36329,P. falciparum,18.692385,6.075899,4
Q8I642,36329,P. falciparum,18.675741,6.073029,4
Q8IJD4,36329,P. falciparum,7.699119,10.954933,6
Q8I4P6,36329,P. falciparum,13.671301,14.494738,4
Q8IIS8,36329,P. falciparum,7.917925,11.459275,9
Q9U0N4,36329,P. falciparum,12.7454815,5.7422214,1
Q8IBE9,36329,P. falciparum,7.2101493,8.00992,7
Q8I2B9,36329,P. falciparum,18.568756,6.0060606,4
Q8I0E0,36329,P. falciparum,18.669622,6.071123,4
Q8IFK8,36329,P. falciparum,18.671074,6.08603,4
Q8I4W3,36329,P. falciparum,6.821204,8.252357,7
O97320,36329,P. falciparum,7.8933496,9.808426,6
Q8I211,36329,P. falciparum,18.654552,6.057371,4
C0H4M0,36329,P. falciparum,7.0110598,7.9333115,7
Q9NLB2,36329,P. falciparum,8.39173,13.563283,13
Q8I5A9,36329,P. falciparum,6.984394,19.14612,11
Q8IDR5,36329,P. falciparum,11.229292,8.927323,7
Q8I713,36329,P. falciparum,8.455751,9.12639,15
Q8IIZ7,36329,P. falciparum,18.676468,6.071166,4
Q8I301,36329,P. falciparum,9.205368,13.034638,9
Q8I2G2,36329,P. falciparum,4.18393,11.331807,3
O97273,36329,P. falciparum,7.077954,8.116034,7
Q8IFM1,36329,P. falciparum,7.2925887,8.315313,7
Q8IC43,36329,P. falciparum,11.045559,8.661832,18
Q8ILZ1,36329,P. falciparum,7.5053887,7.9587116,4
Q8I4P3,36329,P. falciparum,18.673178,6.071318,4
Q8IJC7,36329,P. falciparum,0.58332247,11.35073,14
Q8I2C0,36329,P. falciparum,13.668369,14.498776,4
Q8IB60,36329,P. falciparum,9.369239,12.379875,9
Q8IIJ2,36329,P. falciparum,7.0137987,8.782067,7
Q8I519,36329,P. falciparum,10.513128,5.0454187,1
Q8ILE4,36329,P. falciparum,6.836941,8.459626,7
Q8I4X0,36329,P. falciparum,15.558142,14.301987,11
Q8IIC4,36329,P. falciparum,8.105155,12.182457,13
Q8I2G1,36329,P. falciparum,13.194441,7.998406,12
Q8IHU7,36329,P. falciparum,7.440504,8.190569,7
Q8IIX3,36329,P. falciparum,18.527687,6.08496,4
Q8IFM9,36329,P. falciparum,12.778289,8.193031,18
Q8I4Q4,36329,P. falciparum,6.9949336,7.9210587,7
Q8ILP3,36329,P. falciparum,7.235256,7.8497334,7
Q8I398,36329,P. falciparum,9.976969,11.867081,9
C0H5B7,36329,P. falciparum,8.185188,5.8845243,0
Q8IJ54,36329,P. falciparum,7.253527,7.858628,18
O96220,36329,P. falciparum,7.488843,11.157668,9
Q8I4S1,36329,P. falciparum,7.048654,11.802863,13
O97229,36329,P. falciparum,12.686964,9.248637,7
Q9NFB3,36329,P. falciparum,18.67807,6.0729523,4
Q8IHU9,36329,P. falciparum,7.2185106,11.238034,11
Q8I5T4,36329,P. falciparum,9.130374,11.730055,9
Q8I637,36329,P. falciparum,7.216749,8.281117,7
Q8IIZ5,36329,P. falciparum,6.864755,13.327203,13
Q8I3C0,36329,P. falciparum,7.498529,8.113454,7
Q8IK37,36329,P. falciparum,14.682884,8.898221,2
Q8ILF7,36329,P. falciparum,7.478986,11.211053,9
Q9NFB5,36329,P. falciparum,18.651653,6.052235,4
P86148,36329,P. falciparum,8.0221195,5.103678,0
Q8IKV3,36329,P. falciparum,7.114102,8.230711,7
O97474,36329,P. falciparum,7.050683,7.983364,7
Q8IL07,36329,P. falciparum,0.5565303,11.3307085,6
Q8IIY1,36329,P. falciparum,7.221865,8.014246,7
Q8I0V0,36329,P. falciparum,7.416564,8.220176,7
O97307,36329,P. falciparum,7.24169,8.001575,7
Q8ILG3,36329,P. falciparum,8.448711,11.551178,9
Q8IBC9,36329,P. falciparum,6.976978,8.004243,7
C6KSS3,36329,P. falciparum,6.8182983,8.382491,7
Q6LFD5,36329,P. falciparum,7.711817,8.333903,7
Q8IJV7,36329,P. falciparum,9.743611,10.682741,17
O96111,36329,P. falciparum,13.671537,14.490335,4
Q8IJH3,36329,P. falciparum,7.3832393,10.600517,7
Q08210,36329,P. falciparum,6.9798574,8.692875,7
Q8IFQ7,36329,P. falciparum,7.147745,8.941233,7
Q8I2F2,36329,P. falciparum,7.4186363,7.885226,18
Q8IFN2,36329,P. falciparum,7.0984898,7.886945,7
Q9TY99,36329,P. falciparum,13.227077,7.9360824,12
Q8IFM5,36329,P. falciparum,6.7991467,8.045264,7
Q8IBN1,36329,P. falciparum,6.911398,7.961024,7
Q8IEK1,36329,P. falciparum,7.6105523,9.729956,7
C0H5J6,36329,P. falciparum,9.378828,12.101203,9
Q8I0V2,36329,P. falciparum,7.0698614,11.101989,17
Q7KQM2,36329,P. falciparum,7.8238645,11.261863,9
O96237,36329,P. falciparum,7.1361327,8.297329,7
O96117,36329,P. falciparum,18.673353,6.08158,4
O96175,36329,P. falciparum,10.007829,13.078533,11
Q8I215,36329,P. falciparum,13.668497,14.4948435,4
Q8IM16,36329,P. falciparum,9.928591,6.399253,17
C6KSN9,36329,P. falciparum,7.074925,11.817847,9
Q8I0X3,36329,P. falciparum,10.035068,13.637995,11
Q8IB67,36329,P. falciparum,9.66596,12.0137,9
Q8IM23,36329,P. falciparum,12.980118,11.085654,14
C0H480,36329,P. falciparum,11.390542,8.883947,18
Q8I201,36329,P. falciparum,13.677483,14.449864,4
Q8I2X4,36329,P. falciparum,8.159297,13.666558,13
Q8IJB7,36329,P. falciparum,7.0654397,7.891478,7
Q8I3J0,36329,P. falciparum,12.092539,10.458302,12
C0H540,36329,P. falciparum,7.236598,8.485655,7
Q8I1Y8,36329,P. falciparum,11.2279415,10.447614,6
O96292,36329,P. falciparum,18.676895,6.0724277,4
Q8IEE9,36329,P. falciparum,7.2631283,8.126334,7
Q8I217,36329,P. falciparum,18.675875,6.070142,4
O96114,36329,P. falciparum,18.701616,6.0395045,4
Q8IEH2,36329,P. falciparum,6.915179,4.917351,0
C6KTF6,36329,P. falciparum,18.676031,6.0646796,4
Q8IJN9,36329,P. falciparum,7.3702607,11.381319,9
Q8IBX2,36329,P. falciparum,14.140361,9.155843,14
C6KT06,36329,P. falciparum,4.8769217,9.961887,13
Q8I5K4,36329,P. falciparum,10.951086,10.1084385,7
Q8IJM9,36329,P. falciparum,12.713419,8.121147,4
Q8IC50,36329,P. falciparum,8.103906,8.108321,15
Q8IFQ4,36329,P. falciparum,10.831154,11.703408,9
Q8IHY0,36329,P. falciparum,6.941674,8.062028,7
Q8I3A0,36329,P. falciparum,6.417393,12.806778,13
Q8IDZ6,36329,P. falciparum,8.156688,11.465664,14
Q7KQK3,36329,P. falciparum,11.089975,10.378793,6
C6KSP5,36329,P. falciparum,7.333936,8.460633,7
C6KT76,36329,P. falciparum,8.112188,11.911688,9
O97227,36329,P. falciparum,7.239936,8.948844,7
Q8IBI5,36329,P. falciparum,6.9343605,8.7192955,13
Q8IIB7,36329,P. falciparum,7.79193,9.9265785,7
Q8IL04,36329,P. falciparum,9.156533,10.576421,7
Q7KQM1,36329,P. falciparum,8.599073,11.318132,17
Q8I216,36329,P. falciparum,18.692219,6.063059,4
Q8IIL5,36329,P. falciparum,7.1373096,8.380253,7
O97336,36329,P. falciparum,7.1283345,7.940211,7
Q7KQL3,36329,P. falciparum,6.6826973,18.829952,13
O97327,36329,P. falciparum,18.693373,6.055551,4
Q8ID58,36329,P. falciparum,7.3441687,10.805787,9
Q8IJV1,36329,P. falciparum,12.464636,9.1445675,10
Q8IKD3,36329,P. falciparum,6.9539404,8.478831,7
Q8I640,36329,P. falciparum,15.294438,10.785637,10
C0H4C3,36329,P. falciparum,7.3473463,8.035373,7
Q8IBW8,36329,P. falciparum,11.639982,11.552804,17
Q8I239,36329,P. falciparum,14.811292,10.021134,10
O96201,36329,P. falciparum,12.592683,9.468761,18
Q8IHN5,36329,P. falciparum,8.661694,7.767305,4
Q8IB86,36329,P. falciparum,7.6164675,9.366705,7
Q8IL73,36329,P. falciparum,9.355461,7.468663,15
Q8ILU6,36329,P. falciparum,7.583307,9.653215,7
Q8I5G6,36329,P. falciparum,11.003114,11.975175,14
Q8IAU3,36329,P. falciparum,6.9531045,8.493957,7
Q8I528,36329,P. falciparum,7.0632772,8.295735,7
Q9NFA9,36329,P. falciparum,18.679625,6.069525,4
Q8IIU7,36329,P. falciparum,7.1193967,8.232552,7
Q8I2S0,36329,P. falciparum,6.9113245,8.512945,7
Q8IKX4,36329,P. falciparum,7.658573,11.301467,9
Q8IC42,36329,P. falciparum,12.485516,8.537619,18
Q8I3F0,36329,P. falciparum,7.349163,7.907482,7
A0A5K1K8H0,36329,P. falciparum,12.012633,12.524715,14
Q8IK14,36329,P. falciparum,6.996875,8.005138,7
P62344,36329,P. falciparum,12.047261,12.545852,13
Q8I4P4,36329,P. falciparum,13.669922,14.489929,4
Q8I3I0,36329,P. falciparum,8.298378,11.016443,9
Q8IJ60,36329,P. falciparum,7.582908,10.120458,7
Q9TY94,36329,P. falciparum,11.429488,14.061916,13
C6KSL5,36329,P. falciparum,7.3549237,7.977685,7
Q8I5Q4,36329,P. falciparum,8.591368,10.830533,17
C0H4V6,36329,P. falciparum,10.206323,12.846767,9
Q8IJ88,36329,P. falciparum,11.852956,8.805269,18
Q8I3D9,36329,P. falciparum,18.629013,6.108385,4
Q8IAR5,36329,P. falciparum,6.831159,8.210987,7
O97326,36329,P. falciparum,18.629642,6.0448437,4
Q8IIB6,36329,P. falciparum,6.9631295,8.562396,7
Q8IFK9,36329,P. falciparum,18.661465,6.0525045,4
Q8I4N5,36329,P. falciparum,8.348877,5.917057,0
Q8I0Q0,36329,P. falciparum,8.163232,8.116677,15
Q8IC49,36329,P. falciparum,18.675734,6.0737734,4
Q9U0J9,36329,P. falciparum,7.4707947,8.103786,7
Q8IKP7,36329,P. falciparum,7.4320188,9.625118,7
Q8IM82,36329,P. falciparum,18.678873,6.0688515,4
O77306,36329,P. falciparum,14.983297,8.281774,14
Q76NM8,36329,P. falciparum,7.520159,9.968483,9
Q8I1V5,36329,P. falciparum,18.673172,6.0709844,4
Q8IK43,36329,P. falciparum,13.671937,14.493822,4
C0H514,36329,P. falciparum,7.1906104,8.258873,7
Q8I4Q6,36329,P. falciparum,7.1736755,8.078251,7
Q8I592,36329,P. falciparum,7.13869,9.098073,7
Q8I2E6,36329,P. falciparum,18.640553,6.040092,4
Q8IKQ9,36329,P. falciparum,8.592233,6.0383306,17
Q8I5P4,36329,P. falciparum,7.4641266,8.140119,7
O97240,36329,P. falciparum,6.9665694,8.333647,7
Q8I431,36329,P. falciparum,8.025006,10.138859,6
Q8ILN8,36329,P. falciparum,8.543746,10.285552,6
Q8IKS4,36329,P. falciparum,8.574262,7.2272654,17
Q8I359,36329,P. falciparum,10.82269,11.213388,6
Q8I5S7,36329,P. falciparum,8.351325,11.258344,17
Q8I444,36329,P. falciparum,11.208388,13.197409,14
Q8I3Z0,36329,P. falciparum,6.9483175,7.94799,7
Q8IJN7,36329,P. falciparum,6.470935,12.969704,13
Q7KWJ5,36329,P. falciparum,7.9124966,4.7013474,0
Q8I372,36329,P. falciparum,7.626749,9.492968,7
Q8II01,36329,P. falciparum,7.1832314,9.039453,7
Q8IBU5,36329,P. falciparum,8.781115,8.347886,15
Q8IBX1,36329,P. falciparum,9.729422,12.286757,11
O96193,36329,P. falciparum,7.309115,8.787503,7
Q8IIC0,36329,P. falciparum,6.9264374,8.042562,7
Q8IAS3,36329,P. falciparum,11.135553,4.4386888,1
Q8I408,36329,P. falciparum,6.9187927,8.454034,7
Q8I0U6,36329,P. falciparum,7.2847567,7.922439,7
Q8IK58,36329,P. falciparum,7.4009447,7.9241343,7
Q8IHR8,36329,P. falciparum,6.991848,19.1642,13
Q8I484,36329,P. falciparum,8.324346,8.054545,15
Q8IAT2,36329,P. falciparum,7.134594,8.332462,7
Q8IB24,36329,P. falciparum,8.101115,13.621548,13
Q8IBH7,36329,P. falciparum,7.706873,11.390365,9
Q8I3G6,36329,P. falciparum,11.048996,10.92205,7
Q8IAR7,36329,P. falciparum,8.026175,12.2012,9
Q7KQL2,36329,P. falciparum,7.636006,8.082034,7
Q8IHM2,36329,P. falciparum,18.67699,6.075386,4
Q8I302,36329,P. falciparum,7.6117716,10.26559,7
C6KTF8,36329,P. falciparum,18.681416,6.0751324,4
C6KTF0,36329,P. falciparum,18.623083,6.1178746,4
Q8I2F4,36329,P. falciparum,7.3921165,7.9916377,7
Q8IK77,36329,P. falciparum,8.078793,8.044678,4
Q8I275,36329,P. falciparum,11.345886,9.156102,18
Q8IIF0,36329,P. falciparum,12.742164,8.171393,18
Q8ID74,36329,P. falciparum,7.035492,8.897803,7
Q8II92,36329,P. falciparum,7.398086,11.332643,17
Q8I5C4,36329,P. falciparum,7.463466,11.4536495,9
Q8I1R7,36329,P. falciparum,6.8715563,8.488416,7
Q8I1V6,36329,P. falciparum,10.269898,10.946218,17
Q8IJC3,36329,P. falciparum,6.9525967,8.661748,7
C6KT17,36329,P. falciparum,18.619583,6.117829,4
C0H478,36329,P. falciparum,7.0448356,8.190016,7
Q8IBB7,36329,P. falciparum,8.166179,5.1015377,7
Q8I2E1,36329,P. falciparum,7.704472,9.441234,7
Q8ILK1,36329,P. falciparum,7.7058353,10.23979,9
O96189,36329,P. falciparum,7.482625,9.446322,7
O77316,36329,P. falciparum,7.1301365,8.265089,7
C0H5M9,36329,P. falciparum,13.363516,8.051205,12
Q8II72,36329,P. falciparum,7.341076,7.84832,18
Q8IKR1,36329,P. falciparum,8.546875,7.6474357,4
Q8IIJ8,36329,P. falciparum,7.687384,11.419596,9
Q8III2,36329,P. falciparum,7.216494,8.363637,7
Q8IB78,36329,P. falciparum,7.1126003,8.383899,7
Q8I489,36329,P. falciparum,10.64082,10.467938,7
Q8I3C7,36329,P. falciparum,7.280601,8.370552,7
Q8I333,36329,P. falciparum,7.114627,7.9147997,7
Q8IKC8,36329,P. falciparum,7.8326097,7.9738045,4
Q8I3L8,36329,P. falciparum,9.291159,9.073264,4
C0H5L4,36329,P. falciparum,7.183335,8.41671,7
Q8IKV8,36329,P. falciparum,10.050873,6.7702546,7
Q8I3I3,36329,P. falciparum,7.2534695,8.378841,7
Q8IEJ7,36329,P. falciparum,6.86615,8.0954075,7
Q8IJ09,36329,P. falciparum,18.669907,6.0821075,4
Q8IHM4,36329,P. falciparum,13.672521,14.496984,4
Q6ZLZ9,36329,P. falciparum,8.185452,15.130518,9
Q8IFM2,36329,P. falciparum,7.1521225,13.562964,13
Q8IDR9,36329,P. falciparum,8.437554,9.516725,18
Q8I5Q3,36329,P. falciparum,7.6131845,11.558489,9
Q8IDN0,36329,P. falciparum,7.3744555,8.161544,7
Q8IDB0,36329,P. falciparum,8.431364,9.011309,15
Q8IJ74,36329,P. falciparum,6.9130836,11.810606,9
O96123,36329,P. falciparum,10.709978,10.441867,7
O96283,36329,P. falciparum,8.13408,8.043441,4
Q8I5E3,36329,P. falciparum,11.378357,9.510386,18
Q8IHS5,36329,P. falciparum,8.909182,8.315561,15
C6KSL9,36329,P. falciparum,12.297472,8.630755,18
Q6ZFZ4,39947,O. sativa,7.041101,13.252523,11
Q6I621,39947,O. sativa,10.209157,11.2879505,17
Q8HCN4,39947,O. sativa,8.896803,7.4935555,15
Q84T68,39947,O. sativa,8.748812,11.631385,9
Q7XV21,39947,O. sativa,11.336519,4.737355,1
Q75IS2,39947,O. sativa,9.92491,10.62245,6
Q10L91,39947,O. sativa,10.919005,11.674907,17
Q7XQP4,39947,O. sativa,12.481155,12.653998,11
Q764B9,39947,O. sativa,8.428617,11.450467,14
Q2F926,39947,O. sativa,6.80803,5.7403936,0
Q10MI4,39947,O. sativa,12.793823,9.78846,2
P29835,39947,O. sativa,11.917329,7.5903006,12
Q7XX84,39947,O. sativa,9.486357,10.895905,17
Q7XC51,39947,O. sativa,15.118552,10.801442,10
Q943I6,39947,O. sativa,14.906974,10.592475,10
Q8HCR4,39947,O. sativa,9.637254,8.324016,16
Q943E7,39947,O. sativa,16.951153,7.606712,13
A8C8P3,39947,O. sativa,8.89662,8.571341,4
Q6YWF1,39947,O. sativa,11.786477,12.5339985,11
Q35321,39947,O. sativa,12.306046,15.896883,16
Q6K5X1,39947,O. sativa,14.695314,10.44748,10
Q336P5,39947,O. sativa,15.185404,10.852894,10
Q67U21,39947,O. sativa,14.848263,9.806813,10
Q6Z232,39947,O. sativa,13.1198845,7.8254724,12
Q6YYG9,39947,O. sativa,15.298614,10.912309,10
Q76CY8,39947,O. sativa,10.844701,8.647119,15
Q2F8W2,39947,O. sativa,12.326233,15.923945,16
Q6L4L4,39947,O. sativa,12.326495,10.021746,10
Q66VB0,39947,O. sativa,10.560114,11.214374,17
P46801,39947,O. sativa,8.358632,8.897462,15
Q9FNU2,39947,O. sativa,7.324595,6.2848244,13
B9FMJ3,39947,O. sativa,11.734323,10.454132,6
P12153,39947,O. sativa,8.443572,8.97054,15
Q6EN42,39947,O. sativa,9.755693,13.1601095,11
Q7X8R0,39947,O. sativa,14.9578,10.849496,10
C5MRM9,39947,O. sativa,8.8232355,7.552116,15
B7F9I5,39947,O. sativa,9.089105,11.881885,14
Q84ST4,39947,O. sativa,8.872174,10.789689,14
Q6K846,39947,O. sativa,15.205024,11.026859,14
Q33E23,39947,O. sativa,6.4370046,12.762382,9
Q9FXT4,39947,O. sativa,10.930257,5.0565195,13
Q94JF2,39947,O. sativa,9.908264,8.977293,12
Q6EPW7,39947,O. sativa,12.307608,9.709692,6
Q7F1K9,39947,O. sativa,11.014476,5.2587476,17
Q8GRJ1,39947,O. sativa,15.331965,10.773873,10
Q10CH5,39947,O. sativa,15.24683,10.376167,10
Q7X8H9,39947,O. sativa,11.95334,7.594865,4
Q6Z1Z3,39947,O. sativa,15.262824,10.704223,10
Q69P94,39947,O. sativa,15.213601,10.766193,10
Q5JLP4,39947,O. sativa,11.236825,4.952706,1
Q35318,39947,O. sativa,12.372954,15.968717,16
P29618,39947,O. sativa,12.999019,13.325382,11
Q69WS3,39947,O. sativa,15.185483,10.646774,10
Q9SB03,39947,O. sativa,12.261513,15.824136,16
Q9LWN0,39947,O. sativa,12.668862,12.691984,14
Q7XZF8,39947,O. sativa,15.2772455,10.984836,10
Q6ATB2,39947,O. sativa,9.948868,10.654545,6
Q5N9E6,39947,O. sativa,15.073555,10.854877,10
Q10P60,39947,O. sativa,9.705921,10.322239,6
C7AU21,39947,O. sativa,9.027359,10.334664,6
P12194,39947,O. sativa,8.823554,7.442981,4
Q6Z5I7,39947,O. sativa,9.2111225,14.959837,3
Q94DG6,39947,O. sativa,8.4283695,5.460768,0
Q75M33,39947,O. sativa,15.266354,10.875518,10
Q7F8U7,39947,O. sativa,10.361138,8.541967,15
Q5Z8T8,39947,O. sativa,11.292746,4.4721355,1
Q0J290,39947,O. sativa,10.851151,5.241846,9
Q9ASJ3,39947,O. sativa,15.356997,10.958836,10
P0C322,39947,O. sativa,6.6941476,5.656193,0
Q6ZHA3,39947,O. sativa,6.934286,19.275475,11
Q69Y51,39947,O. sativa,15.007534,10.195564,10
P0C524,39947,O. sativa,6.907117,5.6432185,17
P0C494,39947,O. sativa,8.329517,8.9204,15
Q0J235,39947,O. sativa,15.274653,10.679438,10
Q6Z8D0,39947,O. sativa,6.913448,5.1382694,11
P38419,39947,O. sativa,10.042463,8.444345,15
P0C443,39947,O. sativa,8.379329,8.916467,15
P0C386,39947,O. sativa,7.271627,11.184126,17
Q33DK1,39947,O. sativa,14.911646,9.4773245,10
Q10R09,39947,O. sativa,15.188906,10.6727705,18
Q5JNS0,39947,O. sativa,15.299568,11.006501,10
Q7XM13,39947,O. sativa,15.378433,10.8751,10
A0A0P0XP10,39947,O. sativa,15.281101,10.992016,10
P49030,39947,O. sativa,8.524431,8.653454,15
Q5ZAY9,39947,O. sativa,5.984408,11.015166,8
Q0JCT1,39947,O. sativa,7.861103,9.777864,6
Q7XQR9,39947,O. sativa,10.372274,12.225858,14
Q2R3P9,39947,O. sativa,8.344698,5.3459463,0
P0C2Z3,39947,O. sativa,7.6457996,11.36602,9
Q8HCM5,39947,O. sativa,12.33586,15.940195,16
Q35962,39947,O. sativa,9.195884,8.33448,15
Q7XII4,39947,O. sativa,12.1412735,9.653511,18
Q8HCP7,39947,O. sativa,6.7827945,5.710375,0
Q9AV71,39947,O. sativa,8.713996,6.609428,17
Q6ZJW8,39947,O. sativa,11.052582,8.018432,14
Q10J20,39947,O. sativa,5.9837546,12.085018,3
Q5SMQ0,39947,O. sativa,9.007688,11.988603,14
Q7XL73,39947,O. sativa,13.106888,7.8461976,12
Q655X8,39947,O. sativa,7.2270656,11.834853,14
Q6YZ52,39947,O. sativa,11.64954,10.326079,6
Q5Z749,39947,O. sativa,15.190305,10.919326,10
Q2R1U8,39947,O. sativa,11.770254,10.375296,6
Q01883,39947,O. sativa,11.92546,7.5837846,4
Q5JK84,39947,O. sativa,11.473662,14.189756,13
Q651K2,39947,O. sativa,15.370967,10.906094,10
Q6Y9P5,39947,O. sativa,10.740028,10.941406,17
B7EZJ7,39947,O. sativa,9.734382,10.354173,6
Q0JNL3,39947,O. sativa,12.241501,10.525427,6
P0C522,39947,O. sativa,7.0934057,11.353229,9
Q5VSB7,39947,O. sativa,8.948465,11.501472,9
Q9LG41,39947,O. sativa,8.295417,12.421257,13
Q8HCN9,39947,O. sativa,9.613617,8.547713,15
Q7XLD4,39947,O. sativa,8.324793,5.4954805,0
B9FHF3,39947,O. sativa,8.971109,13.469974,6
Q7XBS0,39947,O. sativa,7.7728977,5.061384,0
Q94GF1,39947,O. sativa,8.960928,11.173997,9
Q7XSN8,39947,O. sativa,6.889971,12.923708,13
Q9SXQ6,39947,O. sativa,8.859205,12.939496,9
Q6AUE8,39947,O. sativa,15.292065,10.809303,10
Q652K4,39947,O. sativa,15.356583,10.890905,10
Q2R3B4,39947,O. sativa,8.929338,11.815792,9
Q67WK8,39947,O. sativa,8.090393,6.038028,11
Q5NB08,39947,O. sativa,9.767459,8.218294,15
Q6Z7B0,39947,O. sativa,8.139858,13.69016,13
Q6ZFY4,39947,O. sativa,15.415667,10.903589,10
Q10PI9,39947,O. sativa,10.150081,10.684243,6
Q9ST27,39947,O. sativa,12.525108,12.162489,14
Q10S82,39947,O. sativa,8.736947,8.293509,15
Q84Z02,39947,O. sativa,15.342188,10.707321,10
Q53WK1,39947,O. sativa,11.159221,4.5920553,1
Q84UT5,39947,O. sativa,8.841705,5.6458616,0
Q6ZC03,39947,O. sativa,15.284131,10.557745,10
Q5JN63,39947,O. sativa,8.733662,6.6194925,17
Q53L62,39947,O. sativa,14.998596,10.935428,10
Q2F943,39947,O. sativa,6.788888,5.690622,0
Q655Y0,39947,O. sativa,9.099893,11.831259,14
Q6ZKM2,39947,O. sativa,9.841824,12.393858,9
Q7XV05,39947,O. sativa,12.614571,6.3931985,14
Q8HCP5,39947,O. sativa,9.587876,8.220549,16
Q2RB33,39947,O. sativa,14.877065,10.827812,10
P93771,39947,O. sativa,8.961896,11.999427,14
Q6Q9I2,39947,O. sativa,0.63330454,5.7282968,10
G3XKQ9,39947,O. sativa,15.322079,10.703753,10
Q0J466,39947,O. sativa,0.6326239,5.727639,10
B8YEK4,39947,O. sativa,9.907991,11.844869,3
Q5NB28,39947,O. sativa,15.3198805,10.850247,10
Q8S7M7,39947,O. sativa,10.209528,10.529817,14
Q7F3A8,39947,O. sativa,11.431949,5.129983,13
Q8H5T6,39947,O. sativa,7.9807363,5.730534,0
Q0JHU7,39947,O. sativa,14.796952,10.103495,10
Q6VAK3,39947,O. sativa,10.1373,12.337699,9
Q2R480,39947,O. sativa,7.6519084,12.135924,9
Q9XJ66,39947,O. sativa,0.65099657,5.7315593,6
Q6Z2T3,39947,O. sativa,7.641908,5.3798633,0
P12203,39947,O. sativa,10.010433,10.4396105,17
Q6Z4G3,39947,O. sativa,6.887609,10.817951,17
Q8HCP3,39947,O. sativa,12.373197,15.998641,16
Q67V61,39947,O. sativa,10.204889,8.626566,15
Q8HCQ6,39947,O. sativa,6.8932786,5.662059,0
Q8HCR0,39947,O. sativa,10.723195,11.665964,14
Q75KE5,39947,O. sativa,15.333973,10.911155,10
O23875,39947,O. sativa,15.328457,10.72836,10
Q10SS3,39947,O. sativa,13.254938,8.839021,10
Q6Z808,39947,O. sativa,6.9326496,19.277039,11
Q7Y021,39947,O. sativa,9.016308,12.062302,9
Q0JBH9,39947,O. sativa,11.833088,12.212698,14
Q657A4,39947,O. sativa,15.231585,11.015203,10
P0C440,39947,O. sativa,8.452789,8.63744,15
Q5SMQ9,39947,O. sativa,8.626215,5.420243,14
Q336N8,39947,O. sativa,11.367254,10.0167465,14
Q8HCN5,39947,O. sativa,6.716868,5.6801443,0
Q2RAQ5,39947,O. sativa,10.264532,10.593672,6
Q6IVC2,39947,O. sativa,12.280817,10.472203,6
Q9FTY0,39947,O. sativa,14.932396,10.747417,10
O82143,39947,O. sativa,12.024112,10.6938715,6
Q9SXJ8,39947,O. sativa,8.109807,5.2964087,0
Q37066,39947,O. sativa,9.019581,7.475726,15
Q7XI45,39947,O. sativa,8.871825,7.5872564,15
P62727,39947,O. sativa,8.269352,8.9498005,4
Q6F2N0,39947,O. sativa,12.2576685,10.529158,10
Q84KJ3,39947,O. sativa,11.046102,8.364141,14
Q7XR61,39947,O. sativa,7.9499583,12.08316,9
Q94JD1,39947,O. sativa,9.892426,10.790727,14
P60137,39947,O. sativa,8.854798,7.5936203,4
A3AT67,39947,O. sativa,13.371556,10.659796,12
Q2F8Z6,39947,O. sativa,6.75609,5.6717925,0
Q0D3S3,39947,O. sativa,10.174824,10.294728,6
Q2QW53,39947,O. sativa,0.63282686,5.7281456,6
Q652V8,39947,O. sativa,16.947897,7.6075244,8
Q5VRD7,39947,O. sativa,11.536574,7.306401,4
Q6ER94,39947,O. sativa,8.391304,11.518327,13
O24174,39947,O. sativa,6.8010445,13.127496,13
Q336V8,39947,O. sativa,15.272462,11.047634,10
P25765,39947,O. sativa,10.785282,5.715018,13
Q9LRB7,39947,O. sativa,15.181676,10.767503,10
Q0JIC2,39947,O. sativa,14.997931,10.054845,10
A7LFZ6,39947,O. sativa,12.627044,12.188621,14
Q0DEB8,39947,O. sativa,0.6336881,5.7282643,6
Q08480,39947,O. sativa,7.9536624,13.820833,13
Q2HWH1,39947,O. sativa,10.630804,13.06351,11
Q75IG3,39947,O. sativa,15.3510895,10.758247,10
Q84MH1,39947,O. sativa,9.820297,10.464442,6
Q75LL6,39947,O. sativa,11.704785,10.453233,6
Q653S9,39947,O. sativa,7.914341,12.677438,13
Q8H8T0,39947,O. sativa,6.8556485,10.846926,17
Q60EY1,39947,O. sativa,8.921834,11.764888,17
Q7XKP5,39947,O. sativa,15.257809,11.086518,10
P0C497,39947,O. sativa,7.9432015,10.382882,9
Q10PE7,39947,O. sativa,6.6790967,13.220445,13
P12123,39947,O. sativa,6.805769,5.570598,0
Q7X8B5,39947,O. sativa,7.373276,6.20092,9
Q109K1,39947,O. sativa,8.873792,9.23425,15
Q655V5,39947,O. sativa,13.294051,10.579662,12
Q6Z7E7,39947,O. sativa,15.3847065,10.790912,10
Q75HA6,39947,O. sativa,10.161678,10.489893,17
Q7XT88,39947,O. sativa,12.301646,10.532461,6
P12212,39947,O. sativa,8.964388,6.146178,17
Q75HC2,39947,O. sativa,9.515646,11.874994,17
Q5N8Q4,39947,O. sativa,9.744134,11.701894,17
A9XMT5,39947,O. sativa,14.957514,10.322841,18
Q32766,39947,O. sativa,12.330078,15.924129,16
Q5VRW2,39947,O. sativa,15.379684,10.673233,10
Q6ZD89,39947,O. sativa,7.667029,13.2741165,11
Q8HCM4,39947,O. sativa,12.312957,15.908113,16
Q0DKN3,39947,O. sativa,9.673603,12.047995,17
Q9XG81,39947,O. sativa,11.903243,5.939793,4
Q67W82,39947,O. sativa,7.531,13.362624,13
A0A0P0VIP0,39947,O. sativa,12.485501,6.457323,14
A0A0P0XCU3,39947,O. sativa,13.567852,5.017077,1
Q6ZAC1,39947,O. sativa,7.556141,13.397595,13
Q68Y45,39947,O. sativa,8.9708605,11.999162,14
Q5VRM7,39947,O. sativa,9.198461,14.966784,14
Q6ETN3,39947,O. sativa,7.510643,13.384835,13
Q6L5B5,39947,O. sativa,9.882825,10.879676,17
Q8H4S4,39947,O. sativa,15.2770815,10.8961525,10
Q35306,39947,O. sativa,12.192724,15.730306,16
Q08479,39947,O. sativa,7.949757,13.77127,13
Q7XR46,39947,O. sativa,7.6755214,12.066954,9
Q7XEY9,39947,O. sativa,10.227663,10.81832,6
Q6ZCC4,39947,O. sativa,9.099207,8.991422,4
Q7X7S8,39947,O. sativa,8.577208,5.9492936,17
Q53NL5,39947,O. sativa,11.211923,4.9145026,1
Q9FXT8,39947,O. sativa,7.9303946,11.456213,9
Q69XJ0,39947,O. sativa,10.63659,10.924896,6
Q53P49,39947,O. sativa,8.880321,11.828991,9
B9FDE0,39947,O. sativa,11.688447,12.177491,14
Q8L4Y9,39947,O. sativa,15.32498,10.751945,10
Q5ZEF1,39947,O. sativa,15.089338,10.692638,18
Q7XQJ2,39947,O. sativa,15.20469,10.813841,10
Q2F948,39947,O. sativa,6.852804,5.7300515,0
Q8L4K5,39947,O. sativa,8.61017,5.955732,17
Q35301,39947,O. sativa,12.327781,15.933645,16
Q10R54,39947,O. sativa,7.8421855,5.041637,11
Q35303,39947,O. sativa,10.635217,8.357133,16
Q10SY2,39947,O. sativa,11.580911,8.417742,16
Q8GZV6,39947,O. sativa,14.076312,9.493927,2
Q84TV3,39947,O. sativa,11.266444,4.550761,1
Q653T6,39947,O. sativa,8.590149,11.803463,11
Q10S44,39947,O. sativa,15.16308,11.059188,10
Q8HCQ2,39947,O. sativa,9.02764,8.063336,15
Q6ET36,39947,O. sativa,9.7677765,12.129536,14
Q2RAP4,39947,O. sativa,9.197115,14.972842,11
Q69JI7,39947,O. sativa,15.353649,10.76565,10
Q5NTH3,39947,O. sativa,9.020678,10.663024,14
Q0D8I9,39947,O. sativa,14.51352,8.679134,5
P12192,39947,O. sativa,8.903018,7.621948,15
Q7XUW5,39947,O. sativa,9.797882,10.44474,14
Q943Q3,39947,O. sativa,16.950956,7.606359,3
Q1G1M7,39947,O. sativa,8.631753,8.705805,15
Q6H795,39947,O. sativa,8.553581,11.714976,14
Q6ATB4,39947,O. sativa,9.932326,10.6907835,17
Q2QM77,39947,O. sativa,12.367608,12.33087,14
P0C434,39947,O. sativa,8.817937,7.595422,15
Q0DVX2,39947,O. sativa,9.487015,10.4937315,6
Q6L568,39947,O. sativa,8.271294,5.2511926,11
C5MRJ8,39947,O. sativa,6.749021,11.555216,17
Q8H4L8,39947,O. sativa,11.953343,7.5756884,4
Q5VMP0,39947,O. sativa,10.661648,10.876352,17
Q7Y1H8,39947,O. sativa,15.227979,11.050858,10
Q7XUS2,39947,O. sativa,8.555681,11.37371,14
Q6Z4U4,39947,O. sativa,12.620407,6.396506,14
Q69PA8,39947,O. sativa,9.002812,9.683717,17
Q6H6M5,39947,O. sativa,9.800003,10.58334,2
Q5QM25,39947,O. sativa,11.015553,4.56087,15
P0C370,39947,O. sativa,8.92214,7.917283,15
P0C2Z0,39947,O. sativa,10.544785,11.424947,6
Q0JM17,39947,O. sativa,11.465876,14.187709,13
Q10SE7,39947,O. sativa,8.796091,10.898272,11
Q0D9S3,39947,O. sativa,8.575248,5.9243994,17
Q2QNS6,39947,O. sativa,5.7987075,11.614346,3
Q6I583,39947,O. sativa,8.14161,3.1868722,11
Q0DDF6,39947,O. sativa,11.28635,10.792698,6
Q6ZG85,39947,O. sativa,7.870742,5.2013807,0
Q6YZF3,39947,O. sativa,8.349358,5.3727274,0
Q0DY81,39947,O. sativa,10.054176,13.042552,11
Q2F947,39947,O. sativa,9.285184,8.155025,15
Q0DBF4,39947,O. sativa,9.20201,14.979819,14
Q8HCP4,39947,O. sativa,12.315026,15.920738,16
Q2QYY8,39947,O. sativa,12.512406,12.134443,14
P0C451,39947,O. sativa,7.630349,11.03677,9
B9FMS2,39947,O. sativa,11.550126,7.339583,4
Q6ZBH6,39947,O. sativa,15.148332,10.415101,10
Q69T31,39947,O. sativa,9.055085,10.324785,17
P27933,39947,O. sativa,6.2684984,10.428543,13
Q6H501,39947,O. sativa,8.579805,5.8877463,17
Q69LD8,39947,O. sativa,8.965256,12.023051,3
Q6ZLB0,39947,O. sativa,15.328835,10.763224,10
Q69TW5,39947,O. sativa,14.849681,10.047634,10
F1SZ42,39947,O. sativa,9.3690195,9.511121,18
Q6H6N5,39947,O. sativa,9.272645,10.080775,17
Q5ZEG0,39947,O. sativa,8.818,10.739625,0
Q67U26,39947,O. sativa,9.867591,12.233388,9
Q0JAS4,39947,O. sativa,0.6339522,5.728157,10
Q6YUX0,39947,O. sativa,11.31736,10.755951,6
Q8H7N9,39947,O. sativa,15.00085,10.656095,18
Q6EPG8,39947,O. sativa,8.157265,12.524224,13
Q2F946,39947,O. sativa,8.186107,13.073539,13
Q65XA0,39947,O. sativa,6.3927393,14.044629,9
Q2RBP2,39947,O. sativa,14.941491,10.872882,10
Q10LR1,39947,O. sativa,11.338691,10.892628,14
Q6K9A2,39947,O. sativa,7.879353,12.923887,13
P17784,39947,O. sativa,7.185435,12.081236,9
Q7XBY6,39947,O. sativa,8.996718,11.951222,11
Q8S920,39947,O. sativa,9.209351,13.08728,13
Q6Z1J6,39947,O. sativa,7.5200467,11.545194,9
Q6YTU1,39947,O. sativa,15.323509,11.002795,10
P0C467,39947,O. sativa,9.639177,8.555912,15
P0DKH0,39947,O. sativa,7.816055,4.953804,11
Q0ILJ3,39947,O. sativa,7.843578,4.978638,0
P53682,39947,O. sativa,12.434799,12.569075,14
Q9S827,39947,O. sativa,7.6492963,11.852311,9
Q40687,39947,O. sativa,11.211413,7.531469,14
Q7F1M0,39947,O. sativa,9.394513,11.499406,17
Q2F8W8,39947,O. sativa,9.614965,8.466182,15
Q10RX7,39947,O. sativa,10.133397,11.871531,9
Q5W6Y3,39947,O. sativa,11.252681,4.5508747,1
Q0E0W7,39947,O. sativa,15.170813,10.771779,10
Q6EN45,39947,O. sativa,9.3235,11.284387,14
Q9SNQ6,39947,O. sativa,15.008637,10.342674,18
Q652A1,39947,O. sativa,15.097903,10.988819,14
Q7JAJ0,39947,O. sativa,9.563371,8.3004875,15
Q5QMG3,39947,O. sativa,12.013487,10.490968,6
D0TZF0,39947,O. sativa,8.714885,11.914724,13
Q6AU80,39947,O. sativa,8.870101,11.6768055,9
Q10F03,39947,O. sativa,15.180342,10.864765,10
Q7X7U7,39947,O. sativa,15.236639,10.633838,2
Q6Z2Z4,39947,O. sativa,11.481938,14.217079,13
Q35314,39947,O. sativa,12.339773,15.932349,16
Q6F368,39947,O. sativa,9.151523,11.785931,9
P0C477,39947,O. sativa,12.314615,9.316561,7
Q2F919,39947,O. sativa,7.3602138,5.5390415,0
Q2F905,39947,O. sativa,6.96239,5.581136,0
Q5Z5I4,39947,O. sativa,15.268445,10.485616,10
P0C358,39947,O. sativa,8.814302,7.604426,15
Q8L7J2,39947,O. sativa,10.964995,4.9560165,13
Q8S237,39947,O. sativa,11.209866,4.464193,1
Q35319,39947,O. sativa,8.469839,8.98754,15
Q75H77,39947,O. sativa,12.477991,12.625157,14
Q5SMX2,39947,O. sativa,15.3539295,10.814831,10
Q8S1V1,39947,O. sativa,11.352465,4.748169,1
Q5NAI7,39947,O. sativa,8.96641,11.903797,3
Q10L71,39947,O. sativa,9.425549,12.395479,9
A6BLW4,39947,O. sativa,13.389508,10.673165,12
P12173,39947,O. sativa,12.332723,15.936858,16
Q5CD17,39947,O. sativa,14.906285,10.769077,10
Q69SP5,39947,O. sativa,12.652324,6.365357,14
Q0DIQ5,39947,O. sativa,10.737188,5.4999647,9
Q6ZDF3,39947,O. sativa,15.222601,10.512557,10
C7IW64,39947,O. sativa,14.600471,10.381293,10
Q53LQ0,39947,O. sativa,8.409013,13.954716,13
Q6ZJX0,39947,O. sativa,11.189274,7.7004333,14
Q8HCR1,39947,O. sativa,8.187854,13.004025,13
Q6AU90,39947,O. sativa,15.252865,10.771346,10
Q2QYW3,39947,O. sativa,11.120436,4.4334345,1
Q7XTK3,39947,O. sativa,6.650331,11.999597,3
C0LT23,39947,O. sativa,9.9294195,11.767837,14
Q8RZ35,39947,O. sativa,15.155993,10.335419,10
Q7XR88,39947,O. sativa,12.516411,6.5005035,14
Q8S0S6,39947,O. sativa,8.951961,12.012743,14
Q10PQ9,39947,O. sativa,11.301321,9.471313,10
Q654M1,39947,O. sativa,8.957415,11.785199,9
Q109R6,39947,O. sativa,8.584823,11.394554,14
Q0JL46,39947,O. sativa,10.874691,5.2236867,9
Q2F8W6,39947,O. sativa,7.38889,5.531891,0
Q2HWG4,39947,O. sativa,15.000599,10.927922,14
Q7Y1H4,39947,O. sativa,15.36681,10.831948,10
A3AHG5,39947,O. sativa,9.89799,8.992857,12
F1SZ44,39947,O. sativa,9.4353075,9.470032,18
Q69XM6,39947,O. sativa,9.20773,14.919121,3
Q0D3B6,39947,O. sativa,12.117244,8.475101,18
Q0JEE2,39947,O. sativa,15.225136,10.638704,10
Q8S2G4,39947,O. sativa,9.549569,8.959059,15
Q69T21,39947,O. sativa,12.217482,10.471108,10
Q6ZBQ2,39947,O. sativa,15.36542,10.782552,10
Q6MWE5,39947,O. sativa,7.9623246,5.744433,0
P42863,39947,O. sativa,6.562661,12.852126,9
Q0J8J8,39947,O. sativa,12.511729,6.49283,8
P0C319,39947,O. sativa,8.761823,7.4178457,4
Q2QUC5,39947,O. sativa,9.208006,14.883231,11
Q10B19,39947,O. sativa,10.167772,10.310754,6
P92683,39947,O. sativa,9.307422,9.365748,6
Q75V57,39947,O. sativa,12.4653845,12.635368,14
Q10Q07,39947,O. sativa,15.127662,10.824674,18
Q69IU0,39947,O. sativa,15.275538,10.9853525,10
Q6AVI0,39947,O. sativa,10.854695,11.863322,14
Q35309,39947,O. sativa,12.309796,15.909842,16
Q9LGE3,39947,O. sativa,8.286811,8.718648,15
P0C325,39947,O. sativa,6.7581563,5.6609282,0
C7J2Z1,39947,O. sativa,15.408457,10.713429,10
Q0E4K1,39947,O. sativa,8.828504,8.287832,15
Q8HCR3,39947,O. sativa,6.831023,5.6712813,0
Q704V3,39947,O. sativa,14.094952,10.362983,10
Q6H7J5,39947,O. sativa,11.608807,11.171298,6
Q9XJ61,39947,O. sativa,10.684661,8.513837,15
O21799,39947,O. sativa,8.85068,8.152328,15
Q8HCN8,39947,O. sativa,12.282405,15.846271,16
Q6H7D2,39947,O. sativa,12.519951,6.451421,14
Q2QXZ2,39947,O. sativa,10.248796,10.653534,6
Q6K9C3,39947,O. sativa,13.299328,10.486546,12
P17814,39947,O. sativa,7.526652,13.384813,13
Q2QMM8,39947,O. sativa,15.301321,11.01981,10
Q5VSB6,39947,O. sativa,11.5409155,7.346737,4
P0C361,39947,O. sativa,7.2935176,10.754699,8
P0C343,39947,O. sativa,9.334301,10.346516,17
Q35307,39947,O. sativa,12.2763195,15.835821,16
Q01881,39947,O. sativa,11.930473,7.6014194,4
Q6L589,39947,O. sativa,15.270687,10.853996,18
P12085,39947,O. sativa,6.959697,11.204759,17
Q336V5,39947,O. sativa,9.531695,10.5804205,14
Q5N8J1,39947,O. sativa,8.382329,5.372893,0
Q8LIB3,39947,O. sativa,15.229632,10.745089,10
P12151,39947,O. sativa,7.5969954,11.064201,9
Q10A77,39947,O. sativa,13.258357,9.770525,12
Q7XHR2,39947,O. sativa,11.120635,9.840688,17
Q94LR3,39947,O. sativa,14.831512,10.102348,10
Q8H5X5,39947,O. sativa,8.796849,5.988761,6
Q6K9T0,39947,O. sativa,10.698254,13.042643,11
Q35316,39947,O. sativa,9.559778,8.42598,15
Q0JLP9,39947,O. sativa,9.47729,11.197742,14
Q5NAZ7,39947,O. sativa,8.904504,11.8053665,9
Q7Y1V5,39947,O. sativa,9.214512,14.856366,3
Q10N03,39947,O. sativa,11.977255,10.60057,12
A3BMZ5,39947,O. sativa,10.961676,5.017701,13
Q84Q72,39947,O. sativa,16.951868,7.606249,13
Q7JAI4,39947,O. sativa,8.565209,8.411228,15
Q2RAK2,39947,O. sativa,6.829113,12.470157,9
Q5W7C1,39947,O. sativa,6.362657,5.4642057,0
Q6EPZ2,39947,O. sativa,15.057167,10.595701,10
Q6VAK4,39947,O. sativa,10.20285,12.309779,9
Q75HY5,39947,O. sativa,10.897953,11.892082,14
Q8H991,39947,O. sativa,12.642524,9.190629,18
B6DMK2,39947,O. sativa,8.297826,4.7547536,0
Q10NQ3,39947,O. sativa,11.466437,11.060274,6
Q6ZHS4,39947,O. sativa,6.8655477,13.401813,13
Q6YTF5,39947,O. sativa,9.21673,14.91991,3
Q9LG86,39947,O. sativa,15.2911,10.998771,10
Q5N829,39947,O. sativa,10.065291,11.081777,17
P0C2Y7,39947,O. sativa,6.947952,5.6318088,0
P0C334,39947,O. sativa,6.7126036,5.681192,0
Q5KQG3,39947,O. sativa,12.149479,10.674511,14
Q0IY07,39947,O. sativa,9.8861065,11.389519,17
Q0JAI1,39947,O. sativa,10.210322,8.654185,15
Q8GT95,39947,O. sativa,12.656306,6.326877,14
Q6L4S0,39947,O. sativa,10.2594795,10.064292,9
P37398,39947,O. sativa,15.357546,10.823844,10
Q0IMG9,39947,O. sativa,10.140728,10.703236,14
Q60EJ6,39947,O. sativa,8.914457,11.80338,9
Q6ESJ0,39947,O. sativa,8.383837,11.5836935,11
Q42982,39947,O. sativa,7.55304,13.37747,13
Q7XHZ0,39947,O. sativa,15.146405,10.782602,10
Q2QRK9,39947,O. sativa,9.685242,11.743355,9
Q67UF5,39947,O. sativa,8.456553,13.994062,13
Q7XUN2,39947,O. sativa,0.6339252,5.7281194,10
P0C314,39947,O. sativa,6.1797285,12.554865,9
Q10DK7,39947,O. sativa,7.2862344,13.492198,11
Q84MQ9,39947,O. sativa,9.044773,11.760004,8
Q8LQ74,39947,O. sativa,15.176629,10.922662,10
Q65XS5,39947,O. sativa,11.195143,4.4546866,1
Q6L8G0,39947,O. sativa,8.308974,5.4672737,0
Q6ETQ5,39947,O. sativa,15.328802,10.909446,10
P0C301,39947,O. sativa,7.3387213,5.531659,0
A0A0N7KJT8,39947,O. sativa,15.358092,10.75038,10
Q5Z8S0,39947,O. sativa,9.014408,11.979702,11
Q0JKD0,39947,O. sativa,6.735642,5.62966,0
Q5W676,39947,O. sativa,8.189593,12.210794,9
Q8LN68,39947,O. sativa,15.340408,10.773354,10
Q5N800,39947,O. sativa,8.980694,10.445735,14
Q75GT3,39947,O. sativa,8.133854,11.534093,9
P69674,39947,O. sativa,8.803273,7.583896,4
Q6ZIU9,39947,O. sativa,12.445084,12.398682,14
Q03200,39947,O. sativa,9.394365,9.52473,18
Q65XV2,39947,O. sativa,10.427862,10.630742,14
P0DKG9,39947,O. sativa,7.813506,4.943781,11
Q2F922,39947,O. sativa,7.7257466,10.738397,9
Q0D9C4,39947,O. sativa,8.815005,8.289449,15
Q8HCN1,39947,O. sativa,8.551136,8.972696,15
Q6L4Y3,39947,O. sativa,8.976434,11.973373,14
P0C519,39947,O. sativa,7.310576,5.544816,0
Q0D5R3,39947,O. sativa,12.572332,6.3974247,14
Q2F940,39947,O. sativa,8.731732,6.065518,17
Q1ZXC6,44689,D. discoideum,9.645917,13.642631,11
Q8I0H7,44689,D. discoideum,8.071413,13.6069765,13
Q54ND5,44689,D. discoideum,10.005708,6.7014046,7
Q55BP1,44689,D. discoideum,10.837045,9.3865795,7
Q54I10,44689,D. discoideum,6.881052,13.13407,13
Q9BPU3,44689,D. discoideum,11.425498,9.467695,7
Q8MQU6,44689,D. discoideum,8.272893,8.672757,15
Q54BC6,44689,D. discoideum,9.876538,11.138312,17
P26200,44689,D. discoideum,7.626278,11.950196,9
P52285,44689,D. discoideum,3.9569027,8.3946495,13
Q966Q9,44689,D. discoideum,10.307045,9.918325,7
Q55CT4,44689,D. discoideum,8.249793,12.021588,9
Q54UB5,44689,D. discoideum,10.09049,13.105787,13
Q54KA7,44689,D. discoideum,10.996346,11.239783,14
Q8T8M2,44689,D. discoideum,9.645052,12.738611,9
Q54NU5,44689,D. discoideum,12.469838,8.948604,10
Q54WC4,44689,D. discoideum,10.219233,9.562733,4
Q54F34,44689,D. discoideum,9.812304,6.9312296,7
Q54EW0,44689,D. discoideum,11.029941,9.812599,7
Q54RQ4,44689,D. discoideum,11.345207,9.8841,6
O77203,44689,D. discoideum,10.111645,10.527761,17
Q54T56,44689,D. discoideum,10.673452,10.365789,6
Q8T6B8,44689,D. discoideum,7.9971595,11.363363,9
Q54P64,44689,D. discoideum,6.875685,12.28028,9
P12019,44689,D. discoideum,10.067385,6.6029058,17
P14326,44689,D. discoideum,8.041572,11.046224,9
P54672,44689,D. discoideum,9.554161,12.899231,13
Q54ES9,44689,D. discoideum,7.366572,11.649032,9
B0G140,44689,D. discoideum,11.284837,9.232953,7
Q54BU4,44689,D. discoideum,9.781348,6.8546906,7
Q7YXD4,44689,D. discoideum,9.873717,6.3992386,4
Q55EE1,44689,D. discoideum,12.236808,12.209227,14
Q869Q3,44689,D. discoideum,10.1027355,11.810244,6
Q55GV9,44689,D. discoideum,11.134464,10.099615,6
Q55G87,44689,D. discoideum,0.589859,11.349013,13
Q54R74,44689,D. discoideum,9.964687,8.979762,15
Q54RN0,44689,D. discoideum,11.220392,10.019626,6
Q75JJ2,44689,D. discoideum,8.995825,13.44681,6
Q9XYL0,44689,D. discoideum,11.212293,9.965639,14
P90520,44689,D. discoideum,12.78454,9.848969,18
Q54E29,44689,D. discoideum,6.933929,11.377201,17
Q54X55,44689,D. discoideum,10.41021,9.77127,17
Q558Y3,44689,D. discoideum,9.849649,6.5407023,17
O76765,44689,D. discoideum,10.35776,9.882341,17
Q556S4,44689,D. discoideum,11.110974,9.528675,7
Q9GPR2,44689,D. discoideum,6.9461613,19.22496,13
Q9Y1W0,44689,D. discoideum,8.028722,6.092299,9
Q550L8,44689,D. discoideum,8.573326,-0.4800639,19
Q55BP9,44689,D. discoideum,11.525402,9.553333,7
P46793,44689,D. discoideum,8.684617,8.512509,15
Q75K16,44689,D. discoideum,13.277517,10.779909,12
Q55FF7,44689,D. discoideum,11.96302,9.180886,7
O00841,44689,D. discoideum,12.398256,9.081608,12
Q55GQ5,44689,D. discoideum,8.206668,12.830784,13
Q86AT9,44689,D. discoideum,15.349179,0.15063624,1
Q54DA8,44689,D. discoideum,10.474867,12.972209,13
O21033,44689,D. discoideum,8.330147,8.854453,15
P16051,44689,D. discoideum,9.303253,13.273655,13
Q54EC1,44689,D. discoideum,11.059015,9.438557,7
Q86L18,44689,D. discoideum,10.883346,5.234914,9
Q55GJ2,44689,D. discoideum,11.217125,9.2063465,7
Q54X80,44689,D. discoideum,10.086621,6.5087895,7
Q54X06,44689,D. discoideum,11.380802,9.497232,7
Q55C77,44689,D. discoideum,6.6078053,12.933055,13
Q7KWQ2,44689,D. discoideum,7.595863,12.561183,9
Q54S40,44689,D. discoideum,6.766401,11.725188,9
Q75JH9,44689,D. discoideum,15.226601,10.644536,10
P21900,44689,D. discoideum,6.8986444,11.359093,17
Q54CA8,44689,D. discoideum,12.468713,8.376065,10
Q55CC5,44689,D. discoideum,9.966319,12.410433,13
Q54PE1,44689,D. discoideum,12.763633,8.747628,18
Q5FXM5,44689,D. discoideum,8.482928,8.642699,15
Q8T1G5,44689,D. discoideum,10.59078,6.4225855,4
Q968Z6,44689,D. discoideum,11.785315,6.043731,7
Q54IS9,44689,D. discoideum,9.075088,5.7394795,17
Q55D94,44689,D. discoideum,8.07569,6.093083,17
Q54IS7,44689,D. discoideum,7.476258,9.418322,7
Q551S9,44689,D. discoideum,10.814012,9.6214695,7
Q54DX3,44689,D. discoideum,9.637422,11.034196,9
P34143,44689,D. discoideum,7.006399,19.143536,13
Q9GPS0,44689,D. discoideum,6.9663663,19.205317,13
Q7KWP7,44689,D. discoideum,12.921992,9.456974,12
Q54VB6,44689,D. discoideum,11.136623,9.861112,7
Q54NF8,44689,D. discoideum,12.638282,10.279078,6
Q54BD4,44689,D. discoideum,12.340378,9.206844,7
P16642,44689,D. discoideum,8.52232,8.404781,15
Q75JR3,44689,D. discoideum,7.0375433,10.571614,17
P03967,44689,D. discoideum,6.9062777,19.329601,11
Q54ZS5,44689,D. discoideum,12.214355,9.111276,12
Q86AQ7,44689,D. discoideum,9.613709,12.80872,14
Q558Z2,44689,D. discoideum,11.661649,9.126162,7
Q8MM62,44689,D. discoideum,10.572802,9.712848,7
P18161,44689,D. discoideum,14.0043545,5.3443203,5
Q54H38,44689,D. discoideum,8.173446,11.430539,9
Q54PK9,44689,D. discoideum,11.981389,9.127,7
P15520,44689,D. discoideum,10.553173,6.4018226,4
Q95PI2,44689,D. discoideum,8.048375,8.881831,15
P90648,44689,D. discoideum,10.857392,10.05905,14
Q9GPS3,44689,D. discoideum,6.9391503,19.256535,11
Q1ZXH5,44689,D. discoideum,10.275888,9.745387,4
Q7YXU4,44689,D. discoideum,9.261729,12.595381,13
Q552E2,44689,D. discoideum,13.337603,9.917646,2
Q55FM5,44689,D. discoideum,8.73798,12.993328,13
Q54JA5,44689,D. discoideum,9.381864,9.649113,15
Q54AX5,44689,D. discoideum,10.667911,10.408548,14
Q8T9W2,44689,D. discoideum,7.616723,6.262697,13
Q54J94,44689,D. discoideum,10.913898,9.634865,7
Q76NV1,44689,D. discoideum,12.154134,8.95267,12
O21043,44689,D. discoideum,8.357159,9.672547,17
Q54TV1,44689,D. discoideum,12.518571,4.715602,1
Q94504,44689,D. discoideum,11.085233,6.121366,12
Q54BM7,44689,D. discoideum,10.760401,9.989715,17
Q55E39,44689,D. discoideum,11.0007715,9.935032,7
Q54C92,44689,D. discoideum,9.569016,12.428754,9
P13466,44689,D. discoideum,8.687798,13.045661,13
Q54PT9,44689,D. discoideum,12.231146,9.101824,7
Q54RC0,44689,D. discoideum,13.429923,10.666373,12
P34121,44689,D. discoideum,8.48376,8.564314,15
Q55FS1,44689,D. discoideum,9.234989,10.71609,17
Q54WZ2,44689,D. discoideum,9.884066,10.185534,17
Q54NL0,44689,D. discoideum,11.965278,9.076377,7
Q556R7,44689,D. discoideum,10.877718,6.1178823,14
Q54P86,44689,D. discoideum,8.211954,11.163948,17
O96042,44689,D. discoideum,8.532745,8.532587,15
Q54MI3,44689,D. discoideum,12.5268755,11.077083,2
Q54B44,44689,D. discoideum,9.025107,5.121817,14
P54632,44689,D. discoideum,10.228554,12.760834,9
Q86JP3,44689,D. discoideum,7.039021,19.115242,13
Q55DK1,44689,D. discoideum,8.098136,12.316702,13
Q86IG9,44689,D. discoideum,11.879296,9.240208,7
Q54JW0,44689,D. discoideum,10.813811,9.720057,7
Q54B68,44689,D. discoideum,7.096442,12.910067,9
O96904,44689,D. discoideum,10.347368,11.034707,9
Q55FK2,44689,D. discoideum,7.0122614,19.142822,13
Q869V1,44689,D. discoideum,7.7789645,5.0341043,0
Q554C5,44689,D. discoideum,13.892868,5.0577283,5
Q86JB5,44689,D. discoideum,8.298122,11.262343,17
Q86JP5,44689,D. discoideum,11.245656,9.625952,7
Q8T133,44689,D. discoideum,11.17784,9.161248,7
Q54K46,44689,D. discoideum,8.070905,11.145143,9
Q54GY8,44689,D. discoideum,7.0649967,19.087585,13
Q86B08,44689,D. discoideum,8.174434,5.0418444,0
Q55GD9,44689,D. discoideum,9.97339,10.526444,17
Q54C60,44689,D. discoideum,14.16377,12.40356,4
Q55AP1,44689,D. discoideum,9.872824,6.4946356,7
Q54NC6,44689,D. discoideum,7.1697226,10.785682,17
Q54GC1,44689,D. discoideum,7.6924467,12.658722,13
Q54DE8,44689,D. discoideum,9.821442,6.9314985,7
Q8T1G4,44689,D. discoideum,10.547326,6.396516,4
Q54UH8,44689,D. discoideum,6.5514774,12.665124,13
Q54HY6,44689,D. discoideum,11.07069,9.942417,7
P34046,44689,D. discoideum,9.304755,13.067393,9
P42525,44689,D. discoideum,12.729593,12.321236,14
Q55FU3,44689,D. discoideum,12.665488,9.131416,12
Q54MB4,44689,D. discoideum,6.8841405,12.040452,9
Q55GS3,44689,D. discoideum,10.139857,6.524099,7
Q557E6,44689,D. discoideum,8.067237,11.526748,13
Q86I44,44689,D. discoideum,11.038593,10.316516,7
Q37315,44689,D. discoideum,7.3797107,5.581267,0
B0G126,44689,D. discoideum,10.024187,11.942887,9
Q54F16,44689,D. discoideum,11.189708,5.379279,13
Q54C70,44689,D. discoideum,7.129218,12.94748,13
Q54RA8,44689,D. discoideum,9.765135,10.227429,6
Q553P5,44689,D. discoideum,11.35217,10.913156,6
Q9BIW4,44689,D. discoideum,12.59255,10.194948,12
P12729,44689,D. discoideum,10.682798,6.4418654,4
Q54LA0,44689,D. discoideum,7.5128527,11.212101,9
Q54M56,44689,D. discoideum,10.687739,10.318748,6
Q94490,44689,D. discoideum,9.180231,13.073067,9
P54686,44689,D. discoideum,11.25637,7.544486,13
Q86L22,44689,D. discoideum,10.7546,10.675162,6
Q9NIV0,44689,D. discoideum,7.791815,5.3917236,17
Q54QX3,44689,D. discoideum,9.972407,12.868702,9
Q54K47,44689,D. discoideum,9.804504,12.873539,13
P54682,44689,D. discoideum,11.914107,8.827877,18
Q55DA7,44689,D. discoideum,11.045548,9.2165165,7
Q54MI5,44689,D. discoideum,11.107843,9.434195,7
Q55E23,44689,D. discoideum,8.082316,11.028111,17
Q54U75,44689,D. discoideum,9.719429,6.4860806,7
Q54HG2,44689,D. discoideum,10.685692,11.418278,6
P35352,44689,D. discoideum,9.782478,6.744054,7
Q55G11,44689,D. discoideum,10.840876,5.262363,9
P14132,44689,D. discoideum,7.819964,10.655298,6
Q54MC4,44689,D. discoideum,9.313017,10.411077,17
Q54HI5,44689,D. discoideum,11.4705925,9.658578,6
Q54C94,44689,D. discoideum,11.03346,9.881239,7
Q54DV5,44689,D. discoideum,11.73451,5.880041,4
Q552C6,44689,D. discoideum,11.969706,12.45759,14
Q54N06,44689,D. discoideum,10.907262,9.451572,7
Q1ZXJ2,44689,D. discoideum,11.142217,9.921691,6
Q95UQ1,44689,D. discoideum,9.321199,12.161716,9
Q54G53,44689,D. discoideum,7.8870983,9.114102,15
P54653,44689,D. discoideum,10.241037,9.8276005,6
P22699,44689,D. discoideum,10.783085,5.5967493,13
Q55DH8,44689,D. discoideum,8.227452,8.657644,15
Q9XXV8,44689,D. discoideum,9.536036,12.315208,9
Q54XS1,44689,D. discoideum,8.514631,8.399417,15
Q551Q8,44689,D. discoideum,11.0552025,9.94168,7
Q8T2A4,44689,D. discoideum,11.090335,10.036348,6
P04988,44689,D. discoideum,11.278017,5.2534776,13
Q54ME1,44689,D. discoideum,11.169498,5.528259,13
B0G181,44689,D. discoideum,11.617627,9.297634,7
Q54R76,44689,D. discoideum,10.6821995,9.171642,7
Q54IR8,44689,D. discoideum,15.121826,9.995064,10
Q54I12,44689,D. discoideum,4.844826,12.324965,3
P11976,44689,D. discoideum,13.376787,8.0743475,12
Q86IC8,44689,D. discoideum,6.4727483,12.72939,13
Q554U0,44689,D. discoideum,10.6780205,9.92751,7
Q95ZG4,44689,D. discoideum,10.614405,10.008418,7
P34120,44689,D. discoideum,5.1885734,16.98606,9
Q54DM9,44689,D. discoideum,8.470599,11.779631,13
Q54PB6,44689,D. discoideum,11.339093,9.395963,7
Q55AK6,44689,D. discoideum,8.210073,6.3990326,0
Q54I21,44689,D. discoideum,8.183651,11.260109,9
Q54GH3,44689,D. discoideum,12.3838625,9.140771,12
Q54LT2,44689,D. discoideum,6.9659314,11.58569,9
P05817,44689,D. discoideum,13.3505535,8.081659,12
Q9XYS8,44689,D. discoideum,10.114497,6.4642453,17
Q6RYT0,44689,D. discoideum,7.565346,11.9760895,9
Q55E44,44689,D. discoideum,12.425594,10.647427,12
Q551V8,44689,D. discoideum,6.7675,11.468271,9
Q54U38,44689,D. discoideum,8.366728,11.124266,9
Q54UC9,44689,D. discoideum,10.250425,12.583083,9
O76187,44689,D. discoideum,10.181104,10.320351,7
Q54TV2,44689,D. discoideum,13.904058,5.2264075,5
Q54PV1,44689,D. discoideum,7.973579,10.1582155,6
Q54B82,44689,D. discoideum,10.040066,13.042945,13
Q6S002,44689,D. discoideum,9.011874,5.143817,9
Q54F44,44689,D. discoideum,11.123053,9.292215,7
P36408,44689,D. discoideum,11.220121,7.560222,14
Q558Z0,44689,D. discoideum,7.4670553,12.53692,13
Q54WG6,44689,D. discoideum,7.9004116,9.809719,6
Q9GRF8,44689,D. discoideum,10.025855,10.310708,6
Q54EU5,44689,D. discoideum,10.986502,10.05509,14
Q54BF0,44689,D. discoideum,11.430469,9.330282,7
Q9NAX4,44689,D. discoideum,13.18407,7.788283,12
Q964D8,44689,D. discoideum,6.8457255,11.141499,9
Q54MU8,44689,D. discoideum,9.487107,11.068865,17
Q54QX7,44689,D. discoideum,7.92821,8.998921,15
Q86L14,44689,D. discoideum,6.533301,12.587388,9
Q54G01,44689,D. discoideum,11.444309,9.264378,7
Q9BKJ9,44689,D. discoideum,10.173559,6.410776,17
Q1ZXI0,44689,D. discoideum,7.46702,12.517343,13
Q54B85,44689,D. discoideum,8.246964,11.277699,9
Q54BK2,44689,D. discoideum,10.830788,5.316198,9
Q54PP0,44689,D. discoideum,7.6571016,10.160258,13
O60999,44689,D. discoideum,9.90756,12.68133,9
Q55BV5,44689,D. discoideum,8.186915,11.442087,9
Q6S004,44689,D. discoideum,12.254346,9.259743,12
P14329,44689,D. discoideum,8.033453,10.127668,6
Q54T81,44689,D. discoideum,10.683667,12.65553,11
Q54LV1,44689,D. discoideum,12.405406,10.681948,12
Q54B72,44689,D. discoideum,11.299145,9.329278,7
Q55EI0,44689,D. discoideum,11.026602,9.356088,7
Q54WW7,44689,D. discoideum,11.832628,9.212551,7
Q54LF5,44689,D. discoideum,10.55997,6.4332385,4
Q23862,44689,D. discoideum,6.9912724,19.186794,13
P42527,44689,D. discoideum,11.08745,9.92694,7
Q86G47,44689,D. discoideum,11.192962,5.9766655,13
Q54V32,44689,D. discoideum,12.876506,8.985812,18
Q55AP4,44689,D. discoideum,9.234953,11.027636,17
O96612,44689,D. discoideum,10.978809,9.638083,7
Q55DY7,44689,D. discoideum,5.2069883,16.970814,9
Q54JN7,44689,D. discoideum,12.250409,8.944028,7
Q54VQ5,44689,D. discoideum,6.8594456,12.935438,13
Q23924,44689,D. discoideum,9.9636,12.918411,9
Q54VQ1,44689,D. discoideum,9.010993,13.4613285,6
O00780,44689,D. discoideum,10.676191,11.821194,9
P0CE95,44689,D. discoideum,12.773107,5.18553,5
Q54QM5,44689,D. discoideum,9.386745,6.5115976,17
Q86A77,44689,D. discoideum,10.574955,11.460272,6
Q9XPI8,44689,D. discoideum,9.327324,8.484903,7
Q54JE1,44689,D. discoideum,7.651999,11.428291,13
Q7KWS2,44689,D. discoideum,10.039525,6.5404477,7
Q54DM7,44689,D. discoideum,5.1904182,16.981663,9
Q23925,44689,D. discoideum,11.562532,9.272284,7
Q6XHA5,44689,D. discoideum,12.743012,4.340414,1
Q7Z1Z9,44689,D. discoideum,10.359781,6.45327,4
Q86JG3,44689,D. discoideum,10.652398,10.313521,6
Q54N76,44689,D. discoideum,7.429375,13.902942,13
Q54RK5,44689,D. discoideum,6.50404,12.982108,9
Q54CJ4,44689,D. discoideum,8.336128,5.913651,0
Q54R15,44689,D. discoideum,11.331182,9.772695,7
P54648,44689,D. discoideum,9.890221,10.257988,17
P34042,44689,D. discoideum,9.2823305,13.349403,13
Q54UQ7,44689,D. discoideum,8.33786,15.20296,9
Q54G64,44689,D. discoideum,9.478901,12.0653,9
Q54WT8,44689,D. discoideum,7.622362,5.363083,0
Q54DH4,44689,D. discoideum,13.315273,7.169398,18
Q7KWS3,44689,D. discoideum,9.486581,12.119413,9
P34109,44689,D. discoideum,9.451224,12.424377,13
Q54MH2,44689,D. discoideum,10.6254015,11.503145,6
Q54I18,44689,D. discoideum,11.057111,9.766307,7
Q54JS2,44689,D. discoideum,11.464927,9.258687,7
Q54GD0,44689,D. discoideum,11.769623,9.199041,7
Q54J96,44689,D. discoideum,13.584266,5.597378,2
Q54Q13,44689,D. discoideum,11.85781,9.196622,7
Q54RN4,44689,D. discoideum,12.2382765,8.925811,7
P22683,44689,D. discoideum,12.049845,10.728734,12
Q558U1,44689,D. discoideum,5.5987034,11.360767,8
Q55BZ4,44689,D. discoideum,6.9312005,11.811658,9
Q54S04,44689,D. discoideum,9.936376,10.467863,17
Q54CT1,44689,D. discoideum,11.877697,9.163449,7
P07670,44689,D. discoideum,6.9384003,11.837719,9
Q54UF3,44689,D. discoideum,8.245768,12.355964,13
Q86M88,44689,D. discoideum,11.470797,7.771987,5
Q9GSE7,44689,D. discoideum,9.625181,9.343758,6
Q54N50,44689,D. discoideum,11.639292,9.40719,7
P54675,44689,D. discoideum,10.955696,9.123296,18
Q94489,44689,D. discoideum,10.805901,9.990549,7
Q8MLZ3,44689,D. discoideum,10.702947,10.098032,14
Q54KI4,44689,D. discoideum,10.047251,12.910574,9
Q55AC0,44689,D. discoideum,11.355762,9.378238,7
Q54SG2,44689,D. discoideum,11.4811945,9.098111,18
B0G115,44689,D. discoideum,11.160837,9.229632,7
Q54F38,44689,D. discoideum,12.960508,8.784373,12
Q54P24,44689,D. discoideum,7.953727,10.211067,17
Q86KU2,44689,D. discoideum,7.599407,12.420692,9
Q8T9S7,44689,D. discoideum,11.1277485,9.908888,7
P54704,44689,D. discoideum,12.983763,7.6011896,4
Q54F46,44689,D. discoideum,11.970581,9.1039915,7
P09402,44689,D. discoideum,0.56076956,11.379907,6
Q54LY5,44689,D. discoideum,10.047692,10.795331,17
Q86IJ1,44689,D. discoideum,9.730894,10.942018,17
Q54HW9,44689,D. discoideum,8.588839,8.888799,15
Q54UZ8,44689,D. discoideum,7.8551993,12.099593,14
Q54PN5,44689,D. discoideum,10.721128,9.85481,7
Q9Y0T2,44689,D. discoideum,10.205274,9.408964,6
Q55AR6,44689,D. discoideum,10.825903,10.082419,7
Q54TW4,44689,D. discoideum,8.0968485,11.109989,17
Q55CA0,44689,D. discoideum,10.546532,10.144196,17
Q9NCL8,44689,D. discoideum,9.054607,11.579378,9
Q54QU8,44689,D. discoideum,8.716171,5.798836,14
Q9BIW5,44689,D. discoideum,11.4803915,10.585279,14
P33519,44689,D. discoideum,7.0886354,19.029606,14
Q76P15,44689,D. discoideum,9.712572,10.23388,17
Q54RP6,44689,D. discoideum,8.9310055,13.462301,6
Q54WZ3,44689,D. discoideum,9.877293,10.16685,4
Q55EZ6,44689,D. discoideum,9.712319,12.693904,9
Q8T6J1,44689,D. discoideum,13.932917,5.5724382,2
Q8I7P3,44689,D. discoideum,10.8147135,9.906566,13
Q54D12,44689,D. discoideum,10.867512,9.70846,14
Q9GPM2,44689,D. discoideum,9.821278,10.032709,7
Q54J35,44689,D. discoideum,10.763205,6.408589,4
P13723,44689,D. discoideum,10.866325,5.3014708,9
P54661,44689,D. discoideum,8.374282,8.451957,15
Q54KA3,44689,D. discoideum,9.092642,10.277819,6
Q54VB2,44689,D. discoideum,7.2592587,11.53878,9
Q75K24,44689,D. discoideum,9.981743,12.3709545,9
Q04503,44689,D. discoideum,13.124746,7.7538304,12
Q559I6,44689,D. discoideum,7.705487,4.701388,0
Q54QG7,44689,D. discoideum,11.041836,9.147308,7
Q54UT2,44689,D. discoideum,10.91719,9.523952,7
Q9Y0B7,44689,D. discoideum,10.569216,21.294884,13
Q556Z0,44689,D. discoideum,10.796682,10.036418,17
Q9NIF3,44689,D. discoideum,12.443942,10.692881,12
Q54SA0,44689,D. discoideum,11.360138,7.6445913,9
P34138,44689,D. discoideum,10.544503,11.934633,14
Q55D87,44689,D. discoideum,9.012549,10.996925,9
P34140,44689,D. discoideum,6.9953465,19.158329,13
Q54DT8,44689,D. discoideum,8.158191,10.774111,7
Q9GP84,44689,D. discoideum,10.702362,6.4358215,4
Q54RN1,44689,D. discoideum,10.491039,6.422736,4
Q54UI0,44689,D. discoideum,10.54639,6.389117,4
Q54ZC9,44689,D. discoideum,11.816376,9.2214,7
Q54EY0,44689,D. discoideum,9.912468,6.9936285,7
Q55GN5,44689,D. discoideum,10.576964,10.696341,17
O61122,44689,D. discoideum,12.519723,12.091319,11
P54677,44689,D. discoideum,8.806067,5.616631,9
Q54Z69,44689,D. discoideum,7.9729047,10.180713,6
Q94465,44689,D. discoideum,7.714041,12.065163,9
Q54IA6,44689,D. discoideum,11.994612,10.240598,6
P48160,44689,D. discoideum,7.936104,10.513801,13
Q54M25,44689,D. discoideum,10.8188,6.46034,4
Q54T71,44689,D. discoideum,12.3316555,8.929666,12
Q8T6B7,44689,D. discoideum,7.9944477,11.370748,9
Q54RD6,44689,D. discoideum,10.569265,21.295141,13
Q8T2T5,44689,D. discoideum,8.240391,6.5431237,0
Q54KR8,44689,D. discoideum,10.075783,6.6510806,7
Q76NV5,44689,D. discoideum,7.0928087,11.870865,9
P90526,44689,D. discoideum,7.6311173,10.960944,17
Q54I98,44689,D. discoideum,6.8885856,12.711745,13
P24639,44689,D. discoideum,12.721504,10.804062,12
Q54TD1,44689,D. discoideum,10.65926,5.58113,9
Q54L90,44689,D. discoideum,9.695397,9.662334,15
P54705,44689,D. discoideum,12.386153,9.410143,18
Q54SK5,44689,D. discoideum,8.402406,11.438703,14
Q6TU47,44689,D. discoideum,10.0900345,6.5468807,7
P54642,44689,D. discoideum,7.5540533,5.425148,0
Q54LC3,44689,D. discoideum,10.732016,6.462488,4
Q54SH7,44689,D. discoideum,9.903673,6.4823713,7
Q8IS18,44689,D. discoideum,11.915834,9.158364,7
Q55BN9,44689,D. discoideum,7.8758698,9.767845,6
Q6TMK3,44689,D. discoideum,8.309711,13.570259,13
P16168,44689,D. discoideum,8.475201,9.075691,15
Q556J3,44689,D. discoideum,12.277003,9.185404,12
P15269,44689,D. discoideum,13.058216,7.667165,12
Q55DL8,44689,D. discoideum,7.5194645,9.518502,15
O96759,44689,D. discoideum,7.14484,12.065856,9
Q553N8,44689,D. discoideum,11.136142,8.52556,18
P19198,44689,D. discoideum,13.055765,10.639389,12
Q9GPQ8,44689,D. discoideum,6.97085,19.212805,13
P34907,44689,D. discoideum,9.6998005,6.4696016,7
Q55AN8,44689,D. discoideum,14.152718,8.568504,2
Q553Y1,44689,D. discoideum,10.01085,6.2905517,17
Q869W9,44689,D. discoideum,12.495258,12.228928,14
Q54TG6,44689,D. discoideum,10.578151,12.056302,6
Q554D9,44689,D. discoideum,7.698183,12.501186,9
Q54WA7,44689,D. discoideum,12.331789,9.070396,12
Q54SH8,44689,D. discoideum,9.895609,6.481821,17
Q55FW5,44689,D. discoideum,10.307375,6.4672832,7
Q556Y4,44689,D. discoideum,12.837888,12.746022,11
Q7KWM5,44689,D. discoideum,8.369874,11.204513,13
Q54XP9,44689,D. discoideum,13.133538,7.83495,12
Q54TA1,44689,D. discoideum,11.237797,9.929132,14
Q86AT8,44689,D. discoideum,11.653905,12.116987,14
Q5R1U3,44689,D. discoideum,8.841479,12.262199,9
P13023,44689,D. discoideum,7.970501,10.240481,17
Q54QB1,44689,D. discoideum,12.834886,13.112953,11
Q54YR8,44689,D. discoideum,8.661564,11.234685,17
Q54GM7,44689,D. discoideum,14.972259,8.316056,14
Q55E30,44689,D. discoideum,7.02976,12.313177,9
Q55FQ9,44689,D. discoideum,10.123455,6.5042896,7
Q54HE7,44689,D. discoideum,8.363168,15.21619,13
Q54J33,44689,D. discoideum,10.025707,6.50855,17
Q86A08,44689,D. discoideum,12.015743,8.928054,12
Q54K14,44689,D. discoideum,10.893881,9.728053,7
Q54JR2,44689,D. discoideum,11.920286,12.258012,5
Q55A06,44689,D. discoideum,11.297137,9.208346,7
Q54HY5,44689,D. discoideum,7.117515,11.887992,9
Q9Y0C9,44689,D. discoideum,12.474066,9.142314,12
P42528,44689,D. discoideum,15.528647,14.294005,11
Q86JB6,44689,D. discoideum,7.5734687,11.05142,9
Q86HH3,44689,D. discoideum,9.856106,6.4929585,7
Q55BW2,44689,D. discoideum,8.503578,12.291639,9
Q54QQ0,44689,D. discoideum,7.04775,11.831903,9
P15064,44689,D. discoideum,6.9215045,19.315804,11
Q554J2,44689,D. discoideum,11.086711,8.635864,16
Q54L53,44689,D. discoideum,9.91516,6.4852543,17
Q54F93,44689,D. discoideum,7.423805,12.371147,9
Q54QR3,44689,D. discoideum,7.01871,19.130852,13
Q54XJ0,44689,D. discoideum,8.567854,8.44654,15
Q54UN7,44689,D. discoideum,12.027824,9.298243,7
Q54BX4,44689,D. discoideum,10.945959,7.019695,4
Q54J47,44689,D. discoideum,7.0682483,10.634793,17
Q7Z2B8,44689,D. discoideum,0.5842272,11.350871,14
Q54Z85,44689,D. discoideum,7.377543,8.632663,7
Q8SSQ0,44689,D. discoideum,15.40269,10.937101,10
P34098,44689,D. discoideum,10.787227,5.34554,9
P08798,44689,D. discoideum,13.2274275,7.8193874,12
Q55C21,44689,D. discoideum,8.799933,11.830332,9
Q55GQ4,44689,D. discoideum,11.23738,9.185271,7
Q8T8P3,44689,D. discoideum,8.038257,6.044551,9
Q556G3,44689,D. discoideum,6.380578,14.07523,9
Q55CA9,44689,D. discoideum,7.007566,19.163422,13
Q54WH5,44689,D. discoideum,6.495572,12.9902935,13
Q55GR8,44689,D. discoideum,10.954547,9.823737,7
Q8T673,44689,D. discoideum,10.432122,11.365942,17
P34117,44689,D. discoideum,12.9990225,13.325316,11
Q557E4,44689,D. discoideum,3.9561152,8.394244,13
Q54FJ6,44689,D. discoideum,10.046544,6.5800343,7
Q54BI7,44689,D. discoideum,7.0837502,12.014126,13
Q54NL1,44689,D. discoideum,14.365157,9.985424,10
Q6T486,44689,D. discoideum,10.368854,11.783496,9
Q54BC8,44689,D. discoideum,5.202889,16.990593,17
Q54C04,44689,D. discoideum,11.22872,9.21197,7
Q553M8,44689,D. discoideum,11.115778,9.143927,7
Q54G78,44689,D. discoideum,9.922364,12.754181,9
P34118,44689,D. discoideum,9.841648,10.091609,6
Q95YH0,44689,D. discoideum,12.815494,13.073396,14
Q86AG7,44689,D. discoideum,8.214328,12.027387,9
Q9BLG4,44689,D. discoideum,7.70881,5.361259,0
Q54MG7,44689,D. discoideum,6.8283124,12.439073,9
Q558X5,44689,D. discoideum,8.399054,8.520424,15
Q54NV9,44689,D. discoideum,8.0945425,11.59748,17
Q555Z5,44689,D. discoideum,9.95821,11.852522,1
Q54NE5,44689,D. discoideum,7.325769,10.828761,13
Q86K01,44689,D. discoideum,7.972124,10.362671,9
Q54U89,44689,D. discoideum,9.916626,6.465363,17
Q54QR9,44689,D. discoideum,10.021549,12.477254,9
Q23883,44689,D. discoideum,6.8039126,11.634249,9
O60952,44689,D. discoideum,12.604995,10.288419,12
Q54G86,44689,D. discoideum,8.309931,8.824975,15
Q556Q0,44689,D. discoideum,5.2035484,16.979078,9
Q54GP8,44689,D. discoideum,8.056982,13.732442,13
Q9NH03,44689,D. discoideum,9.411247,13.019555,13
Q54XX3,44689,D. discoideum,8.018817,10.118866,17
Q54BM2,44689,D. discoideum,13.628288,11.021474,12
Q9NKW1,44689,D. discoideum,7.131514,12.223649,13
Q557E0,44689,D. discoideum,8.058886,13.58853,13
Q54LP8,44689,D. discoideum,7.915587,9.820735,6
Q54YL2,44689,D. discoideum,7.1921206,11.849705,9
Q54KB7,44689,D. discoideum,7.0241156,12.372281,9
Q54H57,44689,D. discoideum,9.93587,9.132878,4
Q55BD8,44689,D. discoideum,11.451344,9.237597,7
Q54DL5,44689,D. discoideum,12.276936,8.844462,7
Q94502,44689,D. discoideum,10.84759,5.3011994,13
Q54X82,44689,D. discoideum,9.93659,12.894732,9
Q54NU2,44689,D. discoideum,7.001784,19.154171,13
Q55E25,44689,D. discoideum,12.453348,8.9388895,12
P9WQ23,83332,M. tuberculosis,5.396326,11.626349,3
O69721,83332,M. tuberculosis,5.2382784,11.336386,8
O53198,83332,M. tuberculosis,5.3837233,11.59024,3
O06582,83332,M. tuberculosis,6.014328,11.625205,8
O05442,83332,M. tuberculosis,5.584682,9.313922,8
O69725,83332,M. tuberculosis,5.357679,9.301831,8
P9WNZ7,83332,M. tuberculosis,6.606886,11.158749,17
P9WL37,83332,M. tuberculosis,5.3317547,10.943238,8
P9WFA7,83332,M. tuberculosis,4.817635,11.060959,8
P9WGM7,83332,M. tuberculosis,4.085906,12.000394,3
P9WG97,83332,M. tuberculosis,6.336391,5.555409,0
P9WQP5,83332,M. tuberculosis,5.2662044,12.208186,3
P9WP43,83332,M. tuberculosis,5.350324,9.304134,8
O06348,83332,M. tuberculosis,5.7353673,11.907285,3
O53516,83332,M. tuberculosis,5.8414874,11.662041,3
P9WNL9,83332,M. tuberculosis,5.451759,9.212571,8
P9WIR7,83332,M. tuberculosis,5.47749,9.177096,4
O06542,83332,M. tuberculosis,5.4127965,11.764134,3
O53740,83332,M. tuberculosis,8.242005,8.312236,4
P9WPA5,83332,M. tuberculosis,5.4735107,11.979624,3
O07779,83332,M. tuberculosis,5.5777917,10.384698,8
P9WMA9,83332,M. tuberculosis,5.470415,10.689709,8
P9WJT7,83332,M. tuberculosis,5.3556743,9.359676,8
P9WIU7,83332,M. tuberculosis,5.340135,11.792168,3
P9WFX9,83332,M. tuberculosis,6.215455,11.899806,8
P9WL21,83332,M. tuberculosis,5.4471807,10.815318,8
P95257,83332,M. tuberculosis,5.6161737,10.851736,8
P9WNR7,83332,M. tuberculosis,5.3504305,9.298075,8
P9WG63,83332,M. tuberculosis,5.433807,9.360408,8
P96285,83332,M. tuberculosis,8.985547,6.236705,17
P96227,83332,M. tuberculosis,7.809516,9.73567,6
O53772,83332,M. tuberculosis,5.6497903,11.676756,3
O06816,83332,M. tuberculosis,5.584619,10.923305,8
Q79G13,83332,M. tuberculosis,5.3674307,9.3140955,8
O53486,83332,M. tuberculosis,5.624745,10.71885,8
P9WN23,83332,M. tuberculosis,5.414636,12.149645,3
P9WND5,83332,M. tuberculosis,5.586794,11.747496,8
P9WKK3,83332,M. tuberculosis,9.6091795,13.616842,11
P9WIR3,83332,M. tuberculosis,5.9376855,11.827746,13
O33289,83332,M. tuberculosis,5.5233874,11.620221,3
P9WKH7,83332,M. tuberculosis,5.287565,10.882711,8
P9WKC9,83332,M. tuberculosis,5.5551915,11.273239,8
L0T864,83332,M. tuberculosis,5.3478556,11.613228,8
P71629,83332,M. tuberculosis,6.497725,11.148577,9
O53451,83332,M. tuberculosis,5.5664163,10.416613,8
Q79FH3,83332,M. tuberculosis,5.550002,9.31162,4
P9WI67,83332,M. tuberculosis,5.2270837,10.540383,8
O53564,83332,M. tuberculosis,5.5879064,10.952601,8
P9WGK7,83332,M. tuberculosis,5.1783338,10.899114,8
P9WNM5,83332,M. tuberculosis,5.6337357,12.159615,3
P9WQP1,83332,M. tuberculosis,5.392441,9.4098425,8
O53619,83332,M. tuberculosis,5.22903,11.455713,3
P9WFK9,83332,M. tuberculosis,8.006662,13.458723,9
Q6MWW2,83332,M. tuberculosis,5.875029,11.869111,3
P9WI59,83332,M. tuberculosis,5.668044,11.126201,8
Q50681,83332,M. tuberculosis,5.615287,10.788243,8
P9WK25,83332,M. tuberculosis,5.727532,12.075301,9
P9WQE7,83332,M. tuberculosis,12.24746,8.901992,18
O06218,83332,M. tuberculosis,5.4711165,10.689798,8
P9WKN1,83332,M. tuberculosis,5.727481,10.320212,8
I6XHI4,83332,M. tuberculosis,5.8544426,12.173632,3
P9WJ99,83332,M. tuberculosis,5.231366,10.905869,8
P9WJL3,83332,M. tuberculosis,5.1840405,11.596518,3
P9WJS1,83332,M. tuberculosis,5.1799693,11.599851,3
P96281,83332,M. tuberculosis,5.2001414,11.235205,8
P71594,83332,M. tuberculosis,5.382858,9.279396,8
O53445,83332,M. tuberculosis,5.3949423,9.250799,12
O53478,83332,M. tuberculosis,4.978019,11.168836,3
P9WH79,83332,M. tuberculosis,6.505276,12.183174,13
P9WLD5,83332,M. tuberculosis,5.691007,10.4220705,8
O50431,83332,M. tuberculosis,5.522586,11.665335,3
P9WP37,83332,M. tuberculosis,6.92593,5.6402125,0
P9WJA7,83332,M. tuberculosis,5.639291,10.471132,8
P9WLM1,83332,M. tuberculosis,5.334867,11.615373,3
P9WMC1,83332,M. tuberculosis,5.04021,10.9570675,8
P9WFB9,83332,M. tuberculosis,4.7824244,11.0139265,8
O53177,83332,M. tuberculosis,5.51718,9.201768,12
P9WFD9,83332,M. tuberculosis,5.196758,10.926637,8
O53695,83332,M. tuberculosis,5.3432565,9.363894,8
P9WLD1,83332,M. tuberculosis,5.523253,11.033574,8
P95011,83332,M. tuberculosis,5.3815837,9.3269,8
P9WIZ9,83332,M. tuberculosis,5.4076715,11.197492,8
P9WNE7,83332,M. tuberculosis,6.791587,10.914602,8
P9WJ85,83332,M. tuberculosis,5.5666213,10.361389,8
P9WN69,83332,M. tuberculosis,5.468,11.920956,3
P9WPY7,83332,M. tuberculosis,5.530218,12.077895,3
O07794,83332,M. tuberculosis,5.7624636,11.509237,8
O05880,83332,M. tuberculosis,5.4294963,10.644355,8
P9WLH1,83332,M. tuberculosis,5.807555,11.129272,8
P9WG21,83332,M. tuberculosis,6.3098826,5.4310536,0
P9WNN1,83332,M. tuberculosis,7.425035,11.577316,9
O05888,83332,M. tuberculosis,5.6412716,10.512439,8
P9WLJ3,83332,M. tuberculosis,5.2679753,10.869849,8
P9WJA9,83332,M. tuberculosis,11.733977,10.222501,8
P9WKZ3,83332,M. tuberculosis,5.9372783,11.614803,8
P9WGT9,83332,M. tuberculosis,5.3367777,9.321628,8
P9WKL9,83332,M. tuberculosis,6.456546,10.179779,4
P9WMT5,83332,M. tuberculosis,6.3019567,10.48907,12
P9WJJ3,83332,M. tuberculosis,5.671982,11.967604,9
P95004,83332,M. tuberculosis,4.7838597,11.047517,3
O05842,83332,M. tuberculosis,5.8610053,11.957738,13
P9WJQ3,83332,M. tuberculosis,14.906233,9.762883,10
P9WPC9,83332,M. tuberculosis,5.7753224,12.56917,13
P9WGW7,83332,M. tuberculosis,5.0970645,11.559677,3
P9WPA7,83332,M. tuberculosis,5.8621054,11.447355,8
P9WHV9,83332,M. tuberculosis,5.999351,11.251748,8
P9WQF5,83332,M. tuberculosis,5.84045,11.859003,8
P9WGA9,83332,M. tuberculosis,5.258114,11.508368,8
P9WFF5,83332,M. tuberculosis,5.580991,12.036593,3
P9WQJ7,83332,M. tuberculosis,5.076864,11.057432,8
P9WFT9,83332,M. tuberculosis,5.6061435,11.981085,9
O53837,83332,M. tuberculosis,5.9016566,11.091706,8
P9WFQ9,83332,M. tuberculosis,5.5543785,12.0179825,3
P9WI95,83332,M. tuberculosis,4.780897,11.944331,3
P9WP21,83332,M. tuberculosis,5.8289623,10.507139,15
P9WFR9,83332,M. tuberculosis,8.1440935,8.709973,15
P9WF73,83332,M. tuberculosis,4.801435,11.03201,8
P9WHP7,83332,M. tuberculosis,5.140102,11.639432,3
P9WNS5,83332,M. tuberculosis,5.375551,11.803044,8
P9WMQ5,83332,M. tuberculosis,10.51728,4.983754,17
P9WF45,83332,M. tuberculosis,5.278157,11.389807,8
P96816,83332,M. tuberculosis,5.4182506,11.365593,3
O53467,83332,M. tuberculosis,5.590921,10.4602,8
P9WPF7,83332,M. tuberculosis,6.27605,5.724581,0
P9WKH3,83332,M. tuberculosis,5.578052,11.297935,8
P9WNR9,83332,M. tuberculosis,12.293494,10.800384,12
O69681,83332,M. tuberculosis,5.2074833,11.377326,8
O86361,83332,M. tuberculosis,5.9391327,12.161862,9
O05581,83332,M. tuberculosis,5.211198,11.165557,8
P9WHM7,83332,M. tuberculosis,5.3734493,12.014506,3
P9WQI1,83332,M. tuberculosis,5.8120975,11.091314,8
P9WME7,83332,M. tuberculosis,5.2851133,10.815111,8
P72005,83332,M. tuberculosis,5.7284565,10.392471,8
P9WPI7,83332,M. tuberculosis,5.5903406,9.006505,8
P9WHH7,83332,M. tuberculosis,5.411984,11.437629,8
P9WGF1,83332,M. tuberculosis,6.424139,5.268949,0
Q10838,83332,M. tuberculosis,4.9684024,11.563518,3
O53734,83332,M. tuberculosis,5.4831834,11.735956,3
O07728,83332,M. tuberculosis,5.1999106,10.825361,8
P96817,83332,M. tuberculosis,6.3062162,11.459696,8
P9WNL7,83332,M. tuberculosis,5.4421473,9.207269,8
O06777,83332,M. tuberculosis,5.5306025,10.379551,8
P9WGD7,83332,M. tuberculosis,6.75427,10.923431,3
P9WGL9,83332,M. tuberculosis,4.101952,12.001606,3
I6Y946,83332,M. tuberculosis,6.1816278,11.327926,8
O86314,83332,M. tuberculosis,5.7096753,10.543773,8
P9WG57,83332,M. tuberculosis,8.003926,8.817989,15
P95200,83332,M. tuberculosis,5.7973104,11.69904,3
P95185,83332,M. tuberculosis,5.4952865,11.822384,3
Q6MX01,83332,M. tuberculosis,5.3143983,10.748403,8
O07434,83332,M. tuberculosis,5.7267776,12.353545,3
P9WIT7,83332,M. tuberculosis,5.411996,12.015661,3
O07741,83332,M. tuberculosis,5.421207,9.252596,4
P9WP69,83332,M. tuberculosis,5.987733,10.108431,8
I6Y748,83332,M. tuberculosis,6.276107,5.6397085,8
O53674,83332,M. tuberculosis,5.503447,11.634984,8
O07726,83332,M. tuberculosis,5.378414,9.270449,8
O53419,83332,M. tuberculosis,5.3580885,12.0011,3
P9WIB5,83332,M. tuberculosis,5.883584,10.17109,8
P9WGY5,83332,M. tuberculosis,8.89863,8.40049,15
O06553,83332,M. tuberculosis,5.5297575,11.0683,8
O53406,83332,M. tuberculosis,5.6355753,11.670538,3
P9WH53,83332,M. tuberculosis,7.122189,10.458563,6
P9WH61,83332,M. tuberculosis,7.784341,10.68669,9
P9WQJ5,83332,M. tuberculosis,5.107085,11.647991,3
P9WNN7,83332,M. tuberculosis,5.486803,11.8028555,3
O06614,83332,M. tuberculosis,5.8362403,10.923705,8
P9WGB7,83332,M. tuberculosis,5.4158716,11.97955,3
P72047,83332,M. tuberculosis,5.943398,11.202028,8
O50408,83332,M. tuberculosis,5.30303,11.350306,8
P9WIN5,83332,M. tuberculosis,5.5354295,11.073324,8
P9WJ09,83332,M. tuberculosis,5.5433254,10.440932,8
O53154,83332,M. tuberculosis,5.2167563,11.582894,3
P9WQ63,83332,M. tuberculosis,13.902966,9.874765,2
P9WMK1,83332,M. tuberculosis,16.952827,7.6060343,8
P9WP23,83332,M. tuberculosis,5.502845,12.113928,3
O06813,83332,M. tuberculosis,5.7550397,10.479249,15
O07416,83332,M. tuberculosis,5.2701535,9.341352,8
P9WLX7,83332,M. tuberculosis,8.168875,8.451064,15
P9WQ81,83332,M. tuberculosis,5.312131,11.871666,3
P71830,83332,M. tuberculosis,5.144111,10.976431,8
P9WGE9,83332,M. tuberculosis,5.3355308,9.278529,8
P9WLL7,83332,M. tuberculosis,5.373541,11.014043,8
O06623,83332,M. tuberculosis,8.8714485,7.5308056,4
P9WIV3,83332,M. tuberculosis,5.943064,12.273434,3
P9WLI7,83332,M. tuberculosis,5.4425364,9.257364,8
P96886,83332,M. tuberculosis,13.391973,8.172743,12
O05797,83332,M. tuberculosis,5.061474,11.10834,8
P9WMK9,83332,M. tuberculosis,6.367281,11.656389,3
P9WPU9,83332,M. tuberculosis,7.3211894,11.470319,9
P9WQN9,83332,M. tuberculosis,5.402978,9.395374,8
P9WNP1,83332,M. tuberculosis,5.3403926,12.179403,3
O53954,83332,M. tuberculosis,12.278789,15.91348,16
P96833,83332,M. tuberculosis,6.7844906,5.6568294,0
O05591,83332,M. tuberculosis,5.3388524,11.444005,8
O33187,83332,M. tuberculosis,5.0906987,11.008338,8
O33222,83332,M. tuberculosis,5.1074786,11.076622,8
P9WIJ1,83332,M. tuberculosis,5.560626,11.879673,8
Q79FW0,83332,M. tuberculosis,5.2492323,11.295093,8
P9WKX1,83332,M. tuberculosis,5.850516,10.473685,15
O53554,83332,M. tuberculosis,5.4192724,11.372614,3
P95144,83332,M. tuberculosis,5.5182076,10.968572,8
O53874,83332,M. tuberculosis,5.2100706,11.145345,8
O05784,83332,M. tuberculosis,5.430696,11.45071,3
O53873,83332,M. tuberculosis,5.511803,12.054801,3
O53850,83332,M. tuberculosis,5.3558226,9.567316,8
P9WK55,83332,M. tuberculosis,5.3332887,9.220943,8
P9WMW1,83332,M. tuberculosis,5.4355254,11.723182,3
P9WPZ9,83332,M. tuberculosis,5.326172,11.894352,3
P9WQN3,83332,M. tuberculosis,5.813333,10.332849,8
P9WGX7,83332,M. tuberculosis,5.2209635,10.82423,8
O53238,83332,M. tuberculosis,5.0328956,11.170952,3
P9WG11,83332,M. tuberculosis,6.1952634,5.341536,0
P9WF13,83332,M. tuberculosis,5.562836,10.37763,8
P9WPP3,83332,M. tuberculosis,5.285255,11.605374,3
P9WNP3,83332,M. tuberculosis,5.701066,11.953645,3
P9WQ47,83332,M. tuberculosis,5.556297,11.661905,3
P9WLN3,83332,M. tuberculosis,5.1409144,11.426467,3
I6WZG6,83332,M. tuberculosis,5.965218,10.93562,8
P96832,83332,M. tuberculosis,5.352751,11.973105,3
P9WNY7,83332,M. tuberculosis,5.463411,11.190471,8
P9WIS1,83332,M. tuberculosis,5.6519966,12.107843,3
P9WFW3,83332,M. tuberculosis,5.527311,12.135327,3
O05598,83332,M. tuberculosis,5.559904,11.700135,3
P9WQ51,83332,M. tuberculosis,5.6418114,11.778503,3
P9WKB1,83332,M. tuberculosis,5.4632573,11.174286,8
P9WGI1,83332,M. tuberculosis,6.501321,10.342308,6
P9WH29,83332,M. tuberculosis,8.450405,9.0023575,15
O86331,83332,M. tuberculosis,5.117366,11.015553,8
P9WIV1,83332,M. tuberculosis,5.1199307,11.448308,3
P9WNF5,83332,M. tuberculosis,5.284852,9.25478,12
P9WJE5,83332,M. tuberculosis,5.602423,10.5418,8
O07243,83332,M. tuberculosis,5.4439726,10.935744,8
O06578,83332,M. tuberculosis,5.6502385,10.484152,8
P9WPS5,83332,M. tuberculosis,10.982853,12.010266,6
I6Y2J4,83332,M. tuberculosis,5.4061193,9.306545,8
P9WLF9,83332,M. tuberculosis,12.241192,15.849443,16
P9WQA5,83332,M. tuberculosis,5.472698,12.08035,3
P9WMI9,83332,M. tuberculosis,5.0198255,11.095122,8
P9WPC5,83332,M. tuberculosis,5.975532,12.540863,3
P9WJD1,83332,M. tuberculosis,5.4676275,9.625502,8
P9WJ21,83332,M. tuberculosis,5.547094,10.384491,8
P9WPE1,83332,M. tuberculosis,5.2515135,11.845628,3
O53337,83332,M. tuberculosis,5.2499175,10.868778,3
P9WJU1,83332,M. tuberculosis,5.300483,9.339585,8
P9WNQ1,83332,M. tuberculosis,5.5781636,9.1819105,8
P9WF35,83332,M. tuberculosis,5.030742,11.218539,3
P9WMC7,83332,M. tuberculosis,5.0333266,11.011741,8
O53493,83332,M. tuberculosis,5.192716,10.894751,8
P9WHD3,83332,M. tuberculosis,7.5133767,10.611355,6
P9WH45,83332,M. tuberculosis,9.111548,8.17461,15
P9WPS9,83332,M. tuberculosis,4.899394,11.235543,3
P72007,83332,M. tuberculosis,5.5691934,11.722952,3
P9WNX5,83332,M. tuberculosis,5.4315796,12.177679,3
P9WPP7,83332,M. tuberculosis,5.2941604,11.602565,3
P9WMY7,83332,M. tuberculosis,5.186397,11.267447,3
P95125,83332,M. tuberculosis,5.3894186,11.482046,3
P9WKD9,83332,M. tuberculosis,7.0170655,11.038741,9
O53669,83332,M. tuberculosis,6.988393,11.402269,9
O69730,83332,M. tuberculosis,4.0426655,12.021208,3
P9WGH5,83332,M. tuberculosis,4.6832232,11.409903,3
P9WLQ1,83332,M. tuberculosis,5.4963613,9.130703,8
P9WHX5,83332,M. tuberculosis,5.4337797,9.299036,8
P96246,83332,M. tuberculosis,5.5879173,11.137804,8
P9WFI3,83332,M. tuberculosis,5.457154,11.247125,8
P9WJF1,83332,M. tuberculosis,5.799659,11.838267,3
P9WJ73,83332,M. tuberculosis,5.6098657,10.904307,8
P9WGX3,83332,M. tuberculosis,5.044382,11.499169,3
P9WJP1,83332,M. tuberculosis,5.0104394,11.5562525,3
P9WHI1,83332,M. tuberculosis,4.9761767,11.427327,3
P9WQN5,83332,M. tuberculosis,6.420025,10.760259,8
O33254,83332,M. tuberculosis,5.308086,11.247672,3
P9WM45,83332,M. tuberculosis,5.368279,9.280814,8
P9WPZ5,83332,M. tuberculosis,5.3340855,11.868454,3
O06406,83332,M. tuberculosis,5.1829047,11.395775,3
P9WJH7,83332,M. tuberculosis,8.043126,8.883587,15
P9WNX9,83332,M. tuberculosis,5.7737646,12.714692,3
O69658,83332,M. tuberculosis,5.2469306,10.788394,8
P9WP31,83332,M. tuberculosis,5.203098,11.692689,3
P9WL73,83332,M. tuberculosis,5.6302757,10.644797,8
P9WFL7,83332,M. tuberculosis,8.027945,8.731784,15
O53281,83332,M. tuberculosis,6.0114794,11.164908,8
P9WFH5,83332,M. tuberculosis,5.382179,11.033868,8
O53580,83332,M. tuberculosis,5.641083,11.681464,3
O53762,83332,M. tuberculosis,5.7675643,11.831396,3
P9WMT9,83332,M. tuberculosis,6.349525,11.907207,13
P9WPG7,83332,M. tuberculosis,6.399897,5.60197,0
O05855,83332,M. tuberculosis,5.343274,10.8256035,8
O06380,83332,M. tuberculosis,5.3576818,9.289368,8
P9WNR3,83332,M. tuberculosis,5.3620358,9.282176,8
P9WH69,83332,M. tuberculosis,5.936334,11.238826,8
P9WQC7,83332,M. tuberculosis,6.845496,13.326009,13
P9WKL5,83332,M. tuberculosis,5.5847044,11.185655,8
P9WMR5,83332,M. tuberculosis,5.1449394,11.301583,3
O05579,83332,M. tuberculosis,5.7245407,10.377478,18
P9WPS7,83332,M. tuberculosis,5.027944,11.16107,3
P9WGG9,83332,M. tuberculosis,4.785204,11.339026,3
Q11028,83332,M. tuberculosis,8.719309,-0.70294106,19
O53923,83332,M. tuberculosis,5.5132546,10.874284,8
P9WIE1,83332,M. tuberculosis,7.4064946,13.904165,13
P9WPP9,83332,M. tuberculosis,5.4066286,11.620884,3
P9WIB3,83332,M. tuberculosis,5.862255,10.120851,8
P9WJU7,83332,M. tuberculosis,5.3692226,9.29548,8
P96394,83332,M. tuberculosis,5.29893,11.551788,8
O05805,83332,M. tuberculosis,5.5400157,11.311518,8
O53731,83332,M. tuberculosis,6.26458,5.784965,0
O53931,83332,M. tuberculosis,6.4408374,10.92774,8
P9WHP1,83332,M. tuberculosis,5.391511,12.030494,3
P9WHU3,83332,M. tuberculosis,5.334187,9.263055,8
O53422,83332,M. tuberculosis,6.056712,12.484039,13
P94982,83332,M. tuberculosis,5.4586716,10.658264,8
P9WN59,83332,M. tuberculosis,4.7658296,12.078411,3
P9WKV1,83332,M. tuberculosis,5.1933475,10.971653,8
P9WHJ9,83332,M. tuberculosis,5.1770964,11.591877,3
P96217,83332,M. tuberculosis,5.266366,10.762979,8
P9WMZ5,83332,M. tuberculosis,5.328933,11.699341,3
P9WK49,83332,M. tuberculosis,5.3884435,9.232578,8
P95231,83332,M. tuberculosis,5.997864,11.287443,8
P9WHB7,83332,M. tuberculosis,7.7128534,10.925559,13
P9WMS3,83332,M. tuberculosis,5.467455,11.340294,3
P9WJJ1,83332,M. tuberculosis,5.3054204,11.487382,3
P9WG87,83332,M. tuberculosis,6.287492,5.478377,0
Q93IG6,83332,M. tuberculosis,5.294707,10.564629,8
P9WQG3,83332,M. tuberculosis,5.7486506,13.231289,3
P71745,83332,M. tuberculosis,6.161233,5.2889266,0
P72042,83332,M. tuberculosis,5.273655,10.846307,8
P9WIR9,83332,M. tuberculosis,13.3096485,10.258226,12
P9WK87,83332,M. tuberculosis,5.353945,11.661694,3
P94983,83332,M. tuberculosis,5.5955906,9.092545,8
P9WJN1,83332,M. tuberculosis,5.5133176,11.315521,3
P9WGV7,83332,M. tuberculosis,5.015941,11.480455,3
O53716,83332,M. tuberculosis,5.412629,9.221993,8
O33230,83332,M. tuberculosis,5.1028585,11.481773,3
O53585,83332,M. tuberculosis,5.6307263,11.231563,8
P9WM69,83332,M. tuberculosis,5.495495,10.468292,8
O53158,83332,M. tuberculosis,6.0269084,12.111752,9
P9WJI5,83332,M. tuberculosis,5.253734,11.571897,3
O69661,83332,M. tuberculosis,5.126035,11.14682,8
O53533,83332,M. tuberculosis,5.691163,12.032838,3
P9WGJ3,83332,M. tuberculosis,5.2548833,10.948657,8
P95073,83332,M. tuberculosis,5.479562,10.942481,8
P9WHL5,83332,M. tuberculosis,5.3288336,11.5145855,8
P9WGP1,83332,M. tuberculosis,5.214891,9.450135,8
P9WPI3,83332,M. tuberculosis,5.1850004,11.063798,8
P9WNB3,83332,M. tuberculosis,5.324471,10.843094,8
P9WHR7,83332,M. tuberculosis,5.0504966,11.662606,3
P9WPW3,83332,M. tuberculosis,6.1995597,11.995127,9
P9WNF7,83332,M. tuberculosis,5.7875433,11.871647,3
P9WFZ1,83332,M. tuberculosis,5.2933264,12.116084,3
P9WKL1,83332,M. tuberculosis,7.1538577,10.2755995,15
P9WPK7,83332,M. tuberculosis,5.4312863,11.216618,8
O06583,83332,M. tuberculosis,8.756479,7.594596,15
O05897,83332,M. tuberculosis,5.6052275,11.492692,8
P9WPG1,83332,M. tuberculosis,6.3370423,5.677907,0
P9WP49,83332,M. tuberculosis,4.5321817,11.70112,8
O06543,83332,M. tuberculosis,5.3641524,12.126385,3
L0TC47,83332,M. tuberculosis,5.310347,11.319374,8
P96812,83332,M. tuberculosis,5.110778,10.957926,8
P9WF55,83332,M. tuberculosis,4.80167,11.037837,3
P71799,83332,M. tuberculosis,6.900529,10.039191,17
O06138,83332,M. tuberculosis,5.05129,11.082694,3
P9WQ73,83332,M. tuberculosis,5.6855197,11.25934,8
P9WHH1,83332,M. tuberculosis,5.3856616,11.742549,3
P96233,83332,M. tuberculosis,5.6719832,10.466552,8
P9WHR5,83332,M. tuberculosis,5.33175,9.326571,8
Q79FX5,83332,M. tuberculosis,5.462767,10.646229,8
Q11061,83332,M. tuberculosis,5.63465,12.1964035,3
P9WQ29,83332,M. tuberculosis,5.580942,10.7568865,8
O33194,83332,M. tuberculosis,5.1520915,11.268436,3
O33283,83332,M. tuberculosis,5.499738,10.933216,8
P9WPL1,83332,M. tuberculosis,5.335712,11.538208,3
O53291,83332,M. tuberculosis,5.348346,9.270132,8
P9WQG7,83332,M. tuberculosis,5.5982075,11.031485,8
P9WHE5,83332,M. tuberculosis,8.429004,8.974,15
P96284,83332,M. tuberculosis,5.6027107,11.824569,3
O53551,83332,M. tuberculosis,5.525462,11.6872425,3
P9WL41,83332,M. tuberculosis,5.55932,10.3695755,8
P9WKS9,83332,M. tuberculosis,5.2654815,10.78138,8
O33203,83332,M. tuberculosis,6.301185,5.437025,0
P9WJK7,83332,M. tuberculosis,5.2509613,11.486873,8
O08343,83332,M. tuberculosis,5.1679926,11.790048,3
P9WFF3,83332,M. tuberculosis,5.3755426,11.9756975,3
P9WP51,83332,M. tuberculosis,5.7611475,12.210528,3
P9WIH3,83332,M. tuberculosis,7.087258,9.933143,15
P9WIB9,83332,M. tuberculosis,4.7142982,10.663516,8
P9WNC3,83332,M. tuberculosis,5.19198,11.451216,8
P9WP55,83332,M. tuberculosis,5.6540585,12.361866,3
O06417,83332,M. tuberculosis,5.6695843,11.810048,3
O53777,83332,M. tuberculosis,5.57508,10.9903555,8
O05859,83332,M. tuberculosis,5.3590145,9.322204,8
P9WK99,83332,M. tuberculosis,6.271838,5.4370914,11
P9WNN3,83332,M. tuberculosis,5.362359,11.62563,3
O53298,83332,M. tuberculosis,5.6631007,10.557095,8
P9WFU7,83332,M. tuberculosis,7.8292904,12.387524,9
P71969,83332,M. tuberculosis,5.3743596,9.259637,8
P9WIQ5,83332,M. tuberculosis,5.32361,11.363676,8
P9WH41,83332,M. tuberculosis,6.7980857,11.858627,13
P9WGT5,83332,M. tuberculosis,6.2823915,11.443897,8
P95160,83332,M. tuberculosis,5.5948715,11.720491,3
P96267,83332,M. tuberculosis,5.305833,11.3207855,8
P9WFM3,83332,M. tuberculosis,6.358294,5.624374,0
P9WKE9,83332,M. tuberculosis,4.9700427,11.60612,3
P9WN95,83332,M. tuberculosis,7.294176,11.48007,13
P9WIU5,83332,M. tuberculosis,5.2979116,9.318045,8
P96859,83332,M. tuberculosis,5.486443,11.265651,8
O53346,83332,M. tuberculosis,5.141944,10.911435,8
P96821,83332,M. tuberculosis,5.2916546,10.8097725,8
P9WF85,83332,M. tuberculosis,4.7639174,11.018438,3
P9WKE3,83332,M. tuberculosis,5.8163223,12.624289,3
P9WJI9,83332,M. tuberculosis,5.3263936,11.579518,8
P9WIC7,83332,M. tuberculosis,5.2663293,11.3788805,3
P9WM59,83332,M. tuberculosis,6.4268622,10.24894,6
P96264,83332,M. tuberculosis,5.374325,9.429333,8
P9WHB3,83332,M. tuberculosis,8.449155,8.985358,15
P9WMH5,83332,M. tuberculosis,5.108598,11.082288,8
O06347,83332,M. tuberculosis,5.331378,9.256059,8
O06803,83332,M. tuberculosis,5.649778,10.930589,8
P9WHT7,83332,M. tuberculosis,5.3159275,11.74079,3
P71814,83332,M. tuberculosis,4.089062,12.020935,3
P9WNX1,83332,M. tuberculosis,5.4270334,11.921445,3
P9WFJ9,83332,M. tuberculosis,6.2267585,11.746568,8
O69694,83332,M. tuberculosis,5.872496,11.271912,8
P9WM13,83332,M. tuberculosis,5.1334324,11.19687,3
P9WQ75,83332,M. tuberculosis,5.4804897,12.116761,3
L0T2W6,83332,M. tuberculosis,5.2946587,9.312881,8
O06422,83332,M. tuberculosis,5.6581755,9.157085,8
O53830,83332,M. tuberculosis,5.1626863,10.90834,8
P9WFU3,83332,M. tuberculosis,5.4906683,12.040141,8
Q79FS8,83332,M. tuberculosis,5.758725,10.272403,8
P9WK07,83332,M. tuberculosis,5.4788113,11.347961,8
P9WG45,83332,M. tuberculosis,6.4038157,10.996579,17
P9WFA5,83332,M. tuberculosis,4.7735505,11.048538,3
P71639,83332,M. tuberculosis,5.2771044,10.921698,3
P9WL81,83332,M. tuberculosis,5.768868,10.046116,8
P9WM19,83332,M. tuberculosis,6.292033,5.678147,0
P96808,83332,M. tuberculosis,5.9240165,12.055256,8
O53213,83332,M. tuberculosis,5.0580645,11.2268305,8
P9WFP5,83332,M. tuberculosis,5.3105154,11.450924,8
P9WGA3,83332,M. tuberculosis,5.386353,11.345016,3
O53779,83332,M. tuberculosis,4.765016,11.0103655,8
P9WGH7,83332,M. tuberculosis,4.5128493,11.572707,3
Q50732,83332,M. tuberculosis,5.691703,11.06476,8
P9WMJ9,83332,M. tuberculosis,8.011701,13.602239,13
O53361,83332,M. tuberculosis,5.4438953,9.419586,8
O33188,83332,M. tuberculosis,6.322799,5.4142847,0
P71947,83332,M. tuberculosis,5.7625117,10.899887,8
P9WIM5,83332,M. tuberculosis,6.545029,11.340528,9
I6Y242,83332,M. tuberculosis,5.6705275,11.87163,3
P9WGI9,83332,M. tuberculosis,5.6911306,11.393377,8
P9WLQ9,83332,M. tuberculosis,5.3371353,9.2695875,8
P9WH33,83332,M. tuberculosis,7.19191,10.688812,6
P9WFD3,83332,M. tuberculosis,5.2286406,10.820469,8
P9WHU7,83332,M. tuberculosis,5.1794357,11.506349,3
P9WMP5,83332,M. tuberculosis,5.642796,11.239599,8
P9WM57,83332,M. tuberculosis,5.2756596,10.941915,8
P9WIL5,83332,M. tuberculosis,5.2295237,11.632994,3
Q79FX6,83332,M. tuberculosis,6.18813,12.027507,9
P9WLT5,83332,M. tuberculosis,5.6041975,9.16598,8
P71719,83332,M. tuberculosis,5.2824187,11.295143,8
P9WNG9,83332,M. tuberculosis,5.970629,12.220428,3
P9WF97,83332,M. tuberculosis,4.782647,11.033358,8
P9WMT7,83332,M. tuberculosis,5.0712266,11.430133,3
P9WGC1,83332,M. tuberculosis,5.342601,11.35422,3
P94996,83332,M. tuberculosis,12.24091,11.492951,5
P9WJP5,83332,M. tuberculosis,6.003228,12.008751,3
P9WPB3,83332,M. tuberculosis,6.286757,12.097345,9
P9WJ33,83332,M. tuberculosis,5.582668,10.378751,8
P9WJN5,83332,M. tuberculosis,6.7772236,6.139879,6
I6Y8I5,83332,M. tuberculosis,5.4526453,11.417743,3
P9WG65,83332,M. tuberculosis,5.368742,9.244459,8
P9WJR3,83332,M. tuberculosis,5.68352,12.423811,3
P9WNG7,83332,M. tuberculosis,7.1309404,12.025813,9
P9WN35,83332,M. tuberculosis,5.1981716,11.567019,3
P9WN49,83332,M. tuberculosis,5.5854177,12.192095,3
P9WJ75,83332,M. tuberculosis,5.5668826,10.4196205,8
P9WN87,83332,M. tuberculosis,5.0091963,11.330378,3
P9WLH3,83332,M. tuberculosis,4.7758846,11.510839,3
P9WGY1,83332,M. tuberculosis,7.981961,13.611039,13
P96901,83332,M. tuberculosis,11.151364,8.800904,18
P9WLV5,83332,M. tuberculosis,5.674617,11.402232,3
P9WPQ3,83332,M. tuberculosis,5.140144,11.4851265,3
O53178,83332,M. tuberculosis,12.277516,15.892718,16
P9WLG1,83332,M. tuberculosis,5.8059387,11.572194,3
P9WFT3,83332,M. tuberculosis,5.424949,11.939077,9
P9WND1,83332,M. tuberculosis,5.2444725,11.891689,3
P9WJN3,83332,M. tuberculosis,5.458386,11.207124,8
O33206,83332,M. tuberculosis,6.425207,5.433676,0
O33263,83332,M. tuberculosis,5.6706114,11.769777,3
P9WPB5,83332,M. tuberculosis,6.2455373,12.041797,9
P71787,83332,M. tuberculosis,5.7138987,9.070743,4
O07250,83332,M. tuberculosis,6.0066814,10.531566,8
O07747,83332,M. tuberculosis,5.6667876,9.133619,8
O07732,83332,M. tuberculosis,5.2682953,11.305939,3
P9WL19,83332,M. tuberculosis,6.0380507,11.043034,8
P9WPT5,83332,M. tuberculosis,4.918498,11.205792,3
P9WGE1,83332,M. tuberculosis,5.186964,10.969725,8
P9WGI3,83332,M. tuberculosis,4.58867,11.620801,3
P9WL83,83332,M. tuberculosis,5.4420333,9.219913,8
P96378,83332,M. tuberculosis,5.3497577,9.343084,8
O06392,83332,M. tuberculosis,5.3618145,9.266222,8
P68767,83333,E. coli,6.050498,12.728335,3
P0A9I1,83333,E. coli,5.60351,12.59273,3
P76093,83333,E. coli,6.657771,5.577265,0
P06966,83333,E. coli,7.4843564,9.95394,6
P00816,83333,E. coli,8.134242,8.998548,15
P76594,83333,E. coli,5.1755524,12.4459505,3
P37443,83333,E. coli,4.306788,11.182456,3
P0AE67,83333,E. coli,4.2381015,12.119022,11
P0A7D7,83333,E. coli,7.2756076,12.680526,9
P37180,83333,E. coli,6.865135,5.6207023,0
P75728,83333,E. coli,5.062354,12.433237,3
P0A6U8,83333,E. coli,5.4437795,12.594869,3
P0AG40,83333,E. coli,5.4325624,12.642766,3
P41036,83333,E. coli,6.5038486,5.187557,0
P0AE42,83333,E. coli,7.5652494,5.75178,0
P31069,83333,E. coli,7.112241,5.8965898,0
P0ACZ4,83333,E. coli,4.3435197,11.887376,13
P45530,83333,E. coli,5.53684,12.356628,3
P0AEP3,83333,E. coli,6.142716,12.77943,13
P31574,83333,E. coli,5.6033134,12.423331,9
P77239,83333,E. coli,4.867507,9.937516,3
P21865,83333,E. coli,4.6331553,11.92687,3
P09151,83333,E. coli,6.2116604,12.790025,13
P0C0V0,83333,E. coli,4.819809,9.952929,13
P0A8R7,83333,E. coli,4.449734,11.205377,8
P0AEJ2,83333,E. coli,5.2411337,12.409045,3
P17169,83333,E. coli,5.827841,12.633802,3
P37597,83333,E. coli,6.4541335,5.2019286,0
P0AES6,83333,E. coli,6.748816,10.678756,17
P22333,83333,E. coli,5.527578,12.731809,3
P05459,83333,E. coli,5.458868,12.654663,3
P15078,83333,E. coli,6.9896536,5.487626,0
P76550,83333,E. coli,8.182462,9.063049,6
P12996,83333,E. coli,6.3522797,12.577946,9
P76440,83333,E. coli,6.2545023,12.602243,9
P27843,83333,E. coli,8.726966,7.152754,17
P43337,83333,E. coli,5.3327827,12.264628,3
Q46857,83333,E. coli,6.4486575,13.396323,13
P0AC81,83333,E. coli,6.9615874,12.131706,13
P75810,83333,E. coli,6.4568906,5.167891,0
P76234,83333,E. coli,5.405964,12.782576,3
P0A8Q0,83333,E. coli,6.927266,5.5668306,0
P0ADC8,83333,E. coli,9.202706,9.083796,6
P0AFW8,83333,E. coli,6.840733,10.928545,17
P0AG07,83333,E. coli,6.133887,12.82407,13
P23845,83333,E. coli,5.690616,12.309475,3
P46482,83333,E. coli,4.706073,10.016493,3
P07013,83333,E. coli,6.258379,11.438384,8
P0AFH2,83333,E. coli,6.193898,5.336831,11
P0A9S7,83333,E. coli,4.664726,12.022711,3
P76425,83333,E. coli,6.522471,5.4990845,0
P16688,83333,E. coli,8.588911,8.421782,15
P0A6A6,83333,E. coli,6.569354,11.972953,9
Q47685,83333,E. coli,5.1742377,12.520612,3
P0ABA0,83333,E. coli,10.960556,11.599843,13
P0AE12,83333,E. coli,7.9394526,8.872372,15
P76584,83333,E. coli,5.2994018,12.2721815,3
P08244,83333,E. coli,5.526916,12.725236,3
P0A9L8,83333,E. coli,6.0312138,12.926005,13
P0AFR7,83333,E. coli,6.1419277,5.3060064,0
P76272,83333,E. coli,4.8569126,9.969302,8
P0ABL3,83333,E. coli,5.831447,9.95763,4
P0A6A0,83333,E. coli,5.8406706,11.351947,9
P76576,83333,E. coli,4.7689795,9.883595,13
P67244,83333,E. coli,6.902321,5.7270737,0
P69506,83333,E. coli,5.9027147,12.31345,3
P29018,83333,E. coli,4.346004,11.498134,3
P0AAW9,83333,E. coli,8.793381,7.5777984,4
P0ACV2,83333,E. coli,5.8927307,11.8951025,3
P0ACS5,83333,E. coli,4.3738413,11.957455,3
P0DSF8,83333,E. coli,8.864455,8.381059,15
P00887,83333,E. coli,6.174211,12.915371,9
P76630,83333,E. coli,6.686938,5.5175695,0
P0C960,83333,E. coli,5.2457123,10.173188,8
P52102,83333,E. coli,7.1112666,10.843489,14
P0AFR9,83333,E. coli,6.162437,5.2989597,0
P39265,83333,E. coli,4.7089944,9.793664,13
P76633,83333,E. coli,6.744347,13.245754,13
P75969,83333,E. coli,5.9381814,11.15529,3
P33340,83333,E. coli,5.0783243,9.846669,4
P0A6X3,83333,E. coli,11.584754,11.943545,14
P37903,83333,E. coli,6.9013653,11.936241,13
P63177,83333,E. coli,5.287124,12.522244,3
P09162,83333,E. coli,8.985918,8.417482,15
P14407,83333,E. coli,6.7594533,11.444053,17
P0AEE1,83333,E. coli,5.059436,9.941018,8
P45537,83333,E. coli,4.423495,11.1272545,8
P0AFH8,83333,E. coli,4.9347935,9.841333,12
P0AFR4,83333,E. coli,6.7075076,12.264678,9
P39830,83333,E. coli,6.4372063,5.5690155,0
P0AAG5,83333,E. coli,4.5148315,11.434248,3
P0A972,83333,E. coli,8.328604,13.61598,13
P77329,83333,E. coli,6.4797845,11.618819,9
P28631,83333,E. coli,4.8314366,12.156886,3
P76343,83333,E. coli,6.496373,5.462125,0
P46119,83333,E. coli,8.843653,7.561228,15
P69441,83333,E. coli,7.9467573,13.790959,13
P32176,83333,E. coli,6.562329,12.655107,13
P0ADB1,83333,E. coli,5.2379484,9.956184,8
P37651,83333,E. coli,5.0520563,10.089661,9
P37047,83333,E. coli,4.5944524,11.896762,3
P0C0R7,83333,E. coli,5.8132987,12.612177,3
P22564,83333,E. coli,5.5562115,12.7480345,3
P77551,83333,E. coli,5.212513,10.230527,6
P00926,83333,E. coli,6.2566876,11.530345,17
P64461,83333,E. coli,6.352647,12.243192,13
P76037,83333,E. coli,6.5616345,5.22244,0
P0AFZ3,83333,E. coli,6.2115455,11.379892,8
P29217,83333,E. coli,6.4399114,10.753626,17
P67430,83333,E. coli,4.4453287,11.81229,3
P17315,83333,E. coli,4.397682,9.679551,13
P60340,83333,E. coli,5.348821,12.643966,3
P69488,83333,E. coli,5.217201,12.619611,3
P68919,83333,E. coli,6.865533,11.960895,13
P14294,83333,E. coli,5.6285076,12.480674,3
P04391,83333,E. coli,6.368449,12.646155,9
P0ACG6,83333,E. coli,8.893425,8.002407,4
P0ACC1,83333,E. coli,5.1591654,12.605168,3
P69801,83333,E. coli,6.7383437,5.401574,0
P10408,83333,E. coli,6.9296975,10.734741,9
P07604,83333,E. coli,4.6530147,11.825796,3
P76551,83333,E. coli,5.2857103,12.295441,3
P0A9F1,83333,E. coli,4.4946895,11.781831,3
P76499,83333,E. coli,4.938178,9.720775,8
P07118,83333,E. coli,7.4281626,12.493664,9
P37624,83333,E. coli,4.71222,11.745062,3
P00804,83333,E. coli,6.5359454,5.5005755,0
P37906,83333,E. coli,5.8328466,11.754045,9
P0ABC0,83333,E. coli,6.695992,5.57052,0
P39835,83333,E. coli,6.6727715,5.3179665,0
P05824,83333,E. coli,5.1166162,12.532464,3
P38394,83333,E. coli,8.310853,8.910954,15
P76071,83333,E. coli,4.9475703,12.237365,11
P78055,83333,E. coli,5.5917745,12.703985,3
P0ABJ6,83333,E. coli,6.7061524,5.3988194,0
P64567,83333,E. coli,12.334198,15.942612,16
P0A6C1,83333,E. coli,6.0741777,12.900606,13
A5A627,83333,E. coli,6.9008718,6.0000944,0
P0ABN1,83333,E. coli,6.476902,5.5543704,0
P23893,83333,E. coli,6.177085,12.9777155,13
P0A6P5,83333,E. coli,5.9896636,12.3344755,13
P77333,83333,E. coli,4.2573657,11.952315,3
P0A6E4,83333,E. coli,7.323484,9.681418,15
P00935,83333,E. coli,5.8053365,12.810437,3
P76350,83333,E. coli,6.474412,5.1220083,0
C1P602,83333,E. coli,8.778797,7.5713835,4
P45577,83333,E. coli,7.0587893,10.226773,6
P0ADP9,83333,E. coli,8.472609,8.608319,15
P00448,83333,E. coli,6.998724,12.437059,9
Q46909,83333,E. coli,6.4977107,5.138293,0
P0ADT2,83333,E. coli,12.254185,10.603664,12
P0A722,83333,E. coli,6.621168,12.076665,13
P0AA73,83333,E. coli,6.475284,5.119337,0
P32144,83333,E. coli,5.1808314,12.481645,3
P0AB91,83333,E. coli,6.3394146,13.018062,13
P37619,83333,E. coli,6.7341304,5.5663853,0
P18843,83333,E. coli,6.630685,11.880322,9
P10423,83333,E. coli,5.0895467,10.06839,8
P0AEL0,83333,E. coli,6.9043813,5.627507,0
P39359,83333,E. coli,6.1094794,12.787404,13
P00944,83333,E. coli,6.822794,10.794944,17
P32712,83333,E. coli,4.480483,10.659806,8
P11989,83333,E. coli,4.8625627,12.179311,3
P0ABW9,83333,E. coli,4.8636503,10.012624,3
P33022,83333,E. coli,6.0078406,12.878055,13
P0AGE9,83333,E. coli,6.771014,13.195038,13
P0AG11,83333,E. coli,5.585229,12.140748,3
P75747,83333,E. coli,6.4506116,5.273335,0
P33224,83333,E. coli,5.820637,11.977353,3
P62552,83333,E. coli,5.588018,10.350142,6
P0AF93,83333,E. coli,6.0696516,13.033579,13
P0AGI8,83333,E. coli,5.6306124,12.56125,3
P71239,83333,E. coli,6.5145464,11.956064,3
P0AD68,83333,E. coli,4.8389945,10.009918,3
P0AA57,83333,E. coli,4.839981,9.932918,3
P0ABD1,83333,E. coli,6.719413,5.4415913,0
P0ADS2,83333,E. coli,4.572384,11.771488,6
P28306,83333,E. coli,4.8557487,9.989829,3
P33359,83333,E. coli,6.1833067,5.323065,0
P0AAH0,83333,E. coli,4.650584,11.960104,13
P23721,83333,E. coli,6.5702796,13.003973,13
P0AFJ5,83333,E. coli,4.096227,12.019669,3
P39386,83333,E. coli,6.461085,5.1498446,0
P07464,83333,E. coli,6.9066277,11.859174,9
P75715,83333,E. coli,5.052786,9.834224,8
P77425,83333,E. coli,5.9090233,12.689339,3
P62617,83333,E. coli,5.709264,12.637464,3
P76055,83333,E. coli,6.7145925,11.94027,9
P37661,83333,E. coli,5.3598866,10.071555,8
Q06065,83333,E. coli,4.572149,12.052385,3
P46923,83333,E. coli,6.578229,12.237676,9
P0ABV2,83333,E. coli,4.916355,9.977466,13
Q46919,83333,E. coli,8.319943,8.48466,15
P10371,83333,E. coli,5.712491,12.721762,3
P04036,83333,E. coli,5.621646,12.645682,3
P0AB87,83333,E. coli,6.1047516,12.755079,13
C1P5Z8,83333,E. coli,8.833964,7.5948625,15
P77802,83333,E. coli,4.4859686,9.861029,8
P31460,83333,E. coli,4.36164,11.850261,3
P52061,83333,E. coli,5.602378,12.741409,3
P69739,83333,E. coli,6.558923,11.635625,9
P75763,83333,E. coli,6.7489657,5.3133936,0
P0A840,83333,E. coli,5.8124013,12.490102,9
P24183,83333,E. coli,6.618497,12.773314,13
P0A8W2,83333,E. coli,4.3703814,11.784111,3
P76049,83333,E. coli,6.794894,12.628439,13
P0A729,83333,E. coli,5.231176,12.55289,3
P0C7L2,83333,E. coli,5.992956,12.586261,3
P02932,83333,E. coli,4.397382,9.640536,13
P0A8I1,83333,E. coli,5.8041635,12.526743,3
P0ABG7,83333,E. coli,6.3374195,5.4121804,0
P75910,83333,E. coli,8.878575,7.4374723,15
P22188,83333,E. coli,5.2986174,12.768578,3
P06992,83333,E. coli,5.703796,12.744317,3
P76506,83333,E. coli,5.021888,10.04447,8
P37005,83333,E. coli,5.258756,12.552001,3
P0AAA7,83333,E. coli,6.442036,5.1858153,0
P0AF03,83333,E. coli,6.6581035,11.799203,9
P0A7S9,83333,E. coli,7.8070803,10.713322,9
P76063,83333,E. coli,7.8562384,9.290446,14
P75767,83333,E. coli,6.639444,11.631608,9
P76127,83333,E. coli,8.622575,8.465065,15
P77731,83333,E. coli,5.973202,11.9410925,9
P41441,83333,E. coli,4.5472326,11.425099,3
P0A8Y5,83333,E. coli,6.117649,12.883016,13
P76352,83333,E. coli,6.4934855,5.138388,0
P75915,83333,E. coli,6.6565685,11.234867,8
P77529,83333,E. coli,6.5208745,5.37285,0
P0AC84,83333,E. coli,5.680523,12.671801,13
P13000,83333,E. coli,5.271775,12.687906,3
P0ABZ6,83333,E. coli,4.742215,9.883303,13
P75894,83333,E. coli,6.103857,12.2267065,3
P0AF80,83333,E. coli,6.916775,5.67123,0
P77364,83333,E. coli,5.471133,12.802318,3
P04993,83333,E. coli,5.0582414,12.484189,3
P15030,83333,E. coli,6.473106,5.4254594,0
P29208,83333,E. coli,5.2094593,12.277214,3
P0ABV6,83333,E. coli,4.920651,9.998418,8
P0AES0,83333,E. coli,6.7236733,11.155242,17
P08245,83333,E. coli,7.132056,10.636362,6
P76270,83333,E. coli,4.7320113,11.901761,3
P37647,83333,E. coli,5.4601045,12.659124,3
P27836,83333,E. coli,5.620514,12.422447,3
P26649,83333,E. coli,8.397085,8.522823,15
P37195,83333,E. coli,4.4784803,11.715866,17
P37338,83333,E. coli,4.3228006,11.815109,3
P0AF28,83333,E. coli,4.073532,12.081,3
Q46817,83333,E. coli,6.611188,5.37131,0
P76344,83333,E. coli,8.2022915,8.628639,4
P0AC26,83333,E. coli,6.8117385,5.467278,0
P76347,83333,E. coli,9.781001,11.736185,17
P0AEU7,83333,E. coli,4.7778363,9.881781,13
Q46824,83333,E. coli,4.3035603,11.2204685,8
P0A9C9,83333,E. coli,6.580768,12.316507,9
P0A9Q7,83333,E. coli,6.5615435,13.106652,13
P77667,83333,E. coli,6.349419,11.842292,9
P0AA04,83333,E. coli,8.032919,13.575313,13
P17115,83333,E. coli,5.3351436,12.590667,3
P37613,83333,E. coli,6.167993,11.20105,8
P24205,83333,E. coli,5.910619,11.711688,3
P31469,83333,E. coli,8.407252,8.519445,15
P13482,83333,E. coli,5.244284,10.115574,13
P0A821,83333,E. coli,5.2711234,12.664029,3
P0ABQ4,83333,E. coli,5.8180375,12.664554,3
P00904,83333,E. coli,5.2659345,12.578106,3
P60720,83333,E. coli,5.212562,12.548045,3
P31126,83333,E. coli,6.491105,5.1453857,0
P0AF10,83333,E. coli,6.8573055,10.4850855,17
P16384,83333,E. coli,5.2506084,12.631635,3
P0A6X7,83333,E. coli,6.2052546,12.097391,13
P19930,83333,E. coli,4.912445,11.939298,3
P02943,83333,E. coli,4.3581114,9.624052,13
P0AFJ1,83333,E. coli,8.215739,9.076897,6
P0AF82,83333,E. coli,6.875087,10.454541,17
P0ADA1,83333,E. coli,4.8140273,10.39017,3
P23882,83333,E. coli,5.2589474,12.806286,3
P0C0S1,83333,E. coli,6.365497,5.455277,11
P45531,83333,E. coli,5.57434,12.377031,3
P26616,83333,E. coli,6.352691,12.594352,9
P0AAH4,83333,E. coli,4.646447,11.908866,3
P52612,83333,E. coli,5.45925,12.46704,3
P0A8W5,83333,E. coli,6.468643,12.520085,9
P00893,83333,E. coli,6.1327705,12.919938,3
P23862,83333,E. coli,8.100694,8.606508,8
P0AB40,83333,E. coli,4.9109273,9.804913,13
P0AFI9,83333,E. coli,6.326563,5.4658513,0
P21829,83333,E. coli,5.563527,12.554399,3
P11286,83333,E. coli,8.855283,7.36897,15
P0AEV1,83333,E. coli,4.470471,11.560095,8
P77377,83333,E. coli,6.4561048,5.158742,0
P42626,83333,E. coli,6.042557,12.75752,9
P0AEM0,83333,E. coli,6.5947866,11.875447,3
P77562,83333,E. coli,5.855013,9.913891,15
P45422,83333,E. coli,4.8471107,9.704435,8
P77397,83333,E. coli,5.8252034,11.765301,3
P77288,83333,E. coli,4.9315724,9.66697,8
P18133,83333,E. coli,5.876825,12.06614,9
P43671,83333,E. coli,4.8029785,9.979629,3
P0AFI7,83333,E. coli,5.418238,12.0924635,3
P30850,83333,E. coli,5.813956,12.307686,3
P24202,83333,E. coli,6.1157947,11.294321,8
P0A9U1,83333,E. coli,4.63658,11.929739,3
P60778,83333,E. coli,6.4898744,5.198442,0
P52043,83333,E. coli,6.5112286,11.751737,9
P0ACT2,83333,E. coli,4.387565,11.703835,3
P0A8K8,83333,E. coli,6.3185644,5.4491735,0
P0AFC7,83333,E. coli,7.104862,10.468186,17
P0A8T1,83333,E. coli,5.3597174,12.599199,3
P60664,83333,E. coli,6.33292,12.556907,9
P69423,83333,E. coli,6.342064,5.446454,0
P0ABW5,83333,E. coli,4.838579,9.673513,13
P0AA39,83333,E. coli,4.919967,12.251,3
P39452,83333,E. coli,6.7409096,11.413046,17
P24218,83333,E. coli,5.9896326,11.192924,3
P31600,83333,E. coli,4.587305,10.307648,8
P52106,83333,E. coli,4.5305285,11.644714,17
P0AE82,83333,E. coli,4.3039255,11.282649,3
P0A8G9,83333,E. coli,4.6948056,12.0150795,3
P0A707,83333,E. coli,6.154438,12.194488,9
P0A7L3,83333,E. coli,7.9199767,10.545,9
P22523,83333,E. coli,10.944913,11.723593,17
P25960,83333,E. coli,6.574944,5.559641,0
P0A6G7,83333,E. coli,6.09852,12.605581,13
P06999,83333,E. coli,5.581935,12.674965,3
P65556,83333,E. coli,6.1949077,11.882128,3
P0A905,83333,E. coli,4.9181504,9.870254,8
P76104,83333,E. coli,5.9852967,12.211605,9
P31552,83333,E. coli,6.0328155,12.717279,3
P27862,83333,E. coli,5.2173324,12.730029,3
P27434,83333,E. coli,4.8883057,10.38713,12
P21513,83333,E. coli,6.787724,10.346208,12
P77526,83333,E. coli,5.6440263,12.55384,3
P77434,83333,E. coli,6.6479483,12.871243,11
P76114,83333,E. coli,4.378307,11.767244,3
P77522,83333,E. coli,6.985911,11.534792,9
P76342,83333,E. coli,5.7953167,10.089475,17
P02924,83333,E. coli,4.851855,9.815615,13
P77656,83333,E. coli,9.638404,11.516673,9
P77044,83333,E. coli,5.9129972,11.726248,3
P76245,83333,E. coli,4.4805384,11.803895,3
P31663,83333,E. coli,5.8382373,12.6760645,3
P45563,83333,E. coli,6.1777873,12.239553,9
P00803,83333,E. coli,6.0442433,10.236685,8
P37013,83333,E. coli,4.532679,11.861517,3
P0ABZ4,83333,E. coli,5.360253,12.589554,3
P75693,83333,E. coli,6.463636,5.2577324,0
Q46893,83333,E. coli,5.158203,12.587168,3
P31436,83333,E. coli,6.466365,5.1718087,0
P39321,83333,E. coli,13.48116,9.588254,2
P24169,83333,E. coli,6.734246,11.542883,9
P76017,83333,E. coli,4.6844068,9.776609,8
P09372,83333,E. coli,7.854407,13.525826,13
P23877,83333,E. coli,6.319986,5.4205985,0
P0AGI1,83333,E. coli,6.222507,5.3690944,11
P07363,83333,E. coli,4.579804,11.962393,3
P0ABW3,83333,E. coli,5.0732083,12.154109,3
P0AB55,83333,E. coli,5.863964,12.170532,3
P00805,83333,E. coli,4.7125497,9.82363,13
P11864,83333,E. coli,8.164454,8.093005,15
P77256,83333,E. coli,6.138944,12.832544,13
P0ABN9,83333,E. coli,6.8758235,5.3556,0
P0A9J0,83333,E. coli,5.690867,12.584268,3
P0ABN5,83333,E. coli,6.880222,5.2823215,0
P75785,83333,E. coli,5.394942,10.071348,9
P0ADP0,83333,E. coli,5.0096006,12.034205,3
P75855,83333,E. coli,4.838521,9.708737,13
P09053,83333,E. coli,6.345369,11.975859,9
P21338,83333,E. coli,8.248601,8.3788185,15
P45424,83333,E. coli,6.08477,12.01011,3
P37642,83333,E. coli,6.3353634,5.6877923,0
P0AAL0,83333,E. coli,4.377041,11.398212,3
P0ADI4,83333,E. coli,5.335589,12.255629,3
P69908,83333,E. coli,6.665432,12.919032,13
P76078,83333,E. coli,8.09639,8.8442,15
P67662,83333,E. coli,4.3223844,12.019552,3
P0AGK4,83333,E. coli,5.8755684,12.292009,9
P25553,83333,E. coli,5.996867,12.922263,13
P76297,83333,E. coli,5.3097663,10.110797,8
P76273,83333,E. coli,5.660946,12.248568,3
P0AC19,83333,E. coli,6.695601,12.264518,13
P37340,83333,E. coli,6.422786,5.1455345,0
P0A700,83333,E. coli,5.0302286,12.194817,3
P17583,83333,E. coli,6.4443913,5.2648907,0
P0AFW0,83333,E. coli,5.6491513,11.991013,3
P77182,83333,E. coli,5.005017,12.414981,3
P0A7D1,83333,E. coli,5.697225,12.597949,3
P0A780,83333,E. coli,5.727645,12.392267,3
P39160,83333,E. coli,6.062249,12.683784,3
P28249,83333,E. coli,4.5618124,10.303741,8
P04968,83333,E. coli,5.578516,12.406234,3
P76373,83333,E. coli,6.2321525,12.739994,13
P46883,83333,E. coli,5.686174,10.1032295,17
P0A7U3,83333,E. coli,8.474584,9.072629,15
P40120,83333,E. coli,5.937808,10.42694,9
Q46927,83333,E. coli,6.3361735,12.315233,3
P64559,83333,E. coli,8.476426,8.451427,15
P0AG48,83333,E. coli,7.263973,11.659088,9
P76261,83333,E. coli,4.329946,11.304865,8
P0AA43,83333,E. coli,5.573705,12.679824,3
P02919,83333,E. coli,4.850677,10.009424,3
P62395,83333,E. coli,8.936758,7.9581246,18
P08660,83333,E. coli,5.5893536,12.639042,3
P0AGI4,83333,E. coli,6.2497034,5.272961,0
P69791,83333,E. coli,6.0505295,12.280178,9
P0AC51,83333,E. coli,4.4424515,11.898143,3
P76364,83333,E. coli,8.909082,8.25177,15
P0C0L9,83333,E. coli,8.490954,8.470178,15
P0AEX9,83333,E. coli,4.693992,9.791013,13
P0A8A4,83333,E. coli,6.5590825,11.6045885,9
Q59385,83333,E. coli,4.7212234,11.362351,3
P76083,83333,E. coli,5.1821303,12.627513,3
P0A8D6,83333,E. coli,5.760129,12.72451,3
P0A9K9,83333,E. coli,6.7454777,11.960659,13
P76536,83333,E. coli,7.1761737,10.160381,17
Q47140,83333,E. coli,6.839481,11.954982,9
P0A8K1,83333,E. coli,6.6336975,11.666717,9
P0A6A3,83333,E. coli,6.2609863,12.791307,13
P0AEP1,83333,E. coli,6.591381,5.0016575,0
P60546,83333,E. coli,5.3827896,12.532685,3
P10908,83333,E. coli,5.6580644,12.511843,3
P60785,83333,E. coli,5.8043814,12.508969,13
P07109,83333,E. coli,4.665698,12.004718,3
P0CE44,83333,E. coli,6.614275,5.077785,0
P0A6J1,83333,E. coli,5.887908,11.999439,3
P76080,83333,E. coli,6.3226748,11.583765,8
P07026,83333,E. coli,4.546105,11.687641,9
P0A940,83333,E. coli,4.708245,9.87247,13
P76513,83333,E. coli,8.695907,8.380342,15
P06709,83333,E. coli,5.1614833,12.58005,3
P30178,83333,E. coli,5.61269,12.466193,3
P77858,83333,E. coli,6.7023807,5.5409417,0
P0AFU2,83333,E. coli,6.461975,5.4262676,0
P33602,83333,E. coli,6.20454,11.530885,8
P0ADC6,83333,E. coli,6.5733333,5.6150255,0
P0ACD4,83333,E. coli,8.121749,13.631802,13
P0AEM6,83333,E. coli,4.523577,11.912848,3
P0AB18,83333,E. coli,8.238673,8.919483,15
P0AAG0,83333,E. coli,4.647588,11.984239,3
P36680,83333,E. coli,8.200076,8.490677,15
P76204,83333,E. coli,4.4978566,11.677896,9
P0CF66,83333,E. coli,5.7508993,10.9974575,6
P27550,83333,E. coli,6.11492,11.941488,13
P0A9M2,83333,E. coli,6.078406,12.74053,13
P77544,83333,E. coli,5.49765,12.035279,8
P0A8L7,83333,E. coli,8.492375,8.467593,15
P0ADI0,83333,E. coli,5.7772264,11.241173,3
P77252,83333,E. coli,6.350822,12.650097,9
P0A6K3,83333,E. coli,5.7306185,12.723261,3
P0ACE3,83333,E. coli,8.514834,8.946273,15
P24173,83333,E. coli,5.115708,12.475453,3
P76038,83333,E. coli,5.4700212,12.307054,3
P77318,83333,E. coli,5.6998286,10.099318,9
P11667,83333,E. coli,6.471561,5.307419,0
P75994,83333,E. coli,8.821161,8.346341,15
P37643,83333,E. coli,6.4977436,5.040768,0
P60932,83333,E. coli,6.449747,5.4546437,0
Q46836,83333,E. coli,6.523974,5.477142,0
P77690,83333,E. coli,5.7752867,12.849509,3
P77581,83333,E. coli,5.9184704,12.965039,3
P64574,83333,E. coli,8.428915,8.560382,15
P09980,83333,E. coli,5.303754,12.48879,3
P25396,83333,E. coli,6.693574,5.5409884,0
P42601,83333,E. coli,6.5481524,5.4056854,0
P39333,83333,E. coli,5.9419436,12.054961,3
P75820,83333,E. coli,4.8656917,10.256617,3
P64612,83333,E. coli,5.1307564,12.520974,3
P0ABX2,83333,E. coli,4.864818,9.960136,13
P33940,83333,E. coli,5.319519,10.210752,3
P0AGA2,83333,E. coli,6.697292,5.487683,0
P0AFS3,83333,E. coli,4.9856424,12.350678,3
P23847,83333,E. coli,4.6843624,9.788073,13
P0A7L0,83333,E. coli,7.317829,11.694478,9
P37596,83333,E. coli,5.014346,12.39465,3
P0AAR0,83333,E. coli,8.658567,8.322032,15
P24181,83333,E. coli,4.7377806,9.947716,11
P0ACQ7,83333,E. coli,4.4441576,11.847988,9
P0AG03,83333,E. coli,5.4582953,12.646677,3
P11663,83333,E. coli,8.513964,8.401902,15
P77625,83333,E. coli,5.126867,12.186848,3
P37640,83333,E. coli,4.4231377,11.739302,8
P64508,83333,E. coli,12.308147,15.908074,16
P0ADM4,83333,E. coli,8.599379,7.9121103,4
P31135,83333,E. coli,6.1411676,5.31813,0
P27842,83333,E. coli,8.588582,6.30365,17
P39836,83333,E. coli,6.667785,5.2385697,0
P0A7N9,83333,E. coli,8.4655075,8.969949,15
P42913,83333,E. coli,4.926624,9.713873,8
P25718,83333,E. coli,5.0517364,10.114048,8
P37147,83333,E. coli,6.6283345,5.764785,0
P0ACN4,83333,E. coli,4.377358,12.052827,3
P0A8D9,83333,E. coli,8.799084,7.8341956,15
P24193,83333,E. coli,5.3801413,12.807527,3
P27253,83333,E. coli,6.24868,12.585502,9
P33232,83333,E. coli,6.0467167,12.260535,9
P27302,83333,E. coli,6.6748123,11.862777,9
P09163,83333,E. coli,5.391039,11.557629,3
P64614,83333,E. coli,5.0124435,9.807042,6
P0A6N8,83333,E. coli,7.498781,11.575824,9
P23872,83333,E. coli,5.8889413,12.656718,3
P23894,83333,E. coli,6.9740252,5.8741465,0
Q38AF9,185431,T. brucei,9.572314,10.314528,17
Q38FY4,185431,T. brucei,10.151178,8.494298,15
Q57Y01,185431,T. brucei,11.632469,8.418809,18
Q387I8,185431,T. brucei,8.577541,-0.4810013,19
Q586W9,185431,T. brucei,7.3515162,11.839002,3
Q582U8,185431,T. brucei,10.898527,8.842386,15
Q381S5,185431,T. brucei,12.528377,8.930098,2
Q57U69,185431,T. brucei,8.840273,12.015947,9
Q38BB1,185431,T. brucei,10.327559,12.814999,14
Q38CB3,185431,T. brucei,13.260069,4.7738204,5
Q586C5,185431,T. brucei,9.390723,12.041406,17
Q580Q2,185431,T. brucei,11.587302,8.393681,18
Q581C7,185431,T. brucei,11.659938,8.592267,18
Q57Z97,185431,T. brucei,9.7598915,10.099787,17
Q57TV6,185431,T. brucei,9.160004,6.679708,4
Q4GZ27,185431,T. brucei,8.403315,5.641402,11
Q57V46,185431,T. brucei,9.373133,11.317065,9
Q586A3,185431,T. brucei,13.227818,9.011198,18
Q580A3,185431,T. brucei,7.8379874,11.95506,9
Q583Z1,185431,T. brucei,11.235615,10.096575,6
Q57VS2,185431,T. brucei,10.216122,8.599606,15
Q57XV9,185431,T. brucei,11.004366,8.511154,18
Q57YK6,185431,T. brucei,10.547945,8.97872,15
Q38BV9,185431,T. brucei,11.063881,8.542147,10
Q386Q2,185431,T. brucei,9.717594,9.292744,15
Q57YY2,185431,T. brucei,8.825569,11.697504,9
Q580K8,185431,T. brucei,6.6262913,11.74573,9
Q383D2,185431,T. brucei,10.203956,9.946591,6
Q389G0,185431,T. brucei,9.747452,9.356616,15
Q57XW9,185431,T. brucei,9.640492,10.036128,17
Q581U1,185431,T. brucei,9.557937,10.302089,14
Q38B91,185431,T. brucei,10.273476,8.554561,15
Q389P0,185431,T. brucei,10.884449,8.489786,17
Q38BI6,185431,T. brucei,8.857402,7.3865447,15
Q38CK7,185431,T. brucei,10.96468,10.375262,14
Q57WZ7,185431,T. brucei,10.153227,8.730384,15
Q38D28,185431,T. brucei,11.416399,8.510371,18
Q384W7,185431,T. brucei,7.3340764,11.251703,9
Q386B4,185431,T. brucei,11.51294,8.4109535,18
Q384I1,185431,T. brucei,7.8042984,12.689537,9
Q57X22,185431,T. brucei,6.6080894,12.479414,9
Q389Y6,185431,T. brucei,8.9601755,11.38449,14
Q38AR6,185431,T. brucei,9.086338,11.023351,17
Q381Z6,185431,T. brucei,11.12885,8.740719,18
Q580R9,185431,T. brucei,8.499624,8.589274,15
Q38G31,185431,T. brucei,12.281222,15.881845,16
Q38AX4,185431,T. brucei,9.788497,11.178882,17
Q57WT3,185431,T. brucei,10.219294,9.13104,15
Q382D9,185431,T. brucei,10.377715,9.91428,6
Q386U7,185431,T. brucei,9.671927,11.128086,17
Q387E4,185431,T. brucei,11.0042925,8.419562,15
Q384F9,185431,T. brucei,9.807506,9.49633,15
Q4GZ10,185431,T. brucei,9.203867,11.013614,17
Q57X27,185431,T. brucei,10.765802,8.881269,18
Q380U6,185431,T. brucei,-4.1166854,8.24871,1
Q57ZX2,185431,T. brucei,6.9206676,11.538559,9
D6XKM9,185431,T. brucei,9.196786,12.113988,17
Q57WV9,185431,T. brucei,10.353688,8.61716,15
Q57WV1,185431,T. brucei,9.1738405,14.954202,9
Q57ZY1,185431,T. brucei,9.92867,9.481993,15
Q57UN7,185431,T. brucei,8.500163,8.471225,15
Q384A4,185431,T. brucei,10.241761,7.7428017,15
Q381Y2,185431,T. brucei,9.766784,9.70198,17
Q585U3,185431,T. brucei,11.066073,5.096115,17
Q580E2,185431,T. brucei,9.352916,12.0037985,9
Q383C5,185431,T. brucei,10.153481,8.555342,15
Q38AZ0,185431,T. brucei,9.953296,10.772494,17
Q57Y06,185431,T. brucei,8.026977,5.1095996,0
Q584P9,185431,T. brucei,10.378671,8.640168,15
Q57VR7,185431,T. brucei,8.17589,13.599069,13
Q38BK1,185431,T. brucei,11.474404,14.203444,13
Q389A6,185431,T. brucei,9.320744,9.113625,15
Q383F5,185431,T. brucei,8.066535,10.281445,6
Q384H4,185431,T. brucei,10.030187,7.3971024,4
Q583Z3,185431,T. brucei,10.273076,9.913768,1
Q57ZC8,185431,T. brucei,10.629388,9.27666,18
Q38C91,185431,T. brucei,7.4869385,12.2983055,9
Q57W10,185431,T. brucei,10.050014,9.231556,15
Q57ZM9,185431,T. brucei,9.136807,11.217435,6
Q38BX3,185431,T. brucei,9.995952,9.612965,17
Q382B7,185431,T. brucei,9.925565,11.248403,17
Q57YN7,185431,T. brucei,10.42208,8.545896,15
Q57ZA4,185431,T. brucei,8.672914,-0.63841206,19
Q38BT9,185431,T. brucei,12.253157,15.753929,16
Q584C6,185431,T. brucei,12.372285,15.992159,16
Q57ZP8,185431,T. brucei,10.134807,8.521918,15
Q57Y15,185431,T. brucei,9.400741,10.320877,17
Q387S1,185431,T. brucei,11.041619,8.806356,18
Q389J6,185431,T. brucei,11.475483,8.381901,18
Q38AP9,185431,T. brucei,11.483747,4.8628135,17
Q587F5,185431,T. brucei,18.685286,6.073483,4
Q38DC2,185431,T. brucei,8.269593,5.0752325,0
Q57WW4,185431,T. brucei,9.726476,9.552128,17
Q38CJ7,185431,T. brucei,9.116452,7.3780937,15
Q587C0,185431,T. brucei,7.227276,11.454126,17
Q57U85,185431,T. brucei,5.734412,12.7603,3
Q586W8,185431,T. brucei,9.751825,9.04421,15
Q586N6,185431,T. brucei,9.745313,9.351976,17
Q381I4,185431,T. brucei,10.503145,10.364347,6
Q57ZQ7,185431,T. brucei,8.522456,8.36112,15
Q387H6,185431,T. brucei,8.152999,11.571209,6
Q57XZ1,185431,T. brucei,10.179482,8.455265,15
Q57YY1,185431,T. brucei,9.802946,8.824564,15
Q57U93,185431,T. brucei,12.158294,10.728669,6
Q38A55,185431,T. brucei,7.495406,12.447108,9
Q383K3,185431,T. brucei,10.854359,10.993124,17
Q38A96,185431,T. brucei,15.264229,9.74986,10
Q580K6,185431,T. brucei,9.078044,8.224022,15
Q38B66,185431,T. brucei,8.800658,9.257459,6
Q38AS0,185431,T. brucei,9.167715,11.11715,17
Q389Z0,185431,T. brucei,9.537514,10.309632,14
Q38BR4,185431,T. brucei,11.89289,9.794905,6
Q4GYJ4,185431,T. brucei,6.546216,12.892881,9
Q385M3,185431,T. brucei,7.0949416,12.603809,9
Q385V6,185431,T. brucei,10.046156,12.094984,9
Q583H7,185431,T. brucei,9.4166765,8.435058,15
Q580Y6,185431,T. brucei,9.452488,11.473478,17
Q38BG6,185431,T. brucei,12.303966,15.897329,16
Q388P3,185431,T. brucei,10.420213,10.456422,17
Q38F72,185431,T. brucei,12.3070345,15.909884,16
Q583I2,185431,T. brucei,9.322735,11.286336,14
Q57UR2,185431,T. brucei,9.980488,8.38824,15
Q38E60,185431,T. brucei,12.853893,13.075466,14
Q386C9,185431,T. brucei,9.931314,10.386494,17
Q381S0,185431,T. brucei,6.179009,11.474042,9
Q38C73,185431,T. brucei,7.2434506,11.546399,9
Q57YF5,185431,T. brucei,13.083264,10.611487,12
Q38CZ7,185431,T. brucei,9.111695,11.358379,17
Q384E9,185431,T. brucei,9.299301,9.329608,17
Q4GZ28,185431,T. brucei,11.526308,8.393992,18
Q580R3,185431,T. brucei,9.65254,11.061069,17
Q382U1,185431,T. brucei,9.303538,7.52368,15
Q38D42,185431,T. brucei,10.074704,8.380898,15
Q387Z2,185431,T. brucei,11.658259,8.474577,18
Q581R0,185431,T. brucei,9.848589,9.665184,15
Q386K6,185431,T. brucei,11.561297,8.423305,18
Q585F4,185431,T. brucei,9.578812,11.373873,9
Q38F50,185431,T. brucei,9.473596,7.8886046,15
Q57UW1,185431,T. brucei,9.983949,8.689345,15
Q38AD6,185431,T. brucei,9.634654,10.626094,17
Q4FKD8,185431,T. brucei,8.694262,8.400116,15
Q38DD6,185431,T. brucei,9.186046,10.909664,17
Q38AS6,185431,T. brucei,9.291264,11.327886,17
Q583D7,185431,T. brucei,15.183116,10.459347,10
Q57WV7,185431,T. brucei,14.798045,9.571979,10
Q57UA6,185431,T. brucei,10.158021,10.173484,6
Q38CY6,185431,T. brucei,8.448329,9.289919,15
Q584X2,185431,T. brucei,10.337531,9.312204,15
Q57WD4,185431,T. brucei,11.612479,8.32586,18
Q57YP6,185431,T. brucei,7.4262323,11.112877,17
Q388S4,185431,T. brucei,10.079263,8.348703,15
Q38BB8,185431,T. brucei,9.832185,9.806606,15
Q389J8,185431,T. brucei,10.188126,8.476111,15
Q389R0,185431,T. brucei,10.202786,8.575458,15
Q57UX7,185431,T. brucei,7.96264,5.028851,0
Q383K4,185431,T. brucei,9.909603,11.123895,17
Q585A3,185431,T. brucei,10.122834,8.68202,15
Q38AV8,185431,T. brucei,12.282012,10.453536,2
Q38AK8,185431,T. brucei,9.074142,11.517158,14
Q38E85,185431,T. brucei,7.6541624,11.423449,9
Q585X4,185431,T. brucei,10.886568,8.168579,17
Q57ZG5,185431,T. brucei,11.726491,8.389594,18
Q38DX4,185431,T. brucei,13.379579,8.116813,12
Q587A5,185431,T. brucei,11.4240885,10.706811,6
Q389L7,185431,T. brucei,11.405098,8.778666,4
Q586G7,185431,T. brucei,8.521342,8.56608,15
Q585H0,185431,T. brucei,9.455226,9.872396,17
Q38A08,185431,T. brucei,9.88675,9.20427,15
Q384D2,185431,T. brucei,13.191297,9.630683,2
Q385I1,185431,T. brucei,9.999367,9.465923,15
Q584M3,185431,T. brucei,9.575194,8.14089,16
Q57VU6,185431,T. brucei,9.767839,9.664016,15
Q38EH3,185431,T. brucei,11.580782,8.355368,18
Q582Y0,185431,T. brucei,9.575266,10.249248,17
Q387X7,185431,T. brucei,7.8711724,9.756438,6
Q57YM1,185431,T. brucei,10.758195,4.935004,11
Q582X0,185431,T. brucei,11.425804,8.401745,18
Q388S5,185431,T. brucei,10.32527,8.580534,15
Q57UD0,185431,T. brucei,11.243413,7.6374507,14
Q38CF1,185431,T. brucei,9.199922,5.072685,5
Q38AX7,185431,T. brucei,11.46109,14.173125,14
Q57TZ5,185431,T. brucei,10.088584,8.576496,15
Q385G7,185431,T. brucei,11.032326,8.820218,18
Q382W3,185431,T. brucei,11.377903,10.493387,6
Q580X6,185431,T. brucei,10.02218,9.764208,6
Q38A53,185431,T. brucei,10.2284565,8.534451,15
Q581S7,185431,T. brucei,9.033505,10.686956,17
Q4GZ40,185431,T. brucei,11.012874,10.128858,17
Q384N5,185431,T. brucei,10.678575,9.585706,6
Q581X3,185431,T. brucei,9.277736,10.631057,17
Q380Y0,185431,T. brucei,-4.1168203,8.248677,1
Q386Z2,185431,T. brucei,9.263571,9.055818,15
Q57WR4,185431,T. brucei,10.794024,9.531215,6
Q38CF0,185431,T. brucei,10.743452,8.862391,15
Q386E4,185431,T. brucei,0.5433344,11.3914585,6
Q38BQ7,185431,T. brucei,11.672563,8.403378,18
Q382G7,185431,T. brucei,12.220661,10.727613,6
Q585V5,185431,T. brucei,11.068479,10.331678,6
Q57UK0,185431,T. brucei,9.639196,8.424433,15
Q383M0,185431,T. brucei,10.275246,8.5203085,15
Q38BJ0,185431,T. brucei,10.432728,8.60629,15
Q38F86,185431,T. brucei,11.738237,8.422983,18
Q38G47,185431,T. brucei,-4.1168103,8.248681,1
Q57XB8,185431,T. brucei,10.233783,8.623433,15
Q381U1,185431,T. brucei,9.655273,9.537046,15
Q38CD0,185431,T. brucei,7.5451565,11.21211,17
Q388B3,185431,T. brucei,11.291646,9.566743,18
Q386R3,185431,T. brucei,7.116791,11.799087,9
Q38EZ3,185431,T. brucei,9.895194,10.006816,7
Q581V7,185431,T. brucei,12.33256,15.937438,16
Q381K7,185431,T. brucei,9.931992,8.493268,15
Q387Z1,185431,T. brucei,13.021623,10.122867,6
Q57X95,185431,T. brucei,5.203084,16.985115,9
Q382M8,185431,T. brucei,10.377886,8.625753,15
Q38FF8,185431,T. brucei,8.709406,8.356344,15
Q385B0,185431,T. brucei,6.9450364,11.943381,9
Q389D4,185431,T. brucei,13.028651,11.281993,14
Q384K6,185431,T. brucei,8.904184,7.4376884,15
Q382P0,185431,T. brucei,7.041395,19.061165,14
Q580L6,185431,T. brucei,9.146326,11.115446,9
Q389E3,185431,T. brucei,9.6631565,9.923334,15
Q57W01,185431,T. brucei,9.03062,7.19689,15
Q585N4,185431,T. brucei,11.099906,10.924035,6
Q38F03,185431,T. brucei,11.219462,5.9778943,13
Q57Z55,185431,T. brucei,7.341985,6.2032847,9
Q387F8,185431,T. brucei,9.734534,9.669173,15
Q384C3,185431,T. brucei,10.159821,8.479276,15
Q38BH5,185431,T. brucei,6.673559,18.818787,13
Q586C0,185431,T. brucei,10.930817,8.619954,18
Q38FS2,185431,T. brucei,9.97292,9.897767,14
Q57XT8,185431,T. brucei,10.707436,10.932009,17
Q38DT0,185431,T. brucei,9.6014595,8.507591,15
Q388K8,185431,T. brucei,9.833355,8.700048,15
Q585I1,185431,T. brucei,9.76574,9.767022,15
Q57ZZ5,185431,T. brucei,10.401401,8.995984,15
Q384U1,185431,T. brucei,10.664599,9.5231695,6
Q38C38,185431,T. brucei,10.256866,8.536852,15
Q38B92,185431,T. brucei,10.356995,8.639409,15
Q381V1,185431,T. brucei,11.287516,8.563806,18
Q38EC2,185431,T. brucei,11.400265,8.363926,16
Q384Y1,185431,T. brucei,9.799849,9.751974,17
Q388A1,185431,T. brucei,9.888453,8.245969,16
Q57Y69,185431,T. brucei,12.016024,8.686793,18
Q57US0,185431,T. brucei,11.813959,9.447376,18
Q38AN9,185431,T. brucei,10.655683,8.437831,18
Q388Y9,185431,T. brucei,7.1761746,11.045589,17
Q38DE3,185431,T. brucei,9.161497,9.289552,15
Q57YF4,185431,T. brucei,10.299997,8.510748,15
D6XFK3,185431,T. brucei,9.364003,11.057871,17
Q580N9,185431,T. brucei,-4.116984,8.248642,1
Q57U78,185431,T. brucei,9.74181,9.258536,15
Q385X7,185431,T. brucei,12.248042,10.6125145,2
Q38A71,185431,T. brucei,5.8826776,10.387905,8
Q389H6,185431,T. brucei,12.4971,9.153514,18
Q57WS2,185431,T. brucei,11.6079855,9.377791,18
Q382G8,185431,T. brucei,10.33829,9.964258,17
Q582B4,185431,T. brucei,9.142079,11.6801,9
Q38B52,185431,T. brucei,7.536186,12.183259,9
Q4GYN7,185431,T. brucei,10.210946,9.232088,6
Q57WN9,185431,T. brucei,9.398048,10.806342,17
Q38BZ3,185431,T. brucei,9.832651,9.285029,15
Q386X0,185431,T. brucei,11.211355,7.5415435,14
Q38AG3,185431,T. brucei,9.206999,7.9609094,15
Q8IFI0,185431,T. brucei,9.431566,9.728102,17
Q384A2,185431,T. brucei,11.820097,12.084987,14
Q584I9,185431,T. brucei,10.824346,10.271364,6
Q389V7,185431,T. brucei,10.281956,8.970499,15
Q38AF6,185431,T. brucei,9.958814,10.137782,17
Q57W25,185431,T. brucei,12.934432,12.840855,11
Q57WD0,185431,T. brucei,15.187457,10.443222,10
Q57Y34,185431,T. brucei,10.280695,8.570952,15
Q4GZ89,185431,T. brucei,10.638371,8.485956,18
Q57V19,185431,T. brucei,6.990402,11.988042,9
Q38DX6,185431,T. brucei,9.165548,9.151041,15
Q387U3,185431,T. brucei,8.157426,3.2823215,0
Q383F3,185431,T. brucei,6.489499,12.426705,9
Q57WA2,185431,T. brucei,8.890612,8.204916,15
Q57WD3,185431,T. brucei,11.35896,9.496983,18
Q4GY77,185431,T. brucei,10.74343,10.939377,14
Q584R4,185431,T. brucei,8.42469,8.418059,15
Q38B27,185431,T. brucei,8.054473,11.529893,13
Q57Z17,185431,T. brucei,14.436934,9.948378,10
Q383I7,185431,T. brucei,10.093187,8.242135,15
Q581X7,185431,T. brucei,6.8367596,12.183532,13
Q57XJ8,185431,T. brucei,12.98038,11.330903,14
Q583F0,185431,T. brucei,6.2119308,13.01704,13
Q38B69,185431,T. brucei,7.7263794,10.77096,9
Q385T3,185431,T. brucei,10.219737,8.76379,15
Q57XL0,185431,T. brucei,10.606991,9.336853,18
Q57TR5,185431,T. brucei,-4.1170297,8.248637,1
Q384E0,185431,T. brucei,6.7289715,11.552714,8
Q388V9,185431,T. brucei,11.07528,8.523857,18
Q382P2,185431,T. brucei,9.789551,9.56661,17
Q384V4,185431,T. brucei,7.602996,12.57748,9
Q38A04,185431,T. brucei,13.21225,8.784298,18
Q388E9,185431,T. brucei,9.70444,11.07393,17
Q380Y7,185431,T. brucei,10.379191,10.174945,6
Q382S1,185431,T. brucei,9.73571,10.0551195,17
Q57W72,185431,T. brucei,12.081259,9.411803,18
Q38AZ8,185431,T. brucei,5.2128973,16.987505,17
Q57VU1,185431,T. brucei,9.011647,5.935547,17
Q38DX7,185431,T. brucei,11.193005,11.260535,6
Q57XP5,185431,T. brucei,10.045414,9.7198305,17
Q57WD8,185431,T. brucei,7.7676435,12.749586,3
Q389Y0,185431,T. brucei,10.148933,8.505558,15
Q57YC0,185431,T. brucei,9.454752,9.082093,15
Q38B11,185431,T. brucei,12.375367,12.402358,14
Q388X8,185431,T. brucei,12.395535,16.037287,16
Q38CX2,185431,T. brucei,6.14091,11.246356,8
Q57XW3,185431,T. brucei,11.776488,9.718706,18
Q381E5,185431,T. brucei,9.315337,10.443977,17
Q386S2,185431,T. brucei,9.444999,10.449584,17
Q382E8,185431,T. brucei,9.287015,10.74153,17
Q389F5,185431,T. brucei,9.264174,10.288929,17
Q57ZT1,185431,T. brucei,11.897599,8.476273,18
Q388I7,185431,T. brucei,10.887077,9.788638,6
Q582T1,185431,T. brucei,9.370637,8.969228,15
Q580M5,185431,T. brucei,9.740963,8.160019,16
Q57Y05,185431,T. brucei,7.956361,5.127169,0
D6XJG9,185431,T. brucei,10.122669,9.628713,15
Q38BE1,185431,T. brucei,9.375233,10.571516,17
Q385U0,185431,T. brucei,9.448548,10.256672,17
Q381Z7,185431,T. brucei,9.271057,7.5599847,15
Q57ZB8,185431,T. brucei,10.9136095,8.121044,14
Q387W3,185431,T. brucei,11.197937,10.916715,6
Q57X33,185431,T. brucei,10.178413,9.689309,15
Q382D3,185431,T. brucei,14.471354,8.637802,2
Q38AA9,185431,T. brucei,9.327285,10.635001,17
Q580U3,185431,T. brucei,10.939911,9.925054,17
Q580A1,185431,T. brucei,9.489222,9.8545,17
Q38BP4,185431,T. brucei,9.637008,10.072856,17
Q38D56,185431,T. brucei,10.1862955,8.699337,15
Q57YL9,185431,T. brucei,7.9433317,10.6872225,13
Q38BQ5,185431,T. brucei,12.40186,16.043783,16
Q57YC3,185431,T. brucei,11.432838,8.318433,18
Q38DP5,185431,T. brucei,11.096698,9.067308,6
B2ZWB7,185431,T. brucei,9.417969,9.928712,17
Q38AM6,185431,T. brucei,10.250302,8.729017,15
Q585F3,185431,T. brucei,9.464301,11.419924,9
Q388L0,185431,T. brucei,11.487426,8.346016,16
Q385T1,185431,T. brucei,8.562621,8.383114,15
Q381H5,185431,T. brucei,10.123694,8.815065,15
Q388A3,185431,T. brucei,14.70622,10.7062235,10
Q57XS3,185431,T. brucei,11.934242,8.533547,18
Q57US3,185431,T. brucei,9.475916,8.996309,15
Q57VB7,185431,T. brucei,9.070739,10.217672,17
Q38B71,185431,T. brucei,10.021668,8.446291,15
Q388A6,185431,T. brucei,11.0716,8.479755,18
Q381D7,185431,T. brucei,10.798073,8.33356,17
Q382A6,185431,T. brucei,9.222978,12.203907,9
Q385Q3,185431,T. brucei,10.672433,9.254671,18
Q389I8,185431,T. brucei,8.420708,8.633323,15
Q57Y23,185431,T. brucei,11.372751,11.912871,17
Q582K8,185431,T. brucei,8.190939,5.0609465,0
Q387G6,185431,T. brucei,8.969247,6.1104236,17
Q383V1,185431,T. brucei,9.5984125,9.8060055,17
Q38D74,185431,T. brucei,9.494119,8.135153,16
Q385U6,185431,T. brucei,10.348219,8.582691,15
Q384U2,185431,T. brucei,8.946722,6.199043,17
Q57UI1,185431,T. brucei,8.503242,5.5551834,14
Q389I7,185431,T. brucei,7.650703,10.979508,17
Q387L5,185431,T. brucei,8.965464,11.042781,17
Q583I9,185431,T. brucei,12.44216,10.857373,6
Q580J0,185431,T. brucei,9.917602,8.467388,15
Q57X83,185431,T. brucei,9.267086,11.670484,17
Q57W14,185431,T. brucei,11.220278,7.4973893,14
Q38A49,185431,T. brucei,10.564019,10.552578,6
Q38BN9,185431,T. brucei,9.073105,6.571448,4
Q386B3,185431,T. brucei,10.855414,8.715277,18
Q381B0,185431,T. brucei,7.3733377,11.504276,9
Q385N4,185431,T. brucei,11.0992565,8.522934,10
Q582I9,185431,T. brucei,10.388335,8.632781,18
Q386D8,185431,T. brucei,8.318315,11.473295,9
Q38DK3,185431,T. brucei,9.606263,9.74858,15
Q4GZ65,185431,T. brucei,9.398151,10.292272,17
Q388E8,185431,T. brucei,13.015678,11.041032,14
Q57U81,185431,T. brucei,9.97283,9.547029,15
Q38DK4,185431,T. brucei,9.286025,10.496337,17
Q383W5,185431,T. brucei,7.6578083,12.444609,9
Q382M1,185431,T. brucei,9.494349,10.423047,17
Q38BB0,185431,T. brucei,8.176273,3.3877666,0
Q580U6,185431,T. brucei,11.425078,10.483423,6
Q38EE1,185431,T. brucei,11.606819,8.399828,18
Q386N4,185431,T. brucei,10.543478,8.759385,18
Q38EJ2,185431,T. brucei,6.571332,12.878921,9
Q382P1,185431,T. brucei,8.918414,11.495795,9
Q385P5,185431,T. brucei,10.618188,8.945806,15
Q38CJ1,185431,T. brucei,8.92802,10.832497,17
Q383Q3,185431,T. brucei,10.1588955,8.66821,15
Q388M9,185431,T. brucei,9.40198,8.051663,15
Q582K1,185431,T. brucei,12.458069,16.1041,16
Q587E2,185431,T. brucei,9.922737,8.717535,15
Q388Z9,185431,T. brucei,11.115389,9.447394,2
Q38ET1,185431,T. brucei,10.106941,8.515889,15
Q389M1,185431,T. brucei,8.975715,11.3568,17
Q57VD5,185431,T. brucei,6.3680925,12.924462,3
Q57YF7,185431,T. brucei,12.03007,10.341073,6
Q57YS8,185431,T. brucei,12.48586,12.129498,14
Q38DL3,185431,T. brucei,8.183554,5.077233,0
Q57XM6,185431,T. brucei,10.962836,10.119465,6
Q585G4,185431,T. brucei,11.358718,8.65994,10
Q38DS4,185431,T. brucei,7.0394588,19.101841,13
Q383P5,185431,T. brucei,9.339347,10.69267,17
Q387U0,185431,T. brucei,10.789225,8.297181,17
Q57U53,185431,T. brucei,10.499785,8.401381,15
Q387P8,185431,T. brucei,9.974877,8.974192,15
Q38A84,185431,T. brucei,8.308086,5.8480644,0
Q4GZ05,185431,T. brucei,8.791397,8.260212,15
Q57X15,185431,T. brucei,11.284172,8.700754,18
Q57ZC1,185431,T. brucei,13.340706,8.356839,12
Q38C83,185431,T. brucei,9.206665,9.039855,4
Q580F2,185431,T. brucei,12.292452,15.818051,16
Q387S8,185431,T. brucei,8.472305,8.755332,15
Q57WJ1,185431,T. brucei,8.423504,5.880857,17
Q38CH8,185431,T. brucei,10.780883,8.881294,18
Q57TV3,185431,T. brucei,9.26975,10.9690485,17
Q581V8,185431,T. brucei,8.907427,11.330365,17
Q57ZX5,185431,T. brucei,11.646626,8.387492,18
Q38E54,185431,T. brucei,8.96052,6.317675,17
Q57UU1,185431,T. brucei,9.878981,8.3521,15
Q383E8,185431,T. brucei,11.202931,8.678043,18
Q57WA0,185431,T. brucei,9.782684,10.065319,17
Q381T4,185431,T. brucei,12.375048,12.158137,14
Q583W8,185431,T. brucei,10.951903,8.399395,18
Q38FM0,185431,T. brucei,10.562816,9.127919,15
Q381L0,185431,T. brucei,9.719629,9.57804,15
Q38D23,185431,T. brucei,8.722012,11.387332,17
Q38EM5,185431,T. brucei,8.971646,10.7002735,17
Q57TW2,185431,T. brucei,9.87012,11.303416,17
Q382T0,185431,T. brucei,10.438739,8.565196,15
Q580I8,185431,T. brucei,9.576966,10.101914,17
Q38BY7,185431,T. brucei,11.365866,8.953128,18
Q38D43,185431,T. brucei,10.416284,10.053785,6
Q389N7,185431,T. brucei,9.230317,11.774501,9
Q389H1,185431,T. brucei,7.617585,12.373051,9
Q57X36,185431,T. brucei,-4.117102,8.248621,1
Q4GYX7,185431,T. brucei,7.8355217,9.7628,6
Q582T0,185431,T. brucei,8.970858,11.436066,17
Q386T2,185431,T. brucei,9.993478,9.644432,17
Q383I5,185431,T. brucei,10.542143,8.686272,15
Q57ZL2,185431,T. brucei,10.053141,11.414422,17
Q38A58,185431,T. brucei,11.552557,9.328679,18
Q586J2,185431,T. brucei,12.381898,16.006227,16
Q584F4,185431,T. brucei,9.281368,9.121236,15
Q57Z34,185431,T. brucei,11.387709,8.506684,18
Q38BQ9,185431,T. brucei,11.995006,10.703053,6
Q38EC5,185431,T. brucei,8.362941,8.81122,15
Q38EI1,185431,T. brucei,14.42014,10.661369,10
Q585F7,185431,T. brucei,12.49312,8.593879,18
Q38DW4,185431,T. brucei,10.009353,8.699705,15
Q388C9,185431,T. brucei,12.975714,11.082376,14
Q586A7,185431,T. brucei,7.379948,11.4840765,9
Q57VE3,185431,T. brucei,10.403115,8.626598,15
Q582Q1,185431,T. brucei,9.481072,11.283088,17
Q57X59,185431,T. brucei,9.958402,8.431834,15
Q385R6,185431,T. brucei,14.250698,9.936778,10
Q585S4,185431,T. brucei,12.172306,5.411297,15
Q38EA2,185431,T. brucei,13.581147,10.93504,12
Q381A1,185431,T. brucei,9.853435,9.74981,17
Q582I3,185431,T. brucei,6.4337177,12.785905,13
Q381L3,185431,T. brucei,9.848124,9.513108,17
Q387H1,185431,T. brucei,11.059389,8.5028,14
Q586A8,185431,T. brucei,11.0406275,9.80966,6
Q57U95,185431,T. brucei,9.456182,10.284194,17
Q384B6,185431,T. brucei,9.626879,10.2696085,17
Q582V1,185431,T. brucei,9.316312,8.970411,15
Q57ZP0,185431,T. brucei,9.18402,9.73076,17
Q386B6,185431,T. brucei,7.7849555,12.024055,17
Q4GZD1,185431,T. brucei,7.135698,11.549494,17
Q381T9,185431,T. brucei,9.801601,11.153808,17
Q388N8,185431,T. brucei,9.294292,9.0311775,15
Q587E3,185431,T. brucei,9.383915,10.061581,17
Q381R1,185431,T. brucei,7.0076823,19.14536,13
Q38E96,185431,T. brucei,10.45107,9.511696,15
Q57VA8,185431,T. brucei,8.157751,3.298805,0
Q38EW1,185431,T. brucei,7.647643,10.904727,17
Q4GZ06,185431,T. brucei,8.665146,8.322443,15
Q38FK9,185431,T. brucei,8.5504265,8.34045,15
Q57VA7,185431,T. brucei,10.076585,9.946182,6
Q57Z95,185431,T. brucei,9.26527,10.788284,17
Q386D2,185431,T. brucei,9.172494,7.3843007,15
Q57TX7,185431,T. brucei,10.662197,11.071336,17
Q581R4,185431,T. brucei,10.419983,10.778764,17
Q57YL8,185431,T. brucei,6.808509,12.009126,9
Q380Z5,185431,T. brucei,10.215306,8.487935,15
Q57V60,185431,T. brucei,11.80427,8.415105,18
Q38A33,185431,T. brucei,9.420206,10.755342,17
Q384A0,185431,T. brucei,11.293565,8.598585,18
Q584A8,185431,T. brucei,9.566489,10.562413,17
Q580C7,185431,T. brucei,10.836561,8.761195,15
Q385W3,185431,T. brucei,10.538468,8.454796,17
Q586A6,185431,T. brucei,8.822233,9.116669,15
Q38A98,185431,T. brucei,9.891238,8.256609,15
Q580P2,185431,T. brucei,-4.1171937,8.248609,1
Q57ZD5,185431,T. brucei,10.084162,9.728233,6
Q383N2,185431,T. brucei,10.662389,8.633454,15
Q38DG0,185431,T. brucei,9.415454,10.329085,17
Q38EI8,185431,T. brucei,6.675716,18.813133,13
Q385K5,185431,T. brucei,9.965906,8.362618,15
Q586K9,185431,T. brucei,10.682758,9.171294,15
G3XCY6,208964,P. aeruginosa,4.18362,11.944975,3
Q9HT95,208964,P. aeruginosa,5.009389,11.713539,3
Q00512,208964,P. aeruginosa,4.973108,12.300873,3
Q9I758,208964,P. aeruginosa,5.08966,10.127932,8
Q9I114,208964,P. aeruginosa,4.265069,11.714759,3
Q9I544,208964,P. aeruginosa,4.687275,11.199629,3
P20576,208964,P. aeruginosa,5.317594,12.539396,3
P38100,208964,P. aeruginosa,6.5767555,12.620456,13
P22008,208964,P. aeruginosa,5.1719685,12.738955,3
Q9I3S2,208964,P. aeruginosa,4.2555833,11.803599,3
Q9HYK7,208964,P. aeruginosa,6.7653728,12.229425,9
Q9I115,208964,P. aeruginosa,4.327838,11.265982,3
P33883,208964,P. aeruginosa,6.239721,11.855365,9
Q9HTF4,208964,P. aeruginosa,6.1369715,11.754877,9
Q9I178,208964,P. aeruginosa,5.66642,10.025076,8
Q9HTI0,208964,P. aeruginosa,4.864842,12.35937,3
Q9HXU3,208964,P. aeruginosa,6.849321,11.183203,17
Q9HZJ8,208964,P. aeruginosa,4.4516225,11.456451,8
Q9I5E3,208964,P. aeruginosa,8.47895,8.398145,15
Q9HT33,208964,P. aeruginosa,5.300007,12.626808,3
Q9HT38,208964,P. aeruginosa,4.6542263,11.711012,8
Q51508,208964,P. aeruginosa,4.783768,12.210804,3
Q9I0F2,208964,P. aeruginosa,4.7633443,10.406731,3
Q9HTQ2,208964,P. aeruginosa,5.303242,12.595067,3
Q9I081,208964,P. aeruginosa,6.234022,11.769547,9
Q9I550,208964,P. aeruginosa,8.175457,8.578047,15
P48636,208964,P. aeruginosa,5.3864627,12.407392,3
P95413,208964,P. aeruginosa,5.052152,12.104281,3
Q9HU05,208964,P. aeruginosa,4.3253374,11.069445,8
Q9HTJ9,208964,P. aeruginosa,5.1715236,9.981861,8
Q9I3F1,208964,P. aeruginosa,5.680223,12.214077,3
Q06584,208964,P. aeruginosa,8.577491,9.119729,4
P95435,208964,P. aeruginosa,4.568568,11.556973,8
Q51393,208964,P. aeruginosa,5.0201926,10.1737,8
Q9I1Y2,208964,P. aeruginosa,4.5751233,11.700439,3
P13982,208964,P. aeruginosa,6.6359673,12.510468,9
Q9HTG7,208964,P. aeruginosa,6.6821547,11.14488,17
G3XDA8,208964,P. aeruginosa,4.713138,9.803793,13
O50175,208964,P. aeruginosa,8.061178,8.697507,15
Q9HUS3,208964,P. aeruginosa,4.4923625,11.596921,8
Q9I6M4,208964,P. aeruginosa,6.022885,12.989989,13
Q9I0M4,208964,P. aeruginosa,4.7975507,9.925451,3
O33407,208964,P. aeruginosa,4.495807,9.773955,8
Q9HW23,208964,P. aeruginosa,5.8025827,11.376845,8
Q9I326,208964,P. aeruginosa,8.938371,8.535622,15
Q9HZX6,208964,P. aeruginosa,4.271126,11.390708,3
Q9HYC5,208964,P. aeruginosa,8.346297,8.863979,15
Q9HVR7,208964,P. aeruginosa,6.2070436,5.306751,3
Q9HXB2,208964,P. aeruginosa,4.377601,9.707114,3
Q9I6J8,208964,P. aeruginosa,6.0631166,12.0412035,3
P07344,208964,P. aeruginosa,5.608216,12.650782,3
P06200,208964,P. aeruginosa,5.939064,10.235086,9
P21175,208964,P. aeruginosa,4.692447,9.771467,13
Q9I476,208964,P. aeruginosa,5.5835047,11.918232,3
Q06198,208964,P. aeruginosa,4.2547855,11.674851,3
Q51371,208964,P. aeruginosa,5.690898,10.032109,8
Q9HTE8,208964,P. aeruginosa,5.8686852,11.773021,9
Q9HUA1,208964,P. aeruginosa,4.697336,9.821778,11
Q9HU94,208964,P. aeruginosa,6.3205423,10.411528,8
Q9I3G5,208964,P. aeruginosa,6.2813497,10.838829,8
Q9I514,208964,P. aeruginosa,5.1623297,12.487825,3
Q9I2F2,208964,P. aeruginosa,4.980078,10.286582,8
P11221,208964,P. aeruginosa,12.065513,10.767018,12
Q9HWA4,208964,P. aeruginosa,4.4431458,11.689451,8
P25060,208964,P. aeruginosa,4.331737,11.271724,3
P23747,208964,P. aeruginosa,4.4812717,12.016002,3
G3XCZ6,208964,P. aeruginosa,5.1611,12.748285,3
Q9I3G0,208964,P. aeruginosa,6.9521575,5.548683,0
G3XD16,208964,P. aeruginosa,4.0600123,11.984488,3
Q9I4N3,208964,P. aeruginosa,4.5163903,11.994609,3
Q9I6R8,208964,P. aeruginosa,6.514121,5.2799063,0
Q9X4P2,208964,P. aeruginosa,6.013108,11.653425,3
Q9HY81,208964,P. aeruginosa,7.400714,13.889533,13
Q9HYP5,208964,P. aeruginosa,12.185052,10.661338,12
Q9I6Z9,208964,P. aeruginosa,4.218879,11.819209,3
Q9HTY9,208964,P. aeruginosa,4.137896,11.98827,3
Q9HT62,208964,P. aeruginosa,4.424153,11.96476,3
G3XD58,208964,P. aeruginosa,5.930926,11.248894,8
Q03024,208964,P. aeruginosa,4.224678,11.571455,3
Q9HXN5,208964,P. aeruginosa,4.8121862,12.315643,3
Q9I133,208964,P. aeruginosa,4.5577765,11.895643,3
Q9HYV7,208964,P. aeruginosa,6.0804157,11.936704,9
Q9I2E8,208964,P. aeruginosa,10.678255,7.2170305,18
Q9I1Y4,208964,P. aeruginosa,5.314952,9.914962,8
Q9I328,208964,P. aeruginosa,4.5376835,11.583689,8
Q9HTB7,208964,P. aeruginosa,5.3925786,12.224702,3
P15713,208964,P. aeruginosa,5.9073415,10.272472,8
Q51426,208964,P. aeruginosa,6.1113324,11.026121,8
Q9I6K1,208964,P. aeruginosa,4.2160735,11.80302,3
Q9I423,208964,P. aeruginosa,6.472067,5.4990745,0
Q9HY69,208964,P. aeruginosa,5.063425,10.080644,8
Q9I549,208964,P. aeruginosa,8.774848,7.5066943,4
Q9I527,208964,P. aeruginosa,4.39201,9.716121,3
Q9I6Y9,208964,P. aeruginosa,5.5899987,12.687188,3
Q9HU17,208964,P. aeruginosa,6.5410414,5.4872355,0
Q00934,208964,P. aeruginosa,4.547496,12.014659,3
Q9HWH9,208964,P. aeruginosa,5.4309487,12.317121,3
Q9HTL3,208964,P. aeruginosa,4.871242,12.3317375,3
Q820A5,208964,P. aeruginosa,5.3166575,12.045291,8
P47205,208964,P. aeruginosa,6.369225,12.625179,9
Q9HZ57,208964,P. aeruginosa,4.1691546,11.605415,3
P24474,208964,P. aeruginosa,5.6723266,10.102057,8
G3XD23,208964,P. aeruginosa,6.7594314,11.835692,9
P24559,208964,P. aeruginosa,5.9014196,12.812792,11
Q9I3Y3,208964,P. aeruginosa,6.406916,5.1710687,3
Q9HZD1,208964,P. aeruginosa,4.110211,11.918383,3
Q51548,208964,P. aeruginosa,5.7961164,12.192346,3
O68822,208964,P. aeruginosa,6.3373857,12.891898,3
Q9HV55,208964,P. aeruginosa,6.992426,10.544362,6
P52002,208964,P. aeruginosa,4.7347465,9.959741,11
P40883,208964,P. aeruginosa,4.529595,11.672251,3
P34750,208964,P. aeruginosa,4.724548,10.008329,11
Q9I6I7,208964,P. aeruginosa,6.119418,5.284985,11
Q9HTB5,208964,P. aeruginosa,5.7705917,11.31999,8
Q9I5F5,208964,P. aeruginosa,6.5048866,5.3045125,11
G3XD90,208964,P. aeruginosa,4.8755465,9.864043,3
Q9HV73,208964,P. aeruginosa,4.600846,11.95141,3
Q9I492,208964,P. aeruginosa,5.5503182,12.3932905,3
Q9Z4J7,208964,P. aeruginosa,5.62292,10.140438,9
Q9HUF7,208964,P. aeruginosa,5.7747784,11.527571,3
Q9HZ23,208964,P. aeruginosa,4.711206,11.612706,3
Q9I520,208964,P. aeruginosa,4.831568,10.264815,8
Q9HYY3,208964,P. aeruginosa,4.836068,9.906559,13
Q9I1M7,208964,P. aeruginosa,6.4939466,5.332037,0
Q9HTH7,208964,P. aeruginosa,6.3310595,12.67129,9
Q9ZN70,208964,P. aeruginosa,5.0394154,12.246658,3
Q9I5P0,208964,P. aeruginosa,4.7574444,9.997388,3
Q9I4R6,208964,P. aeruginosa,6.6110253,5.6090736,0
Q9I701,208964,P. aeruginosa,5.518396,11.024194,8
Q9HZG3,208964,P. aeruginosa,4.2532344,11.969311,3
P20581,208964,P. aeruginosa,5.648846,11.421591,8
G3XD51,208964,P. aeruginosa,4.7686224,10.0525,13
Q9HTB3,208964,P. aeruginosa,5.790296,11.410993,8
Q9HXD3,208964,P. aeruginosa,4.0288577,12.079319,3
Q9I757,208964,P. aeruginosa,4.456724,12.004124,3
Q9HYP9,208964,P. aeruginosa,4.334476,11.876896,3
P52477,208964,P. aeruginosa,4.6816807,9.947728,11
G3XD48,208964,P. aeruginosa,5.845377,11.369831,8
Q9HUP2,208964,P. aeruginosa,5.0694685,10.187048,8
G3XD50,208964,P. aeruginosa,6.419337,5.483112,0
Q9I5G7,208964,P. aeruginosa,6.0261254,10.324073,0
P27017,208964,P. aeruginosa,5.789217,11.609273,3
Q04804,208964,P. aeruginosa,4.2587852,11.259144,3
Q9I3F2,208964,P. aeruginosa,5.7993965,11.773921,3
Q9HV88,208964,P. aeruginosa,4.355551,9.672652,3
Q9HYT3,208964,P. aeruginosa,4.144454,11.430563,3
Q9I1S1,208964,P. aeruginosa,4.361648,11.784292,3
Q9I1N0,208964,P. aeruginosa,5.050187,12.134522,3
Q9HUW7,208964,P. aeruginosa,4.1956096,11.779355,3
Q9HUJ0,208964,P. aeruginosa,5.663945,12.437451,3
G3XD01,208964,P. aeruginosa,6.8106,12.099503,13
G3XD78,208964,P. aeruginosa,7.8542814,9.299704,8
O50174,208964,P. aeruginosa,5.2270703,12.420493,3
G3XCZ0,208964,P. aeruginosa,5.0899825,10.035246,8
Q9HTZ9,208964,P. aeruginosa,5.6484165,12.31101,3
Q9I1M8,208964,P. aeruginosa,4.2274513,11.264632,3
Q9I487,208964,P. aeruginosa,6.2269726,5.3476024,0
Q9I1X7,208964,P. aeruginosa,5.8901577,11.281911,8
Q9HTL2,208964,P. aeruginosa,4.472207,11.6060295,3
Q9HX28,208964,P. aeruginosa,4.979273,10.063172,3
Q9I0L7,208964,P. aeruginosa,6.9689865,11.054485,14
P57701,208964,P. aeruginosa,6.6869984,5.5162435,0
Q9I4S0,208964,P. aeruginosa,6.5521913,5.5187445,0
Q9HWT7,208964,P. aeruginosa,6.5881066,11.878825,9
G3XD30,208964,P. aeruginosa,4.777579,10.021026,13
Q9I298,208964,P. aeruginosa,5.125682,12.327507,3
Q03456,208964,P. aeruginosa,4.3994775,11.983387,3
Q9I3F6,208964,P. aeruginosa,4.274007,11.343628,3
O33877,208964,P. aeruginosa,6.324313,11.832041,9
Q9HW86,208964,P. aeruginosa,7.0424523,10.541332,6
G3XD10,208964,P. aeruginosa,5.7199025,11.667316,3
Q9HUG2,208964,P. aeruginosa,5.8953466,11.2828665,8
Q9HZ64,208964,P. aeruginosa,5.302195,12.576788,3
Q9HT76,208964,P. aeruginosa,6.6625495,11.363066,17
Q9HVQ8,208964,P. aeruginosa,4.5426908,11.786351,3
Q9I291,208964,P. aeruginosa,6.1472416,12.790892,13
Q9I0Q0,208964,P. aeruginosa,5.6367626,11.759441,3
Q9I516,208964,P. aeruginosa,4.4070234,11.799583,3
P25185,208964,P. aeruginosa,6.501097,5.4277444,0
Q9HTI4,208964,P. aeruginosa,4.2478013,11.875692,3
Q9HUK1,208964,P. aeruginosa,5.8061013,12.31165,9
Q9I0I6,208964,P. aeruginosa,4.279503,11.333341,3
Q9I4F5,208964,P. aeruginosa,6.564337,5.3931174,0
Q9HV30,208964,P. aeruginosa,4.3047123,11.968723,3
Q9HT73,208964,P. aeruginosa,4.697591,11.923245,3
Q9HVQ3,208964,P. aeruginosa,6.380968,12.554122,13
Q9HTR3,208964,P. aeruginosa,6.5782967,5.4920454,0
Q9HXT9,208964,P. aeruginosa,4.1371484,11.91434,3
Q9HTI8,208964,P. aeruginosa,4.6672745,11.927841,3
Q9I181,208964,P. aeruginosa,9.8896265,10.293118,17
Q9I237,208964,P. aeruginosa,5.7179346,10.070703,8
Q9I441,208964,P. aeruginosa,5.826421,10.505443,8
Q06552,208964,P. aeruginosa,7.9204073,9.107723,8
P13794,208964,P. aeruginosa,4.823727,9.789787,13
Q9I5F9,208964,P. aeruginosa,5.6577015,12.405177,13
Q9I2F0,208964,P. aeruginosa,10.637359,6.8268347,4
G3XCV0,208964,P. aeruginosa,4.637611,11.887664,3
Q9I3H5,208964,P. aeruginosa,5.710925,12.011266,3
Q06749,208964,P. aeruginosa,5.4139757,10.099943,8
Q9HUI8,208964,P. aeruginosa,5.0592895,12.3589115,3
Q9I3K2,208964,P. aeruginosa,6.3411317,10.41236,17
Q9HVW2,208964,P. aeruginosa,6.2002544,5.3346615,0
P33639,208964,P. aeruginosa,4.221063,11.3685875,3
Q9HUK6,208964,P. aeruginosa,4.294541,11.533334,3
Q9HUM0,208964,P. aeruginosa,9.651864,12.746355,11
Q9I3I1,208964,P. aeruginosa,4.649116,11.987188,3
Q9HZE0,208964,P. aeruginosa,7.622603,11.429913,9
Q9I327,208964,P. aeruginosa,6.869271,10.669252,17
Q9HV27,208964,P. aeruginosa,4.4547954,12.0213585,3
Q9HV35,208964,P. aeruginosa,6.2677164,11.619593,8
P20577,208964,P. aeruginosa,5.5879483,12.619714,3
Q9HWU9,208964,P. aeruginosa,4.855551,12.344771,3
Q9HZP8,208964,P. aeruginosa,7.3198495,9.727763,15
Q9I1N1,208964,P. aeruginosa,4.9850407,12.230838,3
Q9HX83,208964,P. aeruginosa,6.552001,5.5016346,0
Q9HXS0,208964,P. aeruginosa,4.395364,11.708692,3
Q9HWU0,208964,P. aeruginosa,5.8289256,11.950416,3
O82853,208964,P. aeruginosa,7.935667,13.564349,13
P18895,208964,P. aeruginosa,4.4471164,9.722323,8
Q9HU15,208964,P. aeruginosa,6.1590533,11.749951,9
Q9I297,208964,P. aeruginosa,6.589028,13.131427,11
Q9I477,208964,P. aeruginosa,4.9072695,12.290947,3
Q9I3N5,208964,P. aeruginosa,6.8698335,5.604823,0
Q9I689,208964,P. aeruginosa,6.5564036,10.36096,12
Q9I403,208964,P. aeruginosa,6.1637397,5.318261,0
Q9I551,208964,P. aeruginosa,5.757332,11.353457,3
Q9HTF3,208964,P. aeruginosa,6.1650157,12.13499,3
Q7DC81,208964,P. aeruginosa,5.2076025,12.090115,3
Q51559,208964,P. aeruginosa,5.926755,11.4019785,8
Q9HX69,208964,P. aeruginosa,4.393104,11.93514,3
Q9I747,208964,P. aeruginosa,7.5825005,11.786418,13
Q51404,208964,P. aeruginosa,6.1816115,12.303164,9
P77915,208964,P. aeruginosa,5.628274,12.630814,3
Q9I4H2,208964,P. aeruginosa,4.8285966,12.29739,3
Q9I321,208964,P. aeruginosa,8.168999,8.538858,15
P26276,208964,P. aeruginosa,6.1136007,13.065636,11
Q9HYQ6,208964,P. aeruginosa,4.6099834,9.863823,8
Q9HW91,208964,P. aeruginosa,4.298838,11.291882,3
Q9HWS0,208964,P. aeruginosa,4.507583,12.025154,3
P72131,208964,P. aeruginosa,4.283225,11.956872,3
Q9I2T4,208964,P. aeruginosa,4.7328224,9.851815,11
Q9HWM5,208964,P. aeruginosa,4.356439,9.674916,3
Q9I490,208964,P. aeruginosa,5.993952,12.301921,3
Q9I188,208964,P. aeruginosa,6.1935587,10.196717,15
Q9I016,208964,P. aeruginosa,6.4590645,11.684142,9
Q9HYC2,208964,P. aeruginosa,6.2368484,10.287569,17
Q9I1Y6,208964,P. aeruginosa,4.572086,10.496312,3
Q9HU50,208964,P. aeruginosa,4.82019,9.973667,3
G3XD43,208964,P. aeruginosa,5.1178117,9.898373,8
Q9I2Q1,208964,P. aeruginosa,10.5018835,6.4343605,17
P25061,208964,P. aeruginosa,4.333741,11.055808,3
Q9HTB4,208964,P. aeruginosa,5.7598376,11.3512535,8
Q9I5P4,208964,P. aeruginosa,4.9853654,10.045705,3
Q9I317,208964,P. aeruginosa,8.069306,8.512376,8
Q51567,208964,P. aeruginosa,6.7500057,13.175798,13
Q9HY77,208964,P. aeruginosa,7.6305943,13.857562,13
Q9HUJ8,208964,P. aeruginosa,6.270786,11.123857,8
Q9I6J1,208964,P. aeruginosa,4.707209,9.800473,13
Q9HZJ9,208964,P. aeruginosa,4.476024,11.701839,8
Q9HZA6,208964,P. aeruginosa,12.172589,10.672415,12
P11439,208964,P. aeruginosa,8.369246,8.44327,15
Q9I2Q7,208964,P. aeruginosa,6.2660284,11.56926,9
Q9I0F4,208964,P. aeruginosa,4.9812703,11.538556,3
Q9I1Y5,208964,P. aeruginosa,4.4048176,9.840435,3
Q9I1N8,208964,P. aeruginosa,6.3367186,10.510751,17
G3XCU5,208964,P. aeruginosa,4.393009,11.204013,3
Q9HTR6,208964,P. aeruginosa,5.875523,12.679736,13
P21629,208964,P. aeruginosa,4.6227813,12.006217,3
Q9I6Y4,208964,P. aeruginosa,5.8618827,12.831918,3
Q9I2T9,208964,P. aeruginosa,5.746614,12.586005,13
Q9HU99,208964,P. aeruginosa,4.897242,12.29017,3
P72171,208964,P. aeruginosa,4.4424124,11.921031,3
Q9I192,208964,P. aeruginosa,4.345439,11.35865,8
Q9HZV8,208964,P. aeruginosa,5.7046256,13.411556,13
Q9HVR5,208964,P. aeruginosa,4.620635,12.02225,3
Q9HYJ5,208964,P. aeruginosa,4.244674,11.657409,3
Q9HW35,208964,P. aeruginosa,4.170241,11.429658,3
P09785,208964,P. aeruginosa,5.417091,11.593349,8
O50274,208964,P. aeruginosa,5.613708,12.40847,3
Q06553,208964,P. aeruginosa,5.7683196,11.159353,8
Q9HX72,208964,P. aeruginosa,5.0274096,12.207373,3
Q9HUF5,208964,P. aeruginosa,5.037518,12.394541,3
P29364,208964,P. aeruginosa,4.981602,12.223012,3
Q9I404,208964,P. aeruginosa,6.1636553,5.312371,0
Q9I0Z0,208964,P. aeruginosa,4.5168447,11.540018,8
Q9I1W5,208964,P. aeruginosa,7.0265117,10.9773035,6
G3XCY5,208964,P. aeruginosa,5.878529,11.939391,3
Q9I187,208964,P. aeruginosa,5.378975,10.251566,8
Q9I2C7,208964,P. aeruginosa,4.2825236,11.955148,3
Q9HZE8,208964,P. aeruginosa,4.4488,11.29975,8
Q51455,208964,P. aeruginosa,4.2154264,12.098459,11
P26993,208964,P. aeruginosa,4.5983744,11.685953,8
Q9I670,208964,P. aeruginosa,4.2116437,11.919265,3
Q9I6J7,208964,P. aeruginosa,4.496449,11.580326,8
Q9I322,208964,P. aeruginosa,9.137076,8.367028,18
P57668,208964,P. aeruginosa,7.4055066,13.897035,13
G3XCU3,208964,P. aeruginosa,5.52499,11.492082,3
Q9HTK9,208964,P. aeruginosa,4.975307,12.336789,3
Q9HWT6,208964,P. aeruginosa,5.447977,12.286155,3
Q9HXY3,208964,P. aeruginosa,4.488334,11.476666,3
P96956,208964,P. aeruginosa,4.5406117,10.574138,8
Q9HZH6,208964,P. aeruginosa,5.9156494,10.047656,15
Q9I299,208964,P. aeruginosa,4.9530797,12.303468,3
Q9I4R5,208964,P. aeruginosa,6.7200704,5.6725945,0
Q9HT32,208964,P. aeruginosa,5.308313,10.189807,3
G3XD47,208964,P. aeruginosa,4.662146,9.75855,13
P32265,208964,P. aeruginosa,4.498111,11.609149,8
Q9HUZ9,208964,P. aeruginosa,6.8665037,5.6313868,0
G3XD28,208964,P. aeruginosa,7.9966993,13.637563,3
Q9HT99,208964,P. aeruginosa,8.096353,8.546439,15
Q9I4U2,208964,P. aeruginosa,4.9984326,10.184051,8
Q9I547,208964,P. aeruginosa,8.145268,8.504735,15
G3XCY2,208964,P. aeruginosa,4.8002768,10.214586,3
G3XCZ2,208964,P. aeruginosa,4.1934514,11.334034,3
Q9HWX1,208964,P. aeruginosa,5.850077,12.248058,3
Q9HZZ1,208964,P. aeruginosa,4.8509536,12.274367,3
Q9I596,208964,P. aeruginosa,5.385836,9.998264,9
P10932,208964,P. aeruginosa,4.438055,11.682989,8
Q9HWS7,208964,P. aeruginosa,4.1761127,11.902655,3
G3XCY4,208964,P. aeruginosa,4.2941017,11.746119,3
Q9HYZ8,208964,P. aeruginosa,5.5910535,12.054943,3
Q9I4V9,208964,P. aeruginosa,5.775514,11.450529,3
P50587,208964,P. aeruginosa,5.7915106,12.215771,3
Q9I739,208964,P. aeruginosa,8.548955,9.147717,4
P20586,208964,P. aeruginosa,5.931726,11.644283,8
Q9HVD2,208964,P. aeruginosa,4.7750764,12.183869,3
Q9I6I8,208964,P. aeruginosa,6.1554527,5.2994986,0
Q9I609,208964,P. aeruginosa,5.3369093,10.129809,8
P0DPC1,208964,P. aeruginosa,5.2883477,12.239645,3
P14756,208964,P. aeruginosa,5.053663,9.893029,13
P35818,208964,P. aeruginosa,4.704441,10.036307,3
Q9HUH4,208964,P. aeruginosa,4.9870954,12.275576,3
P15276,208964,P. aeruginosa,13.244171,8.357887,12
Q9HWH1,208964,P. aeruginosa,6.9601183,10.595794,8
Q9HZG1,208964,P. aeruginosa,4.986182,10.009052,3
Q9HUZ7,208964,P. aeruginosa,5.2707443,9.859908,3
Q9HVF7,208964,P. aeruginosa,5.2472095,12.209255,3
Q9HZ59,208964,P. aeruginosa,4.8290567,12.320507,3
Q9I0Q6,208964,P. aeruginosa,5.882625,12.406776,9
Q9I4M8,208964,P. aeruginosa,4.1825385,11.311614,3
Q9HUD6,208964,P. aeruginosa,5.2983975,10.018748,8
Q9I6J0,208964,P. aeruginosa,4.700055,9.805833,13
Q03027,208964,P. aeruginosa,4.7062254,10.317683,3
Q9HVR6,208964,P. aeruginosa,4.6927004,12.051842,3
Q51372,208964,P. aeruginosa,5.2562084,10.045823,8
Q9I0P6,208964,P. aeruginosa,4.5126038,11.597949,8
Q9I1N6,208964,P. aeruginosa,5.0754104,12.237086,3
Q9I2F6,208964,P. aeruginosa,6.187543,5.324624,0
Q51391,208964,P. aeruginosa,5.102328,12.593595,3
Q9I072,208964,P. aeruginosa,4.184019,11.894001,3
Q9I5D1,208964,P. aeruginosa,6.4896955,11.327079,8
Q9HTI6,208964,P. aeruginosa,4.670326,9.771074,13
Q9HYU6,208964,P. aeruginosa,12.4148,12.958587,11
G3XD15,208964,P. aeruginosa,5.1477313,9.957367,8
Q9HU77,208964,P. aeruginosa,5.076164,12.345432,3
Q51485,208964,P. aeruginosa,4.362485,9.635292,13
Q59643,208964,P. aeruginosa,6.1252985,11.325477,8
Q9I156,208964,P. aeruginosa,4.842737,12.307373,3
Q9I5F3,208964,P. aeruginosa,5.419836,12.298352,3
Q9HTE5,208964,P. aeruginosa,5.671724,12.375129,3
Q9HY46,208964,P. aeruginosa,4.47343,11.686365,8
Q9I6J4,208964,P. aeruginosa,5.359103,12.350197,3
P14789,208964,P. aeruginosa,5.68207,9.991258,8
Q9I3G1,208964,P. aeruginosa,6.2609687,10.651046,9
Q51575,208964,P. aeruginosa,4.7919602,10.490034,8
Q9HTY2,208964,P. aeruginosa,4.767801,12.034515,3
Q9I6Y3,208964,P. aeruginosa,4.259618,11.719677,3
Q9K3C5,208964,P. aeruginosa,4.8813505,9.935362,13
Q9HUB3,208964,P. aeruginosa,6.369127,5.561765,0
Q9I0K1,208964,P. aeruginosa,6.5815134,5.7883534,0
Q9HXE3,208964,P. aeruginosa,5.0653515,12.366716,3
G3XD04,208964,P. aeruginosa,4.9326544,12.310682,3
P0DPB9,208964,P. aeruginosa,5.378631,12.217803,3
Q9I7A4,208964,P. aeruginosa,5.8296328,9.958867,15
Q9HTB9,208964,P. aeruginosa,4.966404,12.290739,3
Q9HW06,208964,P. aeruginosa,5.05211,12.353557,3
Q9HVJ0,208964,P. aeruginosa,4.5070763,11.617648,8
Q9HUB5,208964,P. aeruginosa,12.2188635,10.7579,12
Q9HZ76,208964,P. aeruginosa,5.9144573,12.9871,13
Q9I710,208964,P. aeruginosa,10.385328,6.534989,15
Q9HXC7,208964,P. aeruginosa,4.7047796,10.414801,3
P26876,208964,P. aeruginosa,5.329359,9.80873,0
Q9HZ34,208964,P. aeruginosa,4.262691,11.23965,3
Q9HTE6,208964,P. aeruginosa,6.0491467,12.218357,3
Q9I165,208964,P. aeruginosa,4.8753,10.2351055,3
Q9HZ17,208964,P. aeruginosa,5.533161,12.382144,3
Q9HY80,208964,P. aeruginosa,5.4276547,11.573899,8
P42512,208964,P. aeruginosa,4.338037,9.69242,3
Q9HVX1,208964,P. aeruginosa,4.864684,10.059875,3
P24735,208964,P. aeruginosa,4.8239846,10.2612505,3
Q9I1N4,208964,P. aeruginosa,4.8806133,10.197098,8
Q51366,208964,P. aeruginosa,5.6630673,12.626686,11
Q9HTE2,208964,P. aeruginosa,5.3925805,12.174143,3
Q9HUW6,208964,P. aeruginosa,4.213972,11.250802,8
Q9I262,208964,P. aeruginosa,5.379214,12.328886,3
P38107,208964,P. aeruginosa,4.68647,10.649468,8
Q9HUK9,208964,P. aeruginosa,5.711814,12.234546,3
Q9HTQ0,208964,P. aeruginosa,5.750282,11.809283,3
Q07806,208964,P. aeruginosa,4.7886105,10.054697,3
Q04803,208964,P. aeruginosa,4.1605735,11.558038,3
P32722,208964,P. aeruginosa,4.354618,9.633932,13
Q9I572,208964,P. aeruginosa,4.532808,11.848275,3
Q9I6H1,208964,P. aeruginosa,5.0542703,9.818951,8
Q9HWH2,208964,P. aeruginosa,5.449673,11.928058,3
P37452,208964,P. aeruginosa,4.70942,11.946588,3
P08308,208964,P. aeruginosa,6.6028767,12.585728,9
Q9I2M8,208964,P. aeruginosa,4.782516,10.589154,8
Q9HXW4,208964,P. aeruginosa,4.72933,10.04762,11
G3XCY1,208964,P. aeruginosa,4.5534363,11.75891,3
P22610,208964,P. aeruginosa,6.537632,5.4751005,0
Q9I310,208964,P. aeruginosa,4.1005597,11.613906,3
Q9I509,208964,P. aeruginosa,6.0126657,12.524129,3
Q9I6J3,208964,P. aeruginosa,6.4231577,11.905358,9
Q51373,208964,P. aeruginosa,4.160561,11.991131,3
Q9HT72,208964,P. aeruginosa,6.358213,5.386168,3
Q9I6G3,208964,P. aeruginosa,4.4653573,9.763346,8
Q9HTH6,208964,P. aeruginosa,4.763439,9.834748,3
P95415,208964,P. aeruginosa,5.008483,12.209435,3
Q9HYQ0,208964,P. aeruginosa,4.496216,11.884741,3
Q9HVS3,208964,P. aeruginosa,5.7308245,12.003824,3
Q9I1J5,208964,P. aeruginosa,6.2154675,11.417122,8
O69078,208964,P. aeruginosa,9.434324,11.994885,9
Q9I2V7,208964,P. aeruginosa,4.254398,11.835772,3
Q9I2M7,208964,P. aeruginosa,4.734923,10.104749,3
G3XDA5,208964,P. aeruginosa,4.355209,9.645237,13
G3XCT7,208964,P. aeruginosa,6.541405,5.393124,0
Q9HV34,208964,P. aeruginosa,5.822195,11.645946,3
Q9HVB9,208964,P. aeruginosa,5.996523,12.491694,9
Q9HYX0,208964,P. aeruginosa,10.914259,4.967693,9
Q9HVR8,208964,P. aeruginosa,6.1151657,5.2574553,11
Q9I529,208964,P. aeruginosa,4.1948595,11.836705,3
P95434,208964,P. aeruginosa,11.117084,11.357543,6
P18275,208964,P. aeruginosa,6.616513,5.2453113,11
Q9I3M6,208964,P. aeruginosa,5.8894763,11.773879,8
Q9HZ81,208964,P. aeruginosa,5.032749,12.451584,3
Q9I2J2,208964,P. aeruginosa,4.223655,11.729753,3
Q9I0P7,208964,P. aeruginosa,4.353125,9.705432,3
Q9HTB6,208964,P. aeruginosa,5.06444,12.502584,3
Q9I1N2,208964,P. aeruginosa,5.4592247,10.36189,8
Q9I4L5,208964,P. aeruginosa,4.255534,11.324999,3
Q9I4X2,208964,P. aeruginosa,5.862021,11.282011,8
Q9HY79,208964,P. aeruginosa,6.5822115,12.00456,9
Q9HVN0,208964,P. aeruginosa,4.317197,11.034714,3
Q9HUI9,208964,P. aeruginosa,5.2922497,12.40893,3
Q9HT87,208964,P. aeruginosa,4.2650213,11.278941,3
Q9HVM9,208964,P. aeruginosa,5.147917,9.96919,8
Q9HZR6,208964,P. aeruginosa,4.5717607,11.63555,3
Q9HT77,208964,P. aeruginosa,8.254579,9.00759,15
Q9HYG7,208964,P. aeruginosa,6.5284367,12.111065,3
Q9HZR3,208964,P. aeruginosa,5.1936502,10.134203,3
Q00518,208964,P. aeruginosa,4.8288636,10.434739,8
Q9HYN9,208964,P. aeruginosa,5.8380513,11.40885,8
G3XD99,208964,P. aeruginosa,8.266518,8.55208,15
G3XCV1,208964,P. aeruginosa,4.3284073,11.647439,3
Q9HV48,208964,P. aeruginosa,6.697234,10.874204,9
Q9I1N5,208964,P. aeruginosa,4.998794,10.052751,8
P09786,208964,P. aeruginosa,5.017693,12.417537,3
Q9HT74,208964,P. aeruginosa,4.3344736,11.8979225,3
Q9I750,208964,P. aeruginosa,4.7935057,11.726169,8
Q9I2E2,208964,P. aeruginosa,5.4906287,12.318213,3
Q9HXW2,208964,P. aeruginosa,4.4217844,11.738369,3
G3XD84,208964,P. aeruginosa,5.1550922,9.955723,8
G3XD45,208964,P. aeruginosa,4.5667467,10.604075,3
Q9I018,208964,P. aeruginosa,4.2984967,11.793728,3
Q9HWG9,208964,P. aeruginosa,5.705247,11.826047,3
Q9HV93,208964,P. aeruginosa,4.5187607,11.581097,8
Q9HUG8,208964,P. aeruginosa,4.613073,11.277707,3
G3XDA6,208964,P. aeruginosa,4.815875,11.428092,8
Q9I5F8,208964,P. aeruginosa,4.49206,11.718354,3
G3XD80,208964,P. aeruginosa,5.053049,12.6,3
Q9HXE9,208964,P. aeruginosa,6.708618,5.598032,0
Q9I2N0,208964,P. aeruginosa,4.7451744,12.185004,3
Q51507,208964,P. aeruginosa,4.6031475,11.892763,8
Q9HXM5,208964,P. aeruginosa,6.466959,12.337604,9
Q9X6P4,208964,P. aeruginosa,6.5429077,12.113645,3
Q9I329,208964,P. aeruginosa,4.5962462,11.545115,8
Q9I0Z1,208964,P. aeruginosa,5.7428255,12.140168,3
Q9I3G2,208964,P. aeruginosa,6.3132086,10.815457,9
Q9I491,208964,P. aeruginosa,5.006992,12.323476,3
Q9I1Y9,208964,P. aeruginosa,5.811761,10.811025,8
Q9HZE6,208964,P. aeruginosa,4.53433,10.611016,8
Q9HUQ3,208964,P. aeruginosa,4.6520696,11.954879,3
Q9HWJ7,208964,P. aeruginosa,4.38316,11.90045,3
Q51472,208964,P. aeruginosa,6.102273,12.100539,3
Q9HW69,208964,P. aeruginosa,4.133061,11.387795,8
Q9HZQ8,208964,P. aeruginosa,5.29972,9.753857,13
Q9I5N9,208964,P. aeruginosa,4.837093,12.1726675,3
Q9I2J4,208964,P. aeruginosa,4.325685,9.683475,3
Q9HTL4,208964,P. aeruginosa,4.2316494,11.846398,11
Q9I589,208964,P. aeruginosa,5.0612984,10.045982,8
Q9I226,208964,P. aeruginosa,4.355149,9.709946,3
Q9HWG2,208964,P. aeruginosa,4.8841376,12.31519,3
Q9HTG5,208964,P. aeruginosa,6.195761,11.390031,8
P35482,208964,P. aeruginosa,5.27732,9.426224,8
Q52463,208964,P. aeruginosa,8.432532,6.5394063,0
Q9I3T5,208964,P. aeruginosa,5.625008,12.2452135,3
Q9I2A9,208964,P. aeruginosa,6.4164324,12.216433,9
G3XD69,208964,P. aeruginosa,4.268536,11.318638,8
G3XCW6,208964,P. aeruginosa,4.386336,11.855896,3
Q9I191,208964,P. aeruginosa,4.68109,9.981337,3
Q5AWN4,227321,E. nidulans,8.350506,5.7082763,11
C8VQ92,227321,E. nidulans,7.2505465,10.4005995,8
P25415,227321,E. nidulans,7.565446,12.360606,9
Q5B460,227321,E. nidulans,11.742094,9.475512,14
Q5BD69,227321,E. nidulans,13.000952,10.420553,12
C8V8Z3,227321,E. nidulans,10.413356,12.045521,14
Q5ASN8,227321,E. nidulans,7.39983,13.898169,13
Q9P931,227321,E. nidulans,7.1479354,13.053223,13
Q00668,227321,E. nidulans,8.746519,8.210404,15
C8VAK9,227321,E. nidulans,11.995462,9.751415,6
C8VQY7,227321,E. nidulans,7.041419,19.11505,13
Q5BBP2,227321,E. nidulans,10.752157,5.55882,9
Q5BG90,227321,E. nidulans,11.855344,9.128319,18
Q5B0Q8,227321,E. nidulans,5.191568,16.987022,9
Q5BAP5,227321,E. nidulans,11.2148,6.3047,12
Q5AU12,227321,E. nidulans,10.6547575,5.686213,9
Q5B7W2,227321,E. nidulans,7.025848,12.501248,13
Q00646,227321,E. nidulans,13.006244,13.301016,11
Q5B0L2,227321,E. nidulans,8.727961,8.302921,15
Q5B1Q1,227321,E. nidulans,12.537788,11.893694,14
C8V0C1,227321,E. nidulans,11.411401,11.25684,6
Q5AXC9,227321,E. nidulans,6.8758903,12.477835,13
Q5AWD9,227321,E. nidulans,10.687505,5.7719564,17
C8V2V9,227321,E. nidulans,12.578945,12.352414,11
P20945,227321,E. nidulans,14.401589,9.728567,18
Q5AY35,227321,E. nidulans,11.192631,6.011248,9
Q5AW79,227321,E. nidulans,9.052108,10.557488,17
A7XRY8,227321,E. nidulans,7.2504907,13.413636,13
Q00714,227321,E. nidulans,9.1741705,15.027537,13
O94111,227321,E. nidulans,9.189393,8.145352,15
C8V2E0,227321,E. nidulans,7.543644,4.86149,0
Q8X1Z7,227321,E. nidulans,7.4966154,4.475221,0
Q5BF83,227321,E. nidulans,6.8418913,12.367298,9
Q5B424,227321,E. nidulans,8.874828,-0.9796229,19
C8VEZ2,227321,E. nidulans,9.739393,8.831943,15
P05147,227321,E. nidulans,6.2777424,12.809546,13
P20654,227321,E. nidulans,10.569306,21.295212,13
C8VP37,227321,E. nidulans,7.3454585,12.427388,9
Q5AVZ7,227321,E. nidulans,11.05024,10.565085,6
Q5AUN2,227321,E. nidulans,10.787524,5.4405613,9
C8VF02,227321,E. nidulans,10.271405,10.35514,17
G5EB42,227321,E. nidulans,12.355614,15.958707,16
Q5AX38,227321,E. nidulans,10.717569,5.611506,9
O93956,227321,E. nidulans,14.110062,10.013958,12
Q5BH46,227321,E. nidulans,9.571369,10.997144,17
Q5B4Z3,227321,E. nidulans,6.3107467,12.742883,13
Q5B158,227321,E. nidulans,9.416239,11.091455,14
Q5ARJ4,227321,E. nidulans,7.6560907,11.245303,17
C8V4B8,227321,E. nidulans,12.666495,8.927879,18
C8VI80,227321,E. nidulans,7.143057,13.244163,13
P24634,227321,E. nidulans,8.204757,15.146813,9
C8V7X8,227321,E. nidulans,12.894488,12.804952,11
C8V3P5,227321,E. nidulans,7.4288754,12.446381,9
C8VP84,227321,E. nidulans,8.371074,5.9140577,17
O59921,227321,E. nidulans,6.4392357,12.536311,13
A0A1U8QYA8,227321,E. nidulans,10.8014145,5.4603076,9
Q5BDV3,227321,E. nidulans,6.908481,12.479038,9
Q5BG05,227321,E. nidulans,7.1517544,13.143978,13
Q5BH33,227321,E. nidulans,7.261357,12.237261,9
Q5AWI5,227321,E. nidulans,10.789494,5.342908,9
Q96VT4,227321,E. nidulans,7.037883,11.652238,9
Q00757,227321,E. nidulans,8.434404,5.8332267,0
Q5B6H7,227321,E. nidulans,7.5801144,12.200637,9
G5EB23,227321,E. nidulans,9.294745,10.633935,6
Q5BA83,227321,E. nidulans,6.4210086,12.989156,13
Q5B7X2,227321,E. nidulans,10.733328,5.67573,13
Q5B836,227321,E. nidulans,10.588124,6.020672,17
C8V3A3,227321,E. nidulans,9.727681,10.500302,17
P22022,227321,E. nidulans,14.536023,9.828259,18
Q5BGS3,227321,E. nidulans,8.153731,3.2538013,0
Q5B7U3,227321,E. nidulans,8.768174,5.8856187,0
Q5BFG1,227321,E. nidulans,10.682785,12.119915,6
C8VP05,227321,E. nidulans,11.3692875,7.5179477,13
G5EB66,227321,E. nidulans,12.53929,12.319738,11
C8V1R3,227321,E. nidulans,14.284249,9.952026,10
Q5B746,227321,E. nidulans,7.582517,12.106013,17
P28348,227321,E. nidulans,12.357646,8.1678095,14
P30584,227321,E. nidulans,8.528596,5.8278913,0
C8VUY4,227321,E. nidulans,7.176615,13.30206,11
C8V8J7,227321,E. nidulans,6.6242347,11.632189,9
Q5AYG1,227321,E. nidulans,7.4560995,4.3893104,11
Q5AW46,227321,E. nidulans,7.369826,11.771432,17
Q5B8H6,227321,E. nidulans,11.452915,9.594203,18
Q5B4F5,227321,E. nidulans,11.510735,6.8281503,4
P49413,227321,E. nidulans,12.371398,8.231995,10
Q5B0N1,227321,E. nidulans,8.889363,-0.97943366,19
Q5B360,227321,E. nidulans,6.670121,18.809177,13
C8VHB6,227321,E. nidulans,12.092534,9.981823,14
P41764,227321,E. nidulans,7.5454526,12.813583,9
C8VIP3,227321,E. nidulans,10.758044,6.1137147,4
Q5B0Q1,227321,E. nidulans,11.177312,5.8644924,1
C8VMQ0,227321,E. nidulans,12.231665,9.879442,6
Q5B9S0,227321,E. nidulans,10.556662,6.3369446,4
Q5BFG8,227321,E. nidulans,6.9135733,12.426954,13
Q5BAU9,227321,E. nidulans,10.7451105,5.82636,13
P17624,227321,E. nidulans,10.616253,12.451116,13
C8VLM4,227321,E. nidulans,11.31107,11.029163,6
C8VT24,227321,E. nidulans,11.927644,9.887805,6
Q5BGB2,227321,E. nidulans,7.6158156,4.9786963,0
Q5BEJ2,227321,E. nidulans,8.792381,-0.78123266,19
P08158,227321,E. nidulans,7.0299015,12.660599,13
C8V3Z5,227321,E. nidulans,7.0211287,19.155775,13
G5EB71,227321,E. nidulans,11.851309,9.628345,18
C8VTT1,227321,E. nidulans,10.011659,10.915538,17
Q00771,227321,E. nidulans,12.528289,12.29664,14
C8VRQ4,227321,E. nidulans,6.656653,11.78759,9
Q5AVW7,227321,E. nidulans,12.075221,9.933125,14
Q5B9N8,227321,E. nidulans,9.645639,8.202289,15
Q5BDP1,227321,E. nidulans,11.326868,11.516294,14
Q5B334,227321,E. nidulans,11.079525,6.3803945,4
Q6SIF1,227321,E. nidulans,11.879133,9.856639,14
G5EAW6,227321,E. nidulans,13.83663,10.073526,12
G5EAS8,227321,E. nidulans,14.380371,9.89636,10
Q5AVJ7,227321,E. nidulans,8.920712,5.9672947,0
Q5BAB7,227321,E. nidulans,9.3512125,10.9156475,14
P33282,227321,E. nidulans,6.949974,11.657071,17
Q5ASJ3,227321,E. nidulans,7.4546475,4.388116,11
Q9Y8C1,227321,E. nidulans,7.6926184,12.241089,9
Q5BFM4,227321,E. nidulans,8.957686,11.054433,17
Q5AR27,227321,E. nidulans,9.152816,14.963072,9
Q5BAB9,227321,E. nidulans,8.464917,8.663805,15
C8VUF6,227321,E. nidulans,6.7232614,12.598345,13
C8V606,227321,E. nidulans,9.162255,11.258583,9
Q5B358,227321,E. nidulans,7.121831,12.001953,14
P20445,227321,E. nidulans,6.880842,12.512652,9
C8V7M0,227321,E. nidulans,13.252592,10.460607,10
O93937,227321,E. nidulans,9.6259985,4.8425035,19
Q5B3E4,227321,E. nidulans,12.299839,10.011987,14
Q5AR21,227321,E. nidulans,8.2832365,5.958485,0
C8VS78,227321,E. nidulans,12.327526,8.145435,17
Q5B548,227321,E. nidulans,8.369864,5.901504,0
Q9TEM3,227321,E. nidulans,8.874779,9.112525,15
G5EB21,227321,E. nidulans,12.345595,8.155555,14
Q5B399,227321,E. nidulans,12.022373,10.055211,6
C8V333,227321,E. nidulans,7.118956,12.59829,13
G5EAT5,227321,E. nidulans,12.313303,8.781188,18
C8V1G3,227321,E. nidulans,7.761174,12.597545,9
Q5AYU4,227321,E. nidulans,6.7761064,12.57821,9
Q5BFD3,227321,E. nidulans,7.190298,13.163097,11
Q5B153,227321,E. nidulans,10.780738,5.5908904,9
O74288,227321,E. nidulans,10.549611,6.3142676,4
Q5AVF8,227321,E. nidulans,6.704192,12.573628,9
Q5B4R8,227321,E. nidulans,11.531205,9.055542,10
C8VDC2,227321,E. nidulans,7.0480394,12.299318,13
Q5AYC2,227321,E. nidulans,8.020307,13.312291,13
Q5B953,227321,E. nidulans,12.101522,9.480952,12
Q5B4D5,227321,E. nidulans,12.944066,10.614644,12
C8VMA9,227321,E. nidulans,7.530917,12.684474,9
C8V3Q8,227321,E. nidulans,11.951775,9.873553,6
G5EAS9,227321,E. nidulans,9.093499,11.0489855,14
Q92203,227321,E. nidulans,6.830194,12.000229,13
C8V3K8,227321,E. nidulans,7.2086234,13.316862,11
Q5BBD0,227321,E. nidulans,7.531395,12.554421,9
P24633,227321,E. nidulans,8.201005,15.145756,9
Q5B0F7,227321,E. nidulans,12.553038,12.2105055,14
C8V2D4,227321,E. nidulans,10.33056,10.535436,17
P10653,227321,E. nidulans,8.223696,15.167458,9
Q5B2V8,227321,E. nidulans,7.943579,13.792911,13
Q5AU26,227321,E. nidulans,7.6403637,12.164391,9
Q5B4M9,227321,E. nidulans,10.274496,12.814653,6
Q5B6M6,227321,E. nidulans,10.707605,6.368426,4
Q5BGU8,227321,E. nidulans,6.2815394,11.462373,8
Q5BFF9,227321,E. nidulans,10.400175,8.344966,15
G5EB11,227321,E. nidulans,10.805865,5.4339304,9
Q5AYD5,227321,E. nidulans,12.423461,10.939814,2
G5EB13,227321,E. nidulans,7.742797,5.3462796,0
P08157,227321,E. nidulans,6.1312547,13.057614,13
Q02398,227321,E. nidulans,12.190532,10.188246,12
C8V3K9,227321,E. nidulans,8.865752,7.538987,15
Q5B7I7,227321,E. nidulans,5.196879,16.985672,9
Q5B135,227321,E. nidulans,6.5219283,12.9289,9
C8V6E2,227321,E. nidulans,5.3705506,9.329145,8
C8VHD4,227321,E. nidulans,12.383286,8.478629,10
Q5B2G3,227321,E. nidulans,10.750745,5.6636333,13
C8V7G9,227321,E. nidulans,12.040521,9.560804,18
Q5BFC1,227321,E. nidulans,8.75729,6.0264397,0
G5EAX4,227321,E. nidulans,12.101518,9.557671,10
Q5AY78,227321,E. nidulans,7.085097,12.137183,9
Q5BBP1,227321,E. nidulans,7.1795793,13.1700325,13
C8VPR1,227321,E. nidulans,12.327284,8.139388,17
Q9Y7B6,227321,E. nidulans,6.920409,12.754516,9
C8VB89,227321,E. nidulans,7.843572,12.368843,9
Q5AZ42,227321,E. nidulans,10.778068,5.4626384,9
G5EB20,227321,E. nidulans,14.251594,9.913478,10
G5EB09,227321,E. nidulans,7.783442,5.3687553,0
Q5BA81,227321,E. nidulans,7.5174317,12.5958805,13
Q5BH31,227321,E. nidulans,8.879926,11.297365,14
Q9P419,227321,E. nidulans,12.844381,13.157184,13
Q5BG07,227321,E. nidulans,8.761843,5.854773,0
C8V8B9,227321,E. nidulans,7.255214,12.198488,9
C8VTT9,227321,E. nidulans,7.6198525,12.148725,9
Q5B9A9,227321,E. nidulans,13.746975,9.965153,12
Q5AYK9,227321,E. nidulans,10.697216,5.6597576,9
Q5B8L8,227321,E. nidulans,6.9897046,12.29582,9
Q07307,227321,E. nidulans,7.949199,5.2679777,0
C8VMJ6,227321,E. nidulans,10.714868,5.5564656,9
Q5ATW8,227321,E. nidulans,8.606207,5.6345296,19
Q5AUX8,227321,E. nidulans,7.2251835,12.409185,9
G5EB76,227321,E. nidulans,7.314872,12.212039,9
Q5B1Q9,227321,E. nidulans,11.952469,10.725227,6
Q5B6Q6,227321,E. nidulans,5.866576,10.108934,8
C8UZY3,227321,E. nidulans,10.071425,10.897761,6
Q5AS60,227321,E. nidulans,8.623533,8.997682,15
G5EAY5,227321,E. nidulans,14.25403,9.949724,12
G5EAX9,227321,E. nidulans,12.1815,9.4405575,18
C8VN91,227321,E. nidulans,9.16786,15.022176,13
C8VPT8,227321,E. nidulans,11.1071615,6.0580688,13
C8V9C8,227321,E. nidulans,7.2236633,12.581049,9
Q5BFT4,227321,E. nidulans,10.230938,10.170884,17
Q5AXF0,227321,E. nidulans,12.154659,11.600996,14
C8VRL0,227321,E. nidulans,12.586026,10.87656,12
Q5AUE4,227321,E. nidulans,10.594584,6.306625,4
Q5B8B9,227321,E. nidulans,10.588879,6.3834453,4
Q5ASH9,227321,E. nidulans,12.502787,11.668602,6
Q5B0J1,227321,E. nidulans,10.813551,5.472606,13
Q5B9J0,227321,E. nidulans,10.750312,5.6113305,17
C8V668,227321,E. nidulans,5.1910987,16.988096,17
C8V3Z7,227321,E. nidulans,12.5501995,12.094984,14
G5EB34,227321,E. nidulans,6.3571424,12.978131,13
O42777,227321,E. nidulans,8.871922,10.637026,9
Q5AU81,227321,E. nidulans,10.757412,5.592433,9
G5EB03,227321,E. nidulans,10.793611,5.4362316,9
C8V173,227321,E. nidulans,5.6683397,12.907531,3
Q5BFA4,227321,E. nidulans,7.7812467,10.576791,6
Q5B7R2,227321,E. nidulans,10.743041,5.689779,17
Q5B9L1,227321,E. nidulans,13.492117,10.345408,12
O60032,227321,E. nidulans,9.953021,12.730229,9
G5EB00,227321,E. nidulans,7.8995786,5.3175664,0
P50867,227321,E. nidulans,6.9644003,12.887538,13
C8VAZ1,227321,E. nidulans,6.9034157,13.175121,13
Q5ATJ7,227321,E. nidulans,9.78356,10.400863,6
Q5B0X2,227321,E. nidulans,12.327502,8.120303,17
C8V645,227321,E. nidulans,11.104762,10.638353,18
Q5BAX8,227321,E. nidulans,3.9540918,8.39235,11
O74252,227321,E. nidulans,14.206883,9.968649,10
Q5AVI2,227321,E. nidulans,10.49002,7.407898,4
G5EAY1,227321,E. nidulans,9.977871,13.166354,13
C8V494,227321,E. nidulans,9.232952,12.6261215,9
C8V089,227321,E. nidulans,8.982602,8.22194,15
G5EB86,227321,E. nidulans,10.906166,11.202401,6
Q5AQZ4,227321,E. nidulans,10.562329,6.0403647,17
C8VG90,227321,E. nidulans,6.951382,12.131801,9
C8VI81,227321,E. nidulans,9.141453,15.059338,13
Q5B1L6,227321,E. nidulans,9.443378,10.970331,9
C8VE79,227321,E. nidulans,7.1585426,12.209818,9
C8V9N8,227321,E. nidulans,9.478103,10.673069,17
C8VUP5,227321,E. nidulans,10.067397,13.22085,13
G5EAY9,227321,E. nidulans,11.396204,7.5160785,11
A7XRZ1,227321,E. nidulans,8.0030575,12.424142,9
P04828,227321,E. nidulans,6.2888217,13.11755,13
C8V1D1,227321,E. nidulans,7.2317333,13.515909,13
C8V2A5,227321,E. nidulans,10.801984,4.936091,11
Q5AQP2,227321,E. nidulans,10.764886,5.516108,9
C8V7D1,227321,E. nidulans,12.885478,13.197328,11
Q9P904,227321,E. nidulans,11.925885,9.04495,18
Q5BA93,227321,E. nidulans,10.686394,5.903486,8
Q96V54,227321,E. nidulans,11.92804,9.950698,6
Q5BDU5,227321,E. nidulans,10.755192,5.6638546,13
Q5AT15,227321,E. nidulans,7.4825435,12.222492,14
Q5AZ57,227321,E. nidulans,6.5785494,13.679903,13
Q5BHC4,227321,E. nidulans,11.764008,9.857913,17
G5EAW7,227321,E. nidulans,7.051391,12.619401,9
Q5ARE6,227321,E. nidulans,10.741152,6.0478973,1
Q5AUG0,227321,E. nidulans,11.888247,9.042997,18
Q5BFI1,227321,E. nidulans,12.450296,12.490692,14
Q5B8R5,227321,E. nidulans,12.525429,12.459755,14
C8V1X8,227321,E. nidulans,9.888188,13.633045,11
C8VDT4,227321,E. nidulans,10.765231,5.496226,9
Q5B698,227321,E. nidulans,5.2094736,16.988882,17
Q5B3B1,227321,E. nidulans,10.941067,11.113658,6
P10069,227321,E. nidulans,14.8167515,9.7904825,10
Q5AU60,227321,E. nidulans,10.2577915,10.287029,6
C8VUL7,227321,E. nidulans,10.751119,6.066275,4
C8V4E0,227321,E. nidulans,12.121956,9.539653,18
Q5B038,227321,E. nidulans,10.65185,5.8800206,17
Q5BCB7,227321,E. nidulans,10.630418,6.278925,4
P21133,227321,E. nidulans,6.7572765,11.76708,9
C8VLZ3,227321,E. nidulans,10.795062,5.5335164,9
Q5AUY1,227321,E. nidulans,9.212517,11.300002,9
Q00177,227321,E. nidulans,10.803703,5.6957216,13
C8VUB6,227321,E. nidulans,7.427007,12.578707,13
Q5BFN9,227321,E. nidulans,8.451229,8.619463,15
Q5AUW6,227321,E. nidulans,6.891424,13.393959,13
Q5B082,227321,E. nidulans,7.1984224,13.570783,11
Q00645,227321,E. nidulans,10.736423,5.8446636,13
Q5BD61,227321,E. nidulans,9.444568,12.117886,9
Q5B998,227321,E. nidulans,7.461394,12.388435,13
Q5AXD9,227321,E. nidulans,12.788676,7.4877725,12
P38096,227321,E. nidulans,6.4094877,12.814816,13
Q5BEU9,227321,E. nidulans,12.692761,10.163201,12
Q5AQM4,227321,E. nidulans,9.769636,10.907253,6
Q5B926,227321,E. nidulans,10.695554,6.023896,4
Q5AYQ2,227321,E. nidulans,14.334063,9.850017,10
Q96VC4,227321,E. nidulans,10.89301,5.4033675,13
C8VQF1,227321,E. nidulans,5.716136,13.421031,13
C8V199,227321,E. nidulans,12.407588,8.561999,10
C8VMZ9,227321,E. nidulans,11.183962,8.92929,18
C8VQ93,227321,E. nidulans,6.6670117,12.495213,3
Q5BGU0,227321,E. nidulans,6.877227,12.535709,9
O42631,227321,E. nidulans,12.000474,9.114599,18
Q5B4C7,227321,E. nidulans,7.6729226,12.321441,13
Q5AW19,227321,E. nidulans,10.817747,5.7928033,9
Q5BAS1,227321,E. nidulans,10.770347,5.508487,9
Q5BGN3,227321,E. nidulans,6.7065835,12.81175,13
Q5B9A5,227321,E. nidulans,7.002684,11.7266,9
Q5BC91,227321,E. nidulans,8.649499,5.921706,17
Q5AZN7,227321,E. nidulans,12.105453,9.508603,10
Q5BET8,227321,E. nidulans,6.87086,13.318955,13
C8VT43,227321,E. nidulans,7.929647,9.060648,15
Q5BGR9,227321,E. nidulans,9.519221,12.703395,9
C8VQ62,227321,E. nidulans,7.7991147,12.330951,9
C8VB15,227321,E. nidulans,10.027059,10.77248,6
Q5AX00,227321,E. nidulans,11.124056,5.934266,13
Q5B6T5,227321,E. nidulans,11.769876,10.126143,6
Q5B041,227321,E. nidulans,7.3109136,11.526662,9
Q5AZ98,227321,E. nidulans,10.587182,6.2256646,17
Q5AZ53,227321,E. nidulans,10.720727,5.645931,13
Q5BA56,227321,E. nidulans,10.799147,5.4886208,13
Q5BA61,227321,E. nidulans,10.736609,5.84159,13
C8VKK0,227321,E. nidulans,7.124383,11.952665,9
P28346,227321,E. nidulans,11.030072,6.389314,4
Q92412,227321,E. nidulans,7.024413,12.249228,9
Q5AZC8,227321,E. nidulans,10.722081,5.7198863,9
Q5B9Y2,227321,E. nidulans,10.784455,5.5383534,13
Q5AQN1,227321,E. nidulans,11.712853,9.597593,18
Q5AQQ0,227321,E. nidulans,10.772383,5.556736,3
Q5BF86,227321,E. nidulans,12.198548,9.789907,6
Q5BH30,227321,E. nidulans,15.1753645,9.874882,10
Q00743,227321,E. nidulans,9.315741,13.423591,11
Q5B093,227321,E. nidulans,6.4743147,12.91652,13
Q5AVS0,227321,E. nidulans,12.391526,8.229698,10
Q5ATQ3,227321,E. nidulans,10.732774,5.887992,13
Q5AXD0,227321,E. nidulans,12.387584,8.276092,10
C8VRM5,227321,E. nidulans,7.25182,11.973526,9
C8VDH4,227321,E. nidulans,7.114294,12.579406,13
Q5ATN7,227321,E. nidulans,8.579711,13.783778,13
Q12555,227321,E. nidulans,6.393652,11.6628895,9
Q01981,227321,E. nidulans,14.260366,9.924917,10
C8VJ09,227321,E. nidulans,6.9346204,11.810148,9
Q5AUY3,227321,E. nidulans,7.162321,12.269317,9
G5EB61,227321,E. nidulans,7.571652,12.163907,9
Q5B6G6,227321,E. nidulans,9.846761,11.471412,17
Q5B2V1,227321,E. nidulans,8.083859,13.623525,13
Q9P8F8,227321,E. nidulans,13.212269,8.437379,12
C8V0I4,227321,E. nidulans,12.974149,10.127034,14
G5EB28,227321,E. nidulans,11.268141,7.4997854,14
Q5AUX1,227321,E. nidulans,12.564587,6.4567585,14
C8V955,227321,E. nidulans,12.373256,8.162695,17
Q00648,227321,E. nidulans,10.039504,10.87619,6
Q5B037,227321,E. nidulans,10.788702,5.691385,13
Q5B186,227321,E. nidulans,11.809662,10.0084915,6
P38094,227321,E. nidulans,7.531761,12.283205,9
Q5AVN4,227321,E. nidulans,10.746139,5.8410864,13
C8VRM0,227321,E. nidulans,10.063383,13.2185135,13
Q5B184,227321,E. nidulans,11.021631,8.74432,4
C8VCR9,227321,E. nidulans,8.136939,3.160839,11
P30303,227321,E. nidulans,12.576885,9.739997,10
P05326,227321,E. nidulans,7.0101795,11.774467,9
G5EB75,227321,E. nidulans,11.0107,10.556527,1
Q5BEM5,227321,E. nidulans,10.046723,10.889269,17
Q5BG78,227321,E. nidulans,10.598447,6.2766857,4
Q9P959,227321,E. nidulans,8.776882,11.634892,14
G5EB15,227321,E. nidulans,7.0348034,12.876612,9
Q5AR31,227321,E. nidulans,7.5856266,10.09931,17
Q5AYC7,227321,E. nidulans,7.465562,4.4412293,11
Q5B4D4,227321,E. nidulans,8.419853,8.55272,15
C8VQ61,227321,E. nidulans,8.836271,9.197276,15
Q5BCJ9,227321,E. nidulans,7.592921,12.284187,9
Q5B2E8,227321,E. nidulans,10.759889,5.7111177,9
P40920,227321,E. nidulans,16.951572,7.6065226,14
Q5B918,227321,E. nidulans,7.555159,4.8853297,0
C8VIX5,227321,E. nidulans,8.731603,9.074375,15
C8VQM0,227321,E. nidulans,12.49906,11.92401,14
Q5AX11,227321,E. nidulans,7.2966466,12.880648,13
C8VGD6,227321,E. nidulans,7.111427,19.001228,14
Q5AZ10,227321,E. nidulans,10.783236,5.642325,13
Q03134,227321,E. nidulans,6.742261,12.316286,9
Q5AVQ2,227321,E. nidulans,12.266749,11.2189045,14
Q5B580,227321,E. nidulans,9.736453,8.19723,15
G5EB57,227321,E. nidulans,6.568841,13.29469,13
Q96VK3,227321,E. nidulans,12.528405,11.804701,14
C8VTF2,227321,E. nidulans,8.097925,8.825433,15
Q00737,227321,E. nidulans,13.244553,5.5353146,5
Q5BDC6,227321,E. nidulans,11.514854,9.467157,14
Q5B5Z6,227321,E. nidulans,12.502389,10.26357,6
Q5B7Z3,227321,E. nidulans,10.803721,5.9545364,14
Q9C3Y4,227321,E. nidulans,6.914046,19.319122,11
G5EAZ4,227321,E. nidulans,10.057497,13.22463,13
C8VK89,227321,E. nidulans,12.072028,9.6680975,18
Q5ASC2,227321,E. nidulans,10.766896,5.5493464,9
Q8NK02,227321,E. nidulans,10.822483,5.767273,9
Q5B4P6,227321,E. nidulans,12.552289,8.82862,18
Q5AV81,227321,E. nidulans,6.54753,12.427826,9
Q5AX78,227321,E. nidulans,10.60467,6.2694354,4
Q5AQA4,227321,E. nidulans,11.41181,11.044316,6
Q9Y875,227321,E. nidulans,7.511839,12.192327,13
P17120,227321,E. nidulans,10.387162,12.139573,14
Q1HFS8,227321,E. nidulans,10.75461,5.636564,13
Q5AUX2,227321,E. nidulans,10.66633,5.9864798,17
P08844,227321,E. nidulans,7.8815913,9.785557,6
C8V916,227321,E. nidulans,6.986743,13.043935,13
C8VUN9,227321,E. nidulans,7.220052,12.350441,9
C8V9T1,227321,E. nidulans,12.299962,4.9304347,1
Q5AQN4,227321,E. nidulans,11.188458,11.225999,6
Q5BCK1,227321,E. nidulans,12.318519,8.13523,14
Q5AWT0,227321,E. nidulans,11.860312,9.940037,6
G5EB10,227321,E. nidulans,8.296241,6.0318007,0
P30583,227321,E. nidulans,8.422877,5.7582083,13
C8V078,227321,E. nidulans,11.355813,12.409854,17
Q5ARV0,227321,E. nidulans,11.768114,8.472987,18
C8VQL3,227321,E. nidulans,11.685758,11.57355,17
Q5BGR2,227321,E. nidulans,10.049436,10.710376,17
C8V0A2,227321,E. nidulans,9.464111,12.879963,9
Q5AX45,227321,E. nidulans,10.560476,6.2033925,17
Q5AUM3,227321,E. nidulans,10.719013,5.7304406,13
Q5BH98,227321,E. nidulans,11.116845,10.420698,6
Q5B0S0,227321,E. nidulans,7.4614925,4.3904634,11
C8VRX0,227321,E. nidulans,12.06876,9.464526,18
Q5AYT0,227321,E. nidulans,9.075156,11.000855,17
G5EAY6,227321,E. nidulans,7.0816474,12.364797,9
Q5B125,227321,E. nidulans,12.043751,9.557249,18
Q96WY0,227321,E. nidulans,7.049481,19.209923,14
Q00770,227321,E. nidulans,7.452425,12.205512,9
Q5AZP9,227321,E. nidulans,6.790669,12.299606,9
Q5B508,227321,E. nidulans,10.768411,5.917903,13
C8VPD7,227321,E. nidulans,12.198527,9.410643,18
Q9UW83,227321,E. nidulans,7.049629,10.624576,17
Q5BGE3,227321,E. nidulans,8.05703,11.985647,9
A0A1U8QH20,227321,E. nidulans,8.022861,12.274783,9
C8V6P1,227321,E. nidulans,12.338798,8.142902,17
Q5B8G1,227321,E. nidulans,7.28449,11.491462,9
C8V9H4,227321,E. nidulans,10.020826,11.98456,14
Q5B0C0,227321,E. nidulans,8.063484,13.549745,13
C8V7I0,227321,E. nidulans,7.0296774,11.836429,9
Q5BBX1,227321,E. nidulans,14.267964,9.939578,10
G5EB19,227321,E. nidulans,7.021066,11.923969,9
C8V1V7,227321,E. nidulans,10.04205,10.782067,6
C8V1T9,227321,E. nidulans,9.982841,11.231331,17
C8V793,227321,E. nidulans,9.242316,11.790071,14
Q5AVT6,227321,E. nidulans,6.863952,12.179434,13
Q5AQM2,227321,E. nidulans,14.169725,8.375789,2
Q5BFB4,227321,E. nidulans,12.180508,9.161813,18
C8VJ72,227321,E. nidulans,13.973458,9.9962635,12
Q6SCL4,227321,E. nidulans,10.245161,11.193953,17
Q5BC09,227321,E. nidulans,8.339607,6.4462194,17
Q5BGA7,227321,E. nidulans,6.511371,13.345691,13
C8VDK0,227321,E. nidulans,13.691381,10.123051,10
Q5BEJ4,227321,E. nidulans,12.798401,9.495129,18
Q5ASQ8,227321,E. nidulans,5.2923965,11.641063,3
Q5ARB0,227321,E. nidulans,10.871953,5.325923,13
Q5AST3,227321,E. nidulans,7.596333,5.402286,0
Q5BAJ9,227321,E. nidulans,12.934308,10.606861,12
C8V1Q0,227321,E. nidulans,7.1610646,11.907964,9
P21228,227321,E. nidulans,12.359308,8.153286,14
Q5AY99,227321,E. nidulans,8.053164,6.0937424,13
Q5BBG1,227321,E. nidulans,11.063717,4.3357935,9
Q00727,227321,E. nidulans,7.2469397,13.309048,13
C8V0H5,227321,E. nidulans,9.130544,11.823641,17
A0A1U8QW91,227321,E. nidulans,7.801894,12.419625,9
Q9Y8C2,227321,E. nidulans,7.4297876,12.246225,13
C8VTX5,227321,E. nidulans,8.037187,6.100409,0
Q5B9U1,227321,E. nidulans,12.184246,9.118006,18
Q5ASX5,227321,E. nidulans,8.242833,12.840213,13
Q5B0Y2,227321,E. nidulans,9.914524,11.080207,17
Q5BF72,227321,E. nidulans,11.015517,9.352391,14
Q5BF66,227321,E. nidulans,11.754406,9.497152,14
Q5BG04,227321,E. nidulans,7.2065897,12.304765,13
G5EB36,227321,E. nidulans,12.33757,8.155758,6
Q5BFL6,227321,E. nidulans,11.634557,10.045523,6
Q5B0P6,227321,E. nidulans,7.569315,12.250407,9
Q12609,227321,E. nidulans,9.171348,15.035571,3
Q6KBA8,227321,E. nidulans,8.6199255,13.7879715,13
Q5B5W6,227321,E. nidulans,8.136393,3.1500816,11
C8VK94,227321,E. nidulans,10.419051,10.470132,17
Q9P896,227321,E. nidulans,9.037223,11.62856,14
Q00713,227321,E. nidulans,8.024292,12.302187,9
C8VMF9,227321,E. nidulans,9.117964,11.18894,6
C8V8B5,227321,E. nidulans,10.873086,5.1901035,13
P28298,227321,E. nidulans,6.876858,10.819644,9
Q5AVY9,227321,E. nidulans,11.117202,6.0608835,13
Q5BBM1,227321,E. nidulans,14.457722,9.804297,10
Q5ASR1,227321,E. nidulans,12.106003,9.580002,18
P48457,227321,E. nidulans,10.017967,13.408317,11
C8V3C2,227321,E. nidulans,10.660905,12.265656,6
Q5B9P3,227321,E. nidulans,10.160064,11.157929,6
G5EB64,227321,E. nidulans,10.585643,10.646753,6
C8V3P3,227321,E. nidulans,14.134484,9.984454,10
Q5B994,227321,E. nidulans,10.458384,9.349342,15
C8V4D4,227321,E. nidulans,10.336909,13.000625,11
C8VJ57,227321,E. nidulans,6.3565006,5.5973225,0
Q5BEJ5,227321,E. nidulans,10.761597,5.526139,9
G5EAT2,227321,E. nidulans,10.757916,10.695131,6
C8VA09,227321,E. nidulans,12.322183,8.128989,17
Q5AXB0,227321,E. nidulans,9.228516,11.092642,14
A0A1U8QTJ9,227321,E. nidulans,11.255085,4.3993273,1
Q5ASG9,227321,E. nidulans,10.740497,5.826099,13
Q5B3G5,227321,E. nidulans,7.1364164,19.000452,14
P28344,227321,E. nidulans,6.9447346,10.719699,17
C8VRV0,227321,E. nidulans,8.232055,5.8515897,0
Q5B833,227321,E. nidulans,10.716475,5.644853,9
A0A1D8PDB5,237561,C. albicans,7.592833,5.0078635,0
A0A1D8PNL1,237561,C. albicans,12.51349,8.993882,10
A0A1D8PJV0,237561,C. albicans,11.2863455,9.384784,7
Q59QN2,237561,C. albicans,10.674213,9.93468,7
A0A1D8PEB6,237561,C. albicans,10.774539,10.230522,6
Q59US5,237561,C. albicans,6.9103327,12.693558,13
Q5AA37,237561,C. albicans,11.312306,9.176941,7
Q5APH8,237561,C. albicans,10.294235,9.490034,17
Q5A477,237561,C. albicans,8.209579,4.6349955,11
Q59PU4,237561,C. albicans,10.473605,5.2618647,17
P87207,237561,C. albicans,10.870909,4.473597,9
Q5ACU3,237561,C. albicans,8.530422,5.8316607,9
A0A1D8PN91,237561,C. albicans,12.259991,9.154132,10
Q5ANE3,237561,C. albicans,8.949425,5.9764776,0
A0A1D8PSH3,237561,C. albicans,8.734107,9.1026,15
Q5ADY1,237561,C. albicans,10.088378,10.041782,17
Q5AFP3,237561,C. albicans,12.806014,9.217206,10
A0A1D8PM53,237561,C. albicans,11.623583,9.656124,4
Q59WC4,237561,C. albicans,10.916747,9.330712,7
Q5ACU9,237561,C. albicans,12.371747,9.578234,10
Q5AP71,237561,C. albicans,12.444805,12.890269,11
A0A1D8PH63,237561,C. albicans,8.609471,5.8053384,0
Q5A4E3,237561,C. albicans,10.940265,4.403165,9
Q59V63,237561,C. albicans,10.225292,5.195584,9
Q59WT3,237561,C. albicans,8.050548,6.1083817,0
A0A1D8PT38,237561,C. albicans,12.838665,13.130418,11
Q5AHG6,237561,C. albicans,12.499491,12.068189,14
P46592,237561,C. albicans,11.006336,4.3552847,13
Q5AP52,237561,C. albicans,12.828142,7.523286,18
Q5AK59,237561,C. albicans,10.39329,11.582281,13
Q5AI24,237561,C. albicans,7.536663,12.0667095,9
A0A1D8PI22,237561,C. albicans,7.1961827,12.374549,9
A0A1D8PKB4,237561,C. albicans,12.632778,12.33703,14
Q5ADN1,237561,C. albicans,9.98914,12.340407,9
A0A1D8PL06,237561,C. albicans,9.370411,11.167849,9
A0A1D8PKC1,237561,C. albicans,10.598129,9.68811,7
A0A1D8PDD8,237561,C. albicans,12.597974,8.787849,18
Q59X26,237561,C. albicans,12.144989,9.301564,18
Q59VF4,237561,C. albicans,9.65091,10.935819,17
Q59VM7,237561,C. albicans,9.568097,10.421123,17
A0A1D8PTB4,237561,C. albicans,9.821524,7.00813,7
A0A1D8PJ29,237561,C. albicans,8.628995,6.004378,9
A0A1D8PRK8,237561,C. albicans,12.617857,9.238877,18
O74198,237561,C. albicans,6.894341,12.5112095,13
Q9HFQ7,237561,C. albicans,12.058283,10.7130785,12
Q5A389,237561,C. albicans,8.452302,8.960175,15
Q5AD37,237561,C. albicans,10.804775,7.9492364,18
A0A1D8PG50,237561,C. albicans,9.208,9.077229,4
Q5A8N2,237561,C. albicans,11.2193985,5.9706755,13
Q59U89,237561,C. albicans,8.529018,8.562641,15
A0A1D8PMF6,237561,C. albicans,10.689292,9.646955,7
Q5AFB9,237561,C. albicans,10.3618765,9.729657,17
A0A1D8PEB4,237561,C. albicans,10.02692,10.427738,17
Q5A0L4,237561,C. albicans,7.259808,11.816121,9
Q96WL3,237561,C. albicans,10.963404,10.0630665,14
Q5AK78,237561,C. albicans,9.993235,10.452066,17
A0A1D8PJ72,237561,C. albicans,11.381409,9.189375,7
A0A1D8PSU3,237561,C. albicans,11.700343,8.958696,18
A0A1D8PCG9,237561,C. albicans,9.550802,10.25052,6
Q5AH87,237561,C. albicans,12.296331,9.075561,10
A0A1D8PSF9,237561,C. albicans,10.920897,8.707385,4
A0A1D8PFV4,237561,C. albicans,13.361789,10.795318,12
Q5A8Z4,237561,C. albicans,7.121698,12.291795,9
A0A1D8PI19,237561,C. albicans,8.429627,5.840201,17
Q59S66,237561,C. albicans,11.949985,9.160843,7
A0A1D8PH87,237561,C. albicans,10.575217,10.204772,17
Q59WD3,237561,C. albicans,7.8153405,12.888782,13
Q59WC6,237561,C. albicans,10.872651,10.21733,6
Q5AAJ8,237561,C. albicans,8.887579,8.238595,15
Q59NP1,237561,C. albicans,9.459252,6.2760262,4
Q59Q40,237561,C. albicans,8.76347,5.957793,0
A0A1D8PG20,237561,C. albicans,7.091739,12.853231,13
A0A1D8PGL8,237561,C. albicans,8.766774,5.7255616,14
P33181,237561,C. albicans,12.197489,8.071543,14
Q5ALY1,237561,C. albicans,10.959712,9.774177,7
A0A1D8PP91,237561,C. albicans,9.8027725,8.178859,15
Q5A8T4,237561,C. albicans,7.0293365,11.864528,9
Q59VW7,237561,C. albicans,9.443057,10.068413,6
A0A1D8PQB9,237561,C. albicans,11.90066,11.123947,2
A0A1D8PGH4,237561,C. albicans,6.9664197,13.139506,13
A0A1D8PPC9,237561,C. albicans,10.856459,5.347903,13
A0A1D8PQP7,237561,C. albicans,10.711106,10.7305,6
Q5AL52,237561,C. albicans,14.914702,10.042753,10
A0A1D8PGS2,237561,C. albicans,7.5529537,11.967439,9
Q5AFB7,237561,C. albicans,10.188768,10.514382,17
A0A1D8PPB0,237561,C. albicans,9.026553,6.4413548,17
Q5A0W9,237561,C. albicans,12.799981,9.119531,10
Q59LX5,237561,C. albicans,11.608077,9.464656,18
Q59W54,237561,C. albicans,11.189051,13.1713505,14
A0A1D8PD78,237561,C. albicans,6.569366,12.887855,13
Q5A785,237561,C. albicans,9.42019,9.07935,4
Q5A7Q2,237561,C. albicans,10.61463,10.312115,17
P43079,237561,C. albicans,12.425458,9.182575,10
A0A1D8PRN4,237561,C. albicans,12.086674,9.216378,18
Q9C0L9,237561,C. albicans,9.967622,10.312004,17
P0CY24,237561,C. albicans,10.818329,12.457628,6
A0A1D8PPB2,237561,C. albicans,9.203546,9.045045,4
A0A1D8PHW6,237561,C. albicans,12.041417,8.326451,4
A0A1D8PFU6,237561,C. albicans,10.037324,11.686316,17
Q9UW26,237561,C. albicans,9.214174,12.373784,9
A0A1D8PGU5,237561,C. albicans,10.67293,9.393742,4
A0A1D8PK25,237561,C. albicans,11.2494,10.960281,6
A0A1D8PNS7,237561,C. albicans,11.333826,7.6709523,14
Q5AMR5,237561,C. albicans,8.47398,5.8259277,0
A0A1D8PKE2,237561,C. albicans,12.557425,11.900288,14
A0A1D8PS50,237561,C. albicans,7.0178275,19.134523,11
Q59MA6,237561,C. albicans,10.212286,6.875752,17
Q5A1L6,237561,C. albicans,7.477366,4.434758,0
Q5AHK0,237561,C. albicans,9.941328,12.855419,9
Q5A779,237561,C. albicans,7.6327825,11.468694,9
Q5AP79,237561,C. albicans,8.131242,3.124823,11
Q5AK05,237561,C. albicans,9.273418,13.013553,9
A0A1D8PQG5,237561,C. albicans,11.917943,9.175789,7
Q5A017,237561,C. albicans,6.75067,12.531688,9
A0A1D8PRM3,237561,C. albicans,18.656372,6.077615,4
A0A1D8PQA6,237561,C. albicans,9.811523,12.716676,14
P40910,237561,C. albicans,8.652782,9.057184,15
Q5AB84,237561,C. albicans,13.280006,10.730515,12
A0A1D8PNI3,237561,C. albicans,12.14677,8.184618,17
A0A1D8PH53,237561,C. albicans,9.135205,10.359726,7
A0A1D8PK40,237561,C. albicans,8.0197315,10.13095,6
Q5AHB5,237561,C. albicans,9.620138,7.0611873,4
Q5AJ93,237561,C. albicans,8.231641,9.74437,17
A0A1D8PTI2,237561,C. albicans,7.0015826,19.154297,13
P82610,237561,C. albicans,6.7132874,11.901131,9
Q5ADL8,237561,C. albicans,12.291902,9.026771,18
Q5AC08,237561,C. albicans,11.205787,5.982903,13
Q5AK66,237561,C. albicans,10.519938,10.1604395,17
Q5A873,237561,C. albicans,10.230235,9.876751,7
A0A1D8PSD7,237561,C. albicans,8.113252,11.0964365,17
A0A1D8PJG1,237561,C. albicans,10.955685,10.0165205,14
Q5ANB9,237561,C. albicans,9.275887,6.8260994,17
A0A1D8PNB5,237561,C. albicans,11.072028,9.942713,6
Q5A678,237561,C. albicans,7.4963307,11.854,9
O74711,237561,C. albicans,12.384177,9.917915,6
A0A1D8PHT4,237561,C. albicans,10.610035,10.152416,17
Q59P03,237561,C. albicans,7.36692,12.894974,13
Q59KS8,237561,C. albicans,11.99189,10.13053,6
Q5AMR1,237561,C. albicans,12.22991,9.640441,18
Q59YJ9,237561,C. albicans,13.339517,10.739498,12
Q5AKZ4,237561,C. albicans,9.744555,9.006,18
A0A1D8PPJ2,237561,C. albicans,10.662954,9.628255,7
P43069,237561,C. albicans,9.5207205,16.448822,14
A0A1D8PTC8,237561,C. albicans,12.05084,11.463222,14
Q5ADP0,237561,C. albicans,8.603697,12.2083845,14
A0A1D8PKC9,237561,C. albicans,10.895918,10.300625,17
A0A1D8PLU8,237561,C. albicans,11.145123,10.032408,6
A0A1D8PCG5,237561,C. albicans,12.517757,8.98369,18
P46250,237561,C. albicans,8.7212,12.689043,9
Q5AGV4,237561,C. albicans,10.154437,10.519737,17
Q5A6M6,237561,C. albicans,9.911786,12.851703,9
A0A1D8PDD1,237561,C. albicans,10.761893,10.900494,6
A0A1D8PK97,237561,C. albicans,12.070912,9.222737,12
A0A1D8PFP3,237561,C. albicans,12.011927,9.687038,18
A0A1D8PLY7,237561,C. albicans,7.4873123,4.457522,0
Q59KV8,237561,C. albicans,10.812829,10.930787,6
Q59KY8,237561,C. albicans,10.569275,21.295158,13
A0A1D8PLJ2,237561,C. albicans,12.0507,9.18853,18
A0A1D8PQT9,237561,C. albicans,14.073443,10.635123,12
Q5AA33,237561,C. albicans,11.278804,6.739322,4
A0A1D8PJA6,237561,C. albicans,7.502015,12.058059,9
Q5ANJ4,237561,C. albicans,12.165207,9.199398,18
A0A1D8PS27,237561,C. albicans,7.5649266,4.574401,0
A0A1D8PNS0,237561,C. albicans,7.8749704,13.751516,13
A0A1D8PQJ5,237561,C. albicans,7.4647675,4.3970637,11
Q59WJ8,237561,C. albicans,10.39512,8.953922,15
A0A1D8PCV0,237561,C. albicans,7.667666,12.540633,9
Q59UR3,237561,C. albicans,11.370306,9.67785,17
A0A1D8PHF8,237561,C. albicans,9.935795,9.039564,12
A0A1D8PJF9,237561,C. albicans,6.985286,13.031844,13
Q5ACL7,237561,C. albicans,12.707846,7.488687,4
Q5AIA2,237561,C. albicans,6.6824107,12.779671,13
Q5A9D4,237561,C. albicans,9.996387,9.180607,6
A0A1D8PED2,237561,C. albicans,10.644541,9.525113,7
A0A1D8PD83,237561,C. albicans,10.39366,11.867629,9
A0A1D8PFE4,237561,C. albicans,7.8875246,11.450428,13
Q5AJ77,237561,C. albicans,12.543901,8.7434635,18
Q5A388,237561,C. albicans,9.458122,11.087501,14
Q5ACV4,237561,C. albicans,10.66261,10.208088,4
A0A1D8PN67,237561,C. albicans,8.919666,6.134881,0
Q9UW24,237561,C. albicans,10.709056,10.221543,17
Q59QH4,237561,C. albicans,10.968147,4.3862166,17
Q5ADM7,237561,C. albicans,6.957162,12.513968,9
A0A1D8PTP9,237561,C. albicans,7.6459327,11.458415,9
A0A1D8PD60,237561,C. albicans,10.687038,9.478106,7
A0A1D8PKY7,237561,C. albicans,6.973989,12.395562,9
Q5ABC6,237561,C. albicans,11.208121,9.04134,4
Q59W33,237561,C. albicans,6.8068023,12.630467,9
A0A1D8PNP1,237561,C. albicans,11.817596,9.217494,7
A0A1D8PG44,237561,C. albicans,8.01573,8.790795,15
Q5AB97,237561,C. albicans,9.895446,10.817293,17
A0A1D8PTY0,237561,C. albicans,8.437519,8.487264,15
P28870,237561,C. albicans,8.647875,13.737327,13
Q5APC8,237561,C. albicans,12.587873,9.253058,18
A0A1D8PH31,237561,C. albicans,9.744828,11.943988,6
A0A1D8PQD2,237561,C. albicans,9.338059,9.371967,17
A0A1D8PJD1,237561,C. albicans,11.190134,5.962471,13
A0A1D8PQW4,237561,C. albicans,10.15948,10.040973,4
A0A1D8PS12,237561,C. albicans,7.5139265,12.509555,9
Q5AIB8,237561,C. albicans,8.38655,8.893209,15
Q5ALX5,237561,C. albicans,10.2843,11.561754,17
A0A1D8PCN0,237561,C. albicans,6.907005,12.271397,13
Q59WJ7,237561,C. albicans,10.603992,10.83146,6
Q5A4P1,237561,C. albicans,11.329743,11.202899,6
Q5AF81,237561,C. albicans,8.380847,13.692168,13
A0A1D8PJ17,237561,C. albicans,8.460131,12.28352,9
Q5AIA0,237561,C. albicans,10.177444,9.702799,6
Q5AMG5,237561,C. albicans,9.851949,10.897986,17
Q5A310,237561,C. albicans,10.534195,10.696649,6
A0A1D8PPE2,237561,C. albicans,10.845251,5.3626714,13
A0A1D8PRB9,237561,C. albicans,11.805232,9.10833,7
A0A1D8PKB6,237561,C. albicans,9.704225,6.751729,1
Q59Y31,237561,C. albicans,12.740303,7.42395,12
Q59S78,237561,C. albicans,6.6987405,18.79394,9
Q59QH2,237561,C. albicans,6.6028633,12.892857,13
Q5A2T7,237561,C. albicans,8.141915,3.1833446,11
A0A1D8PT02,237561,C. albicans,6.785401,12.966544,13
A0A1D8PEN6,237561,C. albicans,9.403406,11.173445,14
A0A1D8PKZ9,237561,C. albicans,7.018877,11.190611,17
A0A1D8PEV5,237561,C. albicans,9.582968,10.18523,17
P30575,237561,C. albicans,6.487851,12.956962,13
A0A1D8PI78,237561,C. albicans,9.124017,8.956726,0
Q9HEW1,237561,C. albicans,12.325453,12.162282,14
Q5ALY5,237561,C. albicans,11.743026,9.023147,18
A0A1D8PNA4,237561,C. albicans,12.042357,8.214348,7
Q5AK08,237561,C. albicans,11.260993,9.268661,7
Q5AMQ3,237561,C. albicans,8.042894,8.947607,15
A0A1D8PH14,237561,C. albicans,13.878607,5.2219577,5
Q59XW9,237561,C. albicans,10.249886,10.167061,6
A0A1D8PHG0,237561,C. albicans,12.147245,8.127257,17
A0A1D8PNR5,237561,C. albicans,7.574105,5.010755,0
A0A1D8PN32,237561,C. albicans,10.541083,8.419209,15
Q59TC4,237561,C. albicans,6.6250596,12.511977,9
Q5ABS1,237561,C. albicans,9.234369,9.017651,15
Q5AHD6,237561,C. albicans,10.193648,6.9368095,17
Q5A5E0,237561,C. albicans,7.1420565,11.948441,9
Q59PR9,237561,C. albicans,11.869612,10.039109,6
Q59N31,237561,C. albicans,10.616609,10.084185,7
A0A1D8PQ80,237561,C. albicans,12.140875,8.132805,17
Q92206,237561,C. albicans,8.747947,11.1604,9
A0A1D8PNG9,237561,C. albicans,6.5214243,12.89213,13
P83780,237561,C. albicans,6.491515,12.929381,13
A0A1D8PQ95,237561,C. albicans,8.474596,12.18299,9
P31353,237561,C. albicans,9.820346,13.463693,11
A0A1D8PHY0,237561,C. albicans,9.330619,9.04049,4
Q5ALX8,237561,C. albicans,6.5091686,12.683967,13
A0A1D8PSQ3,237561,C. albicans,9.006426,13.4773855,6
A0A1D8PNY6,237561,C. albicans,8.136549,3.1556582,11
Q5ALN5,237561,C. albicans,12.120849,9.085081,18
Q59NB3,237561,C. albicans,10.165235,9.441921,6
A0A1D8PRR9,237561,C. albicans,10.031856,13.169888,9
Q59P39,237561,C. albicans,12.619397,9.081546,10
Q59TD1,237561,C. albicans,8.146192,3.204703,0
A0A1D8PCY4,237561,C. albicans,11.170196,6.1903076,12
A0A1D8PQK6,237561,C. albicans,7.2645288,6.2216883,9
Q5ADX8,237561,C. albicans,12.921383,9.225784,10
Q5AGV1,237561,C. albicans,10.735899,10.256141,7
A0A1D8PIL5,237561,C. albicans,12.949018,9.215741,10
Q59WC1,237561,C. albicans,11.495655,9.4072275,18
A0A1D8PT36,237561,C. albicans,14.412604,8.5905,5
Q5AHE5,237561,C. albicans,10.462174,7.791823,7
A0A1D8PH11,237561,C. albicans,10.27704,11.60857,14
P78599,237561,C. albicans,8.39537,12.126038,13
A0A1D8PQH4,237561,C. albicans,10.379365,9.729649,17
Q59LS1,237561,C. albicans,7.9792194,10.200492,17
A0A1D8PKI5,237561,C. albicans,5.9914126,11.22655,17
A0A1D8PLU5,237561,C. albicans,9.096014,8.827508,4
A0A1D8PFE8,237561,C. albicans,10.148268,11.5664425,17
Q5AHB8,237561,C. albicans,11.879406,9.533382,18
A0A1D8PN61,237561,C. albicans,12.545126,12.150637,14
A0A1D8PSN1,237561,C. albicans,13.447697,10.04939,12
A0A1D8PHA3,237561,C. albicans,7.3465285,12.156178,13
Q5A668,237561,C. albicans,8.08044,6.0773997,17
Q5A4M9,237561,C. albicans,13.518931,14.523384,16
A0A1D8PR83,237561,C. albicans,7.918303,8.948457,17
A0A1D8PNE5,237561,C. albicans,10.543162,10.5674715,6
Q5ADX5,237561,C. albicans,9.699795,10.903457,17
P42800,237561,C. albicans,7.114029,10.34994,17
Q5AA15,237561,C. albicans,10.354914,10.660109,6
Q59NQ5,237561,C. albicans,7.1830993,12.361068,13
A0A1D8PLF1,237561,C. albicans,8.797158,7.549199,4
Q9UW23,237561,C. albicans,11.393547,9.073475,18
Q5AGX2,237561,C. albicans,9.937555,10.264364,17
Q59UP8,237561,C. albicans,7.7851725,5.3969293,0
Q5ANN9,237561,C. albicans,10.799235,6.369214,4
Q5A318,237561,C. albicans,7.3177614,12.147534,9
A0A1D8PJS7,237561,C. albicans,10.527763,10.269484,17
Q5A339,237561,C. albicans,9.896139,11.267181,17
A0A1D8PPF9,237561,C. albicans,10.060847,10.427577,17
Q5AAN7,237561,C. albicans,10.556999,6.3664045,4
A0A1D8PU88,237561,C. albicans,11.782648,9.603143,18
A0A1D8PNV5,237561,C. albicans,11.911051,9.127656,7
A0A1D8PGN7,237561,C. albicans,7.1091976,10.756658,17
A0A1D8PSA6,237561,C. albicans,8.527212,12.243035,9
A0A1D8PPE8,237561,C. albicans,8.27007,6.4280505,0
Q5ANL4,237561,C. albicans,9.941135,10.324149,17
P22011,237561,C. albicans,8.249445,12.842457,13
Q59VQ3,237561,C. albicans,10.245682,8.990943,15
A0A1D8PT71,237561,C. albicans,12.656093,9.315638,18
A0A1D8PEG2,237561,C. albicans,7.3213654,12.39697,9
Q5AJC2,237561,C. albicans,9.078585,10.861857,6
Q59WR6,237561,C. albicans,9.691089,6.7076187,4
A0A1D8PNV9,237561,C. albicans,8.446716,5.9632645,0
A0A1D8PCD8,237561,C. albicans,8.31413,5.9136777,9
Q5A688,237561,C. albicans,8.716737,5.8730946,0
A0A1D8PL01,237561,C. albicans,8.147264,5.94848,9
Q5AJ71,237561,C. albicans,9.155101,10.993724,9
Q5ANA9,237561,C. albicans,6.9713054,19.192347,11
A0A1D8PJ86,237561,C. albicans,15.262337,9.751194,10
Q5ANF0,237561,C. albicans,12.575745,9.00624,10
A0A1D8PN88,237561,C. albicans,7.5968475,4.9139614,0
A0A1D8PCP6,237561,C. albicans,12.133658,9.986323,6
Q5AL11,237561,C. albicans,10.749925,9.729588,7
P46589,237561,C. albicans,12.678373,9.122896,10
A0A1D8PMZ4,237561,C. albicans,12.5124855,8.902581,10
A0A1D8PJ80,237561,C. albicans,10.569306,21.295221,13
Q5A5R4,237561,C. albicans,5.700282,13.393281,13
A0A1D8PG37,237561,C. albicans,7.6699233,12.236134,13
Q92410,237561,C. albicans,6.6049166,12.462385,13
Q5A762,237561,C. albicans,15.355109,0.14356917,5
A0A1D8PCF2,237561,C. albicans,11.658528,8.873014,18
A0A1D8PND0,237561,C. albicans,8.467063,11.455798,14
Q5AL36,237561,C. albicans,12.69879,9.183224,10
Q59Y20,237561,C. albicans,11.359688,9.270757,7
A0A1D8PQG0,237561,C. albicans,7.4592524,4.3928123,11
A0A1D8PQ26,237561,C. albicans,7.139485,12.800651,13
A0A1D8PC38,237561,C. albicans,11.934108,10.10676,6
A0A1D8PU46,237561,C. albicans,9.869465,10.648661,6
A0A1D8PGW8,237561,C. albicans,10.483085,7.838159,7
Q5AMH6,237561,C. albicans,12.474983,8.941953,18
A0A1D8PPK1,237561,C. albicans,6.8427505,12.693696,9
A0A1D8PC43,237561,C. albicans,6.982226,11.888272,9
Q5A034,237561,C. albicans,9.397193,11.693102,6
A0A1D8PJQ4,237561,C. albicans,7.498351,4.421561,0
A0A1D8PJQ2,237561,C. albicans,7.6024146,4.9852953,0
A0A1D8PPQ0,237561,C. albicans,9.366618,10.83777,17
Q59XX2,237561,C. albicans,11.112795,6.1032243,13
Q5AMR2,237561,C. albicans,10.772913,5.4365478,9
Q59UQ7,237561,C. albicans,7.9552727,5.174326,0
A0A1D8PI24,237561,C. albicans,6.551604,13.189962,13
A0A1D8PU30,237561,C. albicans,12.381923,16.021042,16
P83777,237561,C. albicans,8.553127,8.443722,15
Q5ANC9,237561,C. albicans,9.754853,6.9032154,7
Q5A3J0,237561,C. albicans,7.5474954,4.8330474,0
Q59PA3,237561,C. albicans,9.144837,10.690794,6
Q5A6P1,237561,C. albicans,10.992845,9.470464,17
Q9Y7F0,237561,C. albicans,7.3704314,13.88004,13
A0A1D8PEM3,237561,C. albicans,10.228221,10.223337,9
A0A1D8PE20,237561,C. albicans,12.119343,9.145063,18
A0A1D8PGJ3,237561,C. albicans,11.709284,8.994231,7
A0A1D8PKU6,237561,C. albicans,10.476745,6.752277,4
Q5A687,237561,C. albicans,10.846197,4.4714055,17
Q5AG43,237561,C. albicans,8.677723,8.9164295,15
Q59N43,237561,C. albicans,10.8167305,9.667999,7
Q5AFN8,237561,C. albicans,12.7323,7.409609,12
Q59X49,237561,C. albicans,13.497196,10.677271,12
A0A1D8PDC9,237561,C. albicans,10.120728,10.339111,17
A0A1D8PRR1,237561,C. albicans,11.032044,8.451928,15
A0A1D8PPH3,237561,C. albicans,12.654642,8.832901,18
A0A1D8PNC7,237561,C. albicans,9.955747,9.04425,12
A0A1D8PNH8,237561,C. albicans,9.155179,11.292868,17
Q59QG8,237561,C. albicans,13.1336975,7.4044776,12
A0A1D8PNT8,237561,C. albicans,10.816223,9.664259,7
A0A1D8PGS7,237561,C. albicans,6.753995,12.675969,13
Q5A6T5,237561,C. albicans,11.92413,9.315634,7
A0A1D8PDK6,237561,C. albicans,7.6344666,11.982714,9
A0A1D8PEW1,237561,C. albicans,10.789703,5.4608393,9
Q5A432,237561,C. albicans,12.4842415,8.975695,10
Q5A0X8,237561,C. albicans,10.987719,6.357031,4
A0A1D8PSC7,237561,C. albicans,12.078378,9.180888,10
A0A1D8PKQ8,237561,C. albicans,12.012077,8.23997,7
A0A1D8PR25,237561,C. albicans,8.931121,5.997702,4
A0A1D8PCS7,237561,C. albicans,7.174074,11.943069,9
Q5AND6,237561,C. albicans,12.331435,9.212941,18
A0A1D8PCM9,237561,C. albicans,12.136885,9.191506,18
A0A1D8PCT5,237561,C. albicans,10.38201,7.520476,17
A0A1D8PS61,237561,C. albicans,8.027457,5.57695,9
A0A1D8PN92,237561,C. albicans,10.815993,4.9630823,13
A0A1D8PDL0,237561,C. albicans,7.894136,5.713547,17
Q5AL49,237561,C. albicans,11.798366,9.224374,7
A0A1D8PPE0,237561,C. albicans,8.272845,9.017312,15
A0A1D8PHX3,237561,C. albicans,10.393622,10.500496,17
A0A1D8PDC4,237561,C. albicans,7.282347,11.847805,9
Q59US7,237561,C. albicans,9.75933,6.9735737,4
A0A1D8PIX3,237561,C. albicans,10.276292,9.842905,17
Q59PF0,237561,C. albicans,8.353564,5.9324207,0
Q5APF2,237561,C. albicans,6.8048,12.089439,9
A0A1D8PTQ2,237561,C. albicans,12.511201,9.402748,18
Q9UVL1,237561,C. albicans,17.022097,15.493471,13
Q5A594,237561,C. albicans,8.491193,5.926362,9
A0A1D8PT03,237561,C. albicans,11.6134815,10.753511,12
Q5AC02,237561,C. albicans,12.091129,8.11344,17
A0A1D8PPC1,237561,C. albicans,8.786395,7.509428,4
A0A1D8PCT7,237561,C. albicans,10.342204,7.3907886,17
Q5A119,237561,C. albicans,11.24586,9.880996,6
Q59LZ9,237561,C. albicans,11.530044,9.418968,18
A0A1D8PM35,237561,C. albicans,10.037982,10.260305,6
Q5AMT3,237561,C. albicans,10.020426,10.143882,17
Q5AND0,237561,C. albicans,4.896583,10.122319,13
Q5AKU2,237561,C. albicans,12.7815695,8.846416,18
P53697,237561,C. albicans,11.092405,4.3468356,9
Q5AKW2,237561,C. albicans,6.5480633,12.785529,9
A0A1D8PTJ1,237561,C. albicans,11.708836,8.959951,7
A0A1D8PMP0,237561,C. albicans,6.7955956,12.725616,9
Q5AH07,237561,C. albicans,6.7519116,11.813091,9
A0A1D8PL16,237561,C. albicans,8.003726,5.5930076,17
A0A1D8PSK4,237561,C. albicans,11.362192,9.36757,7
A0A1D8PFE0,237561,C. albicans,9.853191,6.961924,7
Q5A4M8,237561,C. albicans,8.912038,6.0261483,4
A0A1D8PNU4,237561,C. albicans,10.075266,6.6201744,7
Q5A1E4,237561,C. albicans,10.744405,10.226814,6
Q59RL7,237561,C. albicans,11.791556,9.096068,7
P31225,237561,C. albicans,8.235043,11.279953,17
A0A1D8PCX8,237561,C. albicans,8.100228,10.626663,9
A0A1D8PEJ0,237561,C. albicans,10.463391,7.7653155,7
A0A1D8PK87,237561,C. albicans,9.675075,5.9297447,17
Q59LL5,237561,C. albicans,6.527309,12.72523,9
Q5ABZ2,237561,C. albicans,13.306566,9.958605,10
A0A1D8PN26,237561,C. albicans,13.223071,10.107246,12
A0A1D8PGK4,237561,C. albicans,14.102256,10.0478735,10
A0A1D8PFM0,237561,C. albicans,8.270499,6.4075375,9
Q5ANJ0,237561,C. albicans,12.341771,12.050103,14
A0A1D8PKA4,237561,C. albicans,11.295501,9.601887,7
A0A1D8PN01,237561,C. albicans,10.604591,9.582194,7
A0A1D8PU61,237561,C. albicans,6.8677297,13.409263,13
A0A1D8PMP1,237561,C. albicans,7.1358533,12.373613,9
Q5A4G2,237561,C. albicans,12.039639,8.299455,7
Q5AGW8,237561,C. albicans,10.721253,5.5507526,9
A0A1D8PD11,237561,C. albicans,8.527796,8.501815,15
A0A1D8PN96,237561,C. albicans,12.042294,8.301431,7
A0A1D8PJR2,237561,C. albicans,6.4289308,13.999227,9
Q5ACY4,237561,C. albicans,11.83129,9.263801,14
Q59VY4,237561,C. albicans,6.846847,12.219839,13
Q59P58,237561,C. albicans,12.124633,8.86673,18
Q5A1E0,237561,C. albicans,9.95014,9.360258,15
A0A1D8PG34,237561,C. albicans,10.1927,6.464488,7
Q59TE0,237561,C. albicans,7.7960787,10.510396,6
A0A1D8PCD3,237561,C. albicans,9.077296,10.845123,9
Q59LK7,237561,C. albicans,12.499987,8.941894,10
A0A1D8PTR4,237561,C. albicans,8.29789,8.867206,15
Q5AMJ5,237561,C. albicans,12.688383,7.379575,12
Q5A967,237561,C. albicans,8.136322,3.1529183,11
Q5ACY8,237561,C. albicans,7.154356,10.969866,17
Q59N42,237561,C. albicans,10.569397,21.295347,13
A0A1D8PMK0,237561,C. albicans,9.43735,11.996584,9
Q59WC5,237561,C. albicans,7.282025,12.455357,13
Q59YK4,237561,C. albicans,9.457751,6.985833,4
A0A1D8PR99,237561,C. albicans,8.425933,13.972581,13
A0A1D8PIF7,237561,C. albicans,9.89844,7.0189466,7
Q5ANP4,237561,C. albicans,8.59541,8.125814,15
A0A1D8PHI5,237561,C. albicans,9.271837,9.081233,4
Q59UR2,237561,C. albicans,10.957281,4.455955,17
Q59TD5,237561,C. albicans,6.627002,11.789725,9
A0A1D8PU31,237561,C. albicans,12.024903,9.886325,6
Q5AGE4,237561,C. albicans,10.392608,9.746196,17
A0A1D8PTG5,237561,C. albicans,9.361317,12.405527,13
A0A1D8PRR3,237561,C. albicans,9.584161,10.308216,17
Q5AFB4,237561,C. albicans,6.410942,14.049553,13
Q5ACZ2,237561,C. albicans,10.744898,5.6495695,9
Q5A644,237561,C. albicans,6.9721856,12.332768,9
A0A1D8PPX8,237561,C. albicans,11.040093,10.897279,6
Q5AI79,237561,C. albicans,9.61376,13.008936,13
Q5A4X0,237561,C. albicans,11.680021,10.336716,6
Q59Z52,237561,C. albicans,8.381339,5.9636946,17
Q59WH0,237561,C. albicans,10.542811,12.430653,9
Q59XV1,237561,C. albicans,12.395476,12.125761,14
Q5AFI4,237561,C. albicans,12.754399,7.6187654,12
Q5AJC1,237561,C. albicans,10.768331,9.932162,7
P30418,237561,C. albicans,9.506084,10.595742,17
Q5AMQ4,237561,C. albicans,8.75899,6.6745996,17
A0A1D8PTU3,237561,C. albicans,10.797741,10.6728325,6
A0A1D8PDA6,237561,C. albicans,12.853623,13.098673,11
Q5AK53,237561,C. albicans,7.442513,11.992203,9
A0A1D8PU45,237561,C. albicans,12.087,8.194727,17
A0A1D8PN42,237561,C. albicans,11.571352,8.789835,18
A0A1D8PHP8,237561,C. albicans,8.5415,5.8798995,0
Q5A852,237561,C. albicans,11.307858,7.654076,14
Q59PV6,237561,C. albicans,12.796709,7.5066752,12
O74201,237561,C. albicans,9.22001,13.000962,9
A0A1D8PCV7,237561,C. albicans,12.160813,11.684837,5
Q5AJZ7,237561,C. albicans,8.335371,8.941361,15
A0A1D8PIH2,237561,C. albicans,7.5448318,4.919869,0
Q5AEM6,237561,C. albicans,11.197473,5.976584,13
A0A1D8PQX7,237561,C. albicans,9.827796,8.8968315,15
A0A1D8PIP6,237561,C. albicans,10.897136,9.544153,7
A0A1D8PJR1,237561,C. albicans,11.281898,9.548036,7
Q8X1E6,237561,C. albicans,10.163551,9.387085,4
Q9P8W1,237561,C. albicans,10.858154,5.402878,9
A0A1D8PJA8,237561,C. albicans,10.8347645,6.306697,4
Q5AG77,237561,C. albicans,7.553936,4.8859806,0
G1UB11,237561,C. albicans,9.10303,14.794605,9
Q5ALX3,237561,C. albicans,12.242675,10.663321,6
Q5AH99,237561,C. albicans,11.205515,11.279798,6
P39827,237561,C. albicans,10.342177,11.891594,9
Q5AH56,237561,C. albicans,10.160824,6.7126336,4
A0A1D8PHA2,237561,C. albicans,9.253309,9.067428,4
A0A1D8PMR6,237561,C. albicans,8.846258,5.878212,0
A0A1D8PPR4,237561,C. albicans,8.167445,3.3046587,0
A0A1D8PPI5,237561,C. albicans,7.5563564,4.910892,0
Q59UZ4,237561,C. albicans,7.9608917,5.5658035,9
P0CT83,284812,S. pombe,8.453432,8.9912615,15
O13685,284812,S. pombe,9.197672,13.078584,9
O94354,284812,S. pombe,7.2359934,9.971674,17
Q09800,284812,S. pombe,10.452837,9.708839,17
Q10133,284812,S. pombe,6.882695,19.298832,13
O13695,284812,S. pombe,12.762848,7.6163936,12
Q09722,284812,S. pombe,9.914809,11.320447,17
O14157,284812,S. pombe,10.556914,10.968281,17
Q9USK4,284812,S. pombe,12.101525,9.5403185,18
Q10245,284812,S. pombe,7.4816446,12.917725,13
Q10339,284812,S. pombe,10.13909,11.091712,17
Q9UUI2,284812,S. pombe,12.331354,9.372045,18
O74821,284812,S. pombe,10.044822,10.608562,17
Q9UTH8,284812,S. pombe,14.488182,9.830299,10
Q9USR0,284812,S. pombe,11.205279,7.585681,14
O94644,284812,S. pombe,9.70799,10.239365,17
O94374,284812,S. pombe,10.057379,13.111753,11
O43017,284812,S. pombe,11.220719,7.6232133,14
P36620,284812,S. pombe,7.002556,13.075954,13
P0CT33,284812,S. pombe,7.9444795,11.412643,9
Q10270,284812,S. pombe,7.242036,12.329556,9
O14134,284812,S. pombe,9.738883,11.246714,9
Q9P377,284812,S. pombe,4.4669447,11.145603,8
O13648,284812,S. pombe,9.573982,11.902439,9
Q10438,284812,S. pombe,9.203531,11.102246,17
O59773,284812,S. pombe,12.881845,9.428096,18
P21911,284812,S. pombe,7.3601923,11.742807,9
O42890,284812,S. pombe,9.529884,10.034815,17
Q9URU2,284812,S. pombe,5.887747,12.068655,9
Q9Y7Q6,284812,S. pombe,9.394284,10.943096,14
O60107,284812,S. pombe,10.730607,10.804662,17
Q9UUK3,284812,S. pombe,10.92724,11.506508,6
O94717,284812,S. pombe,10.6658535,8.98594,15
O74502,284812,S. pombe,8.631273,-0.5833016,19
Q9USS2,284812,S. pombe,12.072416,9.251739,18
Q9P6S4,284812,S. pombe,10.72697,8.838009,15
O14239,284812,S. pombe,8.824092,-0.83833086,19
O43002,284812,S. pombe,11.226038,8.397701,18
O14320,284812,S. pombe,9.225398,9.613023,4
Q9P779,284812,S. pombe,10.460936,10.837477,17
O74335,284812,S. pombe,11.509692,10.891385,14
P08092,284812,S. pombe,12.582333,11.554425,14
Q09767,284812,S. pombe,6.669711,18.788595,13
Q10235,284812,S. pombe,10.266146,10.777906,17
Q9UT81,284812,S. pombe,12.490142,10.460416,6
Q9Y705,284812,S. pombe,10.028268,10.932842,17
Q9UUC9,284812,S. pombe,11.756599,9.31609,18
Q10232,284812,S. pombe,7.5849495,11.2325945,9
Q9UTA2,284812,S. pombe,8.714142,8.375452,15
O94327,284812,S. pombe,8.264776,5.8810906,0
Q92361,284812,S. pombe,10.755599,8.819856,15
Q10257,284812,S. pombe,10.391324,11.695051,9
Q9P769,284812,S. pombe,8.361946,8.818918,15
O94397,284812,S. pombe,13.0377,9.25588,18
P50524,284812,S. pombe,10.084174,12.596541,9
O74815,284812,S. pombe,9.879986,10.241956,7
Q9UT93,284812,S. pombe,8.47166,11.94904,9
Q10352,284812,S. pombe,10.486977,10.831459,6
P41000,284812,S. pombe,12.723648,8.937748,18
Q9C115,284812,S. pombe,10.502731,9.04995,18
Q9P6J7,284812,S. pombe,7.467258,4.3951054,11
Q9UUJ4,284812,S. pombe,9.951475,8.868124,15
O13817,284812,S. pombe,11.714402,9.320821,18
O14258,284812,S. pombe,14.928601,9.965064,10
Q10075,284812,S. pombe,8.771505,11.605842,17
P0CT79,284812,S. pombe,8.156598,9.258158,17
O13899,284812,S. pombe,7.7189975,12.015765,9
P78817,284812,S. pombe,10.972014,4.494105,17
P36631,284812,S. pombe,14.983433,9.940806,10
Q9C116,284812,S. pombe,12.319165,15.926503,16
Q9UTS6,284812,S. pombe,9.439971,12.033396,17
O14037,284812,S. pombe,10.022452,10.841755,17
O74853,284812,S. pombe,10.864451,10.105052,6
P41836,284812,S. pombe,7.731168,11.356804,9
O13892,284812,S. pombe,11.481117,9.633622,18
Q9UUK2,284812,S. pombe,10.837367,12.667481,11
Q09807,284812,S. pombe,9.9133835,10.569597,17
Q09785,284812,S. pombe,7.0414157,11.983355,9
O42885,284812,S. pombe,7.463502,4.4159966,0
P40384,284812,S. pombe,8.711968,11.901332,9
O74421,284812,S. pombe,7.6731677,12.351215,13
O59727,284812,S. pombe,8.440138,8.519564,15
Q9USH2,284812,S. pombe,10.21039,9.384265,15
Q9HGN3,284812,S. pombe,11.373158,11.021566,6
Q10255,284812,S. pombe,8.557651,6.040161,17
Q10368,284812,S. pombe,10.24334,9.924551,15
Q9USK1,284812,S. pombe,8.121677,13.153152,13
O94533,284812,S. pombe,11.27844,7.5861745,14
O59683,284812,S. pombe,8.94969,11.026421,17
O36023,284812,S. pombe,10.391811,11.872113,6
Q9UT39,284812,S. pombe,11.226417,7.55571,14
P10815,284812,S. pombe,11.393591,12.622661,14
O74384,284812,S. pombe,9.011926,6.228785,17
O36031,284812,S. pombe,10.916064,10.019348,6
P0CT63,284812,S. pombe,10.992741,8.387003,16
O59677,284812,S. pombe,8.982418,10.7377205,17
O59828,284812,S. pombe,6.669231,12.468437,9
O74864,284812,S. pombe,7.369559,11.720576,13
Q9UT59,284812,S. pombe,7.089478,13.087546,13
Q10269,284812,S. pombe,8.342721,5.90055,17
Q09700,284812,S. pombe,10.161281,9.832158,17
O14234,284812,S. pombe,4.7279134,11.78247,3
O13739,284812,S. pombe,8.597537,8.322181,15
Q9C103,284812,S. pombe,11.486747,9.404189,18
Q9UTD4,284812,S. pombe,11.150086,12.406273,6
Q9USQ6,284812,S. pombe,9.164771,11.17528,17
Q09905,284812,S. pombe,9.3915615,12.751576,9
Q09788,284812,S. pombe,12.613691,7.3056297,12
Q9UTD0,284812,S. pombe,6.6283574,12.528429,13
O74405,284812,S. pombe,9.179185,11.252182,17
O74317,284812,S. pombe,11.679735,8.573936,18
P34069,284812,S. pombe,11.17859,8.4546995,16
P87155,284812,S. pombe,8.4696045,5.974046,17
P49776,284812,S. pombe,7.3911934,11.667985,9
O13650,284812,S. pombe,9.902327,10.2002325,17
O60095,284812,S. pombe,8.46247,11.531483,9
Q09898,284812,S. pombe,12.476134,11.839235,14
O94450,284812,S. pombe,9.156724,11.395939,17
O13978,284812,S. pombe,8.584053,8.445814,15
Q9P3U2,284812,S. pombe,11.778028,9.839305,6
Q9USP9,284812,S. pombe,13.20089,10.556398,6
O74778,284812,S. pombe,10.397227,10.830487,17
P40369,284812,S. pombe,6.4907913,12.963551,13
P78962,284812,S. pombe,14.97443,10.13495,10
O13351,284812,S. pombe,11.178382,13.144667,14
O14265,284812,S. pombe,10.109633,11.644995,17
Q53EK2,284812,S. pombe,9.511508,11.63435,17
O94276,284812,S. pombe,11.330555,9.175188,18
O74844,284812,S. pombe,10.148164,9.118477,15
O94668,284812,S. pombe,9.984113,9.151324,15
O13710,284812,S. pombe,10.697242,11.600083,9
Q9Y7L6,284812,S. pombe,9.353489,12.726133,9
Q8TFG9,284812,S. pombe,12.819134,7.499623,12
O74823,284812,S. pombe,11.566422,9.395634,6
P56287,284812,S. pombe,9.790863,12.688652,9
O43027,284812,S. pombe,11.775069,9.218172,18
Q9P380,284812,S. pombe,7.60987,4.6403017,0
O14018,284812,S. pombe,7.5756226,12.559002,9
O14034,284812,S. pombe,6.853015,11.880191,9
O42907,284812,S. pombe,9.743532,10.241347,17
Q9P6I7,284812,S. pombe,6.30137,12.733992,13
Q9UTA9,284812,S. pombe,6.859141,11.90829,9
O74653,284812,S. pombe,12.4328985,8.929474,18
Q10659,284812,S. pombe,10.352946,9.73286,17
Q1MTM9,284812,S. pombe,12.223347,8.209348,10
Q09897,284812,S. pombe,12.103461,9.364088,18
O13924,284812,S. pombe,9.969867,10.2817335,17
O94313,284812,S. pombe,12.587463,12.27851,11
Q9P7Z9,284812,S. pombe,10.219257,9.330467,15
O94560,284812,S. pombe,10.5980425,9.854163,17
Q96UP3,284812,S. pombe,8.497743,11.38528,14
O13762,284812,S. pombe,11.118154,9.898001,14
O74310,284812,S. pombe,9.920183,10.355765,17
O60099,284812,S. pombe,10.573969,9.516505,17
Q10441,284812,S. pombe,7.776996,11.99376,9
O14217,284812,S. pombe,10.37277,12.848838,6
P78937,284812,S. pombe,6.5140653,11.114537,17
O13738,284812,S. pombe,8.393925,12.153843,13
P36613,284812,S. pombe,10.232545,12.052735,9
O42963,284812,S. pombe,12.693412,10.7021475,6
Q10296,284812,S. pombe,14.9666,9.786297,10
Q10752,284812,S. pombe,9.691324,11.581425,9
Q10307,284812,S. pombe,13.05612,8.058726,12
Q9P7G3,284812,S. pombe,8.764572,7.28095,17
O14450,284812,S. pombe,11.142871,12.411294,6
O94517,284812,S. pombe,5.168778,16.99613,9
Q9UUB8,284812,S. pombe,9.356815,9.72188,6
O74857,284812,S. pombe,12.045584,9.704171,18
O14342,284812,S. pombe,10.355839,9.111021,15
P79063,284812,S. pombe,9.570672,13.187694,13
Q09770,284812,S. pombe,7.340103,12.118699,9
O14246,284812,S. pombe,11.375198,8.811291,18
Q9UUH4,284812,S. pombe,8.035894,6.1169,0
Q9USN5,284812,S. pombe,9.27951,10.652785,17
O60110,284812,S. pombe,10.03664,11.733988,17
P22192,284812,S. pombe,10.573779,10.356713,6
O94650,284812,S. pombe,11.137435,13.141291,11
Q9UT48,284812,S. pombe,9.721678,10.964516,17
O94273,284812,S. pombe,8.281358,12.8344,13
O60068,284812,S. pombe,9.60005,10.100995,6
O74794,284812,S. pombe,10.970328,8.643867,18
O13993,284812,S. pombe,8.13636,11.576451,17
Q09815,284812,S. pombe,11.740987,9.356502,18
O36017,284812,S. pombe,6.745929,12.399082,9
Q10153,284812,S. pombe,8.257926,5.8232546,0
O94620,284812,S. pombe,11.217866,7.5032363,11
Q9UUA5,284812,S. pombe,10.050528,10.524522,17
P78898,284812,S. pombe,8.46189,12.353314,13
Q9HFF2,284812,S. pombe,11.930404,9.48232,18
O94345,284812,S. pombe,7.92958,10.270292,6
O59701,284812,S. pombe,6.921755,12.851254,13
O94390,284812,S. pombe,8.574355,9.141309,4
O13897,284812,S. pombe,9.332136,10.608381,17
O59819,284812,S. pombe,7.1495643,11.771455,9
Q10951,284812,S. pombe,12.605345,8.819316,18
O14119,284812,S. pombe,9.306566,6.0365086,17
O94550,284812,S. pombe,4.8657646,10.132904,9
O74414,284812,S. pombe,7.566059,12.116095,11
Q10448,284812,S. pombe,9.926498,8.298674,15
O14330,284812,S. pombe,11.348704,9.439037,18
P87152,284812,S. pombe,11.442935,9.356279,18
O94603,284812,S. pombe,11.078587,9.048676,18
Q9URM2,284812,S. pombe,6.7270217,11.8368225,9
O94346,284812,S. pombe,6.6874256,12.522401,9
Q10309,284812,S. pombe,7.416135,6.3062363,9
O94677,284812,S. pombe,9.999254,10.775534,17
O14172,284812,S. pombe,7.084617,12.180546,9
O94740,284812,S. pombe,10.296802,9.445522,18
Q9UTE3,284812,S. pombe,12.894456,10.201811,10
P87041,284812,S. pombe,8.25752,4.7180805,11
P87137,284812,S. pombe,11.942686,9.946411,6
Q96WV9,284812,S. pombe,12.544115,11.860704,14
Q9Y7R3,284812,S. pombe,11.59598,10.383676,6
P87176,284812,S. pombe,12.13198,9.086813,18
O94338,284812,S. pombe,11.479279,9.46914,18
Q09698,284812,S. pombe,11.573577,9.234631,18
O14358,284812,S. pombe,8.46918,8.962767,15
O14302,284812,S. pombe,11.75358,9.592145,17
O14388,284812,S. pombe,8.046672,10.654959,9
O13747,284812,S. pombe,10.482187,12.144564,14
O42839,284812,S. pombe,9.862581,10.161855,17
Q09766,284812,S. pombe,8.307911,5.780569,17
Q9UTB8,284812,S. pombe,8.299167,8.776274,15
Q9P6K1,284812,S. pombe,8.575896,6.0786376,17
O14318,284812,S. pombe,12.870179,9.064511,18
O74172,284812,S. pombe,8.474135,10.312295,6
P49373,284812,S. pombe,10.418506,11.894931,6
O94691,284812,S. pombe,10.863431,9.163259,18
Q9HGL9,284812,S. pombe,12.306075,8.755608,18
O59785,284812,S. pombe,8.425441,4.983835,0
Q12519,284812,S. pombe,8.273753,5.1462307,17
Q9HGP4,284812,S. pombe,12.136931,10.022728,6
O94721,284812,S. pombe,10.83052,11.416666,6
Q9UT08,284812,S. pombe,9.99205,12.427342,9
Q9UU89,284812,S. pombe,6.8310723,12.348165,9
Q9UTC5,284812,S. pombe,7.710389,12.164603,9
Q10407,284812,S. pombe,11.882932,9.318756,18
Q10490,284812,S. pombe,7.535571,12.561915,9
O59676,284812,S. pombe,10.990069,10.13619,6
O94480,284812,S. pombe,9.710752,11.010877,9
P52808,284812,S. pombe,7.620134,11.809055,9
Q09817,284812,S. pombe,9.8029585,12.415089,9
P04909,284812,S. pombe,7.8650546,9.729328,6
Q9USK5,284812,S. pombe,8.948265,8.21543,15
Q9USI4,284812,S. pombe,9.329583,11.305075,17
Q9UTM4,284812,S. pombe,7.4586535,11.467492,9
Q09892,284812,S. pombe,12.887992,13.180513,11
O59713,284812,S. pombe,7.6637044,11.607695,17
Q09852,284812,S. pombe,7.4986324,4.4435086,0
O94701,284812,S. pombe,12.308001,9.656478,10
Q09741,284812,S. pombe,6.651631,12.677162,13
P79071,284812,S. pombe,8.112622,10.534772,6
Q9C0X6,284812,S. pombe,7.0837436,10.590286,17
O94448,284812,S. pombe,8.329654,5.9311447,0
P40848,284812,S. pombe,10.2029705,10.950158,6
Q9C0W9,284812,S. pombe,9.003662,6.233463,17
P41391,284812,S. pombe,10.170371,12.326855,14
Q9UTA6,284812,S. pombe,6.8409686,11.961126,9
Q9USN4,284812,S. pombe,7.464242,4.38524,11
Q9Y804,284812,S. pombe,8.643323,11.636569,17
Q9UT50,284812,S. pombe,12.6061,8.762218,18
P24487,284812,S. pombe,7.4632034,11.664992,9
O74428,284812,S. pombe,12.56098,8.684844,18
O42855,284812,S. pombe,10.629675,8.501953,15
O94681,284812,S. pombe,8.039912,13.27538,14
P87214,284812,S. pombe,7.273984,12.161721,9
O14016,284812,S. pombe,9.802978,8.415734,15
O94466,284812,S. pombe,11.391084,10.086697,6
Q9P6L6,284812,S. pombe,13.502271,9.758117,12
P18869,284812,S. pombe,6.9203515,12.747254,9
O94582,284812,S. pombe,6.780063,11.888044,9
O94319,284812,S. pombe,11.393654,7.48599,11
O94340,284812,S. pombe,6.749889,11.851089,3
Q9USI5,284812,S. pombe,10.507953,12.925947,13
O94235,284812,S. pombe,12.064723,9.391165,14
B8Y7Y5,284812,S. pombe,11.0380945,8.914637,18
Q9P6K4,284812,S. pombe,11.014364,8.935117,18
Q9Y827,284812,S. pombe,8.973036,12.357664,9
Q10140,284812,S. pombe,10.649376,8.843955,16
O43005,284812,S. pombe,9.998148,12.7312975,9
Q9UT27,284812,S. pombe,9.321443,10.692544,17
Q9UUG9,284812,S. pombe,10.830123,5.008554,13
Q9UST3,284812,S. pombe,10.115697,11.22951,17
O43024,284812,S. pombe,12.97617,9.156305,18
P87149,284812,S. pombe,9.147976,12.098038,14
Q9P7Y3,284812,S. pombe,10.795726,8.630232,4
O74992,284812,S. pombe,8.921928,7.6355963,4
Q9HE10,284812,S. pombe,10.734594,10.376351,6
P36605,284812,S. pombe,6.5023413,12.8204565,13
P40847,284812,S. pombe,11.339904,10.094452,6
P40370,284812,S. pombe,6.5243964,12.973185,9
O42648,284812,S. pombe,12.510371,9.066408,18
O74734,284812,S. pombe,10.199876,11.24565,6
Q9UU83,284812,S. pombe,12.647817,8.813334,18
Q9UTK4,284812,S. pombe,14.705037,10.069935,10
P0CU07,284812,S. pombe,12.352435,15.976102,16
O42896,284812,S. pombe,6.9510217,12.898427,13
O14010,284812,S. pombe,9.598149,8.793928,15
O59829,284812,S. pombe,6.5082545,12.632674,13
O59781,284812,S. pombe,9.521097,11.956937,9
P78965,284812,S. pombe,6.7961125,12.293764,13
O43010,284812,S. pombe,9.458272,10.730115,17
Q1MTQ5,284812,S. pombe,10.601053,4.929101,9
O94413,284812,S. pombe,6.053719,12.744148,13
O13775,284812,S. pombe,7.379445,11.764454,17
Q10435,284812,S. pombe,13.551983,10.953691,12
Q09752,284812,S. pombe,7.481558,4.3966746,0
O74415,284812,S. pombe,13.776789,9.205137,2
Q9UTD3,284812,S. pombe,8.565364,5.953823,17
O94532,284812,S. pombe,13.854511,5.4717216,5
Q9USH1,284812,S. pombe,10.154716,11.112711,6
P36606,284812,S. pombe,8.036315,5.329699,0
O94722,284812,S. pombe,9.64831,6.350555,6
P40373,284812,S. pombe,7.004175,12.360767,9
O94379,284812,S. pombe,9.2301445,9.560394,4
Q9UUK1,284812,S. pombe,10.095394,11.8768635,17
Q9UTR5,284812,S. pombe,10.279938,11.721945,14
O43041,284812,S. pombe,9.332992,12.703905,9
P33520,284812,S. pombe,11.123149,9.626668,17
O36015,284812,S. pombe,8.942362,11.965672,9
O13821,284812,S. pombe,11.762767,9.981234,6
O74359,284812,S. pombe,10.357913,10.102478,17
O14087,284812,S. pombe,8.95822,10.80289,6
O43081,284812,S. pombe,7.4749794,4.392686,0
O13709,284812,S. pombe,12.539634,8.669461,18
Q9P6J6,284812,S. pombe,6.954569,12.255733,9
Q92398,284812,S. pombe,12.812664,13.022042,14
O13854,284812,S. pombe,12.787196,7.5135593,12
O94375,284812,S. pombe,12.153533,12.179868,14
O74802,284812,S. pombe,7.7596803,12.003888,9
O14201,284812,S. pombe,8.641203,5.905898,0
P40849,284812,S. pombe,11.209363,8.423707,18
O74767,284812,S. pombe,9.988582,10.595533,17
O74797,284812,S. pombe,8.4019985,8.523612,15
O60145,284812,S. pombe,12.822021,13.064419,11
Q10201,284812,S. pombe,10.150114,9.050351,15
O94262,284812,S. pombe,12.456868,8.702752,18
O13882,284812,S. pombe,9.092126,9.913156,17
O94514,284812,S. pombe,9.967788,10.586638,6
O14188,284812,S. pombe,11.247442,4.754135,1
O59833,284812,S. pombe,7.4696493,4.3984528,0
Q9USH8,284812,S. pombe,10.368013,10.212957,6
O14369,284812,S. pombe,12.960522,9.980823,12
O74827,284812,S. pombe,8.278824,5.880503,0
Q09736,284812,S. pombe,9.190728,15.04187,13
O74770,284812,S. pombe,6.85367,11.135269,17
Q9USJ1,284812,S. pombe,7.2874,12.526242,13
O74964,284812,S. pombe,11.975987,9.711788,6
O75005,284812,S. pombe,7.511904,12.462109,9
O13756,284812,S. pombe,13.999902,8.765614,2
O59787,284812,S. pombe,10.064539,10.462545,17
O60111,284812,S. pombe,7.99037,6.438092,9
O94666,284812,S. pombe,6.464932,5.1668825,0
Q10304,284812,S. pombe,12.577599,8.76868,18
O14216,284812,S. pombe,12.50467,9.171012,18
O13845,284812,S. pombe,12.492272,10.040309,12
O13808,284812,S. pombe,8.37202,8.5779,15
Q9P7P7,284812,S. pombe,6.661336,12.660888,13
O94300,284812,S. pombe,7.961775,5.3220806,0
Q10286,284812,S. pombe,7.478919,4.4116797,0
O59755,284812,S. pombe,12.724322,8.944464,18
Q9USS7,284812,S. pombe,9.333836,12.004667,9
Q10105,284812,S. pombe,10.678097,12.163883,6
Q09701,284812,S. pombe,9.042033,6.184705,17
Q09894,284812,S. pombe,10.879583,9.843747,17
P87133,284812,S. pombe,9.469003,9.385802,18
P87054,284812,S. pombe,9.909906,10.207187,17
Q09810,284812,S. pombe,6.6938906,12.539409,13
Q9Y802,284812,S. pombe,10.113346,10.335166,17
Q9USZ5,284812,S. pombe,9.300195,12.595871,17
Q9P3U8,284812,S. pombe,12.0638275,9.107033,18
O13598,284812,S. pombe,13.088131,7.9734526,12
Q9C0X3,284812,S. pombe,12.21733,15.849544,16
Q9UTQ8,284812,S. pombe,8.61815,11.7859125,17
O74994,284812,S. pombe,9.963554,10.246295,17
O94649,284812,S. pombe,12.1337805,10.738942,6
O94398,284812,S. pombe,9.099494,10.69429,17
Q9Y7P1,284812,S. pombe,9.527239,6.057576,17
O74773,284812,S. pombe,9.158912,12.105225,9
Q9P7B2,284812,S. pombe,8.42606,8.965562,15
P41831,284812,S. pombe,7.166211,11.420061,9
Q9UT74,284812,S. pombe,7.1114154,12.221624,9
O14017,284812,S. pombe,9.067522,8.182827,15
O94395,284812,S. pombe,9.411269,11.480582,17
P24339,284812,S. pombe,11.557618,10.627004,6
O14143,284812,S. pombe,8.5575,8.401059,15
P87170,284812,S. pombe,6.6956515,5.593133,0
Q9P771,284812,S. pombe,9.37546,6.104128,4
O94479,284812,S. pombe,9.366144,5.9833317,17
O13717,284812,S. pombe,9.736115,9.578595,17
Q10359,284812,S. pombe,10.907658,4.4128942,17
O14295,284812,S. pombe,6.484886,12.925657,13
O42932,284812,S. pombe,12.968242,8.711185,18
Q10436,284812,S. pombe,6.809197,10.471568,17
O59771,284812,S. pombe,7.929817,13.803313,13
O14255,284812,S. pombe,10.808676,5.30412,9
O74525,284812,S. pombe,9.114493,7.6629057,15
O94483,284812,S. pombe,11.639487,9.352301,18
O74339,284812,S. pombe,8.450355,11.24366,17
Q9UTS5,284812,S. pombe,12.217957,8.145634,17
Q9URV3,284812,S. pombe,11.821436,8.840051,18
O14139,284812,S. pombe,13.596862,11.002086,12
O42699,284812,S. pombe,8.0368395,10.072452,6
O94535,284812,S. pombe,10.898314,9.7026205,17
Q92339,284812,S. pombe,7.4980264,4.4167094,0
O74745,284812,S. pombe,11.159746,4.3333073,14
P40235,284812,S. pombe,12.893522,12.790657,11
O74322,284812,S. pombe,9.721292,11.343914,6
Q9UUB0,284812,S. pombe,7.7962484,10.974699,9
Q10062,284812,S. pombe,6.9567037,12.269433,9
P87230,284812,S. pombe,7.6863127,12.314547,13
Q9P6J8,284812,S. pombe,6.1836486,12.761693,13
P0CT54,284812,S. pombe,7.556184,11.502295,9
O94561,284812,S. pombe,7.499872,13.916715,13
Q10240,284812,S. pombe,8.27975,8.028931,15
O74451,284812,S. pombe,8.7266245,11.882003,17
O74411,284812,S. pombe,12.842596,5.9275966,1
O74786,284812,S. pombe,11.811298,10.773507,6
Q09845,284812,S. pombe,7.1232233,12.849412,9
O94297,284812,S. pombe,6.2032895,12.715186,13
Q9Y7Z8,284812,S. pombe,8.229044,4.658353,11
O94569,284812,S. pombe,12.170033,8.107548,17
Q92360,284812,S. pombe,11.512387,9.01564,18
Q10585,284812,S. pombe,11.575536,8.498843,18
O14160,284812,S. pombe,7.87665,12.12181,9
Q9URY3,284812,S. pombe,10.846094,10.402818,7
Q9Y801,284812,S. pombe,9.746949,10.646259,17
P79060,284812,S. pombe,8.506784,13.551215,13
Q10161,284812,S. pombe,9.802873,9.2594385,15
O36022,284812,S. pombe,11.154908,4.308419,9
Q9HGP9,284812,S. pombe,8.659363,8.384842,15
Q9UTG1,284812,S. pombe,6.604931,11.801266,9
Q9UTD1,284812,S. pombe,12.78254,10.162889,14
O74896,284812,S. pombe,9.933686,11.094853,17
O94564,284812,S. pombe,6.857433,13.3962555,13
Q9US37,284812,S. pombe,7.4686337,4.4197025,0
Q8WZK4,284812,S. pombe,9.906023,12.189176,9
O74370,284812,S. pombe,10.263388,9.379753,15
Q09676,284812,S. pombe,7.5164633,11.51195,9
O74983,284812,S. pombe,9.829745,11.286031,17
Q10179,284812,S. pombe,7.622397,12.551073,9
O74855,284812,S. pombe,11.201067,7.4974275,14
O94256,284812,S. pombe,9.57979,10.5905285,17
O14049,284812,S. pombe,8.403463,8.962657,15
O74859,284812,S. pombe,9.173106,11.308349,17
O43000,284812,S. pombe,7.486898,4.428606,0
Q9P6P6,284812,S. pombe,7.970004,10.304178,9
Q09176,284812,S. pombe,9.990438,12.0187645,14
Q9C0U6,284812,S. pombe,6.7650146,11.818776,9
Q09765,284812,S. pombe,8.481338,12.105873,9
O14349,284812,S. pombe,9.253001,10.821245,17
Q9P7R6,284812,S. pombe,9.421515,8.212711,15
Q9UUM7,284812,S. pombe,10.605284,11.40754,6
Q9Y7N7,284812,S. pombe,8.3510275,11.713035,17
O13990,284812,S. pombe,10.767822,5.661841,9
O42996,284812,S. pombe,9.844705,10.091974,17
Q9UT84,284812,S. pombe,10.981589,10.71981,14
O42662,284812,S. pombe,8.743195,11.847354,9
P87317,284812,S. pombe,10.266149,9.358647,15
C6Y4C6,284812,S. pombe,11.781276,8.809505,18
O42862,284812,S. pombe,10.10846,10.275725,17
Q9UT00,284812,S. pombe,6.742171,8.301818,7
P55306,284812,S. pombe,8.693788,8.306099,15
P01129,284812,S. pombe,11.35205,9.576647,18
Q9C118,284812,S. pombe,12.362021,15.991025,16
O13688,284812,S. pombe,10.506333,9.137005,15
P49777,284812,S. pombe,10.6201515,11.613628,14
P54069,284812,S. pombe,8.415175,12.56697,11
O42901,284812,S. pombe,8.941041,7.4564257,15
P26674,284812,S. pombe,9.848749,10.194463,17
P36583,284812,S. pombe,12.037389,11.895253,14
Q9UUK4,284812,S. pombe,11.700932,9.909873,6
Q9UT44,284812,S. pombe,6.6229634,12.919917,13
Q09188,284812,S. pombe,8.135593,3.1453316,11
Q9P780,284812,S. pombe,9.977075,10.666441,17
O74474,284812,S. pombe,9.298705,7.0309024,4
Q10321,284812,S. pombe,10.178345,9.221079,15
Q9HDY0,284812,S. pombe,7.035157,19.152775,13
P78847,284812,S. pombe,12.581213,9.534254,6
Q9Y7J6,284812,S. pombe,12.533411,11.850988,14
O94714,284812,S. pombe,12.483351,9.428565,18
Q10079,284812,S. pombe,9.343395,11.532036,17
O60066,284812,S. pombe,9.513579,10.782524,17
Q09908,284812,S. pombe,12.085269,9.215111,18
P36209,284812,S. pombe,8.297141,5.87927,9
O74505,284812,S. pombe,10.714966,7.8884745,18
Q92340,284812,S. pombe,10.469935,6.580796,4
O94621,284812,S. pombe,12.612864,11.249098,17
P50520,284812,S. pombe,9.40365,12.151616,9
Q9P7Q9,284812,S. pombe,8.527597,5.8428125,0
O13819,284812,S. pombe,9.566725,12.102185,9
Q10165,284812,S. pombe,10.382019,10.299108,17
P87145,284812,S. pombe,10.164975,11.302001,17
P0CU08,284812,S. pombe,9.96991,8.863358,15
Q9Y7T7,284812,S. pombe,10.358502,11.266599,6
O14140,284812,S. pombe,11.564846,9.201826,18
P87179,284812,S. pombe,12.779219,7.5588346,12
O74393,284812,S. pombe,10.443504,11.421778,9
O42953,284812,S. pombe,10.620359,10.205219,7
O94368,284812,S. pombe,10.00311,10.380831,17
P32367,559292,S. cerevisiae,10.8212,10.028149,17
P38759,559292,S. cerevisiae,10.719076,9.465896,17
P25270,559292,S. cerevisiae,8.913982,10.866334,9
P32352,559292,S. cerevisiae,8.064596,8.968733,15
P32617,559292,S. cerevisiae,11.117135,10.494097,6
P34240,559292,S. cerevisiae,9.130805,5.8715334,4
P04821,559292,S. cerevisiae,7.2344255,13.508846,13
Q03770,559292,S. cerevisiae,8.738567,5.957778,17
P53685,559292,S. cerevisiae,9.32669,10.981262,17
P18759,559292,S. cerevisiae,8.493083,11.342482,9
P33322,559292,S. cerevisiae,10.207161,13.306748,11
P53334,559292,S. cerevisiae,11.135577,6.121825,13
Q01846,559292,S. cerevisiae,10.212711,10.514286,17
P47133,559292,S. cerevisiae,10.12842,11.345189,17
P39952,559292,S. cerevisiae,8.318568,6.628653,0
Q12247,559292,S. cerevisiae,11.764945,9.923987,6
P0CE87,559292,S. cerevisiae,10.534619,6.7968225,4
P0CX43,559292,S. cerevisiae,9.3781805,13.236493,13
Q3E790,559292,S. cerevisiae,12.348189,15.970743,16
P53228,559292,S. cerevisiae,6.8944707,12.495658,9
Q01329,559292,S. cerevisiae,10.667841,9.710445,4
P38909,559292,S. cerevisiae,8.841285,10.768141,17
Q06156,559292,S. cerevisiae,6.9102244,8.527851,7
Q08984,559292,S. cerevisiae,10.402554,9.761692,7
Q99359,559292,S. cerevisiae,10.646451,9.07833,7
P43497,559292,S. cerevisiae,12.76177,7.418752,12
Q08979,559292,S. cerevisiae,10.466614,10.411002,6
P06784,559292,S. cerevisiae,11.548752,10.128806,14
P40359,559292,S. cerevisiae,9.6820135,10.895008,17
P41895,559292,S. cerevisiae,12.323589,9.590252,18
P32855,559292,S. cerevisiae,10.176815,10.335786,17
Q12104,559292,S. cerevisiae,10.679812,10.153761,17
P32657,559292,S. cerevisiae,13.183998,8.426141,12
Q04408,559292,S. cerevisiae,10.117525,9.90301,17
Q12166,559292,S. cerevisiae,6.803455,12.907529,13
P40471,559292,S. cerevisiae,7.2310143,13.125004,13
P20435,559292,S. cerevisiae,10.899817,8.874815,18
P38226,559292,S. cerevisiae,8.328749,11.209248,9
P23369,559292,S. cerevisiae,9.979098,9.2094145,15
P53538,559292,S. cerevisiae,9.298045,11.297297,9
P27796,559292,S. cerevisiae,6.4798822,12.386828,9
P05318,559292,S. cerevisiae,12.036034,10.645888,6
P53857,559292,S. cerevisiae,11.950451,9.371911,18
P40018,559292,S. cerevisiae,11.9003105,10.061537,6
P02309,559292,S. cerevisiae,7.8796034,9.760188,6
P33328,559292,S. cerevisiae,11.4564,11.005967,11
Q08054,559292,S. cerevisiae,12.6562805,8.172051,18
P46671,559292,S. cerevisiae,10.179083,9.291202,15
Q04279,559292,S. cerevisiae,12.700246,8.753455,18
P09950,559292,S. cerevisiae,7.2148824,12.478772,13
P40484,559292,S. cerevisiae,10.803486,8.911297,15
P21538,559292,S. cerevisiae,12.399514,8.950835,18
P38249,559292,S. cerevisiae,10.893,11.329919,6
P39003,559292,S. cerevisiae,7.4639716,4.393235,0
P38957,559292,S. cerevisiae,8.632082,8.23713,15
Q03799,559292,S. cerevisiae,9.19782,9.533793,15
P07278,559292,S. cerevisiae,12.148442,12.422616,14
Q08745,559292,S. cerevisiae,8.597692,8.716534,15
Q12407,559292,S. cerevisiae,8.821905,6.070765,17
P48581,559292,S. cerevisiae,10.529412,10.1480055,17
P08521,559292,S. cerevisiae,12.335832,15.93947,16
P28006,559292,S. cerevisiae,11.755564,9.0708,18
Q03778,559292,S. cerevisiae,8.680903,8.267219,15
Q02775,559292,S. cerevisiae,11.330936,8.97271,18
Q02629,559292,S. cerevisiae,13.060302,10.496466,12
P41902,559292,S. cerevisiae,11.944828,10.449283,4
P43603,559292,S. cerevisiae,12.335684,10.517004,6
Q12486,559292,S. cerevisiae,7.0258675,12.018565,9
Q3E7A4,559292,S. cerevisiae,10.541729,9.781791,6
P38857,559292,S. cerevisiae,8.420413,6.3038473,0
P38113,559292,S. cerevisiae,6.8416414,13.405528,13
P25299,559292,S. cerevisiae,13.395261,10.914261,6
Q06188,559292,S. cerevisiae,10.869391,10.157613,6
P42223,559292,S. cerevisiae,11.297028,9.082023,18
P53389,559292,S. cerevisiae,7.4689655,4.416892,0
Q12458,559292,S. cerevisiae,6.548595,13.308363,13
P25808,559292,S. cerevisiae,10.301459,11.473792,9
P40098,559292,S. cerevisiae,8.931462,10.710296,17
P38717,559292,S. cerevisiae,5.7854166,11.830343,8
P29952,559292,S. cerevisiae,7.210146,12.221283,9
Q05955,559292,S. cerevisiae,9.982811,8.96355,15
Q03557,559292,S. cerevisiae,6.8896008,12.271305,9
P38840,559292,S. cerevisiae,8.088968,11.518995,9
Q04751,559292,S. cerevisiae,9.7630625,9.724737,17
P53040,559292,S. cerevisiae,9.9185705,10.996521,17
Q08923,559292,S. cerevisiae,12.479954,9.12949,18
P40487,559292,S. cerevisiae,7.5716457,11.221775,17
Q08422,559292,S. cerevisiae,12.297869,9.38178,18
P40582,559292,S. cerevisiae,6.401462,14.012926,9
P89886,559292,S. cerevisiae,7.4699874,11.527273,9
Q12453,559292,S. cerevisiae,10.581219,10.314302,6
P47170,559292,S. cerevisiae,10.161947,11.68388,14
P47818,559292,S. cerevisiae,8.37509,5.7864923,6
P31334,559292,S. cerevisiae,7.9688272,10.30098,9
Q12021,559292,S. cerevisiae,10.390208,9.740304,7
P20437,559292,S. cerevisiae,11.783684,8.966008,7
Q02793,559292,S. cerevisiae,10.456988,9.612076,17
P40355,559292,S. cerevisiae,10.400087,7.2932916,17
P06779,559292,S. cerevisiae,10.597839,10.337655,17
Q12525,559292,S. cerevisiae,6.891319,12.1952505,9
P53243,559292,S. cerevisiae,10.535667,9.011774,15
P43123,559292,S. cerevisiae,7.188644,12.062601,9
P53124,559292,S. cerevisiae,11.074824,9.321442,18
P30656,559292,S. cerevisiae,5.20788,16.989212,17
P0CW40,559292,S. cerevisiae,7.0268297,12.367153,9
P20676,559292,S. cerevisiae,12.826406,8.977843,12
Q12224,559292,S. cerevisiae,12.535515,8.959495,18
P40308,559292,S. cerevisiae,8.904364,10.820902,17
Q05498,559292,S. cerevisiae,10.118534,12.726201,13
P40309,559292,S. cerevisiae,8.4039755,5.7707148,0
Q03780,559292,S. cerevisiae,12.651717,8.636792,18
P38796,559292,S. cerevisiae,9.454908,11.003026,17
Q03144,559292,S. cerevisiae,6.9152246,11.940714,9
P46982,559292,S. cerevisiae,10.898903,4.5213113,17
P42837,559292,S. cerevisiae,9.707048,10.104122,17
P35845,559292,S. cerevisiae,9.5689,12.905027,9
P36122,559292,S. cerevisiae,10.157174,9.120674,15
P53541,559292,S. cerevisiae,10.157354,6.2896457,17
P40531,559292,S. cerevisiae,10.774621,11.206889,6
P10869,559292,S. cerevisiae,6.9018435,12.3279505,9
Q03691,559292,S. cerevisiae,10.170132,6.9189243,4
Q04432,559292,S. cerevisiae,7.060953,12.638505,9
P38991,559292,S. cerevisiae,12.416549,12.621675,14
Q04792,559292,S. cerevisiae,7.289583,12.111422,9
P25371,559292,S. cerevisiae,9.874556,6.4192677,17
P42950,559292,S. cerevisiae,11.706076,9.056448,18
P43637,559292,S. cerevisiae,12.503272,11.476612,14
Q12308,559292,S. cerevisiae,10.038482,9.802752,17
P0C2I3,559292,S. cerevisiae,10.0805645,10.622044,6
P09938,559292,S. cerevisiae,6.550903,12.937699,13
P41800,559292,S. cerevisiae,10.402004,10.487009,17
P00899,559292,S. cerevisiae,6.8513117,11.920143,9
P36165,559292,S. cerevisiae,10.682861,10.202113,17
P36161,559292,S. cerevisiae,9.84081,10.349178,17
P22855,559292,S. cerevisiae,7.0579443,12.210425,9
Q12263,559292,S. cerevisiae,12.038154,9.292158,18
P34224,559292,S. cerevisiae,9.276248,9.160207,4
P38174,559292,S. cerevisiae,8.828483,11.867733,9
P03069,559292,S. cerevisiae,12.896376,9.185183,18
P53277,559292,S. cerevisiae,11.508997,9.136712,18
Q02959,559292,S. cerevisiae,9.497368,10.914013,17
Q06333,559292,S. cerevisiae,10.605966,9.718241,15
P53036,559292,S. cerevisiae,10.487627,10.088942,17
P32773,559292,S. cerevisiae,12.154653,8.850584,18
Q12116,559292,S. cerevisiae,8.5783825,5.900995,17
P33296,559292,S. cerevisiae,10.334478,10.665635,6
P54867,559292,S. cerevisiae,12.750196,7.48601,12
Q12497,559292,S. cerevisiae,9.514257,9.044797,18
Q3E7B2,559292,S. cerevisiae,9.242985,9.064713,4
P54885,559292,S. cerevisiae,6.5867276,12.783414,13
Q04958,559292,S. cerevisiae,12.78599,12.660135,14
Q8TGS1,559292,S. cerevisiae,12.31859,15.929052,16
P27344,559292,S. cerevisiae,11.243078,9.901923,6
P33417,559292,S. cerevisiae,13.512875,9.992549,12
P22202,559292,S. cerevisiae,8.041019,13.6155,13
P53091,559292,S. cerevisiae,9.4833975,11.4774885,6
P12684,559292,S. cerevisiae,9.129675,6.5375133,17
Q12146,559292,S. cerevisiae,9.778573,10.666532,17
Q02821,559292,S. cerevisiae,10.03437,13.133388,11
P22214,559292,S. cerevisiae,9.413662,12.530767,9
P08019,559292,S. cerevisiae,10.718391,5.6393595,17
P38632,559292,S. cerevisiae,10.413623,10.745365,17
Q04491,559292,S. cerevisiae,11.402643,7.4572988,11
P06104,559292,S. cerevisiae,9.200835,13.039478,9
P32909,559292,S. cerevisiae,12.5452175,9.251025,18
P48743,559292,S. cerevisiae,11.552871,9.310885,7
Q12420,559292,S. cerevisiae,12.078964,9.606681,18
P38200,559292,S. cerevisiae,12.644804,8.769298,18
Q03529,559292,S. cerevisiae,8.085212,6.0734806,17
P25366,559292,S. cerevisiae,10.490036,9.513873,17
P38858,559292,S. cerevisiae,7.2189627,12.555479,9
Q08831,559292,S. cerevisiae,12.475987,9.012256,10
P40501,559292,S. cerevisiae,8.06749,5.1312776,0
Q04693,559292,S. cerevisiae,8.146198,3.2059603,0
P42834,559292,S. cerevisiae,10.429967,9.937915,6
P38931,559292,S. cerevisiae,8.312405,12.027692,9
P41911,559292,S. cerevisiae,7.524799,12.287563,9
P53691,559292,S. cerevisiae,8.53596,13.000299,9
P0C2I5,559292,S. cerevisiae,14.876765,10.8229,10
Q06169,559292,S. cerevisiae,10.36469,10.33218,17
P38291,559292,S. cerevisiae,10.0026245,10.739715,17
P26793,559292,S. cerevisiae,8.848746,12.891608,9
P38827,559292,S. cerevisiae,11.469419,9.296721,18
Q12532,559292,S. cerevisiae,10.328009,10.521802,6
P32875,559292,S. cerevisiae,8.533331,11.680375,9
Q3E743,559292,S. cerevisiae,8.846932,7.089626,17
P41816,559292,S. cerevisiae,6.7774215,12.690234,9
Q12300,559292,S. cerevisiae,7.624154,4.5147886,0
Q05021,559292,S. cerevisiae,12.169979,9.723581,18
P42940,559292,S. cerevisiae,7.284443,11.954697,9
P38754,559292,S. cerevisiae,8.033822,10.5928,13
Q03835,559292,S. cerevisiae,8.432712,13.637217,14
P39016,559292,S. cerevisiae,12.298683,9.030178,7
P23493,559292,S. cerevisiae,13.449341,9.3597145,18
Q12044,559292,S. cerevisiae,11.787555,9.092124,18
P53885,559292,S. cerevisiae,12.516126,9.043178,18
Q03630,559292,S. cerevisiae,9.325884,12.644806,17
P51862,559292,S. cerevisiae,7.645691,11.302527,9
P53604,559292,S. cerevisiae,12.551804,8.86985,18
P36169,559292,S. cerevisiae,12.58393,8.618277,18
P40021,559292,S. cerevisiae,12.590615,8.728795,18
P46676,559292,S. cerevisiae,12.391491,8.839011,18
P36090,559292,S. cerevisiae,9.577359,10.327028,17
P19262,559292,S. cerevisiae,8.006623,13.306757,13
Q04004,559292,S. cerevisiae,10.62363,11.148902,6
P25604,559292,S. cerevisiae,10.399362,10.872651,17
Q3E793,559292,S. cerevisiae,8.183558,13.109836,13
P47175,559292,S. cerevisiae,10.07821,10.785704,17
P53913,559292,S. cerevisiae,11.443953,9.049358,18
P32449,559292,S. cerevisiae,6.465404,13.0446825,13
P46995,559292,S. cerevisiae,10.646061,10.28312,6
P01098,559292,S. cerevisiae,9.520991,9.293576,6
P53923,559292,S. cerevisiae,9.690453,10.551405,17
Q12326,559292,S. cerevisiae,7.7132993,11.5117855,9
P43534,559292,S. cerevisiae,6.7484674,11.372418,9
P05755,559292,S. cerevisiae,7.728828,10.602605,6
P07275,559292,S. cerevisiae,7.0769124,12.342983,9
Q06678,559292,S. cerevisiae,9.183995,10.605911,17
P22149,559292,S. cerevisiae,12.41441,8.910973,18
P21672,559292,S. cerevisiae,6.7412734,11.418131,17
P39721,559292,S. cerevisiae,7.0686307,12.719001,9
Q12303,559292,S. cerevisiae,11.2152605,6.011461,13
Q04477,559292,S. cerevisiae,10.166303,9.228741,15
P32354,559292,S. cerevisiae,11.115765,9.968432,6
Q06315,559292,S. cerevisiae,12.131112,9.234583,18
P40156,559292,S. cerevisiae,9.991101,9.294879,6
P27810,559292,S. cerevisiae,11.031183,4.323951,9
P53330,559292,S. cerevisiae,11.255173,8.631093,18
P53854,559292,S. cerevisiae,11.867949,9.900371,6
P47031,559292,S. cerevisiae,9.845963,10.921537,17
Q12064,559292,S. cerevisiae,12.311519,15.910301,16
P36083,559292,S. cerevisiae,10.271155,8.977677,15
P31377,559292,S. cerevisiae,11.263033,10.897963,6
Q08818,559292,S. cerevisiae,10.036572,10.373621,17
Q01476,559292,S. cerevisiae,8.061069,8.863199,15
P80210,559292,S. cerevisiae,6.792379,11.317407,17
Q07980,559292,S. cerevisiae,10.900858,9.4738245,17
O13516,559292,S. cerevisiae,7.7508907,10.630352,6
P48412,559292,S. cerevisiae,11.073278,9.997135,7
P07258,559292,S. cerevisiae,9.219989,10.419394,17
P39708,559292,S. cerevisiae,7.17219,11.516225,9
P04051,559292,S. cerevisiae,9.523579,16.445652,14
P40518,559292,S. cerevisiae,8.565482,8.510759,15
Q99325,559292,S. cerevisiae,9.232444,7.334416,15
A5Z2X5,559292,S. cerevisiae,9.309766,9.043401,4
Q3E842,559292,S. cerevisiae,12.741636,7.443721,12
P25649,559292,S. cerevisiae,8.955912,8.500592,15
P36018,559292,S. cerevisiae,7.0602393,19.092308,14
Q12215,559292,S. cerevisiae,12.774201,7.5946493,12
Q06142,559292,S. cerevisiae,10.010131,13.217727,9
P25356,559292,S. cerevisiae,9.55495,10.947552,6
P04147,559292,S. cerevisiae,13.652942,11.091505,12
P53731,559292,S. cerevisiae,9.0374155,8.264611,15
P10662,559292,S. cerevisiae,9.298526,10.588931,17
Q06218,559292,S. cerevisiae,10.395264,11.37311,9
P32450,559292,S. cerevisiae,12.276773,15.916185,16
P27999,559292,S. cerevisiae,9.42926,12.014593,9
Q12390,559292,S. cerevisiae,6.2491603,13.893165,13
P38863,559292,S. cerevisiae,10.098733,10.546117,17
P41735,559292,S. cerevisiae,7.5257916,12.134421,9
P31755,559292,S. cerevisiae,10.900713,4.424298,7
P31412,559292,S. cerevisiae,9.8184185,10.189626,17
Q08208,559292,S. cerevisiae,11.918197,9.980864,6
P50107,559292,S. cerevisiae,7.0679564,12.140787,9
Q08919,559292,S. cerevisiae,10.542597,5.254307,17
P20051,559292,S. cerevisiae,6.7628584,12.365108,9
P48565,559292,S. cerevisiae,9.388386,6.9942737,15
P53137,559292,S. cerevisiae,10.419246,9.907606,15
Q06580,559292,S. cerevisiae,10.11373,10.178024,17
P13517,559292,S. cerevisiae,9.04843,8.128383,15
P0CE11,559292,S. cerevisiae,8.236715,4.625407,0
P04786,559292,S. cerevisiae,10.154839,9.633314,6
Q02908,559292,S. cerevisiae,9.640801,13.636388,11
P10174,559292,S. cerevisiae,9.232409,9.051001,4
P32913,559292,S. cerevisiae,10.762675,10.613443,6
Q03219,559292,S. cerevisiae,6.9705787,12.11912,9
P40494,559292,S. cerevisiae,12.059013,9.279865,10
P25360,559292,S. cerevisiae,8.348654,5.7488723,0
P21827,559292,S. cerevisiae,10.624295,9.797784,14
P17555,559292,S. cerevisiae,10.61797,10.476466,6
P54964,559292,S. cerevisiae,9.24558,11.46594,14
P47017,559292,S. cerevisiae,10.448021,10.513216,6
P38255,559292,S. cerevisiae,11.743677,8.932088,18
Q12477,559292,S. cerevisiae,11.60026,9.348676,14
P53982,559292,S. cerevisiae,7.0751877,10.5061865,17
Q02783,559292,S. cerevisiae,9.19957,11.985096,9
Q12092,559292,S. cerevisiae,11.225676,9.008862,18
P42939,559292,S. cerevisiae,8.766882,8.356758,15
P05453,559292,S. cerevisiae,9.774517,10.756805,6
P38555,559292,S. cerevisiae,7.0154247,19.141075,13
P25042,559292,S. cerevisiae,12.368558,8.991723,10
P39960,559292,S. cerevisiae,13.358306,5.2046795,1
P40480,559292,S. cerevisiae,11.831346,9.267231,18
P04161,559292,S. cerevisiae,6.579994,12.637041,9
P38839,559292,S. cerevisiae,9.817391,8.202125,15
Q12480,559292,S. cerevisiae,7.160471,12.487189,9
P47051,559292,S. cerevisiae,8.536441,10.903426,17
P48527,559292,S. cerevisiae,7.902607,12.129737,9
P36010,559292,S. cerevisiae,8.060087,8.948963,15
P40093,559292,S. cerevisiae,7.404513,11.999406,9
Q12496,559292,S. cerevisiae,8.130308,11.935529,9
P0CX37,559292,S. cerevisiae,8.069309,10.073455,6
P34761,559292,S. cerevisiae,12.526569,8.98425,10
P53104,559292,S. cerevisiae,11.22582,9.860368,7
P38628,559292,S. cerevisiae,7.400253,12.093348,9
P53686,559292,S. cerevisiae,9.238924,11.219804,9
P41546,559292,S. cerevisiae,14.810322,9.848372,10
Q03660,559292,S. cerevisiae,9.83666,10.28838,17
P22470,559292,S. cerevisiae,12.213737,9.128,18
Q03913,559292,S. cerevisiae,12.340353,15.962447,16
P0CH08,559292,S. cerevisiae,11.396752,13.355812,14
Q05022,559292,S. cerevisiae,8.405164,5.768738,17
P13433,559292,S. cerevisiae,9.907164,12.407836,13
Q06109,559292,S. cerevisiae,9.155933,8.222585,15
P35999,559292,S. cerevisiae,8.215408,11.914972,9
Q04183,559292,S. cerevisiae,14.076052,9.493324,10
Q12271,559292,S. cerevisiae,9.501345,10.976504,17
P33895,559292,S. cerevisiae,10.817098,11.281176,17
P38819,559292,S. cerevisiae,10.260884,5.138153,9
P40956,559292,S. cerevisiae,12.5910425,10.454532,6
P38314,559292,S. cerevisiae,11.863796,9.527484,6
P50078,559292,S. cerevisiae,12.457002,8.679671,18
P53438,559292,S. cerevisiae,12.716166,9.035136,10
P53058,559292,S. cerevisiae,10.546059,6.51658,4
P30665,559292,S. cerevisiae,9.391656,11.7399235,17
Q06696,559292,S. cerevisiae,10.598892,10.096351,17
P23797,559292,S. cerevisiae,9.36719,6.0759125,17
P53904,559292,S. cerevisiae,10.194817,10.161925,17
P09436,559292,S. cerevisiae,7.444579,12.487881,9
P42941,559292,S. cerevisiae,6.321167,12.767414,13
P25386,559292,S. cerevisiae,12.57476,9.157406,18
P40462,559292,S. cerevisiae,8.223155,11.598815,17
Q06538,559292,S. cerevisiae,8.364792,5.7132382,17
P38202,559292,S. cerevisiae,11.758085,9.918815,6
Q03162,559292,S. cerevisiae,10.3265505,9.145801,15
Q6Q595,559292,S. cerevisiae,11.470823,11.527815,6
P38727,559292,S. cerevisiae,8.599181,8.002673,15
P53179,559292,S. cerevisiae,10.919835,9.701845,17
P32340,559292,S. cerevisiae,7.3601155,12.379206,9
Q06522,559292,S. cerevisiae,8.542409,11.46995,9
P03876,559292,S. cerevisiae,8.226117,9.714985,7
P46947,559292,S. cerevisiae,11.8784485,9.908973,6
Q99176,559292,S. cerevisiae,10.134853,9.165601,15
P39722,559292,S. cerevisiae,9.536926,12.066553,9
P32861,559292,S. cerevisiae,7.2258234,11.909794,9
P38306,559292,S. cerevisiae,12.4211445,8.692656,18
Q12230,559292,S. cerevisiae,10.859347,10.91473,6
Q04487,559292,S. cerevisiae,8.25544,6.5060244,0
P53083,559292,S. cerevisiae,11.64745,9.0728855,18
Q03768,559292,S. cerevisiae,10.828541,10.381922,6
P32523,559292,S. cerevisiae,10.300753,9.883698,17
P40064,559292,S. cerevisiae,14.909766,10.216128,10
Q12296,559292,S. cerevisiae,11.851425,9.19172,14
P53724,559292,S. cerevisiae,9.376807,9.128907,15
P38344,559292,S. cerevisiae,11.654104,10.348045,6
P53111,559292,S. cerevisiae,7.1576085,13.159862,13
P40186,559292,S. cerevisiae,11.179864,10.619783,14
Q12322,559292,S. cerevisiae,9.072707,10.031031,6
P18900,559292,S. cerevisiae,8.680086,11.795394,14
P38158,559292,S. cerevisiae,6.9458885,12.343718,9
P53192,559292,S. cerevisiae,9.778304,9.637314,17
P23394,559292,S. cerevisiae,10.37541,11.346904,14
Q08491,559292,S. cerevisiae,10.585941,9.676765,7
P36116,559292,S. cerevisiae,10.852098,9.9072485,6
P32899,559292,S. cerevisiae,7.821339,10.752724,9
P53184,559292,S. cerevisiae,6.9162297,12.11198,9
P21965,559292,S. cerevisiae,12.717541,12.831835,14
Q05543,559292,S. cerevisiae,11.017568,10.097104,6
P42900,559292,S. cerevisiae,10.54053,9.56609,7
P34237,559292,S. cerevisiae,11.54649,10.12504,6
P0C2J3,559292,S. cerevisiae,10.491418,11.3073015,17
P25454,559292,S. cerevisiae,8.309496,11.579959,14
P41903,559292,S. cerevisiae,9.179698,11.028219,17
P06634,559292,S. cerevisiae,13.052229,11.011317,14
P36146,559292,S. cerevisiae,10.516671,10.25594,17
P06704,559292,S. cerevisiae,0.5144831,11.410965,14
P03879,559292,S. cerevisiae,8.242496,9.742401,7
P33306,559292,S. cerevisiae,12.634747,8.670356,18
P25582,559292,S. cerevisiae,11.716343,10.263029,6
P27692,559292,S. cerevisiae,12.255838,10.510429,6
Q06244,559292,S. cerevisiae,9.350089,10.61722,17
P46971,559292,S. cerevisiae,8.607418,5.7790413,9
P38123,559292,S. cerevisiae,11.200574,7.581825,14
Q3E784,559292,S. cerevisiae,11.834204,9.925612,6
P0C0V8,559292,S. cerevisiae,8.232216,8.73668,15
P38832,559292,S. cerevisiae,12.726148,7.4943213,18
P48362,559292,S. cerevisiae,10.038445,11.928674,17
P38878,559292,S. cerevisiae,10.357747,9.80662,6
P31109,559292,S. cerevisiae,11.461441,11.061663,11
Q05809,559292,S. cerevisiae,10.599858,9.70282,6
P17255,559292,S. cerevisiae,7.082329,10.499793,17
P50109,559292,S. cerevisiae,12.444747,9.341042,18
P28743,559292,S. cerevisiae,11.240361,9.817421,6
P32496,559292,S. cerevisiae,9.996496,12.338363,9
P08566,559292,S. cerevisiae,8.448591,5.9447827,17
P25586,559292,S. cerevisiae,10.145239,9.781406,17
P07270,559292,S. cerevisiae,12.823833,9.055633,18
P06115,559292,S. cerevisiae,8.665968,8.314548,15
Q12251,559292,S. cerevisiae,8.143496,3.194319,11
P32349,559292,S. cerevisiae,10.205603,10.618838,17
P08466,559292,S. cerevisiae,9.36657,11.604359,9
P01149,559292,S. cerevisiae,13.189073,7.4427876,12
P32368,559292,S. cerevisiae,9.509829,10.230144,17
Q03860,559292,S. cerevisiae,9.01417,6.4281516,4
P53973,559292,S. cerevisiae,8.57023,12.007913,9
P50874,559292,S. cerevisiae,9.188018,11.197814,17
P50276,559292,S. cerevisiae,7.5946903,4.8830695,0
P53622,559292,S. cerevisiae,14.270645,8.376995,2
P38682,559292,S. cerevisiae,12.183514,9.55594,18
P47140,559292,S. cerevisiae,10.974777,10.793789,14
P43585,559292,S. cerevisiae,10.004875,10.603794,17
Q06505,559292,S. cerevisiae,11.945862,9.941487,6
Q08176,559292,S. cerevisiae,9.918007,8.274785,16
Q03071,559292,S. cerevisiae,3.9547384,8.393046,14
P32645,559292,S. cerevisiae,11.612084,8.783647,18
P43551,559292,S. cerevisiae,12.205429,8.075973,17
P25566,559292,S. cerevisiae,9.224443,11.430511,17
P0CH09,559292,S. cerevisiae,11.408609,13.357826,14
P32461,559292,S. cerevisiae,9.497654,10.852487,17
P12962,559292,S. cerevisiae,12.495658,9.391861,18
Q08773,559292,S. cerevisiae,10.575093,10.444164,6
P50104,559292,S. cerevisiae,12.036888,8.271386,18
Q05497,559292,S. cerevisiae,8.2815,5.1267858,0
P32849,559292,S. cerevisiae,10.331456,9.082749,15
P53121,559292,S. cerevisiae,8.876429,5.972529,17
P53187,559292,S. cerevisiae,10.8642235,11.276094,6
P53727,559292,S. cerevisiae,7.947973,12.062964,9
P39712,559292,S. cerevisiae,8.683632,8.288004,15
P47049,559292,S. cerevisiae,10.779995,9.917488,17
P25565,559292,S. cerevisiae,9.060061,6.2777057,17
Q08634,559292,S. cerevisiae,9.197109,10.625558,17
P12683,559292,S. cerevisiae,9.029434,6.457145,17
P53217,559292,S. cerevisiae,8.932807,7.6231117,15
Q03758,559292,S. cerevisiae,11.473852,9.25935,7
P39702,559292,S. cerevisiae,5.606201,11.634105,3
P32618,559292,S. cerevisiae,12.145752,8.995799,18
P40099,559292,S. cerevisiae,7.7984476,12.147277,9
P38244,559292,S. cerevisiae,9.40896,6.016398,17
P0CF33,559292,S. cerevisiae,12.09044,10.008632,17
P35176,559292,S. cerevisiae,8.29586,12.8193245,9
P21268,559292,S. cerevisiae,10.815371,9.280224,15
P38960,559292,S. cerevisiae,10.374604,9.266175,15
P53102,559292,S. cerevisiae,10.860421,11.280987,6
Q04773,559292,S. cerevisiae,12.102712,10.663111,6
P38876,559292,S. cerevisiae,6.33882,12.080205,9
P38742,559292,S. cerevisiae,11.643747,9.046722,18
P33327,559292,S. cerevisiae,9.134084,10.525673,17
P54791,559292,S. cerevisiae,9.44779,10.998308,17
P53599,559292,S. cerevisiae,6.6446633,11.701768,9
Q04430,559292,S. cerevisiae,8.528629,12.201851,13
P32784,559292,S. cerevisiae,8.362238,5.981261,9
P49955,559292,S. cerevisiae,10.1287565,11.368581,17
P41896,559292,S. cerevisiae,11.170788,10.282617,6
Q99278,559292,S. cerevisiae,10.2216625,9.29067,15
P53276,559292,S. cerevisiae,10.37539,9.783522,17
P39547,559292,S. cerevisiae,8.688196,8.069039,15
Q04371,559292,S. cerevisiae,7.569361,12.060332,9
P53221,559292,S. cerevisiae,7.830136,10.7351265,13
Q08032,559292,S. cerevisiae,9.872435,10.582985,17
P53338,559292,S. cerevisiae,12.2288475,8.0480795,17
Q2V2P2,559292,S. cerevisiae,9.362422,9.093496,4
Q04195,559292,S. cerevisiae,12.302017,9.431048,18
P32288,559292,S. cerevisiae,6.7699485,11.271353,17
Q12235,559292,S. cerevisiae,7.4723616,4.419418,0
P03877,559292,S. cerevisiae,8.310846,9.671498,7
P25569,559292,S. cerevisiae,10.377737,9.787423,17
Q12218,559292,S. cerevisiae,12.750638,7.4476504,12
P47088,559292,S. cerevisiae,8.5085745,5.77389,0
P38913,559292,S. cerevisiae,9.077435,11.207493,17
P38280,559292,S. cerevisiae,11.480994,8.988226,18
P53971,559292,S. cerevisiae,10.844015,10.106744,6
P38701,559292,S. cerevisiae,8.603273,8.843706,15
Q06011,559292,S. cerevisiae,9.39312,9.059934,18
P61829,559292,S. cerevisiae,7.3484807,5.534064,0
P35191,559292,S. cerevisiae,8.98608,13.439201,6
P38346,559292,S. cerevisiae,11.551891,8.95666,18
P47179,559292,S. cerevisiae,5.580046,11.707468,3
P53262,559292,S. cerevisiae,10.306588,9.94132,4
Q06839,559292,S. cerevisiae,10.405963,9.937398,17
P07866,559292,S. cerevisiae,11.187756,7.595339,14
Q12196,559292,S. cerevisiae,10.521361,10.615633,6
P38073,559292,S. cerevisiae,11.875856,8.390829,18
Q06058,559292,S. cerevisiae,9.364982,6.463223,17
P47153,559292,S. cerevisiae,8.288991,5.902399,0
P22516,559292,S. cerevisiae,10.001034,11.594294,9
P07248,559292,S. cerevisiae,5.7651653,9.072907,15
P38439,559292,S. cerevisiae,12.185254,9.731496,6
P53861,559292,S. cerevisiae,11.386039,9.485263,18
Q04053,559292,S. cerevisiae,10.985744,9.545034,7
P05745,559292,S. cerevisiae,8.483838,9.13988,15
P32832,559292,S. cerevisiae,11.590787,9.45584,18
P28789,559292,S. cerevisiae,6.857633,12.718426,13
P32874,559292,S. cerevisiae,12.548612,5.179477,1
P53437,559292,S. cerevisiae,10.40708,9.012936,15
P23643,559292,S. cerevisiae,10.096183,10.049035,17
P38954,559292,S. cerevisiae,9.336229,6.949239,17
Q06679,559292,S. cerevisiae,10.447031,9.719467,17
P81451,559292,S. cerevisiae,9.353749,9.079683,4
P39113,559292,S. cerevisiae,11.167431,7.6429243,14
P41695,559292,S. cerevisiae,11.26414,9.702695,6
